0.61237,0.35355,0.35355,0.61237,1,-2.57,1
0.61356,0.3522,0.35307,0.61224,1.066,-2.5701,1.0066
0.61475,0.35084,0.35258,0.61211,1.1319,-2.5703,1.0132
0.61593,0.34949,0.3521,0.61197,1.1977,-2.5706,1.0198
0.61712,0.34813,0.35161,0.61184,1.2634,-2.5711,1.0264
0.6183,0.34677,0.35112,0.6117,1.3288,-2.5718,1.0329
0.61947,0.34541,0.35063,0.61156,1.3939,-2.5726,1.0395
0.62065,0.34404,0.35014,0.61141,1.4586,-2.5735,1.046
0.62182,0.34268,0.34965,0.61127,1.5229,-2.5746,1.0526
0.623,0.34132,0.34916,0.61112,1.5868,-2.5758,1.0591
0.62417,0.33995,0.34866,0.61097,1.6501,-2.5771,1.0656
0.62533,0.33858,0.34817,0.61082,1.7129,-2.5786,1.072
0.6265,0.33722,0.34767,0.61067,1.775,-2.5803,1.0784
0.62766,0.33585,0.34717,0.61051,1.8364,-2.5821,1.0848
0.62882,0.33448,0.34667,0.61035,1.8971,-2.584,1.0912
0.62998,0.3331,0.34617,0.61019,1.9569,-2.5861,1.0975
0.63114,0.33173,0.34567,0.61003,2.0159,-2.5883,1.1038
0.63229,0.33036,0.34517,0.60986,2.074,-2.5906,1.1101
0.63344,0.32898,0.34466,0.6097,2.1311,-2.5931,1.1163
0.63459,0.32761,0.34416,0.60953,2.1872,-2.5957,1.1224
0.63574,0.32623,0.34365,0.60936,2.2422,-2.5985,1.1285
0.63688,0.32485,0.34314,0.60918,2.2961,-2.6014,1.1346
0.63803,0.32347,0.34263,0.60901,2.3489,-2.6045,1.1406
0.63917,0.32209,0.34212,0.60883,2.4004,-2.6077,1.1465
0.64031,0.32071,0.34161,0.60865,2.4506,-2.611,1.1524
0.64144,0.31933,0.3411,0.60847,2.4996,-2.6145,1.1582
0.64258,0.31794,0.34058,0.60828,2.5472,-2.6181,1.164
0.64371,0.31656,0.34007,0.6081,2.5934,-2.6218,1.1697
0.64484,0.31517,0.33955,0.60791,2.6382,-2.6257,1.1753
0.64597,0.31378,0.33903,0.60772,2.6815,-2.6297,1.1808
0.64709,0.31239,0.33852,0.60753,2.7233,-2.6339,1.1863
0.64821,0.311,0.338,0.60733,2.7636,-2.6382,1.1917
0.64933,0.30961,0.33747,0.60714,2.8022,-2.6426,1.1971
0.65045,0.30822,0.33695,0.60694,2.8393,-2.6472,1.2023
0.65157,0.30683,0.33643,0.60674,2.8746,-2.6519,1.2075
0.65268,0.30543,0.3359,0.60653,2.9083,-2.6567,1.2126
0.65379,0.30404,0.33538,0.60633,2.9403,-2.6617,1.2176
0.6549,0.30264,0.33485,0.60612,2.9705,-2.6668,1.2225
0.65601,0.30125,0.33432,0.60591,2.999,-2.672,1.2273
0.65711,0.29985,0.33379,0.6057,3.0257,-2.6774,1.2321
0.65822,0.29845,0.33326,0.60549,3.0505,-2.6829,1.2367
0.65932,0.29705,0.33273,0.60527,3.0735,-2.6885,1.2413
0.66041,0.29565,0.3322,0.60505,3.0946,-2.6943,1.2457
0.66151,0.29424,0.33166,0.60483,3.1138,-2.7002,1.2501
0.6626,0.29284,0.33113,0.60461,3.1312,-2.7062,1.2543
0.66369,0.29144,0.33059,0.60439,3.1466,-2.7124,1.2585
0.66478,0.29003,0.33006,0.60416,3.1601,-2.7186,1.2625
0.66587,0.28862,0.32952,0.60393,3.1716,-2.7251,1.2665
0.66695,0.28722,0.32898,0.6037,3.1812,-2.7316,1.2703
0.66803,0.28581,0.32844,0.60347,3.1888,-2.7383,1.2741
0.66911,0.2844,0.32789,0.60323,3.1945,-2.7451,1.2777
0.67019,0.28299,0.32735,0.603,3.1982,-2.752,1.2812
0.67126,0.28158,0.32681,0.60276,3.1999,-2.759,1.2846
0.67234,0.28016,0.32626,0.60252,3.1996,-2.7662,1.2879
0.6734,0.27875,0.32572,0.60227,3.1973,-2.7735,1.291
0.67447,0.27734,0.32517,0.60203,3.1931,-2.7809,1.2941
0.67554,0.27592,0.32462,0.60178,3.1869,-2.7884,1.297
0.6766,0.2745,0.32407,0.60153,3.1787,-2.7961,1.2998
0.67766,0.27309,0.32352,0.60128,3.1686,-2.8039,1.3025
0.67872,0.27167,0.32296,0.60103,3.1565,-2.8118,1.3051
0.67977,0.27025,0.32241,0.60077,3.1425,-2.8198,1.3076
0.68083,0.26883,0.32186,0.60051,3.1265,-2.8279,1.3099
0.68188,0.26741,0.3213,0.60025,3.1086,-2.8362,1.3121
0.68292,0.26599,0.32074,0.59999,3.0889,-2.8445,1.3142
0.68397,0.26456,0.32019,0.59973,3.0672,-2.853,1.3161
0.68501,0.26314,0.31963,0.59946,3.0437,-2.8616,1.318
0.68606,0.26171,0.31907,0.59919,3.0184,-2.8703,1.3197
0.68709,0.26029,0.31851,0.59892,2.9912,-2.8791,1.3212
0.68813,0.25886,0.31794,0.59865,2.9622,-2.8881,1.3227
0.68916,0.25743,0.31738,0.59837,2.9315,-2.8971,1.324
0.6902,0.25601,0.31682,0.5981,2.8991,-2.9063,1.3252
0.69122,0.25458,0.31625,0.59782,2.8649,-2.9155,1.3263
0.69225,0.25315,0.31568,0.59754,2.829,-2.9249,1.3272
0.69328,0.25172,0.31511,0.59725,2.7915,-2.9344,1.328
0.6943,0.25028,0.31455,0.59697,2.7524,-2.944,1.3286
0.69532,0.24885,0.31398,0.59668,2.7118,-2.9537,1.3292
0.69633,0.24742,0.3134,0.59639,2.6695,-2.9635,1.3296
0.69735,0.24598,0.31283,0.5961,2.6258,-2.9734,1.3298
0.69836,0.24455,0.31226,0.59581,2.5806,-2.9834,1.33
0.69937,0.24311,0.31168,0.59551,2.534,-2.9935,1.33
0.70038,0.24167,0.31111,0.59521,2.486,-3.0037,1.3299
0.70138,0.24023,0.31053,0.59491,2.4367,-3.014,1.3296
0.70238,0.2388,0.30995,0.59461,2.3861,-3.0244,1.3292
0.70338,0.23736,0.30937,0.59431,2.3342,-3.0349,1.3287
0.70438,0.23592,0.30879,0.594,2.2811,-3.0455,1.328
0.70538,0.23447,0.30821,0.59369,2.2269,-3.0562,1.3272
0.70637,0.23303,0.30763,0.59338,2.1716,-3.067,1.3263
0.70736,0.23159,0.30705,0.59307,2.1152,-3.0779,1.3253
0.70835,0.23014,0.30646,0.59276,2.0578,-3.0889,1.3241
0.70933,0.2287,0.30588,0.59244,1.9995,-3.0999,1.3228
0.71031,0.22725,0.30529,0.59212,1.9402,-3.1111,1.3214
0.71129,0.22581,0.3047,0.5918,1.8802,-3.1223,1.3198
0.71227,0.22436,0.30412,0.59148,1.8193,-3.1337,1.3181
0.71325,0.22291,0.30353,0.59115,1.7577,-3.1451,1.3163
0.71422,0.22147,0.30294,0.59083,1.6954,-3.1566,1.3144
0.71519,0.22002,0.30234,0.5905,1.6325,-3.1682,1.3123
0.71616,0.21857,0.30175,0.59017,1.569,-3.1799,1.3101
0.71712,0.21711,0.30116,0.58983,1.505,-3.1916,1.3078
0.71808,0.21566,0.30056,0.5895,1.4405,-3.2035,1.3053
0.71904,0.21421,0.29997,0.58916,1.3757,-3.2154,1.3028
0.72,0.21276,0.29937,0.58882,1.3105,-3.2274,1.3001
0.72096,0.2113,0.29877,0.58848,1.245,-3.2394,1.2973
0.72191,0.20985,0.29817,0.58814,1.1793,-3.2516,1.2943
0.72286,0.20839,0.29757,0.58779,1.1135,-3.2638,1.2913
0.72381,0.20694,0.29697,0.58744,1.0475,-3.2761,1.2881
0.72475,0.20548,0.29637,0.58709,0.9815,-3.2885,1.2849
0.72569,0.20402,0.29577,0.58674,0.91552,-3.3009,1.2815
0.72663,0.20256,0.29516,0.58639,0.84962,-3.3134,1.278
0.72757,0.20111,0.29456,0.58603,0.78385,-3.326,1.2744
0.7285,0.19965,0.29395,0.58568,0.71828,-3.3386,1.2706
0.72944,0.19819,0.29334,0.58532,0.65296,-3.3514,1.2668
0.73037,0.19672,0.29273,0.58495,0.58795,-3.3641,1.2629
0.73129,0.19526,0.29212,0.58459,0.52331,-3.377,1.2588
0.73222,0.1938,0.29151,0.58422,0.45911,-3.3899,1.2547
0.73314,0.19234,0.2909,0.58386,0.39539,-3.4028,1.2504
0.73406,0.19087,0.29029,0.58349,0.33221,-3.4159,1.2461
0.73498,0.18941,0.28968,0.58311,0.26963,-3.4289,1.2416
0.73589,0.18794,0.28906,0.58274,0.20771,-3.4421,1.2371
0.7368,0.18648,0.28845,0.58236,0.14651,-3.4553,1.2325
0.73771,0.18501,0.28783,0.58199,0.08607,-3.4685,1.2277
0.73862,0.18354,0.28721,0.58161,0.026455,-3.4818,1.2229
0.73952,0.18208,0.28659,0.58122,-0.032284,-3.4952,1.218
0.74042,0.18061,0.28597,0.58084,-0.090094,-3.5086,1.213
0.74132,0.17914,0.28535,0.58045,-0.14692,-3.522,1.2079
0.74222,0.17767,0.28473,0.58007,-0.20272,-3.5355,1.2027
0.74311,0.1762,0.28411,0.57967,-0.25743,-3.5491,1.1975
0.744,0.17473,0.28348,0.57928,-0.31102,-3.5627,1.1922
0.74489,0.17326,0.28286,0.57889,-0.36342,-3.5763,1.1868
0.74578,0.17178,0.28223,0.57849,-0.4146,-3.59,1.1813
0.74666,0.17031,0.28161,0.57809,-0.4645,-3.6037,1.1757
0.74754,0.16884,0.28098,0.57769,-0.51309,-3.6175,1.1701
0.74842,0.16736,0.28035,0.57729,-0.56031,-3.6313,1.1644
0.74929,0.16589,0.27972,0.57689,-0.60613,-3.6451,1.1587
0.75016,0.16442,0.27909,0.57648,-0.6505,-3.659,1.1529
0.75103,0.16294,0.27846,0.57607,-0.69339,-3.6729,1.147
0.7519,0.16146,0.27783,0.57566,-0.73476,-3.6868,1.141
0.75277,0.15999,0.27719,0.57525,-0.77456,-3.7008,1.135
0.75363,0.15851,0.27656,0.57483,-0.81277,-3.7148,1.129
0.75449,0.15703,0.27592,0.57442,-0.84934,-3.7288,1.1229
0.75535,0.15555,0.27529,0.574,-0.88425,-3.7429,1.1167
0.7562,0.15407,0.27465,0.57358,-0.91747,-3.7569,1.1105
0.75705,0.15259,0.27401,0.57315,-0.94896,-3.7711,1.1043
0.7579,0.15111,0.27337,0.57273,-0.97869,-3.7852,1.098
0.75875,0.14963,0.27273,0.5723,-1.0066,-3.7993,1.0917
0.75959,0.14815,0.27209,0.57187,-1.0328,-3.8135,1.0853
0.76043,0.14667,0.27145,0.57144,-1.0571,-3.8277,1.079
0.76127,0.14519,0.27081,0.57101,-1.0796,-3.8419,1.0725
0.7621,0.14371,0.27016,0.57058,-1.1002,-3.8561,1.0661
0.76294,0.14222,0.26952,0.57014,-1.1189,-3.8703,1.0596
0.76377,0.14074,0.26887,0.5697,-1.1357,-3.8846,1.0531
0.76459,0.13926,0.26823,0.56926,-1.1506,-3.8988,1.0466
0.76542,0.13777,0.26758,0.56882,-1.1635,-3.9131,1.04
0.76624,0.13629,0.26693,0.56837,-1.1745,-3.9274,1.0335
0.76706,0.1348,0.26628,0.56793,-1.1835,-3.9417,1.0269
0.76788,0.13331,0.26563,0.56748,-1.1906,-3.956,1.0203
0.76869,0.13183,0.26498,0.56703,-1.1957,-3.9703,1.0137
0.7695,0.13034,0.26433,0.56657,-1.1988,-3.9846,1.0071
0.77031,0.12885,0.26367,0.56612,-1.2,-3.9989,1.0005
0.77112,0.12737,0.26302,0.56566,-1.1992,-4.0132,0.99393
0.77192,0.12588,0.26236,0.56521,-1.1964,-4.0275,0.98733
0.77272,0.12439,0.26171,0.56474,-1.1916,-4.0418,0.98074
0.77352,0.1229,0.26105,0.56428,-1.1848,-4.056,0.97415
0.77432,0.12141,0.26039,0.56382,-1.1761,-4.0703,0.96758
0.77511,0.11992,0.25973,0.56335,-1.1654,-4.0846,0.96102
0.7759,0.11843,0.25907,0.56288,-1.1528,-4.0989,0.95447
0.77669,0.11694,0.25841,0.56241,-1.1382,-4.1131,0.94794
0.77747,0.11545,0.25775,0.56194,-1.1217,-4.1274,0.94144
0.77825,0.11396,0.25709,0.56147,-1.1033,-4.1416,0.93495
0.77903,0.11246,0.25643,0.56099,-1.083,-4.1559,0.9285
0.77981,0.11097,0.25576,0.56051,-1.0608,-4.1701,0.92207
0.78058,0.10948,0.2551,0.56003,-1.0368,-4.1842,0.91567
0.78135,0.10798,0.25443,0.55955,-1.0109,-4.1984,0.90931
0.78212,0.10649,0.25376,0.55907,-0.98326,-4.2126,0.90298
0.78288,0.105,0.2531,0.55858,-0.95381,-4.2267,0.89669
0.78365,0.1035,0.25243,0.55809,-0.9226,-4.2408,0.89044
0.78441,0.10201,0.25176,0.5576,-0.88966,-4.2549,0.88424
0.78516,0.10051,0.25109,0.55711,-0.85501,-4.2689,0.87808
0.78592,0.099017,0.25042,0.55662,-0.8187,-4.283,0.87198
0.78667,0.097521,0.24974,0.55612,-0.78075,-4.297,0.86592
0.78742,0.096025,0.24907,0.55562,-0.7412,-4.311,0.85992
0.78816,0.094529,0.2484,0.55512,-0.70008,-4.3249,0.85397
0.78891,0.093032,0.24772,0.55462,-0.65743,-4.3388,0.84808
0.78965,0.091535,0.24705,0.55412,-0.61329,-4.3527,0.84225
0.79039,0.090037,0.24637,0.55361,-0.5677,-4.3665,0.83649
0.79112,0.088539,0.24569,0.5531,-0.5207,-4.3803,0.83079
0.79185,0.087041,0.24501,0.55259,-0.47233,-4.3941,0.82515
0.79258,0.085543,0.24433,0.55208,-0.42263,-4.4078,0.81959
0.79331,0.084044,0.24365,0.55157,-0.37165,-4.4215,0.8141
0.79403,0.082545,0.24297,0.55105,-0.31944,-4.4351,0.80869
0.79475,0.081046,0.24229,0.55054,-0.26605,-4.4487,0.80335
0.79547,0.079546,0.24161,0.55002,-0.21151,-4.4623,0.79809
0.79619,0.078047,0.24093,0.5495,-0.15588,-4.4758,0.79291
0.7969,0.076547,0.24024,0.54897,-0.099212,-4.4893,0.78781
0.79761,0.075046,0.23956,0.54845,-0.041555,-4.5027,0.7828
0.79832,0.073546,0.23887,0.54792,0.01704,-4.516,0.77787
0.79902,0.072045,0.23818,0.54739,0.076519,-4.5294,0.77304
0.79972,0.070543,0.2375,0.54686,0.13683,-4.5426,0.76829
0.80042,0.069042,0.23681,0.54633,0.19792,-4.5558,0.76364
0.80112,0.06754,0.23612,0.5458,0.25973,-4.569,0.75908
0.80181,0.066039,0.23543,0.54526,0.3222,-4.5821,0.75462
0.8025,0.064536,0.23474,0.54472,0.38529,-4.5951,0.75026
0.80319,0.063034,0.23405,0.54418,0.44892,-4.6081,0.74599
0.80388,0.061532,0.23335,0.54364,0.51306,-4.621,0.74183
0.80456,0.060029,0.23266,0.5431,0.57763,-4.6338,0.73777
0.80524,0.058526,0.23197,0.54255,0.64258,-4.6466,0.73382
0.80591,0.057023,0.23127,0.542,0.70786,-4.6593,0.72997
0.80659,0.055519,0.23058,0.54145,0.77339,-4.672,0.72623
0.80726,0.054016,0.22988,0.5409,0.83914,-4.6846,0.7226
0.80793,0.052512,0.22918,0.54035,0.90502,-4.6971,0.71908
0.80859,0.051008,0.22848,0.53979,0.97099,-4.7096,0.71567
0.80925,0.049504,0.22778,0.53924,1.037,-4.7219,0.71238
0.80991,0.048,0.22708,0.53868,1.103,-4.7342,0.7092
0.81057,0.046495,0.22638,0.53812,1.1688,-4.7465,0.70614
0.81122,0.04499,0.22568,0.53755,1.2345,-4.7586,0.7032
0.81187,0.043486,0.22498,0.53699,1.3001,-4.7707,0.70037
0.81252,0.041981,0.22428,0.53642,1.3653,-4.7827,0.69767
0.81317,0.040476,0.22357,0.53585,1.4302,-4.7946,0.69508
0.81381,0.03897,0.22287,0.53528,1.4947,-4.8065,0.69262
0.81445,0.037465,0.22216,0.53471,1.5588,-4.8183,0.69028
0.81508,0.03596,0.22146,0.53414,1.6224,-4.83,0.68806
0.81572,0.034454,0.22075,0.53356,1.6854,-4.8416,0.68597
0.81635,0.032948,0.22004,0.53298,1.7478,-4.8531,0.68401
0.81698,0.031442,0.21933,0.5324,1.8095,-4.8645,0.68217
0.8176,0.029936,0.21863,0.53182,1.8705,-4.8759,0.68045
0.81822,0.02843,0.21792,0.53124,1.9307,-4.8871,0.67887
0.81884,0.026924,0.2172,0.53065,1.9901,-4.8983,0.67742
0.81946,0.025418,0.21649,0.53006,2.0486,-4.9094,0.67609
0.82007,0.023912,0.21578,0.52948,2.1061,-4.9204,0.67489
0.82069,0.022405,0.21507,0.52888,2.1627,-4.9313,0.67382
0.82129,0.020899,0.21435,0.52829,2.2182,-4.9421,0.67289
0.8219,0.019392,0.21364,0.5277,2.2726,-4.9528,0.67208
0.8225,0.017885,0.21292,0.5271,2.3258,-4.9634,0.67141
0.8231,0.016379,0.21221,0.5265,2.3779,-4.9739,0.67086
0.8237,0.014872,0.21149,0.5259,2.4287,-4.9843,0.67045
0.82429,0.013365,0.21077,0.5253,2.4783,-4.9947,0.67017
0.82488,0.011858,0.21006,0.5247,2.5265,-5.0049,0.67003
0.82547,0.010351,0.20934,0.52409,2.5733,-5.015,0.67001
0.82605,0.0088442,0.20862,0.52348,2.6187,-5.025,0.67013
0.82664,0.0073373,0.2079,0.52287,2.6627,-5.0349,0.67037
0.82722,0.0058303,0.20718,0.52226,2.7051,-5.0448,0.67075
0.82779,0.0043232,0.20645,0.52165,2.7461,-5.0545,0.67127
0.82837,0.0028162,0.20573,0.52104,2.7854,-5.0641,0.67191
0.82894,0.0013091,0.20501,0.52042,2.8232,-5.0736,0.67268
0.8295,-0.00019794,0.20428,0.5198,2.8593,-5.083,0.67359
0.83007,-0.001705,0.20356,0.51918,2.8937,-5.0923,0.67462
0.83063,-0.0032121,0.20283,0.51856,2.9265,-5.1014,0.67579
0.83119,-0.0047191,0.20211,0.51793,2.9575,-5.1105,0.67709
0.83174,-0.0062261,0.20138,0.51731,2.9867,-5.1194,0.67851
0.8323,-0.0077331,0.20065,0.51668,3.0142,-5.1283,0.68006
0.83285,-0.0092401,0.19993,0.51605,3.0398,-5.137,0.68175
0.83339,-0.010747,0.1992,0.51542,3.0636,-5.1456,0.68355
0.83394,-0.012254,0.19847,0.51479,3.0855,-5.1541,0.68549
0.83448,-0.013761,0.19774,0.51415,3.1056,-5.1625,0.68755
0.83502,-0.015268,0.19701,0.51352,3.1238,-5.1708,0.68974
0.83555,-0.016774,0.19627,0.51288,3.1401,-5.1789,0.69205
0.83609,-0.018281,0.19554,0.51224,3.1544,-5.187,0.69448
0.83662,-0.019788,0.19481,0.5116,3.1668,-5.1949,0.69704
0.83714,-0.021294,0.19407,0.51095,3.1772,-5.2027,0.69971
0.83767,-0.022801,0.19334,0.51031,3.1857,-5.2104,0.70251
0.83819,-0.024307,0.19261,0.50966,3.1922,-5.2179,0.70543
0.83871,-0.025814,0.19187,0.50901,3.1968,-5.2254,0.70846
0.83922,-0.02732,0.19113,0.50836,3.1994,-5.2327,0.71161
0.83973,-0.028826,0.1904,0.50771,3.2,-5.2398,0.71488
0.84024,-0.030332,0.18966,0.50705,3.1986,-5.2469,0.71826
0.84075,-0.031838,0.18892,0.5064,3.1952,-5.2538,0.72175
0.84125,-0.033344,0.18818,0.50574,3.1899,-5.2607,0.72535
0.84175,-0.034849,0.18744,0.50508,3.1826,-5.2673,0.72907
0.84225,-0.036355,0.1867,0.50442,3.1733,-5.2739,0.73289
0.84274,-0.037861,0.18596,0.50375,3.162,-5.2803,0.73682
0.84324,-0.039366,0.18522,0.50309,3.1489,-5.2866,0.74085
0.84372,-0.040871,0.18447,0.50242,3.1338,-5.2928,0.74499
0.84421,-0.042376,0.18373,0.50175,3.1167,-5.2989,0.74923
0.84469,-0.043881,0.18299,0.50108,3.0978,-5.3048,0.75357
0.84517,-0.045386,0.18224,0.50041,3.077,-5.3106,0.75801
0.84565,-0.04689,0.1815,0.49974,3.0543,-5.3162,0.76254
0.84612,-0.048395,0.18075,0.49906,3.0297,-5.3218,0.76717
0.84659,-0.049899,0.18001,0.49839,3.0034,-5.3271,0.7719
0.84706,-0.051403,0.17926,0.49771,2.9752,-5.3324,0.77671
0.84753,-0.052907,0.17851,0.49703,2.9452,-5.3375,0.78161
0.84799,-0.054411,0.17776,0.49634,2.9135,-5.3425,0.78661
0.84845,-0.055914,0.17702,0.49566,2.8801,-5.3474,0.79168
0.8489,-0.057418,0.17627,0.49497,2.845,-5.3521,0.79684
0.84936,-0.058921,0.17552,0.49428,2.8082,-5.3567,0.80208
0.84981,-0.060424,0.17477,0.4936,2.7698,-5.3611,0.8074
0.85025,-0.061926,0.17401,0.4929,2.7298,-5.3655,0.8128
0.8507,-0.063429,0.17326,0.49221,2.6883,-5.3696,0.81827
0.85114,-0.064931,0.17251,0.49152,2.6452,-5.3737,0.82382
0.85158,-0.066433,0.17176,0.49082,2.6007,-5.3776,0.82943
0.85201,-0.067935,0.171,0.49012,2.5547,-5.3814,0.83512
0.85244,-0.069436,0.17025,0.48942,2.5073,-5.385,0.84087
0.85287,-0.070938,0.16949,0.48872,2.4585,-5.3885,0.84668
0.8533,-0.072439,0.16874,0.48802,2.4085,-5.3918,0.85256
0.85372,-0.07394,0.16798,0.48731,2.3571,-5.395,0.85849
0.85414,-0.07544,0.16723,0.48661,2.3046,-5.3981,0.86448
0.85456,-0.076941,0.16647,0.4859,2.2509,-5.401,0.87052
0.85497,-0.078441,0.16571,0.48519,2.196,-5.4038,0.87662
0.85538,-0.07994,0.16495,0.48448,2.1401,-5.4065,0.88277
0.85579,-0.08144,0.16419,0.48376,2.0832,-5.409,0.88896
0.8562,-0.082939,0.16343,0.48305,2.0252,-5.4114,0.8952
0.8566,-0.084438,0.16267,0.48233,1.9664,-5.4136,0.90147
0.857,-0.085937,0.16191,0.48161,1.9067,-5.4157,0.90779
0.8574,-0.087435,0.16115,0.48089,1.8461,-5.4176,0.91415
0.85779,-0.088933,0.16039,0.48017,1.7848,-5.4194,0.92054
0.85818,-0.090431,0.15963,0.47945,1.7228,-5.4211,0.92696
0.85857,-0.091928,0.15887,0.47872,1.6602,-5.4226,0.93341
0.85895,-0.093425,0.1581,0.47799,1.5969,-5.424,0.93989
0.85933,-0.094922,0.15734,0.47727,1.5332,-5.4252,0.94639
0.85971,-0.096418,0.15657,0.47654,1.4689,-5.4263,0.95291
0.86009,-0.097914,0.15581,0.4758,1.4042,-5.4273,0.95945
0.86046,-0.09941,0.15504,0.47507,1.3392,-5.4281,0.96601
0.86083,-0.10091,0.15428,0.47434,1.2738,-5.4288,0.97258
0.86119,-0.1024,0.15351,0.4736,1.2082,-5.4293,0.97916
0.86156,-0.10389,0.15274,0.47286,1.1424,-5.4297,0.98575
0.86192,-0.10539,0.15198,0.47212,1.0765,-5.4299,0.99235
0.86227,-0.10688,0.15121,0.47138,1.0105,-5.43,0.99895
0.86263,-0.10838,0.15044,0.47063,0.94452,-5.4299,1.0055
0.86298,-0.10987,0.14967,0.46989,0.87857,-5.4298,1.0121
0.86333,-0.11136,0.1489,0.46914,0.81274,-5.4294,1.0187
0.86367,-0.11286,0.14813,0.46839,0.74707,-5.4289,1.0253
0.86401,-0.11435,0.14736,0.46764,0.68163,-5.4283,1.0319
0.86435,-0.11584,0.14659,0.46689,0.61648,-5.4276,1.0385
0.86469,-0.11733,0.14581,0.46614,0.55167,-5.4267,1.045
0.86502,-0.11882,0.14504,0.46538,0.48727,-5.4256,1.0515
0.86535,-0.12031,0.14427,0.46463,0.42333,-5.4244,1.058
0.86568,-0.1218,0.14349,0.46387,0.3599,-5.4231,1.0645
0.866,-0.12329,0.14272,0.46311,0.29706,-5.4216,1.071
0.86632,-0.12478,0.14195,0.46235,0.23484,-5.42,1.0774
0.86664,-0.12627,0.14117,0.46158,0.17332,-5.4182,1.0838
0.86696,-0.12776,0.1404,0.46082,0.11254,-5.4163,1.0902
0.86727,-0.12924,0.13962,0.46005,0.052552,-5.4143,1.0965
0.86758,-0.13073,0.13884,0.45929,-0.006579,-5.4121,1.1028
0.86788,-0.13222,0.13807,0.45852,-0.064804,-5.4098,1.1091
0.86818,-0.1337,0.13729,0.45775,-0.12207,-5.4073,1.1153
0.86848,-0.13519,0.13651,0.45697,-0.17833,-5.4047,1.1214
0.86878,-0.13668,0.13573,0.4562,-0.23352,-5.4019,1.1275
0.86907,-0.13816,0.13495,0.45542,-0.28761,-5.3991,1.1336
0.86936,-0.13965,0.13417,0.45464,-0.34054,-5.396,1.1396
0.86965,-0.14113,0.13339,0.45387,-0.39226,-5.3929,1.1456
0.86994,-0.14261,0.13261,0.45308,-0.44273,-5.3896,1.1515
0.87022,-0.1441,0.13183,0.4523,-0.4919,-5.3861,1.1573
0.8705,-0.14558,0.13105,0.45152,-0.53972,-5.3825,1.1631
0.87077,-0.14706,0.13027,0.45073,-0.58617,-5.3788,1.1688
0.87104,-0.14854,0.12949,0.44995,-0.63118,-5.3749,1.1744
0.87131,-0.15002,0.12871,0.44916,-0.67473,-5.3709,1.18
0.87158,-0.1515,0.12792,0.44837,-0.71677,-5.3668,1.1855
0.87184,-0.15298,0.12714,0.44758,-0.75726,-5.3625,1.1909
0.8721,-0.15446,0.12636,0.44678,-0.79617,-5.3581,1.1962
0.87236,-0.15594,0.12557,0.44599,-0.83347,-5.3536,1.2015
0.87261,-0.15742,0.12479,0.44519,-0.86911,-5.3489,1.2067
0.87286,-0.1589,0.124,0.44439,-0.90308,-5.3441,1.2118
0.87311,-0.16037,0.12322,0.44359,-0.93533,-5.3391,1.2168
0.87336,-0.16185,0.12243,0.44279,-0.96584,-5.334,1.2217
0.8736,-0.16333,0.12164,0.44199,-0.99458,-5.3288,1.2266
0.87384,-0.1648,0.12086,0.44119,-1.0215,-5.3235,1.2313
0.87407,-0.16628,0.12007,0.44038,-1.0467,-5.318,1.236
0.8743,-0.16775,0.11928,0.43957,-1.0699,-5.3124,1.2406
0.87453,-0.16923,0.11849,0.43876,-1.0914,-5.3066,1.245
0.87476,-0.1707,0.1177,0.43795,-1.1109,-5.3008,1.2494
0.87498,-0.17217,0.11692,0.43714,-1.1285,-5.2948,1.2537
0.8752,-0.17364,0.11613,0.43633,-1.1443,-5.2886,1.2578
0.87542,-0.17511,0.11534,0.43551,-1.1581,-5.2824,1.2619
0.87563,-0.17659,0.11455,0.4347,-1.1699,-5.276,1.2659
0.87585,-0.17806,0.11375,0.43388,-1.1798,-5.2695,1.2697
0.87605,-0.17953,0.11296,0.43306,-1.1878,-5.2628,1.2735
0.87626,-0.18099,0.11217,0.43224,-1.1937,-5.256,1.2771
0.87646,-0.18246,0.11138,0.43142,-1.1977,-5.2491,1.2806
0.87666,-0.18393,0.11059,0.43059,-1.1997,-5.2421,1.2841
0.87685,-0.1854,0.1098,0.42977,-1.1998,-5.235,1.2874
0.87705,-0.18686,0.109,0.42894,-1.1978,-5.2277,1.2905
0.87724,-0.18833,0.10821,0.42811,-1.1939,-5.2203,1.2936
0.87742,-0.18979,0.10742,0.42728,-1.188,-5.2128,1.2966
0.87761,-0.19126,0.10662,0.42645,-1.1802,-5.2051,1.2994
0.87779,-0.19272,0.10583,0.42562,-1.1703,-5.1974,1.3021
0.87796,-0.19418,0.10503,0.42478,-1.1585,-5.1895,1.3047
0.87814,-0.19565,0.10424,0.42394,-1.1448,-5.1815,1.3072
0.87831,-0.19711,0.10344,0.42311,-1.1292,-5.1734,1.3095
0.87848,-0.19857,0.10265,0.42227,-1.1116,-5.1652,1.3118
0.87864,-0.20003,0.10185,0.42143,-1.0921,-5.1568,1.3139
0.8788,-0.20149,0.10105,0.42059,-1.0708,-5.1484,1.3158
0.87896,-0.20295,0.10025,0.41974,-1.0476,-5.1398,1.3177
0.87912,-0.20441,0.099458,0.4189,-1.0225,-5.1311,1.3194
0.87927,-0.20586,0.09866,0.41805,-0.99565,-5.1223,1.321
0.87942,-0.20732,0.097862,0.4172,-0.96697,-5.1134,1.3225
0.87957,-0.20878,0.097063,0.41635,-0.93653,-5.1043,1.3238
0.87971,-0.21023,0.096264,0.4155,-0.90435,-5.0952,1.325
0.87985,-0.21169,0.095465,0.41465,-0.87045,-5.0859,1.3261
0.87999,-0.21314,0.094666,0.4138,-0.83486,-5.0766,1.327
0.88012,-0.21459,0.093866,0.41294,-0.79763,-5.0671,1.3279
0.88025,-0.21604,0.093066,0.41209,-0.75878,-5.0575,1.3285
0.88038,-0.2175,0.092266,0.41123,-0.71834,-5.0479,1.3291
0.88051,-0.21895,0.091465,0.41037,-0.67636,-5.0381,1.3295
0.88063,-0.2204,0.090664,0.40951,-0.63287,-5.0282,1.3298
0.88075,-0.22185,0.089862,0.40865,-0.58792,-5.0182,1.33
0.88086,-0.22329,0.089061,0.40778,-0.54153,-5.0081,1.33
0.88098,-0.22474,0.088259,0.40692,-0.49375,-4.9979,1.3299
0.88109,-0.22619,0.087456,0.40605,-0.44463,-4.9876,1.3297
0.88119,-0.22763,0.086654,0.40518,-0.39421,-4.9772,1.3293
0.8813,-0.22908,0.085851,0.40431,-0.34254,-4.9668,1.3288
0.8814,-0.23052,0.085047,0.40344,-0.28966,-4.9562,1.3281
0.88149,-0.23197,0.084244,0.40257,-0.23562,-4.9455,1.3274
0.88159,-0.23341,0.08344,0.4017,-0.18046,-4.9347,1.3265
0.88168,-0.23485,0.082636,0.40082,-0.12424,-4.9238,1.3255
0.88177,-0.23629,0.081832,0.39994,-0.067014,-4.9129,1.3243
0.88185,-0.23773,0.081027,0.39907,-0.0088252,-4.9018,1.323
0.88193,-0.23917,0.080222,0.39819,0.050272,-4.8907,1.3216
0.88201,-0.24061,0.079417,0.39731,0.11022,-4.8795,1.3201
0.88209,-0.24205,0.078611,0.39642,0.17098,-4.8681,1.3184
0.88216,-0.24349,0.077805,0.39554,0.23247,-4.8567,1.3166
0.88223,-0.24492,0.076999,0.39466,0.29466,-4.8452,1.3147
0.8823,-0.24636,0.076193,0.39377,0.35749,-4.8337,1.3126
0.88236,-0.24779,0.075386,0.39288,0.42089,-4.822,1.3104
0.88242,-0.24923,0.074579,0.39199,0.48481,-4.8103,1.3081
0.88248,-0.25066,0.073772,0.3911,0.5492,-4.7984,1.3057
0.88253,-0.25209,0.072965,0.39021,0.61399,-4.7865,1.3032
0.88258,-0.25352,0.072157,0.38932,0.67913,-4.7745,1.3005
0.88263,-0.25495,0.071349,0.38842,0.74456,-4.7625,1.2977
0.88267,-0.25638,0.070541,0.38753,0.81022,-4.7504,1.2948
0.88272,-0.25781,0.069733,0.38663,0.87605,-4.7381,1.2918
0.88275,-0.25924,0.068924,0.38573,0.94199,-4.7259,1.2886
0.88279,-0.26066,0.068115,0.38483,1.008,-4.7135,1.2854
0.88282,-0.26209,0.067306,0.38393,1.074,-4.7011,1.282
0.88285,-0.26351,0.066496,0.38303,1.1399,-4.6886,1.2785
0.88288,-0.26494,0.065687,0.38213,1.2057,-4.676,1.2749
0.8829,-0.26636,0.064877,0.38122,1.2713,-4.6634,1.2712
0.88292,-0.26778,0.064067,0.38031,1.3367,-4.6507,1.2674
0.88294,-0.2692,0.063257,0.37941,1.4017,-4.6379,1.2635
0.88295,-0.27062,0.062446,0.3785,1.4664,-4.6251,1.2595
0.88296,-0.27204,0.061635,0.37759,1.5307,-4.6122,1.2553
0.88297,-0.27346,0.060824,0.37667,1.5945,-4.5992,1.2511
0.88297,-0.27488,0.060013,0.37576,1.6578,-4.5862,1.2468
0.88298,-0.27629,0.059202,0.37485,1.7204,-4.5731,1.2424
0.88297,-0.27771,0.05839,0.37393,1.7825,-4.56,1.2378
0.88297,-0.27912,0.057579,0.37301,1.8438,-4.5468,1.2332
0.88296,-0.28054,0.056767,0.3721,1.9044,-4.5336,1.2285
0.88295,-0.28195,0.055954,0.37118,1.9641,-4.5203,1.2237
0.88294,-0.28336,0.055142,0.37025,2.023,-4.5069,1.2188
0.88292,-0.28477,0.054329,0.36933,2.081,-4.4936,1.2138
0.8829,-0.28618,0.053517,0.36841,2.1379,-4.4801,1.2087
0.88288,-0.28759,0.052704,0.36748,2.1939,-4.4666,1.2036
0.88285,-0.28899,0.051891,0.36656,2.2488,-4.4531,1.1983
0.88282,-0.2904,0.051077,0.36563,2.3026,-4.4395,1.193
0.88279,-0.29181,0.050264,0.3647,2.3552,-4.4259,1.1876
0.88275,-0.29321,0.04945,0.36377,2.4065,-4.4122,1.1822
0.88271,-0.29461,0.048636,0.36284,2.4566,-4.3985,1.1766
0.88267,-0.29601,0.047822,0.36191,2.5054,-4.3847,1.171
0.88263,-0.29742,0.047008,0.36097,2.5529,-4.3709,1.1653
0.88258,-0.29882,0.046194,0.36004,2.5989,-4.3571,1.1596
0.88253,-0.30021,0.045379,0.3591,2.6435,-4.3432,1.1538
0.88247,-0.30161,0.044565,0.35816,2.6867,-4.3293,1.1479
0.88242,-0.30301,0.04375,0.35723,2.7283,-4.3154,1.142
0.88236,-0.30441,0.042935,0.35629,2.7683,-4.3014,1.136
0.88229,-0.3058,0.04212,0.35534,2.8068,-4.2874,1.13
0.88223,-0.30719,0.041304,0.3544,2.8436,-4.2734,1.1239
0.88216,-0.30859,0.040489,0.35346,2.8788,-4.2594,1.1177
0.88208,-0.30998,0.039674,0.35251,2.9123,-4.2453,1.1115
0.88201,-0.31137,0.038858,0.35157,2.9441,-4.2312,1.1053
0.88193,-0.31276,0.038042,0.35062,2.9741,-4.2171,1.099
0.88185,-0.31415,0.037226,0.34967,3.0023,-4.2029,1.0927
0.88176,-0.31553,0.03641,0.34872,3.0288,-4.1888,1.0864
0.88168,-0.31692,0.035594,0.34777,3.0534,-4.1746,1.08
0.88158,-0.3183,0.034777,0.34682,3.0761,-4.1604,1.0736
0.88149,-0.31969,0.033961,0.34586,3.097,-4.1462,1.0671
0.88139,-0.32107,0.033144,0.34491,3.116,-4.1319,1.0606
0.88129,-0.32245,0.032328,0.34395,3.1331,-4.1177,1.0541
0.88119,-0.32383,0.031511,0.343,3.1483,-4.1034,1.0476
0.88108,-0.32521,0.030694,0.34204,3.1616,-4.0892,1.0411
0.88097,-0.32659,0.029877,0.34108,3.1729,-4.0749,1.0345
0.88086,-0.32797,0.02906,0.34012,3.1822,-4.0606,1.0279
0.88074,-0.32934,0.028242,0.33915,3.1896,-4.0463,1.0214
0.88062,-0.33072,0.027425,0.33819,3.195,-4.032,1.0148
0.8805,-0.33209,0.026608,0.33723,3.1985,-4.0177,1.0082
0.88038,-0.33346,0.02579,0.33626,3.1999,-4.0034,1.0016
0.88025,-0.33484,0.024973,0.33529,3.1994,-3.9891,0.99498
0.88012,-0.33621,0.024155,0.33433,3.1969,-3.9748,0.98838
0.87998,-0.33758,0.023337,0.33336,3.1925,-3.9605,0.98179
0.87985,-0.33894,0.022519,0.33239,3.186,-3.9462,0.9752
0.87971,-0.34031,0.021701,0.33142,3.1776,-3.9319,0.96862
0.87956,-0.34168,0.020883,0.33044,3.1672,-3.9177,0.96206
0.87942,-0.34304,0.020065,0.32947,3.1549,-3.9034,0.95551
0.87927,-0.3444,0.019247,0.32849,3.1406,-3.8891,0.94898
0.87911,-0.34576,0.018429,0.32752,3.1244,-3.8749,0.94247
0.87896,-0.34712,0.01761,0.32654,3.1063,-3.8606,0.93599
0.8788,-0.34848,0.016792,0.32556,3.0863,-3.8464,0.92952
0.87864,-0.34984,0.015974,0.32458,3.0645,-3.8322,0.92309
0.87847,-0.3512,0.015155,0.3236,3.0407,-3.818,0.91669
0.8783,-0.35255,0.014337,0.32262,3.0152,-3.8038,0.91032
0.87813,-0.35391,0.013518,0.32164,2.9878,-3.7897,0.90399
0.87796,-0.35526,0.012699,0.32065,2.9586,-3.7755,0.89769
0.87778,-0.35661,0.011881,0.31967,2.9277,-3.7614,0.89144
0.8776,-0.35796,0.011062,0.31868,2.895,-3.7473,0.88523
0.87742,-0.35931,0.010243,0.3177,2.8606,-3.7333,0.87906
0.87723,-0.36066,0.0094245,0.31671,2.8246,-3.7193,0.87295
0.87704,-0.36201,0.0086056,0.31572,2.7869,-3.7052,0.86688
0.87685,-0.36336,0.0077868,0.31473,2.7476,-3.6913,0.86087
0.87665,-0.3647,0.0069679,0.31373,2.7067,-3.6773,0.85491
0.87645,-0.36604,0.006149,0.31274,2.6643,-3.6634,0.84901
0.87625,-0.36738,0.0053301,0.31175,2.6204,-3.6495,0.84318
0.87604,-0.36873,0.0045111,0.31075,2.5751,-3.6357,0.8374
0.87584,-0.37006,0.0036922,0.30976,2.5283,-3.6219,0.83169
0.87563,-0.3714,0.0028732,0.30876,2.4801,-3.6081,0.82605
0.87541,-0.37274,0.0020542,0.30776,2.4306,-3.5944,0.82047
0.87519,-0.37407,0.0012352,0.30676,2.3799,-3.5807,0.81497
0.87497,-0.37541,0.00041625,0.30576,2.3278,-3.567,0.80954
0.87475,-0.37674,-0.00040275,0.30476,2.2746,-3.5534,0.80419
0.87452,-0.37807,-0.0012217,0.30376,2.2203,-3.5399,0.79892
0.87429,-0.3794,-0.0020407,0.30275,2.1648,-3.5263,0.79373
0.87406,-0.38073,-0.0028597,0.30175,2.1083,-3.5129,0.78862
0.87383,-0.38206,-0.0036787,0.30074,2.0508,-3.4994,0.78359
0.87359,-0.38339,-0.0044976,0.29974,1.9924,-3.4861,0.77865
0.87335,-0.38471,-0.0053166,0.29873,1.933,-3.4728,0.7738
0.8731,-0.38603,-0.0061355,0.29772,1.8728,-3.4595,0.76904
0.87285,-0.38736,-0.0069544,0.29671,1.8119,-3.4463,0.76437
0.8726,-0.38868,-0.0077733,0.2957,1.7502,-3.4331,0.7598
0.87235,-0.39,-0.0085921,0.29469,1.6878,-3.42,0.75532
0.87209,-0.39131,-0.009411,0.29367,1.6248,-3.407,0.75094
0.87183,-0.39263,-0.01023,0.29266,1.5612,-3.394,0.74666
0.87157,-0.39395,-0.011049,0.29164,1.4972,-3.3811,0.74249
0.8713,-0.39526,-0.011867,0.29063,1.4327,-3.3682,0.73841
0.87103,-0.39657,-0.012686,0.28961,1.3678,-3.3554,0.73444
0.87076,-0.39788,-0.013505,0.28859,1.3026,-3.3427,0.73057
0.87048,-0.39919,-0.014323,0.28757,1.2371,-3.33,0.72682
0.87021,-0.4005,-0.015142,0.28655,1.1713,-3.3174,0.72317
0.86992,-0.40181,-0.01596,0.28553,1.1055,-3.3049,0.71963
0.86964,-0.40311,-0.016779,0.28451,1.0395,-3.2924,0.71621
0.86935,-0.40442,-0.017597,0.28349,0.97352,-3.28,0.7129
0.86906,-0.40572,-0.018415,0.28246,0.90755,-3.2677,0.7097
0.86877,-0.40702,-0.019233,0.28144,0.84166,-3.2555,0.70662
0.86847,-0.40832,-0.020052,0.28041,0.77591,-3.2433,0.70366
0.86817,-0.40962,-0.02087,0.27938,0.71036,-3.2312,0.70081
0.86787,-0.41092,-0.021688,0.27836,0.64508,-3.2192,0.69809
0.86756,-0.41221,-0.022506,0.27733,0.58011,-3.2072,0.69548
0.86725,-0.41351,-0.023324,0.2763,0.51552,-3.1954,0.693
0.86694,-0.4148,-0.024141,0.27526,0.45137,-3.1836,0.69064
0.86663,-0.41609,-0.024959,0.27423,0.38771,-3.1719,0.68841
0.86631,-0.41738,-0.025777,0.2732,0.32461,-3.1603,0.6863
0.86599,-0.41867,-0.026594,0.27217,0.26211,-3.1488,0.68431
0.86566,-0.41995,-0.027412,0.27113,0.20027,-3.1373,0.68245
0.86534,-0.42124,-0.028229,0.2701,0.13915,-3.1259,0.68072
0.86501,-0.42252,-0.029046,0.26906,0.078813,-3.1147,0.67911
0.86467,-0.42381,-0.029863,0.26802,0.019301,-3.1035,0.67764
0.86434,-0.42509,-0.03068,0.26698,-0.039328,-3.0924,0.67629
0.864,-0.42637,-0.031497,0.26594,-0.097023,-3.0814,0.67507
0.86366,-0.42764,-0.032314,0.2649,-0.15373,-3.0705,0.67399
0.86331,-0.42892,-0.033131,0.26386,-0.2094,-3.0597,0.67303
0.86296,-0.4302,-0.033947,0.26282,-0.26398,-3.0489,0.6722
0.86261,-0.43147,-0.034764,0.26177,-0.31742,-3.0383,0.67151
0.86226,-0.43274,-0.03558,0.26073,-0.36968,-3.0278,0.67094
0.8619,-0.43401,-0.036396,0.25969,-0.4207,-3.0173,0.67051
0.86154,-0.43528,-0.037213,0.25864,-0.47045,-3.007,0.67021
0.86118,-0.43655,-0.038029,0.25759,-0.51887,-2.9967,0.67004
0.86081,-0.43781,-0.038844,0.25654,-0.56593,-2.9866,0.67
0.86044,-0.43908,-0.03966,0.2555,-0.61157,-2.9766,0.6701
0.86007,-0.44034,-0.040476,0.25445,-0.65577,-2.9666,0.67033
0.85969,-0.4416,-0.041291,0.2534,-0.69848,-2.9568,0.67068
0.85932,-0.44286,-0.042106,0.25234,-0.73965,-2.9471,0.67118
0.85893,-0.44412,-0.042921,0.25129,-0.77927,-2.9374,0.6718
0.85855,-0.44538,-0.043736,0.25024,-0.81728,-2.9279,0.67255
0.85816,-0.44663,-0.044551,0.24919,-0.85365,-2.9185,0.67344
0.85777,-0.44788,-0.045366,0.24813,-0.88836,-2.9092,0.67445
0.85738,-0.44914,-0.04618,0.24707,-0.92137,-2.9,0.6756
0.85698,-0.45039,-0.046995,0.24602,-0.95265,-2.8909,0.67687
0.85658,-0.45164,-0.047809,0.24496,-0.98217,-2.882,0.67828
0.85618,-0.45288,-0.048623,0.2439,-1.0099,-2.8731,0.67981
0.85578,-0.45413,-0.049437,0.24284,-1.0358,-2.8644,0.68147
0.85537,-0.45537,-0.05025,0.24178,-1.0599,-2.8557,0.68326
0.85496,-0.45661,-0.051064,0.24072,-1.0822,-2.8472,0.68517
0.85454,-0.45786,-0.051877,0.23966,-1.1025,-2.8388,0.68721
0.85412,-0.45909,-0.05269,0.2386,-1.121,-2.8305,0.68938
0.8537,-0.46033,-0.053503,0.23753,-1.1376,-2.8223,0.69167
0.85328,-0.46157,-0.054316,0.23647,-1.1522,-2.8143,0.69409
0.85285,-0.4628,-0.055129,0.2354,-1.1649,-2.8064,0.69662
0.85242,-0.46403,-0.055941,0.23434,-1.1757,-2.7985,0.69928
0.85199,-0.46527,-0.056753,0.23327,-1.1845,-2.7909,0.70206
0.85156,-0.4665,-0.057565,0.2322,-1.1913,-2.7833,0.70495
0.85112,-0.46772,-0.058377,0.23114,-1.1962,-2.7758,0.70797
0.85068,-0.46895,-0.059189,0.23007,-1.1991,-2.7685,0.7111
0.85023,-0.47017,-0.06,0.229,-1.2,-2.7613,0.71435
0.84979,-0.4714,-0.060811,0.22793,-1.1989,-2.7542,0.71771
0.84934,-0.47262,-0.061622,0.22685,-1.1959,-2.7472,0.72118
0.84888,-0.47384,-0.062433,0.22578,-1.1908,-2.7404,0.72477
0.84843,-0.47506,-0.063243,0.22471,-1.1839,-2.7337,0.72847
0.84797,-0.47627,-0.064054,0.22363,-1.1749,-2.7271,0.73227
0.84751,-0.47749,-0.064864,0.22256,-1.164,-2.7207,0.73618
0.84704,-0.4787,-0.065674,0.22148,-1.1511,-2.7143,0.7402
0.84657,-0.47991,-0.066483,0.22041,-1.1363,-2.7082,0.74432
0.8461,-0.48112,-0.067292,0.21933,-1.1196,-2.7021,0.74855
0.84563,-0.48233,-0.068102,0.21825,-1.1009,-2.6961,0.75287
0.84515,-0.48353,-0.068911,0.21717,-1.0804,-2.6903,0.75729
0.84467,-0.48474,-0.069719,0.2161,-1.058,-2.6847,0.76181
0.84419,-0.48594,-0.070528,0.21502,-1.0338,-2.6791,0.76643
0.8437,-0.48714,-0.071336,0.21393,-1.0077,-2.6737,0.77114
0.84321,-0.48834,-0.072144,0.21285,-0.9798,-2.6684,0.77594
0.84272,-0.48954,-0.072951,0.21177,-0.95013,-2.6633,0.78083
0.84223,-0.49074,-0.073759,0.21069,-0.9187,-2.6583,0.7858
0.84173,-0.49193,-0.074566,0.2096,-0.88555,-2.6534,0.79087
0.84123,-0.49312,-0.075373,0.20852,-0.85071,-2.6486,0.79601
0.84073,-0.49431,-0.076179,0.20743,-0.8142,-2.644,0.80124
0.84022,-0.4955,-0.076986,0.20635,-0.77605,-2.6396,0.80655
0.83971,-0.49669,-0.077792,0.20526,-0.73631,-2.6352,0.81194
0.8392,-0.49788,-0.078598,0.20417,-0.695,-2.631,0.8174
0.83868,-0.49906,-0.079403,0.20309,-0.65217,-2.627,0.82293
0.83817,-0.50024,-0.080209,0.202,-0.60785,-2.623,0.82854
0.83764,-0.50142,-0.081014,0.20091,-0.56209,-2.6192,0.83421
0.83712,-0.5026,-0.081818,0.19982,-0.51492,-2.6156,0.83995
0.83659,-0.50378,-0.082623,0.19873,-0.46639,-2.6121,0.84575
0.83606,-0.50495,-0.083427,0.19763,-0.41653,-2.6087,0.85162
0.83553,-0.50613,-0.084231,0.19654,-0.3654,-2.6055,0.85754
0.835,-0.5073,-0.085034,0.19545,-0.31305,-2.6024,0.86352
0.83446,-0.50847,-0.085837,0.19435,-0.25951,-2.5994,0.86956
0.83392,-0.50964,-0.08664,0.19326,-0.20484,-2.5966,0.87565
0.83337,-0.5108,-0.087443,0.19217,-0.14908,-2.5939,0.88178
0.83282,-0.51197,-0.088245,0.19107,-0.092288,-2.5914,0.88797
0.83227,-0.51313,-0.089047,0.18997,-0.034515,-2.589,0.8942
0.83172,-0.51429,-0.089849,0.18888,0.02419,-2.5867,0.90047
0.83116,-0.51545,-0.090651,0.18778,0.083772,-2.5846,0.90678
0.83061,-0.51661,-0.091452,0.18668,0.14418,-2.5827,0.91313
0.83004,-0.51776,-0.092252,0.18558,0.20536,-2.5808,0.91952
0.82948,-0.51892,-0.093053,0.18448,0.26725,-2.5792,0.92593
0.82891,-0.52007,-0.093853,0.18338,0.3298,-2.5776,0.93238
0.82834,-0.52122,-0.094653,0.18228,0.39296,-2.5762,0.93885
0.82777,-0.52237,-0.095452,0.18118,0.45666,-2.5749,0.94535
0.82719,-0.52351,-0.096251,0.18008,0.52085,-2.5738,0.95187
0.82661,-0.52466,-0.09705,0.17897,0.58547,-2.5729,0.95841
0.82603,-0.5258,-0.097849,0.17787,0.65046,-2.572,0.96496
0.82544,-0.52694,-0.098647,0.17676,0.71577,-2.5713,0.97153
0.82486,-0.52808,-0.099444,0.17566,0.78134,-2.5708,0.97811
0.82427,-0.52922,-0.10024,0.17455,0.8471,-2.5704,0.9847
0.82367,-0.53035,-0.10104,0.17345,0.913,-2.5701,0.9913
0.82307,-0.53148,-0.10184,0.17234,0.97898,-2.57,0.9979
0.82248,-0.53262,-0.10263,0.17123,1.045,-2.57,1.0045
0.82187,-0.53375,-0.10343,0.17013,1.1109,-2.5702,1.0111
0.82127,-0.53487,-0.10422,0.16902,1.1768,-2.5705,1.0177
0.82066,-0.536,-0.10502,0.16791,1.2425,-2.571,1.0243
0.82005,-0.53712,-0.10581,0.1668,1.308,-2.5716,1.0309
0.81943,-0.53825,-0.10661,0.16569,1.3732,-2.5723,1.0374
0.81882,-0.53937,-0.1074,0.16458,1.438,-2.5732,1.044
0.8182,-0.54048,-0.1082,0.16347,1.5025,-2.5742,1.0505
0.81758,-0.5416,-0.10899,0.16236,1.5665,-2.5754,1.057
0.81695,-0.54272,-0.10978,0.16124,1.63,-2.5767,1.0635
0.81632,-0.54383,-0.11058,0.16013,1.693,-2.5781,1.07
0.81569,-0.54494,-0.11137,0.15902,1.7553,-2.5797,1.0764
0.81506,-0.54605,-0.11216,0.1579,1.8169,-2.5815,1.0828
0.81442,-0.54716,-0.11295,0.15679,1.8778,-2.5834,1.0892
0.81378,-0.54826,-0.11374,0.15567,1.938,-2.5854,1.0955
0.81314,-0.54936,-0.11453,0.15456,1.9972,-2.5875,1.1018
0.81249,-0.55046,-0.11532,0.15344,2.0556,-2.5899,1.1081
0.81184,-0.55156,-0.11611,0.15232,2.113,-2.5923,1.1143
0.81119,-0.55266,-0.1169,0.15121,2.1694,-2.5949,1.1204
0.81054,-0.55376,-0.11769,0.15009,2.2248,-2.5976,1.1266
0.80988,-0.55485,-0.11848,0.14897,2.2791,-2.6005,1.1326
0.80922,-0.55594,-0.11927,0.14785,2.3322,-2.6035,1.1387
0.80856,-0.55703,-0.12006,0.14673,2.3841,-2.6066,1.1446
0.8079,-0.55812,-0.12084,0.14561,2.4348,-2.6099,1.1505
0.80723,-0.55921,-0.12163,0.14449,2.4842,-2.6133,1.1564
0.80656,-0.56029,-0.12242,0.14337,2.5322,-2.6169,1.1621
0.80588,-0.56137,-0.1232,0.14225,2.5789,-2.6206,1.1679
0.80521,-0.56245,-0.12399,0.14113,2.6241,-2.6244,1.1735
0.80453,-0.56353,-0.12477,0.14,2.6679,-2.6284,1.1791
0.80385,-0.5646,-0.12556,0.13888,2.7102,-2.6325,1.1846
0.80316,-0.56568,-0.12634,0.13776,2.7509,-2.6368,1.19
0.80247,-0.56675,-0.12713,0.13663,2.7901,-2.6412,1.1954
0.80178,-0.56782,-0.12791,0.13551,2.8276,-2.6457,1.2007
0.80109,-0.56889,-0.12869,0.13438,2.8635,-2.6503,1.2059
0.80039,-0.56995,-0.12948,0.13326,2.8978,-2.6551,1.211
0.79969,-0.57102,-0.13026,0.13213,2.9303,-2.6601,1.216
0.79899,-0.57208,-0.13104,0.13101,2.9611,-2.6651,1.221
0.79829,-0.57314,-0.13182,0.12988,2.9901,-2.6703,1.2258
0.79758,-0.5742,-0.1326,0.12875,3.0174,-2.6757,1.2306
0.79687,-0.57525,-0.13338,0.12762,3.0428,-2.6811,1.2353
0.79616,-0.57631,-0.13416,0.1265,3.0664,-2.6867,1.2398
0.79544,-0.57736,-0.13494,0.12537,3.0881,-2.6924,1.2443
0.79472,-0.57841,-0.13572,0.12424,3.1079,-2.6983,1.2487
0.794,-0.57946,-0.1365,0.12311,3.1259,-2.7043,1.253
0.79328,-0.5805,-0.13728,0.12198,3.1419,-2.7104,1.2572
0.79255,-0.58155,-0.13805,0.12085,3.156,-2.7166,1.2613
0.79182,-0.58259,-0.13883,0.11972,3.1682,-2.723,1.2652
0.79109,-0.58363,-0.13961,0.11859,3.1784,-2.7295,1.2691
0.79035,-0.58467,-0.14038,0.11745,3.1866,-2.7361,1.2729
0.78962,-0.5857,-0.14116,0.11632,3.1929,-2.7429,1.2765
0.78888,-0.58674,-0.14193,0.11519,3.1972,-2.7498,1.2801
0.78813,-0.58777,-0.14271,0.11406,3.1995,-2.7568,1.2835
0.78739,-0.5888,-0.14348,0.11292,3.1999,-2.7639,1.2868
0.78664,-0.58983,-0.14426,0.11179,3.1983,-2.7711,1.29
0.78589,-0.59085,-0.14503,0.11066,3.1947,-2.7785,1.2931
0.78513,-0.59187,-0.1458,0.10952,3.1891,-2.786,1.2961
0.78437,-0.5929,-0.14657,0.10839,3.1815,-2.7936,1.299
0.78361,-0.59392,-0.14734,0.10725,3.172,-2.8014,1.3017
0.78285,-0.59493,-0.14812,0.10612,3.1606,-2.8092,1.3043
0.78209,-0.59595,-0.14889,0.10498,3.1471,-2.8172,1.3068
0.78132,-0.59696,-0.14966,0.10384,3.1318,-2.8253,1.3092
0.78055,-0.59797,-0.15043,0.10271,3.1145,-2.8335,1.3114
0.77977,-0.59898,-0.15119,0.10157,3.0954,-2.8418,1.3135
0.779,-0.59999,-0.15196,0.10043,3.0743,-2.8503,1.3155
0.77822,-0.60099,-0.15273,0.099296,3.0514,-2.8588,1.3174
0.77744,-0.60199,-0.1535,0.098158,3.0266,-2.8675,1.3191
0.77665,-0.60299,-0.15426,0.09702,3,-2.8763,1.3208
0.77586,-0.60399,-0.15503,0.095881,2.9717,-2.8852,1.3222
0.77507,-0.60499,-0.1558,0.094742,2.9415,-2.8942,1.3236
0.77428,-0.60598,-0.15656,0.093603,2.9096,-2.9033,1.3248
0.77349,-0.60697,-0.15733,0.092463,2.876,-2.9126,1.3259
0.77269,-0.60796,-0.15809,0.091323,2.8406,-2.9219,1.3269
0.77189,-0.60895,-0.15885,0.090183,2.8037,-2.9314,1.3277
0.77108,-0.60994,-0.15962,0.089042,2.7651,-2.9409,1.3284
0.77028,-0.61092,-0.16038,0.087901,2.7249,-2.9506,1.329
0.76947,-0.6119,-0.16114,0.08676,2.6832,-2.9604,1.3295
0.76866,-0.61288,-0.1619,0.085618,2.6399,-2.9702,1.3298
0.76784,-0.61386,-0.16266,0.084476,2.5952,-2.9802,1.33
0.76703,-0.61483,-0.16342,0.083334,2.549,-2.9903,1.33
0.76621,-0.61581,-0.16418,0.082191,2.5015,-3.0004,1.3299
0.76538,-0.61678,-0.16494,0.081049,2.4525,-3.0107,1.3297
0.76456,-0.61774,-0.1657,0.079906,2.4023,-3.0211,1.3293
0.76373,-0.61871,-0.16646,0.078762,2.3509,-3.0316,1.3289
0.7629,-0.61967,-0.16721,0.077619,2.2982,-3.0421,1.3283
0.76207,-0.62064,-0.16797,0.076475,2.2443,-3.0528,1.3275
0.76123,-0.6216,-0.16873,0.075331,2.1893,-3.0636,1.3266
0.76039,-0.62255,-0.16948,0.074186,2.1333,-3.0744,1.3256
0.75955,-0.62351,-0.17024,0.073042,2.0762,-3.0854,1.3245
0.75871,-0.62446,-0.17099,0.071897,2.0182,-3.0964,1.3232
0.75786,-0.62541,-0.17174,0.070751,1.9592,-3.1075,1.3218
0.75701,-0.62636,-0.1725,0.069606,1.8994,-3.1188,1.3203
0.75616,-0.62731,-0.17325,0.06846,1.8388,-3.1301,1.3187
0.75531,-0.62825,-0.174,0.067314,1.7774,-3.1415,1.3169
0.75445,-0.62919,-0.17475,0.066168,1.7153,-3.1529,1.315
0.75359,-0.63013,-0.1755,0.065022,1.6526,-3.1645,1.313
0.75273,-0.63107,-0.17625,0.063875,1.5892,-3.1761,1.3108
0.75186,-0.63201,-0.177,0.062728,1.5254,-3.1879,1.3085
0.751,-0.63294,-0.17775,0.061581,1.4611,-3.1997,1.3061
0.75013,-0.63387,-0.1785,0.060434,1.3964,-3.2116,1.3036
0.74925,-0.6348,-0.17925,0.059287,1.3313,-3.2235,1.3009
0.74838,-0.63573,-0.17999,0.058139,1.2659,-3.2356,1.2982
0.7475,-0.63665,-0.18074,0.056991,1.2002,-3.2477,1.2953
0.74662,-0.63758,-0.18149,0.055843,1.1344,-3.2599,1.2923
0.74574,-0.6385,-0.18223,0.054695,1.0685,-3.2722,1.2892
0.74485,-0.63941,-0.18298,0.053546,1.0025,-3.2845,1.2859
0.74396,-0.64033,-0.18372,0.052398,0.93654,-3.2969,1.2826
0.74307,-0.64124,-0.18446,0.051249,0.8706,-3.3094,1.2791
0.74218,-0.64215,-0.1852,0.0501,0.80478,-3.322,1.2755
0.74128,-0.64306,-0.18595,0.048951,0.73914,-3.3346,1.2718
0.74038,-0.64397,-0.18669,0.047801,0.67373,-3.3473,1.268
0.73948,-0.64487,-0.18743,0.046652,0.60862,-3.3601,1.2641
0.73858,-0.64577,-0.18817,0.045502,0.54386,-3.3729,1.2601
0.73767,-0.64667,-0.18891,0.044352,0.47951,-3.3858,1.256
0.73676,-0.64757,-0.18965,0.043202,0.41563,-3.3987,1.2518
0.73585,-0.64847,-0.19038,0.042052,0.35227,-3.4117,1.2475
0.73494,-0.64936,-0.19112,0.040902,0.2895,-3.4248,1.2431
0.73402,-0.65025,-0.19186,0.039751,0.22736,-3.4379,1.2386
0.7331,-0.65114,-0.19259,0.0386,0.16592,-3.4511,1.2339
0.73218,-0.65203,-0.19333,0.03745,0.10523,-3.4643,1.2292
0.73125,-0.65291,-0.19406,0.036299,0.045352,-3.4776,1.2244
0.73033,-0.65379,-0.1948,0.035148,-0.013672,-3.4909,1.2196
0.7294,-0.65467,-0.19553,0.033997,-0.071784,-3.5043,1.2146
0.72846,-0.65555,-0.19626,0.032846,-0.12893,-3.5177,1.2095
0.72753,-0.65642,-0.19699,0.031694,-0.18506,-3.5312,1.2044
0.72659,-0.65729,-0.19772,0.030543,-0.24013,-3.5448,1.1992
0.72565,-0.65816,-0.19845,0.029391,-0.29408,-3.5583,1.1939
0.72471,-0.65903,-0.19918,0.02824,-0.34686,-3.572,1.1885
0.72377,-0.6599,-0.19991,0.027088,-0.39843,-3.5856,1.183
0.72282,-0.66076,-0.20064,0.025936,-0.44875,-3.5993,1.1775
0.72187,-0.66162,-0.20137,0.024784,-0.49776,-3.6131,1.1719
0.72092,-0.66248,-0.2021,0.023632,-0.54542,-3.6269,1.1662
0.71996,-0.66334,-0.20282,0.02248,-0.59169,-3.6407,1.1605
0.719,-0.66419,-0.20355,0.021328,-0.63653,-3.6546,1.1547
0.71804,-0.66504,-0.20427,0.020175,-0.67989,-3.6685,1.1489
0.71708,-0.66589,-0.205,0.019023,-0.72175,-3.6824,1.1429
0.71611,-0.66674,-0.20572,0.017871,-0.76205,-3.6963,1.137
0.71515,-0.66758,-0.20644,0.016718,-0.80077,-3.7103,1.1309
0.71418,-0.66843,-0.20716,0.015566,-0.83787,-3.7243,1.1248
0.7132,-0.66927,-0.20789,0.014413,-0.87331,-3.7384,1.1187
0.71223,-0.6701,-0.20861,0.01326,-0.90707,-3.7525,1.1125
0.71125,-0.67094,-0.20933,0.012108,-0.93911,-3.7666,1.1063
0.71027,-0.67177,-0.21004,0.010955,-0.96941,-3.7807,1.1
0.70929,-0.6726,-0.21076,0.0098021,-0.99794,-3.7948,1.0937
0.7083,-0.67343,-0.21148,0.0086493,-1.0247,-3.809,1.0874
0.70732,-0.67426,-0.2122,0.0074965,-1.0496,-3.8232,1.081
0.70633,-0.67508,-0.21291,0.0063436,-1.0726,-3.8374,1.0746
0.70533,-0.6759,-0.21363,0.0051907,-1.0938,-3.8516,1.0681
0.70434,-0.67672,-0.21434,0.0040378,-1.1131,-3.8658,1.0617
0.70334,-0.67754,-0.21506,0.0028849,-1.1305,-3.88,1.0552
0.70234,-0.67835,-0.21577,0.001732,-1.146,-3.8943,1.0486
0.70134,-0.67916,-0.21648,0.00057908,-1.1596,-3.9086,1.0421
0.70033,-0.67997,-0.21719,-0.00057384,-1.1712,-3.9228,1.0356
0.69933,-0.68078,-0.2179,-0.0017268,-1.1809,-3.9371,1.029
0.69832,-0.68158,-0.21861,-0.0028797,-1.1886,-3.9514,1.0224
0.6973,-0.68238,-0.21932,-0.0040326,-1.1943,-3.9657,1.0158
0.69629,-0.68318,-0.22003,-0.0051855,-1.1981,-3.98,1.0092
0.69527,-0.68398,-0.22074,-0.0063384,-1.1998,-3.9943,1.0026
0.69425,-0.68478,-0.22145,-0.0074912,-1.1996,-4.0086,0.99603
0.69323,-0.68557,-0.22215,-0.0086441,-1.1975,-4.0229,0.98943
0.69221,-0.68636,-0.22286,-0.0097969,-1.1933,-4.0372,0.98284
0.69118,-0.68715,-0.22356,-0.01095,-1.1872,-4.0515,0.97625
0.69015,-0.68793,-0.22427,-0.012102,-1.1791,-4.0658,0.96967
0.68912,-0.68871,-0.22497,-0.013255,-1.169,-4.0801,0.96311
0.68809,-0.68949,-0.22567,-0.014408,-1.157,-4.0943,0.95655
0.68705,-0.69027,-0.22637,-0.01556,-1.143,-4.1086,0.95002
0.68601,-0.69105,-0.22707,-0.016713,-1.1272,-4.1229,0.94351
0.68497,-0.69182,-0.22777,-0.017865,-1.1094,-4.1371,0.93702
0.68393,-0.69259,-0.22847,-0.019018,-1.0897,-4.1513,0.93055
0.68288,-0.69336,-0.22917,-0.02017,-1.0681,-4.1655,0.92411
0.68183,-0.69413,-0.22987,-0.021322,-1.0446,-4.1797,0.91771
0.68078,-0.69489,-0.23056,-0.022475,-1.0194,-4.1939,0.91133
0.67973,-0.69565,-0.23126,-0.023627,-0.99227,-4.2081,0.90499
0.67867,-0.69641,-0.23195,-0.024779,-0.96338,-4.2222,0.89869
0.67761,-0.69717,-0.23265,-0.025931,-0.93273,-4.2363,0.89243
0.67655,-0.69792,-0.23334,-0.027083,-0.90034,-4.2504,0.88621
0.67549,-0.69867,-0.23403,-0.028234,-0.86623,-4.2645,0.88004
0.67443,-0.69942,-0.23473,-0.029386,-0.83045,-4.2785,0.87392
0.67336,-0.70017,-0.23542,-0.030538,-0.79302,-4.2925,0.86784
0.67229,-0.70091,-0.23611,-0.031689,-0.75397,-4.3065,0.86182
0.67122,-0.70165,-0.2368,-0.03284,-0.71335,-4.3205,0.85586
0.67014,-0.70239,-0.23748,-0.033992,-0.67118,-4.3344,0.84995
0.66907,-0.70313,-0.23817,-0.035143,-0.62751,-4.3483,0.8441
0.66799,-0.70386,-0.23886,-0.036294,-0.58238,-4.3621,0.83832
0.66691,-0.70459,-0.23955,-0.037445,-0.53582,-4.3759,0.83259
0.66582,-0.70532,-0.24023,-0.038595,-0.48788,-4.3897,0.82694
0.66474,-0.70605,-0.24091,-0.039746,-0.4386,-4.4035,0.82136
0.66365,-0.70678,-0.2416,-0.040896,-0.38803,-4.4172,0.81584
0.66256,-0.7075,-0.24228,-0.042047,-0.33621,-4.4308,0.8104
0.66146,-0.70822,-0.24296,-0.043197,-0.28318,-4.4444,0.80504
0.66037,-0.70893,-0.24364,-0.044347,-0.229,-4.458,0.79975
0.65927,-0.70965,-0.24432,-0.045497,-0.17371,-4.4715,0.79455
0.65817,-0.71036,-0.245,-0.046646,-0.11737,-4.485,0.78942
0.65707,-0.71107,-0.24568,-0.047796,-0.060025,-4.4984,0.78439
0.65596,-0.71178,-0.24636,-0.048945,-0.0017229,-4.5118,0.77943
0.65486,-0.71248,-0.24703,-0.050094,0.05748,-4.5251,0.77457
0.65375,-0.71318,-0.24771,-0.051244,0.11753,-4.5384,0.76979
0.65263,-0.71388,-0.24838,-0.052392,0.17838,-4.5516,0.76511
0.65152,-0.71458,-0.24906,-0.053541,0.23996,-4.5648,0.76052
0.65041,-0.71527,-0.24973,-0.05469,0.30223,-4.5779,0.75603
0.64929,-0.71597,-0.2504,-0.055838,0.36513,-4.5909,0.75163
0.64817,-0.71666,-0.25108,-0.056986,0.4286,-4.6039,0.74734
0.64704,-0.71734,-0.25175,-0.058134,0.49258,-4.6169,0.74314
0.64592,-0.71803,-0.25242,-0.059281,0.55702,-4.6297,0.73905
0.64479,-0.71871,-0.25308,-0.060429,0.62186,-4.6425,0.73506
0.64366,-0.71939,-0.25375,-0.061576,0.68703,-4.6553,0.73118
0.64253,-0.72006,-0.25442,-0.062723,0.75249,-4.668,0.72741
0.64139,-0.72074,-0.25509,-0.06387,0.81818,-4.6806,0.72374
0.64026,-0.72141,-0.25575,-0.065017,0.88402,-4.6931,0.72019
0.63912,-0.72208,-0.25641,-0.066163,0.94997,-4.7056,0.71675
0.63798,-0.72275,-0.25708,-0.067309,1.016,-4.718,0.71342
0.63684,-0.72341,-0.25774,-0.068455,1.082,-4.7303,0.7102
0.63569,-0.72407,-0.2584,-0.069601,1.1479,-4.7426,0.7071
0.63454,-0.72473,-0.25906,-0.070746,1.2136,-4.7548,0.70412
0.63339,-0.72539,-0.25972,-0.071891,1.2792,-4.7669,0.70126
0.63224,-0.72604,-0.26038,-0.073036,1.3445,-4.7789,0.69851
0.63109,-0.72669,-0.26104,-0.074181,1.4096,-4.7909,0.69589
0.62993,-0.72734,-0.2617,-0.075325,1.4742,-4.8027,0.69339
0.62877,-0.72799,-0.26235,-0.07647,1.5384,-4.8145,0.69101
0.62761,-0.72863,-0.26301,-0.077613,1.6022,-4.8262,0.68875
0.62645,-0.72928,-0.26366,-0.078757,1.6654,-4.8379,0.68662
0.62528,-0.72991,-0.26431,-0.0799,1.728,-4.8494,0.68462
0.62411,-0.73055,-0.26497,-0.081043,1.7899,-4.8609,0.68274
0.62295,-0.73118,-0.26562,-0.082186,1.8512,-4.8723,0.68099
0.62177,-0.73182,-0.26627,-0.083329,1.9116,-4.8835,0.67936
0.6206,-0.73244,-0.26692,-0.084471,1.9713,-4.8947,0.67786
0.61942,-0.73307,-0.26757,-0.085613,2.0301,-4.9058,0.6765
0.61825,-0.73369,-0.26822,-0.086754,2.0879,-4.9169,0.67526
0.61706,-0.73432,-0.26886,-0.087896,2.1448,-4.9278,0.67415
0.61588,-0.73493,-0.26951,-0.089037,2.2006,-4.9386,0.67317
0.6147,-0.73555,-0.27015,-0.090177,2.2554,-4.9494,0.67232
0.61351,-0.73616,-0.2708,-0.091318,2.309,-4.96,0.67161
0.61232,-0.73677,-0.27144,-0.092458,2.3614,-4.9706,0.67102
0.61113,-0.73738,-0.27208,-0.093598,2.4127,-4.981,0.67057
0.60994,-0.73799,-0.27272,-0.094737,2.4626,-4.9914,0.67025
0.60874,-0.73859,-0.27336,-0.095876,2.5113,-5.0016,0.67006
0.60754,-0.73919,-0.274,-0.097015,2.5585,-5.0118,0.67
0.60634,-0.73979,-0.27464,-0.098153,2.6044,-5.0218,0.67007
0.60514,-0.74038,-0.27528,-0.099291,2.6488,-5.0318,0.67028
0.60394,-0.74098,-0.27591,-0.10043,2.6918,-5.0416,0.67062
0.60273,-0.74157,-0.27655,-0.10157,2.7332,-5.0514,0.67109
0.60152,-0.74215,-0.27718,-0.1027,2.7731,-5.061,0.67169
0.60031,-0.74274,-0.27782,-0.10384,2.8113,-5.0706,0.67242
0.5991,-0.74332,-0.27845,-0.10498,2.848,-5.08,0.67329
0.59789,-0.7439,-0.27908,-0.10611,2.8829,-5.0893,0.67428
0.59667,-0.74448,-0.27971,-0.10725,2.9162,-5.0985,0.67541
0.59545,-0.74505,-0.28034,-0.10838,2.9478,-5.1076,0.67666
0.59423,-0.74562,-0.28097,-0.10952,2.9776,-5.1166,0.67804
0.59301,-0.74619,-0.2816,-0.11065,3.0056,-5.1255,0.67956
0.59178,-0.74676,-0.28222,-0.11179,3.0318,-5.1343,0.6812
0.59056,-0.74732,-0.28285,-0.11292,3.0562,-5.1429,0.68297
0.58933,-0.74788,-0.28347,-0.11405,3.0788,-5.1514,0.68486
0.58809,-0.74844,-0.2841,-0.11519,3.0994,-5.1599,0.68688
0.58686,-0.749,-0.28472,-0.11632,3.1182,-5.1682,0.68903
0.58563,-0.74955,-0.28534,-0.11745,3.1351,-5.1764,0.6913
0.58439,-0.7501,-0.28596,-0.11858,3.15,-5.1844,0.69369
0.58315,-0.75065,-0.28658,-0.11971,3.163,-5.1924,0.69621
0.58191,-0.7512,-0.2872,-0.12084,3.1741,-5.2002,0.69885
0.58066,-0.75174,-0.28782,-0.12197,3.1832,-5.2079,0.70161
0.57942,-0.75228,-0.28844,-0.1231,3.1904,-5.2155,0.70448
0.57817,-0.75282,-0.28905,-0.12423,3.1956,-5.223,0.70748
0.57692,-0.75335,-0.28967,-0.12536,3.1988,-5.2303,0.71059
0.57567,-0.75388,-0.29028,-0.12649,3.2,-5.2376,0.71382
0.57442,-0.75441,-0.29089,-0.12762,3.1992,-5.2447,0.71717
0.57316,-0.75494,-0.2915,-0.12875,3.1965,-5.2517,0.72062
0.5719,-0.75547,-0.29211,-0.12987,3.1918,-5.2585,0.72419
0.57064,-0.75599,-0.29272,-0.131,3.1851,-5.2652,0.72787
0.56938,-0.75651,-0.29333,-0.13213,3.1764,-5.2718,0.73166
0.56812,-0.75702,-0.29394,-0.13325,3.1658,-5.2783,0.73555
0.56685,-0.75754,-0.29455,-0.13438,3.1533,-5.2847,0.73955
0.56559,-0.75805,-0.29515,-0.1355,3.1388,-5.2909,0.74366
0.56432,-0.75856,-0.29576,-0.13663,3.1224,-5.297,0.74787
0.56305,-0.75906,-0.29636,-0.13775,3.104,-5.3029,0.75217
0.56177,-0.75957,-0.29696,-0.13888,3.0838,-5.3087,0.75658
0.5605,-0.76007,-0.29756,-0.14,3.0617,-5.3144,0.76109
0.55922,-0.76056,-0.29816,-0.14112,3.0377,-5.32,0.76569
0.55794,-0.76106,-0.29876,-0.14224,3.012,-5.3254,0.77038
0.55666,-0.76155,-0.29936,-0.14336,2.9844,-5.3307,0.77517
0.55538,-0.76204,-0.29996,-0.14449,2.955,-5.3359,0.78004
0.55409,-0.76253,-0.30055,-0.14561,2.9238,-5.3409,0.78501
0.5528,-0.76301,-0.30115,-0.14673,2.8909,-5.3458,0.79006
0.55151,-0.7635,-0.30174,-0.14785,2.8564,-5.3506,0.79519
0.55022,-0.76398,-0.30233,-0.14896,2.8201,-5.3552,0.80041
0.54893,-0.76445,-0.30293,-0.15008,2.7822,-5.3597,0.8057
0.54764,-0.76493,-0.30352,-0.1512,2.7427,-5.3641,0.81107
0.54634,-0.7654,-0.30411,-0.15232,2.7017,-5.3683,0.81652
0.54504,-0.76587,-0.30469,-0.15344,2.6591,-5.3724,0.82204
0.54374,-0.76633,-0.30528,-0.15455,2.615,-5.3764,0.82764
0.54244,-0.76679,-0.30587,-0.15567,2.5695,-5.3802,0.8333
0.54113,-0.76726,-0.30645,-0.15678,2.5225,-5.3838,0.83903
0.53983,-0.76771,-0.30704,-0.1579,2.4742,-5.3874,0.84482
0.53852,-0.76817,-0.30762,-0.15901,2.4246,-5.3908,0.85068
0.53721,-0.76862,-0.3082,-0.16013,2.3736,-5.394,0.85659
0.5359,-0.76907,-0.30879,-0.16124,2.3215,-5.3971,0.86257
0.53458,-0.76952,-0.30937,-0.16235,2.2681,-5.4001,0.86859
0.53327,-0.76996,-0.30994,-0.16346,2.2136,-5.403,0.87467
0.53195,-0.7704,-0.31052,-0.16457,2.158,-5.4057,0.8808
0.53063,-0.77084,-0.3111,-0.16568,2.1014,-5.4082,0.88698
0.52931,-0.77128,-0.31167,-0.16679,2.0438,-5.4106,0.8932
0.52799,-0.77171,-0.31225,-0.1679,1.9852,-5.4129,0.89947
0.52666,-0.77214,-0.31282,-0.16901,1.9258,-5.415,0.90578
0.52533,-0.77257,-0.31339,-0.17012,1.8655,-5.417,0.91212
0.524,-0.773,-0.31397,-0.17123,1.8044,-5.4189,0.9185
0.52267,-0.77342,-0.31454,-0.17234,1.7427,-5.4206,0.92491
0.52134,-0.77384,-0.31511,-0.17344,1.6802,-5.4222,0.93135
0.52001,-0.77426,-0.31567,-0.17455,1.6171,-5.4236,0.93782
0.51867,-0.77467,-0.31624,-0.17566,1.5535,-5.4249,0.94431
0.51733,-0.77508,-0.31681,-0.17676,1.4894,-5.426,0.95083
0.51599,-0.77549,-0.31737,-0.17786,1.4248,-5.427,0.95737
0.51465,-0.7759,-0.31793,-0.17897,1.3599,-5.4279,0.96392
0.51331,-0.7763,-0.3185,-0.18007,1.2946,-5.4286,0.97049
0.51196,-0.7767,-0.31906,-0.18117,1.2291,-5.4291,0.97707
0.51062,-0.7771,-0.31962,-0.18227,1.1634,-5.4296,0.98365
0.50927,-0.7775,-0.32018,-0.18338,1.0975,-5.4298,0.99025
0.50792,-0.77789,-0.32074,-0.18448,1.0315,-5.43,0.99685
0.50657,-0.77828,-0.32129,-0.18558,0.96554,-5.43,1.0034
0.50521,-0.77867,-0.32185,-0.18667,0.89957,-5.4298,1.01
0.50386,-0.77905,-0.3224,-0.18777,0.83369,-5.4295,1.0166
0.5025,-0.77944,-0.32296,-0.18887,0.76797,-5.4291,1.0232
0.50114,-0.77982,-0.32351,-0.18997,0.70245,-5.4285,1.0298
-0.49978,0.78019,0.32406,0.19106,0.6372,-5.4278,1.0364
-0.49842,0.78057,0.32461,0.19216,0.57228,-5.427,1.0429
-0.49705,0.78094,0.32516,0.19326,0.50774,-5.426,1.0495
-0.49569,0.78131,0.32571,0.19435,0.44364,-5.4248,1.056
-0.49432,0.78167,0.32625,0.19544,0.38005,-5.4235,1.0625
-0.49295,0.78203,0.3268,0.19654,0.31701,-5.4221,1.0689
-0.49158,0.78239,0.32734,0.19763,0.25459,-5.4205,1.0754
-0.4902,0.78275,0.32789,0.19872,0.19284,-5.4188,1.0818
-0.48883,0.78311,0.32843,0.19981,0.13181,-5.4169,1.0882
-0.48745,0.78346,0.32897,0.2009,0.071568,-5.4149,1.0945
-0.48608,0.78381,0.32951,0.20199,0.01216,-5.4128,1.1008
-0.4847,0.78415,0.33005,0.20308,-0.046359,-5.4105,1.1071
-0.48331,0.7845,0.33058,0.20417,-0.10394,-5.4081,1.1133
-0.48193,0.78484,0.33112,0.20526,-0.16052,-5.4055,1.1195
-0.48055,0.78518,0.33166,0.20634,-0.21606,-5.4028,1.1256
-0.47916,0.78551,0.33219,0.20743,-0.27051,-5.4,1.1317
-0.47777,0.78585,0.33272,0.20851,-0.32381,-5.397,1.1377
-0.47638,0.78618,0.33325,0.2096,-0.37592,-5.3939,1.1437
-0.47499,0.7865,0.33379,0.21068,-0.42679,-5.3906,1.1496
-0.4736,0.78683,0.33431,0.21177,-0.47638,-5.3872,1.1554
-0.4722,0.78715,0.33484,0.21285,-0.52464,-5.3837,1.1612
-0.4708,0.78747,0.33537,0.21393,-0.57153,-5.38,1.167
-0.46941,0.78778,0.3359,0.21501,-0.617,-5.3762,1.1726
-0.46801,0.7881,0.33642,0.21609,-0.66102,-5.3722,1.1782
-0.4666,0.78841,0.33694,0.21717,-0.70354,-5.3681,1.1837
-0.4652,0.78872,0.33747,0.21825,-0.74453,-5.3639,1.1892
-0.4638,0.78902,0.33799,0.21933,-0.78395,-5.3595,1.1945
-0.46239,0.78932,0.33851,0.2204,-0.82177,-5.355,1.1998
-0.46098,0.78962,0.33903,0.22148,-0.85794,-5.3504,1.205
-0.45957,0.78992,0.33954,0.22256,-0.89244,-5.3456,1.2102
-0.45816,0.79021,0.34006,0.22363,-0.92525,-5.3407,1.2152
-0.45675,0.79051,0.34057,0.2247,-0.95631,-5.3357,1.2202
-0.45533,0.79079,0.34109,0.22578,-0.98562,-5.3305,1.225
-0.45392,0.79108,0.3416,0.22685,-1.0131,-5.3252,1.2298
-0.4525,0.79136,0.34211,0.22792,-1.0388,-5.3198,1.2345
-0.45108,0.79164,0.34262,0.22899,-1.0627,-5.3142,1.2391
-0.44966,0.79192,0.34313,0.23006,-1.0847,-5.3085,1.2436
-0.44824,0.7922,0.34364,0.23113,-1.1049,-5.3027,1.248
-0.44681,0.79247,0.34415,0.2322,-1.1231,-5.2967,1.2523
-0.44539,0.79274,0.34465,0.23327,-1.1395,-5.2906,1.2565
-0.44396,0.793,0.34516,0.23433,-1.1539,-5.2844,1.2606
-0.44253,0.79327,0.34566,0.2354,-1.1663,-5.278,1.2646
-0.4411,0.79353,0.34616,0.23646,-1.1769,-5.2715,1.2685
-0.43967,0.79379,0.34666,0.23753,-1.1854,-5.2649,1.2723
-0.43824,0.79404,0.34716,0.23859,-1.192,-5.2582,1.276
-0.4368,0.79429,0.34766,0.23966,-1.1967,-5.2513,1.2795
-0.43536,0.79454,0.34816,0.24072,-1.1993,-5.2444,1.283
-0.43393,0.79479,0.34865,0.24178,-1.2,-5.2373,1.2863
-0.43249,0.79503,0.34915,0.24284,-1.1987,-5.23,1.2895
-0.43105,0.79528,0.34964,0.2439,-1.1954,-5.2227,1.2927
-0.4296,0.79551,0.35013,0.24496,-1.1901,-5.2152,1.2956
-0.42816,0.79575,0.35063,0.24601,-1.1829,-5.2076,1.2985
-0.42671,0.79598,0.35112,0.24707,-1.1737,-5.1999,1.3013
-0.42527,0.79621,0.3516,0.24813,-1.1625,-5.192,1.3039
-0.42382,0.79644,0.35209,0.24918,-1.1494,-5.1841,1.3064
-0.42237,0.79667,0.35258,0.25023,-1.1344,-5.176,1.3088
-0.42092,0.79689,0.35306,0.25129,-1.1174,-5.1678,1.3111
-0.41946,0.79711,0.35355,0.25234,-1.0985,-5.1595,1.3132
-0.41801,0.79732,0.35403,0.25339,-1.0778,-5.1511,1.3152
-0.41655,0.79754,0.35451,0.25444,-1.0552,-5.1425,1.3171
-0.4151,0.79775,0.35499,0.25549,-1.0307,-5.1339,1.3189
-0.41364,0.79796,0.35547,0.25654,-1.0044,-5.1251,1.3205
-0.41218,0.79816,0.35594,0.25759,-0.9763,-5.1162,1.322
-0.41072,0.79836,0.35642,0.25863,-0.94642,-5.1072,1.3234
-0.40925,0.79856,0.3569,0.25968,-0.91479,-5.0981,1.3246
-0.40779,0.79876,0.35737,0.26073,-0.88143,-5.0889,1.3258
-0.40632,0.79895,0.35784,0.26177,-0.84638,-5.0796,1.3268
-0.40486,0.79914,0.35831,0.26281,-0.80967,-5.0701,1.3276
-0.40339,0.79933,0.35878,0.26386,-0.77133,-5.0606,1.3283
-0.40192,0.79952,0.35925,0.2649,-0.73139,-5.051,1.3289
-0.40045,0.7997,0.35972,0.26594,-0.6899,-5.0412,1.3294
-0.39897,0.79988,0.36019,0.26698,-0.64689,-5.0314,1.3297
-0.3975,0.80006,0.36065,0.26802,-0.60239,-5.0214,1.3299
-0.39602,0.80023,0.36111,0.26905,-0.55646,-5.0113,1.33
-0.39455,0.8004,0.36158,0.27009,-0.50912,-5.0012,1.3299
-0.39307,0.80057,0.36204,0.27113,-0.46042,-4.9909,1.3297
-0.39159,0.80074,0.3625,0.27216,-0.41041,-4.9806,1.3294
-0.39011,0.8009,0.36296,0.2732,-0.35913,-4.9701,1.329
-0.38862,0.80106,0.36341,0.27423,-0.30663,-4.9595,1.3284
-0.38714,0.80122,0.36387,0.27526,-0.25295,-4.9489,1.3276
-0.38565,0.80138,0.36432,0.27629,-0.19815,-4.9382,1.3268
-0.38417,0.80153,0.36478,0.27732,-0.14226,-4.9273,1.3258
-0.38268,0.80168,0.36523,0.27835,-0.08535,-4.9164,1.3247
-0.38119,0.80182,0.36568,0.27938,-0.027461,-4.9054,1.3234
-0.3797,0.80197,0.36613,0.28041,0.031352,-4.8942,1.3221
-0.37821,0.80211,0.36658,0.28143,0.091038,-4.883,1.3206
-0.37671,0.80225,0.36702,0.28246,0.15154,-4.8717,1.3189
-0.37522,0.80238,0.36747,0.28348,0.21281,-4.8604,1.3172
-0.37372,0.80251,0.36792,0.2845,0.27478,-4.8489,1.3153
-0.37223,0.80264,0.36836,0.28553,0.33741,-4.8374,1.3133
-0.37073,0.80277,0.3688,0.28655,0.40064,-4.8257,1.3111
-0.36923,0.80289,0.36924,0.28757,0.4644,-4.814,1.3089
-0.36773,0.80301,0.36968,0.28859,0.52864,-4.8022,1.3065
-0.36622,0.80313,0.37012,0.28961,0.59331,-4.7903,1.304
-0.36472,0.80325,0.37055,0.29062,0.65835,-4.7784,1.3014
-0.36322,0.80336,0.37099,0.29164,0.72369,-4.7663,1.2986
-0.36171,0.80347,0.37142,0.29265,0.78929,-4.7542,1.2957
-0.3602,0.80358,0.37186,0.29367,0.85507,-4.742,1.2928
-0.35869,0.80368,0.37229,0.29468,0.92098,-4.7298,1.2897
-0.35718,0.80378,0.37272,0.29569,0.98696,-4.7174,1.2864
-0.35567,0.80388,0.37315,0.2967,1.053,-4.705,1.2831
-0.35416,0.80398,0.37358,0.29771,1.1189,-4.6926,1.2797
-0.35264,0.80407,0.374,0.29872,1.1847,-4.68,1.2761
-0.35113,0.80416,0.37443,0.29973,1.2504,-4.6674,1.2724
-0.34961,0.80425,0.37485,0.30074,1.3159,-4.6547,1.2686
-0.3481,0.80433,0.37527,0.30174,1.381,-4.642,1.2648
-0.34658,0.80441,0.37569,0.30275,1.4459,-4.6292,1.2608
-0.34506,0.80449,0.37611,0.30375,1.5103,-4.6163,1.2567
-0.34354,0.80457,0.37653,0.30475,1.5742,-4.6034,1.2525
-0.34201,0.80464,0.37695,0.30576,1.6377,-4.5904,1.2482
-0.34049,0.80471,0.37737,0.30676,1.7005,-4.5773,1.2438
-0.33897,0.80478,0.37778,0.30776,1.7628,-4.5642,1.2393
-0.33744,0.80484,0.37819,0.30875,1.8243,-4.551,1.2347
-0.33591,0.80491,0.3786,0.30975,1.8852,-4.5378,1.23
-0.33438,0.80497,0.37902,0.31075,1.9452,-4.5245,1.2252
-0.33285,0.80502,0.37942,0.31174,2.0043,-4.5112,1.2203
-0.33132,0.80508,0.37983,0.31274,2.0626,-4.4978,1.2154
-0.32979,0.80513,0.38024,0.31373,2.1199,-4.4844,1.2103
-0.32826,0.80517,0.38064,0.31472,2.1762,-4.4709,1.2052
-0.32673,0.80522,0.38105,0.31571,2.2314,-4.4574,1.2
-0.32519,0.80526,0.38145,0.3167,2.2856,-4.4438,1.1947
-0.32365,0.8053,0.38185,0.31769,2.3385,-4.4302,1.1894
-0.32212,0.80534,0.38225,0.31868,2.3903,-4.4165,1.1839
-0.32058,0.80537,0.38265,0.31966,2.4408,-4.4028,1.1784
-0.31904,0.8054,0.38305,0.32065,2.49,-4.3891,1.1728
-0.3175,0.80543,0.38344,0.32163,2.5379,-4.3753,1.1672
-0.31595,0.80546,0.38384,0.32262,2.5844,-4.3615,1.1614
-0.31441,0.80548,0.38423,0.3236,2.6295,-4.3477,1.1556
-0.31287,0.8055,0.38462,0.32458,2.6731,-4.3338,1.1498
-0.31132,0.80552,0.38501,0.32556,2.7152,-4.3198,1.1439
-0.30978,0.80553,0.3854,0.32654,2.7557,-4.3059,1.1379
-0.30823,0.80554,0.38579,0.32751,2.7947,-4.2919,1.1319
-0.30668,0.80555,0.38618,0.32849,2.8321,-4.2779,1.1258
-0.30513,0.80556,0.38656,0.32946,2.8678,-4.2639,1.1197
-0.30358,0.80556,0.38694,0.33044,2.9018,-4.2498,1.1135
-0.30203,0.80556,0.38733,0.33141,2.9341,-4.2357,1.1073
-0.30048,0.80556,0.38771,0.33238,2.9647,-4.2216,1.101
-0.29892,0.80555,0.38809,0.33335,2.9935,-4.2074,1.0947
-0.29737,0.80554,0.38847,0.33432,3.0205,-4.1933,1.0884
-0.29581,0.80553,0.38884,0.33529,3.0457,-4.1791,1.082
-0.29425,0.80552,0.38922,0.33626,3.0691,-4.1649,1.0756
-0.2927,0.8055,0.38959,0.33722,3.0906,-4.1507,1.0692
-0.29114,0.80548,0.38997,0.33819,3.1102,-4.1365,1.0627
-0.28958,0.80546,0.39034,0.33915,3.1279,-4.1222,1.0562
-0.28802,0.80543,0.39071,0.34011,3.1437,-4.108,1.0497
-0.28645,0.8054,0.39108,0.34107,3.1576,-4.0937,1.0432
-0.28489,0.80537,0.39144,0.34203,3.1695,-4.0794,1.0366
-0.28333,0.80534,0.39181,0.34299,3.1795,-4.0651,1.03
-0.28176,0.8053,0.39217,0.34395,3.1875,-4.0509,1.0235
-0.2802,0.80526,0.39254,0.3449,3.1935,-4.0366,1.0169
-0.27863,0.80522,0.3929,0.34586,3.1976,-4.0223,1.0103
-0.27706,0.80517,0.39326,0.34681,3.1997,-4.008,1.0037
-0.27549,0.80513,0.39362,0.34777,3.1998,-3.9937,0.99708
-0.27392,0.80508,0.39398,0.34872,3.1979,-3.9794,0.99048
-0.27235,0.80502,0.39433,0.34967,3.1941,-3.9651,0.98389
-0.27078,0.80497,0.39469,0.35062,3.1883,-3.9508,0.9773
-0.26921,0.80491,0.39504,0.35156,3.1805,-3.9365,0.97072
-0.26763,0.80484,0.39539,0.35251,3.1707,-3.9222,0.96415
-0.26606,0.80478,0.39574,0.35345,3.159,-3.9079,0.9576
-0.26448,0.80471,0.39609,0.3544,3.1454,-3.8937,0.95106
-0.26291,0.80464,0.39644,0.35534,3.1298,-3.8794,0.94454
-0.26133,0.80457,0.39679,0.35628,3.1123,-3.8652,0.93805
-0.25975,0.80449,0.39713,0.35722,3.0929,-3.8509,0.93158
-0.25817,0.80441,0.39748,0.35816,3.0716,-3.8367,0.92514
-0.25659,0.80433,0.39782,0.3591,3.0485,-3.8225,0.91872
-0.25501,0.80425,0.39816,0.36003,3.0235,-3.8083,0.91234
-0.25343,0.80416,0.3985,0.36097,2.9967,-3.7942,0.906
-0.25184,0.80407,0.39884,0.3619,2.9681,-3.78,0.89969
-0.25026,0.80398,0.39918,0.36284,2.9377,-3.7659,0.89342
-0.24868,0.80388,0.39951,0.36377,2.9056,-3.7518,0.8872
-0.24709,0.80378,0.39985,0.3647,2.8718,-3.7378,0.88102
-0.2455,0.80368,0.40018,0.36563,2.8363,-3.7237,0.87489
-0.24392,0.80358,0.40051,0.36655,2.7991,-3.7097,0.86881
-0.24233,0.80347,0.40084,0.36748,2.7603,-3.6957,0.86278
-0.24074,0.80336,0.40117,0.3684,2.7199,-3.6818,0.8568
-0.23915,0.80325,0.4015,0.36933,2.678,-3.6678,0.85089
-0.23756,0.80313,0.40182,0.37025,2.6346,-3.6539,0.84503
-0.23597,0.80301,0.40215,0.37117,2.5897,-3.6401,0.83923
-0.23438,0.80289,0.40247,0.37209,2.5433,-3.6263,0.8335
-0.23278,0.80277,0.40279,0.37301,2.4956,-3.6125,0.82784
-0.23119,0.80264,0.40311,0.37393,2.4465,-3.5987,0.82224
-0.22959,0.80251,0.40343,0.37484,2.3962,-3.585,0.81672
-0.228,0.80238,0.40375,0.37576,2.3445,-3.5714,0.81126
-0.2264,0.80224,0.40406,0.37667,2.2917,-3.5577,0.80589
-0.22481,0.80211,0.40438,0.37758,2.2377,-3.5442,0.80059
-0.22321,0.80196,0.40469,0.37849,2.1826,-3.5306,0.79537
-0.22161,0.80182,0.405,0.3794,2.1264,-3.5172,0.79024
-0.22001,0.80167,0.40531,0.38031,2.0692,-3.5037,0.78518
-0.21841,0.80153,0.40562,0.38122,2.0111,-3.4903,0.78022
-0.21681,0.80137,0.40593,0.38212,1.952,-3.477,0.77534
-0.21521,0.80122,0.40623,0.38303,1.8921,-3.4637,0.77055
-0.2136,0.80106,0.40654,0.38393,1.8314,-3.4505,0.76585
-0.212,0.8009,0.40684,0.38483,1.7699,-3.4373,0.76125
-0.2104,0.80074,0.40714,0.38573,1.7077,-3.4242,0.75674
-0.20879,0.80057,0.40744,0.38663,1.6449,-3.4111,0.75233
-0.20719,0.8004,0.40774,0.38752,1.5815,-3.3981,0.74802
-0.20558,0.80023,0.40804,0.38842,1.5176,-3.3852,0.74381
-0.20397,0.80006,0.40834,0.38931,1.4533,-3.3723,0.7397
-0.20237,0.79988,0.40863,0.39021,1.3885,-3.3595,0.73569
-0.20076,0.7997,0.40892,0.3911,1.3234,-3.3467,0.73179
-0.19915,0.79952,0.40921,0.39199,1.2579,-3.334,0.728
-0.19754,0.79933,0.4095,0.39288,1.1923,-3.3214,0.72432
-0.19593,0.79914,0.40979,0.39377,1.1265,-3.3089,0.72075
-0.19432,0.79895,0.41008,0.39465,1.0605,-3.2964,0.71729
-0.19271,0.79876,0.41037,0.39554,0.99454,-3.284,0.71394
-0.19109,0.79856,0.41065,0.39642,0.92855,-3.2716,0.71071
-0.18948,0.79836,0.41093,0.3973,0.86263,-3.2594,0.70759
-0.18787,0.79816,0.41122,0.39818,0.79683,-3.2472,0.70459
-0.18625,0.79795,0.4115,0.39906,0.73122,-3.235,0.70171
-0.18464,0.79775,0.41177,0.39994,0.66584,-3.223,0.69894
-0.18302,0.79753,0.41205,0.40082,0.60077,-3.211,0.6963
-0.18141,0.79732,0.41233,0.40169,0.53605,-3.1992,0.69378
-0.17979,0.7971,0.4126,0.40257,0.47175,-3.1873,0.69138
-0.17817,0.79689,0.41288,0.40344,0.40793,-3.1756,0.68911
-0.17655,0.79666,0.41315,0.40431,0.34464,-3.164,0.68695
-0.17493,0.79644,0.41342,0.40518,0.28194,-3.1524,0.68493
-0.17332,0.79621,0.41369,0.40605,0.21989,-3.1409,0.68303
-0.17169,0.79598,0.41395,0.40691,0.15854,-3.1296,0.68126
-0.17007,0.79575,0.41422,0.40778,0.097946,-3.1183,0.67961
-0.16845,0.79551,0.41448,0.40864,0.038164,-3.107,0.67809
-0.16683,0.79527,0.41475,0.4095,-0.020752,-3.0959,0.67671
-0.16521,0.79503,0.41501,0.41036,-0.07875,-3.0849,0.67545
-0.16359,0.79479,0.41527,0.41122,-0.13578,-3.0739,0.67432
-0.16196,0.79454,0.41553,0.41208,-0.19178,-3.0631,0.67332
-0.16034,0.79429,0.41578,0.41294,-0.24671,-3.0523,0.67245
-0.15871,0.79404,0.41604,0.41379,-0.30052,-3.0417,0.67171
-0.15709,0.79378,0.41629,0.41465,-0.35316,-3.0311,0.67111
-0.15546,0.79352,0.41655,0.4155,-0.40459,-3.0206,0.67063
-0.15384,0.79326,0.4168,0.41635,-0.45475,-3.0103,0.67029
-0.15221,0.793,0.41705,0.4172,-0.50359,-3,0.67008
-0.15058,0.79273,0.41729,0.41805,-0.55109,-2.9898,0.67
-0.14895,0.79246,0.41754,0.41889,-0.59719,-2.9798,0.67005
-0.14733,0.79219,0.41779,0.41974,-0.64185,-2.9698,0.67024
-0.1457,0.79192,0.41803,0.42058,-0.68504,-2.9599,0.67056
-0.14407,0.79164,0.41827,0.42142,-0.72671,-2.9502,0.671
-0.14244,0.79136,0.41851,0.42226,-0.76682,-2.9405,0.67159
-0.14081,0.79108,0.41875,0.4231,-0.80535,-2.9309,0.6723
-0.13918,0.79079,0.41899,0.42394,-0.84225,-2.9215,0.67314
-0.13754,0.7905,0.41923,0.42478,-0.87749,-2.9122,0.67411
-0.13591,0.79021,0.41946,0.42561,-0.91104,-2.9029,0.67522
-0.13428,0.78992,0.4197,0.42644,-0.94287,-2.8938,0.67645
-0.13265,0.78962,0.41993,0.42728,-0.97296,-2.8848,0.67781
-0.13101,0.78932,0.42016,0.42811,-1.0013,-2.8759,0.67931
-0.12938,0.78902,0.42039,0.42894,-1.0278,-2.8671,0.68093
-0.12774,0.78871,0.42062,0.42976,-1.0525,-2.8585,0.68267
-0.12611,0.7884,0.42084,0.43059,-1.0753,-2.8499,0.68455
-0.12447,0.78809,0.42107,0.43141,-1.0963,-2.8415,0.68655
-0.12284,0.78778,0.42129,0.43223,-1.1153,-2.8331,0.68868
-0.1212,0.78746,0.42151,0.43306,-1.1325,-2.8249,0.69093
-0.11957,0.78715,0.42173,0.43387,-1.1478,-2.8168,0.6933
-0.11793,0.78682,0.42195,0.43469,-1.1611,-2.8089,0.6958
-0.11629,0.7865,0.42217,0.43551,-1.1725,-2.801,0.69842
-0.11465,0.78617,0.42239,0.43632,-1.1819,-2.7933,0.70116
-0.11302,0.78584,0.4226,0.43714,-1.1894,-2.7857,0.70402
-0.11138,0.78551,0.42281,0.43795,-1.1949,-2.7782,0.707
-0.10974,0.78517,0.42302,0.43876,-1.1984,-2.7708,0.71009
-0.1081,0.78484,0.42323,0.43957,-1.1999,-2.7636,0.7133
-0.10646,0.78449,0.42344,0.44038,-1.1995,-2.7564,0.71663
-0.10482,0.78415,0.42365,0.44118,-1.1971,-2.7494,0.72007
-0.10318,0.7838,0.42386,0.44199,-1.1927,-2.7426,0.72362
-0.10154,0.78345,0.42406,0.44279,-1.1863,-2.7358,0.72728
-0.099898,0.7831,0.42426,0.44359,-1.178,-2.7292,0.73105
-0.098257,0.78275,0.42446,0.44439,-1.1677,-2.7227,0.73493
-0.096615,0.78239,0.42466,0.44519,-1.1554,-2.7163,0.73891
-0.094973,0.78203,0.42486,0.44598,-1.1412,-2.7101,0.743
-0.09333,0.78167,0.42506,0.44678,-1.1251,-2.704,0.74719
-0.091687,0.7813,0.42525,0.44757,-1.1071,-2.698,0.75148
-0.090044,0.78093,0.42545,0.44836,-1.0871,-2.6922,0.75587
-0.088401,0.78056,0.42564,0.44915,-1.0653,-2.6865,0.76036
-0.086757,0.78019,0.42583,0.44994,-1.0417,-2.6809,0.76495
-0.085113,0.77981,0.42602,0.45073,-1.0162,-2.6754,0.76963
-0.083469,0.77943,0.42621,0.45152,-0.98887,-2.6701,0.7744
-0.081824,0.77905,0.42639,0.4523,-0.95977,-2.6649,0.77926
-0.080179,0.77867,0.42658,0.45308,-0.9289,-2.6598,0.78421
-0.078534,0.77828,0.42676,0.45386,-0.8963,-2.6549,0.78925
-0.076888,0.77789,0.42694,0.45464,-0.86199,-2.6501,0.79437
-0.075243,0.77749,0.42712,0.45542,-0.82601,-2.6455,0.79957
-0.073596,0.7771,0.4273,0.45619,-0.78838,-2.641,0.80485
-0.07195,0.7767,0.42748,0.45697,-0.74914,-2.6366,0.81021
-0.070304,0.7763,0.42766,0.45774,-0.70833,-2.6323,0.81565
-0.068657,0.7759,0.42783,0.45851,-0.66598,-2.6282,0.82116
-0.06701,0.77549,0.428,0.45928,-0.62213,-2.6243,0.82674
-0.065363,0.77508,0.42817,0.46005,-0.57682,-2.6204,0.83239
-0.063715,0.77467,0.42834,0.46082,-0.53009,-2.6167,0.83811
-0.062067,0.77425,0.42851,0.46158,-0.48199,-2.6132,0.8439
-0.06042,0.77384,0.42868,0.46234,-0.43255,-2.6098,0.84974
-0.058771,0.77342,0.42884,0.46311,-0.38182,-2.6065,0.85565
-0.057123,0.77299,0.42901,0.46387,-0.32985,-2.6033,0.86161
-0.055475,0.77257,0.42917,0.46462,-0.27669,-2.6003,0.86763
-0.053826,0.77214,0.42933,0.46538,-0.22237,-2.5975,0.8737
-0.052177,0.77171,0.42949,0.46614,-0.16695,-2.5948,0.87982
-0.050528,0.77127,0.42965,0.46689,-0.11049,-2.5922,0.88599
-0.048879,0.77084,0.4298,0.46764,-0.053021,-2.5897,0.89221
-0.047229,0.7704,0.42996,0.46839,0.0053926,-2.5874,0.89847
-0.045579,0.76996,0.43011,0.46914,0.064701,-2.5853,0.90477
-0.04393,0.76951,0.43026,0.46989,0.12485,-2.5833,0.91111
-0.04228,0.76907,0.43041,0.47063,0.18579,-2.5814,0.91748
-0.04063,0.76862,0.43056,0.47137,0.24746,-2.5797,0.92389
-0.038979,0.76816,0.43071,0.47212,0.30981,-2.5781,0.93032
-0.037329,0.76771,0.43086,0.47286,0.37278,-2.5766,0.93679
-0.035679,0.76725,0.431,0.4736,0.43631,-2.5753,0.94328
-0.034028,0.76679,0.43114,0.47433,0.50035,-2.5742,0.94979
-0.032377,0.76633,0.43128,0.47507,0.56484,-2.5731,0.95632
-0.030726,0.76586,0.43142,0.4758,0.62972,-2.5723,0.96287
-0.029075,0.76539,0.43156,0.47653,0.69494,-2.5715,0.96944
-0.027424,0.76492,0.4317,0.47726,0.76043,-2.5709,0.97602
-0.025773,0.76445,0.43183,0.47799,0.82614,-2.5705,0.9826
-0.024122,0.76397,0.43197,0.47872,0.892,-2.5702,0.9892
-0.022471,0.76349,0.4321,0.47944,0.95796,-2.57,0.9958
-0.020819,0.76301,0.43223,0.48017,1.024,-2.57,1.0024
-0.019168,0.76252,0.43236,0.48089,1.0899,-2.5701,1.009
-0.017516,0.76204,0.43249,0.48161,1.1558,-2.5704,1.0156
-0.015865,0.76155,0.43261,0.48233,1.2216,-2.5708,1.0222
-0.014213,0.76105,0.43274,0.48304,1.2871,-2.5714,1.0288
-0.012561,0.76056,0.43286,0.48376,1.3524,-2.5721,1.0353
-0.01091,0.76006,0.43298,0.48447,1.4174,-2.5729,1.0419
-0.0092578,0.75956,0.4331,0.48518,1.482,-2.5739,1.0484
-0.007606,0.75906,0.43322,0.48589,1.5462,-2.575,1.0549
-0.0059541,0.75855,0.43334,0.4866,1.6099,-2.5763,1.0614
-0.0043022,0.75804,0.43345,0.48731,1.673,-2.5777,1.0679
-0.0026504,0.75753,0.43357,0.48801,1.7355,-2.5792,1.0744
-0.00099847,0.75702,0.43368,0.48872,1.7974,-2.5809,1.0808
0.00065343,0.7565,0.43379,0.48942,1.8585,-2.5827,1.0871
0.0023053,0.75598,0.4339,0.49012,1.9189,-2.5847,1.0935
0.0039572,0.75546,0.43401,0.49082,1.9784,-2.5868,1.0998
0.0056091,0.75494,0.43411,0.49151,2.0371,-2.5891,1.1061
0.0072609,0.75441,0.43422,0.49221,2.0948,-2.5915,1.1123
0.0089128,0.75388,0.43432,0.4929,2.1516,-2.594,1.1185
0.010565,0.75335,0.43442,0.49359,2.2073,-2.5967,1.1246
0.012216,0.75281,0.43453,0.49428,2.2619,-2.5995,1.1307
0.013868,0.75227,0.43462,0.49497,2.3154,-2.6025,1.1367
0.01552,0.75173,0.43472,0.49566,2.3677,-2.6056,1.1427
0.017171,0.75119,0.43482,0.49634,2.4188,-2.6088,1.1486
0.018823,0.75064,0.43491,0.49702,2.4686,-2.6122,1.1545
0.020474,0.7501,0.435,0.4977,2.517,-2.6157,1.1603
0.022126,0.74955,0.4351,0.49838,2.5642,-2.6194,1.166
0.023777,0.74899,0.43518,0.49906,2.6099,-2.6232,1.1717
0.025428,0.74844,0.43527,0.49973,2.6541,-2.6271,1.1773
0.02708,0.74788,0.43536,0.50041,2.6969,-2.6312,1.1828
0.028731,0.74732,0.43544,0.50108,2.7381,-2.6354,1.1883
0.030382,0.74675,0.43553,0.50175,2.7778,-2.6398,1.1937
0.032032,0.74619,0.43561,0.50242,2.8159,-2.6442,1.199
0.033683,0.74562,0.43569,0.50309,2.8523,-2.6489,1.2042
0.035334,0.74504,0.43577,0.50375,2.8871,-2.6536,1.2094
0.036984,0.74447,0.43585,0.50441,2.9201,-2.6585,1.2144
0.038635,0.74389,0.43592,0.50508,2.9515,-2.6635,1.2194
0.040285,0.74331,0.436,0.50574,2.9811,-2.6687,1.2243
0.041935,0.74273,0.43607,0.50639,3.0089,-2.6739,1.2291
0.043585,0.74215,0.43614,0.50705,3.0349,-2.6794,1.2338
0.045235,0.74156,0.43621,0.5077,3.059,-2.6849,1.2384
0.046885,0.74097,0.43628,0.50836,3.0814,-2.6906,1.2429
0.048534,0.74038,0.43635,0.50901,3.1018,-2.6964,1.2473
0.050183,0.73978,0.43641,0.50966,3.1203,-2.7024,1.2516
0.051832,0.73918,0.43648,0.5103,3.137,-2.7084,1.2559
0.053481,0.73858,0.43654,0.51095,3.1517,-2.7146,1.26
0.05513,0.73798,0.4366,0.51159,3.1645,-2.721,1.264
0.056779,0.73737,0.43666,0.51224,3.1753,-2.7274,1.2679
0.058427,0.73677,0.43672,0.51288,3.1842,-2.734,1.2717
0.060075,0.73616,0.43677,0.51351,3.1911,-2.7407,1.2754
0.061723,0.73554,0.43683,0.51415,3.1961,-2.7476,1.279
0.063371,0.73493,0.43688,0.51478,3.199,-2.7545,1.2824
0.065019,0.73431,0.43693,0.51542,3.2,-2.7616,1.2858
0.066666,0.73369,0.43698,0.51605,3.199,-2.7688,1.289
0.068313,0.73306,0.43703,0.51668,3.196,-2.7762,1.2922
0.06996,0.73244,0.43708,0.51731,3.1911,-2.7836,1.2952
0.071606,0.73181,0.43712,0.51793,3.1842,-2.7912,1.2981
0.073253,0.73118,0.43717,0.51856,3.1753,-2.7989,1.3008
0.074899,0.73054,0.43721,0.51918,3.1644,-2.8067,1.3035
0.076545,0.72991,0.43725,0.5198,3.1516,-2.8147,1.306
0.07819,0.72927,0.43729,0.52042,3.1369,-2.8227,1.3084
0.079835,0.72863,0.43733,0.52103,3.1202,-2.8309,1.3107
0.08148,0.72798,0.43736,0.52165,3.1017,-2.8392,1.3129
0.083125,0.72734,0.4374,0.52226,3.0812,-2.8476,1.3149
0.084769,0.72669,0.43743,0.52287,3.0589,-2.8561,1.3168
0.086414,0.72604,0.43746,0.52348,3.0347,-2.8647,1.3186
0.088057,0.72538,0.43749,0.52409,3.0087,-2.8735,1.3203
0.089701,0.72473,0.43752,0.52469,2.9809,-2.8824,1.3218
0.091344,0.72407,0.43755,0.5253,2.9513,-2.8913,1.3232
0.092987,0.7234,0.43757,0.5259,2.9199,-2.9004,1.3245
0.09463,0.72274,0.4376,0.5265,2.8869,-2.9096,1.3256
0.096272,0.72207,0.43762,0.5271,2.8521,-2.9189,1.3266
0.097914,0.7214,0.43764,0.52769,2.8156,-2.9283,1.3275
0.099555,0.72073,0.43766,0.52829,2.7775,-2.9379,1.3282
0.1012,0.72006,0.43768,0.52888,2.7379,-2.9475,1.3288
0.10284,0.71938,0.43769,0.52947,2.6966,-2.9572,1.3293
0.10448,0.7187,0.43771,0.53006,2.6538,-2.9671,1.3297
0.10612,0.71802,0.43772,0.53065,2.6096,-2.977,1.3299
0.10776,0.71733,0.43773,0.53123,2.5639,-2.9871,1.33
0.1094,0.71665,0.43774,0.53182,2.5168,-2.9972,1.33
0.11104,0.71596,0.43775,0.5324,2.4683,-3.0074,1.3298
0.11267,0.71527,0.43776,0.53298,2.4185,-3.0178,1.3295
0.11431,0.71457,0.43776,0.53356,2.3674,-3.0282,1.329
0.11595,0.71387,0.43777,0.53413,2.3151,-3.0388,1.3285
0.11759,0.71318,0.43777,0.53471,2.2616,-3.0494,1.3278
0.11922,0.71247,0.43777,0.53528,2.2069,-3.0601,1.3269
0.12086,0.71177,0.43777,0.53585,2.1512,-3.071,1.326
0.1225,0.71106,0.43777,0.53642,2.0945,-3.0819,1.3249
0.12413,0.71035,0.43777,0.53698,2.0367,-3.0929,1.3237
0.12577,0.70964,0.43776,0.53755,1.9781,-3.104,1.3223
0.1274,0.70893,0.43775,0.53811,1.9185,-3.1152,1.3208
0.12904,0.70821,0.43775,0.53867,1.8581,-3.1264,1.3192
0.13067,0.70749,0.43774,0.53923,1.797,-3.1378,1.3175
0.13231,0.70677,0.43772,0.53979,1.7351,-3.1493,1.3156
0.13394,0.70604,0.43771,0.54035,1.6726,-3.1608,1.3136
0.13557,0.70532,0.4377,0.5409,1.6095,-3.1724,1.3115
0.1372,0.70459,0.43768,0.54145,1.5458,-3.1841,1.3093
0.13883,0.70386,0.43766,0.542,1.4816,-3.1959,1.3069
0.14047,0.70312,0.43764,0.54255,1.417,-3.2078,1.3044
0.1421,0.70238,0.43762,0.54309,1.352,-3.2197,1.3018
0.14373,0.70165,0.4376,0.54364,1.2867,-3.2317,1.2991
0.14536,0.7009,0.43758,0.54418,1.2212,-3.2438,1.2962
0.14698,0.70016,0.43755,0.54472,1.1554,-3.256,1.2932
0.14861,0.69941,0.43753,0.54526,1.0895,-3.2683,1.2902
0.15024,0.69866,0.4375,0.54579,1.0235,-3.2806,1.287
0.15187,0.69791,0.43747,0.54633,0.95755,-3.293,1.2836
0.1535,0.69716,0.43744,0.54686,0.89159,-3.3054,1.2802
0.15512,0.6964,0.43741,0.54739,0.82573,-3.318,1.2767
0.15675,0.69564,0.43737,0.54792,0.76003,-3.3306,1.273
0.15837,0.69488,0.43734,0.54845,0.69454,-3.3433,1.2693
0.16,0.69412,0.4373,0.54897,0.62933,-3.356,1.2654
0.16162,0.69335,0.43726,0.54949,0.56445,-3.3688,1.2614
0.16325,0.69258,0.43722,0.55002,0.49996,-3.3816,1.2573
0.16487,0.69181,0.43718,0.55053,0.43592,-3.3946,1.2531
0.16649,0.69104,0.43713,0.55105,0.37239,-3.4076,1.2489
0.16811,0.69026,0.43709,0.55157,0.30942,-3.4206,1.2445
0.16974,0.68949,0.43704,0.55208,0.24708,-3.4337,1.24
0.17136,0.68871,0.43699,0.55259,0.18541,-3.4469,1.2354
0.17298,0.68792,0.43694,0.5531,0.12448,-3.4601,1.2307
0.1746,0.68714,0.43689,0.55361,0.064336,-3.4733,1.226
0.17622,0.68635,0.43684,0.55411,0.0050323,-3.4867,1.2211
0.17783,0.68556,0.43679,0.55462,-0.053376,-3.5,1.2162
0.17945,0.68477,0.43673,0.55512,-0.11084,-3.5135,1.2112
0.18107,0.68397,0.43667,0.55562,-0.1673,-3.5269,1.206
0.18268,0.68317,0.43661,0.55612,-0.22271,-3.5405,1.2008
0.1843,0.68237,0.43655,0.55661,-0.27702,-3.554,1.1956
0.18592,0.68157,0.43649,0.55711,-0.33018,-3.5676,1.1902
0.18753,0.68077,0.43643,0.5576,-0.38214,-3.5813,1.1848
0.18914,0.67996,0.43636,0.55809,-0.43286,-3.595,1.1793
0.19076,0.67915,0.4363,0.55858,-0.48229,-3.6087,1.1737
0.19237,0.67834,0.43623,0.55906,-0.53038,-3.6225,1.1681
0.19398,0.67753,0.43616,0.55955,-0.5771,-3.6363,1.1623
0.19559,0.67671,0.43609,0.56003,-0.6224,-3.6501,1.1566
0.1972,0.67589,0.43602,0.56051,-0.66624,-3.664,1.1507
0.19881,0.67507,0.43594,0.56099,-0.70858,-3.6779,1.1448
0.20042,0.67425,0.43587,0.56146,-0.74938,-3.6919,1.1389
0.20203,0.67342,0.43579,0.56194,-0.78861,-3.7059,1.1329
0.20364,0.67259,0.43571,0.56241,-0.82623,-3.7199,1.1268
0.20525,0.67176,0.43563,0.56288,-0.86221,-3.7339,1.1207
0.20685,0.67093,0.43555,0.56335,-0.8965,-3.748,1.1145
0.20846,0.67009,0.43547,0.56382,-0.9291,-3.7621,1.1083
0.21006,0.66926,0.43538,0.56428,-0.95995,-3.7762,1.102
0.21167,0.66842,0.4353,0.56474,-0.98905,-3.7903,1.0957
0.21327,0.66757,0.43521,0.5652,-1.0163,-3.8045,1.0894
0.21487,0.66673,0.43512,0.56566,-1.0418,-3.8186,1.083
0.21647,0.66588,0.43503,0.56612,-1.0655,-3.8328,1.0766
0.21808,0.66503,0.43494,0.56657,-1.0873,-3.847,1.0702
0.21968,0.66418,0.43484,0.56703,-1.1072,-3.8613,1.0637
0.22128,0.66333,0.43475,0.56748,-1.1252,-3.8755,1.0572
0.22287,0.66247,0.43465,0.56792,-1.1413,-3.8898,1.0507
0.22447,0.66161,0.43455,0.56837,-1.1555,-3.904,1.0442
0.22607,0.66075,0.43445,0.56882,-1.1677,-3.9183,1.0376
0.22767,0.65989,0.43435,0.56926,-1.178,-3.9326,1.0311
0.22926,0.65902,0.43425,0.5697,-1.1863,-3.9469,1.0245
0.23086,0.65815,0.43414,0.57014,-1.1927,-3.9612,1.0179
0.23245,0.65728,0.43404,0.57057,-1.1971,-3.9755,1.0113
0.23404,0.65641,0.43393,0.57101,-1.1995,-3.9898,1.0047
0.23564,0.65554,0.43382,0.57144,-1.1999,-4.0041,0.99813
0.23723,0.65466,0.43371,0.57187,-1.1984,-4.0184,0.99153
0.23882,0.65378,0.4336,0.5723,-1.1948,-4.0326,0.98494
0.24041,0.6529,0.43348,0.57273,-1.1893,-4.0469,0.97835
0.242,0.65202,0.43337,0.57315,-1.1819,-4.0612,0.97176
0.24359,0.65113,0.43325,0.57358,-1.1724,-4.0755,0.9652
0.24517,0.65024,0.43313,0.574,-1.161,-4.0898,0.95864
0.24676,0.64935,0.43301,0.57441,-1.1477,-4.1041,0.9521
0.24835,0.64846,0.43289,0.57483,-1.1324,-4.1183,0.94558
0.24993,0.64756,0.43277,0.57525,-1.1152,-4.1326,0.93908
0.25151,0.64666,0.43265,0.57566,-1.0961,-4.1468,0.93261
0.2531,0.64576,0.43252,0.57607,-1.0752,-4.161,0.92616
0.25468,0.64486,0.43239,0.57648,-1.0523,-4.1752,0.91974
0.25626,0.64396,0.43227,0.57688,-1.0276,-4.1894,0.91336
0.25784,0.64305,0.43214,0.57729,-1.0011,-4.2036,0.90701
0.25942,0.64214,0.432,0.57769,-0.97278,-4.2177,0.90069
0.261,0.64123,0.43187,0.57809,-0.94268,-4.2318,0.89442
0.26258,0.64032,0.43174,0.57849,-0.91084,-4.2459,0.88819
0.26415,0.6394,0.4316,0.57889,-0.87728,-4.26,0.882
0.26573,0.63849,0.43146,0.57928,-0.84203,-4.274,0.87586
0.2673,0.63757,0.43132,0.57967,-0.80512,-4.2881,0.86977
0.26888,0.63664,0.43118,0.58006,-0.76658,-4.3021,0.86373
0.27045,0.63572,0.43104,0.58045,-0.72646,-4.316,0.85775
0.27202,0.63479,0.43089,0.58084,-0.68478,-4.33,0.85182
0.27359,0.63386,0.43075,0.58122,-0.64158,-4.3438,0.84596
0.27516,0.63293,0.4306,0.5816,-0.59691,-4.3577,0.84015
0.27673,0.632,0.43045,0.58198,-0.5508,-4.3715,0.83441
0.2783,0.63106,0.4303,0.58236,-0.5033,-4.3853,0.82873
0.27987,0.63012,0.43015,0.58274,-0.45444,-4.3991,0.82313
0.28143,0.62918,0.43,0.58311,-0.40428,-4.4128,0.81759
0.283,0.62824,0.42985,0.58349,-0.35285,-4.4265,0.81213
0.28456,0.6273,0.42969,0.58386,-0.3002,-4.4401,0.80674
0.28613,0.62635,0.42953,0.58422,-0.24638,-4.4537,0.80143
0.28769,0.6254,0.42937,0.58459,-0.19144,-4.4672,0.7962
0.28925,0.62445,0.42921,0.58495,-0.13543,-4.4807,0.79105
0.29081,0.6235,0.42905,0.58531,-0.078398,-4.4941,0.78598
0.29237,0.62254,0.42889,0.58567,-0.020394,-4.5075,0.781
0.29393,0.62159,0.42872,0.58603,0.038528,-4.5209,0.77611
0.29549,0.62063,0.42856,0.58639,0.098315,-4.5342,0.7713
0.29704,0.61966,0.42839,0.58674,0.15891,-4.5474,0.76659
0.2986,0.6187,0.42822,0.58709,0.22027,-4.5606,0.76197
0.30015,0.61773,0.42805,0.58744,0.28233,-4.5737,0.75745
0.3017,0.61677,0.42788,0.58779,0.34503,-4.5868,0.75302
0.30326,0.6158,0.4277,0.58814,0.40832,-4.5998,0.7487
0.30481,0.61482,0.42753,0.58848,0.47215,-4.6128,0.74447
0.30636,0.61385,0.42735,0.58882,0.53645,-4.6256,0.74034
0.30791,0.61287,0.42717,0.58916,0.60116,-4.6385,0.73632
0.30945,0.61189,0.42699,0.5895,0.66624,-4.6512,0.73241
0.311,0.61091,0.42681,0.58983,0.73162,-4.6639,0.7286
0.31255,0.60993,0.42663,0.59016,0.79723,-4.6766,0.7249
0.31409,0.60894,0.42644,0.5905,0.86303,-4.6891,0.72131
0.31563,0.60795,0.42626,0.59082,0.92896,-4.7016,0.71783
0.31717,0.60696,0.42607,0.59115,0.99495,-4.7141,0.71446
0.31872,0.60597,0.42588,0.59148,1.0609,-4.7264,0.71121
0.32026,0.60498,0.42569,0.5918,1.1269,-4.7387,0.70808
0.32179,0.60398,0.4255,0.59212,1.1927,-4.7509,0.70506
0.32333,0.60298,0.42531,0.59244,1.2583,-4.763,0.70216
0.32487,0.60198,0.42511,0.59275,1.3238,-4.7751,0.69937
0.3264,0.60098,0.42491,0.59307,1.3889,-4.7871,0.69671
0.32794,0.59998,0.42472,0.59338,1.4537,-4.799,0.69417
0.32947,0.59897,0.42452,0.59369,1.518,-4.8108,0.69175
0.331,0.59796,0.42432,0.594,1.5819,-4.8225,0.68946
0.33253,0.59695,0.42411,0.59431,1.6453,-4.8342,0.68729
0.33406,0.59594,0.42391,0.59461,1.7081,-4.8457,0.68524
0.33559,0.59492,0.42371,0.59491,1.7703,-4.8572,0.68332
0.33712,0.5939,0.4235,0.59521,1.8317,-4.8686,0.68153
0.33865,0.59288,0.42329,0.59551,1.8925,-4.88,0.67987
0.34017,0.59186,0.42308,0.5958,1.9524,-4.8912,0.67833
0.3417,0.59084,0.42287,0.5961,2.0114,-4.9023,0.67692
0.34322,0.58981,0.42266,0.59639,2.0696,-4.9134,0.67564
0.34474,0.58879,0.42244,0.59668,2.1268,-4.9243,0.67449
0.34626,0.58776,0.42223,0.59697,2.1829,-4.9352,0.67347
0.34778,0.58673,0.42201,0.59725,2.238,-4.946,0.67258
0.3493,0.58569,0.42179,0.59753,2.292,-4.9566,0.67182
0.35081,0.58466,0.42157,0.59782,2.3449,-4.9672,0.6712
0.35233,0.58362,0.42135,0.59809,2.3965,-4.9777,0.6707
0.35384,0.58258,0.42113,0.59837,2.4468,-4.9881,0.67034
0.35536,0.58154,0.4209,0.59865,2.4959,-4.9984,0.6701
0.35687,0.58049,0.42068,0.59892,2.5436,-5.0086,0.67
0.35838,0.57945,0.42045,0.59919,2.5899,-5.0187,0.67004
0.35989,0.5784,0.42022,0.59946,2.6348,-5.0286,0.6702
0.36139,0.57735,0.41999,0.59972,2.6783,-5.0385,0.6705
0.3629,0.5763,0.41976,0.59999,2.7202,-5.0483,0.67092
0.36441,0.57524,0.41953,0.60025,2.7605,-5.058,0.67148
0.36591,0.57419,0.41929,0.60051,2.7993,-5.0675,0.67217
0.36741,0.57313,0.41905,0.60077,2.8365,-5.077,0.673
0.36891,0.57207,0.41882,0.60102,2.872,-5.0864,0.67395
0.37041,0.57101,0.41858,0.60128,2.9058,-5.0956,0.67503
0.37191,0.56994,0.41834,0.60153,2.9379,-5.1047,0.67625
0.37341,0.56888,0.4181,0.60178,2.9683,-5.1138,0.67759
0.37491,0.56781,0.41785,0.60203,2.9969,-5.1227,0.67906
0.3764,0.56674,0.41761,0.60227,3.0237,-5.1315,0.68066
0.3779,0.56567,0.41736,0.60252,3.0486,-5.1402,0.68239
0.37939,0.56459,0.41711,0.60276,3.0718,-5.1487,0.68424
0.38088,0.56352,0.41686,0.603,3.093,-5.1572,0.68622
0.38237,0.56244,0.41661,0.60323,3.1124,-5.1655,0.68833
0.38386,0.56136,0.41636,0.60347,3.1299,-5.1738,0.69056
0.38534,0.56028,0.41611,0.6037,3.1455,-5.1819,0.69292
0.38683,0.55919,0.41585,0.60393,3.1591,-5.1899,0.69539
0.38831,0.55811,0.41559,0.60416,3.1708,-5.1977,0.69799
0.3898,0.55702,0.41534,0.60439,3.1805,-5.2055,0.70071
0.39128,0.55593,0.41508,0.60461,3.1883,-5.2131,0.70355
0.39276,0.55484,0.41482,0.60483,3.1941,-5.2206,0.70651
0.39424,0.55375,0.41455,0.60505,3.198,-5.228,0.70959
0.39571,0.55265,0.41429,0.60527,3.1998,-5.2353,0.71278
0.39719,0.55155,0.41402,0.60549,3.1997,-5.2424,0.71609
0.39867,0.55045,0.41376,0.6057,3.1976,-5.2494,0.71951
0.40014,0.54935,0.41349,0.60591,3.1935,-5.2563,0.72304
0.40161,0.54825,0.41322,0.60612,3.1874,-5.2631,0.72669
0.40308,0.54714,0.41295,0.60633,3.1794,-5.2697,0.73044
0.40455,0.54604,0.41268,0.60653,3.1694,-5.2763,0.7343
0.40602,0.54493,0.4124,0.60674,3.1575,-5.2826,0.73827
0.40748,0.54382,0.41213,0.60694,3.1436,-5.2889,0.74234
0.40895,0.5427,0.41185,0.60714,3.1278,-5.295,0.74651
0.41041,0.54159,0.41157,0.60733,3.1101,-5.301,0.75079
0.41187,0.54047,0.41129,0.60753,3.0904,-5.3069,0.75517
0.41333,0.53935,0.41101,0.60772,3.0689,-5.3126,0.75964
0.41479,0.53823,0.41073,0.60791,3.0456,-5.3182,0.76421
0.41625,0.53711,0.41044,0.6081,3.0204,-5.3237,0.76888
0.41771,0.53599,0.41016,0.60828,2.9933,-5.3291,0.77363
0.41916,0.53486,0.40987,0.60847,2.9645,-5.3343,0.77848
0.42061,0.53373,0.40958,0.60865,2.9339,-5.3394,0.78342
0.42207,0.5326,0.40929,0.60883,2.9016,-5.3443,0.78844
0.42352,0.53147,0.409,0.60901,2.8676,-5.3491,0.79355
0.42496,0.53034,0.40871,0.60918,2.8318,-5.3538,0.79874
0.42641,0.5292,0.40841,0.60936,2.7945,-5.3583,0.80401
0.42786,0.52807,0.40812,0.60953,2.7555,-5.3627,0.80935
0.4293,0.52693,0.40782,0.6097,2.7149,-5.367,0.81478
0.43074,0.52579,0.40752,0.60986,2.6728,-5.3711,0.82028
0.43219,0.52464,0.40722,0.61003,2.6292,-5.3751,0.82585
0.43363,0.5235,0.40692,0.61019,2.5841,-5.379,0.83149
0.43506,0.52235,0.40662,0.61035,2.5376,-5.3827,0.8372
0.4365,0.5212,0.40632,0.61051,2.4897,-5.3863,0.84297
0.43794,0.52005,0.40601,0.61066,2.4405,-5.3897,0.84881
0.43937,0.5189,0.4057,0.61082,2.39,-5.393,0.8547
0.4408,0.51775,0.40539,0.61097,2.3382,-5.3962,0.86066
0.44223,0.51659,0.40508,0.61112,2.2852,-5.3992,0.86667
0.44366,0.51544,0.40477,0.61127,2.2311,-5.4021,0.87273
0.44509,0.51428,0.40446,0.61141,2.1759,-5.4048,0.87885
0.44651,0.51312,0.40415,0.61156,2.1195,-5.4074,0.88501
0.44794,0.51195,0.40383,0.6117,2.0622,-5.4099,0.89122
0.44936,0.51079,0.40351,0.61184,2.004,-5.4122,0.89747
0.45078,0.50962,0.4032,0.61197,1.9448,-5.4144,0.90376
0.4522,0.50845,0.40288,0.61211,1.8848,-5.4164,0.9101
0.45362,0.50729,0.40256,0.61224,1.824,-5.4183,0.91646
0.45504,0.50611,0.40223,0.61237,1.7624,-5.4201,0.92286
0.45645,0.50494,0.40191,0.6125,1.7002,-5.4217,0.9293
0.45787,0.50377,0.40158,0.61263,1.6373,-5.4231,0.93576
0.45928,0.50259,0.40126,0.61275,1.5738,-5.4245,0.94224
0.46069,0.50141,0.40093,0.61287,1.5099,-5.4257,0.94875
0.4621,0.50023,0.4006,0.61299,1.4455,-5.4267,0.95528
0.4635,0.49905,0.40027,0.61311,1.3806,-5.4276,0.96183
0.46491,0.49786,0.39994,0.61323,1.3155,-5.4284,0.96839
0.46631,0.49668,0.3996,0.61334,1.25,-5.429,0.97497
0.46771,0.49549,0.39927,0.61345,1.1843,-5.4294,0.98155
0.46911,0.4943,0.39893,0.61356,1.1185,-5.4298,0.98815
0.47051,0.49311,0.39859,0.61367,1.0526,-5.43,0.99474
0.47191,0.49192,0.39825,0.61377,0.98656,-5.43,1.0013
0.4733,0.49072,0.39791,0.61387,0.92057,-5.4299,1.0079
0.4747,0.48953,0.39757,0.61397,0.85466,-5.4297,1.0145
0.47609,0.48833,0.39723,0.61407,0.78888,-5.4293,1.0211
0.47748,0.48713,0.39688,0.61417,0.72329,-5.4287,1.0277
0.47887,0.48593,0.39654,0.61426,0.65795,-5.4281,1.0343
0.48026,0.48473,0.39619,0.61435,0.59292,-5.4272,1.0408
0.48164,0.48352,0.39584,0.61444,0.52825,-5.4263,1.0474
0.48302,0.48232,0.39549,0.61453,0.46401,-5.4252,1.0539
0.48441,0.48111,0.39514,0.61462,0.40025,-5.4239,1.0604
0.48579,0.4799,0.39478,0.6147,0.33703,-5.4226,1.0669
0.48717,0.47869,0.39443,0.61478,0.2744,-5.421,1.0733
0.48854,0.47747,0.39407,0.61486,0.21243,-5.4194,1.0797
0.48992,0.47626,0.39371,0.61494,0.15117,-5.4176,1.0861
0.49129,0.47504,0.39336,0.61501,0.09067,-5.4156,1.0925
0.49266,0.47382,0.393,0.61508,0.03099,-5.4135,1.0988
0.49403,0.4726,0.39263,0.61515,-0.027819,-5.4113,1.1051
0.4954,0.47138,0.39227,0.61522,-0.085702,-5.4089,1.1113
0.49677,0.47016,0.39191,0.61529,-0.14261,-5.4064,1.1175
0.49813,0.46894,0.39154,0.61535,-0.19849,-5.4037,1.1237
0.4995,0.46771,0.39117,0.61541,-0.25328,-5.4009,1.1297
0.50086,0.46648,0.39081,0.61547,-0.30696,-5.398,1.1358
0.50222,0.46525,0.39044,0.61553,-0.35945,-5.3949,1.1418
0.50357,0.46402,0.39007,0.61559,-0.41072,-5.3917,1.1477
0.50493,0.46279,0.38969,0.61564,-0.46073,-5.3883,1.1536
0.50628,0.46155,0.38932,0.61569,-0.50941,-5.3848,1.1594
0.50764,0.46032,0.38894,0.61574,-0.55674,-5.3812,1.1651
0.50899,0.45908,0.38857,0.61579,-0.60267,-5.3774,1.1708
0.51034,0.45784,0.38819,0.61583,-0.64716,-5.3735,1.1764
0.51168,0.4566,0.38781,0.61587,-0.69016,-5.3695,1.182
0.51303,0.45536,0.38743,0.61591,-0.73164,-5.3653,1.1874
0.51437,0.45411,0.38705,0.61595,-0.77157,-5.3609,1.1928
0.51571,0.45287,0.38666,0.61599,-0.8099,-5.3565,1.1982
0.51705,0.45162,0.38628,0.61602,-0.8466,-5.3519,1.2034
0.51839,0.45037,0.38589,0.61605,-0.88164,-5.3472,1.2085
0.51973,0.44912,0.38551,0.61608,-0.91498,-5.3423,1.2136
0.52106,0.44787,0.38512,0.61611,-0.94661,-5.3373,1.2186
0.5224,0.44662,0.38473,0.61613,-0.97648,-5.3322,1.2235
0.52373,0.44536,0.38434,0.61616,-1.0046,-5.3269,1.2283
0.52506,0.44411,0.38394,0.61618,-1.0309,-5.3215,1.233
0.52638,0.44285,0.38355,0.6162,-1.0553,-5.316,1.2377
0.52771,0.44159,0.38315,0.61621,-1.0779,-5.3103,1.2422
0.52903,0.44033,0.38276,0.61623,-1.0987,-5.3045,1.2466
0.53035,0.43906,0.38236,0.61624,-1.1175,-5.2986,1.251
0.53167,0.4378,0.38196,0.61625,-1.1345,-5.2926,1.2552
0.53299,0.43653,0.38156,0.61626,-1.1495,-5.2864,1.2593
0.53431,0.43527,0.38116,0.61626,-1.1626,-5.2801,1.2634
0.53562,0.434,0.38075,0.61627,-1.1737,-5.2736,1.2673
0.53693,0.43273,0.38035,0.61627,-1.1829,-5.2671,1.2711
0.53824,0.43146,0.37994,0.61627,-1.1901,-5.2604,1.2748
0.53955,0.43018,0.37953,0.61626,-1.1954,-5.2535,1.2784
0.54086,0.42891,0.37913,0.61626,-1.1987,-5.2466,1.2819
0.54216,0.42763,0.37871,0.61625,-1.2,-5.2395,1.2853
0.54347,0.42635,0.3783,0.61624,-1.1993,-5.2323,1.2885
0.54477,0.42507,0.37789,0.61623,-1.1966,-5.225,1.2917
0.54607,0.42379,0.37748,0.61622,-1.192,-5.2176,1.2947
0.54736,0.42251,0.37706,0.6162,-1.1854,-5.21,1.2976
0.54866,0.42123,0.37664,0.61618,-1.1768,-5.2023,1.3004
0.54995,0.41994,0.37623,0.61616,-1.1663,-5.1945,1.3031
0.55124,0.41865,0.37581,0.61614,-1.1538,-5.1866,1.3056
0.55253,0.41737,0.37539,0.61611,-1.1394,-5.1786,1.3081
0.55382,0.41608,0.37496,0.61609,-1.123,-5.1704,1.3104
0.55511,0.41478,0.37454,0.61606,-1.1048,-5.1622,1.3125
0.55639,0.41349,0.37412,0.61603,-1.0846,-5.1538,1.3146
0.55767,0.4122,0.37369,0.616,-1.0626,-5.1453,1.3165
0.55895,0.4109,0.37326,0.61596,-1.0387,-5.1366,1.3183
0.56023,0.40961,0.37283,0.61592,-1.013,-5.1279,1.32
0.56151,0.40831,0.3724,0.61588,-0.98545,-5.1191,1.3216
0.56278,0.40701,0.37197,0.61584,-0.95613,-5.1101,1.323
0.56405,0.40571,0.37154,0.6158,-0.92505,-5.101,1.3243
0.56532,0.4044,0.37111,0.61575,-0.89224,-5.0918,1.3254
0.56659,0.4031,0.37067,0.6157,-0.85773,-5.0826,1.3265
0.56786,0.40179,0.37024,0.61565,-0.82154,-5.0732,1.3274
0.56912,0.40049,0.3698,0.6156,-0.78371,-5.0637,1.3281
0.57038,0.39918,0.36936,0.61555,-0.74428,-5.054,1.3288
0.57164,0.39787,0.36892,0.61549,-0.70328,-5.0443,1.3293
0.5729,0.39656,0.36848,0.61543,-0.66075,-5.0345,1.3296
0.57416,0.39525,0.36803,0.61537,-0.61673,-5.0246,1.3299
0.57541,0.39393,0.36759,0.6153,-0.57124,-5.0146,1.33
0.57666,0.39262,0.36714,0.61524,-0.52435,-5.0044,1.33
0.57791,0.3913,0.3667,0.61517,-0.47608,-4.9942,1.3298
0.57916,0.38998,0.36625,0.6151,-0.42648,-4.9839,1.3295
0.5804,0.38866,0.3658,0.61503,-0.3756,-4.9734,1.3291
0.58165,0.38734,0.36535,0.61496,-0.32348,-4.9629,1.3286
0.58289,0.38602,0.3649,0.61488,-0.27018,-4.9523,1.3279
0.58413,0.3847,0.36445,0.6148,-0.21572,-4.9416,1.3271
0.58537,0.38337,0.36399,0.61472,-0.16018,-4.9308,1.3261
0.5866,0.38204,0.36354,0.61464,-0.10359,-4.9199,1.3251
0.58784,0.38072,0.36308,0.61455,-0.046004,-4.9089,1.3239
0.58907,0.37939,0.36262,0.61447,0.012521,-4.8978,1.3225
0.5903,0.37806,0.36216,0.61438,0.071935,-4.8866,1.3211
0.59153,0.37673,0.3617,0.61429,0.13218,-4.8754,1.3195
0.59275,0.37539,0.36124,0.61419,0.19321,-4.864,1.3178
0.59397,0.37406,0.36077,0.6141,0.25497,-4.8526,1.3159
0.5952,0.37272,0.36031,0.614,0.31739,-4.841,1.3139
0.59642,0.37139,0.35984,0.6139,0.38044,-4.8294,1.3118
0.59763,0.37005,0.35938,0.6138,0.44403,-4.8177,1.3096
0.59885,0.36871,0.35891,0.61369,0.50813,-4.806,1.3073
0.60006,0.36737,0.35844,0.61359,0.57267,-4.7941,1.3048
0.60127,0.36603,0.35797,0.61348,0.6376,-4.7822,1.3022
0.60248,0.36469,0.3575,0.61337,0.70285,-4.7702,1.2995
0.60369,0.36334,0.35702,0.61325,0.76837,-4.7581,1.2967
0.60489,0.362,0.35655,0.61314,0.8341,-4.7459,1.2937
0.60609,0.36065,0.35607,0.61302,0.89997,-4.7337,1.2907
0.60729,0.3593,0.3556,0.6129,0.96594,-4.7214,1.2875
0.60849,0.35795,0.35512,0.61278,1.0319,-4.709,1.2842
0.60969,0.3566,0.35464,0.61266,1.0979,-4.6965,1.2808
0.61088,0.35525,0.35416,0.61253,1.1638,-4.684,1.2772
0.61207,0.35389,0.35368,0.6124,1.2295,-4.6714,1.2736
0.61326,0.35254,0.35319,0.61228,1.295,-4.6588,1.2699
0.61445,0.35118,0.35271,0.61214,1.3603,-4.646,1.266
0.61563,0.34983,0.35222,0.61201,1.4252,-4.6333,1.2621
0.61682,0.34847,0.35173,0.61187,1.4898,-4.6204,1.258
0.618,0.34711,0.35125,0.61173,1.5539,-4.6075,1.2538
0.61918,0.34575,0.35076,0.61159,1.6175,-4.5945,1.2496
0.62035,0.34439,0.35027,0.61145,1.6806,-4.5815,1.2452
0.62153,0.34302,0.34977,0.61131,1.743,-4.5684,1.2407
0.6227,0.34166,0.34928,0.61116,1.8048,-4.5552,1.2362
0.62387,0.34029,0.34879,0.61101,1.8659,-4.542,1.2315
0.62504,0.33893,0.34829,0.61086,1.9261,-4.5288,1.2267
0.6262,0.33756,0.34779,0.6107,1.9856,-4.5155,1.2219
0.62737,0.33619,0.3473,0.61055,2.0441,-4.5021,1.217
0.62853,0.33482,0.3468,0.61039,2.1018,-4.4887,1.212
0.62969,0.33345,0.3463,0.61023,2.1584,-4.4752,1.2069
0.63085,0.33208,0.3458,0.61007,2.214,-4.4617,1.2017
0.632,0.3307,0.34529,0.6099,2.2684,-4.4481,1.1964
0.63315,0.32933,0.34479,0.60974,2.3218,-4.4345,1.1911
0.6343,0.32795,0.34428,0.60957,2.3739,-4.4209,1.1857
0.63545,0.32658,0.34378,0.6094,2.4249,-4.4072,1.1802
0.6366,0.3252,0.34327,0.60923,2.4745,-4.3935,1.1746
0.63774,0.32382,0.34276,0.60905,2.5228,-4.3797,1.169
0.63888,0.32244,0.34225,0.60888,2.5698,-4.3659,1.1633
0.64002,0.32106,0.34174,0.6087,2.6153,-4.3521,1.1575
0.64116,0.31967,0.34123,0.60851,2.6594,-4.3382,1.1517
0.64229,0.31829,0.34071,0.60833,2.7019,-4.3243,1.1458
0.64342,0.3169,0.3402,0.60815,2.743,-4.3103,1.1398
0.64455,0.31552,0.33968,0.60796,2.7825,-4.2964,1.1338
0.64568,0.31413,0.33916,0.60777,2.8203,-4.2824,1.1278
0.64681,0.31274,0.33865,0.60758,2.8566,-4.2683,1.1216
0.64793,0.31135,0.33813,0.60738,2.8912,-4.2543,1.1155
0.64905,0.30996,0.33761,0.60719,2.924,-4.2402,1.1093
0.65017,0.30857,0.33708,0.60699,2.9552,-4.2261,1.103
0.65129,0.30718,0.33656,0.60679,2.9845,-4.2119,1.0967
0.6524,0.30579,0.33604,0.60659,3.0121,-4.1978,1.0904
0.65351,0.30439,0.33551,0.60638,3.0379,-4.1836,1.084
0.65462,0.30299,0.33498,0.60617,3.0618,-4.1694,1.0776
0.65573,0.3016,0.33446,0.60597,3.0839,-4.1552,1.0712
0.65684,0.3002,0.33393,0.60575,3.1041,-4.141,1.0648
0.65794,0.2988,0.3334,0.60554,3.1225,-4.1268,1.0583
0.65904,0.2974,0.33287,0.60533,3.1389,-4.1125,1.0518
0.66014,0.296,0.33233,0.60511,3.1534,-4.0982,1.0452
0.66123,0.2946,0.3318,0.60489,3.1659,-4.084,1.0387
0.66233,0.29319,0.33126,0.60467,3.1765,-4.0697,1.0321
0.66342,0.29179,0.33073,0.60444,3.1851,-4.0554,1.0256
0.66451,0.29038,0.33019,0.60422,3.1918,-4.0411,1.019
0.66559,0.28898,0.32965,0.60399,3.1965,-4.0268,1.0124
0.66668,0.28757,0.32911,0.60376,3.1992,-4.0125,1.0058
0.66776,0.28616,0.32857,0.60353,3.2,-3.9982,0.99918
0.66884,0.28475,0.32803,0.60329,3.1987,-3.9839,0.99258
0.66992,0.28334,0.32749,0.60306,3.1955,-3.9696,0.98599
0.67099,0.28193,0.32694,0.60282,3.1903,-3.9553,0.97939
0.67207,0.28052,0.3264,0.60258,3.1832,-3.941,0.97281
0.67314,0.27911,0.32585,0.60234,3.1741,-3.9268,0.96624
0.6742,0.27769,0.32531,0.60209,3.163,-3.9125,0.95968
0.67527,0.27628,0.32476,0.60184,3.1499,-3.8982,0.95314
0.67633,0.27486,0.32421,0.60159,3.135,-3.884,0.94662
0.67739,0.27344,0.32366,0.60134,3.1181,-3.8697,0.94011
0.67845,0.27203,0.3231,0.60109,3.0993,-3.8555,0.93364
0.67951,0.27061,0.32255,0.60083,3.0786,-3.8413,0.92719
0.68056,0.26919,0.322,0.60058,3.0561,-3.8271,0.92076
0.68161,0.26777,0.32144,0.60032,3.0317,-3.8129,0.91437
0.68266,0.26634,0.32088,0.60006,3.0054,-3.7987,0.90802
0.68371,0.26492,0.32033,0.59979,2.9774,-3.7845,0.9017
0.68475,0.2635,0.31977,0.59953,2.9476,-3.7704,0.89542
0.68579,0.26207,0.31921,0.59926,2.916,-3.7563,0.88918
0.68683,0.26065,0.31865,0.59899,2.8827,-3.7422,0.88298
0.68787,0.25922,0.31809,0.59872,2.8478,-3.7282,0.87684
0.6889,0.25779,0.31752,0.59844,2.8111,-3.7142,0.87074
0.68994,0.25637,0.31696,0.59817,2.7728,-3.7002,0.86469
0.69097,0.25494,0.31639,0.59789,2.733,-3.6862,0.8587
0.69199,0.25351,0.31583,0.59761,2.6915,-3.6723,0.85276
0.69302,0.25208,0.31526,0.59732,2.6486,-3.6584,0.84689
0.69404,0.25064,0.31469,0.59704,2.6041,-3.6445,0.84107
0.69506,0.24921,0.31412,0.59675,2.5582,-3.6307,0.83532
0.69608,0.24778,0.31355,0.59646,2.511,-3.6169,0.82963
0.69709,0.24634,0.31298,0.59617,2.4623,-3.6031,0.82402
0.69811,0.24491,0.3124,0.59588,2.4124,-3.5894,0.81847
0.69912,0.24347,0.31183,0.59558,2.3611,-3.5757,0.81299
0.70012,0.24203,0.31125,0.59529,2.3087,-3.5621,0.80759
0.70113,0.2406,0.31068,0.59499,2.255,-3.5485,0.80227
0.70213,0.23916,0.3101,0.59469,2.2003,-3.5349,0.79703
0.70313,0.23772,0.30952,0.59438,2.1444,-3.5214,0.79186
0.70413,0.23628,0.30894,0.59408,2.0875,-3.508,0.78678
0.70513,0.23484,0.30836,0.59377,2.0297,-3.4946,0.78179
0.70612,0.2334,0.30778,0.59346,1.9709,-3.4812,0.77688
0.70711,0.23195,0.3072,0.59315,1.9113,-3.4679,0.77206
0.7081,0.23051,0.30661,0.59284,1.8508,-3.4547,0.76734
0.70908,0.22906,0.30603,0.59252,1.7896,-3.4415,0.7627
0.71007,0.22762,0.30544,0.5922,1.7276,-3.4284,0.75816
0.71105,0.22617,0.30485,0.59188,1.665,-3.4153,0.75372
0.71202,0.22473,0.30426,0.59156,1.6018,-3.4023,0.74938
0.713,0.22328,0.30367,0.59123,1.5381,-3.3893,0.74514
0.71397,0.22183,0.30308,0.59091,1.4738,-3.3764,0.74099
0.71494,0.22038,0.30249,0.59058,1.4092,-3.3636,0.73696
0.71591,0.21893,0.3019,0.59025,1.3441,-3.3508,0.73302
0.71688,0.21748,0.30131,0.58992,1.2788,-3.3381,0.7292
0.71784,0.21603,0.30071,0.58958,1.2132,-3.3254,0.72548
0.7188,0.21458,0.30012,0.58925,1.1475,-3.3129,0.72187
0.71976,0.21312,0.29952,0.58891,1.0815,-3.3004,0.71838
0.72072,0.21167,0.29892,0.58857,1.0156,-3.2879,0.71499
0.72167,0.21022,0.29832,0.58822,0.94957,-3.2756,0.71172
0.72262,0.20876,0.29772,0.58788,0.88362,-3.2633,0.70857
0.72357,0.2073,0.29712,0.58753,0.81777,-3.251,0.70553
0.72451,0.20585,0.29652,0.58718,0.75209,-3.2389,0.70261
0.72546,0.20439,0.29592,0.58683,0.68663,-3.2268,0.69981
0.7264,0.20293,0.29531,0.58648,0.62146,-3.2148,0.69713
0.72733,0.20147,0.29471,0.58612,0.55662,-3.2029,0.69457
0.72827,0.20001,0.2941,0.58577,0.49219,-3.1911,0.69213
0.7292,0.19855,0.29349,0.58541,0.42821,-3.1793,0.68982
0.73013,0.19709,0.29289,0.58505,0.36474,-3.1677,0.68763
0.73106,0.19563,0.29228,0.58468,0.30185,-3.1561,0.68556
0.73199,0.19417,0.29167,0.58432,0.23958,-3.1446,0.68362
0.73291,0.19271,0.29106,0.58395,0.178,-3.1332,0.68181
0.73383,0.19124,0.29044,0.58358,0.11716,-3.1218,0.68012
0.73475,0.18978,0.28983,0.58321,0.057115,-3.1106,0.67856
0.73566,0.18831,0.28922,0.58284,-0.0020826,-3.0994,0.67713
0.73657,0.18685,0.2886,0.58246,-0.060379,-3.0884,0.67583
0.73748,0.18538,0.28798,0.58208,-0.11772,-3.0774,0.67466
0.73839,0.18391,0.28737,0.5817,-0.17406,-3.0665,0.67362
0.73929,0.18245,0.28675,0.58132,-0.22934,-3.0557,0.67271
0.7402,0.18098,0.28613,0.58094,-0.28351,-3.0451,0.67193
0.74109,0.17951,0.28551,0.58055,-0.33653,-3.0345,0.67129
0.74199,0.17804,0.28489,0.58016,-0.38834,-3.024,0.67077
0.74289,0.17657,0.28427,0.57977,-0.43891,-3.0136,0.67039
0.74378,0.1751,0.28364,0.57938,-0.48818,-3.0033,0.67013
0.74467,0.17363,0.28302,0.57899,-0.53611,-2.9931,0.67001
0.74555,0.17216,0.28239,0.57859,-0.58266,-2.9829,0.67002
0.74644,0.17068,0.28177,0.57819,-0.62778,-2.9729,0.67017
0.74732,0.16921,0.28114,0.57779,-0.67144,-2.963,0.67044
0.7482,0.16774,0.28051,0.57739,-0.7136,-2.9533,0.67085
0.74907,0.16626,0.27988,0.57699,-0.75421,-2.9436,0.67139
0.74995,0.16479,0.27925,0.57658,-0.79325,-2.934,0.67206
0.75082,0.16331,0.27862,0.57617,-0.83067,-2.9245,0.67286
0.75168,0.16184,0.27799,0.57576,-0.86644,-2.9151,0.67379
0.75255,0.16036,0.27735,0.57535,-0.90054,-2.9059,0.67485
0.75341,0.15888,0.27672,0.57494,-0.93292,-2.8967,0.67604
0.75427,0.1574,0.27609,0.57452,-0.96357,-2.8877,0.67737
0.75513,0.15593,0.27545,0.5741,-0.99244,-2.8787,0.67882
0.75598,0.15445,0.27481,0.57368,-1.0195,-2.8699,0.6804
0.75684,0.15297,0.27417,0.57326,-1.0448,-2.8612,0.6821
0.75769,0.15149,0.27353,0.57284,-1.0682,-2.8526,0.68394
0.75853,0.15001,0.2729,0.57241,-1.0898,-2.8441,0.6859
0.75938,0.14853,0.27225,0.57198,-1.1095,-2.8358,0.68799
0.76022,0.14704,0.27161,0.57155,-1.1273,-2.8275,0.6902
0.76106,0.14556,0.27097,0.57112,-1.1431,-2.8194,0.69253
0.76189,0.14408,0.27033,0.57069,-1.1571,-2.8114,0.69499
0.76273,0.1426,0.26968,0.57025,-1.1691,-2.8035,0.69757
0.76356,0.14111,0.26904,0.56981,-1.1791,-2.7957,0.70027
0.76439,0.13963,0.26839,0.56937,-1.1872,-2.7881,0.70309
0.76521,0.13815,0.26774,0.56893,-1.1933,-2.7806,0.70603
0.76604,0.13666,0.26709,0.56849,-1.1975,-2.7732,0.70909
0.76686,0.13517,0.26644,0.56804,-1.1996,-2.7659,0.71227
0.76767,0.13369,0.26579,0.56759,-1.1998,-2.7587,0.71556
0.76849,0.1322,0.26514,0.56714,-1.198,-2.7517,0.71896
0.7693,0.13072,0.26449,0.56669,-1.1943,-2.7448,0.72247
0.77011,0.12923,0.26384,0.56623,-1.1885,-2.738,0.7261
0.77092,0.12774,0.26318,0.56578,-1.1808,-2.7313,0.72983
0.77172,0.12625,0.26253,0.56532,-1.1711,-2.7248,0.73368
0.77252,0.12476,0.26187,0.56486,-1.1595,-2.7184,0.73763
0.77332,0.12327,0.26122,0.5644,-1.1459,-2.7121,0.74168
0.77412,0.12178,0.26056,0.56393,-1.1304,-2.7059,0.74584
0.77491,0.12029,0.2599,0.56347,-1.113,-2.6999,0.7501
0.7757,0.1188,0.25924,0.563,-1.0937,-2.694,0.75446
0.77649,0.11731,0.25858,0.56253,-1.0725,-2.6883,0.75892
0.77727,0.11582,0.25792,0.56206,-1.0494,-2.6826,0.76348
0.77805,0.11433,0.25726,0.56159,-1.0245,-2.6771,0.76813
0.77883,0.11284,0.25659,0.56111,-0.99777,-2.6718,0.77287
0.77961,0.11135,0.25593,0.56063,-0.96923,-2.6665,0.7777
0.78039,0.10985,0.25526,0.56015,-0.93892,-2.6614,0.78262
0.78116,0.10836,0.2546,0.55967,-0.90687,-2.6565,0.78763
0.78193,0.10687,0.25393,0.55919,-0.8731,-2.6516,0.79273
0.78269,0.10537,0.25326,0.5587,-0.83765,-2.647,0.7979
0.78346,0.10388,0.2526,0.55821,-0.80054,-2.6424,0.80316
0.78422,0.10238,0.25193,0.55772,-0.76181,-2.638,0.8085
0.78497,0.10089,0.25126,0.55723,-0.7215,-2.6337,0.81391
0.78573,0.099394,0.25058,0.55674,-0.67963,-2.6295,0.8194
0.78648,0.097898,0.24991,0.55624,-0.63626,-2.6255,0.82496
0.78723,0.096402,0.24924,0.55575,-0.59141,-2.6216,0.83059
0.78798,0.094906,0.24857,0.55525,-0.54513,-2.6179,0.83628
0.78872,0.093409,0.24789,0.55475,-0.49746,-2.6143,0.84205
0.78946,0.091912,0.24722,0.55424,-0.44844,-2.6108,0.84787
0.7902,0.090414,0.24654,0.55374,-0.39812,-2.6075,0.85376
0.79094,0.088917,0.24586,0.55323,-0.34654,-2.6043,0.85971
0.79167,0.087419,0.24518,0.55272,-0.29375,-2.6013,0.86571
0.7924,0.08592,0.24451,0.55221,-0.23979,-2.5984,0.87176
0.79313,0.084422,0.24383,0.5517,-0.18472,-2.5956,0.87787
0.79385,0.082923,0.24314,0.55118,-0.12858,-2.593,0.88402
0.79457,0.081424,0.24246,0.55067,-0.071431,-2.5905,0.89023
0.79529,0.079924,0.24178,0.55015,-0.013314,-2.5882,0.89647
0.79601,0.078424,0.2411,0.54963,0.045716,-2.586,0.90276
0.79672,0.076924,0.24041,0.54911,0.1056,-2.5839,0.90908
0.79743,0.075424,0.23973,0.54858,0.1663,-2.582,0.91545
0.79814,0.073924,0.23904,0.54806,0.22774,-2.5802,0.92184
0.79885,0.072423,0.23836,0.54753,0.28988,-2.5786,0.92827
0.79955,0.070922,0.23767,0.547,0.35266,-2.5771,0.93473
0.80025,0.06942,0.23698,0.54647,0.41602,-2.5757,0.94121
0.80094,0.067919,0.23629,0.54593,0.4799,-2.5745,0.94771
0.80164,0.066417,0.2356,0.5454,0.54426,-2.5735,0.95424
0.80233,0.064915,0.23491,0.54486,0.60902,-2.5725,0.96079
0.80302,0.063413,0.23422,0.54432,0.67413,-2.5718,0.96735
0.8037,0.06191,0.23353,0.54378,0.73954,-2.5711,0.97392
0.80439,0.060407,0.23283,0.54323,0.80519,-2.5706,0.9805
0.80507,0.058904,0.23214,0.54269,0.871,-2.5703,0.9871
0.80574,0.057401,0.23145,0.54214,0.93694,-2.5701,0.99369
0.80642,0.055898,0.23075,0.54159,1.0029,-2.57,1.0003
0.80709,0.054394,0.23005,0.54104,1.0689,-2.5701,1.0069
0.80776,0.052891,0.22936,0.54049,1.1348,-2.5703,1.0135
0.80842,0.051387,0.22866,0.53993,1.2007,-2.5707,1.0201
0.80909,0.049883,0.22796,0.53938,1.2663,-2.5712,1.0267
0.80975,0.048379,0.22726,0.53882,1.3317,-2.5718,1.0332
0.8104,0.046874,0.22656,0.53826,1.3967,-2.5726,1.0398
0.81106,0.04537,0.22586,0.53769,1.4615,-2.5735,1.0463
0.81171,0.043865,0.22516,0.53713,1.5258,-2.5746,1.0529
0.81236,0.04236,0.22445,0.53656,1.5896,-2.5758,1.0594
0.813,0.040855,0.22375,0.536,1.6529,-2.5772,1.0658
0.81365,0.03935,0.22305,0.53543,1.7157,-2.5787,1.0723
0.81429,0.037844,0.22234,0.53485,1.7777,-2.5804,1.0787
0.81492,0.036339,0.22164,0.53428,1.8391,-2.5821,1.0851
0.81556,0.034833,0.22093,0.5337,1.8997,-2.5841,1.0915
0.81619,0.033328,0.22022,0.53313,1.9596,-2.5862,1.0978
0.81682,0.031822,0.21951,0.53255,2.0185,-2.5884,1.1041
0.81745,0.030316,0.2188,0.53197,2.0765,-2.5907,1.1103
0.81807,0.02881,0.21809,0.53138,2.1336,-2.5932,1.1165
0.81869,0.027304,0.21738,0.5308,2.1897,-2.5959,1.1227
0.81931,0.025797,0.21667,0.53021,2.2446,-2.5986,1.1288
0.81992,0.024291,0.21596,0.52962,2.2985,-2.6015,1.1348
0.82053,0.022785,0.21525,0.52903,2.3512,-2.6046,1.1408
0.82114,0.021278,0.21453,0.52844,2.4026,-2.6078,1.1468
0.82175,0.019772,0.21382,0.52785,2.4528,-2.6111,1.1526
0.82235,0.018265,0.2131,0.52725,2.5017,-2.6146,1.1585
0.82295,0.016758,0.21239,0.52665,2.5493,-2.6182,1.1642
0.82355,0.015251,0.21167,0.52605,2.5955,-2.622,1.1699
0.82414,0.013745,0.21096,0.52545,2.6402,-2.6259,1.1755
0.82473,0.012238,0.21024,0.52485,2.6834,-2.6299,1.1811
0.82532,0.010731,0.20952,0.52424,2.7251,-2.6341,1.1866
0.82591,0.0092239,0.2088,0.52364,2.7653,-2.6384,1.192
0.82649,0.0077169,0.20808,0.52303,2.8039,-2.6428,1.1973
0.82707,0.0062099,0.20736,0.52242,2.8409,-2.6474,1.2026
0.82765,0.0047029,0.20664,0.5218,2.8762,-2.6521,1.2077
0.82822,0.0031958,0.20591,0.52119,2.9098,-2.6569,1.2128
0.82879,0.0016888,0.20519,0.52057,2.9417,-2.6619,1.2178
0.82936,0.0001817,0.20447,0.51996,2.9718,-2.667,1.2227
0.82993,-0.0013254,0.20374,0.51934,3.0002,-2.6722,1.2276
0.83049,-0.0028324,0.20302,0.51871,3.0268,-2.6776,1.2323
0.83105,-0.0043395,0.20229,0.51809,3.0515,-2.6831,1.2369
0.8316,-0.0058465,0.20156,0.51747,3.0745,-2.6888,1.2415
0.83216,-0.0073535,0.20084,0.51684,3.0955,-2.6945,1.2459
0.83271,-0.0088605,0.20011,0.51621,3.1146,-2.7004,1.2503
0.83326,-0.010367,0.19938,0.51558,3.1319,-2.7065,1.2545
0.8338,-0.011874,0.19865,0.51495,3.1472,-2.7126,1.2587
0.83434,-0.013381,0.19792,0.51431,3.1606,-2.7189,1.2627
0.83488,-0.014888,0.19719,0.51368,3.1721,-2.7253,1.2667
0.83542,-0.016395,0.19646,0.51304,3.1816,-2.7319,1.2705
0.83595,-0.017902,0.19573,0.5124,3.1891,-2.7386,1.2742
0.83648,-0.019408,0.19499,0.51176,3.1947,-2.7454,1.2778
0.83701,-0.020915,0.19426,0.51111,3.1983,-2.7523,1.2813
0.83754,-0.022421,0.19353,0.51047,3.1999,-2.7593,1.2847
0.83806,-0.023928,0.19279,0.50982,3.1995,-2.7665,1.288
0.83858,-0.025434,0.19205,0.50917,3.1972,-2.7738,1.2912
0.83909,-0.02694,0.19132,0.50852,3.1929,-2.7812,1.2942
0.8396,-0.028447,0.19058,0.50787,3.1866,-2.7888,1.2972
0.84011,-0.029953,0.18984,0.50722,3.1783,-2.7964,1.3
0.84062,-0.031459,0.18911,0.50656,3.1681,-2.8042,1.3027
0.84113,-0.032964,0.18837,0.5059,3.1559,-2.8121,1.3052
0.84163,-0.03447,0.18763,0.50525,3.1418,-2.8201,1.3077
0.84212,-0.035976,0.18689,0.50458,3.1258,-2.8283,1.31
0.84262,-0.037481,0.18615,0.50392,3.1078,-2.8365,1.3122
0.84311,-0.038987,0.1854,0.50326,3.0879,-2.8449,1.3143
0.8436,-0.040492,0.18466,0.50259,3.0662,-2.8534,1.3162
0.84409,-0.041997,0.18392,0.50192,3.0426,-2.862,1.3181
0.84457,-0.043502,0.18318,0.50125,3.0172,-2.8707,1.3197
0.84505,-0.045007,0.18243,0.50058,2.99,-2.8795,1.3213
0.84553,-0.046511,0.18169,0.49991,2.9609,-2.8885,1.3228
0.846,-0.048016,0.18094,0.49923,2.9301,-2.8975,1.3241
0.84647,-0.04952,0.18019,0.49856,2.8976,-2.9067,1.3252
0.84694,-0.051024,0.17945,0.49788,2.8633,-2.916,1.3263
0.84741,-0.052528,0.1787,0.4972,2.8274,-2.9253,1.3272
0.84787,-0.054032,0.17795,0.49651,2.7898,-2.9348,1.328
0.84833,-0.055535,0.1772,0.49583,2.7507,-2.9444,1.3287
0.84879,-0.057039,0.17646,0.49515,2.7099,-2.9541,1.3292
0.84924,-0.058542,0.17571,0.49446,2.6676,-2.9639,1.3296
0.84969,-0.060045,0.17495,0.49377,2.6238,-2.9738,1.3299
0.85014,-0.061548,0.1742,0.49308,2.5786,-2.9838,1.33
0.85059,-0.06305,0.17345,0.49239,2.5319,-2.994,1.33
0.85103,-0.064553,0.1727,0.49169,2.4839,-3.0042,1.3299
0.85147,-0.066055,0.17195,0.491,2.4345,-3.0145,1.3296
0.8519,-0.067557,0.17119,0.4903,2.3838,-3.0249,1.3292
0.85233,-0.069058,0.17044,0.4896,2.3319,-3.0354,1.3287
0.85276,-0.07056,0.16968,0.4889,2.2787,-3.046,1.328
0.85319,-0.072061,0.16893,0.4882,2.2245,-3.0567,1.3272
0.85362,-0.073562,0.16817,0.48749,2.1691,-3.0675,1.3263
0.85404,-0.075062,0.16742,0.48678,2.1127,-3.0784,1.3252
0.85445,-0.076563,0.16666,0.48608,2.0552,-3.0894,1.3241
0.85487,-0.078063,0.1659,0.48537,1.9969,-3.1004,1.3227
0.85528,-0.079563,0.16514,0.48466,1.9376,-3.1116,1.3213
0.85569,-0.081062,0.16439,0.48394,1.8775,-3.1228,1.3197
0.8561,-0.082561,0.16363,0.48323,1.8166,-3.1342,1.318
0.8565,-0.08406,0.16287,0.48251,1.7549,-3.1456,1.3162
0.8569,-0.085559,0.16211,0.48179,1.6926,-3.1571,1.3143
0.8573,-0.087058,0.16134,0.48107,1.6296,-3.1687,1.3122
0.85769,-0.088556,0.16058,0.48035,1.5661,-3.1804,1.31
0.85808,-0.090053,0.15982,0.47963,1.5021,-3.1921,1.3077
0.85847,-0.091551,0.15906,0.4789,1.4376,-3.204,1.3052
0.85885,-0.093048,0.15829,0.47818,1.3728,-3.2159,1.3026
0.85924,-0.094545,0.15753,0.47745,1.3076,-3.2279,1.2999
0.85962,-0.096041,0.15677,0.47672,1.2421,-3.24,1.2971
0.85999,-0.097537,0.156,0.47599,1.1764,-3.2521,1.2942
0.86036,-0.099033,0.15524,0.47526,1.1105,-3.2644,1.2912
0.86073,-0.10053,0.15447,0.47452,1.0446,-3.2767,1.288
0.8611,-0.10202,0.1537,0.47378,0.97857,-3.289,1.2847
0.86146,-0.10352,0.15294,0.47305,0.9126,-3.3015,1.2813
0.86183,-0.10501,0.15217,0.47231,0.8467,-3.314,1.2778
0.86218,-0.10651,0.1514,0.47157,0.78094,-3.3266,1.2742
0.86254,-0.108,0.15063,0.47082,0.71537,-3.3392,1.2705
0.86289,-0.10949,0.14986,0.47008,0.65007,-3.3519,1.2666
0.86324,-0.11099,0.14909,0.46933,0.58507,-3.3647,1.2627
0.86358,-0.11248,0.14832,0.46858,0.52045,-3.3775,1.2586
0.86393,-0.11397,0.14755,0.46783,0.45627,-3.3905,1.2545
0.86427,-0.11546,0.14678,0.46708,0.39257,-3.4034,1.2502
0.8646,-0.11695,0.14601,0.46633,0.32942,-3.4164,1.2459
0.86494,-0.11845,0.14524,0.46557,0.26687,-3.4295,1.2414
0.86527,-0.11994,0.14446,0.46482,0.20498,-3.4427,1.2369
0.8656,-0.12143,0.14369,0.46406,0.14381,-3.4559,1.2322
0.86592,-0.12292,0.14292,0.4633,0.083405,-3.4691,1.2275
0.86624,-0.1244,0.14214,0.46254,0.023828,-3.4824,1.2227
0.86656,-0.12589,0.14137,0.46178,-0.034871,-3.4958,1.2178
0.86688,-0.12738,0.14059,0.46101,-0.092639,-3.5092,1.2128
0.86719,-0.12887,0.13982,0.46025,-0.14942,-3.5226,1.2077
0.8675,-0.13036,0.13904,0.45948,-0.20517,-3.5361,1.2025
0.8678,-0.13184,0.13826,0.45871,-0.25984,-3.5497,1.1973
0.86811,-0.13333,0.13749,0.45794,-0.31337,-3.5633,1.1919
0.86841,-0.13482,0.13671,0.45717,-0.36572,-3.5769,1.1865
0.86871,-0.1363,0.13593,0.45639,-0.41684,-3.5906,1.181
0.869,-0.13779,0.13515,0.45562,-0.46669,-3.6043,1.1755
0.86929,-0.13927,0.13437,0.45484,-0.51521,-3.6181,1.1699
0.86958,-0.14076,0.13359,0.45406,-0.56237,-3.6319,1.1642
0.86986,-0.14224,0.13281,0.45328,-0.60813,-3.6457,1.1584
0.87015,-0.14372,0.13203,0.4525,-0.65244,-3.6596,1.1526
0.87043,-0.14521,0.13125,0.45172,-0.69526,-3.6735,1.1467
0.8707,-0.14669,0.13047,0.45093,-0.73656,-3.6874,1.1408
0.87097,-0.14817,0.12969,0.45014,-0.77629,-3.7014,1.1348
0.87124,-0.14965,0.1289,0.44936,-0.81442,-3.7154,1.1287
0.87151,-0.15113,0.12812,0.44857,-0.85093,-3.7294,1.1226
0.87178,-0.15261,0.12734,0.44778,-0.88576,-3.7435,1.1165
0.87204,-0.15409,0.12655,0.44698,-0.9189,-3.7576,1.1103
0.87229,-0.15557,0.12577,0.44619,-0.95031,-3.7717,1.104
0.87255,-0.15705,0.12498,0.44539,-0.97997,-3.7858,1.0977
0.8728,-0.15853,0.1242,0.44459,-1.0078,-3.8,1.0914
0.87305,-0.16,0.12341,0.4438,-1.0339,-3.8141,1.0851
0.87329,-0.16148,0.12263,0.44299,-1.0582,-3.8283,1.0787
0.87354,-0.16296,0.12184,0.44219,-1.0805,-3.8425,1.0722
0.87378,-0.16443,0.12105,0.44139,-1.1011,-3.8567,1.0658
0.87401,-0.16591,0.12027,0.44058,-1.1197,-3.871,1.0593
0.87425,-0.16738,0.11948,0.43978,-1.1364,-3.8852,1.0528
0.87448,-0.16885,0.11869,0.43897,-1.1512,-3.8995,1.0463
0.8747,-0.17033,0.1179,0.43816,-1.164,-3.9137,1.0397
0.87493,-0.1718,0.11711,0.43735,-1.1749,-3.928,1.0332
0.87515,-0.17327,0.11632,0.43653,-1.1839,-3.9423,1.0266
0.87537,-0.17474,0.11553,0.43572,-1.1909,-3.9566,1.02
0.87558,-0.17622,0.11474,0.4349,-1.1959,-3.9709,1.0134
0.87579,-0.17769,0.11395,0.43408,-1.1989,-3.9852,1.0068
0.876,-0.17915,0.11316,0.43327,-1.2,-3.9995,1.0002
0.87621,-0.18062,0.11237,0.43245,-1.1991,-4.0138,0.99363
0.87641,-0.18209,0.11158,0.43162,-1.1962,-4.0281,0.98704
0.87661,-0.18356,0.11079,0.4308,-1.1913,-4.0424,0.98044
0.87681,-0.18503,0.11,0.42997,-1.1845,-4.0567,0.97386
0.877,-0.18649,0.1092,0.42915,-1.1756,-4.071,0.96729
0.87719,-0.18796,0.10841,0.42832,-1.1649,-4.0852,0.96073
0.87738,-0.18942,0.10762,0.42749,-1.1522,-4.0995,0.95418
0.87756,-0.19089,0.10682,0.42666,-1.1375,-4.1138,0.94765
0.87774,-0.19235,0.10603,0.42583,-1.1209,-4.128,0.94115
0.87792,-0.19382,0.10523,0.42499,-1.1024,-4.1423,0.93467
0.8781,-0.19528,0.10444,0.42416,-1.082,-4.1565,0.92821
0.87827,-0.19674,0.10364,0.42332,-1.0598,-4.1707,0.92178
0.87844,-0.1982,0.10285,0.42248,-1.0357,-4.1849,0.91539
0.8786,-0.19966,0.10205,0.42164,-1.0097,-4.199,0.90903
0.87876,-0.20112,0.10125,0.4208,-0.98199,-4.2132,0.9027
0.87892,-0.20258,0.10046,0.41996,-0.95246,-4.2273,0.89641
0.87908,-0.20404,0.099658,0.41911,-0.92117,-4.2414,0.89017
0.87923,-0.2055,0.098861,0.41826,-0.88815,-4.2555,0.88397
0.87938,-0.20695,0.098063,0.41742,-0.85344,-4.2696,0.87781
0.87953,-0.20841,0.097264,0.41657,-0.81705,-4.2836,0.87171
0.87968,-0.20986,0.096466,0.41572,-0.77903,-4.2976,0.86565
0.87982,-0.21132,0.095667,0.41487,-0.73941,-4.3116,0.85965
0.87996,-0.21277,0.094867,0.41401,-0.69822,-4.3255,0.85371
0.88009,-0.21423,0.094068,0.41316,-0.6555,-4.3394,0.84782
0.88022,-0.21568,0.093268,0.4123,-0.6113,-4.3533,0.84199
0.88035,-0.21713,0.092467,0.41144,-0.56564,-4.3671,0.83623
0.88048,-0.21858,0.091667,0.41059,-0.51858,-4.3809,0.83053
0.8806,-0.22003,0.090866,0.40972,-0.47015,-4.3947,0.82491
0.88072,-0.22148,0.090064,0.40886,-0.42039,-4.4084,0.81935
0.88084,-0.22293,0.089263,0.408,-0.36936,-4.4221,0.81386
0.88095,-0.22438,0.088461,0.40713,-0.3171,-4.4358,0.80845
0.88106,-0.22582,0.087658,0.40627,-0.26365,-4.4494,0.80311
0.88117,-0.22727,0.086856,0.4054,-0.20906,-4.4629,0.79786
0.88127,-0.22872,0.086053,0.40453,-0.15339,-4.4764,0.79268
0.88137,-0.23016,0.08525,0.40366,-0.096672,-4.4899,0.78759
0.88147,-0.2316,0.084446,0.40279,-0.038972,-4.5033,0.78258
0.88156,-0.23305,0.083643,0.40192,0.019663,-4.5166,0.77766
0.88166,-0.23449,0.082839,0.40104,0.07918,-4.5299,0.77282
0.88175,-0.23593,0.082034,0.40017,0.13953,-4.5432,0.76808
0.88183,-0.23737,0.08123,0.39929,0.20065,-4.5564,0.76343
0.88191,-0.23881,0.080425,0.39841,0.26249,-4.5695,0.75888
0.88199,-0.24025,0.079619,0.39753,0.32499,-4.5826,0.75442
0.88207,-0.24169,0.078814,0.39665,0.3881,-4.5957,0.75006
0.88214,-0.24313,0.078008,0.39576,0.45176,-4.6086,0.7458
0.88221,-0.24456,0.077202,0.39488,0.51592,-4.6215,0.74165
0.88228,-0.246,0.076396,0.39399,0.58051,-4.6344,0.73759
0.88234,-0.24743,0.075589,0.39311,0.64548,-4.6472,0.73364
0.88241,-0.24887,0.074783,0.39222,0.71076,-4.6599,0.7298
0.88246,-0.2503,0.073975,0.39133,0.77631,-4.6726,0.72607
0.88252,-0.25173,0.073168,0.39044,0.84206,-4.6851,0.72244
0.88257,-0.25316,0.072361,0.38954,0.90795,-4.6977,0.71893
0.88262,-0.25459,0.071553,0.38865,0.97392,-4.7101,0.71552
0.88266,-0.25602,0.070745,0.38775,1.0399,-4.7225,0.71224
0.88271,-0.25745,0.069936,0.38686,1.1059,-4.7348,0.70906
0.88275,-0.25888,0.069128,0.38596,1.1717,-4.747,0.70601
0.88278,-0.2603,0.068319,0.38506,1.2375,-4.7592,0.70307
0.88281,-0.26173,0.06751,0.38416,1.303,-4.7712,0.70025
0.88284,-0.26315,0.0667,0.38326,1.3682,-4.7833,0.69755
0.88287,-0.26458,0.065891,0.38235,1.4331,-4.7952,0.69497
0.8829,-0.266,0.065081,0.38145,1.4976,-4.807,0.69251
0.88292,-0.26742,0.064271,0.38054,1.5616,-4.8188,0.69018
0.88293,-0.26884,0.063461,0.37963,1.6252,-4.8305,0.68797
0.88295,-0.27026,0.06265,0.37873,1.6882,-4.8421,0.68588
0.88296,-0.27168,0.06184,0.37782,1.7505,-4.8536,0.68392
0.88297,-0.2731,0.061029,0.3769,1.8122,-4.865,0.68209
0.88297,-0.27452,0.060218,0.37599,1.8732,-4.8764,0.68038
0.88298,-0.27594,0.059406,0.37508,1.9334,-4.8876,0.6788
0.88298,-0.27735,0.058595,0.37416,1.9927,-4.8988,0.67735
0.88297,-0.27877,0.057783,0.37324,2.0512,-4.9099,0.67603
0.88296,-0.28018,0.056971,0.37233,2.1087,-4.9208,0.67484
0.88295,-0.28159,0.056159,0.37141,2.1652,-4.9317,0.67378
0.88294,-0.283,0.055347,0.37049,2.2206,-4.9425,0.67285
0.88293,-0.28441,0.054534,0.36956,2.275,-4.9532,0.67205
0.88291,-0.28582,0.053721,0.36864,2.3282,-4.9639,0.67138
0.88288,-0.28723,0.052909,0.36772,2.3802,-4.9744,0.67084
0.88286,-0.28864,0.052096,0.36679,2.4309,-4.9848,0.67044
0.88283,-0.29005,0.051282,0.36586,2.4804,-4.9951,0.67016
0.8828,-0.29145,0.050469,0.36494,2.5286,-5.0053,0.67002
0.88276,-0.29286,0.049655,0.36401,2.5753,-5.0155,0.67001
0.88272,-0.29426,0.048841,0.36308,2.6207,-5.0255,0.67013
0.88268,-0.29566,0.048027,0.36214,2.6646,-5.0354,0.67039
0.88264,-0.29706,0.047213,0.36121,2.707,-5.0452,0.67077
0.88259,-0.29846,0.046399,0.36027,2.7479,-5.0549,0.67129
0.88254,-0.29986,0.045585,0.35934,2.7871,-5.0645,0.67194
0.88249,-0.30126,0.04477,0.3584,2.8248,-5.074,0.67272
0.88243,-0.30266,0.043955,0.35746,2.8609,-5.0834,0.67363
0.88237,-0.30405,0.04314,0.35652,2.8952,-5.0927,0.67467
0.88231,-0.30545,0.042325,0.35558,2.9279,-5.1018,0.67585
0.88224,-0.30684,0.04151,0.35464,2.9588,-5.1109,0.67715
0.88218,-0.30824,0.040694,0.3537,2.988,-5.1198,0.67858
0.8821,-0.30963,0.039879,0.35275,3.0153,-5.1287,0.68014
0.88203,-0.31102,0.039063,0.35181,3.0409,-5.1374,0.68182
0.88195,-0.31241,0.038248,0.35086,3.0646,-5.146,0.68364
0.88187,-0.3138,0.037432,0.34991,3.0865,-5.1545,0.68558
0.88179,-0.31518,0.036616,0.34896,3.1065,-5.1629,0.68765
0.8817,-0.31657,0.035799,0.34801,3.1246,-5.1712,0.68984
0.88161,-0.31796,0.034983,0.34706,3.1407,-5.1793,0.69215
0.88151,-0.31934,0.034167,0.3461,3.155,-5.1873,0.69459
0.88142,-0.32072,0.03335,0.34515,3.1673,-5.1952,0.69715
0.88132,-0.32211,0.032533,0.34419,3.1777,-5.203,0.69984
0.88121,-0.32349,0.031717,0.34324,3.1861,-5.2107,0.70264
0.88111,-0.32487,0.0309,0.34228,3.1925,-5.2183,0.70556
0.881,-0.32624,0.030083,0.34132,3.197,-5.2257,0.7086
0.88089,-0.32762,0.029266,0.34036,3.1994,-5.233,0.71175
0.88077,-0.329,0.028448,0.3394,3.1999,-5.2402,0.71502
0.88065,-0.33037,0.027631,0.33843,3.1985,-5.2472,0.71841
0.88053,-0.33175,0.026814,0.33747,3.195,-5.2542,0.72191
0.88041,-0.33312,0.025996,0.3365,3.1896,-5.261,0.72551
0.88028,-0.33449,0.025179,0.33554,3.1822,-5.2676,0.72923
0.88015,-0.33586,0.024361,0.33457,3.1728,-5.2742,0.73306
0.88002,-0.33723,0.023543,0.3336,3.1615,-5.2806,0.73699
0.87988,-0.3386,0.022725,0.33263,3.1482,-5.2869,0.74103
0.87974,-0.33997,0.021907,0.33166,3.133,-5.2931,0.74517
0.8796,-0.34133,0.021089,0.33069,3.1159,-5.2991,0.74942
0.87945,-0.3427,0.020271,0.32971,3.0969,-5.305,0.75376
0.8793,-0.34406,0.019453,0.32874,3.076,-5.3108,0.75821
0.87915,-0.34542,0.018635,0.32776,3.0532,-5.3165,0.76274
0.879,-0.34678,0.017817,0.32679,3.0286,-5.322,0.76738
0.87884,-0.34814,0.016998,0.32581,3.0021,-5.3274,0.77211
0.87868,-0.3495,0.01618,0.32483,2.9739,-5.3326,0.77693
0.87851,-0.35086,0.015361,0.32385,2.9439,-5.3378,0.78183
0.87835,-0.35221,0.014543,0.32287,2.9121,-5.3427,0.78683
0.87817,-0.35357,0.013724,0.32189,2.8786,-5.3476,0.79191
0.878,-0.35492,0.012906,0.3209,2.8434,-5.3523,0.79707
0.87782,-0.35627,0.012087,0.31992,2.8066,-5.3569,0.80232
0.87764,-0.35762,0.011268,0.31893,2.7681,-5.3613,0.80764
0.87746,-0.35897,0.01045,0.31794,2.728,-5.3656,0.81304
0.87728,-0.36032,0.0096307,0.31696,2.6864,-5.3698,0.81852
0.87709,-0.36167,0.0088119,0.31597,2.6433,-5.3739,0.82407
0.8769,-0.36302,0.0079931,0.31498,2.5986,-5.3778,0.82969
0.8767,-0.36436,0.0071742,0.31398,2.5526,-5.3815,0.83537
0.8765,-0.3657,0.0063553,0.31299,2.5051,-5.3851,0.84112
0.8763,-0.36705,0.0055364,0.312,2.4563,-5.3886,0.84694
0.8761,-0.36839,0.0047174,0.311,2.4062,-5.392,0.85282
0.87589,-0.36973,0.0038985,0.31001,2.3548,-5.3952,0.85875
0.87568,-0.37107,0.0030795,0.30901,2.3022,-5.3982,0.86475
0.87547,-0.3724,0.0022605,0.30801,2.2485,-5.4012,0.87079
0.87525,-0.37374,0.0014416,0.30701,2.1936,-5.404,0.87689
0.87503,-0.37507,0.00062256,0.30601,2.1376,-5.4066,0.88304
0.87481,-0.37641,-0.00019644,0.30501,2.0806,-5.4091,0.88923
0.87458,-0.37774,-0.0010154,0.30401,2.0226,-5.4115,0.89547
0.87435,-0.37907,-0.0018344,0.30301,1.9637,-5.4137,0.90175
0.87412,-0.3804,-0.0026534,0.302,1.904,-5.4158,0.90807
0.87389,-0.38172,-0.0034724,0.301,1.8434,-5.4177,0.91443
0.87365,-0.38305,-0.0042913,0.29999,1.7821,-5.4195,0.92082
0.87341,-0.38438,-0.0051103,0.29898,1.7201,-5.4212,0.92724
0.87316,-0.3857,-0.0059292,0.29797,1.6574,-5.4227,0.9337
0.87292,-0.38702,-0.0067481,0.29696,1.5941,-5.4241,0.94017
0.87266,-0.38834,-0.007567,0.29595,1.5303,-5.4253,0.94668
0.87241,-0.38966,-0.0083859,0.29494,1.466,-5.4264,0.9532
0.87216,-0.39098,-0.0092047,0.29393,1.4013,-5.4273,0.95974
0.8719,-0.3923,-0.010024,0.29291,1.3363,-5.4281,0.9663
0.87163,-0.39361,-0.010842,0.2919,1.2709,-5.4288,0.97287
0.87137,-0.39493,-0.011661,0.29088,1.2053,-5.4293,0.97946
0.8711,-0.39624,-0.01248,0.28987,1.1395,-5.4297,0.98605
0.87083,-0.39755,-0.013298,0.28885,1.0736,-5.4299,0.99264
0.87055,-0.39886,-0.014117,0.28783,1.0076,-5.43,0.99924
0.87028,-0.40017,-0.014935,0.28681,0.94159,-5.4299,1.0058
0.87,-0.40148,-0.015754,0.28579,0.87565,-5.4297,1.0124
0.86971,-0.40278,-0.016572,0.28477,0.80982,-5.4294,1.019
0.86942,-0.40409,-0.017391,0.28374,0.74416,-5.4289,1.0256
0.86913,-0.40539,-0.018209,0.28272,0.67873,-5.4283,1.0322
0.86884,-0.40669,-0.019027,0.28169,0.6136,-5.4275,1.0388
0.86855,-0.40799,-0.019846,0.28067,0.5488,-5.4266,1.0453
0.86825,-0.40929,-0.020664,0.27964,0.48442,-5.4256,1.0518
0.86795,-0.41059,-0.021482,0.27861,0.4205,-5.4244,1.0583
0.86764,-0.41189,-0.0223,0.27759,0.3571,-5.423,1.0648
0.86733,-0.41318,-0.023118,0.27656,0.29428,-5.4215,1.0713
0.86702,-0.41447,-0.023935,0.27552,0.2321,-5.4199,1.0777
0.86671,-0.41576,-0.024753,0.27449,0.1706,-5.4181,1.0841
0.86639,-0.41705,-0.025571,0.27346,0.10985,-5.4162,1.0905
0.86607,-0.41834,-0.026388,0.27243,0.049907,-5.4142,1.0968
0.86575,-0.41963,-0.027206,0.27139,-0.0091842,-5.412,1.1031
0.86542,-0.42092,-0.028023,0.27036,-0.067368,-5.4097,1.1093
0.86509,-0.4222,-0.02884,0.26932,-0.12459,-5.4072,1.1155
0.86476,-0.42348,-0.029658,0.26828,-0.1808,-5.4046,1.1217
0.86442,-0.42476,-0.030475,0.26724,-0.23595,-5.4018,1.1278
0.86408,-0.42604,-0.031292,0.2662,-0.28999,-5.3989,1.1339
0.86374,-0.42732,-0.032108,0.26516,-0.34286,-5.3959,1.1399
0.8634,-0.4286,-0.032925,0.26412,-0.39453,-5.3927,1.1458
0.86305,-0.42987,-0.033742,0.26308,-0.44494,-5.3894,1.1517
0.8627,-0.43115,-0.034558,0.26204,-0.49405,-5.386,1.1575
0.86235,-0.43242,-0.035375,0.26099,-0.54182,-5.3824,1.1633
0.86199,-0.43369,-0.036191,0.25995,-0.5882,-5.3786,1.169
0.86163,-0.43496,-0.037007,0.2589,-0.63315,-5.3748,1.1746
0.86127,-0.43623,-0.037823,0.25786,-0.67663,-5.3708,1.1802
0.8609,-0.43749,-0.038639,0.25681,-0.7186,-5.3666,1.1857
0.86053,-0.43876,-0.039455,0.25576,-0.75902,-5.3623,1.1911
0.86016,-0.44002,-0.04027,0.25471,-0.79786,-5.3579,1.1965
0.85979,-0.44128,-0.041086,0.25366,-0.83509,-5.3534,1.2017
0.85941,-0.44254,-0.041901,0.25261,-0.87066,-5.3487,1.2069
0.85903,-0.4438,-0.042716,0.25156,-0.90455,-5.3439,1.212
0.85865,-0.44506,-0.043531,0.2505,-0.93672,-5.3389,1.217
0.85826,-0.44632,-0.044346,0.24945,-0.96715,-5.3338,1.222
0.85787,-0.44757,-0.045161,0.2484,-0.99582,-5.3286,1.2268
0.85748,-0.44882,-0.045975,0.24734,-1.0227,-5.3232,1.2315
0.85708,-0.45007,-0.04679,0.24628,-1.0477,-5.3178,1.2362
0.85668,-0.45132,-0.047604,0.24523,-1.0709,-5.3121,1.2408
0.85628,-0.45257,-0.048418,0.24417,-1.0923,-5.3064,1.2452
0.85588,-0.45381,-0.049232,0.24311,-1.1117,-5.3005,1.2496
0.85547,-0.45506,-0.050045,0.24205,-1.1293,-5.2945,1.2539
0.85506,-0.4563,-0.050859,0.24099,-1.1449,-5.2884,1.258
0.85465,-0.45754,-0.051672,0.23993,-1.1586,-5.2821,1.2621
0.85423,-0.45878,-0.052486,0.23887,-1.1704,-5.2757,1.266
0.85381,-0.46002,-0.053299,0.2378,-1.1802,-5.2692,1.2699
0.85339,-0.46126,-0.054111,0.23674,-1.1881,-5.2625,1.2736
0.85296,-0.46249,-0.054924,0.23567,-1.1939,-5.2557,1.2773
0.85253,-0.46372,-0.055736,0.23461,-1.1978,-5.2488,1.2808
0.8521,-0.46496,-0.056549,0.23354,-1.1998,-5.2418,1.2842
0.85167,-0.46619,-0.057361,0.23247,-1.1997,-5.2346,1.2875
0.85123,-0.46741,-0.058173,0.23141,-1.1977,-5.2274,1.2907
0.85079,-0.46864,-0.058984,0.23034,-1.1937,-5.22,1.2938
0.85035,-0.46987,-0.059796,0.22927,-1.1877,-5.2124,1.2967
0.8499,-0.47109,-0.060607,0.2282,-1.1798,-5.2048,1.2995
0.84945,-0.47231,-0.061418,0.22712,-1.1698,-5.197,1.3022
0.849,-0.47353,-0.062229,0.22605,-1.158,-5.1892,1.3048
0.84854,-0.47475,-0.063039,0.22498,-1.1442,-5.1812,1.3073
0.84808,-0.47597,-0.063849,0.22391,-1.1284,-5.173,1.3096
0.84762,-0.47718,-0.06466,0.22283,-1.1108,-5.1648,1.3119
0.84716,-0.47839,-0.06547,0.22176,-1.0912,-5.1564,1.314
0.84669,-0.47961,-0.066279,0.22068,-1.0698,-5.148,1.3159
0.84622,-0.48082,-0.067089,0.2196,-1.0465,-5.1394,1.3178
0.84575,-0.48202,-0.067898,0.21853,-1.0214,-5.1307,1.3195
0.84527,-0.48323,-0.068707,0.21745,-0.99441,-5.1219,1.3211
0.84479,-0.48444,-0.069516,0.21637,-0.96566,-5.113,1.3225
0.84431,-0.48564,-0.070324,0.21529,-0.93514,-5.1039,1.3239
0.84383,-0.48684,-0.071132,0.21421,-0.90288,-5.0948,1.3251
0.84334,-0.48804,-0.07194,0.21313,-0.8689,-5.0855,1.3261
0.84285,-0.48924,-0.072748,0.21204,-0.83325,-5.0762,1.3271
0.84235,-0.49043,-0.073555,0.21096,-0.79594,-5.0667,1.3279
0.84186,-0.49163,-0.074363,0.20988,-0.75702,-5.0571,1.3286
0.84136,-0.49282,-0.07517,0.20879,-0.71651,-5.0474,1.3291
0.84085,-0.49401,-0.075976,0.20771,-0.67446,-5.0376,1.3295
0.84035,-0.4952,-0.076783,0.20662,-0.63091,-5.0278,1.3298
0.83984,-0.49639,-0.077589,0.20554,-0.58589,-5.0178,1.33
0.83933,-0.49758,-0.078395,0.20445,-0.53944,-5.0077,1.33
0.83881,-0.49876,-0.0792,0.20336,-0.4916,-4.9975,1.3299
0.8383,-0.49994,-0.080006,0.20227,-0.44242,-4.9872,1.3296
0.83778,-0.50113,-0.080811,0.20118,-0.39195,-4.9768,1.3293
0.83725,-0.5023,-0.081616,0.20009,-0.34022,-4.9663,1.3288
0.83673,-0.50348,-0.08242,0.199,-0.28728,-4.9557,1.3281
0.8362,-0.50466,-0.083224,0.19791,-0.23319,-4.945,1.3273
0.83567,-0.50583,-0.084028,0.19682,-0.17799,-4.9342,1.3264
0.83513,-0.507,-0.084832,0.19572,-0.12172,-4.9234,1.3254
0.83459,-0.50817,-0.085635,0.19463,-0.06445,-4.9124,1.3243
0.83405,-0.50934,-0.086438,0.19354,-0.0062197,-4.9013,1.323
0.83351,-0.51051,-0.087241,0.19244,0.052916,-4.8902,1.3215
0.83296,-0.51167,-0.088043,0.19135,0.1129,-4.879,1.32
0.83241,-0.51284,-0.088845,0.19025,0.17369,-4.8676,1.3183
0.83186,-0.514,-0.089647,0.18915,0.23522,-4.8562,1.3165
0.8313,-0.51516,-0.090449,0.18805,0.29744,-4.8447,1.3146
0.83075,-0.51631,-0.09125,0.18696,0.36029,-4.8331,1.3125
0.83019,-0.51747,-0.092051,0.18586,0.42372,-4.8215,1.3103
0.82962,-0.51862,-0.092851,0.18476,0.48766,-4.8097,1.308
0.82905,-0.51978,-0.093651,0.18366,0.55207,-4.7979,1.3056
0.82848,-0.52093,-0.094451,0.18256,0.61688,-4.786,1.3031
0.82791,-0.52208,-0.095251,0.18146,0.68203,-4.774,1.3004
0.82734,-0.52322,-0.09605,0.18035,0.74747,-4.762,1.2976
0.82676,-0.52437,-0.096849,0.17925,0.81314,-4.7498,1.2947
0.82618,-0.52551,-0.097647,0.17815,0.87898,-4.7376,1.2916
0.82559,-0.52665,-0.098446,0.17704,0.94492,-4.7253,1.2885
0.825,-0.52779,-0.099243,0.17594,1.0109,-4.713,1.2852
0.82441,-0.52893,-0.10004,0.17483,1.0769,-4.7005,1.2819
0.82382,-0.53007,-0.10084,0.17373,1.1428,-4.688,1.2784
0.82323,-0.5312,-0.10163,0.17262,1.2086,-4.6754,1.2748
0.82263,-0.53233,-0.10243,0.17151,1.2742,-4.6628,1.2711
0.82202,-0.53346,-0.10323,0.17041,1.3396,-4.6501,1.2672
0.82142,-0.53459,-0.10402,0.1693,1.4046,-4.6373,1.2633
0.82081,-0.53572,-0.10482,0.16819,1.4693,-4.6245,1.2593
0.8202,-0.53684,-0.10561,0.16708,1.5335,-4.6116,1.2552
0.81959,-0.53796,-0.10641,0.16597,1.5973,-4.5987,1.2509
0.81897,-0.53908,-0.1072,0.16486,1.6606,-4.5856,1.2466
0.81835,-0.5402,-0.108,0.16375,1.7232,-4.5726,1.2422
0.81773,-0.54132,-0.10879,0.16264,1.7852,-4.5594,1.2376
0.81711,-0.54244,-0.10958,0.16152,1.8465,-4.5462,1.233
0.81648,-0.54355,-0.11038,0.16041,1.907,-4.533,1.2283
0.81585,-0.54466,-0.11117,0.1593,1.9667,-4.5197,1.2235
0.81522,-0.54577,-0.11196,0.15818,2.0256,-4.5064,1.2186
0.81458,-0.54688,-0.11275,0.15707,2.0835,-4.493,1.2136
0.81394,-0.54798,-0.11354,0.15595,2.1404,-4.4795,1.2085
0.8133,-0.54909,-0.11433,0.15484,2.1964,-4.466,1.2033
0.81266,-0.55019,-0.11512,0.15372,2.2512,-4.4525,1.1981
0.81201,-0.55129,-0.11591,0.1526,2.3049,-4.4389,1.1928
0.81136,-0.55239,-0.1167,0.15149,2.3575,-4.4253,1.1874
0.81071,-0.55348,-0.11749,0.15037,2.4088,-4.4116,1.1819
0.81005,-0.55458,-0.11828,0.14925,2.4588,-4.3979,1.1764
0.80939,-0.55567,-0.11907,0.14813,2.5076,-4.3841,1.1708
0.80873,-0.55676,-0.11986,0.14701,2.555,-4.3703,1.1651
0.80806,-0.55785,-0.12064,0.14589,2.6009,-4.3565,1.1593
0.8074,-0.55893,-0.12143,0.14477,2.6455,-4.3426,1.1535
0.80673,-0.56002,-0.12222,0.14365,2.6885,-4.3287,1.1477
0.80605,-0.5611,-0.123,0.14253,2.7301,-4.3148,1.1417
0.80538,-0.56218,-0.12379,0.14141,2.7701,-4.3008,1.1357
0.8047,-0.56326,-0.12458,0.14029,2.8085,-4.2868,1.1297
0.80402,-0.56433,-0.12536,0.13916,2.8452,-4.2728,1.1236
0.80333,-0.56541,-0.12615,0.13804,2.8803,-4.2587,1.1175
0.80265,-0.56648,-0.12693,0.13692,2.9137,-4.2447,1.1113
0.80196,-0.56755,-0.12771,0.13579,2.9454,-4.2306,1.105
0.80126,-0.56862,-0.1285,0.13467,2.9754,-4.2164,1.0987
0.80057,-0.56969,-0.12928,0.13354,3.0035,-4.2023,1.0924
0.79987,-0.57075,-0.13006,0.13242,3.0299,-4.1881,1.0861
0.79917,-0.57181,-0.13084,0.13129,3.0544,-4.1739,1.0797
0.79847,-0.57287,-0.13162,0.13016,3.0771,-4.1597,1.0733
0.79776,-0.57393,-0.13241,0.12904,3.0979,-4.1455,1.0668
0.79705,-0.57499,-0.13319,0.12791,3.1168,-4.1313,1.0603
0.79634,-0.57604,-0.13397,0.12678,3.1339,-4.1171,1.0538
0.79562,-0.5771,-0.13474,0.12565,3.149,-4.1028,1.0473
0.79491,-0.57815,-0.13552,0.12452,3.1621,-4.0885,1.0408
0.79418,-0.57919,-0.1363,0.12339,3.1733,-4.0742,1.0342
0.79346,-0.58024,-0.13708,0.12226,3.1826,-4.06,1.0277
0.79273,-0.58129,-0.13786,0.12113,3.1899,-4.0457,1.0211
0.79201,-0.58233,-0.13864,0.12,3.1952,-4.0314,1.0145
0.79127,-0.58337,-0.13941,0.11887,3.1986,-4.0171,1.0079
0.79054,-0.58441,-0.14019,0.11774,3.2,-4.0028,1.0013
0.7898,-0.58544,-0.14096,0.11661,3.1994,-3.9885,0.99468
0.78906,-0.58648,-0.14174,0.11548,3.1968,-3.9742,0.98809
0.78832,-0.58751,-0.14251,0.11434,3.1922,-3.9599,0.98149
0.78757,-0.58854,-0.14329,0.11321,3.1857,-3.9456,0.97491
0.78683,-0.58957,-0.14406,0.11208,3.1772,-3.9313,0.96833
0.78608,-0.59059,-0.14483,0.11094,3.1667,-3.917,0.96177
0.78532,-0.59162,-0.14561,0.10981,3.1543,-3.9028,0.95522
0.78457,-0.59264,-0.14638,0.10867,3.14,-3.8885,0.94869
0.78381,-0.59366,-0.14715,0.10754,3.1237,-3.8742,0.94218
0.78304,-0.59468,-0.14792,0.1064,3.1055,-3.86,0.9357
0.78228,-0.59569,-0.14869,0.10527,3.0854,-3.8458,0.92924
0.78151,-0.59671,-0.14946,0.10413,3.0635,-3.8316,0.92281
0.78074,-0.59772,-0.15023,0.10299,3.0396,-3.8174,0.9164
0.77997,-0.59873,-0.151,0.10186,3.014,-3.8032,0.91004
0.77919,-0.59973,-0.15177,0.10072,2.9865,-3.7891,0.90371
0.77841,-0.60074,-0.15254,0.099583,2.9573,-3.7749,0.89741
0.77763,-0.60174,-0.1533,0.098445,2.9263,-3.7608,0.89116
0.77685,-0.60274,-0.15407,0.097307,2.8935,-3.7467,0.88495
0.77606,-0.60374,-0.15484,0.096168,2.8591,-3.7327,0.87879
0.77527,-0.60474,-0.1556,0.095029,2.823,-3.7186,0.87268
0.77448,-0.60573,-0.15637,0.09389,2.7852,-3.7046,0.86661
0.77369,-0.60672,-0.15713,0.09275,2.7458,-3.6906,0.8606
0.77289,-0.60772,-0.1579,0.09161,2.7049,-3.6767,0.85465
0.77209,-0.6087,-0.15866,0.09047,2.6624,-3.6628,0.84875
0.77129,-0.60969,-0.15942,0.089329,2.6184,-3.6489,0.84292
0.77048,-0.61067,-0.16019,0.088188,2.573,-3.6351,0.83714
0.76967,-0.61165,-0.16095,0.087047,2.5262,-3.6213,0.83144
0.76886,-0.61263,-0.16171,0.085906,2.478,-3.6075,0.8258
0.76805,-0.61361,-0.16247,0.084764,2.4284,-3.5938,0.82023
0.76723,-0.61459,-0.16323,0.083622,2.3776,-3.5801,0.81473
0.76641,-0.61556,-0.16399,0.082479,2.3255,-3.5664,0.8093
0.76559,-0.61653,-0.16475,0.081337,2.2722,-3.5528,0.80396
0.76477,-0.6175,-0.16551,0.080194,2.2178,-3.5393,0.79869
0.76394,-0.61847,-0.16627,0.07905,2.1623,-3.5257,0.7935
0.76311,-0.61943,-0.16702,0.077907,2.1058,-3.5123,0.78839
0.76228,-0.62039,-0.16778,0.076763,2.0482,-3.4989,0.78337
0.76144,-0.62135,-0.16854,0.075619,1.9897,-3.4855,0.77843
0.76061,-0.62231,-0.16929,0.074475,1.9304,-3.4722,0.77359
0.75977,-0.62327,-0.17005,0.07333,1.8701,-3.4589,0.76883
0.75892,-0.62422,-0.1708,0.072185,1.8091,-3.4457,0.76417
0.75808,-0.62517,-0.17155,0.07104,1.7474,-3.4325,0.7596
0.75723,-0.62612,-0.17231,0.069895,1.685,-3.4194,0.75513
0.75638,-0.62707,-0.17306,0.068749,1.622,-3.4064,0.75075
0.75552,-0.62802,-0.17381,0.067603,1.5584,-3.3934,0.74648
0.75467,-0.62896,-0.17456,0.066457,1.4943,-3.3805,0.7423
0.75381,-0.6299,-0.17531,0.065311,1.4298,-3.3676,0.73823
0.75295,-0.63084,-0.17606,0.064164,1.3649,-3.3549,0.73426
0.75208,-0.63177,-0.17681,0.063017,1.2997,-3.3421,0.73041
0.75122,-0.63271,-0.17756,0.06187,1.2341,-3.3295,0.72665
0.75035,-0.63364,-0.17831,0.060723,1.1684,-3.3169,0.72301
0.74947,-0.63457,-0.17906,0.059576,1.1026,-3.3043,0.71948
0.7486,-0.6355,-0.17981,0.058428,1.0366,-3.2919,0.71606
0.74772,-0.63642,-0.18055,0.05728,0.97059,-3.2795,0.71275
0.74684,-0.63734,-0.1813,0.056132,0.90462,-3.2672,0.70956
0.74596,-0.63826,-0.18204,0.054984,0.83873,-3.2549,0.70649
0.74507,-0.63918,-0.18279,0.053836,0.77299,-3.2428,0.70353
0.74419,-0.6401,-0.18353,0.052687,0.70746,-3.2307,0.70069
0.7433,-0.64101,-0.18428,0.051538,0.64218,-3.2187,0.69797
0.7424,-0.64192,-0.18502,0.050389,0.57723,-3.2067,0.69537
0.74151,-0.64283,-0.18576,0.04924,0.51266,-3.1949,0.69289
0.74061,-0.64374,-0.1865,0.048091,0.44853,-3.1831,0.69054
0.73971,-0.64464,-0.18724,0.046941,0.3849,-3.1714,0.68831
0.73881,-0.64555,-0.18798,0.045792,0.32182,-3.1598,0.68621
0.7379,-0.64645,-0.18872,0.044642,0.25935,-3.1482,0.68423
0.73699,-0.64735,-0.18946,0.043492,0.19754,-3.1368,0.68237
0.73608,-0.64824,-0.1902,0.042342,0.13646,-3.1254,0.68065
0.73517,-0.64914,-0.19094,0.041191,0.076152,-3.1142,0.67905
0.73425,-0.65003,-0.19167,0.040041,0.016678,-3.103,0.67758
0.73333,-0.65092,-0.19241,0.03889,-0.041911,-3.0919,0.67623
0.73241,-0.6518,-0.19314,0.03774,-0.099562,-3.0809,0.67502
0.73149,-0.65269,-0.19388,0.036589,-0.15622,-3.07,0.67394
0.73056,-0.65357,-0.19461,0.035438,-0.21185,-3.0592,0.67299
0.72963,-0.65445,-0.19534,0.034287,-0.26638,-3.0485,0.67217
0.7287,-0.65533,-0.19608,0.033136,-0.31977,-3.0378,0.67148
0.72777,-0.6562,-0.19681,0.031984,-0.37197,-3.0273,0.67092
0.72683,-0.65707,-0.19754,0.030833,-0.42294,-3.0169,0.67049
0.72589,-0.65795,-0.19827,0.029681,-0.47263,-3.0065,0.6702
0.72495,-0.65881,-0.199,0.02853,-0.52099,-2.9963,0.67004
0.724,-0.65968,-0.19973,0.027378,-0.56799,-2.9862,0.67
0.72306,-0.66054,-0.20046,0.026226,-0.61357,-2.9761,0.67011
0.72211,-0.66141,-0.20119,0.025074,-0.6577,-2.9662,0.67034
0.72116,-0.66226,-0.20191,0.023922,-0.70034,-2.9564,0.6707
0.7202,-0.66312,-0.20264,0.02277,-0.74145,-2.9466,0.6712
0.71924,-0.66398,-0.20337,0.021618,-0.78099,-2.937,0.67183
0.71828,-0.66483,-0.20409,0.020466,-0.81893,-2.9275,0.67259
0.71732,-0.66568,-0.20481,0.019313,-0.85523,-2.9181,0.67348
0.71636,-0.66653,-0.20554,0.018161,-0.88986,-2.9088,0.6745
0.71539,-0.66737,-0.20626,0.017008,-0.92279,-2.8996,0.67565
0.71442,-0.66821,-0.20698,0.015856,-0.954,-2.8905,0.67693
0.71345,-0.66905,-0.2077,0.014703,-0.98344,-2.8816,0.67834
0.71247,-0.66989,-0.20842,0.013551,-1.0111,-2.8727,0.67988
0.7115,-0.67073,-0.20914,0.012398,-1.0369,-2.864,0.68155
0.71052,-0.67156,-0.20986,0.011245,-1.061,-2.8553,0.68334
0.70954,-0.67239,-0.21058,0.010093,-1.0831,-2.8468,0.68526
0.70855,-0.67322,-0.2113,0.0089397,-1.1034,-2.8384,0.68731
0.70756,-0.67405,-0.21202,0.0077869,-1.1218,-2.8302,0.68948
0.70658,-0.67487,-0.21273,0.006634,-1.1383,-2.822,0.69178
0.70558,-0.67569,-0.21345,0.0054812,-1.1528,-2.8139,0.6942
0.70459,-0.67651,-0.21416,0.0043283,-1.1655,-2.806,0.69674
0.70359,-0.67733,-0.21488,0.0031754,-1.1761,-2.7982,0.6994
0.70259,-0.67814,-0.21559,0.0020224,-1.1848,-2.7905,0.70218
0.70159,-0.67896,-0.2163,0.00086952,-1.1916,-2.7829,0.70509
0.70059,-0.67977,-0.21701,-0.00028341,-1.1964,-2.7755,0.70811
0.69958,-0.68057,-0.21772,-0.0014363,-1.1992,-2.7682,0.71124
0.69857,-0.68138,-0.21843,-0.0025893,-1.2,-2.761,0.7145
0.69756,-0.68218,-0.21914,-0.0037422,-1.1988,-2.7539,0.71786
0.69655,-0.68298,-0.21985,-0.0048951,-1.1957,-2.7469,0.72134
0.69553,-0.68378,-0.22056,-0.006048,-1.1906,-2.7401,0.72493
0.69451,-0.68458,-0.22127,-0.0072008,-1.1835,-2.7334,0.72863
0.69349,-0.68537,-0.22197,-0.0083537,-1.1744,-2.7268,0.73244
0.69247,-0.68616,-0.22268,-0.0095065,-1.1634,-2.7204,0.73636
0.69144,-0.68695,-0.22338,-0.010659,-1.1505,-2.7141,0.74038
0.69041,-0.68773,-0.22409,-0.011812,-1.1356,-2.7079,0.74451
0.68938,-0.68852,-0.22479,-0.012965,-1.1188,-2.7018,0.74874
0.68835,-0.6893,-0.22549,-0.014117,-1.1001,-2.6959,0.75306
0.68731,-0.69008,-0.2262,-0.01527,-1.0795,-2.6901,0.75749
0.68627,-0.69085,-0.2269,-0.016422,-1.057,-2.6844,0.76202
0.68523,-0.69163,-0.2276,-0.017575,-1.0326,-2.6789,0.76664
0.68419,-0.6924,-0.2283,-0.018727,-1.0065,-2.6735,0.77135
0.68314,-0.69317,-0.22899,-0.01988,-0.97852,-2.6682,0.77615
0.6821,-0.69393,-0.22969,-0.021032,-0.94877,-2.6631,0.78105
0.68105,-0.6947,-0.23039,-0.022184,-0.91727,-2.658,0.78603
0.67999,-0.69546,-0.23108,-0.023336,-0.88404,-2.6532,0.79109
0.67894,-0.69622,-0.23178,-0.024488,-0.84912,-2.6484,0.79625
0.67788,-0.69698,-0.23247,-0.02564,-0.81254,-2.6438,0.80148
0.67682,-0.69773,-0.23317,-0.026792,-0.77432,-2.6394,0.80679
0.67576,-0.69848,-0.23386,-0.027944,-0.73451,-2.635,0.81218
0.67469,-0.69923,-0.23455,-0.029096,-0.69313,-2.6308,0.81764
0.67363,-0.69998,-0.23524,-0.030247,-0.65024,-2.6268,0.82318
0.67256,-0.70072,-0.23593,-0.031399,-0.60585,-2.6229,0.82879
0.67149,-0.70147,-0.23662,-0.03255,-0.56002,-2.6191,0.83446
0.67041,-0.70221,-0.23731,-0.033702,-0.51279,-2.6154,0.8402
0.66934,-0.70294,-0.238,-0.034853,-0.4642,-2.6119,0.84601
0.66826,-0.70368,-0.23869,-0.036004,-0.41429,-2.6086,0.85188
0.66718,-0.70441,-0.23937,-0.037155,-0.3631,-2.6053,0.85781
0.66609,-0.70514,-0.24006,-0.038305,-0.31069,-2.6022,0.86379
0.66501,-0.70587,-0.24074,-0.039456,-0.2571,-2.5993,0.86983
0.66392,-0.70659,-0.24143,-0.040607,-0.20238,-2.5965,0.87592
0.66283,-0.70732,-0.24211,-0.041757,-0.14658,-2.5938,0.88206
0.66174,-0.70804,-0.24279,-0.042907,-0.089743,-2.5913,0.88825
0.66064,-0.70875,-0.24347,-0.044057,-0.031927,-2.5889,0.89448
0.65955,-0.70947,-0.24415,-0.045207,0.026817,-2.5866,0.90075
0.65845,-0.71018,-0.24483,-0.046357,0.086438,-2.5845,0.90707
0.65735,-0.71089,-0.24551,-0.047506,0.14688,-2.5826,0.91342
0.65624,-0.7116,-0.24619,-0.048656,0.20809,-2.5808,0.9198
0.65513,-0.7123,-0.24686,-0.049805,0.27001,-2.5791,0.92622
0.65403,-0.71301,-0.24754,-0.050954,0.33259,-2.5775,0.93267
0.65292,-0.71371,-0.24822,-0.052103,0.39577,-2.5761,0.93914
0.6518,-0.7144,-0.24889,-0.053252,0.4595,-2.5749,0.94564
0.65069,-0.7151,-0.24956,-0.0544,0.52371,-2.5738,0.95216
0.64957,-0.71579,-0.25023,-0.055549,0.58835,-2.5728,0.9587
0.64845,-0.71648,-0.25091,-0.056697,0.65336,-2.572,0.96526
0.64733,-0.71717,-0.25158,-0.057845,0.71868,-2.5713,0.97183
0.6462,-0.71785,-0.25225,-0.058992,0.78426,-2.5708,0.97841
0.64507,-0.71854,-0.25292,-0.06014,0.85002,-2.5704,0.985
0.64395,-0.71922,-0.25358,-0.061287,0.91593,-2.5701,0.99159
0.64281,-0.71989,-0.25425,-0.062434,0.98191,-2.57,0.99819
0.64168,-0.72057,-0.25492,-0.063581,1.0479,-2.57,1.0048
0.64054,-0.72124,-0.25558,-0.064728,1.1139,-2.5702,1.0114
0.63941,-0.72191,-0.25625,-0.065874,1.1797,-2.5705,1.018
0.63827,-0.72258,-0.25691,-0.067021,1.2454,-2.571,1.0246
0.63712,-0.72324,-0.25757,-0.068166,1.3109,-2.5716,1.0311
0.63598,-0.72391,-0.25824,-0.069312,1.3761,-2.5723,1.0377
0.63483,-0.72457,-0.2589,-0.070458,1.4409,-2.5732,1.0443
0.63368,-0.72522,-0.25956,-0.071603,1.5054,-2.5743,1.0508
0.63253,-0.72588,-0.26022,-0.072748,1.5694,-2.5754,1.0573
0.63138,-0.72653,-0.26087,-0.073893,1.6328,-2.5768,1.0638
0.63022,-0.72718,-0.26153,-0.075037,1.6958,-2.5782,1.0702
0.62906,-0.72783,-0.26219,-0.076181,1.758,-2.5798,1.0767
0.6279,-0.72847,-0.26284,-0.077325,1.8197,-2.5816,1.0831
0.62674,-0.72911,-0.2635,-0.078469,1.8805,-2.5834,1.0895
0.62558,-0.72975,-0.26415,-0.079612,1.9406,-2.5855,1.0958
0.62441,-0.73039,-0.2648,-0.080756,1.9998,-2.5876,1.1021
0.62324,-0.73103,-0.26545,-0.081898,2.0582,-2.59,1.1083
0.62207,-0.73166,-0.26611,-0.083041,2.1155,-2.5924,1.1146
0.6209,-0.73229,-0.26676,-0.084183,2.1719,-2.595,1.1207
0.61972,-0.73291,-0.2674,-0.085325,2.2272,-2.5977,1.1268
0.61854,-0.73354,-0.26805,-0.086467,2.2815,-2.6006,1.1329
0.61736,-0.73416,-0.2687,-0.087608,2.3345,-2.6036,1.1389
0.61618,-0.73478,-0.26935,-0.088749,2.3864,-2.6068,1.1449
0.615,-0.73539,-0.26999,-0.08989,2.437,-2.6101,1.1508
0.61381,-0.73601,-0.27063,-0.091031,2.4863,-2.6135,1.1566
0.61262,-0.73662,-0.27128,-0.092171,2.5343,-2.6171,1.1624
0.61143,-0.73723,-0.27192,-0.09331,2.5809,-2.6208,1.1681
0.61024,-0.73783,-0.27256,-0.09445,2.6261,-2.6246,1.1738
0.60904,-0.73844,-0.2732,-0.095589,2.6698,-2.6286,1.1793
0.60785,-0.73904,-0.27384,-0.096728,2.712,-2.6327,1.1848
0.60665,-0.73964,-0.27448,-0.097866,2.7527,-2.637,1.1903
0.60544,-0.74023,-0.27512,-0.099004,2.7918,-2.6414,1.1956
0.60424,-0.74083,-0.27575,-0.10014,2.8293,-2.6459,1.2009
0.60304,-0.74142,-0.27639,-0.10128,2.8651,-2.6506,1.2061
0.60183,-0.742,-0.27702,-0.10242,2.8993,-2.6554,1.2112
0.60062,-0.74259,-0.27766,-0.10355,2.9317,-2.6603,1.2162
0.59941,-0.74317,-0.27829,-0.10469,2.9624,-2.6654,1.2212
0.59819,-0.74375,-0.27892,-0.10583,2.9914,-2.6706,1.226
0.59698,-0.74433,-0.27955,-0.10696,3.0185,-2.6759,1.2308
0.59576,-0.74491,-0.28018,-0.1081,3.0439,-2.6814,1.2355
0.59454,-0.74548,-0.28081,-0.10923,3.0674,-2.687,1.24
0.59332,-0.74605,-0.28144,-0.11037,3.089,-2.6927,1.2445
0.59209,-0.74662,-0.28207,-0.1115,3.1088,-2.6985,1.2489
0.59086,-0.74718,-0.28269,-0.11263,3.1266,-2.7045,1.2532
0.58964,-0.74774,-0.28332,-0.11377,3.1426,-2.7107,1.2574
0.58841,-0.7483,-0.28394,-0.1149,3.1566,-2.7169,1.2614
0.58717,-0.74886,-0.28456,-0.11603,3.1687,-2.7233,1.2654
0.58594,-0.74941,-0.28519,-0.11716,3.1788,-2.7298,1.2693
0.5847,-0.74996,-0.28581,-0.1183,3.1869,-2.7364,1.2731
0.58346,-0.75051,-0.28643,-0.11943,3.1931,-2.7432,1.2767
0.58222,-0.75106,-0.28705,-0.12056,3.1974,-2.7501,1.2802
0.58098,-0.7516,-0.28766,-0.12169,3.1996,-2.7571,1.2837
0.57973,-0.75214,-0.28828,-0.12282,3.1999,-2.7642,1.287
0.57849,-0.75268,-0.2889,-0.12395,3.1982,-2.7715,1.2902
0.57724,-0.75322,-0.28951,-0.12508,3.1945,-2.7788,1.2933
0.57599,-0.75375,-0.29012,-0.12621,3.1888,-2.7863,1.2962
0.57473,-0.75428,-0.29074,-0.12733,3.1812,-2.794,1.2991
0.57348,-0.75481,-0.29135,-0.12846,3.1716,-2.8017,1.3018
0.57222,-0.75533,-0.29196,-0.12959,3.16,-2.8096,1.3044
0.57096,-0.75586,-0.29257,-0.13072,3.1465,-2.8176,1.3069
0.5697,-0.75638,-0.29318,-0.13184,3.1311,-2.8257,1.3093
0.56844,-0.75689,-0.29379,-0.13297,3.1137,-2.8339,1.3115
0.56717,-0.75741,-0.29439,-0.13409,3.0945,-2.8422,1.3136
0.56591,-0.75792,-0.295,-0.13522,3.0733,-2.8507,1.3156
0.56464,-0.75843,-0.2956,-0.13634,3.0503,-2.8592,1.3175
0.56337,-0.75894,-0.29621,-0.13747,3.0255,-2.8679,1.3192
0.56209,-0.75944,-0.29681,-0.13859,2.9988,-2.8767,1.3208
0.56082,-0.75994,-0.29741,-0.13972,2.9704,-2.8856,1.3223
0.55954,-0.76044,-0.29801,-0.14084,2.9401,-2.8946,1.3237
0.55826,-0.76094,-0.29861,-0.14196,2.9081,-2.9038,1.3249
0.55698,-0.76143,-0.29921,-0.14308,2.8744,-2.913,1.326
0.5557,-0.76192,-0.29981,-0.1442,2.839,-2.9223,1.3269
0.55441,-0.76241,-0.3004,-0.14532,2.802,-2.9318,1.3278
0.55313,-0.76289,-0.301,-0.14644,2.7633,-2.9414,1.3285
0.55184,-0.76337,-0.30159,-0.14756,2.7231,-2.951,1.329
0.55055,-0.76385,-0.30218,-0.14868,2.6813,-2.9608,1.3295
0.54926,-0.76433,-0.30278,-0.1498,2.6379,-2.9707,1.3298
0.54796,-0.76481,-0.30337,-0.15092,2.5932,-2.9806,1.33
0.54667,-0.76528,-0.30396,-0.15204,2.5469,-2.9907,1.33
0.54537,-0.76575,-0.30455,-0.15315,2.4993,-3.0009,1.3299
0.54407,-0.76621,-0.30513,-0.15427,2.4503,-3.0112,1.3297
0.54276,-0.76668,-0.30572,-0.15539,2.4001,-3.0216,1.3293
0.54146,-0.76714,-0.30631,-0.1565,2.3485,-3.032,1.3288
0.54016,-0.7676,-0.30689,-0.15762,2.2958,-3.0426,1.3282
0.53885,-0.76805,-0.30747,-0.15873,2.2419,-3.0533,1.3275
0.53754,-0.76851,-0.30806,-0.15984,2.1869,-3.064,1.3266
0.53623,-0.76896,-0.30864,-0.16096,2.1308,-3.0749,1.3256
0.53491,-0.76941,-0.30922,-0.16207,2.0736,-3.0859,1.3244
0.5336,-0.76985,-0.3098,-0.16318,2.0156,-3.0969,1.3232
0.53228,-0.77029,-0.31038,-0.16429,1.9566,-3.108,1.3218
0.53096,-0.77073,-0.31095,-0.16541,1.8967,-3.1193,1.3202
0.52964,-0.77117,-0.31153,-0.16652,1.836,-3.1306,1.3186
0.52832,-0.7716,-0.3121,-0.16763,1.7746,-3.142,1.3168
0.52699,-0.77204,-0.31268,-0.16873,1.7125,-3.1534,1.3149
0.52567,-0.77246,-0.31325,-0.16984,1.6498,-3.165,1.3129
0.52434,-0.77289,-0.31382,-0.17095,1.5864,-3.1767,1.3107
0.52301,-0.77331,-0.31439,-0.17206,1.5226,-3.1884,1.3084
0.52168,-0.77373,-0.31496,-0.17317,1.4582,-3.2002,1.306
0.52034,-0.77415,-0.31553,-0.17427,1.3935,-3.2121,1.3035
0.51901,-0.77457,-0.3161,-0.17538,1.3284,-3.2241,1.3008
0.51767,-0.77498,-0.31666,-0.17648,1.263,-3.2361,1.298
0.51633,-0.77539,-0.31723,-0.17759,1.1973,-3.2482,1.2952
0.51499,-0.7758,-0.31779,-0.17869,1.1315,-3.2605,1.2921
0.51365,-0.7762,-0.31835,-0.17979,1.0656,-3.2727,1.289
0.5123,-0.7766,-0.31892,-0.1809,0.9996,-3.2851,1.2858
0.51096,-0.777,-0.31948,-0.182,0.93361,-3.2975,1.2824
0.50961,-0.7774,-0.32004,-0.1831,0.86768,-3.31,1.2789
0.50826,-0.77779,-0.32059,-0.1842,0.80186,-3.3225,1.2754
0.50691,-0.77818,-0.32115,-0.1853,0.73623,-3.3352,1.2717
0.50555,-0.77857,-0.32171,-0.1864,0.67084,-3.3479,1.2679
0.5042,-0.77896,-0.32226,-0.1875,0.60574,-3.3606,1.264
0.50284,-0.77934,-0.32282,-0.18859,0.54099,-3.3734,1.2599
0.50148,-0.77972,-0.32337,-0.18969,0.47666,-3.3863,1.2558
0.50012,-0.7801,-0.32392,-0.19079,0.4128,-3.3993,1.2516
-0.49876,0.78047,0.32447,0.19188,0.34947,-3.4123,1.2473
-0.4974,0.78084,0.32502,0.19298,0.28672,-3.4254,1.2429
-0.49603,0.78121,0.32557,0.19407,0.22462,-3.4385,1.2383
-0.49466,0.78158,0.32612,0.19517,0.16321,-3.4517,1.2337
-0.49329,0.78194,0.32666,0.19626,0.10256,-3.4649,1.229
-0.49192,0.7823,0.32721,0.19735,0.042712,-3.4782,1.2242
-0.49055,0.78266,0.32775,0.19845,-0.016273,-3.4915,1.2193
-0.48918,0.78302,0.32829,0.19954,-0.074343,-3.5049,1.2144
-0.4878,0.78337,0.32883,0.20063,-0.13145,-3.5183,1.2093
-0.48642,0.78372,0.32937,0.20172,-0.18753,-3.5318,1.2042
-0.48504,0.78407,0.32991,0.20281,-0.24255,-3.5454,1.1989
-0.48366,0.78441,0.33045,0.20389,-0.29644,-3.559,1.1936
-0.48228,0.78475,0.33099,0.20498,-0.34918,-3.5726,1.1883
-0.48089,0.78509,0.33152,0.20607,-0.40069,-3.5862,1.1828
-0.47951,0.78543,0.33206,0.20716,-0.45095,-3.6,1.1773
-0.47812,0.78576,0.33259,0.20824,-0.4999,-3.6137,1.1717
-0.47673,0.78609,0.33312,0.20933,-0.5475,-3.6275,1.166
-0.47534,0.78642,0.33365,0.21041,-0.59371,-3.6413,1.1603
-0.47395,0.78675,0.33418,0.21149,-0.63848,-3.6552,1.1545
-0.47255,0.78707,0.33471,0.21258,-0.68178,-3.6691,1.1486
-0.47116,0.78739,0.33524,0.21366,-0.72357,-3.683,1.1427
-0.46976,0.7877,0.33576,0.21474,-0.76381,-3.697,1.1367
-0.46836,0.78802,0.33629,0.21582,-0.80245,-3.7109,1.1307
-0.46696,0.78833,0.33681,0.2169,-0.83948,-3.725,1.1246
-0.46555,0.78864,0.33733,0.21798,-0.87485,-3.739,1.1184
-0.46415,0.78894,0.33786,0.21906,-0.90853,-3.7531,1.1122
-0.46274,0.78925,0.33838,0.22013,-0.9405,-3.7672,1.106
-0.46134,0.78955,0.3389,0.22121,-0.97072,-3.7813,1.0997
-0.45993,0.78985,0.33941,0.22228,-0.99916,-3.7954,1.0934
-0.45852,0.79014,0.33993,0.22336,-1.0258,-3.8096,1.0871
-0.4571,0.79043,0.34044,0.22443,-1.0506,-3.8238,1.0807
-0.45569,0.79072,0.34096,0.22551,-1.0736,-3.838,1.0743
-0.45427,0.79101,0.34147,0.22658,-1.0947,-3.8522,1.0678
-0.45286,0.79129,0.34198,0.22765,-1.1139,-3.8664,1.0614
-0.45144,0.79157,0.34249,0.22872,-1.1313,-3.8807,1.0549
-0.45002,0.79185,0.343,0.22979,-1.1467,-3.8949,1.0484
-0.44859,0.79213,0.34351,0.23086,-1.1602,-3.9092,1.0418
-0.44717,0.7924,0.34402,0.23193,-1.1717,-3.9235,1.0353
-0.44575,0.79267,0.34453,0.233,-1.1813,-3.9378,1.0287
-0.44432,0.79294,0.34503,0.23407,-1.1889,-3.9521,1.0221
-0.44289,0.7932,0.34553,0.23513,-1.1945,-3.9663,1.0155
-0.44146,0.79346,0.34604,0.2362,-1.1982,-3.9806,1.0089
-0.44003,0.79372,0.34654,0.23726,-1.1999,-3.9949,1.0023
-0.4386,0.79398,0.34704,0.23832,-1.1996,-4.0092,0.99573
-0.43716,0.79423,0.34754,0.23939,-1.1973,-4.0235,0.98914
-0.43573,0.79448,0.34803,0.24045,-1.1931,-4.0378,0.98254
-0.43429,0.79473,0.34853,0.24151,-1.1869,-4.0521,0.97596
-0.43285,0.79497,0.34902,0.24257,-1.1787,-4.0664,0.96938
-0.43141,0.79522,0.34952,0.24363,-1.1685,-4.0807,0.96281
-0.42997,0.79545,0.35001,0.24469,-1.1564,-4.095,0.95626
-0.42852,0.79569,0.3505,0.24575,-1.1424,-4.1092,0.94973
-0.42708,0.79593,0.35099,0.2468,-1.1264,-4.1235,0.94322
-0.42563,0.79616,0.35148,0.24786,-1.1085,-4.1377,0.93673
-0.42418,0.79638,0.35197,0.24891,-1.0887,-4.152,0.93026
-0.42273,0.79661,0.35245,0.24997,-1.0671,-4.1662,0.92383
-0.42128,0.79683,0.35294,0.25102,-1.0436,-4.1804,0.91742
-0.41983,0.79705,0.35342,0.25207,-1.0182,-4.1945,0.91105
-0.41838,0.79727,0.35391,0.25313,-0.99103,-4.2087,0.90471
-0.41692,0.79748,0.35439,0.25418,-0.96206,-4.2228,0.89841
-0.41546,0.79769,0.35487,0.25523,-0.93133,-4.2369,0.89215
-0.41401,0.7979,0.35535,0.25628,-0.89886,-4.251,0.88594
-0.41255,0.79811,0.35582,0.25732,-0.86468,-4.2651,0.87977
-0.41109,0.79831,0.3563,0.25837,-0.82882,-4.2791,0.87365
-0.40962,0.79851,0.35678,0.25942,-0.79132,-4.2931,0.86757
-0.40816,0.79871,0.35725,0.26046,-0.7522,-4.3071,0.86156
-0.40669,0.7989,0.35772,0.26151,-0.71151,-4.3211,0.85559
-0.40523,0.7991,0.35819,0.26255,-0.66927,-4.335,0.84969
-0.40376,0.79929,0.35866,0.26359,-0.62554,-4.3489,0.84384
-0.40229,0.79947,0.35913,0.26463,-0.58034,-4.3627,0.83806
-0.40082,0.79966,0.3596,0.26568,-0.53372,-4.3765,0.83234
-0.39934,0.79984,0.36007,0.26672,-0.48572,-4.3903,0.82669
-0.39787,0.80001,0.36053,0.26775,-0.43638,-4.4041,0.82111
-0.39639,0.80019,0.361,0.26879,-0.38575,-4.4178,0.8156
-0.39492,0.80036,0.36146,0.26983,-0.33388,-4.4314,0.81016
-0.39344,0.80053,0.36192,0.27087,-0.2808,-4.445,0.8048
-0.39196,0.8007,0.36238,0.2719,-0.22657,-4.4586,0.79952
-0.39048,0.80086,0.36284,0.27293,-0.17123,-4.4721,0.79432
-0.389,0.80102,0.3633,0.27397,-0.11485,-4.4856,0.7892
-0.38751,0.80118,0.36375,0.275,-0.057455,-4.499,0.78416
-0.38603,0.80134,0.36421,0.27603,0.00088749,-4.5124,0.77921
-0.38454,0.80149,0.36466,0.27706,0.06013,-4.5257,0.77435
-0.38305,0.80164,0.36512,0.27809,0.12022,-4.539,0.76958
-0.38157,0.80179,0.36557,0.27912,0.1811,-4.5522,0.76491
-0.38007,0.80193,0.36602,0.28015,0.24271,-4.5654,0.76032
-0.37858,0.80207,0.36647,0.28117,0.30501,-4.5785,0.75583
-0.37709,0.80221,0.36691,0.2822,0.36794,-4.5915,0.75144
-0.3756,0.80235,0.36736,0.28322,0.43143,-4.6045,0.74715
-0.3741,0.80248,0.3678,0.28425,0.49543,-4.6174,0.74296
-0.3726,0.80261,0.36825,0.28527,0.55989,-4.6303,0.73887
-0.37111,0.80274,0.36869,0.28629,0.62474,-4.6431,0.73489
-0.36961,0.80286,0.36913,0.28731,0.68994,-4.6559,0.73101
-0.3681,0.80298,0.36957,0.28833,0.75541,-4.6685,0.72724
-0.3666,0.8031,0.37001,0.28935,0.8211,-4.6811,0.72358
-0.3651,0.80322,0.37044,0.29037,0.88695,-4.6937,0.72003
-0.36359,0.80333,0.37088,0.29138,0.9529,-4.7061,0.7166
-0.36209,0.80344,0.37132,0.2924,1.0189,-4.7185,0.71327
-0.36058,0.80355,0.37175,0.29341,1.0849,-4.7309,0.71006
-0.35907,0.80366,0.37218,0.29443,1.1508,-4.7431,0.70697
-0.35756,0.80376,0.37261,0.29544,1.2165,-4.7553,0.70399
-0.35605,0.80386,0.37304,0.29645,1.2821,-4.7674,0.70113
-0.35454,0.80395,0.37347,0.29746,1.3474,-4.7794,0.69839
-0.35303,0.80405,0.37389,0.29847,1.4124,-4.7914,0.69578
-0.35151,0.80414,0.37432,0.29948,1.4771,-4.8033,0.69328
-0.35,0.80423,0.37474,0.30048,1.5413,-4.815,0.69091
-0.34848,0.80431,0.37517,0.30149,1.605,-4.8268,0.68866
-0.34696,0.80439,0.37559,0.3025,1.6682,-4.8384,0.68653
-0.34544,0.80447,0.37601,0.3035,1.7307,-4.8499,0.68453
-0.34392,0.80455,0.37643,0.3045,1.7927,-4.8614,0.68266
-0.3424,0.80462,0.37684,0.3055,1.8539,-4.8728,0.68091
-0.34087,0.8047,0.37726,0.3065,1.9143,-4.884,0.67929
-0.33935,0.80476,0.37768,0.3075,1.9739,-4.8952,0.6778
-0.33782,0.80483,0.37809,0.3085,2.0326,-4.9063,0.67644
-0.3363,0.80489,0.3785,0.3095,2.0904,-4.9174,0.67521
-0.33477,0.80495,0.37891,0.3105,2.1473,-4.9283,0.6741
-0.33324,0.80501,0.37932,0.31149,2.2031,-4.9391,0.67313
-0.33171,0.80506,0.37973,0.31249,2.2578,-4.9498,0.67229
-0.33018,0.80511,0.38014,0.31348,2.3113,-4.9605,0.67158
-0.32865,0.80516,0.38054,0.31447,2.3637,-4.971,0.671
-0.32711,0.80521,0.38095,0.31546,2.4149,-4.9815,0.67055
-0.32558,0.80525,0.38135,0.31645,2.4648,-4.9918,0.67024
-0.32404,0.80529,0.38175,0.31744,2.5134,-5.0021,0.67005
-0.3225,0.80533,0.38215,0.31843,2.5606,-5.0122,0.67
-0.32097,0.80536,0.38255,0.31942,2.6064,-5.0223,0.67008
-0.31943,0.8054,0.38295,0.3204,2.6508,-5.0322,0.67029
-0.31789,0.80542,0.38334,0.32139,2.6936,-5.0421,0.67064
-0.31634,0.80545,0.38374,0.32237,2.735,-5.0518,0.67111
-0.3148,0.80547,0.38413,0.32335,2.7748,-5.0615,0.67172
-0.31326,0.80549,0.38452,0.32433,2.813,-5.071,0.67246
-0.31171,0.80551,0.38491,0.32531,2.8496,-5.0804,0.67333
-0.31017,0.80553,0.3853,0.32629,2.8845,-5.0897,0.67433
-0.30862,0.80554,0.38569,0.32727,2.9177,-5.0989,0.67546
-0.30707,0.80555,0.38608,0.32824,2.9491,-5.108,0.67672
-0.30552,0.80555,0.38646,0.32922,2.9789,-5.117,0.67811
-0.30397,0.80556,0.38685,0.33019,3.0068,-5.1259,0.67963
-0.30242,0.80556,0.38723,0.33117,3.033,-5.1346,0.68127
-0.30087,0.80556,0.38761,0.33214,3.0573,-5.1433,0.68305
-0.29931,0.80555,0.38799,0.33311,3.0797,-5.1518,0.68495
-0.29776,0.80554,0.38837,0.33408,3.1003,-5.1602,0.68697
-0.2962,0.80553,0.38875,0.33505,3.119,-5.1685,0.68913
-0.29465,0.80552,0.38912,0.33601,3.1358,-5.1767,0.6914
-0.29309,0.8055,0.3895,0.33698,3.1507,-5.1848,0.6938
-0.29153,0.80548,0.38987,0.33794,3.1636,-5.1927,0.69632
-0.28997,0.80546,0.39024,0.33891,3.1746,-5.2006,0.69897
-0.28841,0.80544,0.39061,0.33987,3.1836,-5.2083,0.70173
-0.28685,0.80541,0.39098,0.34083,3.1907,-5.2159,0.70462
-0.28528,0.80538,0.39135,0.34179,3.1957,-5.2233,0.70762
-0.28372,0.80535,0.39172,0.34275,3.1989,-5.2307,0.71074
-0.28216,0.80531,0.39208,0.34371,3.2,-5.2379,0.71397
-0.28059,0.80527,0.39245,0.34466,3.1992,-5.245,0.71732
-0.27902,0.80523,0.39281,0.34562,3.1963,-5.252,0.72078
-0.27746,0.80519,0.39317,0.34657,3.1915,-5.2588,0.72435
-0.27589,0.80514,0.39353,0.34753,3.1848,-5.2655,0.72804
-0.27432,0.80509,0.39389,0.34848,3.176,-5.2721,0.73183
-0.27275,0.80504,0.39424,0.34943,3.1653,-5.2786,0.73573
-0.27117,0.80498,0.3946,0.35038,3.1527,-5.2849,0.73973
-0.2696,0.80492,0.39495,0.35132,3.1381,-5.2911,0.74384
-0.26803,0.80486,0.3953,0.35227,3.1216,-5.2972,0.74806
-0.26645,0.8048,0.39566,0.35322,3.1032,-5.3032,0.75237
-0.26488,0.80473,0.39601,0.35416,3.0829,-5.309,0.75678
-0.2633,0.80466,0.39635,0.3551,3.0607,-5.3147,0.76129
-0.26173,0.80459,0.3967,0.35604,3.0366,-5.3203,0.76589
-0.26015,0.80451,0.39705,0.35699,3.0108,-5.3257,0.77059
-0.25857,0.80443,0.39739,0.35792,2.9831,-5.331,0.77538
-0.25699,0.80435,0.39773,0.35886,2.9536,-5.3361,0.78026
-0.25541,0.80427,0.39808,0.3598,2.9224,-5.3412,0.78523
-0.25383,0.80418,0.39842,0.36073,2.8894,-5.3461,0.79028
-0.25224,0.80409,0.39875,0.36167,2.8548,-5.3508,0.79542
-0.25066,0.804,0.39909,0.3626,2.8185,-5.3554,0.80064
-0.24908,0.8039,0.39943,0.36353,2.7805,-5.3599,0.80594
-0.24749,0.80381,0.39976,0.36446,2.741,-5.3643,0.81131
-0.2459,0.80371,0.4001,0.36539,2.6998,-5.3685,0.81677
-0.24432,0.8036,0.40043,0.36632,2.6572,-5.3726,0.82229
-0.24273,0.8035,0.40076,0.36725,2.613,-5.3765,0.82789
-0.24114,0.80339,0.40109,0.36817,2.5674,-5.3803,0.83355
-0.23955,0.80328,0.40141,0.3691,2.5204,-5.384,0.83929
-0.23796,0.80316,0.40174,0.37002,2.472,-5.3875,0.84508
-0.23637,0.80304,0.40206,0.37094,2.4223,-5.3909,0.85094
-0.23478,0.80292,0.40239,0.37186,2.3713,-5.3942,0.85686
-0.23318,0.8028,0.40271,0.37278,2.3191,-5.3973,0.86283
-0.23159,0.80267,0.40303,0.3737,2.2657,-5.4003,0.86886
-0.23,0.80254,0.40335,0.37461,2.2112,-5.4031,0.87494
-0.2284,0.80241,0.40367,0.37553,2.1555,-5.4058,0.88108
-0.22681,0.80228,0.40398,0.37644,2.0989,-5.4083,0.88726
-0.22521,0.80214,0.4043,0.37735,2.0412,-5.4107,0.89348
-0.22361,0.802,0.40461,0.37826,1.9826,-5.413,0.89975
-0.22201,0.80186,0.40492,0.37917,1.9231,-5.4151,0.90606
-0.22041,0.80171,0.40523,0.38008,1.8628,-5.4171,0.9124
-0.21881,0.80156,0.40554,0.38099,1.8017,-5.419,0.91878
-0.21721,0.80141,0.40585,0.38189,1.7399,-5.4207,0.9252
-0.21561,0.80126,0.40616,0.3828,1.6774,-5.4222,0.93164
-0.21401,0.8011,0.40646,0.3837,1.6143,-5.4236,0.93811
-0.21241,0.80094,0.40676,0.3846,1.5507,-5.4249,0.9446
-0.2108,0.80078,0.40707,0.3855,1.4865,-5.4261,0.95112
-0.2092,0.80061,0.40737,0.3864,1.422,-5.427,0.95766
-0.20759,0.80045,0.40767,0.3873,1.357,-5.4279,0.96421
-0.20599,0.80027,0.40796,0.38819,1.2917,-5.4286,0.97078
-0.20438,0.8001,0.40826,0.38909,1.2262,-5.4292,0.97736
-0.20277,0.79992,0.40856,0.38998,1.1605,-5.4296,0.98395
-0.20116,0.79975,0.40885,0.39087,1.0946,-5.4299,0.99054
-0.19956,0.79956,0.40914,0.39177,1.0286,-5.43,0.99714
-0.19795,0.79938,0.40943,0.39265,0.96261,-5.43,1.0037
-0.19634,0.79919,0.40972,0.39354,0.89664,-5.4298,1.0103
-0.19472,0.799,0.41001,0.39443,0.83077,-5.4295,1.0169
-0.19311,0.79881,0.41029,0.39531,0.76505,-5.4291,1.0235
-0.1915,0.79861,0.41058,0.3962,0.69955,-5.4285,1.0301
-0.18989,0.79841,0.41086,0.39708,0.63431,-5.4278,1.0367
-0.18827,0.79821,0.41115,0.39796,0.5694,-5.4269,1.0432
-0.18666,0.79801,0.41143,0.39884,0.50488,-5.4259,1.0497
-0.18505,0.7978,0.4117,0.39972,0.44081,-5.4248,1.0563
-0.18343,0.79759,0.41198,0.4006,0.37724,-5.4235,1.0628
-0.18181,0.79738,0.41226,0.40147,0.31423,-5.422,1.0692
-0.1802,0.79716,0.41253,0.40235,0.25183,-5.4204,1.0757
-0.17858,0.79694,0.41281,0.40322,0.19011,-5.4187,1.0821
-0.17696,0.79672,0.41308,0.40409,0.12912,-5.4169,1.0884
-0.17534,0.7965,0.41335,0.40496,0.068912,-5.4149,1.0948
-0.17372,0.79627,0.41362,0.40583,0.0095422,-5.4127,1.1011
-0.1721,0.79604,0.41389,0.40669,-0.048936,-5.4104,1.1074
-0.17048,0.79581,0.41415,0.40756,-0.10647,-5.408,1.1136
-0.16886,0.79557,0.41442,0.40842,-0.16301,-5.4054,1.1197
-0.16724,0.79533,0.41468,0.40929,-0.2185,-5.4027,1.1259
-0.16562,0.79509,0.41494,0.41015,-0.2729,-5.3999,1.1319
-0.16399,0.79485,0.4152,0.41101,-0.32615,-5.3969,1.138
-0.16237,0.7946,0.41546,0.41187,-0.3782,-5.3937,1.1439
-0.16075,0.79435,0.41572,0.41272,-0.42902,-5.3905,1.1498
-0.15912,0.7941,0.41597,0.41358,-0.47855,-5.3871,1.1557
-0.1575,0.79385,0.41623,0.41443,-0.52675,-5.3835,1.1615
-0.15587,0.79359,0.41648,0.41529,-0.57358,-5.3798,1.1672
-0.15425,0.79333,0.41673,0.41614,-0.61899,-5.376,1.1729
-0.15262,0.79307,0.41698,0.41699,-0.66294,-5.372,1.1784
-0.15099,0.7928,0.41723,0.41783,-0.70539,-5.3679,1.184
-0.14936,0.79253,0.41748,0.41868,-0.74632,-5.3637,1.1894
-0.14774,0.79226,0.41772,0.41953,-0.78566,-5.3593,1.1948
-0.14611,0.79199,0.41797,0.42037,-0.82341,-5.3548,1.2001
-0.14448,0.79171,0.41821,0.42121,-0.85951,-5.3502,1.2053
-0.14285,0.79143,0.41845,0.42205,-0.89394,-5.3454,1.2104
-0.14122,0.79115,0.41869,0.42289,-0.92666,-5.3405,1.2154
-0.13959,0.79086,0.41893,0.42373,-0.95765,-5.3355,1.2204
-0.13795,0.79058,0.41917,0.42457,-0.98688,-5.3303,1.2253
-0.13632,0.79028,0.4194,0.4254,-1.0143,-5.325,1.23
-0.13469,0.78999,0.41964,0.42624,-1.0399,-5.3195,1.2347
-0.13306,0.7897,0.41987,0.42707,-1.0637,-5.3139,1.2393
-0.13142,0.7894,0.4201,0.4279,-1.0857,-5.3082,1.2438
-0.12979,0.78909,0.42033,0.42873,-1.1057,-5.3024,1.2482
-0.12816,0.78879,0.42056,0.42955,-1.1239,-5.2964,1.2525
-0.12652,0.78848,0.42079,0.43038,-1.1401,-5.2903,1.2567
-0.12489,0.78817,0.42101,0.4312,-1.1545,-5.2841,1.2608
-0.12325,0.78786,0.42123,0.43203,-1.1669,-5.2777,1.2648
-0.12162,0.78754,0.42146,0.43285,-1.1773,-5.2713,1.2687
-0.11998,0.78723,0.42168,0.43367,-1.1858,-5.2646,1.2725
-0.11834,0.7869,0.4219,0.43449,-1.1923,-5.2579,1.2761
-0.1167,0.78658,0.42211,0.4353,-1.1968,-5.251,1.2797
-0.11507,0.78625,0.42233,0.43612,-1.1994,-5.244,1.2831
-0.11343,0.78593,0.42255,0.43693,-1.2,-5.2369,1.2865
-0.11179,0.78559,0.42276,0.43775,-1.1986,-5.2297,1.2897
-0.11015,0.78526,0.42297,0.43856,-1.1952,-5.2223,1.2928
-0.10851,0.78492,0.42318,0.43937,-1.1898,-5.2149,1.2958
-0.10687,0.78458,0.42339,0.44017,-1.1825,-5.2073,1.2986
-0.10523,0.78424,0.4236,0.44098,-1.1732,-5.1995,1.3014
-0.10359,0.78389,0.4238,0.44178,-1.162,-5.1917,1.304
-0.10195,0.78354,0.42401,0.44259,-1.1488,-5.1837,1.3065
-0.10031,0.78319,0.42421,0.44339,-1.1337,-5.1756,1.3089
-0.09867,0.78284,0.42441,0.44419,-1.1166,-5.1674,1.3112
-0.097028,0.78248,0.42461,0.44499,-1.0977,-5.1591,1.3133
-0.095386,0.78212,0.42481,0.44578,-1.0768,-5.1507,1.3153
-0.093744,0.78176,0.42501,0.44658,-1.0541,-5.1421,1.3172
-0.092101,0.78139,0.4252,0.44737,-1.0296,-5.1335,1.319
-0.090458,0.78103,0.4254,0.44816,-1.0032,-5.1247,1.3206
-0.088815,0.78066,0.42559,0.44896,-0.97501,-5.1158,1.3221
-0.087171,0.78028,0.42578,0.44974,-0.94505,-5.1068,1.3235
-0.085527,0.77991,0.42597,0.45053,-0.91334,-5.0977,1.3247
-0.083883,0.77953,0.42616,0.45132,-0.87991,-5.0885,1.3258
-0.082238,0.77915,0.42635,0.4521,-0.84478,-5.0792,1.3268
-0.080593,0.77876,0.42653,0.45288,-0.808,-5.0697,1.3276
-0.078948,0.77838,0.42672,0.45367,-0.76959,-5.0602,1.3284
-0.077303,0.77799,0.4269,0.45445,-0.72958,-5.0505,1.329
-0.075657,0.77759,0.42708,0.45522,-0.68802,-5.0408,1.3294
-0.074011,0.7772,0.42726,0.456,-0.64494,-5.0309,1.3297
-0.072365,0.7768,0.42743,0.45677,-0.60038,-5.021,1.3299
-0.070718,0.7764,0.42761,0.45755,-0.55438,-5.0109,1.33
-0.069072,0.776,0.42779,0.45832,-0.50698,-5.0007,1.3299
-0.067425,0.77559,0.42796,0.45909,-0.45823,-4.9905,1.3297
-0.065778,0.77518,0.42813,0.45986,-0.40816,-4.9801,1.3294
-0.06413,0.77477,0.4283,0.46062,-0.35683,-4.9696,1.3289
-0.062483,0.77436,0.42847,0.46139,-0.30427,-4.9591,1.3283
-0.060835,0.77394,0.42864,0.46215,-0.25054,-4.9484,1.3276
-0.059187,0.77352,0.4288,0.46291,-0.19569,-4.9377,1.3267
-0.057538,0.7731,0.42897,0.46367,-0.13976,-4.9268,1.3258
-0.05589,0.77267,0.42913,0.46443,-0.0828,-4.9159,1.3246
-0.054241,0.77225,0.42929,0.46519,-0.024869,-4.9049,1.3234
-0.052592,0.77182,0.42945,0.46595,0.033985,-4.8937,1.322
-0.050943,0.77138,0.42961,0.4667,0.093707,-4.8825,1.3205
-0.049294,0.77095,0.42976,0.46745,0.15425,-4.8712,1.3189
-0.047645,0.77051,0.42992,0.4682,0.21555,-4.8599,1.3171
-0.045995,0.77007,0.43007,0.46895,0.27755,-4.8484,1.3152
-0.044345,0.76963,0.43023,0.4697,0.34021,-4.8368,1.3132
-0.042695,0.76918,0.43038,0.47044,0.40346,-4.8252,1.3111
-0.041045,0.76873,0.43053,0.47119,0.46724,-4.8135,1.3088
-0.039395,0.76828,0.43067,0.47193,0.53151,-4.8017,1.3064
-0.037745,0.76782,0.43082,0.47267,0.59619,-4.7898,1.3039
-0.036094,0.76737,0.43096,0.47341,0.66125,-4.7778,1.3012
-0.034444,0.76691,0.43111,0.47415,0.7266,-4.7658,1.2985
-0.032793,0.76644,0.43125,0.47488,0.7922,-4.7537,1.2956
-0.031142,0.76598,0.43139,0.47562,0.85799,-4.7415,1.2926
-0.029491,0.76551,0.43153,0.47635,0.92391,-4.7292,1.2895
-0.02784,0.76504,0.43166,0.47708,0.98989,-4.7169,1.2863
-0.026189,0.76457,0.4318,0.47781,1.0559,-4.7045,1.283
-0.024538,0.76409,0.43193,0.47854,1.1218,-4.692,1.2795
-0.022887,0.76361,0.43207,0.47926,1.1877,-4.6795,1.2759
-0.021235,0.76313,0.4322,0.47999,1.2533,-4.6668,1.2723
-0.019584,0.76265,0.43233,0.48071,1.3188,-4.6542,1.2685
-0.017932,0.76216,0.43246,0.48143,1.3839,-4.6414,1.2646
-0.016281,0.76167,0.43258,0.48215,1.4487,-4.6286,1.2606
-0.014629,0.76118,0.43271,0.48286,1.5131,-4.6157,1.2565
-0.012977,0.76068,0.43283,0.48358,1.5771,-4.6028,1.2523
-0.011326,0.76019,0.43295,0.48429,1.6405,-4.5898,1.248
-0.0096739,0.75969,0.43307,0.48501,1.7033,-4.5767,1.2436
-0.0080221,0.75918,0.43319,0.48572,1.7655,-4.5636,1.2391
-0.0063702,0.75868,0.43331,0.48642,1.8271,-4.5504,1.2345
-0.0047184,0.75817,0.43342,0.48713,1.8878,-4.5372,1.2298
-0.0030665,0.75766,0.43354,0.48784,1.9478,-4.5239,1.225
-0.0014146,0.75715,0.43365,0.48854,2.0069,-4.5106,1.2201
0.0002373,0.75663,0.43376,0.48924,2.0652,-4.4972,1.2152
0.0018892,0.75611,0.43387,0.48994,2.1224,-4.4838,1.2101
0.0035411,0.75559,0.43398,0.49064,2.1787,-4.4703,1.205
0.005193,0.75507,0.43409,0.49134,2.2339,-4.4568,1.1998
0.0068448,0.75454,0.43419,0.49203,2.2879,-4.4432,1.1945
0.0084967,0.75401,0.4343,0.49273,2.3409,-4.4296,1.1891
0.010148,0.75348,0.4344,0.49342,2.3926,-4.4159,1.1837
0.0118,0.75295,0.4345,0.49411,2.443,-4.4022,1.1782
0.013452,0.75241,0.4346,0.4948,2.4922,-4.3885,1.1726
0.015104,0.75187,0.4347,0.49548,2.54,-4.3747,1.1669
0.016755,0.75133,0.43479,0.49617,2.5864,-4.3609,1.1612
0.018407,0.75078,0.43489,0.49685,2.6315,-4.347,1.1554
0.020058,0.75023,0.43498,0.49753,2.675,-4.3331,1.1495
0.02171,0.74968,0.43507,0.49821,2.717,-4.3192,1.1436
0.023361,0.74913,0.43516,0.49889,2.7575,-4.3053,1.1376
0.025012,0.74858,0.43525,0.49956,2.7964,-4.2913,1.1316
0.026664,0.74802,0.43534,0.50024,2.8337,-4.2773,1.1255
0.028315,0.74746,0.43542,0.50091,2.8693,-4.2632,1.1194
0.029966,0.74689,0.43551,0.50158,2.9033,-4.2492,1.1132
0.031617,0.74633,0.43559,0.50225,2.9355,-4.2351,1.107
0.033267,0.74576,0.43567,0.50292,2.966,-4.2209,1.1008
0.034918,0.74519,0.43575,0.50358,2.9948,-4.2068,1.0944
0.036569,0.74461,0.43583,0.50425,3.0217,-4.1926,1.0881
0.038219,0.74404,0.4359,0.50491,3.0468,-4.1785,1.0817
0.039869,0.74346,0.43598,0.50557,3.0701,-4.1643,1.0753
0.041519,0.74288,0.43605,0.50623,3.0915,-4.1501,1.0689
0.043169,0.74229,0.43612,0.50688,3.111,-4.1358,1.0624
0.044819,0.74171,0.43619,0.50754,3.1286,-4.1216,1.0559
0.046469,0.74112,0.43626,0.50819,3.1444,-4.1073,1.0494
0.048118,0.74053,0.43633,0.50884,3.1581,-4.0931,1.0429
0.049768,0.73993,0.4364,0.50949,3.17,-4.0788,1.0363
0.051417,0.73933,0.43646,0.51014,3.1799,-4.0645,1.0297
0.053066,0.73873,0.43652,0.51079,3.1878,-4.0502,1.0232
0.054715,0.73813,0.43658,0.51143,3.1938,-4.0359,1.0166
0.056363,0.73753,0.43664,0.51207,3.1977,-4.0216,1.01
0.058012,0.73692,0.4367,0.51271,3.1997,-4.0073,1.0034
0.05966,0.73631,0.43676,0.51335,3.1998,-3.993,0.99679
0.061308,0.7357,0.43681,0.51399,3.1978,-3.9787,0.99019
0.062956,0.73508,0.43687,0.51463,3.1939,-3.9644,0.98359
0.064604,0.73446,0.43692,0.51526,3.188,-3.9501,0.977
0.066251,0.73384,0.43697,0.51589,3.1801,-3.9359,0.97043
0.067898,0.73322,0.43702,0.51652,3.1703,-3.9216,0.96386
0.069545,0.7326,0.43706,0.51715,3.1585,-3.9073,0.95731
0.071192,0.73197,0.43711,0.51777,3.1447,-3.893,0.95077
0.072838,0.73134,0.43715,0.5184,3.1291,-3.8788,0.94425
0.074484,0.7307,0.4372,0.51902,3.1115,-3.8645,0.93776
0.07613,0.73007,0.43724,0.51964,3.092,-3.8503,0.93129
0.077776,0.72943,0.43728,0.52026,3.0707,-3.8361,0.92485
0.079421,0.72879,0.43732,0.52088,3.0474,-3.8219,0.91844
0.081066,0.72815,0.43735,0.52149,3.0224,-3.8077,0.91206
0.082711,0.7275,0.43739,0.52211,2.9955,-3.7936,0.90572
0.084355,0.72685,0.43742,0.52272,2.9668,-3.7794,0.89941
0.085999,0.7262,0.43745,0.52333,2.9363,-3.7653,0.89315
0.087643,0.72555,0.43748,0.52394,2.9041,-3.7512,0.88692
0.089287,0.72489,0.43751,0.52454,2.8702,-3.7371,0.88075
0.09093,0.72423,0.43754,0.52515,2.8346,-3.7231,0.87462
0.092573,0.72357,0.43757,0.52575,2.7974,-3.7091,0.86854
0.094216,0.72291,0.43759,0.52635,2.7585,-3.6951,0.86251
0.095858,0.72224,0.43761,0.52695,2.7181,-3.6811,0.85654
0.0975,0.72157,0.43763,0.52754,2.6761,-3.6672,0.85062
0.099142,0.7209,0.43765,0.52814,2.6326,-3.6533,0.84477
0.10078,0.72023,0.43767,0.52873,2.5876,-3.6395,0.83898
0.10242,0.71955,0.43769,0.52932,2.5412,-3.6256,0.83325
0.10406,0.71887,0.4377,0.52991,2.4935,-3.6119,0.82759
0.1057,0.71819,0.43772,0.5305,2.4443,-3.5981,0.82199
0.10734,0.71751,0.43773,0.53109,2.3939,-3.5844,0.81647
0.10898,0.71682,0.43774,0.53167,2.3422,-3.5708,0.81102
0.11062,0.71613,0.43775,0.53225,2.2893,-3.5571,0.80565
0.11226,0.71544,0.43776,0.53283,2.2353,-3.5436,0.80036
0.1139,0.71475,0.43776,0.53341,2.1801,-3.53,0.79514
0.11554,0.71405,0.43777,0.53399,2.1239,-3.5166,0.79001
0.11718,0.71335,0.43777,0.53456,2.0667,-3.5031,0.78496
0.11881,0.71265,0.43777,0.53514,2.0085,-3.4897,0.78
0.12045,0.71195,0.43777,0.53571,1.9494,-3.4764,0.77512
0.12209,0.71124,0.43777,0.53628,1.8894,-3.4631,0.77034
0.12372,0.71053,0.43777,0.53684,1.8286,-3.4499,0.76564
0.12536,0.70982,0.43776,0.53741,1.7671,-3.4367,0.76104
0.12699,0.70911,0.43776,0.53797,1.705,-3.4236,0.75654
0.12863,0.70839,0.43775,0.53853,1.6421,-3.4106,0.75213
0.13026,0.70767,0.43774,0.53909,1.5787,-3.3976,0.74783
0.13189,0.70695,0.43773,0.53965,1.5148,-3.3846,0.74362
0.13353,0.70623,0.43771,0.54021,1.4504,-3.3717,0.73952
0.13516,0.7055,0.4377,0.54076,1.3856,-3.3589,0.73552
0.13679,0.70477,0.43769,0.54131,1.3205,-3.3462,0.73162
0.13842,0.70404,0.43767,0.54186,1.255,-3.3335,0.72784
0.14005,0.70331,0.43765,0.54241,1.1894,-3.3209,0.72416
0.14169,0.70257,0.43763,0.54296,1.1235,-3.3083,0.72059
0.14332,0.70183,0.43761,0.5435,1.0576,-3.2958,0.71714
0.14495,0.70109,0.43758,0.54404,0.99161,-3.2834,0.71379
0.14657,0.70035,0.43756,0.54458,0.92563,-3.2711,0.71057
0.1482,0.6996,0.43753,0.54512,0.85971,-3.2588,0.70745
0.14983,0.69885,0.43751,0.54566,0.79391,-3.2466,0.70446
0.15146,0.6981,0.43748,0.54619,0.72831,-3.2345,0.70158
0.15309,0.69735,0.43745,0.54673,0.66294,-3.2225,0.69882
0.15471,0.69659,0.43741,0.54726,0.59788,-3.2105,0.69619
0.15634,0.69583,0.43738,0.54779,0.53319,-3.1986,0.69367
0.15796,0.69507,0.43734,0.54831,0.46891,-3.1868,0.69128
0.15959,0.69431,0.43731,0.54884,0.40511,-3.1751,0.68901
0.16121,0.69355,0.43727,0.54936,0.34185,-3.1635,0.68686
0.16284,0.69278,0.43723,0.54988,0.27917,-3.1519,0.68484
0.16446,0.69201,0.43719,0.5504,0.21715,-3.1404,0.68295
0.16608,0.69124,0.43714,0.55092,0.15583,-3.129,0.68118
0.16771,0.69046,0.4371,0.55144,0.095274,-3.1178,0.67954
0.16933,0.68968,0.43705,0.55195,0.035529,-3.1065,0.67803
0.17095,0.6889,0.43701,0.55246,-0.023348,-3.0954,0.67665
0.17257,0.68812,0.43696,0.55297,-0.081303,-3.0844,0.67539
0.17419,0.68734,0.43691,0.55348,-0.13829,-3.0735,0.67427
0.17581,0.68655,0.43685,0.55399,-0.19424,-3.0626,0.67328
0.17743,0.68576,0.4368,0.55449,-0.24913,-3.0519,0.67242
0.17904,0.68497,0.43674,0.55499,-0.30289,-3.0412,0.67168
0.18066,0.68417,0.43669,0.55549,-0.35547,-3.0306,0.67108
0.18228,0.68338,0.43663,0.55599,-0.40684,-3.0202,0.67061
0.18389,0.68258,0.43657,0.55649,-0.45694,-3.0098,0.67028
0.18551,0.68178,0.43651,0.55698,-0.50573,-2.9995,0.67007
0.18712,0.68097,0.43645,0.55747,-0.55317,-2.9894,0.67
0.18874,0.68016,0.43638,0.55797,-0.5992,-2.9793,0.67006
0.19035,0.67936,0.43631,0.55845,-0.6438,-2.9693,0.67025
0.19196,0.67855,0.43625,0.55894,-0.68692,-2.9595,0.67057
0.19358,0.67773,0.43618,0.55943,-0.72852,-2.9497,0.67103
0.19519,0.67692,0.43611,0.55991,-0.76857,-2.9401,0.67161
0.1968,0.6761,0.43604,0.56039,-0.80702,-2.9305,0.67233
0.19841,0.67528,0.43596,0.56087,-0.84385,-2.9211,0.67318
0.20002,0.67445,0.43589,0.56134,-0.87901,-2.9118,0.67416
0.20163,0.67363,0.43581,0.56182,-0.91249,-2.9025,0.67527
0.20323,0.6728,0.43573,0.56229,-0.94425,-2.8934,0.67651
0.20484,0.67197,0.43565,0.56276,-0.97425,-2.8844,0.67788
0.20645,0.67114,0.43557,0.56323,-1.0025,-2.8755,0.67938
0.20805,0.6703,0.43549,0.5637,-1.0289,-2.8667,0.681
0.20966,0.66947,0.4354,0.56416,-1.0535,-2.8581,0.68276
0.21126,0.66863,0.43532,0.56463,-1.0763,-2.8495,0.68464
0.21287,0.66779,0.43523,0.56509,-1.0971,-2.8411,0.68664
0.21447,0.66694,0.43514,0.56555,-1.1161,-2.8328,0.68877
0.21607,0.6661,0.43505,0.566,-1.1332,-2.8246,0.69103
0.21767,0.66525,0.43496,0.56646,-1.1484,-2.8165,0.69341
0.21927,0.6644,0.43487,0.56691,-1.1617,-2.8085,0.69591
0.22087,0.66354,0.43477,0.56736,-1.1729,-2.8007,0.69854
0.22247,0.66269,0.43467,0.56781,-1.1823,-2.7929,0.70128
0.22407,0.66183,0.43458,0.56826,-1.1897,-2.7853,0.70415
0.22567,0.66097,0.43448,0.5687,-1.1951,-2.7779,0.70713
0.22726,0.66011,0.43438,0.56915,-1.1985,-2.7705,0.71023
0.22886,0.65924,0.43427,0.56959,-1.1999,-2.7633,0.71345
0.23045,0.65837,0.43417,0.57003,-1.1994,-2.7561,0.71678
0.23205,0.6575,0.43406,0.57046,-1.1969,-2.7491,0.72022
0.23364,0.65663,0.43396,0.5709,-1.1924,-2.7423,0.72378
0.23524,0.65576,0.43385,0.57133,-1.186,-2.7355,0.72744
0.23683,0.65488,0.43374,0.57176,-1.1775,-2.7289,0.73122
0.23842,0.654,0.43363,0.57219,-1.1672,-2.7224,0.7351
0.24001,0.65312,0.43351,0.57262,-1.1548,-2.7161,0.73909
0.2416,0.65224,0.4334,0.57305,-1.1405,-2.7098,0.74318
0.24319,0.65135,0.43328,0.57347,-1.1243,-2.7037,0.74738
0.24477,0.65047,0.43316,0.57389,-1.1062,-2.6978,0.75167
0.24636,0.64957,0.43305,0.57431,-1.0862,-2.6919,0.75607
0.24795,0.64868,0.43292,0.57473,-1.0643,-2.6862,0.76056
0.24953,0.64779,0.4328,0.57514,-1.0406,-2.6806,0.76515
0.25111,0.64689,0.43268,0.57555,-1.015,-2.6752,0.76984
0.2527,0.64599,0.43255,0.57597,-0.98762,-2.6699,0.77461
0.25428,0.64509,0.43243,0.57637,-0.95844,-2.6647,0.77948
0.25586,0.64419,0.4323,0.57678,-0.92749,-2.6596,0.78443
0.25744,0.64328,0.43217,0.57719,-0.89481,-2.6547,0.78947
0.25902,0.64237,0.43204,0.57759,-0.86043,-2.6499,0.7946
0.2606,0.64146,0.4319,0.57799,-0.82437,-2.6453,0.7998
0.26218,0.64055,0.43177,0.57839,-0.78667,-2.6408,0.80509
0.26376,0.63963,0.43163,0.57879,-0.74736,-2.6364,0.81045
0.26533,0.63872,0.4315,0.57918,-0.70648,-2.6322,0.81589
0.26691,0.6378,0.43136,0.57957,-0.66406,-2.6281,0.82141
0.26848,0.63688,0.43122,0.57997,-0.62015,-2.6241,0.82699
0.27005,0.63595,0.43107,0.58035,-0.57478,-2.6203,0.83265
0.27163,0.63503,0.43093,0.58074,-0.52799,-2.6166,0.83837
0.2732,0.6341,0.43079,0.58113,-0.47982,-2.613,0.84415
0.27477,0.63317,0.43064,0.58151,-0.43033,-2.6096,0.85
0.27634,0.63223,0.43049,0.58189,-0.37954,-2.6063,0.85591
0.27791,0.6313,0.43034,0.58227,-0.32752,-2.6032,0.86188
0.27947,0.63036,0.43019,0.58264,-0.2743,-2.6002,0.8679
0.28104,0.62942,0.43004,0.58302,-0.21993,-2.5974,0.87397
0.28261,0.62848,0.42988,0.58339,-0.16447,-2.5946,0.8801
0.28417,0.62754,0.42973,0.58376,-0.10796,-2.5921,0.88627
0.28573,0.62659,0.42957,0.58413,-0.050447,-2.5896,0.89249
0.2873,0.62564,0.42941,0.5845,0.0080078,-2.5873,0.89875
0.28886,0.62469,0.42925,0.58486,0.067355,-2.5852,0.90505
0.29042,0.62374,0.42909,0.58522,0.12754,-2.5832,0.91139
0.29198,0.62278,0.42893,0.58558,0.18851,-2.5813,0.91776
0.29354,0.62183,0.42876,0.58594,0.25022,-2.5796,0.92417
0.29509,0.62087,0.4286,0.5863,0.31259,-2.578,0.93061
0.29665,0.61991,0.42843,0.58665,0.37559,-2.5766,0.93708
0.29821,0.61894,0.42826,0.587,0.43914,-2.5753,0.94357
0.29976,0.61798,0.42809,0.58735,0.50321,-2.5741,0.95008
0.30131,0.61701,0.42792,0.5877,0.56772,-2.5731,0.95661
0.30287,0.61604,0.42775,0.58805,0.63261,-2.5722,0.96317
0.30442,0.61507,0.42757,0.58839,0.69784,-2.5715,0.96973
0.30597,0.61409,0.42739,0.58873,0.76334,-2.5709,0.97631
0.30752,0.61312,0.42722,0.58907,0.82906,-2.5705,0.9829
0.30906,0.61214,0.42704,0.58941,0.89492,-2.5702,0.98949
0.31061,0.61116,0.42686,0.58975,0.96089,-2.57,0.99609
0.31216,0.61017,0.42667,0.59008,1.0269,-2.57,1.0027
0.3137,0.60919,0.42649,0.59041,1.0929,-2.5701,1.0093
0.31524,0.6082,0.4263,0.59074,1.1587,-2.5704,1.0159
0.31679,0.60721,0.42612,0.59107,1.2245,-2.5708,1.0225
0.31833,0.60622,0.42593,0.59139,1.29,-2.5714,1.0291
0.31987,0.60523,0.42574,0.59172,1.3553,-2.5721,1.0356
0.32141,0.60423,0.42555,0.59204,1.4203,-2.5729,1.0422
0.32295,0.60323,0.42535,0.59236,1.4849,-2.5739,1.0487
0.32448,0.60224,0.42516,0.59267,1.549,-2.5751,1.0552
0.32602,0.60123,0.42496,0.59299,1.6127,-2.5763,1.0617
0.32755,0.60023,0.42477,0.5933,1.6758,-2.5777,1.0682
0.32909,0.59922,0.42457,0.59361,1.7383,-2.5793,1.0746
0.33062,0.59821,0.42437,0.59392,1.8001,-2.581,1.0811
0.33215,0.5972,0.42417,0.59423,1.8612,-2.5828,1.0874
0.33368,0.59619,0.42396,0.59453,1.9216,-2.5848,1.0938
0.33521,0.59518,0.42376,0.59484,1.9811,-2.5869,1.1001
0.33674,0.59416,0.42355,0.59514,2.0397,-2.5892,1.1064
0.33826,0.59314,0.42334,0.59543,2.0974,-2.5916,1.1126
0.33979,0.59212,0.42313,0.59573,2.1541,-2.5942,1.1188
0.34131,0.5911,0.42292,0.59602,2.2097,-2.5968,1.1249
0.34283,0.59007,0.42271,0.59632,2.2643,-2.5997,1.131
0.34436,0.58905,0.4225,0.59661,2.3177,-2.6026,1.137
0.34588,0.58802,0.42228,0.59689,2.37,-2.6057,1.143
0.3474,0.58699,0.42207,0.59718,2.421,-2.609,1.1489
0.34891,0.58595,0.42185,0.59746,2.4707,-2.6124,1.1548
0.35043,0.58492,0.42163,0.59775,2.5192,-2.6159,1.1606
0.35195,0.58388,0.42141,0.59802,2.5662,-2.6196,1.1663
0.35346,0.58284,0.42118,0.5983,2.6118,-2.6234,1.172
0.35497,0.5818,0.42096,0.59858,2.656,-2.6273,1.1776
0.35649,0.58076,0.42073,0.59885,2.6987,-2.6314,1.1831
0.358,0.57971,0.42051,0.59912,2.7399,-2.6356,1.1885
0.35951,0.57866,0.42028,0.59939,2.7795,-2.64,1.1939
0.36101,0.57761,0.42005,0.59966,2.8175,-2.6444,1.1992
0.36252,0.57656,0.41982,0.59992,2.8539,-2.6491,1.2044
0.36403,0.57551,0.41958,0.60019,2.8886,-2.6538,1.2096
0.36553,0.57445,0.41935,0.60045,2.9216,-2.6587,1.2146
0.36703,0.5734,0.41911,0.6007,2.9528,-2.6637,1.2196
0.36854,0.57234,0.41888,0.60096,2.9823,-2.6689,1.2245
0.37004,0.57128,0.41864,0.60122,3.0101,-2.6742,1.2293
0.37154,0.57021,0.4184,0.60147,3.036,-2.6796,1.234
0.37303,0.56915,0.41816,0.60172,3.0601,-2.6852,1.2386
0.37453,0.56808,0.41791,0.60197,3.0823,-2.6909,1.2431
0.37603,0.56701,0.41767,0.60221,3.1027,-2.6967,1.2475
0.37752,0.56594,0.41742,0.60245,3.1211,-2.7026,1.2518
0.37901,0.56486,0.41718,0.6027,3.1377,-2.7087,1.256
0.3805,0.56379,0.41693,0.60294,3.1523,-2.7149,1.2602
0.38199,0.56271,0.41668,0.60317,3.165,-2.7212,1.2642
0.38348,0.56163,0.41642,0.60341,3.1758,-2.7277,1.2681
0.38497,0.56055,0.41617,0.60364,3.1846,-2.7343,1.2719
0.38646,0.55947,0.41592,0.60387,3.1914,-2.741,1.2756
0.38794,0.55838,0.41566,0.6041,3.1962,-2.7479,1.2791
0.38942,0.55729,0.4154,0.60433,3.1991,-2.7548,1.2826
0.3909,0.55621,0.41514,0.60455,3.2,-2.7619,1.2859
0.39239,0.55511,0.41488,0.60478,3.1989,-2.7691,1.2892
0.39386,0.55402,0.41462,0.605,3.1959,-2.7765,1.2923
0.39534,0.55293,0.41436,0.60522,3.1908,-2.7839,1.2953
0.39682,0.55183,0.41409,0.60543,3.1838,-2.7915,1.2982
0.39829,0.55073,0.41382,0.60565,3.1748,-2.7992,1.301
0.39977,0.54963,0.41356,0.60586,3.1639,-2.8071,1.3036
0.40124,0.54853,0.41329,0.60607,3.151,-2.815,1.3061
0.40271,0.54742,0.41302,0.60628,3.1362,-2.8231,1.3085
0.40418,0.54632,0.41274,0.60648,3.1195,-2.8313,1.3108
0.40565,0.54521,0.41247,0.60669,3.1008,-2.8395,1.313
0.40711,0.5441,0.4122,0.60689,3.0803,-2.848,1.315
0.40858,0.54298,0.41192,0.60709,3.0579,-2.8565,1.3169
0.41004,0.54187,0.41164,0.60728,3.0336,-2.8651,1.3187
0.41151,0.54075,0.41136,0.60748,3.0075,-2.8739,1.3203
0.41297,0.53964,0.41108,0.60767,2.9796,-2.8828,1.3219
0.41443,0.53852,0.4108,0.60786,2.9499,-2.8917,1.3232
0.41588,0.53739,0.41052,0.60805,2.9185,-2.9008,1.3245
0.41734,0.53627,0.41023,0.60824,2.8853,-2.91,1.3256
0.41879,0.53515,0.40994,0.60842,2.8505,-2.9193,1.3266
0.42025,0.53402,0.40966,0.6086,2.814,-2.9288,1.3275
0.4217,0.53289,0.40937,0.60878,2.7758,-2.9383,1.3283
0.42315,0.53176,0.40907,0.60896,2.7361,-2.9479,1.3289
0.4246,0.53062,0.40878,0.60914,2.6947,-2.9577,1.3294
0.42605,0.52949,0.40849,0.60931,2.6519,-2.9675,1.3297
0.42749,0.52835,0.40819,0.60948,2.6076,-2.9775,1.3299
0.42894,0.52721,0.4079,0.60965,2.5618,-2.9875,1.33
0.43038,0.52607,0.4076,0.60982,2.5146,-2.9976,1.33
0.43182,0.52493,0.4073,0.60999,2.4661,-3.0079,1.3298
0.43326,0.52379,0.407,0.61015,2.4162,-3.0182,1.3295
0.4347,0.52264,0.4067,0.61031,2.3651,-3.0287,1.329
0.43614,0.52149,0.40639,0.61047,2.3127,-3.0392,1.3284
0.43757,0.52034,0.40609,0.61063,2.2592,-3.0499,1.3277
0.43901,0.51919,0.40578,0.61078,2.2045,-3.0606,1.3269
0.44044,0.51804,0.40547,0.61093,2.1487,-3.0714,1.3259
0.44187,0.51688,0.40516,0.61108,2.0919,-3.0824,1.3248
0.4433,0.51573,0.40485,0.61123,2.0342,-3.0934,1.3236
0.44473,0.51457,0.40454,0.61138,1.9754,-3.1045,1.3222
0.44616,0.51341,0.40423,0.61152,1.9159,-3.1157,1.3207
0.44758,0.51225,0.40391,0.61166,1.8554,-3.1269,1.3191
0.449,0.51108,0.40359,0.6118,1.7943,-3.1383,1.3174
0.45043,0.50992,0.40328,0.61194,1.7324,-3.1498,1.3155
0.45185,0.50875,0.40296,0.61207,1.6698,-3.1613,1.3135
0.45326,0.50758,0.40264,0.61221,1.6067,-3.1729,1.3114
0.45468,0.50641,0.40231,0.61234,1.543,-3.1846,1.3092
0.4561,0.50524,0.40199,0.61247,1.4788,-3.1964,1.3068
0.45751,0.50406,0.40167,0.61259,1.4141,-3.2083,1.3043
0.45892,0.50288,0.40134,0.61272,1.3491,-3.2202,1.3017
0.46033,0.50171,0.40101,0.61284,1.2838,-3.2323,1.2989
0.46174,0.50053,0.40068,0.61296,1.2183,-3.2444,1.2961
0.46315,0.49934,0.40035,0.61308,1.1525,-3.2566,1.2931
0.46455,0.49816,0.40002,0.6132,1.0866,-3.2688,1.29
0.46596,0.49698,0.39969,0.61331,1.0206,-3.2811,1.2868
0.46736,0.49579,0.39935,0.61342,0.95462,-3.2935,1.2835
0.46876,0.4946,0.39901,0.61353,0.88867,-3.306,1.2801
0.47016,0.49341,0.39868,0.61364,0.82281,-3.3185,1.2765
0.47156,0.49222,0.39834,0.61374,0.75712,-3.3311,1.2729
0.47295,0.49102,0.398,0.61385,0.69164,-3.3438,1.2691
0.47435,0.48983,0.39766,0.61395,0.62644,-3.3566,1.2652
0.47574,0.48863,0.39731,0.61405,0.56157,-3.3694,1.2612
0.47713,0.48743,0.39697,0.61414,0.4971,-3.3822,1.2571
0.47852,0.48623,0.39662,0.61424,0.43309,-3.3951,1.253
0.47991,0.48503,0.39628,0.61433,0.36958,-3.4081,1.2487
0.48129,0.48383,0.39593,0.61442,0.30664,-3.4212,1.2443
0.48268,0.48262,0.39558,0.61451,0.24433,-3.4343,1.2398
0.48406,0.48141,0.39522,0.6146,0.18269,-3.4475,1.2352
0.48544,0.4802,0.39487,0.61468,0.12179,-3.4607,1.2305
0.48682,0.47899,0.39452,0.61476,0.061684,-3.4739,1.2258
0.4882,0.47778,0.39416,0.61484,0.0024191,-3.4873,1.2209
0.48957,0.47656,0.3938,0.61492,-0.055948,-3.5006,1.216
0.49095,0.47535,0.39345,0.61499,-0.11336,-3.5141,1.2109
0.49232,0.47413,0.39309,0.61507,-0.16978,-3.5275,1.2058
0.49369,0.47291,0.39273,0.61514,-0.22514,-3.5411,1.2006
0.49506,0.47169,0.39236,0.61521,-0.2794,-3.5546,1.1953
0.49642,0.47047,0.392,0.61527,-0.33251,-3.5682,1.19
0.49779,0.46924,0.39163,0.61534,-0.38442,-3.5819,1.1845
0.49915,0.46802,0.39127,0.6154,-0.43508,-3.5956,1.179
0.50051,0.46679,0.3909,0.61546,-0.48445,-3.6093,1.1735
0.50187,0.46556,0.39053,0.61552,-0.53249,-3.6231,1.1678
0.50323,0.46433,0.39016,0.61557,-0.57915,-3.6369,1.1621
0.50459,0.4631,0.38979,0.61563,-0.62438,-3.6508,1.1563
0.50594,0.46187,0.38941,0.61568,-0.66815,-3.6646,1.1505
0.5073,0.46063,0.38904,0.61573,-0.71043,-3.6786,1.1446
0.50865,0.45939,0.38866,0.61577,-0.75116,-3.6925,1.1386
0.51,0.45815,0.38828,0.61582,-0.79032,-3.7065,1.1326
0.51134,0.45691,0.38791,0.61586,-0.82786,-3.7205,1.1265
0.51269,0.45567,0.38753,0.6159,-0.86376,-3.7345,1.1204
0.51403,0.45443,0.38714,0.61594,-0.89799,-3.7486,1.1142
0.51538,0.45318,0.38676,0.61598,-0.9305,-3.7627,1.108
0.51672,0.45194,0.38638,0.61601,-0.96128,-3.7768,1.1018
0.51806,0.45069,0.38599,0.61604,-0.9903,-3.7909,1.0955
0.51939,0.44944,0.3856,0.61607,-1.0175,-3.8051,1.0891
0.52073,0.44819,0.38522,0.6161,-1.0429,-3.8193,1.0827
0.52206,0.44693,0.38483,0.61613,-1.0665,-3.8335,1.0763
0.52339,0.44568,0.38443,0.61615,-1.0882,-3.8477,1.0699
0.52472,0.44442,0.38404,0.61617,-1.108,-3.8619,1.0634
0.52605,0.44316,0.38365,0.61619,-1.126,-3.8761,1.057
0.52737,0.44191,0.38325,0.61621,-1.142,-3.8904,1.0504
0.5287,0.44064,0.38286,0.61622,-1.1561,-3.9047,1.0439
0.53002,0.43938,0.38246,0.61624,-1.1682,-3.9189,1.0374
0.53134,0.43812,0.38206,0.61625,-1.1784,-3.9332,1.0308
0.53266,0.43685,0.38166,0.61625,-1.1867,-3.9475,1.0242
0.53398,0.43559,0.38126,0.61626,-1.1929,-3.9618,1.0176
0.53529,0.43432,0.38085,0.61626,-1.1972,-3.9761,1.011
0.5366,0.43305,0.38045,0.61627,-1.1996,-3.9904,1.0044
0.53791,0.43178,0.38004,0.61627,-1.1999,-4.0047,0.99784
0.53922,0.4305,0.37964,0.61626,-1.1983,-4.019,0.99124
0.54053,0.42923,0.37923,0.61626,-1.1946,-4.0333,0.98464
0.54184,0.42795,0.37882,0.61625,-1.189,-4.0476,0.97805
0.54314,0.42667,0.37841,0.61624,-1.1815,-4.0619,0.97147
0.54444,0.4254,0.37799,0.61623,-1.172,-4.0762,0.9649
0.54574,0.42412,0.37758,0.61622,-1.1605,-4.0904,0.95835
0.54704,0.42283,0.37717,0.6162,-1.1471,-4.1047,0.95181
0.54833,0.42155,0.37675,0.61619,-1.1317,-4.1189,0.94529
0.54963,0.42026,0.37633,0.61617,-1.1144,-4.1332,0.93879
0.55092,0.41898,0.37591,0.61615,-1.0952,-4.1474,0.93232
0.55221,0.41769,0.37549,0.61612,-1.0742,-4.1616,0.92588
0.5535,0.4164,0.37507,0.6161,-1.0513,-4.1758,0.91946
0.55478,0.41511,0.37465,0.61607,-1.0265,-4.19,0.91308
0.55607,0.41382,0.37422,0.61604,-0.99988,-4.2042,0.90673
0.55735,0.41252,0.3738,0.616,-0.97148,-4.2183,0.90041
0.55863,0.41123,0.37337,0.61597,-0.94131,-4.2325,0.89414
0.55991,0.40993,0.37294,0.61593,-0.90939,-4.2465,0.88791
0.56118,0.40863,0.37251,0.61589,-0.87575,-4.2606,0.88173
0.56246,0.40733,0.37208,0.61585,-0.84042,-4.2747,0.87559
0.56373,0.40603,0.37165,0.61581,-0.80344,-4.2887,0.8695
0.565,0.40473,0.37122,0.61576,-0.76483,-4.3027,0.86347
0.56627,0.40343,0.37078,0.61572,-0.72464,-4.3166,0.85749
0.56754,0.40212,0.37035,0.61567,-0.68289,-4.3306,0.85156
0.5688,0.40082,0.36991,0.61561,-0.63963,-4.3445,0.8457
0.57006,0.39951,0.36947,0.61556,-0.59489,-4.3583,0.83989
0.57132,0.3982,0.36903,0.6155,-0.54872,-4.3722,0.83416
0.57258,0.39689,0.36859,0.61544,-0.50116,-4.3859,0.82848
0.57384,0.39558,0.36815,0.61538,-0.45224,-4.3997,0.82288
0.57509,0.39426,0.3677,0.61532,-0.40202,-4.4134,0.81735
0.57635,0.39295,0.36726,0.61526,-0.35053,-4.4271,0.81189
0.5776,0.39163,0.36681,0.61519,-0.29783,-4.4407,0.8065
0.57884,0.39031,0.36636,0.61512,-0.24396,-4.4543,0.80119
0.58009,0.38899,0.36591,0.61505,-0.18898,-4.4678,0.79597
0.58134,0.38767,0.36546,0.61497,-0.13292,-4.4813,0.79082
0.58258,0.38635,0.36501,0.6149,-0.075842,-4.4947,0.78576
0.58382,0.38503,0.36456,0.61482,-0.017797,-4.5081,0.78078
0.58506,0.3837,0.36411,0.61474,0.041165,-4.5215,0.77589
0.58629,0.38238,0.36365,0.61466,0.10099,-4.5348,0.77109
0.58753,0.38105,0.36319,0.61457,0.16162,-4.548,0.76639
0.58876,0.37972,0.36274,0.61449,0.22301,-4.5612,0.76177
0.58999,0.37839,0.36228,0.6144,0.2851,-4.5743,0.75725
0.59122,0.37706,0.36182,0.61431,0.34783,-4.5874,0.75283
0.59244,0.37573,0.36135,0.61422,0.41115,-4.6004,0.74851
0.59367,0.3744,0.36089,0.61412,0.47499,-4.6133,0.74428
0.59489,0.37306,0.36043,0.61402,0.53931,-4.6262,0.74016
0.59611,0.37172,0.35996,0.61392,0.60405,-4.639,0.73615
0.59733,0.37039,0.35949,0.61382,0.66914,-4.6518,0.73224
0.59854,0.36905,0.35903,0.61372,0.73453,-4.6645,0.72843
0.59975,0.36771,0.35856,0.61361,0.80015,-4.6771,0.72474
0.60097,0.36637,0.35809,0.61351,0.86596,-4.6897,0.72115
0.60218,0.36502,0.35762,0.6134,0.93189,-4.7022,0.71768
0.60338,0.36368,0.35714,0.61328,0.99788,-4.7146,0.71432
0.60459,0.36233,0.35667,0.61317,1.0639,-4.727,0.71107
0.60579,0.36099,0.35619,0.61305,1.1298,-4.7392,0.70794
0.60699,0.35964,0.35572,0.61293,1.1956,-4.7514,0.70493
0.60819,0.35829,0.35524,0.61281,1.2613,-4.7636,0.70203
0.60939,0.35694,0.35476,0.61269,1.3267,-4.7756,0.69925
0.61058,0.35559,0.35428,0.61256,1.3918,-4.7876,0.6966
0.61177,0.35424,0.3538,0.61244,1.4565,-4.7995,0.69406
0.61296,0.35288,0.35331,0.61231,1.5209,-4.8113,0.69165
0.61415,0.35153,0.35283,0.61218,1.5848,-4.823,0.68936
0.61534,0.35017,0.35234,0.61204,1.6481,-4.8347,0.6872
0.61652,0.34881,0.35186,0.61191,1.7109,-4.8463,0.68516
0.6177,0.34745,0.35137,0.61177,1.773,-4.8577,0.68324
0.61888,0.34609,0.35088,0.61163,1.8345,-4.8691,0.68145
0.62006,0.34473,0.35039,0.61149,1.8951,-4.8805,0.67979
0.62123,0.34337,0.3499,0.61134,1.955,-4.8917,0.67826
0.62241,0.342,0.34941,0.6112,2.014,-4.9028,0.67686
0.62358,0.34064,0.34891,0.61105,2.0721,-4.9139,0.67559
0.62474,0.33927,0.34842,0.6109,2.1293,-4.9248,0.67444
0.62591,0.33791,0.34792,0.61074,2.1854,-4.9357,0.67343
0.62708,0.33654,0.34742,0.61059,2.2405,-4.9464,0.67254
0.62824,0.33517,0.34692,0.61043,2.2944,-4.9571,0.67179
0.6294,0.3338,0.34642,0.61027,2.3472,-4.9677,0.67117
0.63055,0.33242,0.34592,0.61011,2.3987,-4.9782,0.67068
0.63171,0.33105,0.34542,0.60995,2.449,-4.9885,0.67032
0.63286,0.32968,0.34492,0.60978,2.4981,-4.9988,0.6701
0.63401,0.3283,0.34441,0.60961,2.5457,-5.009,0.67
0.63516,0.32692,0.3439,0.60944,2.592,-5.0191,0.67004
0.63631,0.32555,0.3434,0.60927,2.6368,-5.0291,0.67021
0.63745,0.32417,0.34289,0.6091,2.6802,-5.039,0.67051
0.63859,0.32279,0.34238,0.60892,2.722,-5.0487,0.67095
0.63973,0.3214,0.34187,0.60874,2.7623,-5.0584,0.67151
0.64087,0.32002,0.34136,0.60856,2.801,-5.068,0.67221
0.64201,0.31864,0.34084,0.60838,2.8381,-5.0774,0.67304
0.64314,0.31725,0.34033,0.60819,2.8735,-5.0868,0.67399
0.64427,0.31587,0.33981,0.60801,2.9073,-5.096,0.67508
0.6454,0.31448,0.3393,0.60782,2.9393,-5.1051,0.6763
0.64653,0.31309,0.33878,0.60763,2.9696,-5.1142,0.67765
0.64765,0.3117,0.33826,0.60743,2.9981,-5.1231,0.67913
0.64877,0.31031,0.33774,0.60724,3.0248,-5.1319,0.68073
0.64989,0.30892,0.33722,0.60704,3.0497,-5.1405,0.68247
0.65101,0.30753,0.33669,0.60684,3.0728,-5.1491,0.68433
0.65212,0.30614,0.33617,0.60664,3.0939,-5.1576,0.68631
0.65323,0.30474,0.33564,0.60643,3.1132,-5.1659,0.68843
0.65434,0.30335,0.33512,0.60623,3.1306,-5.1741,0.69066
0.65545,0.30195,0.33459,0.60602,3.1461,-5.1822,0.69302
0.65656,0.30055,0.33406,0.60581,3.1597,-5.1902,0.69551
0.65766,0.29915,0.33353,0.60559,3.1713,-5.1981,0.69811
0.65876,0.29775,0.333,0.60538,3.1809,-5.2058,0.70084
0.65986,0.29635,0.33247,0.60516,3.1886,-5.2135,0.70368
0.66096,0.29495,0.33193,0.60494,3.1943,-5.221,0.70665
0.66205,0.29355,0.3314,0.60472,3.1981,-5.2283,0.70973
0.66314,0.29214,0.33086,0.6045,3.1998,-5.2356,0.71293
0.66423,0.29074,0.33033,0.60428,3.1996,-5.2427,0.71624
0.66532,0.28933,0.32979,0.60405,3.1974,-5.2498,0.71966
0.66641,0.28793,0.32925,0.60382,3.1933,-5.2566,0.7232
0.66749,0.28652,0.32871,0.60359,3.1871,-5.2634,0.72685
0.66857,0.28511,0.32817,0.60335,3.179,-5.27,0.73061
0.66965,0.2837,0.32763,0.60312,3.1689,-5.2765,0.73447
0.67072,0.28229,0.32708,0.60288,3.1569,-5.2829,0.73845
0.6718,0.28088,0.32654,0.60264,3.1429,-5.2892,0.74252
0.67287,0.27946,0.32599,0.6024,3.1271,-5.2953,0.7467
0.67393,0.27805,0.32544,0.60215,3.1092,-5.3013,0.75098
0.675,0.27663,0.3249,0.60191,3.0895,-5.3072,0.75536
0.67606,0.27522,0.32435,0.60166,3.0679,-5.3129,0.75984
0.67713,0.2738,0.32379,0.60141,3.0445,-5.3185,0.76442
0.67818,0.27238,0.32324,0.60115,3.0192,-5.324,0.76908
0.67924,0.27096,0.32269,0.6009,2.9921,-5.3293,0.77385
0.6803,0.26955,0.32214,0.60064,2.9632,-5.3345,0.7787
0.68135,0.26812,0.32158,0.60038,2.9325,-5.3396,0.78364
0.6824,0.2667,0.32102,0.60012,2.9001,-5.3445,0.78866
0.68344,0.26528,0.32047,0.59986,2.866,-5.3493,0.79377
0.68449,0.26386,0.31991,0.59959,2.8302,-5.354,0.79897
0.68553,0.26243,0.31935,0.59933,2.7928,-5.3585,0.80424
0.68657,0.26101,0.31879,0.59906,2.7537,-5.3629,0.80959
0.68761,0.25958,0.31823,0.59879,2.7131,-5.3672,0.81502
0.68864,0.25815,0.31766,0.59851,2.6709,-5.3713,0.82052
0.68968,0.25673,0.3171,0.59824,2.6272,-5.3753,0.8261
0.69071,0.2553,0.31653,0.59796,2.5821,-5.3791,0.83174
0.69173,0.25387,0.31597,0.59768,2.5355,-5.3828,0.83745
0.69276,0.25244,0.3154,0.5974,2.4876,-5.3864,0.84323
0.69378,0.251,0.31483,0.59711,2.4383,-5.3899,0.84907
0.6948,0.24957,0.31426,0.59683,2.3877,-5.3931,0.85497
0.69582,0.24814,0.31369,0.59654,2.3359,-5.3963,0.86092
0.69684,0.2467,0.31312,0.59625,2.2829,-5.3993,0.86694
0.69785,0.24527,0.31255,0.59595,2.2287,-5.4022,0.873
0.69886,0.24383,0.31197,0.59566,2.1734,-5.4049,0.87912
0.69987,0.2424,0.3114,0.59536,2.117,-5.4075,0.88528
0.70088,0.24096,0.31082,0.59506,2.0597,-5.41,0.89149
0.70188,0.23952,0.31024,0.59476,2.0014,-5.4123,0.89775
0.70288,0.23808,0.30967,0.59446,1.9422,-5.4145,0.90404
0.70388,0.23664,0.30909,0.59416,1.8821,-5.4165,0.91038
0.70488,0.2352,0.30851,0.59385,1.8212,-5.4184,0.91675
0.70587,0.23376,0.30792,0.59354,1.7597,-5.4201,0.92315
0.70686,0.23232,0.30734,0.59323,1.6974,-5.4217,0.92958
0.70785,0.23087,0.30676,0.59291,1.6345,-5.4232,0.93604
0.70884,0.22943,0.30617,0.5926,1.571,-5.4245,0.94253
0.70982,0.22798,0.30559,0.59228,1.507,-5.4257,0.94904
0.7108,0.22654,0.305,0.59196,1.4426,-5.4267,0.95557
0.71178,0.22509,0.30441,0.59164,1.3777,-5.4276,0.96212
0.71276,0.22364,0.30382,0.59132,1.3126,-5.4284,0.96868
0.71373,0.22219,0.30323,0.59099,1.2471,-5.429,0.97526
0.7147,0.22075,0.30264,0.59066,1.1814,-5.4295,0.98185
0.71567,0.2193,0.30205,0.59033,1.1156,-5.4298,0.98844
0.71664,0.21785,0.30146,0.59,1.0496,-5.43,0.99504
0.7176,0.21639,0.30086,0.58967,0.98363,-5.43,1.0016
0.71856,0.21494,0.30027,0.58933,0.91765,-5.4299,1.0082
0.71952,0.21349,0.29967,0.58899,0.85174,-5.4296,1.0148
0.72048,0.21204,0.29907,0.58865,0.78597,-5.4292,1.0214
0.72143,0.21058,0.29847,0.58831,0.72038,-5.4287,1.028
0.72238,0.20913,0.29787,0.58797,0.65506,-5.428,1.0346
0.72333,0.20767,0.29727,0.58762,0.59004,-5.4272,1.0411
0.72427,0.20621,0.29667,0.58727,0.52539,-5.4262,1.0477
0.72522,0.20476,0.29607,0.58692,0.46116,-5.4251,1.0542
0.72616,0.2033,0.29547,0.58657,0.39743,-5.4239,1.0607
0.7271,0.20184,0.29486,0.58621,0.33423,-5.4225,1.0672
0.72803,0.20038,0.29425,0.58586,0.27164,-5.421,1.0736
0.72897,0.19892,0.29365,0.5855,0.20969,-5.4193,1.08
0.7299,0.19746,0.29304,0.58514,0.14846,-5.4175,1.0864
0.73083,0.196,0.29243,0.58477,0.088002,-5.4155,1.0928
0.73175,0.19454,0.29182,0.58441,0.028359,-5.4134,1.0991
0.73268,0.19307,0.29121,0.58404,-0.030409,-5.4112,1.1054
0.7336,0.19161,0.2906,0.58367,-0.08825,-5.4088,1.1116
0.73451,0.19015,0.28998,0.5833,-0.14511,-5.4063,1.1178
0.73543,0.18868,0.28937,0.58293,-0.20094,-5.4036,1.1239
0.73634,0.18722,0.28876,0.58255,-0.25569,-5.4008,1.13
0.73725,0.18575,0.28814,0.58218,-0.30931,-5.3978,1.1361
0.73816,0.18428,0.28752,0.5818,-0.36175,-5.3948,1.142
0.73907,0.18282,0.2869,0.58142,-0.41297,-5.3915,1.148
0.73997,0.18135,0.28629,0.58103,-0.46292,-5.3882,1.1538
0.74087,0.17988,0.28567,0.58065,-0.51154,-5.3847,1.1596
0.74177,0.17841,0.28504,0.58026,-0.55881,-5.381,1.1654
0.74266,0.17694,0.28442,0.57987,-0.60468,-5.3772,1.1711
0.74355,0.17547,0.2838,0.57948,-0.6491,-5.3733,1.1767
0.74444,0.174,0.28317,0.57909,-0.69203,-5.3693,1.1822
0.74533,0.17253,0.28255,0.57869,-0.73345,-5.3651,1.1877
0.74621,0.17105,0.28192,0.57829,-0.7733,-5.3608,1.1931
0.7471,0.16958,0.2813,0.57789,-0.81156,-5.3563,1.1984
0.74797,0.16811,0.28067,0.57749,-0.84819,-5.3517,1.2036
0.74885,0.16663,0.28004,0.57709,-0.88315,-5.347,1.2088
0.74973,0.16516,0.27941,0.57668,-0.91643,-5.3421,1.2138
0.7506,0.16368,0.27878,0.57628,-0.94797,-5.3371,1.2188
0.75147,0.16221,0.27815,0.57587,-0.97776,-5.3319,1.2237
0.75233,0.16073,0.27751,0.57546,-1.0058,-5.3267,1.2285
0.75319,0.15925,0.27688,0.57504,-1.032,-5.3213,1.2332
0.75406,0.15778,0.27625,0.57463,-1.0564,-5.3157,1.2379
0.75491,0.1563,0.27561,0.57421,-1.0789,-5.3101,1.2424
0.75577,0.15482,0.27497,0.57379,-1.0995,-5.3043,1.2468
0.75662,0.15334,0.27433,0.57337,-1.1183,-5.2983,1.2512
0.75747,0.15186,0.2737,0.57294,-1.1352,-5.2923,1.2554
0.75832,0.15038,0.27306,0.57252,-1.1501,-5.2861,1.2595
0.75916,0.1489,0.27242,0.57209,-1.1631,-5.2798,1.2635
0.76001,0.14742,0.27177,0.57166,-1.1742,-5.2733,1.2675
0.76085,0.14594,0.27113,0.57123,-1.1833,-5.2668,1.2713
0.76168,0.14445,0.27049,0.5708,-1.1904,-5.2601,1.275
0.76252,0.14297,0.26984,0.57036,-1.1956,-5.2532,1.2786
0.76335,0.14149,0.2692,0.56992,-1.1988,-5.2463,1.282
0.76418,0.14,0.26855,0.56948,-1.2,-5.2392,1.2854
0.765,0.13852,0.2679,0.56904,-1.1992,-5.232,1.2887
0.76583,0.13703,0.26726,0.5686,-1.1965,-5.2247,1.2918
0.76665,0.13555,0.26661,0.56815,-1.1917,-5.2173,1.2948
0.76747,0.13406,0.26596,0.5677,-1.1851,-5.2097,1.2977
0.76828,0.13258,0.26531,0.56725,-1.1764,-5.202,1.3005
0.7691,0.13109,0.26465,0.5668,-1.1658,-5.1942,1.3032
0.76991,0.1296,0.264,0.56635,-1.1532,-5.1863,1.3057
0.77071,0.12812,0.26335,0.56589,-1.1387,-5.1782,1.3082
0.77152,0.12663,0.26269,0.56544,-1.1223,-5.1701,1.3105
0.77232,0.12514,0.26204,0.56498,-1.1039,-5.1618,1.3126
0.77312,0.12365,0.26138,0.56452,-1.0837,-5.1534,1.3147
0.77392,0.12216,0.26072,0.56405,-1.0616,-5.1449,1.3166
0.77471,0.12067,0.26007,0.56359,-1.0376,-5.1362,1.3184
0.7755,0.11918,0.25941,0.56312,-1.0118,-5.1275,1.3201
0.77629,0.11769,0.25875,0.56265,-0.98418,-5.1187,1.3216
0.77708,0.1162,0.25808,0.56218,-0.95479,-5.1097,1.323
0.77786,0.11471,0.25742,0.56171,-0.92363,-5.1006,1.3243
0.77864,0.11321,0.25676,0.56123,-0.89074,-5.0914,1.3255
0.77942,0.11172,0.2561,0.56075,-0.85615,-5.0821,1.3265
0.78019,0.11023,0.25543,0.56027,-0.81989,-5.0727,1.3274
0.78096,0.10874,0.25477,0.55979,-0.782,-5.0632,1.3282
0.78173,0.10724,0.2541,0.55931,-0.7425,-5.0536,1.3288
0.7825,0.10575,0.25343,0.55882,-0.70143,-5.0439,1.3293
0.78326,0.10426,0.25276,0.55834,-0.65883,-5.0341,1.3297
0.78402,0.10276,0.25209,0.55785,-0.61474,-5.0241,1.3299
0.78478,0.10127,0.25142,0.55736,-0.56919,-5.0141,1.33
0.78554,0.099771,0.25075,0.55686,-0.52223,-5.004,1.33
0.78629,0.098275,0.25008,0.55637,-0.4739,-4.9937,1.3298
0.78704,0.096779,0.24941,0.55587,-0.42425,-4.9834,1.3295
0.78779,0.095283,0.24874,0.55537,-0.37331,-4.973,1.3291
0.78853,0.093786,0.24806,0.55487,-0.32114,-4.9625,1.3285
0.78928,0.092289,0.24739,0.55437,-0.26778,-4.9518,1.3279
0.79001,0.090792,0.24671,0.55387,-0.21328,-4.9411,1.327
0.79075,0.089294,0.24603,0.55336,-0.15769,-4.9303,1.3261
0.79148,0.087796,0.24536,0.55285,-0.10105,-4.9194,1.325
0.79222,0.086298,0.24468,0.55234,-0.043424,-4.9084,1.3238
0.79294,0.084799,0.244,0.55183,0.015141,-4.8973,1.3225
0.79367,0.083301,0.24332,0.55131,0.074593,-4.8861,1.321
0.79439,0.081801,0.24264,0.5508,0.13488,-4.8749,1.3194
0.79511,0.080302,0.24195,0.55028,0.19594,-4.8635,1.3177
0.79583,0.078802,0.24127,0.54976,0.25773,-4.8521,1.3158
0.79654,0.077302,0.24059,0.54924,0.32018,-4.8405,1.3138
0.79725,0.075802,0.2399,0.54871,0.38325,-4.8289,1.3117
0.79796,0.074302,0.23922,0.54819,0.44687,-4.8172,1.3095
0.79867,0.072801,0.23853,0.54766,0.51099,-4.8054,1.3072
0.79937,0.0713,0.23784,0.54713,0.57555,-4.7936,1.3047
0.80007,0.069799,0.23715,0.5466,0.64049,-4.7817,1.3021
0.80077,0.068297,0.23647,0.54607,0.70575,-4.7696,1.2994
0.80146,0.066795,0.23578,0.54553,0.77128,-4.7576,1.2965
0.80216,0.065293,0.23509,0.54499,0.83702,-4.7454,1.2936
0.80284,0.063791,0.23439,0.54445,0.9029,-4.7331,1.2905
0.80353,0.062289,0.2337,0.54391,0.96887,-4.7208,1.2873
0.80421,0.060786,0.23301,0.54337,1.0349,-4.7084,1.284
0.80489,0.059283,0.23232,0.54283,1.1008,-4.696,1.2806
0.80557,0.05778,0.23162,0.54228,1.1667,-4.6835,1.2771
0.80625,0.056277,0.23093,0.54173,1.2324,-4.6709,1.2734
0.80692,0.054773,0.23023,0.54118,1.298,-4.6582,1.2697
0.80759,0.05327,0.22953,0.54063,1.3632,-4.6455,1.2658
0.80826,0.051766,0.22883,0.54007,1.4281,-4.6327,1.2619
0.80892,0.050262,0.22814,0.53952,1.4927,-4.6198,1.2578
0.80958,0.048757,0.22744,0.53896,1.5567,-4.6069,1.2536
0.81024,0.047253,0.22674,0.5384,1.6203,-4.5939,1.2494
0.81089,0.045749,0.22604,0.53784,1.6834,-4.5809,1.245
0.81155,0.044244,0.22533,0.53727,1.7458,-4.5678,1.2405
0.81219,0.042739,0.22463,0.53671,1.8075,-4.5546,1.236
0.81284,0.041234,0.22393,0.53614,1.8686,-4.5414,1.2313
0.81349,0.039729,0.22322,0.53557,1.9288,-4.5282,1.2265
0.81413,0.038224,0.22252,0.535,1.9882,-4.5149,1.2217
0.81476,0.036718,0.22181,0.53442,2.0467,-4.5015,1.2168
0.8154,0.035213,0.22111,0.53385,2.1043,-4.4881,1.2117
0.81603,0.033707,0.2204,0.53327,2.1609,-4.4746,1.2066
0.81666,0.032201,0.21969,0.53269,2.2164,-4.4611,1.2014
0.81729,0.030695,0.21898,0.53211,2.2708,-4.4475,1.1962
0.81791,0.029189,0.21827,0.53153,2.3241,-4.4339,1.1908
0.81853,0.027683,0.21756,0.53095,2.3762,-4.4203,1.1854
0.81915,0.026177,0.21685,0.53036,2.4271,-4.4066,1.1799
0.81977,0.02467,0.21614,0.52977,2.4767,-4.3929,1.1743
0.82038,0.023164,0.21543,0.52918,2.5249,-4.3791,1.1687
0.82099,0.021658,0.21471,0.52859,2.5718,-4.3653,1.163
0.82159,0.020151,0.214,0.528,2.6173,-4.3515,1.1572
0.8222,0.018644,0.21329,0.5274,2.6613,-4.3376,1.1514
0.8228,0.017138,0.21257,0.5268,2.7038,-4.3237,1.1455
0.8234,0.015631,0.21185,0.5262,2.7448,-4.3097,1.1396
0.82399,0.014124,0.21114,0.5256,2.7842,-4.2957,1.1335
0.82458,0.012617,0.21042,0.525,2.822,-4.2817,1.1275
0.82517,0.01111,0.2097,0.5244,2.8582,-4.2677,1.1214
0.82576,0.0096035,0.20898,0.52379,2.8927,-4.2536,1.1152
0.82634,0.0080965,0.20826,0.52318,2.9254,-4.2396,1.109
0.82692,0.0065895,0.20754,0.52257,2.9565,-4.2254,1.1028
0.8275,0.0050825,0.20682,0.52196,2.9858,-4.2113,1.0965
0.82808,0.0035755,0.2061,0.52135,3.0133,-4.1972,1.0901
0.82865,0.0020684,0.20537,0.52073,3.039,-4.183,1.0838
0.82922,0.00056134,0.20465,0.52011,3.0629,-4.1688,1.0774
0.82978,-0.00094572,0.20393,0.51949,3.0849,-4.1546,1.0709
0.83035,-0.0024528,0.2032,0.51887,3.105,-4.1404,1.0645
0.83091,-0.0039598,0.20247,0.51825,3.1232,-4.1261,1.058
0.83146,-0.0054669,0.20175,0.51762,3.1396,-4.1119,1.0515
0.83202,-0.0069739,0.20102,0.517,3.154,-4.0976,1.0449
0.83257,-0.0084809,0.20029,0.51637,3.1664,-4.0833,1.0384
0.83312,-0.0099878,0.19956,0.51574,3.1769,-4.0691,1.0318
0.83367,-0.011495,0.19883,0.51511,3.1855,-4.0548,1.0253
0.83421,-0.013002,0.1981,0.51447,3.1921,-4.0405,1.0187
0.83475,-0.014508,0.19737,0.51384,3.1967,-4.0262,1.0121
0.83528,-0.016015,0.19664,0.5132,3.1993,-4.0119,1.0055
0.83582,-0.017522,0.19591,0.51256,3.2,-3.9976,0.99889
0.83635,-0.019029,0.19518,0.51192,3.1986,-3.9833,0.99229
0.83688,-0.020535,0.19444,0.51128,3.1953,-3.969,0.98569
0.8374,-0.022042,0.19371,0.51063,3.1901,-3.9547,0.9791
0.83793,-0.023548,0.19298,0.50999,3.1828,-3.9404,0.97252
0.83845,-0.025055,0.19224,0.50934,3.1736,-3.9261,0.96595
0.83896,-0.026561,0.1915,0.50869,3.1624,-3.9118,0.95939
0.83948,-0.028067,0.19077,0.50804,3.1493,-3.8976,0.95285
0.83999,-0.029573,0.19003,0.50738,3.1343,-3.8833,0.94633
0.84049,-0.031079,0.18929,0.50673,3.1173,-3.8691,0.93983
0.841,-0.032585,0.18855,0.50607,3.0984,-3.8548,0.93335
0.8415,-0.034091,0.18781,0.50541,3.0777,-3.8406,0.9269
0.842,-0.035597,0.18707,0.50475,3.055,-3.8264,0.92048
0.8425,-0.037102,0.18633,0.50409,3.0305,-3.8122,0.91409
0.84299,-0.038607,0.18559,0.50342,3.0042,-3.7981,0.90773
0.84348,-0.040113,0.18485,0.50276,2.9761,-3.7839,0.90142
0.84397,-0.041618,0.18411,0.50209,2.9462,-3.7698,0.89514
0.84445,-0.043123,0.18336,0.50142,2.9146,-3.7557,0.8889
0.84493,-0.044628,0.18262,0.50075,2.8812,-3.7416,0.88271
0.84541,-0.046132,0.18187,0.50008,2.8462,-3.7276,0.87656
0.84588,-0.047637,0.18113,0.4994,2.8094,-3.7135,0.87047
0.84636,-0.049141,0.18038,0.49873,2.7711,-3.6995,0.86442
0.84683,-0.050645,0.17964,0.49805,2.7311,-3.6856,0.85843
0.84729,-0.052149,0.17889,0.49737,2.6896,-3.6716,0.8525
0.84776,-0.053653,0.17814,0.49669,2.6466,-3.6577,0.84663
0.84822,-0.055157,0.17739,0.496,2.6021,-3.6439,0.84081
0.84867,-0.05666,0.17664,0.49532,2.5562,-3.63,0.83507
0.84913,-0.058163,0.17589,0.49463,2.5088,-3.6163,0.82938
0.84958,-0.059666,0.17514,0.49394,2.4601,-3.6025,0.82377
0.85003,-0.061169,0.17439,0.49325,2.4101,-3.5888,0.81822
0.85047,-0.062672,0.17364,0.49256,2.3588,-3.5751,0.81275
0.85092,-0.064174,0.17289,0.49187,2.3063,-3.5615,0.80735
0.85136,-0.065676,0.17214,0.49117,2.2526,-3.5479,0.80203
0.85179,-0.067178,0.17138,0.49047,2.1978,-3.5343,0.79679
0.85223,-0.06868,0.17063,0.48978,2.1419,-3.5208,0.79164
0.85266,-0.070181,0.16987,0.48907,2.085,-3.5074,0.78656
0.85308,-0.071683,0.16912,0.48837,2.0271,-3.494,0.78157
0.85351,-0.073184,0.16836,0.48767,1.9683,-3.4806,0.77667
0.85393,-0.074684,0.16761,0.48696,1.9086,-3.4673,0.77185
0.85435,-0.076185,0.16685,0.48626,1.8481,-3.4541,0.76713
0.85476,-0.077685,0.16609,0.48555,1.7868,-3.4409,0.7625
0.85518,-0.079185,0.16534,0.48484,1.7248,-3.4278,0.75796
0.85559,-0.080684,0.16458,0.48412,1.6622,-3.4147,0.75353
0.85599,-0.082184,0.16382,0.48341,1.599,-3.4017,0.74919
0.8564,-0.083683,0.16306,0.48269,1.5352,-3.3887,0.74495
0.8568,-0.085182,0.1623,0.48197,1.471,-3.3758,0.74081
0.8572,-0.08668,0.16154,0.48126,1.4063,-3.363,0.73678
0.85759,-0.088178,0.16077,0.48053,1.3413,-3.3502,0.73285
0.85798,-0.089676,0.16001,0.47981,1.2759,-3.3375,0.72903
0.85837,-0.091174,0.15925,0.47909,1.2103,-3.3249,0.72532
0.85876,-0.092671,0.15849,0.47836,1.1445,-3.3123,0.72172
0.85914,-0.094168,0.15772,0.47763,1.0786,-3.2998,0.71822
0.85952,-0.095664,0.15696,0.4769,1.0126,-3.2874,0.71485
0.8599,-0.097161,0.15619,0.47617,0.94664,-3.275,0.71158
0.86027,-0.098656,0.15543,0.47544,0.88069,-3.2627,0.70843
0.86064,-0.10015,0.15466,0.47471,0.81485,-3.2505,0.7054
0.86101,-0.10165,0.1539,0.47397,0.74918,-3.2384,0.70248
0.86137,-0.10314,0.15313,0.47323,0.68373,-3.2263,0.69969
0.86174,-0.10464,0.15236,0.47249,0.61857,-3.2143,0.69701
0.86209,-0.10613,0.15159,0.47175,0.55375,-3.2024,0.69446
0.86245,-0.10762,0.15083,0.47101,0.48933,-3.1906,0.69203
0.8628,-0.10912,0.15006,0.47027,0.42538,-3.1788,0.68972
0.86315,-0.11061,0.14929,0.46952,0.36194,-3.1672,0.68753
0.8635,-0.1121,0.14852,0.46877,0.29907,-3.1556,0.68547
0.86384,-0.1136,0.14775,0.46802,0.23683,-3.1441,0.68354
0.86418,-0.11509,0.14697,0.46727,0.17528,-3.1327,0.68173
0.86452,-0.11658,0.1462,0.46652,0.11448,-3.1213,0.68005
0.86485,-0.11807,0.14543,0.46576,0.054468,-3.1101,0.6785
0.86519,-0.11956,0.14466,0.46501,-0.0046909,-3.099,0.67707
0.86551,-0.12105,0.14388,0.46425,-0.062946,-3.0879,0.67578
0.86584,-0.12254,0.14311,0.46349,-0.12024,-3.0769,0.67461
0.86616,-0.12403,0.14234,0.46273,-0.17653,-3.0661,0.67358
0.86648,-0.12552,0.14156,0.46197,-0.23177,-3.0553,0.67268
0.8668,-0.12701,0.14079,0.46121,-0.28589,-3.0446,0.6719
0.86711,-0.12849,0.14001,0.46044,-0.33885,-3.034,0.67126
0.86742,-0.12998,0.13923,0.45967,-0.39061,-3.0235,0.67075
0.86773,-0.13147,0.13846,0.4589,-0.44112,-3.0131,0.67037
0.86803,-0.13296,0.13768,0.45813,-0.49034,-3.0028,0.67012
0.86833,-0.13444,0.1369,0.45736,-0.53821,-2.9926,0.67001
0.86863,-0.13593,0.13613,0.45659,-0.58469,-2.9825,0.67003
0.86893,-0.13741,0.13535,0.45581,-0.62975,-2.9725,0.67018
0.86922,-0.1389,0.13457,0.45504,-0.67335,-2.9626,0.67046
0.86951,-0.14038,0.13379,0.45426,-0.71544,-2.9528,0.67087
0.86979,-0.14187,0.13301,0.45348,-0.75598,-2.9431,0.67141
0.87008,-0.14335,0.13223,0.4527,-0.79495,-2.9336,0.67209
0.87036,-0.14483,0.13145,0.45191,-0.83229,-2.9241,0.6729
0.87063,-0.14631,0.13066,0.45113,-0.86799,-2.9147,0.67383
0.87091,-0.1478,0.12988,0.45034,-0.90201,-2.9055,0.6749
0.87118,-0.14928,0.1291,0.44956,-0.93432,-2.8963,0.6761
0.87144,-0.15076,0.12832,0.44877,-0.96489,-2.8873,0.67743
0.87171,-0.15224,0.12753,0.44797,-0.99368,-2.8783,0.67888
0.87197,-0.15372,0.12675,0.44718,-1.0207,-2.8695,0.68047
0.87223,-0.1552,0.12597,0.44639,-1.0459,-2.8608,0.68218
0.87248,-0.15668,0.12518,0.44559,-1.0692,-2.8522,0.68402
0.87274,-0.15815,0.1244,0.4448,-1.0907,-2.8438,0.68599
0.87299,-0.15963,0.12361,0.444,-1.1103,-2.8354,0.68808
0.87323,-0.16111,0.12283,0.4432,-1.128,-2.8272,0.6903
0.87348,-0.16258,0.12204,0.44239,-1.1438,-2.8191,0.69264
0.87372,-0.16406,0.12125,0.44159,-1.1576,-2.811,0.6951
0.87395,-0.16553,0.12047,0.44079,-1.1696,-2.8032,0.69769
0.87419,-0.16701,0.11968,0.43998,-1.1795,-2.7954,0.7004
0.87442,-0.16848,0.11889,0.43917,-1.1875,-2.7878,0.70322
0.87465,-0.16996,0.1181,0.43836,-1.1936,-2.7802,0.70617
0.87487,-0.17143,0.11731,0.43755,-1.1976,-2.7728,0.70923
0.87509,-0.1729,0.11652,0.43674,-1.1997,-2.7655,0.71241
0.87531,-0.17437,0.11573,0.43592,-1.1998,-2.7584,0.7157
0.87553,-0.17584,0.11494,0.43511,-1.1979,-2.7514,0.71911
0.87574,-0.17731,0.11415,0.43429,-1.1941,-2.7444,0.72263
0.87595,-0.17878,0.11336,0.43347,-1.1882,-2.7377,0.72626
0.87616,-0.18025,0.11257,0.43265,-1.1804,-2.731,0.73
0.87636,-0.18172,0.11178,0.43183,-1.1707,-2.7245,0.73385
0.87656,-0.18319,0.11099,0.43101,-1.159,-2.7181,0.73781
0.87676,-0.18466,0.1102,0.43018,-1.1453,-2.7118,0.74187
0.87695,-0.18612,0.1094,0.42936,-1.1297,-2.7057,0.74603
0.87714,-0.18759,0.10861,0.42853,-1.1122,-2.6997,0.75029
0.87733,-0.18906,0.10782,0.4277,-1.0928,-2.6938,0.75466
0.87751,-0.19052,0.10702,0.42687,-1.0715,-2.688,0.75912
0.8777,-0.19198,0.10623,0.42604,-1.0484,-2.6824,0.76368
0.87788,-0.19345,0.10543,0.4252,-1.0234,-2.6769,0.76833
0.87805,-0.19491,0.10464,0.42437,-0.99654,-2.6715,0.77308
0.87822,-0.19637,0.10384,0.42353,-0.96792,-2.6663,0.77792
0.87839,-0.19783,0.10305,0.42269,-0.93754,-2.6612,0.78284
0.87856,-0.19929,0.10225,0.42185,-0.90541,-2.6563,0.78786
0.87872,-0.20075,0.10145,0.42101,-0.87156,-2.6514,0.79295
0.87888,-0.20221,0.10066,0.42017,-0.83603,-2.6467,0.79813
0.87904,-0.20367,0.099859,0.41932,-0.79885,-2.6422,0.8034
0.8792,-0.20513,0.099062,0.41848,-0.76005,-2.6378,0.80874
0.87935,-0.20659,0.098264,0.41763,-0.71967,-2.6335,0.81415
0.87949,-0.20804,0.097466,0.41678,-0.67774,-2.6293,0.81964
0.87964,-0.2095,0.096667,0.41593,-0.6343,-2.6253,0.82521
0.87978,-0.21095,0.095868,0.41508,-0.58938,-2.6215,0.83084
0.87992,-0.21241,0.095069,0.41423,-0.54304,-2.6177,0.83654
0.88006,-0.21386,0.094269,0.41337,-0.49531,-2.6141,0.8423
0.88019,-0.21531,0.093469,0.41252,-0.44623,-2.6107,0.84813
0.88032,-0.21676,0.092669,0.41166,-0.39586,-2.6074,0.85402
0.88045,-0.21822,0.091868,0.4108,-0.34422,-2.6042,0.85997
0.88057,-0.21967,0.091067,0.40994,-0.29138,-2.6012,0.86597
0.88069,-0.22112,0.090266,0.40908,-0.23737,-2.5983,0.87203
0.88081,-0.22256,0.089465,0.40822,-0.18225,-2.5955,0.87814
0.88092,-0.22401,0.088663,0.40735,-0.12607,-2.5929,0.8843
0.88103,-0.22546,0.087861,0.40649,-0.06887,-2.5904,0.8905
0.88114,-0.22691,0.087058,0.40562,-0.010711,-2.5881,0.89675
0.88124,-0.22835,0.086255,0.40475,0.048357,-2.5859,0.90304
0.88135,-0.2298,0.085452,0.40388,0.10828,-2.5838,0.90937
0.88145,-0.23124,0.084649,0.40301,0.16901,-2.5819,0.91573
0.88154,-0.23268,0.083845,0.40214,0.23049,-2.5801,0.92213
0.88163,-0.23413,0.083041,0.40126,0.29265,-2.5785,0.92856
0.88172,-0.23557,0.082237,0.40039,0.35546,-2.577,0.93501
0.88181,-0.23701,0.081432,0.39951,0.41884,-2.5757,0.9415
0.88189,-0.23845,0.080627,0.39863,0.48275,-2.5745,0.948
0.88197,-0.23989,0.079822,0.39775,0.54712,-2.5734,0.95453
0.88205,-0.24133,0.079017,0.39687,0.6119,-2.5725,0.96108
0.88212,-0.24276,0.078211,0.39599,0.67703,-2.5717,0.96764
0.8822,-0.2442,0.077405,0.3951,0.74245,-2.5711,0.97421
0.88226,-0.24564,0.076599,0.39422,0.80811,-2.5706,0.9808
0.88233,-0.24707,0.075793,0.39333,0.87393,-2.5703,0.98739
0.88239,-0.2485,0.074986,0.39244,0.93987,-2.5701,0.99399
0.88245,-0.24994,0.074179,0.39155,1.0059,-2.57,1.0006
0.8825,-0.25137,0.073372,0.39066,1.0718,-2.5701,1.0072
0.88256,-0.2528,0.072564,0.38977,1.1378,-2.5703,1.0138
0.88261,-0.25423,0.071756,0.38888,1.2036,-2.5707,1.0204
0.88265,-0.25566,0.070948,0.38798,1.2692,-2.5712,1.027
0.8827,-0.25709,0.07014,0.38708,1.3346,-2.5719,1.0335
0.88274,-0.25852,0.069331,0.38619,1.3996,-2.5726,1.0401
0.88277,-0.25994,0.068523,0.38529,1.4643,-2.5736,1.0466
0.88281,-0.26137,0.067714,0.38439,1.5286,-2.5747,1.0532
0.88284,-0.2628,0.066904,0.38348,1.5925,-2.5759,1.0597
0.88287,-0.26422,0.066095,0.38258,1.6557,-2.5773,1.0661
0.88289,-0.26564,0.065285,0.38168,1.7184,-2.5788,1.0726
0.88291,-0.26707,0.064475,0.38077,1.7805,-2.5804,1.079
0.88293,-0.26849,0.063665,0.37986,1.8418,-2.5822,1.0854
0.88295,-0.26991,0.062855,0.37895,1.9024,-2.5842,1.0918
0.88296,-0.27133,0.062044,0.37805,1.9622,-2.5862,1.0981
0.88297,-0.27275,0.061233,0.37713,2.0211,-2.5885,1.1044
0.88297,-0.27416,0.060422,0.37622,2.0791,-2.5908,1.1106
0.88298,-0.27558,0.059611,0.37531,2.1361,-2.5933,1.1168
0.88298,-0.277,0.058799,0.37439,2.1921,-2.596,1.1229
0.88297,-0.27841,0.057988,0.37348,2.247,-2.5988,1.129
0.88297,-0.27982,0.057176,0.37256,2.3009,-2.6017,1.1351
0.88296,-0.28124,0.056364,0.37164,2.3535,-2.6047,1.1411
0.88294,-0.28265,0.055551,0.37072,2.4049,-2.6079,1.147
0.88293,-0.28406,0.054739,0.3698,2.455,-2.6113,1.1529
0.88291,-0.28547,0.053926,0.36887,2.5039,-2.6148,1.1587
0.88289,-0.28688,0.053113,0.36795,2.5514,-2.6184,1.1645
0.88286,-0.28828,0.0523,0.36702,2.5975,-2.6221,1.1702
0.88284,-0.28969,0.051487,0.3661,2.6421,-2.626,1.1758
0.88281,-0.2911,0.050674,0.36517,2.6853,-2.6301,1.1813
0.88277,-0.2925,0.04986,0.36424,2.727,-2.6342,1.1868
0.88273,-0.29391,0.049046,0.36331,2.7671,-2.6386,1.1922
0.88269,-0.29531,0.048232,0.36238,2.8056,-2.643,1.1975
0.88265,-0.29671,0.047418,0.36144,2.8425,-2.6476,1.2028
0.8826,-0.29811,0.046604,0.36051,2.8777,-2.6523,1.208
0.88255,-0.29951,0.04579,0.35957,2.9112,-2.6571,1.213
0.8825,-0.30091,0.044975,0.35864,2.9431,-2.6621,1.218
0.88245,-0.30231,0.04416,0.3577,2.9731,-2.6672,1.2229
0.88239,-0.3037,0.043345,0.35676,3.0014,-2.6725,1.2278
0.88233,-0.3051,0.04253,0.35582,3.0279,-2.6779,1.2325
0.88226,-0.30649,0.041715,0.35488,3.0526,-2.6834,1.2371
0.88219,-0.30789,0.0409,0.35393,3.0754,-2.689,1.2417
0.88212,-0.30928,0.040084,0.35299,3.0964,-2.6948,1.2461
0.88205,-0.31067,0.039269,0.35204,3.1155,-2.7007,1.2505
0.88197,-0.31206,0.038453,0.3511,3.1326,-2.7067,1.2547
0.88189,-0.31345,0.037637,0.35015,3.1479,-2.7129,1.2589
0.88181,-0.31483,0.036821,0.3492,3.1612,-2.7192,1.2629
0.88172,-0.31622,0.036005,0.34825,3.1726,-2.7256,1.2668
0.88163,-0.31761,0.035189,0.3473,3.182,-2.7322,1.2707
0.88154,-0.31899,0.034372,0.34634,3.1894,-2.7389,1.2744
0.88144,-0.32037,0.033556,0.34539,3.1949,-2.7457,1.278
0.88134,-0.32176,0.032739,0.34443,3.1984,-2.7526,1.2815
0.88124,-0.32314,0.031922,0.34348,3.1999,-2.7597,1.2849
0.88114,-0.32452,0.031105,0.34252,3.1995,-2.7668,1.2882
0.88103,-0.3259,0.030288,0.34156,3.197,-2.7741,1.2913
0.88092,-0.32727,0.029471,0.3406,3.1926,-2.7816,1.2944
0.8808,-0.32865,0.028654,0.33964,3.1862,-2.7891,1.2973
0.88068,-0.33003,0.027837,0.33868,3.1779,-2.7968,1.3001
0.88056,-0.3314,0.02702,0.33771,3.1676,-2.8046,1.3028
0.88044,-0.33277,0.026202,0.33675,3.1553,-2.8125,1.3053
0.88031,-0.33415,0.025384,0.33578,3.1411,-2.8205,1.3078
0.88018,-0.33552,0.024567,0.33481,3.125,-2.8286,1.3101
0.88005,-0.33689,0.023749,0.33385,3.107,-2.8369,1.3123
0.87992,-0.33825,0.022931,0.33288,3.087,-2.8453,1.3144
0.87978,-0.33962,0.022113,0.33191,3.0652,-2.8538,1.3163
0.87963,-0.34099,0.021295,0.33093,3.0415,-2.8624,1.3181
0.87949,-0.34235,0.020477,0.32996,3.016,-2.8711,1.3198
0.87934,-0.34372,0.019659,0.32899,2.9887,-2.8799,1.3214
0.87919,-0.34508,0.018841,0.32801,2.9596,-2.8889,1.3228
0.87904,-0.34644,0.018023,0.32703,2.9287,-2.8979,1.3241
0.87888,-0.3478,0.017204,0.32606,2.8961,-2.9071,1.3253
0.87872,-0.34916,0.016386,0.32508,2.8618,-2.9164,1.3263
0.87855,-0.35052,0.015568,0.3241,2.8258,-2.9258,1.3273
0.87839,-0.35187,0.014749,0.32312,2.7881,-2.9352,1.328
0.87822,-0.35323,0.01393,0.32213,2.7489,-2.9448,1.3287
0.87805,-0.35458,0.013112,0.32115,2.7081,-2.9546,1.3292
0.87787,-0.35593,0.012293,0.32017,2.6657,-2.9644,1.3296
0.87769,-0.35728,0.011474,0.31918,2.6219,-2.9743,1.3299
0.87751,-0.35863,0.010656,0.31819,2.5765,-2.9843,1.33
0.87732,-0.35998,0.009837,0.3172,2.5298,-2.9944,1.33
0.87714,-0.36133,0.0090182,0.31622,2.4817,-3.0046,1.3298
0.87694,-0.36268,0.0081993,0.31523,2.4322,-3.0149,1.3296
0.87675,-0.36402,0.0073805,0.31423,2.3815,-3.0254,1.3292
0.87655,-0.36537,0.0065616,0.31324,2.3295,-3.0359,1.3286
0.87635,-0.36671,0.0057427,0.31225,2.2764,-3.0465,1.328
0.87615,-0.36805,0.0049237,0.31125,2.222,-3.0572,1.3272
0.87594,-0.36939,0.0041048,0.31026,2.1666,-3.068,1.3262
0.87573,-0.37073,0.0032858,0.30926,2.1101,-3.0789,1.3252
0.87552,-0.37207,0.0024668,0.30826,2.0527,-3.0899,1.324
0.8753,-0.3734,0.0016479,0.30727,1.9942,-3.1009,1.3227
0.87508,-0.37474,0.00082887,0.30627,1.9349,-3.1121,1.3212
0.87486,-0.37607,9.8748e-06,0.30526,1.8748,-3.1233,1.3197
0.87464,-0.3774,-0.00080912,0.30426,1.8138,-3.1347,1.318
0.87441,-0.37873,-0.0016281,0.30326,1.7522,-3.1461,1.3161
0.87418,-0.38006,-0.0024471,0.30225,1.6898,-3.1576,1.3142
0.87394,-0.38139,-0.0032661,0.30125,1.6268,-3.1692,1.3121
0.87371,-0.38272,-0.004085,0.30024,1.5633,-3.1809,1.3099
0.87347,-0.38404,-0.004904,0.29924,1.4993,-3.1927,1.3076
0.87322,-0.38537,-0.0057229,0.29823,1.4348,-3.2045,1.3051
0.87298,-0.38669,-0.0065418,0.29722,1.3699,-3.2164,1.3025
0.87273,-0.38801,-0.0073607,0.29621,1.3047,-3.2284,1.2998
0.87248,-0.38933,-0.0081796,0.2952,1.2392,-3.2405,1.297
0.87222,-0.39065,-0.0089984,0.29418,1.1735,-3.2527,1.2941
0.87196,-0.39197,-0.0098172,0.29317,1.1076,-3.2649,1.291
0.8717,-0.39328,-0.010636,0.29216,1.0416,-3.2772,1.2878
0.87144,-0.3946,-0.011455,0.29114,0.97564,-3.2896,1.2846
0.87117,-0.39591,-0.012273,0.29012,0.90967,-3.302,1.2812
0.8709,-0.39722,-0.013092,0.28911,0.84377,-3.3145,1.2777
0.87062,-0.39853,-0.013911,0.28809,0.77802,-3.3271,1.274
0.87035,-0.39984,-0.014729,0.28707,0.71247,-3.3398,1.2703
0.87007,-0.40115,-0.015548,0.28605,0.64717,-3.3525,1.2665
0.86978,-0.40246,-0.016366,0.28502,0.5822,-3.3653,1.2625
0.8695,-0.40376,-0.017185,0.284,0.51759,-3.3781,1.2585
0.86921,-0.40506,-0.018003,0.28298,0.45343,-3.391,1.2543
0.86892,-0.40637,-0.018821,0.28195,0.38975,-3.404,1.25
0.86862,-0.40767,-0.019639,0.28093,0.32663,-3.417,1.2457
0.86832,-0.40897,-0.020458,0.2799,0.26411,-3.4301,1.2412
0.86802,-0.41026,-0.021276,0.27887,0.20225,-3.4433,1.2367
0.86772,-0.41156,-0.022094,0.27784,0.14111,-3.4565,1.232
0.86741,-0.41285,-0.022912,0.27681,0.080741,-3.4697,1.2273
0.8671,-0.41415,-0.023729,0.27578,0.021202,-3.483,1.2225
0.86679,-0.41544,-0.024547,0.27475,-0.037457,-3.4964,1.2176
0.86647,-0.41673,-0.025365,0.27372,-0.095182,-3.5098,1.2125
0.86615,-0.41802,-0.026182,0.27269,-0.15192,-3.5232,1.2075
0.86583,-0.41931,-0.027,0.27165,-0.20762,-3.5367,1.2023
0.8655,-0.42059,-0.027817,0.27062,-0.26224,-3.5503,1.197
0.86517,-0.42188,-0.028635,0.26958,-0.31572,-3.5639,1.1917
0.86484,-0.42316,-0.029452,0.26854,-0.36802,-3.5775,1.1863
0.86451,-0.42444,-0.030269,0.26751,-0.41908,-3.5912,1.1808
0.86417,-0.42572,-0.031086,0.26647,-0.46887,-3.6049,1.1752
0.86383,-0.427,-0.031903,0.26543,-0.51734,-3.6187,1.1696
0.86349,-0.42828,-0.032719,0.26439,-0.56444,-3.6325,1.1639
0.86314,-0.42955,-0.033536,0.26334,-0.61013,-3.6463,1.1582
0.86279,-0.43083,-0.034353,0.2623,-0.65437,-3.6602,1.1523
0.86244,-0.4321,-0.035169,0.26126,-0.69713,-3.6741,1.1464
0.86208,-0.43337,-0.035985,0.26021,-0.73835,-3.6881,1.1405
0.86172,-0.43464,-0.036801,0.25917,-0.77802,-3.702,1.1345
0.86136,-0.43591,-0.037617,0.25812,-0.81608,-3.716,1.1285
0.861,-0.43718,-0.038433,0.25707,-0.85251,-3.7301,1.1223
0.86063,-0.43844,-0.039249,0.25602,-0.88727,-3.7441,1.1162
0.86026,-0.4397,-0.040065,0.25498,-0.92033,-3.7582,1.11
0.85988,-0.44097,-0.04088,0.25393,-0.95167,-3.7723,1.1037
0.85951,-0.44223,-0.041696,0.25287,-0.98125,-3.7864,1.0975
0.85913,-0.44349,-0.042511,0.25182,-1.009,-3.8006,1.0911
0.85874,-0.44474,-0.043326,0.25077,-1.035,-3.8148,1.0848
0.85836,-0.446,-0.044141,0.24972,-1.0592,-3.8289,1.0784
0.85797,-0.44725,-0.044955,0.24866,-1.0815,-3.8431,1.072
0.85758,-0.44851,-0.04577,0.24761,-1.1019,-3.8574,1.0655
0.85718,-0.44976,-0.046584,0.24655,-1.1205,-3.8716,1.059
0.85678,-0.45101,-0.047399,0.24549,-1.1371,-3.8859,1.0525
0.85638,-0.45225,-0.048213,0.24444,-1.1518,-3.9001,1.046
0.85598,-0.4535,-0.049027,0.24338,-1.1646,-3.9144,1.0394
0.85557,-0.45475,-0.049841,0.24232,-1.1754,-3.9287,1.0329
0.85516,-0.45599,-0.050654,0.24126,-1.1843,-3.9429,1.0263
0.85475,-0.45723,-0.051468,0.24019,-1.1912,-3.9572,1.0197
0.85433,-0.45847,-0.052281,0.23913,-1.1961,-3.9715,1.0131
0.85392,-0.45971,-0.053094,0.23807,-1.199,-3.9858,1.0065
0.85349,-0.46095,-0.053907,0.23701,-1.2,-4.0001,0.99994
0.85307,-0.46218,-0.054719,0.23594,-1.199,-4.0144,0.99334
0.85264,-0.46341,-0.055532,0.23488,-1.196,-4.0287,0.98674
0.85221,-0.46465,-0.056344,0.23381,-1.191,-4.043,0.98015
0.85178,-0.46588,-0.057156,0.23274,-1.1841,-4.0573,0.97357
0.85134,-0.4671,-0.057968,0.23167,-1.1752,-4.0716,0.96699
0.8509,-0.46833,-0.05878,0.23061,-1.1643,-4.0859,0.96043
0.85046,-0.46956,-0.059591,0.22954,-1.1515,-4.1001,0.95389
0.85001,-0.47078,-0.060402,0.22847,-1.1368,-4.1144,0.94737
0.84956,-0.472,-0.061214,0.22739,-1.1201,-4.1287,0.94086
0.84911,-0.47322,-0.062024,0.22632,-1.1016,-4.1429,0.93438
0.84866,-0.47444,-0.062835,0.22525,-1.0811,-4.1571,0.92793
0.8482,-0.47566,-0.063645,0.22418,-1.0588,-4.1713,0.9215
0.84774,-0.47687,-0.064456,0.2231,-1.0346,-4.1855,0.9151
0.84728,-0.47809,-0.065266,0.22203,-1.0085,-4.1997,0.90874
0.84681,-0.4793,-0.066075,0.22095,-0.98072,-4.2138,0.90242
0.84634,-0.48051,-0.066885,0.21987,-0.95111,-4.228,0.89614
0.84587,-0.48172,-0.067694,0.2188,-0.91974,-4.2421,0.88989
0.84539,-0.48293,-0.068503,0.21772,-0.88665,-4.2561,0.88369
0.84491,-0.48413,-0.069312,0.21664,-0.85186,-4.2702,0.87754
0.84443,-0.48534,-0.07012,0.21556,-0.8154,-4.2842,0.87144
0.84395,-0.48654,-0.070929,0.21448,-0.7773,-4.2982,0.86538
0.84346,-0.48774,-0.071737,0.2134,-0.73761,-4.3122,0.85939
0.84297,-0.48894,-0.072545,0.21232,-0.69636,-4.3261,0.85344
0.84248,-0.49013,-0.073352,0.21123,-0.65357,-4.34,0.84756
0.84198,-0.49133,-0.074159,0.21015,-0.6093,-4.3539,0.84174
0.84148,-0.49252,-0.074966,0.20907,-0.56358,-4.3678,0.83598
0.84098,-0.49371,-0.075773,0.20798,-0.51646,-4.3816,0.83028
0.84048,-0.4949,-0.07658,0.2069,-0.46797,-4.3953,0.82466
0.83997,-0.49609,-0.077386,0.20581,-0.41816,-4.409,0.8191
0.83946,-0.49728,-0.078192,0.20472,-0.36707,-4.4227,0.81362
0.83894,-0.49846,-0.078998,0.20363,-0.31475,-4.4364,0.80821
0.83843,-0.49965,-0.079803,0.20255,-0.26125,-4.45,0.80288
0.83791,-0.50083,-0.080608,0.20146,-0.20661,-4.4635,0.79762
0.83739,-0.50201,-0.081413,0.20037,-0.15089,-4.477,0.79245
0.83686,-0.50319,-0.082217,0.19928,-0.094131,-4.4905,0.78736
0.83633,-0.50436,-0.083022,0.19818,-0.036388,-4.5039,0.78236
0.8358,-0.50554,-0.083826,0.19709,0.022288,-4.5172,0.77744
0.83527,-0.50671,-0.084629,0.196,0.081843,-4.5305,0.77261
0.83473,-0.50788,-0.085433,0.19491,0.14222,-4.5438,0.76787
0.83419,-0.50905,-0.086236,0.19381,0.20338,-4.557,0.76323
0.83365,-0.51021,-0.087039,0.19272,0.26525,-4.5701,0.75868
0.8331,-0.51138,-0.087841,0.19162,0.32778,-4.5832,0.75423
0.83255,-0.51254,-0.088643,0.19053,0.39092,-4.5962,0.74987
0.832,-0.51371,-0.089445,0.18943,0.4546,-4.6092,0.74562
0.83144,-0.51487,-0.090247,0.18833,0.51878,-4.6221,0.74146
0.83089,-0.51602,-0.091048,0.18723,0.58339,-4.635,0.73741
0.83033,-0.51718,-0.091849,0.18613,0.64837,-4.6477,0.73347
0.82976,-0.51833,-0.09265,0.18504,0.71367,-4.6605,0.72963
0.8292,-0.51949,-0.09345,0.18394,0.77923,-4.6731,0.7259
0.82863,-0.52064,-0.09425,0.18283,0.84498,-4.6857,0.72228
0.82806,-0.52179,-0.095049,0.18173,0.91088,-4.6982,0.71877
0.82748,-0.52293,-0.095849,0.18063,0.97685,-4.7107,0.71538
0.8269,-0.52408,-0.096648,0.17953,1.0429,-4.723,0.71209
0.82632,-0.52522,-0.097446,0.17843,1.1088,-4.7353,0.70893
0.82574,-0.52637,-0.098245,0.17732,1.1747,-4.7476,0.70587
0.82515,-0.5275,-0.099043,0.17622,1.2404,-4.7597,0.70294
0.82456,-0.52864,-0.09984,0.17511,1.3059,-4.7718,0.70013
0.82397,-0.52978,-0.10064,0.17401,1.3711,-4.7838,0.69743
0.82338,-0.53091,-0.10143,0.1729,1.4359,-4.7957,0.69486
0.82278,-0.53205,-0.10223,0.17179,1.5004,-4.8075,0.69241
0.82218,-0.53318,-0.10303,0.17069,1.5645,-4.8193,0.69008
0.82157,-0.53431,-0.10382,0.16958,1.628,-4.831,0.68787
0.82097,-0.53543,-0.10462,0.16847,1.691,-4.8426,0.68579
0.82036,-0.53656,-0.10541,0.16736,1.7533,-4.8541,0.68384
0.81974,-0.53768,-0.10621,0.16625,1.815,-4.8655,0.68201
0.81913,-0.5388,-0.107,0.16514,1.8759,-4.8769,0.68031
0.81851,-0.53992,-0.1078,0.16403,1.936,-4.8881,0.67874
0.81789,-0.54104,-0.10859,0.16292,1.9953,-4.8993,0.67729
0.81727,-0.54215,-0.10938,0.1618,2.0537,-4.9103,0.67598
0.81664,-0.54327,-0.11018,0.16069,2.1112,-4.9213,0.67479
0.81601,-0.54438,-0.11097,0.15958,2.1676,-4.9322,0.67374
0.81538,-0.54549,-0.11176,0.15846,2.223,-4.943,0.67281
0.81474,-0.5466,-0.11255,0.15735,2.2773,-4.9537,0.67202
0.8141,-0.5477,-0.11334,0.15623,2.3305,-4.9643,0.67135
0.81346,-0.54881,-0.11413,0.15512,2.3825,-4.9748,0.67082
0.81282,-0.54991,-0.11492,0.154,2.4332,-4.9853,0.67042
0.81217,-0.55101,-0.11571,0.15289,2.4826,-4.9956,0.67015
0.81152,-0.55211,-0.1165,0.15177,2.5307,-5.0058,0.67002
0.81087,-0.55321,-0.11729,0.15065,2.5774,-5.0159,0.67001
0.81021,-0.5543,-0.11808,0.14953,2.6227,-5.0259,0.67014
0.80956,-0.55539,-0.11887,0.14841,2.6665,-5.0358,0.6704
0.8089,-0.55648,-0.11966,0.1473,2.7088,-5.0456,0.67079
0.80823,-0.55757,-0.12045,0.14618,2.7496,-5.0553,0.67132
0.80757,-0.55866,-0.12123,0.14506,2.7888,-5.0649,0.67197
0.8069,-0.55974,-0.12202,0.14393,2.8265,-5.0744,0.67276
0.80622,-0.56083,-0.12281,0.14281,2.8624,-5.0838,0.67368
0.80555,-0.56191,-0.12359,0.14169,2.8967,-5.0931,0.67472
0.80487,-0.56299,-0.12438,0.14057,2.9293,-5.1022,0.6759
0.80419,-0.56406,-0.12516,0.13945,2.9601,-5.1113,0.67721
0.80351,-0.56514,-0.12595,0.13832,2.9892,-5.1202,0.67864
0.80282,-0.56621,-0.12673,0.1372,3.0165,-5.1291,0.68021
0.80213,-0.56728,-0.12752,0.13607,3.042,-5.1378,0.6819
0.80144,-0.56835,-0.1283,0.13495,3.0656,-5.1464,0.68372
0.80074,-0.56942,-0.12908,0.13383,3.0874,-5.1549,0.68567
0.80005,-0.57048,-0.12986,0.1327,3.1073,-5.1633,0.68774
0.79935,-0.57155,-0.13065,0.13157,3.1253,-5.1715,0.68994
0.79864,-0.57261,-0.13143,0.13045,3.1414,-5.1797,0.69226
0.79794,-0.57367,-0.13221,0.12932,3.1556,-5.1877,0.6947
0.79723,-0.57472,-0.13299,0.12819,3.1678,-5.1956,0.69727
0.79652,-0.57578,-0.13377,0.12706,3.1781,-5.2034,0.69996
0.7958,-0.57683,-0.13455,0.12594,3.1864,-5.211,0.70276
0.79509,-0.57788,-0.13533,0.12481,3.1927,-5.2186,0.70569
0.79437,-0.57893,-0.13611,0.12368,3.1971,-5.226,0.70874
0.79364,-0.57998,-0.13688,0.12255,3.1995,-5.2333,0.7119
0.79292,-0.58102,-0.13766,0.12142,3.1999,-5.2405,0.71517
0.79219,-0.58207,-0.13844,0.12029,3.1984,-5.2475,0.71856
0.79146,-0.58311,-0.13922,0.11916,3.1948,-5.2545,0.72206
0.79073,-0.58415,-0.13999,0.11803,3.1893,-5.2613,0.72568
0.78999,-0.58518,-0.14077,0.11689,3.1818,-5.2679,0.7294
0.78925,-0.58622,-0.14154,0.11576,3.1724,-5.2745,0.73323
0.78851,-0.58725,-0.14232,0.11463,3.161,-5.2809,0.73717
0.78776,-0.58828,-0.14309,0.1135,3.1476,-5.2872,0.74121
0.78702,-0.58931,-0.14387,0.11236,3.1323,-5.2934,0.74536
0.78626,-0.59033,-0.14464,0.11123,3.1151,-5.2994,0.74961
0.78551,-0.59136,-0.14541,0.11009,3.096,-5.3053,0.75396
0.78476,-0.59238,-0.14618,0.10896,3.075,-5.3111,0.7584
0.784,-0.5934,-0.14696,0.10782,3.0522,-5.3167,0.76295
0.78324,-0.59442,-0.14773,0.10669,3.0275,-5.3222,0.76759
0.78247,-0.59544,-0.1485,0.10555,3.0009,-5.3276,0.77232
0.78171,-0.59645,-0.14927,0.10442,2.9726,-5.3329,0.77714
0.78094,-0.59746,-0.15004,0.10328,2.9425,-5.338,0.78205
0.78016,-0.59847,-0.15081,0.10214,2.9106,-5.343,0.78705
0.77939,-0.59948,-0.15158,0.10101,2.8771,-5.3478,0.79214
0.77861,-0.60049,-0.15234,0.09987,2.8418,-5.3525,0.7973
0.77783,-0.60149,-0.15311,0.098732,2.8049,-5.3571,0.80255
0.77705,-0.60249,-0.15388,0.097593,2.7663,-5.3615,0.80788
0.77626,-0.60349,-0.15464,0.096455,2.7262,-5.3658,0.81328
0.77547,-0.60449,-0.15541,0.095316,2.6845,-5.37,0.81876
0.77468,-0.60548,-0.15618,0.094177,2.6413,-5.374,0.82431
0.77389,-0.60647,-0.15694,0.093037,2.5966,-5.3779,0.82994
0.77309,-0.60747,-0.15771,0.091897,2.5505,-5.3817,0.83563
0.77229,-0.60845,-0.15847,0.090757,2.503,-5.3853,0.84138
0.77149,-0.60944,-0.15923,0.089617,2.4541,-5.3888,0.8472
0.77068,-0.61043,-0.15999,0.088476,2.404,-5.3921,0.85308
0.76988,-0.61141,-0.16076,0.087335,2.3525,-5.3953,0.85902
0.76907,-0.61239,-0.16152,0.086193,2.2999,-5.3984,0.86501
0.76825,-0.61337,-0.16228,0.085051,2.246,-5.4013,0.87106
0.76744,-0.61434,-0.16304,0.083909,2.1911,-5.4041,0.87716
0.76662,-0.61532,-0.1638,0.082767,2.1351,-5.4067,0.88331
0.7658,-0.61629,-0.16456,0.081624,2.078,-5.4092,0.88951
0.76498,-0.61726,-0.16532,0.080482,2.02,-5.4116,0.89575
0.76415,-0.61822,-0.16608,0.079338,1.9611,-5.4138,0.90203
0.76332,-0.61919,-0.16683,0.078195,1.9013,-5.4159,0.90836
0.76249,-0.62015,-0.16759,0.077051,1.8407,-5.4178,0.91471
0.76165,-0.62111,-0.16835,0.075907,1.7794,-5.4196,0.92111
0.76082,-0.62207,-0.1691,0.074763,1.7173,-5.4212,0.92753
0.75998,-0.62303,-0.16986,0.073618,1.6546,-5.4228,0.93398
0.75913,-0.62398,-0.17061,0.072473,1.5913,-5.4241,0.94046
0.75829,-0.62493,-0.17137,0.071328,1.5275,-5.4253,0.94697
0.75744,-0.62588,-0.17212,0.070183,1.4632,-5.4264,0.95349
0.75659,-0.62683,-0.17287,0.069038,1.3984,-5.4274,0.96003
0.75574,-0.62778,-0.17362,0.067892,1.3334,-5.4282,0.96659
0.75488,-0.62872,-0.17437,0.066746,1.268,-5.4288,0.97316
0.75403,-0.62966,-0.17513,0.065599,1.2024,-5.4293,0.97975
0.75316,-0.6306,-0.17588,0.064453,1.1366,-5.4297,0.98634
0.7523,-0.63154,-0.17663,0.063306,1.0706,-5.4299,0.99294
0.75143,-0.63247,-0.17737,0.062159,1.0046,-5.43,0.99954
0.75057,-0.6334,-0.17812,0.061012,0.93866,-5.4299,1.0061
0.74969,-0.63433,-0.17887,0.059865,0.87272,-5.4297,1.0127
0.74882,-0.63526,-0.17962,0.058717,0.8069,-5.4294,1.0193
0.74794,-0.63619,-0.18036,0.057569,0.74125,-5.4289,1.0259
0.74706,-0.63711,-0.18111,0.056421,0.67583,-5.4283,1.0325
0.74618,-0.63803,-0.18186,0.055273,0.61071,-5.4275,1.039
0.7453,-0.63895,-0.1826,0.054125,0.54594,-5.4266,1.0456
0.74441,-0.63987,-0.18334,0.052976,0.48157,-5.4255,1.0521
0.74352,-0.64078,-0.18409,0.051828,0.41767,-5.4243,1.0586
0.74263,-0.64169,-0.18483,0.050679,0.3543,-5.423,1.0651
0.74173,-0.6426,-0.18557,0.04953,0.29151,-5.4215,1.0716
0.74084,-0.64351,-0.18631,0.04838,0.22935,-5.4198,1.078
0.73994,-0.64442,-0.18706,0.047231,0.16789,-5.4181,1.0844
0.73903,-0.64532,-0.1878,0.046081,0.10717,-5.4161,1.0908
0.73813,-0.64622,-0.18853,0.044931,0.047265,-5.4141,1.0971
0.73722,-0.64712,-0.18927,0.043781,-0.011788,-5.4119,1.1034
0.73631,-0.64802,-0.19001,0.042631,-0.06993,-5.4096,1.1096
0.7354,-0.64891,-0.19075,0.041481,-0.12711,-5.4071,1.1158
0.73448,-0.6498,-0.19149,0.040331,-0.18327,-5.4045,1.122
0.73356,-0.65069,-0.19222,0.03918,-0.23837,-5.4017,1.1281
0.73264,-0.65158,-0.19296,0.03803,-0.29236,-5.3988,1.1341
0.73172,-0.65246,-0.19369,0.036879,-0.34518,-5.3958,1.1401
0.73079,-0.65335,-0.19443,0.035728,-0.39679,-5.3926,1.1461
0.72987,-0.65423,-0.19516,0.034577,-0.44715,-5.3893,1.152
0.72893,-0.65511,-0.19589,0.033426,-0.4962,-5.3858,1.1578
0.728,-0.65598,-0.19663,0.032274,-0.54391,-5.3822,1.1636
0.72706,-0.65685,-0.19736,0.031123,-0.59022,-5.3785,1.1693
0.72613,-0.65773,-0.19809,0.029971,-0.63511,-5.3746,1.1749
0.72519,-0.6586,-0.19882,0.02882,-0.67852,-5.3706,1.1805
0.72424,-0.65946,-0.19955,0.027668,-0.72043,-5.3664,1.1859
0.7233,-0.66033,-0.20028,0.026516,-0.76078,-5.3621,1.1914
0.72235,-0.66119,-0.201,0.025364,-0.79955,-5.3577,1.1967
0.7214,-0.66205,-0.20173,0.024212,-0.8367,-5.3532,1.202
0.72044,-0.66291,-0.20246,0.02306,-0.8722,-5.3485,1.2071
0.71949,-0.66376,-0.20318,0.021908,-0.90601,-5.3436,1.2122
0.71853,-0.66461,-0.20391,0.020756,-0.93811,-5.3387,1.2172
0.71756,-0.66546,-0.20463,0.019604,-0.96847,-5.3336,1.2222
0.7166,-0.66631,-0.20536,0.018451,-0.99705,-5.3284,1.227
0.71563,-0.66716,-0.20608,0.017299,-1.0238,-5.323,1.2318
0.71467,-0.668,-0.2068,0.016146,-1.0488,-5.3175,1.2364
0.71369,-0.66884,-0.20752,0.014994,-1.0719,-5.3119,1.241
0.71272,-0.66968,-0.20824,0.013841,-1.0932,-5.3061,1.2454
0.71174,-0.67052,-0.20896,0.012688,-1.1125,-5.3002,1.2498
0.71077,-0.67135,-0.20968,0.011536,-1.13,-5.2942,1.254
0.70978,-0.67218,-0.2104,0.010383,-1.1456,-5.2881,1.2582
0.7088,-0.67301,-0.21112,0.0092301,-1.1592,-5.2818,1.2623
0.70781,-0.67384,-0.21184,0.0080773,-1.1709,-5.2754,1.2662
0.70683,-0.67466,-0.21255,0.0069245,-1.1806,-5.2689,1.2701
0.70583,-0.67549,-0.21327,0.0057716,-1.1884,-5.2622,1.2738
0.70484,-0.67631,-0.21398,0.0046187,-1.1942,-5.2554,1.2774
0.70384,-0.67712,-0.2147,0.0034658,-1.198,-5.2485,1.281
0.70285,-0.67794,-0.21541,0.0023129,-1.1998,-5.2415,1.2844
0.70184,-0.67875,-0.21612,0.0011599,-1.1997,-5.2343,1.2876
0.70084,-0.67956,-0.21683,7.0206e-06,-1.1976,-5.227,1.2908
0.69983,-0.68037,-0.21755,-0.0011459,-1.1935,-5.2196,1.2939
0.69883,-0.68118,-0.21826,-0.0022988,-1.1874,-5.2121,1.2968
0.69782,-0.68198,-0.21897,-0.0034518,-1.1794,-5.2045,1.2997
0.6968,-0.68278,-0.21967,-0.0046047,-1.1694,-5.1967,1.3024
0.69579,-0.68358,-0.22038,-0.0057575,-1.1574,-5.1888,1.3049
0.69477,-0.68438,-0.22109,-0.0069104,-1.1435,-5.1808,1.3074
0.69375,-0.68517,-0.2218,-0.0080633,-1.1277,-5.1727,1.3097
0.69272,-0.68596,-0.2225,-0.0092161,-1.11,-5.1644,1.312
0.6917,-0.68675,-0.22321,-0.010369,-1.0903,-5.1561,1.314
0.69067,-0.68754,-0.22391,-0.011522,-1.0688,-5.1476,1.316
0.68964,-0.68832,-0.22461,-0.012674,-1.0454,-5.139,1.3178
0.68861,-0.6891,-0.22532,-0.013827,-1.0202,-5.1303,1.3196
0.68757,-0.68988,-0.22602,-0.01498,-0.99317,-5.1215,1.3211
0.68653,-0.69066,-0.22672,-0.016132,-0.96434,-5.1126,1.3226
0.68549,-0.69143,-0.22742,-0.017285,-0.93374,-5.1035,1.3239
0.68445,-0.6922,-0.22812,-0.018437,-0.9014,-5.0944,1.3251
0.68341,-0.69297,-0.22882,-0.019589,-0.86735,-5.0851,1.3262
0.68236,-0.69374,-0.22952,-0.020742,-0.83162,-5.0757,1.3271
0.68131,-0.69451,-0.23021,-0.021894,-0.79424,-5.0663,1.3279
0.68026,-0.69527,-0.23091,-0.023046,-0.75525,-5.0567,1.3286
0.6792,-0.69603,-0.2316,-0.024198,-0.71468,-5.047,1.3291
0.67815,-0.69679,-0.2323,-0.02535,-0.67256,-5.0372,1.3296
0.67709,-0.69754,-0.23299,-0.026502,-0.62894,-5.0273,1.3298
0.67603,-0.69829,-0.23369,-0.027654,-0.58385,-5.0173,1.33
0.67496,-0.69904,-0.23438,-0.028806,-0.53734,-5.0072,1.33
0.6739,-0.69979,-0.23507,-0.029957,-0.48944,-4.997,1.3299
0.67283,-0.70054,-0.23576,-0.031109,-0.44021,-4.9867,1.3296
0.67176,-0.70128,-0.23645,-0.03226,-0.38968,-4.9763,1.3292
0.67068,-0.70202,-0.23714,-0.033412,-0.33789,-4.9658,1.3287
0.66961,-0.70276,-0.23783,-0.034563,-0.2849,-4.9552,1.3281
0.66853,-0.70349,-0.23851,-0.035714,-0.23076,-4.9445,1.3273
0.66745,-0.70423,-0.2392,-0.036865,-0.17551,-4.9337,1.3264
0.66637,-0.70496,-0.23989,-0.038016,-0.1192,-4.9229,1.3254
0.66528,-0.70568,-0.24057,-0.039166,-0.061884,-4.9119,1.3242
0.6642,-0.70641,-0.24125,-0.040317,-0.0036124,-4.9008,1.3229
0.66311,-0.70713,-0.24194,-0.041467,0.055563,-4.8897,1.3215
0.66201,-0.70785,-0.24262,-0.042617,0.11559,-4.8785,1.3199
0.66092,-0.70857,-0.2433,-0.043767,0.17641,-4.8671,1.3182
0.65982,-0.70929,-0.24398,-0.044917,0.23797,-4.8557,1.3164
0.65872,-0.71,-0.24466,-0.046067,0.30022,-4.8442,1.3145
0.65762,-0.71071,-0.24534,-0.047217,0.3631,-4.8326,1.3124
0.65652,-0.71142,-0.24602,-0.048366,0.42655,-4.821,1.3102
0.65541,-0.71213,-0.24669,-0.049516,0.49051,-4.8092,1.3079
0.65431,-0.71283,-0.24737,-0.050665,0.55494,-4.7974,1.3055
0.6532,-0.71353,-0.24805,-0.051814,0.61977,-4.7855,1.3029
0.65208,-0.71423,-0.24872,-0.052962,0.68493,-4.7735,1.3003
0.65097,-0.71492,-0.24939,-0.054111,0.75039,-4.7614,1.2975
0.64985,-0.71562,-0.25007,-0.055259,0.81606,-4.7493,1.2945
0.64873,-0.71631,-0.25074,-0.056407,0.8819,-4.7371,1.2915
0.64761,-0.717,-0.25141,-0.057555,0.94785,-4.7248,1.2884
0.64649,-0.71768,-0.25208,-0.058703,1.0138,-4.7124,1.2851
0.64536,-0.71837,-0.25275,-0.059851,1.0798,-4.7,1.2817
0.64423,-0.71905,-0.25342,-0.060998,1.1457,-4.6875,1.2782
0.6431,-0.71972,-0.25408,-0.062145,1.2115,-4.6749,1.2746
0.64197,-0.7204,-0.25475,-0.063292,1.2771,-4.6622,1.2709
0.64083,-0.72107,-0.25542,-0.064439,1.3424,-4.6495,1.2671
0.63969,-0.72174,-0.25608,-0.065586,1.4075,-4.6368,1.2631
0.63855,-0.72241,-0.25674,-0.066732,1.4721,-4.6239,1.2591
0.63741,-0.72308,-0.25741,-0.067878,1.5364,-4.611,1.255
0.63627,-0.72374,-0.25807,-0.069024,1.6001,-4.5981,1.2507
0.63512,-0.7244,-0.25873,-0.070169,1.6634,-4.5851,1.2464
0.63397,-0.72506,-0.25939,-0.071314,1.726,-4.572,1.242
0.63282,-0.72571,-0.26005,-0.07246,1.7879,-4.5588,1.2374
0.63167,-0.72637,-0.26071,-0.073604,1.8492,-4.5457,1.2328
0.63051,-0.72702,-0.26137,-0.074749,1.9097,-4.5324,1.2281
0.62936,-0.72767,-0.26202,-0.075893,1.9694,-4.5191,1.2232
0.6282,-0.72831,-0.26268,-0.077037,2.0282,-4.5058,1.2183
0.62703,-0.72895,-0.26333,-0.078181,2.0861,-4.4924,1.2133
0.62587,-0.72959,-0.26399,-0.079324,2.143,-4.4789,1.2083
0.6247,-0.73023,-0.26464,-0.080468,2.1988,-4.4654,1.2031
0.62353,-0.73087,-0.26529,-0.081611,2.2536,-4.4519,1.1979
0.62236,-0.7315,-0.26594,-0.082753,2.3073,-4.4383,1.1925
0.62119,-0.73213,-0.26659,-0.083896,2.3598,-4.4246,1.1871
0.62002,-0.73276,-0.26724,-0.085038,2.411,-4.411,1.1817
0.61884,-0.73338,-0.26789,-0.086179,2.461,-4.3973,1.1761
0.61766,-0.734,-0.26854,-0.087321,2.5097,-4.3835,1.1705
0.61648,-0.73462,-0.26918,-0.088462,2.557,-4.3697,1.1648
0.61529,-0.73524,-0.26983,-0.089603,2.6029,-4.3559,1.1591
0.61411,-0.73585,-0.27047,-0.090743,2.6474,-4.342,1.1533
0.61292,-0.73647,-0.27112,-0.091883,2.6904,-4.3281,1.1474
0.61173,-0.73708,-0.27176,-0.093023,2.7319,-4.3142,1.1415
0.61054,-0.73768,-0.2724,-0.094163,2.7718,-4.3002,1.1355
0.60934,-0.73829,-0.27304,-0.095302,2.8101,-4.2862,1.1294
0.60815,-0.73889,-0.27368,-0.096441,2.8468,-4.2722,1.1233
0.60695,-0.73949,-0.27432,-0.09758,2.8818,-4.2581,1.1172
0.60575,-0.74008,-0.27496,-0.098718,2.9152,-4.244,1.111
0.60454,-0.74068,-0.27559,-0.099856,2.9468,-4.2299,1.1047
0.60334,-0.74127,-0.27623,-0.10099,2.9767,-4.2158,1.0985
0.60213,-0.74186,-0.27686,-0.10213,3.0047,-4.2017,1.0921
0.60092,-0.74244,-0.2775,-0.10327,3.031,-4.1875,1.0858
0.59971,-0.74303,-0.27813,-0.1044,3.0555,-4.1733,1.0794
0.5985,-0.74361,-0.27876,-0.10554,3.0781,-4.1591,1.073
0.59728,-0.74419,-0.27939,-0.10668,3.0988,-4.1449,1.0665
0.59607,-0.74476,-0.28002,-0.10781,3.1176,-4.1307,1.0601
0.59485,-0.74533,-0.28065,-0.10895,3.1346,-4.1164,1.0536
0.59362,-0.7459,-0.28128,-0.11008,3.1496,-4.1022,1.047
0.5924,-0.74647,-0.28191,-0.11121,3.1627,-4.0879,1.0405
0.59117,-0.74704,-0.28253,-0.11235,3.1738,-4.0736,1.0339
0.58995,-0.7476,-0.28316,-0.11348,3.183,-4.0593,1.0274
0.58872,-0.74816,-0.28378,-0.11461,3.1902,-4.045,1.0208
0.58748,-0.74872,-0.28441,-0.11575,3.1954,-4.0307,1.0142
0.58625,-0.74927,-0.28503,-0.11688,3.1987,-4.0164,1.0076
0.58501,-0.74982,-0.28565,-0.11801,3.2,-4.0021,1.001
0.58377,-0.75037,-0.28627,-0.11914,3.1993,-3.9878,0.99439
0.58253,-0.75092,-0.28689,-0.12027,3.1966,-3.9735,0.98779
0.58129,-0.75147,-0.28751,-0.1214,3.192,-3.9593,0.9812
0.58005,-0.75201,-0.28812,-0.12253,3.1853,-3.945,0.97462
0.5788,-0.75255,-0.28874,-0.12366,3.1768,-3.9307,0.96804
0.57755,-0.75308,-0.28936,-0.12479,3.1662,-3.9164,0.96148
0.5763,-0.75362,-0.28997,-0.12592,3.1537,-3.9021,0.95493
0.57505,-0.75415,-0.29058,-0.12705,3.1393,-3.8879,0.9484
0.57379,-0.75468,-0.2912,-0.12818,3.1229,-3.8736,0.9419
0.57254,-0.7552,-0.29181,-0.12931,3.1046,-3.8594,0.93541
0.57128,-0.75572,-0.29242,-0.13043,3.0845,-3.8452,0.92895
0.57002,-0.75625,-0.29303,-0.13156,3.0624,-3.8309,0.92252
0.56876,-0.75676,-0.29363,-0.13269,3.0385,-3.8168,0.91612
0.56749,-0.75728,-0.29424,-0.13381,3.0128,-3.8026,0.90976
0.56623,-0.75779,-0.29485,-0.13494,2.9853,-3.7884,0.90343
0.56496,-0.7583,-0.29545,-0.13606,2.9559,-3.7743,0.89713
0.56369,-0.75881,-0.29605,-0.13719,2.9249,-3.7602,0.89088
0.56241,-0.75931,-0.29666,-0.13831,2.892,-3.7461,0.88468
0.56114,-0.75981,-0.29726,-0.13943,2.8575,-3.732,0.87852
0.55986,-0.76031,-0.29786,-0.14056,2.8213,-3.718,0.8724
0.55858,-0.76081,-0.29846,-0.14168,2.7835,-3.704,0.86634
0.5573,-0.7613,-0.29906,-0.1428,2.744,-3.69,0.86034
0.55602,-0.7618,-0.29966,-0.14392,2.703,-3.6761,0.85439
0.55474,-0.76228,-0.30025,-0.14504,2.6605,-3.6622,0.84849
0.55345,-0.76277,-0.30085,-0.14616,2.6165,-3.6483,0.84266
0.55216,-0.76325,-0.30144,-0.14728,2.571,-3.6344,0.83689
0.55087,-0.76373,-0.30204,-0.1484,2.5241,-3.6206,0.83119
0.54958,-0.76421,-0.30263,-0.14952,2.4758,-3.6069,0.82555
0.54829,-0.76469,-0.30322,-0.15064,2.4262,-3.5931,0.81998
0.54699,-0.76516,-0.30381,-0.15176,2.3753,-3.5795,0.81449
0.54569,-0.76563,-0.3044,-0.15287,2.3232,-3.5658,0.80907
0.54439,-0.7661,-0.30499,-0.15399,2.2698,-3.5522,0.80372
0.54309,-0.76656,-0.30557,-0.15511,2.2154,-3.5386,0.79845
0.54179,-0.76702,-0.30616,-0.15622,2.1598,-3.5251,0.79327
0.54048,-0.76748,-0.30674,-0.15734,2.1032,-3.5117,0.78817
0.53918,-0.76794,-0.30733,-0.15845,2.0456,-3.4983,0.78315
0.53787,-0.76839,-0.30791,-0.15956,1.9871,-3.4849,0.77822
0.53656,-0.76884,-0.30849,-0.16068,1.9277,-3.4716,0.77337
0.53524,-0.76929,-0.30907,-0.16179,1.8674,-3.4583,0.76862
0.53393,-0.76974,-0.30965,-0.1629,1.8064,-3.4451,0.76396
0.53261,-0.77018,-0.31023,-0.16401,1.7447,-3.432,0.7594
0.53129,-0.77062,-0.31081,-0.16513,1.6822,-3.4189,0.75493
0.52997,-0.77106,-0.31138,-0.16624,1.6192,-3.4058,0.75056
0.52865,-0.77149,-0.31196,-0.16735,1.5556,-3.3928,0.74629
0.52733,-0.77193,-0.31253,-0.16845,1.4915,-3.3799,0.74212
0.526,-0.77236,-0.31311,-0.16956,1.4269,-3.3671,0.73805
0.52467,-0.77278,-0.31368,-0.17067,1.362,-3.3543,0.73409
0.52334,-0.77321,-0.31425,-0.17178,1.2968,-3.3416,0.73024
0.52201,-0.77363,-0.31482,-0.17289,1.2312,-3.3289,0.72649
0.52068,-0.77405,-0.31539,-0.17399,1.1655,-3.3163,0.72285
0.51935,-0.77446,-0.31595,-0.1751,1.0996,-3.3038,0.71932
0.51801,-0.77488,-0.31652,-0.1762,1.0337,-3.2913,0.71591
0.51667,-0.77529,-0.31709,-0.17731,0.96766,-3.2789,0.71261
0.51533,-0.7757,-0.31765,-0.17841,0.90169,-3.2666,0.70942
0.51399,-0.7761,-0.31821,-0.17952,0.83581,-3.2544,0.70635
0.51264,-0.7765,-0.31878,-0.18062,0.77008,-3.2422,0.7034
0.5113,-0.7769,-0.31934,-0.18172,0.70455,-3.2301,0.70057
0.50995,-0.7773,-0.3199,-0.18282,0.63929,-3.2181,0.69785
0.5086,-0.77769,-0.32045,-0.18392,0.57436,-3.2062,0.69526
0.50725,-0.77809,-0.32101,-0.18502,0.50981,-3.1943,0.69279
0.5059,-0.77847,-0.32157,-0.18612,0.4457,-3.1826,0.69044
0.50454,-0.77886,-0.32212,-0.18722,0.38208,-3.1709,0.68821
0.50318,-0.77924,-0.32268,-0.18832,0.31903,-3.1593,0.68611
0.50183,-0.77962,-0.32323,-0.18942,0.25659,-3.1477,0.68414
0.50047,-0.78,-0.32378,-0.19051,0.19481,-3.1363,0.68229
-0.4991,0.78038,0.32433,0.19161,0.13376,-3.1249,0.68057
-0.49774,0.78075,0.32488,0.1927,0.073493,-3.1137,0.67898
-0.49638,0.78112,0.32543,0.1938,0.014057,-3.1025,0.67751
-0.49501,0.78149,0.32598,0.19489,-0.044491,-3.0914,0.67618
-0.49364,0.78185,0.32652,0.19599,-0.1021,-3.0804,0.67497
-0.49227,0.78221,0.32707,0.19708,-0.15872,-3.0695,0.6739
-0.4909,0.78257,0.32761,0.19817,-0.21429,-3.0587,0.67295
-0.48952,0.78293,0.32815,0.19926,-0.26877,-3.048,0.67213
-0.48815,0.78328,0.3287,0.20035,-0.32211,-3.0374,0.67145
-0.48677,0.78363,0.32924,0.20144,-0.37426,-3.0268,0.6709
-0.48539,0.78398,0.32978,0.20253,-0.42517,-3.0164,0.67048
-0.48401,0.78432,0.33031,0.20362,-0.4748,-3.0061,0.67019
-0.48263,0.78467,0.33085,0.20471,-0.52311,-2.9958,0.67003
-0.48124,0.78501,0.33139,0.2058,-0.57004,-2.9857,0.67001
-0.47986,0.78534,0.33192,0.20688,-0.61556,-2.9757,0.67011
-0.47847,0.78568,0.33245,0.20797,-0.65962,-2.9658,0.67035
-0.47708,0.78601,0.33299,0.20905,-0.7022,-2.9559,0.67072
-0.47569,0.78634,0.33352,0.21014,-0.74324,-2.9462,0.67123
-0.4743,0.78666,0.33405,0.21122,-0.78271,-2.9366,0.67186
-0.4729,0.78699,0.33458,0.2123,-0.82058,-2.9271,0.67262
-0.47151,0.78731,0.3351,0.21338,-0.8568,-2.9177,0.67352
-0.47011,0.78762,0.33563,0.21447,-0.89136,-2.9084,0.67455
-0.46871,0.78794,0.33616,0.21555,-0.92422,-2.8992,0.6757
-0.46731,0.78825,0.33668,0.21663,-0.95534,-2.8901,0.67699
-0.46591,0.78856,0.3372,0.21771,-0.98471,-2.8812,0.67841
-0.4645,0.78887,0.33772,0.21878,-1.0123,-2.8723,0.67995
-0.4631,0.78917,0.33825,0.21986,-1.0381,-2.8636,0.68162
-0.46169,0.78947,0.33876,0.22094,-1.062,-2.855,0.68342
-0.46028,0.78977,0.33928,0.22201,-1.0841,-2.8465,0.68535
-0.45887,0.79007,0.3398,0.22309,-1.1043,-2.8381,0.6874
-0.45746,0.79036,0.34032,0.22416,-1.1226,-2.8298,0.68958
-0.45605,0.79065,0.34083,0.22524,-1.139,-2.8216,0.69188
-0.45463,0.79094,0.34134,0.22631,-1.1534,-2.8136,0.69431
-0.45321,0.79122,0.34186,0.22738,-1.166,-2.8057,0.69685
-0.45179,0.7915,0.34237,0.22845,-1.1766,-2.7979,0.69952
-0.45037,0.79178,0.34288,0.22952,-1.1852,-2.7902,0.70231
-0.44895,0.79206,0.34338,0.23059,-1.1919,-2.7826,0.70522
-0.44753,0.79233,0.34389,0.23166,-1.1965,-2.7752,0.70824
-0.44611,0.7926,0.3444,0.23273,-1.1993,-2.7678,0.71138
-0.44468,0.79287,0.3449,0.2338,-1.2,-2.7607,0.71464
-0.44325,0.79313,0.34541,0.23486,-1.1987,-2.7536,0.71801
-0.44182,0.7934,0.34591,0.23593,-1.1955,-2.7466,0.7215
-0.44039,0.79366,0.34641,0.23699,-1.1903,-2.7398,0.72509
-0.43896,0.79391,0.34691,0.23806,-1.1831,-2.7331,0.7288
-0.43752,0.79417,0.34741,0.23912,-1.174,-2.7265,0.73261
-0.43609,0.79442,0.34791,0.24018,-1.1629,-2.7201,0.73654
-0.43465,0.79467,0.3484,0.24124,-1.1499,-2.7138,0.74056
-0.43321,0.79491,0.3489,0.2423,-1.1349,-2.7076,0.74469
-0.43177,0.79515,0.34939,0.24336,-1.118,-2.7016,0.74893
-0.43033,0.79539,0.34989,0.24442,-1.0992,-2.6956,0.75326
-0.42889,0.79563,0.35038,0.24548,-1.0785,-2.6898,0.75769
-0.42744,0.79587,0.35087,0.24654,-1.0559,-2.6842,0.76222
-0.426,0.7961,0.35136,0.24759,-1.0315,-2.6786,0.76684
-0.42455,0.79633,0.35185,0.24865,-1.0053,-2.6732,0.77156
-0.4231,0.79655,0.35233,0.2497,-0.97723,-2.668,0.77637
-0.42165,0.79678,0.35282,0.25076,-0.94741,-2.6628,0.78127
-0.4202,0.797,0.3533,0.25181,-0.91583,-2.6578,0.78625
-0.41874,0.79721,0.35378,0.25286,-0.88253,-2.653,0.79132
-0.41729,0.79743,0.35427,0.25391,-0.84753,-2.6482,0.79648
-0.41583,0.79764,0.35475,0.25496,-0.81087,-2.6436,0.80171
-0.41437,0.79785,0.35523,0.25601,-0.77259,-2.6392,0.80703
-0.41291,0.79806,0.3557,0.25706,-0.7327,-2.6348,0.81242
-0.41145,0.79826,0.35618,0.25811,-0.69126,-2.6307,0.81789
-0.40999,0.79846,0.35666,0.25915,-0.6483,-2.6266,0.82343
-0.40853,0.79866,0.35713,0.2602,-0.60385,-2.6227,0.82904
-0.40706,0.79886,0.3576,0.26124,-0.55796,-2.6189,0.83472
-0.4056,0.79905,0.35808,0.26229,-0.51066,-2.6153,0.84046
-0.40413,0.79924,0.35855,0.26333,-0.46201,-2.6118,0.84627
-0.40266,0.79943,0.35902,0.26437,-0.41204,-2.6084,0.85214
-0.40119,0.79961,0.35948,0.26541,-0.3608,-2.6052,0.85807
-0.39972,0.79979,0.35995,0.26645,-0.30834,-2.6021,0.86406
-0.39824,0.79997,0.36042,0.26749,-0.2547,-2.5992,0.8701
-0.39677,0.80015,0.36088,0.26853,-0.19993,-2.5964,0.87619
-0.39529,0.80032,0.36134,0.26957,-0.14408,-2.5937,0.88233
-0.39381,0.80049,0.3618,0.2706,-0.087196,-2.5912,0.88852
-0.39233,0.80066,0.36227,0.27164,-0.029338,-2.5888,0.89475
-0.39085,0.80082,0.36272,0.27267,0.029447,-2.5866,0.90103
-0.38937,0.80098,0.36318,0.27371,0.089105,-2.5845,0.90735
-0.38789,0.80114,0.36364,0.27474,0.14958,-2.5825,0.9137
-0.3864,0.8013,0.36409,0.27577,0.21083,-2.5807,0.92009
-0.38492,0.80145,0.36455,0.2768,0.27278,-2.579,0.92651
-0.38343,0.8016,0.365,0.27783,0.33539,-2.5775,0.93295
-0.38194,0.80175,0.36545,0.27886,0.39859,-2.5761,0.93943
-0.38045,0.80189,0.3659,0.27989,0.46234,-2.5748,0.94593
-0.37896,0.80204,0.36635,0.28091,0.52657,-2.5737,0.95245
-0.37747,0.80218,0.3668,0.28194,0.59123,-2.5728,0.95899
-0.37597,0.80231,0.36725,0.28297,0.65625,-2.572,0.96555
-0.37448,0.80245,0.36769,0.28399,0.72159,-2.5713,0.97212
-0.37298,0.80258,0.36814,0.28501,0.78717,-2.5707,0.9787
-0.37148,0.80271,0.36858,0.28603,0.85295,-2.5704,0.98529
-0.36998,0.80283,0.36902,0.28705,0.91886,-2.5701,0.99188
-0.36848,0.80295,0.36946,0.28807,0.98484,-2.57,0.99848
-0.36698,0.80307,0.3699,0.28909,1.0508,-2.57,1.0051
-0.36548,0.80319,0.37034,0.29011,1.1168,-2.5702,1.0117
-0.36397,0.8033,0.37077,0.29113,1.1826,-2.5705,1.0183
-0.36247,0.80342,0.37121,0.29214,1.2483,-2.571,1.0249
-0.36096,0.80352,0.37164,0.29316,1.3138,-2.5716,1.0314
-0.35945,0.80363,0.37207,0.29417,1.3789,-2.5724,1.038
-0.35794,0.80373,0.3725,0.29518,1.4438,-2.5733,1.0445
-0.35643,0.80383,0.37293,0.2962,1.5082,-2.5743,1.0511
-0.35492,0.80393,0.37336,0.29721,1.5722,-2.5755,1.0576
-0.35341,0.80402,0.37379,0.29822,1.6356,-2.5768,1.0641
-0.35189,0.80412,0.37421,0.29922,1.6985,-2.5783,1.0705
-0.35038,0.8042,0.37464,0.30023,1.7608,-2.5799,1.077
-0.34886,0.80429,0.37506,0.30124,1.8224,-2.5816,1.0834
-0.34734,0.80437,0.37548,0.30224,1.8832,-2.5835,1.0897
-0.34582,0.80445,0.3759,0.30325,1.9432,-2.5856,1.0961
-0.3443,0.80453,0.37632,0.30425,2.0024,-2.5877,1.1024
-0.34278,0.80461,0.37674,0.30525,2.0607,-2.5901,1.1086
-0.34126,0.80468,0.37716,0.30625,2.1181,-2.5925,1.1148
-0.33973,0.80475,0.37757,0.30725,2.1744,-2.5951,1.121
-0.33821,0.80481,0.37798,0.30825,2.2297,-2.5979,1.1271
-0.33668,0.80488,0.3784,0.30925,2.2838,-2.6007,1.1332
-0.33515,0.80494,0.37881,0.31025,2.3368,-2.6038,1.1392
-0.33363,0.80499,0.37922,0.31124,2.3887,-2.6069,1.1451
-0.3321,0.80505,0.37963,0.31224,2.4392,-2.6102,1.151
-0.33056,0.8051,0.38003,0.31323,2.4885,-2.6136,1.1569
-0.32903,0.80515,0.38044,0.31422,2.5364,-2.6172,1.1627
-0.3275,0.8052,0.38084,0.31521,2.5829,-2.6209,1.1684
-0.32596,0.80524,0.38125,0.3162,2.6281,-2.6248,1.174
-0.32443,0.80528,0.38165,0.31719,2.6717,-2.6288,1.1796
-0.32289,0.80532,0.38205,0.31818,2.7139,-2.6329,1.1851
-0.32135,0.80536,0.38245,0.31917,2.7545,-2.6372,1.1905
-0.31981,0.80539,0.38285,0.32015,2.7935,-2.6416,1.1959
-0.31827,0.80542,0.38324,0.32114,2.8309,-2.6461,1.2011
-0.31673,0.80544,0.38364,0.32212,2.8667,-2.6508,1.2063
-0.31519,0.80547,0.38403,0.3231,2.9007,-2.6556,1.2114
-0.31365,0.80549,0.38442,0.32408,2.9331,-2.6605,1.2165
-0.3121,0.80551,0.38482,0.32506,2.9637,-2.6656,1.2214
-0.31056,0.80552,0.38521,0.32604,2.9926,-2.6708,1.2262
-0.30901,0.80554,0.38559,0.32702,3.0197,-2.6761,1.231
-0.30746,0.80555,0.38598,0.328,3.0449,-2.6816,1.2357
-0.30591,0.80555,0.38637,0.32897,3.0684,-2.6872,1.2402
-0.30436,0.80556,0.38675,0.32995,3.0899,-2.6929,1.2447
-0.30281,0.80556,0.38713,0.33092,3.1096,-2.6988,1.2491
-0.30126,0.80556,0.38752,0.33189,3.1274,-2.7048,1.2534
-0.2997,0.80555,0.3879,0.33286,3.1432,-2.7109,1.2576
-0.29815,0.80555,0.38828,0.33383,3.1572,-2.7172,1.2616
-0.29659,0.80554,0.38865,0.3348,3.1691,-2.7236,1.2656
-0.29504,0.80552,0.38903,0.33577,3.1792,-2.7301,1.2695
-0.29348,0.80551,0.3894,0.33674,3.1873,-2.7367,1.2732
-0.29192,0.80549,0.38978,0.3377,3.1934,-2.7435,1.2769
-0.29036,0.80547,0.39015,0.33866,3.1975,-2.7504,1.2804
-0.2888,0.80544,0.39052,0.33963,3.1997,-2.7574,1.2838
-0.28724,0.80542,0.39089,0.34059,3.1998,-2.7645,1.2871
-0.28568,0.80539,0.39126,0.34155,3.198,-2.7718,1.2903
-0.28411,0.80536,0.39162,0.34251,3.1943,-2.7792,1.2934
-0.28255,0.80532,0.39199,0.34347,3.1885,-2.7867,1.2964
-0.28098,0.80528,0.39235,0.34442,3.1808,-2.7943,1.2992
-0.27942,0.80524,0.39272,0.34538,3.1711,-2.8021,1.3019
-0.27785,0.8052,0.39308,0.34633,3.1594,-2.8099,1.3045
-0.27628,0.80515,0.39344,0.34729,3.1459,-2.8179,1.307
-0.27471,0.8051,0.3938,0.34824,3.1303,-2.826,1.3094
-0.27314,0.80505,0.39415,0.34919,3.1129,-2.8342,1.3116
-0.27157,0.80499,0.39451,0.35014,3.0936,-2.8426,1.3137
-0.27,0.80494,0.39486,0.35109,3.0724,-2.851,1.3157
-0.26843,0.80488,0.39522,0.35203,3.0493,-2.8596,1.3176
-0.26685,0.80481,0.39557,0.35298,3.0243,-2.8683,1.3193
-0.26528,0.80475,0.39592,0.35392,2.9976,-2.8771,1.3209
-0.2637,0.80468,0.39627,0.35487,2.9691,-2.886,1.3224
-0.26212,0.80461,0.39661,0.35581,2.9387,-2.895,1.3237
-0.26055,0.80453,0.39696,0.35675,2.9067,-2.9042,1.3249
-0.25897,0.80445,0.3973,0.35769,2.8729,-2.9134,1.326
-0.25739,0.80437,0.39765,0.35863,2.8374,-2.9228,1.327
-0.25581,0.80429,0.39799,0.35956,2.8003,-2.9322,1.3278
-0.25422,0.8042,0.39833,0.3605,2.7616,-2.9418,1.3285
-0.25264,0.80411,0.39867,0.36143,2.7212,-2.9514,1.3291
-0.25106,0.80402,0.39901,0.36237,2.6794,-2.9612,1.3295
-0.24947,0.80393,0.39934,0.3633,2.636,-2.9711,1.3298
-0.24789,0.80383,0.39968,0.36423,2.5911,-2.9811,1.33
-0.2463,0.80373,0.40001,0.36516,2.5448,-2.9912,1.33
-0.24472,0.80363,0.40034,0.36609,2.4972,-3.0014,1.3299
-0.24313,0.80352,0.40067,0.36701,2.4481,-3.0116,1.3297
-0.24154,0.80341,0.401,0.36794,2.3978,-3.022,1.3293
-0.23995,0.8033,0.40133,0.36886,2.3462,-3.0325,1.3288
-0.23836,0.80319,0.40166,0.36979,2.2934,-3.0431,1.3282
-0.23677,0.80307,0.40198,0.37071,2.2395,-3.0538,1.3274
-0.23518,0.80295,0.40231,0.37163,2.1844,-3.0645,1.3266
-0.23359,0.80283,0.40263,0.37255,2.1282,-3.0754,1.3255
-0.23199,0.80271,0.40295,0.37346,2.0711,-3.0863,1.3244
-0.2304,0.80258,0.40327,0.37438,2.013,-3.0974,1.3231
-0.2288,0.80245,0.40359,0.3753,1.9539,-3.1085,1.3217
-0.22721,0.80231,0.4039,0.37621,1.894,-3.1198,1.3202
-0.22561,0.80218,0.40422,0.37712,1.8333,-3.1311,1.3185
-0.22401,0.80204,0.40453,0.37803,1.7719,-3.1425,1.3167
-0.22242,0.80189,0.40484,0.37894,1.7097,-3.154,1.3148
-0.22082,0.80175,0.40516,0.37985,1.647,-3.1655,1.3128
-0.21922,0.8016,0.40546,0.38076,1.5836,-3.1772,1.3106
-0.21762,0.80145,0.40577,0.38167,1.5197,-3.1889,1.3083
-0.21601,0.8013,0.40608,0.38257,1.4553,-3.2007,1.3059
-0.21441,0.80114,0.40638,0.38347,1.3906,-3.2126,1.3034
-0.21281,0.80098,0.40669,0.38438,1.3255,-3.2246,1.3007
-0.21121,0.80082,0.40699,0.38528,1.2601,-3.2367,1.2979
-0.2096,0.80066,0.40729,0.38617,1.1944,-3.2488,1.295
-0.208,0.80049,0.40759,0.38707,1.1286,-3.261,1.292
-0.20639,0.80032,0.40789,0.38797,1.0627,-3.2733,1.2889
-0.20478,0.80015,0.40819,0.38886,0.99667,-3.2856,1.2856
-0.20318,0.79997,0.40848,0.38976,0.93068,-3.298,1.2823
-0.20157,0.79979,0.40878,0.39065,0.86475,-3.3105,1.2788
-0.19996,0.79961,0.40907,0.39154,0.79895,-3.3231,1.2752
-0.19835,0.79942,0.40936,0.39243,0.73332,-3.3357,1.2715
-0.19674,0.79924,0.40965,0.39332,0.66794,-3.3484,1.2677
-0.19513,0.79905,0.40994,0.39421,0.60285,-3.3612,1.2638
-0.19352,0.79886,0.41022,0.39509,0.53813,-3.374,1.2598
-0.19191,0.79866,0.41051,0.39598,0.47382,-3.3869,1.2556
-0.19029,0.79846,0.41079,0.39686,0.40998,-3.3999,1.2514
-0.18868,0.79826,0.41107,0.39774,0.34667,-3.4129,1.2471
-0.18707,0.79806,0.41136,0.39862,0.28395,-3.4259,1.2427
-0.18545,0.79785,0.41163,0.3995,0.22188,-3.4391,1.2381
-0.18384,0.79764,0.41191,0.40038,0.1605,-3.4522,1.2335
-0.18222,0.79743,0.41219,0.40125,0.099883,-3.4655,1.2288
-0.1806,0.79721,0.41246,0.40213,0.040074,-3.4788,1.224
-0.17899,0.797,0.41274,0.403,-0.018871,-3.4921,1.2191
-0.17737,0.79678,0.41301,0.40387,-0.076899,-3.5055,1.2141
-0.17575,0.79655,0.41328,0.40474,-0.13396,-3.5189,1.2091
-0.17413,0.79633,0.41355,0.40561,-0.19,-3.5324,1.2039
-0.17251,0.7961,0.41382,0.40648,-0.24496,-3.546,1.1987
-0.17089,0.79587,0.41409,0.40734,-0.29881,-3.5596,1.1934
-0.16927,0.79563,0.41435,0.40821,-0.35149,-3.5732,1.188
-0.16765,0.79539,0.41461,0.40907,-0.40295,-3.5869,1.1826
-0.16603,0.79515,0.41488,0.40993,-0.45315,-3.6006,1.177
-0.1644,0.79491,0.41514,0.41079,-0.50204,-3.6143,1.1714
-0.16278,0.79467,0.4154,0.41165,-0.54958,-3.6281,1.1657
-0.16116,0.79442,0.41565,0.41251,-0.59573,-3.6419,1.16
-0.15953,0.79417,0.41591,0.41336,-0.64044,-3.6558,1.1542
-0.15791,0.79391,0.41616,0.41422,-0.68367,-3.6697,1.1483
-0.15628,0.79366,0.41642,0.41507,-0.72539,-3.6836,1.1424
-0.15466,0.7934,0.41667,0.41592,-0.76556,-3.6976,1.1364
-0.15303,0.79313,0.41692,0.41677,-0.80413,-3.7116,1.1304
-0.1514,0.79287,0.41717,0.41762,-0.84108,-3.7256,1.1243
-0.14977,0.7926,0.41742,0.41847,-0.87638,-3.7396,1.1182
-0.14815,0.79233,0.41766,0.41931,-0.90999,-3.7537,1.112
-0.14652,0.79206,0.41791,0.42016,-0.94188,-3.7678,1.1057
-0.14489,0.79178,0.41815,0.421,-0.97202,-3.7819,1.0995
-0.14326,0.7915,0.41839,0.42184,-1.0004,-3.7961,1.0932
-0.14163,0.79122,0.41863,0.42268,-1.027,-3.8102,1.0868
-0.14,0.79094,0.41887,0.42352,-1.0517,-3.8244,1.0804
-0.13837,0.79065,0.41911,0.42436,-1.0746,-3.8386,1.074
-0.13673,0.79036,0.41934,0.42519,-1.0956,-3.8528,1.0676
-0.1351,0.79007,0.41958,0.42603,-1.1148,-3.8671,1.0611
-0.13347,0.78977,0.41981,0.42686,-1.132,-3.8813,1.0546
-0.13184,0.78947,0.42004,0.42769,-1.1473,-3.8956,1.0481
-0.1302,0.78917,0.42027,0.42852,-1.1607,-3.9098,1.0415
-0.12857,0.78887,0.4205,0.42935,-1.1722,-3.9241,1.035
-0.12693,0.78856,0.42073,0.43017,-1.1816,-3.9384,1.0284
-0.1253,0.78825,0.42095,0.431,-1.1892,-3.9527,1.0218
-0.12366,0.78794,0.42118,0.43182,-1.1947,-3.967,1.0152
-0.12203,0.78762,0.4214,0.43264,-1.1983,-3.9813,1.0086
-0.12039,0.78731,0.42162,0.43346,-1.1999,-3.9956,1.002
-0.11875,0.78699,0.42184,0.43428,-1.1995,-4.0099,0.99544
-0.11712,0.78666,0.42206,0.4351,-1.1972,-4.0242,0.98884
-0.11548,0.78634,0.42228,0.43591,-1.1928,-4.0385,0.98225
-0.11384,0.78601,0.42249,0.43673,-1.1865,-4.0528,0.97566
-0.1122,0.78568,0.42271,0.43754,-1.1783,-4.0671,0.96909
-0.11056,0.78534,0.42292,0.43835,-1.168,-4.0813,0.96252
-0.10893,0.78501,0.42313,0.43916,-1.1558,-4.0956,0.95597
-0.10729,0.78467,0.42334,0.43997,-1.1417,-4.1099,0.94944
-0.10565,0.78432,0.42355,0.44078,-1.1257,-4.1241,0.94293
-0.10401,0.78398,0.42375,0.44158,-1.1077,-4.1384,0.93644
-0.10237,0.78363,0.42396,0.44238,-1.0878,-4.1526,0.92998
-0.10072,0.78328,0.42416,0.44319,-1.0661,-4.1668,0.92354
-0.099084,0.78293,0.42436,0.44399,-1.0425,-4.181,0.91714
-0.097442,0.78257,0.42456,0.44479,-1.017,-4.1952,0.91077
-0.0958,0.78221,0.42476,0.44558,-0.98978,-4.2093,0.90443
-0.094158,0.78185,0.42496,0.44638,-0.96073,-4.2235,0.89813
-0.092515,0.78149,0.42516,0.44717,-0.92992,-4.2376,0.89188
-0.090872,0.78112,0.42535,0.44797,-0.89737,-4.2517,0.88566
-0.089229,0.78075,0.42554,0.44876,-0.86312,-4.2657,0.87949
-0.087585,0.78038,0.42573,0.44955,-0.82719,-4.2798,0.87337
-0.085941,0.78,0.42592,0.45033,-0.78961,-4.2938,0.86731
-0.084297,0.77962,0.42611,0.45112,-0.75043,-4.3077,0.86129
-0.082653,0.77924,0.4263,0.4519,-0.70966,-4.3217,0.85533
-0.081008,0.77886,0.42649,0.45269,-0.66736,-4.3356,0.84943
-0.079363,0.77847,0.42667,0.45347,-0.62356,-4.3495,0.84358
-0.077717,0.77808,0.42685,0.45425,-0.5783,-4.3633,0.8378
-0.076072,0.77769,0.42703,0.45503,-0.53162,-4.3772,0.83209
-0.074426,0.7773,0.42721,0.4558,-0.48356,-4.3909,0.82644
-0.07278,0.7769,0.42739,0.45658,-0.43416,-4.4047,0.82086
-0.071133,0.7765,0.42757,0.45735,-0.38348,-4.4184,0.81536
-0.069487,0.7761,0.42774,0.45812,-0.33154,-4.432,0.80992
-0.06784,0.77569,0.42792,0.4589,-0.27841,-4.4456,0.80457
-0.066193,0.77529,0.42809,0.45966,-0.22413,-4.4592,0.79929
-0.064545,0.77488,0.42826,0.46043,-0.16875,-4.4727,0.79409
-0.062898,0.77446,0.42843,0.4612,-0.11232,-4.4862,0.78897
-0.06125,0.77405,0.42859,0.46196,-0.054884,-4.4996,0.78394
-0.059602,0.77363,0.42876,0.46272,0.0034996,-4.513,0.779
-0.057954,0.77321,0.42893,0.46348,0.06278,-4.5263,0.77414
-0.056305,0.77278,0.42909,0.46424,0.1229,-4.5396,0.76937
-0.054656,0.77236,0.42925,0.465,0.18382,-4.5528,0.7647
-0.053008,0.77193,0.42941,0.46576,0.24547,-4.566,0.76012
-0.051359,0.77149,0.42957,0.46651,0.30779,-4.5791,0.75564
-0.049709,0.77106,0.42973,0.46726,0.37074,-4.5921,0.75125
-0.04806,0.77062,0.42988,0.46801,0.43426,-4.6051,0.74696
-0.046411,0.77018,0.43004,0.46876,0.49829,-4.618,0.74278
-0.044761,0.76974,0.43019,0.46951,0.56276,-4.6309,0.73869
-0.043111,0.76929,0.43034,0.47026,0.62763,-4.6437,0.73472
-0.041461,0.76884,0.43049,0.471,0.69284,-4.6564,0.73084
-0.039811,0.76839,0.43064,0.47174,0.75832,-4.6691,0.72708
-0.038161,0.76794,0.43078,0.47248,0.82402,-4.6817,0.72342
-0.03651,0.76748,0.43093,0.47322,0.88988,-4.6942,0.71988
-0.03486,0.76702,0.43107,0.47396,0.95583,-4.7067,0.71645
-0.033209,0.76656,0.43121,0.4747,1.0218,-4.7191,0.71313
-0.031558,0.7661,0.43135,0.47543,1.0878,-4.7314,0.70992
-0.029907,0.76563,0.43149,0.47616,1.1537,-4.7437,0.70683
-0.028256,0.76516,0.43163,0.4769,1.2195,-4.7558,0.70386
-0.026605,0.76469,0.43177,0.47762,1.285,-4.7679,0.70101
-0.024954,0.76421,0.4319,0.47835,1.3503,-4.78,0.69828
-0.023303,0.76373,0.43203,0.47908,1.4153,-4.7919,0.69566
-0.021651,0.76325,0.43216,0.4798,1.4799,-4.8038,0.69317
-0.02,0.76277,0.43229,0.48053,1.5441,-4.8156,0.6908
-0.018348,0.76228,0.43242,0.48125,1.6078,-4.8273,0.68856
-0.016697,0.76179,0.43255,0.48197,1.671,-4.8389,0.68644
-0.015045,0.7613,0.43268,0.48268,1.7335,-4.8504,0.68445
-0.013393,0.76081,0.4328,0.4834,1.7954,-4.8619,0.68258
-0.011742,0.76031,0.43292,0.48411,1.8566,-4.8733,0.68084
-0.01009,0.75981,0.43304,0.48483,1.917,-4.8845,0.67922
-0.0084382,0.75931,0.43316,0.48554,1.9765,-4.8957,0.67774
-0.0067863,0.75881,0.43328,0.48625,2.0352,-4.9068,0.67638
-0.0051345,0.7583,0.4334,0.48695,2.093,-4.9178,0.67515
-0.0034826,0.75779,0.43351,0.48766,2.1498,-4.9288,0.67406
-0.0018307,0.75728,0.43362,0.48836,2.2055,-4.9396,0.67309
-0.00017882,0.75676,0.43374,0.48907,2.2602,-4.9503,0.67226
0.0014731,0.75624,0.43385,0.48977,2.3137,-4.961,0.67155
0.003125,0.75572,0.43395,0.49047,2.366,-4.9715,0.67098
0.0047768,0.7552,0.43406,0.49116,2.4171,-4.9819,0.67054
0.0064287,0.75467,0.43417,0.49186,2.467,-4.9923,0.67023
0.0080806,0.75415,0.43427,0.49255,2.5155,-5.0025,0.67005
0.0097324,0.75361,0.43437,0.49324,2.5627,-5.0127,0.67
0.011384,0.75308,0.43447,0.49393,2.6084,-5.0227,0.67009
0.013036,0.75254,0.43457,0.49462,2.6527,-5.0327,0.67031
0.014688,0.75201,0.43467,0.49531,2.6955,-5.0425,0.67066
0.016339,0.75146,0.43477,0.496,2.7368,-5.0523,0.67114
0.017991,0.75092,0.43486,0.49668,2.7765,-5.0619,0.67175
0.019642,0.75037,0.43496,0.49736,2.8147,-5.0714,0.67249
0.021294,0.74982,0.43505,0.49804,2.8511,-5.0808,0.67337
0.022945,0.74927,0.43514,0.49872,2.886,-5.0901,0.67438
0.024596,0.74872,0.43523,0.49939,2.9191,-5.0993,0.67551
0.026248,0.74816,0.43532,0.50007,2.9505,-5.1084,0.67678
0.027899,0.7476,0.4354,0.50074,2.9801,-5.1174,0.67817
0.02955,0.74704,0.43549,0.50141,3.008,-5.1263,0.6797
0.031201,0.74647,0.43557,0.50208,3.0341,-5.135,0.68135
0.032852,0.7459,0.43565,0.50275,3.0583,-5.1437,0.68313
0.034502,0.74533,0.43573,0.50342,3.0807,-5.1522,0.68503
0.036153,0.74476,0.43581,0.50408,3.1012,-5.1606,0.68707
0.037803,0.74418,0.43589,0.50474,3.1198,-5.1689,0.68922
0.039454,0.74361,0.43596,0.5054,3.1365,-5.1771,0.69151
0.041104,0.74302,0.43603,0.50606,3.1513,-5.1851,0.69391
0.042754,0.74244,0.43611,0.50672,3.1641,-5.1931,0.69644
0.044404,0.74186,0.43618,0.50737,3.175,-5.2009,0.69909
0.046053,0.74127,0.43625,0.50803,3.1839,-5.2086,0.70186
0.047703,0.74068,0.43631,0.50868,3.1909,-5.2162,0.70475
0.049352,0.74008,0.43638,0.50933,3.1959,-5.2237,0.70775
0.051002,0.73948,0.43644,0.50998,3.199,-5.231,0.71088
0.052651,0.73889,0.43651,0.51062,3.2,-5.2382,0.71412
0.0543,0.73828,0.43657,0.51127,3.1991,-5.2453,0.71747
0.055948,0.73768,0.43663,0.51191,3.1962,-5.2523,0.72094
0.057597,0.73707,0.43669,0.51255,3.1913,-5.2591,0.72451
0.059245,0.73646,0.43674,0.51319,3.1844,-5.2658,0.7282
0.060893,0.73585,0.4368,0.51383,3.1756,-5.2724,0.732
0.062541,0.73524,0.43685,0.51447,3.1648,-5.2789,0.7359
0.064189,0.73462,0.4369,0.5151,3.1521,-5.2852,0.73991
0.065836,0.734,0.43696,0.51573,3.1374,-5.2914,0.74403
0.067483,0.73338,0.437,0.51636,3.1208,-5.2975,0.74824
0.06913,0.73275,0.43705,0.51699,3.1023,-5.3034,0.75256
0.070777,0.73213,0.4371,0.51762,3.0819,-5.3093,0.75698
0.072423,0.7315,0.43714,0.51824,3.0596,-5.3149,0.76149
0.074069,0.73086,0.43719,0.51886,3.0355,-5.3205,0.7661
0.075715,0.73023,0.43723,0.51949,3.0096,-5.3259,0.7708
0.077361,0.72959,0.43727,0.5201,2.9818,-5.3312,0.7756
0.079006,0.72895,0.43731,0.52072,2.9523,-5.3364,0.78048
0.080652,0.72831,0.43734,0.52134,2.921,-5.3414,0.78545
0.082296,0.72766,0.43738,0.52195,2.8879,-5.3463,0.79051
0.083941,0.72702,0.43741,0.52256,2.8532,-5.351,0.79565
0.085585,0.72636,0.43745,0.52317,2.8168,-5.3556,0.80087
0.087229,0.72571,0.43748,0.52378,2.7788,-5.3601,0.80617
0.088873,0.72506,0.43751,0.52439,2.7392,-5.3645,0.81155
0.090516,0.7244,0.43753,0.52499,2.698,-5.3687,0.81701
0.092159,0.72374,0.43756,0.5256,2.6552,-5.3728,0.82254
0.093802,0.72307,0.43758,0.5262,2.611,-5.3767,0.82814
0.095444,0.72241,0.43761,0.5268,2.5654,-5.3805,0.83381
0.097086,0.72174,0.43763,0.52739,2.5183,-5.3842,0.83954
0.098728,0.72107,0.43765,0.52799,2.4698,-5.3877,0.84534
0.10037,0.7204,0.43767,0.52858,2.4201,-5.3911,0.8512
0.10201,0.71972,0.43768,0.52918,2.369,-5.3943,0.85712
0.10365,0.71904,0.4377,0.52977,2.3168,-5.3974,0.8631
0.10529,0.71836,0.43771,0.53035,2.2633,-5.4004,0.86913
0.10693,0.71768,0.43773,0.53094,2.2087,-5.4032,0.87522
0.10857,0.71699,0.43774,0.53152,2.153,-5.4059,0.88135
0.11021,0.71631,0.43775,0.53211,2.0963,-5.4084,0.88753
0.11185,0.71562,0.43775,0.53269,2.0386,-5.4108,0.89376
0.11349,0.71492,0.43776,0.53327,1.98,-5.4131,0.90003
0.11513,0.71423,0.43777,0.53384,1.9205,-5.4152,0.90634
0.11676,0.71353,0.43777,0.53442,1.8601,-5.4172,0.91269
0.1184,0.71283,0.43777,0.53499,1.799,-5.419,0.91907
0.12004,0.71212,0.43777,0.53556,1.7371,-5.4207,0.92548
0.12167,0.71142,0.43777,0.53613,1.6746,-5.4223,0.93193
0.12331,0.71071,0.43777,0.5367,1.6115,-5.4237,0.9384
0.12494,0.71,0.43776,0.53727,1.5478,-5.425,0.94489
0.12658,0.70929,0.43776,0.53783,1.4837,-5.4261,0.95141
0.12821,0.70857,0.43775,0.53839,1.4191,-5.4271,0.95795
0.12985,0.70785,0.43774,0.53895,1.3541,-5.4279,0.9645
0.13148,0.70713,0.43773,0.53951,1.2888,-5.4286,0.97107
0.13312,0.70641,0.43772,0.54007,1.2233,-5.4292,0.97765
0.13475,0.70568,0.4377,0.54062,1.1575,-5.4296,0.98424
0.13638,0.70495,0.43769,0.54117,1.0916,-5.4299,0.99083
0.13801,0.70422,0.43767,0.54172,1.0257,-5.43,0.99743
0.13964,0.70349,0.43765,0.54227,0.95967,-5.43,1.004
0.14127,0.70276,0.43763,0.54282,0.89371,-5.4298,1.0106
0.1429,0.70202,0.43761,0.54336,0.82785,-5.4295,1.0172
0.14453,0.70128,0.43759,0.54391,0.76214,-5.4291,1.0238
0.14616,0.70053,0.43757,0.54445,0.69664,-5.4285,1.0304
0.14779,0.69979,0.43754,0.54499,0.63142,-5.4277,1.037
0.14942,0.69904,0.43751,0.54552,0.56653,-5.4269,1.0435
0.15105,0.69829,0.43748,0.54606,0.50203,-5.4259,1.05
0.15268,0.69754,0.43745,0.54659,0.43797,-5.4247,1.0566
0.1543,0.69678,0.43742,0.54712,0.37443,-5.4234,1.063
0.15593,0.69603,0.43739,0.54765,0.31144,-5.422,1.0695
0.15756,0.69527,0.43735,0.54818,0.24908,-5.4204,1.0759
0.15918,0.6945,0.43732,0.54871,0.18739,-5.4186,1.0824
0.1608,0.69374,0.43728,0.54923,0.12643,-5.4168,1.0887
0.16243,0.69297,0.43724,0.54975,0.066257,-5.4148,1.0951
0.16405,0.6922,0.4372,0.55027,0.006926,-5.4126,1.1014
0.16567,0.69143,0.43716,0.55079,-0.051512,-5.4103,1.1076
0.1673,0.69066,0.43711,0.55131,-0.109,-5.4079,1.1138
0.16892,0.68988,0.43707,0.55182,-0.1655,-5.4053,1.12
0.17054,0.6891,0.43702,0.55233,-0.22094,-5.4026,1.1261
0.17216,0.68832,0.43697,0.55284,-0.27529,-5.3997,1.1322
0.17378,0.68753,0.43692,0.55335,-0.32848,-5.3967,1.1382
0.1754,0.68675,0.43687,0.55386,-0.38049,-5.3936,1.1442
0.17702,0.68596,0.43681,0.55436,-0.43125,-5.3903,1.1501
0.17864,0.68517,0.43676,0.55487,-0.48072,-5.3869,1.156
0.18025,0.68437,0.4367,0.55537,-0.52886,-5.3834,1.1617
0.18187,0.68358,0.43664,0.55587,-0.57562,-5.3797,1.1675
0.18349,0.68278,0.43658,0.55636,-0.62097,-5.3758,1.1731
0.1851,0.68198,0.43652,0.55686,-0.66486,-5.3719,1.1787
0.18672,0.68117,0.43646,0.55735,-0.70724,-5.3678,1.1842
0.18833,0.68037,0.4364,0.55784,-0.7481,-5.3635,1.1896
0.18994,0.67956,0.43633,0.55833,-0.78738,-5.3591,1.195
0.19156,0.67875,0.43626,0.55882,-0.82505,-5.3546,1.2003
0.19317,0.67794,0.4362,0.5593,-0.86107,-5.35,1.2055
0.19478,0.67712,0.43613,0.55979,-0.89543,-5.3452,1.2106
0.19639,0.6763,0.43605,0.56027,-0.92808,-5.3403,1.2157
0.198,0.67548,0.43598,0.56075,-0.95899,-5.3352,1.2206
0.19961,0.67466,0.43591,0.56122,-0.98814,-5.33,1.2255
0.20122,0.67384,0.43583,0.5617,-1.0155,-5.3247,1.2303
0.20283,0.67301,0.43575,0.56217,-1.041,-5.3193,1.2349
0.20444,0.67218,0.43567,0.56264,-1.0648,-5.3137,1.2395
0.20604,0.67135,0.43559,0.56311,-1.0866,-5.308,1.244
0.20765,0.67051,0.43551,0.56358,-1.1066,-5.3021,1.2484
0.20925,0.66968,0.43543,0.56405,-1.1247,-5.2962,1.2527
0.21086,0.66884,0.43534,0.56451,-1.1408,-5.29,1.2569
0.21246,0.668,0.43525,0.56497,-1.1551,-5.2838,1.261
0.21407,0.66716,0.43516,0.56543,-1.1674,-5.2775,1.265
0.21567,0.66631,0.43507,0.56589,-1.1777,-5.271,1.2689
0.21727,0.66546,0.43498,0.56634,-1.1861,-5.2643,1.2726
0.21887,0.66461,0.43489,0.5668,-1.1925,-5.2576,1.2763
0.22047,0.66376,0.4348,0.56725,-1.197,-5.2507,1.2798
0.22207,0.6629,0.4347,0.5677,-1.1994,-5.2437,1.2833
0.22367,0.66205,0.4346,0.56815,-1.1999,-5.2366,1.2866
0.22526,0.66119,0.4345,0.56859,-1.1985,-5.2294,1.2898
0.22686,0.66032,0.4344,0.56904,-1.195,-5.222,1.2929
0.22846,0.65946,0.4343,0.56948,-1.1895,-5.2145,1.2959
0.23005,0.65859,0.4342,0.56992,-1.1821,-5.2069,1.2988
0.23165,0.65772,0.43409,0.57035,-1.1728,-5.1992,1.3015
0.23324,0.65685,0.43398,0.57079,-1.1614,-5.1913,1.3041
0.23483,0.65598,0.43388,0.57122,-1.1482,-5.1834,1.3066
0.23643,0.6551,0.43377,0.57166,-1.1329,-5.1753,1.309
0.23802,0.65422,0.43365,0.57209,-1.1158,-5.1671,1.3113
0.23961,0.65334,0.43354,0.57251,-1.0968,-5.1587,1.3134
0.2412,0.65246,0.43343,0.57294,-1.0759,-5.1503,1.3154
0.24279,0.65158,0.43331,0.57336,-1.0531,-5.1418,1.3173
0.24437,0.65069,0.43319,0.57378,-1.0284,-5.1331,1.319
0.24596,0.6498,0.43308,0.5742,-1.002,-5.1243,1.3207
0.24755,0.64891,0.43296,0.57462,-0.97372,-5.1154,1.3221
0.24913,0.64801,0.43283,0.57504,-0.94368,-5.1064,1.3235
0.25072,0.64712,0.43271,0.57545,-0.91189,-5.0973,1.3248
0.2523,0.64622,0.43258,0.57586,-0.87838,-5.0881,1.3259
0.25388,0.64532,0.43246,0.57627,-0.84319,-5.0787,1.3268
0.25546,0.64441,0.43233,0.57668,-0.80633,-5.0693,1.3277
0.25704,0.64351,0.4322,0.57708,-0.76784,-5.0598,1.3284
0.25862,0.6426,0.43207,0.57749,-0.72777,-5.0501,1.329
0.2602,0.64169,0.43194,0.57789,-0.68614,-5.0403,1.3294
0.26178,0.64078,0.4318,0.57829,-0.643,-5.0305,1.3298
0.26336,0.63986,0.43167,0.57869,-0.59837,-5.0205,1.3299
0.26493,0.63895,0.43153,0.57908,-0.55231,-5.0104,1.33
0.26651,0.63803,0.43139,0.57948,-0.50485,-5.0003,1.3299
0.26808,0.63711,0.43125,0.57987,-0.45603,-4.99,1.3297
0.26966,0.63618,0.43111,0.58026,-0.40591,-4.9796,1.3294
0.27123,0.63526,0.43097,0.58064,-0.35452,-4.9692,1.3289
0.2728,0.63433,0.43082,0.58103,-0.30191,-4.9586,1.3283
0.27437,0.6334,0.43068,0.58141,-0.24813,-4.9479,1.3276
0.27594,0.63247,0.43053,0.58179,-0.19323,-4.9372,1.3267
0.27751,0.63153,0.43038,0.58217,-0.13725,-4.9263,1.3257
0.27908,0.6306,0.43023,0.58255,-0.080248,-4.9154,1.3246
0.28065,0.62966,0.43008,0.58292,-0.022274,-4.9044,1.3233
0.28221,0.62872,0.42992,0.5833,0.036619,-4.8933,1.3219
0.28378,0.62777,0.42977,0.58367,0.096379,-4.882,1.3204
0.28534,0.62683,0.42961,0.58404,0.15695,-4.8707,1.3188
0.2869,0.62588,0.42945,0.5844,0.21828,-4.8594,1.317
0.28846,0.62493,0.42929,0.58477,0.28032,-4.8479,1.3151
0.29003,0.62398,0.42913,0.58513,0.343,-4.8363,1.3131
0.29158,0.62302,0.42897,0.58549,0.40628,-4.8247,1.311
0.29314,0.62207,0.42881,0.58585,0.47009,-4.813,1.3087
0.2947,0.62111,0.42864,0.58621,0.53437,-4.8012,1.3063
0.29626,0.62015,0.42847,0.58656,0.59908,-4.7893,1.3038
0.29781,0.61919,0.4283,0.58692,0.66414,-4.7773,1.3011
0.29937,0.61822,0.42813,0.58727,0.72951,-4.7653,1.2984
0.30092,0.61725,0.42796,0.58762,0.79512,-4.7531,1.2955
0.30247,0.61628,0.42779,0.58796,0.86092,-4.741,1.2925
0.30403,0.61531,0.42762,0.58831,0.92684,-4.7287,1.2894
0.30558,0.61434,0.42744,0.58865,0.99282,-4.7163,1.2861
0.30713,0.61336,0.42726,0.58899,1.0588,-4.7039,1.2828
0.30867,0.61238,0.42708,0.58933,1.1248,-4.6915,1.2793
0.31022,0.6114,0.4269,0.58966,1.1906,-4.6789,1.2758
0.31177,0.61042,0.42672,0.59,1.2562,-4.6663,1.2721
0.31331,0.60944,0.42654,0.59033,1.3217,-4.6536,1.2683
0.31486,0.60845,0.42635,0.59066,1.3868,-4.6408,1.2644
0.3164,0.60746,0.42616,0.59099,1.4516,-4.628,1.2604
0.31794,0.60647,0.42598,0.59131,1.516,-4.6151,1.2563
0.31948,0.60548,0.42579,0.59164,1.5799,-4.6022,1.2521
0.32102,0.60448,0.4256,0.59196,1.6433,-4.5892,1.2478
0.32256,0.60349,0.4254,0.59228,1.7061,-4.5762,1.2434
0.3241,0.60249,0.42521,0.5926,1.7683,-4.563,1.2389
0.32563,0.60149,0.42501,0.59291,1.8298,-4.5499,1.2343
0.32717,0.60048,0.42482,0.59322,1.8905,-4.5366,1.2296
0.3287,0.59948,0.42462,0.59354,1.9505,-4.5234,1.2248
0.33023,0.59847,0.42442,0.59384,2.0095,-4.51,1.2199
0.33176,0.59746,0.42422,0.59415,2.0677,-4.4966,1.2149
0.33329,0.59645,0.42401,0.59446,2.1249,-4.4832,1.2099
0.33482,0.59543,0.42381,0.59476,2.1811,-4.4697,1.2048
0.33635,0.59442,0.4236,0.59506,2.2363,-4.4562,1.1995
0.33788,0.5934,0.4234,0.59536,2.2903,-4.4426,1.1943
0.3394,0.59238,0.42319,0.59566,2.3432,-4.429,1.1889
0.34093,0.59136,0.42298,0.59595,2.3948,-4.4153,1.1834
0.34245,0.59033,0.42276,0.59624,2.4452,-4.4016,1.1779
0.34397,0.58931,0.42255,0.59653,2.4943,-4.3879,1.1723
0.34549,0.58828,0.42234,0.59682,2.5421,-4.3741,1.1666
0.34701,0.58725,0.42212,0.59711,2.5885,-4.3603,1.1609
0.34853,0.58621,0.4219,0.59739,2.6334,-4.3464,1.1551
0.35005,0.58518,0.42168,0.59767,2.6769,-4.3325,1.1493
0.35156,0.58414,0.42146,0.59795,2.7188,-4.3186,1.1434
0.35308,0.5831,0.42124,0.59823,2.7593,-4.3046,1.1374
0.35459,0.58206,0.42102,0.59851,2.7981,-4.2907,1.1314
0.35611,0.58102,0.42079,0.59878,2.8353,-4.2766,1.1253
0.35762,0.57997,0.42056,0.59905,2.8709,-4.2626,1.1191
0.35913,0.57893,0.42034,0.59932,2.9048,-4.2485,1.113
0.36063,0.57788,0.42011,0.59959,2.9369,-4.2344,1.1067
0.36214,0.57683,0.41988,0.59986,2.9673,-4.2203,1.1005
0.36365,0.57577,0.41964,0.60012,2.996,-4.2062,1.0942
0.36515,0.57472,0.41941,0.60038,3.0228,-4.192,1.0878
0.36666,0.57366,0.41917,0.60064,3.0479,-4.1778,1.0814
0.36816,0.5726,0.41894,0.6009,3.0711,-4.1636,1.075
0.36966,0.57154,0.4187,0.60115,3.0924,-4.1494,1.0686
0.37116,0.57048,0.41846,0.6014,3.1118,-4.1352,1.0621
0.37266,0.56941,0.41822,0.60165,3.1294,-4.121,1.0556
0.37415,0.56835,0.41797,0.6019,3.145,-4.1067,1.0491
0.37565,0.56728,0.41773,0.60215,3.1587,-4.0924,1.0426
0.37714,0.56621,0.41748,0.60239,3.1705,-4.0782,1.036
0.37864,0.56513,0.41724,0.60264,3.1803,-4.0639,1.0295
0.38013,0.56406,0.41699,0.60288,3.1881,-4.0496,1.0229
0.38162,0.56298,0.41674,0.60311,3.194,-4.0353,1.0163
0.38311,0.5619,0.41649,0.60335,3.1979,-4.021,1.0097
0.38459,0.56082,0.41623,0.60358,3.1998,-4.0067,1.0031
0.38608,0.55974,0.41598,0.60382,3.1997,-3.9924,0.99649
0.38757,0.55866,0.41572,0.60404,3.1977,-3.9781,0.98989
0.38905,0.55757,0.41547,0.60427,3.1937,-3.9638,0.9833
0.39053,0.55648,0.41521,0.6045,3.1877,-3.9495,0.97671
0.39201,0.55539,0.41495,0.60472,3.1797,-3.9352,0.97013
0.39349,0.5543,0.41469,0.60494,3.1698,-3.9209,0.96357
0.39497,0.5532,0.41442,0.60516,3.1579,-3.9067,0.95702
0.39645,0.55211,0.41416,0.60538,3.1441,-3.8924,0.95048
0.39792,0.55101,0.41389,0.60559,3.1283,-3.8781,0.94397
0.3994,0.54991,0.41362,0.6058,3.1107,-3.8639,0.93747
0.40087,0.5488,0.41336,0.60602,3.0911,-3.8497,0.93101
0.40234,0.5477,0.41309,0.60622,3.0697,-3.8355,0.92457
0.40381,0.54659,0.41281,0.60643,3.0464,-3.8213,0.91816
0.40528,0.54549,0.41254,0.60663,3.0212,-3.8071,0.91178
0.40674,0.54438,0.41227,0.60684,2.9942,-3.7929,0.90544
0.40821,0.54326,0.41199,0.60704,2.9655,-3.7788,0.89913
0.40967,0.54215,0.41171,0.60723,2.9349,-3.7647,0.89287
0.41114,0.54104,0.41143,0.60743,2.9027,-3.7506,0.88665
0.4126,0.53992,0.41115,0.60762,2.8687,-3.7365,0.88047
0.41406,0.5388,0.41087,0.60781,2.833,-3.7225,0.87435
0.41552,0.53768,0.41059,0.608,2.7957,-3.7085,0.86827
0.41697,0.53655,0.4103,0.60819,2.7568,-3.6945,0.86224
0.41843,0.53543,0.41002,0.60838,2.7163,-3.6805,0.85627
0.41988,0.5343,0.40973,0.60856,2.6742,-3.6666,0.85036
0.42133,0.53317,0.40944,0.60874,2.6306,-3.6527,0.84451
0.42279,0.53204,0.40915,0.60892,2.5856,-3.6389,0.83872
0.42424,0.53091,0.40886,0.60909,2.5391,-3.625,0.833
0.42568,0.52978,0.40856,0.60927,2.4913,-3.6113,0.82734
0.42713,0.52864,0.40827,0.60944,2.4421,-3.5975,0.82175
0.42857,0.5275,0.40797,0.60961,2.3916,-3.5838,0.81623
0.43002,0.52636,0.40767,0.60978,2.3399,-3.5702,0.81078
0.43146,0.52522,0.40737,0.60994,2.287,-3.5565,0.80541
0.4329,0.52408,0.40707,0.61011,2.2329,-3.543,0.80012
0.43434,0.52293,0.40677,0.61027,2.1776,-3.5294,0.79491
0.43578,0.52178,0.40647,0.61043,2.1214,-3.516,0.78978
0.43721,0.52063,0.40616,0.61059,2.0641,-3.5025,0.78474
0.43865,0.51948,0.40586,0.61074,2.0059,-3.4891,0.77978
0.44008,0.51833,0.40555,0.61089,1.9467,-3.4758,0.77491
0.44151,0.51718,0.40524,0.61105,1.8867,-3.4625,0.77013
0.44294,0.51602,0.40493,0.61119,1.8259,-3.4493,0.76544
0.44437,0.51486,0.40462,0.61134,1.7644,-3.4361,0.76084
0.4458,0.5137,0.40431,0.61148,1.7022,-3.423,0.75634
0.44722,0.51254,0.40399,0.61163,1.6393,-3.41,0.75194
0.44865,0.51138,0.40367,0.61177,1.5759,-3.397,0.74764
0.45007,0.51021,0.40336,0.61191,1.5119,-3.384,0.74344
0.45149,0.50904,0.40304,0.61204,1.4475,-3.3712,0.73934
0.45291,0.50787,0.40272,0.61217,1.3827,-3.3584,0.73534
0.45432,0.5067,0.4024,0.61231,1.3176,-3.3456,0.73145
0.45574,0.50553,0.40207,0.61244,1.2521,-3.3329,0.72767
0.45715,0.50436,0.40175,0.61256,1.1865,-3.3203,0.724
0.45857,0.50318,0.40142,0.61269,1.1206,-3.3078,0.72044
0.45998,0.502,0.40109,0.61281,1.0547,-3.2953,0.71698
0.46139,0.50082,0.40077,0.61293,0.98868,-3.2829,0.71365
0.46279,0.49964,0.40043,0.61305,0.9227,-3.2705,0.71042
0.4642,0.49846,0.4001,0.61317,0.85678,-3.2583,0.70732
0.4656,0.49727,0.39977,0.61328,0.791,-3.2461,0.70433
0.46701,0.49609,0.39944,0.61339,0.7254,-3.234,0.70146
0.46841,0.4949,0.3991,0.6135,0.66005,-3.2219,0.6987
0.46981,0.49371,0.39876,0.61361,0.595,-3.21,0.69607
0.47121,0.49252,0.39842,0.61372,0.53032,-3.1981,0.69356
0.4726,0.49133,0.39808,0.61382,0.46607,-3.1863,0.69117
0.474,0.49013,0.39774,0.61392,0.40229,-3.1746,0.68891
0.47539,0.48893,0.3974,0.61402,0.33905,-3.1629,0.68677
0.47678,0.48773,0.39706,0.61412,0.27641,-3.1514,0.68476
0.47817,0.48653,0.39671,0.61421,0.21441,-3.1399,0.68287
0.47956,0.48533,0.39636,0.61431,0.15313,-3.1285,0.68111
0.48094,0.48413,0.39601,0.6144,0.092603,-3.1173,0.67947
0.48233,0.48292,0.39566,0.61449,0.032896,-3.106,0.67797
0.48371,0.48172,0.39531,0.61457,-0.025941,-3.0949,0.67659
0.48509,0.48051,0.39496,0.61466,-0.083855,-3.0839,0.67534
0.48647,0.4793,0.39461,0.61474,-0.14079,-3.073,0.67422
0.48785,0.47808,0.39425,0.61482,-0.1967,-3.0621,0.67324
0.48923,0.47687,0.39389,0.6149,-0.25154,-3.0514,0.67238
0.4906,0.47566,0.39354,0.61497,-0.30525,-3.0407,0.67165
0.49197,0.47444,0.39318,0.61505,-0.35778,-3.0302,0.67106
0.49334,0.47322,0.39282,0.61512,-0.40909,-3.0197,0.6706
0.49471,0.472,0.39245,0.61519,-0.45914,-3.0093,0.67027
0.49608,0.47078,0.39209,0.61526,-0.50787,-2.9991,0.67007
0.49745,0.46955,0.39173,0.61532,-0.55524,-2.9889,0.67
0.49881,0.46833,0.39136,0.61538,-0.60122,-2.9789,0.67006
0.50017,0.4671,0.39099,0.61544,-0.64575,-2.9689,0.67026
0.50153,0.46587,0.39062,0.6155,-0.6888,-2.959,0.67059
0.50289,0.46464,0.39025,0.61556,-0.73033,-2.9493,0.67105
0.50425,0.46341,0.38988,0.61561,-0.77031,-2.9396,0.67164
0.5056,0.46218,0.38951,0.61566,-0.80869,-2.9301,0.67237
0.50696,0.46094,0.38913,0.61571,-0.84544,-2.9207,0.67322
0.50831,0.4597,0.38876,0.61576,-0.88054,-2.9113,0.67421
0.50966,0.45847,0.38838,0.61581,-0.91394,-2.9021,0.67532
0.51101,0.45723,0.388,0.61585,-0.94562,-2.893,0.67657
0.51235,0.45598,0.38762,0.61589,-0.97554,-2.884,0.67794
0.5137,0.45474,0.38724,0.61593,-1.0037,-2.8751,0.67945
0.51504,0.4535,0.38686,0.61597,-1.03,-2.8664,0.68108
0.51638,0.45225,0.38647,0.616,-1.0546,-2.8577,0.68284
0.51772,0.451,0.38609,0.61604,-1.0772,-2.8492,0.68472
0.51906,0.44975,0.3857,0.61607,-1.098,-2.8407,0.68673
0.52039,0.4485,0.38531,0.61609,-1.1169,-2.8324,0.68887
0.52172,0.44725,0.38492,0.61612,-1.134,-2.8242,0.69113
0.52306,0.44599,0.38453,0.61614,-1.149,-2.8161,0.69352
0.52439,0.44474,0.38414,0.61617,-1.1622,-2.8082,0.69603
0.52571,0.44348,0.38375,0.61619,-1.1734,-2.8003,0.69866
0.52704,0.44222,0.38335,0.6162,-1.1827,-2.7926,0.70141
0.52837,0.44096,0.38296,0.61622,-1.1899,-2.785,0.70428
0.52969,0.4397,0.38256,0.61623,-1.1953,-2.7775,0.70727
0.53101,0.43844,0.38216,0.61624,-1.1986,-2.7702,0.71037
0.53233,0.43717,0.38176,0.61625,-1.2,-2.7629,0.71359
0.53364,0.43591,0.38136,0.61626,-1.1993,-2.7558,0.71693
0.53496,0.43464,0.38096,0.61626,-1.1968,-2.7488,0.72038
0.53627,0.43337,0.38055,0.61627,-1.1922,-2.742,0.72394
0.53758,0.4321,0.38015,0.61627,-1.1856,-2.7352,0.72761
0.53889,0.43082,0.37974,0.61626,-1.1771,-2.7286,0.73139
0.5402,0.42955,0.37933,0.61626,-1.1666,-2.7221,0.73528
0.54151,0.42827,0.37892,0.61625,-1.1542,-2.7158,0.73927
0.54281,0.427,0.37851,0.61625,-1.1399,-2.7096,0.74337
0.54411,0.42572,0.3781,0.61624,-1.1236,-2.7035,0.74757
0.54541,0.42444,0.37769,0.61622,-1.1054,-2.6975,0.75187
0.54671,0.42316,0.37727,0.61621,-1.0853,-2.6917,0.75627
0.54801,0.42187,0.37685,0.61619,-1.0633,-2.686,0.76077
0.5493,0.42059,0.37644,0.61617,-1.0395,-2.6804,0.76536
0.55059,0.4193,0.37602,0.61615,-1.0138,-2.6749,0.77005
0.55188,0.41801,0.3756,0.61613,-0.98636,-2.6696,0.77483
0.55317,0.41673,0.37518,0.6161,-0.9571,-2.6644,0.7797
0.55446,0.41544,0.37475,0.61607,-0.92608,-2.6594,0.78465
0.55574,0.41414,0.37433,0.61604,-0.89332,-2.6545,0.7897
0.55703,0.41285,0.3739,0.61601,-0.85886,-2.6497,0.79483
0.55831,0.41156,0.37348,0.61598,-0.82273,-2.6451,0.80004
0.55959,0.41026,0.37305,0.61594,-0.78496,-2.6406,0.80533
0.56086,0.40896,0.37262,0.6159,-0.74558,-2.6362,0.81069
0.56214,0.40766,0.37219,0.61586,-0.70463,-2.632,0.81614
0.56341,0.40636,0.37176,0.61582,-0.66214,-2.6279,0.82165
0.56468,0.40506,0.37133,0.61577,-0.61816,-2.6239,0.82724
0.56595,0.40376,0.37089,0.61573,-0.57273,-2.6201,0.8329
0.56722,0.40245,0.37046,0.61568,-0.52588,-2.6164,0.83862
0.56848,0.40115,0.37002,0.61563,-0.47765,-2.6129,0.84441
0.56975,0.39984,0.36958,0.61557,-0.4281,-2.6095,0.85026
0.57101,0.39853,0.36914,0.61552,-0.37726,-2.6062,0.85617
0.57227,0.39722,0.3687,0.61546,-0.32518,-2.6031,0.86214
0.57352,0.39591,0.36826,0.6154,-0.27191,-2.6001,0.86817
0.57478,0.39459,0.36781,0.61534,-0.21749,-2.5972,0.87424
0.57603,0.39328,0.36737,0.61527,-0.16198,-2.5945,0.88037
0.57728,0.39196,0.36692,0.61521,-0.10542,-2.592,0.88654
0.57853,0.39065,0.36648,0.61514,-0.047871,-2.5895,0.89276
0.57978,0.38933,0.36603,0.61507,0.010625,-2.5873,0.89903
0.58102,0.38801,0.36558,0.61499,0.07001,-2.5851,0.90533
0.58227,0.38669,0.36513,0.61492,0.13023,-2.5831,0.91167
0.58351,0.38536,0.36467,0.61484,0.19124,-2.5812,0.91805
0.58474,0.38404,0.36422,0.61476,0.25297,-2.5795,0.92446
0.58598,0.38271,0.36376,0.61468,0.31538,-2.5779,0.9309
0.58722,0.38139,0.36331,0.6146,0.3784,-2.5765,0.93736
0.58845,0.38006,0.36285,0.61451,0.44198,-2.5752,0.94386
0.58968,0.37873,0.36239,0.61442,0.50606,-2.5741,0.95037
0.59091,0.3774,0.36193,0.61433,0.57059,-2.5731,0.95691
0.59213,0.37607,0.36147,0.61424,0.6355,-2.5722,0.96346
0.59336,0.37473,0.36101,0.61415,0.70075,-2.5715,0.97002
0.59458,0.3734,0.36054,0.61405,0.76626,-2.5709,0.9766
0.5958,0.37206,0.36008,0.61395,0.83198,-2.5705,0.98319
0.59702,0.37072,0.35961,0.61385,0.89785,-2.5702,0.98978
0.59824,0.36939,0.35915,0.61375,0.96382,-2.57,0.99638
0.59945,0.36805,0.35868,0.61364,1.0298,-2.57,1.003
0.60066,0.3667,0.35821,0.61353,1.0958,-2.5702,1.0096
0.60187,0.36536,0.35773,0.61342,1.1617,-2.5704,1.0162
0.60308,0.36402,0.35726,0.61331,1.2274,-2.5709,1.0228
0.60428,0.36267,0.35679,0.6132,1.2929,-2.5714,1.0293
0.60549,0.36133,0.35631,0.61308,1.3582,-2.5721,1.0359
0.60669,0.35998,0.35584,0.61296,1.4232,-2.573,1.0425
0.60789,0.35863,0.35536,0.61284,1.4877,-2.574,1.049
0.60908,0.35728,0.35488,0.61272,1.5519,-2.5751,1.0555
0.61028,0.35593,0.3544,0.6126,1.6155,-2.5764,1.062
0.61147,0.35458,0.35392,0.61247,1.6786,-2.5778,1.0685
0.61266,0.35322,0.35344,0.61234,1.741,-2.5794,1.0749
0.61385,0.35187,0.35295,0.61221,1.8028,-2.5811,1.0813
0.61504,0.35051,0.35247,0.61208,1.8639,-2.5829,1.0877
0.61622,0.34915,0.35198,0.61194,1.9242,-2.5849,1.0941
0.6174,0.34779,0.35149,0.6118,1.9837,-2.587,1.1004
0.61858,0.34643,0.351,0.61166,2.0423,-2.5893,1.1066
0.61976,0.34507,0.35051,0.61152,2.0999,-2.5917,1.1129
0.62094,0.34371,0.35002,0.61138,2.1566,-2.5943,1.119
0.62211,0.34235,0.34953,0.61123,2.2122,-2.597,1.1252
0.62328,0.34098,0.34904,0.61108,2.2667,-2.5998,1.1312
0.62445,0.33962,0.34854,0.61093,2.3201,-2.6028,1.1373
0.62562,0.33825,0.34804,0.61078,2.3723,-2.6059,1.1433
0.62678,0.33688,0.34755,0.61063,2.4232,-2.6091,1.1492
0.62794,0.33551,0.34705,0.61047,2.4729,-2.6125,1.155
0.6291,0.33414,0.34655,0.61031,2.5213,-2.6161,1.1608
0.63026,0.33277,0.34605,0.61015,2.5683,-2.6197,1.1666
0.63142,0.3314,0.34555,0.60999,2.6138,-2.6235,1.1722
0.63257,0.33002,0.34504,0.60982,2.658,-2.6275,1.1778
0.63372,0.32865,0.34454,0.60966,2.7006,-2.6316,1.1833
0.63487,0.32727,0.34403,0.60949,2.7417,-2.6358,1.1888
0.63602,0.32589,0.34352,0.60931,2.7812,-2.6401,1.1942
0.63716,0.32451,0.34302,0.60914,2.8192,-2.6446,1.1995
0.63831,0.32313,0.34251,0.60896,2.8554,-2.6493,1.2047
0.63945,0.32175,0.342,0.60879,2.8901,-2.654,1.2098
0.64059,0.32037,0.34148,0.60861,2.923,-2.6589,1.2149
0.64172,0.31899,0.34097,0.60842,2.9542,-2.664,1.2198
0.64285,0.3176,0.34046,0.60824,2.9836,-2.6691,1.2247
0.64399,0.31622,0.33994,0.60805,3.0113,-2.6744,1.2295
0.64511,0.31483,0.33943,0.60786,3.0371,-2.6798,1.2342
0.64624,0.31344,0.33891,0.60767,3.0611,-2.6854,1.2388
0.64737,0.31205,0.33839,0.60748,3.0833,-2.6911,1.2433
0.64849,0.31066,0.33787,0.60729,3.1035,-2.6969,1.2477
0.64961,0.30927,0.33735,0.60709,3.1219,-2.7029,1.252
0.65073,0.30788,0.33682,0.60689,3.1384,-2.709,1.2562
0.65184,0.30649,0.3363,0.60669,3.1529,-2.7152,1.2603
0.65295,0.30509,0.33578,0.60648,3.1655,-2.7215,1.2643
0.65407,0.3037,0.33525,0.60628,3.1762,-2.728,1.2682
0.65517,0.3023,0.33472,0.60607,3.1849,-2.7346,1.272
0.65628,0.3009,0.33419,0.60586,3.1916,-2.7413,1.2757
0.65738,0.29951,0.33366,0.60565,3.1964,-2.7482,1.2793
0.65849,0.29811,0.33313,0.60543,3.1992,-2.7551,1.2827
0.65959,0.29671,0.3326,0.60522,3.2,-2.7622,1.2861
0.66068,0.2953,0.33207,0.605,3.1988,-2.7695,1.2893
0.66178,0.2939,0.33153,0.60478,3.1957,-2.7768,1.2924
0.66287,0.2925,0.331,0.60456,3.1905,-2.7843,1.2954
0.66396,0.29109,0.33046,0.60433,3.1834,-2.7919,1.2983
0.66505,0.28969,0.32992,0.60411,3.1744,-2.7996,1.3011
0.66613,0.28828,0.32939,0.60388,3.1634,-2.8074,1.3037
0.66722,0.28687,0.32885,0.60365,3.1504,-2.8154,1.3062
0.6683,0.28546,0.3283,0.60341,3.1355,-2.8234,1.3086
0.66938,0.28405,0.32776,0.60318,3.1187,-2.8316,1.3109
0.67045,0.28264,0.32722,0.60294,3.0999,-2.8399,1.3131
0.67153,0.28123,0.32667,0.6027,3.0793,-2.8483,1.3151
0.6726,0.27982,0.32613,0.60246,3.0568,-2.8569,1.317
0.67367,0.27841,0.32558,0.60221,3.0325,-2.8655,1.3188
0.67473,0.27699,0.32503,0.60197,3.0063,-2.8743,1.3204
0.6758,0.27557,0.32448,0.60172,2.9783,-2.8832,1.3219
0.67686,0.27416,0.32393,0.60147,2.9486,-2.8921,1.3233
0.67792,0.27274,0.32338,0.60122,2.9171,-2.9012,1.3246
0.67898,0.27132,0.32283,0.60096,2.8838,-2.9104,1.3257
0.68003,0.2699,0.32228,0.60071,2.8489,-2.9198,1.3267
0.68108,0.26848,0.32172,0.60045,2.8123,-2.9292,1.3276
0.68213,0.26706,0.32117,0.60019,2.7741,-2.9387,1.3283
0.68318,0.26564,0.32061,0.59993,2.7343,-2.9484,1.3289
0.68423,0.26422,0.32005,0.59966,2.6929,-2.9581,1.3294
0.68527,0.26279,0.31949,0.59939,2.65,-2.9679,1.3297
0.68631,0.26137,0.31893,0.59913,2.6056,-2.9779,1.3299
0.68735,0.25994,0.31837,0.59885,2.5597,-2.9879,1.33
0.68838,0.25851,0.31781,0.59858,2.5125,-2.9981,1.3299
0.68942,0.25709,0.31724,0.59831,2.4639,-3.0084,1.3298
0.69045,0.25566,0.31668,0.59803,2.414,-3.0187,1.3294
0.69148,0.25423,0.31611,0.59775,2.3628,-3.0292,1.329
0.6925,0.2528,0.31554,0.59747,2.3104,-3.0397,1.3284
0.69353,0.25137,0.31498,0.59718,2.2568,-3.0503,1.3277
0.69455,0.24993,0.31441,0.5969,2.202,-3.0611,1.3269
0.69557,0.2485,0.31384,0.59661,2.1462,-3.0719,1.3259
0.69658,0.24707,0.31326,0.59632,2.0894,-3.0828,1.3248
0.6976,0.24563,0.31269,0.59603,2.0316,-3.0939,1.3235
0.69861,0.2442,0.31212,0.59573,1.9728,-3.105,1.3222
0.69962,0.24276,0.31154,0.59544,1.9132,-3.1162,1.3207
0.70062,0.24132,0.31097,0.59514,1.8527,-3.1275,1.3191
0.70163,0.23988,0.31039,0.59484,1.7915,-3.1388,1.3173
0.70263,0.23844,0.30981,0.59454,1.7296,-3.1503,1.3154
0.70363,0.237,0.30923,0.59423,1.667,-3.1618,1.3134
0.70462,0.23556,0.30865,0.59393,1.6038,-3.1735,1.3113
0.70562,0.23412,0.30807,0.59362,1.5401,-3.1852,1.3091
0.70661,0.23268,0.30749,0.59331,1.4759,-3.197,1.3067
0.7076,0.23124,0.30691,0.59299,1.4113,-3.2088,1.3042
0.70859,0.22979,0.30632,0.59268,1.3462,-3.2208,1.3016
0.70957,0.22835,0.30574,0.59236,1.2809,-3.2328,1.2988
0.71055,0.2269,0.30515,0.59204,1.2153,-3.2449,1.296
0.71153,0.22546,0.30456,0.59172,1.1496,-3.2571,1.293
0.71251,0.22401,0.30397,0.5914,1.0837,-3.2694,1.2899
0.71348,0.22256,0.30338,0.59107,1.0177,-3.2817,1.2867
0.71446,0.22111,0.30279,0.59075,0.95169,-3.2941,1.2833
0.71543,0.21966,0.3022,0.59042,0.88574,-3.3066,1.2799
0.71639,0.21821,0.30161,0.59008,0.81989,-3.3191,1.2764
0.71736,0.21676,0.30101,0.58975,0.7542,-3.3317,1.2727
0.71832,0.21531,0.30042,0.58942,0.68874,-3.3444,1.2689
0.71928,0.21386,0.29982,0.58908,0.62355,-3.3571,1.265
0.72023,0.2124,0.29922,0.58874,0.5587,-3.3699,1.2611
0.72119,0.21095,0.29862,0.5884,0.49425,-3.3828,1.257
0.72214,0.20949,0.29803,0.58805,0.43026,-3.3957,1.2528
0.72309,0.20804,0.29743,0.58771,0.36677,-3.4087,1.2485
0.72404,0.20658,0.29682,0.58736,0.30386,-3.4218,1.2441
0.72498,0.20512,0.29622,0.58701,0.24158,-3.4349,1.2396
0.72592,0.20367,0.29562,0.58666,0.17997,-3.448,1.235
0.72686,0.20221,0.29501,0.5863,0.11911,-3.4613,1.2303
0.7278,0.20075,0.29441,0.58595,0.059034,-3.4745,1.2256
0.72873,0.19929,0.2938,0.58559,-0.0001923,-3.4879,1.2207
0.72966,0.19783,0.29319,0.58523,-0.058518,-3.5012,1.2157
0.73059,0.19637,0.29258,0.58487,-0.11589,-3.5147,1.2107
0.73152,0.19491,0.29197,0.5845,-0.17226,-3.5281,1.2056
0.73244,0.19344,0.29136,0.58414,-0.22757,-3.5417,1.2004
0.73336,0.19198,0.29075,0.58377,-0.28178,-3.5552,1.1951
0.73428,0.19052,0.29014,0.5834,-0.33484,-3.5688,1.1897
0.7352,0.18905,0.28953,0.58302,-0.38669,-3.5825,1.1843
0.73611,0.18759,0.28891,0.58265,-0.4373,-3.5962,1.1788
0.73702,0.18612,0.28829,0.58227,-0.48661,-3.6099,1.1732
0.73793,0.18465,0.28768,0.58189,-0.53459,-3.6237,1.1676
0.73884,0.18319,0.28706,0.58151,-0.58118,-3.6375,1.1618
0.73974,0.18172,0.28644,0.58113,-0.62636,-3.6514,1.1561
0.74064,0.18025,0.28582,0.58075,-0.67006,-3.6653,1.1502
0.74154,0.17878,0.2852,0.58036,-0.71227,-3.6792,1.1443
0.74244,0.17731,0.28458,0.57997,-0.75293,-3.6931,1.1383
0.74333,0.17584,0.28396,0.57958,-0.79202,-3.7071,1.1323
0.74422,0.17437,0.28333,0.57919,-0.82949,-3.7211,1.1262
0.74511,0.1729,0.28271,0.57879,-0.86532,-3.7352,1.1201
0.74599,0.17143,0.28208,0.57839,-0.89947,-3.7492,1.1139
0.74687,0.16995,0.28145,0.578,-0.93191,-3.7633,1.1077
0.74775,0.16848,0.28083,0.57759,-0.96261,-3.7774,1.1015
0.74863,0.167,0.2802,0.57719,-0.99154,-3.7916,1.0952
0.74951,0.16553,0.27957,0.57679,-1.0187,-3.8057,1.0888
0.75038,0.16405,0.27894,0.57638,-1.044,-3.8199,1.0825
0.75125,0.16258,0.27831,0.57597,-1.0675,-3.8341,1.0761
0.75211,0.1611,0.27767,0.57556,-1.0891,-3.8483,1.0696
0.75298,0.15963,0.27704,0.57515,-1.1089,-3.8625,1.0632
0.75384,0.15815,0.27641,0.57473,-1.1267,-3.8768,1.0567
0.7547,0.15667,0.27577,0.57431,-1.1426,-3.891,1.0501
0.75555,0.15519,0.27513,0.5739,-1.1567,-3.9053,1.0436
0.75641,0.15371,0.2745,0.57347,-1.1687,-3.9196,1.0371
0.75726,0.15223,0.27386,0.57305,-1.1788,-3.9338,1.0305
0.75811,0.15075,0.27322,0.57263,-1.187,-3.9481,1.0239
0.75895,0.14927,0.27258,0.5722,-1.1932,-3.9624,1.0173
0.7598,0.14779,0.27194,0.57177,-1.1974,-3.9767,1.0107
0.76064,0.14631,0.27129,0.57134,-1.1996,-3.991,1.0041
0.76147,0.14483,0.27065,0.57091,-1.1999,-4.0053,0.99754
0.76231,0.14334,0.27001,0.57047,-1.1981,-4.0196,0.99095
0.76314,0.14186,0.26936,0.57003,-1.1944,-4.0339,0.98435
0.76397,0.14038,0.26871,0.56959,-1.1888,-4.0482,0.97776
0.7648,0.13889,0.26807,0.56915,-1.1811,-4.0625,0.97118
0.76562,0.13741,0.26742,0.56871,-1.1715,-4.0768,0.96461
0.76644,0.13592,0.26677,0.56826,-1.1599,-4.0911,0.95806
0.76726,0.13444,0.26612,0.56782,-1.1464,-4.1053,0.95152
0.76808,0.13295,0.26547,0.56737,-1.131,-4.1196,0.945
0.76889,0.13146,0.26482,0.56692,-1.1136,-4.1338,0.93851
0.7697,0.12998,0.26417,0.56646,-1.0944,-4.1481,0.93203
0.77051,0.12849,0.26351,0.56601,-1.0732,-4.1623,0.92559
0.77132,0.127,0.26286,0.56555,-1.0502,-4.1765,0.91917
0.77212,0.12551,0.2622,0.56509,-1.0253,-4.1907,0.91279
0.77292,0.12402,0.26155,0.56463,-0.99866,-4.2048,0.90644
0.77372,0.12254,0.26089,0.56417,-0.97018,-4.219,0.90013
0.77451,0.12105,0.26023,0.5637,-0.93993,-4.2331,0.89386
0.7753,0.11956,0.25957,0.56324,-0.90793,-4.2472,0.88764
0.77609,0.11806,0.25891,0.56277,-0.87421,-4.2612,0.88145
0.77688,0.11657,0.25825,0.5623,-0.83881,-4.2753,0.87532
0.77766,0.11508,0.25759,0.56182,-0.80176,-4.2893,0.86923
0.77844,0.11359,0.25693,0.56135,-0.76308,-4.3033,0.8632
0.77922,0.1121,0.25626,0.56087,-0.72282,-4.3173,0.85722
0.78,0.11061,0.2556,0.56039,-0.681,-4.3312,0.8513
0.78077,0.10911,0.25493,0.55991,-0.63768,-4.3451,0.84544
0.78154,0.10762,0.25427,0.55943,-0.59287,-4.3589,0.83964
0.78231,0.10613,0.2536,0.55895,-0.54664,-4.3728,0.8339
0.78307,0.10463,0.25293,0.55846,-0.49901,-4.3866,0.82823
0.78383,0.10314,0.25226,0.55797,-0.45004,-4.4003,0.82263
0.78459,0.10164,0.25159,0.55748,-0.39976,-4.414,0.8171
0.78535,0.10015,0.25092,0.55699,-0.34822,-4.4277,0.81165
0.7861,0.098652,0.25025,0.55649,-0.29547,-4.4413,0.80626
0.78685,0.097156,0.24958,0.556,-0.24155,-4.4549,0.80096
0.7876,0.09566,0.24891,0.5555,-0.18651,-4.4684,0.79574
0.78835,0.094163,0.24823,0.555,-0.13041,-4.4819,0.79059
0.78909,0.092666,0.24756,0.5545,-0.073285,-4.4953,0.78554
0.78983,0.091169,0.24688,0.55399,-0.015197,-4.5087,0.78056
0.79057,0.089671,0.2462,0.55349,0.043804,-4.5221,0.77568
0.7913,0.088174,0.24553,0.55298,0.10366,-4.5354,0.77088
0.79203,0.086675,0.24485,0.55247,0.16433,-4.5486,0.76618
0.79276,0.085177,0.24417,0.55196,0.22575,-4.5618,0.76157
0.79349,0.083678,0.24349,0.55144,0.28787,-4.5749,0.75705
0.79421,0.082179,0.24281,0.55093,0.35063,-4.588,0.75264
0.79493,0.08068,0.24212,0.55041,0.41397,-4.601,0.74832
0.79565,0.07918,0.24144,0.54989,0.47784,-4.6139,0.7441
0.79636,0.07768,0.24076,0.54937,0.54218,-4.6268,0.73998
0.79708,0.07618,0.24007,0.54885,0.60693,-4.6396,0.73597
0.79778,0.07468,0.23939,0.54832,0.67204,-4.6524,0.73206
0.79849,0.073179,0.2387,0.54779,0.73744,-4.6651,0.72827
0.79919,0.071678,0.23802,0.54726,0.80307,-4.6777,0.72458
0.7999,0.070177,0.23733,0.54673,0.86889,-4.6902,0.721
0.80059,0.068675,0.23664,0.5462,0.93482,-4.7027,0.71753
0.80129,0.067174,0.23595,0.54567,1.0008,-4.7152,0.71417
0.80198,0.065672,0.23526,0.54513,1.0668,-4.7275,0.71093
0.80267,0.06417,0.23457,0.54459,1.1327,-4.7398,0.7078
0.80336,0.062667,0.23388,0.54405,1.1985,-4.752,0.7048
0.80404,0.061165,0.23318,0.54351,1.2642,-4.7641,0.70191
0.80472,0.059662,0.23249,0.54296,1.3296,-4.7761,0.69913
0.8054,0.058159,0.2318,0.54242,1.3947,-4.7881,0.69648
0.80608,0.056655,0.2311,0.54187,1.4594,-4.8,0.69395
0.80675,0.055152,0.2304,0.54132,1.5237,-4.8118,0.69155
0.80742,0.053648,0.22971,0.54077,1.5876,-4.8236,0.68926
0.80809,0.052145,0.22901,0.54021,1.6509,-4.8352,0.6871
0.80875,0.050641,0.22831,0.53966,1.7137,-4.8468,0.68507
0.80941,0.049136,0.22761,0.5391,1.7758,-4.8583,0.68316
0.81007,0.047632,0.22691,0.53854,1.8372,-4.8696,0.68138
0.81073,0.046128,0.22621,0.53798,1.8978,-4.881,0.67972
0.81138,0.044623,0.22551,0.53741,1.9577,-4.8922,0.6782
0.81203,0.043118,0.22481,0.53685,2.0166,-4.9033,0.6768
0.81268,0.041613,0.22411,0.53628,2.0747,-4.9143,0.67553
0.81332,0.040108,0.2234,0.53571,2.1318,-4.9253,0.67439
0.81396,0.038603,0.2227,0.53514,2.1879,-4.9362,0.67339
0.8146,0.037097,0.22199,0.53457,2.2429,-4.9469,0.67251
0.81524,0.035592,0.22128,0.53399,2.2968,-4.9576,0.67176
0.81587,0.034086,0.22058,0.53342,2.3495,-4.9682,0.67115
0.8165,0.03258,0.21987,0.53284,2.401,-4.9786,0.67066
0.81713,0.031074,0.21916,0.53226,2.4513,-4.989,0.67031
0.81775,0.029569,0.21845,0.53168,2.5002,-4.9993,0.67009
0.81838,0.028062,0.21774,0.53109,2.5478,-5.0095,0.67
0.819,0.026556,0.21703,0.53051,2.594,-5.0195,0.67005
0.81961,0.02505,0.21632,0.52992,2.6388,-5.0295,0.67022
0.82022,0.023544,0.21561,0.52933,2.682,-5.0394,0.67053
0.82083,0.022037,0.21489,0.52874,2.7238,-5.0492,0.67097
0.82144,0.020531,0.21418,0.52815,2.764,-5.0588,0.67154
0.82205,0.019024,0.21347,0.52755,2.8027,-5.0684,0.67224
0.82265,0.017517,0.21275,0.52695,2.8397,-5.0778,0.67308
0.82325,0.016011,0.21203,0.52636,2.8751,-5.0872,0.67404
0.82384,0.014504,0.21132,0.52576,2.9087,-5.0964,0.67514
0.82444,0.012997,0.2106,0.52515,2.9407,-5.1055,0.67636
0.82503,0.01149,0.20988,0.52455,2.9709,-5.1146,0.67771
0.82561,0.0099831,0.20916,0.52394,2.9993,-5.1235,0.6792
0.8262,0.0084761,0.20844,0.52333,3.026,-5.1322,0.68081
0.82678,0.0069691,0.20772,0.52273,3.0508,-5.1409,0.68255
0.82736,0.0054621,0.207,0.52211,3.0737,-5.1495,0.68441
0.82793,0.0039551,0.20628,0.5215,3.0948,-5.1579,0.68641
0.8285,0.002448,0.20556,0.52088,3.1141,-5.1663,0.68852
0.82907,0.00094098,0.20483,0.52027,3.1314,-5.1745,0.69077
0.82964,-0.00056608,0.20411,0.51965,3.1468,-5.1826,0.69313
0.83021,-0.0020731,0.20338,0.51903,3.1602,-5.1906,0.69562
0.83077,-0.0035802,0.20266,0.51841,3.1717,-5.1984,0.69823
0.83132,-0.0050872,0.20193,0.51778,3.1813,-5.2062,0.70096
0.83188,-0.0065943,0.2012,0.51716,3.1889,-5.2138,0.70381
0.83243,-0.0081012,0.20048,0.51653,3.1945,-5.2213,0.70678
0.83298,-0.0096082,0.19975,0.5159,3.1982,-5.2287,0.70987
0.83353,-0.011115,0.19902,0.51527,3.1999,-5.2359,0.71307
0.83407,-0.012622,0.19829,0.51463,3.1996,-5.2431,0.71639
0.83461,-0.014129,0.19756,0.514,3.1973,-5.2501,0.71982
0.83515,-0.015636,0.19683,0.51336,3.193,-5.2569,0.72336
0.83568,-0.017142,0.1961,0.51272,3.1868,-5.2637,0.72702
0.83622,-0.018649,0.19536,0.51208,3.1786,-5.2703,0.73078
0.83675,-0.020156,0.19463,0.51144,3.1684,-5.2768,0.73465
0.83727,-0.021662,0.1939,0.51079,3.1563,-5.2832,0.73863
0.83779,-0.023169,0.19316,0.51015,3.1423,-5.2895,0.74271
0.83832,-0.024675,0.19243,0.5095,3.1263,-5.2956,0.74689
0.83883,-0.026182,0.19169,0.50885,3.1084,-5.3016,0.75118
0.83935,-0.027688,0.19095,0.5082,3.0886,-5.3074,0.75556
0.83986,-0.029194,0.19022,0.50755,3.0669,-5.3131,0.76004
0.84037,-0.0307,0.18948,0.50689,3.0434,-5.3187,0.76462
0.84087,-0.032206,0.18874,0.50624,3.018,-5.3242,0.76929
0.84137,-0.033712,0.188,0.50558,2.9909,-5.3295,0.77406
0.84187,-0.035217,0.18726,0.50492,2.9619,-5.3347,0.77891
0.84237,-0.036723,0.18652,0.50426,2.9311,-5.3398,0.78386
0.84286,-0.038228,0.18578,0.50359,2.8987,-5.3447,0.78889
0.84336,-0.039734,0.18504,0.50293,2.8645,-5.3495,0.794
0.84384,-0.041239,0.18429,0.50226,2.8286,-5.3542,0.7992
0.84433,-0.042744,0.18355,0.50159,2.7911,-5.3587,0.80448
0.84481,-0.044249,0.18281,0.50092,2.752,-5.3631,0.80983
0.84529,-0.045753,0.18206,0.50025,2.7113,-5.3674,0.81526
0.84576,-0.047258,0.18132,0.49957,2.669,-5.3715,0.82077
0.84624,-0.048762,0.18057,0.4989,2.6253,-5.3755,0.82635
0.84671,-0.050266,0.17982,0.49822,2.5801,-5.3793,0.83199
0.84717,-0.05177,0.17908,0.49754,2.5334,-5.383,0.83771
0.84764,-0.053274,0.17833,0.49686,2.4854,-5.3866,0.84349
0.8481,-0.054778,0.17758,0.49618,2.4361,-5.39,0.84933
0.84856,-0.056281,0.17683,0.49549,2.3854,-5.3933,0.85523
0.84901,-0.057785,0.17608,0.4948,2.3336,-5.3964,0.86119
0.84947,-0.059288,0.17533,0.49412,2.2805,-5.3995,0.8672
0.84992,-0.060791,0.17458,0.49343,2.2262,-5.4023,0.87327
0.85036,-0.062293,0.17383,0.49274,2.1709,-5.405,0.87939
0.8508,-0.063796,0.17308,0.49204,2.1145,-5.4076,0.88556
0.85125,-0.065298,0.17233,0.49135,2.0571,-5.4101,0.89177
0.85168,-0.0668,0.17157,0.49065,1.9988,-5.4124,0.89803
0.85212,-0.068302,0.17082,0.48995,1.9395,-5.4146,0.90432
0.85255,-0.069803,0.17006,0.48925,1.8794,-5.4166,0.91066
0.85298,-0.071305,0.16931,0.48855,1.8185,-5.4185,0.91703
0.8534,-0.072806,0.16855,0.48785,1.7569,-5.4202,0.92343
0.85382,-0.074306,0.1678,0.48714,1.6946,-5.4218,0.92987
0.85424,-0.075807,0.16704,0.48643,1.6317,-5.4233,0.93633
0.85466,-0.077307,0.16628,0.48572,1.5682,-5.4246,0.94282
0.85507,-0.078807,0.16553,0.48501,1.5042,-5.4258,0.94933
0.85548,-0.080307,0.16477,0.4843,1.4397,-5.4268,0.95586
0.85589,-0.081806,0.16401,0.48359,1.3749,-5.4277,0.96241
0.8563,-0.083305,0.16325,0.48287,1.3097,-5.4284,0.96898
0.8567,-0.084804,0.16249,0.48216,1.2442,-5.429,0.97555
0.8571,-0.086303,0.16173,0.48144,1.1785,-5.4295,0.98214
0.85749,-0.087801,0.16097,0.48072,1.1126,-5.4298,0.98873
0.85788,-0.089299,0.1602,0.47999,1.0467,-5.43,0.99533
0.85827,-0.090796,0.15944,0.47927,0.9807,-5.43,1.0019
0.85866,-0.092294,0.15868,0.47854,0.91472,-5.4299,1.0085
0.85904,-0.093791,0.15792,0.47782,0.84881,-5.4296,1.0151
0.85942,-0.095287,0.15715,0.47709,0.78305,-5.4292,1.0217
0.8598,-0.096784,0.15639,0.47636,0.71748,-5.4287,1.0283
0.86018,-0.09828,0.15562,0.47563,0.65216,-5.428,1.0349
0.86055,-0.099775,0.15486,0.47489,0.58716,-5.4272,1.0414
0.86092,-0.10127,0.15409,0.47416,0.52253,-5.4262,1.048
0.86128,-0.10277,0.15332,0.47342,0.45832,-5.4251,1.0545
0.86164,-0.10426,0.15256,0.47268,0.39461,-5.4238,1.061
0.862,-0.10575,0.15179,0.47194,0.33144,-5.4224,1.0675
0.86236,-0.10725,0.15102,0.4712,0.26887,-5.4209,1.0739
0.86271,-0.10874,0.15025,0.47045,0.20696,-5.4192,1.0803
0.86306,-0.11023,0.14948,0.46971,0.14576,-5.4174,1.0867
0.86341,-0.11173,0.14871,0.46896,0.085335,-5.4154,1.0931
0.86376,-0.11322,0.14794,0.46821,0.02573,-5.4133,1.0994
0.8641,-0.11471,0.14717,0.46746,-0.032998,-5.4111,1.1056
0.86443,-0.1162,0.1464,0.46671,-0.090796,-5.4087,1.1119
0.86477,-0.11769,0.14563,0.46595,-0.14761,-5.4061,1.1181
0.8651,-0.11918,0.14485,0.4652,-0.2034,-5.4035,1.1242
0.86543,-0.12068,0.14408,0.46444,-0.2581,-5.4007,1.1303
0.86576,-0.12216,0.14331,0.46368,-0.31167,-5.3977,1.1363
0.86608,-0.12365,0.14253,0.46292,-0.36406,-5.3946,1.1423
0.8664,-0.12514,0.14176,0.46216,-0.41522,-5.3914,1.1482
0.86672,-0.12663,0.14098,0.4614,-0.4651,-5.388,1.1541
0.86703,-0.12812,0.14021,0.46063,-0.51367,-5.3845,1.1599
0.86734,-0.12961,0.13943,0.45987,-0.56088,-5.3809,1.1656
0.86765,-0.13109,0.13865,0.4591,-0.60668,-5.3771,1.1713
0.86796,-0.13258,0.13788,0.45833,-0.65104,-5.3731,1.1769
0.86826,-0.13407,0.1371,0.45756,-0.69391,-5.3691,1.1825
0.86856,-0.13555,0.13632,0.45678,-0.73525,-5.3649,1.1879
0.86885,-0.13704,0.13554,0.45601,-0.77504,-5.3606,1.1933
0.86915,-0.13852,0.13476,0.45523,-0.81322,-5.3561,1.1986
0.86943,-0.14001,0.13398,0.45445,-0.84978,-5.3515,1.2039
0.86972,-0.14149,0.1332,0.45368,-0.88467,-5.3467,1.209
0.87001,-0.14298,0.13242,0.45289,-0.91786,-5.3419,1.2141
0.87029,-0.14446,0.13164,0.45211,-0.94933,-5.3369,1.219
0.87056,-0.14594,0.13086,0.45133,-0.97905,-5.3317,1.2239
0.87084,-0.14742,0.13008,0.45054,-1.007,-5.3264,1.2287
0.87111,-0.1489,0.1293,0.44975,-1.0331,-5.321,1.2335
0.87138,-0.15038,0.12852,0.44896,-1.0574,-5.3155,1.2381
0.87164,-0.15187,0.12773,0.44817,-1.0798,-5.3098,1.2426
0.87191,-0.15334,0.12695,0.44738,-1.1004,-5.304,1.247
0.87216,-0.15482,0.12616,0.44659,-1.1191,-5.2981,1.2513
0.87242,-0.1563,0.12538,0.44579,-1.1359,-5.292,1.2556
0.87267,-0.15778,0.12459,0.445,-1.1507,-5.2858,1.2597
0.87292,-0.15926,0.12381,0.4442,-1.1637,-5.2795,1.2637
0.87317,-0.16074,0.12302,0.4434,-1.1746,-5.273,1.2676
0.87341,-0.16221,0.12224,0.4426,-1.1836,-5.2665,1.2714
0.87366,-0.16369,0.12145,0.44179,-1.1907,-5.2598,1.2751
0.87389,-0.16516,0.12066,0.44099,-1.1958,-5.2529,1.2787
0.87413,-0.16664,0.11988,0.44018,-1.1989,-5.246,1.2822
0.87436,-0.16811,0.11909,0.43938,-1.2,-5.2389,1.2856
0.87459,-0.16959,0.1183,0.43857,-1.1991,-5.2317,1.2888
0.87481,-0.17106,0.11751,0.43776,-1.1963,-5.2244,1.292
0.87504,-0.17253,0.11672,0.43694,-1.1915,-5.2169,1.295
0.87526,-0.174,0.11593,0.43613,-1.1847,-5.2093,1.2979
0.87547,-0.17547,0.11514,0.43531,-1.176,-5.2017,1.3007
0.87569,-0.17694,0.11435,0.4345,-1.1652,-5.1938,1.3033
0.8759,-0.17841,0.11356,0.43368,-1.1526,-5.1859,1.3059
0.8761,-0.17988,0.11277,0.43286,-1.138,-5.1779,1.3083
0.87631,-0.18135,0.11198,0.43204,-1.1215,-5.1697,1.3106
0.87651,-0.18282,0.11119,0.43121,-1.1031,-5.1614,1.3127
0.87671,-0.18429,0.11039,0.43039,-1.0827,-5.153,1.3148
0.8769,-0.18575,0.1096,0.42956,-1.0605,-5.1445,1.3167
0.87709,-0.18722,0.10881,0.42874,-1.0365,-5.1359,1.3185
0.87728,-0.18869,0.10802,0.42791,-1.0106,-5.1271,1.3201
0.87747,-0.19015,0.10722,0.42708,-0.98291,-5.1183,1.3217
0.87765,-0.19162,0.10643,0.42625,-0.95344,-5.1093,1.3231
0.87783,-0.19308,0.10563,0.42541,-0.92221,-5.1002,1.3244
0.87801,-0.19454,0.10484,0.42458,-0.88924,-5.091,1.3255
0.87818,-0.196,0.10404,0.42374,-0.85458,-5.0817,1.3265
0.87835,-0.19747,0.10325,0.4229,-0.81825,-5.0723,1.3274
0.87852,-0.19893,0.10245,0.42206,-0.78028,-5.0628,1.3282
0.87868,-0.20039,0.10165,0.42122,-0.74071,-5.0532,1.3288
0.87884,-0.20185,0.10086,0.42038,-0.69957,-5.0435,1.3293
0.879,-0.2033,0.10006,0.41954,-0.6569,-5.0336,1.3297
0.87916,-0.20476,0.099263,0.41869,-0.61274,-5.0237,1.3299
0.87931,-0.20622,0.098465,0.41784,-0.56713,-5.0137,1.33
0.87946,-0.20768,0.097667,0.417,-0.52011,-5.0035,1.33
0.8796,-0.20913,0.096868,0.41615,-0.47173,-4.9933,1.3298
0.87975,-0.21059,0.096069,0.4153,-0.42201,-4.9829,1.3295
0.87989,-0.21204,0.09527,0.41444,-0.37102,-4.9725,1.3291
0.88002,-0.21349,0.094471,0.41359,-0.3188,-4.962,1.3285
0.88016,-0.21495,0.093671,0.41273,-0.26538,-4.9514,1.3278
0.88029,-0.2164,0.092871,0.41188,-0.21083,-4.9406,1.327
0.88041,-0.21785,0.09207,0.41102,-0.15519,-4.9298,1.326
0.88054,-0.2193,0.091269,0.41016,-0.098512,-4.9189,1.325
0.88066,-0.22075,0.090468,0.4093,-0.040843,-4.9079,1.3237
0.88078,-0.2222,0.089667,0.40843,0.017763,-4.8968,1.3224
0.88089,-0.22365,0.088865,0.40757,0.077253,-4.8856,1.3209
0.881,-0.2251,0.088063,0.40671,0.13757,-4.8744,1.3193
0.88111,-0.22654,0.08726,0.40584,0.19867,-4.863,1.3176
0.88122,-0.22799,0.086458,0.40497,0.26049,-4.8515,1.3157
0.88132,-0.22943,0.085655,0.4041,0.32297,-4.84,1.3138
0.88142,-0.23088,0.084851,0.40323,0.38606,-4.8284,1.3116
0.88152,-0.23232,0.084048,0.40236,0.44971,-4.8167,1.3094
0.88161,-0.23376,0.083244,0.40148,0.51385,-4.8049,1.3071
0.8817,-0.2352,0.08244,0.40061,0.57842,-4.7931,1.3046
0.88179,-0.23665,0.081635,0.39973,0.64338,-4.7811,1.302
0.88187,-0.23809,0.08083,0.39885,0.70866,-4.7691,1.2993
0.88195,-0.23953,0.080025,0.39797,0.7742,-4.757,1.2964
0.88203,-0.24096,0.07922,0.39709,0.83994,-4.7448,1.2935
0.88211,-0.2424,0.078414,0.39621,0.90583,-4.7326,1.2904
0.88218,-0.24384,0.077608,0.39533,0.9718,-4.7203,1.2872
0.88225,-0.24527,0.076802,0.39444,1.0378,-4.7079,1.2839
0.88231,-0.24671,0.075996,0.39355,1.1038,-4.6954,1.2805
0.88237,-0.24814,0.075189,0.39267,1.1696,-4.6829,1.2769
0.88243,-0.24958,0.074382,0.39178,1.2353,-4.6703,1.2733
0.88249,-0.25101,0.073575,0.39089,1.3009,-4.6576,1.2695
0.88254,-0.25244,0.072767,0.38999,1.3661,-4.6449,1.2657
0.88259,-0.25387,0.07196,0.3891,1.431,-4.6321,1.2617
0.88264,-0.2553,0.071152,0.38821,1.4955,-4.6193,1.2576
0.88268,-0.25673,0.070343,0.38731,1.5596,-4.6063,1.2534
0.88273,-0.25816,0.069535,0.38641,1.6232,-4.5934,1.2492
0.88276,-0.25959,0.068726,0.38551,1.6862,-4.5803,1.2448
0.8828,-0.26101,0.067917,0.38461,1.7485,-4.5672,1.2403
0.88283,-0.26244,0.067108,0.38371,1.8103,-4.5541,1.2357
0.88286,-0.26386,0.066299,0.38281,1.8713,-4.5409,1.2311
0.88288,-0.26528,0.065489,0.3819,1.9315,-4.5276,1.2263
0.88291,-0.26671,0.064679,0.381,1.9908,-4.5143,1.2215
0.88293,-0.26813,0.063869,0.38009,2.0493,-4.5009,1.2165
0.88294,-0.26955,0.063059,0.37918,2.1068,-4.4875,1.2115
0.88295,-0.27097,0.062248,0.37827,2.1634,-4.474,1.2064
0.88296,-0.27239,0.061437,0.37736,2.2188,-4.4605,1.2012
0.88297,-0.27381,0.060626,0.37645,2.2732,-4.4469,1.1959
0.88298,-0.27522,0.059815,0.37554,2.3265,-4.4333,1.1906
0.88298,-0.27664,0.059004,0.37462,2.3785,-4.4197,1.1852
0.88297,-0.27805,0.058192,0.37371,2.4293,-4.406,1.1797
0.88297,-0.27947,0.05738,0.37279,2.4788,-4.3923,1.1741
0.88296,-0.28088,0.056568,0.37187,2.527,-4.3785,1.1685
0.88295,-0.28229,0.055756,0.37095,2.5739,-4.3647,1.1627
0.88293,-0.2837,0.054944,0.37003,2.6193,-4.3508,1.157
0.88292,-0.28511,0.054131,0.36911,2.6632,-4.337,1.1511
0.88289,-0.28652,0.053318,0.36818,2.7056,-4.323,1.1452
0.88287,-0.28793,0.052505,0.36726,2.7466,-4.3091,1.1393
0.88284,-0.28934,0.051692,0.36633,2.7859,-4.2951,1.1333
0.88281,-0.29074,0.050879,0.3654,2.8236,-4.2811,1.1272
0.88278,-0.29215,0.050065,0.36447,2.8597,-4.2671,1.1211
0.88274,-0.29355,0.049251,0.36354,2.8941,-4.253,1.1149
0.8827,-0.29496,0.048438,0.36261,2.9269,-4.2389,1.1087
0.88266,-0.29636,0.047623,0.36168,2.9578,-4.2248,1.1025
0.88262,-0.29776,0.046809,0.36075,2.9871,-4.2107,1.0962
0.88257,-0.29916,0.045995,0.35981,3.0145,-4.1965,1.0898
0.88252,-0.30056,0.04518,0.35887,3.0401,-4.1824,1.0835
0.88246,-0.30195,0.044366,0.35794,3.0639,-4.1682,1.0771
0.8824,-0.30335,0.043551,0.357,3.0858,-4.154,1.0706
0.88234,-0.30475,0.042736,0.35606,3.1058,-4.1397,1.0642
0.88228,-0.30614,0.041921,0.35511,3.124,-4.1255,1.0577
0.88221,-0.30753,0.041105,0.35417,3.1402,-4.1112,1.0512
0.88214,-0.30893,0.04029,0.35323,3.1546,-4.097,1.0447
0.88207,-0.31032,0.039474,0.35228,3.1669,-4.0827,1.0381
0.88199,-0.31171,0.038659,0.35134,3.1774,-4.0684,1.0315
0.88191,-0.3131,0.037843,0.35039,3.1858,-4.0541,1.025
0.88183,-0.31449,0.037027,0.34944,3.1923,-4.0399,1.0184
0.88174,-0.31587,0.036211,0.34849,3.1968,-4.0256,1.0118
0.88165,-0.31726,0.035394,0.34754,3.1994,-4.0113,1.0052
0.88156,-0.31864,0.034578,0.34658,3.2,-3.997,0.9986
0.88147,-0.32003,0.033761,0.34563,3.1985,-3.9827,0.992
0.88137,-0.32141,0.032945,0.34468,3.1952,-3.9684,0.9854
0.88127,-0.32279,0.032128,0.34372,3.1898,-3.9541,0.97881
0.88116,-0.32417,0.031311,0.34276,3.1825,-3.9398,0.97223
0.88106,-0.32555,0.030494,0.3418,3.1732,-3.9255,0.96566
0.88094,-0.32693,0.029677,0.34084,3.1619,-3.9112,0.9591
0.88083,-0.3283,0.02886,0.33988,3.1487,-3.8969,0.95256
0.88071,-0.32968,0.028043,0.33892,3.1336,-3.8827,0.94604
0.8806,-0.33105,0.027225,0.33796,3.1165,-3.8684,0.93954
0.88047,-0.33243,0.026408,0.33699,3.0975,-3.8542,0.93306
0.88035,-0.3338,0.02559,0.33602,3.0767,-3.84,0.92661
0.88022,-0.33517,0.024773,0.33506,3.054,-3.8258,0.92019
0.88009,-0.33654,0.023955,0.33409,3.0294,-3.8116,0.91381
0.87995,-0.33791,0.023137,0.33312,3.003,-3.7974,0.90745
0.87981,-0.33928,0.022319,0.33215,2.9748,-3.7833,0.90114
0.87967,-0.34064,0.021501,0.33118,2.9449,-3.7692,0.89486
0.87953,-0.34201,0.020683,0.33021,2.9131,-3.7551,0.88863
0.87938,-0.34337,0.019865,0.32923,2.8797,-3.741,0.88244
0.87923,-0.34473,0.019047,0.32826,2.8446,-3.7269,0.87629
0.87908,-0.3461,0.018229,0.32728,2.8078,-3.7129,0.8702
0.87892,-0.34746,0.01741,0.3263,2.7693,-3.6989,0.86416
0.87876,-0.34882,0.016592,0.32532,2.7293,-3.685,0.85817
0.8786,-0.35017,0.015774,0.32434,2.6878,-3.671,0.85224
0.87843,-0.35153,0.014955,0.32336,2.6447,-3.6571,0.84637
0.87826,-0.35289,0.014137,0.32238,2.6001,-3.6433,0.84056
0.87809,-0.35424,0.013318,0.3214,2.5541,-3.6294,0.83481
0.87791,-0.35559,0.012499,0.32041,2.5067,-3.6156,0.82913
0.87774,-0.35694,0.011681,0.31943,2.4579,-3.6019,0.82352
0.87755,-0.35829,0.010862,0.31844,2.4079,-3.5882,0.81798
0.87737,-0.35964,0.010043,0.31745,2.3565,-3.5745,0.81251
0.87718,-0.36099,0.0092245,0.31647,2.3039,-3.5609,0.80712
0.87699,-0.36234,0.0084056,0.31548,2.2502,-3.5473,0.8018
0.8768,-0.36368,0.0075868,0.31448,2.1953,-3.5337,0.79656
0.8766,-0.36503,0.0067679,0.31349,2.1394,-3.5202,0.79141
0.8764,-0.36637,0.005949,0.3125,2.0824,-3.5068,0.78634
0.8762,-0.36771,0.00513,0.3115,2.0245,-3.4934,0.78135
0.87599,-0.36905,0.0043111,0.31051,1.9657,-3.4801,0.77645
0.87579,-0.37039,0.0034921,0.30951,1.9059,-3.4668,0.77164
0.87557,-0.37173,0.0026732,0.30852,1.8454,-3.4535,0.76692
0.87536,-0.37307,0.0018542,0.30752,1.7841,-3.4403,0.7623
0.87514,-0.3744,0.0010352,0.30652,1.7221,-3.4272,0.75777
0.87492,-0.37573,0.00021619,0.30552,1.6594,-3.4141,0.75333
0.87469,-0.37707,-0.00060281,0.30451,1.5962,-3.4011,0.749
0.87447,-0.3784,-0.0014218,0.30351,1.5324,-3.3882,0.74476
0.87424,-0.37973,-0.0022408,0.30251,1.4681,-3.3753,0.74063
0.874,-0.38106,-0.0030598,0.3015,1.4034,-3.3624,0.7366
0.87377,-0.38238,-0.0038787,0.3005,1.3384,-3.3497,0.73268
0.87353,-0.38371,-0.0046977,0.29949,1.273,-3.337,0.72886
0.87329,-0.38503,-0.0055166,0.29848,1.2074,-3.3243,0.72516
0.87304,-0.38636,-0.0063356,0.29747,1.1416,-3.3118,0.72156
0.87279,-0.38768,-0.0071545,0.29646,1.0757,-3.2993,0.71807
0.87254,-0.389,-0.0079733,0.29545,1.0097,-3.2868,0.7147
0.87228,-0.39032,-0.0087922,0.29444,0.94371,-3.2745,0.71144
0.87203,-0.39164,-0.009611,0.29343,0.87777,-3.2622,0.70829
0.87177,-0.39295,-0.01043,0.29241,0.81193,-3.25,0.70527
0.8715,-0.39427,-0.011249,0.2914,0.74627,-3.2378,0.70236
0.87124,-0.39558,-0.012067,0.29038,0.68083,-3.2258,0.69957
0.87097,-0.39689,-0.012886,0.28936,0.61569,-3.2138,0.6969
0.87069,-0.3982,-0.013704,0.28834,0.55088,-3.2019,0.69435
0.87042,-0.39951,-0.014523,0.28732,0.48648,-3.1901,0.69192
0.87014,-0.40082,-0.015342,0.2863,0.42255,-3.1783,0.68962
0.86985,-0.40213,-0.01616,0.28528,0.35913,-3.1666,0.68744
0.86957,-0.40343,-0.016978,0.28426,0.29629,-3.1551,0.68538
0.86928,-0.40474,-0.017797,0.28324,0.23409,-3.1436,0.68345
0.86899,-0.40604,-0.018615,0.28221,0.17257,-3.1322,0.68165
0.8687,-0.40734,-0.019433,0.28119,0.1118,-3.1208,0.67998
0.8684,-0.40864,-0.020251,0.28016,0.051823,-3.1096,0.67843
0.8681,-0.40994,-0.02107,0.27913,-0.0072975,-3.0985,0.67701
0.86779,-0.41123,-0.021888,0.2781,-0.065511,-3.0874,0.67572
0.86749,-0.41253,-0.022705,0.27707,-0.12277,-3.0764,0.67457
0.86718,-0.41382,-0.023523,0.27604,-0.17901,-3.0656,0.67354
0.86687,-0.41511,-0.024341,0.27501,-0.23419,-3.0548,0.67264
0.86655,-0.41641,-0.025159,0.27398,-0.28827,-3.0441,0.67187
0.86623,-0.41769,-0.025976,0.27295,-0.34118,-3.0335,0.67123
0.86591,-0.41898,-0.026794,0.27191,-0.39288,-3.023,0.67073
0.86558,-0.42027,-0.027611,0.27088,-0.44334,-3.0126,0.67036
0.86526,-0.42155,-0.028429,0.26984,-0.49249,-3.0023,0.67012
0.86493,-0.42284,-0.029246,0.26881,-0.5403,-2.9921,0.67001
0.86459,-0.42412,-0.030063,0.26777,-0.58673,-2.9821,0.67003
0.86426,-0.4254,-0.03088,0.26673,-0.63172,-2.9721,0.67018
0.86392,-0.42668,-0.031697,0.26569,-0.67525,-2.9622,0.67047
0.86357,-0.42796,-0.032514,0.26465,-0.71727,-2.9524,0.67089
0.86323,-0.42923,-0.03333,0.26361,-0.75775,-2.9427,0.67144
0.86288,-0.43051,-0.034147,0.26256,-0.79664,-2.9331,0.67212
0.86253,-0.43178,-0.034963,0.26152,-0.83392,-2.9237,0.67293
0.86217,-0.43305,-0.03578,0.26048,-0.86954,-2.9143,0.67388
0.86181,-0.43432,-0.036596,0.25943,-0.90348,-2.905,0.67495
0.86145,-0.43559,-0.037412,0.25838,-0.93571,-2.8959,0.67616
0.86109,-0.43686,-0.038228,0.25734,-0.9662,-2.8869,0.67749
0.86072,-0.43812,-0.039044,0.25629,-0.99492,-2.878,0.67895
0.86035,-0.43939,-0.039859,0.25524,-1.0218,-2.8691,0.68054
0.85998,-0.44065,-0.040675,0.25419,-1.0469,-2.8604,0.68226
0.8596,-0.44191,-0.04149,0.25314,-1.0702,-2.8519,0.68411
0.85922,-0.44317,-0.042305,0.25209,-1.0916,-2.8434,0.68608
0.85884,-0.44443,-0.043121,0.25104,-1.1111,-2.835,0.68818
0.85846,-0.44568,-0.043935,0.24998,-1.1287,-2.8268,0.6904
0.85807,-0.44694,-0.04475,0.24893,-1.1444,-2.8187,0.69275
0.85768,-0.44819,-0.045565,0.24787,-1.1582,-2.8107,0.69522
0.85728,-0.44944,-0.046379,0.24682,-1.17,-2.8028,0.69781
0.85689,-0.45069,-0.047194,0.24576,-1.1799,-2.7951,0.70052
0.85648,-0.45194,-0.048008,0.2447,-1.1878,-2.7874,0.70335
0.85608,-0.45319,-0.048822,0.24364,-1.1938,-2.7799,0.7063
0.85568,-0.45443,-0.049636,0.24258,-1.1978,-2.7725,0.70937
0.85527,-0.45568,-0.050449,0.24152,-1.1997,-2.7652,0.71255
0.85485,-0.45692,-0.051263,0.24046,-1.1998,-2.7581,0.71585
0.85444,-0.45816,-0.052076,0.2394,-1.1978,-2.751,0.71927
0.85402,-0.4594,-0.052889,0.23834,-1.1938,-2.7441,0.72279
0.8536,-0.46063,-0.053702,0.23727,-1.1879,-2.7374,0.72643
0.85318,-0.46187,-0.054515,0.23621,-1.18,-2.7307,0.73017
0.85275,-0.4631,-0.055327,0.23514,-1.1702,-2.7242,0.73403
0.85232,-0.46434,-0.056139,0.23408,-1.1584,-2.7178,0.73799
0.85189,-0.46557,-0.056952,0.23301,-1.1446,-2.7115,0.74205
0.85145,-0.4668,-0.057764,0.23194,-1.129,-2.7054,0.74622
0.85101,-0.46802,-0.058575,0.23087,-1.1114,-2.6994,0.75049
0.85057,-0.46925,-0.059387,0.22981,-1.0919,-2.6935,0.75486
0.85012,-0.47047,-0.060198,0.22874,-1.0705,-2.6878,0.75932
0.84968,-0.4717,-0.061009,0.22766,-1.0473,-2.6821,0.76389
0.84923,-0.47292,-0.06182,0.22659,-1.0222,-2.6767,0.76854
0.84877,-0.47414,-0.062631,0.22552,-0.99531,-2.6713,0.77329
0.84832,-0.47535,-0.063441,0.22445,-0.96661,-2.6661,0.77814
0.84786,-0.47657,-0.064251,0.22337,-0.93615,-2.661,0.78306
0.84739,-0.47778,-0.065062,0.2223,-0.90394,-2.656,0.78808
0.84693,-0.479,-0.065871,0.22122,-0.87002,-2.6512,0.79318
0.84646,-0.48021,-0.066681,0.22015,-0.83442,-2.6465,0.79837
0.84599,-0.48142,-0.06749,0.21907,-0.79716,-2.642,0.80363
0.84551,-0.48262,-0.068299,0.21799,-0.75829,-2.6376,0.80897
0.84503,-0.48383,-0.069108,0.21691,-0.71784,-2.6333,0.81439
0.84455,-0.48503,-0.069917,0.21583,-0.67584,-2.6292,0.81989
0.84407,-0.48624,-0.070725,0.21475,-0.63233,-2.6252,0.82545
0.84358,-0.48744,-0.071533,0.21367,-0.58736,-2.6213,0.83109
0.84309,-0.48864,-0.072341,0.21259,-0.54095,-2.6176,0.83679
0.8426,-0.48983,-0.073149,0.21151,-0.49316,-2.614,0.84256
0.84211,-0.49103,-0.073956,0.21042,-0.44402,-2.6105,0.84839
0.84161,-0.49222,-0.074763,0.20934,-0.39359,-2.6072,0.85429
0.84111,-0.49341,-0.07557,0.20825,-0.3419,-2.6041,0.86024
0.8406,-0.4946,-0.076376,0.20717,-0.289,-2.601,0.86624
0.8401,-0.49579,-0.077183,0.20608,-0.23495,-2.5981,0.8723
0.83959,-0.49698,-0.077989,0.205,-0.17978,-2.5954,0.87841
0.83907,-0.49817,-0.078795,0.20391,-0.12355,-2.5928,0.88457
0.83856,-0.49935,-0.0796,0.20282,-0.066308,-2.5903,0.89078
0.83804,-0.50053,-0.080405,0.20173,-0.008107,-2.588,0.89703
0.83752,-0.50171,-0.08121,0.20064,0.051001,-2.5858,0.90332
0.83699,-0.50289,-0.082015,0.19955,0.11096,-2.5837,0.90965
0.83646,-0.50406,-0.082819,0.19846,0.17172,-2.5818,0.91601
0.83593,-0.50524,-0.083623,0.19737,0.23323,-2.5801,0.92241
0.8354,-0.50641,-0.084427,0.19627,0.29543,-2.5784,0.92884
0.83486,-0.50758,-0.08523,0.19518,0.35826,-2.577,0.9353
0.83433,-0.50875,-0.086034,0.19409,0.42167,-2.5756,0.94179
0.83378,-0.50992,-0.086837,0.19299,0.4856,-2.5744,0.94829
0.83324,-0.51109,-0.087639,0.1919,0.54999,-2.5734,0.95482
0.83269,-0.51225,-0.088441,0.1908,0.61479,-2.5725,0.96137
0.83214,-0.51341,-0.089243,0.18971,0.67993,-2.5717,0.96793
0.83158,-0.51457,-0.090045,0.18861,0.74536,-2.5711,0.9745
0.83103,-0.51573,-0.090846,0.18751,0.81103,-2.5706,0.98109
0.83047,-0.51689,-0.091647,0.18641,0.87686,-2.5702,0.98768
0.82991,-0.51804,-0.092448,0.18531,0.9428,-2.5701,0.99428
0.82934,-0.5192,-0.093248,0.18421,1.0088,-2.57,1.0009
0.82877,-0.52035,-0.094048,0.18311,1.0748,-2.5701,1.0075
0.8282,-0.5215,-0.094848,0.18201,1.1407,-2.5703,1.0141
0.82763,-0.52265,-0.095647,0.18091,1.2065,-2.5707,1.0207
0.82705,-0.52379,-0.096446,0.17981,1.2721,-2.5712,1.0272
0.82647,-0.52494,-0.097245,0.1787,1.3375,-2.5719,1.0338
0.82589,-0.52608,-0.098044,0.1776,1.4025,-2.5727,1.0404
0.8253,-0.52722,-0.098842,0.1765,1.4672,-2.5736,1.0469
0.82471,-0.52836,-0.099639,0.17539,1.5315,-2.5747,1.0534
0.82412,-0.52949,-0.10044,0.17428,1.5953,-2.576,1.0599
0.82353,-0.53063,-0.10123,0.17318,1.6585,-2.5773,1.0664
0.82293,-0.53176,-0.10203,0.17207,1.7212,-2.5789,1.0729
0.82233,-0.53289,-0.10283,0.17096,1.7832,-2.5805,1.0793
0.82173,-0.53402,-0.10362,0.16986,1.8445,-2.5823,1.0857
0.82112,-0.53515,-0.10442,0.16875,1.9051,-2.5843,1.092
0.82051,-0.53627,-0.10521,0.16764,1.9648,-2.5863,1.0984
0.8199,-0.5374,-0.10601,0.16653,2.0237,-2.5886,1.1046
0.81928,-0.53852,-0.1068,0.16542,2.0817,-2.5909,1.1109
0.81867,-0.53964,-0.1076,0.16431,2.1386,-2.5934,1.1171
0.81805,-0.54076,-0.10839,0.1632,2.1946,-2.5961,1.1232
0.81742,-0.54187,-0.10918,0.16208,2.2495,-2.5989,1.1293
0.8168,-0.54299,-0.10998,0.16097,2.3032,-2.6018,1.1354
0.81617,-0.5441,-0.11077,0.15986,2.3558,-2.6049,1.1414
0.81554,-0.54521,-0.11156,0.15874,2.4072,-2.6081,1.1473
0.8149,-0.54632,-0.11235,0.15763,2.4572,-2.6114,1.1532
0.81426,-0.54743,-0.11314,0.15652,2.506,-2.6149,1.159
0.81362,-0.54853,-0.11394,0.1554,2.5535,-2.6186,1.1647
0.81298,-0.54963,-0.11473,0.15428,2.5995,-2.6223,1.1704
0.81234,-0.55073,-0.11552,0.15317,2.6441,-2.6262,1.176
0.81169,-0.55183,-0.11631,0.15205,2.6872,-2.6303,1.1816
0.81103,-0.55293,-0.11709,0.15093,2.7288,-2.6344,1.1871
0.81038,-0.55402,-0.11788,0.14981,2.7688,-2.6387,1.1925
0.80972,-0.55512,-0.11867,0.1487,2.8072,-2.6432,1.1978
0.80906,-0.55621,-0.11946,0.14758,2.8441,-2.6478,1.203
0.8084,-0.5573,-0.12025,0.14646,2.8792,-2.6525,1.2082
0.80773,-0.55839,-0.12104,0.14534,2.9127,-2.6574,1.2133
0.80706,-0.55947,-0.12182,0.14422,2.9444,-2.6623,1.2183
0.80639,-0.56055,-0.12261,0.1431,2.9744,-2.6675,1.2232
0.80572,-0.56164,-0.12339,0.14197,3.0026,-2.6727,1.228
0.80504,-0.56271,-0.12418,0.14085,3.0291,-2.6781,1.2327
0.80436,-0.56379,-0.12497,0.13973,3.0537,-2.6836,1.2373
0.80368,-0.56487,-0.12575,0.13861,3.0764,-2.6893,1.2419
0.80299,-0.56594,-0.12653,0.13748,3.0973,-2.6951,1.2463
0.80231,-0.56701,-0.12732,0.13636,3.1163,-2.701,1.2507
0.80161,-0.56808,-0.1281,0.13523,3.1333,-2.707,1.2549
0.80092,-0.56915,-0.12888,0.13411,3.1485,-2.7132,1.259
0.80022,-0.57021,-0.12967,0.13298,3.1617,-2.7195,1.2631
0.79952,-0.57128,-0.13045,0.13186,3.173,-2.7259,1.267
0.79882,-0.57234,-0.13123,0.13073,3.1823,-2.7325,1.2708
0.79812,-0.5734,-0.13201,0.1296,3.1897,-2.7392,1.2746
0.79741,-0.57446,-0.13279,0.12848,3.1951,-2.746,1.2782
0.7967,-0.57551,-0.13357,0.12735,3.1985,-2.7529,1.2817
0.79598,-0.57657,-0.13435,0.12622,3.1999,-2.76,1.285
0.79527,-0.57762,-0.13513,0.12509,3.1994,-2.7672,1.2883
0.79455,-0.57867,-0.13591,0.12396,3.1969,-2.7745,1.2915
0.79383,-0.57971,-0.13669,0.12283,3.1924,-2.7819,1.2945
0.7931,-0.58076,-0.13747,0.1217,3.1859,-2.7894,1.2974
0.79237,-0.5818,-0.13824,0.12057,3.1775,-2.7971,1.3002
0.79164,-0.58284,-0.13902,0.11944,3.1671,-2.8049,1.3029
0.79091,-0.58388,-0.1398,0.11831,3.1547,-2.8128,1.3055
0.79017,-0.58492,-0.14057,0.11718,3.1404,-2.8208,1.3079
0.78944,-0.58596,-0.14135,0.11605,3.1242,-2.829,1.3102
0.78869,-0.58699,-0.14212,0.11491,3.1061,-2.8373,1.3124
0.78795,-0.58802,-0.1429,0.11378,3.0861,-2.8456,1.3145
0.7872,-0.58905,-0.14367,0.11265,3.0642,-2.8541,1.3164
0.78645,-0.59008,-0.14444,0.11151,3.0404,-2.8628,1.3182
0.7857,-0.5911,-0.14522,0.11038,3.0148,-2.8715,1.3199
0.78495,-0.59212,-0.14599,0.10925,2.9874,-2.8803,1.3214
0.78419,-0.59315,-0.14676,0.10811,2.9583,-2.8893,1.3229
0.78343,-0.59416,-0.14753,0.10698,2.9273,-2.8983,1.3242
0.78266,-0.59518,-0.1483,0.10584,2.8946,-2.9075,1.3253
0.7819,-0.59619,-0.14907,0.1047,2.8602,-2.9168,1.3264
0.78113,-0.59721,-0.14984,0.10357,2.8241,-2.9262,1.3273
0.78036,-0.59822,-0.15061,0.10243,2.7864,-2.9357,1.3281
0.77958,-0.59923,-0.15138,0.10129,2.7471,-2.9453,1.3287
0.77881,-0.60023,-0.15215,0.10016,2.7062,-2.955,1.3292
0.77803,-0.60124,-0.15292,0.099018,2.6638,-2.9648,1.3296
0.77724,-0.60224,-0.15368,0.09788,2.6199,-2.9747,1.3299
0.77646,-0.60324,-0.15445,0.096742,2.5745,-2.9847,1.33
0.77567,-0.60424,-0.15522,0.095603,2.5277,-2.9949,1.33
0.77488,-0.60523,-0.15598,0.094464,2.4795,-3.0051,1.3298
0.77409,-0.60622,-0.15675,0.093324,2.43,-3.0154,1.3296
0.77329,-0.60722,-0.15751,0.092185,2.3792,-3.0258,1.3291
0.77249,-0.60821,-0.15828,0.091044,2.3272,-3.0363,1.3286
0.77169,-0.60919,-0.15904,0.089904,2.274,-3.0469,1.3279
0.77089,-0.61018,-0.1598,0.088763,2.2196,-3.0577,1.3271
0.77008,-0.61116,-0.16056,0.087622,2.1641,-3.0685,1.3262
0.76927,-0.61214,-0.16133,0.086481,2.1076,-3.0794,1.3251
0.76846,-0.61312,-0.16209,0.085339,2.0501,-3.0903,1.3239
0.76764,-0.6141,-0.16285,0.084197,1.9916,-3.1014,1.3226
0.76683,-0.61507,-0.16361,0.083055,1.9323,-3.1126,1.3212
0.76601,-0.61604,-0.16437,0.081912,1.8721,-3.1238,1.3196
0.76518,-0.61701,-0.16513,0.080769,1.8111,-3.1352,1.3179
0.76436,-0.61798,-0.16588,0.079626,1.7494,-3.1466,1.316
0.76353,-0.61895,-0.16664,0.078483,1.687,-3.1581,1.3141
0.7627,-0.61991,-0.1674,0.077339,1.624,-3.1697,1.312
0.76186,-0.62087,-0.16816,0.076195,1.5605,-3.1814,1.3098
0.76103,-0.62183,-0.16891,0.075051,1.4964,-3.1932,1.3074
0.76019,-0.62279,-0.16967,0.073907,1.4319,-3.205,1.305
0.75935,-0.62374,-0.17042,0.072762,1.367,-3.217,1.3024
0.7585,-0.62469,-0.17118,0.071617,1.3018,-3.229,1.2997
0.75766,-0.62564,-0.17193,0.070472,1.2363,-3.2411,1.2969
0.75681,-0.62659,-0.17268,0.069326,1.1705,-3.2532,1.2939
0.75595,-0.62754,-0.17343,0.06818,1.1047,-3.2654,1.2909
0.7551,-0.62848,-0.17419,0.067034,1.0387,-3.2777,1.2877
0.75424,-0.62942,-0.17494,0.065888,0.97271,-3.2901,1.2844
0.75338,-0.63036,-0.17569,0.064742,0.90674,-3.3026,1.281
0.75252,-0.6313,-0.17644,0.063595,0.84085,-3.3151,1.2775
0.75165,-0.63224,-0.17719,0.062448,0.7751,-3.3277,1.2739
0.75078,-0.63317,-0.17793,0.061301,0.70956,-3.3403,1.2701
0.74991,-0.6341,-0.17868,0.060154,0.64428,-3.3531,1.2663
0.74904,-0.63503,-0.17943,0.059006,0.57932,-3.3658,1.2623
0.74816,-0.63595,-0.18018,0.057859,0.51473,-3.3787,1.2583
0.74729,-0.63688,-0.18092,0.056711,0.45059,-3.3916,1.2541
0.74641,-0.6378,-0.18167,0.055563,0.38694,-3.4046,1.2499
0.74552,-0.63872,-0.18241,0.054414,0.32384,-3.4176,1.2455
0.74463,-0.63964,-0.18316,0.053266,0.26134,-3.4307,1.241
0.74375,-0.64055,-0.1839,0.052117,0.19952,-3.4438,1.2365
0.74285,-0.64146,-0.18464,0.050968,0.13841,-3.457,1.2318
0.74196,-0.64237,-0.18539,0.049819,0.078079,-3.4703,1.2271
0.74106,-0.64328,-0.18613,0.04867,0.018578,-3.4836,1.2223
0.74016,-0.64419,-0.18687,0.04752,-0.040041,-3.497,1.2173
0.73926,-0.64509,-0.18761,0.046371,-0.097723,-3.5104,1.2123
0.73836,-0.64599,-0.18835,0.045221,-0.15442,-3.5238,1.2072
0.73745,-0.64689,-0.18909,0.044071,-0.21007,-3.5373,1.202
0.73654,-0.64779,-0.18983,0.042921,-0.26464,-3.5509,1.1968
0.73563,-0.64869,-0.19056,0.041771,-0.31807,-3.5645,1.1915
0.73471,-0.64958,-0.1913,0.040621,-0.37031,-3.5781,1.186
0.7338,-0.65047,-0.19204,0.03947,-0.42132,-3.5918,1.1806
0.73288,-0.65136,-0.19277,0.038319,-0.47105,-3.6055,1.175
0.73195,-0.65224,-0.19351,0.037169,-0.51946,-3.6193,1.1694
0.73103,-0.65312,-0.19424,0.036018,-0.5665,-3.6331,1.1637
0.7301,-0.65401,-0.19498,0.034867,-0.61212,-3.647,1.1579
0.72917,-0.65488,-0.19571,0.033716,-0.6563,-3.6608,1.1521
0.72824,-0.65576,-0.19644,0.032564,-0.69899,-3.6747,1.1462
0.7273,-0.65664,-0.19717,0.031413,-0.74015,-3.6887,1.1402
0.72636,-0.65751,-0.1979,0.030261,-0.77974,-3.7027,1.1342
0.72542,-0.65838,-0.19863,0.02911,-0.81773,-3.7167,1.1282
0.72448,-0.65924,-0.19936,0.027958,-0.85409,-3.7307,1.1221
0.72353,-0.66011,-0.20009,0.026806,-0.88878,-3.7447,1.1159
0.72259,-0.66097,-0.20082,0.025654,-0.92176,-3.7588,1.1097
0.72164,-0.66183,-0.20155,0.024503,-0.95302,-3.7729,1.1035
0.72068,-0.66269,-0.20227,0.02335,-0.98252,-3.7871,1.0972
0.71973,-0.66355,-0.203,0.022198,-1.0102,-3.8012,1.0909
0.71877,-0.6644,-0.20372,0.021046,-1.0361,-3.8154,1.0845
0.71781,-0.66525,-0.20445,0.019894,-1.0602,-3.8296,1.0781
0.71684,-0.6661,-0.20517,0.018741,-1.0824,-3.8438,1.0717
0.71588,-0.66694,-0.2059,0.017589,-1.1028,-3.858,1.0652
0.71491,-0.66779,-0.20662,0.016437,-1.1212,-3.8722,1.0587
0.71394,-0.66863,-0.20734,0.015284,-1.1378,-3.8865,1.0522
0.71297,-0.66947,-0.20806,0.014131,-1.1524,-3.9007,1.0457
0.71199,-0.67031,-0.20878,0.012979,-1.1651,-3.915,1.0392
0.71101,-0.67114,-0.2095,0.011826,-1.1758,-3.9293,1.0326
0.71003,-0.67197,-0.21022,0.010673,-1.1846,-3.9436,1.026
0.70905,-0.6728,-0.21094,0.0095205,-1.1914,-3.9579,1.0194
0.70806,-0.67363,-0.21166,0.0083677,-1.1963,-3.9722,1.0128
0.70707,-0.67446,-0.21237,0.0072149,-1.1991,-3.9865,1.0062
0.70608,-0.67528,-0.21309,0.006062,-1.2,-4.0008,0.99965
0.70509,-0.6761,-0.2138,0.0049091,-1.1989,-4.0151,0.99305
0.7041,-0.67692,-0.21452,0.0037562,-1.1958,-4.0294,0.98645
0.7031,-0.67773,-0.21523,0.0026033,-1.1908,-4.0437,0.97986
0.7021,-0.67855,-0.21594,0.0014504,-1.1838,-4.058,0.97328
0.70109,-0.67936,-0.21666,0.00029745,-1.1748,-4.0722,0.9667
0.70009,-0.68017,-0.21737,-0.00085548,-1.1638,-4.0865,0.96014
0.69908,-0.68097,-0.21808,-0.0020084,-1.1509,-4.1008,0.9536
0.69807,-0.68178,-0.21879,-0.0031613,-1.1361,-4.115,0.94708
0.69706,-0.68258,-0.2195,-0.0043142,-1.1193,-4.1293,0.94057
0.69604,-0.68338,-0.2202,-0.0054671,-1.1007,-4.1435,0.93409
0.69502,-0.68418,-0.22091,-0.00662,-1.0801,-4.1577,0.92764
0.694,-0.68497,-0.22162,-0.0077728,-1.0577,-4.1719,0.92121
0.69298,-0.68576,-0.22232,-0.0089257,-1.0335,-4.1861,0.91482
0.69196,-0.68655,-0.22303,-0.010078,-1.0074,-4.2003,0.90846
0.69093,-0.68734,-0.22373,-0.011231,-0.97944,-4.2145,0.90214
0.6899,-0.68812,-0.22444,-0.012384,-0.94975,-4.2286,0.89586
0.68887,-0.68891,-0.22514,-0.013537,-0.91831,-4.2427,0.88962
0.68783,-0.68969,-0.22584,-0.014689,-0.88514,-4.2568,0.88342
0.6868,-0.69046,-0.22654,-0.015842,-0.85027,-4.2708,0.87727
0.68576,-0.69124,-0.22724,-0.016994,-0.81374,-4.2848,0.87117
0.68471,-0.69201,-0.22794,-0.018147,-0.77557,-4.2988,0.86512
0.68367,-0.69278,-0.22864,-0.019299,-0.73581,-4.3128,0.85912
0.68262,-0.69355,-0.22934,-0.020452,-0.69449,-4.3268,0.85318
0.68157,-0.69431,-0.23004,-0.021604,-0.65164,-4.3407,0.8473
0.68052,-0.69508,-0.23073,-0.022756,-0.6073,-4.3545,0.84148
0.67947,-0.69584,-0.23143,-0.023908,-0.56152,-4.3684,0.83572
0.67841,-0.6966,-0.23212,-0.02506,-0.51433,-4.3822,0.83003
0.67736,-0.69735,-0.23282,-0.026212,-0.46578,-4.3959,0.82441
0.67629,-0.6981,-0.23351,-0.027364,-0.41591,-4.4096,0.81886
0.67523,-0.69886,-0.2342,-0.028516,-0.36477,-4.4233,0.81338
0.67417,-0.6996,-0.2349,-0.029667,-0.3124,-4.437,0.80797
0.6731,-0.70035,-0.23559,-0.030819,-0.25884,-4.4506,0.80264
0.67203,-0.70109,-0.23628,-0.03197,-0.20416,-4.4641,0.79739
0.67095,-0.70183,-0.23696,-0.033122,-0.14839,-4.4776,0.79222
0.66988,-0.70257,-0.23765,-0.034273,-0.091587,-4.4911,0.78714
0.6688,-0.70331,-0.23834,-0.035424,-0.033802,-4.5045,0.78214
0.66772,-0.70404,-0.23903,-0.036575,0.024914,-4.5178,0.77722
0.66664,-0.70477,-0.23971,-0.037726,0.084507,-4.5311,0.7724
0.66556,-0.7055,-0.2404,-0.038876,0.14492,-4.5444,0.76767
0.66447,-0.70623,-0.24108,-0.040027,0.20611,-4.5576,0.76303
0.66338,-0.70695,-0.24176,-0.041177,0.26801,-4.5707,0.75848
0.66229,-0.70767,-0.24245,-0.042328,0.33057,-4.5838,0.75403
0.6612,-0.70839,-0.24313,-0.043478,0.39373,-4.5968,0.74968
0.6601,-0.70911,-0.24381,-0.044628,0.45744,-4.6098,0.74543
0.659,-0.70982,-0.24449,-0.045778,0.52164,-4.6227,0.74128
0.6579,-0.71053,-0.24517,-0.046927,0.58626,-4.6355,0.73724
0.6568,-0.71124,-0.24585,-0.048077,0.65126,-4.6483,0.7333
0.65569,-0.71195,-0.24652,-0.049226,0.71657,-4.661,0.72946
0.65458,-0.71265,-0.2472,-0.050375,0.78214,-4.6737,0.72574
0.65348,-0.71335,-0.24788,-0.051524,0.84791,-4.6863,0.72212
0.65236,-0.71405,-0.24855,-0.052673,0.91381,-4.6988,0.71862
0.65125,-0.71475,-0.24922,-0.053822,0.97979,-4.7112,0.71523
0.65013,-0.71544,-0.2499,-0.05497,1.0458,-4.7236,0.71195
0.64901,-0.71613,-0.25057,-0.056118,1.1117,-4.7359,0.70879
0.64789,-0.71682,-0.25124,-0.057266,1.1776,-4.7481,0.70574
0.64677,-0.71751,-0.25191,-0.058414,1.2433,-4.7602,0.70281
0.64564,-0.71819,-0.25258,-0.059562,1.3088,-4.7723,0.7
0.64451,-0.71887,-0.25325,-0.060709,1.374,-4.7843,0.69731
0.64338,-0.71955,-0.25392,-0.061856,1.4388,-4.7962,0.69475
0.64225,-0.72023,-0.25458,-0.063003,1.5033,-4.8081,0.6923
0.64112,-0.7209,-0.25525,-0.06415,1.5673,-4.8198,0.68998
0.63998,-0.72157,-0.25591,-0.065297,1.6308,-4.8315,0.68778
0.63884,-0.72224,-0.25658,-0.066443,1.6937,-4.8431,0.6857
0.6377,-0.72291,-0.25724,-0.067589,1.7561,-4.8546,0.68375
0.63656,-0.72357,-0.2579,-0.068735,1.8177,-4.866,0.68193
0.63541,-0.72423,-0.25856,-0.069881,1.8786,-4.8774,0.68024
0.63426,-0.72489,-0.25922,-0.071026,1.9387,-4.8886,0.67867
0.63311,-0.72555,-0.25988,-0.072171,1.9979,-4.8998,0.67723
0.63196,-0.7262,-0.26054,-0.073316,2.0563,-4.9108,0.67592
0.6308,-0.72685,-0.2612,-0.074461,2.1137,-4.9218,0.67474
0.62965,-0.7275,-0.26186,-0.075605,2.1701,-4.9327,0.67369
0.62849,-0.72815,-0.26251,-0.076749,2.2255,-4.9435,0.67277
0.62733,-0.72879,-0.26317,-0.077893,2.2797,-4.9542,0.67198
0.62616,-0.72943,-0.26382,-0.079036,2.3328,-4.9648,0.67133
0.625,-0.73007,-0.26447,-0.08018,2.3847,-4.9753,0.6708
0.62383,-0.73071,-0.26513,-0.081323,2.4354,-4.9857,0.67041
0.62266,-0.73134,-0.26578,-0.082465,2.4848,-4.996,0.67015
0.62149,-0.73197,-0.26643,-0.083608,2.5328,-5.0062,0.67002
0.62031,-0.7326,-0.26708,-0.08475,2.5794,-5.0163,0.67002
0.61914,-0.73322,-0.26773,-0.085892,2.6247,-5.0264,0.67015
0.61796,-0.73385,-0.26837,-0.087033,2.6684,-5.0363,0.67042
0.61678,-0.73447,-0.26902,-0.088174,2.7107,-5.0461,0.67081
0.61559,-0.73508,-0.26967,-0.089315,2.7514,-5.0558,0.67134
0.61441,-0.7357,-0.27031,-0.090456,2.7906,-5.0654,0.672
0.61322,-0.73631,-0.27095,-0.091596,2.8281,-5.0748,0.6728
0.61203,-0.73692,-0.2716,-0.092736,2.864,-5.0842,0.67372
0.61084,-0.73753,-0.27224,-0.093876,2.8982,-5.0935,0.67477
0.60964,-0.73813,-0.27288,-0.095015,2.9307,-5.1026,0.67596
0.60845,-0.73874,-0.27352,-0.096154,2.9615,-5.1117,0.67727
0.60725,-0.73934,-0.27416,-0.097293,2.9905,-5.1206,0.67871
0.60605,-0.73993,-0.2748,-0.098431,3.0177,-5.1295,0.68028
0.60485,-0.74053,-0.27543,-0.099569,3.0431,-5.1382,0.68198
0.60364,-0.74112,-0.27607,-0.10071,3.0666,-5.1468,0.68381
0.60244,-0.74171,-0.2767,-0.10184,3.0883,-5.1553,0.68576
0.60123,-0.7423,-0.27734,-0.10298,3.1081,-5.1636,0.68784
0.60002,-0.74288,-0.27797,-0.10412,3.1261,-5.1719,0.69004
0.5988,-0.74346,-0.2786,-0.10525,3.1421,-5.18,0.69236
0.59759,-0.74404,-0.27924,-0.10639,3.1562,-5.188,0.69481
0.59637,-0.74462,-0.27987,-0.10752,3.1683,-5.1959,0.69739
0.59515,-0.74519,-0.2805,-0.10866,3.1785,-5.2037,0.70008
0.59393,-0.74576,-0.28112,-0.10979,3.1867,-5.2114,0.70289
0.59271,-0.74633,-0.28175,-0.11093,3.193,-5.2189,0.70582
0.59148,-0.7469,-0.28238,-0.11206,3.1973,-5.2263,0.70887
0.59026,-0.74746,-0.283,-0.1132,3.1996,-5.2336,0.71204
0.58903,-0.74802,-0.28363,-0.11433,3.1999,-5.2408,0.71532
0.58779,-0.74858,-0.28425,-0.11546,3.1982,-5.2478,0.71871
0.58656,-0.74913,-0.28487,-0.11659,3.1946,-5.2548,0.72222
0.58532,-0.74969,-0.28549,-0.11773,3.189,-5.2616,0.72584
0.58409,-0.75024,-0.28611,-0.11886,3.1814,-5.2682,0.72957
0.58285,-0.75078,-0.28673,-0.11999,3.1719,-5.2748,0.7334
0.5816,-0.75133,-0.28735,-0.12112,3.1604,-5.2812,0.73735
0.58036,-0.75187,-0.28797,-0.12225,3.147,-5.2875,0.7414
0.57911,-0.75241,-0.28859,-0.12338,3.1316,-5.2936,0.74555
0.57787,-0.75295,-0.2892,-0.12451,3.1143,-5.2997,0.7498
0.57662,-0.75348,-0.28982,-0.12564,3.0951,-5.3056,0.75415
0.57536,-0.75401,-0.29043,-0.12677,3.074,-5.3113,0.7586
0.57411,-0.75454,-0.29104,-0.12789,3.0511,-5.317,0.76315
0.57285,-0.75507,-0.29165,-0.12902,3.0263,-5.3225,0.7678
0.5716,-0.75559,-0.29226,-0.13015,2.9997,-5.3279,0.77253
0.57034,-0.75611,-0.29287,-0.13128,2.9713,-5.3331,0.77736
0.56907,-0.75663,-0.29348,-0.1324,2.9411,-5.3382,0.78227
0.56781,-0.75715,-0.29409,-0.13353,2.9092,-5.3432,0.78728
0.56654,-0.75766,-0.29469,-0.13465,2.8755,-5.348,0.79236
0.56528,-0.75817,-0.2953,-0.13578,2.8402,-5.3527,0.79754
0.56401,-0.75868,-0.2959,-0.1369,2.8032,-5.3573,0.80279
0.56273,-0.75919,-0.29651,-0.13803,2.7646,-5.3617,0.80812
0.56146,-0.75969,-0.29711,-0.13915,2.7244,-5.366,0.81353
0.56018,-0.76019,-0.29771,-0.14027,2.6826,-5.3702,0.81901
0.55891,-0.76069,-0.29831,-0.14139,2.6394,-5.3742,0.82456
0.55763,-0.76118,-0.29891,-0.14252,2.5946,-5.3781,0.83019
0.55635,-0.76167,-0.29951,-0.14364,2.5484,-5.3818,0.83588
0.55506,-0.76216,-0.3001,-0.14476,2.5009,-5.3855,0.84164
0.55378,-0.76265,-0.3007,-0.14588,2.4519,-5.3889,0.84746
0.55249,-0.76313,-0.30129,-0.147,2.4017,-5.3923,0.85334
0.5512,-0.76361,-0.30189,-0.14812,2.3502,-5.3955,0.85928
0.54991,-0.76409,-0.30248,-0.14924,2.2975,-5.3985,0.86528
0.54861,-0.76457,-0.30307,-0.15036,2.2436,-5.4014,0.87133
0.54732,-0.76504,-0.30366,-0.15147,2.1886,-5.4042,0.87744
0.54602,-0.76551,-0.30425,-0.15259,2.1326,-5.4068,0.88359
0.54472,-0.76598,-0.30484,-0.15371,2.0755,-5.4093,0.88979
0.54342,-0.76645,-0.30543,-0.15482,2.0174,-5.4117,0.89603
0.54212,-0.76691,-0.30601,-0.15594,1.9585,-5.4139,0.90231
0.54081,-0.76737,-0.3066,-0.15706,1.8986,-5.416,0.90864
0.53951,-0.76782,-0.30718,-0.15817,1.838,-5.4179,0.915
0.5382,-0.76828,-0.30776,-0.15928,1.7766,-5.4197,0.92139
0.53689,-0.76873,-0.30835,-0.1604,1.7145,-5.4213,0.92782
0.53558,-0.76918,-0.30893,-0.16151,1.6518,-5.4228,0.93427
0.53426,-0.76963,-0.30951,-0.16262,1.5885,-5.4242,0.94075
0.53294,-0.77007,-0.31009,-0.16373,1.5246,-5.4254,0.94726
0.53163,-0.77051,-0.31066,-0.16485,1.4603,-5.4265,0.95378
0.53031,-0.77095,-0.31124,-0.16596,1.3956,-5.4274,0.96032
0.52899,-0.77139,-0.31181,-0.16707,1.3305,-5.4282,0.96688
0.52766,-0.77182,-0.31239,-0.16818,1.2651,-5.4288,0.97346
0.52634,-0.77225,-0.31296,-0.16928,1.1994,-5.4293,0.98004
0.52501,-0.77268,-0.31353,-0.17039,1.1336,-5.4297,0.98663
0.52368,-0.7731,-0.31411,-0.1715,1.0677,-5.4299,0.99323
0.52235,-0.77352,-0.31468,-0.17261,1.0017,-5.43,0.99983
0.52102,-0.77394,-0.31524,-0.17371,0.93573,-5.4299,1.0064
0.51968,-0.77436,-0.31581,-0.17482,0.86979,-5.4297,1.013
0.51835,-0.77477,-0.31638,-0.17593,0.80398,-5.4294,1.0196
0.51701,-0.77518,-0.31694,-0.17703,0.73834,-5.4289,1.0262
0.51567,-0.77559,-0.31751,-0.17813,0.67294,-5.4282,1.0328
0.51433,-0.776,-0.31807,-0.17924,0.60783,-5.4274,1.0393
0.51298,-0.7764,-0.31863,-0.18034,0.54307,-5.4265,1.0459
0.51164,-0.7768,-0.31919,-0.18144,0.47872,-5.4255,1.0524
0.51029,-0.7772,-0.31975,-0.18254,0.41485,-5.4242,1.0589
0.50894,-0.7776,-0.32031,-0.18364,0.3515,-5.4229,1.0654
0.50759,-0.77799,-0.32087,-0.18474,0.28873,-5.4214,1.0718
0.50624,-0.77838,-0.32143,-0.18584,0.22661,-5.4198,1.0783
0.50488,-0.77876,-0.32198,-0.18694,0.16518,-5.418,1.0847
0.50353,-0.77915,-0.32254,-0.18804,0.1045,-5.4161,1.091
0.50217,-0.77953,-0.32309,-0.18914,0.044624,-5.414,1.0974
0.50081,-0.77991,-0.32364,-0.19024,-0.014389,-5.4118,1.1036
-0.49945,0.78028,0.32419,0.19133,-0.07249,-5.4094,1.1099
-0.49808,0.78066,0.32474,0.19243,-0.12962,-5.407,1.1161
-0.49672,0.78103,0.32529,0.19352,-0.18574,-5.4043,1.1222
-0.49535,0.7814,0.32584,0.19462,-0.24079,-5.4016,1.1283
-0.49398,0.78176,0.32639,0.19571,-0.29473,-5.3987,1.1344
-0.49261,0.78212,0.32693,0.1968,-0.3475,-5.3956,1.1404
-0.49124,0.78248,0.32748,0.1979,-0.39906,-5.3924,1.1463
-0.48987,0.78284,0.32802,0.19899,-0.44935,-5.3891,1.1522
-0.48849,0.78319,0.32856,0.20008,-0.49835,-5.3856,1.1581
-0.48712,0.78354,0.3291,0.20117,-0.54599,-5.382,1.1638
-0.48574,0.78389,0.32964,0.20226,-0.59225,-5.3783,1.1695
-0.48436,0.78424,0.33018,0.20335,-0.63707,-5.3744,1.1751
-0.48298,0.78458,0.33072,0.20443,-0.68041,-5.3704,1.1807
-0.48159,0.78492,0.33125,0.20552,-0.72225,-5.3662,1.1862
-0.48021,0.78526,0.33179,0.20661,-0.76254,-5.362,1.1916
-0.47882,0.78559,0.33232,0.20769,-0.80124,-5.3575,1.1969
-0.47743,0.78593,0.33285,0.20878,-0.83831,-5.353,1.2022
-0.47604,0.78626,0.33338,0.20986,-0.87374,-5.3483,1.2074
-0.47465,0.78658,0.33391,0.21095,-0.90748,-5.3434,1.2125
-0.47325,0.78691,0.33444,0.21203,-0.9395,-5.3385,1.2175
-0.47186,0.78723,0.33497,0.21311,-0.96977,-5.3334,1.2224
-0.47046,0.78755,0.3355,0.21419,-0.99828,-5.3281,1.2272
-0.46906,0.78786,0.33602,0.21527,-1.025,-5.3228,1.232
-0.46766,0.78817,0.33655,0.21635,-1.0499,-5.3173,1.2366
-0.46626,0.78848,0.33707,0.21743,-1.0729,-5.3116,1.2412
-0.46486,0.78879,0.33759,0.21851,-1.0941,-5.3059,1.2456
-0.46345,0.7891,0.33811,0.21959,-1.1134,-5.3,1.25
-0.46205,0.7894,0.33863,0.22067,-1.1307,-5.294,1.2542
-0.46064,0.7897,0.33915,0.22174,-1.1462,-5.2878,1.2584
-0.45923,0.78999,0.33967,0.22282,-1.1598,-5.2815,1.2624
-0.45782,0.79029,0.34019,0.22389,-1.1713,-5.2751,1.2664
-0.4564,0.79058,0.3407,0.22497,-1.181,-5.2686,1.2702
-0.45499,0.79086,0.34121,0.22604,-1.1887,-5.2619,1.274
-0.45357,0.79115,0.34173,0.22711,-1.1944,-5.2551,1.2776
-0.45215,0.79143,0.34224,0.22818,-1.1981,-5.2482,1.2811
-0.45073,0.79171,0.34275,0.22925,-1.1999,-5.2412,1.2845
-0.44931,0.79199,0.34326,0.23032,-1.1996,-5.234,1.2878
-0.44789,0.79226,0.34376,0.23139,-1.1974,-5.2267,1.291
-0.44646,0.79253,0.34427,0.23246,-1.1932,-5.2193,1.294
-0.44504,0.7928,0.34478,0.23353,-1.1871,-5.2118,1.297
-0.44361,0.79307,0.34528,0.23459,-1.179,-5.2041,1.2998
-0.44218,0.79333,0.34578,0.23566,-1.1689,-5.1963,1.3025
-0.44075,0.79359,0.34628,0.23672,-1.1568,-5.1885,1.3051
-0.43932,0.79385,0.34679,0.23779,-1.1429,-5.1804,1.3075
-0.43789,0.7941,0.34728,0.23885,-1.1269,-5.1723,1.3098
-0.43645,0.79435,0.34778,0.23991,-1.1091,-5.1641,1.3121
-0.43501,0.7946,0.34828,0.24098,-1.0894,-5.1557,1.3141
-0.43357,0.79485,0.34877,0.24204,-1.0678,-5.1472,1.3161
-0.43214,0.79509,0.34927,0.2431,-1.0443,-5.1386,1.3179
-0.43069,0.79533,0.34976,0.24416,-1.019,-5.1299,1.3196
-0.42925,0.79557,0.35025,0.24521,-0.99193,-5.1211,1.3212
-0.42781,0.79581,0.35075,0.24627,-0.96302,-5.1122,1.3227
-0.42636,0.79604,0.35123,0.24733,-0.93234,-5.1031,1.324
-0.42491,0.79627,0.35172,0.24838,-0.89993,-5.094,1.3252
-0.42346,0.7965,0.35221,0.24944,-0.8658,-5.0847,1.3262
-0.42201,0.79672,0.3527,0.25049,-0.83,-5.0753,1.3272
-0.42056,0.79694,0.35318,0.25154,-0.79255,-5.0658,1.328
-0.41911,0.79716,0.35366,0.2526,-0.75348,-5.0563,1.3286
-0.41765,0.79738,0.35415,0.25365,-0.71284,-5.0466,1.3292
-0.4162,0.79759,0.35463,0.2547,-0.67066,-5.0368,1.3296
-0.41474,0.7978,0.35511,0.25575,-0.62697,-5.0269,1.3298
-0.41328,0.79801,0.35558,0.2568,-0.58182,-5.0169,1.33
-0.41182,0.79821,0.35606,0.25784,-0.53524,-5.0068,1.33
-0.41036,0.79841,0.35654,0.25889,-0.48729,-4.9966,1.3299
-0.4089,0.79861,0.35701,0.25994,-0.43799,-4.9863,1.3296
-0.40743,0.79881,0.35749,0.26098,-0.3874,-4.9758,1.3292
-0.40597,0.799,0.35796,0.26203,-0.33556,-4.9653,1.3287
-0.4045,0.79919,0.35843,0.26307,-0.28252,-4.9547,1.3281
-0.40303,0.79938,0.3589,0.26411,-0.22833,-4.9441,1.3273
-0.40156,0.79956,0.35937,0.26515,-0.17303,-4.9333,1.3264
-0.40009,0.79975,0.35983,0.26619,-0.11668,-4.9224,1.3253
-0.39861,0.79993,0.3603,0.26723,-0.059316,-4.9114,1.3241
-0.39714,0.8001,0.36076,0.26827,-0.0010033,-4.9003,1.3228
-0.39566,0.80028,0.36123,0.26931,0.058211,-4.8892,1.3214
-0.39418,0.80045,0.36169,0.27034,0.11827,-4.878,1.3198
-0.39271,0.80061,0.36215,0.27138,0.17913,-4.8666,1.3182
-0.39123,0.80078,0.36261,0.27241,0.24072,-4.8552,1.3163
-0.38974,0.80094,0.36307,0.27345,0.303,-4.8437,1.3144
-0.38826,0.8011,0.36352,0.27448,0.3659,-4.8321,1.3123
-0.38678,0.80126,0.36398,0.27551,0.42938,-4.8204,1.3101
-0.38529,0.80141,0.36443,0.27654,0.49337,-4.8087,1.3078
-0.3838,0.80156,0.36489,0.27757,0.55781,-4.7969,1.3054
-0.38232,0.80171,0.36534,0.2786,0.62265,-4.7849,1.3028
-0.38083,0.80186,0.36579,0.27963,0.68783,-4.7729,1.3001
-0.37933,0.802,0.36624,0.28066,0.7533,-4.7609,1.2973
-0.37784,0.80214,0.36669,0.28168,0.81898,-4.7487,1.2944
-0.37635,0.80228,0.36713,0.28271,0.88483,-4.7365,1.2914
-0.37485,0.80241,0.36758,0.28373,0.95078,-4.7242,1.2882
-0.37336,0.80254,0.36802,0.28475,1.0168,-4.7118,1.2849
-0.37186,0.80267,0.36847,0.28578,1.0828,-4.6994,1.2816
-0.37036,0.8028,0.36891,0.2868,1.1487,-4.6869,1.2781
-0.36886,0.80292,0.36935,0.28782,1.2144,-4.6743,1.2745
-0.36736,0.80304,0.36979,0.28884,1.28,-4.6617,1.2707
-0.36586,0.80316,0.37022,0.28985,1.3453,-4.649,1.2669
-0.36435,0.80328,0.37066,0.29087,1.4104,-4.6362,1.263
-0.36285,0.80339,0.3711,0.29189,1.475,-4.6234,1.2589
-0.36134,0.8035,0.37153,0.2929,1.5392,-4.6105,1.2548
-0.35983,0.8036,0.37196,0.29392,1.603,-4.5975,1.2505
-0.35832,0.80371,0.37239,0.29493,1.6662,-4.5845,1.2462
-0.35681,0.80381,0.37282,0.29594,1.7287,-4.5714,1.2418
-0.3553,0.80391,0.37325,0.29695,1.7907,-4.5583,1.2372
-0.35379,0.804,0.37368,0.29796,1.8519,-4.5451,1.2326
-0.35227,0.80409,0.37411,0.29897,1.9124,-4.5318,1.2278
-0.35076,0.80418,0.37453,0.29998,1.972,-4.5185,1.223
-0.34924,0.80427,0.37495,0.30098,2.0308,-4.5052,1.2181
-0.34772,0.80435,0.37538,0.30199,2.0886,-4.4918,1.2131
-0.34621,0.80443,0.3758,0.30299,2.1455,-4.4783,1.208
-0.34469,0.80451,0.37622,0.304,2.2013,-4.4648,1.2029
-0.34316,0.80459,0.37663,0.305,2.256,-4.4513,1.1976
-0.34164,0.80466,0.37705,0.306,2.3096,-4.4377,1.1923
-0.34012,0.80473,0.37747,0.307,2.3621,-4.424,1.1869
-0.33859,0.8048,0.37788,0.308,2.4133,-4.4104,1.1814
-0.33707,0.80486,0.37829,0.309,2.4632,-4.3966,1.1759
-0.33554,0.80492,0.3787,0.31,2.5118,-4.3829,1.1703
-0.33401,0.80498,0.37912,0.31099,2.5591,-4.3691,1.1646
-0.33248,0.80504,0.37952,0.31199,2.605,-4.3553,1.1588
-0.33095,0.80509,0.37993,0.31298,2.6494,-4.3414,1.153
-0.32942,0.80514,0.38034,0.31397,2.6923,-4.3275,1.1471
-0.32788,0.80519,0.38074,0.31496,2.7337,-4.3135,1.1412
-0.32635,0.80523,0.38115,0.31595,2.7735,-4.2996,1.1352
-0.32481,0.80527,0.38155,0.31694,2.8118,-4.2856,1.1292
-0.32328,0.80531,0.38195,0.31793,2.8484,-4.2716,1.1231
-0.32174,0.80535,0.38235,0.31892,2.8834,-4.2575,1.1169
-0.3202,0.80538,0.38275,0.3199,2.9166,-4.2434,1.1107
-0.31866,0.80541,0.38314,0.32089,2.9482,-4.2293,1.1045
-0.31712,0.80544,0.38354,0.32187,2.9779,-4.2152,1.0982
-0.31558,0.80546,0.38393,0.32286,3.0059,-4.201,1.0919
-0.31403,0.80548,0.38433,0.32384,3.0321,-4.1869,1.0855
-0.31249,0.8055,0.38472,0.32482,3.0565,-4.1727,1.0791
-0.31094,0.80552,0.38511,0.3258,3.079,-4.1585,1.0727
-0.3094,0.80553,0.3855,0.32678,3.0997,-4.1443,1.0662
-0.30785,0.80554,0.38588,0.32775,3.1184,-4.13,1.0598
-0.3063,0.80555,0.38627,0.32873,3.1353,-4.1158,1.0533
-0.30475,0.80556,0.38665,0.3297,3.1502,-4.1015,1.0467
-0.3032,0.80556,0.38704,0.33068,3.1632,-4.0873,1.0402
-0.30165,0.80556,0.38742,0.33165,3.1742,-4.073,1.0336
-0.3001,0.80555,0.3878,0.33262,3.1833,-4.0587,1.0271
-0.29854,0.80555,0.38818,0.33359,3.1905,-4.0444,1.0205
-0.29699,0.80554,0.38856,0.33456,3.1956,-4.0301,1.0139
-0.29543,0.80553,0.38893,0.33553,3.1988,-4.0158,1.0073
-0.29387,0.80551,0.38931,0.33649,3.2,-4.0015,1.0007
-0.29232,0.80549,0.38968,0.33746,3.1992,-3.9872,0.9941
-0.29076,0.80547,0.39006,0.33842,3.1964,-3.9729,0.9875
-0.2892,0.80545,0.39043,0.33938,3.1917,-3.9586,0.98091
-0.28763,0.80542,0.3908,0.34035,3.185,-3.9443,0.97432
-0.28607,0.8054,0.39117,0.34131,3.1763,-3.93,0.96775
-0.28451,0.80536,0.39153,0.34227,3.1657,-3.9158,0.96119
-0.28294,0.80533,0.3919,0.34322,3.1531,-3.9015,0.95464
-0.28138,0.80529,0.39226,0.34418,3.1386,-3.8872,0.94811
-0.27981,0.80525,0.39263,0.34514,3.1221,-3.873,0.94161
-0.27825,0.80521,0.39299,0.34609,3.1038,-3.8587,0.93512
-0.27668,0.80516,0.39335,0.34705,3.0835,-3.8445,0.92867
-0.27511,0.80511,0.39371,0.348,3.0614,-3.8303,0.92224
-0.27354,0.80506,0.39406,0.34895,3.0374,-3.8161,0.91584
-0.27197,0.80501,0.39442,0.3499,3.0116,-3.8019,0.90947
-0.27039,0.80495,0.39477,0.35085,2.984,-3.7878,0.90314
-0.26882,0.80489,0.39513,0.35179,2.9546,-3.7737,0.89686
-0.26725,0.80483,0.39548,0.35274,2.9234,-3.7596,0.89061
-0.26567,0.80476,0.39583,0.35368,2.8905,-3.7455,0.8844
-0.2641,0.80469,0.39618,0.35463,2.8559,-3.7314,0.87824
-0.26252,0.80462,0.39653,0.35557,2.8197,-3.7174,0.87213
-0.26094,0.80455,0.39687,0.35651,2.7818,-3.7034,0.86608
-0.25936,0.80447,0.39722,0.35745,2.7423,-3.6894,0.86007
-0.25778,0.80439,0.39756,0.35839,2.7012,-3.6755,0.85412
-0.2562,0.80431,0.3979,0.35933,2.6586,-3.6616,0.84823
-0.25462,0.80423,0.39824,0.36026,2.6145,-3.6477,0.8424
-0.25304,0.80414,0.39858,0.3612,2.5689,-3.6338,0.83664
-0.25146,0.80405,0.39892,0.36213,2.5219,-3.62,0.83093
-0.24987,0.80395,0.39926,0.36306,2.4736,-3.6063,0.8253
-0.24829,0.80386,0.39959,0.36399,2.4239,-3.5925,0.81974
-0.2467,0.80376,0.39993,0.36492,2.373,-3.5788,0.81424
-0.24512,0.80366,0.40026,0.36585,2.3208,-3.5652,0.80883
-0.24353,0.80355,0.40059,0.36678,2.2675,-3.5516,0.80349
-0.24194,0.80344,0.40092,0.36771,2.2129,-3.538,0.79822
-0.24035,0.80333,0.40125,0.36863,2.1573,-3.5245,0.79304
-0.23876,0.80322,0.40158,0.36955,2.1007,-3.5111,0.78794
-0.23717,0.8031,0.4019,0.37048,2.0431,-3.4977,0.78293
-0.23558,0.80298,0.40222,0.3714,1.9845,-3.4843,0.778
-0.23399,0.80286,0.40255,0.37232,1.925,-3.471,0.77316
-0.23239,0.80274,0.40287,0.37323,1.8648,-3.4577,0.76841
-0.2308,0.80261,0.40319,0.37415,1.8037,-3.4445,0.76376
-0.22921,0.80248,0.40351,0.37507,1.7419,-3.4314,0.7592
-0.22761,0.80235,0.40382,0.37598,1.6794,-3.4183,0.75473
-0.22601,0.80221,0.40414,0.37689,1.6164,-3.4052,0.75037
-0.22442,0.80207,0.40445,0.3778,1.5527,-3.3923,0.7461
-0.22282,0.80193,0.40477,0.37871,1.4886,-3.3794,0.74194
-0.22122,0.80179,0.40508,0.37962,1.4241,-3.3665,0.73787
-0.21962,0.80164,0.40539,0.38053,1.3591,-3.3537,0.73392
-0.21802,0.80149,0.4057,0.38144,1.2938,-3.341,0.73007
-0.21642,0.80134,0.406,0.38234,1.2283,-3.3283,0.72632
-0.21482,0.80118,0.40631,0.38325,1.1626,-3.3157,0.72269
-0.21321,0.80102,0.40661,0.38415,1.0967,-3.3032,0.71917
-0.21161,0.80086,0.40691,0.38505,1.0307,-3.2908,0.71576
-0.21001,0.8007,0.40722,0.38595,0.96473,-3.2784,0.71246
-0.2084,0.80053,0.40752,0.38685,0.89876,-3.2661,0.70928
-0.2068,0.80036,0.40781,0.38774,0.83289,-3.2538,0.70622
-0.20519,0.80019,0.40811,0.38864,0.76716,-3.2417,0.70327
-0.20358,0.80001,0.40841,0.38953,0.70165,-3.2296,0.70044
-0.20197,0.79984,0.4087,0.39043,0.6364,-3.2176,0.69773
-0.20037,0.79966,0.40899,0.39132,0.57148,-3.2057,0.69515
-0.19876,0.79947,0.40929,0.39221,0.50695,-3.1938,0.69268
-0.19715,0.79929,0.40958,0.3931,0.44286,-3.182,0.69034
-0.19554,0.7991,0.40986,0.39398,0.37927,-3.1704,0.68812
-0.19393,0.7989,0.41015,0.39487,0.31624,-3.1587,0.68602
-0.19231,0.79871,0.41044,0.39575,0.25383,-3.1472,0.68406
-0.1907,0.79851,0.41072,0.39664,0.19209,-3.1358,0.68221
-0.18909,0.79831,0.411,0.39752,0.13107,-3.1244,0.6805
-0.18747,0.79811,0.41128,0.3984,0.070836,-3.1132,0.67891
-0.18586,0.7979,0.41156,0.39928,0.011438,-3.102,0.67745
-0.18424,0.79769,0.41184,0.40015,-0.04707,-3.0909,0.67612
-0.18263,0.79748,0.41212,0.40103,-0.10464,-3.0799,0.67492
-0.18101,0.79727,0.4124,0.40191,-0.16121,-3.069,0.67385
-0.17939,0.79705,0.41267,0.40278,-0.21673,-3.0582,0.67291
-0.17778,0.79683,0.41294,0.40365,-0.27117,-3.0475,0.6721
-0.17616,0.79661,0.41321,0.40452,-0.32445,-3.0369,0.67142
-0.17454,0.79638,0.41348,0.40539,-0.37655,-3.0264,0.67088
-0.17292,0.79616,0.41375,0.40626,-0.42741,-3.0159,0.67046
-0.1713,0.79592,0.41402,0.40712,-0.47698,-3.0056,0.67018
-0.16968,0.79569,0.41428,0.40799,-0.52522,-2.9954,0.67003
-0.16806,0.79545,0.41455,0.40885,-0.57209,-2.9853,0.67001
-0.16643,0.79521,0.41481,0.40971,-0.61755,-2.9752,0.67012
-0.16481,0.79497,0.41507,0.41057,-0.66155,-2.9653,0.67037
-0.16319,0.79473,0.41533,0.41143,-0.70405,-2.9555,0.67074
-0.16157,0.79448,0.41559,0.41229,-0.74502,-2.9458,0.67125
-0.15994,0.79423,0.41585,0.41315,-0.78442,-2.9362,0.67189
-0.15832,0.79398,0.4161,0.414,-0.82222,-2.9267,0.67266
-0.15669,0.79372,0.41635,0.41486,-0.85837,-2.9173,0.67356
-0.15506,0.79346,0.41661,0.41571,-0.89286,-2.908,0.6746
-0.15344,0.7932,0.41686,0.41656,-0.92564,-2.8988,0.67576
-0.15181,0.79294,0.41711,0.41741,-0.95668,-2.8897,0.67705
-0.15018,0.79267,0.41735,0.41825,-0.98597,-2.8808,0.67847
-0.14856,0.7924,0.4176,0.4191,-1.0135,-2.8719,0.68002
-0.14693,0.79213,0.41785,0.41994,-1.0392,-2.8632,0.6817
-0.1453,0.79185,0.41809,0.42079,-1.063,-2.8546,0.68351
-0.14367,0.79157,0.41833,0.42163,-1.085,-2.8461,0.68544
-0.14204,0.79129,0.41857,0.42247,-1.1051,-2.8377,0.6875
-0.14041,0.79101,0.41881,0.42331,-1.1233,-2.8294,0.68968
-0.13878,0.79072,0.41905,0.42415,-1.1397,-2.8213,0.69199
-0.13714,0.79043,0.41929,0.42498,-1.154,-2.8132,0.69442
-0.13551,0.79014,0.41952,0.42582,-1.1665,-2.8053,0.69697
-0.13388,0.78984,0.41975,0.42665,-1.177,-2.7975,0.69964
-0.13225,0.78955,0.41999,0.42748,-1.1855,-2.7898,0.70244
-0.13061,0.78925,0.42022,0.42831,-1.1921,-2.7823,0.70535
-0.12898,0.78894,0.42044,0.42914,-1.1967,-2.7748,0.70838
-0.12735,0.78864,0.42067,0.42996,-1.1993,-2.7675,0.71153
-0.12571,0.78833,0.4209,0.43079,-1.2,-2.7603,0.71479
-0.12408,0.78802,0.42112,0.43161,-1.1986,-2.7533,0.71817
-0.12244,0.7877,0.42135,0.43244,-1.1953,-2.7463,0.72166
-0.1208,0.78739,0.42157,0.43326,-1.19,-2.7395,0.72526
-0.11917,0.78707,0.42179,0.43407,-1.1828,-2.7328,0.72897
-0.11753,0.78674,0.42201,0.43489,-1.1735,-2.7263,0.73279
-0.11589,0.78642,0.42222,0.43571,-1.1624,-2.7198,0.73671
-0.11425,0.78609,0.42244,0.43652,-1.1492,-2.7135,0.74074
-0.11262,0.78576,0.42265,0.43734,-1.1342,-2.7073,0.74488
-0.11098,0.78543,0.42286,0.43815,-1.1172,-2.7013,0.74912
-0.10934,0.78509,0.42308,0.43896,-1.0983,-2.6954,0.75345
-0.1077,0.78475,0.42329,0.43977,-1.0775,-2.6896,0.75789
-0.10606,0.78441,0.42349,0.44057,-1.0549,-2.6839,0.76242
-0.10442,0.78407,0.4237,0.44138,-1.0304,-2.6784,0.76705
-0.10278,0.78372,0.42391,0.44218,-1.0041,-2.673,0.77177
-0.10114,0.78337,0.42411,0.44298,-0.97594,-2.6677,0.77658
-0.099497,0.78302,0.42431,0.44379,-0.94604,-2.6626,0.78149
-0.097855,0.78266,0.42451,0.44458,-0.91439,-2.6576,0.78647
-0.096214,0.7823,0.42471,0.44538,-0.88101,-2.6527,0.79155
-0.094571,0.78194,0.42491,0.44618,-0.84594,-2.648,0.79671
-0.092929,0.78158,0.42511,0.44697,-0.80921,-2.6434,0.80195
-0.091286,0.78121,0.4253,0.44777,-0.77085,-2.639,0.80726
-0.089643,0.78084,0.42549,0.44856,-0.73089,-2.6347,0.81266
-0.087999,0.78047,0.42569,0.44935,-0.68938,-2.6305,0.81813
-0.086355,0.7801,0.42588,0.45014,-0.64635,-2.6264,0.82367
-0.084711,0.77972,0.42607,0.45092,-0.60184,-2.6225,0.82929
-0.083067,0.77934,0.42625,0.45171,-0.55589,-2.6187,0.83497
-0.081422,0.77896,0.42644,0.45249,-0.50853,-2.6151,0.84072
-0.079777,0.77857,0.42662,0.45327,-0.45982,-2.6116,0.84653
-0.078132,0.77818,0.42681,0.45405,-0.40979,-2.6083,0.8524
-0.076486,0.77779,0.42699,0.45483,-0.3585,-2.605,0.85833
-0.07484,0.7774,0.42717,0.45561,-0.30598,-2.602,0.86432
-0.073194,0.777,0.42735,0.45638,-0.25229,-2.599,0.87037
-0.071548,0.7766,0.42752,0.45716,-0.19747,-2.5962,0.87646
-0.069901,0.7762,0.4277,0.45793,-0.14157,-2.5936,0.88261
-0.068255,0.7758,0.42787,0.4587,-0.084647,-2.5911,0.8888
-0.066608,0.77539,0.42804,0.45947,-0.026747,-2.5887,0.89503
-0.06496,0.77498,0.42822,0.46024,0.032078,-2.5865,0.90131
-0.063313,0.77457,0.42838,0.461,0.091774,-2.5844,0.90763
-0.061665,0.77415,0.42855,0.46177,0.15229,-2.5824,0.91398
-0.060017,0.77373,0.42872,0.46253,0.21356,-2.5806,0.92037
-0.058369,0.77331,0.42888,0.46329,0.27555,-2.5789,0.92679
-0.05672,0.77289,0.42905,0.46405,0.33818,-2.5774,0.93324
-0.055072,0.77246,0.42921,0.46481,0.40141,-2.576,0.93972
-0.053423,0.77203,0.42937,0.46557,0.46518,-2.5748,0.94622
-0.051774,0.7716,0.42953,0.46632,0.52943,-2.5737,0.95274
-0.050125,0.77117,0.42969,0.46707,0.59411,-2.5727,0.95928
-0.048476,0.77073,0.42984,0.46782,0.65915,-2.5719,0.96584
-0.046826,0.77029,0.43,0.46857,0.72449,-2.5713,0.97241
-0.045176,0.76985,0.43015,0.46932,0.79009,-2.5707,0.97899
-0.043527,0.7694,0.4303,0.47007,0.85587,-2.5703,0.98558
-0.041877,0.76896,0.43045,0.47081,0.92179,-2.5701,0.99218
-0.040227,0.76851,0.4306,0.47156,0.98777,-2.57,0.99878
-0.038576,0.76805,0.43075,0.4723,1.0538,-2.57,1.0054
-0.036926,0.7676,0.43089,0.47304,1.1197,-2.5702,1.012
-0.035275,0.76714,0.43104,0.47378,1.1855,-2.5706,1.0186
-0.033625,0.76668,0.43118,0.47451,1.2512,-2.571,1.0252
-0.031974,0.76621,0.43132,0.47525,1.3167,-2.5717,1.0317
-0.030323,0.76575,0.43146,0.47598,1.3818,-2.5724,1.0383
-0.028672,0.76528,0.4316,0.47671,1.4466,-2.5733,1.0448
-0.027021,0.76481,0.43173,0.47744,1.5111,-2.5744,1.0514
-0.02537,0.76433,0.43187,0.47817,1.575,-2.5756,1.0579
-0.023719,0.76385,0.432,0.4789,1.6385,-2.5769,1.0644
-0.022067,0.76337,0.43213,0.47962,1.7013,-2.5784,1.0708
-0.020416,0.76289,0.43226,0.48034,1.7635,-2.58,1.0773
-0.018764,0.76241,0.43239,0.48107,1.8251,-2.5817,1.0837
-0.017113,0.76192,0.43252,0.48178,1.8859,-2.5836,1.09
-0.015461,0.76143,0.43264,0.4825,1.9459,-2.5857,1.0964
-0.01381,0.76093,0.43277,0.48322,2.0051,-2.5878,1.1026
-0.012158,0.76044,0.43289,0.48393,2.0633,-2.5902,1.1089
-0.010506,0.75994,0.43301,0.48465,2.1206,-2.5926,1.1151
-0.0088543,0.75944,0.43313,0.48536,2.1769,-2.5952,1.1213
-0.0072025,0.75893,0.43325,0.48607,2.2321,-2.598,1.1274
-0.0055506,0.75843,0.43337,0.48678,2.2862,-2.6009,1.1334
-0.0038987,0.75792,0.43348,0.48748,2.3392,-2.6039,1.1395
-0.0022468,0.75741,0.4336,0.48819,2.3909,-2.6071,1.1454
-0.00059495,0.75689,0.43371,0.48889,2.4414,-2.6104,1.1513
0.0010569,0.75637,0.43382,0.48959,2.4906,-2.6138,1.1571
0.0027088,0.75585,0.43393,0.49029,2.5385,-2.6174,1.1629
0.0043607,0.75533,0.43403,0.49099,2.585,-2.6211,1.1686
0.0060126,0.75481,0.43414,0.49168,2.63,-2.625,1.1743
0.0076644,0.75428,0.43425,0.49238,2.6736,-2.629,1.1798
0.0093163,0.75375,0.43435,0.49307,2.7157,-2.6331,1.1853
0.010968,0.75322,0.43445,0.49376,2.7562,-2.6374,1.1907
0.01262,0.75268,0.43455,0.49445,2.7952,-2.6418,1.1961
0.014272,0.75214,0.43465,0.49514,2.8325,-2.6463,1.2014
0.015923,0.7516,0.43474,0.49582,2.8682,-2.651,1.2065
0.017575,0.75106,0.43484,0.49651,2.9022,-2.6558,1.2117
0.019226,0.75051,0.43493,0.49719,2.9345,-2.6607,1.2167
0.020878,0.74996,0.43503,0.49787,2.9651,-2.6658,1.2216
0.022529,0.74941,0.43512,0.49855,2.9939,-2.671,1.2265
0.02418,0.74886,0.43521,0.49922,3.0208,-2.6764,1.2312
0.025832,0.7483,0.43529,0.4999,3.046,-2.6819,1.2359
0.027483,0.74774,0.43538,0.50057,3.0694,-2.6875,1.2404
0.029134,0.74718,0.43547,0.50124,3.0908,-2.6932,1.2449
0.030785,0.74661,0.43555,0.50191,3.1104,-2.6991,1.2493
0.032436,0.74605,0.43563,0.50258,3.1281,-2.7051,1.2536
0.034086,0.74548,0.43571,0.50325,3.1439,-2.7112,1.2577
0.035737,0.7449,0.43579,0.50391,3.1577,-2.7175,1.2618
0.037388,0.74433,0.43587,0.50458,3.1696,-2.7239,1.2658
0.039038,0.74375,0.43594,0.50524,3.1796,-2.7304,1.2696
0.040688,0.74317,0.43602,0.5059,3.1876,-2.737,1.2734
0.042338,0.74259,0.43609,0.50655,3.1936,-2.7438,1.277
0.043988,0.742,0.43616,0.50721,3.1976,-2.7507,1.2806
0.045638,0.74142,0.43623,0.50786,3.1997,-2.7577,1.284
0.047287,0.74082,0.4363,0.50852,3.1998,-2.7648,1.2873
0.048937,0.74023,0.43636,0.50917,3.1979,-2.7721,1.2905
0.050586,0.73964,0.43643,0.50981,3.194,-2.7795,1.2935
0.052235,0.73904,0.43649,0.51046,3.1882,-2.787,1.2965
0.053884,0.73844,0.43655,0.51111,3.1804,-2.7947,1.2993
0.055533,0.73783,0.43661,0.51175,3.1706,-2.8024,1.3021
0.057181,0.73723,0.43667,0.51239,3.1589,-2.8103,1.3047
0.05883,0.73662,0.43673,0.51303,3.1452,-2.8183,1.3071
0.060478,0.73601,0.43678,0.51367,3.1296,-2.8264,1.3095
0.062126,0.73539,0.43684,0.51431,3.1121,-2.8346,1.3117
0.063773,0.73478,0.43689,0.51494,3.0927,-2.843,1.3138
0.065421,0.73416,0.43694,0.51557,3.0714,-2.8514,1.3158
0.067068,0.73354,0.43699,0.5162,3.0482,-2.86,1.3176
0.068715,0.73291,0.43704,0.51683,3.0232,-2.8687,1.3194
0.070362,0.73228,0.43709,0.51746,2.9964,-2.8775,1.321
0.072008,0.73166,0.43713,0.51808,2.9677,-2.8864,1.3224
0.073655,0.73102,0.43718,0.51871,2.9373,-2.8954,1.3238
0.075301,0.73039,0.43722,0.51933,2.9052,-2.9046,1.325
0.076947,0.72975,0.43726,0.51995,2.8714,-2.9138,1.3261
0.078592,0.72911,0.4373,0.52057,2.8358,-2.9232,1.327
0.080237,0.72847,0.43733,0.52118,2.7986,-2.9326,1.3278
0.081882,0.72783,0.43737,0.5218,2.7598,-2.9422,1.3285
0.083527,0.72718,0.4374,0.52241,2.7194,-2.9519,1.3291
0.085171,0.72653,0.43744,0.52302,2.6775,-2.9617,1.3295
0.086815,0.72588,0.43747,0.52363,2.634,-2.9715,1.3298
0.088459,0.72522,0.4375,0.52424,2.5891,-2.9815,1.33
0.090102,0.72456,0.43753,0.52484,2.5428,-2.9916,1.33
0.091745,0.7239,0.43755,0.52544,2.495,-3.0018,1.3299
0.093388,0.72324,0.43758,0.52605,2.4459,-3.0121,1.3297
0.095031,0.72258,0.4376,0.52665,2.3955,-3.0225,1.3293
0.096673,0.72191,0.43762,0.52724,2.3439,-3.033,1.3288
0.098315,0.72124,0.43764,0.52784,2.2911,-3.0436,1.3282
0.099956,0.72057,0.43766,0.52843,2.237,-3.0542,1.3274
0.1016,0.71989,0.43768,0.52903,2.1819,-3.065,1.3265
0.10324,0.71921,0.4377,0.52962,2.1257,-3.0759,1.3255
0.10488,0.71853,0.43771,0.53021,2.0685,-3.0868,1.3243
0.10652,0.71785,0.43772,0.53079,2.0104,-3.0979,1.3231
0.10816,0.71717,0.43773,0.53138,1.9513,-3.109,1.3216
0.1098,0.71648,0.43774,0.53196,1.8913,-3.1203,1.3201
0.11144,0.71579,0.43775,0.53254,1.8306,-3.1316,1.3184
0.11307,0.7151,0.43776,0.53312,1.7691,-3.143,1.3166
0.11471,0.7144,0.43776,0.5337,1.707,-3.1545,1.3147
0.11635,0.7137,0.43777,0.53427,1.6442,-3.166,1.3127
0.11799,0.713,0.43777,0.53485,1.5808,-3.1777,1.3105
0.11962,0.7123,0.43777,0.53542,1.5169,-3.1894,1.3082
0.12126,0.7116,0.43777,0.53599,1.4525,-3.2013,1.3058
0.1229,0.71089,0.43777,0.53656,1.3877,-3.2132,1.3032
0.12453,0.71018,0.43776,0.53712,1.3226,-3.2251,1.3006
0.12617,0.70947,0.43776,0.53769,1.2571,-3.2372,1.2978
0.1278,0.70875,0.43775,0.53825,1.1915,-3.2493,1.2949
0.12944,0.70803,0.43774,0.53881,1.1257,-3.2615,1.2919
0.13107,0.70731,0.43773,0.53937,1.0597,-3.2738,1.2887
0.1327,0.70659,0.43772,0.53993,0.99373,-3.2862,1.2855
0.13434,0.70587,0.43771,0.54048,0.92775,-3.2986,1.2821
0.13597,0.70514,0.43769,0.54103,0.86183,-3.3111,1.2786
0.1376,0.70441,0.43768,0.54158,0.79603,-3.3237,1.275
0.13923,0.70368,0.43766,0.54213,0.73041,-3.3363,1.2713
0.14086,0.70294,0.43764,0.54268,0.66504,-3.349,1.2675
0.14249,0.7022,0.43762,0.54323,0.59997,-3.3618,1.2636
0.14412,0.70146,0.4376,0.54377,0.53526,-3.3746,1.2596
0.14575,0.70072,0.43757,0.54431,0.47097,-3.3875,1.2555
0.14738,0.69998,0.43755,0.54485,0.40715,-3.4004,1.2512
0.14901,0.69923,0.43752,0.54539,0.34387,-3.4134,1.2469
0.15064,0.69848,0.43749,0.54592,0.28118,-3.4265,1.2425
0.15227,0.69773,0.43746,0.54646,0.21914,-3.4396,1.2379
0.15389,0.69697,0.43743,0.54699,0.15779,-3.4528,1.2333
0.15552,0.69622,0.4374,0.54752,0.097209,-3.4661,1.2286
0.15715,0.69546,0.43736,0.54805,0.037438,-3.4794,1.2238
0.15877,0.6947,0.43733,0.54858,-0.021468,-3.4927,1.2189
0.1604,0.69393,0.43729,0.5491,-0.079454,-3.5061,1.2139
0.16202,0.69317,0.43725,0.54962,-0.13647,-3.5195,1.2089
0.16364,0.6924,0.43721,0.55014,-0.19246,-3.533,1.2037
0.16527,0.69162,0.43717,0.55066,-0.24738,-3.5466,1.1985
0.16689,0.69085,0.43712,0.55118,-0.30118,-3.5602,1.1932
0.16851,0.69007,0.43708,0.55169,-0.3538,-3.5738,1.1878
0.17013,0.6893,0.43703,0.55221,-0.40521,-3.5875,1.1823
0.17175,0.68851,0.43698,0.55272,-0.45535,-3.6012,1.1768
0.17337,0.68773,0.43693,0.55323,-0.50418,-3.6149,1.1712
0.17499,0.68695,0.43688,0.55373,-0.55166,-3.6287,1.1655
0.17661,0.68616,0.43683,0.55424,-0.59775,-3.6425,1.1597
0.17823,0.68537,0.43677,0.55474,-0.64239,-3.6564,1.1539
0.17985,0.68457,0.43672,0.55524,-0.68556,-3.6703,1.1481
0.18146,0.68378,0.43666,0.55574,-0.72721,-3.6842,1.1421
0.18308,0.68298,0.4366,0.55624,-0.7673,-3.6982,1.1362
0.1847,0.68218,0.43654,0.55673,-0.80581,-3.7122,1.1301
0.18631,0.68138,0.43648,0.55723,-0.84269,-3.7262,1.124
0.18792,0.68057,0.43641,0.55772,-0.87791,-3.7403,1.1179
0.18954,0.67976,0.43635,0.55821,-0.91144,-3.7543,1.1117
0.19115,0.67895,0.43628,0.5587,-0.94325,-3.7684,1.1055
0.19276,0.67814,0.43621,0.55918,-0.97332,-3.7826,1.0992
0.19438,0.67733,0.43614,0.55966,-1.0016,-3.7967,1.0929
0.19599,0.67651,0.43607,0.56015,-1.0281,-3.8109,1.0865
0.1976,0.67569,0.436,0.56063,-1.0527,-3.8251,1.0801
0.19921,0.67487,0.43592,0.5611,-1.0756,-3.8393,1.0737
0.20082,0.67405,0.43585,0.56158,-1.0965,-3.8535,1.0673
0.20242,0.67322,0.43577,0.56205,-1.1156,-3.8677,1.0608
0.20403,0.67239,0.43569,0.56253,-1.1327,-3.8819,1.0543
0.20564,0.67156,0.43561,0.563,-1.148,-3.8962,1.0478
0.20724,0.67073,0.43553,0.56346,-1.1613,-3.9105,1.0412
0.20885,0.66989,0.43545,0.56393,-1.1726,-3.9247,1.0347
0.21045,0.66905,0.43536,0.56439,-1.182,-3.939,1.0281
0.21206,0.66821,0.43528,0.56486,-1.1895,-3.9533,1.0215
0.21366,0.66737,0.43519,0.56532,-1.1949,-3.9676,1.0149
0.21526,0.66652,0.4351,0.56577,-1.1984,-3.9819,1.0083
0.21687,0.66567,0.43501,0.56623,-1.1999,-3.9962,1.0017
0.21847,0.66483,0.43491,0.56668,-1.1995,-4.0105,0.99515
0.22007,0.66397,0.43482,0.56714,-1.197,-4.0248,0.98855
0.22167,0.66312,0.43472,0.56759,-1.1926,-4.0391,0.98196
0.22326,0.66226,0.43463,0.56803,-1.1862,-4.0534,0.97537
0.22486,0.6614,0.43453,0.56848,-1.1778,-4.0677,0.9688
0.22646,0.66054,0.43443,0.56892,-1.1675,-4.082,0.96223
0.22806,0.65968,0.43433,0.56937,-1.1552,-4.0962,0.95568
0.22965,0.65881,0.43422,0.56981,-1.141,-4.1105,0.94915
0.23125,0.65794,0.43412,0.57024,-1.1249,-4.1248,0.94264
0.23284,0.65707,0.43401,0.57068,-1.1068,-4.139,0.93615
0.23443,0.6562,0.4339,0.57111,-1.0869,-4.1532,0.92969
0.23603,0.65532,0.43379,0.57155,-1.0651,-4.1674,0.92326
0.23762,0.65445,0.43368,0.57198,-1.0414,-4.1816,0.91685
0.23921,0.65357,0.43357,0.57241,-1.0159,-4.1958,0.91048
0.2408,0.65268,0.43346,0.57283,-0.98853,-4.2099,0.90415
0.24239,0.6518,0.43334,0.57326,-0.9594,-4.2241,0.89785
0.24397,0.65091,0.43322,0.57368,-0.92851,-4.2382,0.8916
0.24556,0.65002,0.43311,0.5741,-0.89589,-4.2523,0.88539
0.24715,0.64913,0.43299,0.57452,-0.86156,-4.2663,0.87922
0.24873,0.64824,0.43286,0.57493,-0.82555,-4.2804,0.8731
0.25032,0.64734,0.43274,0.57535,-0.78791,-4.2944,0.86704
0.2519,0.64644,0.43262,0.57576,-0.74865,-4.3084,0.86102
0.25348,0.64554,0.43249,0.57617,-0.70782,-4.3223,0.85507
0.25507,0.64464,0.43236,0.57658,-0.66545,-4.3362,0.84917
0.25665,0.64374,0.43223,0.57698,-0.62158,-4.3501,0.84333
0.25823,0.64283,0.4321,0.57739,-0.57626,-4.364,0.83755
0.25981,0.64192,0.43197,0.57779,-0.52951,-4.3778,0.83184
0.26138,0.64101,0.43184,0.57819,-0.48139,-4.3915,0.82619
0.26296,0.6401,0.4317,0.57859,-0.43194,-4.4053,0.82062
0.26454,0.63918,0.43157,0.57898,-0.3812,-4.419,0.81511
0.26611,0.63826,0.43143,0.57938,-0.32921,-4.4326,0.80968
0.26769,0.63734,0.43129,0.57977,-0.27603,-4.4462,0.80433
0.26926,0.63642,0.43115,0.58016,-0.2217,-4.4598,0.79906
0.27083,0.63549,0.431,0.58055,-0.16627,-4.4733,0.79386
0.27241,0.63456,0.43086,0.58093,-0.10979,-4.4868,0.78875
0.27398,0.63364,0.43071,0.58132,-0.052311,-4.5002,0.78372
0.27555,0.6327,0.43057,0.5817,0.0061135,-4.5136,0.77878
0.27712,0.63177,0.43042,0.58208,0.065433,-4.5269,0.77393
0.27868,0.63083,0.43027,0.58246,0.12559,-4.5402,0.76916
0.28025,0.6299,0.43012,0.58283,0.18654,-4.5534,0.76449
0.28182,0.62895,0.42996,0.5832,0.24822,-4.5665,0.75992
0.28338,0.62801,0.42981,0.58358,0.31058,-4.5796,0.75544
0.28495,0.62707,0.42965,0.58395,0.37355,-4.5927,0.75106
0.28651,0.62612,0.42949,0.58431,0.43709,-4.6057,0.74677
0.28807,0.62517,0.42933,0.58468,0.50114,-4.6186,0.74259
0.28963,0.62422,0.42917,0.58504,0.56563,-4.6314,0.73851
0.29119,0.62327,0.42901,0.5854,0.63052,-4.6442,0.73454
0.29275,0.62231,0.42885,0.58576,0.69574,-4.657,0.73067
0.29431,0.62135,0.42868,0.58612,0.76123,-4.6696,0.72691
0.29587,0.62039,0.42852,0.58647,0.82694,-4.6823,0.72326
0.29742,0.61943,0.42835,0.58683,0.8928,-4.6948,0.71972
0.29898,0.61846,0.42818,0.58718,0.95876,-4.7072,0.7163
0.30053,0.6175,0.42801,0.58753,1.0248,-4.7196,0.71298
0.30208,0.61653,0.42783,0.58787,1.0907,-4.732,0.70978
0.30363,0.61556,0.42766,0.58822,1.1566,-4.7442,0.7067
0.30519,0.61458,0.42748,0.58856,1.2224,-4.7564,0.70373
0.30673,0.61361,0.42731,0.5889,1.2879,-4.7685,0.70089
0.30828,0.61263,0.42713,0.58924,1.3532,-4.7805,0.69816
0.30983,0.61165,0.42695,0.58958,1.4182,-4.7924,0.69555
0.31138,0.61067,0.42677,0.58991,1.4828,-4.8043,0.69307
0.31292,0.60969,0.42658,0.59025,1.547,-4.8161,0.6907
0.31447,0.6087,0.4264,0.59058,1.6106,-4.8278,0.68846
0.31601,0.60771,0.42621,0.5909,1.6738,-4.8394,0.68635
0.31755,0.60672,0.42602,0.59123,1.7363,-4.8509,0.68436
0.31909,0.60573,0.42583,0.59155,1.7981,-4.8624,0.6825
0.32063,0.60473,0.42564,0.59188,1.8593,-4.8738,0.68076
0.32217,0.60374,0.42545,0.5922,1.9196,-4.885,0.67915
0.32371,0.60274,0.42526,0.59252,1.9792,-4.8962,0.67768
0.32524,0.60174,0.42506,0.59283,2.0378,-4.9073,0.67632
0.32678,0.60074,0.42487,0.59315,2.0955,-4.9183,0.6751
0.32831,0.59973,0.42467,0.59346,2.1523,-4.9292,0.67401
0.32985,0.59872,0.42447,0.59377,2.208,-4.9401,0.67305
0.33138,0.59771,0.42427,0.59407,2.2626,-4.9508,0.67222
0.33291,0.5967,0.42406,0.59438,2.316,-4.9614,0.67152
0.33444,0.59569,0.42386,0.59468,2.3683,-4.972,0.67095
0.33597,0.59467,0.42366,0.59498,2.4194,-4.9824,0.67052
0.33749,0.59366,0.42345,0.59528,2.4692,-4.9927,0.67021
0.33902,0.59264,0.42324,0.59558,2.5176,-5.003,0.67004
0.34054,0.59161,0.42303,0.59588,2.5647,-5.0131,0.67
0.34207,0.59059,0.42282,0.59617,2.6104,-5.0232,0.67009
0.34359,0.58956,0.42261,0.59646,2.6546,-5.0331,0.67032
0.34511,0.58854,0.42239,0.59675,2.6974,-5.043,0.67067
0.34663,0.58751,0.42217,0.59704,2.7386,-5.0527,0.67116
0.34815,0.58647,0.42196,0.59732,2.7783,-5.0623,0.67178
0.34967,0.58544,0.42174,0.5976,2.8163,-5.0718,0.67253
0.35118,0.5844,0.42152,0.59788,2.8527,-5.0812,0.67341
0.3527,0.58337,0.4213,0.59816,2.8875,-5.0905,0.67442
0.35421,0.58232,0.42107,0.59844,2.9205,-5.0997,0.67556
0.35572,0.58128,0.42085,0.59871,2.9519,-5.1088,0.67684
0.35724,0.58024,0.42062,0.59899,2.9814,-5.1178,0.67824
0.35875,0.57919,0.42039,0.59926,3.0092,-5.1267,0.67977
0.36025,0.57814,0.42017,0.59952,3.0352,-5.1354,0.68143
0.36176,0.57709,0.41993,0.59979,3.0593,-5.144,0.68321
0.36327,0.57604,0.4197,0.60005,3.0816,-5.1526,0.68512
0.36477,0.57499,0.41947,0.60031,3.102,-5.161,0.68716
0.36628,0.57393,0.41923,0.60057,3.1206,-5.1693,0.68932
0.36778,0.57287,0.419,0.60083,3.1372,-5.1774,0.69161
0.36928,0.57181,0.41876,0.60109,3.1519,-5.1855,0.69402
0.37078,0.57075,0.41852,0.60134,3.1646,-5.1934,0.69655
0.37228,0.56968,0.41828,0.60159,3.1754,-5.2013,0.69921
0.37378,0.56862,0.41804,0.60184,3.1843,-5.209,0.70198
0.37527,0.56755,0.41779,0.60209,3.1912,-5.2165,0.70488
0.37677,0.56648,0.41755,0.60233,3.1961,-5.224,0.70789
0.37826,0.56541,0.4173,0.60258,3.199,-5.2313,0.71102
0.37975,0.56433,0.41705,0.60282,3.2,-5.2385,0.71426
0.38124,0.56325,0.4168,0.60305,3.199,-5.2456,0.71762
0.38273,0.56218,0.41655,0.60329,3.196,-5.2526,0.72109
0.38422,0.5611,0.4163,0.60352,3.191,-5.2594,0.72468
0.38571,0.56001,0.41604,0.60376,3.1841,-5.2661,0.72837
0.38719,0.55893,0.41579,0.60399,3.1751,-5.2727,0.73217
0.38868,0.55784,0.41553,0.60422,3.1643,-5.2792,0.73608
0.39016,0.55675,0.41527,0.60444,3.1515,-5.2855,0.74009
0.39164,0.55566,0.41501,0.60466,3.1367,-5.2917,0.74421
0.39312,0.55457,0.41475,0.60489,3.12,-5.2978,0.74843
0.3946,0.55348,0.41449,0.60511,3.1014,-5.3037,0.75276
0.39608,0.55238,0.41423,0.60532,3.081,-5.3095,0.75718
0.39755,0.55128,0.41396,0.60554,3.0586,-5.3152,0.76169
0.39903,0.55018,0.41369,0.60575,3.0344,-5.3207,0.76631
0.4005,0.54908,0.41342,0.60596,3.0084,-5.3262,0.77101
0.40197,0.54798,0.41315,0.60617,2.9805,-5.3314,0.77581
0.40344,0.54687,0.41288,0.60638,2.9509,-5.3366,0.7807
0.40491,0.54577,0.41261,0.60658,2.9195,-5.3416,0.78567
0.40638,0.54466,0.41233,0.60679,2.8864,-5.3465,0.79073
0.40784,0.54354,0.41206,0.60699,2.8516,-5.3512,0.79588
0.40931,0.54243,0.41178,0.60718,2.8152,-5.3558,0.80111
0.41077,0.54132,0.4115,0.60738,2.7771,-5.3603,0.80641
0.41223,0.5402,0.41122,0.60757,2.7374,-5.3647,0.8118
0.41369,0.53908,0.41094,0.60777,2.6961,-5.3689,0.81725
0.41515,0.53796,0.41066,0.60796,2.6533,-5.3729,0.82279
0.41661,0.53684,0.41037,0.60814,2.609,-5.3769,0.82839
0.41806,0.53571,0.41009,0.60833,2.5633,-5.3807,0.83406
0.41952,0.53459,0.4098,0.60851,2.5162,-5.3843,0.8398
0.42097,0.53346,0.40951,0.60869,2.4677,-5.3878,0.8456
0.42242,0.53233,0.40922,0.60887,2.4178,-5.3912,0.85146
0.42387,0.5312,0.40893,0.60905,2.3668,-5.3944,0.85739
0.42532,0.53006,0.40864,0.60922,2.3144,-5.3975,0.86337
0.42677,0.52893,0.40834,0.6094,2.2609,-5.4005,0.8694
0.42821,0.52779,0.40805,0.60957,2.2063,-5.4033,0.87549
0.42965,0.52665,0.40775,0.60974,2.1505,-5.406,0.88162
0.4311,0.52551,0.40745,0.6099,2.0938,-5.4085,0.88781
0.43254,0.52436,0.40715,0.61007,2.036,-5.4109,0.89404
0.43398,0.52322,0.40685,0.61023,1.9774,-5.4132,0.90031
0.43542,0.52207,0.40655,0.61039,1.9178,-5.4153,0.90662
0.43685,0.52092,0.40624,0.61055,1.8574,-5.4173,0.91297
0.43829,0.51977,0.40593,0.6107,1.7962,-5.4191,0.91935
0.43972,0.51862,0.40563,0.61086,1.7344,-5.4208,0.92577
0.44115,0.51747,0.40532,0.61101,1.6718,-5.4224,0.93221
0.44258,0.51631,0.40501,0.61116,1.6087,-5.4238,0.93868
0.44401,0.51515,0.4047,0.6113,1.545,-5.425,0.94518
0.44544,0.51399,0.40438,0.61145,1.4808,-5.4261,0.9517
0.44686,0.51283,0.40407,0.61159,1.4162,-5.4271,0.95824
0.44829,0.51167,0.40375,0.61173,1.3512,-5.428,0.96479
0.44971,0.5105,0.40344,0.61187,1.2859,-5.4287,0.97136
0.45113,0.50934,0.40312,0.61201,1.2204,-5.4292,0.97794
0.45255,0.50817,0.4028,0.61214,1.1546,-5.4296,0.98453
0.45397,0.507,0.40248,0.61227,1.0887,-5.4299,0.99113
0.45538,0.50583,0.40215,0.6124,1.0227,-5.43,0.99773
0.4568,0.50465,0.40183,0.61253,0.95674,-5.43,1.0043
0.45821,0.50348,0.4015,0.61266,0.89079,-5.4298,1.0109
0.45962,0.5023,0.40118,0.61278,0.82493,-5.4295,1.0175
0.46103,0.50112,0.40085,0.6129,0.75923,-5.429,1.0241
0.46244,0.49994,0.40052,0.61302,0.69374,-5.4285,1.0307
0.46385,0.49876,0.40019,0.61314,0.62853,-5.4277,1.0372
0.46525,0.49757,0.39985,0.61325,0.56365,-5.4268,1.0438
0.46665,0.49639,0.39952,0.61337,0.49917,-5.4258,1.0503
0.46805,0.4952,0.39918,0.61348,0.43514,-5.4246,1.0568
0.46945,0.49401,0.39885,0.61359,0.37162,-5.4233,1.0633
0.47085,0.49282,0.39851,0.61369,0.30866,-5.4219,1.0698
0.47225,0.49163,0.39817,0.6138,0.24632,-5.4203,1.0762
0.47364,0.49043,0.39783,0.6139,0.18466,-5.4186,1.0826
0.47504,0.48923,0.39749,0.614,0.12374,-5.4167,1.089
0.47643,0.48804,0.39714,0.6141,0.063604,-5.4147,1.0953
0.47782,0.48684,0.3968,0.61419,0.0043116,-5.4125,1.1016
0.47921,0.48564,0.39645,0.61428,-0.054085,-5.4102,1.1079
0.48059,0.48443,0.3961,0.61438,-0.11153,-5.4078,1.1141
0.48198,0.48323,0.39575,0.61447,-0.16798,-5.4052,1.1203
0.48336,0.48202,0.3954,0.61455,-0.22338,-5.4025,1.1264
0.48474,0.48081,0.39505,0.61464,-0.27767,-5.3996,1.1325
0.48612,0.4796,0.3947,0.61472,-0.33082,-5.3966,1.1385
0.4875,0.47839,0.39434,0.6148,-0.38277,-5.3935,1.1445
0.48888,0.47718,0.39398,0.61488,-0.43347,-5.3902,1.1504
0.49025,0.47596,0.39363,0.61495,-0.48289,-5.3868,1.1562
0.49163,0.47475,0.39327,0.61503,-0.53096,-5.3832,1.162
0.493,0.47353,0.39291,0.6151,-0.57767,-5.3795,1.1677
0.49437,0.47231,0.39255,0.61517,-0.62295,-5.3757,1.1734
0.49574,0.47109,0.39218,0.61524,-0.66677,-5.3717,1.1789
0.4971,0.46986,0.39182,0.6153,-0.70909,-5.3676,1.1845
0.49847,0.46864,0.39145,0.61537,-0.74987,-5.3633,1.1899
0.49983,0.46741,0.39108,0.61543,-0.78908,-5.3589,1.1952
0.50119,0.46618,0.39072,0.61549,-0.82668,-5.3544,1.2005
0.50255,0.46495,0.39035,0.61554,-0.86264,-5.3498,1.2057
0.50391,0.46372,0.38997,0.6156,-0.89691,-5.345,1.2108
0.50526,0.46249,0.3896,0.61565,-0.92948,-5.3401,1.2159
0.50661,0.46125,0.38923,0.6157,-0.96032,-5.335,1.2208
0.50797,0.46002,0.38885,0.61575,-0.98939,-5.3298,1.2257
0.50932,0.45878,0.38848,0.6158,-1.0167,-5.3245,1.2305
0.51067,0.45754,0.3881,0.61584,-1.0421,-5.319,1.2351
0.51201,0.4563,0.38772,0.61588,-1.0658,-5.3134,1.2397
0.51336,0.45505,0.38734,0.61592,-1.0875,-5.3077,1.2442
0.5147,0.45381,0.38695,0.61596,-1.1074,-5.3019,1.2486
0.51604,0.45256,0.38657,0.61599,-1.1254,-5.2959,1.2529
0.51738,0.45132,0.38619,0.61603,-1.1415,-5.2898,1.2571
0.51872,0.45007,0.3858,0.61606,-1.1556,-5.2835,1.2612
0.52006,0.44882,0.38541,0.61609,-1.1679,-5.2772,1.2651
0.52139,0.44756,0.38502,0.61611,-1.1781,-5.2707,1.269
0.52272,0.44631,0.38463,0.61614,-1.1864,-5.264,1.2728
0.52405,0.44506,0.38424,0.61616,-1.1928,-5.2573,1.2765
0.52538,0.4438,0.38385,0.61618,-1.1971,-5.2504,1.28
0.52671,0.44254,0.38345,0.6162,-1.1995,-5.2434,1.2834
0.52803,0.44128,0.38306,0.61622,-1.1999,-5.2363,1.2868
0.52935,0.44002,0.38266,0.61623,-1.1983,-5.229,1.29
0.53068,0.43876,0.38226,0.61624,-1.1948,-5.2217,1.2931
0.532,0.43749,0.38186,0.61625,-1.1893,-5.2142,1.296
0.53331,0.43622,0.38146,0.61626,-1.1818,-5.2066,1.2989
0.53463,0.43496,0.38106,0.61626,-1.1723,-5.1988,1.3016
0.53594,0.43369,0.38065,0.61627,-1.1609,-5.191,1.3042
0.53725,0.43242,0.38025,0.61627,-1.1475,-5.183,1.3067
0.53856,0.43114,0.37984,0.61627,-1.1322,-5.1749,1.3091
0.53987,0.42987,0.37943,0.61626,-1.115,-5.1667,1.3114
0.54118,0.4286,0.37902,0.61626,-1.0959,-5.1584,1.3135
0.54248,0.42732,0.37861,0.61625,-1.0749,-5.1499,1.3155
0.54379,0.42604,0.3782,0.61624,-1.052,-5.1414,1.3174
0.54509,0.42476,0.37779,0.61623,-1.0273,-5.1327,1.3191
0.54638,0.42348,0.37738,0.61621,-1.0008,-5.1239,1.3207
0.54768,0.4222,0.37696,0.6162,-0.97242,-5.115,1.3222
0.54898,0.42091,0.37654,0.61618,-0.9423,-5.106,1.3236
0.55027,0.41963,0.37612,0.61616,-0.91044,-5.0969,1.3248
0.55156,0.41834,0.3757,0.61613,-0.87686,-5.0877,1.3259
0.55285,0.41705,0.37528,0.61611,-0.84158,-5.0783,1.3269
0.55414,0.41576,0.37486,0.61608,-0.80465,-5.0689,1.3277
0.55542,0.41447,0.37444,0.61605,-0.7661,-5.0593,1.3284
0.5567,0.41318,0.37401,0.61602,-0.72596,-5.0497,1.329
0.55799,0.41188,0.37359,0.61599,-0.68426,-5.0399,1.3295
0.55926,0.41059,0.37316,0.61595,-0.64105,-5.03,1.3298
0.56054,0.40929,0.37273,0.61591,-0.59636,-5.0201,1.3299
0.56182,0.40799,0.3723,0.61587,-0.55023,-5.01,1.33
0.56309,0.40669,0.37187,0.61583,-0.50271,-4.9998,1.3299
0.56436,0.40539,0.37143,0.61579,-0.45384,-4.9895,1.3297
0.56563,0.40408,0.371,0.61574,-0.40365,-4.9792,1.3294
0.5669,0.40278,0.37057,0.61569,-0.35221,-4.9687,1.3289
0.56816,0.40147,0.37013,0.61564,-0.29955,-4.9581,1.3283
0.56943,0.40017,0.36969,0.61559,-0.24572,-4.9475,1.3275
0.57069,0.39886,0.36925,0.61553,-0.19076,-4.9367,1.3267
0.57195,0.39755,0.36881,0.61547,-0.13474,-4.9259,1.3257
0.57321,0.39624,0.36837,0.61541,-0.077693,-4.9149,1.3245
0.57446,0.39492,0.36793,0.61535,-0.019678,-4.9039,1.3233
0.57572,0.39361,0.36748,0.61529,0.039255,-4.8928,1.3219
0.57697,0.39229,0.36704,0.61522,0.099052,-4.8815,1.3204
0.57822,0.39098,0.36659,0.61515,0.15966,-4.8702,1.3187
0.57946,0.38966,0.36614,0.61508,0.22102,-4.8588,1.3169
0.58071,0.38834,0.36569,0.61501,0.28309,-4.8474,1.315
0.58195,0.38702,0.36524,0.61494,0.3458,-4.8358,1.313
0.58319,0.3857,0.36479,0.61486,0.4091,-4.8242,1.3109
0.58443,0.38437,0.36433,0.61478,0.47293,-4.8124,1.3086
0.58567,0.38305,0.36388,0.6147,0.53724,-4.8006,1.3062
0.58691,0.38172,0.36342,0.61462,0.60196,-4.7887,1.3037
0.58814,0.38039,0.36297,0.61453,0.66704,-4.7768,1.301
0.58937,0.37906,0.36251,0.61444,0.73242,-4.7647,1.2982
0.5906,0.37773,0.36205,0.61435,0.79804,-4.7526,1.2954
0.59183,0.3764,0.36159,0.61426,0.86384,-4.7404,1.2924
0.59305,0.37507,0.36112,0.61417,0.92977,-4.7281,1.2892
0.59427,0.37373,0.36066,0.61407,0.99575,-4.7158,1.286
0.59549,0.3724,0.3602,0.61397,1.0617,-4.7034,1.2827
0.59671,0.37106,0.35973,0.61387,1.1277,-4.6909,1.2792
0.59793,0.36972,0.35926,0.61377,1.1935,-4.6783,1.2756
0.59914,0.36838,0.35879,0.61367,1.2592,-4.6657,1.2719
0.60036,0.36704,0.35832,0.61356,1.3246,-4.653,1.2681
0.60157,0.3657,0.35785,0.61345,1.3897,-4.6403,1.2642
0.60277,0.36436,0.35738,0.61334,1.4545,-4.6275,1.2602
0.60398,0.36301,0.35691,0.61323,1.5188,-4.6146,1.2561
0.60518,0.36167,0.35643,0.61311,1.5827,-4.6016,1.2519
0.60639,0.36032,0.35596,0.61299,1.6461,-4.5886,1.2476
0.60759,0.35897,0.35548,0.61287,1.7089,-4.5756,1.2432
0.60878,0.35762,0.355,0.61275,1.771,-4.5625,1.2387
0.60998,0.35627,0.35452,0.61263,1.8325,-4.5493,1.2341
0.61117,0.35492,0.35404,0.6125,1.8932,-4.536,1.2294
0.61236,0.35356,0.35356,0.61237,1.9531,-4.5228,1.2246
0.61355,0.35221,0.35307,0.61224,2.0121,-4.5094,1.2197
0.61474,0.35085,0.35259,0.61211,2.0703,-4.496,1.2147
0.61592,0.3495,0.3521,0.61198,2.1275,-4.4826,1.2097
0.61711,0.34814,0.35162,0.61184,2.1836,-4.4691,1.2045
0.61829,0.34678,0.35113,0.6117,2.2387,-4.4556,1.1993
0.61947,0.34542,0.35064,0.61156,2.2927,-4.442,1.194
0.62064,0.34405,0.35015,0.61142,2.3455,-4.4284,1.1886
0.62182,0.34269,0.34965,0.61127,2.3971,-4.4147,1.1832
0.62299,0.34133,0.34916,0.61112,2.4475,-4.401,1.1777
0.62416,0.33996,0.34867,0.61097,2.4965,-4.3873,1.1721
0.62532,0.33859,0.34817,0.61082,2.5442,-4.3735,1.1664
0.62649,0.33723,0.34767,0.61067,2.5905,-4.3597,1.1607
0.62765,0.33586,0.34717,0.61051,2.6354,-4.3458,1.1549
0.62881,0.33449,0.34668,0.61035,2.6788,-4.3319,1.149
0.62997,0.33312,0.34617,0.61019,2.7207,-4.318,1.1431
0.63113,0.33174,0.34567,0.61003,2.761,-4.304,1.1371
0.63228,0.33037,0.34517,0.60986,2.7998,-4.29,1.1311
0.63343,0.32899,0.34467,0.6097,2.8369,-4.276,1.125
0.63458,0.32762,0.34416,0.60953,2.8724,-4.262,1.1189
0.63573,0.32624,0.34365,0.60936,2.9062,-4.2479,1.1127
0.63688,0.32486,0.34314,0.60918,2.9383,-4.2338,1.1065
0.63802,0.32348,0.34264,0.60901,2.9686,-4.2197,1.1002
0.63916,0.3221,0.34213,0.60883,2.9972,-4.2056,1.0939
0.6403,0.32072,0.34161,0.60865,3.024,-4.1914,1.0875
0.64144,0.31934,0.3411,0.60847,3.0489,-4.1772,1.0812
0.64257,0.31795,0.34059,0.60829,3.0721,-4.163,1.0747
0.6437,0.31657,0.34007,0.6081,3.0933,-4.1488,1.0683
0.64483,0.31518,0.33956,0.60791,3.1127,-4.1346,1.0618
0.64596,0.31379,0.33904,0.60772,3.1301,-4.1203,1.0553
0.64708,0.3124,0.33852,0.60753,3.1457,-4.1061,1.0488
0.64821,0.31101,0.338,0.60733,3.1593,-4.0918,1.0423
0.64933,0.30962,0.33748,0.60714,3.1709,-4.0775,1.0357
0.65044,0.30823,0.33696,0.60694,3.1807,-4.0632,1.0292
0.65156,0.30684,0.33643,0.60674,3.1884,-4.049,1.0226
0.65267,0.30544,0.33591,0.60654,3.1942,-4.0347,1.016
0.65379,0.30405,0.33538,0.60633,3.198,-4.0204,1.0094
0.65489,0.30265,0.33486,0.60612,3.1998,-4.0061,1.0028
0.656,0.30126,0.33433,0.60591,3.1997,-3.9918,0.9962
0.65711,0.29986,0.3338,0.6057,3.1975,-3.9775,0.9896
0.65821,0.29846,0.33327,0.60549,3.1934,-3.9632,0.98301
0.65931,0.29706,0.33274,0.60527,3.1874,-3.9489,0.97642
0.66041,0.29566,0.3322,0.60506,3.1793,-3.9346,0.96984
0.6615,0.29425,0.33167,0.60484,3.1693,-3.9203,0.96328
0.66259,0.29285,0.33113,0.60461,3.1573,-3.906,0.95672
0.66369,0.29145,0.3306,0.60439,3.1434,-3.8918,0.95019
0.66477,0.29004,0.33006,0.60416,3.1276,-3.8775,0.94368
0.66586,0.28863,0.32952,0.60393,3.1098,-3.8633,0.93719
0.66694,0.28723,0.32898,0.6037,3.0902,-3.849,0.93072
0.66802,0.28582,0.32844,0.60347,3.0687,-3.8348,0.92428
0.6691,0.28441,0.3279,0.60324,3.0453,-3.8206,0.91787
0.67018,0.283,0.32736,0.603,3.02,-3.8065,0.9115
0.67125,0.28159,0.32681,0.60276,2.993,-3.7923,0.90516
0.67233,0.28017,0.32627,0.60252,2.9642,-3.7782,0.89885
0.6734,0.27876,0.32572,0.60228,2.9335,-3.7641,0.89259
0.67446,0.27735,0.32517,0.60203,2.9012,-3.75,0.88637
0.67553,0.27593,0.32462,0.60178,2.8671,-3.7359,0.8802
0.67659,0.27452,0.32407,0.60153,2.8314,-3.7219,0.87408
0.67765,0.2731,0.32352,0.60128,2.794,-3.7078,0.868
0.67871,0.27168,0.32297,0.60103,2.755,-3.6939,0.86198
0.67976,0.27026,0.32242,0.60077,2.7144,-3.6799,0.85601
0.68082,0.26884,0.32186,0.60051,2.6723,-3.666,0.8501
0.68187,0.26742,0.32131,0.60025,2.6287,-3.6521,0.84425
0.68292,0.266,0.32075,0.59999,2.5836,-3.6382,0.83847
0.68396,0.26457,0.32019,0.59973,2.5371,-3.6244,0.83274
0.68501,0.26315,0.31963,0.59946,2.4891,-3.6106,0.82709
0.68605,0.26173,0.31907,0.59919,2.4399,-3.5969,0.8215
0.68709,0.2603,0.31851,0.59892,2.3894,-3.5832,0.81599
0.68812,0.25887,0.31795,0.59865,2.3376,-3.5695,0.81054
0.68916,0.25745,0.31738,0.59838,2.2846,-3.5559,0.80518
0.69019,0.25602,0.31682,0.5981,2.2304,-3.5424,0.79989
0.69122,0.25459,0.31625,0.59782,2.1752,-3.5288,0.79468
0.69224,0.25316,0.31569,0.59754,2.1189,-3.5154,0.78956
0.69327,0.25173,0.31512,0.59726,2.0615,-3.5019,0.78452
0.69429,0.25029,0.31455,0.59697,2.0033,-3.4886,0.77956
0.69531,0.24886,0.31398,0.59668,1.9441,-3.4752,0.77469
0.69633,0.24743,0.31341,0.59639,1.884,-3.4619,0.76992
0.69734,0.24599,0.31284,0.5961,1.8232,-3.4487,0.76523
0.69835,0.24456,0.31226,0.59581,1.7617,-3.4356,0.76064
0.69936,0.24312,0.31169,0.59551,1.6994,-3.4224,0.75615
0.70037,0.24168,0.31111,0.59521,1.6365,-3.4094,0.75175
0.70137,0.24025,0.31054,0.59491,1.5731,-3.3964,0.74745
0.70238,0.23881,0.30996,0.59461,1.5091,-3.3835,0.74325
0.70338,0.23737,0.30938,0.59431,1.4447,-3.3706,0.73916
0.70437,0.23593,0.3088,0.594,1.3798,-3.3578,0.73517
0.70537,0.23448,0.30822,0.59369,1.3147,-3.345,0.73128
0.70636,0.23304,0.30764,0.59338,1.2492,-3.3324,0.72751
0.70735,0.2316,0.30705,0.59307,1.1835,-3.3198,0.72384
0.70834,0.23016,0.30647,0.59276,1.1177,-3.3072,0.72028
0.70932,0.22871,0.30588,0.59244,1.0517,-3.2947,0.71683
0.71031,0.22727,0.3053,0.59212,0.98575,-3.2823,0.7135
0.71129,0.22582,0.30471,0.5918,0.91977,-3.27,0.71028
0.71226,0.22437,0.30412,0.59148,0.85386,-3.2577,0.70718
0.71324,0.22292,0.30353,0.59116,0.78808,-3.2456,0.7042
0.71421,0.22148,0.30294,0.59083,0.72249,-3.2334,0.70133
0.71518,0.22003,0.30235,0.5905,0.65715,-3.2214,0.69858
0.71615,0.21858,0.30176,0.59017,0.59212,-3.2095,0.69596
0.71711,0.21713,0.30116,0.58984,0.52746,-3.1976,0.69345
0.71808,0.21567,0.30057,0.5895,0.46322,-3.1858,0.69107
0.71904,0.21422,0.29997,0.58916,0.39947,-3.1741,0.68881
0.71999,0.21277,0.29937,0.58882,0.33626,-3.1624,0.68668
0.72095,0.21131,0.29878,0.58848,0.27364,-3.1509,0.68467
0.7219,0.20986,0.29818,0.58814,0.21168,-3.1394,0.68279
0.72285,0.2084,0.29758,0.58779,0.15042,-3.128,0.68103
0.7238,0.20695,0.29698,0.58745,0.089934,-3.1168,0.6794
0.72474,0.20549,0.29637,0.5871,0.030264,-3.1056,0.6779
0.72569,0.20403,0.29577,0.58675,-0.028533,-3.0944,0.67653
0.72663,0.20258,0.29517,0.58639,-0.086404,-3.0834,0.67529
0.72756,0.20112,0.29456,0.58604,-0.1433,-3.0725,0.67418
0.7285,0.19966,0.29395,0.58568,-0.19916,-3.0616,0.6732
0.72943,0.1982,0.29335,0.58532,-0.25395,-3.0509,0.67234
0.73036,0.19674,0.29274,0.58496,-0.30761,-3.0403,0.67163
0.73129,0.19527,0.29213,0.58459,-0.36009,-3.0297,0.67104
0.73221,0.19381,0.29152,0.58423,-0.41134,-3.0192,0.67058
0.73313,0.19235,0.29091,0.58386,-0.46133,-3.0089,0.67025
0.73405,0.19088,0.29029,0.58349,-0.51,-2.9986,0.67006
0.73497,0.18942,0.28968,0.58312,-0.55731,-2.9885,0.67
0.73588,0.18795,0.28907,0.58274,-0.60322,-2.9784,0.67007
0.73679,0.18649,0.28845,0.58237,-0.64769,-2.9685,0.67027
0.7377,0.18502,0.28783,0.58199,-0.69068,-2.9586,0.67061
0.73861,0.18356,0.28722,0.58161,-0.73214,-2.9489,0.67107
0.73951,0.18209,0.2866,0.58123,-0.77205,-2.9392,0.67167
0.74042,0.18062,0.28598,0.58084,-0.81036,-2.9297,0.6724
0.74131,0.17915,0.28536,0.58046,-0.84704,-2.9203,0.67326
0.74221,0.17768,0.28474,0.58007,-0.88206,-2.9109,0.67425
0.7431,0.17621,0.28411,0.57968,-0.91538,-2.9017,0.67537
0.74399,0.17474,0.28349,0.57929,-0.94698,-2.8926,0.67663
0.74488,0.17327,0.28286,0.57889,-0.97683,-2.8836,0.67801
0.74577,0.1718,0.28224,0.57849,-1.0049,-2.8747,0.67951
0.74665,0.17032,0.28161,0.5781,-1.0312,-2.866,0.68115
0.74753,0.16885,0.28099,0.5777,-1.0556,-2.8573,0.68292
0.74841,0.16738,0.28036,0.57729,-1.0782,-2.8488,0.68481
0.74929,0.1659,0.27973,0.57689,-1.0989,-2.8404,0.68683
0.75016,0.16443,0.2791,0.57648,-1.1177,-2.832,0.68897
0.75103,0.16295,0.27847,0.57607,-1.1347,-2.8239,0.69124
0.7519,0.16147,0.27783,0.57566,-1.1497,-2.8158,0.69363
0.75276,0.16,0.2772,0.57525,-1.1627,-2.8078,0.69614
0.75362,0.15852,0.27657,0.57484,-1.1739,-2.8,0.69878
0.75448,0.15704,0.27593,0.57442,-1.183,-2.7923,0.70153
0.75534,0.15556,0.27529,0.574,-1.1902,-2.7847,0.70441
0.75619,0.15409,0.27466,0.57358,-1.1955,-2.7772,0.7074
0.75704,0.15261,0.27402,0.57316,-1.1987,-2.7698,0.71051
0.75789,0.15113,0.27338,0.57273,-1.2,-2.7626,0.71374
0.75874,0.14965,0.27274,0.57231,-1.1993,-2.7555,0.71708
0.75958,0.14816,0.2721,0.57188,-1.1966,-2.7485,0.72053
0.76042,0.14668,0.27146,0.57145,-1.1919,-2.7417,0.7241
0.76126,0.1452,0.27081,0.57101,-1.1853,-2.7349,0.72777
0.7621,0.14372,0.27017,0.57058,-1.1767,-2.7283,0.73156
0.76293,0.14223,0.26952,0.57014,-1.1661,-2.7219,0.73545
0.76376,0.14075,0.26888,0.5697,-1.1536,-2.7155,0.73945
0.76459,0.13927,0.26823,0.56926,-1.1392,-2.7093,0.74355
0.76541,0.13778,0.26758,0.56882,-1.1228,-2.7032,0.74776
0.76624,0.1363,0.26693,0.56838,-1.1045,-2.6972,0.75206
0.76706,0.13481,0.26628,0.56793,-1.0844,-2.6914,0.75647
0.76787,0.13333,0.26563,0.56748,-1.0623,-2.6857,0.76097
0.76869,0.13184,0.26498,0.56703,-1.0384,-2.6801,0.76557
0.7695,0.13035,0.26433,0.56658,-1.0127,-2.6747,0.77026
0.77031,0.12886,0.26368,0.56612,-0.9851,-2.6694,0.77504
0.77111,0.12738,0.26302,0.56567,-0.95576,-2.6642,0.77991
0.77192,0.12589,0.26237,0.56521,-0.92466,-2.6592,0.78488
0.77272,0.1244,0.26171,0.56475,-0.89183,-2.6543,0.78992
0.77351,0.12291,0.26105,0.56429,-0.85729,-2.6495,0.79505
0.77431,0.12142,0.2604,0.56382,-0.82109,-2.6449,0.80027
0.7751,0.11993,0.25974,0.56335,-0.78324,-2.6404,0.80556
0.77589,0.11844,0.25908,0.56289,-0.74379,-2.636,0.81093
0.77668,0.11695,0.25842,0.56242,-0.70277,-2.6318,0.81638
0.77746,0.11546,0.25776,0.56194,-0.66022,-2.6277,0.8219
0.77825,0.11397,0.25709,0.56147,-0.61618,-2.6237,0.82749
0.77902,0.11247,0.25643,0.56099,-0.57068,-2.6199,0.83315
0.7798,0.11098,0.25577,0.56052,-0.52376,-2.6163,0.83888
0.78057,0.10949,0.2551,0.56003,-0.47548,-2.6127,0.84467
0.78135,0.108,0.25444,0.55955,-0.42587,-2.6093,0.85052
0.78211,0.1065,0.25377,0.55907,-0.37497,-2.6061,0.85644
0.78288,0.10501,0.2531,0.55858,-0.32284,-2.6029,0.86241
0.78364,0.10351,0.25243,0.55809,-0.26952,-2.6,0.86844
0.7844,0.10202,0.25176,0.5576,-0.21505,-2.5971,0.87451
0.78516,0.10052,0.25109,0.55711,-0.15949,-2.5944,0.88064
0.78591,0.099028,0.25042,0.55662,-0.10289,-2.5919,0.88682
0.78666,0.097533,0.24975,0.55612,-0.045293,-2.5894,0.89304
0.78741,0.096037,0.24908,0.55563,0.013243,-2.5872,0.89931
0.78816,0.09454,0.2484,0.55513,0.072667,-2.585,0.90561
0.7889,0.093043,0.24773,0.55462,0.13293,-2.583,0.91195
0.78964,0.091546,0.24705,0.55412,0.19396,-2.5812,0.91833
0.79038,0.090049,0.24637,0.55361,0.25573,-2.5795,0.92474
0.79112,0.088551,0.2457,0.55311,0.31816,-2.5779,0.93118
0.79185,0.087053,0.24502,0.5526,0.38121,-2.5765,0.93765
0.79258,0.085554,0.24434,0.55209,0.44481,-2.5752,0.94414
0.7933,0.084056,0.24366,0.55157,0.50892,-2.574,0.95066
0.79403,0.082557,0.24298,0.55106,0.57347,-2.573,0.9572
0.79475,0.081057,0.2423,0.55054,0.6384,-2.5722,0.96375
0.79547,0.079558,0.24161,0.55002,0.70365,-2.5715,0.97031
0.79618,0.078058,0.24093,0.5495,0.76917,-2.5709,0.97689
0.7969,0.076558,0.24025,0.54898,0.8349,-2.5704,0.98348
0.79761,0.075058,0.23956,0.54845,0.90078,-2.5702,0.99008
0.79831,0.073557,0.23888,0.54793,0.96675,-2.57,0.99667
0.79902,0.072056,0.23819,0.5474,1.0327,-2.57,1.0033
0.79972,0.070555,0.2375,0.54687,1.0987,-2.5702,1.0099
0.80042,0.069054,0.23681,0.54633,1.1646,-2.5704,1.0165
0.80111,0.067552,0.23612,0.5458,1.2303,-2.5709,1.0231
0.80181,0.06605,0.23543,0.54526,1.2958,-2.5714,1.0296
0.8025,0.064548,0.23474,0.54473,1.3611,-2.5722,1.0362
0.80319,0.063046,0.23405,0.54419,1.426,-2.573,1.0428
0.80387,0.061543,0.23336,0.54364,1.4906,-2.574,1.0493
0.80455,0.06004,0.23267,0.5431,1.5547,-2.5752,1.0558
0.80523,0.058537,0.23197,0.54255,1.6183,-2.5764,1.0623
0.80591,0.057034,0.23128,0.54201,1.6814,-2.5779,1.0688
0.80658,0.055531,0.23058,0.54146,1.7438,-2.5794,1.0752
0.80725,0.054027,0.22988,0.54091,1.8056,-2.5812,1.0816
0.80792,0.052523,0.22919,0.54035,1.8666,-2.583,1.088
0.80859,0.051019,0.22849,0.5398,1.9269,-2.585,1.0943
0.80925,0.049515,0.22779,0.53924,1.9863,-2.5871,1.1006
0.80991,0.048011,0.22709,0.53868,2.0448,-2.5894,1.1069
0.81056,0.046507,0.22639,0.53812,2.1024,-2.5918,1.1131
0.81122,0.045002,0.22569,0.53756,2.1591,-2.5944,1.1193
0.81187,0.043497,0.22499,0.53699,2.2146,-2.5971,1.1254
0.81252,0.041992,0.22428,0.53643,2.2691,-2.5999,1.1315
0.81316,0.040487,0.22358,0.53586,2.3224,-2.6029,1.1375
0.8138,0.038982,0.22287,0.53529,2.3746,-2.606,1.1435
0.81444,0.037477,0.22217,0.53471,2.4255,-2.6093,1.1494
0.81508,0.035971,0.22146,0.53414,2.4751,-2.6127,1.1553
0.81571,0.034465,0.22076,0.53356,2.5234,-2.6162,1.1611
0.81634,0.03296,0.22005,0.53299,2.5703,-2.6199,1.1668
0.81697,0.031454,0.21934,0.53241,2.6158,-2.6237,1.1725
0.8176,0.029948,0.21863,0.53182,2.6599,-2.6277,1.1781
0.81822,0.028442,0.21792,0.53124,2.7025,-2.6318,1.1836
0.81884,0.026936,0.21721,0.53066,2.7435,-2.636,1.189
0.81946,0.025429,0.2165,0.53007,2.7829,-2.6403,1.1944
0.82007,0.023923,0.21579,0.52948,2.8208,-2.6448,1.1997
0.82068,0.022417,0.21507,0.52889,2.857,-2.6495,1.2049
0.82129,0.02091,0.21436,0.5283,2.8916,-2.6542,1.21
0.82189,0.019403,0.21365,0.5277,2.9244,-2.6591,1.2151
0.8225,0.017897,0.21293,0.52711,2.9555,-2.6642,1.22
0.8231,0.01639,0.21221,0.52651,2.9849,-2.6694,1.2249
0.82369,0.014883,0.2115,0.52591,3.0124,-2.6747,1.2297
0.82429,0.013377,0.21078,0.52531,3.0382,-2.6801,1.2344
0.82488,0.01187,0.21006,0.5247,3.0621,-2.6857,1.239
0.82546,0.010363,0.20934,0.5241,3.0842,-2.6914,1.2435
0.82605,0.0088558,0.20862,0.52349,3.1044,-2.6972,1.2479
0.82663,0.0073488,0.2079,0.52288,3.1227,-2.7032,1.2522
0.82721,0.0058418,0.20718,0.52227,3.1391,-2.7092,1.2564
0.82779,0.0043347,0.20646,0.52165,3.1535,-2.7155,1.2605
0.82836,0.0028277,0.20574,0.52104,3.166,-2.7218,1.2645
0.82893,0.0013206,0.20501,0.52042,3.1766,-2.7283,1.2684
0.8295,-0.00018644,0.20429,0.51981,3.1852,-2.7349,1.2722
0.83006,-0.0016935,0.20357,0.51918,3.1919,-2.7416,1.2759
0.83063,-0.0032006,0.20284,0.51856,3.1966,-2.7485,1.2794
0.83118,-0.0047076,0.20211,0.51794,3.1993,-2.7555,1.2829
0.83174,-0.0062146,0.20139,0.51731,3.2,-2.7626,1.2862
0.83229,-0.0077216,0.20066,0.51669,3.1987,-2.7698,1.2895
0.83284,-0.0092286,0.19993,0.51606,3.1955,-2.7771,1.2926
0.83339,-0.010736,0.1992,0.51543,3.1903,-2.7846,1.2956
0.83393,-0.012242,0.19847,0.51479,3.1831,-2.7922,1.2984
0.83448,-0.013749,0.19774,0.51416,3.1739,-2.7999,1.3012
0.83501,-0.015256,0.19701,0.51352,3.1628,-2.8078,1.3038
0.83555,-0.016763,0.19628,0.51288,3.1498,-2.8157,1.3064
0.83608,-0.01827,0.19555,0.51224,3.1348,-2.8238,1.3087
0.83661,-0.019776,0.19481,0.5116,3.1179,-2.832,1.311
0.83714,-0.021283,0.19408,0.51096,3.0991,-2.8403,1.3132
0.83766,-0.022789,0.19335,0.51031,3.0784,-2.8487,1.3152
0.83818,-0.024296,0.19261,0.50966,3.0558,-2.8573,1.3171
0.8387,-0.025802,0.19187,0.50902,3.0314,-2.8659,1.3188
0.83922,-0.027308,0.19114,0.50836,3.0051,-2.8747,1.3205
0.83973,-0.028814,0.1904,0.50771,2.9771,-2.8836,1.322
0.84024,-0.030321,0.18966,0.50706,2.9472,-2.8925,1.3234
0.84074,-0.031826,0.18892,0.5064,2.9156,-2.9016,1.3246
0.84125,-0.033332,0.18819,0.50574,2.8823,-2.9109,1.3257
0.84175,-0.034838,0.18745,0.50508,2.8473,-2.9202,1.3267
0.84225,-0.036344,0.18671,0.50442,2.8106,-2.9296,1.3276
0.84274,-0.037849,0.18596,0.50376,2.7723,-2.9391,1.3283
0.84323,-0.039354,0.18522,0.50309,2.7325,-2.9488,1.3289
0.84372,-0.04086,0.18448,0.50243,2.691,-2.9585,1.3294
0.84421,-0.042365,0.18374,0.50176,2.648,-2.9684,1.3297
0.84469,-0.04387,0.18299,0.50109,2.6036,-2.9783,1.3299
0.84517,-0.045374,0.18225,0.50042,2.5577,-2.9884,1.33
0.84564,-0.046879,0.1815,0.49974,2.5104,-2.9986,1.3299
0.84612,-0.048383,0.18076,0.49907,2.4617,-3.0088,1.3297
0.84659,-0.049888,0.18001,0.49839,2.4117,-3.0192,1.3294
0.84706,-0.051392,0.17927,0.49771,2.3605,-3.0296,1.329
0.84752,-0.052896,0.17852,0.49703,2.308,-3.0402,1.3284
0.84798,-0.054399,0.17777,0.49635,2.2544,-3.0508,1.3277
0.84844,-0.055903,0.17702,0.49566,2.1996,-3.0616,1.3268
0.8489,-0.057406,0.17627,0.49498,2.1437,-3.0724,1.3258
0.84935,-0.058909,0.17552,0.49429,2.0868,-3.0833,1.3247
0.8498,-0.060412,0.17477,0.4936,2.029,-3.0944,1.3235
0.85025,-0.061915,0.17402,0.49291,1.9702,-3.1055,1.3221
0.85069,-0.063417,0.17327,0.49222,1.9105,-3.1167,1.3206
0.85113,-0.06492,0.17252,0.49152,1.85,-3.128,1.319
0.85157,-0.066422,0.17176,0.49083,1.7888,-3.1393,1.3172
0.85201,-0.067923,0.17101,0.49013,1.7268,-3.1508,1.3153
0.85244,-0.069425,0.17026,0.48943,1.6642,-3.1623,1.3133
0.85287,-0.070926,0.1695,0.48873,1.601,-3.174,1.3112
0.8533,-0.072427,0.16874,0.48802,1.5373,-3.1857,1.3089
0.85372,-0.073928,0.16799,0.48732,1.473,-3.1975,1.3066
0.85414,-0.075429,0.16723,0.48661,1.4084,-3.2094,1.3041
0.85456,-0.076929,0.16648,0.4859,1.3433,-3.2213,1.3014
0.85497,-0.078429,0.16572,0.48519,1.278,-3.2333,1.2987
0.85538,-0.079929,0.16496,0.48448,1.2124,-3.2455,1.2958
0.85579,-0.081428,0.1642,0.48377,1.1466,-3.2576,1.2928
0.85619,-0.082928,0.16344,0.48305,1.0807,-3.2699,1.2897
0.8566,-0.084427,0.16268,0.48234,1.0148,-3.2822,1.2865
0.857,-0.085925,0.16192,0.48162,0.94876,-3.2946,1.2832
0.85739,-0.087423,0.16116,0.4809,0.88281,-3.3071,1.2797
0.85779,-0.088921,0.1604,0.48018,0.81697,-3.3197,1.2762
0.85818,-0.090419,0.15963,0.47945,0.75129,-3.3323,1.2725
0.85856,-0.091917,0.15887,0.47873,0.68583,-3.3449,1.2687
0.85895,-0.093414,0.15811,0.478,0.62066,-3.3577,1.2649
0.85933,-0.09491,0.15734,0.47727,0.55583,-3.3705,1.2609
0.85971,-0.096407,0.15658,0.47654,0.4914,-3.3834,1.2568
0.86008,-0.097903,0.15581,0.47581,0.42743,-3.3963,1.2526
0.86045,-0.099399,0.15505,0.47508,0.36397,-3.4093,1.2483
0.86082,-0.10089,0.15428,0.47434,0.30108,-3.4223,1.2439
0.86119,-0.10239,0.15352,0.4736,0.23883,-3.4355,1.2394
0.86155,-0.10388,0.15275,0.47287,0.17725,-3.4486,1.2348
0.86191,-0.10538,0.15198,0.47213,0.11642,-3.4618,1.2301
0.86227,-0.10687,0.15121,0.47138,0.056385,-3.4751,1.2253
0.86262,-0.10837,0.15044,0.47064,-0.0028019,-3.4884,1.2205
0.86298,-0.10986,0.14967,0.4699,-0.061087,-3.5018,1.2155
0.86332,-0.11135,0.1489,0.46915,-0.11842,-3.5153,1.2105
0.86367,-0.11284,0.14813,0.4684,-0.17474,-3.5287,1.2054
0.86401,-0.11434,0.14736,0.46765,-0.23001,-3.5423,1.2001
0.86435,-0.11583,0.14659,0.4669,-0.28417,-3.5558,1.1949
0.86469,-0.11732,0.14582,0.46614,-0.33717,-3.5694,1.1895
0.86502,-0.11881,0.14505,0.46539,-0.38897,-3.5831,1.1841
0.86535,-0.1203,0.14427,0.46463,-0.43952,-3.5968,1.1785
0.86568,-0.12179,0.1435,0.46388,-0.48877,-3.6105,1.173
0.866,-0.12328,0.14273,0.46312,-0.53669,-3.6243,1.1673
0.86632,-0.12477,0.14195,0.46235,-0.58322,-3.6381,1.1616
0.86664,-0.12626,0.14118,0.46159,-0.62833,-3.652,1.1558
0.86695,-0.12775,0.1404,0.46083,-0.67197,-3.6659,1.1499
0.86726,-0.12923,0.13963,0.46006,-0.71411,-3.6798,1.144
0.86757,-0.13072,0.13885,0.45929,-0.7547,-3.6937,1.1381
0.86788,-0.13221,0.13807,0.45852,-0.79372,-3.7077,1.132
0.86818,-0.13369,0.1373,0.45775,-0.83112,-3.7217,1.126
0.86848,-0.13518,0.13652,0.45698,-0.86687,-3.7358,1.1198
0.86878,-0.13666,0.13574,0.4562,-0.90095,-3.7499,1.1137
0.86907,-0.13815,0.13496,0.45543,-0.93331,-3.7639,1.1075
0.86936,-0.13963,0.13418,0.45465,-0.96393,-3.7781,1.1012
0.86965,-0.14112,0.1334,0.45387,-0.99279,-3.7922,1.0949
0.86993,-0.1426,0.13262,0.45309,-1.0198,-3.8064,1.0886
0.87022,-0.14408,0.13184,0.45231,-1.0451,-3.8205,1.0822
0.87049,-0.14557,0.13106,0.45152,-1.0685,-3.8347,1.0758
0.87077,-0.14705,0.13028,0.45074,-1.09,-3.8489,1.0693
0.87104,-0.14853,0.12949,0.44995,-1.1097,-3.8632,1.0629
0.87131,-0.15001,0.12871,0.44916,-1.1275,-3.8774,1.0564
0.87158,-0.15149,0.12793,0.44837,-1.1433,-3.8917,1.0499
0.87184,-0.15297,0.12715,0.44758,-1.1572,-3.9059,1.0433
0.8721,-0.15445,0.12636,0.44679,-1.1692,-3.9202,1.0368
0.87236,-0.15593,0.12558,0.44599,-1.1792,-3.9345,1.0302
0.87261,-0.15741,0.12479,0.4452,-1.1873,-3.9488,1.0236
0.87286,-0.15889,0.12401,0.4444,-1.1934,-3.9631,1.017
0.87311,-0.16036,0.12322,0.4436,-1.1975,-3.9774,1.0104
0.87335,-0.16184,0.12244,0.4428,-1.1997,-3.9917,1.0039
0.8736,-0.16332,0.12165,0.442,-1.1998,-4.006,0.99725
0.87383,-0.16479,0.12086,0.44119,-1.198,-4.0203,0.99065
0.87407,-0.16627,0.12007,0.44039,-1.1942,-4.0346,0.98406
0.8743,-0.16774,0.11929,0.43958,-1.1885,-4.0488,0.97747
0.87453,-0.16921,0.1185,0.43877,-1.1807,-4.0631,0.97089
0.87476,-0.17069,0.11771,0.43796,-1.171,-4.0774,0.96432
0.87498,-0.17216,0.11692,0.43715,-1.1594,-4.0917,0.95777
0.8752,-0.17363,0.11613,0.43633,-1.1458,-4.106,0.95123
0.87542,-0.1751,0.11534,0.43552,-1.1302,-4.1202,0.94471
0.87563,-0.17657,0.11455,0.4347,-1.1128,-4.1345,0.93822
0.87584,-0.17804,0.11376,0.43388,-1.0935,-4.1487,0.93175
0.87605,-0.17951,0.11297,0.43307,-1.0722,-4.1629,0.9253
0.87626,-0.18098,0.11218,0.43224,-1.0491,-4.1771,0.91889
0.87646,-0.18245,0.11139,0.43142,-1.0242,-4.1913,0.91251
0.87666,-0.18392,0.11059,0.4306,-0.99743,-4.2054,0.90616
0.87685,-0.18539,0.1098,0.42977,-0.96887,-4.2196,0.89986
0.87705,-0.18685,0.10901,0.42895,-0.93854,-4.2337,0.89359
0.87724,-0.18832,0.10822,0.42812,-0.90647,-4.2478,0.88736
0.87742,-0.18978,0.10742,0.42729,-0.87268,-4.2619,0.88118
0.87761,-0.19125,0.10663,0.42645,-0.8372,-4.2759,0.87505
0.87779,-0.19271,0.10583,0.42562,-0.80007,-4.2899,0.86896
0.87796,-0.19417,0.10504,0.42479,-0.76133,-4.3039,0.86293
0.87814,-0.19564,0.10424,0.42395,-0.72099,-4.3179,0.85696
0.87831,-0.1971,0.10345,0.42311,-0.67911,-4.3318,0.85104
0.87848,-0.19856,0.10265,0.42227,-0.63572,-4.3457,0.84518
0.87864,-0.20002,0.10185,0.42143,-0.59085,-4.3596,0.83938
0.8788,-0.20148,0.10106,0.42059,-0.54455,-4.3734,0.83365
0.87896,-0.20294,0.10026,0.41975,-0.49687,-4.3872,0.82798
0.87912,-0.20439,0.099464,0.4189,-0.44783,-4.4009,0.82239
0.87927,-0.20585,0.098666,0.41806,-0.3975,-4.4146,0.81686
0.87942,-0.20731,0.097868,0.41721,-0.3459,-4.4283,0.81141
0.87957,-0.20876,0.097069,0.41636,-0.2931,-4.4419,0.80603
0.87971,-0.21022,0.096271,0.41551,-0.23913,-4.4555,0.80073
0.87985,-0.21167,0.095471,0.41466,-0.18404,-4.469,0.79551
0.87999,-0.21313,0.094672,0.4138,-0.12789,-4.4825,0.79037
0.88012,-0.21458,0.093872,0.41295,-0.070725,-4.4959,0.78531
0.88025,-0.21603,0.093072,0.41209,-0.012596,-4.5093,0.78034
0.88038,-0.21748,0.092272,0.41123,0.046444,-4.5227,0.77546
0.88051,-0.21894,0.091471,0.41038,0.10634,-4.5359,0.77067
0.88063,-0.22039,0.09067,0.40951,0.16704,-4.5492,0.76597
0.88075,-0.22183,0.089868,0.40865,0.2285,-4.5623,0.76137
0.88086,-0.22328,0.089067,0.40779,0.29064,-4.5755,0.75685
0.88098,-0.22473,0.088265,0.40692,0.35343,-4.5885,0.75244
0.88109,-0.22618,0.087462,0.40606,0.4168,-4.6015,0.74813
0.88119,-0.22762,0.08666,0.40519,0.48069,-4.6145,0.74391
0.8813,-0.22907,0.085857,0.40432,0.54505,-4.6274,0.7398
0.8814,-0.23051,0.085054,0.40345,0.60981,-4.6402,0.7358
0.88149,-0.23196,0.08425,0.40258,0.67493,-4.6529,0.73189
0.88159,-0.2334,0.083446,0.4017,0.74035,-4.6656,0.7281
0.88168,-0.23484,0.082642,0.40083,0.80599,-4.6782,0.72441
0.88177,-0.23628,0.081838,0.39995,0.87181,-4.6908,0.72084
0.88185,-0.23772,0.081033,0.39907,0.93775,-4.7033,0.71738
0.88193,-0.23916,0.080228,0.39819,1.0037,-4.7157,0.71402
0.88201,-0.2406,0.079423,0.39731,1.0697,-4.728,0.71079
0.88209,-0.24204,0.078617,0.39643,1.1357,-4.7403,0.70767
0.88216,-0.24348,0.077811,0.39555,1.2015,-4.7525,0.70466
0.88223,-0.24491,0.077005,0.39466,1.2671,-4.7646,0.70178
0.8823,-0.24635,0.076199,0.39378,1.3325,-4.7767,0.69901
0.88236,-0.24778,0.075392,0.39289,1.3975,-4.7886,0.69637
0.88242,-0.24922,0.074585,0.392,1.4623,-4.8005,0.69384
0.88248,-0.25065,0.073778,0.39111,1.5266,-4.8123,0.69144
0.88253,-0.25208,0.072971,0.39022,1.5904,-4.8241,0.68916
0.88258,-0.25351,0.072163,0.38933,1.6537,-4.8357,0.68701
0.88263,-0.25494,0.071355,0.38843,1.7164,-4.8473,0.68498
0.88267,-0.25637,0.070547,0.38754,1.7785,-4.8588,0.68308
0.88272,-0.2578,0.069739,0.38664,1.8399,-4.8702,0.6813
0.88275,-0.25923,0.06893,0.38574,1.9005,-4.8815,0.67965
0.88279,-0.26065,0.068121,0.38484,1.9603,-4.8927,0.67813
0.88282,-0.26208,0.067312,0.38394,2.0192,-4.9038,0.67674
0.88285,-0.2635,0.066503,0.38304,2.0773,-4.9148,0.67548
0.88288,-0.26493,0.065693,0.38213,2.1343,-4.9258,0.67435
0.8829,-0.26635,0.064883,0.38123,2.1903,-4.9366,0.67334
0.88292,-0.26777,0.064073,0.38032,2.2453,-4.9474,0.67247
0.88294,-0.26919,0.063263,0.37941,2.2991,-4.9581,0.67173
0.88295,-0.27061,0.062452,0.3785,2.3518,-4.9686,0.67112
0.88296,-0.27203,0.061642,0.37759,2.4033,-4.9791,0.67064
0.88297,-0.27345,0.060831,0.37668,2.4535,-4.9895,0.6703
0.88297,-0.27487,0.06002,0.37577,2.5023,-4.9997,0.67008
0.88298,-0.27628,0.059208,0.37485,2.5499,-5.0099,0.67
0.88297,-0.2777,0.058397,0.37394,2.596,-5.02,0.67005
0.88297,-0.27911,0.057585,0.37302,2.6407,-5.03,0.67023
0.88296,-0.28052,0.056773,0.3721,2.6839,-5.0398,0.67055
0.88295,-0.28194,0.055961,0.37118,2.7256,-5.0496,0.67099
0.88294,-0.28335,0.055148,0.37026,2.7658,-5.0593,0.67157
0.88292,-0.28476,0.054336,0.36934,2.8044,-5.0688,0.67228
0.8829,-0.28617,0.053523,0.36842,2.8413,-5.0783,0.67312
0.88288,-0.28758,0.05271,0.36749,2.8766,-5.0876,0.67409
0.88285,-0.28898,0.051897,0.36656,2.9102,-5.0968,0.67519
0.88282,-0.29039,0.051084,0.36564,2.9421,-5.1059,0.67642
0.88279,-0.29179,0.05027,0.36471,2.9722,-5.115,0.67778
0.88275,-0.2932,0.049456,0.36378,3.0006,-5.1239,0.67927
0.88271,-0.2946,0.048643,0.36285,3.0271,-5.1326,0.68088
0.88267,-0.296,0.047829,0.36191,3.0518,-5.1413,0.68263
0.88263,-0.29741,0.047014,0.36098,3.0747,-5.1499,0.6845
0.88258,-0.29881,0.0462,0.36005,3.0957,-5.1583,0.6865
0.88253,-0.3002,0.045386,0.35911,3.1149,-5.1666,0.68862
0.88248,-0.3016,0.044571,0.35817,3.1321,-5.1748,0.69087
0.88242,-0.303,0.043756,0.35723,3.1474,-5.1829,0.69324
0.88236,-0.3044,0.042941,0.35629,3.1608,-5.1909,0.69573
0.88229,-0.30579,0.042126,0.35535,3.1722,-5.1988,0.69835
0.88223,-0.30718,0.041311,0.35441,3.1817,-5.2065,0.70109
0.88216,-0.30858,0.040495,0.35347,3.1892,-5.2141,0.70394
0.88209,-0.30997,0.03968,0.35252,3.1948,-5.2216,0.70692
0.88201,-0.31136,0.038864,0.35157,3.1983,-5.229,0.71001
0.88193,-0.31275,0.038048,0.35063,3.1999,-5.2362,0.71322
0.88185,-0.31414,0.037232,0.34968,3.1995,-5.2434,0.71654
0.88176,-0.31552,0.036416,0.34873,3.1972,-5.2504,0.71997
0.88168,-0.31691,0.0356,0.34778,3.1928,-5.2572,0.72352
0.88158,-0.31829,0.034784,0.34682,3.1865,-5.264,0.72718
0.88149,-0.31968,0.033967,0.34587,3.1782,-5.2706,0.73095
0.88139,-0.32106,0.033151,0.34492,3.1679,-5.2771,0.73482
0.88129,-0.32244,0.032334,0.34396,3.1558,-5.2835,0.7388
0.88119,-0.32382,0.031517,0.343,3.1416,-5.2897,0.74289
0.88108,-0.3252,0.0307,0.34204,3.1255,-5.2958,0.74708
0.88097,-0.32658,0.029883,0.34108,3.1076,-5.3018,0.75137
0.88086,-0.32796,0.029066,0.34012,3.0877,-5.3077,0.75576
0.88074,-0.32933,0.028249,0.33916,3.0659,-5.3134,0.76024
0.88063,-0.33071,0.027431,0.3382,3.0423,-5.319,0.76483
0.8805,-0.33208,0.026614,0.33723,3.0169,-5.3244,0.7695
0.88038,-0.33345,0.025796,0.33627,2.9896,-5.3298,0.77427
0.88025,-0.33483,0.024979,0.3353,2.9605,-5.335,0.77913
0.88012,-0.3362,0.024161,0.33433,2.9297,-5.34,0.78408
0.87998,-0.33756,0.023343,0.33336,2.8972,-5.3449,0.78911
0.87985,-0.33893,0.022525,0.33239,2.8629,-5.3497,0.79423
0.87971,-0.3403,0.021707,0.33142,2.827,-5.3544,0.79943
0.87956,-0.34166,0.020889,0.33045,2.7894,-5.3589,0.80471
0.87942,-0.34303,0.020071,0.32948,2.7502,-5.3633,0.81007
0.87927,-0.34439,0.019253,0.3285,2.7094,-5.3675,0.81551
0.87911,-0.34575,0.018435,0.32753,2.6671,-5.3717,0.82102
0.87896,-0.34711,0.017617,0.32655,2.6233,-5.3756,0.8266
0.8788,-0.34847,0.016798,0.32557,2.578,-5.3795,0.83225
0.87864,-0.34983,0.01598,0.32459,2.5313,-5.3832,0.83796
0.87847,-0.35119,0.015161,0.32361,2.4833,-5.3867,0.84374
0.8783,-0.35254,0.014343,0.32263,2.4339,-5.3902,0.84959
0.87813,-0.3539,0.013524,0.32165,2.3832,-5.3934,0.85549
0.87796,-0.35525,0.012706,0.32066,2.3312,-5.3966,0.86145
0.87778,-0.3566,0.011887,0.31968,2.2781,-5.3996,0.86747
0.8776,-0.35795,0.011068,0.31869,2.2238,-5.4024,0.87354
0.87742,-0.3593,0.01025,0.3177,2.1684,-5.4052,0.87966
0.87723,-0.36065,0.0094307,0.31671,2.112,-5.4078,0.88583
0.87704,-0.362,0.0086119,0.31572,2.0545,-5.4102,0.89205
0.87685,-0.36334,0.007793,0.31473,1.9961,-5.4125,0.89831
0.87665,-0.36469,0.0069742,0.31374,1.9369,-5.4147,0.9046
0.87645,-0.36603,0.0061553,0.31275,1.8767,-5.4167,0.91094
0.87625,-0.36737,0.0053363,0.31176,1.8158,-5.4185,0.91731
0.87605,-0.36871,0.0045174,0.31076,1.7542,-5.4203,0.92372
0.87584,-0.37005,0.0036984,0.30976,1.6918,-5.4219,0.93016
0.87563,-0.37139,0.0028795,0.30877,1.6289,-5.4233,0.93662
0.87541,-0.37273,0.0020605,0.30777,1.5653,-5.4246,0.94311
0.8752,-0.37406,0.0012415,0.30677,1.5013,-5.4258,0.94962
0.87498,-0.3754,0.0004225,0.30577,1.4368,-5.4268,0.95615
0.87475,-0.37673,-0.0003965,0.30477,1.372,-5.4277,0.9627
0.87453,-0.37806,-0.0012155,0.30376,1.3068,-5.4284,0.96927
0.8743,-0.37939,-0.0020345,0.30276,1.2413,-5.429,0.97585
0.87406,-0.38072,-0.0028535,0.30176,1.1756,-5.4295,0.98243
0.87383,-0.38205,-0.0036724,0.30075,1.1097,-5.4298,0.98903
0.87359,-0.38338,-0.0044914,0.29974,1.0438,-5.43,0.99562
0.87335,-0.3847,-0.0053103,0.29874,0.97777,-5.43,1.0022
0.8731,-0.38602,-0.0061293,0.29773,0.91179,-5.4299,1.0088
0.87285,-0.38735,-0.0069482,0.29672,0.84589,-5.4296,1.0154
0.8726,-0.38867,-0.007767,0.29571,0.78013,-5.4292,1.022
0.87235,-0.38999,-0.0085859,0.29469,0.71457,-5.4287,1.0286
0.87209,-0.3913,-0.0094047,0.29368,0.64927,-5.428,1.0352
0.87183,-0.39262,-0.010224,0.29267,0.58428,-5.4271,1.0417
0.87157,-0.39394,-0.011042,0.29165,0.51967,-5.4262,1.0482
0.8713,-0.39525,-0.011861,0.29064,0.45548,-5.425,1.0548
0.87103,-0.39656,-0.01268,0.28962,0.39179,-5.4238,1.0613
0.87076,-0.39787,-0.013498,0.2886,0.32865,-5.4224,1.0677
0.87049,-0.39918,-0.014317,0.28758,0.26611,-5.4208,1.0742
0.87021,-0.40049,-0.015135,0.28656,0.20423,-5.4191,1.0806
0.86993,-0.4018,-0.015954,0.28554,0.14306,-5.4173,1.087
0.86964,-0.4031,-0.016772,0.28452,0.08267,-5.4153,1.0933
0.86935,-0.40441,-0.017591,0.28349,0.023103,-5.4132,1.0996
0.86906,-0.40571,-0.018409,0.28247,-0.035584,-5.411,1.1059
0.86877,-0.40701,-0.019227,0.28144,-0.09334,-5.4086,1.1121
0.86847,-0.40831,-0.020045,0.28042,-0.15011,-5.406,1.1183
0.86817,-0.40961,-0.020863,0.27939,-0.20585,-5.4033,1.1245
0.86787,-0.41091,-0.021681,0.27836,-0.2605,-5.4005,1.1306
0.86757,-0.4122,-0.022499,0.27733,-0.31402,-5.3976,1.1366
0.86726,-0.4135,-0.023317,0.2763,-0.36635,-5.3945,1.1426
0.86694,-0.41479,-0.024135,0.27527,-0.41746,-5.3912,1.1485
0.86663,-0.41608,-0.024953,0.27424,-0.46729,-5.3879,1.1544
0.86631,-0.41737,-0.02577,0.27321,-0.5158,-5.3843,1.1602
0.86599,-0.41866,-0.026588,0.27217,-0.56294,-5.3807,1.1659
0.86567,-0.41994,-0.027405,0.27114,-0.60868,-5.3769,1.1716
0.86534,-0.42123,-0.028223,0.2701,-0.65297,-5.373,1.1772
0.86501,-0.42251,-0.02904,0.26907,-0.69578,-5.3689,1.1827
0.86468,-0.4238,-0.029857,0.26803,-0.73705,-5.3647,1.1882
0.86434,-0.42508,-0.030674,0.26699,-0.77677,-5.3604,1.1935
0.864,-0.42636,-0.031491,0.26595,-0.81488,-5.3559,1.1989
0.86366,-0.42763,-0.032308,0.26491,-0.85136,-5.3513,1.2041
0.86331,-0.42891,-0.033125,0.26387,-0.88618,-5.3465,1.2092
0.86297,-0.43019,-0.033941,0.26283,-0.9193,-5.3416,1.2143
0.86261,-0.43146,-0.034758,0.26178,-0.95069,-5.3366,1.2193
0.86226,-0.43273,-0.035574,0.26074,-0.98032,-5.3315,1.2242
0.8619,-0.434,-0.03639,0.25969,-1.0082,-5.3262,1.229
0.86154,-0.43527,-0.037206,0.25865,-1.0342,-5.3208,1.2337
0.86118,-0.43654,-0.038022,0.2576,-1.0584,-5.3152,1.2383
0.86081,-0.4378,-0.038838,0.25655,-1.0808,-5.3096,1.2428
0.86044,-0.43907,-0.039654,0.2555,-1.1013,-5.3037,1.2472
0.86007,-0.44033,-0.040469,0.25445,-1.1199,-5.2978,1.2515
0.8597,-0.44159,-0.041285,0.2534,-1.1366,-5.2917,1.2558
0.85932,-0.44285,-0.0421,0.25235,-1.1514,-5.2855,1.2599
0.85894,-0.44411,-0.042915,0.2513,-1.1642,-5.2792,1.2639
0.85855,-0.44537,-0.04373,0.25025,-1.1751,-5.2728,1.2678
0.85817,-0.44662,-0.044545,0.24919,-1.184,-5.2662,1.2716
0.85778,-0.44787,-0.04536,0.24814,-1.191,-5.2595,1.2753
0.85738,-0.44913,-0.046174,0.24708,-1.1959,-5.2526,1.2789
0.85699,-0.45038,-0.046989,0.24603,-1.199,-5.2457,1.2824
0.85659,-0.45163,-0.047803,0.24497,-1.2,-5.2386,1.2857
0.85618,-0.45287,-0.048617,0.24391,-1.1991,-5.2314,1.289
0.85578,-0.45412,-0.049431,0.24285,-1.1961,-5.224,1.2921
0.85537,-0.45536,-0.050244,0.24179,-1.1912,-5.2166,1.2951
0.85496,-0.4566,-0.051058,0.24073,-1.1844,-5.209,1.298
0.85454,-0.45785,-0.051871,0.23967,-1.1755,-5.2013,1.3008
0.85413,-0.45908,-0.052684,0.23861,-1.1647,-5.1935,1.3034
0.85371,-0.46032,-0.053497,0.23754,-1.152,-5.1856,1.306
0.85328,-0.46156,-0.05431,0.23648,-1.1373,-5.1775,1.3084
0.85286,-0.46279,-0.055122,0.23541,-1.1207,-5.1693,1.3107
0.85243,-0.46403,-0.055935,0.23435,-1.1022,-5.161,1.3128
0.852,-0.46526,-0.056747,0.23328,-1.0818,-5.1526,1.3149
0.85156,-0.46649,-0.057559,0.23221,-1.0595,-5.1441,1.3168
0.85112,-0.46771,-0.058371,0.23114,-1.0354,-5.1355,1.3186
0.85068,-0.46894,-0.059182,0.23007,-1.0094,-5.1267,1.3202
0.85024,-0.47016,-0.059994,0.229,-0.98164,-5.1179,1.3218
0.84979,-0.47139,-0.060805,0.22793,-0.95209,-5.1089,1.3232
0.84934,-0.47261,-0.061616,0.22686,-0.92078,-5.0998,1.3244
0.84889,-0.47383,-0.062427,0.22579,-0.88774,-5.0906,1.3256
0.84843,-0.47505,-0.063237,0.22472,-0.853,-5.0813,1.3266
0.84797,-0.47626,-0.064047,0.22364,-0.81659,-5.0719,1.3275
0.84751,-0.47748,-0.064857,0.22257,-0.77855,-5.0624,1.3282
0.84704,-0.47869,-0.065667,0.22149,-0.73891,-5.0528,1.3288
0.84658,-0.4799,-0.066477,0.22042,-0.69771,-5.043,1.3293
0.84611,-0.48111,-0.067286,0.21934,-0.65497,-5.0332,1.3297
0.84563,-0.48232,-0.068095,0.21826,-0.61075,-5.0233,1.3299
0.84515,-0.48353,-0.068904,0.21718,-0.56508,-5.0132,1.33
0.84468,-0.48473,-0.069713,0.2161,-0.51799,-5.0031,1.33
0.84419,-0.48593,-0.070521,0.21502,-0.46955,-4.9928,1.3298
0.84371,-0.48713,-0.07133,0.21394,-0.41978,-4.9825,1.3295
0.84322,-0.48833,-0.072138,0.21286,-0.36873,-4.972,1.329
0.84273,-0.48953,-0.072945,0.21178,-0.31645,-4.9615,1.3285
0.84223,-0.49073,-0.073753,0.2107,-0.26299,-4.9509,1.3278
0.84173,-0.49192,-0.07456,0.20961,-0.20839,-4.9402,1.327
0.84123,-0.49311,-0.075367,0.20853,-0.1527,-4.9293,1.326
0.84073,-0.4943,-0.076173,0.20744,-0.095972,-4.9184,1.3249
0.84022,-0.49549,-0.07698,0.20636,-0.03826,-4.9074,1.3237
0.83972,-0.49668,-0.077786,0.20527,0.020386,-4.8963,1.3223
0.8392,-0.49787,-0.078592,0.20418,0.079914,-4.8851,1.3209
0.83869,-0.49905,-0.079397,0.20309,0.14027,-4.8738,1.3193
0.83817,-0.50023,-0.080202,0.202,0.2014,-4.8625,1.3175
0.83765,-0.50141,-0.081007,0.20092,0.26325,-4.851,1.3157
0.83712,-0.50259,-0.081812,0.19983,0.32576,-4.8395,1.3137
0.8366,-0.50377,-0.082617,0.19873,0.38888,-4.8279,1.3116
0.83607,-0.50494,-0.083421,0.19764,0.45254,-4.8162,1.3093
0.83554,-0.50612,-0.084225,0.19655,0.51671,-4.8044,1.307
0.835,-0.50729,-0.085028,0.19546,0.5813,-4.7925,1.3045
0.83446,-0.50846,-0.085831,0.19436,0.64627,-4.7806,1.3019
0.83392,-0.50963,-0.086634,0.19327,0.71156,-4.7686,1.2991
0.83338,-0.51079,-0.087437,0.19217,0.77711,-4.7565,1.2963
0.83283,-0.51196,-0.088239,0.19108,0.84287,-4.7443,1.2933
0.83228,-0.51312,-0.089041,0.18998,0.90876,-4.7321,1.2902
0.83172,-0.51428,-0.089843,0.18888,0.97473,-4.7197,1.287
0.83117,-0.51544,-0.090644,0.18779,1.0407,-4.7073,1.2837
0.83061,-0.5166,-0.091446,0.18669,1.1067,-4.6949,1.2803
0.83005,-0.51775,-0.092246,0.18559,1.1726,-4.6823,1.2768
0.82948,-0.51891,-0.093047,0.18449,1.2383,-4.6697,1.2731
0.82892,-0.52006,-0.093847,0.18339,1.3038,-4.6571,1.2694
0.82834,-0.52121,-0.094647,0.18229,1.369,-4.6443,1.2655
0.82777,-0.52236,-0.095446,0.18119,1.4339,-4.6315,1.2615
0.82719,-0.5235,-0.096245,0.18008,1.4984,-4.6187,1.2574
0.82662,-0.52465,-0.097044,0.17898,1.5624,-4.6058,1.2533
0.82603,-0.52579,-0.097842,0.17788,1.626,-4.5928,1.249
0.82545,-0.52693,-0.098641,0.17677,1.6889,-4.5797,1.2446
0.82486,-0.52807,-0.099438,0.17567,1.7513,-4.5666,1.2401
0.82427,-0.52921,-0.10024,0.17456,1.813,-4.5535,1.2355
0.82368,-0.53034,-0.10103,0.17346,1.8739,-4.5403,1.2309
0.82308,-0.53148,-0.10183,0.17235,1.9341,-4.527,1.2261
0.82248,-0.53261,-0.10263,0.17124,1.9934,-4.5137,1.2213
0.82188,-0.53374,-0.10342,0.17014,2.0519,-4.5003,1.2163
0.82127,-0.53486,-0.10422,0.16903,2.1094,-4.4869,1.2113
0.82066,-0.53599,-0.10501,0.16792,2.1658,-4.4734,1.2062
0.82005,-0.53712,-0.10581,0.16681,2.2213,-4.4599,1.201
0.81944,-0.53824,-0.1066,0.1657,2.2756,-4.4463,1.1957
0.81882,-0.53936,-0.1074,0.16459,2.3288,-4.4327,1.1904
0.8182,-0.54048,-0.10819,0.16348,2.3808,-4.4191,1.1849
0.81758,-0.54159,-0.10898,0.16236,2.4316,-4.4054,1.1794
0.81696,-0.54271,-0.10978,0.16125,2.481,-4.3917,1.1739
0.81633,-0.54382,-0.11057,0.16014,2.5291,-4.3779,1.1682
0.8157,-0.54493,-0.11136,0.15903,2.5759,-4.3641,1.1625
0.81506,-0.54604,-0.11215,0.15791,2.6212,-4.3502,1.1567
0.81443,-0.54715,-0.11294,0.1568,2.6651,-4.3363,1.1509
0.81379,-0.54825,-0.11374,0.15568,2.7075,-4.3224,1.145
0.81314,-0.54936,-0.11453,0.15457,2.7483,-4.3085,1.139
0.8125,-0.55046,-0.11532,0.15345,2.7876,-4.2945,1.133
0.81185,-0.55156,-0.11611,0.15233,2.8253,-4.2805,1.1269
0.8112,-0.55265,-0.1169,0.15121,2.8613,-4.2665,1.1208
0.81055,-0.55375,-0.11769,0.1501,2.8956,-4.2524,1.1147
0.80989,-0.55484,-0.11847,0.14898,2.9283,-4.2383,1.1084
0.80923,-0.55593,-0.11926,0.14786,2.9592,-4.2242,1.1022
0.80857,-0.55702,-0.12005,0.14674,2.9883,-4.2101,1.0959
0.8079,-0.55811,-0.12084,0.14562,3.0157,-4.1959,1.0896
0.80723,-0.5592,-0.12162,0.1445,3.0412,-4.1817,1.0832
0.80656,-0.56028,-0.12241,0.14338,3.0649,-4.1675,1.0768
0.80589,-0.56136,-0.1232,0.14226,3.0867,-4.1533,1.0704
0.80521,-0.56244,-0.12398,0.14113,3.1067,-4.1391,1.0639
0.80453,-0.56352,-0.12477,0.14001,3.1248,-4.1249,1.0574
0.80385,-0.5646,-0.12555,0.13889,3.1409,-4.1106,1.0509
0.80317,-0.56567,-0.12634,0.13777,3.1551,-4.0963,1.0444
0.80248,-0.56674,-0.12712,0.13664,3.1674,-4.0821,1.0378
0.80179,-0.56781,-0.1279,0.13552,3.1778,-4.0678,1.0313
0.80109,-0.56888,-0.12869,0.13439,3.1861,-4.0535,1.0247
0.8004,-0.56995,-0.12947,0.13327,3.1926,-4.0392,1.0181
0.7997,-0.57101,-0.13025,0.13214,3.197,-4.0249,1.0115
0.799,-0.57207,-0.13103,0.13101,3.1995,-4.0106,1.0049
0.79829,-0.57313,-0.13181,0.12989,3.1999,-3.9963,0.9983
0.79759,-0.57419,-0.1326,0.12876,3.1984,-3.982,0.9917
0.79688,-0.57525,-0.13338,0.12763,3.195,-3.9677,0.98511
0.79616,-0.5763,-0.13416,0.1265,3.1895,-3.9534,0.97852
0.79545,-0.57735,-0.13494,0.12538,3.1821,-3.9391,0.97194
0.79473,-0.5784,-0.13571,0.12425,3.1727,-3.9249,0.96537
0.79401,-0.57945,-0.13649,0.12312,3.1614,-3.9106,0.95881
0.79328,-0.5805,-0.13727,0.12199,3.1481,-3.8963,0.95227
0.79256,-0.58154,-0.13805,0.12086,3.1328,-3.8821,0.94575
0.79183,-0.58258,-0.13882,0.11973,3.1157,-3.8678,0.93925
0.7911,-0.58362,-0.1396,0.1186,3.0967,-3.8536,0.93278
0.79036,-0.58466,-0.14038,0.11746,3.0757,-3.8394,0.92633
0.78962,-0.5857,-0.14115,0.11633,3.0529,-3.8252,0.91991
0.78888,-0.58673,-0.14193,0.1152,3.0283,-3.811,0.91352
0.78814,-0.58776,-0.1427,0.11407,3.0018,-3.7968,0.90717
0.78739,-0.58879,-0.14348,0.11293,2.9735,-3.7827,0.90086
0.78664,-0.58982,-0.14425,0.1118,2.9435,-3.7685,0.89458
0.78589,-0.59084,-0.14502,0.11067,2.9117,-3.7544,0.88835
0.78514,-0.59187,-0.1458,0.10953,2.8782,-3.7404,0.88216
0.78438,-0.59289,-0.14657,0.1084,2.843,-3.7263,0.87602
0.78362,-0.59391,-0.14734,0.10726,2.8061,-3.7123,0.86993
0.78286,-0.59492,-0.14811,0.10613,2.7676,-3.6983,0.86389
0.78209,-0.59594,-0.14888,0.10499,2.7275,-3.6843,0.85791
0.78132,-0.59695,-0.14965,0.10385,2.6859,-3.6704,0.85198
0.78055,-0.59796,-0.15042,0.10272,2.6427,-3.6565,0.84611
0.77978,-0.59897,-0.15119,0.10158,2.5981,-3.6426,0.8403
0.779,-0.59998,-0.15196,0.10044,2.552,-3.6288,0.83456
0.77822,-0.60098,-0.15272,0.099305,2.5046,-3.615,0.82888
0.77744,-0.60199,-0.15349,0.098167,2.4557,-3.6013,0.82327
0.77666,-0.60299,-0.15426,0.097029,2.4056,-3.5876,0.81773
0.77587,-0.60398,-0.15502,0.09589,2.3542,-3.5739,0.81227
0.77508,-0.60498,-0.15579,0.094751,2.3016,-3.5603,0.80688
0.77429,-0.60597,-0.15656,0.093611,2.2478,-3.5467,0.80157
0.77349,-0.60697,-0.15732,0.092472,2.1929,-3.5331,0.79633
0.77269,-0.60796,-0.15808,0.091332,2.1369,-3.5196,0.79118
0.77189,-0.60894,-0.15885,0.090191,2.0799,-3.5062,0.78611
0.77109,-0.60993,-0.15961,0.089051,2.0219,-3.4928,0.78113
0.77028,-0.61091,-0.16037,0.08791,1.963,-3.4795,0.77623
0.76948,-0.61189,-0.16113,0.086768,1.9033,-3.4662,0.77143
0.76866,-0.61287,-0.1619,0.085627,1.8427,-3.4529,0.76671
0.76785,-0.61385,-0.16266,0.084485,1.7813,-3.4397,0.76209
0.76703,-0.61483,-0.16342,0.083343,1.7193,-3.4266,0.75757
0.76621,-0.6158,-0.16418,0.0822,1.6566,-3.4135,0.75314
0.76539,-0.61677,-0.16493,0.081057,1.5933,-3.4005,0.74881
0.76457,-0.61774,-0.16569,0.079914,1.5295,-3.3876,0.74458
0.76374,-0.6187,-0.16645,0.078771,1.4652,-3.3747,0.74045
0.76291,-0.61967,-0.16721,0.077627,1.4005,-3.3619,0.73643
0.76207,-0.62063,-0.16796,0.076484,1.3355,-3.3491,0.73251
0.76124,-0.62159,-0.16872,0.075339,1.2701,-3.3364,0.7287
0.7604,-0.62255,-0.16948,0.074195,1.2045,-3.3238,0.72499
0.75956,-0.6235,-0.17023,0.07305,1.1387,-3.3112,0.7214
0.75872,-0.62445,-0.17099,0.071905,1.0728,-3.2987,0.71792
0.75787,-0.62541,-0.17174,0.07076,1.0068,-3.2863,0.71455
0.75702,-0.62635,-0.17249,0.069615,0.94078,-3.2739,0.7113
0.75617,-0.6273,-0.17324,0.068469,0.87484,-3.2616,0.70816
0.75531,-0.62825,-0.174,0.067323,0.80901,-3.2494,0.70514
0.75446,-0.62919,-0.17475,0.066177,0.74336,-3.2373,0.70223
0.7536,-0.63013,-0.1755,0.065031,0.67793,-3.2252,0.69945
0.75274,-0.63107,-0.17625,0.063884,0.6128,-3.2133,0.69678
0.75187,-0.632,-0.177,0.062737,0.54801,-3.2013,0.69424
0.751,-0.63293,-0.17775,0.06159,0.48364,-3.1895,0.69182
0.75013,-0.63387,-0.17849,0.060443,0.41972,-3.1778,0.68952
0.74926,-0.63479,-0.17924,0.059295,0.35633,-3.1661,0.68734
0.74839,-0.63572,-0.17999,0.058148,0.29352,-3.1546,0.6853
0.74751,-0.63665,-0.18074,0.057,0.23134,-3.1431,0.68337
0.74663,-0.63757,-0.18148,0.055852,0.16985,-3.1317,0.68158
0.74574,-0.63849,-0.18223,0.054703,0.10912,-3.1203,0.67991
0.74486,-0.63941,-0.18297,0.053555,0.049179,-3.1091,0.67837
0.74397,-0.64032,-0.18371,0.052406,-0.0099022,-3.098,0.67695
0.74308,-0.64123,-0.18446,0.051258,-0.068074,-3.0869,0.67567
0.74219,-0.64215,-0.1852,0.050108,-0.12529,-3.076,0.67452
0.74129,-0.64305,-0.18594,0.048959,-0.18148,-3.0651,0.67349
0.74039,-0.64396,-0.18668,0.04781,-0.23662,-3.0543,0.6726
0.73949,-0.64487,-0.18742,0.04666,-0.29064,-3.0436,0.67184
0.73859,-0.64577,-0.18816,0.045511,-0.3435,-3.0331,0.67121
0.73768,-0.64667,-0.1889,0.044361,-0.39515,-3.0226,0.67071
0.73677,-0.64756,-0.18964,0.043211,-0.44555,-3.0122,0.67034
0.73586,-0.64846,-0.19038,0.042061,-0.49464,-3.0019,0.67011
0.73494,-0.64935,-0.19112,0.04091,-0.54239,-2.9917,0.67001
0.73403,-0.65024,-0.19185,0.03976,-0.58875,-2.9816,0.67003
0.73311,-0.65113,-0.19259,0.038609,-0.63369,-2.9716,0.67019
0.73219,-0.65202,-0.19332,0.037459,-0.67715,-2.9617,0.67049
0.73126,-0.6529,-0.19406,0.036308,-0.7191,-2.952,0.67091
0.73033,-0.65378,-0.19479,0.035157,-0.75951,-2.9423,0.67147
0.7294,-0.65466,-0.19552,0.034006,-0.79833,-2.9327,0.67216
0.72847,-0.65554,-0.19626,0.032854,-0.83553,-2.9232,0.67297
0.72754,-0.65642,-0.19699,0.031703,-0.87108,-2.9139,0.67392
0.7266,-0.65729,-0.19772,0.030552,-0.90495,-2.9046,0.675
0.72566,-0.65816,-0.19845,0.0294,-0.93711,-2.8955,0.67621
0.72472,-0.65903,-0.19918,0.028248,-0.96752,-2.8865,0.67755
0.72377,-0.65989,-0.19991,0.027097,-0.99616,-2.8776,0.67902
0.72282,-0.66075,-0.20064,0.025945,-1.023,-2.8688,0.68062
0.72187,-0.66162,-0.20136,0.024793,-1.048,-2.8601,0.68234
0.72092,-0.66247,-0.20209,0.023641,-1.0712,-2.8515,0.68419
0.71997,-0.66333,-0.20282,0.022489,-1.0925,-2.843,0.68617
0.71901,-0.66418,-0.20354,0.021336,-1.112,-2.8347,0.68827
0.71805,-0.66504,-0.20427,0.020184,-1.1295,-2.8265,0.6905
0.71709,-0.66588,-0.20499,0.019032,-1.1451,-2.8183,0.69285
0.71612,-0.66673,-0.20571,0.017879,-1.1588,-2.8103,0.69533
0.71515,-0.66758,-0.20644,0.016727,-1.1705,-2.8025,0.69793
0.71418,-0.66842,-0.20716,0.015574,-1.1803,-2.7947,0.70064
0.71321,-0.66926,-0.20788,0.014422,-1.1881,-2.7871,0.70348
0.71224,-0.6701,-0.2086,0.013269,-1.194,-2.7796,0.70644
0.71126,-0.67093,-0.20932,0.012116,-1.1979,-2.7722,0.70951
0.71028,-0.67176,-0.21004,0.010964,-1.1998,-2.7649,0.7127
0.7093,-0.6726,-0.21076,0.0098109,-1.1997,-2.7578,0.716
0.70831,-0.67342,-0.21147,0.0086581,-1.1977,-2.7507,0.71942
0.70732,-0.67425,-0.21219,0.0075053,-1.1936,-2.7438,0.72295
0.70633,-0.67507,-0.21291,0.0063524,-1.1876,-2.7371,0.72659
0.70534,-0.67589,-0.21362,0.0051995,-1.1796,-2.7304,0.73034
0.70435,-0.67671,-0.21434,0.0040466,-1.1697,-2.7239,0.7342
0.70335,-0.67753,-0.21505,0.0028937,-1.1578,-2.7175,0.73816
0.70235,-0.67834,-0.21576,0.0017408,-1.144,-2.7113,0.74223
0.70135,-0.67915,-0.21648,0.00058789,-1.1282,-2.7051,0.7464
0.70034,-0.67996,-0.21719,-0.00056504,-1.1106,-2.6991,0.75068
0.69933,-0.68077,-0.2179,-0.001718,-1.091,-2.6932,0.75505
0.69832,-0.68158,-0.21861,-0.0028709,-1.0695,-2.6875,0.75952
0.69731,-0.68238,-0.21932,-0.0040238,-1.0462,-2.6819,0.76409
0.6963,-0.68318,-0.22003,-0.0051767,-1.021,-2.6764,0.76875
0.69528,-0.68397,-0.22073,-0.0063296,-0.99407,-2.6711,0.77351
0.69426,-0.68477,-0.22144,-0.0074824,-0.9653,-2.6659,0.77835
0.69324,-0.68556,-0.22215,-0.0086353,-0.93475,-2.6608,0.78329
0.69222,-0.68635,-0.22285,-0.0097881,-0.90247,-2.6558,0.78831
0.69119,-0.68714,-0.22356,-0.010941,-0.86848,-2.651,0.79341
0.69016,-0.68793,-0.22426,-0.012094,-0.8328,-2.6463,0.7986
0.68913,-0.68871,-0.22496,-0.013246,-0.79547,-2.6418,0.80387
0.68809,-0.68949,-0.22567,-0.014399,-0.75653,-2.6374,0.80921
0.68706,-0.69027,-0.22637,-0.015551,-0.71601,-2.6331,0.81464
0.68602,-0.69104,-0.22707,-0.016704,-0.67394,-2.629,0.82013
0.68498,-0.69182,-0.22777,-0.017856,-0.63037,-2.625,0.8257
0.68393,-0.69259,-0.22847,-0.019009,-0.58533,-2.6211,0.83134
0.68289,-0.69336,-0.22916,-0.020161,-0.53886,-2.6174,0.83705
0.68184,-0.69412,-0.22986,-0.021314,-0.49101,-2.6138,0.84282
0.68079,-0.69488,-0.23056,-0.022466,-0.44181,-2.6104,0.84865
0.67974,-0.69565,-0.23125,-0.023618,-0.39132,-2.6071,0.85455
0.67868,-0.6964,-0.23195,-0.02477,-0.33958,-2.6039,0.8605
0.67762,-0.69716,-0.23264,-0.025922,-0.28663,-2.6009,0.86651
0.67656,-0.69791,-0.23334,-0.027074,-0.23252,-2.598,0.87257
0.6755,-0.69867,-0.23403,-0.028225,-0.1773,-2.5953,0.87869
0.67443,-0.69942,-0.23472,-0.029377,-0.12103,-2.5927,0.88485
0.67337,-0.70016,-0.23541,-0.030529,-0.063743,-2.5902,0.89106
0.6723,-0.70091,-0.2361,-0.03168,-0.005501,-2.5879,0.89731
0.67123,-0.70165,-0.23679,-0.032832,0.053646,-2.5857,0.9036
0.67015,-0.70239,-0.23748,-0.033983,0.11364,-2.5836,0.90993
0.66907,-0.70312,-0.23817,-0.035134,0.17444,-2.5817,0.9163
0.66799,-0.70386,-0.23885,-0.036285,0.23598,-2.58,0.9227
0.66691,-0.70459,-0.23954,-0.037436,0.29821,-2.5784,0.92913
0.66583,-0.70532,-0.24022,-0.038586,0.36106,-2.5769,0.93559
0.66474,-0.70605,-0.24091,-0.039737,0.4245,-2.5756,0.94207
0.66365,-0.70677,-0.24159,-0.040888,0.48845,-2.5744,0.94858
0.66256,-0.70749,-0.24228,-0.042038,0.55286,-2.5733,0.95511
0.66147,-0.70821,-0.24296,-0.043188,0.61767,-2.5724,0.96166
0.66038,-0.70893,-0.24364,-0.044338,0.68283,-2.5717,0.96822
0.65928,-0.70964,-0.24432,-0.045488,0.74828,-2.571,0.9748
0.65818,-0.71035,-0.245,-0.046638,0.81395,-2.5706,0.98138
0.65708,-0.71106,-0.24568,-0.047787,0.87978,-2.5702,0.98798
0.65597,-0.71177,-0.24635,-0.048937,0.94573,-2.57,0.99457
0.65486,-0.71248,-0.24703,-0.050086,1.0117,-2.57,1.0012
0.65375,-0.71318,-0.2477,-0.051235,1.0777,-2.5701,1.0078
0.65264,-0.71388,-0.24838,-0.052384,1.1436,-2.5703,1.0144
0.65153,-0.71457,-0.24905,-0.053532,1.2094,-2.5707,1.021
0.65041,-0.71527,-0.24973,-0.054681,1.275,-2.5712,1.0275
0.6493,-0.71596,-0.2504,-0.055829,1.3404,-2.5719,1.0341
0.64817,-0.71665,-0.25107,-0.056977,1.4054,-2.5727,1.0407
0.64705,-0.71734,-0.25174,-0.058125,1.4701,-2.5737,1.0472
0.64593,-0.71802,-0.25241,-0.059273,1.5343,-2.5748,1.0537
0.6448,-0.7187,-0.25308,-0.06042,1.5981,-2.576,1.0602
0.64367,-0.71938,-0.25375,-0.061567,1.6613,-2.5774,1.0667
0.64254,-0.72006,-0.25441,-0.062714,1.724,-2.5789,1.0732
0.6414,-0.72073,-0.25508,-0.063861,1.786,-2.5806,1.0796
0.64027,-0.72141,-0.25575,-0.065008,1.8472,-2.5824,1.086
0.63913,-0.72208,-0.25641,-0.066154,1.9078,-2.5843,1.0923
0.63799,-0.72274,-0.25707,-0.0673,1.9675,-2.5864,1.0986
0.63684,-0.72341,-0.25774,-0.068446,2.0263,-2.5887,1.1049
0.6357,-0.72407,-0.2584,-0.069592,2.0842,-2.591,1.1112
0.63455,-0.72473,-0.25906,-0.070737,2.1411,-2.5936,1.1173
0.6334,-0.72538,-0.25972,-0.071883,2.197,-2.5962,1.1235
0.63225,-0.72604,-0.26038,-0.073028,2.2519,-2.599,1.1296
0.6311,-0.72669,-0.26103,-0.074172,2.3056,-2.6019,1.1356
0.62994,-0.72734,-0.26169,-0.075317,2.3581,-2.605,1.1416
0.62878,-0.72799,-0.26235,-0.076461,2.4094,-2.6082,1.1476
0.62762,-0.72863,-0.263,-0.077605,2.4594,-2.6116,1.1534
0.62646,-0.72927,-0.26366,-0.078748,2.5082,-2.6151,1.1592
0.62529,-0.72991,-0.26431,-0.079892,2.5555,-2.6187,1.165
0.62412,-0.73055,-0.26496,-0.081035,2.6015,-2.6225,1.1707
0.62295,-0.73118,-0.26561,-0.082178,2.646,-2.6264,1.1763
0.62178,-0.73181,-0.26626,-0.08332,2.6891,-2.6304,1.1818
0.62061,-0.73244,-0.26691,-0.084462,2.7306,-2.6346,1.1873
0.61943,-0.73307,-0.26756,-0.085604,2.7705,-2.6389,1.1927
0.61825,-0.73369,-0.26821,-0.086746,2.8089,-2.6434,1.198
0.61707,-0.73431,-0.26886,-0.087887,2.8457,-2.648,1.2033
0.61589,-0.73493,-0.2695,-0.089028,2.8807,-2.6527,1.2084
0.61471,-0.73554,-0.27015,-0.090169,2.9141,-2.6576,1.2135
0.61352,-0.73616,-0.27079,-0.091309,2.9458,-2.6626,1.2185
0.61233,-0.73677,-0.27144,-0.092449,2.9757,-2.6677,1.2234
0.61114,-0.73738,-0.27208,-0.093589,3.0039,-2.673,1.2282
0.60995,-0.73798,-0.27272,-0.094728,3.0302,-2.6783,1.2329
0.60875,-0.73858,-0.27336,-0.095867,3.0547,-2.6839,1.2375
0.60755,-0.73919,-0.274,-0.097006,3.0774,-2.6895,1.2421
0.60635,-0.73978,-0.27464,-0.098144,3.0982,-2.6953,1.2465
0.60515,-0.74038,-0.27527,-0.099282,3.1171,-2.7012,1.2509
0.60395,-0.74097,-0.27591,-0.10042,3.1341,-2.7073,1.2551
0.60274,-0.74156,-0.27654,-0.10156,3.1491,-2.7135,1.2592
0.60153,-0.74215,-0.27718,-0.10269,3.1623,-2.7198,1.2633
0.60032,-0.74273,-0.27781,-0.10383,3.1735,-2.7262,1.2672
0.59911,-0.74332,-0.27845,-0.10497,3.1827,-2.7328,1.271
0.5979,-0.74389,-0.27908,-0.1061,3.19,-2.7395,1.2747
0.59668,-0.74447,-0.27971,-0.10724,3.1953,-2.7463,1.2783
0.59546,-0.74505,-0.28034,-0.10837,3.1986,-2.7532,1.2818
0.59424,-0.74562,-0.28097,-0.10951,3.2,-2.7603,1.2852
0.59302,-0.74619,-0.28159,-0.11064,3.1993,-2.7675,1.2884
0.59179,-0.74675,-0.28222,-0.11178,3.1967,-2.7748,1.2916
0.59056,-0.74732,-0.28285,-0.11291,3.1921,-2.7822,1.2946
0.58934,-0.74788,-0.28347,-0.11404,3.1856,-2.7898,1.2975
0.5881,-0.74844,-0.28409,-0.11518,3.1771,-2.7975,1.3003
0.58687,-0.74899,-0.28472,-0.11631,3.1666,-2.8053,1.303
0.58564,-0.74955,-0.28534,-0.11744,3.1541,-2.8132,1.3056
0.5844,-0.7501,-0.28596,-0.11857,3.1398,-2.8212,1.308
0.58316,-0.75065,-0.28658,-0.1197,3.1235,-2.8294,1.3103
0.58192,-0.75119,-0.2872,-0.12083,3.1053,-2.8376,1.3125
0.58067,-0.75173,-0.28781,-0.12197,3.0852,-2.846,1.3145
0.57943,-0.75227,-0.28843,-0.12309,3.0632,-2.8545,1.3165
0.57818,-0.75281,-0.28905,-0.12422,3.0393,-2.8631,1.3183
0.57693,-0.75335,-0.28966,-0.12535,3.0137,-2.8719,1.32
0.57568,-0.75388,-0.29027,-0.12648,2.9862,-2.8807,1.3215
0.57443,-0.75441,-0.29089,-0.12761,2.9569,-2.8897,1.3229
0.57317,-0.75494,-0.2915,-0.12874,2.9259,-2.8987,1.3242
0.57191,-0.75546,-0.29211,-0.12987,2.8931,-2.9079,1.3254
0.57065,-0.75598,-0.29272,-0.13099,2.8586,-2.9172,1.3264
0.56939,-0.7565,-0.29333,-0.13212,2.8225,-2.9266,1.3273
0.56813,-0.75702,-0.29393,-0.13324,2.7847,-2.9361,1.3281
0.56686,-0.75753,-0.29454,-0.13437,2.7453,-2.9457,1.3287
0.5656,-0.75804,-0.29515,-0.13549,2.7044,-2.9554,1.3293
0.56433,-0.75855,-0.29575,-0.13662,2.6619,-2.9652,1.3296
0.56306,-0.75906,-0.29635,-0.13774,2.6179,-2.9752,1.3299
0.56178,-0.75956,-0.29696,-0.13887,2.5724,-2.9852,1.33
0.56051,-0.76006,-0.29756,-0.13999,2.5256,-2.9953,1.33
0.55923,-0.76056,-0.29816,-0.14111,2.4774,-3.0055,1.3298
0.55795,-0.76106,-0.29876,-0.14223,2.4278,-3.0159,1.3295
0.55667,-0.76155,-0.29935,-0.14336,2.3769,-3.0263,1.3291
0.55539,-0.76204,-0.29995,-0.14448,2.3249,-3.0368,1.3286
0.5541,-0.76253,-0.30055,-0.1456,2.2716,-3.0474,1.3279
0.55281,-0.76301,-0.30114,-0.14672,2.2172,-3.0581,1.3271
0.55152,-0.76349,-0.30174,-0.14784,2.1616,-3.0689,1.3262
0.55023,-0.76397,-0.30233,-0.14896,2.1051,-3.0798,1.3251
0.54894,-0.76445,-0.30292,-0.15007,2.0475,-3.0908,1.3239
0.54765,-0.76492,-0.30351,-0.15119,1.989,-3.1019,1.3226
0.54635,-0.76539,-0.3041,-0.15231,1.9296,-3.1131,1.3211
0.54505,-0.76586,-0.30469,-0.15343,1.8694,-3.1244,1.3195
0.54375,-0.76633,-0.30528,-0.15454,1.8084,-3.1357,1.3178
0.54245,-0.76679,-0.30586,-0.15566,1.7466,-3.1471,1.316
0.54114,-0.76725,-0.30645,-0.15677,1.6842,-3.1587,1.314
0.53984,-0.76771,-0.30703,-0.15789,1.6212,-3.1703,1.3119
0.53853,-0.76816,-0.30762,-0.159,1.5576,-3.1819,1.3097
0.53722,-0.76862,-0.3082,-0.16012,1.4935,-3.1937,1.3073
0.53591,-0.76907,-0.30878,-0.16123,1.429,-3.2056,1.3049
0.53459,-0.76951,-0.30936,-0.16234,1.3641,-3.2175,1.3023
0.53328,-0.76996,-0.30994,-0.16345,1.2989,-3.2295,1.2996
0.53196,-0.7704,-0.31052,-0.16457,1.2333,-3.2416,1.2968
0.53064,-0.77084,-0.31109,-0.16568,1.1676,-3.2538,1.2938
0.52932,-0.77128,-0.31167,-0.16679,1.1017,-3.266,1.2907
0.528,-0.77171,-0.31224,-0.1679,1.0358,-3.2783,1.2876
0.52667,-0.77214,-0.31282,-0.16901,0.96978,-3.2907,1.2843
0.52534,-0.77257,-0.31339,-0.17011,0.90381,-3.3031,1.2809
0.52401,-0.77299,-0.31396,-0.17122,0.83793,-3.3157,1.2773
0.52268,-0.77342,-0.31453,-0.17233,0.77219,-3.3282,1.2737
0.52135,-0.77384,-0.3151,-0.17344,0.70666,-3.3409,1.27
0.52002,-0.77425,-0.31567,-0.17454,0.64139,-3.3536,1.2661
0.51868,-0.77467,-0.31624,-0.17565,0.57644,-3.3664,1.2622
0.51734,-0.77508,-0.3168,-0.17675,0.51188,-3.3793,1.2581
0.516,-0.77549,-0.31737,-0.17786,0.44775,-3.3922,1.2539
0.51466,-0.7759,-0.31793,-0.17896,0.38412,-3.4051,1.2497
0.51332,-0.7763,-0.31849,-0.18006,0.32105,-3.4182,1.2453
0.51198,-0.7767,-0.31905,-0.18116,0.25858,-3.4313,1.2408
0.51063,-0.7771,-0.31961,-0.18227,0.19679,-3.4444,1.2363
0.50928,-0.7775,-0.32017,-0.18337,0.13571,-3.4576,1.2316
0.50793,-0.77789,-0.32073,-0.18447,0.075419,-3.4709,1.2269
0.50658,-0.77828,-0.32129,-0.18557,0.015956,-3.4842,1.222
0.50522,-0.77867,-0.32184,-0.18667,-0.042622,-3.4976,1.2171
0.50387,-0.77905,-0.3224,-0.18776,-0.10026,-3.511,1.2121
0.50251,-0.77943,-0.32295,-0.18886,-0.15691,-3.5244,1.207
0.50115,-0.77981,-0.3235,-0.18996,-0.21252,-3.5379,1.2018
-0.49979,0.78019,0.32406,0.19106,-0.26704,-3.5515,1.1966
-0.49843,0.78056,0.32461,0.19215,-0.32041,-3.5651,1.1912
-0.49706,0.78093,0.32515,0.19325,-0.3726,-3.5787,1.1858
-0.4957,0.7813,0.3257,0.19434,-0.42356,-3.5924,1.1803
-0.49433,0.78167,0.32625,0.19544,-0.47323,-3.6062,1.1747
-0.49296,0.78203,0.32679,0.19653,-0.52157,-3.6199,1.1691
-0.49159,0.78239,0.32734,0.19762,-0.56855,-3.6337,1.1634
-0.49022,0.78275,0.32788,0.19871,-0.61412,-3.6476,1.1576
-0.48884,0.7831,0.32842,0.1998,-0.65823,-3.6614,1.1518
-0.48746,0.78346,0.32896,0.20089,-0.70085,-3.6754,1.1459
-0.48609,0.7838,0.3295,0.20198,-0.74194,-3.6893,1.14
-0.48471,0.78415,0.33004,0.20307,-0.78146,-3.7033,1.134
-0.48332,0.7845,0.33058,0.20416,-0.81938,-3.7173,1.1279
-0.48194,0.78484,0.33112,0.20525,-0.85566,-3.7313,1.1218
-0.48056,0.78517,0.33165,0.20633,-0.89028,-3.7454,1.1156
-0.47917,0.78551,0.33219,0.20742,-0.92319,-3.7595,1.1094
-0.47778,0.78584,0.33272,0.20851,-0.95437,-3.7736,1.1032
-0.47639,0.78617,0.33325,0.20959,-0.98379,-3.7877,1.0969
-0.475,0.7865,0.33378,0.21067,-1.0114,-3.8018,1.0906
-0.47361,0.78682,0.33431,0.21176,-1.0373,-3.816,1.0842
-0.47221,0.78715,0.33484,0.21284,-1.0612,-3.8302,1.0778
-0.47081,0.78747,0.33537,0.21392,-1.0834,-3.8444,1.0714
-0.46942,0.78778,0.33589,0.215,-1.1036,-3.8586,1.0649
-0.46802,0.78809,0.33642,0.21608,-1.122,-3.8729,1.0584
-0.46661,0.78841,0.33694,0.21716,-1.1385,-3.8871,1.0519
-0.46521,0.78871,0.33746,0.21824,-1.153,-3.9014,1.0454
-0.46381,0.78902,0.33798,0.21932,-1.1656,-3.9157,1.0389
-0.4624,0.78932,0.3385,0.2204,-1.1763,-3.9299,1.0323
-0.46099,0.78962,0.33902,0.22147,-1.1849,-3.9442,1.0257
-0.45958,0.78992,0.33954,0.22255,-1.1917,-3.9585,1.0191
-0.45817,0.79021,0.34006,0.22362,-1.1964,-3.9728,1.0126
-0.45676,0.7905,0.34057,0.2247,-1.1992,-3.9871,1.006
-0.45534,0.79079,0.34108,0.22577,-1.2,-4.0014,0.99935
-0.45393,0.79108,0.3416,0.22684,-1.1988,-4.0157,0.99275
-0.45251,0.79136,0.34211,0.22791,-1.1956,-4.03,0.98616
-0.45109,0.79164,0.34262,0.22898,-1.1905,-4.0443,0.97957
-0.44967,0.79192,0.34313,0.23005,-1.1834,-4.0586,0.97298
-0.44825,0.79219,0.34364,0.23112,-1.1743,-4.0729,0.96641
-0.44682,0.79247,0.34414,0.23219,-1.1633,-4.0871,0.95985
-0.4454,0.79273,0.34465,0.23326,-1.1503,-4.1014,0.95331
-0.44397,0.793,0.34515,0.23433,-1.1354,-4.1157,0.94679
-0.44254,0.79326,0.34566,0.23539,-1.1186,-4.1299,0.94028
-0.44111,0.79353,0.34616,0.23646,-1.0998,-4.1442,0.93381
-0.43968,0.79378,0.34666,0.23752,-1.0792,-4.1584,0.92735
-0.43825,0.79404,0.34716,0.23858,-1.0567,-4.1726,0.92093
-0.43681,0.79429,0.34766,0.23965,-1.0323,-4.1868,0.91454
-0.43538,0.79454,0.34815,0.24071,-1.0061,-4.2009,0.90818
-0.43394,0.79479,0.34865,0.24177,-0.97816,-4.2151,0.90186
-0.4325,0.79503,0.34914,0.24283,-0.94839,-4.2292,0.89558
-0.43106,0.79527,0.34964,0.24389,-0.91687,-4.2433,0.88934
-0.42961,0.79551,0.35013,0.24495,-0.88363,-4.2574,0.88314
-0.42817,0.79575,0.35062,0.246,-0.84868,-4.2714,0.877
-0.42673,0.79598,0.35111,0.24706,-0.81208,-4.2855,0.8709
-0.42528,0.79621,0.3516,0.24812,-0.77384,-4.2995,0.86485
-0.42383,0.79644,0.35209,0.24917,-0.73401,-4.3134,0.85886
-0.42238,0.79666,0.35257,0.25023,-0.69262,-4.3274,0.85292
-0.42093,0.79689,0.35306,0.25128,-0.6497,-4.3413,0.84704
-0.41948,0.79711,0.35354,0.25233,-0.6053,-4.3551,0.84122
-0.41802,0.79732,0.35402,0.25338,-0.55945,-4.369,0.83547
-0.41657,0.79754,0.35451,0.25443,-0.51221,-4.3828,0.82978
-0.41511,0.79775,0.35499,0.25548,-0.4636,-4.3965,0.82416
-0.41365,0.79795,0.35546,0.25653,-0.41367,-4.4103,0.81861
-0.41219,0.79816,0.35594,0.25758,-0.36247,-4.4239,0.81313
-0.41073,0.79836,0.35642,0.25863,-0.31004,-4.4376,0.80773
-0.40927,0.79856,0.35689,0.25967,-0.25644,-4.4512,0.80241
-0.4078,0.79876,0.35737,0.26072,-0.20171,-4.4647,0.79716
-0.40633,0.79895,0.35784,0.26176,-0.14589,-4.4782,0.792
-0.40487,0.79914,0.35831,0.26281,-0.089041,-4.4917,0.78691
-0.4034,0.79933,0.35878,0.26385,-0.031214,-4.5051,0.78192
-0.40193,0.79952,0.35925,0.26489,0.027542,-4.5184,0.77701
-0.40046,0.7997,0.35972,0.26593,0.087173,-4.5317,0.77219
-0.39898,0.79988,0.36018,0.26697,0.14763,-4.545,0.76746
-0.39751,0.80006,0.36065,0.26801,0.20884,-4.5582,0.76282
-0.39603,0.80023,0.36111,0.26905,0.27078,-4.5713,0.75828
-0.39456,0.8004,0.36157,0.27008,0.33336,-4.5844,0.75384
-0.39308,0.80057,0.36203,0.27112,0.39655,-4.5974,0.74949
-0.3916,0.80074,0.36249,0.27215,0.46028,-4.6104,0.74524
-0.39012,0.8009,0.36295,0.27319,0.5245,-4.6233,0.7411
-0.38863,0.80106,0.36341,0.27422,0.58914,-4.6361,0.73706
-0.38715,0.80122,0.36387,0.27525,0.65416,-4.6489,0.73312
-0.38567,0.80137,0.36432,0.27628,0.71948,-4.6616,0.7293
-0.38418,0.80153,0.36477,0.27731,0.78506,-4.6742,0.72558
-0.38269,0.80168,0.36523,0.27834,0.85083,-4.6868,0.72197
-0.3812,0.80182,0.36568,0.27937,0.91674,-4.6993,0.71847
-0.37971,0.80197,0.36613,0.2804,0.98272,-4.7118,0.71508
-0.37822,0.80211,0.36657,0.28142,1.0487,-4.7241,0.71181
-0.37673,0.80224,0.36702,0.28245,1.1147,-4.7364,0.70865
-0.37523,0.80238,0.36747,0.28347,1.1805,-4.7486,0.70561
-0.37373,0.80251,0.36791,0.2845,1.2462,-4.7608,0.70269
-0.37224,0.80264,0.36835,0.28552,1.3117,-4.7729,0.69988
-0.37074,0.80277,0.3688,0.28654,1.3768,-4.7848,0.6972
-0.36924,0.80289,0.36924,0.28756,1.4417,-4.7968,0.69463
-0.36774,0.80301,0.36968,0.28858,1.5061,-4.8086,0.69219
-0.36624,0.80313,0.37011,0.2896,1.5701,-4.8203,0.68988
-0.36473,0.80325,0.37055,0.29061,1.6336,-4.832,0.68768
-0.36323,0.80336,0.37099,0.29163,1.6965,-4.8436,0.68561
-0.36172,0.80347,0.37142,0.29265,1.7588,-4.8551,0.68367
-0.36021,0.80358,0.37185,0.29366,1.8204,-4.8665,0.68185
-0.3587,0.80368,0.37229,0.29467,1.8813,-4.8779,0.68016
-0.35719,0.80378,0.37272,0.29569,1.9413,-4.8891,0.6786
-0.35568,0.80388,0.37314,0.2967,2.0006,-4.9003,0.67717
-0.35417,0.80398,0.37357,0.29771,2.0589,-4.9113,0.67587
-0.35266,0.80407,0.374,0.29872,2.1162,-4.9223,0.67469
-0.35114,0.80416,0.37442,0.29972,2.1726,-4.9332,0.67365
-0.34962,0.80425,0.37485,0.30073,2.2279,-4.944,0.67274
-0.34811,0.80433,0.37527,0.30174,2.2821,-4.9547,0.67195
-0.34659,0.80441,0.37569,0.30274,2.3352,-4.9653,0.6713
-0.34507,0.80449,0.37611,0.30374,2.387,-4.9758,0.67078
-0.34355,0.80457,0.37653,0.30475,2.4376,-4.9862,0.67039
-0.34203,0.80464,0.37695,0.30575,2.4869,-4.9965,0.67014
-0.3405,0.80471,0.37736,0.30675,2.5349,-5.0067,0.67001
-0.33898,0.80478,0.37778,0.30775,2.5815,-5.0168,0.67002
-0.33745,0.80484,0.37819,0.30875,2.6266,-5.0268,0.67016
-0.33592,0.80491,0.3786,0.30974,2.6703,-5.0367,0.67043
-0.3344,0.80497,0.37901,0.31074,2.7125,-5.0465,0.67084
-0.33287,0.80502,0.37942,0.31174,2.7532,-5.0562,0.67137
-0.33134,0.80508,0.37983,0.31273,2.7923,-5.0658,0.67204
-0.3298,0.80513,0.38024,0.31372,2.8297,-5.0753,0.67283
-0.32827,0.80517,0.38064,0.31471,2.8655,-5.0846,0.67376
-0.32674,0.80522,0.38104,0.3157,2.8997,-5.0939,0.67482
-0.3252,0.80526,0.38145,0.31669,2.9321,-5.103,0.67601
-0.32367,0.8053,0.38185,0.31768,2.9628,-5.1121,0.67733
-0.32213,0.80534,0.38225,0.31867,2.9917,-5.121,0.67878
-0.32059,0.80537,0.38265,0.31966,3.0188,-5.1298,0.68035
-0.31905,0.8054,0.38304,0.32064,3.0442,-5.1386,0.68206
-0.31751,0.80543,0.38344,0.32163,3.0676,-5.1472,0.68389
-0.31597,0.80546,0.38383,0.32261,3.0892,-5.1556,0.68585
-0.31442,0.80548,0.38423,0.32359,3.109,-5.164,0.68793
-0.31288,0.8055,0.38462,0.32457,3.1268,-5.1722,0.69014
-0.31133,0.80552,0.38501,0.32555,3.1427,-5.1804,0.69247
-0.30979,0.80553,0.3854,0.32653,3.1567,-5.1884,0.69493
-0.30824,0.80554,0.38579,0.32751,3.1688,-5.1963,0.6975
-0.30669,0.80555,0.38617,0.32848,3.1789,-5.2041,0.7002
-0.30514,0.80556,0.38656,0.32946,3.187,-5.2117,0.70302
-0.30359,0.80556,0.38694,0.33043,3.1932,-5.2192,0.70596
-0.30204,0.80556,0.38732,0.3314,3.1974,-5.2267,0.70901
-0.30049,0.80556,0.38771,0.33238,3.1996,-5.2339,0.71218
-0.29893,0.80555,0.38808,0.33335,3.1999,-5.2411,0.71547
-0.29738,0.80554,0.38846,0.33431,3.1981,-5.2482,0.71887
-0.29582,0.80553,0.38884,0.33528,3.1944,-5.2551,0.72238
-0.29427,0.80552,0.38922,0.33625,3.1887,-5.2619,0.726
-0.29271,0.8055,0.38959,0.33721,3.181,-5.2685,0.72974
-0.29115,0.80548,0.38996,0.33818,3.1714,-5.2751,0.73358
-0.28959,0.80546,0.39033,0.33914,3.1598,-5.2815,0.73752
-0.28803,0.80543,0.3907,0.3401,3.1463,-5.2878,0.74158
-0.28647,0.8054,0.39107,0.34107,3.1309,-5.2939,0.74573
-0.2849,0.80537,0.39144,0.34203,3.1135,-5.2999,0.74999
-0.28334,0.80534,0.39181,0.34298,3.0942,-5.3058,0.75435
-0.28177,0.8053,0.39217,0.34394,3.0731,-5.3116,0.7588
-0.28021,0.80526,0.39253,0.3449,3.05,-5.3172,0.76336
-0.27864,0.80522,0.3929,0.34585,3.0252,-5.3227,0.768
-0.27707,0.80517,0.39326,0.34681,2.9985,-5.3281,0.77274
-0.2755,0.80513,0.39362,0.34776,2.97,-5.3333,0.77757
-0.27393,0.80508,0.39397,0.34871,2.9397,-5.3384,0.78249
-0.27236,0.80502,0.39433,0.34966,2.9077,-5.3434,0.7875
-0.27079,0.80497,0.39468,0.35061,2.874,-5.3482,0.79259
-0.26922,0.80491,0.39504,0.35156,2.8386,-5.3529,0.79777
-0.26764,0.80484,0.39539,0.3525,2.8015,-5.3575,0.80302
-0.26607,0.80478,0.39574,0.35345,2.7628,-5.3619,0.80836
-0.26449,0.80471,0.39609,0.35439,2.7226,-5.3662,0.81377
-0.26292,0.80464,0.39644,0.35533,2.6807,-5.3704,0.81925
-0.26134,0.80457,0.39679,0.35627,2.6374,-5.3744,0.82481
-0.25976,0.80449,0.39713,0.35721,2.5926,-5.3783,0.83044
-0.25818,0.80441,0.39748,0.35815,2.5464,-5.382,0.83613
-0.2566,0.80433,0.39782,0.35909,2.4987,-5.3856,0.8419
-0.25502,0.80425,0.39816,0.36003,2.4497,-5.3891,0.84772
-0.25344,0.80416,0.3985,0.36096,2.3994,-5.3924,0.85361
-0.25186,0.80407,0.39884,0.3619,2.3479,-5.3956,0.85955
-0.25027,0.80398,0.39917,0.36283,2.2951,-5.3986,0.86555
-0.24869,0.80388,0.39951,0.36376,2.2412,-5.4015,0.8716
-0.2471,0.80378,0.39984,0.36469,2.1862,-5.4043,0.87771
-0.24552,0.80368,0.40018,0.36562,2.1301,-5.4069,0.88386
-0.24393,0.80358,0.40051,0.36655,2.0729,-5.4094,0.89006
-0.24234,0.80347,0.40084,0.36747,2.0148,-5.4118,0.89631
-0.24075,0.80336,0.40117,0.3684,1.9558,-5.414,0.90259
-0.23916,0.80325,0.40149,0.36932,1.896,-5.416,0.90892
-0.23757,0.80313,0.40182,0.37024,1.8353,-5.418,0.91528
-0.23598,0.80301,0.40214,0.37116,1.7739,-5.4197,0.92168
-0.23439,0.80289,0.40247,0.37208,1.7117,-5.4214,0.9281
-0.2328,0.80277,0.40279,0.373,1.649,-5.4229,0.93456
-0.2312,0.80264,0.40311,0.37392,1.5856,-5.4242,0.94104
-0.22961,0.80251,0.40343,0.37484,1.5218,-5.4254,0.94754
-0.22801,0.80238,0.40374,0.37575,1.4574,-5.4265,0.95407
-0.22642,0.80224,0.40406,0.37666,1.3927,-5.4274,0.96062
-0.22482,0.80211,0.40437,0.37758,1.3276,-5.4282,0.96718
-0.22322,0.80197,0.40469,0.37849,1.2622,-5.4289,0.97375
-0.22162,0.80182,0.405,0.37939,1.1965,-5.4294,0.98033
-0.22002,0.80168,0.40531,0.3803,1.1307,-5.4297,0.98692
-0.21842,0.80153,0.40562,0.38121,1.0648,-5.4299,0.99352
-0.21682,0.80137,0.40593,0.38211,0.99879,-5.43,1.0001
-0.21522,0.80122,0.40623,0.38302,0.9328,-5.4299,1.0067
-0.21362,0.80106,0.40654,0.38392,0.86687,-5.4297,1.0133
-0.21201,0.8009,0.40684,0.38482,0.80106,-5.4293,1.0199
-0.21041,0.80074,0.40714,0.38572,0.73543,-5.4288,1.0265
-0.20881,0.80057,0.40744,0.38662,0.67004,-5.4282,1.0331
-0.2072,0.8004,0.40774,0.38752,0.60494,-5.4274,1.0396
-0.20559,0.80023,0.40804,0.38841,0.5402,-5.4265,1.0462
-0.20399,0.80006,0.40833,0.38931,0.47588,-5.4254,1.0527
-0.20238,0.79988,0.40863,0.3902,0.41202,-5.4242,1.0592
-0.20077,0.7997,0.40892,0.39109,0.3487,-5.4228,1.0657
-0.19916,0.79952,0.40921,0.39198,0.28596,-5.4213,1.0721
-0.19755,0.79933,0.4095,0.39287,0.22386,-5.4197,1.0786
-0.19594,0.79914,0.40979,0.39376,0.16246,-5.4179,1.085
-0.19433,0.79895,0.41008,0.39465,0.10182,-5.416,1.0913
-0.19272,0.79876,0.41036,0.39553,0.041984,-5.4139,1.0976
-0.19111,0.79856,0.41065,0.39641,-0.016989,-5.4117,1.1039
-0.18949,0.79836,0.41093,0.3973,-0.075048,-5.4093,1.1102
-0.18788,0.79816,0.41121,0.39818,-0.13214,-5.4068,1.1164
-0.18627,0.79795,0.41149,0.39906,-0.18821,-5.4042,1.1225
-0.18465,0.79775,0.41177,0.39993,-0.24321,-5.4014,1.1286
-0.18303,0.79754,0.41205,0.40081,-0.2971,-5.3985,1.1347
-0.18142,0.79732,0.41233,0.40169,-0.34981,-5.3955,1.1407
-0.1798,0.79711,0.4126,0.40256,-0.40132,-5.3923,1.1466
-0.17818,0.79689,0.41287,0.40343,-0.45156,-5.389,1.1525
-0.17657,0.79667,0.41315,0.4043,-0.50049,-5.3855,1.1583
-0.17495,0.79644,0.41342,0.40517,-0.54808,-5.3819,1.1641
-0.17333,0.79621,0.41368,0.40604,-0.59427,-5.3781,1.1698
-0.17171,0.79598,0.41395,0.40691,-0.63902,-5.3742,1.1754
-0.17009,0.79575,0.41422,0.40777,-0.68231,-5.3702,1.1809
-0.16847,0.79551,0.41448,0.40863,-0.72407,-5.3661,1.1864
-0.16684,0.79528,0.41474,0.4095,-0.76429,-5.3618,1.1918
-0.16522,0.79503,0.41501,0.41036,-0.80292,-5.3573,1.1972
-0.1636,0.79479,0.41527,0.41122,-0.83992,-5.3528,1.2024
-0.16197,0.79454,0.41552,0.41208,-0.87527,-5.3481,1.2076
-0.16035,0.79429,0.41578,0.41293,-0.90893,-5.3432,1.2127
-0.15873,0.79404,0.41604,0.41379,-0.94088,-5.3382,1.2177
-0.1571,0.79378,0.41629,0.41464,-0.97108,-5.3331,1.2226
-0.15547,0.79353,0.41654,0.41549,-0.9995,-5.3279,1.2274
-0.15385,0.79327,0.41679,0.41634,-1.0261,-5.3225,1.2322
-0.15222,0.793,0.41704,0.41719,-1.0509,-5.317,1.2368
-0.15059,0.79274,0.41729,0.41804,-1.0739,-5.3114,1.2414
-0.14897,0.79247,0.41754,0.41889,-1.095,-5.3056,1.2458
-0.14734,0.79219,0.41778,0.41973,-1.1142,-5.2997,1.2502
-0.14571,0.79192,0.41803,0.42058,-1.1315,-5.2937,1.2544
-0.14408,0.79164,0.41827,0.42142,-1.1469,-5.2875,1.2586
-0.14245,0.79136,0.41851,0.42226,-1.1603,-5.2812,1.2626
-0.14082,0.79108,0.41875,0.4231,-1.1718,-5.2748,1.2666
-0.13919,0.79079,0.41899,0.42393,-1.1814,-5.2683,1.2704
-0.13756,0.7905,0.41923,0.42477,-1.189,-5.2616,1.2741
-0.13592,0.79021,0.41946,0.42561,-1.1946,-5.2548,1.2778
-0.13429,0.78992,0.41969,0.42644,-1.1982,-5.2479,1.2813
-0.13266,0.78962,0.41993,0.42727,-1.1999,-5.2409,1.2847
-0.13103,0.78932,0.42016,0.4281,-1.1996,-5.2337,1.2879
-0.12939,0.78902,0.42039,0.42893,-1.1973,-5.2264,1.2911
-0.12776,0.78871,0.42061,0.42976,-1.193,-5.219,1.2942
-0.12612,0.78841,0.42084,0.43058,-1.1868,-5.2114,1.2971
-0.12449,0.7881,0.42107,0.43141,-1.1786,-5.2038,1.2999
-0.12285,0.78778,0.42129,0.43223,-1.1684,-5.196,1.3026
-0.12122,0.78747,0.42151,0.43305,-1.1563,-5.1881,1.3052
-0.11958,0.78715,0.42173,0.43387,-1.1422,-5.1801,1.3076
-0.11794,0.78683,0.42195,0.43469,-1.1262,-5.1719,1.3099
-0.1163,0.7865,0.42217,0.4355,-1.1083,-5.1637,1.3121
-0.11467,0.78617,0.42238,0.43632,-1.0885,-5.1553,1.3142
-0.11303,0.78584,0.4226,0.43713,-1.0668,-5.1468,1.3162
-0.11139,0.78551,0.42281,0.43794,-1.0433,-5.1382,1.318
-0.10975,0.78518,0.42302,0.43875,-1.0179,-5.1295,1.3197
-0.10811,0.78484,0.42323,0.43956,-0.99068,-5.1207,1.3213
-0.10647,0.7845,0.42344,0.44037,-0.96169,-5.1118,1.3227
-0.10483,0.78415,0.42365,0.44118,-0.93094,-5.1027,1.324
-0.10319,0.78381,0.42385,0.44198,-0.89845,-5.0936,1.3252
-0.10155,0.78346,0.42406,0.44278,-0.86425,-5.0843,1.3263
-0.099911,0.78311,0.42426,0.44358,-0.82837,-5.0749,1.3272
-0.098269,0.78275,0.42446,0.44438,-0.79085,-5.0654,1.328
-0.096627,0.78239,0.42466,0.44518,-0.75171,-5.0558,1.3287
-0.094985,0.78203,0.42486,0.44598,-0.711,-5.0461,1.3292
-0.093343,0.78167,0.42506,0.44677,-0.66875,-5.0363,1.3296
-0.0917,0.7813,0.42525,0.44757,-0.62499,-5.0264,1.3298
-0.090057,0.78094,0.42545,0.44836,-0.57978,-5.0164,1.33
-0.088413,0.78056,0.42564,0.44915,-0.53314,-5.0063,1.33
-0.086769,0.78019,0.42583,0.44994,-0.48512,-4.9961,1.3299
-0.085125,0.77981,0.42602,0.45072,-0.43577,-4.9858,1.3296
-0.083481,0.77944,0.42621,0.45151,-0.38513,-4.9754,1.3292
-0.081836,0.77905,0.42639,0.45229,-0.33323,-4.9649,1.3287
-0.080192,0.77867,0.42658,0.45308,-0.28014,-4.9543,1.328
-0.078546,0.77828,0.42676,0.45386,-0.2259,-4.9436,1.3272
-0.076901,0.77789,0.42694,0.45464,-0.17055,-4.9328,1.3263
-0.075255,0.7775,0.42712,0.45541,-0.11415,-4.9219,1.3253
-0.073609,0.7771,0.4273,0.45619,-0.056747,-4.9109,1.3241
-0.071963,0.7767,0.42748,0.45696,0.0016075,-4.8999,1.3228
-0.070316,0.7763,0.42765,0.45774,0.06086,-4.8887,1.3213
-0.068669,0.7759,0.42783,0.45851,0.12096,-4.8774,1.3198
-0.067022,0.77549,0.428,0.45928,0.18185,-4.8661,1.3181
-0.065375,0.77508,0.42817,0.46004,0.24347,-4.8547,1.3163
-0.063728,0.77467,0.42834,0.46081,0.30578,-4.8432,1.3143
-0.06208,0.77426,0.42851,0.46158,0.36871,-4.8316,1.3122
-0.060432,0.77384,0.42868,0.46234,0.43221,-4.8199,1.31
-0.058784,0.77342,0.42884,0.4631,0.49622,-4.8082,1.3077
-0.057136,0.773,0.42901,0.46386,0.56068,-4.7963,1.3053
-0.055487,0.77257,0.42917,0.46462,0.62554,-4.7844,1.3027
-0.053838,0.77214,0.42933,0.46537,0.69074,-4.7724,1.3
-0.052189,0.77171,0.42949,0.46613,0.75621,-4.7603,1.2972
-0.05054,0.77128,0.42965,0.46688,0.8219,-4.7482,1.2943
-0.048891,0.77084,0.4298,0.46764,0.88776,-4.736,1.2912
-0.047242,0.7704,0.42996,0.46839,0.95371,-4.7237,1.2881
-0.045592,0.76996,0.43011,0.46913,1.0197,-4.7113,1.2848
-0.043942,0.76952,0.43026,0.46988,1.0857,-4.6989,1.2814
-0.042292,0.76907,0.43041,0.47063,1.1516,-4.6863,1.2779
-0.040642,0.76862,0.43056,0.47137,1.2174,-4.6738,1.2743
-0.038992,0.76817,0.43071,0.47211,1.2829,-4.6611,1.2706
-0.037342,0.76771,0.43085,0.47285,1.3482,-4.6484,1.2667
-0.035691,0.76725,0.431,0.47359,1.4132,-4.6356,1.2628
-0.034041,0.76679,0.43114,0.47433,1.4779,-4.6228,1.2587
-0.03239,0.76633,0.43128,0.47506,1.5421,-4.6099,1.2546
-0.030739,0.76586,0.43142,0.4758,1.6058,-4.5969,1.2504
-0.029088,0.7654,0.43156,0.47653,1.6689,-4.5839,1.246
-0.027437,0.76492,0.4317,0.47726,1.7315,-4.5708,1.2416
-0.025786,0.76445,0.43183,0.47799,1.7934,-4.5577,1.237
-0.024135,0.76397,0.43197,0.47871,1.8546,-4.5445,1.2324
-0.022483,0.76349,0.4321,0.47944,1.915,-4.5312,1.2276
-0.020832,0.76301,0.43223,0.48016,1.9746,-4.5179,1.2228
-0.01918,0.76253,0.43236,0.48088,2.0334,-4.5046,1.2179
-0.017529,0.76204,0.43249,0.4816,2.0911,-4.4912,1.2129
-0.015877,0.76155,0.43261,0.48232,2.148,-4.4777,1.2078
-0.014226,0.76106,0.43274,0.48304,2.2037,-4.4642,1.2026
-0.012574,0.76056,0.43286,0.48375,2.2584,-4.4507,1.1974
-0.010922,0.76006,0.43298,0.48447,2.312,-4.4371,1.1921
-0.0092704,0.75956,0.4331,0.48518,2.3644,-4.4234,1.1867
-0.0076186,0.75906,0.43322,0.48589,2.4155,-4.4098,1.1812
-0.0059667,0.75856,0.43334,0.4866,2.4654,-4.396,1.1756
-0.0043149,0.75805,0.43345,0.4873,2.514,-4.3823,1.17
-0.002663,0.75754,0.43357,0.48801,2.5612,-4.3685,1.1643
-0.0010111,0.75702,0.43368,0.48871,2.607,-4.3546,1.1586
0.00064082,0.7565,0.43379,0.48941,2.6513,-4.3408,1.1527
0.0022927,0.75599,0.4339,0.49011,2.6942,-4.3269,1.1469
0.0039446,0.75546,0.43401,0.49081,2.7355,-4.3129,1.1409
0.0055965,0.75494,0.43411,0.49151,2.7753,-4.299,1.1349
0.0072483,0.75441,0.43422,0.4922,2.8135,-4.285,1.1289
0.0089002,0.75388,0.43432,0.4929,2.85,-4.2709,1.1228
0.010552,0.75335,0.43442,0.49359,2.8849,-4.2569,1.1166
0.012204,0.75281,0.43452,0.49428,2.9181,-4.2428,1.1104
0.013855,0.75228,0.43462,0.49496,2.9495,-4.2287,1.1042
0.015507,0.75174,0.43472,0.49565,2.9792,-4.2146,1.0979
0.017159,0.75119,0.43482,0.49633,3.0071,-4.2004,1.0916
0.01881,0.75065,0.43491,0.49702,3.0333,-4.1862,1.0852
0.020462,0.7501,0.435,0.4977,3.0575,-4.1721,1.0788
0.022113,0.74955,0.43509,0.49838,3.08,-4.1579,1.0724
0.023765,0.749,0.43518,0.49905,3.1005,-4.1436,1.066
0.025416,0.74844,0.43527,0.49973,3.1192,-4.1294,1.0595
0.027067,0.74788,0.43536,0.5004,3.136,-4.1152,1.053
0.028718,0.74732,0.43544,0.50108,3.1508,-4.1009,1.0464
0.030369,0.74676,0.43553,0.50175,3.1637,-4.0866,1.0399
0.03202,0.74619,0.43561,0.50241,3.1747,-4.0723,1.0333
0.033671,0.74562,0.43569,0.50308,3.1837,-4.0581,1.0268
0.035321,0.74505,0.43577,0.50375,3.1907,-4.0438,1.0202
0.036972,0.74447,0.43585,0.50441,3.1958,-4.0295,1.0136
0.038622,0.7439,0.43592,0.50507,3.1989,-4.0152,1.007
0.040272,0.74332,0.436,0.50573,3.2,-4.0009,1.0004
0.041922,0.74274,0.43607,0.50639,3.1991,-3.9866,0.9938
0.043572,0.74215,0.43614,0.50704,3.1963,-3.9723,0.98721
0.045222,0.74156,0.43621,0.5077,3.1915,-3.958,0.98062
0.046872,0.74097,0.43628,0.50835,3.1847,-3.9437,0.97403
0.048521,0.74038,0.43635,0.509,3.1759,-3.9294,0.96746
0.050171,0.73979,0.43641,0.50965,3.1652,-3.9151,0.9609
0.05182,0.73919,0.43648,0.5103,3.1525,-3.9009,0.95435
0.053469,0.73859,0.43654,0.51094,3.1379,-3.8866,0.94782
0.055118,0.73798,0.4366,0.51159,3.1214,-3.8723,0.94132
0.056766,0.73738,0.43666,0.51223,3.1029,-3.8581,0.93484
0.058415,0.73677,0.43671,0.51287,3.0826,-3.8439,0.92838
0.060063,0.73616,0.43677,0.51351,3.0604,-3.8297,0.92195
0.061711,0.73555,0.43683,0.51415,3.0363,-3.8155,0.91555
0.063358,0.73493,0.43688,0.51478,3.0104,-3.8013,0.90919
0.065006,0.73431,0.43693,0.51541,2.9827,-3.7872,0.90286
0.066653,0.73369,0.43698,0.51604,2.9533,-3.773,0.89658
0.0683,0.73307,0.43703,0.51667,2.922,-3.7589,0.89033
0.069947,0.73244,0.43708,0.5173,2.889,-3.7448,0.88413
0.071594,0.73181,0.43712,0.51793,2.8544,-3.7308,0.87797
0.07324,0.73118,0.43716,0.51855,2.818,-3.7168,0.87186
0.074886,0.73055,0.43721,0.51917,2.78,-3.7028,0.86581
0.076532,0.72991,0.43725,0.51979,2.7405,-3.6888,0.85981
0.078178,0.72927,0.43729,0.52041,2.6993,-3.6748,0.85386
0.079823,0.72863,0.43732,0.52103,2.6566,-3.6609,0.84797
0.081468,0.72799,0.43736,0.52164,2.6125,-3.6471,0.84214
0.083112,0.72734,0.4374,0.52226,2.5669,-3.6332,0.83638
0.084757,0.72669,0.43743,0.52287,2.5198,-3.6194,0.83068
0.086401,0.72604,0.43746,0.52348,2.4714,-3.6057,0.82505
0.088045,0.72539,0.43749,0.52408,2.4217,-3.5919,0.81949
0.089688,0.72473,0.43752,0.52469,2.3707,-3.5782,0.814
0.091332,0.72407,0.43755,0.52529,2.3185,-3.5646,0.80859
0.092974,0.72341,0.43757,0.5259,2.2651,-3.551,0.80325
0.094617,0.72275,0.4376,0.5265,2.2105,-3.5374,0.79799
0.096259,0.72208,0.43762,0.52709,2.1548,-3.5239,0.79281
0.097901,0.72141,0.43764,0.52769,2.0982,-3.5105,0.78772
0.099543,0.72074,0.43766,0.52828,2.0405,-3.4971,0.78271
0.10118,0.72006,0.43768,0.52888,1.9819,-3.4837,0.77778
0.10282,0.71939,0.43769,0.52947,1.9224,-3.4704,0.77295
0.10447,0.71871,0.43771,0.53006,1.8621,-3.4571,0.76821
0.10611,0.71802,0.43772,0.53064,1.801,-3.4439,0.76355
0.10774,0.71734,0.43773,0.53123,1.7391,-3.4308,0.759
0.10938,0.71665,0.43774,0.53181,1.6766,-3.4177,0.75454
0.11102,0.71596,0.43775,0.53239,1.6136,-3.4047,0.75018
0.11266,0.71527,0.43776,0.53297,1.5499,-3.3917,0.74591
0.1143,0.71458,0.43776,0.53355,1.4858,-3.3788,0.74175
0.11594,0.71388,0.43777,0.53413,1.4212,-3.3659,0.7377
0.11758,0.71318,0.43777,0.5347,1.3562,-3.3532,0.73374
0.11921,0.71248,0.43777,0.53527,1.2909,-3.3404,0.7299
0.12085,0.71177,0.43777,0.53585,1.2254,-3.3278,0.72616
0.12248,0.71107,0.43777,0.53641,1.1597,-3.3152,0.72253
0.12412,0.71036,0.43777,0.53698,1.0938,-3.3027,0.71902
0.12576,0.70965,0.43776,0.53755,1.0278,-3.2902,0.71561
0.12739,0.70893,0.43775,0.53811,0.9618,-3.2778,0.71232
0.12903,0.70821,0.43775,0.53867,0.89583,-3.2655,0.70914
0.13066,0.70749,0.43774,0.53923,0.82997,-3.2533,0.70609
0.13229,0.70677,0.43772,0.53979,0.76425,-3.2411,0.70314
0.13393,0.70605,0.43771,0.54034,0.69875,-3.2291,0.70032
0.13556,0.70532,0.4377,0.54089,0.63351,-3.2171,0.69762
0.13719,0.70459,0.43768,0.54145,0.56861,-3.2051,0.69503
0.13882,0.70386,0.43766,0.542,0.50409,-3.1933,0.69257
0.14045,0.70313,0.43764,0.54254,0.44003,-3.1815,0.69024
0.14208,0.70239,0.43762,0.54309,0.37646,-3.1698,0.68802
0.14371,0.70165,0.4376,0.54363,0.31346,-3.1582,0.68593
0.14534,0.70091,0.43758,0.54418,0.25107,-3.1467,0.68397
0.14697,0.70017,0.43755,0.54472,0.18936,-3.1353,0.68213
0.1486,0.69942,0.43753,0.54525,0.12838,-3.1239,0.68042
0.15023,0.69867,0.4375,0.54579,0.06818,-3.1127,0.67884
0.15186,0.69792,0.43747,0.54632,0.0088207,-3.1015,0.67739
0.15348,0.69716,0.43744,0.54686,-0.049646,-3.0904,0.67607
0.15511,0.69641,0.43741,0.54739,-0.10717,-3.0794,0.67487
0.15674,0.69565,0.43737,0.54792,-0.1637,-3.0685,0.67381
0.15836,0.69489,0.43734,0.54844,-0.21917,-3.0577,0.67287
0.15999,0.69412,0.4373,0.54897,-0.27356,-3.047,0.67207
0.16161,0.69336,0.43726,0.54949,-0.32679,-3.0364,0.6714
0.16323,0.69259,0.43722,0.55001,-0.37883,-3.0259,0.67086
0.16486,0.69182,0.43718,0.55053,-0.42963,-3.0155,0.67045
0.16648,0.69105,0.43713,0.55105,-0.47915,-3.0052,0.67017
0.1681,0.69027,0.43709,0.55156,-0.52733,-2.9949,0.67002
0.16972,0.68949,0.43704,0.55208,-0.57414,-2.9848,0.67001
0.17134,0.68871,0.43699,0.55259,-0.61953,-2.9748,0.67013
0.17296,0.68793,0.43694,0.5531,-0.66347,-2.9649,0.67038
0.17458,0.68714,0.43689,0.5536,-0.7059,-2.9551,0.67076
0.1762,0.68636,0.43684,0.55411,-0.74681,-2.9453,0.67128
0.17782,0.68557,0.43679,0.55461,-0.78614,-2.9357,0.67192
0.17944,0.68477,0.43673,0.55512,-0.82386,-2.9262,0.6727
0.18106,0.68398,0.43667,0.55562,-0.85994,-2.9169,0.67361
0.18267,0.68318,0.43662,0.55611,-0.89435,-2.9076,0.67464
0.18429,0.68238,0.43655,0.55661,-0.92705,-2.8984,0.67581
0.1859,0.68158,0.43649,0.5571,-0.95802,-2.8893,0.67711
0.18752,0.68077,0.43643,0.55759,-0.98723,-2.8804,0.67854
0.18913,0.67997,0.43636,0.55808,-1.0146,-2.8715,0.68009
0.19075,0.67916,0.4363,0.55857,-1.0403,-2.8628,0.68178
0.19236,0.67835,0.43623,0.55906,-1.064,-2.8542,0.68359
0.19397,0.67753,0.43616,0.55954,-1.0859,-2.8457,0.68553
0.19558,0.67672,0.43609,0.56003,-1.106,-2.8373,0.68759
0.19719,0.6759,0.43602,0.56051,-1.1241,-2.8291,0.68978
0.1988,0.67508,0.43594,0.56098,-1.1403,-2.8209,0.69209
0.20041,0.67425,0.43587,0.56146,-1.1546,-2.8129,0.69453
0.20202,0.67343,0.43579,0.56193,-1.167,-2.805,0.69708
0.20363,0.6726,0.43571,0.56241,-1.1774,-2.7972,0.69976
0.20523,0.67177,0.43563,0.56288,-1.1859,-2.7895,0.70256
0.20684,0.67094,0.43555,0.56335,-1.1923,-2.7819,0.70548
0.20845,0.6701,0.43547,0.56381,-1.1969,-2.7745,0.70852
0.21005,0.66926,0.43538,0.56428,-1.1994,-2.7672,0.71167
0.21165,0.66842,0.4353,0.56474,-1.2,-2.76,0.71494
0.21326,0.66758,0.43521,0.5652,-1.1985,-2.753,0.71832
0.21486,0.66674,0.43512,0.56566,-1.1951,-2.746,0.72181
0.21646,0.66589,0.43503,0.56611,-1.1897,-2.7392,0.72542
0.21806,0.66504,0.43494,0.56657,-1.1824,-2.7325,0.72913
0.21966,0.66419,0.43484,0.56702,-1.1731,-2.726,0.73296
0.22126,0.66333,0.43475,0.56747,-1.1618,-2.7195,0.73689
0.22286,0.66248,0.43465,0.56792,-1.1486,-2.7132,0.74093
0.22446,0.66162,0.43455,0.56837,-1.1335,-2.7071,0.74506
0.22606,0.66076,0.43445,0.56881,-1.1164,-2.701,0.74931
0.22765,0.65989,0.43435,0.56926,-1.0974,-2.6951,0.75365
0.22925,0.65903,0.43425,0.5697,-1.0766,-2.6893,0.75809
0.23084,0.65816,0.43414,0.57013,-1.0538,-2.6837,0.76263
0.23244,0.65729,0.43404,0.57057,-1.0293,-2.6781,0.76726
0.23403,0.65642,0.43393,0.57101,-1.0029,-2.6728,0.77198
0.23562,0.65554,0.43382,0.57144,-0.97465,-2.6675,0.7768
0.23722,0.65467,0.43371,0.57187,-0.94467,-2.6624,0.7817
0.23881,0.65379,0.4336,0.5723,-0.91294,-2.6574,0.7867
0.2404,0.65291,0.43349,0.57272,-0.87949,-2.6525,0.79178
0.24199,0.65202,0.43337,0.57315,-0.84434,-2.6478,0.79694
0.24357,0.65114,0.43325,0.57357,-0.80754,-2.6432,0.80218
0.24516,0.65025,0.43314,0.57399,-0.76911,-2.6388,0.8075
0.24675,0.64936,0.43302,0.57441,-0.72908,-2.6345,0.8129
0.24833,0.64846,0.43289,0.57483,-0.68751,-2.6303,0.81837
0.24992,0.64757,0.43277,0.57524,-0.64441,-2.6262,0.82392
0.2515,0.64667,0.43265,0.57566,-0.59983,-2.6223,0.82954
0.25308,0.64577,0.43252,0.57607,-0.55381,-2.6186,0.83522
0.25467,0.64487,0.4324,0.57647,-0.5064,-2.615,0.84097
0.25625,0.64397,0.43227,0.57688,-0.45762,-2.6115,0.84679
0.25783,0.64306,0.43214,0.57729,-0.40754,-2.6081,0.85266
0.25941,0.64215,0.432,0.57769,-0.35619,-2.6049,0.8586
0.26099,0.64124,0.43187,0.57809,-0.30362,-2.6018,0.86459
0.26256,0.64033,0.43174,0.57849,-0.24988,-2.5989,0.87064
0.26414,0.63941,0.4316,0.57888,-0.19501,-2.5961,0.87673
0.26572,0.63849,0.43146,0.57928,-0.13907,-2.5935,0.88288
0.26729,0.63757,0.43132,0.57967,-0.082096,-2.591,0.88907
0.26887,0.63665,0.43118,0.58006,-0.024154,-2.5886,0.89531
0.27044,0.63573,0.43104,0.58045,0.034711,-2.5864,0.90159
0.27201,0.6348,0.4309,0.58084,0.094444,-2.5843,0.90791
0.27358,0.63387,0.43075,0.58122,0.15499,-2.5823,0.91427
0.27515,0.63294,0.4306,0.5816,0.2163,-2.5805,0.92066
0.27672,0.63201,0.43046,0.58198,0.27831,-2.5789,0.92708
0.27829,0.63107,0.43031,0.58236,0.34098,-2.5773,0.93353
0.27986,0.63013,0.43015,0.58274,0.40423,-2.576,0.94001
0.28142,0.62919,0.43,0.58311,0.46803,-2.5747,0.94651
0.28299,0.62825,0.42985,0.58348,0.5323,-2.5736,0.95303
0.28455,0.62731,0.42969,0.58385,0.59699,-2.5727,0.95957
0.28612,0.62636,0.42953,0.58422,0.66204,-2.5719,0.96613
0.28768,0.62541,0.42937,0.58459,0.7274,-2.5712,0.9727
0.28924,0.62446,0.42921,0.58495,0.79301,-2.5707,0.97928
0.2908,0.62351,0.42905,0.58531,0.8588,-2.5703,0.98587
0.29236,0.62255,0.42889,0.58567,0.92472,-2.5701,0.99247
0.29392,0.62159,0.42872,0.58603,0.9907,-2.57,0.99907
0.29547,0.62063,0.42856,0.58639,1.0567,-2.5701,1.0057
0.29703,0.61967,0.42839,0.58674,1.1226,-2.5702,1.0123
0.29858,0.61871,0.42822,0.58709,1.1885,-2.5706,1.0189
0.30014,0.61774,0.42805,0.58744,1.2541,-2.5711,1.0254
0.30169,0.61677,0.42788,0.58779,1.3196,-2.5717,1.032
0.30324,0.6158,0.4277,0.58813,1.3847,-2.5725,1.0386
0.30479,0.61483,0.42753,0.58848,1.4495,-2.5734,1.0451
0.30634,0.61385,0.42735,0.58882,1.5139,-2.5744,1.0517
0.30789,0.61288,0.42717,0.58916,1.5778,-2.5756,1.0582
0.30944,0.6119,0.42699,0.58949,1.6413,-2.5769,1.0646
0.31099,0.61092,0.42681,0.58983,1.7041,-2.5784,1.0711
0.31253,0.60993,0.42663,0.59016,1.7663,-2.58,1.0775
0.31408,0.60895,0.42644,0.59049,1.8278,-2.5818,1.0839
0.31562,0.60796,0.42626,0.59082,1.8886,-2.5837,1.0903
0.31716,0.60697,0.42607,0.59115,1.9485,-2.5858,1.0966
0.3187,0.60598,0.42588,0.59147,2.0077,-2.5879,1.1029
0.32024,0.60499,0.42569,0.5918,2.0659,-2.5903,1.1092
0.32178,0.60399,0.4255,0.59212,2.1231,-2.5927,1.1154
0.32332,0.60299,0.42531,0.59244,2.1794,-2.5954,1.1215
0.32486,0.60199,0.42511,0.59275,2.2345,-2.5981,1.1277
0.32639,0.60099,0.42492,0.59307,2.2886,-2.601,1.1337
0.32793,0.59998,0.42472,0.59338,2.3415,-2.604,1.1397
0.32946,0.59898,0.42452,0.59369,2.3932,-2.6072,1.1457
0.33099,0.59797,0.42432,0.594,2.4436,-2.6105,1.1516
0.33252,0.59696,0.42412,0.5943,2.4928,-2.614,1.1574
0.33405,0.59594,0.42391,0.59461,2.5406,-2.6175,1.1632
0.33558,0.59493,0.42371,0.59491,2.587,-2.6213,1.1689
0.33711,0.59391,0.4235,0.59521,2.632,-2.6251,1.1745
0.33864,0.59289,0.42329,0.59551,2.6755,-2.6291,1.1801
0.34016,0.59187,0.42308,0.5958,2.7175,-2.6333,1.1856
0.34168,0.59085,0.42287,0.5961,2.758,-2.6375,1.191
0.34321,0.58982,0.42266,0.59639,2.7969,-2.642,1.1963
0.34473,0.5888,0.42244,0.59668,2.8341,-2.6465,1.2016
0.34625,0.58777,0.42223,0.59696,2.8698,-2.6512,1.2068
0.34777,0.58673,0.42201,0.59725,2.9037,-2.656,1.2119
0.34928,0.5857,0.42179,0.59753,2.9359,-2.661,1.2169
0.3508,0.58466,0.42157,0.59781,2.9664,-2.666,1.2218
0.35232,0.58363,0.42135,0.59809,2.9951,-2.6713,1.2267
0.35383,0.58259,0.42113,0.59837,3.022,-2.6766,1.2314
0.35534,0.58155,0.4209,0.59864,3.0471,-2.6821,1.2361
0.35686,0.5805,0.42068,0.59892,3.0703,-2.6877,1.2406
0.35837,0.57946,0.42045,0.59919,3.0917,-2.6935,1.2451
0.35987,0.57841,0.42022,0.59946,3.1112,-2.6993,1.2495
0.36138,0.57736,0.41999,0.59972,3.1288,-2.7053,1.2538
0.36289,0.57631,0.41976,0.59999,3.1445,-2.7115,1.2579
0.36439,0.57525,0.41953,0.60025,3.1583,-2.7178,1.262
0.3659,0.5742,0.41929,0.60051,3.1701,-2.7241,1.2659
0.3674,0.57314,0.41906,0.60077,3.18,-2.7307,1.2698
0.3689,0.57208,0.41882,0.60102,3.1879,-2.7373,1.2735
0.3704,0.57102,0.41858,0.60128,3.1938,-2.7441,1.2772
0.3719,0.56995,0.41834,0.60153,3.1978,-2.751,1.2807
0.3734,0.56889,0.4181,0.60178,3.1998,-2.758,1.2841
0.3749,0.56782,0.41785,0.60203,3.1998,-2.7652,1.2874
0.37639,0.56675,0.41761,0.60227,3.1978,-2.7724,1.2906
0.37788,0.56568,0.41736,0.60251,3.1938,-2.7798,1.2937
0.37938,0.5646,0.41711,0.60276,3.1879,-2.7874,1.2966
0.38087,0.56353,0.41687,0.60299,3.18,-2.795,1.2995
0.38236,0.56245,0.41661,0.60323,3.1701,-2.8028,1.3022
0.38385,0.56137,0.41636,0.60347,3.1583,-2.8106,1.3048
0.38533,0.56029,0.41611,0.6037,3.1446,-2.8186,1.3072
0.38682,0.5592,0.41585,0.60393,3.1289,-2.8268,1.3096
0.3883,0.55812,0.4156,0.60416,3.1113,-2.835,1.3118
0.38979,0.55703,0.41534,0.60438,3.0918,-2.8433,1.3139
0.39127,0.55594,0.41508,0.60461,3.0704,-2.8518,1.3159
0.39275,0.55485,0.41482,0.60483,3.0471,-2.8604,1.3177
0.39423,0.55375,0.41456,0.60505,3.022,-2.8691,1.3194
0.3957,0.55266,0.41429,0.60527,2.9951,-2.8779,1.321
0.39718,0.55156,0.41403,0.60548,2.9664,-2.8868,1.3225
0.39865,0.55046,0.41376,0.6057,2.936,-2.8958,1.3238
0.40013,0.54936,0.41349,0.60591,2.9037,-2.905,1.325
0.4016,0.54826,0.41322,0.60612,2.8698,-2.9142,1.3261
0.40307,0.54715,0.41295,0.60633,2.8342,-2.9236,1.3271
0.40454,0.54604,0.41268,0.60653,2.7969,-2.9331,1.3279
0.40601,0.54494,0.4124,0.60673,2.7581,-2.9426,1.3286
0.40747,0.54383,0.41213,0.60694,2.7176,-2.9523,1.3291
0.40894,0.54271,0.41185,0.60713,2.6756,-2.9621,1.3295
0.4104,0.5416,0.41157,0.60733,2.6321,-2.972,1.3298
0.41186,0.54048,0.41129,0.60753,2.5871,-2.982,1.33
0.41332,0.53936,0.41101,0.60772,2.5407,-2.9921,1.33
0.41478,0.53824,0.41073,0.60791,2.4929,-3.0023,1.3299
0.41624,0.53712,0.41045,0.6081,2.4437,-3.0126,1.3296
0.4177,0.536,0.41016,0.60828,2.3933,-3.023,1.3293
0.41915,0.53487,0.40987,0.60847,2.3416,-3.0334,1.3288
0.4206,0.53374,0.40958,0.60865,2.2887,-3.044,1.3281
0.42205,0.53261,0.40929,0.60883,2.2346,-3.0547,1.3274
0.42351,0.53148,0.409,0.60901,2.1794,-3.0655,1.3265
0.42495,0.53035,0.40871,0.60918,2.1232,-3.0764,1.3254
0.4264,0.52921,0.40842,0.60935,2.066,-3.0873,1.3243
0.42785,0.52807,0.40812,0.60953,2.0077,-3.0984,1.323
0.42929,0.52694,0.40782,0.60969,1.9486,-3.1095,1.3216
0.43073,0.5258,0.40753,0.60986,1.8887,-3.1208,1.32
0.43218,0.52465,0.40723,0.61003,1.8279,-3.1321,1.3184
0.43361,0.52351,0.40692,0.61019,1.7664,-3.1435,1.3166
0.43505,0.52236,0.40662,0.61035,1.7042,-3.155,1.3146
0.43649,0.52121,0.40632,0.61051,1.6414,-3.1666,1.3126
0.43793,0.52006,0.40601,0.61066,1.5779,-3.1782,1.3104
0.43936,0.51891,0.40571,0.61082,1.514,-3.19,1.3081
0.44079,0.51776,0.4054,0.61097,1.4496,-3.2018,1.3057
0.44222,0.5166,0.40509,0.61112,1.3848,-3.2137,1.3031
0.44365,0.51545,0.40478,0.61127,1.3197,-3.2257,1.3005
0.44508,0.51429,0.40446,0.61141,1.2542,-3.2377,1.2977
0.4465,0.51313,0.40415,0.61156,1.1886,-3.2499,1.2948
0.44793,0.51196,0.40383,0.6117,1.1227,-3.2621,1.2917
0.44935,0.5108,0.40352,0.61184,1.0568,-3.2744,1.2886
0.45077,0.50963,0.4032,0.61197,0.9908,-3.2867,1.2853
0.45219,0.50846,0.40288,0.61211,0.92482,-3.2992,1.282
0.45361,0.50729,0.40256,0.61224,0.8589,-3.3117,1.2785
0.45503,0.50612,0.40224,0.61237,0.79311,-3.3242,1.2749
0.45644,0.50495,0.40191,0.6125,0.7275,-3.3369,1.2712
0.45785,0.50377,0.40159,0.61263,0.66215,-3.3496,1.2674
0.45927,0.5026,0.40126,0.61275,0.59709,-3.3623,1.2634
0.46068,0.50142,0.40093,0.61287,0.5324,-3.3752,1.2594
0.46208,0.50024,0.4006,0.61299,0.46813,-3.3881,1.2553
0.46349,0.49906,0.40027,0.61311,0.40433,-3.401,1.251
0.4649,0.49787,0.39994,0.61322,0.34108,-3.414,1.2467
0.4663,0.49669,0.3996,0.61334,0.27841,-3.4271,1.2423
0.4677,0.4955,0.39927,0.61345,0.2164,-3.4402,1.2377
0.4691,0.49431,0.39893,0.61356,0.15509,-3.4534,1.2331
0.4705,0.49312,0.39859,0.61366,0.094537,-3.4667,1.2284
0.4719,0.49193,0.39826,0.61377,0.034803,-3.48,1.2236
0.47329,0.49073,0.39791,0.61387,-0.024063,-3.4933,1.2187
0.47469,0.48954,0.39757,0.61397,-0.082007,-3.5067,1.2137
0.47608,0.48834,0.39723,0.61407,-0.13898,-3.5201,1.2086
0.47747,0.48714,0.39688,0.61417,-0.19492,-3.5336,1.2035
0.47886,0.48594,0.39654,0.61426,-0.24979,-3.5472,1.1982
0.48025,0.48474,0.39619,0.61435,-0.30354,-3.5608,1.1929
0.48163,0.48353,0.39584,0.61444,-0.35611,-3.5744,1.1875
0.48301,0.48232,0.39549,0.61453,-0.40746,-3.5881,1.1821
0.4844,0.48112,0.39514,0.61462,-0.45755,-3.6018,1.1765
0.48578,0.47991,0.39479,0.6147,-0.50632,-3.6155,1.1709
0.48716,0.4787,0.39443,0.61478,-0.55374,-3.6293,1.1652
0.48853,0.47748,0.39407,0.61486,-0.59976,-3.6432,1.1595
0.48991,0.47627,0.39372,0.61494,-0.64434,-3.657,1.1537
0.49128,0.47505,0.39336,0.61501,-0.68744,-3.6709,1.1478
0.49265,0.47383,0.393,0.61508,-0.72902,-3.6849,1.1419
0.49402,0.47261,0.39264,0.61515,-0.76905,-3.6988,1.1359
0.49539,0.47139,0.39227,0.61522,-0.80748,-3.7128,1.1298
0.49676,0.47017,0.39191,0.61529,-0.84429,-3.7268,1.1238
0.49812,0.46895,0.39154,0.61535,-0.87943,-3.7409,1.1176
0.49949,0.46772,0.39118,0.61541,-0.91289,-3.755,1.1114
0.50085,0.46649,0.39081,0.61547,-0.94462,-3.7691,1.1052
0.50221,0.46526,0.39044,0.61553,-0.97461,-3.7832,1.0989
0.50356,0.46403,0.39007,0.61559,-1.0028,-3.7973,1.0926
0.50492,0.4628,0.3897,0.61564,-1.0292,-3.8115,1.0862
0.50627,0.46156,0.38932,0.61569,-1.0538,-3.8257,1.0799
0.50763,0.46033,0.38895,0.61574,-1.0765,-3.8399,1.0734
0.50898,0.45909,0.38857,0.61579,-1.0974,-3.8541,1.067
0.51033,0.45785,0.38819,0.61583,-1.1164,-3.8683,1.0605
0.51167,0.45661,0.38781,0.61587,-1.1334,-3.8826,1.054
0.51302,0.45537,0.38743,0.61591,-1.1486,-3.8968,1.0475
0.51436,0.45412,0.38705,0.61595,-1.1618,-3.9111,1.0409
0.5157,0.45288,0.38667,0.61599,-1.1731,-3.9254,1.0344
0.51704,0.45163,0.38628,0.61602,-1.1824,-3.9397,1.0278
0.51838,0.45038,0.3859,0.61605,-1.1897,-3.954,1.0212
0.51972,0.44913,0.38551,0.61608,-1.1951,-3.9682,1.0147
0.52105,0.44788,0.38512,0.61611,-1.1985,-3.9825,1.0081
0.52239,0.44663,0.38473,0.61613,-1.2,-3.9968,1.0015
0.52372,0.44537,0.38434,0.61616,-1.1994,-4.0111,0.99486
0.52505,0.44412,0.38395,0.61618,-1.1969,-4.0254,0.98826
0.52637,0.44286,0.38355,0.6162,-1.1924,-4.0397,0.98166
0.5277,0.4416,0.38316,0.61621,-1.1859,-4.054,0.97508
0.52902,0.44034,0.38276,0.61623,-1.1774,-4.0683,0.9685
0.53034,0.43907,0.38236,0.61624,-1.167,-4.0826,0.96194
0.53166,0.43781,0.38196,0.61625,-1.1547,-4.0969,0.95539
0.53298,0.43654,0.38156,0.61626,-1.1404,-4.1111,0.94886
0.5343,0.43528,0.38116,0.61626,-1.1241,-4.1254,0.94235
0.53561,0.43401,0.38076,0.61627,-1.106,-4.1396,0.93587
0.53692,0.43274,0.38035,0.61627,-1.086,-4.1538,0.92941
0.53823,0.43147,0.37994,0.61627,-1.0641,-4.1681,0.92297
0.53954,0.43019,0.37954,0.61626,-1.0403,-4.1822,0.91657
0.54085,0.42892,0.37913,0.61626,-1.0147,-4.1964,0.9102
0.54215,0.42764,0.37872,0.61625,-0.98727,-4.2106,0.90387
0.54346,0.42636,0.37831,0.61624,-0.95807,-4.2247,0.89758
0.54476,0.42508,0.37789,0.61623,-0.9271,-4.2388,0.89132
0.54606,0.4238,0.37748,0.61622,-0.8944,-4.2529,0.88511
0.54735,0.42252,0.37706,0.6162,-0.86,-4.267,0.87895
0.54865,0.42124,0.37665,0.61618,-0.82392,-4.281,0.87283
0.54994,0.41995,0.37623,0.61616,-0.7862,-4.295,0.86677
0.55123,0.41866,0.37581,0.61614,-0.74687,-4.309,0.86076
0.55252,0.41738,0.37539,0.61612,-0.70597,-4.3229,0.8548
0.55381,0.41609,0.37497,0.61609,-0.66353,-4.3369,0.84891
0.5551,0.41479,0.37454,0.61606,-0.6196,-4.3507,0.84307
0.55638,0.4135,0.37412,0.61603,-0.57421,-4.3646,0.83729
0.55766,0.41221,0.37369,0.616,-0.52741,-4.3784,0.83159
0.55894,0.41091,0.37327,0.61596,-0.47922,-4.3922,0.82594
0.56022,0.40962,0.37284,0.61592,-0.42971,-4.4059,0.82037
0.5615,0.40832,0.37241,0.61588,-0.37891,-4.4196,0.81487
0.56277,0.40702,0.37198,0.61584,-0.32687,-4.4332,0.80944
0.56404,0.40572,0.37154,0.6158,-0.27364,-4.4468,0.80409
0.56531,0.40441,0.37111,0.61575,-0.21926,-4.4604,0.79882
0.56658,0.40311,0.37068,0.6157,-0.16378,-4.4739,0.79363
0.56785,0.4018,0.37024,0.61565,-0.10726,-4.4874,0.78852
0.56911,0.4005,0.3698,0.6156,-0.049737,-4.5008,0.7835
0.57037,0.39919,0.36936,0.61555,0.0087292,-4.5142,0.77856
0.57163,0.39788,0.36892,0.61549,0.068087,-4.5275,0.77371
0.57289,0.39657,0.36848,0.61543,0.12828,-4.5408,0.76895
0.57415,0.39526,0.36804,0.61537,0.18926,-4.554,0.76429
0.5754,0.39394,0.36759,0.61531,0.25098,-4.5671,0.75972
0.57665,0.39263,0.36715,0.61524,0.31336,-4.5802,0.75524
0.5779,0.39131,0.3667,0.61517,0.37636,-4.5933,0.75086
0.57915,0.38999,0.36625,0.6151,0.43993,-4.6062,0.74659
0.5804,0.38867,0.3658,0.61503,0.50399,-4.6192,0.74241
0.58164,0.38735,0.36535,0.61496,0.56851,-4.632,0.73834
0.58288,0.38603,0.3649,0.61488,0.63341,-4.6448,0.73437
0.58412,0.38471,0.36445,0.6148,0.69864,-4.6575,0.7305
0.58536,0.38338,0.36399,0.61472,0.76415,-4.6702,0.72675
0.58659,0.38205,0.36354,0.61464,0.82986,-4.6828,0.7231
0.58783,0.38073,0.36308,0.61455,0.89573,-4.6953,0.71957
0.58906,0.3794,0.36262,0.61447,0.96169,-4.7078,0.71615
0.59029,0.37807,0.36216,0.61438,1.0277,-4.7202,0.71284
0.59152,0.37674,0.3617,0.61429,1.0937,-4.7325,0.70964
0.59274,0.3754,0.36124,0.61419,1.1596,-4.7448,0.70656
0.59397,0.37407,0.36078,0.6141,1.2253,-4.7569,0.7036
0.59519,0.37273,0.36031,0.614,1.2908,-4.769,0.70076
0.59641,0.3714,0.35985,0.6139,1.3561,-4.781,0.69804
0.59762,0.37006,0.35938,0.6138,1.4211,-4.793,0.69544
0.59884,0.36872,0.35891,0.61369,1.4857,-4.8048,0.69296
0.60005,0.36738,0.35844,0.61359,1.5498,-4.8166,0.6906
0.60126,0.36604,0.35797,0.61348,1.6135,-4.8283,0.68837
0.60247,0.3647,0.3575,0.61337,1.6765,-4.8399,0.68626
0.60368,0.36335,0.35703,0.61326,1.739,-4.8515,0.68428
0.60488,0.36201,0.35655,0.61314,1.8009,-4.8629,0.68242
0.60608,0.36066,0.35608,0.61302,1.862,-4.8743,0.68069
0.60728,0.35931,0.3556,0.6129,1.9223,-4.8855,0.67909
0.60848,0.35796,0.35512,0.61278,1.9818,-4.8967,0.67761
0.60968,0.35661,0.35464,0.61266,2.0404,-4.9078,0.67627
0.61087,0.35526,0.35416,0.61253,2.0981,-4.9188,0.67505
0.61206,0.3539,0.35368,0.61241,2.1548,-4.9297,0.67397
0.61325,0.35255,0.3532,0.61228,2.2104,-4.9405,0.67301
0.61444,0.35119,0.35271,0.61214,2.265,-4.9513,0.67219
0.61563,0.34984,0.35223,0.61201,2.3184,-4.9619,0.67149
0.61681,0.34848,0.35174,0.61187,2.3706,-4.9724,0.67093
0.61799,0.34712,0.35125,0.61173,2.4216,-4.9829,0.6705
0.61917,0.34576,0.35076,0.61159,2.4714,-4.9932,0.6702
0.62035,0.3444,0.35027,0.61145,2.5197,-5.0034,0.67004
0.62152,0.34303,0.34978,0.61131,2.5668,-5.0136,0.67
0.62269,0.34167,0.34928,0.61116,2.6124,-5.0236,0.6701
0.62386,0.34031,0.34879,0.61101,2.6566,-5.0336,0.67033
0.62503,0.33894,0.3483,0.61086,2.6992,-5.0434,0.67069
0.6262,0.33757,0.3478,0.61071,2.7404,-5.0531,0.67119
0.62736,0.3362,0.3473,0.61055,2.78,-5.0627,0.67181
0.62852,0.33483,0.3468,0.61039,2.818,-5.0722,0.67257
0.62968,0.33346,0.3463,0.61023,2.8543,-5.0817,0.67345
0.63084,0.33209,0.3458,0.61007,2.889,-5.091,0.67447
0.63199,0.33071,0.3453,0.60991,2.922,-5.1001,0.67562
0.63314,0.32934,0.34479,0.60974,2.9532,-5.1092,0.6769
0.63429,0.32796,0.34429,0.60957,2.9827,-5.1182,0.6783
0.63544,0.32659,0.34378,0.6094,3.0104,-5.1271,0.67984
0.63659,0.32521,0.34327,0.60923,3.0363,-5.1358,0.6815
0.63773,0.32383,0.34276,0.60905,3.0604,-5.1444,0.68329
0.63887,0.32245,0.34225,0.60888,3.0826,-5.1529,0.68521
0.64001,0.32107,0.34174,0.6087,3.1029,-5.1613,0.68725
0.64115,0.31968,0.34123,0.60852,3.1213,-5.1696,0.68942
0.64228,0.3183,0.34072,0.60833,3.1379,-5.1778,0.69171
0.64342,0.31692,0.3402,0.60815,3.1525,-5.1859,0.69413
0.64455,0.31553,0.33969,0.60796,3.1652,-5.1938,0.69667
0.64567,0.31414,0.33917,0.60777,3.1759,-5.2016,0.69933
0.6468,0.31275,0.33865,0.60758,3.1846,-5.2093,0.70211
0.64792,0.31136,0.33813,0.60738,3.1914,-5.2169,0.70501
0.64904,0.30997,0.33761,0.60719,3.1963,-5.2243,0.70803
0.65016,0.30858,0.33709,0.60699,3.1991,-5.2316,0.71116
0.65128,0.30719,0.33656,0.60679,3.2,-5.2388,0.71441
0.65239,0.3058,0.33604,0.60659,3.1989,-5.2459,0.71777
0.65351,0.3044,0.33551,0.60638,3.1958,-5.2529,0.72125
0.65462,0.30301,0.33499,0.60618,3.1907,-5.2597,0.72484
0.65572,0.30161,0.33446,0.60597,3.1837,-5.2664,0.72854
0.65683,0.30021,0.33393,0.60576,3.1747,-5.273,0.73234
0.65793,0.29881,0.3334,0.60554,3.1637,-5.2794,0.73626
0.65903,0.29741,0.33287,0.60533,3.1508,-5.2858,0.74028
0.66013,0.29601,0.33234,0.60511,3.136,-5.292,0.7444
0.66123,0.29461,0.3318,0.60489,3.1192,-5.298,0.74862
0.66232,0.29321,0.33127,0.60467,3.1006,-5.304,0.75295
0.66341,0.2918,0.33073,0.60445,3.08,-5.3098,0.75737
0.6645,0.2904,0.3302,0.60422,3.0576,-5.3154,0.7619
0.66559,0.28899,0.32966,0.60399,3.0333,-5.321,0.76651
0.66667,0.28758,0.32912,0.60376,3.0072,-5.3264,0.77122
0.66775,0.28617,0.32858,0.60353,2.9793,-5.3317,0.77603
0.66883,0.28476,0.32804,0.6033,2.9496,-5.3368,0.78092
0.66991,0.28335,0.32749,0.60306,2.9181,-5.3418,0.7859
0.67098,0.28194,0.32695,0.60282,2.8849,-5.3467,0.79096
0.67206,0.28053,0.3264,0.60258,2.8501,-5.3514,0.79611
0.67313,0.27912,0.32586,0.60234,2.8135,-5.3561,0.80134
0.6742,0.2777,0.32531,0.60209,2.7753,-5.3605,0.80665
0.67526,0.27629,0.32476,0.60185,2.7356,-5.3649,0.81204
0.67632,0.27487,0.32421,0.6016,2.6942,-5.3691,0.8175
0.67738,0.27346,0.32366,0.60135,2.6514,-5.3731,0.82303
0.67844,0.27204,0.32311,0.60109,2.607,-5.377,0.82864
0.6795,0.27062,0.32256,0.60084,2.5612,-5.3808,0.83431
0.68055,0.2692,0.322,0.60058,2.514,-5.3845,0.84005
0.6816,0.26778,0.32145,0.60032,2.4655,-5.388,0.84586
0.68265,0.26636,0.32089,0.60006,2.4156,-5.3914,0.85172
0.6837,0.26493,0.32033,0.59979,2.3645,-5.3946,0.85765
0.68474,0.26351,0.31977,0.59953,2.3121,-5.3977,0.86363
0.68579,0.26208,0.31921,0.59926,2.2585,-5.4006,0.86967
0.68682,0.26066,0.31865,0.59899,2.2038,-5.4034,0.87576
0.68786,0.25923,0.31809,0.59872,2.148,-5.4061,0.8819
0.6889,0.2578,0.31753,0.59844,2.0912,-5.4087,0.88808
0.68993,0.25638,0.31696,0.59817,2.0334,-5.411,0.89431
0.69096,0.25495,0.3164,0.59789,1.9747,-5.4133,0.90059
0.69199,0.25352,0.31583,0.59761,1.9151,-5.4154,0.9069
0.69301,0.25209,0.31526,0.59733,1.8547,-5.4174,0.91325
0.69403,0.25065,0.31469,0.59704,1.7935,-5.4192,0.91964
0.69505,0.24922,0.31412,0.59676,1.7316,-5.4209,0.92605
0.69607,0.24779,0.31355,0.59647,1.669,-5.4224,0.9325
0.69709,0.24635,0.31298,0.59618,1.6059,-5.4238,0.93897
0.6981,0.24492,0.31241,0.59588,1.5422,-5.4251,0.94547
0.69911,0.24348,0.31183,0.59559,1.478,-5.4262,0.95199
0.70012,0.24205,0.31126,0.59529,1.4133,-5.4272,0.95853
0.70112,0.24061,0.31068,0.59499,1.3483,-5.428,0.96508
0.70212,0.23917,0.3101,0.59469,1.283,-5.4287,0.97165
0.70312,0.23773,0.30952,0.59439,1.2175,-5.4292,0.97823
0.70412,0.23629,0.30895,0.59408,1.1517,-5.4296,0.98482
0.70512,0.23485,0.30836,0.59377,1.0858,-5.4299,0.99142
0.70611,0.23341,0.30778,0.59346,1.0198,-5.43,0.99802
0.7071,0.23196,0.3072,0.59315,0.95381,-5.43,1.0046
0.70809,0.23052,0.30662,0.59284,0.88786,-5.4298,1.0112
0.70908,0.22908,0.30603,0.59252,0.82201,-5.4295,1.0178
0.71006,0.22763,0.30544,0.5922,0.75631,-5.429,1.0244
0.71104,0.22618,0.30486,0.59188,0.69084,-5.4284,1.031
0.71202,0.22474,0.30427,0.59156,0.62564,-5.4277,1.0375
0.71299,0.22329,0.30368,0.59124,0.56078,-5.4268,1.0441
0.71397,0.22184,0.30309,0.59091,0.49632,-5.4258,1.0506
0.71494,0.22039,0.3025,0.59058,0.43231,-5.4246,1.0571
0.71591,0.21894,0.3019,0.59025,0.36881,-5.4233,1.0636
0.71687,0.21749,0.30131,0.58992,0.30588,-5.4218,1.0701
0.71783,0.21604,0.30072,0.58959,0.24357,-5.4202,1.0765
0.71879,0.21459,0.30012,0.58925,0.18194,-5.4185,1.0829
0.71975,0.21313,0.29952,0.58891,0.12105,-5.4166,1.0893
0.72071,0.21168,0.29893,0.58857,0.060953,-5.4146,1.0956
0.72166,0.21023,0.29833,0.58823,0.0016989,-5.4124,1.1019
0.72261,0.20877,0.29773,0.58788,-0.056657,-5.4101,1.1082
0.72356,0.20732,0.29713,0.58753,-0.11406,-5.4077,1.1144
0.72451,0.20586,0.29652,0.58719,-0.17046,-5.4051,1.1206
0.72545,0.2044,0.29592,0.58683,-0.22581,-5.4023,1.1267
0.72639,0.20294,0.29532,0.58648,-0.28006,-5.3995,1.1327
0.72733,0.20148,0.29471,0.58613,-0.33315,-5.3965,1.1388
0.72826,0.20002,0.29411,0.58577,-0.38505,-5.3933,1.1447
0.7292,0.19856,0.2935,0.58541,-0.43569,-5.39,1.1506
0.73013,0.1971,0.29289,0.58505,-0.48505,-5.3866,1.1565
0.73105,0.19564,0.29228,0.58469,-0.53307,-5.383,1.1622
0.73198,0.19418,0.29167,0.58432,-0.57971,-5.3793,1.168
0.7329,0.19272,0.29106,0.58395,-0.62493,-5.3755,1.1736
0.73382,0.19125,0.29045,0.58358,-0.66868,-5.3715,1.1792
0.73474,0.18979,0.28983,0.58321,-0.71093,-5.3674,1.1847
0.73565,0.18832,0.28922,0.58284,-0.75165,-5.3631,1.1901
0.73657,0.18686,0.28861,0.58246,-0.79079,-5.3588,1.1955
0.73748,0.18539,0.28799,0.58208,-0.82831,-5.3542,1.2008
0.73838,0.18393,0.28737,0.58171,-0.86419,-5.3496,1.206
0.73929,0.18246,0.28675,0.58132,-0.8984,-5.3448,1.2111
0.74019,0.18099,0.28613,0.58094,-0.93089,-5.3398,1.2161
0.74109,0.17952,0.28551,0.58055,-0.96165,-5.3348,1.221
0.74198,0.17805,0.28489,0.58017,-0.99064,-5.3296,1.2259
0.74288,0.17658,0.28427,0.57978,-1.0178,-5.3242,1.2307
0.74377,0.17511,0.28365,0.57938,-1.0432,-5.3188,1.2353
0.74466,0.17364,0.28302,0.57899,-1.0668,-5.3132,1.2399
0.74555,0.17217,0.2824,0.57859,-1.0885,-5.3075,1.2444
0.74643,0.17069,0.28177,0.5782,-1.1083,-5.3016,1.2488
0.74731,0.16922,0.28114,0.5778,-1.1262,-5.2956,1.2531
0.74819,0.16775,0.28052,0.57739,-1.1422,-5.2895,1.2573
0.74907,0.16627,0.27989,0.57699,-1.1562,-5.2833,1.2613
0.74994,0.1648,0.27926,0.57658,-1.1684,-5.2769,1.2653
0.75081,0.16332,0.27862,0.57618,-1.1785,-5.2704,1.2692
0.75168,0.16185,0.27799,0.57577,-1.1868,-5.2638,1.273
0.75254,0.16037,0.27736,0.57535,-1.193,-5.257,1.2766
0.75341,0.15889,0.27672,0.57494,-1.1973,-5.2501,1.2802
0.75427,0.15742,0.27609,0.57452,-1.1996,-5.2431,1.2836
0.75512,0.15594,0.27545,0.57411,-1.1999,-5.236,1.2869
0.75598,0.15446,0.27482,0.57369,-1.1982,-5.2287,1.2901
0.75683,0.15298,0.27418,0.57326,-1.1946,-5.2213,1.2932
0.75768,0.1515,0.27354,0.57284,-1.189,-5.2138,1.2962
0.75853,0.15002,0.2729,0.57241,-1.1814,-5.2062,1.299
0.75937,0.14854,0.27226,0.57199,-1.1718,-5.1985,1.3017
0.76021,0.14706,0.27162,0.57156,-1.1603,-5.1906,1.3044
0.76105,0.14557,0.27097,0.57112,-1.1469,-5.1826,1.3068
0.76189,0.14409,0.27033,0.57069,-1.1315,-5.1746,1.3092
0.76272,0.14261,0.26969,0.57025,-1.1142,-5.1663,1.3115
0.76355,0.14112,0.26904,0.56982,-1.095,-5.158,1.3136
0.76438,0.13964,0.26839,0.56937,-1.0739,-5.1496,1.3156
0.76521,0.13816,0.26775,0.56893,-1.051,-5.141,1.3174
0.76603,0.13667,0.2671,0.56849,-1.0262,-5.1323,1.3192
0.76685,0.13519,0.26645,0.56804,-0.99954,-5.1235,1.3208
0.76767,0.1337,0.2658,0.56759,-0.97112,-5.1146,1.3223
0.76848,0.13221,0.26515,0.56714,-0.94093,-5.1056,1.3236
0.76929,0.13073,0.2645,0.56669,-0.90898,-5.0965,1.3249
0.7701,0.12924,0.26384,0.56624,-0.87533,-5.0873,1.326
0.77091,0.12775,0.26319,0.56578,-0.83998,-5.0779,1.3269
0.77171,0.12626,0.26253,0.56532,-0.80298,-5.0685,1.3278
0.77252,0.12477,0.26188,0.56486,-0.76435,-5.0589,1.3285
0.77331,0.12329,0.26122,0.5644,-0.72414,-5.0492,1.329
0.77411,0.1218,0.26056,0.56394,-0.68237,-5.0395,1.3295
0.7749,0.12031,0.2599,0.56347,-0.63909,-5.0296,1.3298
0.77569,0.11882,0.25924,0.563,-0.59434,-5.0196,1.33
0.77648,0.11733,0.25858,0.56253,-0.54815,-5.0095,1.33
0.77727,0.11583,0.25792,0.56206,-0.50057,-4.9994,1.3299
0.77805,0.11434,0.25726,0.56159,-0.45163,-4.9891,1.3297
0.77883,0.11285,0.2566,0.56111,-0.4014,-4.9787,1.3293
0.77961,0.11136,0.25593,0.56064,-0.3499,-4.9682,1.3289
0.78038,0.10987,0.25527,0.56016,-0.29718,-4.9577,1.3282
0.78115,0.10837,0.2546,0.55967,-0.2433,-4.947,1.3275
0.78192,0.10688,0.25394,0.55919,-0.1883,-4.9362,1.3266
0.78269,0.10538,0.25327,0.55871,-0.13223,-4.9254,1.3256
0.78345,0.10389,0.2526,0.55822,-0.075137,-4.9144,1.3245
0.78421,0.1024,0.25193,0.55773,-0.01708,-4.9034,1.3232
0.78497,0.1009,0.25126,0.55724,0.041892,-4.8923,1.3218
0.78572,0.099405,0.25059,0.55674,0.10173,-4.881,1.3203
0.78647,0.09791,0.24992,0.55625,0.16237,-4.8697,1.3186
0.78722,0.096413,0.24924,0.55575,0.22377,-4.8583,1.3169
0.78797,0.094917,0.24857,0.55525,0.28586,-4.8469,1.3149
0.78872,0.09342,0.2479,0.55475,0.3486,-4.8353,1.3129
0.78946,0.091923,0.24722,0.55425,0.41192,-4.8236,1.3108
0.7902,0.090426,0.24654,0.55374,0.47578,-4.8119,1.3085
0.79093,0.088928,0.24587,0.55324,0.5401,-4.8001,1.3061
0.79166,0.08743,0.24519,0.55273,0.60484,-4.7882,1.3035
0.79239,0.085932,0.24451,0.55222,0.66994,-4.7762,1.3009
0.79312,0.084433,0.24383,0.5517,0.73533,-4.7642,1.2981
0.79385,0.082934,0.24315,0.55119,0.80096,-4.7521,1.2952
0.79457,0.081435,0.24247,0.55067,0.86677,-4.7399,1.2922
0.79529,0.079936,0.24179,0.55015,0.9327,-4.7276,1.2891
0.796,0.078436,0.2411,0.54963,0.99869,-4.7152,1.2859
0.79672,0.076936,0.24042,0.54911,1.0647,-4.7028,1.2825
0.79743,0.075436,0.23973,0.54859,1.1306,-4.6903,1.279
0.79814,0.073935,0.23905,0.54806,1.1964,-4.6778,1.2755
0.79884,0.072434,0.23836,0.54753,1.2621,-4.6652,1.2718
0.79954,0.070933,0.23767,0.547,1.3275,-4.6525,1.268
0.80024,0.069432,0.23699,0.54647,1.3926,-4.6397,1.2641
0.80094,0.06793,0.2363,0.54594,1.4573,-4.6269,1.26
0.80163,0.066428,0.23561,0.5454,1.5217,-4.614,1.2559
0.80232,0.064926,0.23492,0.54486,1.5855,-4.6011,1.2517
0.80301,0.063424,0.23423,0.54432,1.6489,-4.5881,1.2474
0.8037,0.061922,0.23353,0.54378,1.7117,-4.575,1.243
0.80438,0.060419,0.23284,0.54324,1.7738,-4.5619,1.2385
0.80506,0.058916,0.23215,0.54269,1.8352,-4.5487,1.2339
0.80574,0.057413,0.23145,0.54214,1.8959,-4.5355,1.2292
0.80641,0.055909,0.23076,0.5416,1.9557,-4.5222,1.2244
0.80708,0.054406,0.23006,0.54104,2.0147,-4.5088,1.2195
0.80775,0.052902,0.22936,0.54049,2.0728,-4.4954,1.2145
0.80842,0.051398,0.22866,0.53994,2.13,-4.482,1.2094
0.80908,0.049894,0.22797,0.53938,2.1861,-4.4685,1.2043
0.80974,0.04839,0.22727,0.53882,2.2411,-4.455,1.1991
0.8104,0.046886,0.22657,0.53826,2.2951,-4.4414,1.1938
0.81105,0.045381,0.22586,0.5377,2.3478,-4.4278,1.1884
0.8117,0.043876,0.22516,0.53713,2.3994,-4.4141,1.1829
0.81235,0.042371,0.22446,0.53657,2.4497,-4.4004,1.1774
0.813,0.040866,0.22376,0.536,2.4986,-4.3867,1.1718
0.81364,0.039361,0.22305,0.53543,2.5463,-4.3729,1.1661
0.81428,0.037856,0.22235,0.53486,2.5925,-4.359,1.1604
0.81492,0.03635,0.22164,0.53428,2.6373,-4.3452,1.1546
0.81555,0.034845,0.22093,0.53371,2.6807,-4.3313,1.1487
0.81619,0.033339,0.22023,0.53313,2.7225,-4.3174,1.1428
0.81681,0.031833,0.21952,0.53255,2.7628,-4.3034,1.1368
0.81744,0.030327,0.21881,0.53197,2.8015,-4.2894,1.1308
0.81806,0.028821,0.2181,0.53139,2.8385,-4.2754,1.1247
0.81868,0.027315,0.21739,0.5308,2.8739,-4.2614,1.1186
0.8193,0.025809,0.21668,0.53022,2.9077,-4.2473,1.1124
0.81992,0.024302,0.21597,0.52963,2.9397,-4.2332,1.1062
0.82053,0.022796,0.21525,0.52904,2.97,-4.2191,1.0999
0.82114,0.02129,0.21454,0.52845,2.9984,-4.2049,1.0936
0.82174,0.019783,0.21383,0.52785,3.0251,-4.1908,1.0873
0.82235,0.018276,0.21311,0.52726,3.05,-4.1766,1.0809
0.82295,0.01677,0.21239,0.52666,3.073,-4.1624,1.0745
0.82354,0.015263,0.21168,0.52606,3.0942,-4.1482,1.068
0.82414,0.013756,0.21096,0.52546,3.1135,-4.1339,1.0615
0.82473,0.012249,0.21024,0.52485,3.1308,-4.1197,1.055
0.82532,0.010742,0.20952,0.52425,3.1463,-4.1054,1.0485
0.8259,0.0092354,0.2088,0.52364,3.1598,-4.0912,1.042
0.82649,0.0077284,0.20808,0.52303,3.1714,-4.0769,1.0354
0.82707,0.0062214,0.20736,0.52242,3.181,-4.0626,1.0289
0.82764,0.0047144,0.20664,0.52181,3.1887,-4.0483,1.0223
0.82822,0.0032073,0.20592,0.5212,3.1944,-4.034,1.0157
0.82879,0.0017003,0.2052,0.52058,3.1981,-4.0197,1.0091
0.82936,0.0001932,0.20447,0.51996,3.1999,-4.0054,1.0025
0.82992,-0.0013139,0.20375,0.51934,3.1996,-3.9911,0.99591
0.83048,-0.0028209,0.20302,0.51872,3.1974,-3.9768,0.98931
0.83104,-0.004328,0.2023,0.5181,3.1932,-3.9625,0.98271
0.8316,-0.005835,0.20157,0.51747,3.187,-3.9482,0.97613
0.83215,-0.007342,0.20084,0.51684,3.1789,-3.934,0.96955
0.83271,-0.008849,0.20011,0.51622,3.1688,-3.9197,0.96298
0.83325,-0.010356,0.19939,0.51558,3.1568,-3.9054,0.95643
0.8338,-0.011863,0.19866,0.51495,3.1428,-3.8911,0.9499
0.83434,-0.01337,0.19793,0.51432,3.1268,-3.8769,0.94339
0.83488,-0.014877,0.1972,0.51368,3.109,-3.8626,0.9369
0.83542,-0.016383,0.19646,0.51304,3.0893,-3.8484,0.93043
0.83595,-0.01789,0.19573,0.5124,3.0677,-3.8342,0.924
0.83648,-0.019397,0.195,0.51176,3.0442,-3.82,0.91759
0.83701,-0.020903,0.19427,0.51112,3.0189,-3.8058,0.91121
0.83753,-0.02241,0.19353,0.51047,2.9918,-3.7917,0.90488
0.83805,-0.023916,0.1928,0.50983,2.9628,-3.7775,0.89858
0.83857,-0.025423,0.19206,0.50918,2.9321,-3.7634,0.89232
0.83909,-0.026929,0.19132,0.50853,2.8997,-3.7493,0.8861
0.8396,-0.028435,0.19059,0.50788,2.8656,-3.7353,0.87993
0.84011,-0.029941,0.18985,0.50722,2.8298,-3.7212,0.8738
0.84062,-0.031447,0.18911,0.50657,2.7923,-3.7072,0.86773
0.84112,-0.032953,0.18837,0.50591,2.7532,-3.6932,0.86171
0.84162,-0.034459,0.18763,0.50525,2.7126,-3.6793,0.85575
0.84212,-0.035964,0.18689,0.50459,2.6704,-3.6654,0.84984
0.84262,-0.03747,0.18615,0.50393,2.6267,-3.6515,0.84399
0.84311,-0.038975,0.18541,0.50326,2.5815,-3.6376,0.83821
0.8436,-0.04048,0.18467,0.5026,2.535,-3.6238,0.83249
0.84408,-0.041985,0.18392,0.50193,2.487,-3.61,0.82684
0.84457,-0.04349,0.18318,0.50126,2.4377,-3.5963,0.82125
0.84505,-0.044995,0.18244,0.50059,2.3871,-3.5826,0.81574
0.84553,-0.0465,0.18169,0.49991,2.3352,-3.5689,0.8103
0.846,-0.048004,0.18095,0.49924,2.2822,-3.5553,0.80494
0.84647,-0.049509,0.1802,0.49856,2.228,-3.5418,0.79966
0.84694,-0.051013,0.17945,0.49788,2.1727,-3.5282,0.79445
0.84741,-0.052517,0.17871,0.4972,2.1163,-3.5148,0.78933
0.84787,-0.05402,0.17796,0.49652,2.059,-3.5013,0.78429
0.84833,-0.055524,0.17721,0.49584,2.0006,-3.488,0.77934
0.84878,-0.057027,0.17646,0.49515,1.9414,-3.4746,0.77448
0.84924,-0.058531,0.17571,0.49446,1.8814,-3.4614,0.76971
0.84969,-0.060034,0.17496,0.49377,1.8205,-3.4481,0.76503
0.85014,-0.061536,0.17421,0.49308,1.7589,-3.435,0.76044
0.85058,-0.063039,0.17346,0.49239,1.6966,-3.4219,0.75595
0.85102,-0.064541,0.17271,0.4917,1.6337,-3.4088,0.75155
0.85146,-0.066043,0.17195,0.491,1.5702,-3.3958,0.74726
0.8519,-0.067545,0.1712,0.4903,1.5062,-3.3829,0.74307
0.85233,-0.069047,0.17045,0.4896,1.4418,-3.37,0.73898
0.85276,-0.070548,0.16969,0.4889,1.3769,-3.3572,0.73499
0.85319,-0.072049,0.16894,0.4882,1.3118,-3.3445,0.73111
0.85361,-0.07355,0.16818,0.4875,1.2463,-3.3318,0.72734
0.85403,-0.075051,0.16742,0.48679,1.1806,-3.3192,0.72368
0.85445,-0.076551,0.16667,0.48608,1.1148,-3.3067,0.72012
0.85487,-0.078051,0.16591,0.48537,1.0488,-3.2942,0.71668
0.85528,-0.079551,0.16515,0.48466,0.98282,-3.2818,0.71336
0.85569,-0.081051,0.16439,0.48395,0.91684,-3.2694,0.71014
0.85609,-0.08255,0.16363,0.48323,0.85093,-3.2572,0.70705
0.8565,-0.084049,0.16287,0.48252,0.78516,-3.245,0.70407
0.8569,-0.085548,0.16211,0.4818,0.71958,-3.2329,0.70121
0.85729,-0.087046,0.16135,0.48108,0.65426,-3.2209,0.69846
0.85769,-0.088544,0.16059,0.48036,0.58924,-3.2089,0.69584
0.85808,-0.090042,0.15983,0.47964,0.5246,-3.197,0.69334
0.85847,-0.091539,0.15906,0.47891,0.46038,-3.1853,0.69097
0.85885,-0.093037,0.1583,0.47818,0.39665,-3.1735,0.68871
0.85923,-0.094533,0.15754,0.47746,0.33346,-3.1619,0.68659
0.85961,-0.09603,0.15677,0.47673,0.27087,-3.1504,0.68458
0.85999,-0.097526,0.15601,0.47599,0.20894,-3.1389,0.68271
0.86036,-0.099022,0.15524,0.47526,0.14772,-3.1275,0.68096
0.86073,-0.10052,0.15448,0.47453,0.087266,-3.1163,0.67933
0.8611,-0.10201,0.15371,0.47379,0.027634,-3.1051,0.67784
0.86146,-0.10351,0.15294,0.47305,-0.031123,-3.0939,0.67647
0.86182,-0.105,0.15217,0.47231,-0.088952,-3.0829,0.67524
0.86218,-0.1065,0.15141,0.47157,-0.1458,-3.072,0.67413
0.86254,-0.10799,0.15064,0.47083,-0.20162,-3.0612,0.67316
0.86289,-0.10948,0.14987,0.47008,-0.25636,-3.0504,0.67231
0.86324,-0.11098,0.1491,0.46934,-0.30996,-3.0398,0.6716
0.86358,-0.11247,0.14833,0.46859,-0.36239,-3.0292,0.67101
0.86393,-0.11396,0.14756,0.46784,-0.41359,-3.0188,0.67056
0.86426,-0.11545,0.14679,0.46709,-0.46352,-3.0084,0.67024
0.8646,-0.11694,0.14601,0.46633,-0.51213,-2.9982,0.67006
0.86494,-0.11843,0.14524,0.46558,-0.55938,-2.988,0.67
0.86527,-0.11992,0.14447,0.46482,-0.60523,-2.978,0.67008
0.86559,-0.12141,0.1437,0.46407,-0.64963,-2.968,0.67029
0.86592,-0.1229,0.14292,0.46331,-0.69255,-2.9582,0.67063
0.86624,-0.12439,0.14215,0.46255,-0.73395,-2.9484,0.6711
0.86656,-0.12588,0.14137,0.46178,-0.77378,-2.9388,0.6717
0.86687,-0.12737,0.1406,0.46102,-0.81202,-2.9293,0.67244
0.86719,-0.12886,0.13982,0.46025,-0.84863,-2.9198,0.6733
0.8675,-0.13035,0.13905,0.45949,-0.88357,-2.9105,0.6743
0.8678,-0.13183,0.13827,0.45872,-0.91682,-2.9013,0.67543
0.86811,-0.13332,0.13749,0.45795,-0.94835,-2.8922,0.67668
0.86841,-0.13481,0.13671,0.45717,-0.97812,-2.8832,0.67807
0.8687,-0.13629,0.13593,0.4564,-1.0061,-2.8744,0.67958
0.869,-0.13778,0.13516,0.45562,-1.0323,-2.8656,0.68123
0.86929,-0.13926,0.13438,0.45485,-1.0566,-2.8569,0.683
0.86958,-0.14074,0.1336,0.45407,-1.0792,-2.8484,0.6849
0.86986,-0.14223,0.13282,0.45329,-1.0998,-2.84,0.68692
0.87014,-0.14371,0.13204,0.45251,-1.1185,-2.8317,0.68907
0.87042,-0.14519,0.13126,0.45172,-1.1354,-2.8235,0.69134
0.8707,-0.14668,0.13047,0.45094,-1.1503,-2.8154,0.69374
0.87097,-0.14816,0.12969,0.45015,-1.1633,-2.8075,0.69626
0.87124,-0.14964,0.12891,0.44936,-1.1743,-2.7996,0.6989
0.87151,-0.15112,0.12813,0.44857,-1.1834,-2.7919,0.70166
0.87177,-0.1526,0.12734,0.44778,-1.1905,-2.7843,0.70454
0.87203,-0.15408,0.12656,0.44699,-1.1956,-2.7769,0.70754
0.87229,-0.15556,0.12578,0.44619,-1.1988,-2.7695,0.71065
0.87255,-0.15704,0.12499,0.4454,-1.2,-2.7623,0.71388
0.8728,-0.15851,0.12421,0.4446,-1.1992,-2.7552,0.71723
0.87305,-0.15999,0.12342,0.4438,-1.1964,-2.7482,0.72069
0.87329,-0.16147,0.12263,0.443,-1.1917,-2.7414,0.72426
0.87353,-0.16294,0.12185,0.4422,-1.185,-2.7346,0.72794
0.87377,-0.16442,0.12106,0.44139,-1.1763,-2.728,0.73173
0.87401,-0.1659,0.12027,0.44059,-1.1656,-2.7216,0.73563
0.87424,-0.16737,0.11949,0.43978,-1.153,-2.7152,0.73963
0.87447,-0.16884,0.1187,0.43897,-1.1385,-2.709,0.74373
0.8747,-0.17032,0.11791,0.43816,-1.122,-2.7029,0.74794
0.87493,-0.17179,0.11712,0.43735,-1.1037,-2.697,0.75225
0.87515,-0.17326,0.11633,0.43654,-1.0834,-2.6911,0.75666
0.87536,-0.17473,0.11554,0.43572,-1.0613,-2.6855,0.76117
0.87558,-0.1762,0.11475,0.43491,-1.0373,-2.6799,0.76577
0.87579,-0.17767,0.11396,0.43409,-1.0115,-2.6745,0.77047
0.876,-0.17914,0.11317,0.43327,-0.98383,-2.6692,0.77526
0.87621,-0.18061,0.11238,0.43245,-0.95441,-2.664,0.78013
0.87641,-0.18208,0.11159,0.43163,-0.92324,-2.659,0.7851
0.87661,-0.18355,0.11079,0.43081,-0.89033,-2.6541,0.79015
0.8768,-0.18502,0.11,0.42998,-0.85572,-2.6493,0.79528
0.877,-0.18648,0.10921,0.42915,-0.81944,-2.6447,0.8005
0.87719,-0.18795,0.10842,0.42833,-0.78152,-2.6402,0.8058
0.87738,-0.18941,0.10762,0.4275,-0.742,-2.6358,0.81117
0.87756,-0.19088,0.10683,0.42666,-0.70092,-2.6316,0.81662
0.87774,-0.19234,0.10603,0.42583,-0.6583,-2.6275,0.82215
0.87792,-0.1938,0.10524,0.425,-0.61419,-2.6236,0.82774
0.87809,-0.19527,0.10444,0.42416,-0.56862,-2.6198,0.83341
0.87827,-0.19673,0.10365,0.42332,-0.52165,-2.6161,0.83914
0.87843,-0.19819,0.10285,0.42249,-0.4733,-2.6126,0.84493
0.8786,-0.19965,0.10206,0.42165,-0.42363,-2.6092,0.85079
0.87876,-0.20111,0.10126,0.4208,-0.37268,-2.6059,0.8567
0.87892,-0.20257,0.10046,0.41996,-0.3205,-2.6028,0.86268
0.87908,-0.20403,0.099665,0.41912,-0.26712,-2.5998,0.8687
0.87923,-0.20548,0.098867,0.41827,-0.21261,-2.597,0.87479
0.87938,-0.20694,0.098069,0.41742,-0.157,-2.5943,0.88092
0.87953,-0.2084,0.097271,0.41657,-0.10035,-2.5917,0.8871
0.87967,-0.20985,0.096472,0.41572,-0.042713,-2.5893,0.89332
0.87982,-0.21131,0.095673,0.41487,0.015864,-2.5871,0.89959
0.87995,-0.21276,0.094873,0.41402,0.075326,-2.5849,0.90589
0.88009,-0.21422,0.094074,0.41316,0.13562,-2.5829,0.91224
0.88022,-0.21567,0.093274,0.41231,0.19669,-2.5811,0.91862
0.88035,-0.21712,0.092473,0.41145,0.25849,-2.5794,0.92503
0.88048,-0.21857,0.091673,0.41059,0.32095,-2.5778,0.93147
0.8806,-0.22002,0.090872,0.40973,0.38402,-2.5764,0.93794
0.88072,-0.22147,0.09007,0.40887,0.44765,-2.5751,0.94443
0.88083,-0.22292,0.089269,0.40801,0.51178,-2.574,0.95095
0.88095,-0.22437,0.088467,0.40714,0.57634,-2.573,0.95749
0.88106,-0.22581,0.087665,0.40628,0.64129,-2.5721,0.96404
0.88117,-0.22726,0.086862,0.40541,0.70655,-2.5714,0.97061
0.88127,-0.2287,0.086059,0.40454,0.77209,-2.5709,0.97719
0.88137,-0.23015,0.085256,0.40367,0.83782,-2.5704,0.98377
0.88147,-0.23159,0.084453,0.4028,0.90371,-2.5702,0.99037
0.88156,-0.23304,0.083649,0.40192,0.96968,-2.57,0.99697
0.88166,-0.23448,0.082845,0.40105,1.0357,-2.57,1.0036
0.88174,-0.23592,0.08204,0.40017,1.1016,-2.5702,1.0102
0.88183,-0.23736,0.081236,0.39929,1.1675,-2.5705,1.0168
0.88191,-0.2388,0.080431,0.39842,1.2332,-2.5709,1.0233
0.88199,-0.24024,0.079626,0.39754,1.2988,-2.5715,1.0299
0.88207,-0.24168,0.07882,0.39665,1.364,-2.5722,1.0365
0.88214,-0.24311,0.078014,0.39577,1.4289,-2.5731,1.043
0.88221,-0.24455,0.077208,0.39489,1.4934,-2.5741,1.0496
0.88228,-0.24599,0.076402,0.394,1.5575,-2.5752,1.0561
0.88234,-0.24742,0.075596,0.39311,1.6211,-2.5765,1.0626
0.8824,-0.24885,0.074789,0.39222,1.6841,-2.5779,1.0691
0.88246,-0.25029,0.073982,0.39133,1.7466,-2.5795,1.0755
0.88252,-0.25172,0.073174,0.39044,1.8083,-2.5812,1.0819
0.88257,-0.25315,0.072367,0.38955,1.8693,-2.5831,1.0883
0.88262,-0.25458,0.071559,0.38866,1.9295,-2.5851,1.0946
0.88266,-0.25601,0.070751,0.38776,1.9889,-2.5872,1.1009
0.88271,-0.25744,0.069942,0.38686,2.0474,-2.5895,1.1072
0.88275,-0.25887,0.069134,0.38597,2.105,-2.5919,1.1134
0.88278,-0.26029,0.068325,0.38507,2.1616,-2.5945,1.1196
0.88281,-0.26172,0.067516,0.38417,2.2171,-2.5972,1.1257
0.88284,-0.26314,0.066707,0.38326,2.2715,-2.6001,1.1318
0.88287,-0.26457,0.065897,0.38236,2.3248,-2.603,1.1378
0.8829,-0.26599,0.065087,0.38146,2.3769,-2.6062,1.1438
0.88292,-0.26741,0.064277,0.38055,2.4277,-2.6094,1.1497
0.88293,-0.26883,0.063467,0.37964,2.4773,-2.6128,1.1555
0.88295,-0.27025,0.062657,0.37873,2.5255,-2.6164,1.1613
0.88296,-0.27167,0.061846,0.37782,2.5724,-2.6201,1.1671
0.88297,-0.27309,0.061035,0.37691,2.6178,-2.6239,1.1727
0.88297,-0.27451,0.060224,0.376,2.6618,-2.6278,1.1783
0.88298,-0.27593,0.059413,0.37508,2.7043,-2.6319,1.1838
0.88298,-0.27734,0.058601,0.37417,2.7453,-2.6362,1.1893
0.88297,-0.27876,0.057789,0.37325,2.7847,-2.6405,1.1946
0.88296,-0.28017,0.056977,0.37233,2.8224,-2.645,1.1999
0.88295,-0.28158,0.056165,0.37141,2.8586,-2.6497,1.2051
0.88294,-0.28299,0.055353,0.37049,2.8931,-2.6545,1.2103
0.88293,-0.2844,0.05454,0.36957,2.9258,-2.6594,1.2153
0.88291,-0.28581,0.053728,0.36865,2.9569,-2.6644,1.2203
0.88288,-0.28722,0.052915,0.36772,2.9861,-2.6696,1.2251
0.88286,-0.28863,0.052102,0.3668,3.0136,-2.6749,1.2299
0.88283,-0.29004,0.051288,0.36587,3.0393,-2.6803,1.2346
0.8828,-0.29144,0.050475,0.36494,3.0631,-2.6859,1.2392
0.88276,-0.29285,0.049661,0.36401,3.0851,-2.6916,1.2437
0.88272,-0.29425,0.048848,0.36308,3.1052,-2.6975,1.2481
0.88268,-0.29565,0.048034,0.36215,3.1234,-2.7034,1.2524
0.88264,-0.29705,0.047219,0.36122,3.1397,-2.7095,1.2566
0.88259,-0.29845,0.046405,0.36028,3.1541,-2.7157,1.2607
0.88254,-0.29985,0.045591,0.35935,3.1666,-2.7221,1.2647
0.88249,-0.30125,0.044776,0.35841,3.177,-2.7286,1.2686
0.88243,-0.30265,0.043961,0.35747,3.1856,-2.7352,1.2724
0.88237,-0.30404,0.043146,0.35653,3.1921,-2.7419,1.276
0.88231,-0.30544,0.042331,0.35559,3.1967,-2.7488,1.2796
0.88224,-0.30683,0.041516,0.35465,3.1993,-2.7558,1.283
0.88218,-0.30823,0.040701,0.3537,3.2,-2.7629,1.2864
0.8821,-0.30962,0.039885,0.35276,3.1986,-2.7701,1.2896
0.88203,-0.31101,0.03907,0.35181,3.1953,-2.7775,1.2927
0.88195,-0.3124,0.038254,0.35087,3.19,-2.7849,1.2957
0.88187,-0.31379,0.037438,0.34992,3.1827,-2.7925,1.2986
0.88179,-0.31517,0.036622,0.34897,3.1735,-2.8003,1.3013
0.8817,-0.31656,0.035806,0.34802,3.1623,-2.8081,1.304
0.88161,-0.31795,0.034989,0.34706,3.1492,-2.8161,1.3065
0.88151,-0.31933,0.034173,0.34611,3.1341,-2.8242,1.3088
0.88142,-0.32071,0.033356,0.34516,3.1171,-2.8323,1.3111
0.88132,-0.32209,0.03254,0.3442,3.0982,-2.8407,1.3132
0.88122,-0.32348,0.031723,0.34324,3.0774,-2.8491,1.3153
0.88111,-0.32485,0.030906,0.34229,3.0547,-2.8576,1.3171
0.881,-0.32623,0.030089,0.34133,3.0302,-2.8663,1.3189
0.88089,-0.32761,0.029272,0.34037,3.0039,-2.8751,1.3205
0.88077,-0.32899,0.028455,0.3394,2.9758,-2.884,1.322
0.88066,-0.33036,0.027637,0.33844,2.9459,-2.8929,1.3234
0.88053,-0.33174,0.02682,0.33748,2.9142,-2.9021,1.3247
0.88041,-0.33311,0.026002,0.33651,2.8808,-2.9113,1.3258
0.88028,-0.33448,0.025185,0.33555,2.8457,-2.9206,1.3268
0.88015,-0.33585,0.024367,0.33458,2.809,-2.93,1.3276
0.88002,-0.33722,0.023549,0.33361,2.7706,-2.9396,1.3284
0.87988,-0.33859,0.022731,0.33264,2.7306,-2.9492,1.3289
0.87974,-0.33996,0.021914,0.33167,2.6891,-2.959,1.3294
0.8796,-0.34132,0.021096,0.3307,2.6461,-2.9688,1.3297
0.87945,-0.34269,0.020277,0.32972,2.6016,-2.9788,1.3299
0.8793,-0.34405,0.019459,0.32875,2.5556,-2.9888,1.33
0.87915,-0.34541,0.018641,0.32777,2.5082,-2.999,1.3299
0.879,-0.34677,0.017823,0.32679,2.4595,-3.0093,1.3297
0.87884,-0.34813,0.017004,0.32582,2.4095,-3.0196,1.3294
0.87868,-0.34949,0.016186,0.32484,2.3582,-3.0301,1.3289
0.87851,-0.35085,0.015368,0.32386,2.3057,-3.0406,1.3284
0.87835,-0.3522,0.014549,0.32288,2.252,-3.0513,1.3276
0.87818,-0.35356,0.01373,0.32189,2.1971,-3.062,1.3268
0.878,-0.35491,0.012912,0.32091,2.1412,-3.0729,1.3258
0.87783,-0.35626,0.012093,0.31992,2.0843,-3.0838,1.3247
0.87765,-0.35761,0.011275,0.31894,2.0264,-3.0948,1.3234
0.87746,-0.35896,0.010456,0.31795,1.9676,-3.106,1.322
0.87728,-0.36031,0.009637,0.31696,1.9079,-3.1172,1.3205
0.87709,-0.36166,0.0088182,0.31597,1.8473,-3.1285,1.3189
0.8769,-0.36301,0.0079993,0.31498,1.7861,-3.1398,1.3171
0.8767,-0.36435,0.0071804,0.31399,1.7241,-3.1513,1.3153
0.8765,-0.36569,0.0063616,0.313,1.6614,-3.1629,1.3132
0.8763,-0.36704,0.0055426,0.31201,1.5982,-3.1745,1.3111
0.8761,-0.36838,0.0047237,0.31101,1.5344,-3.1862,1.3088
0.87589,-0.36972,0.0039047,0.31002,1.4702,-3.198,1.3065
0.87568,-0.37106,0.0030858,0.30902,1.4055,-3.2099,1.3039
0.87547,-0.37239,0.0022668,0.30802,1.3405,-3.2218,1.3013
0.87525,-0.37373,0.0014478,0.30702,1.2751,-3.2339,1.2986
0.87503,-0.37506,0.00062881,0.30602,1.2095,-3.246,1.2957
0.87481,-0.3764,-0.00019019,0.30502,1.1437,-3.2582,1.2927
0.87458,-0.37773,-0.0010092,0.30402,1.0778,-3.2704,1.2896
0.87435,-0.37906,-0.0018282,0.30301,1.0118,-3.2828,1.2864
0.87412,-0.38039,-0.0026472,0.30201,0.94583,-3.2952,1.283
0.87389,-0.38171,-0.0034661,0.301,0.87989,-3.3077,1.2796
0.87365,-0.38304,-0.0042851,0.3,0.81405,-3.3202,1.276
0.87341,-0.38437,-0.005104,0.29899,0.74838,-3.3328,1.2724
0.87316,-0.38569,-0.005923,0.29798,0.68293,-3.3455,1.2686
0.87292,-0.38701,-0.0067419,0.29697,0.61778,-3.3583,1.2647
0.87267,-0.38833,-0.0075608,0.29596,0.55296,-3.3711,1.2607
0.87241,-0.38965,-0.0083796,0.29495,0.48855,-3.3839,1.2566
0.87216,-0.39097,-0.0091985,0.29394,0.4246,-3.3969,1.2524
0.8719,-0.39229,-0.010017,0.29292,0.36116,-3.4099,1.2481
0.87164,-0.3936,-0.010836,0.29191,0.2983,-3.4229,1.2437
0.87137,-0.39492,-0.011655,0.29089,0.23608,-3.436,1.2392
0.8711,-0.39623,-0.012473,0.28987,0.17454,-3.4492,1.2346
0.87083,-0.39754,-0.013292,0.28886,0.11374,-3.4624,1.2299
0.87056,-0.39885,-0.014111,0.28784,0.053738,-3.4757,1.2251
0.87028,-0.40016,-0.014929,0.28682,-0.0054098,-3.489,1.2203
0.87,-0.40147,-0.015748,0.2858,-0.063653,-3.5024,1.2153
0.86971,-0.40277,-0.016566,0.28477,-0.12094,-3.5159,1.2103
0.86943,-0.40408,-0.017385,0.28375,-0.17722,-3.5293,1.2051
0.86914,-0.40538,-0.018203,0.28273,-0.23243,-3.5429,1.1999
0.86884,-0.40668,-0.019021,0.2817,-0.28654,-3.5564,1.1946
0.86855,-0.40798,-0.019839,0.28068,-0.3395,-3.57,1.1893
0.86825,-0.40928,-0.020657,0.27965,-0.39124,-3.5837,1.1838
0.86795,-0.41058,-0.021475,0.27862,-0.44173,-3.5974,1.1783
0.86764,-0.41188,-0.022293,0.27759,-0.49093,-3.6112,1.1727
0.86733,-0.41317,-0.023111,0.27656,-0.53878,-3.6249,1.167
0.86702,-0.41446,-0.023929,0.27553,-0.58525,-3.6387,1.1613
0.86671,-0.41575,-0.024747,0.2745,-0.6303,-3.6526,1.1555
0.86639,-0.41704,-0.025564,0.27347,-0.67387,-3.6665,1.1497
0.86607,-0.41833,-0.026382,0.27243,-0.71594,-3.6804,1.1438
0.86575,-0.41962,-0.027199,0.2714,-0.75647,-3.6944,1.1378
0.86542,-0.42091,-0.028017,0.27036,-0.79541,-3.7084,1.1318
0.86509,-0.42219,-0.028834,0.26933,-0.83274,-3.7224,1.1257
0.86476,-0.42347,-0.029651,0.26829,-0.86842,-3.7364,1.1196
0.86443,-0.42475,-0.030468,0.26725,-0.90242,-3.7505,1.1134
0.86409,-0.42603,-0.031285,0.26621,-0.93471,-3.7646,1.1072
0.86375,-0.42731,-0.032102,0.26517,-0.96525,-3.7787,1.1009
0.8634,-0.42859,-0.032919,0.26413,-0.99403,-3.7928,1.0946
0.86305,-0.42986,-0.033736,0.26309,-1.021,-3.807,1.0883
0.8627,-0.43114,-0.034552,0.26205,-1.0462,-3.8212,1.0819
0.86235,-0.43241,-0.035368,0.261,-1.0695,-3.8354,1.0755
0.86199,-0.43368,-0.036185,0.25996,-1.091,-3.8496,1.069
0.86163,-0.43495,-0.037001,0.25891,-1.1105,-3.8638,1.0626
0.86127,-0.43622,-0.037817,0.25786,-1.1282,-3.878,1.0561
0.86091,-0.43749,-0.038633,0.25682,-1.144,-3.8923,1.0496
0.86054,-0.43875,-0.039448,0.25577,-1.1578,-3.9066,1.043
0.86017,-0.44001,-0.040264,0.25472,-1.1697,-3.9208,1.0365
0.85979,-0.44127,-0.041079,0.25367,-1.1796,-3.9351,1.0299
0.85941,-0.44253,-0.041895,0.25262,-1.1876,-3.9494,1.0233
0.85903,-0.44379,-0.04271,0.25157,-1.1936,-3.9637,1.0168
0.85865,-0.44505,-0.043525,0.25051,-1.1977,-3.978,1.0102
0.85826,-0.44631,-0.04434,0.24946,-1.1997,-3.9923,1.0036
0.85787,-0.44756,-0.045154,0.2484,-1.1998,-4.0066,0.99696
0.85748,-0.44881,-0.045969,0.24735,-1.1979,-4.0209,0.99036
0.85709,-0.45006,-0.046783,0.24629,-1.194,-4.0352,0.98376
0.85669,-0.45131,-0.047598,0.24523,-1.1882,-4.0495,0.97718
0.85629,-0.45256,-0.048412,0.24418,-1.1803,-4.0638,0.9706
0.85588,-0.4538,-0.049226,0.24312,-1.1705,-4.0781,0.96403
0.85547,-0.45505,-0.050039,0.24206,-1.1588,-4.0923,0.95748
0.85506,-0.45629,-0.050853,0.241,-1.1451,-4.1066,0.95094
0.85465,-0.45753,-0.051666,0.23994,-1.1295,-4.1208,0.94442
0.85423,-0.45877,-0.052479,0.23887,-1.112,-4.1351,0.93793
0.85381,-0.46001,-0.053292,0.23781,-1.0925,-4.1493,0.93146
0.85339,-0.46125,-0.054105,0.23675,-1.0712,-4.1635,0.92502
0.85296,-0.46248,-0.054918,0.23568,-1.0481,-4.1777,0.91861
0.85254,-0.46372,-0.05573,0.23462,-1.023,-4.1919,0.91223
0.8521,-0.46495,-0.056542,0.23355,-0.9962,-4.2061,0.90588
0.85167,-0.46618,-0.057354,0.23248,-0.96756,-4.2202,0.89958
0.85123,-0.4674,-0.058166,0.23141,-0.93715,-4.2343,0.89331
0.85079,-0.46863,-0.058978,0.23034,-0.905,-4.2484,0.88709
0.85035,-0.46986,-0.059789,0.22927,-0.87114,-4.2625,0.88091
0.8499,-0.47108,-0.060601,0.2282,-0.83559,-4.2765,0.87478
0.84945,-0.4723,-0.061412,0.22713,-0.79839,-4.2906,0.8687
0.849,-0.47352,-0.062222,0.22606,-0.75957,-4.3045,0.86267
0.84855,-0.47474,-0.063033,0.22499,-0.71917,-4.3185,0.85669
0.84809,-0.47596,-0.063843,0.22391,-0.67721,-4.3324,0.85078
0.84763,-0.47717,-0.064653,0.22284,-0.63376,-4.3463,0.84492
0.84716,-0.47838,-0.065463,0.22176,-0.58883,-4.3602,0.83913
0.84669,-0.4796,-0.066273,0.22069,-0.54247,-4.374,0.8334
0.84622,-0.48081,-0.067082,0.21961,-0.49472,-4.3878,0.82773
0.84575,-0.48201,-0.067892,0.21853,-0.44563,-4.4015,0.82214
0.84528,-0.48322,-0.068701,0.21745,-0.39523,-4.4152,0.81662
0.8448,-0.48443,-0.069509,0.21638,-0.34358,-4.4289,0.81117
0.84431,-0.48563,-0.070318,0.2153,-0.29072,-4.4425,0.80579
0.84383,-0.48683,-0.071126,0.21422,-0.2367,-4.4561,0.80049
0.84334,-0.48803,-0.071934,0.21313,-0.18157,-4.4696,0.79528
0.84285,-0.48923,-0.072742,0.21205,-0.12537,-4.4831,0.79014
0.84236,-0.49043,-0.073549,0.21097,-0.068164,-4.4965,0.78509
0.84186,-0.49162,-0.074356,0.20989,-0.0099933,-4.5099,0.78013
0.84136,-0.49281,-0.075163,0.2088,0.049086,-4.5232,0.77525
0.84086,-0.494,-0.07597,0.20772,0.10902,-4.5365,0.77046
0.84035,-0.49519,-0.076777,0.20663,0.16976,-4.5498,0.76576
0.83984,-0.49638,-0.077583,0.20554,0.23124,-4.5629,0.76116
0.83933,-0.49757,-0.078389,0.20446,0.29342,-4.5761,0.75666
0.83882,-0.49875,-0.079194,0.20337,0.35623,-4.5891,0.75225
0.8383,-0.49994,-0.08,0.20228,0.41962,-4.6021,0.74794
0.83778,-0.50112,-0.080805,0.20119,0.48354,-4.6151,0.74373
0.83726,-0.5023,-0.081609,0.2001,0.54791,-4.6279,0.73962
0.83673,-0.50347,-0.082414,0.19901,0.6127,-4.6407,0.73562
0.8362,-0.50465,-0.083218,0.19792,0.67783,-4.6535,0.73172
0.83567,-0.50582,-0.084022,0.19683,0.74326,-4.6662,0.72793
