0.61237,0.35355,0.35355,0.61237,8,-0.46,1.5
0.61356,0.3522,0.35307,0.61224,8.033,-0.46192,1.5022
0.61475,0.35084,0.35258,0.61211,8.066,-0.46769,1.5044
0.61593,0.34949,0.3521,0.61197,8.099,-0.47729,1.5066
0.61712,0.34813,0.35161,0.61184,8.132,-0.4907,1.5088
0.6183,0.34677,0.35112,0.6117,8.1649,-0.50787,1.511
0.61947,0.34541,0.35063,0.61156,8.1979,-0.52878,1.5132
0.62065,0.34404,0.35014,0.61141,8.2308,-0.55337,1.5154
0.62182,0.34268,0.34965,0.61127,8.2637,-0.58157,1.5176
0.623,0.34132,0.34916,0.61112,8.2966,-0.61331,1.5198
0.62417,0.33995,0.34866,0.61097,8.3295,-0.64852,1.522
0.62533,0.33858,0.34817,0.61082,8.3623,-0.68711,1.5242
0.6265,0.33722,0.34767,0.61067,8.3951,-0.72898,1.5263
0.62766,0.33585,0.34717,0.61051,8.4278,-0.77403,1.5285
0.62882,0.33448,0.34667,0.61035,8.4605,-0.82214,1.5307
0.62998,0.3331,0.34617,0.61019,8.4931,-0.8732,1.5329
0.63114,0.33173,0.34567,0.61003,8.5258,-0.92707,1.5351
0.63229,0.33036,0.34517,0.60986,8.5583,-0.98363,1.5372
0.63344,0.32898,0.34466,0.6097,8.5908,-1.0427,1.5394
0.63459,0.32761,0.34416,0.60953,8.6232,-1.1042,1.5415
0.63574,0.32623,0.34365,0.60936,8.6556,-1.1679,1.5437
0.63688,0.32485,0.34314,0.60918,8.6879,-1.2337,1.5459
0.63803,0.32347,0.34263,0.60901,8.7202,-1.3015,1.548
0.63917,0.32209,0.34212,0.60883,8.7523,-1.3709,1.5502
0.64031,0.32071,0.34161,0.60865,8.7844,-1.442,1.5523
0.64144,0.31933,0.3411,0.60847,8.8164,-1.5144,1.5544
0.64258,0.31794,0.34058,0.60828,8.8484,-1.5881,1.5566
0.64371,0.31656,0.34007,0.6081,8.8802,-1.6627,1.5587
0.64484,0.31517,0.33955,0.60791,8.912,-1.7383,1.5608
0.64597,0.31378,0.33903,0.60772,8.9436,-1.8144,1.5629
0.64709,0.31239,0.33852,0.60753,8.9752,-1.8911,1.565
0.64821,0.311,0.338,0.60733,9.0067,-1.968,1.5671
0.64933,0.30961,0.33747,0.60714,9.0381,-2.045,1.5692
0.65045,0.30822,0.33695,0.60694,9.0693,-2.1218,1.5713
0.65157,0.30683,0.33643,0.60674,9.1005,-2.1984,1.5734
0.65268,0.30543,0.3359,0.60653,9.1316,-2.2745,1.5754
0.65379,0.30404,0.33538,0.60633,9.1625,-2.3499,1.5775
0.6549,0.30264,0.33485,0.60612,9.1933,-2.4244,1.5796
0.65601,0.30125,0.33432,0.60591,9.224,-2.4979,1.5816
0.65711,0.29985,0.33379,0.6057,9.2546,-2.5701,1.5836
0.65822,0.29845,0.33326,0.60549,9.2851,-2.6409,1.5857
0.65932,0.29705,0.33273,0.60527,9.3154,-2.7101,1.5877
0.66041,0.29565,0.3322,0.60505,9.3456,-2.7775,1.5897
0.66151,0.29424,0.33166,0.60483,9.3757,-2.8429,1.5917
0.6626,0.29284,0.33113,0.60461,9.4056,-2.9063,1.5937
0.66369,0.29144,0.33059,0.60439,9.4354,-2.9674,1.5957
0.66478,0.29003,0.33006,0.60416,9.465,-3.0261,1.5977
0.66587,0.28862,0.32952,0.60393,9.4945,-3.0822,1.5996
0.66695,0.28722,0.32898,0.6037,9.5239,-3.1356,1.6016
0.66803,0.28581,0.32844,0.60347,9.5531,-3.1862,1.6035
0.66911,0.2844,0.32789,0.60323,9.5821,-3.2338,1.6055
0.67019,0.28299,0.32735,0.603,9.611,-3.2783,1.6074
0.67126,0.28158,0.32681,0.60276,9.6397,-3.3196,1.6093
0.67234,0.28016,0.32626,0.60252,9.6683,-3.3576,1.6112
0.6734,0.27875,0.32572,0.60227,9.6966,-3.3923,1.6131
0.67447,0.27734,0.32517,0.60203,9.7249,-3.4234,1.615
0.67554,0.27592,0.32462,0.60178,9.7529,-3.451,1.6169
0.6766,0.2745,0.32407,0.60153,9.7808,-3.475,1.6187
0.67766,0.27309,0.32352,0.60128,9.8085,-3.4953,1.6206
0.67872,0.27167,0.32296,0.60103,9.836,-3.5118,1.6224
0.67977,0.27025,0.32241,0.60077,9.8633,-3.5246,1.6242
0.68083,0.26883,0.32186,0.60051,9.8905,-3.5335,1.626
0.68188,0.26741,0.3213,0.60025,9.9174,-3.5387,1.6278
0.68292,0.26599,0.32074,0.59999,9.9442,-3.5399,1.6296
0.68397,0.26456,0.32019,0.59973,9.9707,-3.5374,1.6314
0.68501,0.26314,0.31963,0.59946,9.9971,-3.531,1.6331
0.68606,0.26171,0.31907,0.59919,10.023,-3.5207,1.6349
0.68709,0.26029,0.31851,0.59892,10.049,-3.5067,1.6366
0.68813,0.25886,0.31794,0.59865,10.075,-3.4889,1.6383
0.68916,0.25743,0.31738,0.59837,10.101,-3.4673,1.64
0.6902,0.25601,0.31682,0.5981,10.126,-3.4421,1.6417
0.69122,0.25458,0.31625,0.59782,10.151,-3.4133,1.6434
0.69225,0.25315,0.31568,0.59754,10.176,-3.381,1.6451
0.69328,0.25172,0.31511,0.59725,10.201,-3.3452,1.6467
0.6943,0.25028,0.31455,0.59697,10.225,-3.3061,1.6483
0.69532,0.24885,0.31398,0.59668,10.249,-3.2637,1.65
0.69633,0.24742,0.3134,0.59639,10.273,-3.2181,1.6516
0.69735,0.24598,0.31283,0.5961,10.297,-3.1695,1.6531
0.69836,0.24455,0.31226,0.59581,10.321,-3.1179,1.6547
0.69937,0.24311,0.31168,0.59551,10.344,-3.0636,1.6563
0.70038,0.24167,0.31111,0.59521,10.367,-3.0066,1.6578
0.70138,0.24023,0.31053,0.59491,10.39,-2.9471,1.6593
0.70238,0.2388,0.30995,0.59461,10.413,-2.8852,1.6609
0.70338,0.23736,0.30937,0.59431,10.435,-2.8211,1.6623
0.70438,0.23592,0.30879,0.594,10.457,-2.755,1.6638
0.70538,0.23447,0.30821,0.59369,10.479,-2.687,1.6653
0.70637,0.23303,0.30763,0.59338,10.501,-2.6172,1.6667
0.70736,0.23159,0.30705,0.59307,10.522,-2.5459,1.6682
0.70835,0.23014,0.30646,0.59276,10.543,-2.4733,1.6696
0.70933,0.2287,0.30588,0.59244,10.564,-2.3995,1.671
0.71031,0.22725,0.30529,0.59212,10.585,-2.3246,1.6723
0.71129,0.22581,0.3047,0.5918,10.605,-2.249,1.6737
0.71227,0.22436,0.30412,0.59148,10.625,-2.1727,1.675
0.71325,0.22291,0.30353,0.59115,10.645,-2.096,1.6764
0.71422,0.22147,0.30294,0.59083,10.665,-2.0191,1.6777
0.71519,0.22002,0.30234,0.5905,10.684,-1.9421,1.679
0.71616,0.21857,0.30175,0.59017,10.703,-1.8653,1.6802
0.71712,0.21711,0.30116,0.58983,10.722,-1.7887,1.6815
0.71808,0.21566,0.30056,0.5895,10.741,-1.7128,1.6827
0.71904,0.21421,0.29997,0.58916,10.759,-1.6375,1.6839
0.72,0.21276,0.29937,0.58882,10.777,-1.5632,1.6851
0.72096,0.2113,0.29877,0.58848,10.795,-1.4899,1.6863
0.72191,0.20985,0.29817,0.58814,10.812,-1.4179,1.6875
0.72286,0.20839,0.29757,0.58779,10.829,-1.3474,1.6886
0.72381,0.20694,0.29697,0.58744,10.846,-1.2785,1.6897
0.72475,0.20548,0.29637,0.58709,10.862,-1.2114,1.6908
0.72569,0.20402,0.29577,0.58674,10.879,-1.1463,1.6919
0.72663,0.20256,0.29516,0.58639,10.895,-1.0833,1.693
0.72757,0.20111,0.29456,0.58603,10.91,-1.0226,1.694
0.7285,0.19965,0.29395,0.58568,10.926,-0.96432,1.6951
0.72944,0.19819,0.29334,0.58532,10.941,-0.90865,1.6961
0.73037,0.19672,0.29273,0.58495,10.956,-0.85571,1.6971
0.73129,0.19526,0.29212,0.58459,10.97,-0.80563,1.698
0.73222,0.1938,0.29151,0.58422,10.985,-0.75853,1.699
0.73314,0.19234,0.2909,0.58386,10.998,-0.71454,1.6999
0.73406,0.19087,0.29029,0.58349,11.012,-0.67376,1.7008
0.73498,0.18941,0.28968,0.58311,11.025,-0.6363,1.7017
0.73589,0.18794,0.28906,0.58274,11.038,-0.60224,1.7026
0.7368,0.18648,0.28845,0.58236,11.051,-0.57168,1.7034
0.73771,0.18501,0.28783,0.58199,11.064,-0.54469,1.7042
0.73862,0.18354,0.28721,0.58161,11.076,-0.52134,1.705
0.73952,0.18208,0.28659,0.58122,11.088,-0.50168,1.7058
0.74042,0.18061,0.28597,0.58084,11.099,-0.48577,1.7066
0.74132,0.17914,0.28535,0.58045,11.11,-0.47364,1.7073
0.74222,0.17767,0.28473,0.58007,11.121,-0.46533,1.7081
0.74311,0.1762,0.28411,0.57967,11.132,-0.46085,1.7088
0.744,0.17473,0.28348,0.57928,11.142,-0.46022,1.7095
0.74489,0.17326,0.28286,0.57889,11.152,-0.46344,1.7101
0.74578,0.17178,0.28223,0.57849,11.161,-0.4705,1.7108
0.74666,0.17031,0.28161,0.57809,11.171,-0.48138,1.7114
0.74754,0.16884,0.28098,0.57769,11.18,-0.49606,1.712
0.74842,0.16736,0.28035,0.57729,11.188,-0.51449,1.7126
0.74929,0.16589,0.27972,0.57689,11.197,-0.53664,1.7131
0.75016,0.16442,0.27909,0.57648,11.205,-0.56245,1.7137
0.75103,0.16294,0.27846,0.57607,11.212,-0.59185,1.7142
0.7519,0.16146,0.27783,0.57566,11.22,-0.62477,1.7147
0.75277,0.15999,0.27719,0.57525,11.227,-0.66113,1.7151
0.75363,0.15851,0.27656,0.57483,11.234,-0.70083,1.7156
0.75449,0.15703,0.27592,0.57442,11.24,-0.74378,1.716
0.75535,0.15555,0.27529,0.574,11.246,-0.78987,1.7164
0.7562,0.15407,0.27465,0.57358,11.252,-0.83899,1.7168
0.75705,0.15259,0.27401,0.57315,11.257,-0.89101,1.7172
0.7579,0.15111,0.27337,0.57273,11.263,-0.9458,1.7175
0.75875,0.14963,0.27273,0.5723,11.267,-1.0032,1.7178
0.75959,0.14815,0.27209,0.57187,11.272,-1.0631,1.7181
0.76043,0.14667,0.27145,0.57144,11.276,-1.1254,1.7184
0.76127,0.14519,0.27081,0.57101,11.28,-1.1898,1.7187
0.7621,0.14371,0.27016,0.57058,11.283,-1.2563,1.7189
0.76294,0.14222,0.26952,0.57014,11.286,-1.3246,1.7191
0.76377,0.14074,0.26887,0.5697,11.289,-1.3947,1.7193
0.76459,0.13926,0.26823,0.56926,11.292,-1.4662,1.7194
0.76542,0.13777,0.26758,0.56882,11.294,-1.539,1.7196
0.76624,0.13629,0.26693,0.56837,11.296,-1.6131,1.7197
0.76706,0.1348,0.26628,0.56793,11.297,-1.688,1.7198
0.76788,0.13331,0.26563,0.56748,11.298,-1.7638,1.7199
0.76869,0.13183,0.26498,0.56703,11.299,-1.8402,1.72
0.7695,0.13034,0.26433,0.56657,11.3,-1.9169,1.72
0.77031,0.12885,0.26367,0.56612,11.3,-1.9939,1.72
0.77112,0.12737,0.26302,0.56566,11.3,-2.0708,1.72
0.77192,0.12588,0.26236,0.56521,11.299,-2.1476,1.72
0.77272,0.12439,0.26171,0.56474,11.299,-2.2241,1.7199
0.77352,0.1229,0.26105,0.56428,11.297,-2.2999,1.7198
0.77432,0.12141,0.26039,0.56382,11.296,-2.3751,1.7197
0.77511,0.11992,0.25973,0.56335,11.294,-2.4492,1.7196
0.7759,0.11843,0.25907,0.56288,11.292,-2.5223,1.7195
0.77669,0.11694,0.25841,0.56241,11.29,-2.5941,1.7193
0.77747,0.11545,0.25775,0.56194,11.287,-2.6643,1.7191
0.77825,0.11396,0.25709,0.56147,11.284,-2.7329,1.7189
0.77903,0.11246,0.25643,0.56099,11.28,-2.7997,1.7187
0.77981,0.11097,0.25576,0.56051,11.277,-2.8645,1.7184
0.78058,0.10948,0.2551,0.56003,11.272,-2.9271,1.7182
0.78135,0.10798,0.25443,0.55955,11.268,-2.9874,1.7179
0.78212,0.10649,0.25376,0.55907,11.263,-3.0452,1.7176
0.78288,0.105,0.2531,0.55858,11.258,-3.1004,1.7172
0.78365,0.1035,0.25243,0.55809,11.253,-3.1529,1.7169
0.78441,0.10201,0.25176,0.5576,11.247,-3.2025,1.7165
0.78516,0.10051,0.25109,0.55711,11.241,-3.2491,1.7161
0.78592,0.099017,0.25042,0.55662,11.235,-3.2925,1.7156
0.78667,0.097521,0.24974,0.55612,11.228,-3.3328,1.7152
0.78742,0.096025,0.24907,0.55562,11.221,-3.3697,1.7147
0.78816,0.094529,0.2484,0.55512,11.214,-3.4031,1.7142
0.78891,0.093032,0.24772,0.55462,11.206,-3.4331,1.7137
0.78965,0.091535,0.24705,0.55412,11.198,-3.4595,1.7132
0.79039,0.090037,0.24637,0.55361,11.19,-3.4822,1.7127
0.79112,0.088539,0.24569,0.5531,11.181,-3.5013,1.7121
0.79185,0.087041,0.24501,0.55259,11.172,-3.5165,1.7115
0.79258,0.085543,0.24433,0.55208,11.163,-3.528,1.7109
0.79331,0.084044,0.24365,0.55157,11.153,-3.5357,1.7102
0.79403,0.082545,0.24297,0.55105,11.144,-3.5395,1.7096
0.79475,0.081046,0.24229,0.55054,11.133,-3.5395,1.7089
0.79547,0.079546,0.24161,0.55002,11.123,-3.5356,1.7082
0.79619,0.078047,0.24093,0.5495,11.112,-3.5279,1.7075
0.7969,0.076547,0.24024,0.54897,11.101,-3.5164,1.7067
0.79761,0.075046,0.23956,0.54845,11.089,-3.5011,1.706
0.79832,0.073546,0.23887,0.54792,11.078,-3.482,1.7052
0.79902,0.072045,0.23818,0.54739,11.066,-3.4593,1.7044
0.79972,0.070543,0.2375,0.54686,11.053,-3.4329,1.7035
0.80042,0.069042,0.23681,0.54633,11.041,-3.4029,1.7027
0.80112,0.06754,0.23612,0.5458,11.028,-3.3694,1.7018
0.80181,0.066039,0.23543,0.54526,11.014,-3.3324,1.701
0.8025,0.064536,0.23474,0.54472,11.001,-3.2922,1.7
0.80319,0.063034,0.23405,0.54418,10.987,-3.2487,1.6991
0.80388,0.061532,0.23335,0.54364,10.973,-3.2021,1.6982
0.80456,0.060029,0.23266,0.5431,10.958,-3.1525,1.6972
0.80524,0.058526,0.23197,0.54255,10.943,-3.1,1.6962
0.80591,0.057023,0.23127,0.542,10.928,-3.0447,1.6952
0.80659,0.055519,0.23058,0.54145,10.913,-2.9869,1.6942
0.80726,0.054016,0.22988,0.5409,10.897,-2.9266,1.6932
0.80793,0.052512,0.22918,0.54035,10.881,-2.8639,1.6921
0.80859,0.051008,0.22848,0.53979,10.865,-2.7991,1.691
0.80925,0.049504,0.22778,0.53924,10.849,-2.7323,1.6899
0.80991,0.048,0.22708,0.53868,10.832,-2.6637,1.6888
0.81057,0.046495,0.22638,0.53812,10.815,-2.5934,1.6876
0.81122,0.04499,0.22568,0.53755,10.797,-2.5217,1.6865
0.81187,0.043486,0.22498,0.53699,10.78,-2.4486,1.6853
0.81252,0.041981,0.22428,0.53642,10.762,-2.3744,1.6841
0.81317,0.040476,0.22357,0.53585,10.744,-2.2993,1.6829
0.81381,0.03897,0.22287,0.53528,10.725,-2.2234,1.6817
0.81445,0.037465,0.22216,0.53471,10.706,-2.147,1.6804
0.81508,0.03596,0.22146,0.53414,10.687,-2.0702,1.6792
0.81572,0.034454,0.22075,0.53356,10.668,-1.9932,1.6779
0.81635,0.032948,0.22004,0.53298,10.648,-1.9162,1.6766
0.81698,0.031442,0.21933,0.5324,10.629,-1.8395,1.6752
0.8176,0.029936,0.21863,0.53182,10.609,-1.7631,1.6739
0.81822,0.02843,0.21792,0.53124,10.588,-1.6874,1.6725
0.81884,0.026924,0.2172,0.53065,10.568,-1.6124,1.6712
0.81946,0.025418,0.21649,0.53006,10.547,-1.5384,1.6698
0.82007,0.023912,0.21578,0.52948,10.526,-1.4655,1.6684
0.82069,0.022405,0.21507,0.52888,10.504,-1.394,1.667
0.82129,0.020899,0.21435,0.52829,10.483,-1.324,1.6655
0.8219,0.019392,0.21364,0.5277,10.461,-1.2557,1.6641
0.8225,0.017885,0.21292,0.5271,10.439,-1.1893,1.6626
0.8231,0.016379,0.21221,0.5265,10.416,-1.1248,1.6611
0.8237,0.014872,0.21149,0.5259,10.394,-1.0626,1.6596
0.82429,0.013365,0.21077,0.5253,10.371,-1.0027,1.6581
0.82488,0.011858,0.21006,0.5247,10.348,-0.9453,1.6565
0.82547,0.010351,0.20934,0.52409,10.325,-0.89053,1.655
0.82605,0.0088442,0.20862,0.52348,10.301,-0.83854,1.6534
0.82664,0.0073373,0.2079,0.52287,10.277,-0.78945,1.6518
0.82722,0.0058303,0.20718,0.52226,10.253,-0.74339,1.6502
0.82779,0.0043232,0.20645,0.52165,10.229,-0.70046,1.6486
0.82837,0.0028162,0.20573,0.52104,10.205,-0.66079,1.647
0.82894,0.0013091,0.20501,0.52042,10.18,-0.62446,1.6453
0.8295,-0.00019794,0.20428,0.5198,10.155,-0.59157,1.6437
0.83007,-0.001705,0.20356,0.51918,10.13,-0.5622,1.642
0.83063,-0.0032121,0.20283,0.51856,10.105,-0.53643,1.6403
0.83119,-0.0047191,0.20211,0.51793,10.079,-0.51431,1.6386
0.83174,-0.0062261,0.20138,0.51731,10.053,-0.49591,1.6369
0.8323,-0.0077331,0.20065,0.51668,10.027,-0.48126,1.6352
0.83285,-0.0092401,0.19993,0.51605,10.001,-0.47042,1.6334
0.83339,-0.010747,0.1992,0.51542,9.975,-0.46339,1.6317
0.83394,-0.012254,0.19847,0.51479,9.9484,-0.46021,1.6299
0.83448,-0.013761,0.19774,0.51415,9.9217,-0.46087,1.6281
0.83502,-0.015268,0.19701,0.51352,9.8948,-0.46538,1.6263
0.83555,-0.016774,0.19627,0.51288,9.8677,-0.47373,1.6245
0.83609,-0.018281,0.19554,0.51224,9.8404,-0.48589,1.6227
0.83662,-0.019788,0.19481,0.5116,9.8129,-0.50184,1.6209
0.83714,-0.021294,0.19407,0.51095,9.7852,-0.52153,1.619
0.83767,-0.022801,0.19334,0.51031,9.7574,-0.54492,1.6172
0.83819,-0.024307,0.19261,0.50966,9.7293,-0.57194,1.6153
0.83871,-0.025814,0.19187,0.50901,9.7012,-0.60253,1.6134
0.83922,-0.02732,0.19113,0.50836,9.6728,-0.63662,1.6115
0.83973,-0.028826,0.1904,0.50771,9.6443,-0.67411,1.6096
0.84024,-0.030332,0.18966,0.50705,9.6156,-0.71492,1.6077
0.84075,-0.031838,0.18892,0.5064,9.5867,-0.75894,1.6058
0.84125,-0.033344,0.18818,0.50574,9.5577,-0.80606,1.6038
0.84175,-0.034849,0.18744,0.50508,9.5285,-0.85617,1.6019
0.84225,-0.036355,0.1867,0.50442,9.4992,-0.90913,1.5999
0.84274,-0.037861,0.18596,0.50375,9.4697,-0.96482,1.598
0.84324,-0.039366,0.18522,0.50309,9.4401,-1.0231,1.596
0.84372,-0.040871,0.18447,0.50242,9.4104,-1.0838,1.594
0.84421,-0.042376,0.18373,0.50175,9.3804,-1.1468,1.592
0.84469,-0.043881,0.18299,0.50108,9.3504,-1.212,1.59
0.84517,-0.045386,0.18224,0.50041,9.3202,-1.2791,1.588
0.84565,-0.04689,0.1815,0.49974,9.2899,-1.348,1.586
0.84612,-0.048395,0.18075,0.49906,9.2595,-1.4185,1.584
0.84659,-0.049899,0.18001,0.49839,9.2289,-1.4905,1.5819
0.84706,-0.051403,0.17926,0.49771,9.1982,-1.5638,1.5799
0.84753,-0.052907,0.17851,0.49703,9.1674,-1.6382,1.5778
0.84799,-0.054411,0.17776,0.49634,9.1365,-1.7134,1.5758
0.84845,-0.055914,0.17702,0.49566,9.1055,-1.7894,1.5737
0.8489,-0.057418,0.17627,0.49497,9.0743,-1.8659,1.5716
0.84936,-0.058921,0.17552,0.49428,9.0431,-1.9428,1.5695
0.84981,-0.060424,0.17477,0.4936,9.0117,-2.0198,1.5674
0.85025,-0.061926,0.17401,0.4929,8.9802,-2.0967,1.5653
0.8507,-0.063429,0.17326,0.49221,8.9487,-2.1734,1.5632
0.85114,-0.064931,0.17251,0.49152,8.917,-2.2497,1.5611
0.85158,-0.066433,0.17176,0.49082,8.8853,-2.3253,1.559
0.85201,-0.067935,0.171,0.49012,8.8534,-2.4001,1.5569
0.85244,-0.069436,0.17025,0.48942,8.8215,-2.4739,1.5548
0.85287,-0.070938,0.16949,0.48872,8.7895,-2.5466,1.5526
0.8533,-0.072439,0.16874,0.48802,8.7574,-2.6179,1.5505
0.85372,-0.07394,0.16798,0.48731,8.7253,-2.6876,1.5484
0.85414,-0.07544,0.16723,0.48661,8.6931,-2.7556,1.5462
0.85456,-0.076941,0.16647,0.4859,8.6608,-2.8217,1.5441
0.85497,-0.078441,0.16571,0.48519,8.6284,-2.8858,1.5419
0.85538,-0.07994,0.16495,0.48448,8.596,-2.9476,1.5397
0.85579,-0.08144,0.16419,0.48376,8.5635,-3.0071,1.5376
0.8562,-0.082939,0.16343,0.48305,8.5309,-3.0641,1.5354
0.8566,-0.084438,0.16267,0.48233,8.4983,-3.1184,1.5332
0.857,-0.085937,0.16191,0.48161,8.4657,-3.1699,1.531
0.8574,-0.087435,0.16115,0.48089,8.433,-3.2185,1.5289
0.85779,-0.088933,0.16039,0.48017,8.4003,-3.2641,1.5267
0.85818,-0.090431,0.15963,0.47945,8.3675,-3.3064,1.5245
0.85857,-0.091928,0.15887,0.47872,8.3347,-3.3456,1.5223
0.85895,-0.093425,0.1581,0.47799,8.3018,-3.3813,1.5201
0.85933,-0.094922,0.15734,0.47727,8.269,-3.4136,1.5179
0.85971,-0.096418,0.15657,0.47654,8.2361,-3.4424,1.5157
0.86009,-0.097914,0.15581,0.4758,8.2031,-3.4675,1.5135
0.86046,-0.09941,0.15504,0.47507,8.1702,-3.489,1.5113
0.86083,-0.10091,0.15428,0.47434,8.1372,-3.5068,1.5091
0.86119,-0.1024,0.15351,0.4736,8.1042,-3.5208,1.5069
0.86156,-0.10389,0.15274,0.47286,8.0713,-3.531,1.5048
0.86192,-0.10539,0.15198,0.47212,8.0383,-3.5374,1.5026
0.86227,-0.10688,0.15121,0.47138,8.0053,-3.54,1.5004
0.86263,-0.10838,0.15044,0.47063,7.9723,-3.5386,1.4982
0.86298,-0.10987,0.14967,0.46989,7.9393,-3.5335,1.496
0.86333,-0.11136,0.1489,0.46914,7.9063,-3.5245,1.4938
0.86367,-0.11286,0.14813,0.46839,7.8733,-3.5117,1.4916
0.86401,-0.11435,0.14736,0.46764,7.8403,-3.4951,1.4894
0.86435,-0.11584,0.14659,0.46689,7.8074,-3.4748,1.4872
0.86469,-0.11733,0.14581,0.46614,7.7744,-3.4508,1.485
0.86502,-0.11882,0.14504,0.46538,7.7415,-3.4232,1.4828
0.86535,-0.12031,0.14427,0.46463,7.7086,-3.392,1.4806
0.86568,-0.1218,0.14349,0.46387,7.6758,-3.3573,1.4784
0.866,-0.12329,0.14272,0.46311,7.643,-3.3193,1.4762
0.86632,-0.12478,0.14195,0.46235,7.6102,-3.2779,1.474
0.86664,-0.12627,0.14117,0.46158,7.5774,-3.2334,1.4718
0.86696,-0.12776,0.1404,0.46082,7.5447,-3.1857,1.4696
0.86727,-0.12924,0.13962,0.46005,7.5121,-3.1351,1.4675
0.86758,-0.13073,0.13884,0.45929,7.4794,-3.0817,1.4653
0.86788,-0.13222,0.13807,0.45852,7.4469,-3.0256,1.4631
0.86818,-0.1337,0.13729,0.45775,7.4144,-2.9669,1.461
0.86848,-0.13519,0.13651,0.45697,7.3819,-2.9057,1.4588
0.86878,-0.13668,0.13573,0.4562,7.3495,-2.8424,1.4566
0.86907,-0.13816,0.13495,0.45542,7.3172,-2.7769,1.4545
0.86936,-0.13965,0.13417,0.45464,7.285,-2.7094,1.4523
0.86965,-0.14113,0.13339,0.45387,7.2528,-2.6402,1.4502
0.86994,-0.14261,0.13261,0.45308,7.2207,-2.5694,1.448
0.87022,-0.1441,0.13183,0.4523,7.1887,-2.4972,1.4459
0.8705,-0.14558,0.13105,0.45152,7.1567,-2.4238,1.4438
0.87077,-0.14706,0.13027,0.45073,7.1249,-2.3492,1.4417
0.87104,-0.14854,0.12949,0.44995,7.0931,-2.2738,1.4395
0.87131,-0.15002,0.12871,0.44916,7.0614,-2.1977,1.4374
0.87158,-0.1515,0.12792,0.44837,7.0298,-2.1212,1.4353
0.87184,-0.15298,0.12714,0.44758,6.9983,-2.0443,1.4332
0.8721,-0.15446,0.12636,0.44678,6.9669,-1.9673,1.4311
0.87236,-0.15594,0.12557,0.44599,6.9356,-1.8904,1.429
0.87261,-0.15742,0.12479,0.44519,6.9044,-1.8137,1.427
0.87286,-0.1589,0.124,0.44439,6.8734,-1.7376,1.4249
0.87311,-0.16037,0.12322,0.44359,6.8424,-1.6621,1.4228
0.87336,-0.16185,0.12243,0.44279,6.8116,-1.5874,1.4208
0.8736,-0.16333,0.12164,0.44199,6.7808,-1.5138,1.4187
0.87384,-0.1648,0.12086,0.44119,6.7502,-1.4413,1.4167
0.87407,-0.16628,0.12007,0.44038,6.7198,-1.3703,1.4147
0.8743,-0.16775,0.11928,0.43957,6.6894,-1.3009,1.4126
0.87453,-0.16923,0.11849,0.43876,6.6592,-1.2331,1.4106
0.87476,-0.1707,0.1177,0.43795,6.6291,-1.1674,1.4086
0.87498,-0.17217,0.11692,0.43714,6.5992,-1.1037,1.4066
0.8752,-0.17364,0.11613,0.43633,6.5693,-1.0422,1.4046
0.87542,-0.17511,0.11534,0.43551,6.5397,-0.98311,1.4026
0.87563,-0.17659,0.11455,0.4347,6.5102,-0.92658,1.4007
0.87585,-0.17806,0.11375,0.43388,6.4808,-0.87273,1.3987
0.87605,-0.17953,0.11296,0.43306,6.4516,-0.8217,1.3968
0.87626,-0.18099,0.11217,0.43224,6.4225,-0.77362,1.3948
0.87646,-0.18246,0.11138,0.43142,6.3936,-0.7286,1.3929
0.87666,-0.18393,0.11059,0.43059,6.3649,-0.68675,1.391
0.87685,-0.1854,0.1098,0.42977,6.3363,-0.6482,1.3891
0.87705,-0.18686,0.109,0.42894,6.3079,-0.61301,1.3872
0.87724,-0.18833,0.10821,0.42811,6.2796,-0.5813,1.3853
0.87742,-0.18979,0.10742,0.42728,6.2515,-0.55313,1.3834
0.87761,-0.19126,0.10662,0.42645,6.2236,-0.52858,1.3816
0.87779,-0.19272,0.10583,0.42562,6.1959,-0.50771,1.3797
0.87796,-0.19418,0.10503,0.42478,6.1684,-0.49056,1.3779
0.87814,-0.19565,0.10424,0.42394,6.141,-0.47719,1.3761
0.87831,-0.19711,0.10344,0.42311,6.1138,-0.46763,1.3743
0.87848,-0.19857,0.10265,0.42227,6.0869,-0.46189,1.3725
0.87864,-0.20003,0.10185,0.42143,6.0601,-0.46,1.3707
0.8788,-0.20149,0.10105,0.42059,6.0335,-0.46196,1.3689
0.87896,-0.20295,0.10025,0.41974,6.0071,-0.46776,1.3671
0.87912,-0.20441,0.099458,0.4189,5.9809,-0.47739,1.3654
0.87927,-0.20586,0.09866,0.41805,5.9549,-0.49083,1.3637
0.87942,-0.20732,0.097862,0.4172,5.9291,-0.50804,1.3619
0.87957,-0.20878,0.097063,0.41635,5.9035,-0.52898,1.3602
0.87971,-0.21023,0.096264,0.4155,5.8781,-0.5536,1.3585
0.87985,-0.21169,0.095465,0.41465,5.8529,-0.58183,1.3569
0.87999,-0.21314,0.094666,0.4138,5.828,-0.61361,1.3552
0.88012,-0.21459,0.093866,0.41294,5.8032,-0.64885,1.3535
0.88025,-0.21604,0.093066,0.41209,5.7787,-0.68747,1.3519
0.88038,-0.2175,0.092266,0.41123,5.7544,-0.72937,1.3503
0.88051,-0.21895,0.091465,0.41037,5.7304,-0.77444,1.3487
0.88063,-0.2204,0.090664,0.40951,5.7065,-0.82258,1.3471
0.88075,-0.22185,0.089862,0.40865,5.6829,-0.87367,1.3455
0.88086,-0.22329,0.089061,0.40778,5.6595,-0.92756,1.344
0.88098,-0.22474,0.088259,0.40692,5.6364,-0.98414,1.3424
0.88109,-0.22619,0.087456,0.40605,5.6135,-1.0433,1.3409
0.88119,-0.22763,0.086654,0.40518,5.5908,-1.1048,1.3394
0.8813,-0.22908,0.085851,0.40431,5.5684,-1.1685,1.3379
0.8814,-0.23052,0.085047,0.40344,5.5462,-1.2343,1.3364
0.88149,-0.23197,0.084244,0.40257,5.5242,-1.3021,1.3349
0.88159,-0.23341,0.08344,0.4017,5.5026,-1.3716,1.3335
0.88168,-0.23485,0.082636,0.40082,5.4811,-1.4426,1.3321
0.88177,-0.23629,0.081832,0.39994,5.4599,-1.5151,1.3307
0.88185,-0.23773,0.081027,0.39907,5.439,-1.5887,1.3293
0.88193,-0.23917,0.080222,0.39819,5.4183,-1.6634,1.3279
0.88201,-0.24061,0.079417,0.39731,5.3979,-1.7389,1.3265
0.88209,-0.24205,0.078611,0.39642,5.3777,-1.8151,1.3252
0.88216,-0.24349,0.077805,0.39554,5.3578,-1.8917,1.3239
0.88223,-0.24492,0.076999,0.39466,5.3382,-1.9687,1.3225
0.8823,-0.24636,0.076193,0.39377,5.3188,-2.0457,1.3213
0.88236,-0.24779,0.075386,0.39288,5.2997,-2.1225,1.32
0.88242,-0.24923,0.074579,0.39199,5.2809,-2.1991,1.3187
0.88248,-0.25066,0.073772,0.3911,5.2623,-2.2752,1.3175
0.88253,-0.25209,0.072965,0.39021,5.244,-2.3506,1.3163
0.88258,-0.25352,0.072157,0.38932,5.226,-2.4251,1.3151
0.88263,-0.25495,0.071349,0.38842,5.2083,-2.4985,1.3139
0.88267,-0.25638,0.070541,0.38753,5.1908,-2.5707,1.3127
0.88272,-0.25781,0.069733,0.38663,5.1736,-2.6415,1.3116
0.88275,-0.25924,0.068924,0.38573,5.1567,-2.7107,1.3104
0.88279,-0.26066,0.068115,0.38483,5.1401,-2.7781,1.3093
0.88282,-0.26209,0.067306,0.38393,5.1238,-2.8435,1.3083
0.88285,-0.26351,0.066496,0.38303,5.1078,-2.9068,1.3072
0.88288,-0.26494,0.065687,0.38213,5.092,-2.9679,1.3061
0.8829,-0.26636,0.064877,0.38122,5.0766,-3.0266,1.3051
0.88292,-0.26778,0.064067,0.38031,5.0614,-3.0827,1.3041
0.88294,-0.2692,0.063257,0.37941,5.0465,-3.136,1.3031
0.88295,-0.27062,0.062446,0.3785,5.032,-3.1866,1.3021
0.88296,-0.27204,0.061635,0.37759,5.0177,-3.2342,1.3012
0.88297,-0.27346,0.060824,0.37667,5.0037,-3.2787,1.3002
0.88297,-0.27488,0.060013,0.37576,4.99,-3.32,1.2993
0.88298,-0.27629,0.059202,0.37485,4.9767,-3.358,1.2984
0.88297,-0.27771,0.05839,0.37393,4.9636,-3.3926,1.2976
0.88297,-0.27912,0.057579,0.37301,4.9508,-3.4237,1.2967
0.88296,-0.28054,0.056767,0.3721,4.9383,-3.4513,1.2959
0.88295,-0.28195,0.055954,0.37118,4.9262,-3.4752,1.2951
0.88294,-0.28336,0.055142,0.37025,4.9143,-3.4954,1.2943
0.88292,-0.28477,0.054329,0.36933,4.9028,-3.512,1.2935
0.8829,-0.28618,0.053517,0.36841,4.8915,-3.5247,1.2928
0.88288,-0.28759,0.052704,0.36748,4.8806,-3.5336,1.292
0.88285,-0.28899,0.051891,0.36656,4.87,-3.5387,1.2913
0.88282,-0.2904,0.051077,0.36563,4.8597,-3.5399,1.2906
0.88279,-0.29181,0.050264,0.3647,4.8497,-3.5373,1.29
0.88275,-0.29321,0.04945,0.36377,4.8401,-3.5309,1.2893
0.88271,-0.29461,0.048636,0.36284,4.8307,-3.5206,1.2887
0.88267,-0.29601,0.047822,0.36191,4.8217,-3.5065,1.2881
0.88263,-0.29742,0.047008,0.36097,4.8129,-3.4887,1.2875
0.88258,-0.29882,0.046194,0.36004,4.8045,-3.4671,1.287
0.88253,-0.30021,0.045379,0.3591,4.7965,-3.4419,1.2864
0.88247,-0.30161,0.044565,0.35816,4.7887,-3.4131,1.2859
0.88242,-0.30301,0.04375,0.35723,4.7813,-3.3807,1.2854
0.88236,-0.30441,0.042935,0.35629,4.7742,-3.3449,1.2849
0.88229,-0.3058,0.04212,0.35534,4.7674,-3.3057,1.2845
0.88223,-0.30719,0.041304,0.3544,4.7609,-3.2633,1.2841
0.88216,-0.30859,0.040489,0.35346,4.7547,-3.2177,1.2836
0.88208,-0.30998,0.039674,0.35251,4.7489,-3.169,1.2833
0.88201,-0.31137,0.038858,0.35157,4.7434,-3.1175,1.2829
0.88193,-0.31276,0.038042,0.35062,4.7382,-3.0631,1.2825
0.88185,-0.31415,0.037226,0.34967,4.7334,-3.0061,1.2822
0.88176,-0.31553,0.03641,0.34872,4.7289,-2.9466,1.2819
0.88168,-0.31692,0.035594,0.34777,4.7247,-2.8847,1.2816
0.88158,-0.3183,0.034777,0.34682,4.7208,-2.8206,1.2814
0.88149,-0.31969,0.033961,0.34586,4.7173,-2.7544,1.2812
0.88139,-0.32107,0.033144,0.34491,4.7141,-2.6864,1.2809
0.88129,-0.32245,0.032328,0.34395,4.7112,-2.6166,1.2807
0.88119,-0.32383,0.031511,0.343,4.7086,-2.5453,1.2806
0.88108,-0.32521,0.030694,0.34204,4.7064,-2.4726,1.2804
0.88097,-0.32659,0.029877,0.34108,4.7045,-2.3988,1.2803
0.88086,-0.32797,0.02906,0.34012,4.703,-2.324,1.2802
0.88074,-0.32934,0.028242,0.33915,4.7017,-2.2483,1.2801
0.88062,-0.33072,0.027425,0.33819,4.7008,-2.172,1.2801
0.8805,-0.33209,0.026608,0.33723,4.7003,-2.0953,1.28
0.88038,-0.33346,0.02579,0.33626,4.7,-2.0184,1.28
0.88025,-0.33484,0.024973,0.33529,4.7001,-1.9414,1.28
0.88012,-0.33621,0.024155,0.33433,4.7005,-1.8646,1.28
0.87998,-0.33758,0.023337,0.33336,4.7013,-1.7881,1.2801
0.87985,-0.33894,0.022519,0.33239,4.7023,-1.7121,1.2802
0.87971,-0.34031,0.021701,0.33142,4.7037,-1.6368,1.2802
0.87956,-0.34168,0.020883,0.33044,4.7055,-1.5625,1.2804
0.87942,-0.34304,0.020065,0.32947,4.7075,-1.4893,1.2805
0.87927,-0.3444,0.019247,0.32849,4.7099,-1.4173,1.2807
0.87911,-0.34576,0.018429,0.32752,4.7127,-1.3468,1.2808
0.87896,-0.34712,0.01761,0.32654,4.7157,-1.2779,1.281
0.8788,-0.34848,0.016792,0.32556,4.7191,-1.2108,1.2813
0.87864,-0.34984,0.015974,0.32458,4.7228,-1.1457,1.2815
0.87847,-0.3512,0.015155,0.3236,4.7268,-1.0827,1.2818
0.8783,-0.35255,0.014337,0.32262,4.7312,-1.022,1.2821
0.87813,-0.35391,0.013518,0.32164,4.7359,-0.96381,1.2824
0.87796,-0.35526,0.012699,0.32065,4.7409,-0.90817,1.2827
0.87778,-0.35661,0.011881,0.31967,4.7462,-0.85525,1.2831
0.8776,-0.35796,0.011062,0.31868,4.7519,-0.8052,1.2835
0.87742,-0.35931,0.010243,0.3177,4.7579,-0.75813,1.2839
0.87723,-0.36066,0.0094245,0.31671,4.7642,-0.71417,1.2843
0.87704,-0.36201,0.0086056,0.31572,4.7709,-0.67342,1.2847
0.87685,-0.36336,0.0077868,0.31473,4.7778,-0.63598,1.2852
0.87665,-0.3647,0.0069679,0.31373,4.7851,-0.60196,1.2857
0.87645,-0.36604,0.006149,0.31274,4.7927,-0.57143,1.2862
0.87625,-0.36738,0.0053301,0.31175,4.8006,-0.54447,1.2867
0.87604,-0.36873,0.0045111,0.31075,4.8089,-0.52115,1.2873
0.87584,-0.37006,0.0036922,0.30976,4.8175,-0.50152,1.2878
0.87563,-0.3714,0.0028732,0.30876,4.8263,-0.48564,1.2884
0.87541,-0.37274,0.0020542,0.30776,4.8355,-0.47355,1.289
0.87519,-0.37407,0.0012352,0.30676,4.8451,-0.46527,1.2897
0.87497,-0.37541,0.00041625,0.30576,4.8549,-0.46083,1.2903
0.87475,-0.37674,-0.00040275,0.30476,4.8651,-0.46023,1.291
0.87452,-0.37807,-0.0012217,0.30376,4.8755,-0.46348,1.2917
0.87429,-0.3794,-0.0020407,0.30275,4.8863,-0.47058,1.2924
0.87406,-0.38073,-0.0028597,0.30175,4.8974,-0.48149,1.2932
0.87383,-0.38206,-0.0036787,0.30074,4.9088,-0.4962,1.2939
0.87359,-0.38339,-0.0044976,0.29974,4.9205,-0.51467,1.2947
0.87335,-0.38471,-0.0053166,0.29873,4.9325,-0.53686,1.2955
0.8731,-0.38603,-0.0061355,0.29772,4.9448,-0.56269,1.2963
0.87285,-0.38736,-0.0069544,0.29671,4.9574,-0.59213,1.2972
0.8726,-0.38868,-0.0077733,0.2957,4.9704,-0.62508,1.298
0.87235,-0.39,-0.0085921,0.29469,4.9836,-0.66147,1.2989
0.87209,-0.39131,-0.009411,0.29367,4.9971,-0.7012,1.2998
0.87183,-0.39263,-0.01023,0.29266,5.011,-0.74418,1.3007
0.87157,-0.39395,-0.011049,0.29164,5.0251,-0.7903,1.3017
0.8713,-0.39526,-0.011867,0.29063,5.0395,-0.83944,1.3026
0.87103,-0.39657,-0.012686,0.28961,5.0543,-0.89148,1.3036
0.87076,-0.39788,-0.013505,0.28859,5.0693,-0.9463,1.3046
0.87048,-0.39919,-0.014323,0.28757,5.0846,-1.0037,1.3056
0.87021,-0.4005,-0.015142,0.28655,5.1002,-1.0637,1.3067
0.86992,-0.40181,-0.01596,0.28553,5.1161,-1.126,1.3077
0.86964,-0.40311,-0.016779,0.28451,5.1323,-1.1904,1.3088
0.86935,-0.40442,-0.017597,0.28349,5.1488,-1.2569,1.3099
0.86906,-0.40572,-0.018415,0.28246,5.1655,-1.3253,1.311
0.86877,-0.40702,-0.019233,0.28144,5.1826,-1.3953,1.3122
0.86847,-0.40832,-0.020052,0.28041,5.1999,-1.4668,1.3133
0.86817,-0.40962,-0.02087,0.27938,5.2175,-1.5397,1.3145
0.86787,-0.41092,-0.021688,0.27836,5.2354,-1.6137,1.3157
0.86756,-0.41221,-0.022506,0.27733,5.2535,-1.6887,1.3169
0.86725,-0.41351,-0.023324,0.2763,5.2719,-1.7645,1.3181
0.86694,-0.4148,-0.024141,0.27526,5.2907,-1.8408,1.3194
0.86663,-0.41609,-0.024959,0.27423,5.3096,-1.9176,1.3206
0.86631,-0.41738,-0.025777,0.2732,5.3289,-1.9946,1.3219
0.86599,-0.41867,-0.026594,0.27217,5.3484,-2.0715,1.3232
0.86566,-0.41995,-0.027412,0.27113,5.3682,-2.1483,1.3245
0.86534,-0.42124,-0.028229,0.2701,5.3882,-2.2247,1.3259
0.86501,-0.42252,-0.029046,0.26906,5.4085,-2.3006,1.3272
0.86467,-0.42381,-0.029863,0.26802,5.4291,-2.3757,1.3286
0.86434,-0.42509,-0.03068,0.26698,5.4499,-2.4499,1.33
0.864,-0.42637,-0.031497,0.26594,5.4709,-2.5229,1.3314
0.86366,-0.42764,-0.032314,0.2649,5.4923,-2.5947,1.3328
0.86331,-0.42892,-0.033131,0.26386,5.5138,-2.6649,1.3343
0.86296,-0.4302,-0.033947,0.26282,5.5357,-2.7335,1.3357
0.86261,-0.43147,-0.034764,0.26177,5.5577,-2.8003,1.3372
0.86226,-0.43274,-0.03558,0.26073,5.5801,-2.865,1.3387
0.8619,-0.43401,-0.036396,0.25969,5.6026,-2.9276,1.3402
0.86154,-0.43528,-0.037213,0.25864,5.6254,-2.9879,1.3417
0.86118,-0.43655,-0.038029,0.25759,5.6484,-3.0457,1.3432
0.86081,-0.43781,-0.038844,0.25654,5.6717,-3.1009,1.3448
0.86044,-0.43908,-0.03966,0.2555,5.6952,-3.1534,1.3463
0.86007,-0.44034,-0.040476,0.25445,5.719,-3.2029,1.3479
0.85969,-0.4416,-0.041291,0.2534,5.7429,-3.2495,1.3495
0.85932,-0.44286,-0.042106,0.25234,5.7671,-3.2929,1.3511
0.85893,-0.44412,-0.042921,0.25129,5.7915,-3.3331,1.3528
0.85855,-0.44538,-0.043736,0.25024,5.8161,-3.37,1.3544
0.85816,-0.44663,-0.044551,0.24919,5.841,-3.4034,1.3561
0.85777,-0.44788,-0.045366,0.24813,5.8661,-3.4334,1.3577
0.85738,-0.44914,-0.04618,0.24707,5.8913,-3.4597,1.3594
0.85698,-0.45039,-0.046995,0.24602,5.9168,-3.4824,1.3611
0.85658,-0.45164,-0.047809,0.24496,5.9425,-3.5014,1.3628
0.85618,-0.45288,-0.048623,0.2439,5.9684,-3.5167,1.3646
0.85578,-0.45413,-0.049437,0.24284,5.9945,-3.5281,1.3663
0.85537,-0.45537,-0.05025,0.24178,6.0208,-3.5357,1.3681
0.85496,-0.45661,-0.051064,0.24072,6.0473,-3.5395,1.3698
0.85454,-0.45786,-0.051877,0.23966,6.074,-3.5395,1.3716
0.85412,-0.45909,-0.05269,0.2386,6.1009,-3.5356,1.3734
0.8537,-0.46033,-0.053503,0.23753,6.128,-3.5279,1.3752
0.85328,-0.46157,-0.054316,0.23647,6.1553,-3.5163,1.377
0.85285,-0.4628,-0.055129,0.2354,6.1827,-3.501,1.3788
0.85242,-0.46403,-0.055941,0.23434,6.2104,-3.4819,1.3807
0.85199,-0.46527,-0.056753,0.23327,6.2382,-3.4591,1.3825
0.85156,-0.4665,-0.057565,0.2322,6.2662,-3.4326,1.3844
0.85112,-0.46772,-0.058377,0.23114,6.2943,-3.4026,1.3863
0.85068,-0.46895,-0.059189,0.23007,6.3227,-3.369,1.3882
0.85023,-0.47017,-0.06,0.229,6.3512,-3.3321,1.3901
0.84979,-0.4714,-0.060811,0.22793,6.3798,-3.2918,1.392
0.84934,-0.47262,-0.061622,0.22685,6.4087,-3.2483,1.3939
0.84888,-0.47384,-0.062433,0.22578,6.4377,-3.2016,1.3958
0.84843,-0.47506,-0.063243,0.22471,6.4668,-3.152,1.3978
0.84797,-0.47627,-0.064054,0.22363,6.4961,-3.0995,1.3997
0.84751,-0.47749,-0.064864,0.22256,6.5256,-3.0442,1.4017
0.84704,-0.4787,-0.065674,0.22148,6.5552,-2.9863,1.4037
0.84657,-0.47991,-0.066483,0.22041,6.5849,-2.926,1.4057
0.8461,-0.48112,-0.067292,0.21933,6.6148,-2.8633,1.4077
0.84563,-0.48233,-0.068102,0.21825,6.6448,-2.7985,1.4097
0.84515,-0.48353,-0.068911,0.21717,6.675,-2.7317,1.4117
0.84467,-0.48474,-0.069719,0.2161,6.7052,-2.6631,1.4137
0.84419,-0.48594,-0.070528,0.21502,6.7357,-2.5928,1.4157
0.8437,-0.48714,-0.071336,0.21393,6.7662,-2.521,1.4177
0.84321,-0.48834,-0.072144,0.21285,6.7969,-2.4479,1.4198
0.84272,-0.48954,-0.072951,0.21177,6.8277,-2.3737,1.4218
0.84223,-0.49074,-0.073759,0.21069,6.8586,-2.2986,1.4239
0.84173,-0.49193,-0.074566,0.2096,6.8896,-2.2227,1.426
0.84123,-0.49312,-0.075373,0.20852,6.9207,-2.1463,1.428
0.84073,-0.49431,-0.076179,0.20743,6.952,-2.0695,1.4301
0.84022,-0.4955,-0.076986,0.20635,6.9833,-1.9925,1.4322
0.83971,-0.49669,-0.077792,0.20526,7.0147,-1.9155,1.4343
0.8392,-0.49788,-0.078598,0.20417,7.0463,-1.8388,1.4364
0.83868,-0.49906,-0.079403,0.20309,7.0779,-1.7625,1.4385
0.83817,-0.50024,-0.080209,0.202,7.1097,-1.6867,1.4406
0.83764,-0.50142,-0.081014,0.20091,7.1415,-1.6117,1.4428
0.83712,-0.5026,-0.081818,0.19982,7.1734,-1.5377,1.4449
0.83659,-0.50378,-0.082623,0.19873,7.2054,-1.4649,1.447
0.83606,-0.50495,-0.083427,0.19763,7.2374,-1.3934,1.4492
0.83553,-0.50613,-0.084231,0.19654,7.2696,-1.3234,1.4513
0.835,-0.5073,-0.085034,0.19545,7.3018,-1.2551,1.4535
0.83446,-0.50847,-0.085837,0.19435,7.3341,-1.1887,1.4556
0.83392,-0.50964,-0.08664,0.19326,7.3664,-1.1243,1.4578
0.83337,-0.5108,-0.087443,0.19217,7.3989,-1.0621,1.4599
0.83282,-0.51197,-0.088245,0.19107,7.4313,-1.0022,1.4621
0.83227,-0.51313,-0.089047,0.18997,7.4639,-0.9448,1.4643
0.83172,-0.51429,-0.089849,0.18888,7.4965,-0.89006,1.4664
0.83116,-0.51545,-0.090651,0.18778,7.5291,-0.83809,1.4686
0.83061,-0.51661,-0.091452,0.18668,7.5618,-0.78903,1.4708
0.83004,-0.51776,-0.092252,0.18558,7.5945,-0.74299,1.473
0.82948,-0.51892,-0.093053,0.18448,7.6273,-0.7001,1.4752
0.82891,-0.52007,-0.093853,0.18338,7.6601,-0.66045,1.4773
0.82834,-0.52122,-0.094653,0.18228,7.6929,-0.62416,1.4795
0.82777,-0.52237,-0.095452,0.18118,7.7258,-0.5913,1.4817
0.82719,-0.52351,-0.096251,0.18008,7.7587,-0.56196,1.4839
0.82661,-0.52466,-0.09705,0.17897,7.7916,-0.53622,1.4861
0.82603,-0.5258,-0.097849,0.17787,7.8246,-0.51413,1.4883
0.82544,-0.52694,-0.098647,0.17676,7.8575,-0.49576,1.4905
0.82486,-0.52808,-0.099444,0.17566,7.8905,-0.48115,1.4927
0.82427,-0.52922,-0.10024,0.17455,7.9235,-0.47034,1.4949
0.82367,-0.53035,-0.10104,0.17345,7.9565,-0.46335,1.4971
0.82307,-0.53148,-0.10184,0.17234,7.9895,-0.4602,1.4993
0.82248,-0.53262,-0.10263,0.17123,8.0225,-0.46089,1.5015
0.82187,-0.53375,-0.10343,0.17013,8.0555,-0.46544,1.5037
0.82127,-0.53487,-0.10422,0.16902,8.0885,-0.47382,1.5059
0.82066,-0.536,-0.10502,0.16791,8.1215,-0.48602,1.5081
0.82005,-0.53712,-0.10581,0.1668,8.1544,-0.502,1.5103
0.81943,-0.53825,-0.10661,0.16569,8.1874,-0.52172,1.5125
0.81882,-0.53937,-0.1074,0.16458,8.2203,-0.54514,1.5147
0.8182,-0.54048,-0.1082,0.16347,8.2532,-0.5722,1.5169
0.81758,-0.5416,-0.10899,0.16236,8.2861,-0.60282,1.5191
0.81695,-0.54272,-0.10978,0.16124,8.319,-0.63694,1.5213
0.81632,-0.54383,-0.11058,0.16013,8.3518,-0.67446,1.5235
0.81569,-0.54494,-0.11137,0.15902,8.3846,-0.7153,1.5256
0.81506,-0.54605,-0.11216,0.1579,8.4174,-0.75934,1.5278
0.81442,-0.54716,-0.11295,0.15679,8.4501,-0.80649,1.53
0.81378,-0.54826,-0.11374,0.15567,8.4827,-0.85662,1.5322
0.81314,-0.54936,-0.11453,0.15456,8.5154,-0.90961,1.5344
0.81249,-0.55046,-0.11532,0.15344,8.5479,-0.96533,1.5365
0.81184,-0.55156,-0.11611,0.15232,8.5805,-1.0236,1.5387
0.81119,-0.55266,-0.1169,0.15121,8.6129,-1.0844,1.5409
0.81054,-0.55376,-0.11769,0.15009,8.6453,-1.1474,1.543
0.80988,-0.55485,-0.11848,0.14897,8.6776,-1.2126,1.5452
0.80922,-0.55594,-0.11927,0.14785,8.7099,-1.2797,1.5473
0.80856,-0.55703,-0.12006,0.14673,8.7421,-1.3486,1.5495
0.8079,-0.55812,-0.12084,0.14561,8.7742,-1.4192,1.5516
0.80723,-0.55921,-0.12163,0.14449,8.8062,-1.4912,1.5537
0.80656,-0.56029,-0.12242,0.14337,8.8382,-1.5645,1.5559
0.80588,-0.56137,-0.1232,0.14225,8.8701,-1.6388,1.558
0.80521,-0.56245,-0.12399,0.14113,8.9019,-1.7141,1.5601
0.80453,-0.56353,-0.12477,0.14,8.9336,-1.7901,1.5622
0.80385,-0.5646,-0.12556,0.13888,8.9652,-1.8666,1.5643
0.80316,-0.56568,-0.12634,0.13776,8.9967,-1.9435,1.5664
0.80247,-0.56675,-0.12713,0.13663,9.0281,-2.0204,1.5685
0.80178,-0.56782,-0.12791,0.13551,9.0594,-2.0974,1.5706
0.80109,-0.56889,-0.12869,0.13438,9.0906,-2.1741,1.5727
0.80039,-0.56995,-0.12948,0.13326,9.1217,-2.2503,1.5748
0.79969,-0.57102,-0.13026,0.13213,9.1527,-2.326,1.5768
0.79899,-0.57208,-0.13104,0.13101,9.1835,-2.4008,1.5789
0.79829,-0.57314,-0.13182,0.12988,9.2143,-2.4746,1.581
0.79758,-0.5742,-0.1326,0.12875,9.2449,-2.5472,1.583
0.79687,-0.57525,-0.13338,0.12762,9.2754,-2.6185,1.585
0.79616,-0.57631,-0.13416,0.1265,9.3058,-2.6882,1.5871
0.79544,-0.57736,-0.13494,0.12537,9.336,-2.7562,1.5891
0.79472,-0.57841,-0.13572,0.12424,9.3661,-2.8223,1.5911
0.794,-0.57946,-0.1365,0.12311,9.3961,-2.8863,1.5931
0.79328,-0.5805,-0.13728,0.12198,9.4259,-2.9482,1.5951
0.79255,-0.58155,-0.13805,0.12085,9.4556,-3.0076,1.597
0.79182,-0.58259,-0.13883,0.11972,9.4851,-3.0646,1.599
0.79109,-0.58363,-0.13961,0.11859,9.5145,-3.1189,1.601
0.79035,-0.58467,-0.14038,0.11745,9.5438,-3.1704,1.6029
0.78962,-0.5857,-0.14116,0.11632,9.5729,-3.2189,1.6049
0.78888,-0.58674,-0.14193,0.11519,9.6018,-3.2644,1.6068
0.78813,-0.58777,-0.14271,0.11406,9.6306,-3.3068,1.6087
0.78739,-0.5888,-0.14348,0.11292,9.6592,-3.3459,1.6106
0.78664,-0.58983,-0.14426,0.11179,9.6876,-3.3816,1.6125
0.78589,-0.59085,-0.14503,0.11066,9.7159,-3.4139,1.6144
0.78513,-0.59187,-0.1458,0.10952,9.744,-3.4426,1.6163
0.78437,-0.5929,-0.14657,0.10839,9.7719,-3.4678,1.6181
0.78361,-0.59392,-0.14734,0.10725,9.7997,-3.4892,1.62
0.78285,-0.59493,-0.14812,0.10612,9.8272,-3.507,1.6218
0.78209,-0.59595,-0.14889,0.10498,9.8546,-3.5209,1.6236
0.78132,-0.59696,-0.14966,0.10384,9.8818,-3.5311,1.6255
0.78055,-0.59797,-0.15043,0.10271,9.9089,-3.5375,1.6273
0.77977,-0.59898,-0.15119,0.10157,9.9357,-3.54,1.629
0.779,-0.59999,-0.15196,0.10043,9.9623,-3.5386,1.6308
0.77822,-0.60099,-0.15273,0.099296,9.9887,-3.5334,1.6326
0.77744,-0.60199,-0.1535,0.098158,10.015,-3.5244,1.6343
0.77665,-0.60299,-0.15426,0.09702,10.041,-3.5116,1.6361
0.77586,-0.60399,-0.15503,0.095881,10.067,-3.4949,1.6378
0.77507,-0.60499,-0.1558,0.094742,10.092,-3.4746,1.6395
0.77428,-0.60598,-0.15656,0.093603,10.118,-3.4506,1.6412
0.77349,-0.60697,-0.15733,0.092463,10.143,-3.4229,1.6429
0.77269,-0.60796,-0.15809,0.091323,10.168,-3.3917,1.6445
0.77189,-0.60895,-0.15885,0.090183,10.193,-3.357,1.6462
0.77108,-0.60994,-0.15962,0.089042,10.217,-3.3189,1.6478
0.77028,-0.61092,-0.16038,0.087901,10.242,-3.2775,1.6494
0.76947,-0.6119,-0.16114,0.08676,10.266,-3.2329,1.6511
0.76866,-0.61288,-0.1619,0.085618,10.29,-3.1853,1.6526
0.76784,-0.61386,-0.16266,0.084476,10.313,-3.1347,1.6542
0.76703,-0.61483,-0.16342,0.083334,10.337,-3.0812,1.6558
0.76621,-0.61581,-0.16418,0.082191,10.36,-3.025,1.6573
0.76538,-0.61678,-0.16494,0.081049,10.383,-2.9663,1.6589
0.76456,-0.61774,-0.1657,0.079906,10.406,-2.9052,1.6604
0.76373,-0.61871,-0.16646,0.078762,10.428,-2.8418,1.6619
0.7629,-0.61967,-0.16721,0.077619,10.45,-2.7763,1.6634
0.76207,-0.62064,-0.16797,0.076475,10.472,-2.7088,1.6648
0.76123,-0.6216,-0.16873,0.075331,10.494,-2.6396,1.6663
0.76039,-0.62255,-0.16948,0.074186,10.515,-2.5688,1.6677
0.75955,-0.62351,-0.17024,0.073042,10.537,-2.4966,1.6691
0.75871,-0.62446,-0.17099,0.071897,10.558,-2.4231,1.6705
0.75786,-0.62541,-0.17174,0.070751,10.578,-2.3486,1.6719
0.75701,-0.62636,-0.1725,0.069606,10.599,-2.2732,1.6733
0.75616,-0.62731,-0.17325,0.06846,10.619,-2.1971,1.6746
0.75531,-0.62825,-0.174,0.067314,10.639,-2.1205,1.6759
0.75445,-0.62919,-0.17475,0.066168,10.659,-2.0436,1.6772
0.75359,-0.63013,-0.1755,0.065022,10.678,-1.9666,1.6785
0.75273,-0.63107,-0.17625,0.063875,10.697,-1.8897,1.6798
0.75186,-0.63201,-0.177,0.062728,10.716,-1.8131,1.6811
0.751,-0.63294,-0.17775,0.061581,10.735,-1.7369,1.6823
0.75013,-0.63387,-0.1785,0.060434,10.753,-1.6614,1.6835
0.74925,-0.6348,-0.17925,0.059287,10.771,-1.5867,1.6847
0.74838,-0.63573,-0.17999,0.058139,10.789,-1.5131,1.6859
0.7475,-0.63665,-0.18074,0.056991,10.806,-1.4407,1.6871
0.74662,-0.63758,-0.18149,0.055843,10.824,-1.3697,1.6882
0.74574,-0.6385,-0.18223,0.054695,10.841,-1.3002,1.6894
0.74485,-0.63941,-0.18298,0.053546,10.857,-1.2326,1.6905
0.74396,-0.64033,-0.18372,0.052398,10.874,-1.1668,1.6916
0.74307,-0.64124,-0.18446,0.051249,10.89,-1.1031,1.6926
0.74218,-0.64215,-0.1852,0.0501,10.905,-1.0416,1.6937
0.74128,-0.64306,-0.18595,0.048951,10.921,-0.9826,1.6947
0.74038,-0.64397,-0.18669,0.047801,10.936,-0.92609,1.6957
0.73948,-0.64487,-0.18743,0.046652,10.951,-0.87227,1.6967
0.73858,-0.64577,-0.18817,0.045502,10.966,-0.82126,1.6977
0.73767,-0.64667,-0.18891,0.044352,10.98,-0.7732,1.6987
0.73676,-0.64757,-0.18965,0.043202,10.994,-0.72821,1.6996
0.73585,-0.64847,-0.19038,0.042052,11.008,-0.6864,1.7005
0.73494,-0.64936,-0.19112,0.040902,11.021,-0.64787,1.7014
0.73402,-0.65025,-0.19186,0.039751,11.034,-0.61272,1.7023
0.7331,-0.65114,-0.19259,0.0386,11.047,-0.58103,1.7031
0.73218,-0.65203,-0.19333,0.03745,11.06,-0.5529,1.704
0.73125,-0.65291,-0.19406,0.036299,11.072,-0.52838,1.7048
0.73033,-0.65379,-0.1948,0.035148,11.084,-0.50754,1.7056
0.7294,-0.65467,-0.19553,0.033997,11.095,-0.49043,1.7064
0.72846,-0.65555,-0.19626,0.032846,11.107,-0.47709,1.7071
0.72753,-0.65642,-0.19699,0.031694,11.118,-0.46756,1.7078
0.72659,-0.65729,-0.19772,0.030543,11.128,-0.46186,1.7086
0.72565,-0.65816,-0.19845,0.029391,11.139,-0.46,1.7092
0.72471,-0.65903,-0.19918,0.02824,11.149,-0.46199,1.7099
0.72377,-0.6599,-0.19991,0.027088,11.158,-0.46783,1.7106
0.72282,-0.66076,-0.20064,0.025936,11.168,-0.4775,1.7112
0.72187,-0.66162,-0.20137,0.024784,11.177,-0.49097,1.7118
0.72092,-0.66248,-0.2021,0.023632,11.186,-0.50821,1.7124
0.71996,-0.66334,-0.20282,0.02248,11.194,-0.52919,1.7129
0.719,-0.66419,-0.20355,0.021328,11.202,-0.55384,1.7135
0.71804,-0.66504,-0.20427,0.020175,11.21,-0.5821,1.714
0.71708,-0.66589,-0.205,0.019023,11.218,-0.61391,1.7145
0.71611,-0.66674,-0.20572,0.017871,11.225,-0.64918,1.715
0.71515,-0.66758,-0.20644,0.016718,11.232,-0.68783,1.7154
0.71418,-0.66843,-0.20716,0.015566,11.238,-0.72976,1.7159
0.7132,-0.66927,-0.20789,0.014413,11.244,-0.77486,1.7163
0.71223,-0.6701,-0.20861,0.01326,11.25,-0.82302,1.7167
0.71125,-0.67094,-0.20933,0.012108,11.256,-0.87413,1.717
0.71027,-0.67177,-0.21004,0.010955,11.261,-0.92805,1.7174
0.70929,-0.6726,-0.21076,0.0098021,11.266,-0.98465,1.7177
0.7083,-0.67343,-0.21148,0.0086493,11.27,-1.0438,1.718
0.70732,-0.67426,-0.2122,0.0074965,11.275,-1.1053,1.7183
0.70633,-0.67508,-0.21291,0.0063436,11.279,-1.1691,1.7186
0.70533,-0.6759,-0.21363,0.0051907,11.282,-1.2349,1.7188
0.70434,-0.67672,-0.21434,0.0040378,11.285,-1.3027,1.719
0.70334,-0.67754,-0.21506,0.0028849,11.288,-1.3722,1.7192
0.70234,-0.67835,-0.21577,0.001732,11.291,-1.4432,1.7194
0.70134,-0.67916,-0.21648,0.00057908,11.293,-1.5157,1.7195
0.70033,-0.67997,-0.21719,-0.00057384,11.295,-1.5894,1.7197
0.69933,-0.68078,-0.2179,-0.0017268,11.297,-1.6641,1.7198
0.69832,-0.68158,-0.21861,-0.0028797,11.298,-1.7396,1.7199
0.6973,-0.68238,-0.21932,-0.0040326,11.299,-1.8158,1.7199
0.69629,-0.68318,-0.22003,-0.0051855,11.3,-1.8924,1.72
0.69527,-0.68398,-0.22074,-0.0063384,11.3,-1.9693,1.72
0.69425,-0.68478,-0.22145,-0.0074912,11.3,-2.0463,1.72
0.69323,-0.68557,-0.22215,-0.0086441,11.3,-2.1232,1.72
0.69221,-0.68636,-0.22286,-0.0097969,11.299,-2.1998,1.7199
0.69118,-0.68715,-0.22356,-0.01095,11.298,-2.2758,1.7199
0.69015,-0.68793,-0.22427,-0.012102,11.297,-2.3512,1.7198
0.68912,-0.68871,-0.22497,-0.013255,11.295,-2.4257,1.7197
0.68809,-0.68949,-0.22567,-0.014408,11.293,-2.4992,1.7195
0.68705,-0.69027,-0.22637,-0.01556,11.29,-2.5713,1.7194
0.68601,-0.69105,-0.22707,-0.016713,11.288,-2.6421,1.7192
0.68497,-0.69182,-0.22777,-0.017865,11.285,-2.7113,1.719
0.68393,-0.69259,-0.22847,-0.019018,11.281,-2.7786,1.7188
0.68288,-0.69336,-0.22917,-0.02017,11.278,-2.8441,1.7185
0.68183,-0.69413,-0.22987,-0.021322,11.274,-2.9074,1.7183
0.68078,-0.69489,-0.23056,-0.022475,11.27,-2.9685,1.718
0.67973,-0.69565,-0.23126,-0.023627,11.265,-3.0271,1.7177
0.67867,-0.69641,-0.23195,-0.024779,11.26,-3.0832,1.7173
0.67761,-0.69717,-0.23265,-0.025931,11.255,-3.1365,1.717
0.67655,-0.69792,-0.23334,-0.027083,11.249,-3.187,1.7166
0.67549,-0.69867,-0.23403,-0.028234,11.243,-3.2346,1.7162
0.67443,-0.69942,-0.23473,-0.029386,11.237,-3.279,1.7158
0.67336,-0.70017,-0.23542,-0.030538,11.23,-3.3203,1.7153
0.67229,-0.70091,-0.23611,-0.031689,11.223,-3.3583,1.7149
0.67122,-0.70165,-0.2368,-0.03284,11.216,-3.3929,1.7144
0.67014,-0.70239,-0.23748,-0.033992,11.209,-3.4239,1.7139
0.66907,-0.70313,-0.23817,-0.035143,11.201,-3.4515,1.7134
0.66799,-0.70386,-0.23886,-0.036294,11.192,-3.4754,1.7128
0.66691,-0.70459,-0.23955,-0.037445,11.184,-3.4956,1.7123
0.66582,-0.70532,-0.24023,-0.038595,11.175,-3.5121,1.7117
0.66474,-0.70605,-0.24091,-0.039746,11.166,-3.5248,1.7111
0.66365,-0.70678,-0.2416,-0.040896,11.156,-3.5337,1.7104
0.66256,-0.7075,-0.24228,-0.042047,11.147,-3.5387,1.7098
0.66146,-0.70822,-0.24296,-0.043197,11.137,-3.5399,1.7091
0.66037,-0.70893,-0.24364,-0.044347,11.126,-3.5373,1.7084
0.65927,-0.70965,-0.24432,-0.045497,11.115,-3.5308,1.7077
0.65817,-0.71036,-0.245,-0.046646,11.104,-3.5205,1.707
0.65707,-0.71107,-0.24568,-0.047796,11.093,-3.5064,1.7062
0.65596,-0.71178,-0.24636,-0.048945,11.081,-3.4885,1.7054
0.65486,-0.71248,-0.24703,-0.050094,11.069,-3.4669,1.7046
0.65375,-0.71318,-0.24771,-0.051244,11.057,-3.4417,1.7038
0.65263,-0.71388,-0.24838,-0.052392,11.045,-3.4128,1.703
0.65152,-0.71458,-0.24906,-0.053541,11.032,-3.3804,1.7021
0.65041,-0.71527,-0.24973,-0.05469,11.019,-3.3446,1.7012
0.64929,-0.71597,-0.2504,-0.055838,11.005,-3.3053,1.7003
0.64817,-0.71666,-0.25108,-0.056986,10.991,-3.2629,1.6994
0.64704,-0.71734,-0.25175,-0.058134,10.977,-3.2173,1.6985
0.64592,-0.71803,-0.25242,-0.059281,10.963,-3.1686,1.6975
0.64479,-0.71871,-0.25308,-0.060429,10.948,-3.117,1.6965
0.64366,-0.71939,-0.25375,-0.061576,10.933,-3.0626,1.6955
0.64253,-0.72006,-0.25442,-0.062723,10.918,-3.0056,1.6945
0.64139,-0.72074,-0.25509,-0.06387,10.902,-2.946,1.6935
0.64026,-0.72141,-0.25575,-0.065017,10.886,-2.8841,1.6924
0.63912,-0.72208,-0.25641,-0.066163,10.87,-2.82,1.6914
0.63798,-0.72275,-0.25708,-0.067309,10.854,-2.7538,1.6903
0.63684,-0.72341,-0.25774,-0.068455,10.837,-2.6858,1.6891
0.63569,-0.72407,-0.2584,-0.069601,10.82,-2.616,1.688
0.63454,-0.72473,-0.25906,-0.070746,10.803,-2.5447,1.6869
0.63339,-0.72539,-0.25972,-0.071891,10.785,-2.472,1.6857
0.63224,-0.72604,-0.26038,-0.073036,10.768,-2.3981,1.6845
0.63109,-0.72669,-0.26104,-0.074181,10.749,-2.3233,1.6833
0.62993,-0.72734,-0.2617,-0.075325,10.731,-2.2476,1.6821
0.62877,-0.72799,-0.26235,-0.07647,10.712,-2.1714,1.6808
0.62761,-0.72863,-0.26301,-0.077613,10.693,-2.0947,1.6796
0.62645,-0.72928,-0.26366,-0.078757,10.674,-2.0177,1.6783
0.62528,-0.72991,-0.26431,-0.0799,10.655,-1.9407,1.677
0.62411,-0.73055,-0.26497,-0.081043,10.635,-1.8639,1.6757
0.62295,-0.73118,-0.26562,-0.082186,10.615,-1.7874,1.6743
0.62177,-0.73182,-0.26627,-0.083329,10.595,-1.7114,1.673
0.6206,-0.73244,-0.26692,-0.084471,10.574,-1.6362,1.6716
0.61942,-0.73307,-0.26757,-0.085613,10.553,-1.5618,1.6702
0.61825,-0.73369,-0.26822,-0.086754,10.532,-1.4886,1.6688
0.61706,-0.73432,-0.26886,-0.087896,10.511,-1.4166,1.6674
0.61588,-0.73493,-0.26951,-0.089037,10.49,-1.3461,1.666
0.6147,-0.73555,-0.27015,-0.090177,10.468,-1.2773,1.6645
0.61351,-0.73616,-0.2708,-0.091318,10.446,-1.2102,1.6631
0.61232,-0.73677,-0.27144,-0.092458,10.424,-1.1451,1.6616
0.61113,-0.73738,-0.27208,-0.093598,10.401,-1.0822,1.6601
0.60994,-0.73799,-0.27272,-0.094737,10.378,-1.0215,1.6585
0.60874,-0.73859,-0.27336,-0.095876,10.355,-0.9633,1.657
0.60754,-0.73919,-0.274,-0.097015,10.332,-0.90768,1.6555
0.60634,-0.73979,-0.27464,-0.098153,10.309,-0.85479,1.6539
0.60514,-0.74038,-0.27528,-0.099291,10.285,-0.80477,1.6523
0.60394,-0.74098,-0.27591,-0.10043,10.261,-0.75773,1.6507
0.60273,-0.74157,-0.27655,-0.10157,10.237,-0.71379,1.6491
0.60152,-0.74215,-0.27718,-0.1027,10.212,-0.67307,1.6475
0.60031,-0.74274,-0.27782,-0.10384,10.188,-0.63567,1.6459
0.5991,-0.74332,-0.27845,-0.10498,10.163,-0.60167,1.6442
0.59789,-0.7439,-0.27908,-0.10611,10.138,-0.57117,1.6425
0.59667,-0.74448,-0.27971,-0.10725,10.113,-0.54424,1.6408
0.59545,-0.74505,-0.28034,-0.10838,10.087,-0.52096,1.6392
0.59423,-0.74562,-0.28097,-0.10952,10.062,-0.50136,1.6374
0.59301,-0.74619,-0.2816,-0.11065,10.036,-0.48552,1.6357
0.59178,-0.74676,-0.28222,-0.11179,10.01,-0.47346,1.634
0.59056,-0.74732,-0.28285,-0.11292,9.9834,-0.46521,1.6322
0.58933,-0.74788,-0.28347,-0.11405,9.9569,-0.4608,1.6305
0.58809,-0.74844,-0.2841,-0.11519,9.9302,-0.46024,1.6287
0.58686,-0.749,-0.28472,-0.11632,9.9034,-0.46353,1.6269
0.58563,-0.74955,-0.28534,-0.11745,9.8763,-0.47066,1.6251
0.58439,-0.7501,-0.28596,-0.11858,9.8491,-0.4816,1.6233
0.58315,-0.75065,-0.28658,-0.11971,9.8216,-0.49635,1.6214
0.58191,-0.7512,-0.2872,-0.12084,9.794,-0.51485,1.6196
0.58066,-0.75174,-0.28782,-0.12197,9.7663,-0.53707,1.6178
0.57942,-0.75228,-0.28844,-0.1231,9.7383,-0.56294,1.6159
0.57817,-0.75282,-0.28905,-0.12423,9.7102,-0.5924,1.614
0.57692,-0.75335,-0.28967,-0.12536,9.6818,-0.62539,1.6121
0.57567,-0.75388,-0.29028,-0.12649,9.6534,-0.6618,1.6102
0.57442,-0.75441,-0.29089,-0.12762,9.6247,-0.70157,1.6083
0.57316,-0.75494,-0.2915,-0.12875,9.5959,-0.74458,1.6064
0.5719,-0.75547,-0.29211,-0.12987,9.567,-0.79072,1.6045
0.57064,-0.75599,-0.29272,-0.131,9.5378,-0.83989,1.6025
0.56938,-0.75651,-0.29333,-0.13213,9.5086,-0.89196,1.6006
0.56812,-0.75702,-0.29394,-0.13325,9.4791,-0.9468,1.5986
0.56685,-0.75754,-0.29455,-0.13438,9.4496,-1.0043,1.5966
0.56559,-0.75805,-0.29515,-0.1355,9.4198,-1.0642,1.5947
0.56432,-0.75856,-0.29576,-0.13663,9.39,-1.1265,1.5927
0.56305,-0.75906,-0.29636,-0.13775,9.36,-1.191,1.5907
0.56177,-0.75957,-0.29696,-0.13888,9.3299,-1.2575,1.5887
0.5605,-0.76007,-0.29756,-0.14,9.2996,-1.3259,1.5866
0.55922,-0.76056,-0.29816,-0.14112,9.2692,-1.3959,1.5846
0.55794,-0.76106,-0.29876,-0.14224,9.2387,-1.4675,1.5826
0.55666,-0.76155,-0.29936,-0.14336,9.208,-1.5403,1.5805
0.55538,-0.76204,-0.29996,-0.14449,9.1772,-1.6144,1.5785
0.55409,-0.76253,-0.30055,-0.14561,9.1464,-1.6894,1.5764
0.5528,-0.76301,-0.30115,-0.14673,9.1154,-1.7652,1.5744
0.55151,-0.7635,-0.30174,-0.14785,9.0842,-1.8415,1.5723
0.55022,-0.76398,-0.30233,-0.14896,9.053,-1.9183,1.5702
0.54893,-0.76445,-0.30293,-0.15008,9.0217,-1.9952,1.5681
0.54764,-0.76493,-0.30352,-0.1512,8.9903,-2.0722,1.566
0.54634,-0.7654,-0.30411,-0.15232,8.9587,-2.149,1.5639
0.54504,-0.76587,-0.30469,-0.15344,8.9271,-2.2254,1.5618
0.54374,-0.76633,-0.30528,-0.15455,8.8954,-2.3013,1.5597
0.54244,-0.76679,-0.30587,-0.15567,8.8636,-2.3764,1.5576
0.54113,-0.76726,-0.30645,-0.15678,8.8317,-2.4505,1.5554
0.53983,-0.76771,-0.30704,-0.1579,8.7997,-2.5236,1.5533
0.53852,-0.76817,-0.30762,-0.15901,8.7677,-2.5953,1.5512
0.53721,-0.76862,-0.3082,-0.16013,8.7355,-2.6656,1.549
0.5359,-0.76907,-0.30879,-0.16124,8.7033,-2.7341,1.5469
0.53458,-0.76952,-0.30937,-0.16235,8.6711,-2.8009,1.5447
0.53327,-0.76996,-0.30994,-0.16346,8.6387,-2.8656,1.5426
0.53195,-0.7704,-0.31052,-0.16457,8.6063,-2.9282,1.5404
0.53063,-0.77084,-0.3111,-0.16568,8.5738,-2.9884,1.5383
0.52931,-0.77128,-0.31167,-0.16679,8.5413,-3.0462,1.5361
0.52799,-0.77171,-0.31225,-0.1679,8.5087,-3.1014,1.5339
0.52666,-0.77214,-0.31282,-0.16901,8.4761,-3.1538,1.5317
0.52533,-0.77257,-0.31339,-0.17012,8.4434,-3.2034,1.5296
0.524,-0.773,-0.31397,-0.17123,8.4107,-3.2499,1.5274
0.52267,-0.77342,-0.31454,-0.17234,8.3779,-3.2933,1.5252
0.52134,-0.77384,-0.31511,-0.17344,8.3451,-3.3335,1.523
0.52001,-0.77426,-0.31567,-0.17455,8.3123,-3.3703,1.5208
0.51867,-0.77467,-0.31624,-0.17566,8.2794,-3.4037,1.5186
0.51733,-0.77508,-0.31681,-0.17676,8.2465,-3.4336,1.5164
0.51599,-0.77549,-0.31737,-0.17786,8.2136,-3.4599,1.5142
0.51465,-0.7759,-0.31793,-0.17897,8.1807,-3.4826,1.512
0.51331,-0.7763,-0.3185,-0.18007,8.1477,-3.5016,1.5098
0.51196,-0.7767,-0.31906,-0.18117,8.1147,-3.5168,1.5076
0.51062,-0.7771,-0.31962,-0.18227,8.0818,-3.5282,1.5055
0.50927,-0.7775,-0.32018,-0.18338,8.0488,-3.5358,1.5033
0.50792,-0.77789,-0.32074,-0.18448,8.0158,-3.5396,1.5011
0.50657,-0.77828,-0.32129,-0.18558,7.9828,-3.5395,1.4989
0.50521,-0.77867,-0.32185,-0.18667,7.9498,-3.5355,1.4967
0.50386,-0.77905,-0.3224,-0.18777,7.9168,-3.5278,1.4945
0.5025,-0.77944,-0.32296,-0.18887,7.8838,-3.5162,1.4923
0.50114,-0.77982,-0.32351,-0.18997,7.8508,-3.5008,1.4901
-0.49978,0.78019,0.32406,0.19106,7.8179,-3.4817,1.4879
-0.49842,0.78057,0.32461,0.19216,7.7849,-3.4588,1.4857
-0.49705,0.78094,0.32516,0.19326,7.752,-3.4324,1.4835
-0.49569,0.78131,0.32571,0.19435,7.7191,-3.4023,1.4813
-0.49432,0.78167,0.32625,0.19544,7.6862,-3.3687,1.4791
-0.49295,0.78203,0.3268,0.19654,7.6534,-3.3317,1.4769
-0.49158,0.78239,0.32734,0.19763,7.6206,-3.2914,1.4747
-0.4902,0.78275,0.32789,0.19872,7.5878,-3.2479,1.4725
-0.48883,0.78311,0.32843,0.19981,7.5551,-3.2012,1.4703
-0.48745,0.78346,0.32897,0.2009,7.5224,-3.1516,1.4682
-0.48608,0.78381,0.32951,0.20199,7.4898,-3.099,1.466
-0.4847,0.78415,0.33005,0.20308,7.4572,-3.0437,1.4638
-0.48331,0.7845,0.33058,0.20417,7.4247,-2.9858,1.4616
-0.48193,0.78484,0.33112,0.20526,7.3923,-2.9255,1.4595
-0.48055,0.78518,0.33166,0.20634,7.3599,-2.8628,1.4573
-0.47916,0.78551,0.33219,0.20743,7.3275,-2.798,1.4552
-0.47777,0.78585,0.33272,0.20851,7.2952,-2.7311,1.453
-0.47638,0.78618,0.33325,0.2096,7.263,-2.6625,1.4509
-0.47499,0.7865,0.33379,0.21068,7.2309,-2.5922,1.4487
-0.4736,0.78683,0.33431,0.21177,7.1989,-2.5204,1.4466
-0.4722,0.78715,0.33484,0.21285,7.1669,-2.4473,1.4445
-0.4708,0.78747,0.33537,0.21393,7.135,-2.3731,1.4423
-0.46941,0.78778,0.3359,0.21501,7.1032,-2.2979,1.4402
-0.46801,0.7881,0.33642,0.21609,7.0715,-2.222,1.4381
-0.4666,0.78841,0.33694,0.21717,7.0399,-2.1456,1.436
-0.4652,0.78872,0.33747,0.21825,7.0083,-2.0688,1.4339
-0.4638,0.78902,0.33799,0.21933,6.9769,-1.9918,1.4318
-0.46239,0.78932,0.33851,0.2204,6.9456,-1.9149,1.4297
-0.46098,0.78962,0.33903,0.22148,6.9144,-1.8381,1.4276
-0.45957,0.78992,0.33954,0.22256,6.8833,-1.7618,1.4256
-0.45816,0.79021,0.34006,0.22363,6.8523,-1.686,1.4235
-0.45675,0.79051,0.34057,0.2247,6.8214,-1.6111,1.4214
-0.45533,0.79079,0.34109,0.22578,6.7906,-1.5371,1.4194
-0.45392,0.79108,0.3416,0.22685,6.76,-1.4643,1.4173
-0.4525,0.79136,0.34211,0.22792,6.7295,-1.3928,1.4153
-0.45108,0.79164,0.34262,0.22899,6.6991,-1.3228,1.4133
-0.44966,0.79192,0.34313,0.23006,6.6688,-1.2545,1.4113
-0.44824,0.7922,0.34364,0.23113,6.6387,-1.1881,1.4092
-0.44681,0.79247,0.34415,0.2322,6.6087,-1.1237,1.4072
-0.44539,0.79274,0.34465,0.23327,6.5788,-1.0615,1.4053
-0.44396,0.793,0.34516,0.23433,6.5491,-1.0017,1.4033
-0.44253,0.79327,0.34566,0.2354,6.5195,-0.9443,1.4013
-0.4411,0.79353,0.34616,0.23646,6.4901,-0.88959,1.3993
-0.43967,0.79379,0.34666,0.23753,6.4609,-0.83764,1.3974
-0.43824,0.79404,0.34716,0.23859,6.4318,-0.78861,1.3955
-0.4368,0.79429,0.34766,0.23966,6.4028,-0.7426,1.3935
-0.43536,0.79454,0.34816,0.24072,6.374,-0.69973,1.3916
-0.43393,0.79479,0.34865,0.24178,6.3454,-0.66012,1.3897
-0.43249,0.79503,0.34915,0.24284,6.3169,-0.62385,1.3878
-0.43105,0.79528,0.34964,0.2439,6.2886,-0.59102,1.3859
-0.4296,0.79551,0.35013,0.24496,6.2605,-0.56171,1.384
-0.42816,0.79575,0.35063,0.24601,6.2325,-0.536,1.3822
-0.42671,0.79598,0.35112,0.24707,6.2047,-0.51395,1.3803
-0.42527,0.79621,0.3516,0.24813,6.1771,-0.49562,1.3785
-0.42382,0.79644,0.35209,0.24918,6.1497,-0.48104,1.3766
-0.42237,0.79667,0.35258,0.25023,6.1225,-0.47026,1.3748
-0.42092,0.79689,0.35306,0.25129,6.0954,-0.4633,1.373
-0.41946,0.79711,0.35355,0.25234,6.0686,-0.46018,1.3712
-0.41801,0.79732,0.35403,0.25339,6.0419,-0.46092,1.3695
-0.41655,0.79754,0.35451,0.25444,6.0155,-0.4655,1.3677
-0.4151,0.79775,0.35499,0.25549,5.9892,-0.47391,1.3659
-0.41364,0.79796,0.35547,0.25654,5.9631,-0.48614,1.3642
-0.41218,0.79816,0.35594,0.25759,5.9373,-0.50216,1.3625
-0.41072,0.79836,0.35642,0.25863,5.9116,-0.52191,1.3608
-0.40925,0.79856,0.3569,0.25968,5.8862,-0.54536,1.3591
-0.40779,0.79876,0.35737,0.26073,5.8609,-0.57245,1.3574
-0.40632,0.79895,0.35784,0.26177,5.8359,-0.60311,1.3557
-0.40486,0.79914,0.35831,0.26281,5.8111,-0.63725,1.3541
-0.40339,0.79933,0.35878,0.26386,5.7865,-0.67481,1.3524
-0.40192,0.79952,0.35925,0.2649,5.7622,-0.71567,1.3508
-0.40045,0.7997,0.35972,0.26594,5.738,-0.75975,1.3492
-0.39897,0.79988,0.36019,0.26698,5.7141,-0.80692,1.3476
-0.3975,0.80006,0.36065,0.26802,5.6904,-0.85708,1.346
-0.39602,0.80023,0.36111,0.26905,5.667,-0.9101,1.3445
-0.39455,0.8004,0.36158,0.27009,5.6437,-0.96584,1.3429
-0.39307,0.80057,0.36204,0.27113,5.6208,-1.0242,1.3414
-0.39159,0.80074,0.3625,0.27216,5.598,-1.0849,1.3399
-0.39011,0.8009,0.36296,0.2732,5.5755,-1.148,1.3384
-0.38862,0.80106,0.36341,0.27423,5.5532,-1.2132,1.3369
-0.38714,0.80122,0.36387,0.27526,5.5312,-1.2803,1.3354
-0.38565,0.80138,0.36432,0.27629,5.5094,-1.3492,1.334
-0.38417,0.80153,0.36478,0.27732,5.4879,-1.4198,1.3325
-0.38268,0.80168,0.36523,0.27835,5.4666,-1.4918,1.3311
-0.38119,0.80182,0.36568,0.27938,5.4456,-1.5651,1.3297
-0.3797,0.80197,0.36613,0.28041,5.4249,-1.6395,1.3283
-0.37821,0.80211,0.36658,0.28143,5.4043,-1.7148,1.327
-0.37671,0.80225,0.36702,0.28246,5.3841,-1.7908,1.3256
-0.37522,0.80238,0.36747,0.28348,5.3641,-1.8673,1.3243
-0.37372,0.80251,0.36792,0.2845,5.3444,-1.9441,1.323
-0.37223,0.80264,0.36836,0.28553,5.3249,-2.0211,1.3217
-0.37073,0.80277,0.3688,0.28655,5.3057,-2.0981,1.3204
-0.36923,0.80289,0.36924,0.28757,5.2868,-2.1748,1.3191
-0.36773,0.80301,0.36968,0.28859,5.2682,-2.251,1.3179
-0.36622,0.80313,0.37012,0.28961,5.2498,-2.3266,1.3167
-0.36472,0.80325,0.37055,0.29062,5.2317,-2.4014,1.3154
-0.36322,0.80336,0.37099,0.29164,5.2139,-2.4752,1.3143
-0.36171,0.80347,0.37142,0.29265,5.1963,-2.5479,1.3131
-0.3602,0.80358,0.37186,0.29367,5.1791,-2.6191,1.3119
-0.35869,0.80368,0.37229,0.29468,5.1621,-2.6888,1.3108
-0.35718,0.80378,0.37272,0.29569,5.1454,-2.7568,1.3097
-0.35567,0.80388,0.37315,0.2967,5.129,-2.8229,1.3086
-0.35416,0.80398,0.37358,0.29771,5.1128,-2.8869,1.3075
-0.35264,0.80407,0.374,0.29872,5.097,-2.9487,1.3065
-0.35113,0.80416,0.37443,0.29973,5.0815,-3.0082,1.3054
-0.34961,0.80425,0.37485,0.30074,5.0662,-3.0651,1.3044
-0.3481,0.80433,0.37527,0.30174,5.0512,-3.1193,1.3034
-0.34658,0.80441,0.37569,0.30275,5.0366,-3.1708,1.3024
-0.34506,0.80449,0.37611,0.30375,5.0222,-3.2193,1.3015
-0.34354,0.80457,0.37653,0.30475,5.0081,-3.2648,1.3005
-0.34201,0.80464,0.37695,0.30576,4.9944,-3.3072,1.2996
-0.34049,0.80471,0.37737,0.30676,4.9809,-3.3462,1.2987
-0.33897,0.80478,0.37778,0.30776,4.9677,-3.3819,1.2978
-0.33744,0.80484,0.37819,0.30875,4.9548,-3.4142,1.297
-0.33591,0.80491,0.3786,0.30975,4.9423,-3.4429,1.2962
-0.33438,0.80497,0.37902,0.31075,4.93,-3.468,1.2953
-0.33285,0.80502,0.37942,0.31174,4.9181,-3.4894,1.2945
-0.33132,0.80508,0.37983,0.31274,4.9064,-3.5071,1.2938
-0.32979,0.80513,0.38024,0.31373,4.8951,-3.521,1.293
-0.32826,0.80517,0.38064,0.31472,4.8841,-3.5312,1.2923
-0.32673,0.80522,0.38105,0.31571,4.8734,-3.5375,1.2916
-0.32519,0.80526,0.38145,0.3167,4.863,-3.54,1.2909
-0.32365,0.8053,0.38185,0.31769,4.8529,-3.5386,1.2902
-0.32212,0.80534,0.38225,0.31868,4.8431,-3.5334,1.2895
-0.32058,0.80537,0.38265,0.31966,4.8336,-3.5243,1.2889
-0.31904,0.8054,0.38305,0.32065,4.8245,-3.5114,1.2883
-0.3175,0.80543,0.38344,0.32163,4.8157,-3.4948,1.2877
-0.31595,0.80546,0.38384,0.32262,4.8072,-3.4744,1.2871
-0.31441,0.80548,0.38423,0.3236,4.799,-3.4503,1.2866
-0.31287,0.8055,0.38462,0.32458,4.7911,-3.4226,1.2861
-0.31132,0.80552,0.38501,0.32556,4.7836,-3.3914,1.2856
-0.30978,0.80553,0.3854,0.32654,4.7764,-3.3567,1.2851
-0.30823,0.80554,0.38579,0.32751,4.7695,-3.3185,1.2846
-0.30668,0.80555,0.38618,0.32849,4.7629,-3.2771,1.2842
-0.30513,0.80556,0.38656,0.32946,4.7567,-3.2325,1.2838
-0.30358,0.80556,0.38694,0.33044,4.7507,-3.1848,1.2834
-0.30203,0.80556,0.38733,0.33141,4.7451,-3.1342,1.283
-0.30048,0.80556,0.38771,0.33238,4.7399,-3.0807,1.2827
-0.29892,0.80555,0.38809,0.33335,4.7349,-3.0245,1.2823
-0.29737,0.80554,0.38847,0.33432,4.7303,-2.9658,1.282
-0.29581,0.80553,0.38884,0.33529,4.726,-2.9046,1.2817
-0.29425,0.80552,0.38922,0.33626,4.722,-2.8412,1.2815
-0.2927,0.8055,0.38959,0.33722,4.7184,-2.7757,1.2812
-0.29114,0.80548,0.38997,0.33819,4.7151,-2.7082,1.281
-0.28958,0.80546,0.39034,0.33915,4.7121,-2.639,1.2808
-0.28802,0.80543,0.39071,0.34011,4.7094,-2.5682,1.2806
-0.28645,0.8054,0.39108,0.34107,4.7071,-2.4959,1.2805
-0.28489,0.80537,0.39144,0.34203,4.7051,-2.4224,1.2803
-0.28333,0.80534,0.39181,0.34299,4.7034,-2.3479,1.2802
-0.28176,0.8053,0.39217,0.34395,4.7021,-2.2725,1.2801
-0.2802,0.80526,0.39254,0.3449,4.7011,-2.1964,1.2801
-0.27863,0.80522,0.3929,0.34586,4.7004,-2.1198,1.28
-0.27706,0.80517,0.39326,0.34681,4.7001,-2.0429,1.28
-0.27549,0.80513,0.39362,0.34777,4.7,-1.9659,1.28
-0.27392,0.80508,0.39398,0.34872,4.7003,-1.889,1.28
-0.27235,0.80502,0.39433,0.34967,4.701,-1.8124,1.2801
-0.27078,0.80497,0.39469,0.35062,4.702,-1.7362,1.2801
-0.26921,0.80491,0.39504,0.35156,4.7033,-1.6607,1.2802
-0.26763,0.80484,0.39539,0.35251,4.7049,-1.5861,1.2803
-0.26606,0.80478,0.39574,0.35345,4.7068,-1.5125,1.2805
-0.26448,0.80471,0.39609,0.3544,4.7091,-1.4401,1.2806
-0.26291,0.80464,0.39644,0.35534,4.7118,-1.3691,1.2808
-0.26133,0.80457,0.39679,0.35628,4.7147,-1.2996,1.281
-0.25975,0.80449,0.39713,0.35722,4.718,-1.232,1.2812
-0.25817,0.80441,0.39748,0.35816,4.7216,-1.1662,1.2814
-0.25659,0.80433,0.39782,0.3591,4.7255,-1.1025,1.2817
-0.25501,0.80425,0.39816,0.36003,4.7298,-1.0411,1.282
-0.25343,0.80416,0.3985,0.36097,4.7344,-0.98209,1.2823
-0.25184,0.80407,0.39884,0.3619,4.7393,-0.9256,1.2826
-0.25026,0.80398,0.39918,0.36284,4.7445,-0.8718,1.283
-0.24868,0.80388,0.39951,0.36377,4.7501,-0.82082,1.2833
-0.24709,0.80378,0.39985,0.3647,4.756,-0.77279,1.2837
-0.2455,0.80368,0.40018,0.36563,4.7622,-0.72783,1.2841
-0.24392,0.80358,0.40051,0.36655,4.7687,-0.68604,1.2846
-0.24233,0.80347,0.40084,0.36748,4.7756,-0.64754,1.285
-0.24074,0.80336,0.40117,0.3684,4.7828,-0.61242,1.2855
-0.23915,0.80325,0.4015,0.36933,4.7903,-0.58077,1.286
-0.23756,0.80313,0.40182,0.37025,4.7981,-0.55266,1.2865
-0.23597,0.80301,0.40215,0.37117,4.8062,-0.52818,1.2871
-0.23438,0.80289,0.40247,0.37209,4.8147,-0.50737,1.2876
-0.23278,0.80277,0.40279,0.37301,4.8235,-0.49029,1.2882
-0.23119,0.80264,0.40311,0.37393,4.8326,-0.47699,1.2888
-0.22959,0.80251,0.40343,0.37484,4.842,-0.46749,1.2895
-0.228,0.80238,0.40375,0.37576,4.8517,-0.46182,1.2901
-0.2264,0.80224,0.40406,0.37667,4.8618,-0.46,1.2908
-0.22481,0.80211,0.40438,0.37758,4.8721,-0.46203,1.2915
-0.22321,0.80196,0.40469,0.37849,4.8828,-0.4679,1.2922
-0.22161,0.80182,0.405,0.3794,4.8938,-0.4776,1.2929
-0.22001,0.80167,0.40531,0.38031,4.9051,-0.49111,1.2937
-0.21841,0.80153,0.40562,0.38122,4.9167,-0.50838,1.2944
-0.21681,0.80137,0.40593,0.38212,4.9286,-0.52939,1.2952
-0.21521,0.80122,0.40623,0.38303,4.9409,-0.55407,1.2961
-0.2136,0.80106,0.40654,0.38393,4.9534,-0.58237,1.2969
-0.212,0.8009,0.40684,0.38483,4.9662,-0.61421,1.2977
-0.2104,0.80074,0.40714,0.38573,4.9794,-0.64951,1.2986
-0.20879,0.80057,0.40744,0.38663,4.9928,-0.68819,1.2995
-0.20719,0.8004,0.40774,0.38752,5.0065,-0.73014,1.3004
-0.20558,0.80023,0.40804,0.38842,5.0206,-0.77527,1.3014
-0.20397,0.80006,0.40834,0.38931,5.0349,-0.82347,1.3023
-0.20237,0.79988,0.40863,0.39021,5.0495,-0.8746,1.3033
-0.20076,0.7997,0.40892,0.3911,5.0645,-0.92854,1.3043
-0.19915,0.79952,0.40921,0.39199,5.0797,-0.98517,1.3053
-0.19754,0.79933,0.4095,0.39288,5.0952,-1.0443,1.3063
-0.19593,0.79914,0.40979,0.39377,5.111,-1.1059,1.3074
-0.19432,0.79895,0.41008,0.39465,5.1271,-1.1697,1.3085
-0.19271,0.79876,0.41037,0.39554,5.1435,-1.2355,1.3096
-0.19109,0.79856,0.41065,0.39642,5.1601,-1.3033,1.3107
-0.18948,0.79836,0.41093,0.3973,5.1771,-1.3728,1.3118
-0.18787,0.79816,0.41122,0.39818,5.1943,-1.4439,1.313
-0.18625,0.79795,0.4115,0.39906,5.2118,-1.5164,1.3141
-0.18464,0.79775,0.41177,0.39994,5.2296,-1.59,1.3153
-0.18302,0.79753,0.41205,0.40082,5.2477,-1.6647,1.3165
-0.18141,0.79732,0.41233,0.40169,5.266,-1.7403,1.3177
-0.17979,0.7971,0.4126,0.40257,5.2847,-1.8165,1.319
-0.17817,0.79689,0.41288,0.40344,5.3036,-1.8931,1.3202
-0.17655,0.79666,0.41315,0.40431,5.3227,-1.97,1.3215
-0.17493,0.79644,0.41342,0.40518,5.3421,-2.047,1.3228
-0.17332,0.79621,0.41369,0.40605,5.3618,-2.1239,1.3241
-0.17169,0.79598,0.41395,0.40691,5.3818,-2.2005,1.3255
-0.17007,0.79575,0.41422,0.40778,5.402,-2.2765,1.3268
-0.16845,0.79551,0.41448,0.40864,5.4225,-2.3519,1.3282
-0.16683,0.79527,0.41475,0.4095,5.4432,-2.4264,1.3295
-0.16521,0.79503,0.41501,0.41036,5.4642,-2.4998,1.3309
-0.16359,0.79479,0.41527,0.41122,5.4855,-2.572,1.3324
-0.16196,0.79454,0.41553,0.41208,5.507,-2.6427,1.3338
-0.16034,0.79429,0.41578,0.41294,5.5287,-2.7119,1.3352
-0.15871,0.79404,0.41604,0.41379,5.5507,-2.7792,1.3367
-0.15709,0.79378,0.41629,0.41465,5.5729,-2.8446,1.3382
-0.15546,0.79352,0.41655,0.4155,5.5954,-2.9079,1.3397
-0.15384,0.79326,0.4168,0.41635,5.6181,-2.969,1.3412
-0.15221,0.793,0.41705,0.4172,5.6411,-3.0276,1.3427
-0.15058,0.79273,0.41729,0.41805,5.6643,-3.0836,1.3443
-0.14895,0.79246,0.41754,0.41889,5.6877,-3.137,1.3458
-0.14733,0.79219,0.41779,0.41974,5.7114,-3.1875,1.3474
-0.1457,0.79192,0.41803,0.42058,5.7353,-3.235,1.349
-0.14407,0.79164,0.41827,0.42142,5.7594,-3.2794,1.3506
-0.14244,0.79136,0.41851,0.42226,5.7837,-3.3207,1.3522
-0.14081,0.79108,0.41875,0.4231,5.8083,-3.3586,1.3539
-0.13918,0.79079,0.41899,0.42394,5.833,-3.3931,1.3555
-0.13754,0.7905,0.41923,0.42478,5.858,-3.4242,1.3572
-0.13591,0.79021,0.41946,0.42561,5.8833,-3.4517,1.3589
-0.13428,0.78992,0.4197,0.42644,5.9087,-3.4756,1.3606
-0.13265,0.78962,0.41993,0.42728,5.9343,-3.4958,1.3623
-0.13101,0.78932,0.42016,0.42811,5.9601,-3.5122,1.364
-0.12938,0.78902,0.42039,0.42894,5.9862,-3.5249,1.3657
-0.12774,0.78871,0.42062,0.42976,6.0124,-3.5337,1.3675
-0.12611,0.7884,0.42084,0.43059,6.0389,-3.5388,1.3693
-0.12447,0.78809,0.42107,0.43141,6.0655,-3.5399,1.371
-0.12284,0.78778,0.42129,0.43223,6.0923,-3.5373,1.3728
-0.1212,0.78746,0.42151,0.43306,6.1194,-3.5307,1.3746
-0.11957,0.78715,0.42173,0.43387,6.1466,-3.5204,1.3764
-0.11793,0.78682,0.42195,0.43469,6.174,-3.5063,1.3783
-0.11629,0.7865,0.42217,0.43551,6.2016,-3.4883,1.3801
-0.11465,0.78617,0.42239,0.43632,6.2293,-3.4667,1.382
-0.11302,0.78584,0.4226,0.43714,6.2572,-3.4414,1.3838
-0.11138,0.78551,0.42281,0.43795,6.2854,-3.4125,1.3857
-0.10974,0.78517,0.42302,0.43876,6.3136,-3.3801,1.3876
-0.1081,0.78484,0.42323,0.43957,6.3421,-3.3442,1.3895
-0.10646,0.78449,0.42344,0.44038,6.3707,-3.305,1.3914
-0.10482,0.78415,0.42365,0.44118,6.3995,-3.2625,1.3933
-0.10318,0.7838,0.42386,0.44199,6.4284,-3.2168,1.3952
-0.10154,0.78345,0.42406,0.44279,6.4575,-3.1681,1.3972
-0.099898,0.7831,0.42426,0.44359,6.4868,-3.1165,1.3991
-0.098257,0.78275,0.42446,0.44439,6.5162,-3.0621,1.4011
-0.096615,0.78239,0.42466,0.44519,6.5457,-3.0051,1.403
-0.094973,0.78203,0.42486,0.44598,6.5754,-2.9455,1.405
-0.09333,0.78167,0.42506,0.44678,6.6052,-2.8835,1.407
-0.091687,0.7813,0.42525,0.44757,6.6352,-2.8194,1.409
-0.090044,0.78093,0.42545,0.44836,6.6653,-2.7532,1.411
-0.088401,0.78056,0.42564,0.44915,6.6956,-2.6851,1.413
-0.086757,0.78019,0.42583,0.44994,6.726,-2.6154,1.4151
-0.085113,0.77981,0.42602,0.45073,6.7565,-2.544,1.4171
-0.083469,0.77943,0.42621,0.45152,6.7871,-2.4713,1.4191
-0.081824,0.77905,0.42639,0.4523,6.8178,-2.3975,1.4212
-0.080179,0.77867,0.42658,0.45308,6.8487,-2.3226,1.4232
-0.078534,0.77828,0.42676,0.45386,6.8797,-2.247,1.4253
-0.076888,0.77789,0.42694,0.45464,6.9108,-2.1707,1.4274
-0.075243,0.77749,0.42712,0.45542,6.942,-2.094,1.4295
-0.073596,0.7771,0.4273,0.45619,6.9733,-2.017,1.4316
-0.07195,0.7767,0.42748,0.45697,7.0047,-1.94,1.4336
-0.070304,0.7763,0.42766,0.45774,7.0362,-1.8632,1.4357
-0.068657,0.7759,0.42783,0.45851,7.0678,-1.7867,1.4379
-0.06701,0.77549,0.428,0.45928,7.0995,-1.7108,1.44
-0.065363,0.77508,0.42817,0.46005,7.1313,-1.6355,1.4421
-0.063715,0.77467,0.42834,0.46082,7.1632,-1.5612,1.4442
-0.062067,0.77425,0.42851,0.46158,7.1952,-1.488,1.4463
-0.06042,0.77384,0.42868,0.46234,7.2272,-1.416,1.4485
-0.058771,0.77342,0.42884,0.46311,7.2593,-1.3455,1.4506
-0.057123,0.77299,0.42901,0.46387,7.2915,-1.2767,1.4528
-0.055475,0.77257,0.42917,0.46462,7.3238,-1.2096,1.4549
-0.053826,0.77214,0.42933,0.46538,7.3561,-1.1446,1.4571
-0.052177,0.77171,0.42949,0.46614,7.3885,-1.0816,1.4592
-0.050528,0.77127,0.42965,0.46689,7.421,-1.021,1.4614
-0.048879,0.77084,0.4298,0.46764,7.4535,-0.9628,1.4636
-0.047229,0.7704,0.42996,0.46839,7.4861,-0.9072,1.4657
-0.045579,0.76996,0.43011,0.46914,7.5187,-0.85434,1.4679
-0.04393,0.76951,0.43026,0.46989,7.5514,-0.80433,1.4701
-0.04228,0.76907,0.43041,0.47063,7.5841,-0.75732,1.4723
-0.04063,0.76862,0.43056,0.47137,7.6168,-0.71341,1.4745
-0.038979,0.76816,0.43071,0.47212,7.6496,-0.67272,1.4766
-0.037329,0.76771,0.43086,0.47286,7.6825,-0.63535,1.4788
-0.035679,0.76725,0.431,0.4736,7.7153,-0.60138,1.481
-0.034028,0.76679,0.43114,0.47433,7.7482,-0.57092,1.4832
-0.032377,0.76633,0.43128,0.47507,7.7811,-0.54402,1.4854
-0.030726,0.76586,0.43142,0.4758,7.8141,-0.52077,1.4876
-0.029075,0.76539,0.43156,0.47653,7.847,-0.50121,1.4898
-0.027424,0.76492,0.4317,0.47726,7.88,-0.48539,1.492
-0.025773,0.76445,0.43183,0.47799,7.913,-0.47337,1.4942
-0.024122,0.76397,0.43197,0.47872,7.946,-0.46516,1.4964
-0.022471,0.76349,0.4321,0.47944,7.979,-0.46078,1.4986
-0.020819,0.76301,0.43223,0.48017,8.012,-0.46025,1.5008
-0.019168,0.76252,0.43236,0.48089,8.045,-0.46357,1.503
-0.017516,0.76204,0.43249,0.48161,8.078,-0.47074,1.5052
-0.015865,0.76155,0.43261,0.48233,8.111,-0.48172,1.5074
-0.014213,0.76105,0.43274,0.48304,8.1439,-0.4965,1.5096
-0.012561,0.76056,0.43286,0.48376,8.1769,-0.51503,1.5118
-0.01091,0.76006,0.43298,0.48447,8.2098,-0.53728,1.514
-0.0092578,0.75956,0.4331,0.48518,8.2428,-0.56319,1.5162
-0.007606,0.75906,0.43322,0.48589,8.2757,-0.59268,1.5184
-0.0059541,0.75855,0.43334,0.4866,8.3085,-0.62569,1.5206
-0.0043022,0.75804,0.43345,0.48731,8.3414,-0.66214,1.5228
-0.0026504,0.75753,0.43357,0.48801,8.3742,-0.70193,1.5249
-0.00099847,0.75702,0.43368,0.48872,8.4069,-0.74497,1.5271
0.00065343,0.7565,0.43379,0.48942,8.4397,-0.79114,1.5293
0.0023053,0.75598,0.4339,0.49012,8.4723,-0.84034,1.5315
0.0039572,0.75546,0.43401,0.49082,8.505,-0.89243,1.5337
0.0056091,0.75494,0.43411,0.49151,8.5376,-0.94729,1.5358
0.0072609,0.75441,0.43422,0.49221,8.5701,-1.0048,1.538
0.0089128,0.75388,0.43432,0.4929,8.6026,-1.0648,1.5402
0.010565,0.75335,0.43442,0.49359,8.635,-1.1271,1.5423
0.012216,0.75281,0.43453,0.49428,8.6673,-1.1916,1.5445
0.013868,0.75227,0.43462,0.49497,8.6996,-1.2581,1.5466
0.01552,0.75173,0.43472,0.49566,8.7318,-1.3265,1.5488
0.017171,0.75119,0.43482,0.49634,8.764,-1.3965,1.5509
0.018823,0.75064,0.43491,0.49702,8.796,-1.4681,1.5531
0.020474,0.7501,0.435,0.4977,8.828,-1.541,1.5552
0.022126,0.74955,0.4351,0.49838,8.8599,-1.615,1.5573
0.023777,0.74899,0.43518,0.49906,8.8918,-1.6901,1.5595
0.025428,0.74844,0.43527,0.49973,8.9235,-1.7658,1.5616
0.02708,0.74788,0.43536,0.50041,8.9551,-1.8422,1.5637
0.028731,0.74732,0.43544,0.50108,8.9867,-1.919,1.5658
0.030382,0.74675,0.43553,0.50175,9.0181,-1.9959,1.5679
0.032032,0.74619,0.43561,0.50242,9.0494,-2.0729,1.57
0.033683,0.74562,0.43569,0.50309,9.0807,-2.1497,1.572
0.035334,0.74504,0.43577,0.50375,9.1118,-2.2261,1.5741
0.036984,0.74447,0.43585,0.50441,9.1428,-2.302,1.5762
0.038635,0.74389,0.43592,0.50508,9.1737,-2.377,1.5782
0.040285,0.74331,0.436,0.50574,9.2045,-2.4512,1.5803
0.041935,0.74273,0.43607,0.50639,9.2352,-2.5242,1.5823
0.043585,0.74215,0.43614,0.50705,9.2657,-2.5959,1.5844
0.045235,0.74156,0.43621,0.5077,9.2961,-2.6662,1.5864
0.046885,0.74097,0.43628,0.50836,9.3264,-2.7347,1.5884
0.048534,0.74038,0.43635,0.50901,9.3565,-2.8015,1.5904
0.050183,0.73978,0.43641,0.50966,9.3866,-2.8662,1.5924
0.051832,0.73918,0.43648,0.5103,9.4164,-2.9287,1.5944
0.053481,0.73858,0.43654,0.51095,9.4462,-2.989,1.5964
0.05513,0.73798,0.4366,0.51159,9.4758,-3.0467,1.5984
0.056779,0.73737,0.43666,0.51224,9.5052,-3.1019,1.6003
0.058427,0.73677,0.43672,0.51288,9.5345,-3.1543,1.6023
0.060075,0.73616,0.43677,0.51351,9.5636,-3.2038,1.6042
0.061723,0.73554,0.43683,0.51415,9.5926,-3.2503,1.6062
0.063371,0.73493,0.43688,0.51478,9.6214,-3.2937,1.6081
0.065019,0.73431,0.43693,0.51542,9.6501,-3.3338,1.61
0.066666,0.73369,0.43698,0.51605,9.6786,-3.3706,1.6119
0.068313,0.73306,0.43703,0.51668,9.7069,-3.404,1.6138
0.06996,0.73244,0.43708,0.51731,9.7351,-3.4339,1.6157
0.071606,0.73181,0.43712,0.51793,9.7631,-3.4601,1.6175
0.073253,0.73118,0.43717,0.51856,9.7909,-3.4828,1.6194
0.074899,0.73054,0.43721,0.51918,9.8185,-3.5017,1.6212
0.076545,0.72991,0.43725,0.5198,9.8459,-3.5169,1.6231
0.07819,0.72927,0.43729,0.52042,9.8732,-3.5283,1.6249
0.079835,0.72863,0.43733,0.52103,9.9003,-3.5358,1.6267
0.08148,0.72798,0.43736,0.52165,9.9272,-3.5396,1.6285
0.083125,0.72734,0.4374,0.52226,9.9538,-3.5395,1.6303
0.084769,0.72669,0.43743,0.52287,9.9803,-3.5355,1.632
0.086414,0.72604,0.43746,0.52348,10.007,-3.5277,1.6338
0.088057,0.72538,0.43749,0.52409,10.033,-3.5161,1.6355
0.089701,0.72473,0.43752,0.52469,10.059,-3.5006,1.6372
0.091344,0.72407,0.43755,0.5253,10.084,-3.4815,1.639
0.092987,0.7234,0.43757,0.5259,10.11,-3.4586,1.6407
0.09463,0.72274,0.4376,0.5265,10.135,-3.4321,1.6423
0.096272,0.72207,0.43762,0.5271,10.16,-3.402,1.644
0.097914,0.7214,0.43764,0.52769,10.185,-3.3684,1.6457
0.099555,0.72073,0.43766,0.52829,10.21,-3.3314,1.6473
0.1012,0.72006,0.43768,0.52888,10.234,-3.2911,1.6489
0.10284,0.71938,0.43769,0.52947,10.258,-3.2475,1.6505
0.10448,0.7187,0.43771,0.53006,10.282,-3.2008,1.6521
0.10612,0.71802,0.43772,0.53065,10.306,-3.1511,1.6537
0.10776,0.71733,0.43773,0.53123,10.329,-3.0985,1.6553
0.1094,0.71665,0.43774,0.53182,10.353,-3.0432,1.6568
0.11104,0.71596,0.43775,0.5324,10.376,-2.9853,1.6584
0.11267,0.71527,0.43776,0.53298,10.398,-2.9249,1.6599
0.11431,0.71457,0.43776,0.53356,10.421,-2.8622,1.6614
0.11595,0.71387,0.43777,0.53413,10.443,-2.7974,1.6629
0.11759,0.71318,0.43777,0.53471,10.465,-2.7305,1.6644
0.11922,0.71247,0.43777,0.53528,10.487,-2.6619,1.6658
0.12086,0.71177,0.43777,0.53585,10.509,-2.5915,1.6672
0.1225,0.71106,0.43777,0.53642,10.53,-2.5197,1.6687
0.12413,0.71035,0.43777,0.53698,10.551,-2.4466,1.6701
0.12577,0.70964,0.43776,0.53755,10.572,-2.3724,1.6715
0.1274,0.70893,0.43775,0.53811,10.592,-2.2973,1.6728
0.12904,0.70821,0.43775,0.53867,10.613,-2.2214,1.6742
0.13067,0.70749,0.43774,0.53923,10.633,-2.1449,1.6755
0.13231,0.70677,0.43772,0.53979,10.652,-2.0681,1.6768
0.13394,0.70604,0.43771,0.54035,10.672,-1.9911,1.6781
0.13557,0.70532,0.4377,0.5409,10.691,-1.9142,1.6794
0.1372,0.70459,0.43768,0.54145,10.71,-1.8374,1.6807
0.13883,0.70386,0.43766,0.542,10.729,-1.7611,1.6819
0.14047,0.70312,0.43764,0.54255,10.747,-1.6854,1.6832
0.1421,0.70238,0.43762,0.54309,10.765,-1.6104,1.6844
0.14373,0.70165,0.4376,0.54364,10.783,-1.5364,1.6856
0.14536,0.7009,0.43758,0.54418,10.801,-1.4636,1.6867
0.14698,0.70016,0.43755,0.54472,10.818,-1.3921,1.6879
0.14861,0.69941,0.43753,0.54526,10.835,-1.3222,1.689
0.15024,0.69866,0.4375,0.54579,10.852,-1.2539,1.6901
0.15187,0.69791,0.43747,0.54633,10.868,-1.1875,1.6912
0.1535,0.69716,0.43744,0.54686,10.885,-1.1231,1.6923
0.15512,0.6964,0.43741,0.54739,10.9,-1.061,1.6934
0.15675,0.69564,0.43737,0.54792,10.916,-1.0011,1.6944
0.15837,0.69488,0.43734,0.54845,10.931,-0.94381,1.6954
0.16,0.69412,0.4373,0.54897,10.946,-0.88911,1.6964
0.16162,0.69335,0.43726,0.54949,10.961,-0.8372,1.6974
0.16325,0.69258,0.43722,0.55002,10.976,-0.78818,1.6984
0.16487,0.69181,0.43718,0.55053,10.99,-0.7422,1.6993
0.16649,0.69104,0.43713,0.55105,11.003,-0.69937,1.7002
0.16811,0.69026,0.43709,0.55157,11.017,-0.65978,1.7011
0.16974,0.68949,0.43704,0.55208,11.03,-0.62354,1.702
0.17136,0.68871,0.43699,0.55259,11.043,-0.59074,1.7029
0.17298,0.68792,0.43694,0.5531,11.056,-0.56147,1.7037
0.1746,0.68714,0.43689,0.55361,11.068,-0.53579,1.7045
0.17622,0.68635,0.43684,0.55411,11.08,-0.51377,1.7053
0.17783,0.68556,0.43679,0.55462,11.092,-0.49547,1.7061
0.17945,0.68477,0.43673,0.55512,11.103,-0.48093,1.7069
0.18107,0.68397,0.43667,0.55562,11.114,-0.47018,1.7076
0.18268,0.68317,0.43661,0.55612,11.125,-0.46326,1.7083
0.1843,0.68237,0.43655,0.55661,11.135,-0.46017,1.709
0.18592,0.68157,0.43649,0.55711,11.146,-0.46094,1.7097
0.18753,0.68077,0.43643,0.5576,11.155,-0.46555,1.7104
0.18914,0.67996,0.43636,0.55809,11.165,-0.474,1.711
0.19076,0.67915,0.4363,0.55858,11.174,-0.48627,1.7116
0.19237,0.67834,0.43623,0.55906,11.183,-0.50231,1.7122
0.19398,0.67753,0.43616,0.55955,11.191,-0.5221,1.7128
0.19559,0.67671,0.43609,0.56003,11.2,-0.54559,1.7133
0.1972,0.67589,0.43602,0.56051,11.208,-0.57271,1.7138
0.19881,0.67507,0.43594,0.56099,11.215,-0.6034,1.7143
0.20042,0.67425,0.43587,0.56146,11.222,-0.63757,1.7148
0.20203,0.67342,0.43579,0.56194,11.229,-0.67516,1.7153
0.20364,0.67259,0.43571,0.56241,11.236,-0.71605,1.7157
0.20525,0.67176,0.43563,0.56288,11.242,-0.76015,1.7162
0.20685,0.67093,0.43555,0.56335,11.248,-0.80736,1.7166
0.20846,0.67009,0.43547,0.56382,11.254,-0.85754,1.7169
0.21006,0.66926,0.43538,0.56428,11.259,-0.91058,1.7173
0.21167,0.66842,0.4353,0.56474,11.264,-0.96634,1.7176
0.21327,0.66757,0.43521,0.5652,11.269,-1.0247,1.7179
0.21487,0.66673,0.43512,0.56566,11.273,-1.0855,1.7182
0.21647,0.66588,0.43503,0.56612,11.277,-1.1485,1.7185
0.21808,0.66503,0.43494,0.56657,11.281,-1.2137,1.7187
0.21968,0.66418,0.43484,0.56703,11.284,-1.2809,1.719
0.22128,0.66333,0.43475,0.56748,11.287,-1.3499,1.7192
0.22287,0.66247,0.43465,0.56792,11.29,-1.4204,1.7193
0.22447,0.66161,0.43455,0.56837,11.293,-1.4925,1.7195
0.22607,0.66075,0.43445,0.56882,11.295,-1.5658,1.7196
0.22767,0.65989,0.43435,0.56926,11.296,-1.6402,1.7198
0.22926,0.65902,0.43425,0.5697,11.298,-1.7155,1.7198
0.23086,0.65815,0.43414,0.57014,11.299,-1.7915,1.7199
0.23245,0.65728,0.43404,0.57057,11.3,-1.868,1.72
0.23404,0.65641,0.43393,0.57101,11.3,-1.9448,1.72
0.23564,0.65554,0.43382,0.57144,11.3,-2.0218,1.72
0.23723,0.65466,0.43371,0.57187,11.3,-2.0987,1.72
0.23882,0.65378,0.4336,0.5723,11.299,-2.1754,1.7199
0.24041,0.6529,0.43348,0.57273,11.298,-2.2517,1.7199
0.242,0.65202,0.43337,0.57315,11.297,-2.3273,1.7198
0.24359,0.65113,0.43325,0.57358,11.295,-2.4021,1.7197
0.24517,0.65024,0.43313,0.574,11.293,-2.4759,1.7196
0.24676,0.64935,0.43301,0.57441,11.291,-2.5485,1.7194
0.24835,0.64846,0.43289,0.57483,11.289,-2.6197,1.7192
0.24993,0.64756,0.43277,0.57525,11.286,-2.6894,1.7191
0.25151,0.64666,0.43265,0.57566,11.283,-2.7574,1.7188
0.2531,0.64576,0.43252,0.57607,11.279,-2.8235,1.7186
0.25468,0.64486,0.43239,0.57648,11.275,-2.8875,1.7183
0.25626,0.64396,0.43227,0.57688,11.271,-2.9493,1.7181
0.25784,0.64305,0.43214,0.57729,11.266,-3.0087,1.7178
0.25942,0.64214,0.432,0.57769,11.262,-3.0656,1.7174
0.261,0.64123,0.43187,0.57809,11.256,-3.1198,1.7171
0.26258,0.64032,0.43174,0.57849,11.251,-3.1713,1.7167
0.26415,0.6394,0.4316,0.57889,11.245,-3.2198,1.7163
0.26573,0.63849,0.43146,0.57928,11.239,-3.2652,1.7159
0.2673,0.63757,0.43132,0.57967,11.232,-3.3075,1.7155
0.26888,0.63664,0.43118,0.58006,11.226,-3.3466,1.715
0.27045,0.63572,0.43104,0.58045,11.218,-3.3822,1.7146
0.27202,0.63479,0.43089,0.58084,11.211,-3.4144,1.7141
0.27359,0.63386,0.43075,0.58122,11.203,-3.4431,1.7135
0.27516,0.63293,0.4306,0.5816,11.195,-3.4682,1.713
0.27673,0.632,0.43045,0.58198,11.187,-3.4896,1.7124
0.2783,0.63106,0.4303,0.58236,11.178,-3.5072,1.7119
0.27987,0.63012,0.43015,0.58274,11.169,-3.5211,1.7113
0.28143,0.62918,0.43,0.58311,11.16,-3.5313,1.7106
0.283,0.62824,0.42985,0.58349,11.15,-3.5375,1.71
0.28456,0.6273,0.42969,0.58386,11.14,-3.54,1.7093
0.28613,0.62635,0.42953,0.58422,11.13,-3.5386,1.7086
0.28769,0.6254,0.42937,0.58459,11.119,-3.5333,1.7079
0.28925,0.62445,0.42921,0.58495,11.108,-3.5242,1.7072
0.29081,0.6235,0.42905,0.58531,11.097,-3.5113,1.7064
0.29237,0.62254,0.42889,0.58567,11.085,-3.4946,1.7057
0.29393,0.62159,0.42872,0.58603,11.073,-3.4742,1.7049
0.29549,0.62063,0.42856,0.58639,11.061,-3.4501,1.7041
0.29704,0.61966,0.42839,0.58674,11.049,-3.4224,1.7032
0.2986,0.6187,0.42822,0.58709,11.036,-3.3911,1.7024
0.30015,0.61773,0.42805,0.58744,11.023,-3.3563,1.7015
0.3017,0.61677,0.42788,0.58779,11.009,-3.3182,1.7006
0.30326,0.6158,0.4277,0.58814,10.996,-3.2768,1.6997
0.30481,0.61482,0.42753,0.58848,10.982,-3.2321,1.6988
0.30636,0.61385,0.42735,0.58882,10.967,-3.1844,1.6978
0.30791,0.61287,0.42717,0.58916,10.953,-3.1337,1.6969
0.30945,0.61189,0.42699,0.5895,10.938,-3.0802,1.6959
0.311,0.61091,0.42681,0.58983,10.923,-3.024,1.6949
0.31255,0.60993,0.42663,0.59016,10.907,-2.9653,1.6938
0.31409,0.60894,0.42644,0.5905,10.892,-2.9041,1.6928
0.31563,0.60795,0.42626,0.59082,10.875,-2.8406,1.6917
0.31717,0.60696,0.42607,0.59115,10.859,-2.7751,1.6906
0.31872,0.60597,0.42588,0.59148,10.843,-2.7076,1.6895
0.32026,0.60498,0.42569,0.5918,10.826,-2.6384,1.6884
0.32179,0.60398,0.4255,0.59212,10.808,-2.5675,1.6872
0.32333,0.60298,0.42531,0.59244,10.791,-2.4953,1.6861
0.32487,0.60198,0.42511,0.59275,10.773,-2.4218,1.6849
0.3264,0.60098,0.42491,0.59307,10.755,-2.3472,1.6837
0.32794,0.59998,0.42472,0.59338,10.737,-2.2718,1.6825
0.32947,0.59897,0.42452,0.59369,10.718,-2.1957,1.6812
0.331,0.59796,0.42432,0.594,10.699,-2.1191,1.68
0.33253,0.59695,0.42411,0.59431,10.68,-2.0422,1.6787
0.33406,0.59594,0.42391,0.59461,10.661,-1.9652,1.6774
0.33559,0.59492,0.42371,0.59491,10.641,-1.8883,1.6761
0.33712,0.5939,0.4235,0.59521,10.621,-1.8117,1.6748
0.33865,0.59288,0.42329,0.59551,10.601,-1.7356,1.6734
0.34017,0.59186,0.42308,0.5958,10.581,-1.6601,1.6721
0.3417,0.59084,0.42287,0.5961,10.56,-1.5854,1.6707
0.34322,0.58981,0.42266,0.59639,10.539,-1.5118,1.6693
0.34474,0.58879,0.42244,0.59668,10.518,-1.4394,1.6679
0.34626,0.58776,0.42223,0.59697,10.496,-1.3684,1.6664
0.34778,0.58673,0.42201,0.59725,10.475,-1.299,1.665
0.3493,0.58569,0.42179,0.59753,10.453,-1.2314,1.6635
0.35081,0.58466,0.42157,0.59782,10.431,-1.1656,1.662
0.35233,0.58362,0.42135,0.59809,10.408,-1.102,1.6605
0.35384,0.58258,0.42113,0.59837,10.386,-1.0406,1.659
0.35536,0.58154,0.4209,0.59865,10.363,-0.98157,1.6575
0.35687,0.58049,0.42068,0.59892,10.339,-0.92511,1.656
0.35838,0.57945,0.42045,0.59919,10.316,-0.87134,1.6544
0.35989,0.5784,0.42022,0.59946,10.292,-0.82038,1.6528
0.36139,0.57735,0.41999,0.59972,10.269,-0.77238,1.6512
0.3629,0.5763,0.41976,0.59999,10.244,-0.72744,1.6496
0.36441,0.57524,0.41953,0.60025,10.22,-0.68568,1.648
0.36591,0.57419,0.41929,0.60051,10.196,-0.64721,1.6464
0.36741,0.57313,0.41905,0.60077,10.171,-0.61212,1.6447
0.36891,0.57207,0.41882,0.60102,10.146,-0.5805,1.6431
0.37041,0.57101,0.41858,0.60128,10.121,-0.55243,1.6414
0.37191,0.56994,0.41834,0.60153,10.095,-0.52798,1.6397
0.37341,0.56888,0.4181,0.60178,10.07,-0.5072,1.638
0.37491,0.56781,0.41785,0.60203,10.044,-0.49016,1.6363
0.3764,0.56674,0.41761,0.60227,10.018,-0.47689,1.6345
0.3779,0.56567,0.41736,0.60252,9.9918,-0.46742,1.6328
0.37939,0.56459,0.41711,0.60276,9.9653,-0.46179,1.631
0.38088,0.56352,0.41686,0.603,9.9387,-0.46,1.6292
0.38237,0.56244,0.41661,0.60323,9.9119,-0.46206,1.6275
0.38386,0.56136,0.41636,0.60347,9.8849,-0.46797,1.6257
0.38534,0.56028,0.41611,0.6037,9.8578,-0.4777,1.6239
0.38683,0.55919,0.41585,0.60393,9.8304,-0.49124,1.622
0.38831,0.55811,0.41559,0.60416,9.8029,-0.50855,1.6202
0.3898,0.55702,0.41534,0.60439,9.7751,-0.52959,1.6183
0.39128,0.55593,0.41508,0.60461,9.7472,-0.55431,1.6165
0.39276,0.55484,0.41482,0.60483,9.7191,-0.58263,1.6146
0.39424,0.55375,0.41455,0.60505,9.6909,-0.6145,1.6127
0.39571,0.55265,0.41429,0.60527,9.6625,-0.64984,1.6108
0.39719,0.55155,0.41402,0.60549,9.6339,-0.68854,1.6089
0.39867,0.55045,0.41376,0.6057,9.6051,-0.73053,1.607
0.40014,0.54935,0.41349,0.60591,9.5762,-0.77569,1.6051
0.40161,0.54825,0.41322,0.60612,9.5471,-0.82391,1.6031
0.40308,0.54714,0.41295,0.60633,9.5179,-0.87507,1.6012
0.40455,0.54604,0.41268,0.60653,9.4885,-0.92904,1.5992
0.40602,0.54493,0.4124,0.60674,9.459,-0.98568,1.5973
0.40748,0.54382,0.41213,0.60694,9.4293,-1.0449,1.5953
0.40895,0.5427,0.41185,0.60714,9.3995,-1.1064,1.5933
0.41041,0.54159,0.41157,0.60733,9.3696,-1.1702,1.5913
0.41187,0.54047,0.41129,0.60753,9.3395,-1.2361,1.5893
0.41333,0.53935,0.41101,0.60772,9.3092,-1.3039,1.5873
0.41479,0.53823,0.41073,0.60791,9.2789,-1.3734,1.5853
0.41625,0.53711,0.41044,0.6081,9.2484,-1.4445,1.5832
0.41771,0.53599,0.41016,0.60828,9.2178,-1.517,1.5812
0.41916,0.53486,0.40987,0.60847,9.1871,-1.5907,1.5791
0.42061,0.53373,0.40958,0.60865,9.1562,-1.6654,1.5771
0.42207,0.5326,0.40929,0.60883,9.1252,-1.7409,1.575
0.42352,0.53147,0.409,0.60901,9.0942,-1.8171,1.5729
0.42496,0.53034,0.40871,0.60918,9.063,-1.8938,1.5709
0.42641,0.5292,0.40841,0.60936,9.0317,-1.9707,1.5688
0.42786,0.52807,0.40812,0.60953,9.0003,-2.0477,1.5667
0.4293,0.52693,0.40782,0.6097,8.9688,-2.1246,1.5646
0.43074,0.52579,0.40752,0.60986,8.9372,-2.2011,1.5625
0.43219,0.52464,0.40722,0.61003,8.9055,-2.2772,1.5604
0.43363,0.5235,0.40692,0.61019,8.8737,-2.3526,1.5582
0.43506,0.52235,0.40662,0.61035,8.8419,-2.427,1.5561
0.4365,0.5212,0.40632,0.61051,8.8099,-2.5005,1.554
0.43794,0.52005,0.40601,0.61066,8.7779,-2.5726,1.5519
0.43937,0.5189,0.4057,0.61082,8.7458,-2.6434,1.5497
0.4408,0.51775,0.40539,0.61097,8.7136,-2.7125,1.5476
0.44223,0.51659,0.40508,0.61112,8.6813,-2.7798,1.5454
0.44366,0.51544,0.40477,0.61127,8.649,-2.8452,1.5433
0.44509,0.51428,0.40446,0.61141,8.6166,-2.9085,1.5411
0.44651,0.51312,0.40415,0.61156,8.5842,-2.9695,1.5389
0.44794,0.51195,0.40383,0.6117,8.5517,-3.0281,1.5368
0.44936,0.51079,0.40351,0.61184,8.5191,-3.0841,1.5346
0.45078,0.50962,0.4032,0.61197,8.4865,-3.1374,1.5324
0.4522,0.50845,0.40288,0.61211,8.4538,-3.1879,1.5303
0.45362,0.50729,0.40256,0.61224,8.4211,-3.2354,1.5281
0.45504,0.50611,0.40223,0.61237,8.3884,-3.2798,1.5259
0.45645,0.50494,0.40191,0.6125,8.3556,-3.321,1.5237
0.45787,0.50377,0.40158,0.61263,8.3228,-3.3589,1.5215
0.45928,0.50259,0.40126,0.61275,8.2899,-3.3934,1.5193
0.46069,0.50141,0.40093,0.61287,8.257,-3.4245,1.5171
0.4621,0.50023,0.4006,0.61299,8.2241,-3.4519,1.5149
0.4635,0.49905,0.40027,0.61311,8.1912,-3.4758,1.5127
0.46491,0.49786,0.39994,0.61323,8.1582,-3.4959,1.5105
0.46631,0.49668,0.3996,0.61334,8.1252,-3.5123,1.5083
0.46771,0.49549,0.39927,0.61345,8.0923,-3.525,1.5062
0.46911,0.4943,0.39893,0.61356,8.0593,-3.5338,1.504
0.47051,0.49311,0.39859,0.61367,8.0263,-3.5388,1.5018
0.47191,0.49192,0.39825,0.61377,7.9933,-3.5399,1.4996
0.4733,0.49072,0.39791,0.61387,7.9603,-3.5372,1.4974
0.4747,0.48953,0.39757,0.61397,7.9273,-3.5307,1.4952
0.47609,0.48833,0.39723,0.61407,7.8943,-3.5203,1.493
0.47748,0.48713,0.39688,0.61417,7.8613,-3.5061,1.4908
0.47887,0.48593,0.39654,0.61426,7.8284,-3.4882,1.4886
0.48026,0.48473,0.39619,0.61435,7.7954,-3.4665,1.4864
0.48164,0.48352,0.39584,0.61444,7.7625,-3.4412,1.4842
0.48302,0.48232,0.39549,0.61453,7.7296,-3.4123,1.482
0.48441,0.48111,0.39514,0.61462,7.6967,-3.3798,1.4798
0.48579,0.4799,0.39478,0.6147,7.6639,-3.3439,1.4776
0.48717,0.47869,0.39443,0.61478,7.6311,-3.3046,1.4754
0.48854,0.47747,0.39407,0.61486,7.5983,-3.2621,1.4732
0.48992,0.47626,0.39371,0.61494,7.5655,-3.2164,1.471
0.49129,0.47504,0.39336,0.61501,7.5329,-3.1677,1.4689
0.49266,0.47382,0.393,0.61508,7.5002,-3.1161,1.4667
0.49403,0.4726,0.39263,0.61515,7.4676,-3.0616,1.4645
0.4954,0.47138,0.39227,0.61522,7.4351,-3.0045,1.4623
0.49677,0.47016,0.39191,0.61529,7.4026,-2.9449,1.4602
0.49813,0.46894,0.39154,0.61535,7.3702,-2.883,1.458
0.4995,0.46771,0.39117,0.61541,7.3378,-2.8188,1.4559
0.50086,0.46648,0.39081,0.61547,7.3055,-2.7526,1.4537
0.50222,0.46525,0.39044,0.61553,7.2733,-2.6845,1.4516
0.50357,0.46402,0.39007,0.61559,7.2411,-2.6147,1.4494
0.50493,0.46279,0.38969,0.61564,7.2091,-2.5434,1.4473
0.50628,0.46155,0.38932,0.61569,7.1771,-2.4707,1.4451
0.50764,0.46032,0.38894,0.61574,7.1451,-2.3968,1.443
0.50899,0.45908,0.38857,0.61579,7.1133,-2.322,1.4409
0.51034,0.45784,0.38819,0.61583,7.0816,-2.2463,1.4388
0.51168,0.4566,0.38781,0.61587,7.0499,-2.17,1.4367
0.51303,0.45536,0.38743,0.61591,7.0184,-2.0933,1.4346
0.51437,0.45411,0.38705,0.61595,6.9869,-2.0163,1.4325
0.51571,0.45287,0.38666,0.61599,6.9556,-1.9394,1.4304
0.51705,0.45162,0.38628,0.61602,6.9243,-1.8625,1.4283
0.51839,0.45037,0.38589,0.61605,6.8932,-1.786,1.4262
0.51973,0.44912,0.38551,0.61608,6.8621,-1.7101,1.4241
0.52106,0.44787,0.38512,0.61611,6.8312,-1.6349,1.4221
0.5224,0.44662,0.38473,0.61613,6.8004,-1.5605,1.42
0.52373,0.44536,0.38434,0.61616,6.7697,-1.4873,1.418
0.52506,0.44411,0.38394,0.61618,6.7392,-1.4154,1.4159
0.52638,0.44285,0.38355,0.6162,6.7087,-1.3449,1.4139
0.52771,0.44159,0.38315,0.61621,6.6784,-1.2761,1.4119
0.52903,0.44033,0.38276,0.61623,6.6483,-1.209,1.4099
0.53035,0.43906,0.38236,0.61624,6.6182,-1.144,1.4079
0.53167,0.4378,0.38196,0.61625,6.5883,-1.0811,1.4059
0.53299,0.43653,0.38156,0.61626,6.5586,-1.0205,1.4039
0.53431,0.43527,0.38116,0.61626,6.529,-0.96229,1.4019
0.53562,0.434,0.38075,0.61627,6.4995,-0.90672,1.4
0.53693,0.43273,0.38035,0.61627,6.4702,-0.85388,1.398
0.53824,0.43146,0.37994,0.61627,6.441,-0.8039,1.3961
0.53955,0.43018,0.37953,0.61626,6.412,-0.75692,1.3941
0.54086,0.42891,0.37913,0.61626,6.3832,-0.71304,1.3922
0.54216,0.42763,0.37871,0.61625,6.3545,-0.67238,1.3903
0.54347,0.42635,0.3783,0.61624,6.3259,-0.63503,1.3884
0.54477,0.42507,0.37789,0.61623,6.2976,-0.6011,1.3865
0.54607,0.42379,0.37748,0.61622,6.2694,-0.57066,1.3846
0.54736,0.42251,0.37706,0.6162,6.2414,-0.5438,1.3828
0.54866,0.42123,0.37664,0.61618,6.2136,-0.52058,1.3809
0.54995,0.41994,0.37623,0.61616,6.1859,-0.50105,1.3791
0.55124,0.41865,0.37581,0.61614,6.1584,-0.48527,1.3772
0.55253,0.41737,0.37539,0.61611,6.1311,-0.47328,1.3754
0.55382,0.41608,0.37496,0.61609,6.104,-0.4651,1.3736
0.55511,0.41478,0.37454,0.61606,6.0771,-0.46076,1.3718
0.55639,0.41349,0.37412,0.61603,6.0504,-0.46027,1.37
0.55767,0.4122,0.37369,0.616,6.0239,-0.46362,1.3683
0.55895,0.4109,0.37326,0.61596,5.9975,-0.47082,1.3665
0.56023,0.40961,0.37283,0.61592,5.9714,-0.48183,1.3648
0.56151,0.40831,0.3724,0.61588,5.9455,-0.49665,1.363
0.56278,0.40701,0.37197,0.61584,5.9198,-0.51522,1.3613
0.56405,0.40571,0.37154,0.6158,5.8942,-0.5375,1.3596
0.56532,0.4044,0.37111,0.61575,5.8689,-0.56343,1.3579
0.56659,0.4031,0.37067,0.6157,5.8439,-0.59296,1.3563
0.56786,0.40179,0.37024,0.61565,5.819,-0.626,1.3546
0.56912,0.40049,0.3698,0.6156,5.7943,-0.66248,1.353
0.57038,0.39918,0.36936,0.61555,5.7699,-0.7023,1.3513
0.57164,0.39787,0.36892,0.61549,5.7457,-0.74537,1.3497
0.5729,0.39656,0.36848,0.61543,5.7217,-0.79157,1.3481
0.57416,0.39525,0.36803,0.61537,5.6979,-0.84079,1.3465
0.57541,0.39393,0.36759,0.6153,5.6744,-0.89291,1.345
0.57666,0.39262,0.36714,0.61524,5.6511,-0.94779,1.3434
0.57791,0.3913,0.3667,0.61517,5.628,-1.0053,1.3419
0.57916,0.38998,0.36625,0.6151,5.6052,-1.0653,1.3403
0.5804,0.38866,0.3658,0.61503,5.5826,-1.1276,1.3388
0.58165,0.38734,0.36535,0.61496,5.5603,-1.1922,1.3374
0.58289,0.38602,0.3649,0.61488,5.5382,-1.2587,1.3359
0.58413,0.3847,0.36445,0.6148,5.5163,-1.3271,1.3344
0.58537,0.38337,0.36399,0.61472,5.4947,-1.3972,1.333
0.5866,0.38204,0.36354,0.61464,5.4734,-1.4687,1.3316
0.58784,0.38072,0.36308,0.61455,5.4523,-1.5417,1.3302
0.58907,0.37939,0.36262,0.61447,5.4314,-1.6157,1.3288
0.5903,0.37806,0.36216,0.61438,5.4108,-1.6907,1.3274
0.59153,0.37673,0.3617,0.61429,5.3905,-1.7665,1.326
0.59275,0.37539,0.36124,0.61419,5.3704,-1.8429,1.3247
0.59397,0.37406,0.36077,0.6141,5.3506,-1.9196,1.3234
0.5952,0.37272,0.36031,0.614,5.3311,-1.9966,1.3221
0.59642,0.37139,0.35984,0.6139,5.3118,-2.0736,1.3208
0.59763,0.37005,0.35938,0.6138,5.2928,-2.1504,1.3195
0.59885,0.36871,0.35891,0.61369,5.2741,-2.2268,1.3183
0.60006,0.36737,0.35844,0.61359,5.2556,-2.3026,1.317
0.60127,0.36603,0.35797,0.61348,5.2374,-2.3777,1.3158
0.60248,0.36469,0.3575,0.61337,5.2195,-2.4519,1.3146
0.60369,0.36334,0.35702,0.61325,5.2019,-2.5249,1.3135
0.60489,0.362,0.35655,0.61314,5.1845,-2.5966,1.3123
0.60609,0.36065,0.35607,0.61302,5.1675,-2.6668,1.3112
0.60729,0.3593,0.3556,0.6129,5.1507,-2.7353,1.31
0.60849,0.35795,0.35512,0.61278,5.1342,-2.802,1.3089
0.60969,0.3566,0.35464,0.61266,5.1179,-2.8667,1.3079
0.61088,0.35525,0.35416,0.61253,5.102,-2.9293,1.3068
0.61207,0.35389,0.35368,0.6124,5.0864,-2.9895,1.3058
0.61326,0.35254,0.35319,0.61228,5.071,-3.0472,1.3047
0.61445,0.35118,0.35271,0.61214,5.056,-3.1024,1.3037
0.61563,0.34983,0.35222,0.61201,5.0412,-3.1547,1.3027
0.61682,0.34847,0.35173,0.61187,5.0267,-3.2042,1.3018
0.618,0.34711,0.35125,0.61173,5.0126,-3.2507,1.3008
0.61918,0.34575,0.35076,0.61159,4.9987,-3.294,1.2999
0.62035,0.34439,0.35027,0.61145,4.9851,-3.3341,1.299
0.62153,0.34302,0.34977,0.61131,4.9719,-3.3709,1.2981
0.6227,0.34166,0.34928,0.61116,4.9589,-3.4043,1.2973
0.62387,0.34029,0.34879,0.61101,4.9462,-3.4341,1.2964
0.62504,0.33893,0.34829,0.61086,4.9339,-3.4604,1.2956
0.6262,0.33756,0.34779,0.6107,4.9218,-3.483,1.2948
0.62737,0.33619,0.3473,0.61055,4.9101,-3.5019,1.294
0.62853,0.33482,0.3468,0.61039,4.8987,-3.517,1.2932
0.62969,0.33345,0.3463,0.61023,4.8875,-3.5284,1.2925
0.63085,0.33208,0.3458,0.61007,4.8767,-3.5359,1.2918
0.632,0.3307,0.34529,0.6099,4.8662,-3.5396,1.2911
0.63315,0.32933,0.34479,0.60974,4.8561,-3.5394,1.2904
0.6343,0.32795,0.34428,0.60957,4.8462,-3.5354,1.2897
0.63545,0.32658,0.34378,0.6094,4.8366,-3.5276,1.2891
0.6366,0.3252,0.34327,0.60923,4.8274,-3.5159,1.2885
0.63774,0.32382,0.34276,0.60905,4.8185,-3.5005,1.2879
0.63888,0.32244,0.34225,0.60888,4.8099,-3.4813,1.2873
0.64002,0.32106,0.34174,0.6087,4.8016,-3.4584,1.2868
0.64116,0.31967,0.34123,0.60851,4.7936,-3.4319,1.2862
0.64229,0.31829,0.34071,0.60833,4.786,-3.4017,1.2857
0.64342,0.3169,0.3402,0.60815,4.7786,-3.3681,1.2852
0.64455,0.31552,0.33968,0.60796,4.7716,-3.3311,1.2848
0.64568,0.31413,0.33916,0.60777,4.765,-3.2907,1.2843
0.64681,0.31274,0.33865,0.60758,4.7586,-3.2471,1.2839
0.64793,0.31135,0.33813,0.60738,4.7526,-3.2004,1.2835
0.64905,0.30996,0.33761,0.60719,4.7469,-3.1506,1.2831
0.65017,0.30857,0.33708,0.60699,4.7415,-3.0981,1.2828
0.65129,0.30718,0.33656,0.60679,4.7364,-3.0427,1.2824
0.6524,0.30579,0.33604,0.60659,4.7317,-2.9848,1.2821
0.65351,0.30439,0.33551,0.60638,4.7273,-2.9244,1.2818
0.65462,0.30299,0.33498,0.60617,4.7232,-2.8616,1.2815
0.65573,0.3016,0.33446,0.60597,4.7195,-2.7968,1.2813
0.65684,0.3002,0.33393,0.60575,4.7161,-2.7299,1.2811
0.65794,0.2988,0.3334,0.60554,4.713,-2.6612,1.2809
0.65904,0.2974,0.33287,0.60533,4.7102,-2.5909,1.2807
0.66014,0.296,0.33233,0.60511,4.7078,-2.5191,1.2805
0.66123,0.2946,0.3318,0.60489,4.7057,-2.446,1.2804
0.66233,0.29319,0.33126,0.60467,4.7039,-2.3717,1.2803
0.66342,0.29179,0.33073,0.60444,4.7025,-2.2966,1.2802
0.66451,0.29038,0.33019,0.60422,4.7014,-2.2207,1.2801
0.66559,0.28898,0.32965,0.60399,4.7006,-2.1442,1.28
0.66668,0.28757,0.32911,0.60376,4.7001,-2.0674,1.28
0.66776,0.28616,0.32857,0.60353,4.7,-1.9904,1.28
0.66884,0.28475,0.32803,0.60329,4.7002,-1.9135,1.28
0.66992,0.28334,0.32749,0.60306,4.7007,-1.8368,1.28
0.67099,0.28193,0.32694,0.60282,4.7016,-1.7604,1.2801
0.67207,0.28052,0.3264,0.60258,4.7028,-1.6847,1.2802
0.67314,0.27911,0.32585,0.60234,4.7043,-1.6098,1.2803
0.6742,0.27769,0.32531,0.60209,4.7062,-1.5358,1.2804
0.67527,0.27628,0.32476,0.60184,4.7084,-1.463,1.2806
0.67633,0.27486,0.32421,0.60159,4.7109,-1.3915,1.2807
0.67739,0.27344,0.32366,0.60134,4.7137,-1.3216,1.2809
0.67845,0.27203,0.3231,0.60109,4.7169,-1.2533,1.2811
0.67951,0.27061,0.32255,0.60083,4.7204,-1.1869,1.2814
0.68056,0.26919,0.322,0.60058,4.7242,-1.1226,1.2816
0.68161,0.26777,0.32144,0.60032,4.7284,-1.0604,1.2819
0.68266,0.26634,0.32088,0.60006,4.7329,-1.0006,1.2822
0.68371,0.26492,0.32033,0.59979,4.7377,-0.94331,1.2825
0.68475,0.2635,0.31977,0.59953,4.7428,-0.88864,1.2829
0.68579,0.26207,0.31921,0.59926,4.7483,-0.83675,1.2832
0.68683,0.26065,0.31865,0.59899,4.7541,-0.78776,1.2836
0.68787,0.25922,0.31809,0.59872,4.7602,-0.74181,1.284
0.6889,0.25779,0.31752,0.59844,4.7666,-0.699,1.2844
0.68994,0.25637,0.31696,0.59817,4.7734,-0.65944,1.2849
0.69097,0.25494,0.31639,0.59789,4.7804,-0.62323,1.2854
0.69199,0.25351,0.31583,0.59761,4.7878,-0.59047,1.2859
0.69302,0.25208,0.31526,0.59732,4.7956,-0.56123,1.2864
0.69404,0.25064,0.31469,0.59704,4.8036,-0.53558,1.2869
0.69506,0.24921,0.31412,0.59675,4.812,-0.51359,1.2875
0.69608,0.24778,0.31355,0.59646,4.8207,-0.49532,1.288
0.69709,0.24634,0.31298,0.59617,4.8297,-0.48081,1.2886
0.69811,0.24491,0.3124,0.59588,4.839,-0.4701,1.2893
0.69912,0.24347,0.31183,0.59558,4.8486,-0.46321,1.2899
0.70012,0.24203,0.31125,0.59529,4.8586,-0.46016,1.2906
0.70113,0.2406,0.31068,0.59499,4.8688,-0.46097,1.2913
0.70213,0.23916,0.3101,0.59469,4.8794,-0.46561,1.292
0.70313,0.23772,0.30952,0.59438,4.8903,-0.4741,1.2927
0.70413,0.23628,0.30894,0.59408,4.9015,-0.48639,1.2934
0.70513,0.23484,0.30836,0.59377,4.913,-0.50247,1.2942
0.70612,0.2334,0.30778,0.59346,4.9248,-0.5223,1.295
0.70711,0.23195,0.3072,0.59315,4.9369,-0.54581,1.2958
0.7081,0.23051,0.30661,0.59284,4.9494,-0.57297,1.2966
0.70908,0.22906,0.30603,0.59252,4.9621,-0.60368,1.2975
0.71007,0.22762,0.30544,0.5922,4.9751,-0.63789,1.2983
0.71105,0.22617,0.30485,0.59188,4.9885,-0.6755,1.2992
0.71202,0.22473,0.30426,0.59156,5.0021,-0.71643,1.3001
0.713,0.22328,0.30367,0.59123,5.0161,-0.76056,1.3011
0.71397,0.22183,0.30308,0.59091,5.0303,-0.80779,1.302
0.71494,0.22038,0.30249,0.59058,5.0448,-0.858,1.303
0.71591,0.21893,0.3019,0.59025,5.0597,-0.91106,1.304
0.71688,0.21748,0.30131,0.58992,5.0748,-0.96685,1.305
0.71784,0.21603,0.30071,0.58958,5.0902,-1.0252,1.306
0.7188,0.21458,0.30012,0.58925,5.1059,-1.086,1.3071
0.71976,0.21312,0.29952,0.58891,5.1219,-1.1491,1.3081
0.72072,0.21167,0.29892,0.58857,5.1382,-1.2143,1.3092
0.72167,0.21022,0.29832,0.58822,5.1548,-1.2815,1.3103
0.72262,0.20876,0.29772,0.58788,5.1717,-1.3505,1.3114
0.72357,0.2073,0.29712,0.58753,5.1888,-1.4211,1.3126
0.72451,0.20585,0.29652,0.58718,5.2062,-1.4931,1.3137
0.72546,0.20439,0.29592,0.58683,5.2239,-1.5664,1.3149
0.7264,0.20293,0.29531,0.58648,5.2419,-1.6408,1.3161
0.72733,0.20147,0.29471,0.58612,5.2602,-1.7161,1.3173
0.72827,0.20001,0.2941,0.58577,5.2787,-1.7921,1.3186
0.7292,0.19855,0.29349,0.58541,5.2975,-1.8687,1.3198
0.73013,0.19709,0.29289,0.58505,5.3166,-1.9455,1.3211
0.73106,0.19563,0.29228,0.58468,5.3359,-2.0225,1.3224
0.73199,0.19417,0.29167,0.58432,5.3555,-2.0994,1.3237
0.73291,0.19271,0.29106,0.58395,5.3754,-2.1761,1.325
0.73383,0.19124,0.29044,0.58358,5.3955,-2.2524,1.3264
0.73475,0.18978,0.28983,0.58321,5.4159,-2.328,1.3277
0.73566,0.18831,0.28922,0.58284,5.4366,-2.4028,1.3291
0.73657,0.18685,0.2886,0.58246,5.4575,-2.4765,1.3305
0.73748,0.18538,0.28798,0.58208,5.4787,-2.5491,1.3319
0.73839,0.18391,0.28737,0.5817,5.5001,-2.6204,1.3333
0.73929,0.18245,0.28675,0.58132,5.5217,-2.69,1.3348
0.7402,0.18098,0.28613,0.58094,5.5437,-2.758,1.3362
0.74109,0.17951,0.28551,0.58055,5.5658,-2.824,1.3377
0.74199,0.17804,0.28489,0.58016,5.5882,-2.888,1.3392
0.74289,0.17657,0.28427,0.57977,5.6109,-2.9498,1.3407
0.74378,0.1751,0.28364,0.57938,5.6337,-3.0092,1.3422
0.74467,0.17363,0.28302,0.57899,5.6569,-3.0661,1.3438
0.74555,0.17216,0.28239,0.57859,5.6802,-3.1203,1.3453
0.74644,0.17068,0.28177,0.57819,5.7038,-3.1717,1.3469
0.74732,0.16921,0.28114,0.57779,5.7276,-3.2202,1.3485
0.7482,0.16774,0.28051,0.57739,5.7517,-3.2656,1.3501
0.74907,0.16626,0.27988,0.57699,5.7759,-3.3079,1.3517
0.74995,0.16479,0.27925,0.57658,5.8004,-3.3469,1.3534
0.75082,0.16331,0.27862,0.57617,5.8251,-3.3825,1.355
0.75168,0.16184,0.27799,0.57576,5.8501,-3.4147,1.3567
0.75255,0.16036,0.27735,0.57535,5.8752,-3.4433,1.3583
0.75341,0.15888,0.27672,0.57494,5.9006,-3.4684,1.36
0.75427,0.1574,0.27609,0.57452,5.9261,-3.4897,1.3617
0.75513,0.15593,0.27545,0.5741,5.9519,-3.5074,1.3635
0.75598,0.15445,0.27481,0.57368,5.9779,-3.5213,1.3652
0.75684,0.15297,0.27417,0.57326,6.0041,-3.5313,1.3669
0.75769,0.15149,0.27353,0.57284,6.0304,-3.5376,1.3687
0.75853,0.15001,0.2729,0.57241,6.057,-3.54,1.3705
0.75938,0.14853,0.27225,0.57198,6.0838,-3.5385,1.3723
0.76022,0.14704,0.27161,0.57155,6.1107,-3.5332,1.374
0.76106,0.14556,0.27097,0.57112,6.1379,-3.5241,1.3759
0.76189,0.14408,0.27033,0.57069,6.1652,-3.5112,1.3777
0.76273,0.1426,0.26968,0.57025,6.1927,-3.4945,1.3795
0.76356,0.14111,0.26904,0.56981,6.2204,-3.474,1.3814
0.76439,0.13963,0.26839,0.56937,6.2483,-3.4499,1.3832
0.76521,0.13815,0.26774,0.56893,6.2764,-3.4221,1.3851
0.76604,0.13666,0.26709,0.56849,6.3046,-3.3908,1.387
0.76686,0.13517,0.26644,0.56804,6.333,-3.356,1.3889
0.76767,0.13369,0.26579,0.56759,6.3616,-3.3178,1.3908
0.76849,0.1322,0.26514,0.56714,6.3903,-3.2764,1.3927
0.7693,0.13072,0.26449,0.56669,6.4192,-3.2317,1.3946
0.77011,0.12923,0.26384,0.56623,6.4482,-3.184,1.3965
0.77092,0.12774,0.26318,0.56578,6.4774,-3.1333,1.3985
0.77172,0.12625,0.26253,0.56532,6.5068,-3.0797,1.4005
0.77252,0.12476,0.26187,0.56486,6.5363,-3.0235,1.4024
0.77332,0.12327,0.26122,0.5644,6.5659,-2.9647,1.4044
0.77412,0.12178,0.26056,0.56393,6.5957,-2.9035,1.4064
0.77491,0.12029,0.2599,0.56347,6.6257,-2.8401,1.4084
0.7757,0.1188,0.25924,0.563,6.6557,-2.7745,1.4104
0.77649,0.11731,0.25858,0.56253,6.6859,-2.707,1.4124
0.77727,0.11582,0.25792,0.56206,6.7163,-2.6378,1.4144
0.77805,0.11433,0.25726,0.56159,6.7467,-2.5669,1.4164
0.77883,0.11284,0.25659,0.56111,6.7773,-2.4946,1.4185
0.77961,0.11135,0.25593,0.56063,6.808,-2.4211,1.4205
0.78039,0.10985,0.25526,0.56015,6.8389,-2.3466,1.4226
0.78116,0.10836,0.2546,0.55967,6.8698,-2.2711,1.4247
0.78193,0.10687,0.25393,0.55919,6.9009,-2.195,1.4267
0.78269,0.10537,0.25326,0.5587,6.932,-2.1184,1.4288
0.78346,0.10388,0.2526,0.55821,6.9633,-2.0415,1.4309
0.78422,0.10238,0.25193,0.55772,6.9947,-1.9646,1.433
0.78497,0.10089,0.25126,0.55723,7.0262,-1.8877,1.4351
0.78573,0.099394,0.25058,0.55674,7.0578,-1.811,1.4372
0.78648,0.097898,0.24991,0.55624,7.0894,-1.7349,1.4393
0.78723,0.096402,0.24924,0.55575,7.1212,-1.6594,1.4414
0.78798,0.094906,0.24857,0.55525,7.1531,-1.5848,1.4435
0.78872,0.093409,0.24789,0.55475,7.185,-1.5112,1.4457
0.78946,0.091912,0.24722,0.55424,7.217,-1.4388,1.4478
0.7902,0.090414,0.24654,0.55374,7.2491,-1.3678,1.4499
0.79094,0.088917,0.24586,0.55323,7.2813,-1.2984,1.4521
0.79167,0.087419,0.24518,0.55272,7.3135,-1.2308,1.4542
0.7924,0.08592,0.24451,0.55221,7.3458,-1.1651,1.4564
0.79313,0.084422,0.24383,0.5517,7.3782,-1.1014,1.4585
0.79385,0.082923,0.24314,0.55118,7.4106,-1.04,1.4607
0.79457,0.081424,0.24246,0.55067,7.4431,-0.98106,1.4629
0.79529,0.079924,0.24178,0.55015,7.4757,-0.92462,1.465
0.79601,0.078424,0.2411,0.54963,7.5083,-0.87087,1.4672
0.79672,0.076924,0.24041,0.54911,7.541,-0.81994,1.4694
0.79743,0.075424,0.23973,0.54858,7.5737,-0.77196,1.4716
0.79814,0.073924,0.23904,0.54806,7.6064,-0.72706,1.4738
0.79885,0.072423,0.23836,0.54753,7.6392,-0.68533,1.4759
0.79955,0.070922,0.23767,0.547,7.672,-0.64689,1.4781
0.80025,0.06942,0.23698,0.54647,7.7049,-0.61183,1.4803
0.80094,0.067919,0.23629,0.54593,7.7377,-0.58024,1.4825
0.80164,0.066417,0.2356,0.5454,7.7707,-0.5522,1.4847
0.80233,0.064915,0.23491,0.54486,7.8036,-0.52777,1.4869
0.80302,0.063413,0.23422,0.54432,7.8365,-0.50703,1.4891
0.8037,0.06191,0.23353,0.54378,7.8695,-0.49002,1.4913
0.80439,0.060407,0.23283,0.54323,7.9025,-0.47679,1.4935
0.80507,0.058904,0.23214,0.54269,7.9355,-0.46736,1.4957
0.80574,0.057401,0.23145,0.54214,7.9685,-0.46176,1.4979
0.80642,0.055898,0.23075,0.54159,8.0015,-0.46,1.5001
0.80709,0.054394,0.23005,0.54104,8.0345,-0.4621,1.5023
0.80776,0.052891,0.22936,0.54049,8.0675,-0.46804,1.5045
0.80842,0.051387,0.22866,0.53993,8.1004,-0.47781,1.5067
0.80909,0.049883,0.22796,0.53938,8.1334,-0.49138,1.5089
0.80975,0.048379,0.22726,0.53882,8.1664,-0.50872,1.5111
0.8104,0.046874,0.22656,0.53826,8.1993,-0.5298,1.5133
0.81106,0.04537,0.22586,0.53769,8.2323,-0.55454,1.5155
0.81171,0.043865,0.22516,0.53713,8.2652,-0.5829,1.5177
0.81236,0.04236,0.22445,0.53656,8.2981,-0.6148,1.5199
0.813,0.040855,0.22375,0.536,8.3309,-0.65017,1.5221
0.81365,0.03935,0.22305,0.53543,8.3637,-0.6889,1.5242
0.81429,0.037844,0.22234,0.53485,8.3965,-0.73092,1.5264
0.81492,0.036339,0.22164,0.53428,8.4292,-0.7761,1.5286
0.81556,0.034833,0.22093,0.5337,8.4619,-0.82435,1.5308
0.81619,0.033328,0.22022,0.53313,8.4946,-0.87553,1.533
0.81682,0.031822,0.21951,0.53255,8.5272,-0.92953,1.5351
0.81745,0.030316,0.2188,0.53197,8.5597,-0.9862,1.5373
0.81807,0.02881,0.21809,0.53138,8.5922,-1.0454,1.5395
0.81869,0.027304,0.21738,0.5308,8.6247,-1.107,1.5416
0.81931,0.025797,0.21667,0.53021,8.657,-1.1708,1.5438
0.81992,0.024291,0.21596,0.52962,8.6894,-1.2367,1.546
0.82053,0.022785,0.21525,0.52903,8.7216,-1.3045,1.5481
0.82114,0.021278,0.21453,0.52844,8.7538,-1.3741,1.5503
0.82175,0.019772,0.21382,0.52785,8.7858,-1.4452,1.5524
0.82235,0.018265,0.2131,0.52725,8.8179,-1.5176,1.5545
0.82295,0.016758,0.21239,0.52665,8.8498,-1.5913,1.5567
0.82355,0.015251,0.21167,0.52605,8.8816,-1.6661,1.5588
0.82414,0.013745,0.21096,0.52545,8.9134,-1.7416,1.5609
0.82473,0.012238,0.21024,0.52485,8.945,-1.8178,1.563
0.82532,0.010731,0.20952,0.52424,8.9766,-1.8945,1.5651
0.82591,0.0092239,0.2088,0.52364,9.0081,-1.9714,1.5672
0.82649,0.0077169,0.20808,0.52303,9.0395,-2.0484,1.5693
0.82707,0.0062099,0.20736,0.52242,9.0707,-2.1253,1.5714
0.82765,0.0047029,0.20664,0.5218,9.1019,-2.2018,1.5735
0.82822,0.0031958,0.20591,0.52119,9.1329,-2.2779,1.5755
0.82879,0.0016888,0.20519,0.52057,9.1639,-2.3532,1.5776
0.82936,0.0001817,0.20447,0.51996,9.1947,-2.4277,1.5796
0.82993,-0.0013254,0.20374,0.51934,9.2254,-2.5011,1.5817
0.83049,-0.0028324,0.20302,0.51871,9.256,-2.5733,1.5837
0.83105,-0.0043395,0.20229,0.51809,9.2864,-2.644,1.5858
0.8316,-0.0058465,0.20156,0.51747,9.3168,-2.7131,1.5878
0.83216,-0.0073535,0.20084,0.51684,9.3469,-2.7804,1.5898
0.83271,-0.0088605,0.20011,0.51621,9.377,-2.8458,1.5918
0.83326,-0.010367,0.19938,0.51558,9.4069,-2.9091,1.5938
0.8338,-0.011874,0.19865,0.51495,9.4367,-2.97,1.5958
0.83434,-0.013381,0.19792,0.51431,9.4663,-3.0286,1.5978
0.83488,-0.014888,0.19719,0.51368,9.4958,-3.0846,1.5997
0.83542,-0.016395,0.19646,0.51304,9.5252,-3.1379,1.6017
0.83595,-0.017902,0.19573,0.5124,9.5544,-3.1883,1.6036
0.83648,-0.019408,0.19499,0.51176,9.5834,-3.2358,1.6056
0.83701,-0.020915,0.19426,0.51111,9.6123,-3.2802,1.6075
0.83754,-0.022421,0.19353,0.51047,9.641,-3.3214,1.6094
0.83806,-0.023928,0.19279,0.50982,9.6695,-3.3592,1.6113
0.83858,-0.025434,0.19205,0.50917,9.6979,-3.3937,1.6132
0.83909,-0.02694,0.19132,0.50852,9.7261,-3.4247,1.6151
0.8396,-0.028447,0.19058,0.50787,9.7542,-3.4522,1.6169
0.84011,-0.029953,0.18984,0.50722,9.782,-3.476,1.6188
0.84062,-0.031459,0.18911,0.50656,9.8097,-3.4961,1.6206
0.84113,-0.032964,0.18837,0.5059,9.8372,-3.5125,1.6225
0.84163,-0.03447,0.18763,0.50525,9.8645,-3.5251,1.6243
0.84212,-0.035976,0.18689,0.50458,9.8917,-3.5339,1.6261
0.84262,-0.037481,0.18615,0.50392,9.9186,-3.5388,1.6279
0.84311,-0.038987,0.1854,0.50326,9.9454,-3.5399,1.6297
0.8436,-0.040492,0.18466,0.50259,9.9719,-3.5372,1.6315
0.84409,-0.041997,0.18392,0.50192,9.9983,-3.5306,1.6332
0.84457,-0.043502,0.18318,0.50125,10.024,-3.5202,1.635
0.84505,-0.045007,0.18243,0.50058,10.05,-3.506,1.6367
0.84553,-0.046511,0.18169,0.49991,10.076,-3.488,1.6384
0.846,-0.048016,0.18094,0.49923,10.102,-3.4663,1.6401
0.84647,-0.04952,0.18019,0.49856,10.127,-3.4409,1.6418
0.84694,-0.051024,0.17945,0.49788,10.152,-3.412,1.6435
0.84741,-0.052528,0.1787,0.4972,10.177,-3.3795,1.6451
0.84787,-0.054032,0.17795,0.49651,10.202,-3.3436,1.6468
0.84833,-0.055535,0.1772,0.49583,10.226,-3.3043,1.6484
0.84879,-0.057039,0.17646,0.49515,10.25,-3.2617,1.65
0.84924,-0.058542,0.17571,0.49446,10.275,-3.216,1.6516
0.84969,-0.060045,0.17495,0.49377,10.298,-3.1672,1.6532
0.85014,-0.061548,0.1742,0.49308,10.322,-3.1156,1.6548
0.85059,-0.06305,0.17345,0.49239,10.345,-3.0611,1.6563
0.85103,-0.064553,0.1727,0.49169,10.368,-3.004,1.6579
0.85147,-0.066055,0.17195,0.491,10.391,-2.9444,1.6594
0.8519,-0.067557,0.17119,0.4903,10.414,-2.8824,1.6609
0.85233,-0.069058,0.17044,0.4896,10.436,-2.8182,1.6624
0.85276,-0.07056,0.16968,0.4889,10.458,-2.752,1.6639
0.85319,-0.072061,0.16893,0.4882,10.48,-2.6839,1.6653
0.85362,-0.073562,0.16817,0.48749,10.502,-2.6141,1.6668
0.85404,-0.075062,0.16742,0.48678,10.523,-2.5427,1.6682
0.85445,-0.076563,0.16666,0.48608,10.544,-2.47,1.6696
0.85487,-0.078063,0.1659,0.48537,10.565,-2.3962,1.671
0.85528,-0.079563,0.16514,0.48466,10.586,-2.3213,1.6724
0.85569,-0.081062,0.16439,0.48394,10.606,-2.2456,1.6738
0.8561,-0.082561,0.16363,0.48323,10.626,-2.1693,1.6751
0.8565,-0.08406,0.16287,0.48251,10.646,-2.0926,1.6764
0.8569,-0.085559,0.16211,0.48179,10.666,-2.0157,1.6777
0.8573,-0.087058,0.16134,0.48107,10.685,-1.9387,1.679
0.85769,-0.088556,0.16058,0.48035,10.704,-1.8618,1.6803
0.85808,-0.090053,0.15982,0.47963,10.723,-1.7854,1.6815
0.85847,-0.091551,0.15906,0.4789,10.741,-1.7094,1.6828
0.85885,-0.093048,0.15829,0.47818,10.76,-1.6342,1.684
0.85924,-0.094545,0.15753,0.47745,10.778,-1.5599,1.6852
0.85962,-0.096041,0.15677,0.47672,10.795,-1.4867,1.6864
0.85999,-0.097537,0.156,0.47599,10.813,-1.4147,1.6875
0.86036,-0.099033,0.15524,0.47526,10.83,-1.3443,1.6887
0.86073,-0.10053,0.15447,0.47452,10.847,-1.2755,1.6898
0.8611,-0.10202,0.1537,0.47378,10.863,-1.2085,1.6909
0.86146,-0.10352,0.15294,0.47305,10.879,-1.1434,1.692
0.86183,-0.10501,0.15217,0.47231,10.895,-1.0805,1.693
0.86218,-0.10651,0.1514,0.47157,10.911,-1.0199,1.6941
0.86254,-0.108,0.15063,0.47082,10.927,-0.96179,1.6951
0.86289,-0.10949,0.14986,0.47008,10.942,-0.90624,1.6961
0.86324,-0.11099,0.14909,0.46933,10.956,-0.85342,1.6971
0.86358,-0.11248,0.14832,0.46858,10.971,-0.80347,1.6981
0.86393,-0.11397,0.14755,0.46783,10.985,-0.75651,1.699
0.86427,-0.11546,0.14678,0.46708,10.999,-0.71266,1.6999
0.8646,-0.11695,0.14601,0.46633,11.013,-0.67203,1.7008
0.86494,-0.11845,0.14524,0.46557,11.026,-0.63471,1.7017
0.86527,-0.11994,0.14446,0.46482,11.039,-0.60081,1.7026
0.8656,-0.12143,0.14369,0.46406,11.052,-0.57041,1.7035
0.86592,-0.12292,0.14292,0.4633,11.064,-0.54358,1.7043
0.86624,-0.1244,0.14214,0.46254,11.076,-0.52039,1.7051
0.86656,-0.12589,0.14137,0.46178,11.088,-0.50089,1.7059
0.86688,-0.12738,0.14059,0.46101,11.1,-0.48515,1.7066
0.86719,-0.12887,0.13982,0.46025,11.111,-0.47319,1.7074
0.8675,-0.13036,0.13904,0.45948,11.122,-0.46504,1.7081
0.8678,-0.13184,0.13826,0.45871,11.132,-0.46074,1.7088
0.86811,-0.13333,0.13749,0.45794,11.142,-0.46028,1.7095
0.86841,-0.13482,0.13671,0.45717,11.152,-0.46367,1.7102
0.86871,-0.1363,0.13593,0.45639,11.162,-0.4709,1.7108
0.869,-0.13779,0.13515,0.45562,11.171,-0.48195,1.7114
0.86929,-0.13927,0.13437,0.45484,11.18,-0.49679,1.712
0.86958,-0.14076,0.13359,0.45406,11.189,-0.5154,1.7126
0.86986,-0.14224,0.13281,0.45328,11.197,-0.53771,1.7131
0.87015,-0.14372,0.13203,0.4525,11.205,-0.56368,1.7137
0.87043,-0.14521,0.13125,0.45172,11.213,-0.59324,1.7142
0.8707,-0.14669,0.13047,0.45093,11.22,-0.62631,1.7147
0.87097,-0.14817,0.12969,0.45014,11.227,-0.66282,1.7152
0.87124,-0.14965,0.1289,0.44936,11.234,-0.70267,1.7156
0.87151,-0.15113,0.12812,0.44857,11.24,-0.74576,1.716
0.87178,-0.15261,0.12734,0.44778,11.246,-0.79199,1.7164
0.87204,-0.15409,0.12655,0.44698,11.252,-0.84124,1.7168
0.87229,-0.15557,0.12577,0.44619,11.258,-0.89338,1.7172
0.87255,-0.15705,0.12498,0.44539,11.263,-0.94829,1.7175
0.8728,-0.15853,0.1242,0.44459,11.268,-1.0058,1.7178
0.87305,-0.16,0.12341,0.4438,11.272,-1.0659,1.7181
0.87329,-0.16148,0.12263,0.44299,11.276,-1.1282,1.7184
0.87354,-0.16296,0.12184,0.44219,11.28,-1.1928,1.7187
0.87378,-0.16443,0.12105,0.44139,11.283,-1.2593,1.7189
0.87401,-0.16591,0.12027,0.44058,11.287,-1.3277,1.7191
0.87425,-0.16738,0.11948,0.43978,11.289,-1.3978,1.7193
0.87448,-0.16885,0.11869,0.43897,11.292,-1.4694,1.7195
0.8747,-0.17033,0.1179,0.43816,11.294,-1.5423,1.7196
0.87493,-0.1718,0.11711,0.43735,11.296,-1.6164,1.7197
0.87515,-0.17327,0.11632,0.43653,11.297,-1.6914,1.7198
0.87537,-0.17474,0.11553,0.43572,11.298,-1.7672,1.7199
0.87558,-0.17622,0.11474,0.4349,11.299,-1.8436,1.72
0.87579,-0.17769,0.11395,0.43408,11.3,-1.9203,1.72
0.876,-0.17915,0.11316,0.43327,11.3,-1.9973,1.72
0.87621,-0.18062,0.11237,0.43245,11.3,-2.0743,1.72
0.87641,-0.18209,0.11158,0.43162,11.299,-2.151,1.72
0.87661,-0.18356,0.11079,0.4308,11.299,-2.2275,1.7199
0.87681,-0.18503,0.11,0.42997,11.297,-2.3033,1.7198
0.877,-0.18649,0.1092,0.42915,11.296,-2.3784,1.7197
0.87719,-0.18796,0.10841,0.42832,11.294,-2.4525,1.7196
0.87738,-0.18942,0.10762,0.42749,11.292,-2.5255,1.7195
0.87756,-0.19089,0.10682,0.42666,11.29,-2.5972,1.7193
0.87774,-0.19235,0.10603,0.42583,11.287,-2.6674,1.7191
0.87792,-0.19382,0.10523,0.42499,11.284,-2.7359,1.7189
0.8781,-0.19528,0.10444,0.42416,11.28,-2.8026,1.7187
0.87827,-0.19674,0.10364,0.42332,11.276,-2.8673,1.7184
0.87844,-0.1982,0.10285,0.42248,11.272,-2.9298,1.7182
0.8786,-0.19966,0.10205,0.42164,11.268,-2.99,1.7179
0.87876,-0.20112,0.10125,0.4208,11.263,-3.0477,1.7175
0.87892,-0.20258,0.10046,0.41996,11.258,-3.1028,1.7172
0.87908,-0.20404,0.099658,0.41911,11.253,-3.1552,1.7168
0.87923,-0.2055,0.098861,0.41826,11.247,-3.2046,1.7165
0.87938,-0.20695,0.098063,0.41742,11.241,-3.2511,1.7161
0.87953,-0.20841,0.097264,0.41657,11.234,-3.2944,1.7156
0.87968,-0.20986,0.096466,0.41572,11.228,-3.3345,1.7152
0.87982,-0.21132,0.095667,0.41487,11.221,-3.3712,1.7147
0.87996,-0.21277,0.094867,0.41401,11.213,-3.4045,1.7142
0.88009,-0.21423,0.094068,0.41316,11.206,-3.4344,1.7137
0.88022,-0.21568,0.093268,0.4123,11.198,-3.4606,1.7132
0.88035,-0.21713,0.092467,0.41144,11.189,-3.4832,1.7126
0.88048,-0.21858,0.091667,0.41059,11.181,-3.502,1.7121
0.8806,-0.22003,0.090866,0.40972,11.172,-3.5171,1.7115
0.88072,-0.22148,0.090064,0.40886,11.163,-3.5284,1.7108
0.88084,-0.22293,0.089263,0.408,11.153,-3.5359,1.7102
0.88095,-0.22438,0.088461,0.40713,11.143,-3.5396,1.7095
0.88106,-0.22582,0.087658,0.40627,11.133,-3.5394,1.7089
0.88117,-0.22727,0.086856,0.4054,11.122,-3.5354,1.7082
0.88127,-0.22872,0.086053,0.40453,11.111,-3.5275,1.7074
0.88137,-0.23016,0.08525,0.40366,11.1,-3.5158,1.7067
0.88147,-0.2316,0.084446,0.40279,11.089,-3.5003,1.7059
0.88156,-0.23305,0.083643,0.40192,11.077,-3.4811,1.7051
0.88166,-0.23449,0.082839,0.40104,11.065,-3.4582,1.7043
0.88175,-0.23593,0.082034,0.40017,11.053,-3.4316,1.7035
0.88183,-0.23737,0.08123,0.39929,11.04,-3.4014,1.7027
0.88191,-0.23881,0.080425,0.39841,11.027,-3.3678,1.7018
0.88199,-0.24025,0.079619,0.39753,11.014,-3.3307,1.7009
0.88207,-0.24169,0.078814,0.39665,11,-3.2903,1.7
0.88214,-0.24313,0.078008,0.39576,10.986,-3.2467,1.6991
0.88221,-0.24456,0.077202,0.39488,10.972,-3.1999,1.6981
0.88228,-0.246,0.076396,0.39399,10.957,-3.1502,1.6972
0.88234,-0.24743,0.075589,0.39311,10.943,-3.0976,1.6962
0.88241,-0.24887,0.074783,0.39222,10.928,-3.0422,1.6952
0.88246,-0.2503,0.073975,0.39133,10.912,-2.9842,1.6941
0.88252,-0.25173,0.073168,0.39044,10.897,-2.9238,1.6931
0.88257,-0.25316,0.072361,0.38954,10.881,-2.8611,1.692
0.88262,-0.25459,0.071553,0.38865,10.864,-2.7962,1.691
0.88266,-0.25602,0.070745,0.38775,10.848,-2.7293,1.6899
0.88271,-0.25745,0.069936,0.38686,10.831,-2.6606,1.6887
0.88275,-0.25888,0.069128,0.38596,10.814,-2.5903,1.6876
0.88278,-0.2603,0.068319,0.38506,10.797,-2.5184,1.6864
0.88281,-0.26173,0.06751,0.38416,10.779,-2.4453,1.6853
0.88284,-0.26315,0.0667,0.38326,10.761,-2.3711,1.6841
0.88287,-0.26458,0.065891,0.38235,10.743,-2.2959,1.6829
0.8829,-0.266,0.065081,0.38145,10.724,-2.22,1.6816
0.88292,-0.26742,0.064271,0.38054,10.706,-2.1436,1.6804
0.88293,-0.26884,0.063461,0.37963,10.686,-2.0667,1.6791
0.88295,-0.27026,0.06265,0.37873,10.667,-1.9898,1.6778
0.88296,-0.27168,0.06184,0.37782,10.648,-1.9128,1.6765
0.88297,-0.2731,0.061029,0.3769,10.628,-1.8361,1.6752
0.88297,-0.27452,0.060218,0.37599,10.608,-1.7598,1.6738
0.88298,-0.27594,0.059406,0.37508,10.587,-1.684,1.6725
0.88298,-0.27735,0.058595,0.37416,10.567,-1.6091,1.6711
0.88297,-0.27877,0.057783,0.37324,10.546,-1.5351,1.6697
0.88296,-0.28018,0.056971,0.37233,10.525,-1.4623,1.6683
0.88295,-0.28159,0.056159,0.37141,10.503,-1.3909,1.6669
0.88294,-0.283,0.055347,0.37049,10.482,-1.321,1.6654
0.88293,-0.28441,0.054534,0.36956,10.46,-1.2527,1.664
0.88291,-0.28582,0.053721,0.36864,10.438,-1.1864,1.6625
0.88288,-0.28723,0.052909,0.36772,10.415,-1.122,1.661
0.88286,-0.28864,0.052096,0.36679,10.393,-1.0599,1.6595
0.88283,-0.29005,0.051282,0.36586,10.37,-1.0001,1.658
0.8828,-0.29145,0.050469,0.36494,10.347,-0.94281,1.6565
0.88276,-0.29286,0.049655,0.36401,10.324,-0.88817,1.6549
0.88272,-0.29426,0.048841,0.36308,10.3,-0.8363,1.6533
0.88268,-0.29566,0.048027,0.36214,10.276,-0.78734,1.6517
0.88264,-0.29706,0.047213,0.36121,10.252,-0.74141,1.6501
0.88259,-0.29846,0.046399,0.36027,10.228,-0.69863,1.6485
0.88254,-0.29986,0.045585,0.35934,10.203,-0.65911,1.6469
0.88249,-0.30126,0.04477,0.3584,10.179,-0.62293,1.6453
0.88243,-0.30266,0.043955,0.35746,10.154,-0.59019,1.6436
0.88237,-0.30405,0.04314,0.35652,10.129,-0.56098,1.6419
0.88231,-0.30545,0.042325,0.35558,10.103,-0.53537,1.6402
0.88224,-0.30684,0.04151,0.35464,10.078,-0.51342,1.6385
0.88218,-0.30824,0.040694,0.3537,10.052,-0.49518,1.6368
0.8821,-0.30963,0.039879,0.35275,10.026,-0.4807,1.6351
0.88203,-0.31102,0.039063,0.35181,10,-0.47002,1.6333
0.88195,-0.31241,0.038248,0.35086,9.9738,-0.46317,1.6316
0.88187,-0.3138,0.037432,0.34991,9.9472,-0.46015,1.6298
0.88179,-0.31518,0.036616,0.34896,9.9205,-0.46099,1.628
0.8817,-0.31657,0.035799,0.34801,9.8936,-0.46567,1.6262
0.88161,-0.31796,0.034983,0.34706,9.8664,-0.47419,1.6244
0.88151,-0.31934,0.034167,0.3461,9.8391,-0.48652,1.6226
0.88142,-0.32072,0.03335,0.34515,9.8116,-0.50263,1.6208
0.88132,-0.32211,0.032533,0.34419,9.784,-0.52249,1.6189
0.88121,-0.32349,0.031717,0.34324,9.7561,-0.54604,1.6171
0.88111,-0.32487,0.0309,0.34228,9.7281,-0.57322,1.6152
0.881,-0.32624,0.030083,0.34132,9.6999,-0.60397,1.6133
0.88089,-0.32762,0.029266,0.34036,9.6715,-0.63821,1.6114
0.88077,-0.329,0.028448,0.3394,9.643,-0.67585,1.6095
0.88065,-0.33037,0.027631,0.33843,9.6143,-0.71681,1.6076
0.88053,-0.33175,0.026814,0.33747,9.5854,-0.76097,1.6057
0.88041,-0.33312,0.025996,0.3365,9.5564,-0.80822,1.6038
0.88028,-0.33449,0.025179,0.33554,9.5272,-0.85846,1.6018
0.88015,-0.33586,0.024361,0.33457,9.4979,-0.91155,1.5999
0.88002,-0.33723,0.023543,0.3336,9.4684,-0.96736,1.5979
0.87988,-0.3386,0.022725,0.33263,9.4388,-1.0257,1.5959
0.87974,-0.33997,0.021907,0.33166,9.409,-1.0866,1.5939
0.8796,-0.34133,0.021089,0.33069,9.3791,-1.1497,1.5919
0.87945,-0.3427,0.020271,0.32971,9.3491,-1.2149,1.5899
0.8793,-0.34406,0.019453,0.32874,9.3189,-1.2821,1.5879
0.87915,-0.34542,0.018635,0.32776,9.2886,-1.3511,1.5859
0.879,-0.34678,0.017817,0.32679,9.2581,-1.4217,1.5839
0.87884,-0.34814,0.016998,0.32581,9.2276,-1.4938,1.5818
0.87868,-0.3495,0.01618,0.32483,9.1969,-1.5671,1.5798
0.87851,-0.35086,0.015361,0.32385,9.1661,-1.6415,1.5777
0.87835,-0.35221,0.014543,0.32287,9.1351,-1.7168,1.5757
0.87817,-0.35357,0.013724,0.32189,9.1041,-1.7928,1.5736
0.878,-0.35492,0.012906,0.3209,9.0729,-1.8693,1.5715
0.87782,-0.35627,0.012087,0.31992,9.0417,-1.9462,1.5694
0.87764,-0.35762,0.011268,0.31893,9.0103,-2.0232,1.5674
0.87746,-0.35897,0.01045,0.31794,8.9788,-2.1001,1.5653
0.87728,-0.36032,0.0096307,0.31696,8.9473,-2.1768,1.5632
0.87709,-0.36167,0.0088119,0.31597,8.9156,-2.253,1.561
0.8769,-0.36302,0.0079931,0.31498,8.8839,-2.3286,1.5589
0.8767,-0.36436,0.0071742,0.31398,8.852,-2.4034,1.5568
0.8765,-0.3657,0.0063553,0.31299,8.8201,-2.4772,1.5547
0.8763,-0.36705,0.0055364,0.312,8.7881,-2.5498,1.5525
0.8761,-0.36839,0.0047174,0.311,8.756,-2.621,1.5504
0.87589,-0.36973,0.0038985,0.31001,8.7239,-2.6906,1.5483
0.87568,-0.37107,0.0030795,0.30901,8.6916,-2.7586,1.5461
0.87547,-0.3724,0.0022605,0.30801,8.6593,-2.8246,1.544
0.87525,-0.37374,0.0014416,0.30701,8.627,-2.8886,1.5418
0.87503,-0.37507,0.00062256,0.30601,8.5945,-2.9503,1.5396
0.87481,-0.37641,-0.00019644,0.30501,8.562,-3.0097,1.5375
0.87458,-0.37774,-0.0010154,0.30401,8.5295,-3.0666,1.5353
0.87435,-0.37907,-0.0018344,0.30301,8.4969,-3.1208,1.5331
0.87412,-0.3804,-0.0026534,0.302,8.4642,-3.1721,1.5309
0.87389,-0.38172,-0.0034724,0.301,8.4316,-3.2206,1.5288
0.87365,-0.38305,-0.0042913,0.29999,8.3988,-3.266,1.5266
0.87341,-0.38438,-0.0051103,0.29898,8.366,-3.3082,1.5244
0.87316,-0.3857,-0.0059292,0.29797,8.3332,-3.3472,1.5222
0.87292,-0.38702,-0.0067481,0.29696,8.3004,-3.3828,1.52
0.87266,-0.38834,-0.007567,0.29595,8.2675,-3.415,1.5178
0.87241,-0.38966,-0.0083859,0.29494,8.2346,-3.4436,1.5156
0.87216,-0.39098,-0.0092047,0.29393,8.2017,-3.4686,1.5134
0.8719,-0.3923,-0.010024,0.29291,8.1687,-3.4899,1.5112
0.87163,-0.39361,-0.010842,0.2919,8.1358,-3.5075,1.5091
0.87137,-0.39493,-0.011661,0.29088,8.1028,-3.5214,1.5069
0.8711,-0.39624,-0.01248,0.28987,8.0698,-3.5314,1.5047
0.87083,-0.39755,-0.013298,0.28885,8.0368,-3.5376,1.5025
0.87055,-0.39886,-0.014117,0.28783,8.0038,-3.54,1.5003
0.87028,-0.40017,-0.014935,0.28681,7.9708,-3.5385,1.4981
0.87,-0.40148,-0.015754,0.28579,7.9378,-3.5332,1.4959
0.86971,-0.40278,-0.016572,0.28477,7.9048,-3.524,1.4937
0.86942,-0.40409,-0.017391,0.28374,7.8718,-3.511,1.4915
0.86913,-0.40539,-0.018209,0.28272,7.8389,-3.4943,1.4893
0.86884,-0.40669,-0.019027,0.28169,7.8059,-3.4738,1.4871
0.86855,-0.40799,-0.019846,0.28067,7.773,-3.4496,1.4849
0.86825,-0.40929,-0.020664,0.27964,7.7401,-3.4219,1.4827
0.86795,-0.41059,-0.021482,0.27861,7.7072,-3.3905,1.4805
0.86764,-0.41189,-0.0223,0.27759,7.6743,-3.3557,1.4783
0.86733,-0.41318,-0.023118,0.27656,7.6415,-3.3175,1.4761
0.86702,-0.41447,-0.023935,0.27552,7.6087,-3.276,1.4739
0.86671,-0.41576,-0.024753,0.27449,7.576,-3.2313,1.4717
0.86639,-0.41705,-0.025571,0.27346,7.5433,-3.1835,1.4696
0.86607,-0.41834,-0.026388,0.27243,7.5106,-3.1328,1.4674
0.86575,-0.41963,-0.027206,0.27139,7.478,-3.0793,1.4652
0.86542,-0.42092,-0.028023,0.27036,7.4454,-3.023,1.463
0.86509,-0.4222,-0.02884,0.26932,7.4129,-2.9642,1.4609
0.86476,-0.42348,-0.029658,0.26828,7.3805,-2.903,1.4587
0.86442,-0.42476,-0.030475,0.26724,7.3481,-2.8395,1.4565
0.86408,-0.42604,-0.031292,0.2662,7.3158,-2.7739,1.4544
0.86374,-0.42732,-0.032108,0.26516,7.2835,-2.7064,1.4522
0.8634,-0.4286,-0.032925,0.26412,7.2514,-2.6371,1.4501
0.86305,-0.42987,-0.033742,0.26308,7.2193,-2.5663,1.448
0.8627,-0.43115,-0.034558,0.26204,7.1872,-2.494,1.4458
0.86235,-0.43242,-0.035375,0.26099,7.1553,-2.4205,1.4437
0.86199,-0.43369,-0.036191,0.25995,7.1234,-2.3459,1.4416
0.86163,-0.43496,-0.037007,0.2589,7.0917,-2.2705,1.4394
0.86127,-0.43623,-0.037823,0.25786,7.06,-2.1944,1.4373
0.8609,-0.43749,-0.038639,0.25681,7.0284,-2.1178,1.4352
0.86053,-0.43876,-0.039455,0.25576,6.9969,-2.0409,1.4331
0.86016,-0.44002,-0.04027,0.25471,6.9655,-1.9639,1.431
0.85979,-0.44128,-0.041086,0.25366,6.9342,-1.887,1.4289
0.85941,-0.44254,-0.041901,0.25261,6.9031,-1.8104,1.4269
0.85903,-0.4438,-0.042716,0.25156,6.872,-1.7342,1.4248
0.85865,-0.44506,-0.043531,0.2505,6.841,-1.6587,1.4227
0.85826,-0.44632,-0.044346,0.24945,6.8102,-1.5841,1.4207
0.85787,-0.44757,-0.045161,0.2484,6.7795,-1.5105,1.4186
0.85748,-0.44882,-0.045975,0.24734,6.7489,-1.4381,1.4166
0.85708,-0.45007,-0.04679,0.24628,6.7184,-1.3672,1.4146
0.85668,-0.45132,-0.047604,0.24523,6.6881,-1.2978,1.4125
0.85628,-0.45257,-0.048418,0.24417,6.6579,-1.2302,1.4105
0.85588,-0.45381,-0.049232,0.24311,6.6278,-1.1645,1.4085
0.85547,-0.45506,-0.050045,0.24205,6.5978,-1.1009,1.4065
0.85506,-0.4563,-0.050859,0.24099,6.568,-1.0395,1.4045
0.85465,-0.45754,-0.051672,0.23993,6.5384,-0.98055,1.4026
0.85423,-0.45878,-0.052486,0.23887,6.5089,-0.92413,1.4006
0.85381,-0.46002,-0.053299,0.2378,6.4795,-0.87041,1.3986
0.85339,-0.46126,-0.054111,0.23674,6.4503,-0.8195,1.3967
0.85296,-0.46249,-0.054924,0.23567,6.4212,-0.77155,1.3947
0.85253,-0.46372,-0.055736,0.23461,6.3923,-0.72667,1.3928
0.8521,-0.46496,-0.056549,0.23354,6.3636,-0.68497,1.3909
0.85167,-0.46619,-0.057361,0.23247,6.335,-0.64656,1.389
0.85123,-0.46741,-0.058173,0.23141,6.3066,-0.61153,1.3871
0.85079,-0.46864,-0.058984,0.23034,6.2784,-0.57997,1.3852
0.85035,-0.46987,-0.059796,0.22927,6.2503,-0.55196,1.3834
0.8499,-0.47109,-0.060607,0.2282,6.2224,-0.52757,1.3815
0.84945,-0.47231,-0.061418,0.22712,6.1947,-0.50686,1.3796
0.849,-0.47353,-0.062229,0.22605,6.1672,-0.48989,1.3778
0.84854,-0.47475,-0.063039,0.22498,6.1398,-0.47668,1.376
0.84808,-0.47597,-0.063849,0.22391,6.1126,-0.46729,1.3742
0.84762,-0.47718,-0.06466,0.22283,6.0857,-0.46172,1.3724
0.84716,-0.47839,-0.06547,0.22176,6.0589,-0.46001,1.3706
0.84669,-0.47961,-0.066279,0.22068,6.0323,-0.46214,1.3688
0.84622,-0.48082,-0.067089,0.2196,6.0059,-0.46811,1.3671
0.84575,-0.48202,-0.067898,0.21853,5.9797,-0.47791,1.3653
0.84527,-0.48323,-0.068707,0.21745,5.9537,-0.49152,1.3636
0.84479,-0.48444,-0.069516,0.21637,5.9279,-0.5089,1.3619
0.84431,-0.48564,-0.070324,0.21529,5.9024,-0.53,1.3602
0.84383,-0.48684,-0.071132,0.21421,5.877,-0.55478,1.3585
0.84334,-0.48804,-0.07194,0.21313,5.8518,-0.58317,1.3568
0.84285,-0.48924,-0.072748,0.21204,5.8269,-0.6151,1.3551
0.84235,-0.49043,-0.073555,0.21096,5.8022,-0.65049,1.3535
0.84186,-0.49163,-0.074363,0.20988,5.7777,-0.68926,1.3518
0.84136,-0.49282,-0.07517,0.20879,5.7534,-0.7313,1.3502
0.84085,-0.49401,-0.075976,0.20771,5.7293,-0.77652,1.3486
0.84035,-0.4952,-0.076783,0.20662,5.7055,-0.82479,1.347
0.83984,-0.49639,-0.077589,0.20554,5.6819,-0.876,1.3455
0.83933,-0.49758,-0.078395,0.20445,5.6585,-0.93002,1.3439
0.83881,-0.49876,-0.0792,0.20336,5.6354,-0.98671,1.3424
0.8383,-0.49994,-0.080006,0.20227,5.6125,-1.0459,1.3408
0.83778,-0.50113,-0.080811,0.20118,5.5898,-1.1075,1.3393
0.83725,-0.5023,-0.081616,0.20009,5.5674,-1.1714,1.3378
0.83673,-0.50348,-0.08242,0.199,5.5452,-1.2373,1.3363
0.8362,-0.50466,-0.083224,0.19791,5.5233,-1.3051,1.3349
0.83567,-0.50583,-0.084028,0.19682,5.5016,-1.3747,1.3334
0.83513,-0.507,-0.084832,0.19572,5.4802,-1.4458,1.332
0.83459,-0.50817,-0.085635,0.19463,5.459,-1.5183,1.3306
0.83405,-0.50934,-0.086438,0.19354,5.4381,-1.592,1.3292
0.83351,-0.51051,-0.087241,0.19244,5.4174,-1.6667,1.3278
0.83296,-0.51167,-0.088043,0.19135,5.397,-1.7423,1.3265
0.83241,-0.51284,-0.088845,0.19025,5.3768,-1.8185,1.3251
0.83186,-0.514,-0.089647,0.18915,5.3569,-1.8952,1.3238
0.8313,-0.51516,-0.090449,0.18805,5.3373,-1.9721,1.3225
0.83075,-0.51631,-0.09125,0.18696,5.3179,-2.0491,1.3212
0.83019,-0.51747,-0.092051,0.18586,5.2988,-2.1259,1.3199
0.82962,-0.51862,-0.092851,0.18476,5.28,-2.2025,1.3187
0.82905,-0.51978,-0.093651,0.18366,5.2615,-2.2785,1.3174
0.82848,-0.52093,-0.094451,0.18256,5.2432,-2.3539,1.3162
0.82791,-0.52208,-0.095251,0.18146,5.2252,-2.4284,1.315
0.82734,-0.52322,-0.09605,0.18035,5.2075,-2.5017,1.3138
0.82676,-0.52437,-0.096849,0.17925,5.19,-2.5739,1.3127
0.82618,-0.52551,-0.097647,0.17815,5.1729,-2.6446,1.3115
0.82559,-0.52665,-0.098446,0.17704,5.156,-2.7137,1.3104
0.825,-0.52779,-0.099243,0.17594,5.1394,-2.781,1.3093
0.82441,-0.52893,-0.10004,0.17483,5.1231,-2.8464,1.3082
0.82382,-0.53007,-0.10084,0.17373,5.1071,-2.9096,1.3071
0.82323,-0.5312,-0.10163,0.17262,5.0913,-2.9706,1.3061
0.82263,-0.53233,-0.10243,0.17151,5.0759,-3.0291,1.3051
0.82202,-0.53346,-0.10323,0.17041,5.0607,-3.0851,1.304
0.82142,-0.53459,-0.10402,0.1693,5.0459,-3.1384,1.3031
0.82081,-0.53572,-0.10482,0.16819,5.0313,-3.1888,1.3021
0.8202,-0.53684,-0.10561,0.16708,5.0171,-3.2362,1.3011
0.81959,-0.53796,-0.10641,0.16597,5.0031,-3.2806,1.3002
0.81897,-0.53908,-0.1072,0.16486,4.9894,-3.3217,1.2993
0.81835,-0.5402,-0.108,0.16375,4.9761,-3.3596,1.2984
0.81773,-0.54132,-0.10879,0.16264,4.963,-3.394,1.2975
0.81711,-0.54244,-0.10958,0.16152,4.9502,-3.425,1.2967
0.81648,-0.54355,-0.11038,0.16041,4.9378,-3.4524,1.2959
0.81585,-0.54466,-0.11117,0.1593,4.9256,-3.4762,1.295
0.81522,-0.54577,-0.11196,0.15818,4.9138,-3.4963,1.2943
0.81458,-0.54688,-0.11275,0.15707,4.9023,-3.5126,1.2935
0.81394,-0.54798,-0.11354,0.15595,4.8911,-3.5252,1.2927
0.8133,-0.54909,-0.11433,0.15484,4.8801,-3.5339,1.292
0.81266,-0.55019,-0.11512,0.15372,4.8695,-3.5388,1.2913
0.81201,-0.55129,-0.11591,0.1526,4.8593,-3.5399,1.2906
0.81136,-0.55239,-0.1167,0.15149,4.8493,-3.5371,1.29
0.81071,-0.55348,-0.11749,0.15037,4.8396,-3.5305,1.2893
0.81005,-0.55458,-0.11828,0.14925,4.8303,-3.5201,1.2887
0.80939,-0.55567,-0.11907,0.14813,4.8213,-3.5058,1.2881
0.80873,-0.55676,-0.11986,0.14701,4.8126,-3.4878,1.2875
0.80806,-0.55785,-0.12064,0.14589,4.8042,-3.4661,1.2869
0.8074,-0.55893,-0.12143,0.14477,4.7961,-3.4407,1.2864
0.80673,-0.56002,-0.12222,0.14365,4.7884,-3.4117,1.2859
0.80605,-0.5611,-0.123,0.14253,4.7809,-3.3792,1.2854
0.80538,-0.56218,-0.12379,0.14141,4.7738,-3.3432,1.2849
0.8047,-0.56326,-0.12458,0.14029,4.7671,-3.3039,1.2845
0.80402,-0.56433,-0.12536,0.13916,4.7606,-3.2613,1.284
0.80333,-0.56541,-0.12615,0.13804,4.7545,-3.2156,1.2836
0.80265,-0.56648,-0.12693,0.13692,4.7487,-3.1668,1.2832
0.80196,-0.56755,-0.12771,0.13579,4.7432,-3.1151,1.2829
0.80126,-0.56862,-0.1285,0.13467,4.738,-3.0606,1.2825
0.80057,-0.56969,-0.12928,0.13354,4.7332,-3.0035,1.2822
0.79987,-0.57075,-0.13006,0.13242,4.7287,-2.9439,1.2819
0.79917,-0.57181,-0.13084,0.13129,4.7245,-2.8819,1.2816
0.79847,-0.57287,-0.13162,0.13016,4.7207,-2.8177,1.2814
0.79776,-0.57393,-0.13241,0.12904,4.7171,-2.7514,1.2811
0.79705,-0.57499,-0.13319,0.12791,4.7139,-2.6833,1.2809
0.79634,-0.57604,-0.13397,0.12678,4.7111,-2.6135,1.2807
0.79562,-0.5771,-0.13474,0.12565,4.7085,-2.5421,1.2806
0.79491,-0.57815,-0.13552,0.12452,4.7063,-2.4694,1.2804
0.79418,-0.57919,-0.1363,0.12339,4.7045,-2.3955,1.2803
0.79346,-0.58024,-0.13708,0.12226,4.7029,-2.3206,1.2802
0.79273,-0.58129,-0.13786,0.12113,4.7017,-2.2449,1.2801
0.79201,-0.58233,-0.13864,0.12,4.7008,-2.1686,1.2801
0.79127,-0.58337,-0.13941,0.11887,4.7002,-2.0919,1.28
0.79054,-0.58441,-0.14019,0.11774,4.7,-2.015,1.28
0.7898,-0.58544,-0.14096,0.11661,4.7001,-1.938,1.28
0.78906,-0.58648,-0.14174,0.11548,4.7005,-1.8612,1.28
0.78832,-0.58751,-0.14251,0.11434,4.7013,-1.7847,1.2801
0.78757,-0.58854,-0.14329,0.11321,4.7024,-1.7087,1.2802
0.78683,-0.58957,-0.14406,0.11208,4.7038,-1.6335,1.2803
0.78608,-0.59059,-0.14483,0.11094,4.7056,-1.5592,1.2804
0.78532,-0.59162,-0.14561,0.10981,4.7076,-1.486,1.2805
0.78457,-0.59264,-0.14638,0.10867,4.71,-1.4141,1.2807
0.78381,-0.59366,-0.14715,0.10754,4.7128,-1.3437,1.2809
0.78304,-0.59468,-0.14792,0.1064,4.7159,-1.2749,1.2811
0.78228,-0.59569,-0.14869,0.10527,4.7192,-1.2079,1.2813
0.78151,-0.59671,-0.14946,0.10413,4.723,-1.1429,1.2815
0.78074,-0.59772,-0.15023,0.10299,4.727,-1.08,1.2818
0.77997,-0.59873,-0.151,0.10186,4.7314,-1.0194,1.2821
0.77919,-0.59973,-0.15177,0.10072,4.7361,-0.96128,1.2824
0.77841,-0.60074,-0.15254,0.099583,4.7411,-0.90576,1.2827
0.77763,-0.60174,-0.1533,0.098445,4.7465,-0.85297,1.2831
0.77685,-0.60274,-0.15407,0.097307,4.7522,-0.80304,1.2835
0.77606,-0.60374,-0.15484,0.096168,4.7582,-0.75611,1.2839
0.77527,-0.60474,-0.1556,0.095029,4.7645,-0.71229,1.2843
0.77448,-0.60573,-0.15637,0.09389,4.7712,-0.67168,1.2847
0.77369,-0.60672,-0.15713,0.09275,4.7781,-0.6344,1.2852
0.77289,-0.60772,-0.1579,0.09161,4.7854,-0.60053,1.2857
0.77209,-0.6087,-0.15866,0.09047,4.7931,-0.57015,1.2862
0.77129,-0.60969,-0.15942,0.089329,4.801,-0.54335,1.2867
0.77048,-0.61067,-0.16019,0.088188,4.8093,-0.5202,1.2873
0.76967,-0.61165,-0.16095,0.087047,4.8179,-0.50074,1.2879
0.76886,-0.61263,-0.16171,0.085906,4.8267,-0.48502,1.2884
0.76805,-0.61361,-0.16247,0.084764,4.836,-0.4731,1.2891
0.76723,-0.61459,-0.16323,0.083622,4.8455,-0.46499,1.2897
0.76641,-0.61556,-0.16399,0.082479,4.8553,-0.46072,1.2904
0.76559,-0.61653,-0.16475,0.081337,4.8655,-0.46029,1.291
0.76477,-0.6175,-0.16551,0.080194,4.876,-0.46372,1.2917
0.76394,-0.61847,-0.16627,0.07905,4.8868,-0.47098,1.2925
0.76311,-0.61943,-0.16702,0.077907,4.8979,-0.48206,1.2932
0.76228,-0.62039,-0.16778,0.076763,4.9093,-0.49694,1.294
0.76144,-0.62135,-0.16854,0.075619,4.921,-0.51558,1.2947
0.76061,-0.62231,-0.16929,0.074475,4.933,-0.53793,1.2955
0.75977,-0.62327,-0.17005,0.07333,4.9454,-0.56393,1.2964
0.75892,-0.62422,-0.1708,0.072185,4.958,-0.59352,1.2972
0.75808,-0.62517,-0.17155,0.07104,4.9709,-0.62662,1.2981
0.75723,-0.62612,-0.17231,0.069895,4.9842,-0.66316,1.2989
0.75638,-0.62707,-0.17306,0.068749,4.9977,-0.70304,1.2998
0.75552,-0.62802,-0.17381,0.067603,5.0116,-0.74616,1.3008
0.75467,-0.62896,-0.17456,0.066457,5.0257,-0.79242,1.3017
0.75381,-0.6299,-0.17531,0.065311,5.0402,-0.84169,1.3027
0.75295,-0.63084,-0.17606,0.064164,5.0549,-0.89386,1.3037
0.75208,-0.63177,-0.17681,0.063017,5.07,-0.94879,1.3047
0.75122,-0.63271,-0.17756,0.06187,5.0853,-1.0064,1.3057
0.75035,-0.63364,-0.17831,0.060723,5.1009,-1.0664,1.3067
0.74947,-0.63457,-0.17906,0.059576,5.1168,-1.1288,1.3078
0.7486,-0.6355,-0.17981,0.058428,5.133,-1.1933,1.3089
0.74772,-0.63642,-0.18055,0.05728,5.1495,-1.2599,1.31
0.74684,-0.63734,-0.1813,0.056132,5.1663,-1.3283,1.3111
0.74596,-0.63826,-0.18204,0.054984,5.1833,-1.3984,1.3122
0.74507,-0.63918,-0.18279,0.053836,5.2007,-1.47,1.3134
0.74419,-0.6401,-0.18353,0.052687,5.2183,-1.543,1.3146
0.7433,-0.64101,-0.18428,0.051538,5.2362,-1.617,1.3157
0.7424,-0.64192,-0.18502,0.050389,5.2543,-1.6921,1.317
0.74151,-0.64283,-0.18576,0.04924,5.2728,-1.7679,1.3182
0.74061,-0.64374,-0.1865,0.048091,5.2915,-1.8442,1.3194
0.73971,-0.64464,-0.18724,0.046941,5.3105,-1.921,1.3207
0.73881,-0.64555,-0.18798,0.045792,5.3297,-1.998,1.322
0.7379,-0.64645,-0.18872,0.044642,5.3493,-2.0749,1.3233
0.73699,-0.64735,-0.18946,0.043492,5.369,-2.1517,1.3246
0.73608,-0.64824,-0.1902,0.042342,5.3891,-2.2281,1.3259
0.73517,-0.64914,-0.19094,0.041191,5.4094,-2.304,1.3273
0.73425,-0.65003,-0.19167,0.040041,5.43,-2.379,1.3287
0.73333,-0.65092,-0.19241,0.03889,5.4508,-2.4532,1.3301
0.73241,-0.6518,-0.19314,0.03774,5.4719,-2.5262,1.3315
0.73149,-0.65269,-0.19388,0.036589,5.4932,-2.5978,1.3329
0.73056,-0.65357,-0.19461,0.035438,5.5148,-2.668,1.3343
0.72963,-0.65445,-0.19534,0.034287,5.5366,-2.7365,1.3358
0.7287,-0.65533,-0.19608,0.033136,5.5587,-2.8032,1.3372
0.72777,-0.6562,-0.19681,0.031984,5.5811,-2.8679,1.3387
0.72683,-0.65707,-0.19754,0.030833,5.6036,-2.9304,1.3402
0.72589,-0.65795,-0.19827,0.029681,5.6264,-2.9905,1.3418
0.72495,-0.65881,-0.199,0.02853,5.6495,-3.0482,1.3433
0.724,-0.65968,-0.19973,0.027378,5.6728,-3.1033,1.3449
0.72306,-0.66054,-0.20046,0.026226,5.6963,-3.1556,1.3464
0.72211,-0.66141,-0.20119,0.025074,5.72,-3.2051,1.348
0.72116,-0.66226,-0.20191,0.023922,5.744,-3.2515,1.3496
0.7202,-0.66312,-0.20264,0.02277,5.7682,-3.2948,1.3512
0.71924,-0.66398,-0.20337,0.021618,5.7926,-3.3348,1.3528
0.71828,-0.66483,-0.20409,0.020466,5.8172,-3.3715,1.3545
0.71732,-0.66568,-0.20481,0.019313,5.8421,-3.4048,1.3561
0.71636,-0.66653,-0.20554,0.018161,5.8672,-3.4346,1.3578
0.71539,-0.66737,-0.20626,0.017008,5.8925,-3.4608,1.3595
0.71442,-0.66821,-0.20698,0.015856,5.918,-3.4833,1.3612
0.71345,-0.66905,-0.2077,0.014703,5.9437,-3.5022,1.3629
0.71247,-0.66989,-0.20842,0.013551,5.9696,-3.5172,1.3646
0.7115,-0.67073,-0.20914,0.012398,5.9957,-3.5285,1.3664
0.71052,-0.67156,-0.20986,0.011245,6.022,-3.536,1.3681
0.70954,-0.67239,-0.21058,0.010093,6.0485,-3.5396,1.3699
0.70855,-0.67322,-0.2113,0.0089397,6.0752,-3.5394,1.3717
0.70756,-0.67405,-0.21202,0.0077869,6.1021,-3.5353,1.3735
0.70658,-0.67487,-0.21273,0.006634,6.1292,-3.5274,1.3753
0.70558,-0.67569,-0.21345,0.0054812,6.1565,-3.5157,1.3771
0.70459,-0.67651,-0.21416,0.0043283,6.184,-3.5002,1.3789
0.70359,-0.67733,-0.21488,0.0031754,6.2116,-3.4809,1.3808
0.70259,-0.67814,-0.21559,0.0020224,6.2394,-3.458,1.3826
0.70159,-0.67896,-0.2163,0.00086952,6.2674,-3.4313,1.3845
0.70059,-0.67977,-0.21701,-0.00028341,6.2956,-3.4012,1.3864
0.69958,-0.68057,-0.21772,-0.0014363,6.3239,-3.3675,1.3883
0.69857,-0.68138,-0.21843,-0.0025893,6.3525,-3.3304,1.3902
0.69756,-0.68218,-0.21914,-0.0037422,6.3811,-3.2899,1.3921
0.69655,-0.68298,-0.21985,-0.0048951,6.41,-3.2463,1.394
0.69553,-0.68378,-0.22056,-0.006048,6.439,-3.1995,1.3959
0.69451,-0.68458,-0.22127,-0.0072008,6.4681,-3.1497,1.3979
0.69349,-0.68537,-0.22197,-0.0083537,6.4974,-3.0971,1.3998
0.69247,-0.68616,-0.22268,-0.0095065,6.5269,-3.0417,1.4018
0.69144,-0.68695,-0.22338,-0.010659,6.5565,-2.9837,1.4038
0.69041,-0.68773,-0.22409,-0.011812,6.5862,-2.9233,1.4057
0.68938,-0.68852,-0.22479,-0.012965,6.6161,-2.8605,1.4077
0.68835,-0.6893,-0.22549,-0.014117,6.6461,-2.7956,1.4097
0.68731,-0.69008,-0.2262,-0.01527,6.6763,-2.7287,1.4118
0.68627,-0.69085,-0.2269,-0.016422,6.7066,-2.66,1.4138
0.68523,-0.69163,-0.2276,-0.017575,6.737,-2.5896,1.4158
0.68419,-0.6924,-0.2283,-0.018727,6.7676,-2.5178,1.4178
0.68314,-0.69317,-0.22899,-0.01988,6.7982,-2.4447,1.4199
0.6821,-0.69393,-0.22969,-0.021032,6.829,-2.3704,1.4219
0.68105,-0.6947,-0.23039,-0.022184,6.8599,-2.2952,1.424
0.67999,-0.69546,-0.23108,-0.023336,6.891,-2.2193,1.4261
0.67894,-0.69622,-0.23178,-0.024488,6.9221,-2.1429,1.4281
0.67788,-0.69698,-0.23247,-0.02564,6.9533,-2.0661,1.4302
0.67682,-0.69773,-0.23317,-0.026792,6.9847,-1.9891,1.4323
0.67576,-0.69848,-0.23386,-0.027944,7.0161,-1.9121,1.4344
0.67469,-0.69923,-0.23455,-0.029096,7.0477,-1.8354,1.4365
0.67363,-0.69998,-0.23524,-0.030247,7.0793,-1.7591,1.4386
0.67256,-0.70072,-0.23593,-0.031399,7.1111,-1.6834,1.4407
0.67149,-0.70147,-0.23662,-0.03255,7.1429,-1.6084,1.4429
0.67041,-0.70221,-0.23731,-0.033702,7.1748,-1.5345,1.445
0.66934,-0.70294,-0.238,-0.034853,7.2068,-1.4617,1.4471
0.66826,-0.70368,-0.23869,-0.036004,7.2389,-1.3903,1.4493
0.66718,-0.70441,-0.23937,-0.037155,7.271,-1.3203,1.4514
0.66609,-0.70514,-0.24006,-0.038305,7.3032,-1.2521,1.4535
0.66501,-0.70587,-0.24074,-0.039456,7.3355,-1.1858,1.4557
0.66392,-0.70659,-0.24143,-0.040607,7.3679,-1.1215,1.4579
0.66283,-0.70732,-0.24211,-0.041757,7.4003,-1.0593,1.46
0.66174,-0.70804,-0.24279,-0.042907,7.4328,-0.99958,1.4622
0.66064,-0.70875,-0.24347,-0.044057,7.4653,-0.94231,1.4644
0.65955,-0.70947,-0.24415,-0.045207,7.4979,-0.88769,1.4665
0.65845,-0.71018,-0.24483,-0.046357,7.5306,-0.83585,1.4687
0.65735,-0.71089,-0.24551,-0.047506,7.5632,-0.78692,1.4709
0.65624,-0.7116,-0.24619,-0.048656,7.596,-0.74102,1.4731
0.65513,-0.7123,-0.24686,-0.049805,7.6287,-0.69827,1.4752
0.65403,-0.71301,-0.24754,-0.050954,7.6616,-0.65877,1.4774
0.65292,-0.71371,-0.24822,-0.052103,7.6944,-0.62262,1.4796
0.6518,-0.7144,-0.24889,-0.053252,7.7273,-0.58992,1.4818
0.65069,-0.7151,-0.24956,-0.0544,7.7602,-0.56074,1.484
0.64957,-0.71579,-0.25023,-0.055549,7.7931,-0.53516,1.4862
0.64845,-0.71648,-0.25091,-0.056697,7.826,-0.51324,1.4884
0.64733,-0.71717,-0.25158,-0.057845,7.859,-0.49503,1.4906
0.6462,-0.71785,-0.25225,-0.058992,7.892,-0.48059,1.4928
0.64507,-0.71854,-0.25292,-0.06014,7.925,-0.46994,1.495
0.64395,-0.71922,-0.25358,-0.061287,7.958,-0.46312,1.4972
0.64281,-0.71989,-0.25425,-0.062434,7.991,-0.46014,1.4994
0.64168,-0.72057,-0.25492,-0.063581,8.024,-0.46101,1.5016
0.64054,-0.72124,-0.25558,-0.064728,8.057,-0.46573,1.5038
0.63941,-0.72191,-0.25625,-0.065874,8.0899,-0.47428,1.506
0.63827,-0.72258,-0.25691,-0.067021,8.1229,-0.48665,1.5082
0.63712,-0.72324,-0.25757,-0.068166,8.1559,-0.50279,1.5104
0.63598,-0.72391,-0.25824,-0.069312,8.1889,-0.52268,1.5126
0.63483,-0.72457,-0.2589,-0.070458,8.2218,-0.54626,1.5148
0.63368,-0.72522,-0.25956,-0.071603,8.2547,-0.57348,1.517
0.63253,-0.72588,-0.26022,-0.072748,8.2876,-0.60426,1.5192
0.63138,-0.72653,-0.26087,-0.073893,8.3204,-0.63853,1.5214
0.63022,-0.72718,-0.26153,-0.075037,8.3533,-0.6762,1.5236
0.62906,-0.72783,-0.26219,-0.076181,8.3861,-0.71718,1.5257
0.6279,-0.72847,-0.26284,-0.077325,8.4188,-0.76137,1.5279
0.62674,-0.72911,-0.2635,-0.078469,8.4515,-0.80866,1.5301
0.62558,-0.72975,-0.26415,-0.079612,8.4842,-0.85892,1.5323
0.62441,-0.73039,-0.2648,-0.080756,8.5168,-0.91203,1.5345
0.62324,-0.73103,-0.26545,-0.081898,8.5494,-0.96786,1.5366
0.62207,-0.73166,-0.26611,-0.083041,8.5819,-1.0263,1.5388
0.6209,-0.73229,-0.26676,-0.084183,8.6143,-1.0871,1.541
0.61972,-0.73291,-0.2674,-0.085325,8.6467,-1.1503,1.5431
0.61854,-0.73354,-0.26805,-0.086467,8.6791,-1.2155,1.5453
0.61736,-0.73416,-0.2687,-0.087608,8.7113,-1.2827,1.5474
0.61618,-0.73478,-0.26935,-0.088749,8.7435,-1.3517,1.5496
0.615,-0.73539,-0.26999,-0.08989,8.7756,-1.4223,1.5517
0.61381,-0.73601,-0.27063,-0.091031,8.8077,-1.4944,1.5538
0.61262,-0.73662,-0.27128,-0.092171,8.8396,-1.5678,1.556
0.61143,-0.73723,-0.27192,-0.09331,8.8715,-1.6422,1.5581
0.61024,-0.73783,-0.27256,-0.09445,8.9033,-1.7175,1.5602
0.60904,-0.73844,-0.2732,-0.095589,8.935,-1.7935,1.5623
0.60785,-0.73904,-0.27384,-0.096728,8.9666,-1.87,1.5644
0.60665,-0.73964,-0.27448,-0.097866,8.9981,-1.9469,1.5665
0.60544,-0.74023,-0.27512,-0.099004,9.0295,-2.0239,1.5686
0.60424,-0.74083,-0.27575,-0.10014,9.0608,-2.1008,1.5707
0.60304,-0.74142,-0.27639,-0.10128,9.092,-2.1775,1.5728
0.60183,-0.742,-0.27702,-0.10242,9.1231,-2.2537,1.5749
0.60062,-0.74259,-0.27766,-0.10355,9.154,-2.3293,1.5769
0.59941,-0.74317,-0.27829,-0.10469,9.1849,-2.4041,1.579
0.59819,-0.74375,-0.27892,-0.10583,9.2156,-2.4778,1.581
0.59698,-0.74433,-0.27955,-0.10696,9.2463,-2.5504,1.5831
0.59576,-0.74491,-0.28018,-0.1081,9.2767,-2.6216,1.5851
0.59454,-0.74548,-0.28081,-0.10923,9.3071,-2.6913,1.5871
0.59332,-0.74605,-0.28144,-0.11037,9.3373,-2.7592,1.5892
0.59209,-0.74662,-0.28207,-0.1115,9.3674,-2.8252,1.5912
0.59086,-0.74718,-0.28269,-0.11263,9.3974,-2.8891,1.5932
0.58964,-0.74774,-0.28332,-0.11377,9.4272,-2.9509,1.5951
0.58841,-0.7483,-0.28394,-0.1149,9.4569,-3.0102,1.5971
0.58717,-0.74886,-0.28456,-0.11603,9.4865,-3.0671,1.5991
0.58594,-0.74941,-0.28519,-0.11716,9.5158,-3.1212,1.6011
0.5847,-0.74996,-0.28581,-0.1183,9.5451,-3.1726,1.603
0.58346,-0.75051,-0.28643,-0.11943,9.5742,-3.221,1.6049
0.58222,-0.75106,-0.28705,-0.12056,9.6031,-3.2664,1.6069
0.58098,-0.7516,-0.28766,-0.12169,9.6318,-3.3086,1.6088
0.57973,-0.75214,-0.28828,-0.12282,9.6604,-3.3475,1.6107
0.57849,-0.75268,-0.2889,-0.12395,9.6889,-3.3831,1.6126
0.57724,-0.75322,-0.28951,-0.12508,9.7171,-3.4152,1.6145
0.57599,-0.75375,-0.29012,-0.12621,9.7452,-3.4438,1.6163
0.57473,-0.75428,-0.29074,-0.12733,9.7732,-3.4688,1.6182
0.57348,-0.75481,-0.29135,-0.12846,9.8009,-3.4901,1.6201
0.57222,-0.75533,-0.29196,-0.12959,9.8285,-3.5077,1.6219
0.57096,-0.75586,-0.29257,-0.13072,9.8558,-3.5215,1.6237
0.5697,-0.75638,-0.29318,-0.13184,9.883,-3.5315,1.6255
0.56844,-0.75689,-0.29379,-0.13297,9.91,-3.5376,1.6273
0.56717,-0.75741,-0.29439,-0.13409,9.9369,-3.54,1.6291
0.56591,-0.75792,-0.295,-0.13522,9.9635,-3.5385,1.6309
0.56464,-0.75843,-0.2956,-0.13634,9.9899,-3.5331,1.6327
0.56337,-0.75894,-0.29621,-0.13747,10.016,-3.5239,1.6344
0.56209,-0.75944,-0.29681,-0.13859,10.042,-3.5109,1.6361
0.56082,-0.75994,-0.29741,-0.13972,10.068,-3.4941,1.6379
0.55954,-0.76044,-0.29801,-0.14084,10.094,-3.4736,1.6396
0.55826,-0.76094,-0.29861,-0.14196,10.119,-3.4494,1.6413
0.55698,-0.76143,-0.29921,-0.14308,10.144,-3.4216,1.6429
0.5557,-0.76192,-0.29981,-0.1442,10.169,-3.3902,1.6446
0.55441,-0.76241,-0.3004,-0.14532,10.194,-3.3554,1.6463
0.55313,-0.76289,-0.301,-0.14644,10.218,-3.3171,1.6479
0.55184,-0.76337,-0.30159,-0.14756,10.243,-3.2756,1.6495
0.55055,-0.76385,-0.30218,-0.14868,10.267,-3.2309,1.6511
0.54926,-0.76433,-0.30278,-0.1498,10.291,-3.1831,1.6527
0.54796,-0.76481,-0.30337,-0.15092,10.314,-3.1323,1.6543
0.54667,-0.76528,-0.30396,-0.15204,10.338,-3.0788,1.6559
0.54537,-0.76575,-0.30455,-0.15315,10.361,-3.0225,1.6574
0.54407,-0.76621,-0.30513,-0.15427,10.384,-2.9637,1.6589
0.54276,-0.76668,-0.30572,-0.15539,10.407,-2.9024,1.6604
0.54146,-0.76714,-0.30631,-0.1565,10.429,-2.8389,1.6619
0.54016,-0.7676,-0.30689,-0.15762,10.451,-2.7733,1.6634
0.53885,-0.76805,-0.30747,-0.15873,10.473,-2.7058,1.6649
0.53754,-0.76851,-0.30806,-0.15984,10.495,-2.6365,1.6663
0.53623,-0.76896,-0.30864,-0.16096,10.516,-2.5656,1.6678
0.53491,-0.76941,-0.30922,-0.16207,10.538,-2.4933,1.6692
0.5336,-0.76985,-0.3098,-0.16318,10.559,-2.4198,1.6706
0.53228,-0.77029,-0.31038,-0.16429,10.579,-2.3452,1.672
0.53096,-0.77073,-0.31095,-0.16541,10.6,-2.2698,1.6733
0.52964,-0.77117,-0.31153,-0.16652,10.62,-2.1937,1.6747
0.52832,-0.7716,-0.3121,-0.16763,10.64,-2.1171,1.676
0.52699,-0.77204,-0.31268,-0.16873,10.66,-2.0402,1.6773
0.52567,-0.77246,-0.31325,-0.16984,10.679,-1.9632,1.6786
0.52434,-0.77289,-0.31382,-0.17095,10.698,-1.8863,1.6799
0.52301,-0.77331,-0.31439,-0.17206,10.717,-1.8097,1.6811
0.52168,-0.77373,-0.31496,-0.17317,10.736,-1.7335,1.6824
0.52034,-0.77415,-0.31553,-0.17427,10.754,-1.6581,1.6836
0.51901,-0.77457,-0.3161,-0.17538,10.772,-1.5834,1.6848
0.51767,-0.77498,-0.31666,-0.17648,10.79,-1.5099,1.686
0.51633,-0.77539,-0.31723,-0.17759,10.807,-1.4375,1.6871
0.51499,-0.7758,-0.31779,-0.17869,10.824,-1.3666,1.6883
0.51365,-0.7762,-0.31835,-0.17979,10.841,-1.2972,1.6894
0.5123,-0.7766,-0.31892,-0.1809,10.858,-1.2296,1.6905
0.51096,-0.777,-0.31948,-0.182,10.874,-1.1639,1.6916
0.50961,-0.7774,-0.32004,-0.1831,10.89,-1.1003,1.6927
0.50826,-0.77779,-0.32059,-0.1842,10.906,-1.039,1.6937
0.50691,-0.77818,-0.32115,-0.1853,10.922,-0.98003,1.6948
0.50555,-0.77857,-0.32171,-0.1864,10.937,-0.92364,1.6958
0.5042,-0.77896,-0.32226,-0.1875,10.952,-0.86994,1.6968
0.50284,-0.77934,-0.32282,-0.18859,10.966,-0.81906,1.6978
0.50148,-0.77972,-0.32337,-0.18969,10.981,-0.77114,1.6987
0.50012,-0.7801,-0.32392,-0.19079,10.995,-0.72629,1.6996
-0.49876,0.78047,0.32447,0.19188,11.008,-0.68462,1.7006
-0.4974,0.78084,0.32502,0.19298,11.022,-0.64623,1.7015
-0.49603,0.78121,0.32557,0.19407,11.035,-0.61124,1.7023
-0.49466,0.78158,0.32612,0.19517,11.048,-0.57971,1.7032
-0.49329,0.78194,0.32666,0.19626,11.06,-0.55173,1.704
-0.49192,0.7823,0.32721,0.19735,11.072,-0.52737,1.7048
-0.49055,0.78266,0.32775,0.19845,11.084,-0.5067,1.7056
-0.48918,0.78302,0.32829,0.19954,11.096,-0.48975,1.7064
-0.4878,0.78337,0.32883,0.20063,11.107,-0.47658,1.7071
-0.48642,0.78372,0.32937,0.20172,11.118,-0.46722,1.7079
-0.48504,0.78407,0.32991,0.20281,11.129,-0.46169,1.7086
-0.48366,0.78441,0.33045,0.20389,11.139,-0.46001,1.7093
-0.48228,0.78475,0.33099,0.20498,11.149,-0.46217,1.7099
-0.48089,0.78509,0.33152,0.20607,11.159,-0.46818,1.7106
-0.47951,0.78543,0.33206,0.20716,11.168,-0.47802,1.7112
-0.47812,0.78576,0.33259,0.20824,11.177,-0.49166,1.7118
-0.47673,0.78609,0.33312,0.20933,11.186,-0.50907,1.7124
-0.47534,0.78642,0.33365,0.21041,11.195,-0.5302,1.713
-0.47395,0.78675,0.33418,0.21149,11.203,-0.55501,1.7135
-0.47255,0.78707,0.33471,0.21258,11.21,-0.58344,1.714
-0.47116,0.78739,0.33524,0.21366,11.218,-0.6154,1.7145
-0.46976,0.7877,0.33576,0.21474,11.225,-0.65082,1.715
-0.46836,0.78802,0.33629,0.21582,11.232,-0.68962,1.7155
-0.46696,0.78833,0.33681,0.2169,11.238,-0.73169,1.7159
-0.46555,0.78864,0.33733,0.21798,11.245,-0.77693,1.7163
-0.46415,0.78894,0.33786,0.21906,11.25,-0.82523,1.7167
-0.46274,0.78925,0.33838,0.22013,11.256,-0.87647,1.7171
-0.46134,0.78955,0.3389,0.22121,11.261,-0.93051,1.7174
-0.45993,0.78985,0.33941,0.22228,11.266,-0.98723,1.7177
-0.45852,0.79014,0.33993,0.22336,11.271,-1.0465,1.718
-0.4571,0.79043,0.34044,0.22443,11.275,-1.1081,1.7183
-0.45569,0.79072,0.34096,0.22551,11.279,-1.172,1.7186
-0.45427,0.79101,0.34147,0.22658,11.282,-1.2379,1.7188
-0.45286,0.79129,0.34198,0.22765,11.286,-1.3057,1.719
-0.45144,0.79157,0.34249,0.22872,11.288,-1.3753,1.7192
-0.45002,0.79185,0.343,0.22979,11.291,-1.4464,1.7194
-0.44859,0.79213,0.34351,0.23086,11.293,-1.5189,1.7196
-0.44717,0.7924,0.34402,0.23193,11.295,-1.5927,1.7197
-0.44575,0.79267,0.34453,0.233,11.297,-1.6674,1.7198
-0.44432,0.79294,0.34503,0.23407,11.298,-1.743,1.7199
-0.44289,0.7932,0.34553,0.23513,11.299,-1.8192,1.7199
-0.44146,0.79346,0.34604,0.2362,11.3,-1.8958,1.72
-0.44003,0.79372,0.34654,0.23726,11.3,-1.9728,1.72
-0.4386,0.79398,0.34704,0.23832,11.3,-2.0498,1.72
-0.43716,0.79423,0.34754,0.23939,11.3,-2.1266,1.72
-0.43573,0.79448,0.34803,0.24045,11.299,-2.2032,1.7199
-0.43429,0.79473,0.34853,0.24151,11.298,-2.2792,1.7199
-0.43285,0.79497,0.34902,0.24257,11.296,-2.3546,1.7198
-0.43141,0.79522,0.34952,0.24363,11.295,-2.429,1.7196
-0.42997,0.79545,0.35001,0.24469,11.293,-2.5024,1.7195
-0.42852,0.79569,0.3505,0.24575,11.29,-2.5745,1.7194
-0.42708,0.79593,0.35099,0.2468,11.288,-2.6452,1.7192
-0.42563,0.79616,0.35148,0.24786,11.285,-2.7143,1.719
-0.42418,0.79638,0.35197,0.24891,11.281,-2.7816,1.7188
-0.42273,0.79661,0.35245,0.24997,11.278,-2.8469,1.7185
-0.42128,0.79683,0.35294,0.25102,11.274,-2.9102,1.7182
-0.41983,0.79705,0.35342,0.25207,11.269,-2.9711,1.718
-0.41838,0.79727,0.35391,0.25313,11.265,-3.0296,1.7176
-0.41692,0.79748,0.35439,0.25418,11.26,-3.0856,1.7173
-0.41546,0.79769,0.35487,0.25523,11.254,-3.1388,1.717
-0.41401,0.7979,0.35535,0.25628,11.249,-3.1892,1.7166
-0.41255,0.79811,0.35582,0.25732,11.243,-3.2366,1.7162
-0.41109,0.79831,0.3563,0.25837,11.237,-3.2809,1.7158
-0.40962,0.79851,0.35678,0.25942,11.23,-3.3221,1.7153
-0.40816,0.79871,0.35725,0.26046,11.223,-3.3599,1.7149
-0.40669,0.7989,0.35772,0.26151,11.216,-3.3943,1.7144
-0.40523,0.7991,0.35819,0.26255,11.208,-3.4252,1.7139
-0.40376,0.79929,0.35866,0.26359,11.2,-3.4526,1.7134
-0.40229,0.79947,0.35913,0.26463,11.192,-3.4764,1.7128
-0.40082,0.79966,0.3596,0.26568,11.184,-3.4964,1.7122
-0.39934,0.79984,0.36007,0.26672,11.175,-3.5127,1.7116
-0.39787,0.80001,0.36053,0.26775,11.166,-3.5253,1.711
-0.39639,0.80019,0.361,0.26879,11.156,-3.534,1.7104
-0.39492,0.80036,0.36146,0.26983,11.146,-3.5389,1.7097
-0.39344,0.80053,0.36192,0.27087,11.136,-3.5399,1.7091
-0.39196,0.8007,0.36238,0.2719,11.126,-3.5371,1.7084
-0.39048,0.80086,0.36284,0.27293,11.115,-3.5304,1.7077
-0.389,0.80102,0.3633,0.27397,11.104,-3.52,1.7069
-0.38751,0.80118,0.36375,0.275,11.093,-3.5057,1.7062
-0.38603,0.80134,0.36421,0.27603,11.081,-3.4876,1.7054
-0.38454,0.80149,0.36466,0.27706,11.069,-3.4659,1.7046
-0.38305,0.80164,0.36512,0.27809,11.057,-3.4405,1.7038
-0.38157,0.80179,0.36557,0.27912,11.044,-3.4114,1.7029
-0.38007,0.80193,0.36602,0.28015,11.031,-3.3789,1.7021
-0.37858,0.80207,0.36647,0.28117,11.018,-3.3429,1.7012
-0.37709,0.80221,0.36691,0.2822,11.004,-3.3035,1.7003
-0.3756,0.80235,0.36736,0.28322,10.991,-3.2609,1.6994
-0.3741,0.80248,0.3678,0.28425,10.977,-3.2152,1.6984
-0.3726,0.80261,0.36825,0.28527,10.962,-3.1664,1.6975
-0.37111,0.80274,0.36869,0.28629,10.947,-3.1146,1.6965
-0.36961,0.80286,0.36913,0.28731,10.932,-3.0601,1.6955
-0.3681,0.80298,0.36957,0.28833,10.917,-3.003,1.6945
-0.3666,0.8031,0.37001,0.28935,10.902,-2.9433,1.6934
-0.3651,0.80322,0.37044,0.29037,10.886,-2.8813,1.6924
-0.36359,0.80333,0.37088,0.29138,10.87,-2.8171,1.6913
-0.36209,0.80344,0.37132,0.2924,10.853,-2.7508,1.6902
-0.36058,0.80355,0.37175,0.29341,10.836,-2.6827,1.6891
-0.35907,0.80366,0.37218,0.29443,10.819,-2.6128,1.688
-0.35756,0.80376,0.37261,0.29544,10.802,-2.5415,1.6868
-0.35605,0.80386,0.37304,0.29645,10.785,-2.4687,1.6856
-0.35454,0.80395,0.37347,0.29746,10.767,-2.3948,1.6844
-0.35303,0.80405,0.37389,0.29847,10.749,-2.3199,1.6832
-0.35151,0.80414,0.37432,0.29948,10.73,-2.2443,1.682
-0.35,0.80423,0.37474,0.30048,10.712,-2.168,1.6808
-0.34848,0.80431,0.37517,0.30149,10.693,-2.0912,1.6795
-0.34696,0.80439,0.37559,0.3025,10.673,-2.0143,1.6782
-0.34544,0.80447,0.37601,0.3035,10.654,-1.9373,1.6769
-0.34392,0.80455,0.37643,0.3045,10.634,-1.8605,1.6756
-0.3424,0.80462,0.37684,0.3055,10.614,-1.784,1.6743
-0.34087,0.8047,0.37726,0.3065,10.594,-1.7081,1.6729
-0.33935,0.80476,0.37768,0.3075,10.573,-1.6329,1.6716
-0.33782,0.80483,0.37809,0.3085,10.553,-1.5586,1.6702
-0.3363,0.80489,0.3785,0.3095,10.531,-1.4854,1.6688
-0.33477,0.80495,0.37891,0.3105,10.51,-1.4135,1.6673
-0.33324,0.80501,0.37932,0.31149,10.489,-1.3431,1.6659
-0.33171,0.80506,0.37973,0.31249,10.467,-1.2743,1.6645
-0.33018,0.80511,0.38014,0.31348,10.445,-1.2073,1.663
-0.32865,0.80516,0.38054,0.31447,10.423,-1.1423,1.6615
-0.32711,0.80521,0.38095,0.31546,10.4,-1.0794,1.66
-0.32558,0.80525,0.38135,0.31645,10.377,-1.0189,1.6585
-0.32404,0.80529,0.38175,0.31744,10.354,-0.96078,1.6569
-0.3225,0.80533,0.38215,0.31843,10.331,-0.90528,1.6554
-0.32097,0.80536,0.38255,0.31942,10.307,-0.85251,1.6538
-0.31943,0.8054,0.38295,0.3204,10.284,-0.80261,1.6523
-0.31789,0.80542,0.38334,0.32139,10.26,-0.75571,1.6507
-0.31634,0.80545,0.38374,0.32237,10.236,-0.71191,1.649
-0.3148,0.80547,0.38413,0.32335,10.211,-0.67134,1.6474
-0.31326,0.80549,0.38452,0.32433,10.187,-0.63408,1.6458
-0.31171,0.80551,0.38491,0.32531,10.162,-0.60024,1.6441
-0.31017,0.80553,0.3853,0.32629,10.137,-0.5699,1.6425
-0.30862,0.80554,0.38569,0.32727,10.112,-0.54313,1.6408
-0.30707,0.80555,0.38608,0.32824,10.086,-0.52001,1.6391
-0.30552,0.80555,0.38646,0.32922,10.06,-0.50058,1.6374
-0.30397,0.80556,0.38685,0.33019,10.035,-0.4849,1.6356
-0.30242,0.80556,0.38723,0.33117,10.008,-0.47301,1.6339
-0.30087,0.80556,0.38761,0.33214,9.9822,-0.46493,1.6321
-0.29931,0.80555,0.38799,0.33311,9.9557,-0.4607,1.6304
-0.29776,0.80554,0.38837,0.33408,9.929,-0.46031,1.6286
-0.2962,0.80553,0.38875,0.33505,9.9022,-0.46376,1.6268
-0.29465,0.80552,0.38912,0.33601,9.8751,-0.47106,1.625
-0.29309,0.8055,0.3895,0.33698,9.8479,-0.48218,1.6232
-0.29153,0.80548,0.38987,0.33794,9.8204,-0.49709,1.6214
-0.28997,0.80546,0.39024,0.33891,9.7928,-0.51576,1.6195
-0.28841,0.80544,0.39061,0.33987,9.765,-0.53814,1.6177
-0.28685,0.80541,0.39098,0.34083,9.737,-0.56417,1.6158
-0.28528,0.80538,0.39135,0.34179,9.7089,-0.59379,1.6139
-0.28372,0.80535,0.39172,0.34275,9.6806,-0.62693,1.612
-0.28216,0.80531,0.39208,0.34371,9.6521,-0.6635,1.6101
-0.28059,0.80527,0.39245,0.34466,9.6235,-0.70341,1.6082
-0.27902,0.80523,0.39281,0.34562,9.5946,-0.74656,1.6063
-0.27746,0.80519,0.39317,0.34657,9.5657,-0.79284,1.6044
-0.27589,0.80514,0.39353,0.34753,9.5365,-0.84214,1.6024
-0.27432,0.80509,0.39389,0.34848,9.5073,-0.89434,1.6005
-0.27275,0.80504,0.39424,0.34943,9.4778,-0.94929,1.5985
-0.27117,0.80498,0.3946,0.35038,9.4483,-1.0069,1.5966
-0.2696,0.80492,0.39495,0.35132,9.4185,-1.0669,1.5946
-0.26803,0.80486,0.3953,0.35227,9.3887,-1.1293,1.5926
-0.26645,0.8048,0.39566,0.35322,9.3587,-1.1939,1.5906
-0.26488,0.80473,0.39601,0.35416,9.3285,-1.2605,1.5886
-0.2633,0.80466,0.39635,0.3551,9.2982,-1.3289,1.5865
-0.26173,0.80459,0.3967,0.35604,9.2678,-1.3991,1.5845
-0.26015,0.80451,0.39705,0.35699,9.2373,-1.4707,1.5825
-0.25857,0.80443,0.39739,0.35792,9.2067,-1.5436,1.5804
-0.25699,0.80435,0.39773,0.35886,9.1759,-1.6177,1.5784
-0.25541,0.80427,0.39808,0.3598,9.145,-1.6927,1.5763
-0.25383,0.80418,0.39842,0.36073,9.114,-1.7685,1.5743
-0.25224,0.80409,0.39875,0.36167,9.0829,-1.8449,1.5722
-0.25066,0.804,0.39909,0.3626,9.0516,-1.9217,1.5701
-0.24908,0.8039,0.39943,0.36353,9.0203,-1.9987,1.568
-0.24749,0.80381,0.39976,0.36446,8.9889,-2.0756,1.5659
-0.2459,0.80371,0.4001,0.36539,8.9573,-2.1524,1.5638
-0.24432,0.8036,0.40043,0.36632,8.9257,-2.2288,1.5617
-0.24273,0.8035,0.40076,0.36725,8.894,-2.3046,1.5596
-0.24114,0.80339,0.40109,0.36817,8.8622,-2.3797,1.5575
-0.23955,0.80328,0.40141,0.3691,8.8303,-2.4538,1.5554
-0.23796,0.80316,0.40174,0.37002,8.7983,-2.5268,1.5532
-0.23637,0.80304,0.40206,0.37094,8.7662,-2.5985,1.5511
-0.23478,0.80292,0.40239,0.37186,8.7341,-2.6686,1.5489
-0.23318,0.8028,0.40271,0.37278,8.7019,-2.7371,1.5468
-0.23159,0.80267,0.40303,0.3737,8.6696,-2.8038,1.5446
-0.23,0.80254,0.40335,0.37461,8.6373,-2.8684,1.5425
-0.2284,0.80241,0.40367,0.37553,8.6049,-2.9309,1.5403
-0.22681,0.80228,0.40398,0.37644,8.5724,-2.9911,1.5382
-0.22521,0.80214,0.4043,0.37735,8.5399,-3.0487,1.536
-0.22361,0.802,0.40461,0.37826,8.5073,-3.1038,1.5338
-0.22201,0.80186,0.40492,0.37917,8.4746,-3.1561,1.5316
-0.22041,0.80171,0.40523,0.38008,8.442,-3.2055,1.5295
-0.21881,0.80156,0.40554,0.38099,8.4092,-3.2519,1.5273
-0.21721,0.80141,0.40585,0.38189,8.3765,-3.2951,1.5251
-0.21561,0.80126,0.40616,0.3828,8.3437,-3.3352,1.5229
-0.21401,0.8011,0.40646,0.3837,8.3108,-3.3718,1.5207
-0.21241,0.80094,0.40676,0.3846,8.278,-3.4051,1.5185
-0.2108,0.80078,0.40707,0.3855,8.2451,-3.4349,1.5163
-0.2092,0.80061,0.40737,0.3864,8.2122,-3.461,1.5141
-0.20759,0.80045,0.40767,0.3873,8.1792,-3.4835,1.5119
-0.20599,0.80027,0.40796,0.38819,8.1463,-3.5023,1.5098
-0.20438,0.8001,0.40826,0.38909,8.1133,-3.5174,1.5076
-0.20277,0.79992,0.40856,0.38998,8.0803,-3.5286,1.5054
-0.20116,0.79975,0.40885,0.39087,8.0473,-3.536,1.5032
-0.19956,0.79956,0.40914,0.39177,8.0143,-3.5396,1.501
-0.19795,0.79938,0.40943,0.39265,7.9813,-3.5394,1.4988
-0.19634,0.79919,0.40972,0.39354,7.9483,-3.5353,1.4966
-0.19472,0.799,0.41001,0.39443,7.9153,-3.5273,1.4944
-0.19311,0.79881,0.41029,0.39531,7.8823,-3.5156,1.4922
-0.1915,0.79861,0.41058,0.3962,7.8494,-3.5,1.49
-0.18989,0.79841,0.41086,0.39708,7.8164,-3.4807,1.4878
-0.18827,0.79821,0.41115,0.39796,7.7835,-3.4577,1.4856
-0.18666,0.79801,0.41143,0.39884,7.7505,-3.4311,1.4834
-0.18505,0.7978,0.4117,0.39972,7.7176,-3.4009,1.4812
-0.18343,0.79759,0.41198,0.4006,7.6848,-3.3672,1.479
-0.18181,0.79738,0.41226,0.40147,7.652,-3.33,1.4768
-0.1802,0.79716,0.41253,0.40235,7.6192,-3.2896,1.4746
-0.17858,0.79694,0.41281,0.40322,7.5864,-3.2459,1.4724
-0.17696,0.79672,0.41308,0.40409,7.5537,-3.1991,1.4702
-0.17534,0.7965,0.41335,0.40496,7.521,-3.1493,1.4681
-0.17372,0.79627,0.41362,0.40583,7.4884,-3.0966,1.4659
-0.1721,0.79604,0.41389,0.40669,7.4558,-3.0412,1.4637
-0.17048,0.79581,0.41415,0.40756,7.4233,-2.9832,1.4616
-0.16886,0.79557,0.41442,0.40842,7.3908,-2.9227,1.4594
-0.16724,0.79533,0.41468,0.40929,7.3584,-2.8599,1.4572
-0.16562,0.79509,0.41494,0.41015,7.3261,-2.795,1.4551
-0.16399,0.79485,0.4152,0.41101,7.2938,-2.7281,1.4529
-0.16237,0.7946,0.41546,0.41187,7.2616,-2.6594,1.4508
-0.16075,0.79435,0.41572,0.41272,7.2295,-2.589,1.4486
-0.15912,0.7941,0.41597,0.41358,7.1974,-2.5171,1.4465
-0.1575,0.79385,0.41623,0.41443,7.1655,-2.444,1.4444
-0.15587,0.79359,0.41648,0.41529,7.1336,-2.3697,1.4422
-0.15425,0.79333,0.41673,0.41614,7.1018,-2.2946,1.4401
-0.15262,0.79307,0.41698,0.41699,7.0701,-2.2187,1.438
-0.15099,0.7928,0.41723,0.41783,7.0385,-2.1422,1.4359
-0.14936,0.79253,0.41748,0.41868,7.0069,-2.0654,1.4338
-0.14774,0.79226,0.41772,0.41953,6.9755,-1.9884,1.4317
-0.14611,0.79199,0.41797,0.42037,6.9442,-1.9114,1.4296
-0.14448,0.79171,0.41821,0.42121,6.913,-1.8347,1.4275
-0.14285,0.79143,0.41845,0.42205,6.8819,-1.7584,1.4255
-0.14122,0.79115,0.41869,0.42289,6.8509,-1.6827,1.4234
-0.13959,0.79086,0.41893,0.42373,6.82,-1.6078,1.4213
-0.13795,0.79058,0.41917,0.42457,6.7893,-1.5338,1.4193
-0.13632,0.79028,0.4194,0.4254,6.7586,-1.4611,1.4172
-0.13469,0.78999,0.41964,0.42624,6.7281,-1.3896,1.4152
-0.13306,0.7897,0.41987,0.42707,6.6977,-1.3197,1.4132
-0.13142,0.7894,0.4201,0.4279,6.6675,-1.2515,1.4112
-0.12979,0.78909,0.42033,0.42873,6.6373,-1.1852,1.4092
-0.12816,0.78879,0.42056,0.42955,6.6074,-1.1209,1.4072
-0.12652,0.78848,0.42079,0.43038,6.5775,-1.0588,1.4052
-0.12489,0.78817,0.42101,0.4312,6.5478,-0.99906,1.4032
-0.12325,0.78786,0.42123,0.43203,6.5182,-0.94182,1.4012
-0.12162,0.78754,0.42146,0.43285,6.4888,-0.88722,1.3993
-0.11998,0.78723,0.42168,0.43367,6.4596,-0.8354,1.3973
-0.11834,0.7869,0.4219,0.43449,6.4305,-0.7865,1.3954
-0.1167,0.78658,0.42211,0.4353,6.4015,-0.74063,1.3934
-0.11507,0.78625,0.42233,0.43612,6.3727,-0.6979,1.3915
-0.11343,0.78593,0.42255,0.43693,6.3441,-0.65843,1.3896
-0.11179,0.78559,0.42276,0.43775,6.3156,-0.62232,1.3877
-0.11015,0.78526,0.42297,0.43856,6.2873,-0.58964,1.3858
-0.10851,0.78492,0.42318,0.43937,6.2592,-0.5605,1.3839
-0.10687,0.78458,0.42339,0.44017,6.2313,-0.53495,1.3821
-0.10523,0.78424,0.4236,0.44098,6.2035,-0.51306,1.3802
-0.10359,0.78389,0.4238,0.44178,6.1759,-0.49489,1.3784
-0.10195,0.78354,0.42401,0.44259,6.1485,-0.48048,1.3766
-0.10031,0.78319,0.42421,0.44339,6.1213,-0.46987,1.3748
-0.09867,0.78284,0.42441,0.44419,6.0942,-0.46308,1.3729
-0.097028,0.78248,0.42461,0.44499,6.0674,-0.46014,1.3712
-0.095386,0.78212,0.42481,0.44578,6.0407,-0.46104,1.3694
-0.093744,0.78176,0.42501,0.44658,6.0143,-0.46579,1.3676
-0.092101,0.78139,0.4252,0.44737,5.988,-0.47437,1.3659
-0.090458,0.78103,0.4254,0.44816,5.962,-0.48677,1.3641
-0.088815,0.78066,0.42559,0.44896,5.9361,-0.50295,1.3624
-0.087171,0.78028,0.42578,0.44974,5.9105,-0.52288,1.3607
-0.085527,0.77991,0.42597,0.45053,5.885,-0.54649,1.359
-0.083883,0.77953,0.42616,0.45132,5.8598,-0.57374,1.3573
-0.082238,0.77915,0.42635,0.4521,5.8348,-0.60455,1.3557
-0.080593,0.77876,0.42653,0.45288,5.81,-0.63885,1.354
-0.078948,0.77838,0.42672,0.45367,5.7854,-0.67655,1.3524
-0.077303,0.77799,0.4269,0.45445,5.7611,-0.71756,1.3507
-0.075657,0.77759,0.42708,0.45522,5.7369,-0.76178,1.3491
-0.074011,0.7772,0.42726,0.456,5.713,-0.80909,1.3475
-0.072365,0.7768,0.42743,0.45677,5.6894,-0.85938,1.346
-0.070718,0.7764,0.42761,0.45755,5.6659,-0.91252,1.3444
-0.069072,0.776,0.42779,0.45832,5.6427,-0.96837,1.3428
-0.067425,0.77559,0.42796,0.45909,5.6197,-1.0268,1.3413
-0.065778,0.77518,0.42813,0.45986,5.597,-1.0877,1.3398
-0.06413,0.77477,0.4283,0.46062,5.5745,-1.1508,1.3383
-0.062483,0.77436,0.42847,0.46139,5.5522,-1.2161,1.3368
-0.060835,0.77394,0.42864,0.46215,5.5302,-1.2833,1.3353
-0.059187,0.77352,0.4288,0.46291,5.5085,-1.3523,1.3339
-0.057538,0.7731,0.42897,0.46367,5.487,-1.423,1.3325
-0.05589,0.77267,0.42913,0.46443,5.4657,-1.4951,1.331
-0.054241,0.77225,0.42929,0.46519,5.4447,-1.5684,1.3296
-0.052592,0.77182,0.42945,0.46595,5.4239,-1.6428,1.3283
-0.050943,0.77138,0.42961,0.4667,5.4034,-1.7181,1.3269
-0.049294,0.77095,0.42976,0.46745,5.3832,-1.7942,1.3255
-0.047645,0.77051,0.42992,0.4682,5.3632,-1.8707,1.3242
-0.045995,0.77007,0.43007,0.46895,5.3435,-1.9476,1.3229
-0.044345,0.76963,0.43023,0.4697,5.3241,-2.0245,1.3216
-0.042695,0.76918,0.43038,0.47044,5.3049,-2.1015,1.3203
-0.041045,0.76873,0.43053,0.47119,5.286,-2.1782,1.3191
-0.039395,0.76828,0.43067,0.47193,5.2674,-2.2544,1.3178
-0.037745,0.76782,0.43082,0.47267,5.249,-2.33,1.3166
-0.036094,0.76737,0.43096,0.47341,5.2309,-2.4047,1.3154
-0.034444,0.76691,0.43111,0.47415,5.2131,-2.4785,1.3142
-0.032793,0.76644,0.43125,0.47488,5.1956,-2.5511,1.313
-0.031142,0.76598,0.43139,0.47562,5.1783,-2.6222,1.3119
-0.029491,0.76551,0.43153,0.47635,5.1613,-2.6919,1.3108
-0.02784,0.76504,0.43166,0.47708,5.1446,-2.7598,1.3096
-0.026189,0.76457,0.4318,0.47781,5.1282,-2.8258,1.3085
-0.024538,0.76409,0.43193,0.47854,5.1121,-2.8897,1.3075
-0.022887,0.76361,0.43207,0.47926,5.0963,-2.9514,1.3064
-0.021235,0.76313,0.4322,0.47999,5.0808,-3.0107,1.3054
-0.019584,0.76265,0.43233,0.48071,5.0655,-3.0676,1.3044
-0.017932,0.76216,0.43246,0.48143,5.0506,-3.1217,1.3034
-0.016281,0.76167,0.43258,0.48215,5.0359,-3.173,1.3024
-0.014629,0.76118,0.43271,0.48286,5.0216,-3.2214,1.3014
-0.012977,0.76068,0.43283,0.48358,5.0075,-3.2668,1.3005
-0.011326,0.76019,0.43295,0.48429,4.9937,-3.309,1.2996
-0.0096739,0.75969,0.43307,0.48501,4.9803,-3.3479,1.2987
-0.0080221,0.75918,0.43319,0.48572,4.9671,-3.3834,1.2978
-0.0063702,0.75868,0.43331,0.48642,4.9543,-3.4155,1.297
-0.0047184,0.75817,0.43342,0.48713,4.9417,-3.4441,1.2961
-0.0030665,0.75766,0.43354,0.48784,4.9295,-3.469,1.2953
-0.0014146,0.75715,0.43365,0.48854,4.9175,-3.4903,1.2945
0.0002373,0.75663,0.43376,0.48924,4.9059,-3.5078,1.2937
0.0018892,0.75611,0.43387,0.48994,4.8946,-3.5216,1.293
0.0035411,0.75559,0.43398,0.49064,4.8836,-3.5315,1.2922
0.005193,0.75507,0.43409,0.49134,4.8729,-3.5377,1.2915
0.0068448,0.75454,0.43419,0.49203,4.8625,-3.54,1.2908
0.0084967,0.75401,0.4343,0.49273,4.8524,-3.5384,1.2902
0.010148,0.75348,0.4344,0.49342,4.8427,-3.533,1.2895
0.0118,0.75295,0.4345,0.49411,4.8332,-3.5238,1.2889
0.013452,0.75241,0.4346,0.4948,4.8241,-3.5108,1.2883
0.015104,0.75187,0.4347,0.49548,4.8153,-3.494,1.2877
0.016755,0.75133,0.43479,0.49617,4.8068,-3.4734,1.2871
0.018407,0.75078,0.43489,0.49685,4.7987,-3.4492,1.2866
0.020058,0.75023,0.43498,0.49753,4.7908,-3.4213,1.2861
0.02171,0.74968,0.43507,0.49821,4.7833,-3.3899,1.2856
0.023361,0.74913,0.43516,0.49889,4.7761,-3.355,1.2851
0.025012,0.74858,0.43525,0.49956,4.7692,-3.3168,1.2846
0.026664,0.74802,0.43534,0.50024,4.7626,-3.2752,1.2842
0.028315,0.74746,0.43542,0.50091,4.7564,-3.2305,1.2838
0.029966,0.74689,0.43551,0.50158,4.7505,-3.1827,1.2834
0.031617,0.74633,0.43559,0.50225,4.7449,-3.1319,1.283
0.033267,0.74576,0.43567,0.50292,4.7396,-3.0783,1.2826
0.034918,0.74519,0.43575,0.50358,4.7347,-3.022,1.2823
0.036569,0.74461,0.43583,0.50425,4.7301,-2.9631,1.282
0.038219,0.74404,0.4359,0.50491,4.7258,-2.9019,1.2817
0.039869,0.74346,0.43598,0.50557,4.7218,-2.8383,1.2815
0.041519,0.74288,0.43605,0.50623,4.7182,-2.7727,1.2812
0.043169,0.74229,0.43612,0.50688,4.7149,-2.7052,1.281
0.044819,0.74171,0.43619,0.50754,4.712,-2.6359,1.2808
0.046469,0.74112,0.43626,0.50819,4.7093,-2.565,1.2806
0.048118,0.74053,0.43633,0.50884,4.707,-2.4927,1.2805
0.049768,0.73993,0.4364,0.50949,4.705,-2.4191,1.2803
0.051417,0.73933,0.43646,0.51014,4.7034,-2.3446,1.2802
0.053066,0.73873,0.43652,0.51079,4.702,-2.2691,1.2801
0.054715,0.73813,0.43658,0.51143,4.701,-2.193,1.2801
0.056363,0.73753,0.43664,0.51207,4.7004,-2.1164,1.28
0.058012,0.73692,0.4367,0.51271,4.7,-2.0395,1.28
0.05966,0.73631,0.43676,0.51335,4.7,-1.9625,1.28
0.061308,0.7357,0.43681,0.51399,4.7004,-1.8856,1.28
0.062956,0.73508,0.43687,0.51463,4.701,-1.809,1.2801
0.064604,0.73446,0.43692,0.51526,4.702,-1.7329,1.2801
0.066251,0.73384,0.43697,0.51589,4.7033,-1.6574,1.2802
0.067898,0.73322,0.43702,0.51652,4.705,-1.5828,1.2803
0.069545,0.7326,0.43706,0.51715,4.7069,-1.5092,1.2805
0.071192,0.73197,0.43711,0.51777,4.7092,-1.4369,1.2806
0.072838,0.73134,0.43715,0.5184,4.7119,-1.3659,1.2808
0.074484,0.7307,0.4372,0.51902,4.7148,-1.2966,1.281
0.07613,0.73007,0.43724,0.51964,4.7181,-1.229,1.2812
0.077776,0.72943,0.43728,0.52026,4.7217,-1.1633,1.2814
0.079421,0.72879,0.43732,0.52088,4.7257,-1.0998,1.2817
0.081066,0.72815,0.43735,0.52149,4.73,-1.0384,1.282
0.082711,0.7275,0.43739,0.52211,4.7346,-0.97952,1.2823
0.084355,0.72685,0.43742,0.52272,4.7395,-0.92315,1.2826
0.085999,0.7262,0.43745,0.52333,4.7447,-0.86948,1.283
0.087643,0.72555,0.43748,0.52394,4.7503,-0.81863,1.2834
0.089287,0.72489,0.43751,0.52454,4.7562,-0.77073,1.2837
0.09093,0.72423,0.43754,0.52515,4.7625,-0.7259,1.2842
0.092573,0.72357,0.43757,0.52575,4.769,-0.68426,1.2846
0.094216,0.72291,0.43759,0.52635,4.7759,-0.64591,1.2851
0.095858,0.72224,0.43761,0.52695,4.7831,-0.61094,1.2855
0.0975,0.72157,0.43763,0.52754,4.7906,-0.57944,1.286
0.099142,0.7209,0.43765,0.52814,4.7984,-0.5515,1.2866
0.10078,0.72023,0.43767,0.52873,4.8066,-0.52717,1.2871
0.10242,0.71955,0.43769,0.52932,4.8151,-0.50653,1.2877
0.10406,0.71887,0.4377,0.52991,4.8239,-0.48962,1.2883
0.1057,0.71819,0.43772,0.5305,4.833,-0.47648,1.2889
0.10734,0.71751,0.43773,0.53109,4.8424,-0.46716,1.2895
0.10898,0.71682,0.43774,0.53167,4.8522,-0.46166,1.2901
0.11062,0.71613,0.43775,0.53225,4.8622,-0.46001,1.2908
0.11226,0.71544,0.43776,0.53283,4.8726,-0.46221,1.2915
0.1139,0.71475,0.43776,0.53341,4.8833,-0.46825,1.2922
0.11554,0.71405,0.43777,0.53399,4.8943,-0.47812,1.293
0.11718,0.71335,0.43777,0.53456,4.9056,-0.49179,1.2937
0.11881,0.71265,0.43777,0.53514,4.9172,-0.50924,1.2945
0.12045,0.71195,0.43777,0.53571,4.9292,-0.53041,1.2953
0.12209,0.71124,0.43777,0.53628,4.9414,-0.55525,1.2961
0.12372,0.71053,0.43777,0.53684,4.9539,-0.58371,1.2969
0.12536,0.70982,0.43776,0.53741,4.9668,-0.6157,1.2978
0.12699,0.70911,0.43776,0.53797,4.9799,-0.65115,1.2987
0.12863,0.70839,0.43775,0.53853,4.9934,-0.68998,1.2996
0.13026,0.70767,0.43774,0.53909,5.0071,-0.73208,1.3005
0.13189,0.70695,0.43773,0.53965,5.0212,-0.77735,1.3014
0.13353,0.70623,0.43771,0.54021,5.0355,-0.82568,1.3024
0.13516,0.7055,0.4377,0.54076,5.0502,-0.87694,1.3033
0.13679,0.70477,0.43769,0.54131,5.0651,-0.931,1.3043
0.13842,0.70404,0.43767,0.54186,5.0804,-0.98774,1.3054
0.14005,0.70331,0.43765,0.54241,5.0959,-1.047,1.3064
0.14169,0.70257,0.43763,0.54296,5.1117,-1.1087,1.3074
0.14332,0.70183,0.43761,0.5435,5.1278,-1.1725,1.3085
0.14495,0.70109,0.43758,0.54404,5.1442,-1.2385,1.3096
0.14657,0.70035,0.43756,0.54458,5.1609,-1.3063,1.3107
0.1482,0.6996,0.43753,0.54512,5.1779,-1.3759,1.3119
0.14983,0.69885,0.43751,0.54566,5.1951,-1.4471,1.313
0.15146,0.6981,0.43748,0.54619,5.2126,-1.5196,1.3142
0.15309,0.69735,0.43745,0.54673,5.2304,-1.5933,1.3154
0.15471,0.69659,0.43741,0.54726,5.2485,-1.6681,1.3166
0.15634,0.69583,0.43738,0.54779,5.2669,-1.7436,1.3178
0.15796,0.69507,0.43734,0.54831,5.2855,-1.8199,1.319
0.15959,0.69431,0.43731,0.54884,5.3044,-1.8965,1.3203
0.16121,0.69355,0.43727,0.54936,5.3236,-1.9734,1.3216
0.16284,0.69278,0.43723,0.54988,5.343,-2.0504,1.3229
0.16446,0.69201,0.43719,0.5504,5.3627,-2.1273,1.3242
0.16608,0.69124,0.43714,0.55092,5.3827,-2.2038,1.3255
0.16771,0.69046,0.4371,0.55144,5.4029,-2.2799,1.3269
0.16933,0.68968,0.43705,0.55195,5.4234,-2.3552,1.3282
0.17095,0.6889,0.43701,0.55246,5.4441,-2.4297,1.3296
0.17257,0.68812,0.43696,0.55297,5.4651,-2.503,1.331
0.17419,0.68734,0.43691,0.55348,5.4864,-2.5752,1.3324
0.17581,0.68655,0.43685,0.55399,5.5079,-2.6458,1.3339
0.17743,0.68576,0.4368,0.55449,5.5297,-2.7149,1.3353
0.17904,0.68497,0.43674,0.55499,5.5517,-2.7822,1.3368
0.18066,0.68417,0.43669,0.55549,5.5739,-2.8475,1.3383
0.18228,0.68338,0.43663,0.55599,5.5964,-2.9107,1.3398
0.18389,0.68258,0.43657,0.55649,5.6191,-2.9716,1.3413
0.18551,0.68178,0.43651,0.55698,5.6421,-3.0301,1.3428
0.18712,0.68097,0.43645,0.55747,5.6653,-3.0861,1.3444
0.18874,0.68016,0.43638,0.55797,5.6888,-3.1393,1.3459
0.19035,0.67936,0.43631,0.55845,5.7124,-3.1896,1.3475
0.19196,0.67855,0.43625,0.55894,5.7363,-3.237,1.3491
0.19358,0.67773,0.43618,0.55943,5.7604,-3.2813,1.3507
0.19519,0.67692,0.43611,0.55991,5.7848,-3.3224,1.3523
0.1968,0.6761,0.43604,0.56039,5.8094,-3.3602,1.354
0.19841,0.67528,0.43596,0.56087,5.8342,-3.3946,1.3556
0.20002,0.67445,0.43589,0.56134,5.8592,-3.4255,1.3573
0.20163,0.67363,0.43581,0.56182,5.8844,-3.4528,1.359
0.20323,0.6728,0.43573,0.56229,5.9098,-3.4766,1.3607
0.20484,0.67197,0.43565,0.56276,5.9355,-3.4966,1.3624
0.20645,0.67114,0.43557,0.56323,5.9613,-3.5129,1.3641
0.20805,0.6703,0.43549,0.5637,5.9874,-3.5254,1.3658
0.20966,0.66947,0.4354,0.56416,6.0136,-3.534,1.3676
0.21126,0.66863,0.43532,0.56463,6.0401,-3.5389,1.3693
0.21287,0.66779,0.43523,0.56509,6.0667,-3.5399,1.3711
0.21447,0.66694,0.43514,0.56555,6.0935,-3.537,1.3729
0.21607,0.6661,0.43505,0.566,6.1206,-3.5304,1.3747
0.21767,0.66525,0.43496,0.56646,6.1478,-3.5198,1.3765
0.21927,0.6644,0.43487,0.56691,6.1752,-3.5055,1.3783
0.22087,0.66354,0.43477,0.56736,6.2028,-3.4875,1.3802
0.22247,0.66269,0.43467,0.56781,6.2305,-3.4657,1.382
0.22407,0.66183,0.43458,0.56826,6.2585,-3.4402,1.3839
0.22567,0.66097,0.43448,0.5687,6.2866,-3.4112,1.3858
0.22726,0.66011,0.43438,0.56915,6.3149,-3.3786,1.3877
0.22886,0.65924,0.43427,0.56959,6.3434,-3.3426,1.3896
0.23045,0.65837,0.43417,0.57003,6.372,-3.3032,1.3915
0.23205,0.6575,0.43406,0.57046,6.4008,-3.2605,1.3934
0.23364,0.65663,0.43396,0.5709,6.4297,-3.2147,1.3953
0.23524,0.65576,0.43385,0.57133,6.4588,-3.1659,1.3973
0.23683,0.65488,0.43374,0.57176,6.4881,-3.1142,1.3992
0.23842,0.654,0.43363,0.57219,6.5175,-3.0596,1.4012
0.24001,0.65312,0.43351,0.57262,6.547,-3.0025,1.4031
0.2416,0.65224,0.4334,0.57305,6.5767,-2.9428,1.4051
0.24319,0.65135,0.43328,0.57347,6.6066,-2.8807,1.4071
0.24477,0.65047,0.43316,0.57389,6.6366,-2.8165,1.4091
0.24636,0.64957,0.43305,0.57431,6.6667,-2.7502,1.4111
0.24795,0.64868,0.43292,0.57473,6.6969,-2.6821,1.4131
0.24953,0.64779,0.4328,0.57514,6.7273,-2.6122,1.4152
0.25111,0.64689,0.43268,0.57555,6.7578,-2.5408,1.4172
0.2527,0.64599,0.43255,0.57597,6.7885,-2.4681,1.4192
0.25428,0.64509,0.43243,0.57637,6.8192,-2.3942,1.4213
0.25586,0.64419,0.4323,0.57678,6.8501,-2.3193,1.4233
0.25744,0.64328,0.43217,0.57719,6.8811,-2.2436,1.4254
0.25902,0.64237,0.43204,0.57759,6.9122,-2.1673,1.4275
0.2606,0.64146,0.4319,0.57799,6.9434,-2.0906,1.4296
0.26218,0.64055,0.43177,0.57839,6.9747,-2.0136,1.4316
0.26376,0.63963,0.43163,0.57879,7.0061,-1.9366,1.4337
0.26533,0.63872,0.4315,0.57918,7.0376,-1.8598,1.4358
0.26691,0.6378,0.43136,0.57957,7.0692,-1.7833,1.4379
0.26848,0.63688,0.43122,0.57997,7.101,-1.7074,1.4401
0.27005,0.63595,0.43107,0.58035,7.1327,-1.6322,1.4422
0.27163,0.63503,0.43093,0.58074,7.1646,-1.5579,1.4443
0.2732,0.6341,0.43079,0.58113,7.1966,-1.4847,1.4464
0.27477,0.63317,0.43064,0.58151,7.2286,-1.4129,1.4486
0.27634,0.63223,0.43049,0.58189,7.2608,-1.3424,1.4507
0.27791,0.6313,0.43034,0.58227,7.293,-1.2737,1.4529
0.27947,0.63036,0.43019,0.58264,7.3252,-1.2067,1.455
0.28104,0.62942,0.43004,0.58302,7.3576,-1.1417,1.4572
0.28261,0.62848,0.42988,0.58339,7.39,-1.0789,1.4593
0.28417,0.62754,0.42973,0.58376,7.4224,-1.0184,1.4615
0.28573,0.62659,0.42957,0.58413,7.455,-0.96027,1.4637
0.2873,0.62564,0.42941,0.5845,7.4875,-0.9048,1.4658
0.28886,0.62469,0.42925,0.58486,7.5201,-0.85205,1.468
0.29042,0.62374,0.42909,0.58522,7.5528,-0.80218,1.4702
0.29198,0.62278,0.42893,0.58558,7.5855,-0.7553,1.4724
0.29354,0.62183,0.42876,0.58594,7.6183,-0.71154,1.4746
0.29509,0.62087,0.4286,0.5863,7.6511,-0.67099,1.4767
0.29665,0.61991,0.42843,0.58665,7.6839,-0.63377,1.4789
0.29821,0.61894,0.42826,0.587,7.7168,-0.59996,1.4811
0.29976,0.61798,0.42809,0.58735,7.7497,-0.56965,1.4833
0.30131,0.61701,0.42792,0.5877,7.7826,-0.54291,1.4855
0.30287,0.61604,0.42775,0.58805,7.8155,-0.51982,1.4877
0.30442,0.61507,0.42757,0.58839,7.8485,-0.50042,1.4899
0.30597,0.61409,0.42739,0.58873,7.8815,-0.48478,1.4921
0.30752,0.61312,0.42722,0.58907,7.9145,-0.47292,1.4943
0.30906,0.61214,0.42704,0.58941,7.9474,-0.46488,1.4965
0.31061,0.61116,0.42686,0.58975,7.9804,-0.46068,1.4987
0.31216,0.61017,0.42667,0.59008,8.0134,-0.46032,1.5009
0.3137,0.60919,0.42649,0.59041,8.0464,-0.46381,1.5031
0.31524,0.6082,0.4263,0.59074,8.0794,-0.47114,1.5053
0.31679,0.60721,0.42612,0.59107,8.1124,-0.4823,1.5075
0.31833,0.60622,0.42593,0.59139,8.1454,-0.49724,1.5097
0.31987,0.60523,0.42574,0.59172,8.1784,-0.51594,1.5119
0.32141,0.60423,0.42555,0.59204,8.2113,-0.53836,1.5141
0.32295,0.60323,0.42535,0.59236,8.2442,-0.56442,1.5163
0.32448,0.60224,0.42516,0.59267,8.2771,-0.59407,1.5185
0.32602,0.60123,0.42496,0.59299,8.31,-0.62724,1.5207
0.32755,0.60023,0.42477,0.5933,8.3428,-0.66384,1.5229
0.32909,0.59922,0.42457,0.59361,8.3756,-0.70378,1.525
0.33062,0.59821,0.42437,0.59392,8.4084,-0.74696,1.5272
0.33215,0.5972,0.42417,0.59423,8.4411,-0.79327,1.5294
0.33368,0.59619,0.42396,0.59453,8.4738,-0.84259,1.5316
0.33521,0.59518,0.42376,0.59484,8.5064,-0.89481,1.5338
0.33674,0.59416,0.42355,0.59514,8.539,-0.94979,1.5359
0.33826,0.59314,0.42334,0.59543,8.5715,-1.0074,1.5381
0.33979,0.59212,0.42313,0.59573,8.604,-1.0675,1.5403
0.34131,0.5911,0.42292,0.59602,8.6364,-1.1299,1.5424
0.34283,0.59007,0.42271,0.59632,8.6688,-1.1945,1.5446
0.34436,0.58905,0.4225,0.59661,8.7011,-1.2611,1.5467
0.34588,0.58802,0.42228,0.59689,8.7333,-1.3296,1.5489
0.3474,0.58699,0.42207,0.59718,8.7654,-1.3997,1.551
0.34891,0.58595,0.42185,0.59746,8.7975,-1.4713,1.5532
0.35043,0.58492,0.42163,0.59775,8.8295,-1.5443,1.5553
0.35195,0.58388,0.42141,0.59802,8.8613,-1.6184,1.5574
0.35346,0.58284,0.42118,0.5983,8.8932,-1.6934,1.5595
0.35497,0.5818,0.42096,0.59858,8.9249,-1.7692,1.5617
0.35649,0.58076,0.42073,0.59885,8.9565,-1.8456,1.5638
0.358,0.57971,0.42051,0.59912,8.9881,-1.9224,1.5659
0.35951,0.57866,0.42028,0.59939,9.0195,-1.9993,1.568
0.36101,0.57761,0.42005,0.59966,9.0508,-2.0763,1.5701
0.36252,0.57656,0.41982,0.59992,9.0821,-2.1531,1.5721
0.36403,0.57551,0.41958,0.60019,9.1132,-2.2295,1.5742
0.36553,0.57445,0.41935,0.60045,9.1442,-2.3053,1.5763
0.36703,0.5734,0.41911,0.6007,9.1751,-2.3804,1.5783
0.36854,0.57234,0.41888,0.60096,9.2059,-2.4545,1.5804
0.37004,0.57128,0.41864,0.60122,9.2365,-2.5274,1.5824
0.37154,0.57021,0.4184,0.60147,9.267,-2.5991,1.5845
0.37303,0.56915,0.41816,0.60172,9.2975,-2.6693,1.5865
0.37453,0.56808,0.41791,0.60197,9.3277,-2.7377,1.5885
0.37603,0.56701,0.41767,0.60221,9.3579,-2.8044,1.5905
0.37752,0.56594,0.41742,0.60245,9.3879,-2.869,1.5925
0.37901,0.56486,0.41718,0.6027,9.4178,-2.9315,1.5945
0.3805,0.56379,0.41693,0.60294,9.4475,-2.9916,1.5965
0.38199,0.56271,0.41668,0.60317,9.4771,-3.0492,1.5985
0.38348,0.56163,0.41642,0.60341,9.5065,-3.1043,1.6004
0.38497,0.56055,0.41617,0.60364,9.5358,-3.1565,1.6024
0.38646,0.55947,0.41592,0.60387,9.5649,-3.2059,1.6043
0.38794,0.55838,0.41566,0.6041,9.5939,-3.2523,1.6063
0.38942,0.55729,0.4154,0.60433,9.6227,-3.2955,1.6082
0.3909,0.55621,0.41514,0.60455,9.6514,-3.3355,1.6101
0.39239,0.55511,0.41488,0.60478,9.6798,-3.3722,1.612
0.39386,0.55402,0.41462,0.605,9.7082,-3.4054,1.6139
0.39534,0.55293,0.41436,0.60522,9.7363,-3.4351,1.6158
0.39682,0.55183,0.41409,0.60543,9.7643,-3.4612,1.6176
0.39829,0.55073,0.41382,0.60565,9.7921,-3.4837,1.6195
0.39977,0.54963,0.41356,0.60586,9.8197,-3.5025,1.6213
0.40124,0.54853,0.41329,0.60607,9.8471,-3.5175,1.6231
0.40271,0.54742,0.41302,0.60628,9.8744,-3.5287,1.625
0.40418,0.54632,0.41274,0.60648,9.9015,-3.5361,1.6268
0.40565,0.54521,0.41247,0.60669,9.9283,-3.5397,1.6286
0.40711,0.5441,0.4122,0.60689,9.955,-3.5394,1.6303
0.40858,0.54298,0.41192,0.60709,9.9815,-3.5352,1.6321
0.41004,0.54187,0.41164,0.60728,10.008,-3.5272,1.6339
0.41151,0.54075,0.41136,0.60748,10.034,-3.5155,1.6356
0.41297,0.53964,0.41108,0.60767,10.06,-3.4999,1.6373
0.41443,0.53852,0.4108,0.60786,10.085,-3.4805,1.639
0.41588,0.53739,0.41052,0.60805,10.111,-3.4575,1.6407
0.41734,0.53627,0.41023,0.60824,10.136,-3.4308,1.6424
0.41879,0.53515,0.40994,0.60842,10.161,-3.4006,1.6441
0.42025,0.53402,0.40966,0.6086,10.186,-3.3668,1.6457
0.4217,0.53289,0.40937,0.60878,10.211,-3.3297,1.6474
0.42315,0.53176,0.40907,0.60896,10.235,-3.2892,1.649
0.4246,0.53062,0.40878,0.60914,10.259,-3.2455,1.6506
0.42605,0.52949,0.40849,0.60931,10.283,-3.1986,1.6522
0.42749,0.52835,0.40819,0.60948,10.307,-3.1488,1.6538
0.42894,0.52721,0.4079,0.60965,10.33,-3.0961,1.6554
0.43038,0.52607,0.4076,0.60982,10.354,-3.0407,1.6569
0.43182,0.52493,0.4073,0.60999,10.377,-2.9827,1.6584
0.43326,0.52379,0.407,0.61015,10.399,-2.9222,1.66
0.4347,0.52264,0.4067,0.61031,10.422,-2.8594,1.6615
0.43614,0.52149,0.40639,0.61047,10.444,-2.7944,1.6629
0.43757,0.52034,0.40609,0.61063,10.466,-2.7275,1.6644
0.43901,0.51919,0.40578,0.61078,10.488,-2.6588,1.6659
0.44044,0.51804,0.40547,0.61093,10.51,-2.5884,1.6673
0.44187,0.51688,0.40516,0.61108,10.531,-2.5165,1.6687
0.4433,0.51573,0.40485,0.61123,10.552,-2.4433,1.6701
0.44473,0.51457,0.40454,0.61138,10.573,-2.3691,1.6715
0.44616,0.51341,0.40423,0.61152,10.593,-2.2939,1.6729
0.44758,0.51225,0.40391,0.61166,10.614,-2.218,1.6742
0.449,0.51108,0.40359,0.6118,10.634,-2.1415,1.6756
0.45043,0.50992,0.40328,0.61194,10.653,-2.0647,1.6769
0.45185,0.50875,0.40296,0.61207,10.673,-1.9877,1.6782
0.45326,0.50758,0.40264,0.61221,10.692,-1.9108,1.6795
0.45468,0.50641,0.40231,0.61234,10.711,-1.834,1.6807
0.4561,0.50524,0.40199,0.61247,10.73,-1.7577,1.682
0.45751,0.50406,0.40167,0.61259,10.748,-1.682,1.6832
0.45892,0.50288,0.40134,0.61272,10.766,-1.6071,1.6844
0.46033,0.50171,0.40101,0.61284,10.784,-1.5332,1.6856
0.46174,0.50053,0.40068,0.61296,10.802,-1.4604,1.6868
0.46315,0.49934,0.40035,0.61308,10.819,-1.389,1.6879
0.46455,0.49816,0.40002,0.6132,10.836,-1.3191,1.6891
0.46596,0.49698,0.39969,0.61331,10.853,-1.2509,1.6902
0.46736,0.49579,0.39935,0.61342,10.869,-1.1846,1.6913
0.46876,0.4946,0.39901,0.61353,10.885,-1.1203,1.6924
0.47016,0.49341,0.39868,0.61364,10.901,-1.0583,1.6934
0.47156,0.49222,0.39834,0.61374,10.917,-0.99854,1.6945
0.47295,0.49102,0.398,0.61385,10.932,-0.94132,1.6955
0.47435,0.48983,0.39766,0.61395,10.947,-0.88675,1.6965
0.47574,0.48863,0.39731,0.61405,10.962,-0.83496,1.6975
0.47713,0.48743,0.39697,0.61414,10.976,-0.78608,1.6984
0.47852,0.48623,0.39662,0.61424,10.99,-0.74023,1.6994
0.47991,0.48503,0.39628,0.61433,11.004,-0.69754,1.7003
0.48129,0.48383,0.39593,0.61442,11.018,-0.6581,1.7012
0.48268,0.48262,0.39558,0.61451,11.031,-0.62201,1.7021
0.48406,0.48141,0.39522,0.6146,11.044,-0.58937,1.7029
0.48544,0.4802,0.39487,0.61468,11.056,-0.56025,1.7038
0.48682,0.47899,0.39452,0.61476,11.069,-0.53474,1.7046
0.4882,0.47778,0.39416,0.61484,11.081,-0.51288,1.7054
0.48957,0.47656,0.3938,0.61492,11.092,-0.49474,1.7062
0.49095,0.47535,0.39345,0.61499,11.104,-0.48037,1.7069
0.49232,0.47413,0.39309,0.61507,11.115,-0.46979,1.7076
0.49369,0.47291,0.39273,0.61514,11.125,-0.46304,1.7084
0.49506,0.47169,0.39236,0.61521,11.136,-0.46013,1.7091
0.49642,0.47047,0.392,0.61527,11.146,-0.46106,1.7097
0.49779,0.46924,0.39163,0.61534,11.156,-0.46585,1.7104
0.49915,0.46802,0.39127,0.6154,11.165,-0.47447,1.711
0.50051,0.46679,0.3909,0.61546,11.174,-0.4869,1.7116
0.50187,0.46556,0.39053,0.61552,11.183,-0.50311,1.7122
0.50323,0.46433,0.39016,0.61557,11.192,-0.52307,1.7128
0.50459,0.4631,0.38979,0.61563,11.2,-0.54672,1.7133
0.50594,0.46187,0.38941,0.61568,11.208,-0.574,1.7139
0.5073,0.46063,0.38904,0.61573,11.216,-0.60484,1.7144
0.50865,0.45939,0.38866,0.61577,11.223,-0.63917,1.7149
0.51,0.45815,0.38828,0.61582,11.23,-0.6769,1.7153
0.51134,0.45691,0.38791,0.61586,11.236,-0.71794,1.7158
0.51269,0.45567,0.38753,0.6159,11.243,-0.76219,1.7162
0.51403,0.45443,0.38714,0.61594,11.249,-0.80952,1.7166
0.51538,0.45318,0.38676,0.61598,11.254,-0.85984,1.7169
0.51672,0.45194,0.38638,0.61601,11.26,-0.913,1.7173
0.51806,0.45069,0.38599,0.61604,11.265,-0.96888,1.7176
0.51939,0.44944,0.3856,0.61607,11.269,-1.0273,1.7179
0.52073,0.44819,0.38522,0.6161,11.274,-1.0882,1.7182
0.52206,0.44693,0.38483,0.61613,11.278,-1.1514,1.7185
0.52339,0.44568,0.38443,0.61615,11.281,-1.2167,1.7187
0.52472,0.44442,0.38404,0.61617,11.285,-1.2839,1.719
0.52605,0.44316,0.38365,0.61619,11.288,-1.353,1.7192
0.52737,0.44191,0.38325,0.61621,11.29,-1.4236,1.7194
0.5287,0.44064,0.38286,0.61622,11.293,-1.4957,1.7195
0.53002,0.43938,0.38246,0.61624,11.295,-1.5691,1.7196
0.53134,0.43812,0.38206,0.61625,11.296,-1.6435,1.7198
0.53266,0.43685,0.38166,0.61625,11.298,-1.7188,1.7199
0.53398,0.43559,0.38126,0.61626,11.299,-1.7948,1.7199
0.53529,0.43432,0.38085,0.61626,11.3,-1.8714,1.72
0.5366,0.43305,0.38045,0.61627,11.3,-1.9482,1.72
0.53791,0.43178,0.38004,0.61627,11.3,-2.0252,1.72
0.53922,0.4305,0.37964,0.61626,11.3,-2.1022,1.72
0.54053,0.42923,0.37923,0.61626,11.299,-2.1788,1.7199
0.54184,0.42795,0.37882,0.61625,11.298,-2.2551,1.7199
0.54314,0.42667,0.37841,0.61624,11.297,-2.3306,1.7198
0.54444,0.4254,0.37799,0.61623,11.295,-2.4054,1.7197
0.54574,0.42412,0.37758,0.61622,11.293,-2.4791,1.7196
0.54704,0.42283,0.37717,0.6162,11.291,-2.5517,1.7194
0.54833,0.42155,0.37675,0.61619,11.289,-2.6229,1.7192
0.54963,0.42026,0.37633,0.61617,11.286,-2.6925,1.719
0.55092,0.41898,0.37591,0.61615,11.282,-2.7604,1.7188
0.55221,0.41769,0.37549,0.61612,11.279,-2.8263,1.7186
0.5535,0.4164,0.37507,0.6161,11.275,-2.8903,1.7183
0.55478,0.41511,0.37465,0.61607,11.271,-2.9519,1.718
0.55607,0.41382,0.37422,0.61604,11.266,-3.0113,1.7177
0.55735,0.41252,0.3738,0.616,11.261,-3.068,1.7174
0.55863,0.41123,0.37337,0.61597,11.256,-3.1222,1.7171
0.55991,0.40993,0.37294,0.61593,11.251,-3.1735,1.7167
0.56118,0.40863,0.37251,0.61589,11.245,-3.2218,1.7163
0.56246,0.40733,0.37208,0.61585,11.239,-3.2672,1.7159
0.56373,0.40603,0.37165,0.61581,11.232,-3.3093,1.7155
0.565,0.40473,0.37122,0.61576,11.225,-3.3482,1.715
0.56627,0.40343,0.37078,0.61572,11.218,-3.3837,1.7145
0.56754,0.40212,0.37035,0.61567,11.211,-3.4158,1.714
0.5688,0.40082,0.36991,0.61561,11.203,-3.4443,1.7135
0.57006,0.39951,0.36947,0.61556,11.195,-3.4692,1.713
0.57132,0.3982,0.36903,0.6155,11.186,-3.4904,1.7124
0.57258,0.39689,0.36859,0.61544,11.178,-3.5079,1.7118
0.57384,0.39558,0.36815,0.61538,11.168,-3.5217,1.7112
0.57509,0.39426,0.3677,0.61532,11.159,-3.5316,1.7106
0.57635,0.39295,0.36726,0.61526,11.149,-3.5377,1.71
0.5776,0.39163,0.36681,0.61519,11.139,-3.54,1.7093
0.57884,0.39031,0.36636,0.61512,11.129,-3.5384,1.7086
0.58009,0.38899,0.36591,0.61505,11.118,-3.533,1.7079
0.58134,0.38767,0.36546,0.61497,11.107,-3.5237,1.7072
0.58258,0.38635,0.36501,0.6149,11.096,-3.5106,1.7064
0.58382,0.38503,0.36456,0.61482,11.085,-3.4938,1.7056
0.58506,0.3837,0.36411,0.61474,11.073,-3.4732,1.7049
0.58629,0.38238,0.36365,0.61466,11.061,-3.4489,1.704
0.58753,0.38105,0.36319,0.61457,11.048,-3.4211,1.7032
0.58876,0.37972,0.36274,0.61449,11.035,-3.3896,1.7024
0.58999,0.37839,0.36228,0.6144,11.022,-3.3547,1.7015
0.59122,0.37706,0.36182,0.61431,11.009,-3.3164,1.7006
0.59244,0.37573,0.36135,0.61422,10.995,-3.2748,1.6997
0.59367,0.3744,0.36089,0.61412,10.981,-3.2301,1.6987
0.59489,0.37306,0.36043,0.61402,10.967,-3.1822,1.6978
0.59611,0.37172,0.35996,0.61392,10.952,-3.1314,1.6968
0.59733,0.37039,0.35949,0.61382,10.937,-3.0778,1.6958
0.59854,0.36905,0.35903,0.61372,10.922,-3.0215,1.6948
0.59975,0.36771,0.35856,0.61361,10.907,-2.9626,1.6938
0.60097,0.36637,0.35809,0.61351,10.891,-2.9013,1.6927
0.60218,0.36502,0.35762,0.6134,10.875,-2.8378,1.6917
0.60338,0.36368,0.35714,0.61328,10.858,-2.7721,1.6906
0.60459,0.36233,0.35667,0.61317,10.842,-2.7046,1.6895
0.60579,0.36099,0.35619,0.61305,10.825,-2.6353,1.6883
0.60699,0.35964,0.35572,0.61293,10.808,-2.5644,1.6872
0.60819,0.35829,0.35524,0.61281,10.79,-2.492,1.686
0.60939,0.35694,0.35476,0.61269,10.772,-2.4185,1.6848
0.61058,0.35559,0.35428,0.61256,10.754,-2.3439,1.6836
0.61177,0.35424,0.3538,0.61244,10.736,-2.2684,1.6824
0.61296,0.35288,0.35331,0.61231,10.717,-2.1923,1.6812
0.61415,0.35153,0.35283,0.61218,10.699,-2.1157,1.6799
0.61534,0.35017,0.35234,0.61204,10.68,-2.0388,1.6786
0.61652,0.34881,0.35186,0.61191,10.66,-1.9618,1.6773
0.6177,0.34745,0.35137,0.61177,10.64,-1.8849,1.676
0.61888,0.34609,0.35088,0.61163,10.621,-1.8083,1.6747
0.62006,0.34473,0.35039,0.61149,10.6,-1.7322,1.6734
0.62123,0.34337,0.3499,0.61134,10.58,-1.6567,1.672
0.62241,0.342,0.34941,0.6112,10.559,-1.5821,1.6706
0.62358,0.34064,0.34891,0.61105,10.538,-1.5086,1.6692
0.62474,0.33927,0.34842,0.6109,10.517,-1.4362,1.6678
0.62591,0.33791,0.34792,0.61074,10.496,-1.3653,1.6664
0.62708,0.33654,0.34742,0.61059,10.474,-1.296,1.6649
0.62824,0.33517,0.34692,0.61043,10.452,-1.2284,1.6635
0.6294,0.3338,0.34642,0.61027,10.43,-1.1628,1.662
0.63055,0.33242,0.34592,0.61011,10.407,-1.0992,1.6605
0.63171,0.33105,0.34542,0.60995,10.384,-1.0379,1.659
0.63286,0.32968,0.34492,0.60978,10.362,-0.97901,1.6574
0.63401,0.3283,0.34441,0.60961,10.338,-0.92266,1.6559
0.63516,0.32692,0.3439,0.60944,10.315,-0.86901,1.6543
0.63631,0.32555,0.3434,0.60927,10.291,-0.81819,1.6528
0.63745,0.32417,0.34289,0.6091,10.267,-0.77032,1.6512
0.63859,0.32279,0.34238,0.60892,10.243,-0.72552,1.6496
0.63973,0.3214,0.34187,0.60874,10.219,-0.68391,1.6479
0.64087,0.32002,0.34136,0.60856,10.195,-0.64558,1.6463
0.64201,0.31864,0.34084,0.60838,10.17,-0.61065,1.6447
0.64314,0.31725,0.34033,0.60819,10.145,-0.57918,1.643
0.64427,0.31587,0.33981,0.60801,10.12,-0.55127,1.6413
0.6454,0.31448,0.3393,0.60782,10.094,-0.52697,1.6396
0.64653,0.31309,0.33878,0.60763,10.069,-0.50636,1.6379
0.64765,0.3117,0.33826,0.60743,10.043,-0.48949,1.6362
0.64877,0.31031,0.33774,0.60724,10.017,-0.47638,1.6345
0.64989,0.30892,0.33722,0.60704,9.9906,-0.46709,1.6327
0.65101,0.30753,0.33669,0.60684,9.9642,-0.46163,1.6309
0.65212,0.30614,0.33617,0.60664,9.9376,-0.46001,1.6292
0.65323,0.30474,0.33564,0.60643,9.9107,-0.46224,1.6274
0.65434,0.30335,0.33512,0.60623,9.8837,-0.46832,1.6256
0.65545,0.30195,0.33459,0.60602,9.8566,-0.47822,1.6238
0.65656,0.30055,0.33406,0.60581,9.8292,-0.49193,1.6219
0.65766,0.29915,0.33353,0.60559,9.8016,-0.50941,1.6201
0.65876,0.29775,0.333,0.60538,9.7739,-0.53061,1.6183
0.65986,0.29635,0.33247,0.60516,9.746,-0.55549,1.6164
0.66096,0.29495,0.33193,0.60494,9.7179,-0.58397,1.6145
0.66205,0.29355,0.3314,0.60472,9.6896,-0.616,1.6126
0.66314,0.29214,0.33086,0.6045,9.6612,-0.65148,1.6107
0.66423,0.29074,0.33033,0.60428,9.6326,-0.69034,1.6088
0.66532,0.28933,0.32979,0.60405,9.6038,-0.73247,1.6069
0.66641,0.28793,0.32925,0.60382,9.5749,-0.77777,1.605
0.66749,0.28652,0.32871,0.60359,9.5458,-0.82612,1.6031
0.66857,0.28511,0.32817,0.60335,9.5166,-0.8774,1.6011
0.66965,0.2837,0.32763,0.60312,9.4872,-0.9315,1.5991
0.67072,0.28229,0.32708,0.60288,9.4577,-0.98826,1.5972
0.6718,0.28088,0.32654,0.60264,9.428,-1.0475,1.5952
0.67287,0.27946,0.32599,0.6024,9.3982,-1.1092,1.5932
0.67393,0.27805,0.32544,0.60215,9.3682,-1.1731,1.5912
0.675,0.27663,0.3249,0.60191,9.3381,-1.2391,1.5892
0.67606,0.27522,0.32435,0.60166,9.3079,-1.307,1.5872
0.67713,0.2738,0.32379,0.60141,9.2775,-1.3766,1.5852
0.67818,0.27238,0.32324,0.60115,9.247,-1.4477,1.5831
0.67924,0.27096,0.32269,0.6009,9.2164,-1.5202,1.5811
0.6803,0.26955,0.32214,0.60064,9.1857,-1.594,1.579
0.68135,0.26812,0.32158,0.60038,9.1548,-1.6687,1.577
0.6824,0.2667,0.32102,0.60012,9.1239,-1.7443,1.5749
0.68344,0.26528,0.32047,0.59986,9.0928,-1.8205,1.5729
0.68449,0.26386,0.31991,0.59959,9.0616,-1.8972,1.5708
0.68553,0.26243,0.31935,0.59933,9.0303,-1.9741,1.5687
0.68657,0.26101,0.31879,0.59906,8.9989,-2.0511,1.5666
0.68761,0.25958,0.31823,0.59879,8.9674,-2.128,1.5645
0.68864,0.25815,0.31766,0.59851,8.9358,-2.2045,1.5624
0.68968,0.25673,0.3171,0.59824,8.9041,-2.2806,1.5603
0.69071,0.2553,0.31653,0.59796,8.8723,-2.3559,1.5582
0.69173,0.25387,0.31597,0.59768,8.8405,-2.4303,1.556
0.69276,0.25244,0.3154,0.5974,8.8085,-2.5037,1.5539
0.69378,0.251,0.31483,0.59711,8.7765,-2.5758,1.5518
0.6948,0.24957,0.31426,0.59683,8.7444,-2.6465,1.5496
0.69582,0.24814,0.31369,0.59654,8.7122,-2.7155,1.5475
0.69684,0.2467,0.31312,0.59625,8.6799,-2.7828,1.5453
0.69785,0.24527,0.31255,0.59595,8.6476,-2.8481,1.5432
0.69886,0.24383,0.31197,0.59566,8.6152,-2.9113,1.541
0.69987,0.2424,0.3114,0.59536,8.5827,-2.9722,1.5388
0.70088,0.24096,0.31082,0.59506,8.5502,-3.0306,1.5367
0.70188,0.23952,0.31024,0.59476,8.5177,-3.0865,1.5345
0.70288,0.23808,0.30967,0.59446,8.485,-3.1397,1.5323
0.70388,0.23664,0.30909,0.59416,8.4524,-3.1901,1.5302
0.70488,0.2352,0.30851,0.59385,8.4197,-3.2374,1.528
0.70587,0.23376,0.30792,0.59354,8.3869,-3.2817,1.5258
0.70686,0.23232,0.30734,0.59323,8.3541,-3.3228,1.5236
0.70785,0.23087,0.30676,0.59291,8.3213,-3.3605,1.5214
0.70884,0.22943,0.30617,0.5926,8.2884,-3.3949,1.5192
0.70982,0.22798,0.30559,0.59228,8.2556,-3.4258,1.517
0.7108,0.22654,0.305,0.59196,8.2226,-3.4531,1.5148
0.71178,0.22509,0.30441,0.59164,8.1897,-3.4767,1.5126
0.71276,0.22364,0.30382,0.59132,8.1568,-3.4967,1.5105
0.71373,0.22219,0.30323,0.59099,8.1238,-3.513,1.5083
0.7147,0.22075,0.30264,0.59066,8.0908,-3.5254,1.5061
0.71567,0.2193,0.30205,0.59033,8.0578,-3.5341,1.5039
0.71664,0.21785,0.30146,0.59,8.0248,-3.5389,1.5017
0.7176,0.21639,0.30086,0.58967,7.9918,-3.5399,1.4995
0.71856,0.21494,0.30027,0.58933,7.9588,-3.537,1.4973
0.71952,0.21349,0.29967,0.58899,7.9258,-3.5303,1.4951
0.72048,0.21204,0.29907,0.58865,7.8928,-3.5197,1.4929
0.72143,0.21058,0.29847,0.58831,7.8599,-3.5054,1.4907
0.72238,0.20913,0.29787,0.58797,7.8269,-3.4873,1.4885
0.72333,0.20767,0.29727,0.58762,7.7939,-3.4655,1.4863
0.72427,0.20621,0.29667,0.58727,7.761,-3.44,1.4841
0.72522,0.20476,0.29607,0.58692,7.7281,-3.4109,1.4819
0.72616,0.2033,0.29547,0.58657,7.6952,-3.3783,1.4797
0.7271,0.20184,0.29486,0.58621,7.6624,-3.3422,1.4775
0.72803,0.20038,0.29425,0.58586,7.6296,-3.3028,1.4753
0.72897,0.19892,0.29365,0.5855,7.5968,-3.2601,1.4731
0.7299,0.19746,0.29304,0.58514,7.5641,-3.2143,1.4709
0.73083,0.196,0.29243,0.58477,7.5314,-3.1655,1.4688
0.73175,0.19454,0.29182,0.58441,7.4988,-3.1137,1.4666
0.73268,0.19307,0.29121,0.58404,7.4662,-3.0591,1.4644
0.7336,0.19161,0.2906,0.58367,7.4336,-3.0019,1.4622
0.73451,0.19015,0.28998,0.5833,7.4011,-2.9422,1.4601
0.73543,0.18868,0.28937,0.58293,7.3687,-2.8802,1.4579
0.73634,0.18722,0.28876,0.58255,7.3364,-2.8159,1.4558
0.73725,0.18575,0.28814,0.58218,7.3041,-2.7496,1.4536
0.73816,0.18428,0.28752,0.5818,7.2719,-2.6815,1.4515
0.73907,0.18282,0.2869,0.58142,7.2397,-2.6116,1.4493
0.73997,0.18135,0.28629,0.58103,7.2076,-2.5402,1.4472
0.74087,0.17988,0.28567,0.58065,7.1756,-2.4674,1.445
0.74177,0.17841,0.28504,0.58026,7.1437,-2.3935,1.4429
0.74266,0.17694,0.28442,0.57987,7.1119,-2.3186,1.4408
0.74355,0.17547,0.2838,0.57948,7.0802,-2.2429,1.4387
0.74444,0.174,0.28317,0.57909,7.0485,-2.1666,1.4366
0.74533,0.17253,0.28255,0.57869,7.017,-2.0899,1.4345
0.74621,0.17105,0.28192,0.57829,6.9855,-2.0129,1.4324
0.7471,0.16958,0.2813,0.57789,6.9542,-1.9359,1.4303
0.74797,0.16811,0.28067,0.57749,6.9229,-1.8591,1.4282
0.74885,0.16663,0.28004,0.57709,6.8918,-1.7827,1.4261
0.74973,0.16516,0.27941,0.57668,6.8608,-1.7067,1.4241
0.7506,0.16368,0.27878,0.57628,6.8298,-1.6315,1.422
0.75147,0.16221,0.27815,0.57587,6.799,-1.5573,1.4199
0.75233,0.16073,0.27751,0.57546,6.7684,-1.4841,1.4179
0.75319,0.15925,0.27688,0.57504,6.7378,-1.4122,1.4159
0.75406,0.15778,0.27625,0.57463,6.7074,-1.3418,1.4138
0.75491,0.1563,0.27561,0.57421,6.6771,-1.2731,1.4118
0.75577,0.15482,0.27497,0.57379,6.6469,-1.2061,1.4098
0.75662,0.15334,0.27433,0.57337,6.6169,-1.1411,1.4078
0.75747,0.15186,0.2737,0.57294,6.587,-1.0783,1.4058
0.75832,0.15038,0.27306,0.57252,6.5572,-1.0178,1.4038
0.75916,0.1489,0.27242,0.57209,6.5276,-0.95977,1.4018
0.76001,0.14742,0.27177,0.57166,6.4982,-0.90431,1.3999
0.76085,0.14594,0.27113,0.57123,6.4689,-0.8516,1.3979
0.76168,0.14445,0.27049,0.5708,6.4397,-0.80175,1.396
0.76252,0.14297,0.26984,0.57036,6.4107,-0.7549,1.394
0.76335,0.14149,0.2692,0.56992,6.3819,-0.71116,1.3921
0.76418,0.14,0.26855,0.56948,6.3532,-0.67065,1.3902
0.765,0.13852,0.2679,0.56904,6.3247,-0.63345,1.3883
0.76583,0.13703,0.26726,0.5686,6.2963,-0.59967,1.3864
0.76665,0.13555,0.26661,0.56815,6.2682,-0.56939,1.3845
0.76747,0.13406,0.26596,0.5677,6.2402,-0.54269,1.3827
0.76828,0.13258,0.26531,0.56725,6.2123,-0.51963,1.3808
0.7691,0.13109,0.26465,0.5668,6.1847,-0.50027,1.379
0.76991,0.1296,0.264,0.56635,6.1572,-0.48466,1.3771
0.77071,0.12812,0.26335,0.56589,6.1299,-0.47283,1.3753
0.77152,0.12663,0.26269,0.56544,6.1028,-0.46483,1.3735
0.77232,0.12514,0.26204,0.56498,6.0759,-0.46066,1.3717
0.77312,0.12365,0.26138,0.56452,6.0492,-0.46033,1.3699
0.77392,0.12216,0.26072,0.56405,6.0227,-0.46386,1.3682
0.77471,0.12067,0.26007,0.56359,5.9964,-0.47122,1.3664
0.7755,0.11918,0.25941,0.56312,5.9703,-0.48241,1.3647
0.77629,0.11769,0.25875,0.56265,5.9443,-0.49739,1.363
0.77708,0.1162,0.25808,0.56218,5.9186,-0.51613,1.3612
0.77786,0.11471,0.25742,0.56171,5.8931,-0.53857,1.3595
0.77864,0.11321,0.25676,0.56123,5.8678,-0.56467,1.3579
0.77942,0.11172,0.2561,0.56075,5.8427,-0.59435,1.3562
0.78019,0.11023,0.25543,0.56027,5.8179,-0.62755,1.3545
0.78096,0.10874,0.25477,0.55979,5.7932,-0.66418,1.3529
0.78173,0.10724,0.2541,0.55931,5.7688,-0.70415,1.3513
0.7825,0.10575,0.25343,0.55882,5.7446,-0.74735,1.3496
0.78326,0.10426,0.25276,0.55834,5.7206,-0.79369,1.348
0.78402,0.10276,0.25209,0.55785,5.6969,-0.84304,1.3465
0.78478,0.10127,0.25142,0.55736,5.6734,-0.89529,1.3449
0.78554,0.099771,0.25075,0.55686,5.6501,-0.95029,1.3433
0.78629,0.098275,0.25008,0.55637,5.627,-1.0079,1.3418
0.78704,0.096779,0.24941,0.55587,5.6042,-1.068,1.3403
0.78779,0.095283,0.24874,0.55537,5.5816,-1.1305,1.3388
0.78853,0.093786,0.24806,0.55487,5.5593,-1.1951,1.3373
0.78928,0.092289,0.24739,0.55437,5.5372,-1.2617,1.3358
0.79001,0.090792,0.24671,0.55387,5.5154,-1.3302,1.3344
0.79075,0.089294,0.24603,0.55336,5.4938,-1.4003,1.3329
0.79148,0.087796,0.24536,0.55285,5.4724,-1.472,1.3315
0.79222,0.086298,0.24468,0.55234,5.4514,-1.5449,1.3301
0.79294,0.084799,0.244,0.55183,5.4305,-1.619,1.3287
0.79367,0.083301,0.24332,0.55131,5.4099,-1.6941,1.3273
0.79439,0.081801,0.24264,0.5508,5.3896,-1.7699,1.326
0.79511,0.080302,0.24195,0.55028,5.3696,-1.8463,1.3246
0.79583,0.078802,0.24127,0.54976,5.3498,-1.9231,1.3233
0.79654,0.077302,0.24059,0.54924,5.3302,-2,1.322
0.79725,0.075802,0.2399,0.54871,5.311,-2.077,1.3207
0.79796,0.074302,0.23922,0.54819,5.292,-2.1538,1.3195
0.79867,0.072801,0.23853,0.54766,5.2733,-2.2302,1.3182
0.79937,0.0713,0.23784,0.54713,5.2548,-2.306,1.317
0.80007,0.069799,0.23715,0.5466,5.2366,-2.381,1.3158
0.80077,0.068297,0.23647,0.54607,5.2187,-2.4551,1.3146
0.80146,0.066795,0.23578,0.54553,5.2011,-2.5281,1.3134
0.80216,0.065293,0.23509,0.54499,5.1838,-2.5997,1.3123
0.80284,0.063791,0.23439,0.54445,5.1667,-2.6699,1.3111
0.80353,0.062289,0.2337,0.54391,5.1499,-2.7383,1.31
0.80421,0.060786,0.23301,0.54337,5.1334,-2.805,1.3089
0.80489,0.059283,0.23232,0.54283,5.1172,-2.8696,1.3078
0.80557,0.05778,0.23162,0.54228,5.1013,-2.932,1.3068
0.80625,0.056277,0.23093,0.54173,5.0857,-2.9921,1.3057
0.80692,0.054773,0.23023,0.54118,5.0704,-3.0497,1.3047
0.80759,0.05327,0.22953,0.54063,5.0553,-3.1047,1.3037
0.80826,0.051766,0.22883,0.54007,5.0406,-3.157,1.3027
0.80892,0.050262,0.22814,0.53952,5.0261,-3.2063,1.3017
0.80958,0.048757,0.22744,0.53896,5.012,-3.2527,1.3008
0.81024,0.047253,0.22674,0.5384,4.9981,-3.2959,1.2999
0.81089,0.045749,0.22604,0.53784,4.9845,-3.3358,1.299
0.81155,0.044244,0.22533,0.53727,4.9713,-3.3725,1.2981
0.81219,0.042739,0.22463,0.53671,4.9583,-3.4057,1.2972
0.81284,0.041234,0.22393,0.53614,4.9457,-3.4353,1.2964
0.81349,0.039729,0.22322,0.53557,4.9333,-3.4614,1.2956
0.81413,0.038224,0.22252,0.535,4.9213,-3.4839,1.2948
0.81476,0.036718,0.22181,0.53442,4.9096,-3.5026,1.294
0.8154,0.035213,0.22111,0.53385,4.8982,-3.5176,1.2932
0.81603,0.033707,0.2204,0.53327,4.8871,-3.5288,1.2925
0.81666,0.032201,0.21969,0.53269,4.8763,-3.5361,1.2918
0.81729,0.030695,0.21898,0.53211,4.8658,-3.5397,1.2911
0.81791,0.029189,0.21827,0.53153,4.8556,-3.5393,1.2904
0.81853,0.027683,0.21756,0.53095,4.8458,-3.5352,1.2897
0.81915,0.026177,0.21685,0.53036,4.8362,-3.5272,1.2891
0.81977,0.02467,0.21614,0.52977,4.827,-3.5153,1.2885
0.82038,0.023164,0.21543,0.52918,4.8181,-3.4997,1.2879
0.82099,0.021658,0.21471,0.52859,4.8095,-3.4804,1.2873
0.82159,0.020151,0.214,0.528,4.8012,-3.4573,1.2867
0.8222,0.018644,0.21329,0.5274,4.7933,-3.4306,1.2862
0.8228,0.017138,0.21257,0.5268,4.7856,-3.4003,1.2857
0.8234,0.015631,0.21185,0.5262,4.7783,-3.3665,1.2852
0.82399,0.014124,0.21114,0.5256,4.7713,-3.3293,1.2848
0.82458,0.012617,0.21042,0.525,4.7647,-3.2888,1.2843
0.82517,0.01111,0.2097,0.5244,4.7583,-3.2451,1.2839
0.82576,0.0096035,0.20898,0.52379,4.7523,-3.1982,1.2835
0.82634,0.0080965,0.20826,0.52318,4.7466,-3.1484,1.2831
0.82692,0.0065895,0.20754,0.52257,4.7413,-3.0957,1.2828
0.8275,0.0050825,0.20682,0.52196,4.7362,-3.0402,1.2824
0.82808,0.0035755,0.2061,0.52135,4.7315,-2.9821,1.2821
0.82865,0.0020684,0.20537,0.52073,4.7271,-2.9216,1.2818
0.82922,0.00056134,0.20465,0.52011,4.7231,-2.8588,1.2815
0.82978,-0.00094572,0.20393,0.51949,4.7193,-2.7939,1.2813
0.83035,-0.0024528,0.2032,0.51887,4.7159,-2.7269,1.2811
0.83091,-0.0039598,0.20247,0.51825,4.7129,-2.6581,1.2809
0.83146,-0.0054669,0.20175,0.51762,4.7101,-2.5877,1.2807
0.83202,-0.0069739,0.20102,0.517,4.7077,-2.5159,1.2805
0.83257,-0.0084809,0.20029,0.51637,4.7056,-2.4427,1.2804
0.83312,-0.0099878,0.19956,0.51574,4.7039,-2.3684,1.2803
0.83367,-0.011495,0.19883,0.51511,4.7024,-2.2932,1.2802
0.83421,-0.013002,0.1981,0.51447,4.7013,-2.2173,1.2801
0.83475,-0.014508,0.19737,0.51384,4.7006,-2.1408,1.28
0.83528,-0.016015,0.19664,0.5132,4.7001,-2.064,1.28
0.83582,-0.017522,0.19591,0.51256,4.7,-1.987,1.28
0.83635,-0.019029,0.19518,0.51192,4.7002,-1.9101,1.28
0.83688,-0.020535,0.19444,0.51128,4.7008,-1.8334,1.2801
0.8374,-0.022042,0.19371,0.51063,4.7017,-1.757,1.2801
0.83793,-0.023548,0.19298,0.50999,4.7029,-1.6813,1.2802
0.83845,-0.025055,0.19224,0.50934,4.7044,-1.6064,1.2803
0.83896,-0.026561,0.1915,0.50869,4.7063,-1.5325,1.2804
0.83948,-0.028067,0.19077,0.50804,4.7085,-1.4598,1.2806
0.83999,-0.029573,0.19003,0.50738,4.711,-1.3884,1.2807
0.84049,-0.031079,0.18929,0.50673,4.7139,-1.3185,1.2809
0.841,-0.032585,0.18855,0.50607,4.717,-1.2503,1.2811
0.8415,-0.034091,0.18781,0.50541,4.7206,-1.184,1.2814
0.842,-0.035597,0.18707,0.50475,4.7244,-1.1198,1.2816
0.8425,-0.037102,0.18633,0.50409,4.7286,-1.0577,1.2819
0.84299,-0.038607,0.18559,0.50342,4.7331,-0.99802,1.2822
0.84348,-0.040113,0.18485,0.50276,4.7379,-0.94082,1.2825
0.84397,-0.041618,0.18411,0.50209,4.743,-0.88627,1.2829
0.84445,-0.043123,0.18336,0.50142,4.7485,-0.83451,1.2832
0.84493,-0.044628,0.18262,0.50075,4.7543,-0.78566,1.2836
0.84541,-0.046132,0.18187,0.50008,4.7604,-0.73984,1.284
0.84588,-0.047637,0.18113,0.4994,4.7669,-0.69717,1.2845
0.84636,-0.049141,0.18038,0.49873,4.7737,-0.65776,1.2849
0.84683,-0.050645,0.17964,0.49805,4.7808,-0.62171,1.2854
0.84729,-0.052149,0.17889,0.49737,4.7882,-0.5891,1.2859
0.84776,-0.053653,0.17814,0.49669,4.7959,-0.56001,1.2864
0.84822,-0.055157,0.17739,0.496,4.804,-0.53453,1.2869
0.84867,-0.05666,0.17664,0.49532,4.8123,-0.5127,1.2875
0.84913,-0.058163,0.17589,0.49463,4.821,-0.4946,1.2881
0.84958,-0.059666,0.17514,0.49394,4.8301,-0.48026,1.2887
0.85003,-0.061169,0.17439,0.49325,4.8394,-0.46971,1.2893
0.85047,-0.062672,0.17364,0.49256,4.849,-0.46299,1.2899
0.85092,-0.064174,0.17289,0.49187,4.859,-0.46012,1.2906
0.85136,-0.065676,0.17214,0.49117,4.8693,-0.46109,1.2913
0.85179,-0.067178,0.17138,0.49047,4.8799,-0.46591,1.292
0.85223,-0.06868,0.17063,0.48978,4.8908,-0.47456,1.2927
0.85266,-0.070181,0.16987,0.48907,4.902,-0.48703,1.2935
0.85308,-0.071683,0.16912,0.48837,4.9135,-0.50327,1.2942
0.85351,-0.073184,0.16836,0.48767,4.9253,-0.52326,1.295
0.85393,-0.074684,0.16761,0.48696,4.9375,-0.54694,1.2958
0.85435,-0.076185,0.16685,0.48626,4.9499,-0.57425,1.2967
0.85476,-0.077685,0.16609,0.48555,4.9627,-0.60513,1.2975
0.85518,-0.079185,0.16534,0.48484,4.9757,-0.63949,1.2984
0.85559,-0.080684,0.16458,0.48412,4.9891,-0.67725,1.2993
0.85599,-0.082184,0.16382,0.48341,5.0027,-0.71832,1.3002
0.8564,-0.083683,0.16306,0.48269,5.0167,-0.76259,1.3011
0.8568,-0.085182,0.1623,0.48197,5.0309,-0.80996,1.3021
0.8572,-0.08668,0.16154,0.48126,5.0455,-0.8603,1.303
0.85759,-0.088178,0.16077,0.48053,5.0603,-0.91348,1.304
0.85798,-0.089676,0.16001,0.47981,5.0755,-0.96939,1.305
0.85837,-0.091174,0.15925,0.47909,5.0909,-1.0279,1.3061
0.85876,-0.092671,0.15849,0.47836,5.1066,-1.0888,1.3071
0.85914,-0.094168,0.15772,0.47763,5.1227,-1.152,1.3082
0.85952,-0.095664,0.15696,0.4769,5.139,-1.2173,1.3093
0.8599,-0.097161,0.15619,0.47617,5.1556,-1.2845,1.3104
0.86027,-0.098656,0.15543,0.47544,5.1724,-1.3536,1.3115
0.86064,-0.10015,0.15466,0.47471,5.1896,-1.4243,1.3126
0.86101,-0.10165,0.1539,0.47397,5.207,-1.4964,1.3138
0.86137,-0.10314,0.15313,0.47323,5.2247,-1.5697,1.315
0.86174,-0.10464,0.15236,0.47249,5.2427,-1.6442,1.3162
0.86209,-0.10613,0.15159,0.47175,5.261,-1.7195,1.3174
0.86245,-0.10762,0.15083,0.47101,5.2795,-1.7955,1.3186
0.8628,-0.10912,0.15006,0.47027,5.2983,-1.8721,1.3199
0.86315,-0.11061,0.14929,0.46952,5.3174,-1.9489,1.3212
0.8635,-0.1121,0.14852,0.46877,5.3368,-2.0259,1.3225
0.86384,-0.1136,0.14775,0.46802,5.3564,-2.1028,1.3238
0.86418,-0.11509,0.14697,0.46727,5.3763,-2.1795,1.3251
0.86452,-0.11658,0.1462,0.46652,5.3964,-2.2557,1.3264
0.86485,-0.11807,0.14543,0.46576,5.4168,-2.3313,1.3278
0.86519,-0.11956,0.14466,0.46501,5.4375,-2.4061,1.3292
0.86551,-0.12105,0.14388,0.46425,5.4584,-2.4798,1.3306
0.86584,-0.12254,0.14311,0.46349,5.4796,-2.5523,1.332
0.86616,-0.12403,0.14234,0.46273,5.501,-2.6235,1.3334
0.86648,-0.12552,0.14156,0.46197,5.5227,-2.6931,1.3348
0.8668,-0.12701,0.14079,0.46121,5.5446,-2.761,1.3363
0.86711,-0.12849,0.14001,0.46044,5.5668,-2.8269,1.3378
0.86742,-0.12998,0.13923,0.45967,5.5892,-2.8908,1.3393
0.86773,-0.13147,0.13846,0.4589,5.6119,-2.9525,1.3408
0.86803,-0.13296,0.13768,0.45813,5.6348,-3.0118,1.3423
0.86833,-0.13444,0.1369,0.45736,5.6579,-3.0685,1.3439
0.86863,-0.13593,0.13613,0.45659,5.6813,-3.1226,1.3454
0.86893,-0.13741,0.13535,0.45581,5.7049,-3.1739,1.347
0.86922,-0.1389,0.13457,0.45504,5.7287,-3.2223,1.3486
0.86951,-0.14038,0.13379,0.45426,5.7527,-3.2676,1.3502
0.86979,-0.14187,0.13301,0.45348,5.777,-3.3097,1.3518
0.87008,-0.14335,0.13223,0.4527,5.8015,-3.3485,1.3534
0.87036,-0.14483,0.13145,0.45191,5.8262,-3.384,1.3551
0.87063,-0.14631,0.13066,0.45113,5.8512,-3.416,1.3567
0.87091,-0.1478,0.12988,0.45034,5.8763,-3.4445,1.3584
0.87118,-0.14928,0.1291,0.44956,5.9017,-3.4694,1.3601
0.87144,-0.15076,0.12832,0.44877,5.9273,-3.4906,1.3618
0.87171,-0.15224,0.12753,0.44797,5.953,-3.5081,1.3635
0.87197,-0.15372,0.12675,0.44718,5.979,-3.5218,1.3653
0.87223,-0.1552,0.12597,0.44639,6.0052,-3.5317,1.367
0.87248,-0.15668,0.12518,0.44559,6.0316,-3.5378,1.3688
0.87274,-0.15815,0.1244,0.4448,6.0582,-3.54,1.3705
0.87299,-0.15963,0.12361,0.444,6.085,-3.5384,1.3723
0.87323,-0.16111,0.12283,0.4432,6.1119,-3.5329,1.3741
0.87348,-0.16258,0.12204,0.44239,6.1391,-3.5236,1.3759
0.87372,-0.16406,0.12125,0.44159,6.1664,-3.5105,1.3778
0.87395,-0.16553,0.12047,0.44079,6.194,-3.4936,1.3796
0.87419,-0.16701,0.11968,0.43998,6.2217,-3.473,1.3814
0.87442,-0.16848,0.11889,0.43917,6.2496,-3.4487,1.3833
0.87465,-0.16996,0.1181,0.43836,6.2776,-3.4208,1.3852
0.87487,-0.17143,0.11731,0.43755,6.3059,-3.3893,1.3871
0.87509,-0.1729,0.11652,0.43674,6.3343,-3.3544,1.389
0.87531,-0.17437,0.11573,0.43592,6.3628,-3.3161,1.3909
0.87553,-0.17584,0.11494,0.43511,6.3916,-3.2745,1.3928
0.87574,-0.17731,0.11415,0.43429,6.4205,-3.2297,1.3947
0.87595,-0.17878,0.11336,0.43347,6.4495,-3.1818,1.3966
0.87616,-0.18025,0.11257,0.43265,6.4787,-3.131,1.3986
0.87636,-0.18172,0.11178,0.43183,6.5081,-3.0773,1.4005
0.87656,-0.18319,0.11099,0.43101,6.5376,-3.021,1.4025
0.87676,-0.18466,0.1102,0.43018,6.5673,-2.9621,1.4045
0.87695,-0.18612,0.1094,0.42936,6.5971,-2.9008,1.4065
0.87714,-0.18759,0.10861,0.42853,6.627,-2.8372,1.4085
0.87733,-0.18906,0.10782,0.4277,6.6571,-2.7716,1.4105
0.87751,-0.19052,0.10702,0.42687,6.6873,-2.704,1.4125
0.8777,-0.19198,0.10623,0.42604,6.7176,-2.6346,1.4145
0.87788,-0.19345,0.10543,0.4252,6.7481,-2.5637,1.4165
0.87805,-0.19491,0.10464,0.42437,6.7787,-2.4914,1.4186
0.87822,-0.19637,0.10384,0.42353,6.8094,-2.4178,1.4206
0.87839,-0.19783,0.10305,0.42269,6.8402,-2.3432,1.4227
0.87856,-0.19929,0.10225,0.42185,6.8712,-2.2678,1.4247
0.87872,-0.20075,0.10145,0.42101,6.9023,-2.1916,1.4268
0.87888,-0.20221,0.10066,0.42017,6.9334,-2.115,1.4289
0.87904,-0.20367,0.099859,0.41932,6.9647,-2.0381,1.431
0.8792,-0.20513,0.099062,0.41848,6.9961,-1.9611,1.4331
0.87935,-0.20659,0.098264,0.41763,7.0276,-1.8842,1.4352
0.87949,-0.20804,0.097466,0.41678,7.0592,-1.8076,1.4373
0.87964,-0.2095,0.096667,0.41593,7.0908,-1.7315,1.4394
0.87978,-0.21095,0.095868,0.41508,7.1226,-1.6561,1.4415
0.87992,-0.21241,0.095069,0.41423,7.1545,-1.5815,1.4436
0.88006,-0.21386,0.094269,0.41337,7.1864,-1.5079,1.4458
0.88019,-0.21531,0.093469,0.41252,7.2184,-1.4356,1.4479
0.88032,-0.21676,0.092669,0.41166,7.2505,-1.3647,1.45
0.88045,-0.21822,0.091868,0.4108,7.2827,-1.2954,1.4522
0.88057,-0.21967,0.091067,0.40994,7.3149,-1.2278,1.4543
0.88069,-0.22112,0.090266,0.40908,7.3473,-1.1622,1.4565
0.88081,-0.22256,0.089465,0.40822,7.3796,-1.0987,1.4586
0.88092,-0.22401,0.088663,0.40735,7.4121,-1.0374,1.4608
0.88103,-0.22546,0.087861,0.40649,7.4446,-0.9785,1.463
0.88114,-0.22691,0.087058,0.40562,7.4771,-0.92218,1.4651
0.88124,-0.22835,0.086255,0.40475,7.5098,-0.86855,1.4673
0.88135,-0.2298,0.085452,0.40388,7.5424,-0.81775,1.4695
0.88145,-0.23124,0.084649,0.40301,7.5751,-0.7699,1.4717
0.88154,-0.23268,0.083845,0.40214,7.6079,-0.72513,1.4739
0.88163,-0.23413,0.083041,0.40126,7.6406,-0.68355,1.476
0.88172,-0.23557,0.082237,0.40039,7.6735,-0.64526,1.4782
0.88181,-0.23701,0.081432,0.39951,7.7063,-0.61035,1.4804
0.88189,-0.23845,0.080627,0.39863,7.7392,-0.57892,1.4826
0.88197,-0.23989,0.079822,0.39775,7.7721,-0.55104,1.4848
0.88205,-0.24133,0.079017,0.39687,7.805,-0.52678,1.487
0.88212,-0.24276,0.078211,0.39599,7.838,-0.5062,1.4892
0.8822,-0.2442,0.077405,0.3951,7.871,-0.48935,1.4914
0.88226,-0.24564,0.076599,0.39422,7.9039,-0.47629,1.4936
0.88233,-0.24707,0.075793,0.39333,7.9369,-0.46703,1.4958
0.88239,-0.2485,0.074986,0.39244,7.9699,-0.4616,1.498
0.88245,-0.24994,0.074179,0.39155,8.0029,-0.46002,1.5002
0.8825,-0.25137,0.073372,0.39066,8.0359,-0.46228,1.5024
0.88256,-0.2528,0.072564,0.38977,8.0689,-0.46839,1.5046
0.88261,-0.25423,0.071756,0.38888,8.1019,-0.47833,1.5068
0.88265,-0.25566,0.070948,0.38798,8.1349,-0.49207,1.509
0.8827,-0.25709,0.07014,0.38708,8.1679,-0.50958,1.5112
0.88274,-0.25852,0.069331,0.38619,8.2008,-0.53082,1.5134
0.88277,-0.25994,0.068523,0.38529,8.2337,-0.55573,1.5156
0.88281,-0.26137,0.067714,0.38439,8.2666,-0.58424,1.5178
0.88284,-0.2628,0.066904,0.38348,8.2995,-0.6163,1.52
0.88287,-0.26422,0.066095,0.38258,8.3324,-0.65181,1.5222
0.88289,-0.26564,0.065285,0.38168,8.3652,-0.6907,1.5243
0.88291,-0.26707,0.064475,0.38077,8.398,-0.73286,1.5265
0.88293,-0.26849,0.063665,0.37986,8.4307,-0.77818,1.5287
0.88295,-0.26991,0.062855,0.37895,8.4634,-0.82656,1.5309
0.88296,-0.27133,0.062044,0.37805,8.496,-0.87787,1.5331
0.88297,-0.27275,0.061233,0.37713,8.5286,-0.93199,1.5352
0.88297,-0.27416,0.060422,0.37622,8.5612,-0.98877,1.5374
0.88298,-0.27558,0.059611,0.37531,8.5937,-1.0481,1.5396
0.88298,-0.277,0.058799,0.37439,8.6261,-1.1098,1.5417
0.88297,-0.27841,0.057988,0.37348,8.6585,-1.1737,1.5439
0.88297,-0.27982,0.057176,0.37256,8.6908,-1.2397,1.5461
0.88296,-0.28124,0.056364,0.37164,8.723,-1.3076,1.5482
0.88294,-0.28265,0.055551,0.37072,8.7552,-1.3772,1.5503
0.88293,-0.28406,0.054739,0.3698,8.7873,-1.4483,1.5525
0.88291,-0.28547,0.053926,0.36887,8.8193,-1.5209,1.5546
0.88289,-0.28688,0.053113,0.36795,8.8512,-1.5946,1.5567
0.88286,-0.28828,0.0523,0.36702,8.883,-1.6694,1.5589
0.88284,-0.28969,0.051487,0.3661,8.9148,-1.745,1.561
0.88281,-0.2911,0.050674,0.36517,8.9465,-1.8212,1.5631
0.88277,-0.2925,0.04986,0.36424,8.978,-1.8979,1.5652
0.88273,-0.29391,0.049046,0.36331,9.0095,-1.9748,1.5673
0.88269,-0.29531,0.048232,0.36238,9.0409,-2.0518,1.5694
0.88265,-0.29671,0.047418,0.36144,9.0721,-2.1287,1.5715
0.8826,-0.29811,0.046604,0.36051,9.1033,-2.2052,1.5736
0.88255,-0.29951,0.04579,0.35957,9.1343,-2.2812,1.5756
0.8825,-0.30091,0.044975,0.35864,9.1652,-2.3565,1.5777
0.88245,-0.30231,0.04416,0.3577,9.1961,-2.431,1.5797
0.88239,-0.3037,0.043345,0.35676,9.2268,-2.5043,1.5818
0.88233,-0.3051,0.04253,0.35582,9.2573,-2.5764,1.5838
0.88226,-0.30649,0.041715,0.35488,9.2878,-2.6471,1.5859
0.88219,-0.30789,0.0409,0.35393,9.3181,-2.7161,1.5879
0.88212,-0.30928,0.040084,0.35299,9.3483,-2.7834,1.5899
0.88205,-0.31067,0.039269,0.35204,9.3783,-2.8486,1.5919
0.88197,-0.31206,0.038453,0.3511,9.4083,-2.9118,1.5939
0.88189,-0.31345,0.037637,0.35015,9.438,-2.9727,1.5959
0.88181,-0.31483,0.036821,0.3492,9.4677,-3.0312,1.5978
0.88172,-0.31622,0.036005,0.34825,9.4971,-3.087,1.5998
0.88163,-0.31761,0.035189,0.3473,9.5265,-3.1402,1.6018
0.88154,-0.31899,0.034372,0.34634,9.5557,-3.1905,1.6037
0.88144,-0.32037,0.033556,0.34539,9.5847,-3.2378,1.6056
0.88134,-0.32176,0.032739,0.34443,9.6135,-3.2821,1.6076
0.88124,-0.32314,0.031922,0.34348,9.6422,-3.3231,1.6095
0.88114,-0.32452,0.031105,0.34252,9.6708,-3.3609,1.6114
0.88103,-0.3259,0.030288,0.34156,9.6992,-3.3952,1.6133
0.88092,-0.32727,0.029471,0.3406,9.7274,-3.426,1.6152
0.8808,-0.32865,0.028654,0.33964,9.7554,-3.4533,1.617
0.88068,-0.33003,0.027837,0.33868,9.7833,-3.4769,1.6189
0.88056,-0.3314,0.02702,0.33771,9.8109,-3.4969,1.6207
0.88044,-0.33277,0.026202,0.33675,9.8384,-3.5131,1.6226
0.88031,-0.33415,0.025384,0.33578,9.8657,-3.5255,1.6244
0.88018,-0.33552,0.024567,0.33481,9.8929,-3.5342,1.6262
0.88005,-0.33689,0.023749,0.33385,9.9198,-3.5389,1.628
0.87992,-0.33825,0.022931,0.33288,9.9465,-3.5399,1.6298
0.87978,-0.33962,0.022113,0.33191,9.9731,-3.537,1.6315
0.87963,-0.34099,0.021295,0.33093,9.9994,-3.5302,1.6333
0.87949,-0.34235,0.020477,0.32996,10.026,-3.5196,1.635
0.87934,-0.34372,0.019659,0.32899,10.052,-3.5052,1.6368
0.87919,-0.34508,0.018841,0.32801,10.077,-3.4871,1.6385
0.87904,-0.34644,0.018023,0.32703,10.103,-3.4652,1.6402
0.87888,-0.3478,0.017204,0.32606,10.128,-3.4397,1.6419
0.87872,-0.34916,0.016386,0.32508,10.153,-3.4106,1.6436
0.87855,-0.35052,0.015568,0.3241,10.178,-3.378,1.6452
0.87839,-0.35187,0.014749,0.32312,10.203,-3.3419,1.6469
0.87822,-0.35323,0.01393,0.32213,10.227,-3.3024,1.6485
0.87805,-0.35458,0.013112,0.32115,10.252,-3.2597,1.6501
0.87787,-0.35593,0.012293,0.32017,10.276,-3.2139,1.6517
0.87769,-0.35728,0.011474,0.31918,10.299,-3.165,1.6533
0.87751,-0.35863,0.010656,0.31819,10.323,-3.1132,1.6549
0.87732,-0.35998,0.009837,0.3172,10.346,-3.0586,1.6564
0.87714,-0.36133,0.0090182,0.31622,10.369,-3.0014,1.658
0.87694,-0.36268,0.0081993,0.31523,10.392,-2.9417,1.6595
0.87675,-0.36402,0.0073805,0.31423,10.415,-2.8796,1.661
0.87655,-0.36537,0.0065616,0.31324,10.437,-2.8153,1.6625
0.87635,-0.36671,0.0057427,0.31225,10.459,-2.749,1.664
0.87615,-0.36805,0.0049237,0.31125,10.481,-2.6808,1.6654
0.87594,-0.36939,0.0041048,0.31026,10.503,-2.611,1.6669
0.87573,-0.37073,0.0032858,0.30926,10.524,-2.5395,1.6683
0.87552,-0.37207,0.0024668,0.30826,10.545,-2.4668,1.6697
0.8753,-0.3734,0.0016479,0.30727,10.566,-2.3928,1.6711
0.87508,-0.37474,0.00082887,0.30627,10.587,-2.3179,1.6725
0.87486,-0.37607,9.8748e-06,0.30526,10.607,-2.2422,1.6738
0.87464,-0.3774,-0.00080912,0.30426,10.627,-2.1659,1.6752
0.87441,-0.37873,-0.0016281,0.30326,10.647,-2.0892,1.6765
0.87418,-0.38006,-0.0024471,0.30225,10.667,-2.0122,1.6778
0.87394,-0.38139,-0.0032661,0.30125,10.686,-1.9353,1.6791
0.87371,-0.38272,-0.004085,0.30024,10.705,-1.8584,1.6803
0.87347,-0.38404,-0.004904,0.29924,10.724,-1.782,1.6816
0.87322,-0.38537,-0.0057229,0.29823,10.742,-1.7061,1.6828
0.87298,-0.38669,-0.0065418,0.29722,10.76,-1.6309,1.684
0.87273,-0.38801,-0.0073607,0.29621,10.778,-1.5566,1.6852
0.87248,-0.38933,-0.0081796,0.2952,10.796,-1.4835,1.6864
0.87222,-0.39065,-0.0089984,0.29418,10.813,-1.4116,1.6876
0.87196,-0.39197,-0.0098172,0.29317,10.831,-1.3412,1.6887
0.8717,-0.39328,-0.010636,0.29216,10.847,-1.2724,1.6898
0.87144,-0.3946,-0.011455,0.29114,10.864,-1.2055,1.6909
0.87117,-0.39591,-0.012273,0.29012,10.88,-1.1406,1.692
0.8709,-0.39722,-0.013092,0.28911,10.896,-1.0778,1.6931
0.87062,-0.39853,-0.013911,0.28809,10.912,-1.0173,1.6941
0.87035,-0.39984,-0.014729,0.28707,10.927,-0.95927,1.6951
0.87007,-0.40115,-0.015548,0.28605,10.942,-0.90383,1.6962
0.86978,-0.40246,-0.016366,0.28502,10.957,-0.85114,1.6971
0.8695,-0.40376,-0.017185,0.284,10.972,-0.80132,1.6981
0.86921,-0.40506,-0.018003,0.28298,10.986,-0.7545,1.6991
0.86892,-0.40637,-0.018821,0.28195,11,-0.71079,1.7
0.86862,-0.40767,-0.019639,0.28093,11.013,-0.6703,1.7009
0.86832,-0.40897,-0.020458,0.2799,11.027,-0.63314,1.7018
0.86802,-0.41026,-0.021276,0.27887,11.04,-0.59939,1.7026
0.86772,-0.41156,-0.022094,0.27784,11.052,-0.56914,1.7035
0.86741,-0.41285,-0.022912,0.27681,11.065,-0.54247,1.7043
0.8671,-0.41415,-0.023729,0.27578,11.077,-0.51944,1.7051
0.86679,-0.41544,-0.024547,0.27475,11.089,-0.50011,1.7059
0.86647,-0.41673,-0.025365,0.27372,11.1,-0.48454,1.7067
0.86615,-0.41802,-0.026182,0.27269,11.111,-0.47275,1.7074
0.86583,-0.41931,-0.027,0.27165,11.122,-0.46477,1.7081
0.8655,-0.42059,-0.027817,0.27062,11.133,-0.46064,1.7088
0.86517,-0.42188,-0.028635,0.26958,11.143,-0.46035,1.7095
0.86484,-0.42316,-0.029452,0.26854,11.153,-0.46391,1.7102
0.86451,-0.42444,-0.030269,0.26751,11.162,-0.47131,1.7108
0.86417,-0.42572,-0.031086,0.26647,11.172,-0.48253,1.7114
0.86383,-0.427,-0.031903,0.26543,11.181,-0.49754,1.712
0.86349,-0.42828,-0.032719,0.26439,11.189,-0.51631,1.7126
0.86314,-0.42955,-0.033536,0.26334,11.197,-0.53879,1.7132
0.86279,-0.43083,-0.034353,0.2623,11.205,-0.56492,1.7137
0.86244,-0.4321,-0.035169,0.26126,11.213,-0.59463,1.7142
0.86208,-0.43337,-0.035985,0.26021,11.221,-0.62786,1.7147
0.86172,-0.43464,-0.036801,0.25917,11.228,-0.66452,1.7152
0.86136,-0.43591,-0.037617,0.25812,11.234,-0.70452,1.7156
0.861,-0.43718,-0.038433,0.25707,11.241,-0.74775,1.716
0.86063,-0.43844,-0.039249,0.25602,11.247,-0.79412,1.7164
0.86026,-0.4397,-0.040065,0.25498,11.252,-0.84349,1.7168
0.85988,-0.44097,-0.04088,0.25393,11.258,-0.89576,1.7172
0.85951,-0.44223,-0.041696,0.25287,11.263,-0.95079,1.7175
0.85913,-0.44349,-0.042511,0.25182,11.268,-1.0084,1.7179
0.85874,-0.44474,-0.043326,0.25077,11.272,-1.0686,1.7181
0.85836,-0.446,-0.044141,0.24972,11.276,-1.131,1.7184
0.85797,-0.44725,-0.044955,0.24866,11.28,-1.1957,1.7187
0.85758,-0.44851,-0.04577,0.24761,11.284,-1.2623,1.7189
0.85718,-0.44976,-0.046584,0.24655,11.287,-1.3308,1.7191
0.85678,-0.45101,-0.047399,0.24549,11.289,-1.4009,1.7193
0.85638,-0.45225,-0.048213,0.24444,11.292,-1.4726,1.7195
0.85598,-0.4535,-0.049027,0.24338,11.294,-1.5456,1.7196
0.85557,-0.45475,-0.049841,0.24232,11.296,-1.6197,1.7197
0.85516,-0.45599,-0.050654,0.24126,11.297,-1.6947,1.7198
0.85475,-0.45723,-0.051468,0.24019,11.299,-1.7706,1.7199
0.85433,-0.45847,-0.052281,0.23913,11.299,-1.847,1.72
0.85392,-0.45971,-0.053094,0.23807,11.3,-1.9237,1.72
0.85349,-0.46095,-0.053907,0.23701,11.3,-2.0007,1.72
0.85307,-0.46218,-0.054719,0.23594,11.3,-2.0777,1.72
0.85264,-0.46341,-0.055532,0.23488,11.299,-2.1544,1.72
0.85221,-0.46465,-0.056344,0.23381,11.299,-2.2308,1.7199
0.85178,-0.46588,-0.057156,0.23274,11.297,-2.3066,1.7198
0.85134,-0.4671,-0.057968,0.23167,11.296,-2.3817,1.7197
0.8509,-0.46833,-0.05878,0.23061,11.294,-2.4558,1.7196
0.85046,-0.46956,-0.059591,0.22954,11.292,-2.5287,1.7195
0.85001,-0.47078,-0.060402,0.22847,11.289,-2.6004,1.7193
0.84956,-0.472,-0.061214,0.22739,11.287,-2.6705,1.7191
0.84911,-0.47322,-0.062024,0.22632,11.283,-2.7389,1.7189
0.84866,-0.47444,-0.062835,0.22525,11.28,-2.8055,1.7187
0.8482,-0.47566,-0.063645,0.22418,11.276,-2.8701,1.7184
0.84774,-0.47687,-0.064456,0.2231,11.272,-2.9325,1.7181
0.84728,-0.47809,-0.065266,0.22203,11.268,-2.9926,1.7178
0.84681,-0.4793,-0.066075,0.22095,11.263,-3.0502,1.7175
0.84634,-0.48051,-0.066885,0.21987,11.258,-3.1052,1.7172
0.84587,-0.48172,-0.067694,0.2188,11.252,-3.1574,1.7168
0.84539,-0.48293,-0.068503,0.21772,11.247,-3.2068,1.7164
0.84491,-0.48413,-0.069312,0.21664,11.241,-3.2531,1.716
0.84443,-0.48534,-0.07012,0.21556,11.234,-3.2962,1.7156
0.84395,-0.48654,-0.070929,0.21448,11.227,-3.3362,1.7152
0.84346,-0.48774,-0.071737,0.2134,11.22,-3.3728,1.7147
0.84297,-0.48894,-0.072545,0.21232,11.213,-3.4059,1.7142
0.84248,-0.49013,-0.073352,0.21123,11.205,-3.4356,1.7137
0.84198,-0.49133,-0.074159,0.21015,11.197,-3.4617,1.7132
0.84148,-0.49252,-0.074966,0.20907,11.189,-3.4841,1.7126
0.84098,-0.49371,-0.075773,0.20798,11.18,-3.5028,1.712
0.84048,-0.4949,-0.07658,0.2069,11.171,-3.5177,1.7114
0.83997,-0.49609,-0.077386,0.20581,11.162,-3.5289,1.7108
0.83946,-0.49728,-0.078192,0.20472,11.153,-3.5362,1.7102
0.83894,-0.49846,-0.078998,0.20363,11.143,-3.5397,1.7095
0.83843,-0.49965,-0.079803,0.20255,11.132,-3.5393,1.7088
0.83791,-0.50083,-0.080608,0.20146,11.122,-3.5351,1.7081
0.83739,-0.50201,-0.081413,0.20037,11.111,-3.5271,1.7074
0.83686,-0.50319,-0.082217,0.19928,11.1,-3.5152,1.7067
0.83633,-0.50436,-0.083022,0.19818,11.088,-3.4996,1.7059
0.8358,-0.50554,-0.083826,0.19709,11.077,-3.4802,1.7051
0.83527,-0.50671,-0.084629,0.196,11.064,-3.4571,1.7043
0.83473,-0.50788,-0.085433,0.19491,11.052,-3.4303,1.7035
0.83419,-0.50905,-0.086236,0.19381,11.039,-3.4,1.7026
0.83365,-0.51021,-0.087039,0.19272,11.026,-3.3662,1.7018
0.8331,-0.51138,-0.087841,0.19162,11.013,-3.329,1.7009
0.83255,-0.51254,-0.088643,0.19053,10.999,-3.2884,1.7
0.832,-0.51371,-0.089445,0.18943,10.986,-3.2447,1.699
0.83144,-0.51487,-0.090247,0.18833,10.971,-3.1978,1.6981
0.83089,-0.51602,-0.091048,0.18723,10.957,-3.1479,1.6971
0.83033,-0.51718,-0.091849,0.18613,10.942,-3.0952,1.6961
0.82976,-0.51833,-0.09265,0.18504,10.927,-3.0397,1.6951
0.8292,-0.51949,-0.09345,0.18394,10.912,-2.9816,1.6941
0.82863,-0.52064,-0.09425,0.18283,10.896,-2.9211,1.6931
0.82806,-0.52179,-0.095049,0.18173,10.88,-2.8582,1.692
0.82748,-0.52293,-0.095849,0.18063,10.864,-2.7933,1.6909
0.8269,-0.52408,-0.096648,0.17953,10.847,-2.7263,1.6898
0.82632,-0.52522,-0.097446,0.17843,10.83,-2.6575,1.6887
0.82574,-0.52637,-0.098245,0.17732,10.813,-2.5871,1.6875
0.82515,-0.5275,-0.099043,0.17622,10.796,-2.5152,1.6864
0.82456,-0.52864,-0.09984,0.17511,10.778,-2.442,1.6852
0.82397,-0.52978,-0.10064,0.17401,10.76,-2.3678,1.684
0.82338,-0.53091,-0.10143,0.1729,10.742,-2.2926,1.6828
0.82278,-0.53205,-0.10223,0.17179,10.723,-2.2166,1.6816
0.82218,-0.53318,-0.10303,0.17069,10.705,-2.1402,1.6803
0.82157,-0.53431,-0.10382,0.16958,10.686,-2.0633,1.679
0.82097,-0.53543,-0.10462,0.16847,10.666,-1.9863,1.6778
0.82036,-0.53656,-0.10541,0.16736,10.647,-1.9094,1.6764
0.81974,-0.53768,-0.10621,0.16625,10.627,-1.8327,1.6751
0.81913,-0.5388,-0.107,0.16514,10.607,-1.7564,1.6738
0.81851,-0.53992,-0.1078,0.16403,10.586,-1.6807,1.6724
0.81789,-0.54104,-0.10859,0.16292,10.566,-1.6058,1.6711
0.81727,-0.54215,-0.10938,0.1618,10.545,-1.5319,1.6697
0.81664,-0.54327,-0.11018,0.16069,10.524,-1.4591,1.6683
0.81601,-0.54438,-0.11097,0.15958,10.502,-1.3877,1.6668
0.81538,-0.54549,-0.11176,0.15846,10.481,-1.3179,1.6654
0.81474,-0.5466,-0.11255,0.15735,10.459,-1.2497,1.6639
0.8141,-0.5477,-0.11334,0.15623,10.437,-1.1835,1.6624
0.81346,-0.54881,-0.11413,0.15512,10.414,-1.1192,1.661
0.81282,-0.54991,-0.11492,0.154,10.392,-1.0572,1.6595
0.81217,-0.55101,-0.11571,0.15289,10.369,-0.9975,1.6579
0.81152,-0.55211,-0.1165,0.15177,10.346,-0.94033,1.6564
0.81087,-0.55321,-0.11729,0.15065,10.322,-0.8858,1.6548
0.81021,-0.5543,-0.11808,0.14953,10.299,-0.83406,1.6533
0.80956,-0.55539,-0.11887,0.14841,10.275,-0.78524,1.6517
0.8089,-0.55648,-0.11966,0.1473,10.251,-0.73945,1.6501
0.80823,-0.55757,-0.12045,0.14618,10.227,-0.69681,1.6485
0.80757,-0.55866,-0.12123,0.14506,10.202,-0.65743,1.6468
0.8069,-0.55974,-0.12202,0.14393,10.178,-0.6214,1.6452
0.80622,-0.56083,-0.12281,0.14281,10.153,-0.58882,1.6435
0.80555,-0.56191,-0.12359,0.14169,10.128,-0.55977,1.6418
0.80487,-0.56299,-0.12438,0.14057,10.102,-0.53432,1.6402
0.80419,-0.56406,-0.12516,0.13945,10.077,-0.51253,1.6385
0.80351,-0.56514,-0.12595,0.13832,10.051,-0.49445,1.6367
0.80282,-0.56621,-0.12673,0.1372,10.025,-0.48015,1.635
0.80213,-0.56728,-0.12752,0.13607,9.999,-0.46964,1.6333
0.80144,-0.56835,-0.1283,0.13495,9.9726,-0.46295,1.6315
0.80074,-0.56942,-0.12908,0.13383,9.9461,-0.46011,1.6297
0.80005,-0.57048,-0.12986,0.1327,9.9193,-0.46112,1.628
0.79935,-0.57155,-0.13065,0.13157,9.8924,-0.46597,1.6262
0.79864,-0.57261,-0.13143,0.13045,9.8652,-0.47466,1.6243
0.79794,-0.57367,-0.13221,0.12932,9.8379,-0.48716,1.6225
0.79723,-0.57472,-0.13299,0.12819,9.8104,-0.50344,1.6207
0.79652,-0.57578,-0.13377,0.12706,9.7827,-0.52346,1.6188
0.7958,-0.57683,-0.13455,0.12594,9.7549,-0.54717,1.617
0.79509,-0.57788,-0.13533,0.12481,9.7268,-0.57451,1.6151
0.79437,-0.57893,-0.13611,0.12368,9.6986,-0.60542,1.6132
0.79364,-0.57998,-0.13688,0.12255,9.6703,-0.63981,1.6114
0.79292,-0.58102,-0.13766,0.12142,9.6417,-0.6776,1.6094
0.79219,-0.58207,-0.13844,0.12029,9.613,-0.7187,1.6075
0.79146,-0.58311,-0.13922,0.11916,9.5841,-0.763,1.6056
0.79073,-0.58415,-0.13999,0.11803,9.5551,-0.81039,1.6037
0.78999,-0.58518,-0.14077,0.11689,9.5259,-0.86076,1.6017
0.78925,-0.58622,-0.14154,0.11576,9.4966,-0.91397,1.5998
0.78851,-0.58725,-0.14232,0.11463,9.4671,-0.9699,1.5978
0.78776,-0.58828,-0.14309,0.1135,9.4375,-1.0284,1.5958
0.78702,-0.58931,-0.14387,0.11236,9.4077,-1.0893,1.5938
0.78626,-0.59033,-0.14464,0.11123,9.3778,-1.1525,1.5919
0.78551,-0.59136,-0.14541,0.11009,9.3477,-1.2179,1.5898
0.78476,-0.59238,-0.14618,0.10896,9.3175,-1.2851,1.5878
0.784,-0.5934,-0.14696,0.10782,9.2872,-1.3542,1.5858
0.78324,-0.59442,-0.14773,0.10669,9.2568,-1.4249,1.5838
0.78247,-0.59544,-0.1485,0.10555,9.2262,-1.497,1.5817
0.78171,-0.59645,-0.14927,0.10442,9.1955,-1.5704,1.5797
0.78094,-0.59746,-0.15004,0.10328,9.1647,-1.6448,1.5776
0.78016,-0.59847,-0.15081,0.10214,9.1337,-1.7202,1.5756
0.77939,-0.59948,-0.15158,0.10101,9.1027,-1.7962,1.5735
0.77861,-0.60049,-0.15234,0.09987,9.0715,-1.8727,1.5714
0.77783,-0.60149,-0.15311,0.098732,9.0403,-1.9496,1.5694
0.77705,-0.60249,-0.15388,0.097593,9.0089,-2.0266,1.5673
0.77626,-0.60349,-0.15464,0.096455,8.9774,-2.1035,1.5652
0.77547,-0.60449,-0.15541,0.095316,8.9459,-2.1802,1.5631
0.77468,-0.60548,-0.15618,0.094177,8.9142,-2.2564,1.5609
0.77389,-0.60647,-0.15694,0.093037,8.8825,-2.332,1.5588
0.77309,-0.60747,-0.15771,0.091897,8.8506,-2.4067,1.5567
0.77229,-0.60845,-0.15847,0.090757,8.8187,-2.4804,1.5546
0.77149,-0.60944,-0.15923,0.089617,8.7867,-2.553,1.5524
0.77068,-0.61043,-0.15999,0.088476,8.7546,-2.6241,1.5503
0.76988,-0.61141,-0.16076,0.087335,8.7224,-2.6937,1.5482
0.76907,-0.61239,-0.16152,0.086193,8.6902,-2.7615,1.546
0.76825,-0.61337,-0.16228,0.085051,8.6579,-2.8275,1.5439
0.76744,-0.61434,-0.16304,0.083909,8.6255,-2.8914,1.5417
0.76662,-0.61532,-0.1638,0.082767,8.5931,-2.953,1.5395
0.7658,-0.61629,-0.16456,0.081624,8.5606,-3.0123,1.5374
0.76498,-0.61726,-0.16532,0.080482,8.528,-3.069,1.5352
0.76415,-0.61822,-0.16608,0.079338,8.4954,-3.1231,1.533
0.76332,-0.61919,-0.16683,0.078195,8.4628,-3.1744,1.5309
0.76249,-0.62015,-0.16759,0.077051,8.4301,-3.2227,1.5287
0.76165,-0.62111,-0.16835,0.075907,8.3974,-3.2679,1.5265
0.76082,-0.62207,-0.1691,0.074763,8.3646,-3.31,1.5243
0.75998,-0.62303,-0.16986,0.073618,8.3318,-3.3489,1.5221
0.75913,-0.62398,-0.17061,0.072473,8.2989,-3.3843,1.5199
0.75829,-0.62493,-0.17137,0.071328,8.266,-3.4163,1.5177
0.75744,-0.62588,-0.17212,0.070183,8.2331,-3.4448,1.5155
0.75659,-0.62683,-0.17287,0.069038,8.2002,-3.4696,1.5133
0.75574,-0.62778,-0.17362,0.067892,8.1673,-3.4908,1.5112
0.75488,-0.62872,-0.17437,0.066746,8.1343,-3.5082,1.509
0.75403,-0.62966,-0.17513,0.065599,8.1013,-3.5219,1.5068
0.75316,-0.6306,-0.17588,0.064453,8.0683,-3.5318,1.5046
0.7523,-0.63154,-0.17663,0.063306,8.0353,-3.5378,1.5024
0.75143,-0.63247,-0.17737,0.062159,8.0023,-3.54,1.5002
0.75057,-0.6334,-0.17812,0.061012,7.9693,-3.5383,1.498
0.74969,-0.63433,-0.17887,0.059865,7.9363,-3.5328,1.4958
0.74882,-0.63526,-0.17962,0.058717,7.9033,-3.5235,1.4936
0.74794,-0.63619,-0.18036,0.057569,7.8704,-3.5104,1.4914
0.74706,-0.63711,-0.18111,0.056421,7.8374,-3.4935,1.4892
0.74618,-0.63803,-0.18186,0.055273,7.8044,-3.4728,1.487
0.7453,-0.63895,-0.1826,0.054125,7.7715,-3.4485,1.4848
0.74441,-0.63987,-0.18334,0.052976,7.7386,-3.4205,1.4826
0.74352,-0.64078,-0.18409,0.051828,7.7057,-3.389,1.4804
0.74263,-0.64169,-0.18483,0.050679,7.6729,-3.3541,1.4782
0.74173,-0.6426,-0.18557,0.04953,7.64,-3.3157,1.476
0.74084,-0.64351,-0.18631,0.04838,7.6073,-3.2741,1.4738
0.73994,-0.64442,-0.18706,0.047231,7.5745,-3.2292,1.4716
0.73903,-0.64532,-0.1878,0.046081,7.5418,-3.1813,1.4695
0.73813,-0.64622,-0.18853,0.044931,7.5092,-3.1305,1.4673
0.73722,-0.64712,-0.18927,0.043781,7.4765,-3.0768,1.4651
0.73631,-0.64802,-0.19001,0.042631,7.444,-3.0204,1.4629
0.7354,-0.64891,-0.19075,0.041481,7.4115,-2.9615,1.4608
0.73448,-0.6498,-0.19149,0.040331,7.379,-2.9002,1.4586
0.73356,-0.65069,-0.19222,0.03918,7.3467,-2.8366,1.4564
0.73264,-0.65158,-0.19296,0.03803,7.3144,-2.771,1.4543
0.73172,-0.65246,-0.19369,0.036879,7.2821,-2.7034,1.4521
0.73079,-0.65335,-0.19443,0.035728,7.2499,-2.634,1.45
0.72987,-0.65423,-0.19516,0.034577,7.2178,-2.5631,1.4479
0.72893,-0.65511,-0.19589,0.033426,7.1858,-2.4907,1.4457
0.728,-0.65598,-0.19663,0.032274,7.1539,-2.4172,1.4436
0.72706,-0.65685,-0.19736,0.031123,7.122,-2.3426,1.4415
0.72613,-0.65773,-0.19809,0.029971,7.0903,-2.2671,1.4394
0.72519,-0.6586,-0.19882,0.02882,7.0586,-2.191,1.4372
0.72424,-0.65946,-0.19955,0.027668,7.027,-2.1143,1.4351
0.7233,-0.66033,-0.20028,0.026516,6.9955,-2.0374,1.433
0.72235,-0.66119,-0.201,0.025364,6.9641,-1.9605,1.4309
0.7214,-0.66205,-0.20173,0.024212,6.9329,-1.8836,1.4289
0.72044,-0.66291,-0.20246,0.02306,6.9017,-1.807,1.4268
0.71949,-0.66376,-0.20318,0.021908,6.8706,-1.7308,1.4247
0.71853,-0.66461,-0.20391,0.020756,6.8397,-1.6554,1.4226
0.71756,-0.66546,-0.20463,0.019604,6.8088,-1.5808,1.4206
0.7166,-0.66631,-0.20536,0.018451,6.7781,-1.5073,1.4185
0.71563,-0.66716,-0.20608,0.017299,6.7475,-1.435,1.4165
0.71467,-0.668,-0.2068,0.016146,6.7171,-1.3641,1.4145
0.71369,-0.66884,-0.20752,0.014994,6.6867,-1.2948,1.4124
0.71272,-0.66968,-0.20824,0.013841,6.6565,-1.2272,1.4104
0.71174,-0.67052,-0.20896,0.012688,6.6264,-1.1616,1.4084
0.71077,-0.67135,-0.20968,0.011536,6.5965,-1.0981,1.4064
0.70978,-0.67218,-0.2104,0.010383,6.5667,-1.0368,1.4044
0.7088,-0.67301,-0.21112,0.0092301,6.5371,-0.97799,1.4025
0.70781,-0.67384,-0.21184,0.0080773,6.5075,-0.92169,1.4005
0.70683,-0.67466,-0.21255,0.0069245,6.4782,-0.86808,1.3985
0.70583,-0.67549,-0.21327,0.0057716,6.449,-0.81731,1.3966
0.70484,-0.67631,-0.21398,0.0046187,6.4199,-0.76949,1.3947
0.70384,-0.67712,-0.2147,0.0034658,6.391,-0.72475,1.3927
0.70285,-0.67794,-0.21541,0.0023129,6.3623,-0.6832,1.3908
0.70184,-0.67875,-0.21612,0.0011599,6.3337,-0.64493,1.3889
0.70084,-0.67956,-0.21683,7.0206e-06,6.3053,-0.61006,1.387
0.69983,-0.68037,-0.21755,-0.0011459,6.2771,-0.57865,1.3851
0.69883,-0.68118,-0.21826,-0.0022988,6.2491,-0.5508,1.3833
0.69782,-0.68198,-0.21897,-0.0034518,6.2212,-0.52658,1.3814
0.6968,-0.68278,-0.21967,-0.0046047,6.1935,-0.50603,1.3796
0.69579,-0.68358,-0.22038,-0.0057575,6.1659,-0.48922,1.3777
0.69477,-0.68438,-0.22109,-0.0069104,6.1386,-0.47619,1.3759
0.69375,-0.68517,-0.2218,-0.0080633,6.1114,-0.46696,1.3741
0.69272,-0.68596,-0.2225,-0.0092161,6.0845,-0.46157,1.3723
0.6917,-0.68675,-0.22321,-0.010369,6.0577,-0.46002,1.3705
0.69067,-0.68754,-0.22391,-0.011522,6.0311,-0.46232,1.3687
0.68964,-0.68832,-0.22461,-0.012674,6.0047,-0.46846,1.367
0.68861,-0.6891,-0.22532,-0.013827,5.9786,-0.47843,1.3652
0.68757,-0.68988,-0.22602,-0.01498,5.9526,-0.49221,1.3635
0.68653,-0.69066,-0.22672,-0.016132,5.9268,-0.50975,1.3618
0.68549,-0.69143,-0.22742,-0.017285,5.9012,-0.53102,1.3601
0.68445,-0.6922,-0.22812,-0.018437,5.8759,-0.55596,1.3584
0.68341,-0.69297,-0.22882,-0.019589,5.8507,-0.58451,1.3567
0.68236,-0.69374,-0.22952,-0.020742,5.8258,-0.6166,1.3551
0.68131,-0.69451,-0.23021,-0.021894,5.8011,-0.65215,1.3534
0.68026,-0.69527,-0.23091,-0.023046,5.7766,-0.69106,1.3518
0.6792,-0.69603,-0.2316,-0.024198,5.7523,-0.73325,1.3502
0.67815,-0.69679,-0.2323,-0.02535,5.7282,-0.7786,1.3485
0.67709,-0.69754,-0.23299,-0.026502,5.7044,-0.827,1.347
0.67603,-0.69829,-0.23369,-0.027654,5.6808,-0.87834,1.3454
0.67496,-0.69904,-0.23438,-0.028806,5.6575,-0.93248,1.3438
0.6739,-0.69979,-0.23507,-0.029957,5.6343,-0.98929,1.3423
0.67283,-0.70054,-0.23576,-0.031109,5.6115,-1.0486,1.3408
0.67176,-0.70128,-0.23645,-0.03226,5.5888,-1.1103,1.3393
0.67068,-0.70202,-0.23714,-0.033412,5.5664,-1.1743,1.3378
0.66961,-0.70276,-0.23783,-0.034563,5.5442,-1.2403,1.3363
0.66853,-0.70349,-0.23851,-0.035714,5.5223,-1.3082,1.3348
0.66745,-0.70423,-0.2392,-0.036865,5.5006,-1.3778,1.3334
0.66637,-0.70496,-0.23989,-0.038016,5.4792,-1.449,1.3319
0.66528,-0.70568,-0.24057,-0.039166,5.458,-1.5215,1.3305
0.6642,-0.70641,-0.24125,-0.040317,5.4371,-1.5953,1.3291
0.66311,-0.70713,-0.24194,-0.041467,5.4165,-1.6701,1.3278
0.66201,-0.70785,-0.24262,-0.042617,5.3961,-1.7457,1.3264
0.66092,-0.70857,-0.2433,-0.043767,5.3759,-1.8219,1.3251
0.65982,-0.70929,-0.24398,-0.044917,5.356,-1.8986,1.3237
0.65872,-0.71,-0.24466,-0.046067,5.3364,-1.9755,1.3224
0.65762,-0.71071,-0.24534,-0.047217,5.3171,-2.0525,1.3211
0.65652,-0.71142,-0.24602,-0.048366,5.298,-2.1293,1.3199
0.65541,-0.71213,-0.24669,-0.049516,5.2792,-2.2059,1.3186
0.65431,-0.71283,-0.24737,-0.050665,5.2607,-2.2819,1.3174
0.6532,-0.71353,-0.24805,-0.051814,5.2424,-2.3572,1.3162
0.65208,-0.71423,-0.24872,-0.052962,5.2244,-2.4316,1.315
0.65097,-0.71492,-0.24939,-0.054111,5.2067,-2.505,1.3138
0.64985,-0.71562,-0.25007,-0.055259,5.1893,-2.5771,1.3126
0.64873,-0.71631,-0.25074,-0.056407,5.1721,-2.6477,1.3115
0.64761,-0.717,-0.25141,-0.057555,5.1552,-2.7167,1.3103
0.64649,-0.71768,-0.25208,-0.058703,5.1387,-2.7839,1.3092
0.64536,-0.71837,-0.25275,-0.059851,5.1224,-2.8492,1.3082
0.64423,-0.71905,-0.25342,-0.060998,5.1064,-2.9124,1.3071
0.6431,-0.71972,-0.25408,-0.062145,5.0906,-2.9732,1.306
0.64197,-0.7204,-0.25475,-0.063292,5.0752,-3.0317,1.305
0.64083,-0.72107,-0.25542,-0.064439,5.0601,-3.0875,1.304
0.63969,-0.72174,-0.25608,-0.065586,5.0452,-3.1407,1.303
0.63855,-0.72241,-0.25674,-0.066732,5.0307,-3.1909,1.302
0.63741,-0.72308,-0.25741,-0.067878,5.0164,-3.2382,1.3011
0.63627,-0.72374,-0.25807,-0.069024,5.0025,-3.2825,1.3002
0.63512,-0.7244,-0.25873,-0.070169,4.9888,-3.3235,1.2993
0.63397,-0.72506,-0.25939,-0.071314,4.9755,-3.3612,1.2984
0.63282,-0.72571,-0.26005,-0.07246,4.9624,-3.3955,1.2975
0.63167,-0.72637,-0.26071,-0.073604,4.9497,-3.4263,1.2966
0.63051,-0.72702,-0.26137,-0.074749,4.9372,-3.4535,1.2958
0.62936,-0.72767,-0.26202,-0.075893,4.9251,-3.4771,1.295
0.6282,-0.72831,-0.26268,-0.077037,4.9133,-3.4971,1.2942
0.62703,-0.72895,-0.26333,-0.078181,4.9018,-3.5132,1.2935
0.62587,-0.72959,-0.26399,-0.079324,4.8906,-3.5256,1.2927
0.6247,-0.73023,-0.26464,-0.080468,4.8797,-3.5342,1.292
0.62353,-0.73087,-0.26529,-0.081611,4.8691,-3.539,1.2913
0.62236,-0.7315,-0.26594,-0.082753,4.8588,-3.5399,1.2906
0.62119,-0.73213,-0.26659,-0.083896,4.8489,-3.5369,1.2899
0.62002,-0.73276,-0.26724,-0.085038,4.8392,-3.5301,1.2893
0.61884,-0.73338,-0.26789,-0.086179,4.8299,-3.5195,1.2887
0.61766,-0.734,-0.26854,-0.087321,4.8209,-3.5051,1.2881
0.61648,-0.73462,-0.26918,-0.088462,4.8122,-3.4869,1.2875
0.61529,-0.73524,-0.26983,-0.089603,4.8038,-3.465,1.2869
0.61411,-0.73585,-0.27047,-0.090743,4.7958,-3.4395,1.2864
0.61292,-0.73647,-0.27112,-0.091883,4.788,-3.4103,1.2859
0.61173,-0.73708,-0.27176,-0.093023,4.7806,-3.3777,1.2854
0.61054,-0.73768,-0.2724,-0.094163,4.7735,-3.3415,1.2849
0.60934,-0.73829,-0.27304,-0.095302,4.7668,-3.3021,1.2845
0.60815,-0.73889,-0.27368,-0.096441,4.7603,-3.2593,1.284
0.60695,-0.73949,-0.27432,-0.09758,4.7542,-3.2135,1.2836
0.60575,-0.74008,-0.27496,-0.098718,4.7484,-3.1646,1.2832
0.60454,-0.74068,-0.27559,-0.099856,4.7429,-3.1127,1.2829
0.60334,-0.74127,-0.27623,-0.10099,4.7378,-3.0581,1.2825
0.60213,-0.74186,-0.27686,-0.10213,4.733,-3.0009,1.2822
0.60092,-0.74244,-0.2775,-0.10327,4.7285,-2.9412,1.2819
0.59971,-0.74303,-0.27813,-0.1044,4.7243,-2.8791,1.2816
0.5985,-0.74361,-0.27876,-0.10554,4.7205,-2.8148,1.2814
0.59728,-0.74419,-0.27939,-0.10668,4.717,-2.7484,1.2811
0.59607,-0.74476,-0.28002,-0.10781,4.7138,-2.6802,1.2809
0.59485,-0.74533,-0.28065,-0.10895,4.711,-2.6103,1.2807
0.59362,-0.7459,-0.28128,-0.11008,4.7084,-2.5389,1.2806
0.5924,-0.74647,-0.28191,-0.11121,4.7062,-2.4661,1.2804
0.59117,-0.74704,-0.28253,-0.11235,4.7044,-2.3922,1.2803
0.58995,-0.7476,-0.28316,-0.11348,4.7028,-2.3173,1.2802
0.58872,-0.74816,-0.28378,-0.11461,4.7016,-2.2416,1.2801
0.58748,-0.74872,-0.28441,-0.11575,4.7008,-2.1652,1.2801
0.58625,-0.74927,-0.28503,-0.11688,4.7002,-2.0885,1.28
0.58501,-0.74982,-0.28565,-0.11801,4.7,-2.0116,1.28
0.58377,-0.75037,-0.28627,-0.11914,4.7001,-1.9346,1.28
0.58253,-0.75092,-0.28689,-0.12027,4.7006,-1.8578,1.28
0.58129,-0.75147,-0.28751,-0.1214,4.7013,-1.7813,1.2801
0.58005,-0.75201,-0.28812,-0.12253,4.7024,-1.7054,1.2802
0.5788,-0.75255,-0.28874,-0.12366,4.7039,-1.6302,1.2803
0.57755,-0.75308,-0.28936,-0.12479,4.7056,-1.556,1.2804
0.5763,-0.75362,-0.28997,-0.12592,4.7077,-1.4828,1.2805
0.57505,-0.75415,-0.29058,-0.12705,4.7102,-1.411,1.2807
0.57379,-0.75468,-0.2912,-0.12818,4.7129,-1.3406,1.2809
0.57254,-0.7552,-0.29181,-0.12931,4.716,-1.2718,1.2811
0.57128,-0.75572,-0.29242,-0.13043,4.7194,-1.2049,1.2813
0.57002,-0.75625,-0.29303,-0.13156,4.7231,-1.14,1.2815
0.56876,-0.75676,-0.29363,-0.13269,4.7272,-1.0772,1.2818
0.56749,-0.75728,-0.29424,-0.13381,4.7316,-1.0168,1.2821
0.56623,-0.75779,-0.29485,-0.13494,4.7363,-0.95876,1.2824
0.56496,-0.7583,-0.29545,-0.13606,4.7414,-0.90335,1.2828
0.56369,-0.75881,-0.29605,-0.13719,4.7467,-0.85069,1.2831
0.56241,-0.75931,-0.29666,-0.13831,4.7524,-0.80089,1.2835
0.56114,-0.75981,-0.29726,-0.13943,4.7585,-0.7541,1.2839
0.55986,-0.76031,-0.29786,-0.14056,4.7648,-0.71042,1.2843
0.55858,-0.76081,-0.29846,-0.14168,4.7715,-0.66996,1.2848
0.5573,-0.7613,-0.29906,-0.1428,4.7785,-0.63282,1.2852
0.55602,-0.7618,-0.29966,-0.14392,4.7858,-0.5991,1.2857
0.55474,-0.76228,-0.30025,-0.14504,4.7934,-0.56889,1.2862
0.55345,-0.76277,-0.30085,-0.14616,4.8014,-0.54225,1.2868
0.55216,-0.76325,-0.30144,-0.14728,4.8096,-0.51925,1.2873
0.55087,-0.76373,-0.30204,-0.1484,4.8182,-0.49996,1.2879
0.54958,-0.76421,-0.30263,-0.14952,4.8272,-0.48441,1.2885
0.54829,-0.76469,-0.30322,-0.15064,4.8364,-0.47266,1.2891
0.54699,-0.76516,-0.30381,-0.15176,4.8459,-0.46472,1.2897
0.54569,-0.76563,-0.3044,-0.15287,4.8558,-0.46062,1.2904
0.54439,-0.7661,-0.30499,-0.15399,4.866,-0.46036,1.2911
0.54309,-0.76656,-0.30557,-0.15511,4.8765,-0.46396,1.2918
0.54179,-0.76702,-0.30616,-0.15622,4.8873,-0.47139,1.2925
0.54048,-0.76748,-0.30674,-0.15734,4.8984,-0.48264,1.2932
0.53918,-0.76794,-0.30733,-0.15845,4.9098,-0.49769,1.294
0.53787,-0.76839,-0.30791,-0.15956,4.9215,-0.51649,1.2948
0.53656,-0.76884,-0.30849,-0.16068,4.9336,-0.539,1.2956
0.53524,-0.76929,-0.30907,-0.16179,4.9459,-0.56516,1.2964
0.53393,-0.76974,-0.30965,-0.1629,4.9586,-0.59491,1.2972
0.53261,-0.77018,-0.31023,-0.16401,4.9715,-0.62817,1.2981
0.53129,-0.77062,-0.31081,-0.16513,4.9848,-0.66486,1.299
0.52997,-0.77106,-0.31138,-0.16624,4.9984,-0.70489,1.2999
0.52865,-0.77149,-0.31196,-0.16735,5.0122,-0.74815,1.3008
0.52733,-0.77193,-0.31253,-0.16845,5.0264,-0.79454,1.3018
0.526,-0.77236,-0.31311,-0.16956,5.0408,-0.84395,1.3027
0.52467,-0.77278,-0.31368,-0.17067,5.0556,-0.89624,1.3037
0.52334,-0.77321,-0.31425,-0.17178,5.0706,-0.95129,1.3047
0.52201,-0.77363,-0.31482,-0.17289,5.086,-1.009,1.3057
0.52068,-0.77405,-0.31539,-0.17399,5.1016,-1.0691,1.3068
0.51935,-0.77446,-0.31595,-0.1751,5.1175,-1.1316,1.3078
0.51801,-0.77488,-0.31652,-0.1762,5.1337,-1.1962,1.3089
0.51667,-0.77529,-0.31709,-0.17731,5.1502,-1.2629,1.31
0.51533,-0.7757,-0.31765,-0.17841,5.167,-1.3314,1.3111
0.51399,-0.7761,-0.31821,-0.17952,5.1841,-1.4016,1.3123
0.51264,-0.7765,-0.31878,-0.18062,5.2014,-1.4732,1.3134
0.5113,-0.7769,-0.31934,-0.18172,5.2191,-1.5462,1.3146
0.50995,-0.7773,-0.3199,-0.18282,5.237,-1.6203,1.3158
0.5086,-0.77769,-0.32045,-0.18392,5.2551,-1.6954,1.317
0.50725,-0.77809,-0.32101,-0.18502,5.2736,-1.7712,1.3182
0.5059,-0.77847,-0.32157,-0.18612,5.2923,-1.8476,1.3195
0.50454,-0.77886,-0.32212,-0.18722,5.3113,-1.9244,1.3208
0.50318,-0.77924,-0.32268,-0.18832,5.3306,-2.0014,1.322
0.50183,-0.77962,-0.32323,-0.18942,5.3501,-2.0784,1.3233
0.50047,-0.78,-0.32378,-0.19051,5.3699,-2.1551,1.3247
-0.4991,0.78038,0.32433,0.19161,5.39,-2.2315,1.326
-0.49774,0.78075,0.32488,0.1927,5.4103,-2.3073,1.3274
-0.49638,0.78112,0.32543,0.1938,5.4309,-2.3823,1.3287
-0.49501,0.78149,0.32598,0.19489,5.4517,-2.4564,1.3301
-0.49364,0.78185,0.32652,0.19599,5.4728,-2.5294,1.3315
-0.49227,0.78221,0.32707,0.19708,5.4942,-2.601,1.3329
-0.4909,0.78257,0.32761,0.19817,5.5158,-2.6711,1.3344
-0.48952,0.78293,0.32815,0.19926,5.5376,-2.7395,1.3358
-0.48815,0.78328,0.3287,0.20035,5.5597,-2.8061,1.3373
-0.48677,0.78363,0.32924,0.20144,5.5821,-2.8707,1.3388
-0.48539,0.78398,0.32978,0.20253,5.6046,-2.9331,1.3403
-0.48401,0.78432,0.33031,0.20362,5.6274,-2.9932,1.3418
-0.48263,0.78467,0.33085,0.20471,5.6505,-3.0507,1.3434
-0.48124,0.78501,0.33139,0.2058,5.6738,-3.1057,1.3449
-0.47986,0.78534,0.33192,0.20688,5.6973,-3.1579,1.3465
-0.47847,0.78568,0.33245,0.20797,5.7211,-3.2072,1.3481
-0.47708,0.78601,0.33299,0.20905,5.7451,-3.2535,1.3497
-0.47569,0.78634,0.33352,0.21014,5.7693,-3.2966,1.3513
-0.4743,0.78666,0.33405,0.21122,5.7937,-3.3365,1.3529
-0.4729,0.78699,0.33458,0.2123,5.8183,-3.3731,1.3546
-0.47151,0.78731,0.3351,0.21338,5.8432,-3.4062,1.3562
-0.47011,0.78762,0.33563,0.21447,5.8683,-3.4358,1.3579
-0.46871,0.78794,0.33616,0.21555,5.8936,-3.4619,1.3596
-0.46731,0.78825,0.33668,0.21663,5.9191,-3.4843,1.3613
-0.46591,0.78856,0.3372,0.21771,5.9448,-3.5029,1.363
-0.4645,0.78887,0.33772,0.21878,5.9707,-3.5178,1.3647
-0.4631,0.78917,0.33825,0.21986,5.9969,-3.5289,1.3665
-0.46169,0.78947,0.33876,0.22094,6.0232,-3.5362,1.3682
-0.46028,0.78977,0.33928,0.22201,6.0497,-3.5397,1.37
-0.45887,0.79007,0.3398,0.22309,6.0764,-3.5393,1.3718
-0.45746,0.79036,0.34032,0.22416,6.1033,-3.5351,1.3736
-0.45605,0.79065,0.34083,0.22524,6.1304,-3.527,1.3754
-0.45463,0.79094,0.34134,0.22631,6.1577,-3.5151,1.3772
-0.45321,0.79122,0.34186,0.22738,6.1852,-3.4994,1.379
-0.45179,0.7915,0.34237,0.22845,6.2128,-3.48,1.3809
-0.45037,0.79178,0.34288,0.22952,6.2407,-3.4569,1.3827
-0.44895,0.79206,0.34338,0.23059,6.2687,-3.4301,1.3846
-0.44753,0.79233,0.34389,0.23166,6.2969,-3.3997,1.3865
-0.44611,0.7926,0.3444,0.23273,6.3252,-3.3659,1.3883
-0.44468,0.79287,0.3449,0.2338,6.3537,-3.3286,1.3902
-0.44325,0.79313,0.34541,0.23486,6.3824,-3.2881,1.3922
-0.44182,0.7934,0.34591,0.23593,6.4112,-3.2443,1.3941
-0.44039,0.79366,0.34641,0.23699,6.4403,-3.1974,1.396
-0.43896,0.79391,0.34691,0.23806,6.4694,-3.1475,1.398
-0.43752,0.79417,0.34741,0.23912,6.4987,-3.0947,1.3999
-0.43609,0.79442,0.34791,0.24018,6.5282,-3.0392,1.4019
-0.43465,0.79467,0.3484,0.24124,6.5578,-2.9811,1.4039
-0.43321,0.79491,0.3489,0.2423,6.5875,-2.9205,1.4058
-0.43177,0.79515,0.34939,0.24336,6.6174,-2.8577,1.4078
-0.43033,0.79539,0.34989,0.24442,6.6475,-2.7927,1.4098
-0.42889,0.79563,0.35038,0.24548,6.6776,-2.7257,1.4118
-0.42744,0.79587,0.35087,0.24654,6.7079,-2.6569,1.4139
-0.426,0.7961,0.35136,0.24759,6.7384,-2.5865,1.4159
-0.42455,0.79633,0.35185,0.24865,6.7689,-2.5146,1.4179
-0.4231,0.79655,0.35233,0.2497,6.7996,-2.4414,1.42
-0.42165,0.79678,0.35282,0.25076,6.8304,-2.3671,1.422
-0.4202,0.797,0.3533,0.25181,6.8613,-2.2919,1.4241
-0.41874,0.79721,0.35378,0.25286,6.8923,-2.2159,1.4262
-0.41729,0.79743,0.35427,0.25391,6.9235,-2.1395,1.4282
-0.41583,0.79764,0.35475,0.25496,6.9547,-2.0626,1.4303
-0.41437,0.79785,0.35523,0.25601,6.9861,-1.9857,1.4324
-0.41291,0.79806,0.3557,0.25706,7.0175,-1.9087,1.4345
-0.41145,0.79826,0.35618,0.25811,7.0491,-1.832,1.4366
-0.40999,0.79846,0.35666,0.25915,7.0807,-1.7557,1.4387
-0.40853,0.79866,0.35713,0.2602,7.1125,-1.68,1.4408
-0.40706,0.79886,0.3576,0.26124,7.1443,-1.6051,1.443
-0.4056,0.79905,0.35808,0.26229,7.1762,-1.5312,1.4451
-0.40413,0.79924,0.35855,0.26333,7.2082,-1.4585,1.4472
-0.40266,0.79943,0.35902,0.26437,7.2403,-1.3871,1.4494
-0.40119,0.79961,0.35948,0.26541,7.2724,-1.3173,1.4515
-0.39972,0.79979,0.35995,0.26645,7.3047,-1.2491,1.4536
-0.39824,0.79997,0.36042,0.26749,7.337,-1.1829,1.4558
-0.39677,0.80015,0.36088,0.26853,7.3693,-1.1187,1.458
-0.39529,0.80032,0.36134,0.26957,7.4017,-1.0566,1.4601
-0.39381,0.80049,0.3618,0.2706,7.4342,-0.99698,1.4623
-0.39233,0.80066,0.36227,0.27164,7.4668,-0.93983,1.4645
-0.39085,0.80082,0.36272,0.27267,7.4994,-0.88533,1.4666
-0.38937,0.80098,0.36318,0.27371,7.532,-0.83362,1.4688
-0.38789,0.80114,0.36364,0.27474,7.5647,-0.78482,1.471
-0.3864,0.8013,0.36409,0.27577,7.5974,-0.73905,1.4732
-0.38492,0.80145,0.36455,0.2768,7.6302,-0.69644,1.4753
-0.38343,0.8016,0.365,0.27783,7.663,-0.65709,1.4775
-0.38194,0.80175,0.36545,0.27886,7.6959,-0.6211,1.4797
-0.38045,0.80189,0.3659,0.27989,7.7287,-0.58855,1.4819
-0.37896,0.80204,0.36635,0.28091,7.7616,-0.55953,1.4841
-0.37747,0.80218,0.3668,0.28194,7.7946,-0.53411,1.4863
-0.37597,0.80231,0.36725,0.28297,7.8275,-0.51235,1.4885
-0.37448,0.80245,0.36769,0.28399,7.8605,-0.49431,1.4907
-0.37298,0.80258,0.36814,0.28501,7.8934,-0.48004,1.4929
-0.37148,0.80271,0.36858,0.28603,7.9264,-0.46956,1.4951
-0.36998,0.80283,0.36902,0.28705,7.9594,-0.46291,1.4973
-0.36848,0.80295,0.36946,0.28807,7.9924,-0.4601,1.4995
-0.36698,0.80307,0.3699,0.28909,8.0254,-0.46114,1.5017
-0.36548,0.80319,0.37034,0.29011,8.0584,-0.46603,1.5039
-0.36397,0.8033,0.37077,0.29113,8.0914,-0.47475,1.5061
-0.36247,0.80342,0.37121,0.29214,8.1244,-0.48728,1.5083
-0.36096,0.80352,0.37164,0.29316,8.1574,-0.5036,1.5105
-0.35945,0.80363,0.37207,0.29417,8.1903,-0.52365,1.5127
-0.35794,0.80373,0.3725,0.29518,8.2232,-0.5474,1.5149
-0.35643,0.80383,0.37293,0.2962,8.2562,-0.57477,1.5171
-0.35492,0.80393,0.37336,0.29721,8.289,-0.60571,1.5193
-0.35341,0.80402,0.37379,0.29822,8.3219,-0.64013,1.5215
-0.35189,0.80412,0.37421,0.29922,8.3547,-0.67795,1.5236
-0.35038,0.8042,0.37464,0.30023,8.3875,-0.71908,1.5258
-0.34886,0.80429,0.37506,0.30124,8.4203,-0.76341,1.528
-0.34734,0.80437,0.37548,0.30224,8.453,-0.81083,1.5302
-0.34582,0.80445,0.3759,0.30325,8.4856,-0.86122,1.5324
-0.3443,0.80453,0.37632,0.30425,8.5183,-0.91445,1.5346
-0.34278,0.80461,0.37674,0.30525,8.5508,-0.9704,1.5367
-0.34126,0.80468,0.37716,0.30625,8.5833,-1.0289,1.5389
-0.33973,0.80475,0.37757,0.30725,8.6158,-1.0899,1.5411
-0.33821,0.80481,0.37798,0.30825,8.6482,-1.1531,1.5432
-0.33668,0.80488,0.3784,0.30925,8.6805,-1.2184,1.5454
-0.33515,0.80494,0.37881,0.31025,8.7128,-1.2857,1.5475
-0.33363,0.80499,0.37922,0.31124,8.7449,-1.3548,1.5497
-0.3321,0.80505,0.37963,0.31224,8.7771,-1.4255,1.5518
-0.33056,0.8051,0.38003,0.31323,8.8091,-1.4977,1.5539
-0.32903,0.80515,0.38044,0.31422,8.841,-1.571,1.5561
-0.3275,0.8052,0.38084,0.31521,8.8729,-1.6455,1.5582
-0.32596,0.80524,0.38125,0.3162,8.9047,-1.7208,1.5603
-0.32443,0.80528,0.38165,0.31719,8.9364,-1.7969,1.5624
-0.32289,0.80532,0.38205,0.31818,8.968,-1.8734,1.5645
-0.32135,0.80536,0.38245,0.31917,8.9995,-1.9503,1.5666
-0.31981,0.80539,0.38285,0.32015,9.0309,-2.0273,1.5687
-0.31827,0.80542,0.38324,0.32114,9.0622,-2.1042,1.5708
-0.31673,0.80544,0.38364,0.32212,9.0934,-2.1809,1.5729
-0.31519,0.80547,0.38403,0.3231,9.1244,-2.2571,1.575
-0.31365,0.80549,0.38442,0.32408,9.1554,-2.3326,1.577
-0.3121,0.80551,0.38482,0.32506,9.1863,-2.4074,1.5791
-0.31056,0.80552,0.38521,0.32604,9.217,-2.4811,1.5811
-0.30901,0.80554,0.38559,0.32702,9.2476,-2.5536,1.5832
-0.30746,0.80555,0.38598,0.328,9.2781,-2.6247,1.5852
-0.30591,0.80555,0.38637,0.32897,9.3085,-2.6943,1.5872
-0.30436,0.80556,0.38675,0.32995,9.3387,-2.7621,1.5892
-0.30281,0.80556,0.38713,0.33092,9.3688,-2.8281,1.5913
-0.30126,0.80556,0.38752,0.33189,9.3987,-2.8919,1.5932
-0.2997,0.80555,0.3879,0.33286,9.4286,-2.9536,1.5952
-0.29815,0.80555,0.38828,0.33383,9.4582,-3.0128,1.5972
-0.29659,0.80554,0.38865,0.3348,9.4878,-3.0695,1.5992
-0.29504,0.80552,0.38903,0.33577,9.5171,-3.1236,1.6011
-0.29348,0.80551,0.3894,0.33674,9.5464,-3.1748,1.6031
-0.29192,0.80549,0.38978,0.3377,9.5754,-3.2231,1.605
-0.29036,0.80547,0.39015,0.33866,9.6044,-3.2683,1.607
-0.2888,0.80544,0.39052,0.33963,9.6331,-3.3104,1.6089
-0.28724,0.80542,0.39089,0.34059,9.6617,-3.3492,1.6108
-0.28568,0.80539,0.39126,0.34155,9.6901,-3.3846,1.6127
-0.28411,0.80536,0.39162,0.34251,9.7184,-3.4166,1.6146
-0.28255,0.80532,0.39199,0.34347,9.7465,-3.445,1.6164
-0.28098,0.80528,0.39235,0.34442,9.7744,-3.4698,1.6183
-0.27942,0.80524,0.39272,0.34538,9.8021,-3.4909,1.6201
-0.27785,0.8052,0.39308,0.34633,9.8297,-3.5084,1.622
-0.27628,0.80515,0.39344,0.34729,9.8571,-3.522,1.6238
-0.27471,0.8051,0.3938,0.34824,9.8842,-3.5318,1.6256
-0.27314,0.80505,0.39415,0.34919,9.9112,-3.5378,1.6274
-0.27157,0.80499,0.39451,0.35014,9.938,-3.54,1.6292
-0.27,0.80494,0.39486,0.35109,9.9647,-3.5383,1.631
-0.26843,0.80488,0.39522,0.35203,9.9911,-3.5328,1.6327
-0.26685,0.80481,0.39557,0.35298,10.017,-3.5234,1.6345
-0.26528,0.80475,0.39592,0.35392,10.043,-3.5102,1.6362
-0.2637,0.80468,0.39627,0.35487,10.069,-3.4933,1.6379
-0.26212,0.80461,0.39661,0.35581,10.095,-3.4726,1.6396
-0.26055,0.80453,0.39696,0.35675,10.12,-3.4483,1.6413
-0.25897,0.80445,0.3973,0.35769,10.145,-3.4203,1.643
-0.25739,0.80437,0.39765,0.35863,10.17,-3.3887,1.6447
-0.25581,0.80429,0.39799,0.35956,10.195,-3.3537,1.6463
-0.25422,0.8042,0.39833,0.3605,10.22,-3.3154,1.648
-0.25264,0.80411,0.39867,0.36143,10.244,-3.2737,1.6496
-0.25106,0.80402,0.39901,0.36237,10.268,-3.2288,1.6512
-0.24947,0.80393,0.39934,0.3633,10.292,-3.1809,1.6528
-0.24789,0.80383,0.39968,0.36423,10.315,-3.13,1.6544
-0.2463,0.80373,0.40001,0.36516,10.339,-3.0763,1.6559
-0.24472,0.80363,0.40034,0.36609,10.362,-3.0199,1.6575
-0.24313,0.80352,0.40067,0.36701,10.385,-2.961,1.659
-0.24154,0.80341,0.401,0.36794,10.408,-2.8996,1.6605
-0.23995,0.8033,0.40133,0.36886,10.43,-2.8361,1.662
-0.23836,0.80319,0.40166,0.36979,10.452,-2.7704,1.6635
-0.23677,0.80307,0.40198,0.37071,10.474,-2.7028,1.6649
-0.23518,0.80295,0.40231,0.37163,10.496,-2.6334,1.6664
-0.23359,0.80283,0.40263,0.37255,10.517,-2.5624,1.6678
-0.23199,0.80271,0.40295,0.37346,10.539,-2.4901,1.6692
-0.2304,0.80258,0.40327,0.37438,10.56,-2.4165,1.6706
-0.2288,0.80245,0.40359,0.3753,10.58,-2.3419,1.672
-0.22721,0.80231,0.4039,0.37621,10.601,-2.2664,1.6734
-0.22561,0.80218,0.40422,0.37712,10.621,-2.1903,1.6747
-0.22401,0.80204,0.40453,0.37803,10.641,-2.1137,1.6761
-0.22242,0.80189,0.40484,0.37894,10.66,-2.0368,1.6774
-0.22082,0.80175,0.40516,0.37985,10.68,-1.9598,1.6787
-0.21922,0.8016,0.40546,0.38076,10.699,-1.8829,1.6799
-0.21762,0.80145,0.40577,0.38167,10.718,-1.8063,1.6812
-0.21601,0.8013,0.40608,0.38257,10.736,-1.7302,1.6824
-0.21441,0.80114,0.40638,0.38347,10.755,-1.6547,1.6836
-0.21281,0.80098,0.40669,0.38438,10.773,-1.5802,1.6849
-0.21121,0.80082,0.40699,0.38528,10.791,-1.5066,1.686
-0.2096,0.80066,0.40729,0.38617,10.808,-1.4343,1.6872
-0.208,0.80049,0.40759,0.38707,10.825,-1.3634,1.6883
-0.20639,0.80032,0.40789,0.38797,10.842,-1.2942,1.6895
-0.20478,0.80015,0.40819,0.38886,10.859,-1.2266,1.6906
-0.20318,0.79997,0.40848,0.38976,10.875,-1.161,1.6917
-0.20157,0.79979,0.40878,0.39065,10.891,-1.0975,1.6927
-0.19996,0.79961,0.40907,0.39154,10.907,-1.0363,1.6938
-0.19835,0.79942,0.40936,0.39243,10.922,-0.97747,1.6948
-0.19674,0.79924,0.40965,0.39332,10.938,-0.9212,1.6958
-0.19513,0.79905,0.40994,0.39421,10.952,-0.86762,1.6968
-0.19352,0.79886,0.41022,0.39509,10.967,-0.81687,1.6978
-0.19191,0.79866,0.41051,0.39598,10.981,-0.76908,1.6988
-0.19029,0.79846,0.41079,0.39686,10.995,-0.72437,1.6997
-0.18868,0.79826,0.41107,0.39774,11.009,-0.68284,1.7006
-0.18707,0.79806,0.41136,0.39862,11.022,-0.64461,1.7015
-0.18545,0.79785,0.41163,0.3995,11.036,-0.60976,1.7024
-0.18384,0.79764,0.41191,0.40038,11.048,-0.57839,1.7032
-0.18222,0.79743,0.41219,0.40125,11.061,-0.55057,1.7041
-0.1806,0.79721,0.41246,0.40213,11.073,-0.52638,1.7049
-0.17899,0.797,0.41274,0.403,11.085,-0.50587,1.7057
-0.17737,0.79678,0.41301,0.40387,11.096,-0.48909,1.7064
-0.17575,0.79655,0.41328,0.40474,11.108,-0.47609,1.7072
-0.17413,0.79633,0.41355,0.40561,11.119,-0.4669,1.7079
-0.17251,0.7961,0.41382,0.40648,11.129,-0.46154,1.7086
-0.17089,0.79587,0.41409,0.40734,11.14,-0.46002,1.7093
-0.16927,0.79563,0.41435,0.40821,11.15,-0.46236,1.71
-0.16765,0.79539,0.41461,0.40907,11.159,-0.46853,1.7106
-0.16603,0.79515,0.41488,0.40993,11.169,-0.47854,1.7112
-0.1644,0.79491,0.41514,0.41079,11.178,-0.49235,1.7118
-0.16278,0.79467,0.4154,0.41165,11.186,-0.50993,1.7124
-0.16116,0.79442,0.41565,0.41251,11.195,-0.53123,1.713
-0.15953,0.79417,0.41591,0.41336,11.203,-0.5562,1.7135
-0.15791,0.79391,0.41616,0.41422,11.211,-0.58478,1.7141
-0.15628,0.79366,0.41642,0.41507,11.218,-0.6169,1.7145
-0.15466,0.7934,0.41667,0.41592,11.225,-0.65248,1.715
-0.15303,0.79313,0.41692,0.41677,11.232,-0.69142,1.7155
-0.1514,0.79287,0.41717,0.41762,11.239,-0.73363,1.7159
-0.14977,0.7926,0.41742,0.41847,11.245,-0.77901,1.7163
-0.14815,0.79233,0.41766,0.41931,11.251,-0.82745,1.7167
-0.14652,0.79206,0.41791,0.42016,11.256,-0.87881,1.7171
-0.14489,0.79178,0.41815,0.421,11.261,-0.93297,1.7174
-0.14326,0.7915,0.41839,0.42184,11.266,-0.98981,1.7178
-0.14163,0.79122,0.41863,0.42268,11.271,-1.0492,1.7181
-0.14,0.79094,0.41887,0.42352,11.275,-1.1109,1.7183
-0.13837,0.79065,0.41911,0.42436,11.279,-1.1749,1.7186
-0.13673,0.79036,0.41934,0.42519,11.282,-1.2409,1.7188
-0.1351,0.79007,0.41958,0.42603,11.286,-1.3088,1.719
-0.13347,0.78977,0.41981,0.42686,11.289,-1.3784,1.7192
-0.13184,0.78947,0.42004,0.42769,11.291,-1.4496,1.7194
-0.1302,0.78917,0.42027,0.42852,11.293,-1.5222,1.7196
-0.12857,0.78887,0.4205,0.42935,11.295,-1.596,1.7197
-0.12693,0.78856,0.42073,0.43017,11.297,-1.6707,1.7198
-0.1253,0.78825,0.42095,0.431,11.298,-1.7463,1.7199
-0.12366,0.78794,0.42118,0.43182,11.299,-1.8226,1.7199
-0.12203,0.78762,0.4214,0.43264,11.3,-1.8993,1.72
-0.12039,0.78731,0.42162,0.43346,11.3,-1.9762,1.72
-0.11875,0.78699,0.42184,0.43428,11.3,-2.0532,1.72
-0.11712,0.78666,0.42206,0.4351,11.3,-2.13,1.72
-0.11548,0.78634,0.42228,0.43591,11.299,-2.2066,1.7199
-0.11384,0.78601,0.42249,0.43673,11.298,-2.2826,1.7199
-0.1122,0.78568,0.42271,0.43754,11.296,-2.3579,1.7198
-0.11056,0.78534,0.42292,0.43835,11.295,-2.4323,1.7196
-0.10893,0.78501,0.42313,0.43916,11.293,-2.5056,1.7195
-0.10729,0.78467,0.42334,0.43997,11.29,-2.5777,1.7193
-0.10565,0.78432,0.42355,0.44078,11.288,-2.6483,1.7192
-0.10401,0.78398,0.42375,0.44158,11.285,-2.7173,1.719
-0.10237,0.78363,0.42396,0.44238,11.281,-2.7845,1.7187
-0.10072,0.78328,0.42416,0.44319,11.277,-2.8498,1.7185
-0.099084,0.78293,0.42436,0.44399,11.273,-2.9129,1.7182
-0.097442,0.78257,0.42456,0.44479,11.269,-2.9738,1.7179
-0.0958,0.78221,0.42476,0.44558,11.264,-3.0322,1.7176
-0.094158,0.78185,0.42496,0.44638,11.259,-3.088,1.7173
-0.092515,0.78149,0.42516,0.44717,11.254,-3.1411,1.7169
-0.090872,0.78112,0.42535,0.44797,11.248,-3.1914,1.7166
-0.089229,0.78075,0.42554,0.44876,11.243,-3.2387,1.7162
-0.087585,0.78038,0.42573,0.44955,11.236,-3.2828,1.7157
-0.085941,0.78,0.42592,0.45033,11.23,-3.3238,1.7153
-0.084297,0.77962,0.42611,0.45112,11.223,-3.3615,1.7148
-0.082653,0.77924,0.4263,0.4519,11.215,-3.3958,1.7144
-0.081008,0.77886,0.42649,0.45269,11.208,-3.4265,1.7139
-0.079363,0.77847,0.42667,0.45347,11.2,-3.4538,1.7133
-0.077717,0.77808,0.42685,0.45425,11.192,-3.4773,1.7128
-0.076072,0.77769,0.42703,0.45503,11.183,-3.4972,1.7122
-0.074426,0.7773,0.42721,0.4558,11.174,-3.5134,1.7116
-0.07278,0.7769,0.42739,0.45658,11.165,-3.5257,1.711
-0.071133,0.7765,0.42757,0.45735,11.156,-3.5343,1.7104
-0.069487,0.7761,0.42774,0.45812,11.146,-3.539,1.7097
-0.06784,0.77569,0.42792,0.4589,11.136,-3.5399,1.709
-0.066193,0.77529,0.42809,0.45966,11.125,-3.5369,1.7083
-0.064545,0.77488,0.42826,0.46043,11.114,-3.5301,1.7076
-0.062898,0.77446,0.42843,0.4612,11.103,-3.5194,1.7069
-0.06125,0.77405,0.42859,0.46196,11.092,-3.505,1.7061
-0.059602,0.77363,0.42876,0.46272,11.08,-3.4868,1.7054
-0.057954,0.77321,0.42893,0.46348,11.068,-3.4648,1.7046
-0.056305,0.77278,0.42909,0.46424,11.056,-3.4392,1.7037
-0.054656,0.77236,0.42925,0.465,11.043,-3.4101,1.7029
-0.053008,0.77193,0.42941,0.46576,11.031,-3.3774,1.702
-0.051359,0.77149,0.42957,0.46651,11.017,-3.3412,1.7012
-0.049709,0.77106,0.42973,0.46726,11.004,-3.3017,1.7003
-0.04806,0.77062,0.42988,0.46801,10.99,-3.259,1.6993
-0.046411,0.77018,0.43004,0.46876,10.976,-3.2131,1.6984
-0.044761,0.76974,0.43019,0.46951,10.961,-3.1641,1.6974
-0.043111,0.76929,0.43034,0.47026,10.947,-3.1123,1.6965
-0.041461,0.76884,0.43049,0.471,10.932,-3.0577,1.6955
-0.039811,0.76839,0.43064,0.47174,10.916,-3.0004,1.6944
-0.038161,0.76794,0.43078,0.47248,10.901,-2.9406,1.6934
-0.03651,0.76748,0.43093,0.47322,10.885,-2.8785,1.6923
-0.03486,0.76702,0.43107,0.47396,10.869,-2.8142,1.6913
-0.033209,0.76656,0.43121,0.4747,10.852,-2.7478,1.6902
-0.031558,0.7661,0.43135,0.47543,10.836,-2.6796,1.689
-0.029907,0.76563,0.43149,0.47616,10.819,-2.6097,1.6879
-0.028256,0.76516,0.43163,0.4769,10.801,-2.5383,1.6868
-0.026605,0.76469,0.43177,0.47762,10.784,-2.4655,1.6856
-0.024954,0.76421,0.4319,0.47835,10.766,-2.3915,1.6844
-0.023303,0.76373,0.43203,0.47908,10.748,-2.3166,1.6832
-0.021651,0.76325,0.43216,0.4798,10.729,-2.2409,1.682
-0.02,0.76277,0.43229,0.48053,10.711,-2.1646,1.6807
-0.018348,0.76228,0.43242,0.48125,10.692,-2.0878,1.6794
-0.016697,0.76179,0.43255,0.48197,10.672,-2.0109,1.6782
-0.015045,0.7613,0.43268,0.48268,10.653,-1.9339,1.6769
-0.013393,0.76081,0.4328,0.4834,10.633,-1.8571,1.6755
-0.011742,0.76031,0.43292,0.48411,10.613,-1.7806,1.6742
-0.01009,0.75981,0.43304,0.48483,10.593,-1.7047,1.6729
-0.0084382,0.75931,0.43316,0.48554,10.572,-1.6295,1.6715
-0.0067863,0.75881,0.43328,0.48625,10.552,-1.5553,1.6701
-0.0051345,0.7583,0.4334,0.48695,10.531,-1.4822,1.6687
-0.0034826,0.75779,0.43351,0.48766,10.509,-1.4103,1.6673
-0.0018307,0.75728,0.43362,0.48836,10.488,-1.34,1.6658
-0.00017882,0.75676,0.43374,0.48907,10.466,-1.2712,1.6644
0.0014731,0.75624,0.43385,0.48977,10.444,-1.2044,1.6629
0.003125,0.75572,0.43395,0.49047,10.422,-1.1394,1.6614
0.0047768,0.7552,0.43406,0.49116,10.399,-1.0767,1.6599
0.0064287,0.75467,0.43417,0.49186,10.376,-1.0162,1.6584
0.0080806,0.75415,0.43427,0.49255,10.353,-0.95826,1.6569
0.0097324,0.75361,0.43437,0.49324,10.33,-0.90287,1.6553
0.011384,0.75308,0.43447,0.49393,10.306,-0.85023,1.6538
0.013036,0.75254,0.43457,0.49462,10.283,-0.80046,1.6522
0.014688,0.75201,0.43467,0.49531,10.259,-0.7537,1.6506
0.016339,0.75146,0.43477,0.496,10.235,-0.71004,1.649
0.017991,0.75092,0.43486,0.49668,10.21,-0.66961,1.6473
0.019642,0.75037,0.43496,0.49736,10.186,-0.63251,1.6457
0.021294,0.74982,0.43505,0.49804,10.161,-0.59882,1.6441
0.022945,0.74927,0.43514,0.49872,10.136,-0.56864,1.6424
0.024596,0.74872,0.43523,0.49939,10.11,-0.54203,1.6407
0.026248,0.74816,0.43532,0.50007,10.085,-0.51907,1.639
0.027899,0.7476,0.4354,0.50074,10.059,-0.4998,1.6373
0.02955,0.74704,0.43549,0.50141,10.033,-0.48429,1.6356
0.031201,0.74647,0.43557,0.50208,10.007,-0.47257,1.6338
0.032852,0.7459,0.43565,0.50275,9.981,-0.46467,1.6321
0.034502,0.74533,0.43573,0.50342,9.9545,-0.4606,1.6303
0.036153,0.74476,0.43581,0.50408,9.9278,-0.46038,1.6285
0.037803,0.74418,0.43589,0.50474,9.901,-0.46401,1.6267
0.039454,0.74361,0.43596,0.5054,9.8739,-0.47147,1.6249
0.041104,0.74302,0.43603,0.50606,9.8466,-0.48276,1.6231
0.042754,0.74244,0.43611,0.50672,9.8192,-0.49784,1.6213
0.044404,0.74186,0.43618,0.50737,9.7916,-0.51668,1.6194
0.046053,0.74127,0.43625,0.50803,9.7638,-0.53922,1.6176
0.047703,0.74068,0.43631,0.50868,9.7358,-0.56541,1.6157
0.049352,0.74008,0.43638,0.50933,9.7076,-0.59519,1.6138
0.051002,0.73948,0.43644,0.50998,9.6793,-0.62848,1.612
0.052651,0.73889,0.43651,0.51062,9.6508,-0.6652,1.6101
0.0543,0.73828,0.43657,0.51127,9.6222,-0.70526,1.6081
0.055948,0.73768,0.43663,0.51191,9.5934,-0.74855,1.6062
0.057597,0.73707,0.43669,0.51255,9.5644,-0.79497,1.6043
0.059245,0.73646,0.43674,0.51319,9.5352,-0.8444,1.6023
0.060893,0.73585,0.4368,0.51383,9.506,-0.89672,1.6004
0.062541,0.73524,0.43685,0.51447,9.4765,-0.9518,1.5984
0.064189,0.73462,0.4369,0.5151,9.4469,-1.0095,1.5965
0.065836,0.734,0.43696,0.51573,9.4172,-1.0697,1.5945
0.067483,0.73338,0.437,0.51636,9.3873,-1.1322,1.5925
0.06913,0.73275,0.43705,0.51699,9.3573,-1.1968,1.5905
0.070777,0.73213,0.4371,0.51762,9.3272,-1.2635,1.5885
0.072423,0.7315,0.43714,0.51824,9.2969,-1.332,1.5865
0.074069,0.73086,0.43719,0.51886,9.2665,-1.4022,1.5844
0.075715,0.73023,0.43723,0.51949,9.2359,-1.4739,1.5824
0.077361,0.72959,0.43727,0.5201,9.2053,-1.5469,1.5804
0.079006,0.72895,0.43731,0.52072,9.1745,-1.621,1.5783
0.080652,0.72831,0.43734,0.52134,9.1436,-1.6961,1.5762
0.082296,0.72766,0.43738,0.52195,9.1126,-1.7719,1.5742
0.083941,0.72702,0.43741,0.52256,9.0815,-1.8483,1.5721
0.085585,0.72636,0.43745,0.52317,9.0502,-1.9251,1.57
0.087229,0.72571,0.43748,0.52378,9.0189,-2.0021,1.5679
0.088873,0.72506,0.43751,0.52439,8.9875,-2.079,1.5658
0.090516,0.7244,0.43753,0.52499,8.9559,-2.1558,1.5637
0.092159,0.72374,0.43756,0.5256,8.9243,-2.2322,1.5616
0.093802,0.72307,0.43758,0.5262,8.8926,-2.308,1.5595
0.095444,0.72241,0.43761,0.5268,8.8608,-2.383,1.5574
0.097086,0.72174,0.43763,0.52739,8.8289,-2.4571,1.5553
0.098728,0.72107,0.43765,0.52799,8.7969,-2.53,1.5531
0.10037,0.7204,0.43767,0.52858,8.7648,-2.6016,1.551
0.10201,0.71972,0.43768,0.52918,8.7327,-2.6717,1.5488
0.10365,0.71904,0.4377,0.52977,8.7005,-2.7401,1.5467
0.10529,0.71836,0.43771,0.53035,8.6682,-2.8067,1.5445
0.10693,0.71768,0.43773,0.53094,8.6358,-2.8713,1.5424
0.10857,0.71699,0.43774,0.53152,8.6034,-2.9336,1.5402
0.11021,0.71631,0.43775,0.53211,8.5709,-2.9937,1.5381
0.11185,0.71562,0.43775,0.53269,8.5384,-3.0512,1.5359
0.11349,0.71492,0.43776,0.53327,8.5058,-3.1062,1.5337
0.11513,0.71423,0.43777,0.53384,8.4732,-3.1583,1.5315
0.11676,0.71353,0.43777,0.53442,8.4405,-3.2076,1.5294
0.1184,0.71283,0.43777,0.53499,8.4078,-3.2539,1.5272
0.12004,0.71212,0.43777,0.53556,8.375,-3.297,1.525
0.12167,0.71142,0.43777,0.53613,8.3422,-3.3369,1.5228
0.12331,0.71071,0.43777,0.5367,8.3094,-3.3734,1.5206
0.12494,0.71,0.43776,0.53727,8.2765,-3.4065,1.5184
0.12658,0.70929,0.43776,0.53783,8.2436,-3.4361,1.5162
0.12821,0.70857,0.43775,0.53839,8.2107,-3.4621,1.514
0.12985,0.70785,0.43774,0.53895,8.1778,-3.4844,1.5119
0.13148,0.70713,0.43773,0.53951,8.1448,-3.5031,1.5097
0.13312,0.70641,0.43772,0.54007,8.1118,-3.5179,1.5075
0.13475,0.70568,0.4377,0.54062,8.0788,-3.529,1.5053
0.13638,0.70495,0.43769,0.54117,8.0458,-3.5363,1.5031
0.13801,0.70422,0.43767,0.54172,8.0128,-3.5397,1.5009
0.13964,0.70349,0.43765,0.54227,7.9798,-3.5393,1.4987
0.14127,0.70276,0.43763,0.54282,7.9468,-3.535,1.4965
0.1429,0.70202,0.43761,0.54336,7.9138,-3.5269,1.4943
0.14453,0.70128,0.43759,0.54391,7.8809,-3.515,1.4921
0.14616,0.70053,0.43757,0.54445,7.8479,-3.4993,1.4899
0.14779,0.69979,0.43754,0.54499,7.8149,-3.4798,1.4877
0.14942,0.69904,0.43751,0.54552,7.782,-3.4566,1.4855
0.15105,0.69829,0.43748,0.54606,7.7491,-3.4298,1.4833
0.15268,0.69754,0.43745,0.54659,7.7162,-3.3995,1.4811
0.1543,0.69678,0.43742,0.54712,7.6833,-3.3656,1.4789
0.15593,0.69603,0.43739,0.54765,7.6505,-3.3283,1.4767
0.15756,0.69527,0.43735,0.54818,7.6177,-3.2877,1.4745
0.15918,0.6945,0.43732,0.54871,7.5849,-3.2439,1.4723
0.1608,0.69374,0.43728,0.54923,7.5522,-3.1969,1.4701
0.16243,0.69297,0.43724,0.54975,7.5196,-3.147,1.468
0.16405,0.6922,0.4372,0.55027,7.4869,-3.0942,1.4658
0.16567,0.69143,0.43716,0.55079,7.4544,-3.0387,1.4636
0.1673,0.69066,0.43711,0.55131,7.4218,-2.9806,1.4615
0.16892,0.68988,0.43707,0.55182,7.3894,-2.92,1.4593
0.17054,0.6891,0.43702,0.55233,7.357,-2.8571,1.4571
0.17216,0.68832,0.43697,0.55284,7.3246,-2.7921,1.455
0.17378,0.68753,0.43692,0.55335,7.2924,-2.7251,1.4528
0.1754,0.68675,0.43687,0.55386,7.2602,-2.6563,1.4507
0.17702,0.68596,0.43681,0.55436,7.2281,-2.5858,1.4485
0.17864,0.68517,0.43676,0.55487,7.196,-2.5139,1.4464
0.18025,0.68437,0.4367,0.55537,7.164,-2.4407,1.4443
0.18187,0.68358,0.43664,0.55587,7.1322,-2.3664,1.4421
0.18349,0.68278,0.43658,0.55636,7.1004,-2.2912,1.44
0.1851,0.68198,0.43652,0.55686,7.0687,-2.2153,1.4379
0.18672,0.68117,0.43646,0.55735,7.0371,-2.1388,1.4358
0.18833,0.68037,0.4364,0.55784,7.0055,-2.062,1.4337
0.18994,0.67956,0.43633,0.55833,6.9741,-1.985,1.4316
0.19156,0.67875,0.43626,0.55882,6.9428,-1.908,1.4295
0.19317,0.67794,0.4362,0.5593,6.9116,-1.8313,1.4274
0.19478,0.67712,0.43613,0.55979,6.8805,-1.755,1.4254
0.19639,0.6763,0.43605,0.56027,6.8495,-1.6793,1.4233
0.198,0.67548,0.43598,0.56075,6.8186,-1.6045,1.4212
0.19961,0.67466,0.43591,0.56122,6.7879,-1.5306,1.4192
0.20122,0.67384,0.43583,0.5617,6.7573,-1.4579,1.4172
0.20283,0.67301,0.43575,0.56217,6.7268,-1.3865,1.4151
0.20444,0.67218,0.43567,0.56264,6.6964,-1.3167,1.4131
0.20604,0.67135,0.43559,0.56311,6.6661,-1.2485,1.4111
0.20765,0.67051,0.43551,0.56358,6.636,-1.1823,1.4091
0.20925,0.66968,0.43543,0.56405,6.606,-1.1181,1.4071
0.21086,0.66884,0.43534,0.56451,6.5762,-1.0561,1.4051
0.21246,0.668,0.43525,0.56497,6.5465,-0.99646,1.4031
0.21407,0.66716,0.43516,0.56543,6.5169,-0.93933,1.4011
0.21567,0.66631,0.43507,0.56589,6.4875,-0.88486,1.3992
0.21727,0.66546,0.43498,0.56634,6.4583,-0.83317,1.3972
0.21887,0.66461,0.43489,0.5668,6.4292,-0.7844,1.3953
0.22047,0.66376,0.4348,0.56725,6.4002,-0.73866,1.3933
0.22207,0.6629,0.4347,0.5677,6.3714,-0.69608,1.3914
0.22367,0.66205,0.4346,0.56815,6.3428,-0.65676,1.3895
0.22526,0.66119,0.4345,0.56859,6.3144,-0.62079,1.3876
0.22686,0.66032,0.4344,0.56904,6.2861,-0.58827,1.3857
0.22846,0.65946,0.4343,0.56948,6.258,-0.55928,1.3839
0.23005,0.65859,0.4342,0.56992,6.23,-0.5339,1.382
0.23165,0.65772,0.43409,0.57035,6.2023,-0.51217,1.3802
0.23324,0.65685,0.43398,0.57079,6.1747,-0.49417,1.3783
0.23483,0.65598,0.43388,0.57122,6.1473,-0.47993,1.3765
0.23643,0.6551,0.43377,0.57166,6.1201,-0.46948,1.3747
0.23802,0.65422,0.43365,0.57209,6.093,-0.46287,1.3729
0.23961,0.65334,0.43354,0.57251,6.0662,-0.46009,1.3711
0.2412,0.65246,0.43343,0.57294,6.0396,-0.46117,1.3693
0.24279,0.65158,0.43331,0.57336,6.0131,-0.46609,1.3675
0.24437,0.65069,0.43319,0.57378,5.9869,-0.47484,1.3658
0.24596,0.6498,0.43308,0.5742,5.9608,-0.48741,1.3641
0.24755,0.64891,0.43296,0.57462,5.935,-0.50376,1.3623
0.24913,0.64801,0.43283,0.57504,5.9093,-0.52385,1.3606
0.25072,0.64712,0.43271,0.57545,5.8839,-0.54762,1.3589
0.2523,0.64622,0.43258,0.57586,5.8587,-0.57503,1.3572
0.25388,0.64532,0.43246,0.57627,5.8337,-0.606,1.3556
0.25546,0.64441,0.43233,0.57668,5.8089,-0.64045,1.3539
0.25704,0.64351,0.4322,0.57708,5.7843,-0.6783,1.3523
0.25862,0.6426,0.43207,0.57749,5.76,-0.71946,1.3507
0.2602,0.64169,0.43194,0.57789,5.7359,-0.76382,1.3491
0.26178,0.64078,0.4318,0.57829,5.712,-0.81126,1.3475
0.26336,0.63986,0.43167,0.57869,5.6883,-0.86168,1.3459
0.26493,0.63895,0.43153,0.57908,5.6649,-0.91494,1.3443
0.26651,0.63803,0.43139,0.57948,5.6417,-0.97091,1.3428
0.26808,0.63711,0.43125,0.57987,5.6187,-1.0295,1.3412
0.26966,0.63618,0.43111,0.58026,5.596,-1.0904,1.3397
0.27123,0.63526,0.43097,0.58064,5.5735,-1.1537,1.3382
0.2728,0.63433,0.43082,0.58103,5.5513,-1.219,1.3368
0.27437,0.6334,0.43068,0.58141,5.5293,-1.2864,1.3353
0.27594,0.63247,0.43053,0.58179,5.5075,-1.3554,1.3338
0.27751,0.63153,0.43038,0.58217,5.486,-1.4262,1.3324
0.27908,0.6306,0.43023,0.58255,5.4648,-1.4983,1.331
0.28065,0.62966,0.43008,0.58292,5.4438,-1.5717,1.3296
0.28221,0.62872,0.42992,0.5833,5.423,-1.6462,1.3282
0.28378,0.62777,0.42977,0.58367,5.4025,-1.7215,1.3268
0.28534,0.62683,0.42961,0.58404,5.3823,-1.7976,1.3255
0.2869,0.62588,0.42945,0.5844,5.3623,-1.8741,1.3242
0.28846,0.62493,0.42929,0.58477,5.3426,-1.951,1.3228
0.29003,0.62398,0.42913,0.58513,5.3232,-2.028,1.3215
0.29158,0.62302,0.42897,0.58549,5.3041,-2.1049,1.3203
0.29314,0.62207,0.42881,0.58585,5.2852,-2.1815,1.319
0.2947,0.62111,0.42864,0.58621,5.2665,-2.2578,1.3178
0.29626,0.62015,0.42847,0.58656,5.2482,-2.3333,1.3165
0.29781,0.61919,0.4283,0.58692,5.2301,-2.408,1.3153
0.29937,0.61822,0.42813,0.58727,5.2123,-2.4817,1.3142
0.30092,0.61725,0.42796,0.58762,5.1948,-2.5542,1.313
0.30247,0.61628,0.42779,0.58796,5.1775,-2.6254,1.3118
0.30403,0.61531,0.42762,0.58831,5.1606,-2.6949,1.3107
0.30558,0.61434,0.42744,0.58865,5.1439,-2.7627,1.3096
0.30713,0.61336,0.42726,0.58899,5.1275,-2.8286,1.3085
0.30867,0.61238,0.42708,0.58933,5.1114,-2.8925,1.3074
0.31022,0.6114,0.4269,0.58966,5.0956,-2.9541,1.3064
0.31177,0.61042,0.42672,0.59,5.0801,-3.0133,1.3053
0.31331,0.60944,0.42654,0.59033,5.0649,-3.07,1.3043
0.31486,0.60845,0.42635,0.59066,5.0499,-3.124,1.3033
0.3164,0.60746,0.42616,0.59099,5.0353,-3.1752,1.3024
0.31794,0.60647,0.42598,0.59131,5.0209,-3.2235,1.3014
0.31948,0.60548,0.42579,0.59164,5.0069,-3.2687,1.3005
0.32102,0.60448,0.4256,0.59196,4.9931,-3.3108,1.2995
0.32256,0.60349,0.4254,0.59228,4.9797,-3.3495,1.2986
0.3241,0.60249,0.42521,0.5926,4.9666,-3.3849,1.2978
0.32563,0.60149,0.42501,0.59291,4.9537,-3.4168,1.2969
0.32717,0.60048,0.42482,0.59322,4.9412,-3.4452,1.2961
0.3287,0.59948,0.42462,0.59354,4.9289,-3.47,1.2953
0.33023,0.59847,0.42442,0.59384,4.917,-3.4911,1.2945
0.33176,0.59746,0.42422,0.59415,4.9054,-3.5085,1.2937
0.33329,0.59645,0.42401,0.59446,4.8941,-3.5221,1.2929
0.33482,0.59543,0.42381,0.59476,4.8831,-3.5319,1.2922
0.33635,0.59442,0.4236,0.59506,4.8724,-3.5379,1.2915
0.33788,0.5934,0.4234,0.59536,4.8621,-3.54,1.2908
0.3394,0.59238,0.42319,0.59566,4.852,-3.5383,1.2901
0.34093,0.59136,0.42298,0.59595,4.8423,-3.5327,1.2895
0.34245,0.59033,0.42276,0.59624,4.8328,-3.5233,1.2889
0.34397,0.58931,0.42255,0.59653,4.8237,-3.5101,1.2882
0.34549,0.58828,0.42234,0.59682,4.8149,-3.4931,1.2877
0.34701,0.58725,0.42212,0.59711,4.8065,-3.4724,1.2871
0.34853,0.58621,0.4219,0.59739,4.7983,-3.448,1.2866
0.35005,0.58518,0.42168,0.59767,4.7905,-3.42,1.286
0.35156,0.58414,0.42146,0.59795,4.7829,-3.3884,1.2855
0.35308,0.5831,0.42124,0.59823,4.7758,-3.3534,1.2851
0.35459,0.58206,0.42102,0.59851,4.7689,-3.315,1.2846
0.35611,0.58102,0.42079,0.59878,4.7623,-3.2733,1.2842
0.35762,0.57997,0.42056,0.59905,4.7561,-3.2284,1.2837
0.35913,0.57893,0.42034,0.59932,4.7502,-3.1805,1.2833
0.36063,0.57788,0.42011,0.59959,4.7446,-3.1296,1.283
0.36214,0.57683,0.41988,0.59986,4.7394,-3.0758,1.2826
0.36365,0.57577,0.41964,0.60012,4.7345,-3.0194,1.2823
0.36515,0.57472,0.41941,0.60038,4.7299,-2.9605,1.282
0.36666,0.57366,0.41917,0.60064,4.7256,-2.8991,1.2817
0.36816,0.5726,0.41894,0.6009,4.7217,-2.8355,1.2814
0.36966,0.57154,0.4187,0.60115,4.7181,-2.7698,1.2812
0.37116,0.57048,0.41846,0.6014,4.7148,-2.7022,1.281
0.37266,0.56941,0.41822,0.60165,4.7118,-2.6328,1.2808
0.37415,0.56835,0.41797,0.6019,4.7092,-2.5618,1.2806
0.37565,0.56728,0.41773,0.60215,4.7069,-2.4894,1.2805
0.37714,0.56621,0.41748,0.60239,4.7049,-2.4159,1.2803
0.37864,0.56513,0.41724,0.60264,4.7033,-2.3412,1.2802
0.38013,0.56406,0.41699,0.60288,4.702,-2.2657,1.2801
0.38162,0.56298,0.41674,0.60311,4.701,-2.1896,1.2801
0.38311,0.5619,0.41649,0.60335,4.7004,-2.113,1.28
0.38459,0.56082,0.41623,0.60358,4.7,-2.0361,1.28
0.38608,0.55974,0.41598,0.60382,4.7,-1.9591,1.28
0.38757,0.55866,0.41572,0.60404,4.7004,-1.8822,1.28
0.38905,0.55757,0.41547,0.60427,4.7011,-1.8056,1.2801
0.39053,0.55648,0.41521,0.6045,4.7021,-1.7295,1.2801
0.39201,0.55539,0.41495,0.60472,4.7034,-1.6541,1.2802
0.39349,0.5543,0.41469,0.60494,4.705,-1.5795,1.2803
0.39497,0.5532,0.41442,0.60516,4.707,-1.506,1.2805
0.39645,0.55211,0.41416,0.60538,4.7094,-1.4337,1.2806
0.39792,0.55101,0.41389,0.60559,4.712,-1.3628,1.2808
0.3994,0.54991,0.41362,0.6058,4.715,-1.2936,1.281
0.40087,0.5488,0.41336,0.60602,4.7183,-1.226,1.2812
0.40234,0.5477,0.41309,0.60622,4.7219,-1.1605,1.2815
0.40381,0.54659,0.41281,0.60643,4.7259,-1.097,1.2817
0.40528,0.54549,0.41254,0.60663,4.7302,-1.0358,1.282
0.40674,0.54438,0.41227,0.60684,4.7348,-0.97696,1.2823
0.40821,0.54326,0.41199,0.60704,4.7397,-0.92071,1.2826
0.40967,0.54215,0.41171,0.60723,4.745,-0.86716,1.283
0.41114,0.54104,0.41143,0.60743,4.7506,-0.81644,1.2834
0.4126,0.53992,0.41115,0.60762,4.7565,-0.76867,1.2838
0.41406,0.5388,0.41087,0.60781,4.7627,-0.72398,1.2842
0.41552,0.53768,0.41059,0.608,4.7693,-0.68249,1.2846
0.41697,0.53655,0.4103,0.60819,4.7762,-0.64428,1.2851
0.41843,0.53543,0.41002,0.60838,4.7834,-0.60947,1.2856
0.41988,0.5343,0.40973,0.60856,4.7909,-0.57813,1.2861
0.42133,0.53317,0.40944,0.60874,4.7988,-0.55034,1.2866
0.42279,0.53204,0.40915,0.60892,4.807,-0.52618,1.2871
0.42424,0.53091,0.40886,0.60909,4.8155,-0.5057,1.2877
0.42568,0.52978,0.40856,0.60927,4.8243,-0.48896,1.2883
0.42713,0.52864,0.40827,0.60944,4.8334,-0.47599,1.2889
0.42857,0.5275,0.40797,0.60961,4.8429,-0.46683,1.2895
0.43002,0.52636,0.40767,0.60978,4.8526,-0.46151,1.2902
0.43146,0.52522,0.40737,0.60994,4.8627,-0.46003,1.2908
0.4329,0.52408,0.40707,0.61011,4.8731,-0.46239,1.2915
0.43434,0.52293,0.40677,0.61027,4.8838,-0.46861,1.2923
0.43578,0.52178,0.40647,0.61043,4.8948,-0.47865,1.293
0.43721,0.52063,0.40616,0.61059,4.9061,-0.49249,1.2937
0.43865,0.51948,0.40586,0.61074,4.9178,-0.5101,1.2945
0.44008,0.51833,0.40555,0.61089,4.9297,-0.53143,1.2953
0.44151,0.51718,0.40524,0.61105,4.942,-0.55644,1.2961
0.44294,0.51602,0.40493,0.61119,4.9545,-0.58505,1.297
0.44437,0.51486,0.40462,0.61134,4.9674,-0.6172,1.2978
0.4458,0.5137,0.40431,0.61148,4.9805,-0.65281,1.2987
0.44722,0.51254,0.40399,0.61163,4.994,-0.69178,1.2996
0.44865,0.51138,0.40367,0.61177,5.0078,-0.73402,1.3005
0.45007,0.51021,0.40336,0.61191,5.0218,-0.77943,1.3015
0.45149,0.50904,0.40304,0.61204,5.0362,-0.82789,1.3024
0.45291,0.50787,0.40272,0.61217,5.0509,-0.87928,1.3034
0.45432,0.5067,0.4024,0.61231,5.0658,-0.93347,1.3044
0.45574,0.50553,0.40207,0.61244,5.0811,-0.99032,1.3054
0.45715,0.50436,0.40175,0.61256,5.0966,-1.0497,1.3064
0.45857,0.50318,0.40142,0.61269,5.1124,-1.1115,1.3075
0.45998,0.502,0.40109,0.61281,5.1285,-1.1754,1.3086
0.46139,0.50082,0.40077,0.61293,5.145,-1.2415,1.3097
0.46279,0.49964,0.40043,0.61305,5.1616,-1.3094,1.3108
0.4642,0.49846,0.4001,0.61317,5.1786,-1.3791,1.3119
0.4656,0.49727,0.39977,0.61328,5.1959,-1.4503,1.3131
0.46701,0.49609,0.39944,0.61339,5.2134,-1.5228,1.3142
0.46841,0.4949,0.3991,0.6135,5.2312,-1.5966,1.3154
0.46981,0.49371,0.39876,0.61361,5.2493,-1.6714,1.3166
0.47121,0.49252,0.39842,0.61372,5.2677,-1.747,1.3178
0.4726,0.49133,0.39808,0.61382,5.2863,-1.8233,1.3191
0.474,0.49013,0.39774,0.61392,5.3052,-1.8999,1.3203
0.47539,0.48893,0.3974,0.61402,5.3244,-1.9769,1.3216
0.47678,0.48773,0.39706,0.61412,5.3439,-2.0539,1.3229
0.47817,0.48653,0.39671,0.61421,5.3636,-2.1307,1.3242
0.47956,0.48533,0.39636,0.61431,5.3836,-2.2072,1.3256
0.48094,0.48413,0.39601,0.6144,5.4038,-2.2832,1.3269
0.48233,0.48292,0.39566,0.61449,5.4243,-2.3585,1.3283
0.48371,0.48172,0.39531,0.61457,5.4451,-2.4329,1.3297
0.48509,0.48051,0.39496,0.61466,5.4661,-2.5063,1.3311
0.48647,0.4793,0.39461,0.61474,5.4874,-2.5783,1.3325
0.48785,0.47808,0.39425,0.61482,5.5089,-2.6489,1.3339
0.48923,0.47687,0.39389,0.6149,5.5306,-2.7179,1.3354
0.4906,0.47566,0.39354,0.61497,5.5527,-2.7851,1.3368
0.49197,0.47444,0.39318,0.61505,5.5749,-2.8504,1.3383
0.49334,0.47322,0.39282,0.61512,5.5974,-2.9135,1.3398
0.49471,0.472,0.39245,0.61519,5.6202,-2.9743,1.3413
0.49608,0.47078,0.39209,0.61526,5.6431,-3.0327,1.3429
0.49745,0.46955,0.39173,0.61532,5.6664,-3.0885,1.3444
0.49881,0.46833,0.39136,0.61538,5.6898,-3.1416,1.346
0.50017,0.4671,0.39099,0.61544,5.7135,-3.1918,1.3476
0.50153,0.46587,0.39062,0.6155,5.7374,-3.2391,1.3492
0.50289,0.46464,0.39025,0.61556,5.7615,-3.2832,1.3508
0.50425,0.46341,0.38988,0.61561,5.7859,-3.3242,1.3524
0.5056,0.46218,0.38951,0.61566,5.8105,-3.3618,1.354
0.50696,0.46094,0.38913,0.61571,5.8353,-3.396,1.3557
0.50831,0.4597,0.38876,0.61576,5.8603,-3.4268,1.3574
0.50966,0.45847,0.38838,0.61581,5.8855,-3.454,1.359
0.51101,0.45723,0.388,0.61585,5.9109,-3.4775,1.3607
0.51235,0.45598,0.38762,0.61589,5.9366,-3.4974,1.3624
0.5137,0.45474,0.38724,0.61593,5.9625,-3.5135,1.3642
0.51504,0.4535,0.38686,0.61597,5.9885,-3.5258,1.3659
0.51638,0.45225,0.38647,0.616,6.0148,-3.5343,1.3677
0.51772,0.451,0.38609,0.61604,6.0412,-3.539,1.3694
0.51906,0.44975,0.3857,0.61607,6.0679,-3.5398,1.3712
0.52039,0.4485,0.38531,0.61609,6.0947,-3.5368,1.373
0.52172,0.44725,0.38492,0.61612,6.1218,-3.53,1.3748
0.52306,0.44599,0.38453,0.61614,6.149,-3.5193,1.3766
0.52439,0.44474,0.38414,0.61617,6.1764,-3.5048,1.3784
0.52571,0.44348,0.38375,0.61619,6.204,-3.4866,1.3803
0.52704,0.44222,0.38335,0.6162,6.2318,-3.4646,1.3821
0.52837,0.44096,0.38296,0.61622,6.2597,-3.439,1.384
0.52969,0.4397,0.38256,0.61623,6.2879,-3.4098,1.3859
0.53101,0.43844,0.38216,0.61624,6.3162,-3.3771,1.3877
0.53233,0.43717,0.38176,0.61625,6.3446,-3.3409,1.3896
0.53364,0.43591,0.38136,0.61626,6.3732,-3.3013,1.3915
0.53496,0.43464,0.38096,0.61626,6.402,-3.2586,1.3935
0.53627,0.43337,0.38055,0.61627,6.431,-3.2126,1.3954
0.53758,0.4321,0.38015,0.61627,6.4601,-3.1637,1.3973
0.53889,0.43082,0.37974,0.61626,6.4894,-3.1118,1.3993
0.5402,0.42955,0.37933,0.61626,6.5188,-3.0572,1.4013
0.54151,0.42827,0.37892,0.61625,6.5483,-2.9999,1.4032
0.54281,0.427,0.37851,0.61625,6.5781,-2.9401,1.4052
0.54411,0.42572,0.3781,0.61624,6.6079,-2.8779,1.4072
0.54541,0.42444,0.37769,0.61622,6.6379,-2.8136,1.4092
0.54671,0.42316,0.37727,0.61621,6.668,-2.7472,1.4112
0.54801,0.42187,0.37685,0.61619,6.6983,-2.679,1.4132
0.5493,0.42059,0.37644,0.61617,6.7287,-2.6091,1.4152
0.55059,0.4193,0.37602,0.61615,6.7592,-2.5376,1.4173
0.55188,0.41801,0.3756,0.61613,6.7898,-2.4648,1.4193
0.55317,0.41673,0.37518,0.6161,6.8206,-2.3909,1.4214
0.55446,0.41544,0.37475,0.61607,6.8515,-2.3159,1.4234
0.55574,0.41414,0.37433,0.61604,6.8825,-2.2402,1.4255
0.55703,0.41285,0.3739,0.61601,6.9136,-2.1639,1.4276
0.55831,0.41156,0.37348,0.61598,6.9448,-2.0871,1.4297
0.55959,0.41026,0.37305,0.61594,6.9761,-2.0102,1.4317
0.56086,0.40896,0.37262,0.6159,7.0075,-1.9332,1.4338
0.56214,0.40766,0.37219,0.61586,7.039,-1.8564,1.4359
0.56341,0.40636,0.37176,0.61582,7.0707,-1.7799,1.438
0.56468,0.40506,0.37133,0.61577,7.1024,-1.704,1.4402
0.56595,0.40376,0.37089,0.61573,7.1342,-1.6289,1.4423
0.56722,0.40245,0.37046,0.61568,7.166,-1.5546,1.4444
0.56848,0.40115,0.37002,0.61563,7.198,-1.4815,1.4465
0.56975,0.39984,0.36958,0.61557,7.2301,-1.4097,1.4487
0.57101,0.39853,0.36914,0.61552,7.2622,-1.3393,1.4508
0.57227,0.39722,0.3687,0.61546,7.2944,-1.2706,1.453
0.57352,0.39591,0.36826,0.6154,7.3267,-1.2038,1.4551
0.57478,0.39459,0.36781,0.61534,7.359,-1.1389,1.4573
0.57603,0.39328,0.36737,0.61527,7.3914,-1.0761,1.4594
0.57728,0.39196,0.36692,0.61521,7.4239,-1.0157,1.4616
0.57853,0.39065,0.36648,0.61514,7.4564,-0.95775,1.4638
0.57978,0.38933,0.36603,0.61507,7.489,-0.90239,1.4659
0.58102,0.38801,0.36558,0.61499,7.5216,-0.84978,1.4681
0.58227,0.38669,0.36513,0.61492,7.5543,-0.80004,1.4703
0.58351,0.38536,0.36467,0.61484,7.587,-0.75329,1.4725
0.58474,0.38404,0.36422,0.61476,7.6198,-0.70967,1.4747
0.58598,0.38271,0.36376,0.61468,7.6526,-0.66927,1.4768
0.58722,0.38139,0.36331,0.6146,7.6854,-0.63219,1.479
0.58845,0.38006,0.36285,0.61451,7.7183,-0.59854,1.4812
0.58968,0.37873,0.36239,0.61442,7.7511,-0.56838,1.4834
0.59091,0.3774,0.36193,0.61433,7.7841,-0.54181,1.4856
0.59213,0.37607,0.36147,0.61424,7.817,-0.51888,1.4878
0.59336,0.37473,0.36101,0.61415,7.85,-0.49965,1.49
0.59458,0.3734,0.36054,0.61405,7.8829,-0.48417,1.4922
0.5958,0.37206,0.36008,0.61395,7.9159,-0.47248,1.4944
0.59702,0.37072,0.35961,0.61385,7.9489,-0.46461,1.4966
0.59824,0.36939,0.35915,0.61375,7.9819,-0.46058,1.4988
0.59945,0.36805,0.35868,0.61364,8.0149,-0.46039,1.501
0.60066,0.3667,0.35821,0.61353,8.0479,-0.46406,1.5032
0.60187,0.36536,0.35773,0.61342,8.0809,-0.47156,1.5054
0.60308,0.36402,0.35726,0.61331,8.1139,-0.48288,1.5076
0.60428,0.36267,0.35679,0.6132,8.1469,-0.49799,1.5098
0.60549,0.36133,0.35631,0.61308,8.1798,-0.51686,1.512
0.60669,0.35998,0.35584,0.61296,8.2128,-0.53944,1.5142
0.60789,0.35863,0.35536,0.61284,8.2457,-0.56566,1.5164
0.60908,0.35728,0.35488,0.61272,8.2786,-0.59547,1.5186
0.61028,0.35593,0.3544,0.6126,8.3114,-0.62879,1.5208
0.61147,0.35458,0.35392,0.61247,8.3443,-0.66554,1.523
0.61266,0.35322,0.35344,0.61234,8.3771,-0.70563,1.5251
0.61385,0.35187,0.35295,0.61221,8.4098,-0.74895,1.5273
0.61504,0.35051,0.35247,0.61208,8.4426,-0.79539,1.5295
0.61622,0.34915,0.35198,0.61194,8.4752,-0.84485,1.5317
0.6174,0.34779,0.35149,0.6118,8.5079,-0.8972,1.5339
0.61858,0.34643,0.351,0.61166,8.5405,-0.9523,1.536
0.61976,0.34507,0.35051,0.61152,8.573,-1.01,1.5382
0.62094,0.34371,0.35002,0.61138,8.6055,-1.0702,1.5404
0.62211,0.34235,0.34953,0.61123,8.6379,-1.1327,1.5425
0.62328,0.34098,0.34904,0.61108,8.6702,-1.1974,1.5447
0.62445,0.33962,0.34854,0.61093,8.7025,-1.2641,1.5468
0.62562,0.33825,0.34804,0.61078,8.7347,-1.3326,1.549
0.62678,0.33688,0.34755,0.61063,8.7668,-1.4028,1.5511
0.62794,0.33551,0.34705,0.61047,8.7989,-1.4745,1.5533
0.6291,0.33414,0.34655,0.61031,8.8309,-1.5475,1.5554
0.63026,0.33277,0.34605,0.61015,8.8628,-1.6217,1.5575
0.63142,0.3314,0.34555,0.60999,8.8946,-1.6968,1.5596
0.63257,0.33002,0.34504,0.60982,8.9263,-1.7726,1.5618
0.63372,0.32865,0.34454,0.60966,8.9579,-1.849,1.5639
0.63487,0.32727,0.34403,0.60949,8.9894,-1.9258,1.566
0.63602,0.32589,0.34352,0.60931,9.0209,-2.0028,1.5681
0.63716,0.32451,0.34302,0.60914,9.0522,-2.0797,1.5701
0.63831,0.32313,0.34251,0.60896,9.0834,-2.1565,1.5722
0.63945,0.32175,0.342,0.60879,9.1146,-2.2329,1.5743
0.64059,0.32037,0.34148,0.60861,9.1456,-2.3087,1.5764
0.64172,0.31899,0.34097,0.60842,9.1764,-2.3837,1.5784
0.64285,0.3176,0.34046,0.60824,9.2072,-2.4577,1.5805
0.64399,0.31622,0.33994,0.60805,9.2379,-2.5307,1.5825
0.64511,0.31483,0.33943,0.60786,9.2684,-2.6022,1.5846
0.64624,0.31344,0.33891,0.60767,9.2988,-2.6723,1.5866
0.64737,0.31205,0.33839,0.60748,9.3291,-2.7407,1.5886
0.64849,0.31066,0.33787,0.60729,9.3592,-2.8073,1.5906
0.64961,0.30927,0.33735,0.60709,9.3892,-2.8718,1.5926
0.65073,0.30788,0.33682,0.60689,9.4191,-2.9342,1.5946
0.65184,0.30649,0.3363,0.60669,9.4488,-2.9942,1.5966
0.65295,0.30509,0.33578,0.60648,9.4784,-3.0517,1.5986
0.65407,0.3037,0.33525,0.60628,9.5078,-3.1066,1.6005
0.65517,0.3023,0.33472,0.60607,9.5371,-3.1588,1.6025
0.65628,0.3009,0.33419,0.60586,9.5662,-3.208,1.6044
0.65738,0.29951,0.33366,0.60565,9.5952,-3.2543,1.6063
0.65849,0.29811,0.33313,0.60543,9.624,-3.2974,1.6083
0.65959,0.29671,0.3326,0.60522,9.6526,-3.3372,1.6102
0.66068,0.2953,0.33207,0.605,9.6811,-3.3737,1.6121
0.66178,0.2939,0.33153,0.60478,9.7094,-3.4068,1.614
0.66287,0.2925,0.331,0.60456,9.7376,-3.4363,1.6158
0.66396,0.29109,0.33046,0.60433,9.7655,-3.4623,1.6177
0.66505,0.28969,0.32992,0.60411,9.7933,-3.4846,1.6196
0.66613,0.28828,0.32939,0.60388,9.8209,-3.5032,1.6214
0.66722,0.28687,0.32885,0.60365,9.8484,-3.5181,1.6232
0.6683,0.28546,0.3283,0.60341,9.8756,-3.5291,1.625
0.66938,0.28405,0.32776,0.60318,9.9027,-3.5363,1.6268
0.67045,0.28264,0.32722,0.60294,9.9295,-3.5397,1.6286
0.67153,0.28123,0.32667,0.6027,9.9562,-3.5393,1.6304
0.6726,0.27982,0.32613,0.60246,9.9827,-3.535,1.6322
0.67367,0.27841,0.32558,0.60221,10.009,-3.5268,1.6339
0.67473,0.27699,0.32503,0.60197,10.035,-3.5148,1.6357
0.6758,0.27557,0.32448,0.60172,10.061,-3.4991,1.6374
0.67686,0.27416,0.32393,0.60147,10.087,-3.4796,1.6391
0.67792,0.27274,0.32338,0.60122,10.112,-3.4564,1.6408
0.67898,0.27132,0.32283,0.60096,10.137,-3.4296,1.6425
0.68003,0.2699,0.32228,0.60071,10.162,-3.3992,1.6442
0.68108,0.26848,0.32172,0.60045,10.187,-3.3653,1.6458
0.68213,0.26706,0.32117,0.60019,10.212,-3.3279,1.6475
0.68318,0.26564,0.32061,0.59993,10.236,-3.2873,1.6491
0.68423,0.26422,0.32005,0.59966,10.26,-3.2435,1.6507
0.68527,0.26279,0.31949,0.59939,10.284,-3.1965,1.6523
0.68631,0.26137,0.31893,0.59913,10.308,-3.1465,1.6539
0.68735,0.25994,0.31837,0.59885,10.331,-3.0937,1.6554
0.68838,0.25851,0.31781,0.59858,10.355,-3.0382,1.657
0.68942,0.25709,0.31724,0.59831,10.378,-2.98,1.6585
0.69045,0.25566,0.31668,0.59803,10.4,-2.9194,1.66
0.69148,0.25423,0.31611,0.59775,10.423,-2.8565,1.6615
0.6925,0.2528,0.31554,0.59747,10.445,-2.7915,1.663
0.69353,0.25137,0.31498,0.59718,10.467,-2.7245,1.6645
0.69455,0.24993,0.31441,0.5969,10.489,-2.6557,1.6659
0.69557,0.2485,0.31384,0.59661,10.511,-2.5852,1.6674
0.69658,0.24707,0.31326,0.59632,10.532,-2.5133,1.6688
0.6976,0.24563,0.31269,0.59603,10.553,-2.4401,1.6702
0.69861,0.2442,0.31212,0.59573,10.574,-2.3658,1.6716
0.69962,0.24276,0.31154,0.59544,10.594,-2.2905,1.6729
0.70062,0.24132,0.31097,0.59514,10.614,-2.2146,1.6743
0.70163,0.23988,0.31039,0.59484,10.634,-2.1381,1.6756
0.70263,0.23844,0.30981,0.59454,10.654,-2.0613,1.6769
0.70363,0.237,0.30923,0.59423,10.674,-1.9843,1.6782
0.70462,0.23556,0.30865,0.59393,10.693,-1.9073,1.6795
0.70562,0.23412,0.30807,0.59362,10.712,-1.8306,1.6808
0.70661,0.23268,0.30749,0.59331,10.731,-1.7543,1.682
0.7076,0.23124,0.30691,0.59299,10.749,-1.6787,1.6833
0.70859,0.22979,0.30632,0.59268,10.767,-1.6038,1.6845
0.70957,0.22835,0.30574,0.59236,10.785,-1.5299,1.6857
0.71055,0.2269,0.30515,0.59204,10.802,-1.4572,1.6868
0.71153,0.22546,0.30456,0.59172,10.82,-1.3859,1.688
0.71251,0.22401,0.30397,0.5914,10.837,-1.316,1.6891
0.71348,0.22256,0.30338,0.59107,10.853,-1.2479,1.6902
0.71446,0.22111,0.30279,0.59075,10.87,-1.1817,1.6913
0.71543,0.21966,0.3022,0.59042,10.886,-1.1175,1.6924
0.71639,0.21821,0.30161,0.59008,10.902,-1.0556,1.6935
0.71736,0.21676,0.30101,0.58975,10.917,-0.99594,1.6945
0.71832,0.21531,0.30042,0.58942,10.933,-0.93884,1.6955
0.71928,0.21386,0.29982,0.58908,10.948,-0.88439,1.6965
0.72023,0.2124,0.29922,0.58874,10.962,-0.83272,1.6975
0.72119,0.21095,0.29862,0.5884,10.977,-0.78398,1.6985
0.72214,0.20949,0.29803,0.58805,10.991,-0.73827,1.6994
0.72309,0.20804,0.29743,0.58771,11.005,-0.69572,1.7003
0.72404,0.20658,0.29682,0.58736,11.018,-0.65642,1.7012
0.72498,0.20512,0.29622,0.58701,11.031,-0.62049,1.7021
0.72592,0.20367,0.29562,0.58666,11.044,-0.588,1.703
0.72686,0.20221,0.29501,0.5863,11.057,-0.55904,1.7038
0.7278,0.20075,0.29441,0.58595,11.069,-0.53369,1.7046
0.72873,0.19929,0.2938,0.58559,11.081,-0.512,1.7054
0.72966,0.19783,0.29319,0.58523,11.093,-0.49402,1.7062
0.73059,0.19637,0.29258,0.58487,11.104,-0.47982,1.7069
0.73152,0.19491,0.29197,0.5845,11.115,-0.46941,1.7077
0.73244,0.19344,0.29136,0.58414,11.126,-0.46283,1.7084
0.73336,0.19198,0.29075,0.58377,11.136,-0.46009,1.7091
0.73428,0.19052,0.29014,0.5834,11.146,-0.4612,1.7098
0.7352,0.18905,0.28953,0.58302,11.156,-0.46615,1.7104
0.73611,0.18759,0.28891,0.58265,11.166,-0.47494,1.711
0.73702,0.18612,0.28829,0.58227,11.175,-0.48754,1.7117
0.73793,0.18465,0.28768,0.58189,11.184,-0.50392,1.7122
0.73884,0.18319,0.28706,0.58151,11.192,-0.52404,1.7128
0.73974,0.18172,0.28644,0.58113,11.2,-0.54785,1.7134
0.74064,0.18025,0.28582,0.58075,11.208,-0.57529,1.7139
0.74154,0.17878,0.2852,0.58036,11.216,-0.60629,1.7144
0.74244,0.17731,0.28458,0.57997,11.223,-0.64077,1.7149
0.74333,0.17584,0.28396,0.57958,11.23,-0.67866,1.7153
0.74422,0.17437,0.28333,0.57919,11.237,-0.71984,1.7158
0.74511,0.1729,0.28271,0.57879,11.243,-0.76422,1.7162
0.74599,0.17143,0.28208,0.57839,11.249,-0.8117,1.7166
0.74687,0.16995,0.28145,0.578,11.254,-0.86214,1.717
0.74775,0.16848,0.28083,0.57759,11.26,-0.91542,1.7173
0.74863,0.167,0.2802,0.57719,11.265,-0.97142,1.7177
0.74951,0.16553,0.27957,0.57679,11.269,-1.03,1.718
0.75038,0.16405,0.27894,0.57638,11.274,-1.091,1.7182
0.75125,0.16258,0.27831,0.57597,11.278,-1.1542,1.7185
0.75211,0.1611,0.27767,0.57556,11.281,-1.2196,1.7188
0.75298,0.15963,0.27704,0.57515,11.285,-1.287,1.719
0.75384,0.15815,0.27641,0.57473,11.288,-1.3561,1.7192
0.7547,0.15667,0.27577,0.57431,11.29,-1.4268,1.7194
0.75555,0.15519,0.27513,0.5739,11.293,-1.4989,1.7195
0.75641,0.15371,0.2745,0.57347,11.295,-1.5723,1.7197
0.75726,0.15223,0.27386,0.57305,11.296,-1.6468,1.7198
0.75811,0.15075,0.27322,0.57263,11.298,-1.7222,1.7199
0.75895,0.14927,0.27258,0.5722,11.299,-1.7982,1.7199
0.7598,0.14779,0.27194,0.57177,11.3,-1.8748,1.72
0.76064,0.14631,0.27129,0.57134,11.3,-1.9517,1.72
0.76147,0.14483,0.27065,0.57091,11.3,-2.0287,1.72
0.76231,0.14334,0.27001,0.57047,11.3,-2.1056,1.72
0.76314,0.14186,0.26936,0.57003,11.299,-2.1822,1.7199
0.76397,0.14038,0.26871,0.56959,11.298,-2.2584,1.7199
0.7648,0.13889,0.26807,0.56915,11.297,-2.334,1.7198
0.76562,0.13741,0.26742,0.56871,11.295,-2.4087,1.7197
0.76644,0.13592,0.26677,0.56826,11.293,-2.4824,1.7196
0.76726,0.13444,0.26612,0.56782,11.291,-2.5549,1.7194
0.76808,0.13295,0.26547,0.56737,11.288,-2.626,1.7192
0.76889,0.13146,0.26482,0.56692,11.286,-2.6955,1.719
0.7697,0.12998,0.26417,0.56646,11.282,-2.7633,1.7188
0.77051,0.12849,0.26351,0.56601,11.279,-2.8292,1.7186
0.77132,0.127,0.26286,0.56555,11.275,-2.893,1.7183
0.77212,0.12551,0.2622,0.56509,11.271,-2.9546,1.718
0.77292,0.12402,0.26155,0.56463,11.266,-3.0138,1.7177
0.77372,0.12254,0.26089,0.56417,11.261,-3.0705,1.7174
0.77451,0.12105,0.26023,0.5637,11.256,-3.1245,1.7171
0.7753,0.11956,0.25957,0.56324,11.25,-3.1757,1.7167
0.77609,0.11806,0.25891,0.56277,11.244,-3.2239,1.7163
0.77688,0.11657,0.25825,0.5623,11.238,-3.2691,1.7159
0.77766,0.11508,0.25759,0.56182,11.232,-3.3111,1.7155
0.77844,0.11359,0.25693,0.56135,11.225,-3.3499,1.715
0.77922,0.1121,0.25626,0.56087,11.218,-3.3852,1.7145
0.78,0.11061,0.2556,0.56039,11.21,-3.4171,1.714
0.78077,0.10911,0.25493,0.55991,11.202,-3.4455,1.7135
0.78154,0.10762,0.25427,0.55943,11.194,-3.4702,1.713
0.78231,0.10613,0.2536,0.55895,11.186,-3.4913,1.7124
0.78307,0.10463,0.25293,0.55846,11.177,-3.5086,1.7118
0.78383,0.10314,0.25226,0.55797,11.168,-3.5222,1.7112
0.78459,0.10164,0.25159,0.55748,11.159,-3.532,1.7106
0.78535,0.10015,0.25092,0.55699,11.149,-3.5379,1.7099
0.7861,0.098652,0.25025,0.55649,11.139,-3.54,1.7093
0.78685,0.097156,0.24958,0.556,11.129,-3.5382,1.7086
0.7876,0.09566,0.24891,0.5555,11.118,-3.5326,1.7079
0.78835,0.094163,0.24823,0.555,11.107,-3.5232,1.7071
0.78909,0.092666,0.24756,0.5545,11.096,-3.51,1.7064
0.78983,0.091169,0.24688,0.55399,11.084,-3.493,1.7056
0.79057,0.089671,0.2462,0.55349,11.072,-3.4722,1.7048
0.7913,0.088174,0.24553,0.55298,11.06,-3.4478,1.704
0.79203,0.086675,0.24485,0.55247,11.048,-3.4197,1.7032
0.79276,0.085177,0.24417,0.55196,11.035,-3.3882,1.7023
0.79349,0.083678,0.24349,0.55144,11.022,-3.3531,1.7014
0.79421,0.082179,0.24281,0.55093,11.008,-3.3146,1.7005
0.79493,0.08068,0.24212,0.55041,10.994,-3.2729,1.6996
0.79565,0.07918,0.24144,0.54989,10.98,-3.228,1.6987
0.79636,0.07768,0.24076,0.54937,10.966,-3.18,1.6977
0.79708,0.07618,0.24007,0.54885,10.952,-3.1291,1.6968
0.79778,0.07468,0.23939,0.54832,10.937,-3.0753,1.6958
0.79849,0.073179,0.2387,0.54779,10.921,-3.0189,1.6948
0.79919,0.071678,0.23802,0.54726,10.906,-2.9599,1.6937
0.7999,0.070177,0.23733,0.54673,10.89,-2.8985,1.6927
0.80059,0.068675,0.23664,0.5462,10.874,-2.8349,1.6916
0.80129,0.067174,0.23595,0.54567,10.858,-2.7692,1.6905
0.80198,0.065672,0.23526,0.54513,10.841,-2.7015,1.6894
0.80267,0.06417,0.23457,0.54459,10.824,-2.6321,1.6883
0.80336,0.062667,0.23388,0.54405,10.807,-2.5612,1.6871
0.80404,0.061165,0.23318,0.54351,10.789,-2.4888,1.686
0.80472,0.059662,0.23249,0.54296,10.772,-2.4152,1.6848
0.8054,0.058159,0.2318,0.54242,10.754,-2.3406,1.6836
0.80608,0.056655,0.2311,0.54187,10.735,-2.2651,1.6824
0.80675,0.055152,0.2304,0.54132,10.717,-2.1889,1.6811
0.80742,0.053648,0.22971,0.54077,10.698,-2.1123,1.6799
0.80809,0.052145,0.22901,0.54021,10.679,-2.0354,1.6786
0.80875,0.050641,0.22831,0.53966,10.659,-1.9584,1.6773
0.80941,0.049136,0.22761,0.5391,10.64,-1.8815,1.676
0.81007,0.047632,0.22691,0.53854,10.62,-1.8049,1.6746
0.81073,0.046128,0.22621,0.53798,10.599,-1.7288,1.6733
0.81138,0.044623,0.22551,0.53741,10.579,-1.6534,1.6719
0.81203,0.043118,0.22481,0.53685,10.558,-1.5788,1.6706
0.81268,0.041613,0.22411,0.53628,10.537,-1.5053,1.6692
0.81332,0.040108,0.2234,0.53571,10.516,-1.4331,1.6677
0.81396,0.038603,0.2227,0.53514,10.495,-1.3622,1.6663
0.8146,0.037097,0.22199,0.53457,10.473,-1.2929,1.6649
0.81524,0.035592,0.22128,0.53399,10.451,-1.2255,1.6634
0.81587,0.034086,0.22058,0.53342,10.429,-1.1599,1.6619
0.8165,0.03258,0.21987,0.53284,10.406,-1.0964,1.6604
0.81713,0.031074,0.21916,0.53226,10.383,-1.0352,1.6589
0.81775,0.029569,0.21845,0.53168,10.361,-0.97645,1.6574
0.81838,0.028062,0.21774,0.53109,10.337,-0.92022,1.6558
0.819,0.026556,0.21703,0.53051,10.314,-0.86669,1.6543
0.81961,0.02505,0.21632,0.52992,10.29,-0.816,1.6527
0.82022,0.023544,0.21561,0.52933,10.266,-0.76826,1.6511
0.82083,0.022037,0.21489,0.52874,10.242,-0.7236,1.6495
0.82144,0.020531,0.21418,0.52815,10.218,-0.68213,1.6479
0.82205,0.019024,0.21347,0.52755,10.193,-0.64396,1.6462
0.82265,0.017517,0.21275,0.52695,10.169,-0.60917,1.6446
0.82325,0.016011,0.21203,0.52636,10.144,-0.57787,1.6429
0.82384,0.014504,0.21132,0.52576,10.119,-0.55011,1.6412
0.82444,0.012997,0.2106,0.52515,10.093,-0.52598,1.6395
0.82503,0.01149,0.20988,0.52455,10.068,-0.50553,1.6378
0.82561,0.0099831,0.20916,0.52394,10.042,-0.48882,1.6361
0.8262,0.0084761,0.20844,0.52333,10.016,-0.47589,1.6344
0.82678,0.0069691,0.20772,0.52273,9.9894,-0.46677,1.6326
0.82736,0.0054621,0.207,0.52211,9.963,-0.46148,1.6309
0.82793,0.0039551,0.20628,0.5215,9.9364,-0.46003,1.6291
0.8285,0.002448,0.20556,0.52088,9.9096,-0.46243,1.6273
0.82907,0.00094098,0.20483,0.52027,9.8825,-0.46868,1.6255
0.82964,-0.00056608,0.20411,0.51965,9.8553,-0.47875,1.6237
0.83021,-0.0020731,0.20338,0.51903,9.828,-0.49263,1.6219
0.83077,-0.0035802,0.20266,0.51841,9.8004,-0.51027,1.62
0.83132,-0.0050872,0.20193,0.51778,9.7727,-0.53164,1.6182
0.83188,-0.0065943,0.2012,0.51716,9.7447,-0.55668,1.6163
0.83243,-0.0081012,0.20048,0.51653,9.7166,-0.58532,1.6144
0.83298,-0.0096082,0.19975,0.5159,9.6884,-0.6175,1.6126
0.83353,-0.011115,0.19902,0.51527,9.6599,-0.65314,1.6107
0.83407,-0.012622,0.19829,0.51463,9.6313,-0.69214,1.6088
0.83461,-0.014129,0.19756,0.514,9.6026,-0.73441,1.6068
0.83515,-0.015636,0.19683,0.51336,9.5736,-0.77985,1.6049
0.83568,-0.017142,0.1961,0.51272,9.5445,-0.82833,1.603
0.83622,-0.018649,0.19536,0.51208,9.5153,-0.87975,1.601
0.83675,-0.020156,0.19463,0.51144,9.4859,-0.93396,1.5991
0.83727,-0.021662,0.1939,0.51079,9.4564,-0.99084,1.5971
0.83779,-0.023169,0.19316,0.51015,9.4267,-1.0502,1.5951
0.83832,-0.024675,0.19243,0.5095,9.3969,-1.112,1.5931
0.83883,-0.026182,0.19169,0.50885,9.3669,-1.176,1.5911
0.83935,-0.027688,0.19095,0.5082,9.3368,-1.2421,1.5891
0.83986,-0.029194,0.19022,0.50755,9.3066,-1.31,1.5871
0.84037,-0.0307,0.18948,0.50689,9.2762,-1.3797,1.5851
0.84087,-0.032206,0.18874,0.50624,9.2457,-1.4509,1.583
0.84137,-0.033712,0.188,0.50558,9.2151,-1.5235,1.581
0.84187,-0.035217,0.18726,0.50492,9.1843,-1.5973,1.579
0.84237,-0.036723,0.18652,0.50426,9.1535,-1.6721,1.5769
0.84286,-0.038228,0.18578,0.50359,9.1225,-1.7477,1.5748
0.84336,-0.039734,0.18504,0.50293,9.0914,-1.8239,1.5728
0.84384,-0.041239,0.18429,0.50226,9.0602,-1.9006,1.5707
0.84433,-0.042744,0.18355,0.50159,9.0289,-1.9775,1.5686
0.84481,-0.044249,0.18281,0.50092,8.9975,-2.0545,1.5665
0.84529,-0.045753,0.18206,0.50025,8.966,-2.1314,1.5644
0.84576,-0.047258,0.18132,0.49957,8.9344,-2.2079,1.5623
0.84624,-0.048762,0.18057,0.4989,8.9027,-2.2839,1.5602
0.84671,-0.050266,0.17982,0.49822,8.8709,-2.3592,1.5581
0.84717,-0.05177,0.17908,0.49754,8.839,-2.4336,1.5559
0.84764,-0.053274,0.17833,0.49686,8.8071,-2.5069,1.5538
0.8481,-0.054778,0.17758,0.49618,8.775,-2.579,1.5517
0.84856,-0.056281,0.17683,0.49549,8.7429,-2.6496,1.5495
0.84901,-0.057785,0.17608,0.4948,8.7107,-2.7185,1.5474
0.84947,-0.059288,0.17533,0.49412,8.6785,-2.7857,1.5452
0.84992,-0.060791,0.17458,0.49343,8.6461,-2.8509,1.5431
0.85036,-0.062293,0.17383,0.49274,8.6138,-2.914,1.5409
0.8508,-0.063796,0.17308,0.49204,8.5813,-2.9748,1.5388
0.85125,-0.065298,0.17233,0.49135,8.5488,-3.0332,1.5366
0.85168,-0.0668,0.17157,0.49065,8.5162,-3.089,1.5344
0.85212,-0.068302,0.17082,0.48995,8.4836,-3.142,1.5322
0.85255,-0.069803,0.17006,0.48925,8.4509,-3.1922,1.5301
0.85298,-0.071305,0.16931,0.48855,8.4182,-3.2395,1.5279
0.8534,-0.072806,0.16855,0.48785,8.3855,-3.2836,1.5257
0.85382,-0.074306,0.1678,0.48714,8.3527,-3.3245,1.5235
0.85424,-0.075807,0.16704,0.48643,8.3198,-3.3621,1.5213
0.85466,-0.077307,0.16628,0.48572,8.287,-3.3963,1.5191
0.85507,-0.078807,0.16553,0.48501,8.2541,-3.4271,1.5169
0.85548,-0.080307,0.16477,0.4843,8.2212,-3.4542,1.5147
0.85589,-0.081806,0.16401,0.48359,8.1882,-3.4777,1.5125
0.8563,-0.083305,0.16325,0.48287,8.1553,-3.4975,1.5104
0.8567,-0.084804,0.16249,0.48216,8.1223,-3.5136,1.5082
0.8571,-0.086303,0.16173,0.48144,8.0893,-3.5259,1.506
0.85749,-0.087801,0.16097,0.48072,8.0563,-3.5344,1.5038
0.85788,-0.089299,0.1602,0.47999,8.0233,-3.539,1.5016
0.85827,-0.090796,0.15944,0.47927,7.9903,-3.5398,1.4994
0.85866,-0.092294,0.15868,0.47854,7.9573,-3.5368,1.4972
0.85904,-0.093791,0.15792,0.47782,7.9244,-3.5299,1.495
0.85942,-0.095287,0.15715,0.47709,7.8914,-3.5192,1.4928
0.8598,-0.096784,0.15639,0.47636,7.8584,-3.5047,1.4906
0.86018,-0.09828,0.15562,0.47563,7.8254,-3.4864,1.4884
0.86055,-0.099775,0.15486,0.47489,7.7925,-3.4644,1.4862
0.86092,-0.10127,0.15409,0.47416,7.7596,-3.4388,1.484
0.86128,-0.10277,0.15332,0.47342,7.7267,-3.4095,1.4818
0.86164,-0.10426,0.15256,0.47268,7.6938,-3.3767,1.4796
0.862,-0.10575,0.15179,0.47194,7.6609,-3.3405,1.4774
0.86236,-0.10725,0.15102,0.4712,7.6281,-3.301,1.4752
0.86271,-0.10874,0.15025,0.47045,7.5954,-3.2582,1.473
0.86306,-0.11023,0.14948,0.46971,7.5626,-3.2122,1.4708
0.86341,-0.11173,0.14871,0.46896,7.53,-3.1632,1.4687
0.86376,-0.11322,0.14794,0.46821,7.4973,-3.1113,1.4665
0.8641,-0.11471,0.14717,0.46746,7.4647,-3.0567,1.4643
0.86443,-0.1162,0.1464,0.46671,7.4322,-2.9993,1.4621
0.86477,-0.11769,0.14563,0.46595,7.3997,-2.9395,1.46
0.8651,-0.11918,0.14485,0.4652,7.3673,-2.8774,1.4578
0.86543,-0.12068,0.14408,0.46444,7.3349,-2.813,1.4557
0.86576,-0.12216,0.14331,0.46368,7.3026,-2.7466,1.4535
0.86608,-0.12365,0.14253,0.46292,7.2704,-2.6784,1.4514
0.8664,-0.12514,0.14176,0.46216,7.2383,-2.6084,1.4492
0.86672,-0.12663,0.14098,0.4614,7.2062,-2.537,1.4471
0.86703,-0.12812,0.14021,0.46063,7.1742,-2.4642,1.4449
0.86734,-0.12961,0.13943,0.45987,7.1423,-2.3902,1.4428
0.86765,-0.13109,0.13865,0.4591,7.1105,-2.3153,1.4407
0.86796,-0.13258,0.13788,0.45833,7.0788,-2.2395,1.4386
0.86826,-0.13407,0.1371,0.45756,7.0471,-2.1632,1.4365
0.86856,-0.13555,0.13632,0.45678,7.0156,-2.0865,1.4344
0.86885,-0.13704,0.13554,0.45601,6.9841,-2.0095,1.4323
0.86915,-0.13852,0.13476,0.45523,6.9528,-1.9325,1.4302
0.86943,-0.14001,0.13398,0.45445,6.9215,-1.8557,1.4281
0.86972,-0.14149,0.1332,0.45368,6.8904,-1.7793,1.426
0.87001,-0.14298,0.13242,0.45289,6.8594,-1.7034,1.424
0.87029,-0.14446,0.13164,0.45211,6.8285,-1.6282,1.4219
0.87056,-0.14594,0.13086,0.45133,6.7977,-1.554,1.4198
0.87084,-0.14742,0.13008,0.45054,6.767,-1.4809,1.4178
0.87111,-0.1489,0.1293,0.44975,6.7365,-1.4091,1.4158
0.87138,-0.15038,0.12852,0.44896,6.706,-1.3387,1.4137
0.87164,-0.15187,0.12773,0.44817,6.6757,-1.27,1.4117
0.87191,-0.15334,0.12695,0.44738,6.6456,-1.2032,1.4097
0.87216,-0.15482,0.12616,0.44659,6.6156,-1.1383,1.4077
0.87242,-0.1563,0.12538,0.44579,6.5857,-1.0756,1.4057
0.87267,-0.15778,0.12459,0.445,6.5559,-1.0152,1.4037
0.87292,-0.15926,0.12381,0.4442,6.5263,-0.95725,1.4018
0.87317,-0.16074,0.12302,0.4434,6.4969,-0.90191,1.3998
0.87341,-0.16221,0.12224,0.4426,6.4676,-0.84932,1.3978
0.87366,-0.16369,0.12145,0.44179,6.4384,-0.79961,1.3959
0.87389,-0.16516,0.12066,0.44099,6.4094,-0.75289,1.394
0.87413,-0.16664,0.11988,0.44018,6.3806,-0.70929,1.392
0.87436,-0.16811,0.11909,0.43938,6.3519,-0.66892,1.3901
0.87459,-0.16959,0.1183,0.43857,6.3234,-0.63188,1.3882
0.87481,-0.17106,0.11751,0.43776,6.2951,-0.59825,1.3863
0.87504,-0.17253,0.11672,0.43694,6.2669,-0.56813,1.3845
0.87526,-0.174,0.11593,0.43613,6.2389,-0.54159,1.3826
0.87547,-0.17547,0.11514,0.43531,6.2111,-0.51869,1.3807
0.87569,-0.17694,0.11435,0.4345,6.1835,-0.4995,1.3789
0.8759,-0.17841,0.11356,0.43368,6.156,-0.48405,1.3771
0.8761,-0.17988,0.11277,0.43286,6.1287,-0.4724,1.3752
0.87631,-0.18135,0.11198,0.43204,6.1016,-0.46456,1.3734
0.87651,-0.18282,0.11119,0.43121,6.0747,-0.46056,1.3716
0.87671,-0.18429,0.11039,0.43039,6.048,-0.46041,1.3699
0.8769,-0.18575,0.1096,0.42956,6.0215,-0.46411,1.3681
0.87709,-0.18722,0.10881,0.42874,5.9952,-0.47164,1.3663
0.87728,-0.18869,0.10802,0.42791,5.9691,-0.483,1.3646
0.87747,-0.19015,0.10722,0.42708,5.9432,-0.49814,1.3629
0.87765,-0.19162,0.10643,0.42625,5.9175,-0.51704,1.3612
0.87783,-0.19308,0.10563,0.42541,5.892,-0.53965,1.3595
0.87801,-0.19454,0.10484,0.42458,5.8667,-0.56591,1.3578
0.87818,-0.196,0.10404,0.42374,5.8416,-0.59575,1.3561
0.87835,-0.19747,0.10325,0.4229,5.8168,-0.62911,1.3545
0.87852,-0.19893,0.10245,0.42206,5.7921,-0.66588,1.3528
0.87868,-0.20039,0.10165,0.42122,5.7677,-0.706,1.3512
0.87884,-0.20185,0.10086,0.42038,5.7435,-0.74935,1.3496
0.879,-0.2033,0.10006,0.41954,5.7196,-0.79582,1.348
0.87916,-0.20476,0.099263,0.41869,5.6958,-0.8453,1.3464
0.87931,-0.20622,0.098465,0.41784,5.6723,-0.89767,1.3448
0.87946,-0.20768,0.097667,0.417,5.6491,-0.9528,1.3433
0.8796,-0.20913,0.096868,0.41615,5.626,-1.0105,1.3417
0.87975,-0.21059,0.096069,0.4153,5.6032,-1.0708,1.3402
0.87989,-0.21204,0.09527,0.41444,5.5806,-1.1333,1.3387
0.88002,-0.21349,0.094471,0.41359,5.5583,-1.198,1.3372
0.88016,-0.21495,0.093671,0.41273,5.5362,-1.2647,1.3357
0.88029,-0.2164,0.092871,0.41188,5.5144,-1.3333,1.3343
0.88041,-0.21785,0.09207,0.41102,5.4928,-1.4035,1.3329
0.88054,-0.2193,0.091269,0.41016,5.4715,-1.4752,1.3314
0.88066,-0.22075,0.090468,0.4093,5.4504,-1.5482,1.33
0.88078,-0.2222,0.089667,0.40843,5.4296,-1.6223,1.3286
0.88089,-0.22365,0.088865,0.40757,5.409,-1.6974,1.3273
0.881,-0.2251,0.088063,0.40671,5.3887,-1.7733,1.3259
0.88111,-0.22654,0.08726,0.40584,5.3687,-1.8497,1.3246
0.88122,-0.22799,0.086458,0.40497,5.3489,-1.9265,1.3233
0.88132,-0.22943,0.085655,0.4041,5.3294,-2.0034,1.322
0.88142,-0.23088,0.084851,0.40323,5.3101,-2.0804,1.3207
0.88152,-0.23232,0.084048,0.40236,5.2911,-2.1572,1.3194
0.88161,-0.23376,0.083244,0.40148,5.2724,-2.2335,1.3182
0.8817,-0.2352,0.08244,0.40061,5.254,-2.3093,1.3169
0.88179,-0.23665,0.081635,0.39973,5.2358,-2.3843,1.3157
0.88187,-0.23809,0.08083,0.39885,5.2179,-2.4584,1.3145
0.88195,-0.23953,0.080025,0.39797,5.2003,-2.5313,1.3134
0.88203,-0.24096,0.07922,0.39709,5.183,-2.6029,1.3122
0.88211,-0.2424,0.078414,0.39621,5.166,-2.6729,1.3111
0.88218,-0.24384,0.077608,0.39533,5.1492,-2.7413,1.3099
0.88225,-0.24527,0.076802,0.39444,5.1327,-2.8079,1.3088
0.88231,-0.24671,0.075996,0.39355,5.1165,-2.8724,1.3078
0.88237,-0.24814,0.075189,0.39267,5.1006,-2.9347,1.3067
0.88243,-0.24958,0.074382,0.39178,5.085,-2.9947,1.3057
0.88249,-0.25101,0.073575,0.39089,5.0697,-3.0522,1.3046
0.88254,-0.25244,0.072767,0.38999,5.0547,-3.1071,1.3036
0.88259,-0.25387,0.07196,0.3891,5.0399,-3.1592,1.3027
0.88264,-0.2553,0.071152,0.38821,5.0255,-3.2085,1.3017
0.88268,-0.25673,0.070343,0.38731,5.0113,-3.2547,1.3008
0.88273,-0.25816,0.069535,0.38641,4.9975,-3.2977,1.2998
0.88276,-0.25959,0.068726,0.38551,4.9839,-3.3375,1.2989
0.8828,-0.26101,0.067917,0.38461,4.9707,-3.374,1.298
0.88283,-0.26244,0.067108,0.38371,4.9578,-3.4071,1.2972
0.88286,-0.26386,0.066299,0.38281,4.9451,-3.4366,1.2963
0.88288,-0.26528,0.065489,0.3819,4.9328,-3.4625,1.2955
0.88291,-0.26671,0.064679,0.381,4.9208,-3.4848,1.2947
0.88293,-0.26813,0.063869,0.38009,4.9091,-3.5034,1.2939
0.88294,-0.26955,0.063059,0.37918,4.8977,-3.5182,1.2932
0.88295,-0.27097,0.062248,0.37827,4.8866,-3.5292,1.2924
0.88296,-0.27239,0.061437,0.37736,4.8758,-3.5364,1.2917
0.88297,-0.27381,0.060626,0.37645,4.8653,-3.5397,1.291
0.88298,-0.27522,0.059815,0.37554,4.8552,-3.5392,1.2903
0.88298,-0.27664,0.059004,0.37462,4.8453,-3.5349,1.2897
0.88297,-0.27805,0.058192,0.37371,4.8358,-3.5267,1.2891
0.88297,-0.27947,0.05738,0.37279,4.8266,-3.5147,1.2884
0.88296,-0.28088,0.056568,0.37187,4.8177,-3.4989,1.2878
0.88295,-0.28229,0.055756,0.37095,4.8091,-3.4794,1.2873
0.88293,-0.2837,0.054944,0.37003,4.8009,-3.4562,1.2867
0.88292,-0.28511,0.054131,0.36911,4.7929,-3.4293,1.2862
0.88289,-0.28652,0.053318,0.36818,4.7853,-3.3989,1.2857
0.88287,-0.28793,0.052505,0.36726,4.778,-3.3649,1.2852
0.88284,-0.28934,0.051692,0.36633,4.771,-3.3276,1.2847
0.88281,-0.29074,0.050879,0.3654,4.7644,-3.2869,1.2843
0.88278,-0.29215,0.050065,0.36447,4.7581,-3.2431,1.2839
0.88274,-0.29355,0.049251,0.36354,4.7521,-3.1961,1.2835
0.8827,-0.29496,0.048438,0.36261,4.7464,-3.1461,1.2831
0.88266,-0.29636,0.047623,0.36168,4.741,-3.0932,1.2827
0.88262,-0.29776,0.046809,0.36075,4.736,-3.0377,1.2824
0.88257,-0.29916,0.045995,0.35981,4.7313,-2.9795,1.2821
0.88252,-0.30056,0.04518,0.35887,4.7269,-2.9189,1.2818
0.88246,-0.30195,0.044366,0.35794,4.7229,-2.856,1.2815
0.8824,-0.30335,0.043551,0.357,4.7192,-2.7909,1.2813
0.88234,-0.30475,0.042736,0.35606,4.7158,-2.7239,1.2811
0.88228,-0.30614,0.041921,0.35511,4.7127,-2.6551,1.2808
0.88221,-0.30753,0.041105,0.35417,4.71,-2.5846,1.2807
0.88214,-0.30893,0.04029,0.35323,4.7076,-2.5126,1.2805
0.88207,-0.31032,0.039474,0.35228,4.7055,-2.4394,1.2804
0.88199,-0.31171,0.038659,0.35134,4.7038,-2.3651,1.2803
0.88191,-0.3131,0.037843,0.35039,4.7024,-2.2899,1.2802
0.88183,-0.31449,0.037027,0.34944,4.7013,-2.2139,1.2801
0.88174,-0.31587,0.036211,0.34849,4.7005,-2.1374,1.28
0.88165,-0.31726,0.035394,0.34754,4.7001,-2.0606,1.28
0.88156,-0.31864,0.034578,0.34658,4.7,-1.9836,1.28
0.88147,-0.32003,0.033761,0.34563,4.7002,-1.9067,1.28
0.88137,-0.32141,0.032945,0.34468,4.7008,-1.83,1.2801
0.88127,-0.32279,0.032128,0.34372,4.7017,-1.7537,1.2801
0.88116,-0.32417,0.031311,0.34276,4.7029,-1.678,1.2802
0.88106,-0.32555,0.030494,0.3418,4.7045,-1.6031,1.2803
0.88094,-0.32693,0.029677,0.34084,4.7064,-1.5293,1.2804
0.88083,-0.3283,0.02886,0.33988,4.7086,-1.4566,1.2806
0.88071,-0.32968,0.028043,0.33892,4.7111,-1.3852,1.2807
0.8806,-0.33105,0.027225,0.33796,4.714,-1.3154,1.2809
0.88047,-0.33243,0.026408,0.33699,4.7172,-1.2473,1.2811
0.88035,-0.3338,0.02559,0.33602,4.7207,-1.1811,1.2814
0.88022,-0.33517,0.024773,0.33506,4.7246,-1.117,1.2816
0.88009,-0.33654,0.023955,0.33409,4.7288,-1.055,1.2819
0.87995,-0.33791,0.023137,0.33312,4.7333,-0.99543,1.2822
0.87981,-0.33928,0.022319,0.33215,4.7381,-0.93834,1.2825
0.87967,-0.34064,0.021501,0.33118,4.7433,-0.88392,1.2829
0.87953,-0.34201,0.020683,0.33021,4.7488,-0.83228,1.2833
0.87938,-0.34337,0.019865,0.32923,4.7546,-0.78356,1.2836
0.87923,-0.34473,0.019047,0.32826,4.7607,-0.73788,1.284
0.87908,-0.3461,0.018229,0.32728,4.7672,-0.69535,1.2845
0.87892,-0.34746,0.01741,0.3263,4.774,-0.65609,1.2849
0.87876,-0.34882,0.016592,0.32532,4.7811,-0.62018,1.2854
0.8786,-0.35017,0.015774,0.32434,4.7885,-0.58773,1.2859
0.87843,-0.35153,0.014955,0.32336,4.7963,-0.5588,1.2864
0.87826,-0.35289,0.014137,0.32238,4.8043,-0.53348,1.287
0.87809,-0.35424,0.013318,0.3214,4.8127,-0.51182,1.2875
0.87791,-0.35559,0.012499,0.32041,4.8214,-0.49388,1.2881
0.87774,-0.35694,0.011681,0.31943,4.8305,-0.47971,1.2887
0.87755,-0.35829,0.010862,0.31844,4.8398,-0.46933,1.2893
0.87737,-0.35964,0.010043,0.31745,4.8495,-0.46279,1.29
0.87718,-0.36099,0.0092245,0.31647,4.8594,-0.46008,1.2906
0.87699,-0.36234,0.0084056,0.31548,4.8697,-0.46122,1.2913
0.8768,-0.36368,0.0075868,0.31448,4.8803,-0.46621,1.292
0.8766,-0.36503,0.0067679,0.31349,4.8913,-0.47503,1.2928
0.8764,-0.36637,0.005949,0.3125,4.9025,-0.48767,1.2935
0.8762,-0.36771,0.00513,0.3115,4.914,-0.50408,1.2943
0.87599,-0.36905,0.0043111,0.31051,4.9259,-0.52424,1.2951
0.87579,-0.37039,0.0034921,0.30951,4.938,-0.54808,1.2959
0.87557,-0.37173,0.0026732,0.30852,4.9505,-0.57555,1.2967
0.87536,-0.37307,0.0018542,0.30752,4.9632,-0.60658,1.2975
0.87514,-0.3744,0.0010352,0.30652,4.9763,-0.6411,1.2984
0.87492,-0.37573,0.00021619,0.30552,4.9897,-0.67901,1.2993
0.87469,-0.37707,-0.00060281,0.30451,5.0033,-0.72022,1.3002
0.87447,-0.3784,-0.0014218,0.30351,5.0173,-0.76463,1.3012
0.87424,-0.37973,-0.0022408,0.30251,5.0316,-0.81213,1.3021
0.874,-0.38106,-0.0030598,0.3015,5.0462,-0.8626,1.3031
0.87377,-0.38238,-0.0038787,0.3005,5.061,-0.91591,1.3041
0.87353,-0.38371,-0.0046977,0.29949,5.0762,-0.97193,1.3051
0.87329,-0.38503,-0.0055166,0.29848,5.0916,-1.0305,1.3061
0.87304,-0.38636,-0.0063356,0.29747,5.1074,-1.0915,1.3072
0.87279,-0.38768,-0.0071545,0.29646,5.1234,-1.1548,1.3082
0.87254,-0.389,-0.0079733,0.29545,5.1397,-1.2202,1.3093
0.87228,-0.39032,-0.0087922,0.29444,5.1563,-1.2876,1.3104
0.87203,-0.39164,-0.009611,0.29343,5.1732,-1.3567,1.3115
0.87177,-0.39295,-0.01043,0.29241,5.1903,-1.4274,1.3127
0.8715,-0.39427,-0.011249,0.2914,5.2078,-1.4996,1.3139
0.87124,-0.39558,-0.012067,0.29038,5.2255,-1.573,1.315
0.87097,-0.39689,-0.012886,0.28936,5.2435,-1.6475,1.3162
0.87069,-0.3982,-0.013704,0.28834,5.2618,-1.7229,1.3175
0.87042,-0.39951,-0.014523,0.28732,5.2804,-1.7989,1.3187
0.87014,-0.40082,-0.015342,0.2863,5.2992,-1.8755,1.3199
0.86985,-0.40213,-0.01616,0.28528,5.3183,-1.9523,1.3212
0.86957,-0.40343,-0.016978,0.28426,5.3377,-2.0293,1.3225
0.86928,-0.40474,-0.017797,0.28324,5.3573,-2.1063,1.3238
0.86899,-0.40604,-0.018615,0.28221,5.3772,-2.1829,1.3251
0.8687,-0.40734,-0.019433,0.28119,5.3973,-2.2591,1.3265
0.8684,-0.40864,-0.020251,0.28016,5.4178,-2.3346,1.3279
0.8681,-0.40994,-0.02107,0.27913,5.4384,-2.4094,1.3292
0.86779,-0.41123,-0.021888,0.2781,5.4594,-2.483,1.3306
0.86749,-0.41253,-0.022705,0.27707,5.4806,-2.5555,1.332
0.86718,-0.41382,-0.023523,0.27604,5.502,-2.6266,1.3335
0.86687,-0.41511,-0.024341,0.27501,5.5237,-2.6961,1.3349
0.86655,-0.41641,-0.025159,0.27398,5.5456,-2.7639,1.3364
0.86623,-0.41769,-0.025976,0.27295,5.5678,-2.8298,1.3379
0.86591,-0.41898,-0.026794,0.27191,5.5902,-2.8936,1.3393
0.86558,-0.42027,-0.027611,0.27088,5.6129,-2.9552,1.3409
0.86526,-0.42155,-0.028429,0.26984,5.6358,-3.0144,1.3424
0.86493,-0.42284,-0.029246,0.26881,5.6589,-3.071,1.3439
0.86459,-0.42412,-0.030063,0.26777,5.6823,-3.125,1.3455
0.86426,-0.4254,-0.03088,0.26673,5.7059,-3.1761,1.3471
0.86392,-0.42668,-0.031697,0.26569,5.7297,-3.2243,1.3486
0.86357,-0.42796,-0.032514,0.26465,5.7538,-3.2695,1.3503
0.86323,-0.42923,-0.03333,0.26361,5.7781,-3.3115,1.3519
0.86288,-0.43051,-0.034147,0.26256,5.8026,-3.3502,1.3535
0.86253,-0.43178,-0.034963,0.26152,5.8273,-3.3855,1.3552
0.86217,-0.43305,-0.03578,0.26048,5.8523,-3.4174,1.3568
0.86181,-0.43432,-0.036596,0.25943,5.8774,-3.4457,1.3585
0.86145,-0.43559,-0.037412,0.25838,5.9028,-3.4704,1.3602
0.86109,-0.43686,-0.038228,0.25734,5.9284,-3.4915,1.3619
0.86072,-0.43812,-0.039044,0.25629,5.9542,-3.5088,1.3636
0.86035,-0.43939,-0.039859,0.25524,5.9802,-3.5223,1.3653
0.85998,-0.44065,-0.040675,0.25419,6.0064,-3.532,1.3671
0.8596,-0.44191,-0.04149,0.25314,6.0328,-3.5379,1.3689
0.85922,-0.44317,-0.042305,0.25209,6.0594,-3.54,1.3706
0.85884,-0.44443,-0.043121,0.25104,6.0862,-3.5382,1.3724
0.85846,-0.44568,-0.043935,0.24998,6.1131,-3.5326,1.3742
0.85807,-0.44694,-0.04475,0.24893,6.1403,-3.5231,1.376
0.85768,-0.44819,-0.045565,0.24787,6.1677,-3.5098,1.3778
0.85728,-0.44944,-0.046379,0.24682,6.1952,-3.4928,1.3797
0.85689,-0.45069,-0.047194,0.24576,6.2229,-3.472,1.3815
0.85648,-0.45194,-0.048008,0.2447,6.2508,-3.4476,1.3834
0.85608,-0.45319,-0.048822,0.24364,6.2789,-3.4195,1.3853
0.85568,-0.45443,-0.049636,0.24258,6.3071,-3.3879,1.3871
0.85527,-0.45568,-0.050449,0.24152,6.3355,-3.3528,1.389
0.85485,-0.45692,-0.051263,0.24046,6.3641,-3.3143,1.3909
0.85444,-0.45816,-0.052076,0.2394,6.3929,-3.2725,1.3929
0.85402,-0.4594,-0.052889,0.23834,6.4218,-3.2276,1.3948
0.8536,-0.46063,-0.053702,0.23727,6.4508,-3.1796,1.3967
0.85318,-0.46187,-0.054515,0.23621,6.48,-3.1286,1.3987
0.85275,-0.4631,-0.055327,0.23514,6.5094,-3.0749,1.4006
0.85232,-0.46434,-0.056139,0.23408,6.5389,-3.0184,1.4026
0.85189,-0.46557,-0.056952,0.23301,6.5686,-2.9594,1.4046
0.85145,-0.4668,-0.057764,0.23194,6.5984,-2.898,1.4066
0.85101,-0.46802,-0.058575,0.23087,6.6283,-2.8343,1.4086
0.85057,-0.46925,-0.059387,0.22981,6.6584,-2.7686,1.4106
0.85012,-0.47047,-0.060198,0.22874,6.6886,-2.7009,1.4126
0.84968,-0.4717,-0.061009,0.22766,6.719,-2.6315,1.4146
0.84923,-0.47292,-0.06182,0.22659,6.7494,-2.5605,1.4166
0.84877,-0.47414,-0.062631,0.22552,6.78,-2.4881,1.4187
0.84832,-0.47535,-0.063441,0.22445,6.8108,-2.4145,1.4207
0.84786,-0.47657,-0.064251,0.22337,6.8416,-2.3399,1.4228
0.84739,-0.47778,-0.065062,0.2223,6.8726,-2.2644,1.4248
0.84693,-0.479,-0.065871,0.22122,6.9036,-2.1882,1.4269
0.84646,-0.48021,-0.066681,0.22015,6.9348,-2.1116,1.429
0.84599,-0.48142,-0.06749,0.21907,6.9661,-2.0347,1.4311
0.84551,-0.48262,-0.068299,0.21799,6.9975,-1.9577,1.4332
0.84503,-0.48383,-0.069108,0.21691,7.029,-1.8808,1.4353
0.84455,-0.48503,-0.069917,0.21583,7.0606,-1.8042,1.4374
0.84407,-0.48624,-0.070725,0.21475,7.0923,-1.7281,1.4395
0.84358,-0.48744,-0.071533,0.21367,7.124,-1.6527,1.4416
0.84309,-0.48864,-0.072341,0.21259,7.1559,-1.5782,1.4437
0.8426,-0.48983,-0.073149,0.21151,7.1878,-1.5047,1.4459
0.84211,-0.49103,-0.073956,0.21042,7.2199,-1.4324,1.448
0.84161,-0.49222,-0.074763,0.20934,7.252,-1.3616,1.4501
0.84111,-0.49341,-0.07557,0.20825,7.2841,-1.2923,1.4523
0.8406,-0.4946,-0.076376,0.20717,7.3164,-1.2249,1.4544
0.8401,-0.49579,-0.077183,0.20608,7.3487,-1.1593,1.4566
0.83959,-0.49698,-0.077989,0.205,7.3811,-1.0959,1.4587
0.83907,-0.49817,-0.078795,0.20391,7.4135,-1.0347,1.4609
0.83856,-0.49935,-0.0796,0.20282,7.446,-0.97594,1.4631
0.83804,-0.50053,-0.080405,0.20173,7.4786,-0.91974,1.4652
0.83752,-0.50171,-0.08121,0.20064,7.5112,-0.86623,1.4674
0.83699,-0.50289,-0.082015,0.19955,7.5439,-0.81556,1.4696
0.83646,-0.50406,-0.082819,0.19846,7.5766,-0.76785,1.4718
0.83593,-0.50524,-0.083623,0.19737,7.6093,-0.72322,1.474
0.8354,-0.50641,-0.084427,0.19627,7.6421,-0.68178,1.4761
0.83486,-0.50758,-0.08523,0.19518,7.6749,-0.64363,1.4783
0.83433,-0.50875,-0.086034,0.19409,7.7078,-0.60888,1.4805
0.83378,-0.50992,-0.086837,0.19299,7.7407,-0.5776,1.4827
0.83324,-0.51109,-0.087639,0.1919,7.7736,-0.54988,1.4849
0.83269,-0.51225,-0.088441,0.1908,7.8065,-0.52578,1.4871
0.83214,-0.51341,-0.089243,0.18971,7.8395,-0.50537,1.4893
0.83158,-0.51457,-0.090045,0.18861,7.8724,-0.48869,1.4915
0.83103,-0.51573,-0.090846,0.18751,7.9054,-0.47579,1.4937
0.83047,-0.51689,-0.091647,0.18641,7.9384,-0.4667,1.4959
0.82991,-0.51804,-0.092448,0.18531,7.9714,-0.46145,1.4981
0.82934,-0.5192,-0.093248,0.18421,8.0044,-0.46003,1.5003
0.82877,-0.52035,-0.094048,0.18311,8.0374,-0.46247,1.5025
0.8282,-0.5215,-0.094848,0.18201,8.0704,-0.46875,1.5047
0.82763,-0.52265,-0.095647,0.18091,8.1034,-0.47886,1.5069
0.82705,-0.52379,-0.096446,0.17981,8.1364,-0.49277,1.5091
0.82647,-0.52494,-0.097245,0.1787,8.1693,-0.51045,1.5113
0.82589,-0.52608,-0.098044,0.1776,8.2023,-0.53185,1.5135
0.8253,-0.52722,-0.098842,0.1765,8.2352,-0.55692,1.5157
0.82471,-0.52836,-0.099639,0.17539,8.2681,-0.58559,1.5179
0.82412,-0.52949,-0.10044,0.17428,8.301,-0.6178,1.5201
0.82353,-0.53063,-0.10123,0.17318,8.3338,-0.65347,1.5223
0.82293,-0.53176,-0.10203,0.17207,8.3666,-0.6925,1.5244
0.82233,-0.53289,-0.10283,0.17096,8.3994,-0.7348,1.5266
0.82173,-0.53402,-0.10362,0.16986,8.4322,-0.78027,1.5288
0.82112,-0.53515,-0.10442,0.16875,8.4648,-0.82878,1.531
0.82051,-0.53627,-0.10521,0.16764,8.4975,-0.88022,1.5332
0.8199,-0.5374,-0.10601,0.16653,8.5301,-0.93445,1.5353
0.81928,-0.53852,-0.1068,0.16542,8.5626,-0.99136,1.5375
0.81867,-0.53964,-0.1076,0.16431,8.5951,-1.0508,1.5397
0.81805,-0.54076,-0.10839,0.1632,8.6276,-1.1126,1.5418
0.81742,-0.54187,-0.10918,0.16208,8.6599,-1.1766,1.544
0.8168,-0.54299,-0.10998,0.16097,8.6922,-1.2427,1.5461
0.81617,-0.5441,-0.11077,0.15986,8.7244,-1.3106,1.5483
0.81554,-0.54521,-0.11156,0.15874,8.7566,-1.3803,1.5504
0.8149,-0.54632,-0.11235,0.15763,8.7887,-1.4515,1.5526
0.81426,-0.54743,-0.11314,0.15652,8.8207,-1.5241,1.5547
0.81362,-0.54853,-0.11394,0.1554,8.8526,-1.5979,1.5568
0.81298,-0.54963,-0.11473,0.15428,8.8845,-1.6727,1.559
0.81234,-0.55073,-0.11552,0.15317,8.9162,-1.7484,1.5611
0.81169,-0.55183,-0.11631,0.15205,8.9479,-1.8246,1.5632
0.81103,-0.55293,-0.11709,0.15093,8.9794,-1.9013,1.5653
0.81038,-0.55402,-0.11788,0.14981,9.0109,-1.9782,1.5674
0.80972,-0.55512,-0.11867,0.1487,9.0422,-2.0552,1.5695
0.80906,-0.55621,-0.11946,0.14758,9.0735,-2.1321,1.5716
0.8084,-0.5573,-0.12025,0.14646,9.1047,-2.2086,1.5736
0.80773,-0.55839,-0.12104,0.14534,9.1357,-2.2846,1.5757
0.80706,-0.55947,-0.12182,0.14422,9.1666,-2.3599,1.5778
0.80639,-0.56055,-0.12261,0.1431,9.1974,-2.4343,1.5798
0.80572,-0.56164,-0.12339,0.14197,9.2281,-2.5076,1.5819
0.80504,-0.56271,-0.12418,0.14085,9.2587,-2.5796,1.5839
0.80436,-0.56379,-0.12497,0.13973,9.2891,-2.6502,1.5859
0.80368,-0.56487,-0.12575,0.13861,9.3194,-2.7191,1.588
0.80299,-0.56594,-0.12653,0.13748,9.3496,-2.7863,1.59
0.80231,-0.56701,-0.12732,0.13636,9.3797,-2.8515,1.592
0.80161,-0.56808,-0.1281,0.13523,9.4096,-2.9146,1.594
0.80092,-0.56915,-0.12888,0.13411,9.4393,-2.9753,1.596
0.80022,-0.57021,-0.12967,0.13298,9.469,-3.0337,1.5979
0.79952,-0.57128,-0.13045,0.13186,9.4984,-3.0895,1.5999
0.79882,-0.57234,-0.13123,0.13073,9.5278,-3.1425,1.6019
0.79812,-0.5734,-0.13201,0.1296,9.5569,-3.1927,1.6038
0.79741,-0.57446,-0.13279,0.12848,9.586,-3.2399,1.6057
0.7967,-0.57551,-0.13357,0.12735,9.6148,-3.284,1.6077
0.79598,-0.57657,-0.13435,0.12622,9.6435,-3.3249,1.6096
0.79527,-0.57762,-0.13513,0.12509,9.6721,-3.3624,1.6115
0.79455,-0.57867,-0.13591,0.12396,9.7004,-3.3966,1.6134
0.79383,-0.57971,-0.13669,0.12283,9.7286,-3.4273,1.6152
0.7931,-0.58076,-0.13747,0.1217,9.7566,-3.4544,1.6171
0.79237,-0.5818,-0.13824,0.12057,9.7845,-3.4779,1.619
0.79164,-0.58284,-0.13902,0.11944,9.8122,-3.4977,1.6208
0.79091,-0.58388,-0.1398,0.11831,9.8396,-3.5137,1.6226
0.79017,-0.58492,-0.14057,0.11718,9.8669,-3.526,1.6245
0.78944,-0.58596,-0.14135,0.11605,9.8941,-3.5344,1.6263
0.78869,-0.58699,-0.14212,0.11491,9.921,-3.5391,1.6281
0.78795,-0.58802,-0.1429,0.11378,9.9477,-3.5398,1.6298
0.7872,-0.58905,-0.14367,0.11265,9.9743,-3.5367,1.6316
0.78645,-0.59008,-0.14444,0.11151,10.001,-3.5298,1.6334
0.7857,-0.5911,-0.14522,0.11038,10.027,-3.5191,1.6351
0.78495,-0.59212,-0.14599,0.10925,10.053,-3.5045,1.6368
0.78419,-0.59315,-0.14676,0.10811,10.078,-3.4862,1.6386
0.78343,-0.59416,-0.14753,0.10698,10.104,-3.4642,1.6403
0.78266,-0.59518,-0.1483,0.10584,10.129,-3.4385,1.642
0.7819,-0.59619,-0.14907,0.1047,10.154,-3.4092,1.6436
0.78113,-0.59721,-0.14984,0.10357,10.179,-3.3764,1.6453
0.78036,-0.59822,-0.15061,0.10243,10.204,-3.3402,1.6469
0.77958,-0.59923,-0.15138,0.10129,10.228,-3.3006,1.6486
0.77881,-0.60023,-0.15215,0.10016,10.253,-3.2578,1.6502
0.77803,-0.60124,-0.15292,0.099018,10.277,-3.2118,1.6518
0.77724,-0.60224,-0.15368,0.09788,10.3,-3.1628,1.6534
0.77646,-0.60324,-0.15445,0.096742,10.324,-3.1109,1.6549
0.77567,-0.60424,-0.15522,0.095603,10.347,-3.0562,1.6565
0.77488,-0.60523,-0.15598,0.094464,10.37,-2.9988,1.658
0.77409,-0.60622,-0.15675,0.093324,10.393,-2.939,1.6595
0.77329,-0.60722,-0.15751,0.092185,10.416,-2.8768,1.6611
0.77249,-0.60821,-0.15828,0.091044,10.438,-2.8124,1.6625
0.77169,-0.60919,-0.15904,0.089904,10.46,-2.746,1.664
0.77089,-0.61018,-0.1598,0.088763,10.482,-2.6778,1.6655
0.77008,-0.61116,-0.16056,0.087622,10.504,-2.6078,1.6669
0.76927,-0.61214,-0.16133,0.086481,10.525,-2.5363,1.6683
0.76846,-0.61312,-0.16209,0.085339,10.546,-2.4635,1.6697
0.76764,-0.6141,-0.16285,0.084197,10.567,-2.3895,1.6711
0.76683,-0.61507,-0.16361,0.083055,10.588,-2.3146,1.6725
0.76601,-0.61604,-0.16437,0.081912,10.608,-2.2389,1.6739
0.76518,-0.61701,-0.16513,0.080769,10.628,-2.1625,1.6752
0.76436,-0.61798,-0.16588,0.079626,10.648,-2.0858,1.6765
0.76353,-0.61895,-0.16664,0.078483,10.668,-2.0088,1.6778
0.7627,-0.61991,-0.1674,0.077339,10.687,-1.9318,1.6791
0.76186,-0.62087,-0.16816,0.076195,10.706,-1.855,1.6804
0.76103,-0.62183,-0.16891,0.075051,10.725,-1.7786,1.6816
0.76019,-0.62279,-0.16967,0.073907,10.743,-1.7027,1.6829
0.75935,-0.62374,-0.17042,0.072762,10.761,-1.6276,1.6841
0.7585,-0.62469,-0.17118,0.071617,10.779,-1.5533,1.6853
0.75766,-0.62564,-0.17193,0.070472,10.797,-1.4802,1.6865
0.75681,-0.62659,-0.17268,0.069326,10.814,-1.4084,1.6876
0.75595,-0.62754,-0.17343,0.06818,10.831,-1.3381,1.6888
0.7551,-0.62848,-0.17419,0.067034,10.848,-1.2694,1.6899
0.75424,-0.62942,-0.17494,0.065888,10.865,-1.2026,1.691
0.75338,-0.63036,-0.17569,0.064742,10.881,-1.1377,1.6921
0.75252,-0.6313,-0.17644,0.063595,10.897,-1.0751,1.6931
0.75165,-0.63224,-0.17719,0.062448,10.913,-1.0147,1.6942
0.75078,-0.63317,-0.17793,0.061301,10.928,-0.95675,1.6952
0.74991,-0.6341,-0.17868,0.060154,10.943,-0.90144,1.6962
0.74904,-0.63503,-0.17943,0.059006,10.958,-0.84887,1.6972
0.74816,-0.63595,-0.18018,0.057859,10.972,-0.79918,1.6981
0.74729,-0.63688,-0.18092,0.056711,10.986,-0.75249,1.6991
0.74641,-0.6378,-0.18167,0.055563,11,-0.70892,1.7
0.74552,-0.63872,-0.18241,0.054414,11.014,-0.66858,1.7009
0.74463,-0.63964,-0.18316,0.053266,11.027,-0.63156,1.7018
0.74375,-0.64055,-0.1839,0.052117,11.04,-0.59797,1.7027
0.74285,-0.64146,-0.18464,0.050968,11.053,-0.56788,1.7035
0.74196,-0.64237,-0.18539,0.049819,11.065,-0.54137,1.7043
0.74106,-0.64328,-0.18613,0.04867,11.077,-0.5185,1.7052
0.74016,-0.64419,-0.18687,0.04752,11.089,-0.49934,1.7059
0.73926,-0.64509,-0.18761,0.046371,11.101,-0.48393,1.7067
0.73836,-0.64599,-0.18835,0.045221,11.112,-0.47231,1.7074
0.73745,-0.64689,-0.18909,0.044071,11.123,-0.46451,1.7082
0.73654,-0.64779,-0.18983,0.042921,11.133,-0.46054,1.7089
0.73563,-0.64869,-0.19056,0.041771,11.143,-0.46042,1.7095
0.73471,-0.64958,-0.1913,0.040621,11.153,-0.46416,1.7102
0.7338,-0.65047,-0.19204,0.03947,11.163,-0.47172,1.7108
0.73288,-0.65136,-0.19277,0.038319,11.172,-0.48311,1.7115
0.73195,-0.65224,-0.19351,0.037169,11.181,-0.4983,1.7121
0.73103,-0.65312,-0.19424,0.036018,11.19,-0.51723,1.7126
0.7301,-0.65401,-0.19498,0.034867,11.198,-0.53987,1.7132
0.72917,-0.65488,-0.19571,0.033716,11.206,-0.56616,1.7137
0.72824,-0.65576,-0.19644,0.032564,11.214,-0.59603,1.7142
0.7273,-0.65664,-0.19717,0.031413,11.221,-0.62942,1.7147
0.72636,-0.65751,-0.1979,0.030261,11.228,-0.66623,1.7152
0.72542,-0.65838,-0.19863,0.02911,11.235,-0.70637,1.7156
0.72448,-0.65924,-0.19936,0.027958,11.241,-0.74974,1.7161
0.72353,-0.66011,-0.20009,0.026806,11.247,-0.79625,1.7165
0.72259,-0.66097,-0.20082,0.025654,11.253,-0.84576,1.7168
0.72164,-0.66183,-0.20155,0.024503,11.258,-0.89815,1.7172
0.72068,-0.66269,-0.20227,0.02335,11.263,-0.9533,1.7175
0.71973,-0.66355,-0.203,0.022198,11.268,-1.0111,1.7179
0.71877,-0.6644,-0.20372,0.021046,11.272,-1.0713,1.7182
0.71781,-0.66525,-0.20445,0.019894,11.276,-1.1339,1.7184
0.71684,-0.6661,-0.20517,0.018741,11.28,-1.1986,1.7187
0.71588,-0.66694,-0.2059,0.017589,11.284,-1.2653,1.7189
0.71491,-0.66779,-0.20662,0.016437,11.287,-1.3339,1.7191
0.71394,-0.66863,-0.20734,0.015284,11.29,-1.4041,1.7193
0.71297,-0.66947,-0.20806,0.014131,11.292,-1.4758,1.7195
0.71199,-0.67031,-0.20878,0.012979,11.294,-1.5488,1.7196
0.71101,-0.67114,-0.2095,0.011826,11.296,-1.623,1.7197
0.71003,-0.67197,-0.21022,0.010673,11.297,-1.6981,1.7198
0.70905,-0.6728,-0.21094,0.0095205,11.299,-1.7739,1.7199
0.70806,-0.67363,-0.21166,0.0083677,11.299,-1.8504,1.72
0.70707,-0.67446,-0.21237,0.0072149,11.3,-1.9272,1.72
0.70608,-0.67528,-0.21309,0.006062,11.3,-2.0041,1.72
0.70509,-0.6761,-0.2138,0.0049091,11.3,-2.0811,1.72
0.7041,-0.67692,-0.21452,0.0037562,11.299,-2.1578,1.72
0.7031,-0.67773,-0.21523,0.0026033,11.298,-2.2342,1.7199
0.7021,-0.67855,-0.21594,0.0014504,11.297,-2.31,1.7198
0.70109,-0.67936,-0.21666,0.00029745,11.296,-2.385,1.7197
0.70009,-0.68017,-0.21737,-0.00085548,11.294,-2.459,1.7196
0.69908,-0.68097,-0.21808,-0.0020084,11.292,-2.5319,1.7195
0.69807,-0.68178,-0.21879,-0.0031613,11.289,-2.6035,1.7193
0.69706,-0.68258,-0.2195,-0.0043142,11.286,-2.6736,1.7191
0.69604,-0.68338,-0.2202,-0.0054671,11.283,-2.7419,1.7189
0.69502,-0.68418,-0.22091,-0.00662,11.28,-2.8085,1.7187
0.694,-0.68497,-0.22162,-0.0077728,11.276,-2.873,1.7184
0.69298,-0.68576,-0.22232,-0.0089257,11.272,-2.9353,1.7181
0.69196,-0.68655,-0.22303,-0.010078,11.267,-2.9952,1.7178
0.69093,-0.68734,-0.22373,-0.011231,11.263,-3.0527,1.7175
0.6899,-0.68812,-0.22444,-0.012384,11.258,-3.1076,1.7172
0.68887,-0.68891,-0.22514,-0.013537,11.252,-3.1597,1.7168
0.68783,-0.68969,-0.22584,-0.014689,11.246,-3.2089,1.7164
0.6868,-0.69046,-0.22654,-0.015842,11.24,-3.2551,1.716
0.68576,-0.69124,-0.22724,-0.016994,11.234,-3.2981,1.7156
0.68471,-0.69201,-0.22794,-0.018147,11.227,-3.3379,1.7151
0.68367,-0.69278,-0.22864,-0.019299,11.22,-3.3743,1.7147
0.68262,-0.69355,-0.22934,-0.020452,11.213,-3.4073,1.7142
0.68157,-0.69431,-0.23004,-0.021604,11.205,-3.4368,1.7137
0.68052,-0.69508,-0.23073,-0.022756,11.197,-3.4627,1.7131
0.67947,-0.69584,-0.23143,-0.023908,11.189,-3.485,1.7126
0.67841,-0.6966,-0.23212,-0.02506,11.18,-3.5035,1.712
0.67736,-0.69735,-0.23282,-0.026212,11.171,-3.5183,1.7114
0.67629,-0.6981,-0.23351,-0.027364,11.162,-3.5293,1.7108
0.67523,-0.69886,-0.2342,-0.028516,11.152,-3.5364,1.7101
0.67417,-0.6996,-0.2349,-0.029667,11.142,-3.5397,1.7095
0.6731,-0.70035,-0.23559,-0.030819,11.132,-3.5392,1.7088
0.67203,-0.70109,-0.23628,-0.03197,11.121,-3.5348,1.7081
0.67095,-0.70183,-0.23696,-0.033122,11.111,-3.5266,1.7074
0.66988,-0.70257,-0.23765,-0.034273,11.099,-3.5146,1.7066
0.6688,-0.70331,-0.23834,-0.035424,11.088,-3.4988,1.7059
0.66772,-0.70404,-0.23903,-0.036575,11.076,-3.4792,1.7051
0.66664,-0.70477,-0.23971,-0.037726,11.064,-3.456,1.7043
0.66556,-0.7055,-0.2404,-0.038876,11.052,-3.4291,1.7034
0.66447,-0.70623,-0.24108,-0.040027,11.039,-3.3986,1.7026
0.66338,-0.70695,-0.24176,-0.041177,11.026,-3.3646,1.7017
0.66229,-0.70767,-0.24245,-0.042328,11.012,-3.3273,1.7008
0.6612,-0.70839,-0.24313,-0.043478,10.999,-3.2866,1.6999
0.6601,-0.70911,-0.24381,-0.044628,10.985,-3.2427,1.699
0.659,-0.70982,-0.24449,-0.045778,10.971,-3.1956,1.698
0.6579,-0.71053,-0.24517,-0.046927,10.956,-3.1456,1.6971
0.6568,-0.71124,-0.24585,-0.048077,10.941,-3.0928,1.6961
0.65569,-0.71195,-0.24652,-0.049226,10.926,-3.0372,1.6951
0.65458,-0.71265,-0.2472,-0.050375,10.911,-2.979,1.6941
0.65348,-0.71335,-0.24788,-0.051524,10.895,-2.9183,1.693
0.65236,-0.71405,-0.24855,-0.052673,10.879,-2.8554,1.6919
0.65125,-0.71475,-0.24922,-0.053822,10.863,-2.7903,1.6909
0.65013,-0.71544,-0.2499,-0.05497,10.846,-2.7233,1.6898
0.64901,-0.71613,-0.25057,-0.056118,10.83,-2.6544,1.6886
0.64789,-0.71682,-0.25124,-0.057266,10.812,-2.5839,1.6875
0.64677,-0.71751,-0.25191,-0.058414,10.795,-2.512,1.6863
0.64564,-0.71819,-0.25258,-0.059562,10.777,-2.4388,1.6852
0.64451,-0.71887,-0.25325,-0.060709,10.759,-2.3644,1.684
0.64338,-0.71955,-0.25392,-0.061856,10.741,-2.2892,1.6827
0.64225,-0.72023,-0.25458,-0.063003,10.723,-2.2132,1.6815
0.64112,-0.7209,-0.25525,-0.06415,10.704,-2.1367,1.6803
0.63998,-0.72157,-0.25591,-0.065297,10.685,-2.0599,1.679
0.63884,-0.72224,-0.25658,-0.066443,10.665,-1.9829,1.6777
0.6377,-0.72291,-0.25724,-0.067589,10.646,-1.906,1.6764
0.63656,-0.72357,-0.2579,-0.068735,10.626,-1.8293,1.6751
0.63541,-0.72423,-0.25856,-0.069881,10.606,-1.753,1.6737
0.63426,-0.72489,-0.25922,-0.071026,10.586,-1.6773,1.6724
0.63311,-0.72555,-0.25988,-0.072171,10.565,-1.6025,1.671
0.63196,-0.7262,-0.26054,-0.073316,10.544,-1.5286,1.6696
0.6308,-0.72685,-0.2612,-0.074461,10.523,-1.4559,1.6682
0.62965,-0.7275,-0.26186,-0.075605,10.501,-1.3846,1.6668
0.62849,-0.72815,-0.26251,-0.076749,10.48,-1.3148,1.6653
0.62733,-0.72879,-0.26317,-0.077893,10.458,-1.2467,1.6639
0.62616,-0.72943,-0.26382,-0.079036,10.436,-1.1806,1.6624
0.625,-0.73007,-0.26447,-0.08018,10.413,-1.1164,1.6609
0.62383,-0.73071,-0.26513,-0.081323,10.391,-1.0545,1.6594
0.62266,-0.73134,-0.26578,-0.082465,10.368,-0.99491,1.6579
0.62149,-0.73197,-0.26643,-0.083608,10.345,-0.93785,1.6563
0.62031,-0.7326,-0.26708,-0.08475,10.321,-0.88344,1.6548
0.61914,-0.73322,-0.26773,-0.085892,10.298,-0.83183,1.6532
0.61796,-0.73385,-0.26837,-0.087033,10.274,-0.78314,1.6516
0.61678,-0.73447,-0.26902,-0.088174,10.25,-0.73749,1.65
0.61559,-0.73508,-0.26967,-0.089315,10.226,-0.69499,1.6484
0.61441,-0.7357,-0.27031,-0.090456,10.201,-0.65576,1.6468
0.61322,-0.73631,-0.27095,-0.091596,10.177,-0.61988,1.6451
0.61203,-0.73692,-0.2716,-0.092736,10.152,-0.58746,1.6434
0.61084,-0.73753,-0.27224,-0.093876,10.127,-0.55856,1.6418
0.60964,-0.73813,-0.27288,-0.095015,10.101,-0.53327,1.6401
0.60845,-0.73874,-0.27352,-0.096154,10.076,-0.51164,1.6384
0.60725,-0.73934,-0.27416,-0.097293,10.05,-0.49374,1.6367
0.60605,-0.73993,-0.2748,-0.098431,10.024,-0.4796,1.6349
0.60485,-0.74053,-0.27543,-0.099569,9.9978,-0.46926,1.6332
0.60364,-0.74112,-0.27607,-0.10071,9.9714,-0.46274,1.6314
0.60244,-0.74171,-0.2767,-0.10184,9.9449,-0.46007,1.6297
0.60123,-0.7423,-0.27734,-0.10298,9.9181,-0.46125,1.6279
0.60002,-0.74288,-0.27797,-0.10412,9.8912,-0.46627,1.6261
0.5988,-0.74346,-0.2786,-0.10525,9.864,-0.47513,1.6243
0.59759,-0.74404,-0.27924,-0.10639,9.8367,-0.4878,1.6224
0.59637,-0.74462,-0.27987,-0.10752,9.8092,-0.50425,1.6206
0.59515,-0.74519,-0.2805,-0.10866,9.7815,-0.52443,1.6188
0.59393,-0.74576,-0.28112,-0.10979,9.7536,-0.54831,1.6169
0.59271,-0.74633,-0.28175,-0.11093,9.7256,-0.57581,1.615
0.59148,-0.7469,-0.28238,-0.11206,9.6974,-0.60687,1.6132
0.59026,-0.74746,-0.283,-0.1132,9.669,-0.64142,1.6113
0.58903,-0.74802,-0.28363,-0.11433,9.6405,-0.67936,1.6094
0.58779,-0.74858,-0.28425,-0.11546,9.6117,-0.7206,1.6074
0.58656,-0.74913,-0.28487,-0.11659,9.5829,-0.76504,1.6055
0.58532,-0.74969,-0.28549,-0.11773,9.5538,-0.81257,1.6036
0.58409,-0.75024,-0.28611,-0.11886,9.5246,-0.86306,1.6016
0.58285,-0.75078,-0.28673,-0.11999,9.4953,-0.9164,1.5997
0.5816,-0.75133,-0.28735,-0.12112,9.4658,-0.97244,1.5977
0.58036,-0.75187,-0.28797,-0.12225,9.4362,-1.0311,1.5957
0.57911,-0.75241,-0.28859,-0.12338,9.4064,-1.0921,1.5938
0.57787,-0.75295,-0.2892,-0.12451,9.3765,-1.1554,1.5918
0.57662,-0.75348,-0.28982,-0.12564,9.3464,-1.2208,1.5898
0.57536,-0.75401,-0.29043,-0.12677,9.3162,-1.2882,1.5877
0.57411,-0.75454,-0.29104,-0.12789,9.2859,-1.3573,1.5857
0.57285,-0.75507,-0.29165,-0.12902,9.2554,-1.4281,1.5837
0.5716,-0.75559,-0.29226,-0.13015,9.2248,-1.5002,1.5817
0.57034,-0.75611,-0.29287,-0.13128,9.1941,-1.5737,1.5796
0.56907,-0.75663,-0.29348,-0.1324,9.1633,-1.6482,1.5776
0.56781,-0.75715,-0.29409,-0.13353,9.1324,-1.7235,1.5755
0.56654,-0.75766,-0.29469,-0.13465,9.1013,-1.7996,1.5734
0.56528,-0.75817,-0.2953,-0.13578,9.0702,-1.8762,1.5713
0.56401,-0.75868,-0.2959,-0.1369,9.0389,-1.953,1.5693
0.56273,-0.75919,-0.29651,-0.13803,9.0075,-2.03,1.5672
0.56146,-0.75969,-0.29711,-0.13915,8.976,-2.1069,1.5651
0.56018,-0.76019,-0.29771,-0.14027,8.9445,-2.1836,1.563
0.55891,-0.76069,-0.29831,-0.14139,8.9128,-2.2598,1.5609
0.55763,-0.76118,-0.29891,-0.14252,8.881,-2.3353,1.5587
0.55635,-0.76167,-0.29951,-0.14364,8.8492,-2.41,1.5566
0.55506,-0.76216,-0.3001,-0.14476,8.8173,-2.4837,1.5545
0.55378,-0.76265,-0.3007,-0.14588,8.7853,-2.5562,1.5524
0.55249,-0.76313,-0.30129,-0.147,8.7532,-2.6272,1.5502
0.5512,-0.76361,-0.30189,-0.14812,8.721,-2.6968,1.5481
0.54991,-0.76409,-0.30248,-0.14924,8.6888,-2.7645,1.5459
0.54861,-0.76457,-0.30307,-0.15036,8.6565,-2.8304,1.5438
0.54732,-0.76504,-0.30366,-0.15147,8.6241,-2.8942,1.5416
0.54602,-0.76551,-0.30425,-0.15259,8.5916,-2.9557,1.5394
0.54472,-0.76598,-0.30484,-0.15371,8.5591,-3.0149,1.5373
0.54342,-0.76645,-0.30543,-0.15482,8.5266,-3.0715,1.5351
0.54212,-0.76691,-0.30601,-0.15594,8.494,-3.1254,1.5329
0.54081,-0.76737,-0.3066,-0.15706,8.4613,-3.1766,1.5308
0.53951,-0.76782,-0.30718,-0.15817,8.4286,-3.2248,1.5286
0.5382,-0.76828,-0.30776,-0.15928,8.3959,-3.2699,1.5264
0.53689,-0.76873,-0.30835,-0.1604,8.3631,-3.3118,1.5242
0.53558,-0.76918,-0.30893,-0.16151,8.3303,-3.3505,1.522
0.53426,-0.76963,-0.30951,-0.16262,8.2975,-3.3858,1.5198
0.53294,-0.77007,-0.31009,-0.16373,8.2646,-3.4177,1.5176
0.53163,-0.77051,-0.31066,-0.16485,8.2317,-3.4459,1.5154
0.53031,-0.77095,-0.31124,-0.16596,8.1987,-3.4706,1.5132
0.52899,-0.77139,-0.31181,-0.16707,8.1658,-3.4916,1.5111
0.52766,-0.77182,-0.31239,-0.16818,8.1328,-3.5089,1.5089
0.52634,-0.77225,-0.31296,-0.16928,8.0998,-3.5224,1.5067
0.52501,-0.77268,-0.31353,-0.17039,8.0669,-3.5321,1.5045
0.52368,-0.7731,-0.31411,-0.1715,8.0339,-3.538,1.5023
0.52235,-0.77352,-0.31468,-0.17261,8.0009,-3.54,1.5001
0.52102,-0.77394,-0.31524,-0.17371,7.9679,-3.5382,1.4979
0.51968,-0.77436,-0.31581,-0.17482,7.9349,-3.5325,1.4957
0.51835,-0.77477,-0.31638,-0.17593,7.9019,-3.523,1.4935
0.51701,-0.77518,-0.31694,-0.17703,7.8689,-3.5097,1.4913
0.51567,-0.77559,-0.31751,-0.17813,7.8359,-3.4926,1.4891
0.51433,-0.776,-0.31807,-0.17924,7.803,-3.4718,1.4869
0.51298,-0.7764,-0.31863,-0.18034,7.77,-3.4473,1.4847
0.51164,-0.7768,-0.31919,-0.18144,7.7371,-3.4192,1.4825
0.51029,-0.7772,-0.31975,-0.18254,7.7043,-3.3876,1.4803
0.50894,-0.7776,-0.32031,-0.18364,7.6714,-3.3524,1.4781
0.50759,-0.77799,-0.32087,-0.18474,7.6386,-3.3139,1.4759
0.50624,-0.77838,-0.32143,-0.18584,7.6058,-3.2721,1.4737
0.50488,-0.77876,-0.32198,-0.18694,7.5731,-3.2272,1.4715
0.50353,-0.77915,-0.32254,-0.18804,7.5404,-3.1791,1.4694
0.50217,-0.77953,-0.32309,-0.18914,7.5077,-3.1282,1.4672
0.50081,-0.77991,-0.32364,-0.19024,7.4751,-3.0744,1.465
-0.49945,0.78028,0.32419,0.19133,7.4425,-3.0179,1.4628
-0.49808,0.78066,0.32474,0.19243,7.41,-2.9588,1.4607
-0.49672,0.78103,0.32529,0.19352,7.3776,-2.8974,1.4585
-0.49535,0.7814,0.32584,0.19462,7.3452,-2.8338,1.4563
-0.49398,0.78176,0.32639,0.19571,7.3129,-2.768,1.4542
-0.49261,0.78212,0.32693,0.1968,7.2807,-2.7003,1.452
-0.49124,0.78248,0.32748,0.1979,7.2485,-2.6309,1.4499
-0.48987,0.78284,0.32802,0.19899,7.2164,-2.5599,1.4478
-0.48849,0.78319,0.32856,0.20008,7.1844,-2.4875,1.4456
-0.48712,0.78354,0.3291,0.20117,7.1525,-2.4139,1.4435
-0.48574,0.78389,0.32964,0.20226,7.1206,-2.3392,1.4414
-0.48436,0.78424,0.33018,0.20335,7.0889,-2.2637,1.4393
-0.48298,0.78458,0.33072,0.20443,7.0572,-2.1876,1.4371
-0.48159,0.78492,0.33125,0.20552,7.0256,-2.1109,1.435
-0.48021,0.78526,0.33179,0.20661,6.9941,-2.034,1.4329
-0.47882,0.78559,0.33232,0.20769,6.9627,-1.957,1.4308
-0.47743,0.78593,0.33285,0.20878,6.9315,-1.8802,1.4288
-0.47604,0.78626,0.33338,0.20986,6.9003,-1.8036,1.4267
-0.47465,0.78658,0.33391,0.21095,6.8692,-1.7275,1.4246
-0.47325,0.78691,0.33444,0.21203,6.8383,-1.6521,1.4226
-0.47186,0.78723,0.33497,0.21311,6.8075,-1.5775,1.4205
-0.47046,0.78755,0.3355,0.21419,6.7768,-1.504,1.4185
-0.46906,0.78786,0.33602,0.21527,6.7462,-1.4318,1.4164
-0.46766,0.78817,0.33655,0.21635,6.7157,-1.361,1.4144
-0.46626,0.78848,0.33707,0.21743,6.6854,-1.2917,1.4124
-0.46486,0.78879,0.33759,0.21851,6.6552,-1.2243,1.4103
-0.46345,0.7891,0.33811,0.21959,6.6251,-1.1587,1.4083
-0.46205,0.7894,0.33863,0.22067,6.5952,-1.0953,1.4063
-0.46064,0.7897,0.33915,0.22174,6.5654,-1.0342,1.4044
-0.45923,0.78999,0.33967,0.22282,6.5357,-0.97543,1.4024
-0.45782,0.79029,0.34019,0.22389,6.5062,-0.91925,1.4004
-0.4564,0.79058,0.3407,0.22497,6.4769,-0.86577,1.3985
-0.45499,0.79086,0.34121,0.22604,6.4477,-0.81512,1.3965
-0.45357,0.79115,0.34173,0.22711,6.4186,-0.76744,1.3946
-0.45215,0.79143,0.34224,0.22818,6.3898,-0.72284,1.3927
-0.45073,0.79171,0.34275,0.22925,6.361,-0.68143,1.3907
-0.44931,0.79199,0.34326,0.23032,6.3325,-0.64331,1.3888
-0.44789,0.79226,0.34376,0.23139,6.3041,-0.60859,1.3869
-0.44646,0.79253,0.34427,0.23246,6.2759,-0.57734,1.3851
-0.44504,0.7928,0.34478,0.23353,6.2478,-0.54965,1.3832
-0.44361,0.79307,0.34528,0.23459,6.2199,-0.52559,1.3813
-0.44218,0.79333,0.34578,0.23566,6.1922,-0.50521,1.3795
-0.44075,0.79359,0.34628,0.23672,6.1647,-0.48856,1.3776
-0.43932,0.79385,0.34679,0.23779,6.1374,-0.4757,1.3758
-0.43789,0.7941,0.34728,0.23885,6.1102,-0.46664,1.374
-0.43645,0.79435,0.34778,0.23991,6.0833,-0.46142,1.3722
-0.43501,0.7946,0.34828,0.24098,6.0565,-0.46004,1.3704
-0.43357,0.79485,0.34877,0.24204,6.0299,-0.46251,1.3687
-0.43214,0.79509,0.34927,0.2431,6.0036,-0.46882,1.3669
-0.43069,0.79533,0.34976,0.24416,5.9774,-0.47897,1.3652
-0.42925,0.79557,0.35025,0.24521,5.9514,-0.49291,1.3634
-0.42781,0.79581,0.35075,0.24627,5.9257,-0.51062,1.3617
-0.42636,0.79604,0.35123,0.24733,5.9001,-0.53205,1.36
-0.42491,0.79627,0.35172,0.24838,5.8747,-0.55715,1.3583
-0.42346,0.7965,0.35221,0.24944,5.8496,-0.58586,1.3566
-0.42201,0.79672,0.3527,0.25049,5.8247,-0.61811,1.355
-0.42056,0.79694,0.35318,0.25154,5.8,-0.6538,1.3533
-0.41911,0.79716,0.35366,0.2526,5.7755,-0.69286,1.3517
-0.41765,0.79738,0.35415,0.25365,5.7512,-0.73519,1.3501
-0.4162,0.79759,0.35463,0.2547,5.7272,-0.78068,1.3485
-0.41474,0.7978,0.35511,0.25575,5.7034,-0.82922,1.3469
-0.41328,0.79801,0.35558,0.2568,5.6798,-0.88069,1.3453
-0.41182,0.79821,0.35606,0.25784,5.6564,-0.93495,1.3438
-0.41036,0.79841,0.35654,0.25889,5.6333,-0.99187,1.3422
-0.4089,0.79861,0.35701,0.25994,5.6104,-1.0513,1.3407
-0.40743,0.79881,0.35749,0.26098,5.5878,-1.1131,1.3392
-0.40597,0.799,0.35796,0.26203,5.5654,-1.1772,1.3377
-0.4045,0.79919,0.35843,0.26307,5.5433,-1.2433,1.3362
-0.40303,0.79938,0.3589,0.26411,5.5213,-1.3112,1.3348
-0.40156,0.79956,0.35937,0.26515,5.4997,-1.3809,1.3333
-0.40009,0.79975,0.35983,0.26619,5.4783,-1.4522,1.3319
-0.39861,0.79993,0.3603,0.26723,5.4571,-1.5248,1.3305
-0.39714,0.8001,0.36076,0.26827,5.4362,-1.5986,1.3291
-0.39566,0.80028,0.36123,0.26931,5.4156,-1.6734,1.3277
-0.39418,0.80045,0.36169,0.27034,5.3952,-1.749,1.3263
-0.39271,0.80061,0.36215,0.27138,5.375,-1.8253,1.325
-0.39123,0.80078,0.36261,0.27241,5.3552,-1.902,1.3237
-0.38974,0.80094,0.36307,0.27345,5.3356,-1.9789,1.3224
-0.38826,0.8011,0.36352,0.27448,5.3162,-2.0559,1.3211
-0.38678,0.80126,0.36398,0.27551,5.2972,-2.1328,1.3198
-0.38529,0.80141,0.36443,0.27654,5.2784,-2.2093,1.3186
-0.3838,0.80156,0.36489,0.27757,5.2598,-2.2853,1.3173
-0.38232,0.80171,0.36534,0.2786,5.2416,-2.3605,1.3161
-0.38083,0.80186,0.36579,0.27963,5.2236,-2.4349,1.3149
-0.37933,0.802,0.36624,0.28066,5.2059,-2.5082,1.3137
-0.37784,0.80214,0.36669,0.28168,5.1885,-2.5802,1.3126
-0.37635,0.80228,0.36713,0.28271,5.1714,-2.6508,1.3114
-0.37485,0.80241,0.36758,0.28373,5.1545,-2.7197,1.3103
-0.37336,0.80254,0.36802,0.28475,5.1379,-2.7869,1.3092
-0.37186,0.80267,0.36847,0.28578,5.1216,-2.8521,1.3081
-0.37036,0.8028,0.36891,0.2868,5.1057,-2.9151,1.307
-0.36886,0.80292,0.36935,0.28782,5.0899,-2.9759,1.306
-0.36736,0.80304,0.36979,0.28884,5.0745,-3.0342,1.305
-0.36586,0.80316,0.37022,0.28985,5.0594,-3.0899,1.304
-0.36435,0.80328,0.37066,0.29087,5.0446,-3.1429,1.303
-0.36285,0.80339,0.3711,0.29189,5.03,-3.1931,1.302
-0.36134,0.8035,0.37153,0.2929,5.0158,-3.2403,1.3011
-0.35983,0.8036,0.37196,0.29392,5.0019,-3.2844,1.3001
-0.35832,0.80371,0.37239,0.29493,4.9882,-3.3252,1.2992
-0.35681,0.80381,0.37282,0.29594,4.9749,-3.3628,1.2983
-0.3553,0.80391,0.37325,0.29695,4.9619,-3.3969,1.2975
-0.35379,0.804,0.37368,0.29796,4.9491,-3.4276,1.2966
-0.35227,0.80409,0.37411,0.29897,4.9367,-3.4547,1.2958
-0.35076,0.80418,0.37453,0.29998,4.9246,-3.4781,1.295
-0.34924,0.80427,0.37495,0.30098,4.9128,-3.4979,1.2942
-0.34772,0.80435,0.37538,0.30199,4.9013,-3.5139,1.2934
-0.34621,0.80443,0.3758,0.30299,4.8901,-3.5261,1.2927
-0.34469,0.80451,0.37622,0.304,4.8792,-3.5345,1.2919
-0.34316,0.80459,0.37663,0.305,4.8686,-3.5391,1.2912
-0.34164,0.80466,0.37705,0.306,4.8584,-3.5398,1.2906
-0.34012,0.80473,0.37747,0.307,4.8484,-3.5367,1.2899
-0.33859,0.8048,0.37788,0.308,4.8388,-3.5297,1.2893
-0.33707,0.80486,0.37829,0.309,4.8295,-3.519,1.2886
-0.33554,0.80492,0.3787,0.31,4.8205,-3.5044,1.288
-0.33401,0.80498,0.37912,0.31099,4.8118,-3.486,1.2875
-0.33248,0.80504,0.37952,0.31199,4.8035,-3.464,1.2869
-0.33095,0.80509,0.37993,0.31298,4.7954,-3.4383,1.2864
-0.32942,0.80514,0.38034,0.31397,4.7877,-3.409,1.2858
-0.32788,0.80519,0.38074,0.31496,4.7803,-3.3761,1.2854
-0.32635,0.80523,0.38115,0.31595,4.7732,-3.3399,1.2849
-0.32481,0.80527,0.38155,0.31694,4.7665,-3.3002,1.2844
-0.32328,0.80531,0.38195,0.31793,4.76,-3.2574,1.284
-0.32174,0.80535,0.38235,0.31892,4.7539,-3.2114,1.2836
-0.3202,0.80538,0.38275,0.3199,4.7482,-3.1623,1.2832
-0.31866,0.80541,0.38314,0.32089,4.7427,-3.1104,1.2828
-0.31712,0.80544,0.38354,0.32187,4.7376,-3.0557,1.2825
-0.31558,0.80546,0.38393,0.32286,4.7328,-2.9983,1.2822
-0.31403,0.80548,0.38433,0.32384,4.7283,-2.9385,1.2819
-0.31249,0.8055,0.38472,0.32482,4.7242,-2.8763,1.2816
-0.31094,0.80552,0.38511,0.3258,4.7203,-2.8119,1.2814
-0.3094,0.80553,0.3855,0.32678,4.7168,-2.7454,1.2811
-0.30785,0.80554,0.38588,0.32775,4.7137,-2.6772,1.2809
-0.3063,0.80555,0.38627,0.32873,4.7108,-2.6072,1.2807
-0.30475,0.80556,0.38665,0.3297,4.7083,-2.5357,1.2806
-0.3032,0.80556,0.38704,0.33068,4.7061,-2.4629,1.2804
-0.30165,0.80556,0.38742,0.33165,4.7043,-2.3889,1.2803
-0.3001,0.80555,0.3878,0.33262,4.7028,-2.3139,1.2802
-0.29854,0.80555,0.38818,0.33359,4.7016,-2.2382,1.2801
-0.29699,0.80554,0.38856,0.33456,4.7007,-2.1618,1.28
-0.29543,0.80553,0.38893,0.33553,4.7002,-2.0851,1.28
-0.29387,0.80551,0.38931,0.33649,4.7,-2.0081,1.28
-0.29232,0.80549,0.38968,0.33746,4.7001,-1.9312,1.28
-0.29076,0.80547,0.39006,0.33842,4.7006,-1.8544,1.28
-0.2892,0.80545,0.39043,0.33938,4.7014,-1.7779,1.2801
-0.28763,0.80542,0.3908,0.34035,4.7025,-1.702,1.2802
-0.28607,0.8054,0.39117,0.34131,4.704,-1.6269,1.2803
-0.28451,0.80536,0.39153,0.34227,4.7057,-1.5527,1.2804
-0.28294,0.80533,0.3919,0.34322,4.7078,-1.4796,1.2805
-0.28138,0.80529,0.39226,0.34418,4.7103,-1.4078,1.2807
-0.27981,0.80525,0.39263,0.34514,4.713,-1.3375,1.2809
-0.27825,0.80521,0.39299,0.34609,4.7161,-1.2688,1.2811
-0.27668,0.80516,0.39335,0.34705,4.7196,-1.202,1.2813
-0.27511,0.80511,0.39371,0.348,4.7233,-1.1372,1.2816
-0.27354,0.80506,0.39406,0.34895,4.7274,-1.0745,1.2818
-0.27197,0.80501,0.39442,0.3499,4.7318,-1.0141,1.2821
-0.27039,0.80495,0.39477,0.35085,4.7365,-0.95624,1.2824
-0.26882,0.80489,0.39513,0.35179,4.7416,-0.90096,1.2828
-0.26725,0.80483,0.39548,0.35274,4.747,-0.84841,1.2831
-0.26567,0.80476,0.39583,0.35368,4.7527,-0.79875,1.2835
-0.2641,0.80469,0.39618,0.35463,4.7587,-0.75209,1.2839
-0.26252,0.80462,0.39653,0.35557,4.7651,-0.70855,1.2843
-0.26094,0.80455,0.39687,0.35651,4.7718,-0.66824,1.2848
-0.25936,0.80447,0.39722,0.35745,4.7788,-0.63125,1.2853
-0.25778,0.80439,0.39756,0.35839,4.7861,-0.59769,1.2857
-0.2562,0.80431,0.3979,0.35933,4.7938,-0.56763,1.2863
-0.25462,0.80423,0.39824,0.36026,4.8017,-0.54115,1.2868
-0.25304,0.80414,0.39858,0.3612,4.81,-0.51832,1.2873
-0.25146,0.80405,0.39892,0.36213,4.8186,-0.49919,1.2879
-0.24987,0.80395,0.39926,0.36306,4.8276,-0.48381,1.2885
-0.24829,0.80386,0.39959,0.36399,4.8368,-0.47222,1.2891
-0.2467,0.80376,0.39993,0.36492,4.8464,-0.46445,1.2898
-0.24512,0.80366,0.40026,0.36585,4.8562,-0.46052,1.2904
-0.24353,0.80355,0.40059,0.36678,4.8664,-0.46044,1.2911
-0.24194,0.80344,0.40092,0.36771,4.8769,-0.46421,1.2918
-0.24035,0.80333,0.40125,0.36863,4.8877,-0.47181,1.2925
-0.23876,0.80322,0.40158,0.36955,4.8989,-0.48323,1.2933
-0.23717,0.8031,0.4019,0.37048,4.9103,-0.49845,1.294
-0.23558,0.80298,0.40222,0.3714,4.9221,-0.51741,1.2948
-0.23399,0.80286,0.40255,0.37232,4.9341,-0.54009,1.2956
-0.23239,0.80274,0.40287,0.37323,4.9465,-0.56641,1.2964
-0.2308,0.80261,0.40319,0.37415,4.9591,-0.59632,1.2973
-0.22921,0.80248,0.40351,0.37507,4.9721,-0.62973,1.2981
-0.22761,0.80235,0.40382,0.37598,4.9854,-0.66657,1.299
-0.22601,0.80221,0.40414,0.37689,4.999,-0.70674,1.2999
-0.22442,0.80207,0.40445,0.3778,5.0128,-0.75014,1.3009
-0.22282,0.80193,0.40477,0.37871,5.027,-0.79667,1.3018
-0.22122,0.80179,0.40508,0.37962,5.0415,-0.84621,1.3028
-0.21962,0.80164,0.40539,0.38053,5.0562,-0.89863,1.3037
-0.21802,0.80149,0.4057,0.38144,5.0713,-0.9538,1.3048
-0.21642,0.80134,0.406,0.38234,5.0867,-1.0116,1.3058
-0.21482,0.80118,0.40631,0.38325,5.1023,-1.0718,1.3068
-0.21321,0.80102,0.40661,0.38415,5.1182,-1.1344,1.3079
-0.21161,0.80086,0.40691,0.38505,5.1345,-1.1992,1.309
-0.21001,0.8007,0.40722,0.38595,5.151,-1.2659,1.3101
-0.2084,0.80053,0.40752,0.38685,5.1678,-1.3345,1.3112
-0.2068,0.80036,0.40781,0.38774,5.1848,-1.4047,1.3123
-0.20519,0.80019,0.40811,0.38864,5.2022,-1.4765,1.3135
-0.20358,0.80001,0.40841,0.38953,5.2198,-1.5495,1.3147
-0.20197,0.79984,0.4087,0.39043,5.2378,-1.6237,1.3159
-0.20037,0.79966,0.40899,0.39132,5.256,-1.6988,1.3171
-0.19876,0.79947,0.40929,0.39221,5.2744,-1.7746,1.3183
-0.19715,0.79929,0.40958,0.3931,5.2932,-1.851,1.3195
-0.19554,0.7991,0.40986,0.39398,5.3122,-1.9278,1.3208
-0.19393,0.7989,0.41015,0.39487,5.3315,-2.0048,1.3221
-0.19231,0.79871,0.41044,0.39575,5.351,-2.0818,1.3234
-0.1907,0.79851,0.41072,0.39664,5.3708,-2.1585,1.3247
-0.18909,0.79831,0.411,0.39752,5.3909,-2.2349,1.3261
-0.18747,0.79811,0.41128,0.3984,5.4112,-2.3107,1.3274
-0.18586,0.7979,0.41156,0.39928,5.4318,-2.3857,1.3288
-0.18424,0.79769,0.41184,0.40015,5.4527,-2.4597,1.3302
-0.18263,0.79748,0.41212,0.40103,5.4738,-2.5326,1.3316
-0.18101,0.79727,0.4124,0.40191,5.4951,-2.6041,1.333
-0.17939,0.79705,0.41267,0.40278,5.5167,-2.6742,1.3344
-0.17778,0.79683,0.41294,0.40365,5.5386,-2.7425,1.3359
-0.17616,0.79661,0.41321,0.40452,5.5607,-2.809,1.3374
-0.17454,0.79638,0.41348,0.40539,5.5831,-2.8735,1.3389
-0.17292,0.79616,0.41375,0.40626,5.6056,-2.9358,1.3404
-0.1713,0.79592,0.41402,0.40712,5.6285,-2.9958,1.3419
-0.16968,0.79569,0.41428,0.40799,5.6515,-3.0532,1.3434
-0.16806,0.79545,0.41455,0.40885,5.6748,-3.1081,1.345
-0.16643,0.79521,0.41481,0.40971,5.6984,-3.1601,1.3466
-0.16481,0.79497,0.41507,0.41057,5.7221,-3.2093,1.3481
-0.16319,0.79473,0.41533,0.41143,5.7461,-3.2555,1.3497
-0.16157,0.79448,0.41559,0.41229,5.7703,-3.2985,1.3514
-0.15994,0.79423,0.41585,0.41315,5.7948,-3.3382,1.353
-0.15832,0.79398,0.4161,0.414,5.8194,-3.3746,1.3546
-0.15669,0.79372,0.41635,0.41486,5.8443,-3.4076,1.3563
-0.15506,0.79346,0.41661,0.41571,5.8694,-3.4371,1.358
-0.15344,0.7932,0.41686,0.41656,5.8947,-3.4629,1.3596
-0.15181,0.79294,0.41711,0.41741,5.9202,-3.4852,1.3613
-0.15018,0.79267,0.41735,0.41825,5.946,-3.5037,1.3631
-0.14856,0.7924,0.4176,0.4191,5.9719,-3.5184,1.3648
-0.14693,0.79213,0.41785,0.41994,5.998,-3.5294,1.3665
-0.1453,0.79185,0.41809,0.42079,6.0244,-3.5365,1.3683
-0.14367,0.79157,0.41833,0.42163,6.0509,-3.5398,1.3701
-0.14204,0.79129,0.41857,0.42247,6.0776,-3.5392,1.3718
-0.14041,0.79101,0.41881,0.42331,6.1045,-3.5348,1.3736
-0.13878,0.79072,0.41905,0.42415,6.1316,-3.5265,1.3754
-0.13714,0.79043,0.41929,0.42498,6.1589,-3.5145,1.3773
-0.13551,0.79014,0.41952,0.42582,6.1864,-3.4986,1.3791
-0.13388,0.78984,0.41975,0.42665,6.2141,-3.479,1.3809
-0.13225,0.78955,0.41999,0.42748,6.2419,-3.4557,1.3828
-0.13061,0.78925,0.42022,0.42831,6.2699,-3.4288,1.3847
-0.12898,0.78894,0.42044,0.42914,6.2981,-3.3983,1.3865
-0.12735,0.78864,0.42067,0.42996,6.3265,-3.3643,1.3884
-0.12571,0.78833,0.4209,0.43079,6.355,-3.3269,1.3903
-0.12408,0.78802,0.42112,0.43161,6.3837,-3.2862,1.3922
-0.12244,0.7877,0.42135,0.43244,6.4125,-3.2422,1.3942
-0.1208,0.78739,0.42157,0.43326,6.4415,-3.1952,1.3961
-0.11917,0.78707,0.42179,0.43407,6.4707,-3.1452,1.398
-0.11753,0.78674,0.42201,0.43489,6.5,-3.0923,1.4
-0.11589,0.78642,0.42222,0.43571,6.5295,-3.0367,1.402
-0.11425,0.78609,0.42244,0.43652,6.5591,-2.9784,1.4039
-0.11262,0.78576,0.42265,0.43734,6.5889,-2.9178,1.4059
-0.11098,0.78543,0.42286,0.43815,6.6188,-2.8548,1.4079
-0.10934,0.78509,0.42308,0.43896,6.6488,-2.7897,1.4099
-0.1077,0.78475,0.42329,0.43977,6.679,-2.7227,1.4119
-0.10606,0.78441,0.42349,0.44057,6.7093,-2.6538,1.414
-0.10442,0.78407,0.4237,0.44138,6.7397,-2.5833,1.416
-0.10278,0.78372,0.42391,0.44218,6.7703,-2.5113,1.418
-0.10114,0.78337,0.42411,0.44298,6.801,-2.4381,1.4201
-0.099497,0.78302,0.42431,0.44379,6.8318,-2.3638,1.4221
-0.097855,0.78266,0.42451,0.44458,6.8627,-2.2885,1.4242
-0.096214,0.7823,0.42471,0.44538,6.8937,-2.2126,1.4262
-0.094571,0.78194,0.42491,0.44618,6.9249,-2.1361,1.4283
-0.092929,0.78158,0.42511,0.44697,6.9561,-2.0592,1.4304
-0.091286,0.78121,0.4253,0.44777,6.9875,-1.9822,1.4325
-0.089643,0.78084,0.42549,0.44856,7.0189,-1.9053,1.4346
-0.087999,0.78047,0.42569,0.44935,7.0505,-1.8286,1.4367
-0.086355,0.7801,0.42588,0.45014,7.0822,-1.7523,1.4388
-0.084711,0.77972,0.42607,0.45092,7.1139,-1.6767,1.4409
-0.083067,0.77934,0.42625,0.45171,7.1457,-1.6018,1.443
-0.081422,0.77896,0.42644,0.45249,7.1776,-1.528,1.4452
-0.079777,0.77857,0.42662,0.45327,7.2096,-1.4553,1.4473
-0.078132,0.77818,0.42681,0.45405,7.2417,-1.384,1.4494
-0.076486,0.77779,0.42699,0.45483,7.2739,-1.3142,1.4516
-0.07484,0.7774,0.42717,0.45561,7.3061,-1.2462,1.4537
-0.073194,0.777,0.42735,0.45638,7.3384,-1.18,1.4559
-0.071548,0.7766,0.42752,0.45716,7.3708,-1.1159,1.4581
-0.069901,0.7762,0.4277,0.45793,7.4032,-1.0539,1.4602
-0.068255,0.7758,0.42787,0.4587,7.4357,-0.99439,1.4624
-0.066608,0.77539,0.42804,0.45947,7.4682,-0.93735,1.4645
-0.06496,0.77498,0.42822,0.46024,7.5008,-0.88297,1.4667
-0.063313,0.77457,0.42838,0.461,7.5335,-0.83139,1.4689
-0.061665,0.77415,0.42855,0.46177,7.5661,-0.78272,1.4711
-0.060017,0.77373,0.42872,0.46253,7.5989,-0.73709,1.4733
-0.058369,0.77331,0.42888,0.46329,7.6317,-0.69463,1.4754
-0.05672,0.77289,0.42905,0.46405,7.6645,-0.65542,1.4776
-0.055072,0.77246,0.42921,0.46481,7.6973,-0.61958,1.4798
-0.053423,0.77203,0.42937,0.46557,7.7302,-0.58718,1.482
-0.051774,0.7716,0.42953,0.46632,7.7631,-0.55832,1.4842
-0.050125,0.77117,0.42969,0.46707,7.796,-0.53306,1.4864
-0.048476,0.77073,0.42984,0.46782,7.829,-0.51147,1.4886
-0.046826,0.77029,0.43,0.46857,7.8619,-0.4936,1.4908
-0.045176,0.76985,0.43015,0.46932,7.8949,-0.47949,1.493
-0.043527,0.7694,0.4303,0.47007,7.9279,-0.46918,1.4952
-0.041877,0.76896,0.43045,0.47081,7.9609,-0.4627,1.4974
-0.040227,0.76851,0.4306,0.47156,7.9939,-0.46007,1.4996
-0.038576,0.76805,0.43075,0.4723,8.0269,-0.46128,1.5018
-0.036926,0.7676,0.43089,0.47304,8.0599,-0.46633,1.504
-0.035275,0.76714,0.43104,0.47378,8.0929,-0.47523,1.5062
-0.033625,0.76668,0.43118,0.47451,8.1259,-0.48793,1.5084
-0.031974,0.76621,0.43132,0.47525,8.1588,-0.50441,1.5106
-0.030323,0.76575,0.43146,0.47598,8.1918,-0.52463,1.5128
-0.028672,0.76528,0.4316,0.47671,8.2247,-0.54854,1.515
-0.027021,0.76481,0.43173,0.47744,8.2576,-0.57607,1.5172
-0.02537,0.76433,0.43187,0.47817,8.2905,-0.60716,1.5194
-0.023719,0.76385,0.432,0.4789,8.3234,-0.64174,1.5216
-0.022067,0.76337,0.43213,0.47962,8.3562,-0.67971,1.5237
-0.020416,0.76289,0.43226,0.48034,8.389,-0.72098,1.5259
-0.018764,0.76241,0.43239,0.48107,8.4217,-0.76545,1.5281
-0.017113,0.76192,0.43252,0.48178,8.4544,-0.813,1.5303
-0.015461,0.76143,0.43264,0.4825,8.4871,-0.86352,1.5325
-0.01381,0.76093,0.43277,0.48322,8.5197,-0.91688,1.5346
-0.012158,0.76044,0.43289,0.48393,8.5523,-0.97295,1.5368
-0.010506,0.75994,0.43301,0.48465,8.5848,-1.0316,1.539
-0.0088543,0.75944,0.43313,0.48536,8.6172,-1.0926,1.5411
-0.0072025,0.75893,0.43325,0.48607,8.6496,-1.156,1.5433
-0.0055506,0.75843,0.43337,0.48678,8.6819,-1.2214,1.5455
-0.0038987,0.75792,0.43348,0.48748,8.7142,-1.2888,1.5476
-0.0022468,0.75741,0.4336,0.48819,8.7464,-1.3579,1.5498
-0.00059495,0.75689,0.43371,0.48889,8.7785,-1.4287,1.5519
0.0010569,0.75637,0.43382,0.48959,8.8105,-1.5009,1.554
0.0027088,0.75585,0.43393,0.49029,8.8425,-1.5743,1.5562
0.0043607,0.75533,0.43403,0.49099,8.8743,-1.6488,1.5583
0.0060126,0.75481,0.43414,0.49168,8.9061,-1.7242,1.5604
0.0076644,0.75428,0.43425,0.49238,8.9378,-1.8003,1.5625
0.0093163,0.75375,0.43435,0.49307,8.9694,-1.8768,1.5646
0.010968,0.75322,0.43445,0.49376,9.0009,-1.9537,1.5667
0.01262,0.75268,0.43455,0.49445,9.0323,-2.0307,1.5688
0.014272,0.75214,0.43465,0.49514,9.0636,-2.1076,1.5709
0.015923,0.7516,0.43474,0.49582,9.0947,-2.1843,1.573
0.017575,0.75106,0.43484,0.49651,9.1258,-2.2604,1.5751
0.019226,0.75051,0.43493,0.49719,9.1568,-2.336,1.5771
0.020878,0.74996,0.43503,0.49787,9.1876,-2.4107,1.5792
0.022529,0.74941,0.43512,0.49855,9.2184,-2.4843,1.5812
0.02418,0.74886,0.43521,0.49922,9.249,-2.5568,1.5833
0.025832,0.7483,0.43529,0.4999,9.2794,-2.6279,1.5853
0.027483,0.74774,0.43538,0.50057,9.3098,-2.6974,1.5873
0.029134,0.74718,0.43547,0.50124,9.34,-2.7651,1.5893
0.030785,0.74661,0.43555,0.50191,9.3701,-2.831,1.5913
0.032436,0.74605,0.43563,0.50258,9.4001,-2.8947,1.5933
0.034086,0.74548,0.43571,0.50325,9.4299,-2.9562,1.5953
0.035737,0.7449,0.43579,0.50391,9.4595,-3.0154,1.5973
0.037388,0.74433,0.43587,0.50458,9.4891,-3.072,1.5993
0.039038,0.74375,0.43594,0.50524,9.5184,-3.1259,1.6012
0.040688,0.74317,0.43602,0.5059,9.5477,-3.177,1.6032
0.042338,0.74259,0.43609,0.50655,9.5767,-3.2252,1.6051
0.043988,0.742,0.43616,0.50721,9.6056,-3.2703,1.607
0.045638,0.74142,0.43623,0.50786,9.6344,-3.3122,1.609
0.047287,0.74082,0.4363,0.50852,9.663,-3.3508,1.6109
0.048937,0.74023,0.43636,0.50917,9.6914,-3.3861,1.6128
0.050586,0.73964,0.43643,0.50981,9.7197,-3.4179,1.6146
0.052235,0.73904,0.43649,0.51046,9.7477,-3.4462,1.6165
0.053884,0.73844,0.43655,0.51111,9.7756,-3.4708,1.6184
0.055533,0.73783,0.43661,0.51175,9.8034,-3.4918,1.6202
0.057181,0.73723,0.43667,0.51239,9.8309,-3.509,1.6221
0.05883,0.73662,0.43673,0.51303,9.8583,-3.5225,1.6239
0.060478,0.73601,0.43678,0.51367,9.8854,-3.5322,1.6257
0.062126,0.73539,0.43684,0.51431,9.9124,-3.538,1.6275
0.063773,0.73478,0.43689,0.51494,9.9392,-3.54,1.6293
0.065421,0.73416,0.43694,0.51557,9.9658,-3.5381,1.6311
0.067068,0.73354,0.43699,0.5162,9.9922,-3.5324,1.6328
0.068715,0.73291,0.43704,0.51683,10.018,-3.5229,1.6346
0.070362,0.73228,0.43709,0.51746,10.044,-3.5096,1.6363
0.072008,0.73166,0.43713,0.51808,10.07,-3.4925,1.638
0.073655,0.73102,0.43718,0.51871,10.096,-3.4716,1.6397
0.075301,0.73039,0.43722,0.51933,10.121,-3.4471,1.6414
0.076947,0.72975,0.43726,0.51995,10.146,-3.4189,1.6431
0.078592,0.72911,0.4373,0.52057,10.171,-3.3873,1.6448
0.080237,0.72847,0.43733,0.52118,10.196,-3.3521,1.6464
0.081882,0.72783,0.43737,0.5218,10.221,-3.3136,1.648
0.083527,0.72718,0.4374,0.52241,10.245,-3.2718,1.6497
0.085171,0.72653,0.43744,0.52302,10.269,-3.2268,1.6513
0.086815,0.72588,0.43747,0.52363,10.293,-3.1787,1.6529
0.088459,0.72522,0.4375,0.52424,10.316,-3.1277,1.6544
0.090102,0.72456,0.43753,0.52484,10.34,-3.0739,1.656
0.091745,0.7239,0.43755,0.52544,10.363,-3.0174,1.6575
0.093388,0.72324,0.43758,0.52605,10.386,-2.9583,1.6591
0.095031,0.72258,0.4376,0.52665,10.409,-2.8969,1.6606
0.096673,0.72191,0.43762,0.52724,10.431,-2.8332,1.6621
0.098315,0.72124,0.43764,0.52784,10.453,-2.7674,1.6635
0.099956,0.72057,0.43766,0.52843,10.475,-2.6997,1.665
0.1016,0.71989,0.43768,0.52903,10.497,-2.6303,1.6665
0.10324,0.71921,0.4377,0.52962,10.518,-2.5593,1.6679
0.10488,0.71853,0.43771,0.53021,10.54,-2.4869,1.6693
0.10652,0.71785,0.43772,0.53079,10.56,-2.4132,1.6707
0.10816,0.71717,0.43773,0.53138,10.581,-2.3386,1.6721
0.1098,0.71648,0.43774,0.53196,10.602,-2.2631,1.6734
0.11144,0.71579,0.43775,0.53254,10.622,-2.1869,1.6748
0.11307,0.7151,0.43776,0.53312,10.642,-2.1103,1.6761
0.11471,0.7144,0.43776,0.5337,10.661,-2.0333,1.6774
0.11635,0.7137,0.43777,0.53427,10.681,-1.9564,1.6787
0.11799,0.713,0.43777,0.53485,10.7,-1.8795,1.68
0.11962,0.7123,0.43777,0.53542,10.719,-1.8029,1.6812
0.12126,0.7116,0.43777,0.53599,10.737,-1.7268,1.6825
0.1229,0.71089,0.43777,0.53656,10.756,-1.6514,1.6837
0.12453,0.71018,0.43776,0.53712,10.774,-1.5769,1.6849
0.12617,0.70947,0.43776,0.53769,10.791,-1.5034,1.6861
0.1278,0.70875,0.43775,0.53825,10.809,-1.4311,1.6873
0.12944,0.70803,0.43774,0.53881,10.826,-1.3603,1.6884
0.13107,0.70731,0.43773,0.53937,10.843,-1.2911,1.6895
0.1327,0.70659,0.43772,0.53993,10.859,-1.2237,1.6906
0.13434,0.70587,0.43771,0.54048,10.876,-1.1582,1.6917
0.13597,0.70514,0.43769,0.54103,10.892,-1.0948,1.6928
0.1376,0.70441,0.43768,0.54158,10.908,-1.0336,1.6938
0.13923,0.70368,0.43766,0.54213,10.923,-0.97492,1.6949
0.14086,0.70294,0.43764,0.54268,10.938,-0.91876,1.6959
0.14249,0.7022,0.43762,0.54323,10.953,-0.86531,1.6969
0.14412,0.70146,0.4376,0.54377,10.968,-0.81469,1.6978
0.14575,0.70072,0.43757,0.54431,10.982,-0.76703,1.6988
0.14738,0.69998,0.43755,0.54485,10.996,-0.72245,1.6997
0.14901,0.69923,0.43752,0.54539,11.01,-0.68107,1.7006
0.15064,0.69848,0.43749,0.54592,11.023,-0.64299,1.7015
0.15227,0.69773,0.43746,0.54646,11.036,-0.60829,1.7024
0.15389,0.69697,0.43743,0.54699,11.049,-0.57708,1.7033
0.15552,0.69622,0.4374,0.54752,11.061,-0.54942,1.7041
0.15715,0.69546,0.43736,0.54805,11.074,-0.52539,1.7049
0.15877,0.6947,0.43733,0.54858,11.085,-0.50504,1.7057
0.1604,0.69393,0.43729,0.5491,11.097,-0.48843,1.7065
0.16202,0.69317,0.43725,0.54962,11.108,-0.4756,1.7072
0.16364,0.6924,0.43721,0.55014,11.119,-0.46658,1.7079
0.16527,0.69162,0.43717,0.55066,11.13,-0.46139,1.7086
0.16689,0.69085,0.43712,0.55118,11.14,-0.46004,1.7093
0.16851,0.69007,0.43708,0.55169,11.15,-0.46255,1.71
0.17013,0.6893,0.43703,0.55221,11.16,-0.4689,1.7106
0.17175,0.68851,0.43698,0.55272,11.169,-0.47907,1.7113
0.17337,0.68773,0.43693,0.55323,11.178,-0.49305,1.7119
0.17499,0.68695,0.43688,0.55373,11.187,-0.51079,1.7125
0.17661,0.68616,0.43683,0.55424,11.195,-0.53226,1.713
0.17823,0.68537,0.43677,0.55474,11.203,-0.55739,1.7136
0.17985,0.68457,0.43672,0.55524,11.211,-0.58613,1.7141
0.18146,0.68378,0.43666,0.55574,11.219,-0.61841,1.7146
0.18308,0.68298,0.4366,0.55624,11.226,-0.65414,1.715
0.1847,0.68218,0.43654,0.55673,11.232,-0.69323,1.7155
0.18631,0.68138,0.43648,0.55723,11.239,-0.73558,1.7159
0.18792,0.68057,0.43641,0.55772,11.245,-0.7811,1.7163
0.18954,0.67976,0.43635,0.55821,11.251,-0.82967,1.7167
0.19115,0.67895,0.43628,0.5587,11.256,-0.88116,1.7171
0.19276,0.67814,0.43621,0.55918,11.262,-0.93544,1.7174
0.19438,0.67733,0.43614,0.55966,11.266,-0.99239,1.7178
0.19599,0.67651,0.43607,0.56015,11.271,-1.0519,1.7181
0.1976,0.67569,0.436,0.56063,11.275,-1.1137,1.7183
0.19921,0.67487,0.43592,0.5611,11.279,-1.1777,1.7186
0.20082,0.67405,0.43585,0.56158,11.283,-1.2438,1.7188
0.20242,0.67322,0.43577,0.56205,11.286,-1.3118,1.7191
0.20403,0.67239,0.43569,0.56253,11.289,-1.3816,1.7192
0.20564,0.67156,0.43561,0.563,11.291,-1.4528,1.7194
0.20724,0.67073,0.43553,0.56346,11.294,-1.5255,1.7196
0.20885,0.66989,0.43545,0.56393,11.295,-1.5993,1.7197
0.21045,0.66905,0.43536,0.56439,11.297,-1.6741,1.7198
0.21206,0.66821,0.43528,0.56486,11.298,-1.7497,1.7199
0.21366,0.66737,0.43519,0.56532,11.299,-1.826,1.7199
0.21526,0.66652,0.4351,0.56577,11.3,-1.9027,1.72
0.21687,0.66567,0.43501,0.56623,11.3,-1.9796,1.72
0.21847,0.66483,0.43491,0.56668,11.3,-2.0566,1.72
0.22007,0.66397,0.43482,0.56714,11.3,-2.1334,1.72
0.22167,0.66312,0.43472,0.56759,11.299,-2.2099,1.7199
0.22326,0.66226,0.43463,0.56803,11.298,-2.2859,1.7198
0.22486,0.6614,0.43453,0.56848,11.296,-2.3612,1.7198
0.22646,0.66054,0.43443,0.56892,11.295,-2.4356,1.7196
0.22806,0.65968,0.43433,0.56937,11.293,-2.5089,1.7195
0.22965,0.65881,0.43422,0.56981,11.29,-2.5809,1.7193
0.23125,0.65794,0.43412,0.57024,11.287,-2.6514,1.7192
0.23284,0.65707,0.43401,0.57068,11.284,-2.7203,1.719
0.23443,0.6562,0.4339,0.57111,11.281,-2.7875,1.7187
0.23603,0.65532,0.43379,0.57155,11.277,-2.8526,1.7185
0.23762,0.65445,0.43368,0.57198,11.273,-2.9157,1.7182
0.23921,0.65357,0.43357,0.57241,11.269,-2.9764,1.7179
0.2408,0.65268,0.43346,0.57283,11.264,-3.0347,1.7176
0.24239,0.6518,0.43334,0.57326,11.259,-3.0904,1.7173
0.24397,0.65091,0.43322,0.57368,11.254,-3.1434,1.7169
0.24556,0.65002,0.43311,0.5741,11.248,-3.1935,1.7165
0.24715,0.64913,0.43299,0.57452,11.242,-3.2407,1.7162
0.24873,0.64824,0.43286,0.57493,11.236,-3.2847,1.7157
0.25032,0.64734,0.43274,0.57535,11.229,-3.3256,1.7153
0.2519,0.64644,0.43262,0.57576,11.222,-3.3631,1.7148
0.25348,0.64554,0.43249,0.57617,11.215,-3.3972,1.7143
0.25507,0.64464,0.43236,0.57658,11.207,-3.4278,1.7138
0.25665,0.64374,0.43223,0.57698,11.2,-3.4549,1.7133
0.25823,0.64283,0.4321,0.57739,11.191,-3.4783,1.7128
0.25981,0.64192,0.43197,0.57779,11.183,-3.498,1.7122
0.26138,0.64101,0.43184,0.57819,11.174,-3.514,1.7116
0.26296,0.6401,0.4317,0.57859,11.165,-3.5262,1.711
0.26454,0.63918,0.43157,0.57898,11.155,-3.5346,1.7103
0.26611,0.63826,0.43143,0.57938,11.145,-3.5391,1.7097
0.26769,0.63734,0.43129,0.57977,11.135,-3.5398,1.709
0.26926,0.63642,0.43115,0.58016,11.125,-3.5367,1.7083
0.27083,0.63549,0.431,0.58055,11.114,-3.5297,1.7076
0.27241,0.63456,0.43086,0.58093,11.103,-3.5188,1.7069
0.27398,0.63364,0.43071,0.58132,11.092,-3.5042,1.7061
0.27555,0.6327,0.43057,0.5817,11.08,-3.4859,1.7053
0.27712,0.63177,0.43042,0.58208,11.068,-3.4638,1.7045
0.27868,0.63083,0.43027,0.58246,11.056,-3.438,1.7037
0.28025,0.6299,0.43012,0.58283,11.043,-3.4087,1.7029
0.28182,0.62895,0.42996,0.5832,11.03,-3.3758,1.702
0.28338,0.62801,0.42981,0.58358,11.017,-3.3395,1.7011
0.28495,0.62707,0.42965,0.58395,11.003,-3.2999,1.7002
0.28651,0.62612,0.42949,0.58431,10.989,-3.257,1.6993
0.28807,0.62517,0.42933,0.58468,10.975,-3.2109,1.6984
0.28963,0.62422,0.42917,0.58504,10.961,-3.1619,1.6974
0.29119,0.62327,0.42901,0.5854,10.946,-3.1099,1.6964
0.29275,0.62231,0.42885,0.58576,10.931,-3.0552,1.6954
0.29431,0.62135,0.42868,0.58612,10.916,-2.9978,1.6944
0.29587,0.62039,0.42852,0.58647,10.9,-2.9379,1.6933
0.29742,0.61943,0.42835,0.58683,10.884,-2.8757,1.6923
0.29898,0.61846,0.42818,0.58718,10.868,-2.8113,1.6912
0.30053,0.6175,0.42801,0.58753,10.852,-2.7448,1.6901
0.30208,0.61653,0.42783,0.58787,10.835,-2.6766,1.689
0.30363,0.61556,0.42766,0.58822,10.818,-2.6066,1.6879
0.30519,0.61458,0.42748,0.58856,10.801,-2.5351,1.6867
0.30673,0.61361,0.42731,0.5889,10.783,-2.4622,1.6855
0.30828,0.61263,0.42713,0.58924,10.765,-2.3882,1.6843
0.30983,0.61165,0.42695,0.58958,10.747,-2.3133,1.6831
0.31138,0.61067,0.42677,0.58991,10.729,-2.2375,1.6819
0.31292,0.60969,0.42658,0.59025,10.71,-2.1612,1.6807
0.31447,0.6087,0.4264,0.59058,10.691,-2.0844,1.6794
0.31601,0.60771,0.42621,0.5909,10.672,-2.0075,1.6781
0.31755,0.60672,0.42602,0.59123,10.652,-1.9305,1.6768
0.31909,0.60573,0.42583,0.59155,10.632,-1.8537,1.6755
0.32063,0.60473,0.42564,0.59188,10.612,-1.7772,1.6742
0.32217,0.60374,0.42545,0.5922,10.592,-1.7014,1.6728
0.32371,0.60274,0.42526,0.59252,10.571,-1.6262,1.6714
0.32524,0.60174,0.42506,0.59283,10.551,-1.552,1.67
0.32678,0.60074,0.42487,0.59315,10.53,-1.4789,1.6686
0.32831,0.59973,0.42467,0.59346,10.508,-1.4072,1.6672
0.32985,0.59872,0.42447,0.59377,10.487,-1.3369,1.6658
0.33138,0.59771,0.42427,0.59407,10.465,-1.2682,1.6643
0.33291,0.5967,0.42406,0.59438,10.443,-1.2014,1.6629
0.33444,0.59569,0.42386,0.59468,10.421,-1.1366,1.6614
0.33597,0.59467,0.42366,0.59498,10.398,-1.074,1.6599
0.33749,0.59366,0.42345,0.59528,10.375,-1.0136,1.6583
0.33902,0.59264,0.42324,0.59558,10.352,-0.95574,1.6568
0.34054,0.59161,0.42303,0.59588,10.329,-0.90048,1.6553
0.34207,0.59059,0.42282,0.59617,10.305,-0.84796,1.6537
0.34359,0.58956,0.42261,0.59646,10.282,-0.79832,1.6521
0.34511,0.58854,0.42239,0.59675,10.258,-0.75169,1.6505
0.34663,0.58751,0.42217,0.59704,10.234,-0.70818,1.6489
0.34815,0.58647,0.42196,0.59732,10.209,-0.66789,1.6473
0.34967,0.58544,0.42174,0.5976,10.185,-0.63094,1.6456
0.35118,0.5844,0.42152,0.59788,10.16,-0.5974,1.644
0.3527,0.58337,0.4213,0.59816,10.135,-0.56738,1.6423
0.35421,0.58232,0.42107,0.59844,10.109,-0.54093,1.6406
0.35572,0.58128,0.42085,0.59871,10.084,-0.51813,1.6389
0.35724,0.58024,0.42062,0.59899,10.058,-0.49904,1.6372
0.35875,0.57919,0.42039,0.59926,10.032,-0.48369,1.6355
0.36025,0.57814,0.42017,0.59952,10.006,-0.47214,1.6337
0.36176,0.57709,0.41993,0.59979,9.9799,-0.4644,1.632
0.36327,0.57604,0.4197,0.60005,9.9534,-0.46051,1.6302
0.36477,0.57499,0.41947,0.60031,9.9267,-0.46046,1.6284
0.36628,0.57393,0.41923,0.60057,9.8998,-0.46426,1.6267
0.36778,0.57287,0.419,0.60083,9.8727,-0.47189,1.6248
0.36928,0.57181,0.41876,0.60109,9.8454,-0.48335,1.623
0.37078,0.57075,0.41852,0.60134,9.818,-0.4986,1.6212
0.37228,0.56968,0.41828,0.60159,9.7903,-0.5176,1.6194
0.37378,0.56862,0.41804,0.60184,9.7625,-0.54031,1.6175
0.37527,0.56755,0.41779,0.60209,9.7346,-0.56666,1.6156
0.37677,0.56648,0.41755,0.60233,9.7064,-0.5966,1.6138
0.37826,0.56541,0.4173,0.60258,9.6781,-0.63004,1.6119
0.37975,0.56433,0.41705,0.60282,9.6496,-0.66691,1.61
0.38124,0.56325,0.4168,0.60305,9.6209,-0.70711,1.6081
0.38273,0.56218,0.41655,0.60329,9.5921,-0.75054,1.6061
0.38422,0.5611,0.4163,0.60352,9.5631,-0.7971,1.6042
0.38571,0.56001,0.41604,0.60376,9.5339,-0.84666,1.6023
0.38719,0.55893,0.41579,0.60399,9.5047,-0.89911,1.6003
0.38868,0.55784,0.41553,0.60422,9.4752,-0.9543,1.5983
0.39016,0.55675,0.41527,0.60444,9.4456,-1.0121,1.5964
0.39164,0.55566,0.41501,0.60466,9.4159,-1.0724,1.5944
0.39312,0.55457,0.41475,0.60489,9.386,-1.135,1.5924
0.3946,0.55348,0.41449,0.60511,9.356,-1.1998,1.5904
0.39608,0.55238,0.41423,0.60532,9.3258,-1.2665,1.5884
0.39755,0.55128,0.41396,0.60554,9.2955,-1.3351,1.5864
0.39903,0.55018,0.41369,0.60575,9.2651,-1.4054,1.5843
0.4005,0.54908,0.41342,0.60596,9.2346,-1.4771,1.5823
0.40197,0.54798,0.41315,0.60617,9.2039,-1.5502,1.5803
0.40344,0.54687,0.41288,0.60638,9.1731,-1.6243,1.5782
0.40491,0.54577,0.41261,0.60658,9.1422,-1.6994,1.5761
0.40638,0.54466,0.41233,0.60679,9.1112,-1.7753,1.5741
0.40784,0.54354,0.41206,0.60699,9.0801,-1.8517,1.572
0.40931,0.54243,0.41178,0.60718,9.0489,-1.9285,1.5699
0.41077,0.54132,0.4115,0.60738,9.0175,-2.0055,1.5678
0.41223,0.5402,0.41122,0.60757,8.9861,-2.0825,1.5657
0.41369,0.53908,0.41094,0.60777,8.9545,-2.1592,1.5636
0.41515,0.53796,0.41066,0.60796,8.9229,-2.2356,1.5615
0.41661,0.53684,0.41037,0.60814,8.8912,-2.3113,1.5594
0.41806,0.53571,0.41009,0.60833,8.8593,-2.3863,1.5573
0.41952,0.53459,0.4098,0.60851,8.8274,-2.4603,1.5552
0.42097,0.53346,0.40951,0.60869,8.7955,-2.5332,1.553
0.42242,0.53233,0.40922,0.60887,8.7634,-2.6048,1.5509
0.42387,0.5312,0.40893,0.60905,8.7313,-2.6748,1.5488
0.42532,0.53006,0.40864,0.60922,8.699,-2.7431,1.5466
0.42677,0.52893,0.40834,0.6094,8.6667,-2.8096,1.5444
0.42821,0.52779,0.40805,0.60957,8.6344,-2.8741,1.5423
0.42965,0.52665,0.40775,0.60974,8.602,-2.9364,1.5401
0.4311,0.52551,0.40745,0.6099,8.5695,-2.9963,1.538
0.43254,0.52436,0.40715,0.61007,8.537,-3.0537,1.5358
0.43398,0.52322,0.40685,0.61023,8.5044,-3.1085,1.5336
0.43542,0.52207,0.40655,0.61039,8.4717,-3.1606,1.5314
0.43685,0.52092,0.40624,0.61055,8.4391,-3.2097,1.5293
0.43829,0.51977,0.40593,0.6107,8.4063,-3.2558,1.5271
0.43972,0.51862,0.40563,0.61086,8.3736,-3.2988,1.5249
0.44115,0.51747,0.40532,0.61101,8.3408,-3.3386,1.5227
0.44258,0.51631,0.40501,0.61116,8.3079,-3.3749,1.5205
0.44401,0.51515,0.4047,0.6113,8.2751,-3.4079,1.5183
0.44544,0.51399,0.40438,0.61145,8.2422,-3.4373,1.5161
0.44686,0.51283,0.40407,0.61159,8.2092,-3.4632,1.5139
0.44829,0.51167,0.40375,0.61173,8.1763,-3.4853,1.5118
0.44971,0.5105,0.40344,0.61187,8.1433,-3.5038,1.5096
0.45113,0.50934,0.40312,0.61201,8.1104,-3.5185,1.5074
0.45255,0.50817,0.4028,0.61214,8.0774,-3.5294,1.5052
0.45397,0.507,0.40248,0.61227,8.0444,-3.5365,1.503
0.45538,0.50583,0.40215,0.6124,8.0114,-3.5398,1.5008
0.4568,0.50465,0.40183,0.61253,7.9784,-3.5392,1.4986
0.45821,0.50348,0.4015,0.61266,7.9454,-3.5347,1.4964
0.45962,0.5023,0.40118,0.61278,7.9124,-3.5264,1.4942
0.46103,0.50112,0.40085,0.6129,7.8794,-3.5143,1.492
0.46244,0.49994,0.40052,0.61302,7.8464,-3.4985,1.4898
0.46385,0.49876,0.40019,0.61314,7.8135,-3.4788,1.4876
0.46525,0.49757,0.39985,0.61325,7.7805,-3.4555,1.4854
0.46665,0.49639,0.39952,0.61337,7.7476,-3.4286,1.4832
0.46805,0.4952,0.39918,0.61348,7.7147,-3.398,1.481
0.46945,0.49401,0.39885,0.61359,7.6819,-3.364,1.4788
0.47085,0.49282,0.39851,0.61369,7.649,-3.3266,1.4766
0.47225,0.49163,0.39817,0.6138,7.6162,-3.2858,1.4744
0.47364,0.49043,0.39783,0.6139,7.5835,-3.2418,1.4722
0.47504,0.48923,0.39749,0.614,7.5508,-3.1948,1.4701
0.47643,0.48804,0.39714,0.6141,7.5181,-3.1447,1.4679
0.47782,0.48684,0.3968,0.61419,7.4855,-3.0918,1.4657
0.47921,0.48564,0.39645,0.61428,7.4529,-3.0362,1.4635
0.48059,0.48443,0.3961,0.61438,7.4204,-2.9779,1.4614
0.48198,0.48323,0.39575,0.61447,7.3879,-2.9172,1.4592
0.48336,0.48202,0.3954,0.61455,7.3555,-2.8543,1.457
0.48474,0.48081,0.39505,0.61464,7.3232,-2.7892,1.4549
0.48612,0.4796,0.3947,0.61472,7.2909,-2.7221,1.4527
0.4875,0.47839,0.39434,0.6148,7.2588,-2.6532,1.4506
0.48888,0.47718,0.39398,0.61488,7.2266,-2.5827,1.4484
0.49025,0.47596,0.39363,0.61495,7.1946,-2.5107,1.4463
0.49163,0.47475,0.39327,0.61503,7.1626,-2.4375,1.4442
0.493,0.47353,0.39291,0.6151,7.1308,-2.3631,1.4421
0.49437,0.47231,0.39255,0.61517,7.099,-2.2879,1.4399
0.49574,0.47109,0.39218,0.61524,7.0673,-2.2119,1.4378
0.4971,0.46986,0.39182,0.6153,7.0357,-2.1354,1.4357
0.49847,0.46864,0.39145,0.61537,7.0041,-2.0585,1.4336
0.49983,0.46741,0.39108,0.61543,6.9727,-1.9816,1.4315
0.50119,0.46618,0.39072,0.61549,6.9414,-1.9046,1.4294
0.50255,0.46495,0.39035,0.61554,6.9102,-1.8279,1.4273
0.50391,0.46372,0.38997,0.6156,6.8791,-1.7516,1.4253
0.50526,0.46249,0.3896,0.61565,6.8481,-1.676,1.4232
0.50661,0.46125,0.38923,0.6157,6.8173,-1.6012,1.4212
0.50797,0.46002,0.38885,0.61575,6.7865,-1.5273,1.4191
0.50932,0.45878,0.38848,0.6158,6.7559,-1.4547,1.4171
0.51067,0.45754,0.3881,0.61584,6.7254,-1.3834,1.415
0.51201,0.4563,0.38772,0.61588,6.695,-1.3136,1.413
0.51336,0.45505,0.38734,0.61592,6.6648,-1.2456,1.411
0.5147,0.45381,0.38695,0.61596,6.6347,-1.1794,1.409
0.51604,0.45256,0.38657,0.61599,6.6047,-1.1153,1.407
0.51738,0.45132,0.38619,0.61603,6.5749,-1.0534,1.405
0.51872,0.45007,0.3858,0.61606,6.5452,-0.99387,1.403
0.52006,0.44882,0.38541,0.61609,6.5156,-0.93686,1.401
0.52139,0.44756,0.38502,0.61611,6.4862,-0.8825,1.3991
0.52272,0.44631,0.38463,0.61614,6.457,-0.83094,1.3971
0.52405,0.44506,0.38424,0.61616,6.4279,-0.7823,1.3952
0.52538,0.4438,0.38385,0.61618,6.3989,-0.7367,1.3933
0.52671,0.44254,0.38345,0.6162,6.3702,-0.69426,1.3913
0.52803,0.44128,0.38306,0.61622,6.3416,-0.65509,1.3894
0.52935,0.44002,0.38266,0.61623,6.3131,-0.61927,1.3875
0.53068,0.43876,0.38226,0.61624,6.2848,-0.58691,1.3857
0.532,0.43749,0.38186,0.61625,6.2567,-0.55808,1.3838
0.53331,0.43622,0.38146,0.61626,6.2288,-0.53285,1.3819
0.53463,0.43496,0.38106,0.61626,6.201,-0.51129,1.3801
0.53594,0.43369,0.38065,0.61627,6.1735,-0.49346,1.3782
0.53725,0.43242,0.38025,0.61627,6.1461,-0.47938,1.3764
0.53856,0.43114,0.37984,0.61627,6.1189,-0.46911,1.3746
0.53987,0.42987,0.37943,0.61626,6.0918,-0.46266,1.3728
0.54118,0.4286,0.37902,0.61626,6.065,-0.46006,1.371
0.54248,0.42732,0.37861,0.61625,6.0384,-0.46131,1.3692
0.54379,0.42604,0.3782,0.61624,6.0119,-0.4664,1.3675
0.54509,0.42476,0.37779,0.61623,5.9857,-0.47532,1.3657
0.54638,0.42348,0.37738,0.61621,5.9597,-0.48806,1.364
0.54768,0.4222,0.37696,0.6162,5.9338,-0.50457,1.3623
0.54898,0.42091,0.37654,0.61618,5.9082,-0.52482,1.3605
0.55027,0.41963,0.37612,0.61616,5.8828,-0.54876,1.3589
0.55156,0.41834,0.3757,0.61613,5.8576,-0.57633,1.3572
0.55285,0.41705,0.37528,0.61611,5.8326,-0.60746,1.3555
0.55414,0.41576,0.37486,0.61608,5.8078,-0.64206,1.3539
0.55542,0.41447,0.37444,0.61605,5.7833,-0.68006,1.3522
0.5567,0.41318,0.37401,0.61602,5.7589,-0.72136,1.3506
0.55799,0.41188,0.37359,0.61599,5.7348,-0.76586,1.349
0.55926,0.41059,0.37316,0.61595,5.7109,-0.81344,1.3474
0.56054,0.40929,0.37273,0.61591,5.6873,-0.86398,1.3458
0.56182,0.40799,0.3723,0.61587,5.6639,-0.91737,1.3443
0.56309,0.40669,0.37187,0.61583,5.6407,-0.97346,1.3427
0.56436,0.40539,0.37143,0.61579,5.6177,-1.0321,1.3412
0.56563,0.40408,0.371,0.61574,5.595,-1.0932,1.3397
0.5669,0.40278,0.37057,0.61569,5.5725,-1.1565,1.3382
0.56816,0.40147,0.37013,0.61564,5.5503,-1.222,1.3367
0.56943,0.40017,0.36969,0.61559,5.5283,-1.2894,1.3352
0.57069,0.39886,0.36925,0.61553,5.5066,-1.3586,1.3338
0.57195,0.39755,0.36881,0.61547,5.4851,-1.4293,1.3323
0.57321,0.39624,0.36837,0.61541,5.4638,-1.5015,1.3309
0.57446,0.39492,0.36793,0.61535,5.4428,-1.575,1.3295
0.57572,0.39361,0.36748,0.61529,5.4221,-1.6495,1.3281
0.57697,0.39229,0.36704,0.61522,5.4016,-1.7249,1.3268
0.57822,0.39098,0.36659,0.61515,5.3814,-1.8009,1.3254
0.57946,0.38966,0.36614,0.61508,5.3615,-1.8775,1.3241
0.58071,0.38834,0.36569,0.61501,5.3418,-1.9544,1.3228
0.58195,0.38702,0.36524,0.61494,5.3224,-2.0314,1.3215
0.58319,0.3857,0.36479,0.61486,5.3032,-2.1083,1.3202
0.58443,0.38437,0.36433,0.61478,5.2843,-2.1849,1.319
0.58567,0.38305,0.36388,0.6147,5.2657,-2.2611,1.3177
0.58691,0.38172,0.36342,0.61462,5.2474,-2.3366,1.3165
0.58814,0.38039,0.36297,0.61453,5.2293,-2.4113,1.3153
0.58937,0.37906,0.36251,0.61444,5.2115,-2.485,1.3141
0.5906,0.37773,0.36205,0.61435,5.194,-2.5574,1.3129
0.59183,0.3764,0.36159,0.61426,5.1768,-2.6285,1.3118
0.59305,0.37507,0.36112,0.61417,5.1598,-2.698,1.3107
0.59427,0.37373,0.36066,0.61407,5.1432,-2.7657,1.3095
0.59549,0.3724,0.3602,0.61397,5.1268,-2.8315,1.3085
0.59671,0.37106,0.35973,0.61387,5.1107,-2.8953,1.3074
0.59793,0.36972,0.35926,0.61377,5.0949,-2.9568,1.3063
0.59914,0.36838,0.35879,0.61367,5.0794,-3.0159,1.3053
0.60036,0.36704,0.35832,0.61356,5.0642,-3.0725,1.3043
0.60157,0.3657,0.35785,0.61345,5.0493,-3.1264,1.3033
0.60277,0.36436,0.35738,0.61334,5.0346,-3.1774,1.3023
0.60398,0.36301,0.35691,0.61323,5.0203,-3.2256,1.3014
0.60518,0.36167,0.35643,0.61311,5.0063,-3.2707,1.3004
0.60639,0.36032,0.35596,0.61299,4.9925,-3.3126,1.2995
0.60759,0.35897,0.35548,0.61287,4.9791,-3.3512,1.2986
0.60878,0.35762,0.355,0.61275,4.966,-3.3864,1.2977
0.60998,0.35627,0.35452,0.61263,4.9531,-3.4182,1.2969
0.61117,0.35492,0.35404,0.6125,4.9406,-3.4464,1.296
0.61236,0.35356,0.35356,0.61237,4.9284,-3.471,1.2952
0.61355,0.35221,0.35307,0.61224,4.9165,-3.492,1.2944
0.61474,0.35085,0.35259,0.61211,4.9049,-3.5092,1.2937
0.61592,0.3495,0.3521,0.61198,4.8936,-3.5226,1.2929
0.61711,0.34814,0.35162,0.61184,4.8826,-3.5322,1.2922
0.61829,0.34678,0.35113,0.6117,4.872,-3.538,1.2915
0.61947,0.34542,0.35064,0.61156,4.8616,-3.54,1.2908
0.62064,0.34405,0.35015,0.61142,4.8516,-3.5381,1.2901
0.62182,0.34269,0.34965,0.61127,4.8418,-3.5324,1.2895
0.62299,0.34133,0.34916,0.61112,4.8324,-3.5228,1.2888
0.62416,0.33996,0.34867,0.61097,4.8233,-3.5094,1.2882
0.62532,0.33859,0.34817,0.61082,4.8145,-3.4923,1.2876
0.62649,0.33723,0.34767,0.61067,4.8061,-3.4714,1.2871
0.62765,0.33586,0.34717,0.61051,4.7979,-3.4469,1.2865
0.62881,0.33449,0.34668,0.61035,4.7901,-3.4187,1.286
0.62997,0.33312,0.34617,0.61019,4.7826,-3.387,1.2855
0.63113,0.33174,0.34567,0.61003,4.7754,-3.3518,1.285
0.63228,0.33037,0.34517,0.60986,4.7686,-3.3132,1.2846
0.63343,0.32899,0.34467,0.6097,4.7621,-3.2714,1.2841
0.63458,0.32762,0.34416,0.60953,4.7559,-3.2264,1.2837
0.63573,0.32624,0.34365,0.60936,4.75,-3.1783,1.2833
0.63688,0.32486,0.34314,0.60918,4.7444,-3.1272,1.283
0.63802,0.32348,0.34264,0.60901,4.7392,-3.0734,1.2826
0.63916,0.3221,0.34213,0.60883,4.7343,-3.0169,1.2823
0.6403,0.32072,0.34161,0.60865,4.7297,-2.9578,1.282
0.64144,0.31934,0.3411,0.60847,4.7254,-2.8963,1.2817
0.64257,0.31795,0.34059,0.60829,4.7215,-2.8326,1.2814
0.6437,0.31657,0.34007,0.6081,4.7179,-2.7668,1.2812
0.64483,0.31518,0.33956,0.60791,4.7146,-2.6991,1.281
0.64596,0.31379,0.33904,0.60772,4.7117,-2.6297,1.2808
0.64708,0.3124,0.33852,0.60753,4.7091,-2.5586,1.2806
0.64821,0.31101,0.338,0.60733,4.7068,-2.4862,1.2805
0.64933,0.30962,0.33748,0.60714,4.7049,-2.4126,1.2803
0.65044,0.30823,0.33696,0.60694,4.7032,-2.3379,1.2802
0.65156,0.30684,0.33643,0.60674,4.7019,-2.2624,1.2801
0.65267,0.30544,0.33591,0.60654,4.701,-2.1862,1.2801
0.65379,0.30405,0.33538,0.60633,4.7003,-2.1096,1.28
0.65489,0.30265,0.33486,0.60612,4.7,-2.0327,1.28
0.656,0.30126,0.33433,0.60591,4.7001,-1.9557,1.28
0.65711,0.29986,0.3338,0.6057,4.7004,-1.8788,1.28
0.65821,0.29846,0.33327,0.60549,4.7011,-1.8022,1.2801
0.65931,0.29706,0.33274,0.60527,4.7021,-1.7261,1.2801
0.66041,0.29566,0.3322,0.60506,4.7035,-1.6507,1.2802
0.6615,0.29425,0.33167,0.60484,4.7051,-1.5762,1.2803
0.66259,0.29285,0.33113,0.60461,4.7071,-1.5027,1.2805
0.66369,0.29145,0.3306,0.60439,4.7095,-1.4305,1.2806
0.66477,0.29004,0.33006,0.60416,4.7121,-1.3597,1.2808
0.66586,0.28863,0.32952,0.60393,4.7151,-1.2905,1.281
0.66694,0.28723,0.32898,0.6037,4.7184,-1.2231,1.2812
0.66802,0.28582,0.32844,0.60347,4.7221,-1.1576,1.2815
0.6691,0.28441,0.3279,0.60324,4.7261,-1.0942,1.2817
0.67018,0.283,0.32736,0.603,4.7304,-1.0331,1.282
0.67125,0.28159,0.32681,0.60276,4.735,-0.97441,1.2823
0.67233,0.28017,0.32627,0.60252,4.7399,-0.91828,1.2827
0.6734,0.27876,0.32572,0.60228,4.7452,-0.86484,1.283
0.67446,0.27735,0.32517,0.60203,4.7508,-0.81425,1.2834
0.67553,0.27593,0.32462,0.60178,4.7568,-0.76662,1.2838
0.67659,0.27452,0.32407,0.60153,4.763,-0.72207,1.2842
0.67765,0.2731,0.32352,0.60128,4.7696,-0.68072,1.2846
0.67871,0.27168,0.32297,0.60103,4.7765,-0.64266,1.2851
0.67976,0.27026,0.32242,0.60077,4.7837,-0.608,1.2856
0.68082,0.26884,0.32186,0.60051,4.7913,-0.57682,1.2861
0.68187,0.26742,0.32131,0.60025,4.7992,-0.54919,1.2866
0.68292,0.266,0.32075,0.59999,4.8073,-0.52519,1.2872
0.68396,0.26457,0.32019,0.59973,4.8159,-0.50488,1.2877
0.68501,0.26315,0.31963,0.59946,4.8247,-0.4883,1.2883
0.68605,0.26173,0.31907,0.59919,4.8338,-0.4755,1.2889
0.68709,0.2603,0.31851,0.59892,4.8433,-0.46651,1.2896
0.68812,0.25887,0.31795,0.59865,4.8531,-0.46136,1.2902
0.68916,0.25745,0.31738,0.59838,4.8631,-0.46005,1.2909
0.69019,0.25602,0.31682,0.5981,4.8736,-0.46259,1.2916
0.69122,0.25459,0.31625,0.59782,4.8843,-0.46897,1.2923
0.69224,0.25316,0.31569,0.59754,4.8953,-0.47918,1.293
0.69327,0.25173,0.31512,0.59726,4.9066,-0.49319,1.2938
0.69429,0.25029,0.31455,0.59697,4.9183,-0.51097,1.2946
0.69531,0.24886,0.31398,0.59668,4.9302,-0.53247,1.2953
0.69633,0.24743,0.31341,0.59639,4.9425,-0.55763,1.2962
0.69734,0.24599,0.31284,0.5961,4.9551,-0.58641,1.297
0.69835,0.24456,0.31226,0.59581,4.9679,-0.61871,1.2979
0.69936,0.24312,0.31169,0.59551,4.9811,-0.65447,1.2987
0.70037,0.24168,0.31111,0.59521,4.9946,-0.69359,1.2996
0.70137,0.24025,0.31054,0.59491,5.0084,-0.73597,1.3006
0.70238,0.23881,0.30996,0.59461,5.0225,-0.78152,1.3015
0.70338,0.23737,0.30938,0.59431,5.0368,-0.83011,1.3025
0.70437,0.23593,0.3088,0.594,5.0515,-0.88163,1.3034
0.70537,0.23448,0.30822,0.59369,5.0665,-0.93594,1.3044
0.70636,0.23304,0.30764,0.59338,5.0817,-0.99291,1.3054
0.70735,0.2316,0.30705,0.59307,5.0973,-1.0524,1.3065
0.70834,0.23016,0.30647,0.59276,5.1131,-1.1142,1.3075
0.70932,0.22871,0.30588,0.59244,5.1293,-1.1783,1.3086
0.71031,0.22727,0.3053,0.59212,5.1457,-1.2444,1.3097
0.71129,0.22582,0.30471,0.5918,5.1624,-1.3125,1.3108
0.71226,0.22437,0.30412,0.59148,5.1794,-1.3822,1.312
0.71324,0.22292,0.30353,0.59116,5.1966,-1.4535,1.3131
0.71421,0.22148,0.30294,0.59083,5.2142,-1.5261,1.3143
0.71518,0.22003,0.30235,0.5905,5.232,-1.5999,1.3155
0.71615,0.21858,0.30176,0.59017,5.2501,-1.6748,1.3167
0.71711,0.21713,0.30116,0.58984,5.2685,-1.7504,1.3179
0.71808,0.21567,0.30057,0.5895,5.2872,-1.8267,1.3191
0.71904,0.21422,0.29997,0.58916,5.3061,-1.9033,1.3204
0.71999,0.21277,0.29937,0.58882,5.3253,-1.9803,1.3217
0.72095,0.21131,0.29878,0.58848,5.3447,-2.0573,1.323
0.7219,0.20986,0.29818,0.58814,5.3645,-2.1341,1.3243
0.72285,0.2084,0.29758,0.58779,5.3845,-2.2106,1.3256
0.7238,0.20695,0.29698,0.58745,5.4047,-2.2866,1.327
0.72474,0.20549,0.29637,0.5871,5.4252,-2.3619,1.3283
0.72569,0.20403,0.29577,0.58675,5.446,-2.4362,1.3297
0.72663,0.20258,0.29517,0.58639,5.467,-2.5095,1.3311
0.72756,0.20112,0.29456,0.58604,5.4883,-2.5815,1.3326
0.7285,0.19966,0.29395,0.58568,5.5098,-2.652,1.334
0.72943,0.1982,0.29335,0.58532,5.5316,-2.721,1.3354
0.73036,0.19674,0.29274,0.58496,5.5536,-2.7881,1.3369
0.73129,0.19527,0.29213,0.58459,5.5759,-2.8532,1.3384
0.73221,0.19381,0.29152,0.58423,5.5984,-2.9162,1.3399
0.73313,0.19235,0.29091,0.58386,5.6212,-2.9769,1.3414
0.73405,0.19088,0.29029,0.58349,5.6442,-3.0352,1.3429
0.73497,0.18942,0.28968,0.58312,5.6674,-3.0909,1.3445
0.73588,0.18795,0.28907,0.58274,5.6908,-3.1439,1.3461
0.73679,0.18649,0.28845,0.58237,5.7145,-3.194,1.3476
0.7377,0.18502,0.28783,0.58199,5.7385,-3.2411,1.3492
0.73861,0.18356,0.28722,0.58161,5.7626,-3.2851,1.3508
0.73951,0.18209,0.2866,0.58123,5.787,-3.3259,1.3525
0.74042,0.18062,0.28598,0.58084,5.8116,-3.3634,1.3541
0.74131,0.17915,0.28536,0.58046,5.8364,-3.3975,1.3558
0.74221,0.17768,0.28474,0.58007,5.8614,-3.4281,1.3574
0.7431,0.17621,0.28411,0.57968,5.8866,-3.4551,1.3591
0.74399,0.17474,0.28349,0.57929,5.9121,-3.4785,1.3608
0.74488,0.17327,0.28286,0.57889,5.9377,-3.4982,1.3625
0.74577,0.1718,0.28224,0.57849,5.9636,-3.5141,1.3642
0.74665,0.17032,0.28161,0.5781,5.9897,-3.5263,1.366
0.74753,0.16885,0.28099,0.5777,6.0159,-3.5346,1.3677
0.74841,0.16738,0.28036,0.57729,6.0424,-3.5391,1.3695
0.74929,0.1659,0.27973,0.57689,6.0691,-3.5398,1.3713
0.75016,0.16443,0.2791,0.57648,6.0959,-3.5366,1.3731
0.75103,0.16295,0.27847,0.57607,6.123,-3.5296,1.3749
0.7519,0.16147,0.27783,0.57566,6.1502,-3.5187,1.3767
0.75276,0.16,0.2772,0.57525,6.1776,-3.5041,1.3785
0.75362,0.15852,0.27657,0.57484,6.2052,-3.4857,1.3803
0.75448,0.15704,0.27593,0.57442,6.233,-3.4636,1.3822
0.75534,0.15556,0.27529,0.574,6.261,-3.4378,1.3841
0.75619,0.15409,0.27466,0.57358,6.2891,-3.4084,1.3859
0.75704,0.15261,0.27402,0.57316,6.3174,-3.3755,1.3878
0.75789,0.15113,0.27338,0.57273,6.3459,-3.3392,1.3897
0.75874,0.14965,0.27274,0.57231,6.3745,-3.2995,1.3916
0.75958,0.14816,0.2721,0.57188,6.4033,-3.2566,1.3936
0.76042,0.14668,0.27146,0.57145,6.4323,-3.2105,1.3955
0.76126,0.1452,0.27081,0.57101,6.4614,-3.1614,1.3974
0.7621,0.14372,0.27017,0.57058,6.4907,-3.1094,1.3994
0.76293,0.14223,0.26952,0.57014,6.5201,-3.0547,1.4013
0.76376,0.14075,0.26888,0.5697,6.5497,-2.9973,1.4033
0.76459,0.13927,0.26823,0.56926,6.5794,-2.9374,1.4053
0.76541,0.13778,0.26758,0.56882,6.6092,-2.8751,1.4073
0.76624,0.1363,0.26693,0.56838,6.6392,-2.8107,1.4093
0.76706,0.13481,0.26628,0.56793,6.6694,-2.7442,1.4113
0.76787,0.13333,0.26563,0.56748,6.6996,-2.6759,1.4133
0.76869,0.13184,0.26498,0.56703,6.73,-2.6059,1.4153
0.7695,0.13035,0.26433,0.56658,6.7605,-2.5344,1.4174
0.77031,0.12886,0.26368,0.56612,6.7912,-2.4616,1.4194
0.77111,0.12738,0.26302,0.56567,6.8219,-2.3876,1.4215
0.77192,0.12589,0.26237,0.56521,6.8528,-2.3126,1.4235
0.77272,0.1244,0.26171,0.56475,6.8838,-2.2368,1.4256
0.77351,0.12291,0.26105,0.56429,6.9149,-2.1605,1.4277
0.77431,0.12142,0.2604,0.56382,6.9462,-2.0837,1.4297
0.7751,0.11993,0.25974,0.56335,6.9775,-2.0068,1.4318
0.77589,0.11844,0.25908,0.56289,7.0089,-1.9298,1.4339
0.77668,0.11695,0.25842,0.56242,7.0404,-1.853,1.436
0.77746,0.11546,0.25776,0.56194,7.0721,-1.7766,1.4381
0.77825,0.11397,0.25709,0.56147,7.1038,-1.7007,1.4403
0.77902,0.11247,0.25643,0.56099,7.1356,-1.6256,1.4424
0.7798,0.11098,0.25577,0.56052,7.1675,-1.5514,1.4445
0.78057,0.10949,0.2551,0.56003,7.1994,-1.4783,1.4466
0.78135,0.108,0.25444,0.55955,7.2315,-1.4065,1.4488
0.78211,0.1065,0.25377,0.55907,7.2636,-1.3363,1.4509
0.78288,0.10501,0.2531,0.55858,7.2958,-1.2676,1.4531
0.78364,0.10351,0.25243,0.55809,7.3281,-1.2008,1.4552
0.7844,0.10202,0.25176,0.5576,7.3604,-1.136,1.4574
0.78516,0.10052,0.25109,0.55711,7.3929,-1.0734,1.4595
0.78591,0.099028,0.25042,0.55662,7.4253,-1.0131,1.4617
0.78666,0.097533,0.24975,0.55612,7.4578,-0.95524,1.4639
0.78741,0.096037,0.24908,0.55563,7.4904,-0.9,1.466
0.78816,0.09454,0.2484,0.55513,7.523,-0.84751,1.4682
0.7889,0.093043,0.24773,0.55462,7.5557,-0.7979,1.4704
0.78964,0.091546,0.24705,0.55412,7.5884,-0.75129,1.4726
0.79038,0.090049,0.24637,0.55361,7.6212,-0.7078,1.4747
0.79112,0.088551,0.2457,0.55311,7.654,-0.66755,1.4769
0.79185,0.087053,0.24502,0.5526,7.6868,-0.63062,1.4791
0.79258,0.085554,0.24434,0.55209,7.7197,-0.59712,1.4813
0.7933,0.084056,0.24366,0.55157,7.7526,-0.56713,1.4835
0.79403,0.082557,0.24298,0.55106,7.7855,-0.54071,1.4857
0.79475,0.081057,0.2423,0.55054,7.8185,-0.51795,1.4879
0.79547,0.079558,0.24161,0.55002,7.8514,-0.49888,1.4901
0.79618,0.078058,0.24093,0.5495,7.8844,-0.48357,1.4923
0.7969,0.076558,0.24025,0.54898,7.9174,-0.47205,1.4945
0.79761,0.075058,0.23956,0.54845,7.9504,-0.46435,1.4967
0.79831,0.073557,0.23888,0.54793,7.9834,-0.46049,1.4989
0.79902,0.072056,0.23819,0.5474,8.0164,-0.46047,1.5011
0.79972,0.070555,0.2375,0.54687,8.0494,-0.46431,1.5033
0.80042,0.069054,0.23681,0.54633,8.0824,-0.47198,1.5055
0.80111,0.067552,0.23612,0.5458,8.1153,-0.48347,1.5077
0.80181,0.06605,0.23543,0.54526,8.1483,-0.49875,1.5099
0.8025,0.064548,0.23474,0.54473,8.1813,-0.51778,1.5121
0.80319,0.063046,0.23405,0.54419,8.2142,-0.54052,1.5143
0.80387,0.061543,0.23336,0.54364,8.2471,-0.56691,1.5165
0.80455,0.06004,0.23267,0.5431,8.28,-0.59688,1.5187
0.80523,0.058537,0.23197,0.54255,8.3129,-0.63035,1.5209
0.80591,0.057034,0.23128,0.54201,8.3457,-0.66725,1.523
0.80658,0.055531,0.23058,0.54146,8.3785,-0.70748,1.5252
0.80725,0.054027,0.22988,0.54091,8.4113,-0.75094,1.5274
0.80792,0.052523,0.22919,0.54035,8.444,-0.79753,1.5296
0.80859,0.051019,0.22849,0.5398,8.4767,-0.84711,1.5318
0.80925,0.049515,0.22779,0.53924,8.5093,-0.89958,1.534
0.80991,0.048011,0.22709,0.53868,8.5419,-0.95481,1.5361
0.81056,0.046507,0.22639,0.53812,8.5744,-1.0126,1.5383
0.81122,0.045002,0.22569,0.53756,8.6069,-1.0729,1.5405
0.81187,0.043497,0.22499,0.53699,8.6393,-1.1356,1.5426
0.81252,0.041992,0.22428,0.53643,8.6716,-1.2003,1.5448
0.81316,0.040487,0.22358,0.53586,8.7039,-1.2671,1.5469
0.8138,0.038982,0.22287,0.53529,8.7361,-1.3357,1.5491
0.81444,0.037477,0.22217,0.53471,8.7683,-1.406,1.5512
0.81508,0.035971,0.22146,0.53414,8.8003,-1.4777,1.5534
0.81571,0.034465,0.22076,0.53356,8.8323,-1.5508,1.5555
0.81634,0.03296,0.22005,0.53299,8.8642,-1.625,1.5576
0.81697,0.031454,0.21934,0.53241,8.896,-1.7001,1.5597
0.8176,0.029948,0.21863,0.53182,8.9277,-1.776,1.5618
0.81822,0.028442,0.21792,0.53124,8.9593,-1.8524,1.564
0.81884,0.026936,0.21721,0.53066,8.9908,-1.9292,1.5661
0.81946,0.025429,0.2165,0.53007,9.0223,-2.0062,1.5682
0.82007,0.023923,0.21579,0.52948,9.0536,-2.0831,1.5702
0.82068,0.022417,0.21507,0.52889,9.0848,-2.1599,1.5723
0.82129,0.02091,0.21436,0.5283,9.1159,-2.2362,1.5744
0.82189,0.019403,0.21365,0.5277,9.1469,-2.312,1.5765
0.8225,0.017897,0.21293,0.52711,9.1778,-2.387,1.5785
0.8231,0.01639,0.21221,0.52651,9.2086,-2.461,1.5806
0.82369,0.014883,0.2115,0.52591,9.2392,-2.5339,1.5826
0.82429,0.013377,0.21078,0.52531,9.2698,-2.6054,1.5847
0.82488,0.01187,0.21006,0.5247,9.3001,-2.6754,1.5867
0.82546,0.010363,0.20934,0.5241,9.3304,-2.7437,1.5887
0.82605,0.0088558,0.20862,0.52349,9.3605,-2.8102,1.5907
0.82663,0.0073488,0.2079,0.52288,9.3905,-2.8746,1.5927
0.82721,0.0058418,0.20718,0.52227,9.4204,-2.9369,1.5947
0.82779,0.0043347,0.20646,0.52165,9.4501,-2.9968,1.5967
0.82836,0.0028277,0.20574,0.52104,9.4797,-3.0542,1.5986
0.82893,0.0013206,0.20501,0.52042,9.5091,-3.109,1.6006
0.8295,-0.00018644,0.20429,0.51981,9.5384,-3.161,1.6026
0.83006,-0.0016935,0.20357,0.51918,9.5675,-3.2102,1.6045
0.83063,-0.0032006,0.20284,0.51856,9.5965,-3.2562,1.6064
0.83118,-0.0047076,0.20211,0.51794,9.6253,-3.2992,1.6084
0.83174,-0.0062146,0.20139,0.51731,9.6539,-3.3389,1.6103
0.83229,-0.0077216,0.20066,0.51669,9.6824,-3.3753,1.6122
0.83284,-0.0092286,0.19993,0.51606,9.7107,-3.4082,1.614
0.83339,-0.010736,0.1992,0.51543,9.7388,-3.4376,1.6159
0.83393,-0.012242,0.19847,0.51479,9.7668,-3.4634,1.6178
0.83448,-0.013749,0.19774,0.51416,9.7945,-3.4855,1.6196
0.83501,-0.015256,0.19701,0.51352,9.8222,-3.504,1.6215
0.83555,-0.016763,0.19628,0.51288,9.8496,-3.5186,1.6233
0.83608,-0.01827,0.19555,0.51224,9.8768,-3.5295,1.6251
0.83661,-0.019776,0.19481,0.5116,9.9039,-3.5366,1.6269
0.83714,-0.021283,0.19408,0.51096,9.9307,-3.5398,1.6287
0.83766,-0.022789,0.19335,0.51031,9.9574,-3.5392,1.6305
0.83818,-0.024296,0.19261,0.50966,9.9839,-3.5347,1.6323
0.8387,-0.025802,0.19187,0.50902,10.01,-3.5264,1.634
0.83922,-0.027308,0.19114,0.50836,10.036,-3.5142,1.6357
0.83973,-0.028814,0.1904,0.50771,10.062,-3.4983,1.6375
0.84024,-0.030321,0.18966,0.50706,10.088,-3.4786,1.6392
0.84074,-0.031826,0.18892,0.5064,10.113,-3.4553,1.6409
0.84125,-0.033332,0.18819,0.50574,10.138,-3.4283,1.6426
0.84175,-0.034838,0.18745,0.50508,10.163,-3.3977,1.6442
0.84225,-0.036344,0.18671,0.50442,10.188,-3.3637,1.6459
0.84274,-0.037849,0.18596,0.50376,10.213,-3.3262,1.6475
0.84323,-0.039354,0.18522,0.50309,10.237,-3.2854,1.6491
0.84372,-0.04086,0.18448,0.50243,10.261,-3.2414,1.6508
0.84421,-0.042365,0.18374,0.50176,10.285,-3.1943,1.6524
0.84469,-0.04387,0.18299,0.50109,10.309,-3.1443,1.6539
0.84517,-0.045374,0.18225,0.50042,10.332,-3.0913,1.6555
0.84564,-0.046879,0.1815,0.49974,10.356,-3.0356,1.657
0.84612,-0.048383,0.18076,0.49907,10.379,-2.9774,1.6586
0.84659,-0.049888,0.18001,0.49839,10.401,-2.9167,1.6601
0.84706,-0.051392,0.17927,0.49771,10.424,-2.8537,1.6616
0.84752,-0.052896,0.17852,0.49703,10.446,-2.7886,1.6631
0.84798,-0.054399,0.17777,0.49635,10.468,-2.7215,1.6645
0.84844,-0.055903,0.17702,0.49566,10.49,-2.6526,1.666
0.8489,-0.057406,0.17627,0.49498,10.512,-2.582,1.6674
0.84935,-0.058909,0.17552,0.49429,10.533,-2.5101,1.6689
0.8498,-0.060412,0.17477,0.4936,10.554,-2.4368,1.6703
0.85025,-0.061915,0.17402,0.49291,10.575,-2.3624,1.6716
0.85069,-0.063417,0.17327,0.49222,10.595,-2.2872,1.673
0.85113,-0.06492,0.17252,0.49152,10.615,-2.2112,1.6744
0.85157,-0.066422,0.17176,0.49083,10.635,-2.1347,1.6757
0.85201,-0.067923,0.17101,0.49013,10.655,-2.0579,1.677
0.85244,-0.069425,0.17026,0.48943,10.675,-1.9809,1.6783
0.85287,-0.070926,0.1695,0.48873,10.694,-1.9039,1.6796
0.8533,-0.072427,0.16874,0.48802,10.713,-1.8272,1.6808
0.85372,-0.073928,0.16799,0.48732,10.731,-1.751,1.6821
0.85414,-0.075429,0.16723,0.48661,10.75,-1.6753,1.6833
0.85456,-0.076929,0.16648,0.4859,10.768,-1.6005,1.6845
0.85497,-0.078429,0.16572,0.48519,10.786,-1.5267,1.6857
0.85538,-0.079929,0.16496,0.48448,10.803,-1.454,1.6869
0.85579,-0.081428,0.1642,0.48377,10.82,-1.3827,1.688
0.85619,-0.082928,0.16344,0.48305,10.837,-1.313,1.6892
0.8566,-0.084427,0.16268,0.48234,10.854,-1.245,1.6903
0.857,-0.085925,0.16192,0.48162,10.871,-1.1788,1.6914
0.85739,-0.087423,0.16116,0.4809,10.887,-1.1147,1.6924
0.85779,-0.088921,0.1604,0.48018,10.903,-1.0529,1.6935
0.85818,-0.090419,0.15963,0.47945,10.918,-0.99335,1.6945
0.85856,-0.091917,0.15887,0.47873,10.933,-0.93636,1.6956
0.85895,-0.093414,0.15811,0.478,10.948,-0.88203,1.6966
0.85933,-0.09491,0.15734,0.47727,10.963,-0.8305,1.6975
0.85971,-0.096407,0.15658,0.47654,10.977,-0.78188,1.6985
0.86008,-0.097903,0.15581,0.47581,10.992,-0.73631,1.6994
0.86045,-0.099399,0.15505,0.47508,11.005,-0.6939,1.7004
0.86082,-0.10089,0.15428,0.47434,11.019,-0.65476,1.7013
0.86119,-0.10239,0.15352,0.4736,11.032,-0.61897,1.7021
0.86155,-0.10388,0.15275,0.47287,11.045,-0.58664,1.703
0.86191,-0.10538,0.15198,0.47213,11.057,-0.55784,1.7038
0.86227,-0.10687,0.15121,0.47138,11.07,-0.53265,1.7046
0.86262,-0.10837,0.15044,0.47064,11.082,-0.51112,1.7054
0.86298,-0.10986,0.14967,0.4699,11.093,-0.49331,1.7062
0.86332,-0.11135,0.1489,0.46915,11.105,-0.47927,1.707
0.86367,-0.11284,0.14813,0.4684,11.116,-0.46904,1.7077
0.86401,-0.11434,0.14736,0.46765,11.126,-0.46262,1.7084
0.86435,-0.11583,0.14659,0.4669,11.137,-0.46005,1.7091
0.86469,-0.11732,0.14582,0.46614,11.147,-0.46133,1.7098
0.86502,-0.11881,0.14505,0.46539,11.157,-0.46646,1.7104
0.86535,-0.1203,0.14427,0.46463,11.166,-0.47542,1.7111
0.86568,-0.12179,0.1435,0.46388,11.175,-0.48819,1.7117
0.866,-0.12328,0.14273,0.46312,11.184,-0.50474,1.7123
0.86632,-0.12477,0.14195,0.46235,11.193,-0.52502,1.7128
0.86664,-0.12626,0.14118,0.46159,11.201,-0.54899,1.7134
0.86695,-0.12775,0.1404,0.46083,11.209,-0.57659,1.7139
0.86726,-0.12923,0.13963,0.46006,11.216,-0.60775,1.7144
0.86757,-0.13072,0.13885,0.45929,11.223,-0.64239,1.7149
0.86788,-0.13221,0.13807,0.45852,11.23,-0.68042,1.7154
0.86818,-0.13369,0.1373,0.45775,11.237,-0.72174,1.7158
0.86848,-0.13518,0.13652,0.45698,11.243,-0.76627,1.7162
0.86878,-0.13666,0.13574,0.4562,11.249,-0.81387,1.7166
0.86907,-0.13815,0.13496,0.45543,11.255,-0.86445,1.717
0.86936,-0.13963,0.13418,0.45465,11.26,-0.91785,1.7173
0.86965,-0.14112,0.1334,0.45387,11.265,-0.97397,1.7177
0.86993,-0.1426,0.13262,0.45309,11.27,-1.0326,1.718
0.87022,-0.14408,0.13184,0.45231,11.274,-1.0937,1.7183
0.87049,-0.14557,0.13106,0.45152,11.278,-1.1571,1.7185
0.87077,-0.14705,0.13028,0.45074,11.282,-1.2226,1.7188
0.87104,-0.14853,0.12949,0.44995,11.285,-1.29,1.719
0.87131,-0.15001,0.12871,0.44916,11.288,-1.3592,1.7192
0.87158,-0.15149,0.12793,0.44837,11.291,-1.43,1.7194
0.87184,-0.15297,0.12715,0.44758,11.293,-1.5022,1.7195
0.8721,-0.15445,0.12636,0.44679,11.295,-1.5756,1.7197
0.87236,-0.15593,0.12558,0.44599,11.297,-1.6502,1.7198
0.87261,-0.15741,0.12479,0.4452,11.298,-1.7255,1.7199
0.87286,-0.15889,0.12401,0.4444,11.299,-1.8016,1.7199
0.87311,-0.16036,0.12322,0.4436,11.3,-1.8782,1.72
0.87335,-0.16184,0.12244,0.4428,11.3,-1.9551,1.72
0.8736,-0.16332,0.12165,0.442,11.3,-2.0321,1.72
0.87383,-0.16479,0.12086,0.44119,11.3,-2.109,1.72
0.87407,-0.16627,0.12007,0.44039,11.299,-2.1856,1.7199
0.8743,-0.16774,0.11929,0.43958,11.298,-2.2618,1.7199
0.87453,-0.16921,0.1185,0.43877,11.297,-2.3373,1.7198
0.87476,-0.17069,0.11771,0.43796,11.295,-2.412,1.7197
0.87498,-0.17216,0.11692,0.43715,11.293,-2.4856,1.7195
0.8752,-0.17363,0.11613,0.43633,11.291,-2.5581,1.7194
0.87542,-0.1751,0.11534,0.43552,11.288,-2.6291,1.7192
0.87563,-0.17657,0.11455,0.4347,11.285,-2.6986,1.719
0.87584,-0.17804,0.11376,0.43388,11.282,-2.7663,1.7188
0.87605,-0.17951,0.11297,0.43307,11.279,-2.8321,1.7186
0.87626,-0.18098,0.11218,0.43224,11.275,-2.8958,1.7183
0.87646,-0.18245,0.11139,0.43142,11.27,-2.9573,1.718
0.87666,-0.18392,0.11059,0.4306,11.266,-3.0164,1.7177
0.87685,-0.18539,0.1098,0.42977,11.261,-3.073,1.7174
0.87705,-0.18685,0.10901,0.42895,11.256,-3.1268,1.717
0.87724,-0.18832,0.10822,0.42812,11.25,-3.1779,1.7167
0.87742,-0.18978,0.10742,0.42729,11.244,-3.226,1.7163
0.87761,-0.19125,0.10663,0.42645,11.238,-3.271,1.7159
0.87779,-0.19271,0.10583,0.42562,11.231,-3.3129,1.7154
0.87796,-0.19417,0.10504,0.42479,11.225,-3.3515,1.715
0.87814,-0.19564,0.10424,0.42395,11.217,-3.3867,1.7145
0.87831,-0.1971,0.10345,0.42311,11.21,-3.4185,1.714
0.87848,-0.19856,0.10265,0.42227,11.202,-3.4466,1.7135
0.87864,-0.20002,0.10185,0.42143,11.194,-3.4712,1.7129
0.8788,-0.20148,0.10106,0.42059,11.186,-3.4921,1.7124
0.87896,-0.20294,0.10026,0.41975,11.177,-3.5093,1.7118
0.87912,-0.20439,0.099464,0.4189,11.168,-3.5227,1.7112
0.87927,-0.20585,0.098666,0.41806,11.158,-3.5323,1.7105
0.87942,-0.20731,0.097868,0.41721,11.149,-3.5381,1.7099
0.87957,-0.20876,0.097069,0.41636,11.138,-3.54,1.7092
0.87971,-0.21022,0.096271,0.41551,11.128,-3.5381,1.7085
0.87985,-0.21167,0.095471,0.41466,11.117,-3.5323,1.7078
0.87999,-0.21313,0.094672,0.4138,11.106,-3.5227,1.7071
0.88012,-0.21458,0.093872,0.41295,11.095,-3.5093,1.7063
0.88025,-0.21603,0.093072,0.41209,11.084,-3.4921,1.7056
0.88038,-0.21748,0.092272,0.41123,11.072,-3.4712,1.7048
0.88051,-0.21894,0.091471,0.41038,11.059,-3.4466,1.704
0.88063,-0.22039,0.09067,0.40951,11.047,-3.4184,1.7031
0.88075,-0.22183,0.089868,0.40865,11.034,-3.3867,1.7023
0.88086,-0.22328,0.089067,0.40779,11.021,-3.3515,1.7014
0.88098,-0.22473,0.088265,0.40692,11.008,-3.3129,1.7005
0.88109,-0.22618,0.087462,0.40606,10.994,-3.271,1.6996
0.88119,-0.22762,0.08666,0.40519,10.98,-3.2259,1.6987
0.8813,-0.22907,0.085857,0.40432,10.965,-3.1778,1.6977
0.8814,-0.23051,0.085054,0.40345,10.951,-3.1268,1.6967
0.88149,-0.23196,0.08425,0.40258,10.936,-3.0729,1.6957
0.88159,-0.2334,0.083446,0.4017,10.921,-3.0163,1.6947
0.88168,-0.23484,0.082642,0.40083,10.905,-2.9572,1.6937
0.88177,-0.23628,0.081838,0.39995,10.889,-2.8958,1.6926
0.88185,-0.23772,0.081033,0.39907,10.873,-2.832,1.6916
0.88193,-0.23916,0.080228,0.39819,10.857,-2.7662,1.6905
0.88201,-0.2406,0.079423,0.39731,10.84,-2.6985,1.6894
0.88209,-0.24204,0.078617,0.39643,10.823,-2.629,1.6882
0.88216,-0.24348,0.077811,0.39555,10.806,-2.558,1.6871
0.88223,-0.24491,0.077005,0.39466,10.789,-2.4856,1.6859
0.8823,-0.24635,0.076199,0.39378,10.771,-2.4119,1.6847
0.88236,-0.24778,0.075392,0.39289,10.753,-2.3372,1.6835
0.88242,-0.24922,0.074585,0.392,10.734,-2.2617,1.6823
0.88248,-0.25065,0.073778,0.39111,10.716,-2.1855,1.6811
0.88253,-0.25208,0.072971,0.39022,10.697,-2.1089,1.6798
0.88258,-0.25351,0.072163,0.38933,10.678,-2.032,1.6785
0.88263,-0.25494,0.071355,0.38843,10.658,-1.955,1.6772
0.88267,-0.25637,0.070547,0.38754,10.639,-1.8781,1.6759
0.88272,-0.2578,0.069739,0.38664,10.619,-1.8015,1.6746
0.88275,-0.25923,0.06893,0.38574,10.599,-1.7255,1.6732
0.88279,-0.26065,0.068121,0.38484,10.578,-1.6501,1.6719
0.88282,-0.26208,0.067312,0.38394,10.557,-1.5755,1.6705
0.88285,-0.2635,0.066503,0.38304,10.536,-1.5021,1.6691
0.88288,-0.26493,0.065693,0.38213,10.515,-1.4299,1.6677
0.8829,-0.26635,0.064883,0.38123,10.494,-1.3591,1.6662
0.88292,-0.26777,0.064073,0.38032,10.472,-1.2899,1.6648
0.88294,-0.26919,0.063263,0.37941,10.45,-1.2225,1.6633
0.88295,-0.27061,0.062452,0.3785,10.428,-1.157,1.6618
0.88296,-0.27203,0.061642,0.37759,10.405,-1.0937,1.6603
0.88297,-0.27345,0.060831,0.37668,10.382,-1.0326,1.6588
0.88297,-0.27487,0.06002,0.37577,10.36,-0.9739,1.6573
0.88298,-0.27628,0.059208,0.37485,10.336,-0.91779,1.6558
0.88297,-0.2777,0.058397,0.37394,10.313,-0.86438,1.6542
0.88297,-0.27911,0.057585,0.37302,10.289,-0.81381,1.6526
0.88296,-0.28052,0.056773,0.3721,10.265,-0.76621,1.651
0.88295,-0.28194,0.055961,0.37118,10.241,-0.72169,1.6494
0.88294,-0.28335,0.055148,0.37026,10.217,-0.68037,1.6478
0.88292,-0.28476,0.054336,0.36934,10.192,-0.64234,1.6462
0.8829,-0.28617,0.053523,0.36842,10.168,-0.60771,1.6445
0.88288,-0.28758,0.05271,0.36749,10.143,-0.57656,1.6428
0.88285,-0.28898,0.051897,0.36656,10.117,-0.54896,1.6412
0.88282,-0.29039,0.051084,0.36564,10.092,-0.52499,1.6395
0.88279,-0.29179,0.05027,0.36471,10.066,-0.50471,1.6378
0.88275,-0.2932,0.049456,0.36378,10.041,-0.48817,1.636
0.88271,-0.2946,0.048643,0.36285,10.014,-0.47541,1.6343
0.88267,-0.296,0.047829,0.36191,9.9883,-0.46645,1.6326
0.88263,-0.29741,0.047014,0.36098,9.9618,-0.46133,1.6308
0.88258,-0.29881,0.0462,0.36005,9.9352,-0.46005,1.629
0.88253,-0.3002,0.045386,0.35911,9.9084,-0.46263,1.6272
0.88248,-0.3016,0.044571,0.35817,9.8813,-0.46905,1.6254
0.88242,-0.303,0.043756,0.35723,9.8541,-0.47929,1.6236
0.88236,-0.3044,0.042941,0.35629,9.8267,-0.49333,1.6218
0.88229,-0.30579,0.042126,0.35535,9.7992,-0.51114,1.6199
0.88223,-0.30718,0.041311,0.35441,9.7714,-0.53267,1.6181
0.88216,-0.30858,0.040495,0.35347,9.7435,-0.55787,1.6162
0.88209,-0.30997,0.03968,0.35252,9.7154,-0.58668,1.6144
0.88201,-0.31136,0.038864,0.35157,9.6871,-0.61901,1.6125
0.88193,-0.31275,0.038048,0.35063,9.6587,-0.6548,1.6106
0.88185,-0.31414,0.037232,0.34968,9.63,-0.69395,1.6087
0.88176,-0.31552,0.036416,0.34873,9.6013,-0.73637,1.6068
0.88168,-0.31691,0.0356,0.34778,9.5723,-0.78194,1.6048
0.88158,-0.31829,0.034784,0.34682,9.5432,-0.83056,1.6029
0.88149,-0.31968,0.033967,0.34587,9.514,-0.8821,1.6009
0.88139,-0.32106,0.033151,0.34492,9.4846,-0.93643,1.599
0.88129,-0.32244,0.032334,0.34396,9.4551,-0.99342,1.597
0.88119,-0.32382,0.031517,0.343,9.4254,-1.0529,1.595
0.88108,-0.3252,0.0307,0.34204,9.3955,-1.1148,1.593
0.88097,-0.32658,0.029883,0.34108,9.3656,-1.1789,1.591
0.88086,-0.32796,0.029066,0.34012,9.3355,-1.245,1.589
0.88074,-0.32933,0.028249,0.33916,9.3052,-1.3131,1.587
0.88063,-0.33071,0.027431,0.3382,9.2748,-1.3828,1.585
0.8805,-0.33208,0.026614,0.33723,9.2443,-1.4541,1.583
0.88038,-0.33345,0.025796,0.33627,9.2137,-1.5268,1.5809
0.88025,-0.33483,0.024979,0.3353,9.183,-1.6006,1.5789
0.88012,-0.3362,0.024161,0.33433,9.1521,-1.6754,1.5768
0.87998,-0.33756,0.023343,0.33336,9.1211,-1.7511,1.5747
0.87985,-0.33893,0.022525,0.33239,9.09,-1.8273,1.5727
0.87971,-0.3403,0.021707,0.33142,9.0588,-1.904,1.5706
0.87956,-0.34166,0.020889,0.33045,9.0275,-1.981,1.5685
0.87942,-0.34303,0.020071,0.32948,8.9961,-2.058,1.5664
0.87927,-0.34439,0.019253,0.3285,8.9646,-2.1348,1.5643
0.87911,-0.34575,0.018435,0.32753,8.933,-2.2113,1.5622
0.87896,-0.34711,0.017617,0.32655,8.9013,-2.2873,1.5601
0.8788,-0.34847,0.016798,0.32557,8.8695,-2.3625,1.558
0.87864,-0.34983,0.01598,0.32459,8.8376,-2.4369,1.5558
0.87847,-0.35119,0.015161,0.32361,8.8057,-2.5101,1.5537
0.8783,-0.35254,0.014343,0.32263,8.7736,-2.5821,1.5516
0.87813,-0.3539,0.013524,0.32165,8.7415,-2.6527,1.5494
0.87796,-0.35525,0.012706,0.32066,8.7093,-2.7216,1.5473
0.87778,-0.3566,0.011887,0.31968,8.677,-2.7887,1.5451
0.8776,-0.35795,0.011068,0.31869,8.6447,-2.8538,1.543
0.87742,-0.3593,0.01025,0.3177,8.6123,-2.9168,1.5408
0.87723,-0.36065,0.0094307,0.31671,8.5799,-2.9775,1.5387
0.87704,-0.362,0.0086119,0.31572,8.5473,-3.0357,1.5365
0.87685,-0.36334,0.007793,0.31473,8.5148,-3.0914,1.5343
0.87665,-0.36469,0.0069742,0.31374,8.4822,-3.1443,1.5321
0.87645,-0.36603,0.0061553,0.31275,8.4495,-3.1944,1.53
0.87625,-0.36737,0.0053363,0.31176,8.4168,-3.2415,1.5278
0.87605,-0.36871,0.0045174,0.31076,8.384,-3.2855,1.5256
0.87584,-0.37005,0.0036984,0.30976,8.3512,-3.3263,1.5234
0.87563,-0.37139,0.0028795,0.30877,8.3184,-3.3637,1.5212
0.87541,-0.37273,0.0020605,0.30777,8.2855,-3.3978,1.519
0.8752,-0.37406,0.0012415,0.30677,8.2526,-3.4283,1.5168
0.87498,-0.3754,0.0004225,0.30577,8.2197,-3.4553,1.5146
0.87475,-0.37673,-0.0003965,0.30477,8.1868,-3.4787,1.5125
0.87453,-0.37806,-0.0012155,0.30376,8.1538,-3.4983,1.5103
0.8743,-0.37939,-0.0020345,0.30276,8.1209,-3.5142,1.5081
0.87406,-0.38072,-0.0028535,0.30176,8.0879,-3.5264,1.5059
0.87383,-0.38205,-0.0036724,0.30075,8.0549,-3.5347,1.5037
0.87359,-0.38338,-0.0044914,0.29974,8.0219,-3.5392,1.5015
0.87335,-0.3847,-0.0053103,0.29874,7.9889,-3.5398,1.4993
0.8731,-0.38602,-0.0061293,0.29773,7.9559,-3.5366,1.4971
0.87285,-0.38735,-0.0069482,0.29672,7.9229,-3.5295,1.4949
0.8726,-0.38867,-0.007767,0.29571,7.8899,-3.5186,1.4927
0.87235,-0.38999,-0.0085859,0.29469,7.8569,-3.5039,1.4905
0.87209,-0.3913,-0.0094047,0.29368,7.824,-3.4855,1.4883
0.87183,-0.39262,-0.010224,0.29267,7.791,-3.4633,1.4861
0.87157,-0.39394,-0.011042,0.29165,7.7581,-3.4375,1.4839
0.8713,-0.39525,-0.011861,0.29064,7.7252,-3.4081,1.4817
0.87103,-0.39656,-0.01268,0.28962,7.6923,-3.3752,1.4795
0.87076,-0.39787,-0.013498,0.2886,7.6595,-3.3388,1.4773
0.87049,-0.39918,-0.014317,0.28758,7.6267,-3.2991,1.4751
0.87021,-0.40049,-0.015135,0.28656,7.5939,-3.2562,1.4729
0.86993,-0.4018,-0.015954,0.28554,7.5612,-3.2101,1.4707
0.86964,-0.4031,-0.016772,0.28452,7.5285,-3.161,1.4686
0.86935,-0.40441,-0.017591,0.28349,7.4959,-3.109,1.4664
0.86906,-0.40571,-0.018409,0.28247,7.4633,-3.0542,1.4642
0.86877,-0.40701,-0.019227,0.28144,7.4307,-2.9967,1.462
0.86847,-0.40831,-0.020045,0.28042,7.3983,-2.9368,1.4599
0.86817,-0.40961,-0.020863,0.27939,7.3659,-2.8746,1.4577
0.86787,-0.41091,-0.021681,0.27836,7.3335,-2.8101,1.4556
0.86757,-0.4122,-0.022499,0.27733,7.3012,-2.7436,1.4534
0.86726,-0.4135,-0.023317,0.2763,7.269,-2.6753,1.4513
0.86694,-0.41479,-0.024135,0.27527,7.2369,-2.6053,1.4491
0.86663,-0.41608,-0.024953,0.27424,7.2048,-2.5338,1.447
0.86631,-0.41737,-0.02577,0.27321,7.1728,-2.4609,1.4449
0.86599,-0.41866,-0.026588,0.27217,7.1409,-2.3869,1.4427
0.86567,-0.41994,-0.027405,0.27114,7.1091,-2.3119,1.4406
0.86534,-0.42123,-0.028223,0.2701,7.0773,-2.2361,1.4385
0.86501,-0.42251,-0.02904,0.26907,7.0457,-2.1598,1.4364
0.86468,-0.4238,-0.029857,0.26803,7.0142,-2.083,1.4343
0.86434,-0.42508,-0.030674,0.26699,6.9827,-2.0061,1.4322
0.864,-0.42636,-0.031491,0.26595,6.9514,-1.9291,1.4301
0.86366,-0.42763,-0.032308,0.26491,6.9201,-1.8523,1.428
0.86331,-0.42891,-0.033125,0.26387,6.889,-1.7759,1.4259
0.86297,-0.43019,-0.033941,0.26283,6.858,-1.7,1.4239
0.86261,-0.43146,-0.034758,0.26178,6.8271,-1.6249,1.4218
0.86226,-0.43273,-0.035574,0.26074,6.7963,-1.5507,1.4198
0.8619,-0.434,-0.03639,0.25969,6.7656,-1.4777,1.4177
0.86154,-0.43527,-0.037206,0.25865,6.7351,-1.4059,1.4157
0.86118,-0.43654,-0.038022,0.2576,6.7047,-1.3356,1.4136
0.86081,-0.4378,-0.038838,0.25655,6.6744,-1.267,1.4116
0.86044,-0.43907,-0.039654,0.2555,6.6442,-1.2003,1.4096
0.86007,-0.44033,-0.040469,0.25445,6.6142,-1.1355,1.4076
0.8597,-0.44159,-0.041285,0.2534,6.5843,-1.0729,1.4056
0.85932,-0.44285,-0.0421,0.25235,6.5546,-1.0126,1.4036
0.85894,-0.44411,-0.042915,0.2513,6.525,-0.95474,1.4017
0.85855,-0.44537,-0.04373,0.25025,6.4956,-0.89952,1.3997
0.85817,-0.44662,-0.044545,0.24919,6.4663,-0.84705,1.3978
0.85778,-0.44787,-0.04536,0.24814,6.4371,-0.79747,1.3958
0.85738,-0.44913,-0.046174,0.24708,6.4081,-0.75089,1.3939
0.85699,-0.45038,-0.046989,0.24603,6.3793,-0.70743,1.392
0.85659,-0.45163,-0.047803,0.24497,6.3507,-0.66721,1.39
0.85618,-0.45287,-0.048617,0.24391,6.3222,-0.63031,1.3881
0.85578,-0.45412,-0.049431,0.24285,6.2938,-0.59684,1.3863
0.85537,-0.45536,-0.050244,0.24179,6.2657,-0.56688,1.3844
0.85496,-0.4566,-0.051058,0.24073,6.2377,-0.54049,1.3825
0.85454,-0.45785,-0.051871,0.23967,6.2099,-0.51776,1.3807
0.85413,-0.45908,-0.052684,0.23861,6.1822,-0.49873,1.3788
0.85371,-0.46032,-0.053497,0.23754,6.1548,-0.48345,1.377
0.85328,-0.46156,-0.05431,0.23648,6.1275,-0.47197,1.3752
0.85286,-0.46279,-0.055122,0.23541,6.1004,-0.4643,1.3734
0.85243,-0.46403,-0.055935,0.23435,6.0735,-0.46047,1.3716
0.852,-0.46526,-0.056747,0.23328,6.0469,-0.46049,1.3698
0.85156,-0.46649,-0.057559,0.23221,6.0203,-0.46436,1.368
0.85112,-0.46771,-0.058371,0.23114,5.994,-0.47206,1.3663
0.85068,-0.46894,-0.059182,0.23007,5.9679,-0.48359,1.3645
0.85024,-0.47016,-0.059994,0.229,5.942,-0.4989,1.3628
0.84979,-0.47139,-0.060805,0.22793,5.9164,-0.51797,1.3611
0.84934,-0.47261,-0.061616,0.22686,5.8909,-0.54074,1.3594
0.84889,-0.47383,-0.062427,0.22579,5.8656,-0.56716,1.3577
0.84843,-0.47505,-0.063237,0.22472,5.8405,-0.59716,1.356
0.84797,-0.47626,-0.064047,0.22364,5.8157,-0.63067,1.3544
0.84751,-0.47748,-0.064857,0.22257,5.7911,-0.6676,1.3527
0.84704,-0.47869,-0.065667,0.22149,5.7667,-0.70786,1.3511
0.84658,-0.4799,-0.066477,0.22042,5.7425,-0.75134,1.3495
0.84611,-0.48111,-0.067286,0.21934,5.7185,-0.79795,1.3479
0.84563,-0.48232,-0.068095,0.21826,5.6948,-0.84757,1.3463
0.84515,-0.48353,-0.068904,0.21718,5.6713,-0.90006,1.3448
0.84468,-0.48473,-0.069713,0.2161,5.648,-0.95531,1.3432
0.84419,-0.48593,-0.070521,0.21502,5.625,-1.0132,1.3417
0.84371,-0.48713,-0.07133,0.21394,5.6022,-1.0735,1.3401
0.84322,-0.48833,-0.072138,0.21286,5.5796,-1.1361,1.3386
0.84273,-0.48953,-0.072945,0.21178,5.5573,-1.2009,1.3372
0.84223,-0.49073,-0.073753,0.2107,5.5353,-1.2677,1.3357
0.84173,-0.49192,-0.07456,0.20961,5.5135,-1.3363,1.3342
0.84123,-0.49311,-0.075367,0.20853,5.4919,-1.4066,1.3328
0.84073,-0.4943,-0.076173,0.20744,5.4706,-1.4784,1.3314
0.84022,-0.49549,-0.07698,0.20636,5.4495,-1.5515,1.33
0.83972,-0.49668,-0.077786,0.20527,5.4287,-1.6257,1.3286
0.8392,-0.49787,-0.078592,0.20418,5.4081,-1.7008,1.3272
0.83869,-0.49905,-0.079397,0.20309,5.3878,-1.7767,1.3259
0.83817,-0.50023,-0.080202,0.202,5.3678,-1.8531,1.3245
0.83765,-0.50141,-0.081007,0.20092,5.348,-1.9299,1.3232
0.83712,-0.50259,-0.081812,0.19983,5.3285,-2.0069,1.3219
0.8366,-0.50377,-0.082617,0.19873,5.3093,-2.0838,1.3206
0.83607,-0.50494,-0.083421,0.19764,5.2903,-2.1606,1.3194
0.83554,-0.50612,-0.084225,0.19655,5.2716,-2.2369,1.3181
0.835,-0.50729,-0.085028,0.19546,5.2532,-2.3127,1.3169
0.83446,-0.50846,-0.085831,0.19436,5.235,-2.3876,1.3157
0.83392,-0.50963,-0.086634,0.19327,5.2172,-2.4617,1.3145
0.83338,-0.51079,-0.087437,0.19217,5.1996,-2.5345,1.3133
0.83283,-0.51196,-0.088239,0.19108,5.1822,-2.606,1.3121
0.83228,-0.51312,-0.089041,0.18998,5.1652,-2.676,1.311
0.83172,-0.51428,-0.089843,0.18888,5.1485,-2.7443,1.3099
0.83117,-0.51544,-0.090644,0.18779,5.132,-2.8108,1.3088
0.83061,-0.5166,-0.091446,0.18669,5.1158,-2.8752,1.3077
0.83005,-0.51775,-0.092246,0.18559,5.0999,-2.9374,1.3067
0.82948,-0.51891,-0.093047,0.18449,5.0843,-2.9973,1.3056
0.82892,-0.52006,-0.093847,0.18339,5.069,-3.0547,1.3046
0.82834,-0.52121,-0.094647,0.18229,5.054,-3.1095,1.3036
0.82777,-0.52236,-0.095446,0.18119,5.0393,-3.1615,1.3026
0.82719,-0.5235,-0.096245,0.18008,5.0248,-3.2106,1.3017
0.82662,-0.52465,-0.097044,0.17898,5.0107,-3.2566,1.3007
0.82603,-0.52579,-0.097842,0.17788,4.9969,-3.2996,1.2998
0.82545,-0.52693,-0.098641,0.17677,4.9834,-3.3392,1.2989
0.82486,-0.52807,-0.099438,0.17567,4.9701,-3.3756,1.298
0.82427,-0.52921,-0.10024,0.17456,4.9572,-3.4084,1.2971
0.82368,-0.53034,-0.10103,0.17346,4.9446,-3.4378,1.2963
0.82308,-0.53148,-0.10183,0.17235,4.9323,-3.4636,1.2955
0.82248,-0.53261,-0.10263,0.17124,4.9203,-3.4857,1.2947
0.82188,-0.53374,-0.10342,0.17014,4.9086,-3.5041,1.2939
0.82127,-0.53486,-0.10422,0.16903,4.8972,-3.5187,1.2931
0.82066,-0.53599,-0.10501,0.16792,4.8861,-3.5296,1.2924
0.82005,-0.53712,-0.10581,0.16681,4.8753,-3.5366,1.2917
0.81944,-0.53824,-0.1066,0.1657,4.8649,-3.5398,1.291
0.81882,-0.53936,-0.1074,0.16459,4.8547,-3.5391,1.2903
0.8182,-0.54048,-0.10819,0.16348,4.8449,-3.5346,1.2897
0.81758,-0.54159,-0.10898,0.16236,4.8354,-3.5263,1.289
0.81696,-0.54271,-0.10978,0.16125,4.8262,-3.5141,1.2884
0.81633,-0.54382,-0.11057,0.16014,4.8173,-3.4982,1.2878
0.8157,-0.54493,-0.11136,0.15903,4.8087,-3.4785,1.2872
0.81506,-0.54604,-0.11215,0.15791,4.8005,-3.4551,1.2867
0.81443,-0.54715,-0.11294,0.1568,4.7926,-3.428,1.2862
0.81379,-0.54825,-0.11374,0.15568,4.785,-3.3974,1.2857
0.81314,-0.54936,-0.11453,0.15457,4.7777,-3.3634,1.2852
0.8125,-0.55046,-0.11532,0.15345,4.7707,-3.3259,1.2847
0.81185,-0.55156,-0.11611,0.15233,4.7641,-3.2851,1.2843
0.8112,-0.55265,-0.1169,0.15121,4.7578,-3.241,1.2839
0.81055,-0.55375,-0.11769,0.1501,4.7518,-3.1939,1.2835
0.80989,-0.55484,-0.11847,0.14898,4.7461,-3.1438,1.2831
0.80923,-0.55593,-0.11926,0.14786,4.7408,-3.0908,1.2827
0.80857,-0.55702,-0.12005,0.14674,4.7358,-3.0351,1.2824
0.8079,-0.55811,-0.12084,0.14562,4.7311,-2.9769,1.2821
0.80723,-0.5592,-0.12162,0.1445,4.7268,-2.9161,1.2818
0.80656,-0.56028,-0.12241,0.14338,4.7227,-2.8531,1.2815
0.80589,-0.56136,-0.1232,0.14226,4.719,-2.788,1.2813
0.80521,-0.56244,-0.12398,0.14113,4.7156,-2.7209,1.281
0.80453,-0.56352,-0.12477,0.14001,4.7126,-2.652,1.2808
0.80385,-0.5646,-0.12555,0.13889,4.7099,-2.5814,1.2807
0.80317,-0.56567,-0.12634,0.13777,4.7075,-2.5094,1.2805
0.80248,-0.56674,-0.12712,0.13664,4.7054,-2.4361,1.2804
0.80179,-0.56781,-0.1279,0.13552,4.7037,-2.3618,1.2802
0.80109,-0.56888,-0.12869,0.13439,4.7023,-2.2865,1.2802
0.8004,-0.56995,-0.12947,0.13327,4.7012,-2.2105,1.2801
0.7997,-0.57101,-0.13025,0.13214,4.7005,-2.134,1.28
0.799,-0.57207,-0.13103,0.13101,4.7001,-2.0572,1.28
0.79829,-0.57313,-0.13181,0.12989,4.7,-1.9802,1.28
0.79759,-0.57419,-0.1326,0.12876,4.7003,-1.9033,1.28
0.79688,-0.57525,-0.13338,0.12763,4.7008,-1.8266,1.2801
0.79616,-0.5763,-0.13416,0.1265,4.7018,-1.7503,1.2801
0.79545,-0.57735,-0.13494,0.12538,4.703,-1.6747,1.2802
0.79473,-0.5784,-0.13571,0.12425,4.7046,-1.5998,1.2803
0.79401,-0.57945,-0.13649,0.12312,4.7065,-1.526,1.2804
0.79328,-0.5805,-0.13727,0.12199,4.7087,-1.4534,1.2806
0.79256,-0.58154,-0.13805,0.12086,4.7112,-1.3821,1.2807
0.79183,-0.58258,-0.13882,0.11973,4.7141,-1.3124,1.2809
0.7911,-0.58362,-0.1396,0.1186,4.7173,-1.2444,1.2812
0.79036,-0.58466,-0.14038,0.11746,4.7209,-1.1782,1.2814
0.78962,-0.5857,-0.14115,0.11633,4.7248,-1.1142,1.2817
0.78888,-0.58673,-0.14193,0.1152,4.729,-1.0523,1.2819
0.78814,-0.58776,-0.1427,0.11407,4.7335,-0.99284,1.2822
0.78739,-0.58879,-0.14348,0.11293,4.7383,-0.93587,1.2826
0.78664,-0.58982,-0.14425,0.1118,4.7435,-0.88156,1.2829
0.78589,-0.59084,-0.14502,0.11067,4.749,-0.83005,1.2833
0.78514,-0.59187,-0.1458,0.10953,4.7548,-0.78146,1.2837
0.78438,-0.59289,-0.14657,0.1084,4.761,-0.73592,1.2841
0.78362,-0.59391,-0.14734,0.10726,4.7675,-0.69354,1.2845
0.78286,-0.59492,-0.14811,0.10613,4.7743,-0.65442,1.285
0.78209,-0.59594,-0.14888,0.10499,4.7814,-0.61867,1.2854
0.78132,-0.59695,-0.14965,0.10385,4.7888,-0.58637,1.2859
0.78055,-0.59796,-0.15042,0.10272,4.7966,-0.5576,1.2864
0.77978,-0.59897,-0.15119,0.10158,4.8047,-0.53244,1.287
0.779,-0.59998,-0.15196,0.10044,4.8131,-0.51094,1.2875
0.77822,-0.60098,-0.15272,0.099305,4.8218,-0.49317,1.2881
0.77744,-0.60199,-0.15349,0.098167,4.8309,-0.47917,1.2887
0.77666,-0.60299,-0.15426,0.097029,4.8402,-0.46896,1.2893
0.77587,-0.60398,-0.15502,0.09589,4.8499,-0.46258,1.29
0.77508,-0.60498,-0.15579,0.094751,4.8599,-0.46005,1.2907
0.77429,-0.60597,-0.15656,0.093611,4.8702,-0.46136,1.2913
0.77349,-0.60697,-0.15732,0.092472,4.8808,-0.46652,1.2921
0.77269,-0.60796,-0.15808,0.091332,4.8918,-0.47551,1.2928
0.77189,-0.60894,-0.15885,0.090191,4.903,-0.48832,1.2935
0.77109,-0.60993,-0.15961,0.089051,4.9145,-0.5049,1.2943
0.77028,-0.61091,-0.16037,0.08791,4.9264,-0.52522,1.2951
0.76948,-0.61189,-0.16113,0.086768,4.9386,-0.54922,1.2959
0.76866,-0.61287,-0.1619,0.085627,4.951,-0.57685,1.2967
0.76785,-0.61385,-0.16266,0.084485,4.9638,-0.60804,1.2976
0.76703,-0.61483,-0.16342,0.083343,4.9769,-0.64271,1.2985
0.76621,-0.6158,-0.16418,0.0822,4.9903,-0.68077,1.2994
0.76539,-0.61677,-0.16493,0.081057,5.004,-0.72212,1.3003
0.76457,-0.61774,-0.16569,0.079914,5.0179,-0.76668,1.3012
0.76374,-0.6187,-0.16645,0.078771,5.0322,-0.81431,1.3021
0.76291,-0.61967,-0.16721,0.077627,5.0468,-0.86491,1.3031
0.76207,-0.62063,-0.16796,0.076484,5.0617,-0.91834,1.3041
0.76124,-0.62159,-0.16872,0.075339,5.0768,-0.97448,1.3051
0.7604,-0.62255,-0.16948,0.074195,5.0923,-1.0332,1.3062
0.75956,-0.6235,-0.17023,0.07305,5.1081,-1.0943,1.3072
0.75872,-0.62445,-0.17099,0.071905,5.1241,-1.1577,1.3083
0.75787,-0.62541,-0.17174,0.07076,5.1404,-1.2232,1.3094
0.75702,-0.62635,-0.17249,0.069615,5.157,-1.2906,1.3105
0.75617,-0.6273,-0.17324,0.068469,5.1739,-1.3598,1.3116
0.75531,-0.62825,-0.174,0.067323,5.1911,-1.4306,1.3127
0.75446,-0.62919,-0.17475,0.066177,5.2086,-1.5028,1.3139
0.7536,-0.63013,-0.1755,0.065031,5.2263,-1.5763,1.3151
0.75274,-0.63107,-0.17625,0.063884,5.2443,-1.6508,1.3163
0.75187,-0.632,-0.177,0.062737,5.2626,-1.7262,1.3175
0.751,-0.63293,-0.17775,0.06159,5.2812,-1.8023,1.3187
0.75013,-0.63387,-0.17849,0.060443,5.3,-1.8789,1.32
0.74926,-0.63479,-0.17924,0.059295,5.3191,-1.9558,1.3213
0.74839,-0.63572,-0.17999,0.058148,5.3385,-2.0328,1.3226
0.74751,-0.63665,-0.18074,0.057,5.3582,-2.1097,1.3239
0.74663,-0.63757,-0.18148,0.055852,5.3781,-2.1863,1.3252
0.74574,-0.63849,-0.18223,0.054703,5.3982,-2.2625,1.3265
0.74486,-0.63941,-0.18297,0.053555,5.4187,-2.338,1.3279
0.74397,-0.64032,-0.18371,0.052406,5.4394,-2.4127,1.3293
0.74308,-0.64123,-0.18446,0.051258,5.4603,-2.4863,1.3307
0.74219,-0.64215,-0.1852,0.050108,5.4815,-2.5587,1.3321
0.74129,-0.64305,-0.18594,0.048959,5.5029,-2.6297,1.3335
0.74039,-0.64396,-0.18668,0.04781,5.5246,-2.6992,1.335
0.73949,-0.64487,-0.18742,0.04666,5.5466,-2.7669,1.3364
0.73859,-0.64577,-0.18816,0.045511,5.5688,-2.8327,1.3379
0.73768,-0.64667,-0.1889,0.044361,5.5912,-2.8964,1.3394
0.73677,-0.64756,-0.18964,0.043211,5.6139,-2.9579,1.3409
0.73586,-0.64846,-0.19038,0.042061,5.6368,-3.0169,1.3425
0.73494,-0.64935,-0.19112,0.04091,5.66,-3.0735,1.344
0.73403,-0.65024,-0.19185,0.03976,5.6833,-3.1273,1.3456
0.73311,-0.65113,-0.19259,0.038609,5.707,-3.1783,1.3471
0.73219,-0.65202,-0.19332,0.037459,5.7308,-3.2264,1.3487
0.73126,-0.6529,-0.19406,0.036308,5.7549,-3.2714,1.3503
0.73033,-0.65378,-0.19479,0.035157,5.7792,-3.3133,1.3519
0.7294,-0.65466,-0.19552,0.034006,5.8037,-3.3518,1.3536
0.72847,-0.65554,-0.19626,0.032854,5.8284,-3.387,1.3552
0.72754,-0.65642,-0.19699,0.031703,5.8534,-3.4187,1.3569
0.7266,-0.65729,-0.19772,0.030552,5.8786,-3.4469,1.3586
0.72566,-0.65816,-0.19845,0.0294,5.904,-3.4714,1.3603
0.72472,-0.65903,-0.19918,0.028248,5.9295,-3.4923,1.362
0.72377,-0.65989,-0.19991,0.027097,5.9553,-3.5094,1.3637
0.72282,-0.66075,-0.20064,0.025945,5.9813,-3.5228,1.3654
0.72187,-0.66162,-0.20136,0.024793,6.0076,-3.5324,1.3672
0.72092,-0.66247,-0.20209,0.023641,6.034,-3.5381,1.3689
0.71997,-0.66333,-0.20282,0.022489,6.0606,-3.54,1.3707
0.71901,-0.66418,-0.20354,0.021336,6.0874,-3.538,1.3725
0.71805,-0.66504,-0.20427,0.020184,6.1143,-3.5322,1.3743
0.71709,-0.66588,-0.20499,0.019032,6.1415,-3.5226,1.3761
0.71612,-0.66673,-0.20571,0.017879,6.1689,-3.5092,1.3779
0.71515,-0.66758,-0.20644,0.016727,6.1964,-3.4919,1.3798
0.71418,-0.66842,-0.20716,0.015574,6.2242,-3.471,1.3816
0.71321,-0.66926,-0.20788,0.014422,6.2521,-3.4464,1.3835
0.71224,-0.6701,-0.2086,0.013269,6.2801,-3.4181,1.3853
0.71126,-0.67093,-0.20932,0.012116,6.3084,-3.3864,1.3872
0.71028,-0.67176,-0.21004,0.010964,6.3368,-3.3511,1.3891
0.7093,-0.6726,-0.21076,0.0098109,6.3654,-3.3125,1.391
0.70831,-0.67342,-0.21147,0.0086581,6.3941,-3.2706,1.3929
0.70732,-0.67425,-0.21219,0.0075053,6.423,-3.2255,1.3949
0.70633,-0.67507,-0.21291,0.0063524,6.4521,-3.1774,1.3968
0.70534,-0.67589,-0.21362,0.0051995,6.4813,-3.1263,1.3988
0.70435,-0.67671,-0.21434,0.0040466,6.5107,-3.0724,1.4007
0.70335,-0.67753,-0.21505,0.0028937,6.5402,-3.0158,1.4027
0.70235,-0.67834,-0.21576,0.0017408,6.5699,-2.9567,1.4047
0.70135,-0.67915,-0.21648,0.00058789,6.5997,-2.8952,1.4066
0.70034,-0.67996,-0.21719,-0.00056504,6.6297,-2.8315,1.4086
0.69933,-0.68077,-0.2179,-0.001718,6.6597,-2.7656,1.4106
0.69832,-0.68158,-0.21861,-0.0028709,6.69,-2.6979,1.4127
0.69731,-0.68238,-0.21932,-0.0040238,6.7203,-2.6284,1.4147
0.6963,-0.68318,-0.22003,-0.0051767,6.7508,-2.5574,1.4167
0.69528,-0.68397,-0.22073,-0.0063296,6.7814,-2.4849,1.4188
0.69426,-0.68477,-0.22144,-0.0074824,6.8121,-2.4112,1.4208
0.69324,-0.68556,-0.22215,-0.0086353,6.843,-2.3366,1.4229
0.69222,-0.68635,-0.22285,-0.0097881,6.8739,-2.261,1.4249
0.69119,-0.68714,-0.22356,-0.010941,6.905,-2.1848,1.427
0.69016,-0.68793,-0.22426,-0.012094,6.9362,-2.1082,1.4291
0.68913,-0.68871,-0.22496,-0.013246,6.9675,-2.0313,1.4312
0.68809,-0.68949,-0.22567,-0.014399,6.9989,-1.9543,1.4333
0.68706,-0.69027,-0.22637,-0.015551,7.0304,-1.8774,1.4354
0.68602,-0.69104,-0.22707,-0.016704,7.062,-1.8009,1.4375
0.68498,-0.69182,-0.22777,-0.017856,7.0937,-1.7248,1.4396
0.68393,-0.69259,-0.22847,-0.019009,7.1254,-1.6494,1.4417
0.68289,-0.69336,-0.22916,-0.020161,7.1573,-1.5749,1.4438
0.68184,-0.69412,-0.22986,-0.021314,7.1892,-1.5014,1.4459
0.68079,-0.69488,-0.23056,-0.022466,7.2213,-1.4292,1.4481
0.67974,-0.69565,-0.23125,-0.023618,7.2534,-1.3585,1.4502
0.67868,-0.6964,-0.23195,-0.02477,7.2856,-1.2893,1.4524
0.67762,-0.69716,-0.23264,-0.025922,7.3178,-1.2219,1.4545
0.67656,-0.69791,-0.23334,-0.027074,7.3501,-1.1565,1.4567
0.6755,-0.69867,-0.23403,-0.028225,7.3825,-1.0931,1.4588
0.67443,-0.69942,-0.23472,-0.029377,7.415,-1.032,1.461
0.67337,-0.70016,-0.23541,-0.030529,7.4475,-0.97339,1.4632
0.6723,-0.70091,-0.2361,-0.03168,7.48,-0.9173,1.4653
0.67123,-0.70165,-0.23679,-0.032832,7.5127,-0.86392,1.4675
0.67015,-0.70239,-0.23748,-0.033983,7.5453,-0.81338,1.4697
0.66907,-0.70312,-0.23817,-0.035134,7.578,-0.7658,1.4719
0.66799,-0.70386,-0.23885,-0.036285,7.6108,-0.72131,1.4741
0.66691,-0.70459,-0.23954,-0.037436,7.6436,-0.68001,1.4762
0.66583,-0.70532,-0.24022,-0.038586,7.6764,-0.64202,1.4784
0.66474,-0.70605,-0.24091,-0.039737,7.7092,-0.60742,1.4806
0.66365,-0.70677,-0.24159,-0.040888,7.7421,-0.5763,1.4828
0.66256,-0.70749,-0.24228,-0.042038,7.775,-0.54873,1.485
0.66147,-0.70821,-0.24296,-0.043188,7.808,-0.5248,1.4872
0.66038,-0.70893,-0.24364,-0.044338,7.8409,-0.50455,1.4894
0.65928,-0.70964,-0.24432,-0.045488,7.8739,-0.48804,1.4916
0.65818,-0.71035,-0.245,-0.046638,7.9069,-0.47531,1.4938
0.65708,-0.71106,-0.24568,-0.047787,7.9399,-0.46639,1.496
0.65597,-0.71177,-0.24635,-0.048937,7.9729,-0.4613,1.4982
0.65486,-0.71248,-0.24703,-0.050086,8.0059,-0.46006,1.5004
0.65375,-0.71318,-0.2477,-0.051235,8.0389,-0.46267,1.5026
0.65264,-0.71388,-0.24838,-0.052384,8.0719,-0.46912,1.5048
0.65153,-0.71457,-0.24905,-0.053532,8.1048,-0.4794,1.507
0.65041,-0.71527,-0.24973,-0.054681,8.1378,-0.49347,1.5092
0.6493,-0.71596,-0.2504,-0.055829,8.1708,-0.51132,1.5114
0.64817,-0.71665,-0.25107,-0.056977,8.2037,-0.53288,1.5136
0.64705,-0.71734,-0.25174,-0.058125,8.2367,-0.55811,1.5158
0.64593,-0.71802,-0.25241,-0.059273,8.2696,-0.58695,1.518
0.6448,-0.7187,-0.25308,-0.06042,8.3024,-0.61932,1.5202
0.64367,-0.71938,-0.25375,-0.061567,8.3353,-0.65513,1.5224
0.64254,-0.72006,-0.25441,-0.062714,8.3681,-0.69431,1.5245
0.6414,-0.72073,-0.25508,-0.063861,8.4009,-0.73676,1.5267
0.64027,-0.72141,-0.25575,-0.065008,8.4336,-0.78236,1.5289
0.63913,-0.72208,-0.25641,-0.066154,8.4663,-0.831,1.5311
0.63799,-0.72274,-0.25707,-0.0673,8.4989,-0.88257,1.5333
0.63684,-0.72341,-0.25774,-0.068446,8.5315,-0.93693,1.5354
0.6357,-0.72407,-0.2584,-0.069592,8.5641,-0.99394,1.5376
0.63455,-0.72473,-0.25906,-0.070737,8.5966,-1.0535,1.5398
0.6334,-0.72538,-0.25972,-0.071883,8.629,-1.1154,1.5419
0.63225,-0.72604,-0.26038,-0.073028,8.6614,-1.1795,1.5441
0.6311,-0.72669,-0.26103,-0.074172,8.6936,-1.2456,1.5462
0.62994,-0.72734,-0.26169,-0.075317,8.7259,-1.3137,1.5484
0.62878,-0.72799,-0.26235,-0.076461,8.758,-1.3834,1.5505
0.62762,-0.72863,-0.263,-0.077605,8.7901,-1.4547,1.5527
0.62646,-0.72927,-0.26366,-0.078748,8.8221,-1.5274,1.5548
0.62529,-0.72991,-0.26431,-0.079892,8.854,-1.6012,1.5569
0.62412,-0.73055,-0.26496,-0.081035,8.8859,-1.6761,1.5591
0.62295,-0.73118,-0.26561,-0.082178,8.9176,-1.7517,1.5612
0.62178,-0.73181,-0.26626,-0.08332,8.9493,-1.828,1.5633
0.62061,-0.73244,-0.26691,-0.084462,8.9808,-1.9047,1.5654
0.61943,-0.73307,-0.26756,-0.085604,9.0123,-1.9817,1.5675
0.61825,-0.73369,-0.26821,-0.086746,9.0436,-2.0586,1.5696
0.61707,-0.73431,-0.26886,-0.087887,9.0749,-2.1355,1.5717
0.61589,-0.73493,-0.2695,-0.089028,9.106,-2.212,1.5737
0.61471,-0.73554,-0.27015,-0.090169,9.1371,-2.2879,1.5758
0.61352,-0.73616,-0.27079,-0.091309,9.168,-2.3632,1.5779
0.61233,-0.73677,-0.27144,-0.092449,9.1988,-2.4375,1.5799
0.61114,-0.73738,-0.27208,-0.093589,9.2295,-2.5108,1.582
0.60995,-0.73798,-0.27272,-0.094728,9.26,-2.5828,1.584
0.60875,-0.73858,-0.27336,-0.095867,9.2905,-2.6533,1.586
0.60755,-0.73919,-0.274,-0.097006,9.3208,-2.7222,1.5881
0.60635,-0.73978,-0.27464,-0.098144,9.351,-2.7892,1.5901
0.60515,-0.74038,-0.27527,-0.099282,9.381,-2.8543,1.5921
0.60395,-0.74097,-0.27591,-0.10042,9.4109,-2.9173,1.5941
0.60274,-0.74156,-0.27654,-0.10156,9.4407,-2.978,1.596
0.60153,-0.74215,-0.27718,-0.10269,9.4703,-3.0362,1.598
0.60032,-0.74273,-0.27781,-0.10383,9.4997,-3.0919,1.6
0.59911,-0.74332,-0.27845,-0.10497,9.5291,-3.1448,1.6019
0.5979,-0.74389,-0.27908,-0.1061,9.5582,-3.1948,1.6039
0.59668,-0.74447,-0.27971,-0.10724,9.5872,-3.2419,1.6058
0.59546,-0.74505,-0.28034,-0.10837,9.6161,-3.2859,1.6077
0.59424,-0.74562,-0.28097,-0.10951,9.6448,-3.3266,1.6097
0.59302,-0.74619,-0.28159,-0.11064,9.6733,-3.364,1.6116
0.59179,-0.74675,-0.28222,-0.11178,9.7017,-3.3981,1.6134
0.59056,-0.74732,-0.28285,-0.11291,9.7299,-3.4286,1.6153
0.58934,-0.74788,-0.28347,-0.11404,9.7579,-3.4555,1.6172
0.5881,-0.74844,-0.28409,-0.11518,9.7857,-3.4789,1.619
0.58687,-0.74899,-0.28472,-0.11631,9.8134,-3.4985,1.6209
0.58564,-0.74955,-0.28534,-0.11744,9.8409,-3.5144,1.6227
0.5844,-0.7501,-0.28596,-0.11857,9.8682,-3.5265,1.6245
0.58316,-0.75065,-0.28658,-0.1197,9.8953,-3.5347,1.6264
0.58192,-0.75119,-0.2872,-0.12083,9.9222,-3.5392,1.6281
0.58067,-0.75173,-0.28781,-0.12197,9.9489,-3.5398,1.6299
0.57943,-0.75227,-0.28843,-0.12309,9.9754,-3.5365,1.6317
0.57818,-0.75281,-0.28905,-0.12422,10.002,-3.5294,1.6335
0.57693,-0.75335,-0.28966,-0.12535,10.028,-3.5185,1.6352
0.57568,-0.75388,-0.29027,-0.12648,10.054,-3.5038,1.6369
0.57443,-0.75441,-0.29089,-0.12761,10.08,-3.4853,1.6386
0.57317,-0.75494,-0.2915,-0.12874,10.105,-3.4631,1.6403
0.57191,-0.75546,-0.29211,-0.12987,10.13,-3.4373,1.642
0.57065,-0.75598,-0.29272,-0.13099,10.155,-3.4079,1.6437
0.56939,-0.7565,-0.29333,-0.13212,10.18,-3.3749,1.6454
0.56813,-0.75702,-0.29393,-0.13324,10.205,-3.3385,1.647
0.56686,-0.75753,-0.29454,-0.13437,10.229,-3.2988,1.6486
0.5656,-0.75804,-0.29515,-0.13549,10.254,-3.2558,1.6502
0.56433,-0.75855,-0.29575,-0.13662,10.278,-3.2097,1.6518
0.56306,-0.75906,-0.29635,-0.13774,10.301,-3.1605,1.6534
0.56178,-0.75956,-0.29696,-0.13887,10.325,-3.1085,1.655
0.56051,-0.76006,-0.29756,-0.13999,10.348,-3.0537,1.6566
0.55923,-0.76056,-0.29816,-0.14111,10.371,-2.9962,1.6581
0.55795,-0.76106,-0.29876,-0.14223,10.394,-2.9363,1.6596
0.55667,-0.76155,-0.29935,-0.14336,10.417,-2.874,1.6611
0.55539,-0.76204,-0.29995,-0.14448,10.439,-2.8095,1.6626
0.5541,-0.76253,-0.30055,-0.1456,10.461,-2.7431,1.6641
0.55281,-0.76301,-0.30114,-0.14672,10.483,-2.6747,1.6655
0.55152,-0.76349,-0.30174,-0.14784,10.505,-2.6047,1.667
0.55023,-0.76397,-0.30233,-0.14896,10.526,-2.5331,1.6684
0.54894,-0.76445,-0.30292,-0.15007,10.547,-2.4603,1.6698
0.54765,-0.76492,-0.30351,-0.15119,10.568,-2.3862,1.6712
0.54635,-0.76539,-0.3041,-0.15231,10.589,-2.3112,1.6726
0.54505,-0.76586,-0.30469,-0.15343,10.609,-2.2355,1.6739
0.54375,-0.76633,-0.30528,-0.15454,10.629,-2.1591,1.6753
0.54245,-0.76679,-0.30586,-0.15566,10.649,-2.0824,1.6766
0.54114,-0.76725,-0.30645,-0.15677,10.668,-2.0054,1.6779
0.53984,-0.76771,-0.30703,-0.15789,10.688,-1.9284,1.6792
0.53853,-0.76816,-0.30762,-0.159,10.707,-1.8516,1.6804
0.53722,-0.76862,-0.3082,-0.16012,10.725,-1.7752,1.6817
0.53591,-0.76907,-0.30878,-0.16123,10.744,-1.6993,1.6829
0.53459,-0.76951,-0.30936,-0.16234,10.762,-1.6242,1.6841
0.53328,-0.76996,-0.30994,-0.16345,10.78,-1.5501,1.6853
0.53196,-0.7704,-0.31052,-0.16457,10.798,-1.477,1.6865
0.53064,-0.77084,-0.31109,-0.16568,10.815,-1.4053,1.6877
0.52932,-0.77128,-0.31167,-0.16679,10.832,-1.335,1.6888
0.528,-0.77171,-0.31224,-0.1679,10.849,-1.2664,1.6899
0.52667,-0.77214,-0.31282,-0.16901,10.865,-1.1997,1.691
0.52534,-0.77257,-0.31339,-0.17011,10.882,-1.1349,1.6921
0.52401,-0.77299,-0.31396,-0.17122,10.898,-1.0723,1.6932
0.52268,-0.77342,-0.31453,-0.17233,10.913,-1.012,1.6942
0.52135,-0.77384,-0.3151,-0.17344,10.929,-0.95423,1.6952
0.52002,-0.77425,-0.31567,-0.17454,10.944,-0.89904,1.6962
0.51868,-0.77467,-0.31624,-0.17565,10.958,-0.8466,1.6972
0.51734,-0.77508,-0.3168,-0.17675,10.973,-0.79704,1.6982
0.516,-0.77549,-0.31737,-0.17786,10.987,-0.75049,1.6991
0.51466,-0.7759,-0.31793,-0.17896,11.001,-0.70706,1.7001
0.51332,-0.7763,-0.31849,-0.18006,11.015,-0.66686,1.701
0.51198,-0.7767,-0.31905,-0.18116,11.028,-0.63,1.7019
0.51063,-0.7771,-0.31961,-0.18227,11.041,-0.59656,1.7027
0.50928,-0.7775,-0.32017,-0.18337,11.053,-0.56663,1.7036
0.50793,-0.77789,-0.32073,-0.18447,11.066,-0.54028,1.7044
0.50658,-0.77828,-0.32129,-0.18557,11.078,-0.51757,1.7052
0.50522,-0.77867,-0.32184,-0.18667,11.09,-0.49858,1.706
0.50387,-0.77905,-0.3224,-0.18776,11.101,-0.48333,1.7067
0.50251,-0.77943,-0.32295,-0.18886,11.112,-0.47188,1.7075
0.50115,-0.77981,-0.3235,-0.18996,11.123,-0.46425,1.7082
-0.49979,0.78019,0.32406,0.19106,11.133,-0.46045,1.7089
-0.49843,0.78056,0.32461,0.19215,11.144,-0.46051,1.7096
-0.49706,0.78093,0.32515,0.19325,11.154,-0.46441,1.7102
-0.4957,0.7813,0.3257,0.19434,11.163,-0.47215,1.7109
-0.49433,0.78167,0.32625,0.19544,11.172,-0.48371,1.7115
-0.49296,0.78203,0.32679,0.19653,11.181,-0.49906,1.7121
-0.49159,0.78239,0.32734,0.19762,11.19,-0.51816,1.7127
-0.49022,0.78275,0.32788,0.19871,11.198,-0.54096,1.7132
-0.48884,0.7831,0.32842,0.1998,11.206,-0.56741,1.7137
-0.48746,0.78346,0.32896,0.20089,11.214,-0.59744,1.7143
-0.48609,0.7838,0.3295,0.20198,11.221,-0.63098,1.7147
-0.48471,0.78415,0.33004,0.20307,11.228,-0.66794,1.7152
-0.48332,0.7845,0.33058,0.20416,11.235,-0.70823,1.7157
-0.48194,0.78484,0.33112,0.20525,11.241,-0.75174,1.7161
-0.48056,0.78517,0.33165,0.20633,11.247,-0.79838,1.7165
-0.47917,0.78551,0.33219,0.20742,11.253,-0.84802,1.7169
-0.47778,0.78584,0.33272,0.20851,11.258,-0.90054,1.7172
-0.47639,0.78617,0.33325,0.20959,11.263,-0.95581,1.7176
-0.475,0.7865,0.33378,0.21067,11.268,-1.0137,1.7179
-0.47361,0.78682,0.33431,0.21176,11.273,-1.074,1.7182
-0.47221,0.78715,0.33484,0.21284,11.277,-1.1367,1.7184
-0.47081,0.78747,0.33537,0.21392,11.28,-1.2015,1.7187
-0.46942,0.78778,0.33589,0.215,11.284,-1.2683,1.7189
-0.46802,0.78809,0.33642,0.21608,11.287,-1.337,1.7191
-0.46661,0.78841,0.33694,0.21716,11.29,-1.4073,1.7193
-0.46521,0.78871,0.33746,0.21824,11.292,-1.479,1.7195
-0.46381,0.78902,0.33798,0.21932,11.294,-1.5521,1.7196
-0.4624,0.78932,0.3385,0.2204,11.296,-1.6263,1.7197
-0.46099,0.78962,0.33902,0.22147,11.297,-1.7014,1.7198
-0.45958,0.78992,0.33954,0.22255,11.299,-1.7773,1.7199
-0.45817,0.79021,0.34006,0.22362,11.299,-1.8538,1.72
-0.45676,0.7905,0.34057,0.2247,11.3,-1.9306,1.72
-0.45534,0.79079,0.34108,0.22577,11.3,-2.0075,1.72
-0.45393,0.79108,0.3416,0.22684,11.3,-2.0845,1.72
-0.45251,0.79136,0.34211,0.22791,11.299,-2.1612,1.72
-0.45109,0.79164,0.34262,0.22898,11.298,-2.2376,1.7199
-0.44967,0.79192,0.34313,0.23005,11.297,-2.3133,1.7198
-0.44825,0.79219,0.34364,0.23112,11.296,-2.3883,1.7197
-0.44682,0.79247,0.34414,0.23219,11.294,-2.4623,1.7196
-0.4454,0.79273,0.34465,0.23326,11.292,-2.5351,1.7194
-0.44397,0.793,0.34515,0.23433,11.289,-2.6066,1.7193
-0.44254,0.79326,0.34566,0.23539,11.286,-2.6766,1.7191
-0.44111,0.79353,0.34616,0.23646,11.283,-2.7449,1.7189
-0.43968,0.79378,0.34666,0.23752,11.28,-2.8114,1.7186
-0.43825,0.79404,0.34716,0.23858,11.276,-2.8758,1.7184
-0.43681,0.79429,0.34766,0.23965,11.272,-2.938,1.7181
-0.43538,0.79454,0.34815,0.24071,11.267,-2.9979,1.7178
-0.43394,0.79479,0.34865,0.24177,11.262,-3.0552,1.7175
-0.4325,0.79503,0.34914,0.24283,11.257,-3.11,1.7172
-0.43106,0.79527,0.34964,0.24389,11.252,-3.1619,1.7168
-0.42961,0.79551,0.35013,0.24495,11.246,-3.211,1.7164
-0.42817,0.79575,0.35062,0.246,11.24,-3.257,1.716
-0.42673,0.79598,0.35111,0.24706,11.234,-3.2999,1.7156
-0.42528,0.79621,0.3516,0.24812,11.227,-3.3396,1.7151
-0.42383,0.79644,0.35209,0.24917,11.22,-3.3759,1.7147
-0.42238,0.79666,0.35257,0.25023,11.212,-3.4087,1.7142
-0.42093,0.79689,0.35306,0.25128,11.205,-3.4381,1.7136
-0.41948,0.79711,0.35354,0.25233,11.197,-3.4638,1.7131
-0.41802,0.79732,0.35402,0.25338,11.188,-3.4859,1.7126
-0.41657,0.79754,0.35451,0.25443,11.18,-3.5042,1.712
-0.41511,0.79775,0.35499,0.25548,11.171,-3.5189,1.7114
-0.41365,0.79795,0.35546,0.25653,11.161,-3.5297,1.7108
-0.41219,0.79816,0.35594,0.25758,11.152,-3.5367,1.7101
-0.41073,0.79836,0.35642,0.25863,11.142,-3.5398,1.7094
-0.40927,0.79856,0.35689,0.25967,11.131,-3.5391,1.7088
-0.4078,0.79876,0.35737,0.26072,11.121,-3.5346,1.7081
-0.40633,0.79895,0.35784,0.26176,11.11,-3.5262,1.7073
-0.40487,0.79914,0.35831,0.26281,11.099,-3.514,1.7066
-0.4034,0.79933,0.35878,0.26385,11.087,-3.498,1.7058
-0.40193,0.79952,0.35925,0.26489,11.076,-3.4783,1.705
-0.40046,0.7997,0.35972,0.26593,11.063,-3.4548,1.7042
-0.39898,0.79988,0.36018,0.26697,11.051,-3.4278,1.7034
-0.39751,0.80006,0.36065,0.26801,11.038,-3.3972,1.7025
-0.39603,0.80023,0.36111,0.26905,11.025,-3.363,1.7017
-0.39456,0.8004,0.36157,0.27008,11.012,-3.3255,1.7008
-0.39308,0.80057,0.36203,0.27112,10.998,-3.2847,1.6999
-0.3916,0.80074,0.36249,0.27215,10.984,-3.2406,1.699
-0.39012,0.8009,0.36295,0.27319,10.97,-3.1935,1.698
-0.38863,0.80106,0.36341,0.27422,10.956,-3.1433,1.697
-0.38715,0.80122,0.36387,0.27525,10.941,-3.0904,1.696
-0.38567,0.80137,0.36432,0.27628,10.926,-3.0346,1.695
-0.38418,0.80153,0.36477,0.27731,10.91,-2.9763,1.694
-0.38269,0.80168,0.36523,0.27834,10.894,-2.9156,1.693
-0.3812,0.80182,0.36568,0.27937,10.878,-2.8526,1.6919
-0.37971,0.80197,0.36613,0.2804,10.862,-2.7874,1.6908
-0.37822,0.80211,0.36657,0.28142,10.846,-2.7203,1.6897
-0.37673,0.80224,0.36702,0.28245,10.829,-2.6513,1.6886
-0.37523,0.80238,0.36747,0.28347,10.812,-2.5808,1.6874
-0.37373,0.80251,0.36791,0.2845,10.794,-2.5088,1.6863
-0.37224,0.80264,0.36835,0.28552,10.777,-2.4355,1.6851
-0.37074,0.80277,0.3688,0.28654,10.759,-2.3611,1.6839
-0.36924,0.80289,0.36924,0.28756,10.74,-2.2858,1.6827
-0.36774,0.80301,0.36968,0.28858,10.722,-2.2099,1.6815
-0.36624,0.80313,0.37011,0.2896,10.703,-2.1333,1.6802
-0.36473,0.80325,0.37055,0.29061,10.684,-2.0565,1.6789
-0.36323,0.80336,0.37099,0.29163,10.665,-1.9795,1.6776
-0.36172,0.80347,0.37142,0.29265,10.645,-1.9026,1.6763
-0.36021,0.80358,0.37185,0.29366,10.625,-1.8259,1.675
-0.3587,0.80368,0.37229,0.29467,10.605,-1.7496,1.6737
-0.35719,0.80378,0.37272,0.29569,10.585,-1.674,1.6723
-0.35568,0.80388,0.37314,0.2967,10.564,-1.5992,1.6709
-0.35417,0.80398,0.37357,0.29771,10.543,-1.5254,1.6695
-0.35266,0.80407,0.374,0.29872,10.522,-1.4527,1.6681
-0.35114,0.80416,0.37442,0.29972,10.5,-1.3815,1.6667
-0.34962,0.80425,0.37485,0.30073,10.479,-1.3118,1.6653
-0.34811,0.80433,0.37527,0.30174,10.457,-1.2438,1.6638
-0.34659,0.80441,0.37569,0.30274,10.435,-1.1777,1.6623
-0.34507,0.80449,0.37611,0.30374,10.412,-1.1136,1.6608
-0.34355,0.80457,0.37653,0.30475,10.39,-1.0518,1.6593
-0.34203,0.80464,0.37695,0.30575,10.367,-0.99232,1.6578
-0.3405,0.80471,0.37736,0.30675,10.344,-0.93538,1.6562
-0.33898,0.80478,0.37778,0.30775,10.32,-0.88109,1.6547
-0.33745,0.80484,0.37819,0.30875,10.297,-0.82961,1.6531
-0.33592,0.80491,0.3786,0.30974,10.273,-0.78104,1.6515
-0.3344,0.80497,0.37901,0.31074,10.249,-0.73553,1.6499
-0.33287,0.80502,0.37942,0.31174,10.225,-0.69318,1.6483
-0.33134,0.80508,0.37983,0.31273,10.2,-0.65409,1.6467
-0.3298,0.80513,0.38024,0.31372,10.176,-0.61837,1.645
-0.32827,0.80517,0.38064,0.31471,10.151,-0.5861,1.6434
-0.32674,0.80522,0.38104,0.3157,10.125,-0.55736,1.6417
-0.3252,0.80526,0.38145,0.31669,10.1,-0.53223,1.64
-0.32367,0.8053,0.38185,0.31768,10.075,-0.51077,1.6383
-0.32213,0.80534,0.38225,0.31867,10.049,-0.49303,1.6366
-0.32059,0.80537,0.38265,0.31966,10.023,-0.47906,1.6349
-0.31905,0.8054,0.38304,0.32064,9.9966,-0.46889,1.6331
-0.31751,0.80543,0.38344,0.32163,9.9703,-0.46254,1.6314
-0.31597,0.80546,0.38383,0.32261,9.9437,-0.46004,1.6296
-0.31442,0.80548,0.38423,0.32359,9.9169,-0.46139,1.6278
-0.31288,0.8055,0.38462,0.32457,9.89,-0.46659,1.626
-0.31133,0.80552,0.38501,0.32555,9.8628,-0.47561,1.6242
-0.30979,0.80553,0.3854,0.32653,9.8355,-0.48845,1.6224
-0.30824,0.80554,0.38579,0.32751,9.808,-0.50506,1.6205
-0.30669,0.80555,0.38617,0.32848,9.7803,-0.52541,1.6187
-0.30514,0.80556,0.38656,0.32946,9.7524,-0.54945,1.6168
-0.30359,0.80556,0.38694,0.33043,9.7244,-0.57711,1.615
-0.30204,0.80556,0.38732,0.3314,9.6961,-0.60833,1.6131
-0.30049,0.80556,0.38771,0.33238,9.6677,-0.64303,1.6112
-0.29893,0.80555,0.38808,0.33335,9.6392,-0.68112,1.6093
-0.29738,0.80554,0.38846,0.33431,9.6105,-0.72251,1.6074
-0.29582,0.80553,0.38884,0.33528,9.5816,-0.76709,1.6054
-0.29427,0.80552,0.38922,0.33625,9.5525,-0.81475,1.6035
-0.29271,0.8055,0.38959,0.33721,9.5233,-0.86537,1.6016
-0.29115,0.80548,0.38996,0.33818,9.494,-0.91883,1.5996
-0.28959,0.80546,0.39033,0.33914,9.4645,-0.97499,1.5976
-0.28803,0.80543,0.3907,0.3401,9.4348,-1.0337,1.5957
-0.28647,0.8054,0.39107,0.34107,9.4051,-1.0949,1.5937
-0.2849,0.80537,0.39144,0.34203,9.3751,-1.1583,1.5917
-0.28334,0.80534,0.39181,0.34298,9.3451,-1.2238,1.5897
-0.28177,0.8053,0.39217,0.34394,9.3149,-1.2912,1.5877
-0.28021,0.80526,0.39253,0.3449,9.2845,-1.3604,1.5856
-0.27864,0.80522,0.3929,0.34585,9.2541,-1.4312,1.5836
-0.27707,0.80517,0.39326,0.34681,9.2235,-1.5035,1.5816
-0.2755,0.80513,0.39362,0.34776,9.1928,-1.577,1.5795
-0.27393,0.80508,0.39397,0.34871,9.1619,-1.6515,1.5775
-0.27236,0.80502,0.39433,0.34966,9.131,-1.7269,1.5754
-0.27079,0.80497,0.39468,0.35061,9.0999,-1.803,1.5733
-0.26922,0.80491,0.39504,0.35156,9.0688,-1.8796,1.5713
-0.26764,0.80484,0.39539,0.3525,9.0375,-1.9564,1.5692
-0.26607,0.80478,0.39574,0.35345,9.0061,-2.0334,1.5671
-0.26449,0.80471,0.39609,0.35439,8.9746,-2.1103,1.565
-0.26292,0.80464,0.39644,0.35533,8.9431,-2.187,1.5629
-0.26134,0.80457,0.39679,0.35627,8.9114,-2.2631,1.5608
-0.25976,0.80449,0.39713,0.35721,8.8796,-2.3387,1.5586
-0.25818,0.80441,0.39748,0.35815,8.8478,-2.4133,1.5565
-0.2566,0.80433,0.39782,0.35909,8.8158,-2.4869,1.5544
-0.25502,0.80425,0.39816,0.36003,8.7838,-2.5593,1.5523
-0.25344,0.80416,0.3985,0.36096,8.7517,-2.6304,1.5501
-0.25186,0.80407,0.39884,0.3619,8.7196,-2.6998,1.548
-0.25027,0.80398,0.39917,0.36283,8.6873,-2.7675,1.5458
-0.24869,0.80388,0.39951,0.36376,8.655,-2.8333,1.5437
-0.2471,0.80378,0.39984,0.36469,8.6226,-2.8969,1.5415
-0.24552,0.80368,0.40018,0.36562,8.5902,-2.9584,1.5393
-0.24393,0.80358,0.40051,0.36655,8.5577,-3.0174,1.5372
-0.24234,0.80347,0.40084,0.36747,8.5252,-3.0739,1.535
-0.24075,0.80336,0.40117,0.3684,8.4925,-3.1278,1.5328
-0.23916,0.80325,0.40149,0.36932,8.4599,-3.1788,1.5307
-0.23757,0.80313,0.40182,0.37024,8.4272,-3.2268,1.5285
-0.23598,0.80301,0.40214,0.37116,8.3944,-3.2718,1.5263
-0.23439,0.80289,0.40247,0.37208,8.3617,-3.3136,1.5241
-0.2328,0.80277,0.40279,0.373,8.3288,-3.3522,1.5219
-0.2312,0.80264,0.40311,0.37392,8.296,-3.3873,1.5197
-0.22961,0.80251,0.40343,0.37484,8.2631,-3.419,1.5175
-0.22801,0.80238,0.40374,0.37575,8.2302,-3.4471,1.5153
-0.22642,0.80224,0.40406,0.37666,8.1973,-3.4716,1.5132
-0.22482,0.80211,0.40437,0.37758,8.1643,-3.4925,1.511
-0.22322,0.80197,0.40469,0.37849,8.1314,-3.5096,1.5088
-0.22162,0.80182,0.405,0.37939,8.0984,-3.5229,1.5066
-0.22002,0.80168,0.40531,0.3803,8.0654,-3.5324,1.5044
-0.21842,0.80153,0.40562,0.38121,8.0324,-3.5381,1.5022
-0.21682,0.80137,0.40593,0.38211,7.9994,-3.54,1.5
-0.21522,0.80122,0.40623,0.38302,7.9664,-3.538,1.4978
-0.21362,0.80106,0.40654,0.38392,7.9334,-3.5322,1.4956
-0.21201,0.8009,0.40684,0.38482,7.9004,-3.5225,1.4934
-0.21041,0.80074,0.40714,0.38572,7.8674,-3.509,1.4912
-0.20881,0.80057,0.40744,0.38662,7.8345,-3.4918,1.489
-0.2072,0.8004,0.40774,0.38752,7.8015,-3.4708,1.4868
-0.20559,0.80023,0.40804,0.38841,7.7686,-3.4461,1.4846
-0.20399,0.80006,0.40833,0.38931,7.7357,-3.4179,1.4824
-0.20238,0.79988,0.40863,0.3902,7.7028,-3.3861,1.4802
-0.20077,0.7997,0.40892,0.39109,7.6699,-3.3508,1.478
-0.19916,0.79952,0.40921,0.39198,7.6371,-3.3121,1.4758
-0.19755,0.79933,0.4095,0.39287,7.6043,-3.2702,1.4736
-0.19594,0.79914,0.40979,0.39376,7.5716,-3.2251,1.4714
-0.19433,0.79895,0.41008,0.39465,7.5389,-3.1769,1.4693
-0.19272,0.79876,0.41036,0.39553,7.5063,-3.1258,1.4671
-0.19111,0.79856,0.41065,0.39641,7.4737,-3.0719,1.4649
-0.18949,0.79836,0.41093,0.3973,7.4411,-3.0153,1.4627
-0.18788,0.79816,0.41121,0.39818,7.4086,-2.9562,1.4606
-0.18627,0.79795,0.41149,0.39906,7.3762,-2.8946,1.4584
-0.18465,0.79775,0.41177,0.39993,7.3438,-2.8309,1.4563
-0.18303,0.79754,0.41205,0.40081,7.3115,-2.765,1.4541
-0.18142,0.79732,0.41233,0.40169,7.2793,-2.6973,1.452
-0.1798,0.79711,0.4126,0.40256,7.2471,-2.6278,1.4498
-0.17818,0.79689,0.41287,0.40343,7.215,-2.5567,1.4477
-0.17657,0.79667,0.41315,0.4043,7.183,-2.4843,1.4455
-0.17495,0.79644,0.41342,0.40517,7.151,-2.4106,1.4434
-0.17333,0.79621,0.41368,0.40604,7.1192,-2.3359,1.4413
-0.17171,0.79598,0.41395,0.40691,7.0874,-2.2604,1.4392
-0.17009,0.79575,0.41422,0.40777,7.0558,-2.1842,1.4371
-0.16847,0.79551,0.41448,0.40863,7.0242,-2.1075,1.4349
-0.16684,0.79528,0.41474,0.4095,6.9927,-2.0306,1.4328
-0.16522,0.79503,0.41501,0.41036,6.9614,-1.9536,1.4308
-0.1636,0.79479,0.41527,0.41122,6.9301,-1.8767,1.4287
-0.16197,0.79454,0.41552,0.41208,6.8989,-1.8002,1.4266
-0.16035,0.79429,0.41578,0.41293,6.8679,-1.7241,1.4245
-0.15873,0.79404,0.41604,0.41379,6.8369,-1.6487,1.4225
-0.1571,0.79378,0.41629,0.41464,6.8061,-1.5742,1.4204
-0.15547,0.79353,0.41654,0.41549,6.7754,-1.5008,1.4184
-0.15385,0.79327,0.41679,0.41634,6.7448,-1.4286,1.4163
-0.15222,0.793,0.41704,0.41719,6.7144,-1.3578,1.4143
-0.15059,0.79274,0.41729,0.41804,6.684,-1.2887,1.4123
-0.14897,0.79247,0.41754,0.41889,6.6538,-1.2213,1.4103
-0.14734,0.79219,0.41778,0.41973,6.6238,-1.1559,1.4083
-0.14571,0.79192,0.41803,0.42058,6.5939,-1.0926,1.4063
-0.14408,0.79164,0.41827,0.42142,6.5641,-1.0315,1.4043
-0.14245,0.79136,0.41851,0.42226,6.5344,-0.97288,1.4023
-0.14082,0.79108,0.41875,0.4231,6.5049,-0.91682,1.4003
-0.13919,0.79079,0.41899,0.42393,6.4756,-0.86346,1.3984
-0.13756,0.7905,0.41923,0.42477,6.4464,-0.81294,1.3964
-0.13592,0.79021,0.41946,0.42561,6.4174,-0.76539,1.3945
-0.13429,0.78992,0.41969,0.42644,6.3885,-0.72093,1.3926
-0.13266,0.78962,0.41993,0.42727,6.3598,-0.67966,1.3907
-0.13103,0.78932,0.42016,0.4281,6.3312,-0.6417,1.3887
-0.12939,0.78902,0.42039,0.42893,6.3028,-0.60713,1.3869
-0.12776,0.78871,0.42061,0.42976,6.2746,-0.57604,1.385
-0.12612,0.78841,0.42084,0.43058,6.2466,-0.5485,1.3831
-0.12449,0.7881,0.42107,0.43141,6.2187,-0.5246,1.3812
-0.12285,0.78778,0.42129,0.43223,6.191,-0.50439,1.3794
-0.12122,0.78747,0.42151,0.43305,6.1635,-0.48791,1.3776
-0.11958,0.78715,0.42173,0.43387,6.1362,-0.47521,1.3757
-0.11794,0.78683,0.42195,0.43469,6.109,-0.46633,1.3739
-0.1163,0.7865,0.42217,0.4355,6.0821,-0.46127,1.3721
-0.11467,0.78617,0.42238,0.43632,6.0553,-0.46007,1.3704
-0.11303,0.78584,0.4226,0.43713,6.0288,-0.46271,1.3686
-0.11139,0.78551,0.42281,0.43794,6.0024,-0.46919,1.3668
-0.10975,0.78518,0.42302,0.43875,5.9762,-0.4795,1.3651
-0.10811,0.78484,0.42323,0.43956,5.9503,-0.49362,1.3634
-0.10647,0.7845,0.42344,0.44037,5.9245,-0.51149,1.3616
-0.10483,0.78415,0.42365,0.44118,5.899,-0.53309,1.3599
-0.10319,0.78381,0.42385,0.44198,5.8736,-0.55835,1.3582
-0.10155,0.78346,0.42406,0.44278,5.8485,-0.58722,1.3566
-0.099911,0.78311,0.42426,0.44358,5.8236,-0.61962,1.3549
-0.098269,0.78275,0.42446,0.44438,5.7989,-0.65547,1.3533
-0.096627,0.78239,0.42466,0.44518,5.7744,-0.69468,1.3516
-0.094985,0.78203,0.42486,0.44598,5.7501,-0.73715,1.35
-0.093343,0.78167,0.42506,0.44677,5.7261,-0.78278,1.3484
-0.0917,0.7813,0.42525,0.44757,5.7023,-0.83145,1.3468
-0.090057,0.78094,0.42545,0.44836,5.6787,-0.88304,1.3452
-0.088413,0.78056,0.42564,0.44915,5.6554,-0.93742,1.3437
-0.086769,0.78019,0.42583,0.44994,5.6323,-0.99446,1.3422
-0.085125,0.77981,0.42602,0.45072,5.6094,-1.054,1.3406
-0.083481,0.77944,0.42621,0.45151,5.5868,-1.1159,1.3391
-0.081836,0.77905,0.42639,0.45229,5.5644,-1.1801,1.3376
-0.080192,0.77867,0.42658,0.45308,5.5423,-1.2462,1.3362
-0.078546,0.77828,0.42676,0.45386,5.5204,-1.3143,1.3347
-0.076901,0.77789,0.42694,0.45464,5.4987,-1.3841,1.3332
-0.075255,0.7775,0.42712,0.45541,5.4773,-1.4554,1.3318
-0.073609,0.7771,0.4273,0.45619,5.4562,-1.5281,1.3304
-0.071963,0.7767,0.42748,0.45696,5.4353,-1.6019,1.329
-0.070316,0.7763,0.42765,0.45774,5.4146,-1.6768,1.3276
-0.068669,0.7759,0.42783,0.45851,5.3943,-1.7524,1.3263
-0.067022,0.77549,0.428,0.45928,5.3741,-1.8287,1.3249
-0.065375,0.77508,0.42817,0.46004,5.3543,-1.9054,1.3236
-0.063728,0.77467,0.42834,0.46081,5.3347,-1.9823,1.3223
-0.06208,0.77426,0.42851,0.46158,5.3154,-2.0593,1.321
-0.060432,0.77384,0.42868,0.46234,5.2963,-2.1362,1.3198
-0.058784,0.77342,0.42884,0.4631,5.2775,-2.2127,1.3185
-0.057136,0.773,0.42901,0.46386,5.259,-2.2886,1.3173
-0.055487,0.77257,0.42917,0.46462,5.2408,-2.3639,1.3161
-0.053838,0.77214,0.42933,0.46537,5.2228,-2.4382,1.3149
-0.052189,0.77171,0.42949,0.46613,5.2051,-2.5114,1.3137
-0.05054,0.77128,0.42965,0.46688,5.1877,-2.5834,1.3125
-0.048891,0.77084,0.4298,0.46764,5.1706,-2.6539,1.3114
-0.047242,0.7704,0.42996,0.46839,5.1538,-2.7228,1.3103
-0.045592,0.76996,0.43011,0.46913,5.1372,-2.7898,1.3091
-0.043942,0.76952,0.43026,0.46988,5.1209,-2.8549,1.3081
-0.042292,0.76907,0.43041,0.47063,5.1049,-2.9179,1.307
-0.040642,0.76862,0.43056,0.47137,5.0893,-2.9785,1.306
-0.038992,0.76817,0.43071,0.47211,5.0739,-3.0367,1.3049
-0.037342,0.76771,0.43085,0.47285,5.0587,-3.0923,1.3039
-0.035691,0.76725,0.431,0.47359,5.0439,-3.1452,1.3029
-0.034041,0.76679,0.43114,0.47433,5.0294,-3.1953,1.302
-0.03239,0.76633,0.43128,0.47506,5.0152,-3.2423,1.301
-0.030739,0.76586,0.43142,0.4758,5.0013,-3.2862,1.3001
-0.029088,0.7654,0.43156,0.47653,4.9876,-3.327,1.2992
-0.027437,0.76492,0.4317,0.47726,4.9743,-3.3644,1.2983
-0.025786,0.76445,0.43183,0.47799,4.9613,-3.3983,1.2974
-0.024135,0.76397,0.43197,0.47871,4.9486,-3.4288,1.2966
-0.022483,0.76349,0.4321,0.47944,4.9362,-3.4558,1.2957
-0.020832,0.76301,0.43223,0.48016,4.9241,-3.4791,1.2949
-0.01918,0.76253,0.43236,0.48088,4.9123,-3.4986,1.2942
-0.017529,0.76204,0.43249,0.4816,4.9008,-3.5145,1.2934
-0.015877,0.76155,0.43261,0.48232,4.8896,-3.5265,1.2926
-0.014226,0.76106,0.43274,0.48304,4.8787,-3.5348,1.2919
-0.012574,0.76056,0.43286,0.48375,4.8682,-3.5392,1.2912
-0.010922,0.76006,0.43298,0.48447,4.8579,-3.5398,1.2905
-0.0092704,0.75956,0.4331,0.48518,4.848,-3.5365,1.2899
-0.0076186,0.75906,0.43322,0.48589,4.8384,-3.5293,1.2892
-0.0059667,0.75856,0.43334,0.4866,4.8291,-3.5184,1.2886
-0.0043149,0.75805,0.43345,0.4873,4.8201,-3.5036,1.288
-0.002663,0.75754,0.43357,0.48801,4.8114,-3.4851,1.2874
-0.0010111,0.75702,0.43368,0.48871,4.8031,-3.4629,1.2869
0.00064082,0.7565,0.43379,0.48941,4.7951,-3.437,1.2863
0.0022927,0.75599,0.4339,0.49011,4.7874,-3.4076,1.2858
0.0039446,0.75546,0.43401,0.49081,4.78,-3.3746,1.2853
0.0055965,0.75494,0.43411,0.49151,4.7729,-3.3382,1.2849
0.0072483,0.75441,0.43422,0.4922,4.7662,-3.2984,1.2844
0.0089002,0.75388,0.43432,0.4929,4.7598,-3.2554,1.284
0.010552,0.75335,0.43442,0.49359,4.7537,-3.2093,1.2836
0.012204,0.75281,0.43452,0.49428,4.7479,-3.1601,1.2832
0.013855,0.75228,0.43462,0.49496,4.7425,-3.108,1.2828
0.015507,0.75174,0.43472,0.49565,4.7374,-3.0532,1.2825
0.017159,0.75119,0.43482,0.49633,4.7326,-2.9957,1.2822
0.01881,0.75065,0.43491,0.49702,4.7281,-2.9357,1.2819
0.020462,0.7501,0.435,0.4977,4.724,-2.8734,1.2816
0.022113,0.74955,0.43509,0.49838,4.7202,-2.809,1.2813
0.023765,0.749,0.43518,0.49905,4.7167,-2.7425,1.2811
0.025416,0.74844,0.43527,0.49973,4.7135,-2.6741,1.2809
0.027067,0.74788,0.43536,0.5004,4.7107,-2.604,1.2807
0.028718,0.74732,0.43544,0.50108,4.7082,-2.5325,1.2805
0.030369,0.74676,0.43553,0.50175,4.7061,-2.4596,1.2804
0.03202,0.74619,0.43561,0.50241,4.7042,-2.3856,1.2803
0.033671,0.74562,0.43569,0.50308,4.7027,-2.3106,1.2802
0.035321,0.74505,0.43577,0.50375,4.7015,-2.2348,1.2801
0.036972,0.74447,0.43585,0.50441,4.7007,-2.1584,1.28
0.038622,0.7439,0.43592,0.50507,4.7002,-2.0817,1.28
0.040272,0.74332,0.436,0.50573,4.7,-2.0047,1.28
0.041922,0.74274,0.43607,0.50639,4.7001,-1.9277,1.28
0.043572,0.74215,0.43614,0.50704,4.7006,-1.851,1.28
0.045222,0.74156,0.43621,0.5077,4.7014,-1.7745,1.2801
0.046872,0.74097,0.43628,0.50835,4.7026,-1.6987,1.2802
0.048521,0.74038,0.43635,0.509,4.704,-1.6236,1.2803
0.050171,0.73979,0.43641,0.50965,4.7058,-1.5494,1.2804
0.05182,0.73919,0.43648,0.5103,4.7079,-1.4764,1.2805
0.053469,0.73859,0.43654,0.51094,4.7104,-1.4046,1.2807
0.055118,0.73798,0.4366,0.51159,4.7132,-1.3344,1.2809
0.056766,0.73738,0.43666,0.51223,4.7163,-1.2658,1.2811
0.058415,0.73677,0.43671,0.51287,4.7197,-1.1991,1.2813
0.060063,0.73616,0.43677,0.51351,4.7235,-1.1343,1.2816
0.061711,0.73555,0.43683,0.51415,4.7276,-1.0718,1.2818
0.063358,0.73493,0.43688,0.51478,4.732,-1.0115,1.2821
0.065006,0.73431,0.43693,0.51541,4.7368,-0.95373,1.2825
0.066653,0.73369,0.43698,0.51604,4.7418,-0.89856,1.2828
0.0683,0.73307,0.43703,0.51667,4.7472,-0.84615,1.2831
0.069947,0.73244,0.43708,0.5173,4.753,-0.79661,1.2835
0.071594,0.73181,0.43712,0.51793,4.759,-0.75009,1.2839
0.07324,0.73118,0.43716,0.51855,4.7654,-0.70669,1.2844
0.074886,0.73055,0.43721,0.51917,4.7721,-0.66652,1.2848
0.076532,0.72991,0.43725,0.51979,4.7791,-0.62969,1.2853
0.078178,0.72927,0.43729,0.52041,4.7864,-0.59628,1.2858
0.079823,0.72863,0.43732,0.52103,4.7941,-0.56638,1.2863
0.081468,0.72799,0.43736,0.52164,4.8021,-0.54006,1.2868
0.083112,0.72734,0.4374,0.52226,4.8104,-0.51739,1.2874
0.084757,0.72669,0.43743,0.52287,4.819,-0.49843,1.2879
0.086401,0.72604,0.43746,0.52348,4.828,-0.48322,1.2885
0.088045,0.72539,0.43749,0.52408,4.8372,-0.4718,1.2891
0.089688,0.72473,0.43752,0.52469,4.8468,-0.4642,1.2898
0.091332,0.72407,0.43755,0.52529,4.8567,-0.46044,1.2904
0.092974,0.72341,0.43757,0.5259,4.8669,-0.46053,1.2911
0.094617,0.72275,0.4376,0.5265,4.8774,-0.46446,1.2918
0.096259,0.72208,0.43762,0.52709,4.8882,-0.47224,1.2925
0.097901,0.72141,0.43764,0.52769,4.8994,-0.48383,1.2933
0.099543,0.72074,0.43766,0.52828,4.9108,-0.49921,1.2941
0.10118,0.72006,0.43768,0.52888,4.9226,-0.51834,1.2948
0.10282,0.71939,0.43769,0.52947,4.9347,-0.54118,1.2956
0.10447,0.71871,0.43771,0.53006,4.947,-0.56766,1.2965
0.10611,0.71802,0.43772,0.53064,4.9597,-0.59773,1.2973
0.10774,0.71734,0.43773,0.53123,4.9727,-0.63129,1.2982
0.10938,0.71665,0.43774,0.53181,4.986,-0.66828,1.2991
0.11102,0.71596,0.43775,0.53239,4.9996,-0.7086,1.3
0.11266,0.71527,0.43776,0.53297,5.0135,-0.75215,1.3009
0.1143,0.71458,0.43776,0.53355,5.0276,-0.79881,1.3018
0.11594,0.71388,0.43777,0.53413,5.0421,-0.84848,1.3028
0.11758,0.71318,0.43777,0.5347,5.0569,-0.90102,1.3038
0.11921,0.71248,0.43777,0.53527,5.072,-0.95631,1.3048
0.12085,0.71177,0.43777,0.53585,5.0874,-1.0142,1.3058
0.12248,0.71107,0.43777,0.53641,5.103,-1.0746,1.3069
0.12412,0.71036,0.43777,0.53698,5.119,-1.1373,1.3079
0.12576,0.70965,0.43776,0.53755,5.1352,-1.2021,1.309
0.12739,0.70893,0.43775,0.53811,5.1517,-1.2689,1.3101
0.12903,0.70821,0.43775,0.53867,5.1685,-1.3376,1.3112
0.13066,0.70749,0.43774,0.53923,5.1856,-1.4079,1.3124
0.13229,0.70677,0.43772,0.53979,5.203,-1.4797,1.3135
0.13393,0.70605,0.43771,0.54034,5.2206,-1.5528,1.3147
0.13556,0.70532,0.4377,0.54089,5.2386,-1.627,1.3159
0.13719,0.70459,0.43768,0.54145,5.2568,-1.7021,1.3171
0.13882,0.70386,0.43766,0.542,5.2753,-1.778,1.3184
0.14045,0.70313,0.43764,0.54254,5.294,-1.8544,1.3196
0.14208,0.70239,0.43762,0.54309,5.313,-1.9313,1.3209
0.14371,0.70165,0.4376,0.54363,5.3323,-2.0082,1.3222
0.14534,0.70091,0.43758,0.54418,5.3519,-2.0852,1.3235
0.14697,0.70017,0.43755,0.54472,5.3717,-2.1619,1.3248
0.1486,0.69942,0.43753,0.54525,5.3918,-2.2383,1.3261
0.15023,0.69867,0.4375,0.54579,5.4121,-2.314,1.3275
0.15186,0.69792,0.43747,0.54632,5.4327,-2.389,1.3288
0.15348,0.69716,0.43744,0.54686,5.4536,-2.463,1.3302
0.15511,0.69641,0.43741,0.54739,5.4747,-2.5358,1.3316
0.15674,0.69565,0.43737,0.54792,5.4961,-2.6073,1.3331
0.15836,0.69489,0.43734,0.54844,5.5177,-2.6772,1.3345
0.15999,0.69412,0.4373,0.54897,5.5396,-2.7455,1.336
0.16161,0.69336,0.43726,0.54949,5.5617,-2.8119,1.3374
0.16323,0.69259,0.43722,0.55001,5.584,-2.8763,1.3389
0.16486,0.69182,0.43718,0.55053,5.6066,-2.9385,1.3404
0.16648,0.69105,0.43713,0.55105,5.6295,-2.9984,1.342
0.1681,0.69027,0.43709,0.55156,5.6526,-3.0557,1.3435
0.16972,0.68949,0.43704,0.55208,5.6759,-3.1104,1.3451
0.17134,0.68871,0.43699,0.55259,5.6994,-3.1624,1.3466
0.17296,0.68793,0.43694,0.5531,5.7232,-3.2114,1.3482
0.17458,0.68714,0.43689,0.5536,5.7472,-3.2574,1.3498
0.1762,0.68636,0.43684,0.55411,5.7714,-3.3003,1.3514
0.17782,0.68557,0.43679,0.55461,5.7959,-3.3399,1.3531
0.17944,0.68477,0.43673,0.55512,5.8205,-3.3762,1.3547
0.18106,0.68398,0.43667,0.55562,5.8454,-3.409,1.3564
0.18267,0.68318,0.43662,0.55611,5.8705,-3.4383,1.358
0.18429,0.68238,0.43655,0.55661,5.8958,-3.464,1.3597
0.1859,0.68158,0.43649,0.5571,5.9214,-3.4861,1.3614
0.18752,0.68077,0.43643,0.55759,5.9471,-3.5044,1.3631
0.18913,0.67997,0.43636,0.55808,5.973,-3.519,1.3649
0.19075,0.67916,0.4363,0.55857,5.9992,-3.5297,1.3666
0.19236,0.67835,0.43623,0.55906,6.0255,-3.5367,1.3684
0.19397,0.67753,0.43616,0.55954,6.0521,-3.5398,1.3701
0.19558,0.67672,0.43609,0.56003,6.0788,-3.5391,1.3719
0.19719,0.6759,0.43602,0.56051,6.1057,-3.5345,1.3737
0.1988,0.67508,0.43594,0.56098,6.1328,-3.5261,1.3755
0.20041,0.67425,0.43587,0.56146,6.1601,-3.5138,1.3773
0.20202,0.67343,0.43579,0.56193,6.1876,-3.4978,1.3792
0.20363,0.6726,0.43571,0.56241,6.2153,-3.4781,1.381
0.20523,0.67177,0.43563,0.56288,6.2431,-3.4546,1.3829
0.20684,0.67094,0.43555,0.56335,6.2712,-3.4275,1.3847
0.20845,0.6701,0.43547,0.56381,6.2994,-3.3969,1.3866
0.21005,0.66926,0.43538,0.56428,6.3277,-3.3627,1.3885
0.21165,0.66842,0.4353,0.56474,6.3563,-3.3252,1.3904
0.21326,0.66758,0.43521,0.5652,6.385,-3.2843,1.3923
0.21486,0.66674,0.43512,0.56566,6.4138,-3.2402,1.3943
0.21646,0.66589,0.43503,0.56611,6.4428,-3.193,1.3962
0.21806,0.66504,0.43494,0.56657,6.472,-3.1429,1.3981
0.21966,0.66419,0.43484,0.56702,6.5013,-3.0899,1.4001
0.22126,0.66333,0.43475,0.56747,6.5308,-3.0341,1.4021
0.22286,0.66248,0.43465,0.56792,6.5604,-2.9758,1.404
0.22446,0.66162,0.43455,0.56837,6.5902,-2.915,1.406
0.22606,0.66076,0.43445,0.56881,6.6201,-2.852,1.408
0.22765,0.65989,0.43435,0.56926,6.6501,-2.7868,1.41
0.22925,0.65903,0.43425,0.5697,6.6803,-2.7197,1.412
0.23084,0.65816,0.43414,0.57013,6.7106,-2.6507,1.414
0.23244,0.65729,0.43404,0.57057,6.7411,-2.5801,1.4161
0.23403,0.65642,0.43393,0.57101,6.7716,-2.5081,1.4181
0.23562,0.65554,0.43382,0.57144,6.8023,-2.4348,1.4202
0.23722,0.65467,0.43371,0.57187,6.8331,-2.3604,1.4222
0.23881,0.65379,0.4336,0.5723,6.8641,-2.2852,1.4243
0.2404,0.65291,0.43349,0.57272,6.8951,-2.2092,1.4263
0.24199,0.65202,0.43337,0.57315,6.9263,-2.1327,1.4284
0.24357,0.65114,0.43325,0.57357,6.9575,-2.0558,1.4305
0.24516,0.65025,0.43314,0.57399,6.9889,-1.9788,1.4326
0.24675,0.64936,0.43302,0.57441,7.0203,-1.9019,1.4347
0.24833,0.64846,0.43289,0.57483,7.0519,-1.8252,1.4368
0.24992,0.64757,0.43277,0.57524,7.0836,-1.7489,1.4389
0.2515,0.64667,0.43265,0.57566,7.1153,-1.6733,1.441
0.25308,0.64577,0.43252,0.57607,7.1471,-1.5985,1.4431
0.25467,0.64487,0.4324,0.57647,7.1791,-1.5247,1.4453
0.25625,0.64397,0.43227,0.57688,7.2111,-1.4521,1.4474
0.25783,0.64306,0.43214,0.57729,7.2431,-1.3808,1.4495
0.25941,0.64215,0.432,0.57769,7.2753,-1.3111,1.4517
0.26099,0.64124,0.43187,0.57809,7.3075,-1.2432,1.4538
0.26256,0.64033,0.43174,0.57849,7.3398,-1.1771,1.456
0.26414,0.63941,0.4316,0.57888,7.3722,-1.1131,1.4581
0.26572,0.63849,0.43146,0.57928,7.4046,-1.0512,1.4603
0.26729,0.63757,0.43132,0.57967,7.4371,-0.9918,1.4625
0.26887,0.63665,0.43118,0.58006,7.4697,-0.93488,1.4646
0.27044,0.63573,0.43104,0.58045,7.5023,-0.88062,1.4668
0.27201,0.6348,0.4309,0.58084,7.5349,-0.82916,1.469
0.27358,0.63387,0.43075,0.58122,7.5676,-0.78063,1.4712
0.27515,0.63294,0.4306,0.5816,7.6003,-0.73514,1.4734
0.27672,0.63201,0.43046,0.58198,7.6331,-0.69282,1.4755
0.27829,0.63107,0.43031,0.58236,7.6659,-0.65376,1.4777
0.27986,0.63013,0.43015,0.58274,7.6988,-0.61806,1.4799
0.28142,0.62919,0.43,0.58311,7.7316,-0.58583,1.4821
0.28299,0.62825,0.42985,0.58348,7.7646,-0.55712,1.4843
0.28455,0.62731,0.42969,0.58385,7.7975,-0.53202,1.4865
0.28612,0.62636,0.42953,0.58422,7.8304,-0.5106,1.4887
0.28768,0.62541,0.42937,0.58459,7.8634,-0.49289,1.4909
0.28924,0.62446,0.42921,0.58495,7.8964,-0.47895,1.4931
0.2908,0.62351,0.42905,0.58531,7.9294,-0.46881,1.4953
0.29236,0.62255,0.42889,0.58567,7.9624,-0.4625,1.4975
0.29392,0.62159,0.42872,0.58603,7.9954,-0.46004,1.4997
0.29547,0.62063,0.42856,0.58639,8.0283,-0.46142,1.5019
0.29703,0.61967,0.42839,0.58674,8.0613,-0.46665,1.5041
0.29858,0.61871,0.42822,0.58709,8.0943,-0.47571,1.5063
0.30014,0.61774,0.42805,0.58744,8.1273,-0.48858,1.5085
0.30169,0.61677,0.42788,0.58779,8.1603,-0.50523,1.5107
0.30324,0.6158,0.4277,0.58813,8.1932,-0.52561,1.5129
0.30479,0.61483,0.42753,0.58848,8.2262,-0.54968,1.5151
0.30634,0.61385,0.42735,0.58882,8.2591,-0.57738,1.5173
0.30789,0.61288,0.42717,0.58916,8.292,-0.60863,1.5195
0.30944,0.6119,0.42699,0.58949,8.3248,-0.64336,1.5217
0.31099,0.61092,0.42681,0.58983,8.3576,-0.68147,1.5238
0.31253,0.60993,0.42663,0.59016,8.3904,-0.72289,1.526
0.31408,0.60895,0.42644,0.59049,8.4232,-0.7675,1.5282
0.31562,0.60796,0.42626,0.59082,8.4559,-0.81518,1.5304
0.31716,0.60697,0.42607,0.59115,8.4885,-0.86583,1.5326
0.3187,0.60598,0.42588,0.59147,8.5212,-0.91932,1.5347
0.32024,0.60499,0.42569,0.5918,8.5537,-0.9755,1.5369
0.32178,0.60399,0.4255,0.59212,8.5862,-1.0342,1.5391
0.32332,0.60299,0.42531,0.59244,8.6187,-1.0954,1.5412
0.32486,0.60199,0.42511,0.59275,8.6511,-1.1588,1.5434
0.32639,0.60099,0.42492,0.59307,8.6834,-1.2243,1.5456
0.32793,0.59998,0.42472,0.59338,8.7156,-1.2918,1.5477
0.32946,0.59898,0.42452,0.59369,8.7478,-1.361,1.5499
0.33099,0.59797,0.42432,0.594,8.7799,-1.4319,1.552
0.33252,0.59696,0.42412,0.5943,8.8119,-1.5041,1.5541
0.33405,0.59594,0.42391,0.59461,8.8439,-1.5776,1.5563
0.33558,0.59493,0.42371,0.59491,8.8757,-1.6522,1.5584
0.33711,0.59391,0.4235,0.59521,8.9075,-1.7276,1.5605
0.33864,0.59289,0.42329,0.59551,8.9392,-1.8037,1.5626
0.34016,0.59187,0.42308,0.5958,8.9708,-1.8802,1.5647
0.34168,0.59085,0.42287,0.5961,9.0023,-1.9571,1.5668
0.34321,0.58982,0.42266,0.59639,9.0337,-2.0341,1.5689
0.34473,0.5888,0.42244,0.59668,9.0649,-2.111,1.571
0.34625,0.58777,0.42223,0.59696,9.0961,-2.1877,1.5731
0.34777,0.58673,0.42201,0.59725,9.1272,-2.2638,1.5751
0.34928,0.5857,0.42179,0.59753,9.1582,-2.3393,1.5772
0.3508,0.58466,0.42157,0.59781,9.189,-2.414,1.5793
0.35232,0.58363,0.42135,0.59809,9.2197,-2.4876,1.5813
0.35383,0.58259,0.42113,0.59837,9.2503,-2.56,1.5834
0.35534,0.58155,0.4209,0.59864,9.2808,-2.631,1.5854
0.35686,0.5805,0.42068,0.59892,9.3111,-2.7004,1.5874
0.35837,0.57946,0.42045,0.59919,9.3414,-2.7681,1.5894
0.35987,0.57841,0.42022,0.59946,9.3714,-2.8338,1.5914
0.36138,0.57736,0.41999,0.59972,9.4014,-2.8975,1.5934
0.36289,0.57631,0.41976,0.59999,9.4312,-2.9589,1.5954
0.36439,0.57525,0.41953,0.60025,9.4609,-3.0179,1.5974
0.3659,0.5742,0.41929,0.60051,9.4904,-3.0744,1.5994
0.3674,0.57314,0.41906,0.60077,9.5197,-3.1282,1.6013
0.3689,0.57208,0.41882,0.60102,9.549,-3.1792,1.6033
0.3704,0.57102,0.41858,0.60128,9.578,-3.2272,1.6052
0.3719,0.56995,0.41834,0.60153,9.6069,-3.2722,1.6071
0.3734,0.56889,0.4181,0.60178,9.6357,-3.314,1.609
0.3749,0.56782,0.41785,0.60203,9.6642,-3.3525,1.6109
0.37639,0.56675,0.41761,0.60227,9.6927,-3.3876,1.6128
0.37788,0.56568,0.41736,0.60251,9.7209,-3.4192,1.6147
0.37938,0.5646,0.41711,0.60276,9.749,-3.4474,1.6166
0.38087,0.56353,0.41687,0.60299,9.7769,-3.4718,1.6185
0.38236,0.56245,0.41661,0.60323,9.8046,-3.4926,1.6203
0.38385,0.56137,0.41636,0.60347,9.8321,-3.5097,1.6221
0.38533,0.56029,0.41611,0.6037,9.8595,-3.523,1.624
0.38682,0.5592,0.41585,0.60393,9.8866,-3.5325,1.6258
0.3883,0.55812,0.4156,0.60416,9.9136,-3.5382,1.6276
0.38979,0.55703,0.41534,0.60438,9.9404,-3.54,1.6294
0.39127,0.55594,0.41508,0.60461,9.967,-3.538,1.6311
0.39275,0.55485,0.41482,0.60483,9.9934,-3.5321,1.6329
0.39423,0.55375,0.41456,0.60505,10.02,-3.5224,1.6346
0.3957,0.55266,0.41429,0.60527,10.046,-3.5089,1.6364
0.39718,0.55156,0.41403,0.60548,10.071,-3.4916,1.6381
0.39865,0.55046,0.41376,0.6057,10.097,-3.4706,1.6398
0.40013,0.54936,0.41349,0.60591,10.122,-3.4459,1.6415
0.4016,0.54826,0.41322,0.60612,10.148,-3.4176,1.6432
0.40307,0.54715,0.41295,0.60633,10.172,-3.3858,1.6448
0.40454,0.54604,0.41268,0.60653,10.197,-3.3505,1.6465
0.40601,0.54494,0.4124,0.60673,10.222,-3.3118,1.6481
0.40747,0.54383,0.41213,0.60694,10.246,-3.2698,1.6497
0.40894,0.54271,0.41185,0.60713,10.27,-3.2247,1.6513
0.4104,0.5416,0.41157,0.60733,10.294,-3.1765,1.6529
0.41186,0.54048,0.41129,0.60753,10.318,-3.1254,1.6545
0.41332,0.53936,0.41101,0.60772,10.341,-3.0714,1.6561
0.41478,0.53824,0.41073,0.60791,10.364,-3.0148,1.6576
0.41624,0.53712,0.41045,0.6081,10.387,-2.9556,1.6591
0.4177,0.536,0.41016,0.60828,10.41,-2.8941,1.6606
0.41915,0.53487,0.40987,0.60847,10.432,-2.8303,1.6621
0.4206,0.53374,0.40958,0.60865,10.454,-2.7644,1.6636
0.42205,0.53261,0.40929,0.60883,10.476,-2.6967,1.6651
0.42351,0.53148,0.409,0.60901,10.498,-2.6272,1.6665
0.42495,0.53035,0.40871,0.60918,10.519,-2.5561,1.668
0.4264,0.52921,0.40842,0.60935,10.54,-2.4836,1.6694
0.42785,0.52807,0.40812,0.60953,10.561,-2.4099,1.6708
0.42929,0.52694,0.40782,0.60969,10.582,-2.3352,1.6721
0.43073,0.5258,0.40753,0.60986,10.603,-2.2597,1.6735
0.43218,0.52465,0.40723,0.61003,10.623,-2.1835,1.6748
0.43361,0.52351,0.40692,0.61019,10.643,-2.1068,1.6762
0.43505,0.52236,0.40662,0.61035,10.662,-2.0299,1.6775
0.43649,0.52121,0.40632,0.61051,10.682,-1.9529,1.6788
0.43793,0.52006,0.40601,0.61066,10.701,-1.8761,1.68
0.43936,0.51891,0.40571,0.61082,10.719,-1.7995,1.6813
0.44079,0.51776,0.4054,0.61097,10.738,-1.7234,1.6825
0.44222,0.5166,0.40509,0.61112,10.756,-1.6481,1.6838
0.44365,0.51545,0.40478,0.61127,10.774,-1.5736,1.685
0.44508,0.51429,0.40446,0.61141,10.792,-1.5001,1.6861
0.4465,0.51313,0.40415,0.61156,10.81,-1.428,1.6873
0.44793,0.51196,0.40383,0.6117,10.827,-1.3572,1.6884
0.44935,0.5108,0.40352,0.61184,10.844,-1.2881,1.6896
0.45077,0.50963,0.4032,0.61197,10.86,-1.2207,1.6907
0.45219,0.50846,0.40288,0.61211,10.876,-1.1553,1.6918
0.45361,0.50729,0.40256,0.61224,10.893,-1.092,1.6928
0.45503,0.50612,0.40224,0.61237,10.908,-1.031,1.6939
0.45644,0.50495,0.40191,0.6125,10.924,-0.97237,1.6949
0.45785,0.50377,0.40159,0.61263,10.939,-0.91633,1.6959
0.45927,0.5026,0.40126,0.61275,10.954,-0.863,1.6969
0.46068,0.50142,0.40093,0.61287,10.968,-0.81251,1.6979
0.46208,0.50024,0.4006,0.61299,10.983,-0.76498,1.6988
0.46349,0.49906,0.40027,0.61311,10.997,-0.72055,1.6998
0.4649,0.49787,0.39994,0.61322,11.01,-0.67931,1.7007
0.4663,0.49669,0.3996,0.61334,11.024,-0.64137,1.7016
0.4677,0.4955,0.39927,0.61345,11.037,-0.60683,1.7024
0.4691,0.49431,0.39893,0.61356,11.049,-0.57577,1.7033
0.4705,0.49312,0.39859,0.61366,11.062,-0.54828,1.7041
0.4719,0.49193,0.39826,0.61377,11.074,-0.52441,1.7049
0.47329,0.49073,0.39791,0.61387,11.086,-0.50422,1.7057
0.47469,0.48954,0.39757,0.61397,11.097,-0.48778,1.7065
0.47608,0.48834,0.39723,0.61407,11.109,-0.47512,1.7072
0.47747,0.48714,0.39688,0.61417,11.12,-0.46626,1.708
0.47886,0.48594,0.39654,0.61426,11.13,-0.46125,1.7087
0.48025,0.48474,0.39619,0.61435,11.14,-0.46007,1.7094
0.48163,0.48353,0.39584,0.61444,11.15,-0.46275,1.71
0.48301,0.48232,0.39549,0.61453,11.16,-0.46927,1.7107
0.4844,0.48112,0.39514,0.61462,11.169,-0.47961,1.7113
0.48578,0.47991,0.39479,0.6147,11.178,-0.49376,1.7119
0.48716,0.4787,0.39443,0.61478,11.187,-0.51167,1.7125
0.48853,0.47748,0.39407,0.61486,11.196,-0.5333,1.713
0.48991,0.47627,0.39372,0.61494,11.204,-0.55859,1.7136
0.49128,0.47505,0.39336,0.61501,11.211,-0.58749,1.7141
0.49265,0.47383,0.393,0.61508,11.219,-0.61992,1.7146
0.49402,0.47261,0.39264,0.61515,11.226,-0.6558,1.7151
0.49539,0.47139,0.39227,0.61522,11.233,-0.69504,1.7155
0.49676,0.47017,0.39191,0.61529,11.239,-0.73754,1.7159
0.49812,0.46895,0.39154,0.61535,11.245,-0.78319,1.7164
0.49949,0.46772,0.39118,0.61541,11.251,-0.83189,1.7167
0.50085,0.46649,0.39081,0.61547,11.257,-0.88351,1.7171
0.50221,0.46526,0.39044,0.61553,11.262,-0.93792,1.7175
0.50356,0.46403,0.39007,0.61559,11.267,-0.99498,1.7178
0.50492,0.4628,0.3897,0.61564,11.271,-1.0546,1.7181
0.50627,0.46156,0.38932,0.61569,11.275,-1.1165,1.7184
0.50763,0.46033,0.38895,0.61574,11.279,-1.1806,1.7186
0.50898,0.45909,0.38857,0.61579,11.283,-1.2468,1.7189
0.51033,0.45785,0.38819,0.61583,11.286,-1.3149,1.7191
0.51167,0.45661,0.38781,0.61587,11.289,-1.3847,1.7193
0.51302,0.45537,0.38743,0.61591,11.291,-1.456,1.7194
0.51436,0.45412,0.38705,0.61595,11.294,-1.5287,1.7196
0.5157,0.45288,0.38667,0.61599,11.296,-1.6026,1.7197
0.51704,0.45163,0.38628,0.61602,11.297,-1.6774,1.7198
0.51838,0.45038,0.3859,0.61605,11.298,-1.7531,1.7199
0.51972,0.44913,0.38551,0.61608,11.299,-1.8294,1.7199
0.52105,0.44788,0.38512,0.61611,11.3,-1.9061,1.72
0.52239,0.44663,0.38473,0.61613,11.3,-1.983,1.72
0.52372,0.44537,0.38434,0.61616,11.3,-2.06,1.72
0.52505,0.44412,0.38395,0.61618,11.299,-2.1368,1.72
0.52637,0.44286,0.38355,0.6162,11.299,-2.2133,1.7199
0.5277,0.4416,0.38316,0.61621,11.298,-2.2893,1.7198
0.52902,0.44034,0.38276,0.61623,11.296,-2.3645,1.7197
0.53034,0.43907,0.38236,0.61624,11.294,-2.4389,1.7196
0.53166,0.43781,0.38196,0.61625,11.292,-2.5121,1.7195
0.53298,0.43654,0.38156,0.61626,11.29,-2.584,1.7193
0.5343,0.43528,0.38116,0.61626,11.287,-2.6545,1.7192
0.53561,0.43401,0.38076,0.61627,11.284,-2.7234,1.7189
0.53692,0.43274,0.38035,0.61627,11.281,-2.7904,1.7187
0.53823,0.43147,0.37994,0.61627,11.277,-2.8555,1.7185
0.53954,0.43019,0.37954,0.61626,11.273,-2.9184,1.7182
0.54085,0.42892,0.37913,0.61626,11.269,-2.979,1.7179
0.54215,0.42764,0.37872,0.61625,11.264,-3.0372,1.7176
0.54346,0.42636,0.37831,0.61624,11.259,-3.0928,1.7173
0.54476,0.42508,0.37789,0.61623,11.254,-3.1457,1.7169
0.54606,0.4238,0.37748,0.61622,11.248,-3.1957,1.7165
0.54735,0.42252,0.37706,0.6162,11.242,-3.2427,1.7161
0.54865,0.42124,0.37665,0.61618,11.236,-3.2866,1.7157
0.54994,0.41995,0.37623,0.61616,11.229,-3.3273,1.7153
0.55123,0.41866,0.37581,0.61614,11.222,-3.3647,1.7148
0.55252,0.41738,0.37539,0.61612,11.215,-3.3986,1.7143
0.55381,0.41609,0.37497,0.61609,11.207,-3.4291,1.7138
0.5551,0.41479,0.37454,0.61606,11.199,-3.456,1.7133
0.55638,0.4135,0.37412,0.61603,11.191,-3.4792,1.7127
0.55766,0.41221,0.37369,0.616,11.182,-3.4988,1.7122
0.55894,0.41091,0.37327,0.61596,11.173,-3.5146,1.7116
0.56022,0.40962,0.37284,0.61592,11.164,-3.5266,1.711
0.5615,0.40832,0.37241,0.61588,11.155,-3.5348,1.7103
0.56277,0.40702,0.37198,0.61584,11.145,-3.5392,1.7097
0.56404,0.40572,0.37154,0.6158,11.135,-3.5397,1.709
0.56531,0.40441,0.37111,0.61575,11.124,-3.5364,1.7083
0.56658,0.40311,0.37068,0.6157,11.114,-3.5293,1.7076
0.56785,0.4018,0.37024,0.61565,11.102,-3.5183,1.7068
0.56911,0.4005,0.3698,0.6156,11.091,-3.5035,1.7061
0.57037,0.39919,0.36936,0.61555,11.079,-3.485,1.7053
0.57163,0.39788,0.36892,0.61549,11.067,-3.4627,1.7045
0.57289,0.39657,0.36848,0.61543,11.055,-3.4368,1.7037
0.57415,0.39526,0.36804,0.61537,11.042,-3.4073,1.7028
0.5754,0.39394,0.36759,0.61531,11.029,-3.3743,1.702
0.57665,0.39263,0.36715,0.61524,11.016,-3.3378,1.7011
0.5779,0.39131,0.3667,0.61517,11.003,-3.298,1.7002
0.57915,0.38999,0.36625,0.6151,10.989,-3.255,1.6993
0.5804,0.38867,0.3658,0.61503,10.975,-3.2088,1.6983
0.58164,0.38735,0.36535,0.61496,10.96,-3.1596,1.6973
0.58288,0.38603,0.3649,0.61488,10.945,-3.1075,1.6964
0.58412,0.38471,0.36445,0.6148,10.93,-3.0527,1.6954
0.58536,0.38338,0.36399,0.61472,10.915,-2.9952,1.6943
0.58659,0.38205,0.36354,0.61464,10.9,-2.9352,1.6933
0.58783,0.38073,0.36308,0.61455,10.884,-2.8729,1.6922
0.58906,0.3794,0.36262,0.61447,10.867,-2.8084,1.6912
0.59029,0.37807,0.36216,0.61438,10.851,-2.7419,1.6901
0.59152,0.37674,0.3617,0.61429,10.834,-2.6735,1.6889
0.59274,0.3754,0.36124,0.61419,10.817,-2.6034,1.6878
0.59397,0.37407,0.36078,0.6141,10.8,-2.5318,1.6867
0.59519,0.37273,0.36031,0.614,10.782,-2.459,1.6855
0.59641,0.3714,0.35985,0.6139,10.764,-2.3849,1.6843
0.59762,0.37006,0.35938,0.6138,10.746,-2.3099,1.6831
0.59884,0.36872,0.35891,0.61369,10.728,-2.2341,1.6818
0.60005,0.36738,0.35844,0.61359,10.709,-2.1578,1.6806
0.60126,0.36604,0.35797,0.61348,10.69,-2.081,1.6793
0.60247,0.3647,0.3575,0.61337,10.671,-2.004,1.6781
0.60368,0.36335,0.35703,0.61326,10.651,-1.9271,1.6768
0.60488,0.36201,0.35655,0.61314,10.631,-1.8503,1.6754
0.60608,0.36066,0.35608,0.61302,10.611,-1.7739,1.6741
0.60728,0.35931,0.3556,0.6129,10.591,-1.698,1.6727
0.60848,0.35796,0.35512,0.61278,10.571,-1.6229,1.6714
0.60968,0.35661,0.35464,0.61266,10.55,-1.5488,1.67
0.61087,0.35526,0.35416,0.61253,10.529,-1.4757,1.6686
0.61206,0.3539,0.35368,0.61241,10.507,-1.404,1.6672
0.61325,0.35255,0.3532,0.61228,10.486,-1.3338,1.6657
0.61444,0.35119,0.35271,0.61214,10.464,-1.2652,1.6643
0.61563,0.34984,0.35223,0.61201,10.442,-1.1985,1.6628
0.61681,0.34848,0.35174,0.61187,10.42,-1.1338,1.6613
0.61799,0.34712,0.35125,0.61173,10.397,-1.0712,1.6598
0.61917,0.34576,0.35076,0.61159,10.374,-1.011,1.6583
0.62035,0.3444,0.35027,0.61145,10.351,-0.95323,1.6567
0.62152,0.34303,0.34978,0.61131,10.328,-0.89809,1.6552
0.62269,0.34167,0.34928,0.61116,10.304,-0.84569,1.6536
0.62386,0.34031,0.34879,0.61101,10.281,-0.79619,1.652
0.62503,0.33894,0.3483,0.61086,10.257,-0.74969,1.6504
0.6262,0.33757,0.3478,0.61071,10.232,-0.70632,1.6488
0.62736,0.3362,0.3473,0.61055,10.208,-0.66618,1.6472
0.62852,0.33483,0.3468,0.61039,10.183,-0.62938,1.6456
0.62968,0.33346,0.3463,0.61023,10.159,-0.596,1.6439
0.63084,0.33209,0.3458,0.61007,10.133,-0.56613,1.6422
0.63199,0.33071,0.3453,0.60991,10.108,-0.53984,1.6405
0.63314,0.32934,0.34479,0.60974,10.083,-0.5172,1.6388
0.63429,0.32796,0.34429,0.60957,10.057,-0.49827,1.6371
0.63544,0.32659,0.34378,0.6094,10.031,-0.4831,1.6354
0.63659,0.32521,0.34327,0.60923,10.005,-0.47171,1.6337
0.63773,0.32383,0.34276,0.60905,9.9787,-0.46415,1.6319
0.63887,0.32245,0.34225,0.60888,9.9522,-0.46042,1.6301
0.64001,0.32107,0.34174,0.6087,9.9255,-0.46054,1.6284
0.64115,0.31968,0.34123,0.60852,9.8986,-0.46451,1.6266
0.64228,0.3183,0.34072,0.60833,9.8715,-0.47232,1.6248
0.64342,0.31692,0.3402,0.60815,9.8442,-0.48395,1.6229
0.64455,0.31553,0.33969,0.60796,9.8168,-0.49936,1.6211
0.64567,0.31414,0.33917,0.60777,9.7891,-0.51853,1.6193
0.6468,0.31275,0.33865,0.60758,9.7613,-0.5414,1.6174
0.64792,0.31136,0.33813,0.60738,9.7333,-0.56791,1.6156
0.64904,0.30997,0.33761,0.60719,9.7051,-0.59801,1.6137
0.65016,0.30858,0.33709,0.60699,9.6768,-0.63161,1.6118
0.65128,0.30719,0.33656,0.60679,9.6483,-0.66863,1.6099
0.65239,0.3058,0.33604,0.60659,9.6196,-0.70897,1.608
0.65351,0.3044,0.33551,0.60638,9.5908,-0.75255,1.6061
0.65462,0.30301,0.33499,0.60618,9.5618,-0.79924,1.6041
0.65572,0.30161,0.33446,0.60597,9.5327,-0.84893,1.6022
0.65683,0.30021,0.33393,0.60576,9.5033,-0.9015,1.6002
0.65793,0.29881,0.3334,0.60554,9.4739,-0.95682,1.5983
0.65903,0.29741,0.33287,0.60533,9.4443,-1.0147,1.5963
0.66013,0.29601,0.33234,0.60511,9.4146,-1.0751,1.5943
0.66123,0.29461,0.3318,0.60489,9.3847,-1.1378,1.5923
0.66232,0.29321,0.33127,0.60467,9.3546,-1.2027,1.5903
0.66341,0.2918,0.33073,0.60445,9.3245,-1.2695,1.5883
0.6645,0.2904,0.3302,0.60422,9.2942,-1.3382,1.5863
0.66559,0.28899,0.32966,0.60399,9.2638,-1.4085,1.5843
0.66667,0.28758,0.32912,0.60376,9.2332,-1.4803,1.5822
0.66775,0.28617,0.32858,0.60353,9.2026,-1.5534,1.5802
0.66883,0.28476,0.32804,0.6033,9.1718,-1.6276,1.5781
0.66991,0.28335,0.32749,0.60306,9.1409,-1.7028,1.5761
0.67098,0.28194,0.32695,0.60282,9.1098,-1.7787,1.574
0.67206,0.28053,0.3264,0.60258,9.0787,-1.8551,1.5719
0.67313,0.27912,0.32586,0.60234,9.0475,-1.9319,1.5698
0.6742,0.2777,0.32531,0.60209,9.0161,-2.0089,1.5677
0.67526,0.27629,0.32476,0.60185,8.9847,-2.0859,1.5656
0.67632,0.27487,0.32421,0.6016,8.9531,-2.1626,1.5635
0.67738,0.27346,0.32366,0.60135,8.9215,-2.2389,1.5614
0.67844,0.27204,0.32311,0.60109,8.8898,-2.3147,1.5593
0.6795,0.27062,0.32256,0.60084,8.8579,-2.3896,1.5572
0.68055,0.2692,0.322,0.60058,8.826,-2.4636,1.5551
0.6816,0.26778,0.32145,0.60032,8.794,-2.5364,1.5529
0.68265,0.26636,0.32089,0.60006,8.762,-2.6079,1.5508
0.6837,0.26493,0.32033,0.59979,8.7298,-2.6779,1.5487
0.68474,0.26351,0.31977,0.59953,8.6976,-2.7461,1.5465
0.68579,0.26208,0.31921,0.59926,8.6653,-2.8125,1.5444
0.68682,0.26066,0.31865,0.59899,8.633,-2.8769,1.5422
0.68786,0.25923,0.31809,0.59872,8.6005,-2.9391,1.54
0.6889,0.2578,0.31753,0.59844,8.5681,-2.9989,1.5379
0.68993,0.25638,0.31696,0.59817,8.5355,-3.0562,1.5357
0.69096,0.25495,0.3164,0.59789,8.5029,-3.1109,1.5335
0.69199,0.25352,0.31583,0.59761,8.4703,-3.1628,1.5314
0.69301,0.25209,0.31526,0.59733,8.4376,-3.2118,1.5292
0.69403,0.25065,0.31469,0.59704,8.4049,-3.2578,1.527
0.69505,0.24922,0.31412,0.59676,8.3721,-3.3007,1.5248
0.69607,0.24779,0.31355,0.59647,8.3393,-3.3402,1.5226
0.69709,0.24635,0.31298,0.59618,8.3065,-3.3765,1.5204
0.6981,0.24492,0.31241,0.59588,8.2736,-3.4093,1.5182
0.69911,0.24348,0.31183,0.59559,8.2407,-3.4385,1.516
0.70012,0.24205,0.31126,0.59529,8.2078,-3.4642,1.5139
0.70112,0.24061,0.31068,0.59499,8.1748,-3.4862,1.5117
0.70212,0.23917,0.3101,0.59469,8.1419,-3.5045,1.5095
0.70312,0.23773,0.30952,0.59439,8.1089,-3.5191,1.5073
0.70412,0.23629,0.30895,0.59408,8.0759,-3.5298,1.5051
0.70512,0.23485,0.30836,0.59377,8.0429,-3.5367,1.5029
0.70611,0.23341,0.30778,0.59346,8.0099,-3.5398,1.5007
0.7071,0.23196,0.3072,0.59315,7.9769,-3.5391,1.4985
0.70809,0.23052,0.30662,0.59284,7.9439,-3.5344,1.4963
0.70908,0.22908,0.30603,0.59252,7.9109,-3.526,1.4941
0.71006,0.22763,0.30544,0.5922,7.8779,-3.5137,1.4919
0.71104,0.22618,0.30486,0.59188,7.845,-3.4977,1.4897
0.71202,0.22474,0.30427,0.59156,7.812,-3.4779,1.4875
0.71299,0.22329,0.30368,0.59124,7.7791,-3.4544,1.4853
0.71397,0.22184,0.30309,0.59091,7.7462,-3.4273,1.4831
0.71494,0.22039,0.3025,0.59058,7.7133,-3.3966,1.4809
0.71591,0.21894,0.3019,0.59025,7.6804,-3.3624,1.4787
0.71687,0.21749,0.30131,0.58992,7.6476,-3.3248,1.4765
0.71783,0.21604,0.30072,0.58959,7.6148,-3.2839,1.4743
0.71879,0.21459,0.30012,0.58925,7.582,-3.2398,1.4721
0.71975,0.21313,0.29952,0.58891,7.5493,-3.1926,1.47
0.72071,0.21168,0.29893,0.58857,7.5167,-3.1424,1.4678
0.72166,0.21023,0.29833,0.58823,7.484,-3.0894,1.4656
0.72261,0.20877,0.29773,0.58788,7.4515,-3.0336,1.4634
0.72356,0.20732,0.29713,0.58753,7.419,-2.9753,1.4613
0.72451,0.20586,0.29652,0.58719,7.3865,-2.9145,1.4591
0.72545,0.2044,0.29592,0.58683,7.3541,-2.8514,1.4569
0.72639,0.20294,0.29532,0.58648,7.3218,-2.7862,1.4548
0.72733,0.20148,0.29471,0.58613,7.2895,-2.7191,1.4526
0.72826,0.20002,0.29411,0.58577,7.2573,-2.6501,1.4505
0.7292,0.19856,0.2935,0.58541,7.2252,-2.5795,1.4483
0.73013,0.1971,0.29289,0.58505,7.1932,-2.5075,1.4462
0.73105,0.19564,0.29228,0.58469,7.1612,-2.4342,1.4441
0.73198,0.19418,0.29167,0.58432,7.1293,-2.3598,1.442
0.7329,0.19272,0.29106,0.58395,7.0976,-2.2845,1.4398
0.73382,0.19125,0.29045,0.58358,7.0659,-2.2085,1.4377
0.73474,0.18979,0.28983,0.58321,7.0343,-2.132,1.4356
0.73565,0.18832,0.28922,0.58284,7.0027,-2.0551,1.4335
0.73657,0.18686,0.28861,0.58246,6.9713,-1.9781,1.4314
0.73748,0.18539,0.28799,0.58208,6.94,-1.9012,1.4293
0.73838,0.18393,0.28737,0.58171,6.9088,-1.8245,1.4273
0.73929,0.18246,0.28675,0.58132,6.8777,-1.7483,1.4252
0.74019,0.18099,0.28613,0.58094,6.8468,-1.6727,1.4231
0.74109,0.17952,0.28551,0.58055,6.8159,-1.5979,1.4211
0.74198,0.17805,0.28489,0.58017,6.7852,-1.5241,1.419
0.74288,0.17658,0.28427,0.57978,6.7545,-1.4515,1.417
0.74377,0.17511,0.28365,0.57938,6.724,-1.3802,1.4149
0.74466,0.17364,0.28302,0.57899,6.6937,-1.3105,1.4129
0.74555,0.17217,0.2824,0.57859,6.6634,-1.2426,1.4109
0.74643,0.17069,0.28177,0.5782,6.6333,-1.1765,1.4089
0.74731,0.16922,0.28114,0.5778,6.6034,-1.1125,1.4069
0.74819,0.16775,0.28052,0.57739,6.5735,-1.0507,1.4049
0.74907,0.16627,0.27989,0.57699,6.5439,-0.99129,1.4029
0.74994,0.1648,0.27926,0.57658,6.5143,-0.93439,1.401
0.75081,0.16332,0.27862,0.57618,6.4849,-0.88015,1.399
0.75168,0.16185,0.27799,0.57577,6.4557,-0.82872,1.397
0.75254,0.16037,0.27736,0.57535,6.4266,-0.78021,1.3951
0.75341,0.15889,0.27672,0.57494,6.3977,-0.73475,1.3932
0.75427,0.15742,0.27609,0.57452,6.3689,-0.69245,1.3913
0.75512,0.15594,0.27545,0.57411,6.3403,-0.65343,1.3894
0.75598,0.15446,0.27482,0.57369,6.3119,-0.61776,1.3875
0.75683,0.15298,0.27418,0.57326,6.2836,-0.58556,1.3856
0.75768,0.1515,0.27354,0.57284,6.2555,-0.55688,1.3837
0.75853,0.15002,0.2729,0.57241,6.2276,-0.53182,1.3818
0.75937,0.14854,0.27226,0.57199,6.1998,-0.51042,1.38
0.76021,0.14706,0.27162,0.57156,6.1722,-0.49275,1.3781
0.76105,0.14557,0.27097,0.57112,6.1449,-0.47884,1.3763
0.76189,0.14409,0.27033,0.57069,6.1177,-0.46874,1.3745
0.76272,0.14261,0.26969,0.57025,6.0907,-0.46247,1.3727
0.76355,0.14112,0.26904,0.56982,6.0638,-0.46003,1.3709
0.76438,0.13964,0.26839,0.56937,6.0372,-0.46145,1.3691
0.76521,0.13816,0.26775,0.56893,6.0108,-0.46671,1.3674
0.76603,0.13667,0.2671,0.56849,5.9845,-0.47581,1.3656
0.76685,0.13519,0.26645,0.56804,5.9585,-0.48871,1.3639
0.76767,0.1337,0.2658,0.56759,5.9327,-0.50539,1.3622
0.76848,0.13221,0.26515,0.56714,5.9071,-0.52581,1.3605
0.76929,0.13073,0.2645,0.56669,5.8817,-0.54991,1.3588
0.7701,0.12924,0.26384,0.56624,5.8565,-0.57764,1.3571
0.77091,0.12775,0.26319,0.56578,5.8315,-0.60892,1.3554
0.77171,0.12626,0.26253,0.56532,5.8067,-0.64368,1.3538
0.77252,0.12477,0.26188,0.56486,5.7822,-0.68183,1.3521
0.77331,0.12329,0.26122,0.5644,5.7578,-0.72327,1.3505
0.77411,0.1218,0.26056,0.56394,5.7337,-0.76791,1.3489
0.7749,0.12031,0.2599,0.56347,5.7099,-0.81562,1.3473
0.77569,0.11882,0.25924,0.563,5.6862,-0.86629,1.3457
0.77648,0.11733,0.25858,0.56253,5.6628,-0.9198,1.3442
0.77727,0.11583,0.25792,0.56206,5.6396,-0.97601,1.3426
0.77805,0.11434,0.25726,0.56159,5.6167,-1.0348,1.3411
0.77883,0.11285,0.2566,0.56111,5.594,-1.096,1.3396
0.77961,0.11136,0.25593,0.56064,5.5715,-1.1594,1.3381
0.78038,0.10987,0.25527,0.56016,5.5493,-1.2249,1.3366
0.78115,0.10837,0.2546,0.55967,5.5273,-1.2924,1.3352
0.78192,0.10688,0.25394,0.55919,5.5056,-1.3617,1.3337
0.78269,0.10538,0.25327,0.55871,5.4841,-1.4325,1.3323
0.78345,0.10389,0.2526,0.55822,5.4629,-1.5048,1.3309
0.78421,0.1024,0.25193,0.55773,5.4419,-1.5783,1.3295
0.78497,0.1009,0.25126,0.55724,5.4212,-1.6528,1.3281
0.78572,0.099405,0.25059,0.55674,5.4007,-1.7282,1.3267
0.78647,0.09791,0.24992,0.55625,5.3805,-1.8043,1.3254
0.78722,0.096413,0.24924,0.55575,5.3606,-1.8809,1.324
0.78797,0.094917,0.24857,0.55525,5.3409,-1.9578,1.3227
0.78872,0.09342,0.2479,0.55475,5.3215,-2.0348,1.3214
0.78946,0.091923,0.24722,0.55425,5.3024,-2.1117,1.3202
0.7902,0.090426,0.24654,0.55374,5.2835,-2.1883,1.3189
0.79093,0.088928,0.24587,0.55324,5.2649,-2.2645,1.3177
0.79166,0.08743,0.24519,0.55273,5.2466,-2.34,1.3164
0.79239,0.085932,0.24451,0.55222,5.2285,-2.4146,1.3152
0.79312,0.084433,0.24383,0.5517,5.2107,-2.4882,1.314
0.79385,0.082934,0.24315,0.55119,5.1932,-2.5606,1.3129
0.79457,0.081435,0.24247,0.55067,5.176,-2.6316,1.3117
0.79529,0.079936,0.24179,0.55015,5.1591,-2.701,1.3106
0.796,0.078436,0.2411,0.54963,5.1424,-2.7687,1.3095
0.79672,0.076936,0.24042,0.54911,5.1261,-2.8344,1.3084
0.79743,0.075436,0.23973,0.54859,5.11,-2.8981,1.3073
0.79814,0.073935,0.23905,0.54806,5.0942,-2.9595,1.3063
0.79884,0.072434,0.23836,0.54753,5.0787,-3.0185,1.3052
0.79954,0.070933,0.23767,0.547,5.0635,-3.0749,1.3042
0.80024,0.069432,0.23699,0.54647,5.0486,-3.1287,1.3032
0.80094,0.06793,0.2363,0.54594,5.034,-3.1796,1.3023
0.80163,0.066428,0.23561,0.5454,5.0197,-3.2277,1.3013
0.80232,0.064926,0.23492,0.54486,5.0057,-3.2726,1.3004
0.80301,0.063424,0.23423,0.54432,4.9919,-3.3143,1.2995
0.8037,0.061922,0.23353,0.54378,4.9785,-3.3528,1.2986
0.80438,0.060419,0.23284,0.54324,4.9654,-3.3879,1.2977
0.80506,0.058916,0.23215,0.54269,4.9526,-3.4195,1.2968
0.80574,0.057413,0.23145,0.54214,4.9401,-3.4476,1.296
0.80641,0.055909,0.23076,0.5416,4.9279,-3.472,1.2952
0.80708,0.054406,0.23006,0.54104,4.916,-3.4928,1.2944
0.80775,0.052902,0.22936,0.54049,4.9044,-3.5099,1.2936
0.80842,0.051398,0.22866,0.53994,4.8931,-3.5231,1.2929
0.80908,0.049894,0.22797,0.53938,4.8821,-3.5326,1.2921
0.80974,0.04839,0.22727,0.53882,4.8715,-3.5382,1.2914
0.8104,0.046886,0.22657,0.53826,4.8611,-3.54,1.2907
0.81105,0.045381,0.22586,0.5377,4.8511,-3.5379,1.2901
0.8117,0.043876,0.22516,0.53713,4.8414,-3.532,1.2894
0.81235,0.042371,0.22446,0.53657,4.832,-3.5223,1.2888
0.813,0.040866,0.22376,0.536,4.8229,-3.5087,1.2882
0.81364,0.039361,0.22305,0.53543,4.8142,-3.4914,1.2876
0.81428,0.037856,0.22235,0.53486,4.8057,-3.4704,1.287
0.81492,0.03635,0.22164,0.53428,4.7976,-3.4457,1.2865
0.81555,0.034845,0.22093,0.53371,4.7898,-3.4173,1.286
0.81619,0.033339,0.22023,0.53313,4.7823,-3.3855,1.2855
0.81681,0.031833,0.21952,0.53255,4.7751,-3.3501,1.285
0.81744,0.030327,0.21881,0.53197,4.7683,-3.3114,1.2846
0.81806,0.028821,0.2181,0.53139,4.7618,-3.2694,1.2841
0.81868,0.027315,0.21739,0.5308,4.7556,-3.2243,1.2837
0.8193,0.025809,0.21668,0.53022,4.7497,-3.1761,1.2833
0.81992,0.024302,0.21597,0.52963,4.7442,-3.1249,1.2829
0.82053,0.022796,0.21525,0.52904,4.739,-3.0709,1.2826
0.82114,0.02129,0.21454,0.52845,4.7341,-3.0143,1.2823
0.82174,0.019783,0.21383,0.52785,4.7295,-2.9551,1.282
0.82235,0.018276,0.21311,0.52726,4.7253,-2.8935,1.2817
0.82295,0.01677,0.21239,0.52666,4.7213,-2.8297,1.2814
0.82354,0.015263,0.21168,0.52606,4.7178,-2.7638,1.2812
0.82414,0.013756,0.21096,0.52546,4.7145,-2.6961,1.281
0.82473,0.012249,0.21024,0.52485,4.7116,-2.6265,1.2808
0.82532,0.010742,0.20952,0.52425,4.709,-2.5554,1.2806
0.8259,0.0092354,0.2088,0.52364,4.7067,-2.483,1.2804
0.82649,0.0077284,0.20808,0.52303,4.7048,-2.4093,1.2803
0.82707,0.0062214,0.20736,0.52242,4.7032,-2.3346,1.2802
0.82764,0.0047144,0.20664,0.52181,4.7019,-2.259,1.2801
0.82822,0.0032073,0.20592,0.5212,4.7009,-2.1828,1.2801
0.82879,0.0017003,0.2052,0.52058,4.7003,-2.1062,1.28
0.82936,0.0001932,0.20447,0.51996,4.7,-2.0292,1.28
0.82992,-0.0013139,0.20375,0.51934,4.7001,-1.9523,1.28
0.83048,-0.0028209,0.20302,0.51872,4.7004,-1.8754,1.28
0.83104,-0.004328,0.2023,0.5181,4.7011,-1.7988,1.2801
0.8316,-0.005835,0.20157,0.51747,4.7022,-1.7228,1.2801
0.83215,-0.007342,0.20084,0.51684,4.7035,-1.6474,1.2802
0.83271,-0.008849,0.20011,0.51622,4.7052,-1.5729,1.2803
0.83325,-0.010356,0.19939,0.51558,4.7072,-1.4995,1.2805
0.8338,-0.011863,0.19866,0.51495,4.7096,-1.4273,1.2806
0.83434,-0.01337,0.19793,0.51432,4.7123,-1.3566,1.2808
0.83488,-0.014877,0.1972,0.51368,4.7153,-1.2875,1.281
0.83542,-0.016383,0.19646,0.51304,4.7186,-1.2201,1.2812
0.83595,-0.01789,0.19573,0.5124,4.7223,-1.1547,1.2815
0.83648,-0.019397,0.195,0.51176,4.7262,-1.0915,1.2817
0.83701,-0.020903,0.19427,0.51112,4.7306,-1.0304,1.282
0.83753,-0.02241,0.19353,0.51047,4.7352,-0.97186,1.2823
0.83805,-0.023916,0.1928,0.50983,4.7402,-0.91584,1.2827
0.83857,-0.025423,0.19206,0.50918,4.7455,-0.86254,1.283
0.83909,-0.026929,0.19132,0.50853,4.7511,-0.81207,1.2834
0.8396,-0.028435,0.19059,0.50788,4.757,-0.76458,1.2838
0.84011,-0.029941,0.18985,0.50722,4.7633,-0.72017,1.2842
0.84062,-0.031447,0.18911,0.50657,4.7699,-0.67896,1.2847
0.84112,-0.032953,0.18837,0.50591,4.7768,-0.64105,1.2851
0.84162,-0.034459,0.18763,0.50525,4.7841,-0.60654,1.2856
0.84212,-0.035964,0.18689,0.50459,4.7916,-0.57551,1.2861
0.84262,-0.03747,0.18615,0.50393,4.7995,-0.54805,1.2866
0.84311,-0.038975,0.18541,0.50326,4.8077,-0.52421,1.2872
0.8436,-0.04048,0.18467,0.5026,4.8162,-0.50406,1.2877
0.84408,-0.041985,0.18392,0.50193,4.8251,-0.48765,1.2883
0.84457,-0.04349,0.18318,0.50126,4.8342,-0.47502,1.2889
0.84505,-0.044995,0.18244,0.50059,4.8437,-0.4662,1.2896
0.84553,-0.0465,0.18169,0.49991,4.8535,-0.46122,1.2902
0.846,-0.048004,0.18095,0.49924,4.8636,-0.46008,1.2909
0.84647,-0.049509,0.1802,0.49856,4.874,-0.46279,1.2916
0.84694,-0.051013,0.17945,0.49788,4.8848,-0.46934,1.2923
0.84741,-0.052517,0.17871,0.4972,4.8958,-0.47972,1.2931
0.84787,-0.05402,0.17796,0.49652,4.9071,-0.4939,1.2938
0.84833,-0.055524,0.17721,0.49584,4.9188,-0.51184,1.2946
0.84878,-0.057027,0.17646,0.49515,4.9308,-0.53351,1.2954
0.84924,-0.058531,0.17571,0.49446,4.9431,-0.55883,1.2962
0.84969,-0.060034,0.17496,0.49377,4.9556,-0.58777,1.297
0.85014,-0.061536,0.17421,0.49308,4.9685,-0.62023,1.2979
0.85058,-0.063039,0.17346,0.49239,4.9817,-0.65613,1.2988
0.85102,-0.064541,0.17271,0.4917,4.9952,-0.6954,1.2997
0.85146,-0.066043,0.17195,0.491,5.009,-0.73793,1.3006
0.8519,-0.067545,0.1712,0.4903,5.0231,-0.78361,1.3015
0.85233,-0.069047,0.17045,0.4896,5.0375,-0.83234,1.3025
0.85276,-0.070548,0.16969,0.4889,5.0522,-0.88398,1.3035
0.85319,-0.072049,0.16894,0.4882,5.0672,-0.93841,1.3045
0.85361,-0.07355,0.16818,0.4875,5.0824,-0.9955,1.3055
0.85403,-0.075051,0.16742,0.48679,5.098,-1.0551,1.3065
0.85445,-0.076551,0.16667,0.48608,5.1138,-1.117,1.3076
0.85487,-0.078051,0.16591,0.48537,5.13,-1.1812,1.3087
0.85528,-0.079551,0.16515,0.48466,5.1464,-1.2474,1.3098
0.85569,-0.081051,0.16439,0.48395,5.1631,-1.3155,1.3109
0.85609,-0.08255,0.16363,0.48323,5.1801,-1.3853,1.312
0.8565,-0.084049,0.16287,0.48252,5.1974,-1.4567,1.3132
0.8569,-0.085548,0.16211,0.4818,5.215,-1.5294,1.3143
0.85729,-0.087046,0.16135,0.48108,5.2328,-1.6032,1.3155
0.85769,-0.088544,0.16059,0.48036,5.2509,-1.6781,1.3167
0.85808,-0.090042,0.15983,0.47964,5.2693,-1.7538,1.318
0.85847,-0.091539,0.15906,0.47891,5.288,-1.83,1.3192
0.85885,-0.093037,0.1583,0.47818,5.3069,-1.9068,1.3205
0.85923,-0.094533,0.15754,0.47746,5.3261,-1.9837,1.3217
0.85961,-0.09603,0.15677,0.47673,5.3456,-2.0607,1.323
0.85999,-0.097526,0.15601,0.47599,5.3654,-2.1375,1.3244
0.86036,-0.099022,0.15524,0.47526,5.3854,-2.214,1.3257
0.86073,-0.10052,0.15448,0.47453,5.4056,-2.29,1.327
0.8611,-0.10201,0.15371,0.47379,5.4261,-2.3652,1.3284
0.86146,-0.10351,0.15294,0.47305,5.4469,-2.4395,1.3298
0.86182,-0.105,0.15217,0.47231,5.468,-2.5127,1.3312
0.86218,-0.1065,0.15141,0.47157,5.4893,-2.5847,1.3326
0.86254,-0.10799,0.15064,0.47083,5.5108,-2.6551,1.3341
0.86289,-0.10948,0.14987,0.47008,5.5326,-2.724,1.3355
0.86324,-0.11098,0.1491,0.46934,5.5546,-2.791,1.337
0.86358,-0.11247,0.14833,0.46859,5.5769,-2.8561,1.3385
0.86393,-0.11396,0.14756,0.46784,5.5994,-2.919,1.34
0.86426,-0.11545,0.14679,0.46709,5.6222,-2.9796,1.3415
0.8646,-0.11694,0.14601,0.46633,5.6452,-3.0377,1.343
0.86494,-0.11843,0.14524,0.46558,5.6684,-3.0933,1.3446
0.86527,-0.11992,0.14447,0.46482,5.6919,-3.1462,1.3461
0.86559,-0.12141,0.1437,0.46407,5.7156,-3.1961,1.3477
0.86592,-0.1229,0.14292,0.46331,5.7395,-3.2431,1.3493
0.86624,-0.12439,0.14215,0.46255,5.7637,-3.287,1.3509
0.86656,-0.12588,0.14137,0.46178,5.7881,-3.3276,1.3525
0.86687,-0.12737,0.1406,0.46102,5.8127,-3.365,1.3542
0.86719,-0.12886,0.13982,0.46025,5.8375,-3.3989,1.3558
0.8675,-0.13035,0.13905,0.45949,5.8625,-3.4294,1.3575
0.8678,-0.13183,0.13827,0.45872,5.8878,-3.4562,1.3592
0.86811,-0.13332,0.13749,0.45795,5.9132,-3.4794,1.3609
0.86841,-0.13481,0.13671,0.45717,5.9389,-3.499,1.3626
0.8687,-0.13629,0.13593,0.4564,5.9648,-3.5147,1.3643
0.869,-0.13778,0.13516,0.45562,5.9908,-3.5267,1.3661
0.86929,-0.13926,0.13438,0.45485,6.0171,-3.5349,1.3678
0.86958,-0.14074,0.1336,0.45407,6.0436,-3.5392,1.3696
0.86986,-0.14223,0.13282,0.45329,6.0703,-3.5397,1.3714
0.87014,-0.14371,0.13204,0.45251,6.0971,-3.5364,1.3731
0.87042,-0.14519,0.13126,0.45172,6.1242,-3.5292,1.3749
0.8707,-0.14668,0.13047,0.45094,6.1514,-3.5182,1.3768
0.87097,-0.14816,0.12969,0.45015,6.1789,-3.5033,1.3786
0.87124,-0.14964,0.12891,0.44936,6.2065,-3.4848,1.3804
0.87151,-0.15112,0.12813,0.44857,6.2343,-3.4625,1.3823
0.87177,-0.1526,0.12734,0.44778,6.2622,-3.4366,1.3841
0.87203,-0.15408,0.12656,0.44699,6.2904,-3.407,1.386
0.87229,-0.15556,0.12578,0.44619,6.3187,-3.374,1.3879
0.87255,-0.15704,0.12499,0.4454,6.3472,-3.3375,1.3898
0.8728,-0.15851,0.12421,0.4446,6.3758,-3.2977,1.3917
0.87305,-0.15999,0.12342,0.4438,6.4046,-3.2546,1.3936
0.87329,-0.16147,0.12263,0.443,6.4336,-3.2084,1.3956
0.87353,-0.16294,0.12185,0.4422,6.4627,-3.1592,1.3975
0.87377,-0.16442,0.12106,0.44139,6.492,-3.1071,1.3995
0.87401,-0.1659,0.12027,0.44059,6.5214,-3.0522,1.4014
0.87424,-0.16737,0.11949,0.43978,6.551,-2.9947,1.4034
0.87447,-0.16884,0.1187,0.43897,6.5807,-2.9347,1.4054
0.8747,-0.17032,0.11791,0.43816,6.6106,-2.8723,1.4074
0.87493,-0.17179,0.11712,0.43735,6.6406,-2.8078,1.4094
0.87515,-0.17326,0.11633,0.43654,6.6707,-2.7413,1.4114
0.87536,-0.17473,0.11554,0.43572,6.701,-2.6729,1.4134
0.87558,-0.1762,0.11475,0.43491,6.7314,-2.6028,1.4154
0.87579,-0.17767,0.11396,0.43409,6.7619,-2.5312,1.4175
0.876,-0.17914,0.11317,0.43327,6.7925,-2.4583,1.4195
0.87621,-0.18061,0.11238,0.43245,6.8233,-2.3842,1.4216
0.87641,-0.18208,0.11159,0.43163,6.8542,-2.3092,1.4236
0.87661,-0.18355,0.11079,0.43081,6.8852,-2.2334,1.4257
0.8768,-0.18502,0.11,0.42998,6.9163,-2.1571,1.4278
0.877,-0.18648,0.10921,0.42915,6.9475,-2.0803,1.4298
0.87719,-0.18795,0.10842,0.42833,6.9789,-2.0033,1.4319
0.87738,-0.18941,0.10762,0.4275,7.0103,-1.9264,1.434
0.87756,-0.19088,0.10683,0.42666,7.0418,-1.8496,1.4361
0.87774,-0.19234,0.10603,0.42583,7.0735,-1.7732,1.4382
0.87792,-0.1938,0.10524,0.425,7.1052,-1.6973,1.4403
0.87809,-0.19527,0.10444,0.42416,7.137,-1.6222,1.4425
0.87827,-0.19673,0.10365,0.42332,7.1689,-1.5481,1.4446
0.87843,-0.19819,0.10285,0.42249,7.2009,-1.4751,1.4467
0.8786,-0.19965,0.10206,0.42165,7.2329,-1.4034,1.4489
0.87876,-0.20111,0.10126,0.4208,7.2651,-1.3332,1.451
0.87892,-0.20257,0.10046,0.41996,7.2973,-1.2646,1.4532
0.87908,-0.20403,0.099665,0.41912,7.3295,-1.1979,1.4553
0.87923,-0.20548,0.098867,0.41827,7.3619,-1.1332,1.4575
0.87938,-0.20694,0.098069,0.41742,7.3943,-1.0707,1.4596
0.87953,-0.2084,0.097271,0.41657,7.4268,-1.0105,1.4618
0.87967,-0.20985,0.096472,0.41572,7.4593,-0.95273,1.464
0.87982,-0.21131,0.095673,0.41487,7.4919,-0.89761,1.4661
0.87995,-0.21276,0.094873,0.41402,7.5245,-0.84524,1.4683
0.88009,-0.21422,0.094074,0.41316,7.5572,-0.79576,1.4705
0.88022,-0.21567,0.093274,0.41231,7.5899,-0.74929,1.4727
0.88035,-0.21712,0.092473,0.41145,7.6227,-0.70595,1.4748
0.88048,-0.21857,0.091673,0.41059,7.6555,-0.66584,1.477
0.8806,-0.22002,0.090872,0.40973,7.6883,-0.62906,1.4792
0.88072,-0.22147,0.09007,0.40887,7.7212,-0.59572,1.4814
0.88083,-0.22292,0.089269,0.40801,7.7541,-0.56588,1.4836
0.88095,-0.22437,0.088467,0.40714,7.787,-0.53962,1.4858
0.88106,-0.22581,0.087665,0.40628,7.8199,-0.51702,1.488
0.88117,-0.22726,0.086862,0.40541,7.8529,-0.49812,1.4902
0.88127,-0.2287,0.086059,0.40454,7.8859,-0.48298,1.4924
0.88137,-0.23015,0.085256,0.40367,7.9188,-0.47163,1.4946
0.88147,-0.23159,0.084453,0.4028,7.9518,-0.4641,1.4968
0.88156,-0.23304,0.083649,0.40192,7.9848,-0.46041,1.499
0.88166,-0.23448,0.082845,0.40105,8.0178,-0.46056,1.5012
0.88174,-0.23592,0.08204,0.40017,8.0508,-0.46457,1.5034
0.88183,-0.23736,0.081236,0.39929,8.0838,-0.47241,1.5056
0.88191,-0.2388,0.080431,0.39842,8.1168,-0.48407,1.5078
0.88199,-0.24024,0.079626,0.39754,8.1498,-0.49952,1.51
0.88207,-0.24168,0.07882,0.39665,8.1827,-0.51872,1.5122
0.88214,-0.24311,0.078014,0.39577,8.2157,-0.54162,1.5144
0.88221,-0.24455,0.077208,0.39489,8.2486,-0.56817,1.5166
0.88228,-0.24599,0.076402,0.394,8.2815,-0.59829,1.5188
0.88234,-0.24742,0.075596,0.39311,8.3144,-0.63192,1.521
0.8824,-0.24885,0.074789,0.39222,8.3472,-0.66897,1.5231
0.88246,-0.25029,0.073982,0.39133,8.38,-0.70935,1.5253
0.88252,-0.25172,0.073174,0.39044,8.4128,-0.75295,1.5275
0.88257,-0.25315,0.072367,0.38955,8.4455,-0.79967,1.5297
0.88262,-0.25458,0.071559,0.38866,8.4781,-0.84938,1.5319
0.88266,-0.25601,0.070751,0.38776,8.5108,-0.90198,1.5341
0.88271,-0.25744,0.069942,0.38686,8.5434,-0.95732,1.5362
0.88275,-0.25887,0.069134,0.38597,8.5759,-1.0153,1.5384
0.88278,-0.26029,0.068325,0.38507,8.6083,-1.0757,1.5406
0.88281,-0.26172,0.067516,0.38417,8.6407,-1.1384,1.5427
0.88284,-0.26314,0.066707,0.38326,8.6731,-1.2033,1.5449
0.88287,-0.26457,0.065897,0.38236,8.7054,-1.2701,1.547
0.8829,-0.26599,0.065087,0.38146,8.7376,-1.3388,1.5492
0.88292,-0.26741,0.064277,0.38055,8.7697,-1.4091,1.5513
0.88293,-0.26883,0.063467,0.37964,8.8017,-1.481,1.5534
0.88295,-0.27025,0.062657,0.37873,8.8337,-1.5541,1.5556
0.88296,-0.27167,0.061846,0.37782,8.8656,-1.6283,1.5577
0.88297,-0.27309,0.061035,0.37691,8.8974,-1.7035,1.5598
0.88297,-0.27451,0.060224,0.376,8.9291,-1.7794,1.5619
0.88298,-0.27593,0.059413,0.37508,8.9607,-1.8558,1.564
0.88298,-0.27734,0.058601,0.37417,8.9922,-1.9326,1.5661
0.88297,-0.27876,0.057789,0.37325,9.0237,-2.0096,1.5682
0.88296,-0.28017,0.056977,0.37233,9.055,-2.0866,1.5703
0.88295,-0.28158,0.056165,0.37141,9.0862,-2.1633,1.5724
0.88294,-0.28299,0.055353,0.37049,9.1173,-2.2396,1.5745
0.88293,-0.2844,0.05454,0.36957,9.1483,-2.3154,1.5766
0.88291,-0.28581,0.053728,0.36865,9.1792,-2.3903,1.5786
0.88288,-0.28722,0.052915,0.36772,9.2099,-2.4643,1.5807
0.88286,-0.28863,0.052102,0.3668,9.2406,-2.5371,1.5827
0.88283,-0.29004,0.051288,0.36587,9.2711,-2.6085,1.5847
0.8828,-0.29144,0.050475,0.36494,9.3015,-2.6785,1.5868
0.88276,-0.29285,0.049661,0.36401,9.3318,-2.7467,1.5888
0.88272,-0.29425,0.048848,0.36308,9.3619,-2.8131,1.5908
0.88268,-0.29565,0.048034,0.36215,9.3919,-2.8775,1.5928
0.88264,-0.29705,0.047219,0.36122,9.4217,-2.9396,1.5948
0.88259,-0.29845,0.046405,0.36028,9.4514,-2.9994,1.5968
0.88254,-0.29985,0.045591,0.35935,9.481,-3.0567,1.5987
0.88249,-0.30125,0.044776,0.35841,9.5104,-3.1114,1.6007
0.88243,-0.30265,0.043961,0.35747,9.5397,-3.1633,1.6026
0.88237,-0.30404,0.043146,0.35653,9.5688,-3.2123,1.6046
0.88231,-0.30544,0.042331,0.35559,9.5977,-3.2582,1.6065
0.88224,-0.30683,0.041516,0.35465,9.6265,-3.301,1.6084
0.88218,-0.30823,0.040701,0.3537,9.6552,-3.3406,1.6103
0.8821,-0.30962,0.039885,0.35276,9.6836,-3.3768,1.6122
0.88203,-0.31101,0.03907,0.35181,9.7119,-3.4095,1.6141
0.88195,-0.3124,0.038254,0.35087,9.7401,-3.4388,1.616
0.88187,-0.31379,0.037438,0.34992,9.768,-3.4644,1.6179
0.88179,-0.31517,0.036622,0.34897,9.7958,-3.4864,1.6197
0.8817,-0.31656,0.035806,0.34802,9.8234,-3.5047,1.6216
0.88161,-0.31795,0.034989,0.34706,9.8508,-3.5192,1.6234
0.88151,-0.31933,0.034173,0.34611,9.878,-3.5299,1.6252
0.88142,-0.32071,0.033356,0.34516,9.9051,-3.5368,1.627
0.88132,-0.32209,0.03254,0.3442,9.9319,-3.5398,1.6288
0.88122,-0.32348,0.031723,0.34324,9.9586,-3.539,1.6306
0.88111,-0.32485,0.030906,0.34229,9.985,-3.5344,1.6323
0.881,-0.32623,0.030089,0.34133,10.011,-3.5259,1.6341
0.88089,-0.32761,0.029272,0.34037,10.037,-3.5136,1.6358
0.88077,-0.32899,0.028455,0.3394,10.063,-3.4975,1.6375
0.88066,-0.33036,0.027637,0.33844,10.089,-3.4777,1.6393
0.88053,-0.33174,0.02682,0.33748,10.114,-3.4542,1.641
0.88041,-0.33311,0.026002,0.33651,10.14,-3.427,1.6426
0.88028,-0.33448,0.025185,0.33555,10.165,-3.3963,1.6443
0.88015,-0.33585,0.024367,0.33458,10.189,-3.3621,1.646
0.88002,-0.33722,0.023549,0.33361,10.214,-3.3245,1.6476
0.87988,-0.33859,0.022731,0.33264,10.238,-3.2835,1.6492
0.87974,-0.33996,0.021914,0.33167,10.262,-3.2394,1.6508
0.8796,-0.34132,0.021096,0.3307,10.286,-3.1922,1.6524
0.87945,-0.34269,0.020277,0.32972,10.31,-3.142,1.654
0.8793,-0.34405,0.019459,0.32875,10.333,-3.0889,1.6556
0.87915,-0.34541,0.018641,0.32777,10.357,-3.0331,1.6571
0.879,-0.34677,0.017823,0.32679,10.38,-2.9747,1.6586
0.87884,-0.34813,0.017004,0.32582,10.402,-2.9139,1.6602
0.87868,-0.34949,0.016186,0.32484,10.425,-2.8508,1.6617
0.87851,-0.35085,0.015368,0.32386,10.447,-2.7856,1.6631
0.87835,-0.3522,0.014549,0.32288,10.469,-2.7185,1.6646
0.87818,-0.35356,0.01373,0.32189,10.491,-2.6495,1.6661
0.878,-0.35491,0.012912,0.32091,10.512,-2.5789,1.6675
0.87783,-0.35626,0.012093,0.31992,10.534,-2.5068,1.6689
0.87765,-0.35761,0.011275,0.31894,10.555,-2.4335,1.6703
0.87746,-0.35896,0.010456,0.31795,10.576,-2.3591,1.6717
0.87728,-0.36031,0.009637,0.31696,10.596,-2.2838,1.6731
0.87709,-0.36166,0.0088182,0.31597,10.616,-2.2078,1.6744
0.8769,-0.36301,0.0079993,0.31498,10.636,-2.1313,1.6758
0.8767,-0.36435,0.0071804,0.31399,10.656,-2.0544,1.6771
0.8765,-0.36569,0.0063616,0.313,10.675,-1.9775,1.6784
0.8763,-0.36704,0.0055426,0.31201,10.695,-1.9005,1.6796
0.8761,-0.36838,0.0047237,0.31101,10.714,-1.8238,1.6809
0.87589,-0.36972,0.0039047,0.31002,10.732,-1.7476,1.6821
0.87568,-0.37106,0.0030858,0.30902,10.751,-1.672,1.6834
0.87547,-0.37239,0.0022668,0.30802,10.769,-1.5972,1.6846
0.87525,-0.37373,0.0014478,0.30702,10.786,-1.5234,1.6858
0.87503,-0.37506,0.00062881,0.30602,10.804,-1.4508,1.6869
0.87481,-0.3764,-0.00019019,0.30502,10.821,-1.3796,1.6881
0.87458,-0.37773,-0.0010092,0.30402,10.838,-1.3099,1.6892
0.87435,-0.37906,-0.0018282,0.30301,10.855,-1.242,1.6903
0.87412,-0.38039,-0.0026472,0.30201,10.871,-1.1759,1.6914
0.87389,-0.38171,-0.0034661,0.301,10.887,-1.1119,1.6925
0.87365,-0.38304,-0.0042851,0.3,10.903,-1.0502,1.6936
0.87341,-0.38437,-0.005104,0.29899,10.919,-0.99077,1.6946
0.87316,-0.38569,-0.005923,0.29798,10.934,-0.93389,1.6956
0.87292,-0.38701,-0.0067419,0.29697,10.949,-0.87968,1.6966
0.87267,-0.38833,-0.0075608,0.29596,10.964,-0.82827,1.6976
0.87241,-0.38965,-0.0083796,0.29495,10.978,-0.77979,1.6985
0.87216,-0.39097,-0.0091985,0.29394,10.992,-0.73436,1.6995
0.8719,-0.39229,-0.010017,0.29292,11.006,-0.69209,1.7004
0.87164,-0.3936,-0.010836,0.29191,11.019,-0.65309,1.7013
0.87137,-0.39492,-0.011655,0.29089,11.033,-0.61746,1.7022
0.8711,-0.39623,-0.012473,0.28987,11.045,-0.58529,1.703
0.87083,-0.39754,-0.013292,0.28886,11.058,-0.55664,1.7039
0.87056,-0.39885,-0.014111,0.28784,11.07,-0.53161,1.7047
0.87028,-0.40016,-0.014929,0.28682,11.082,-0.51025,1.7055
0.87,-0.40147,-0.015748,0.2858,11.094,-0.49261,1.7063
0.86971,-0.40277,-0.016566,0.28477,11.105,-0.47874,1.707
0.86943,-0.40408,-0.017385,0.28375,11.116,-0.46867,1.7077
0.86914,-0.40538,-0.018203,0.28273,11.127,-0.46243,1.7085
0.86884,-0.40668,-0.019021,0.2817,11.137,-0.46003,1.7091
0.86855,-0.40798,-0.019839,0.28068,11.147,-0.46148,1.7098
0.86825,-0.40928,-0.020657,0.27965,11.157,-0.46678,1.7105
0.86795,-0.41058,-0.021475,0.27862,11.167,-0.4759,1.7111
0.86764,-0.41188,-0.022293,0.27759,11.176,-0.48884,1.7117
0.86733,-0.41317,-0.023111,0.27656,11.184,-0.50556,1.7123
0.86702,-0.41446,-0.023929,0.27553,11.193,-0.52601,1.7129
0.86671,-0.41575,-0.024747,0.2745,11.201,-0.55014,1.7134
0.86639,-0.41704,-0.025564,0.27347,11.209,-0.5779,1.7139
0.86607,-0.41833,-0.026382,0.27243,11.217,-0.60921,1.7144
0.86575,-0.41962,-0.027199,0.2714,11.224,-0.644,1.7149
0.86542,-0.42091,-0.028017,0.27036,11.231,-0.68218,1.7154
0.86509,-0.42219,-0.028834,0.26933,11.237,-0.72365,1.7158
0.86476,-0.42347,-0.029651,0.26829,11.243,-0.76832,1.7162
0.86443,-0.42475,-0.030468,0.26725,11.249,-0.81606,1.7166
0.86409,-0.42603,-0.031285,0.26621,11.255,-0.86676,1.717
0.86375,-0.42731,-0.032102,0.26517,11.26,-0.92029,1.7173
0.8634,-0.42859,-0.032919,0.26413,11.265,-0.97652,1.7177
0.86305,-0.42986,-0.033736,0.26309,11.27,-1.0353,1.718
0.8627,-0.43114,-0.034552,0.26205,11.274,-1.0965,1.7183
0.86235,-0.43241,-0.035368,0.261,11.278,-1.16,1.7185
0.86199,-0.43368,-0.036185,0.25996,11.282,-1.2255,1.7188
0.86163,-0.43495,-0.037001,0.25891,11.285,-1.293,1.719
0.86127,-0.43622,-0.037817,0.25786,11.288,-1.3623,1.7192
0.86091,-0.43749,-0.038633,0.25682,11.291,-1.4331,1.7194
0.86054,-0.43875,-0.039448,0.25577,11.293,-1.5054,1.7195
0.86017,-0.44001,-0.040264,0.25472,11.295,-1.5789,1.7197
0.85979,-0.44127,-0.041079,0.25367,11.297,-1.6535,1.7198
0.85941,-0.44253,-0.041895,0.25262,11.298,-1.7289,1.7199
0.85903,-0.44379,-0.04271,0.25157,11.299,-1.805,1.7199
0.85865,-0.44505,-0.043525,0.25051,11.3,-1.8816,1.72
0.85826,-0.44631,-0.04434,0.24946,11.3,-1.9585,1.72
0.85787,-0.44756,-0.045154,0.2484,11.3,-2.0355,1.72
0.85748,-0.44881,-0.045969,0.24735,11.3,-2.1124,1.72
0.85709,-0.45006,-0.046783,0.24629,11.299,-2.189,1.7199
0.85669,-0.45131,-0.047598,0.24523,11.298,-2.2652,1.7199
0.85629,-0.45256,-0.048412,0.24418,11.297,-2.3407,1.7198
0.85588,-0.4538,-0.049226,0.24312,11.295,-2.4153,1.7197
0.85547,-0.45505,-0.050039,0.24206,11.293,-2.4889,1.7195
0.85506,-0.45629,-0.050853,0.241,11.291,-2.5613,1.7194
0.85465,-0.45753,-0.051666,0.23994,11.288,-2.6322,1.7192
0.85423,-0.45877,-0.052479,0.23887,11.285,-2.7016,1.719
0.85381,-0.46001,-0.053292,0.23781,11.282,-2.7693,1.7188
0.85339,-0.46125,-0.054105,0.23675,11.278,-2.835,1.7186
0.85296,-0.46248,-0.054918,0.23568,11.274,-2.8986,1.7183
0.85254,-0.46372,-0.05573,0.23462,11.27,-2.96,1.718
0.8521,-0.46495,-0.056542,0.23355,11.266,-3.019,1.7177
0.85167,-0.46618,-0.057354,0.23248,11.261,-3.0754,1.7174
0.85123,-0.4674,-0.058166,0.23141,11.255,-3.1292,1.717
0.85079,-0.46863,-0.058978,0.23034,11.25,-3.1801,1.7167
0.85035,-0.46986,-0.059789,0.22927,11.244,-3.2281,1.7163
0.8499,-0.47108,-0.060601,0.2282,11.238,-3.273,1.7158
0.84945,-0.4723,-0.061412,0.22713,11.231,-3.3147,1.7154
0.849,-0.47352,-0.062222,0.22606,11.224,-3.3531,1.715
0.84855,-0.47474,-0.063033,0.22499,11.217,-3.3882,1.7145
0.84809,-0.47596,-0.063843,0.22391,11.21,-3.4198,1.714
0.84763,-0.47717,-0.064653,0.22284,11.202,-3.4478,1.7135
0.84716,-0.47838,-0.065463,0.22176,11.194,-3.4722,1.7129
0.84669,-0.4796,-0.066273,0.22069,11.185,-3.493,1.7123
0.84622,-0.48081,-0.067082,0.21961,11.176,-3.51,1.7118
0.84575,-0.48201,-0.067892,0.21853,11.167,-3.5232,1.7111
0.84528,-0.48322,-0.068701,0.21745,11.158,-3.5326,1.7105
0.8448,-0.48443,-0.069509,0.21638,11.148,-3.5382,1.7099
0.84431,-0.48563,-0.070318,0.2153,11.138,-3.54,1.7092
0.84383,-0.48683,-0.071126,0.21422,11.128,-3.5379,1.7085
0.84334,-0.48803,-0.071934,0.21313,11.117,-3.532,1.7078
0.84285,-0.48923,-0.072742,0.21205,11.106,-3.5222,1.7071
0.84236,-0.49043,-0.073549,0.21097,11.095,-3.5086,1.7063
0.84186,-0.49162,-0.074356,0.20989,11.083,-3.4913,1.7055
0.84136,-0.49281,-0.075163,0.2088,11.071,-3.4702,1.7047
0.84086,-0.494,-0.07597,0.20772,11.059,-3.4454,1.7039
0.84035,-0.49519,-0.076777,0.20663,11.046,-3.4171,1.7031
0.83984,-0.49638,-0.077583,0.20554,11.034,-3.3852,1.7022
0.83933,-0.49757,-0.078389,0.20446,11.02,-3.3498,1.7014
0.83882,-0.49875,-0.079194,0.20337,11.007,-3.3111,1.7005
0.8383,-0.49994,-0.08,0.20228,10.993,-3.2691,1.6995
0.83778,-0.50112,-0.080805,0.20119,10.979,-3.2239,1.6986
0.83726,-0.5023,-0.081609,0.2001,10.965,-3.1756,1.6977
0.83673,-0.50347,-0.082414,0.19901,10.95,-3.1244,1.6967
0.8362,-0.50465,-0.083218,0.19792,10.935,-3.0704,1.6957
0.83567,-0.50582,-0.084022,0.19683,10.92,-3.0138,1.6947
