0.61237,0.35355,0.35355,0.61237,20,1.3,1.5
0.61356,0.3522,0.35307,0.61224,20.027,1.2998,1.5165
0.61475,0.35084,0.35258,0.61211,20.055,1.2993,1.5329
0.61593,0.34949,0.3521,0.61197,20.082,1.2985,1.5493
0.61712,0.34813,0.35161,0.61184,20.11,1.2974,1.5656
0.6183,0.34677,0.35112,0.6117,20.137,1.2959,1.5816
0.61947,0.34541,0.35063,0.61156,20.164,1.2941,1.5975
0.62065,0.34404,0.35014,0.61141,20.192,1.2919,1.6132
0.62182,0.34268,0.34965,0.61127,20.219,1.2894,1.6285
0.623,0.34132,0.34916,0.61112,20.245,1.2866,1.6435
0.62417,0.33995,0.34866,0.61097,20.272,1.2835,1.6582
0.62533,0.33858,0.34817,0.61082,20.299,1.2801,1.6725
0.6265,0.33722,0.34767,0.61067,20.325,1.2763,1.6863
0.62766,0.33585,0.34717,0.61051,20.351,1.2722,1.6997
0.62882,0.33448,0.34667,0.61035,20.377,1.2677,1.7126
0.62998,0.3331,0.34617,0.61019,20.403,1.2629,1.7249
0.63114,0.33173,0.34567,0.61003,20.428,1.2579,1.7367
0.63229,0.33036,0.34517,0.60986,20.454,1.2524,1.7479
0.63344,0.32898,0.34466,0.6097,20.478,1.2467,1.7585
0.63459,0.32761,0.34416,0.60953,20.503,1.2406,1.7684
0.63574,0.32623,0.34365,0.60936,20.527,1.2342,1.7777
0.63688,0.32485,0.34314,0.60918,20.551,1.2275,1.7862
0.63803,0.32347,0.34263,0.60901,20.575,1.2205,1.7941
0.63917,0.32209,0.34212,0.60883,20.598,1.2131,1.8012
0.64031,0.32071,0.34161,0.60865,20.621,1.2054,1.8076
0.64144,0.31933,0.3411,0.60847,20.644,1.1974,1.8132
0.64258,0.31794,0.34058,0.60828,20.666,1.1891,1.818
0.64371,0.31656,0.34007,0.6081,20.687,1.1804,1.822
0.64484,0.31517,0.33955,0.60791,20.709,1.1715,1.8252
0.64597,0.31378,0.33903,0.60772,20.729,1.1622,1.8276
0.64709,0.31239,0.33852,0.60753,20.75,1.1526,1.8292
0.64821,0.311,0.338,0.60733,20.77,1.1427,1.8299
0.64933,0.30961,0.33747,0.60714,20.789,1.1325,1.8299
0.65045,0.30822,0.33695,0.60694,20.808,1.1219,1.829
0.65157,0.30683,0.33643,0.60674,20.826,1.1111,1.8272
0.65268,0.30543,0.3359,0.60653,20.844,1.0999,1.8247
0.65379,0.30404,0.33538,0.60633,20.862,1.0885,1.8214
0.6549,0.30264,0.33485,0.60612,20.878,1.0767,1.8172
0.65601,0.30125,0.33432,0.60591,20.895,1.0646,1.8123
0.65711,0.29985,0.33379,0.6057,20.91,1.0522,1.8066
0.65822,0.29845,0.33326,0.60549,20.926,1.0395,1.8001
0.65932,0.29705,0.33273,0.60527,20.94,1.0265,1.7928
0.66041,0.29565,0.3322,0.60505,20.954,1.0132,1.7849
0.66151,0.29424,0.33166,0.60483,20.968,0.99959,1.7762
0.6626,0.29284,0.33113,0.60461,20.98,0.98568,1.7668
0.66369,0.29144,0.33059,0.60439,20.992,0.97148,1.7568
0.66478,0.29003,0.33006,0.60416,21.004,0.95697,1.7461
0.66587,0.28862,0.32952,0.60393,21.015,0.94218,1.7348
0.66695,0.28722,0.32898,0.6037,21.025,0.92708,1.7229
0.66803,0.28581,0.32844,0.60347,21.035,0.9117,1.7105
0.66911,0.2844,0.32789,0.60323,21.044,0.89602,1.6975
0.67019,0.28299,0.32735,0.603,21.052,0.88006,1.684
0.67126,0.28158,0.32681,0.60276,21.06,0.8638,1.6701
0.67234,0.28016,0.32626,0.60252,21.067,0.84726,1.6558
0.6734,0.27875,0.32572,0.60227,21.073,0.83044,1.641
0.67447,0.27734,0.32517,0.60203,21.079,0.81333,1.6259
0.67554,0.27592,0.32462,0.60178,21.084,0.79594,1.6105
0.6766,0.2745,0.32407,0.60153,21.088,0.77827,1.5949
0.67766,0.27309,0.32352,0.60128,21.092,0.76033,1.579
0.67872,0.27167,0.32296,0.60103,21.095,0.7421,1.5628
0.67977,0.27025,0.32241,0.60077,21.097,0.72361,1.5466
0.68083,0.26883,0.32186,0.60051,21.099,0.70484,1.5302
0.68188,0.26741,0.3213,0.60025,21.1,0.6858,1.5137
0.68292,0.26599,0.32074,0.59999,21.1,0.66649,1.4972
0.68397,0.26456,0.32019,0.59973,21.1,0.64692,1.4807
0.68501,0.26314,0.31963,0.59946,21.098,0.62708,1.4643
0.68606,0.26171,0.31907,0.59919,21.097,0.60697,1.4479
0.68709,0.26029,0.31851,0.59892,21.094,0.58661,1.4317
0.68813,0.25886,0.31794,0.59865,21.091,0.56599,1.4157
0.68916,0.25743,0.31738,0.59837,21.087,0.54511,1.3998
0.6902,0.25601,0.31682,0.5981,21.082,0.52398,1.3842
0.69122,0.25458,0.31625,0.59782,21.077,0.50259,1.3689
0.69225,0.25315,0.31568,0.59754,21.071,0.48096,1.354
0.69328,0.25172,0.31511,0.59725,21.065,0.45908,1.3394
0.6943,0.25028,0.31455,0.59697,21.057,0.43695,1.3252
0.69532,0.24885,0.31398,0.59668,21.049,0.41457,1.3114
0.69633,0.24742,0.3134,0.59639,21.041,0.39196,1.2981
0.69735,0.24598,0.31283,0.5961,21.032,0.36911,1.2853
0.69836,0.24455,0.31226,0.59581,21.022,0.34601,1.273
0.69937,0.24311,0.31168,0.59551,21.011,0.32269,1.2613
0.70038,0.24167,0.31111,0.59521,21,0.29913,1.2503
0.70138,0.24023,0.31053,0.59491,20.988,0.27534,1.2398
0.70238,0.2388,0.30995,0.59461,20.976,0.25133,1.23
0.70338,0.23736,0.30937,0.59431,20.963,0.22709,1.2208
0.70438,0.23592,0.30879,0.594,20.95,0.20263,1.2124
0.70538,0.23447,0.30821,0.59369,20.935,0.17794,1.2047
0.70637,0.23303,0.30763,0.59338,20.921,0.15304,1.1977
0.70736,0.23159,0.30705,0.59307,20.905,0.12793,1.1914
0.70835,0.23014,0.30646,0.59276,20.889,0.1026,1.186
0.70933,0.2287,0.30588,0.59244,20.873,0.07706,1.1813
0.71031,0.22725,0.30529,0.59212,20.856,0.051313,1.1774
0.71129,0.22581,0.3047,0.5918,20.838,0.025361,1.1743
0.71227,0.22436,0.30412,0.59148,20.82,-0.00079348,1.1721
0.71325,0.22291,0.30353,0.59115,20.802,-0.027148,1.1706
0.71422,0.22147,0.30294,0.59083,20.783,-0.0537,1.17
0.71519,0.22002,0.30234,0.5905,20.763,-0.080446,1.1702
0.71616,0.21857,0.30175,0.59017,20.743,-0.10738,1.1713
0.71712,0.21711,0.30116,0.58983,20.723,-0.13451,1.1731
0.71808,0.21566,0.30056,0.5895,20.702,-0.16183,1.1758
0.71904,0.21421,0.29997,0.58916,20.68,-0.18932,1.1793
0.72,0.21276,0.29937,0.58882,20.658,-0.217,1.1836
0.72096,0.2113,0.29877,0.58848,20.636,-0.24486,1.1886
0.72191,0.20985,0.29817,0.58814,20.613,-0.27289,1.1945
0.72286,0.20839,0.29757,0.58779,20.59,-0.3011,1.2011
0.72381,0.20694,0.29697,0.58744,20.567,-0.32947,1.2085
0.72475,0.20548,0.29637,0.58709,20.543,-0.35802,1.2166
0.72569,0.20402,0.29577,0.58674,20.519,-0.38672,1.2254
0.72663,0.20256,0.29516,0.58639,20.495,-0.41559,1.2348
0.72757,0.20111,0.29456,0.58603,20.47,-0.44462,1.245
0.7285,0.19965,0.29395,0.58568,20.445,-0.4738,1.2558
0.72944,0.19819,0.29334,0.58532,20.42,-0.50313,1.2672
0.73037,0.19672,0.29273,0.58495,20.394,-0.53262,1.2792
0.73129,0.19526,0.29212,0.58459,20.368,-0.56225,1.2917
0.73222,0.1938,0.29151,0.58422,20.342,-0.59202,1.3047
0.73314,0.19234,0.2909,0.58386,20.316,-0.62194,1.3183
0.73406,0.19087,0.29029,0.58349,20.29,-0.65199,1.3323
0.73498,0.18941,0.28968,0.58311,20.263,-0.68218,1.3467
0.73589,0.18794,0.28906,0.58274,20.236,-0.7125,1.3615
0.7368,0.18648,0.28845,0.58236,20.209,-0.74295,1.3766
0.73771,0.18501,0.28783,0.58199,20.182,-0.77352,1.3921
0.73862,0.18354,0.28721,0.58161,20.155,-0.80422,1.4078
0.73952,0.18208,0.28659,0.58122,20.128,-0.83504,1.4237
0.74042,0.18061,0.28597,0.58084,20.101,-0.86597,1.4399
0.74132,0.17914,0.28535,0.58045,20.073,-0.89702,1.4562
0.74222,0.17767,0.28473,0.58007,20.046,-0.92817,1.4726
0.74311,0.1762,0.28411,0.57967,20.018,-0.95944,1.4891
0.744,0.17473,0.28348,0.57928,19.991,-0.9908,1.5055
0.74489,0.17326,0.28286,0.57889,19.963,-1.0223,1.522
0.74578,0.17178,0.28223,0.57849,19.936,-1.0538,1.5385
0.74666,0.17031,0.28161,0.57809,19.908,-1.0855,1.5548
0.74754,0.16884,0.28098,0.57769,19.881,-1.1173,1.571
0.74842,0.16736,0.28035,0.57729,19.854,-1.1491,1.587
0.74929,0.16589,0.27972,0.57689,19.826,-1.181,1.6028
0.75016,0.16442,0.27909,0.57648,19.799,-1.213,1.6184
0.75103,0.16294,0.27846,0.57607,19.772,-1.2451,1.6336
0.7519,0.16146,0.27783,0.57566,19.746,-1.2773,1.6485
0.75277,0.15999,0.27719,0.57525,19.719,-1.3095,1.6631
0.75363,0.15851,0.27656,0.57483,19.692,-1.3418,1.6772
0.75449,0.15703,0.27592,0.57442,19.666,-1.3742,1.6909
0.75535,0.15555,0.27529,0.574,19.64,-1.4066,1.7041
0.7562,0.15407,0.27465,0.57358,19.614,-1.4391,1.7168
0.75705,0.15259,0.27401,0.57315,19.589,-1.4717,1.729
0.7579,0.15111,0.27337,0.57273,19.563,-1.5043,1.7406
0.75875,0.14963,0.27273,0.5723,19.538,-1.5369,1.7515
0.75959,0.14815,0.27209,0.57187,19.513,-1.5696,1.7619
0.76043,0.14667,0.27145,0.57144,19.489,-1.6023,1.7716
0.76127,0.14519,0.27081,0.57101,19.465,-1.6351,1.7806
0.7621,0.14371,0.27016,0.57058,19.441,-1.6679,1.789
0.76294,0.14222,0.26952,0.57014,19.417,-1.7008,1.7966
0.76377,0.14074,0.26887,0.5697,19.394,-1.7337,1.8034
0.76459,0.13926,0.26823,0.56926,19.371,-1.7666,1.8095
0.76542,0.13777,0.26758,0.56882,19.349,-1.7995,1.8149
0.76624,0.13629,0.26693,0.56837,19.327,-1.8324,1.8194
0.76706,0.1348,0.26628,0.56793,19.305,-1.8654,1.8232
0.76788,0.13331,0.26563,0.56748,19.284,-1.8984,1.8261
0.76869,0.13183,0.26498,0.56703,19.264,-1.9314,1.8282
0.7695,0.13034,0.26433,0.56657,19.243,-1.9644,1.8295
0.77031,0.12885,0.26367,0.56612,19.224,-1.9974,1.83
0.77112,0.12737,0.26302,0.56566,19.204,-2.0304,1.8297
0.77192,0.12588,0.26236,0.56521,19.186,-2.0634,1.8285
0.77272,0.12439,0.26171,0.56474,19.168,-2.0964,1.8265
0.77352,0.1229,0.26105,0.56428,19.15,-2.1293,1.8237
0.77432,0.12141,0.26039,0.56382,19.133,-2.1623,1.8201
0.77511,0.11992,0.25973,0.56335,19.116,-2.1953,1.8156
0.7759,0.11843,0.25907,0.56288,19.1,-2.2282,1.8104
0.77669,0.11694,0.25841,0.56241,19.084,-2.2611,1.8045
0.77747,0.11545,0.25775,0.56194,19.069,-2.294,1.7977
0.77825,0.11396,0.25709,0.56147,19.055,-2.3268,1.7902
0.77903,0.11246,0.25643,0.56099,19.041,-2.3597,1.782
0.77981,0.11097,0.25576,0.56051,19.028,-2.3924,1.7731
0.78058,0.10948,0.2551,0.56003,19.016,-2.4252,1.7635
0.78135,0.10798,0.25443,0.55955,19.004,-2.4579,1.7532
0.78212,0.10649,0.25376,0.55907,18.992,-2.4905,1.7424
0.78288,0.105,0.2531,0.55858,18.982,-2.5232,1.7309
0.78365,0.1035,0.25243,0.55809,18.971,-2.5557,1.7188
0.78441,0.10201,0.25176,0.5576,18.962,-2.5882,1.7062
0.78516,0.10051,0.25109,0.55711,18.953,-2.6207,1.693
0.78592,0.099017,0.25042,0.55662,18.945,-2.653,1.6794
0.78667,0.097521,0.24974,0.55612,18.938,-2.6853,1.6653
0.78742,0.096025,0.24907,0.55562,18.931,-2.7176,1.6509
0.78816,0.094529,0.2484,0.55512,18.925,-2.7498,1.636
0.78891,0.093032,0.24772,0.55462,18.919,-2.7819,1.6208
0.78965,0.091535,0.24705,0.55412,18.914,-2.8139,1.6053
0.79039,0.090037,0.24637,0.55361,18.91,-2.8458,1.5895
0.79112,0.088539,0.24569,0.5531,18.907,-2.8777,1.5736
0.79185,0.087041,0.24501,0.55259,18.904,-2.9094,1.5574
0.79258,0.085543,0.24433,0.55208,18.902,-2.9411,1.5411
0.79331,0.084044,0.24365,0.55157,18.901,-2.9727,1.5247
0.79403,0.082545,0.24297,0.55105,18.9,-3.0042,1.5082
0.79475,0.081046,0.24229,0.55054,18.9,-3.0356,1.4917
0.79547,0.079546,0.24161,0.55002,18.901,-3.0669,1.4752
0.79619,0.078047,0.24093,0.5495,18.902,-3.098,1.4588
0.7969,0.076547,0.24024,0.54897,18.904,-3.1291,1.4425
0.79761,0.075046,0.23956,0.54845,18.907,-3.16,1.4263
0.79832,0.073546,0.23887,0.54792,18.91,-3.1909,1.4103
0.79902,0.072045,0.23818,0.54739,18.915,-3.2216,1.3946
0.79972,0.070543,0.2375,0.54686,18.919,-3.2522,1.3791
0.80042,0.069042,0.23681,0.54633,18.925,-3.2827,1.3639
0.80112,0.06754,0.23612,0.5458,18.931,-3.313,1.349
0.80181,0.066039,0.23543,0.54526,18.938,-3.3432,1.3345
0.8025,0.064536,0.23474,0.54472,18.945,-3.3733,1.3205
0.80319,0.063034,0.23405,0.54418,18.953,-3.4032,1.3069
0.80388,0.061532,0.23335,0.54364,18.962,-3.433,1.2937
0.80456,0.060029,0.23266,0.5431,18.972,-3.4627,1.2811
0.80524,0.058526,0.23197,0.54255,18.982,-3.4922,1.269
0.80591,0.057023,0.23127,0.542,18.992,-3.5215,1.2575
0.80659,0.055519,0.23058,0.54145,19.004,-3.5507,1.2467
0.80726,0.054016,0.22988,0.5409,19.016,-3.5798,1.2364
0.80793,0.052512,0.22918,0.54035,19.028,-3.6087,1.2268
0.80859,0.051008,0.22848,0.53979,19.041,-3.6374,1.2179
0.80925,0.049504,0.22778,0.53924,19.055,-3.666,1.2097
0.80991,0.048,0.22708,0.53868,19.07,-3.6944,1.2022
0.81057,0.046495,0.22638,0.53812,19.085,-3.7226,1.1955
0.81122,0.04499,0.22568,0.53755,19.1,-3.7507,1.1895
0.81187,0.043486,0.22498,0.53699,19.116,-3.7786,1.1843
0.81252,0.041981,0.22428,0.53642,19.133,-3.8063,1.1799
0.81317,0.040476,0.22357,0.53585,19.15,-3.8338,1.1763
0.81381,0.03897,0.22287,0.53528,19.168,-3.8612,1.1735
0.81445,0.037465,0.22216,0.53471,19.186,-3.8883,1.1715
0.81508,0.03596,0.22146,0.53414,19.205,-3.9153,1.1703
0.81572,0.034454,0.22075,0.53356,19.224,-3.9421,1.17
0.81635,0.032948,0.22004,0.53298,19.244,-3.9686,1.1705
0.81698,0.031442,0.21933,0.5324,19.264,-3.995,1.1718
0.8176,0.029936,0.21863,0.53182,19.284,-4.0212,1.1739
0.81822,0.02843,0.21792,0.53124,19.306,-4.0472,1.1769
0.81884,0.026924,0.2172,0.53065,19.327,-4.073,1.1806
0.81946,0.025418,0.21649,0.53006,19.349,-4.0985,1.1852
0.82007,0.023912,0.21578,0.52948,19.371,-4.1239,1.1905
0.82069,0.022405,0.21507,0.52888,19.394,-4.1491,1.1966
0.82129,0.020899,0.21435,0.52829,19.417,-4.174,1.2035
0.8219,0.019392,0.21364,0.5277,19.441,-4.1987,1.2111
0.8225,0.017885,0.21292,0.5271,19.465,-4.2232,1.2194
0.8231,0.016379,0.21221,0.5265,19.489,-4.2475,1.2285
0.8237,0.014872,0.21149,0.5259,19.513,-4.2715,1.2382
0.82429,0.013365,0.21077,0.5253,19.538,-4.2954,1.2485
0.82488,0.011858,0.21006,0.5247,19.563,-4.319,1.2595
0.82547,0.010351,0.20934,0.52409,19.589,-4.3423,1.2711
0.82605,0.0088442,0.20862,0.52348,19.614,-4.3654,1.2833
0.82664,0.0073373,0.2079,0.52287,19.64,-4.3883,1.296
0.82722,0.0058303,0.20718,0.52226,19.666,-4.411,1.3092
0.82779,0.0043232,0.20645,0.52165,19.693,-4.4334,1.3229
0.82837,0.0028162,0.20573,0.52104,19.719,-4.4556,1.3371
0.82894,0.0013091,0.20501,0.52042,19.746,-4.4775,1.3516
0.8295,-0.00019794,0.20428,0.5198,19.773,-4.4992,1.3665
0.83007,-0.001705,0.20356,0.51918,19.8,-4.5206,1.3818
0.83063,-0.0032121,0.20283,0.51856,19.827,-4.5418,1.3973
0.83119,-0.0047191,0.20211,0.51793,19.854,-4.5627,1.4131
0.83174,-0.0062261,0.20138,0.51731,19.881,-4.5833,1.4292
0.8323,-0.0077331,0.20065,0.51668,19.909,-4.6037,1.4454
0.83285,-0.0092401,0.19993,0.51605,19.936,-4.6239,1.4617
0.83339,-0.010747,0.1992,0.51542,19.964,-4.6438,1.4781
0.83394,-0.012254,0.19847,0.51479,19.991,-4.6634,1.4946
0.83448,-0.013761,0.19774,0.51415,20.018,-4.6827,1.5111
0.83502,-0.015268,0.19701,0.51352,20.046,-4.7018,1.5276
0.83555,-0.016774,0.19627,0.51288,20.073,-4.7206,1.544
0.83609,-0.018281,0.19554,0.51224,20.101,-4.7392,1.5603
0.83662,-0.019788,0.19481,0.5116,20.128,-4.7574,1.5764
0.83714,-0.021294,0.19407,0.51095,20.155,-4.7754,1.5923
0.83767,-0.022801,0.19334,0.51031,20.183,-4.7931,1.6081
0.83819,-0.024307,0.19261,0.50966,20.21,-4.8106,1.6235
0.83871,-0.025814,0.19187,0.50901,20.237,-4.8277,1.6387
0.83922,-0.02732,0.19113,0.50836,20.263,-4.8446,1.6534
0.83973,-0.028826,0.1904,0.50771,20.29,-4.8612,1.6679
0.84024,-0.030332,0.18966,0.50705,20.316,-4.8775,1.6818
0.84075,-0.031838,0.18892,0.5064,20.343,-4.8935,1.6954
0.84125,-0.033344,0.18818,0.50574,20.369,-4.9092,1.7084
0.84175,-0.034849,0.18744,0.50508,20.395,-4.9247,1.721
0.84225,-0.036355,0.1867,0.50442,20.42,-4.9398,1.7329
0.84274,-0.037861,0.18596,0.50375,20.445,-4.9546,1.7443
0.84324,-0.039366,0.18522,0.50309,20.47,-4.9692,1.7551
0.84372,-0.040871,0.18447,0.50242,20.495,-4.9834,1.7652
0.84421,-0.042376,0.18373,0.50175,20.519,-4.9974,1.7747
0.84469,-0.043881,0.18299,0.50108,20.544,-5.011,1.7835
0.84517,-0.045386,0.18224,0.50041,20.567,-5.0244,1.7916
0.84565,-0.04689,0.1815,0.49974,20.591,-5.0375,1.799
0.84612,-0.048395,0.18075,0.49906,20.614,-5.0502,1.8056
0.84659,-0.049899,0.18001,0.49839,20.636,-5.0626,1.8114
0.84706,-0.051403,0.17926,0.49771,20.659,-5.0748,1.8165
0.84753,-0.052907,0.17851,0.49703,20.68,-5.0866,1.8208
0.84799,-0.054411,0.17776,0.49634,20.702,-5.0981,1.8242
0.84845,-0.055914,0.17702,0.49566,20.723,-5.1093,1.8269
0.8489,-0.057418,0.17627,0.49497,20.743,-5.1202,1.8287
0.84936,-0.058921,0.17552,0.49428,20.763,-5.1308,1.8298
0.84981,-0.060424,0.17477,0.4936,20.783,-5.1411,1.83
0.85025,-0.061926,0.17401,0.4929,20.802,-5.1511,1.8293
0.8507,-0.063429,0.17326,0.49221,20.82,-5.1607,1.8279
0.85114,-0.064931,0.17251,0.49152,20.838,-5.17,1.8256
0.85158,-0.066433,0.17176,0.49082,20.856,-5.179,1.8226
0.85201,-0.067935,0.171,0.49012,20.873,-5.1877,1.8187
0.85244,-0.069436,0.17025,0.48942,20.889,-5.1961,1.814
0.85287,-0.070938,0.16949,0.48872,20.905,-5.2042,1.8085
0.8533,-0.072439,0.16874,0.48802,20.921,-5.2119,1.8023
0.85372,-0.07394,0.16798,0.48731,20.935,-5.2193,1.7953
0.85414,-0.07544,0.16723,0.48661,20.95,-5.2264,1.7875
0.85456,-0.076941,0.16647,0.4859,20.963,-5.2332,1.7791
0.85497,-0.078441,0.16571,0.48519,20.976,-5.2396,1.7699
0.85538,-0.07994,0.16495,0.48448,20.989,-5.2457,1.7601
0.85579,-0.08144,0.16419,0.48376,21,-5.2515,1.7496
0.8562,-0.082939,0.16343,0.48305,21.011,-5.257,1.7386
0.8566,-0.084438,0.16267,0.48233,21.022,-5.2622,1.7269
0.857,-0.085937,0.16191,0.48161,21.032,-5.267,1.7146
0.8574,-0.087435,0.16115,0.48089,21.041,-5.2715,1.7018
0.85779,-0.088933,0.16039,0.48017,21.05,-5.2756,1.6885
0.85818,-0.090431,0.15963,0.47945,21.057,-5.2795,1.6747
0.85857,-0.091928,0.15887,0.47872,21.065,-5.283,1.6605
0.85895,-0.093425,0.1581,0.47799,21.071,-5.2862,1.6459
0.85933,-0.094922,0.15734,0.47727,21.077,-5.289,1.6309
0.85971,-0.096418,0.15657,0.47654,21.082,-5.2915,1.6156
0.86009,-0.097914,0.15581,0.4758,21.087,-5.2937,1.6
0.86046,-0.09941,0.15504,0.47507,21.091,-5.2956,1.5842
0.86083,-0.10091,0.15428,0.47434,21.094,-5.2971,1.5681
0.86119,-0.1024,0.15351,0.4736,21.097,-5.2984,1.5519
0.86156,-0.10389,0.15274,0.47286,21.098,-5.2992,1.5356
0.86192,-0.10539,0.15198,0.47212,21.1,-5.2998,1.5191
0.86227,-0.10688,0.15121,0.47138,21.1,-5.3,1.5026
0.86263,-0.10838,0.15044,0.47063,21.1,-5.2999,1.4861
0.86298,-0.10987,0.14967,0.46989,21.099,-5.2994,1.4697
0.86333,-0.11136,0.1489,0.46914,21.097,-5.2987,1.4533
0.86367,-0.11286,0.14813,0.46839,21.095,-5.2976,1.437
0.86401,-0.11435,0.14736,0.46764,21.092,-5.2961,1.4209
0.86435,-0.11584,0.14659,0.46689,21.088,-5.2944,1.405
0.86469,-0.11733,0.14581,0.46614,21.084,-5.2923,1.3893
0.86502,-0.11882,0.14504,0.46538,21.079,-5.2899,1.3739
0.86535,-0.12031,0.14427,0.46463,21.073,-5.2871,1.3588
0.86568,-0.1218,0.14349,0.46387,21.067,-5.284,1.3441
0.866,-0.12329,0.14272,0.46311,21.06,-5.2806,1.3298
0.86632,-0.12478,0.14195,0.46235,21.052,-5.2769,1.3158
0.86664,-0.12627,0.14117,0.46158,21.044,-5.2728,1.3024
0.86696,-0.12776,0.1404,0.46082,21.035,-5.2684,1.2894
0.86727,-0.12924,0.13962,0.46005,21.025,-5.2637,1.277
0.86758,-0.13073,0.13884,0.45929,21.015,-5.2587,1.2651
0.86788,-0.13222,0.13807,0.45852,21.004,-5.2533,1.2538
0.86818,-0.1337,0.13729,0.45775,20.992,-5.2476,1.2431
0.86848,-0.13519,0.13651,0.45697,20.98,-5.2416,1.2331
0.86878,-0.13668,0.13573,0.4562,20.967,-5.2353,1.2237
0.86907,-0.13816,0.13495,0.45542,20.954,-5.2286,1.2151
0.86936,-0.13965,0.13417,0.45464,20.94,-5.2216,1.2071
0.86965,-0.14113,0.13339,0.45387,20.925,-5.2143,1.1999
0.86994,-0.14261,0.13261,0.45308,20.91,-5.2067,1.1934
0.87022,-0.1441,0.13183,0.4523,20.895,-5.1987,1.1877
0.8705,-0.14558,0.13105,0.45152,20.878,-5.1904,1.1827
0.87077,-0.14706,0.13027,0.45073,20.862,-5.1818,1.1786
0.87104,-0.14854,0.12949,0.44995,20.844,-5.1729,1.1753
0.87131,-0.15002,0.12871,0.44916,20.826,-5.1637,1.1727
0.87158,-0.1515,0.12792,0.44837,20.808,-5.1542,1.171
0.87184,-0.15298,0.12714,0.44758,20.789,-5.1443,1.1701
0.8721,-0.15446,0.12636,0.44678,20.77,-5.1341,1.1701
0.87236,-0.15594,0.12557,0.44599,20.75,-5.1236,1.1708
0.87261,-0.15742,0.12479,0.44519,20.729,-5.1128,1.1724
0.87286,-0.1589,0.124,0.44439,20.708,-5.1017,1.1748
0.87311,-0.16037,0.12322,0.44359,20.687,-5.0903,1.178
0.87336,-0.16185,0.12243,0.44279,20.666,-5.0786,1.1821
0.8736,-0.16333,0.12164,0.44199,20.643,-5.0665,1.1869
0.87384,-0.1648,0.12086,0.44119,20.621,-5.0542,1.1925
0.87407,-0.16628,0.12007,0.44038,20.598,-5.0415,1.1988
0.8743,-0.16775,0.11928,0.43957,20.575,-5.0286,1.206
0.87453,-0.16923,0.11849,0.43876,20.551,-5.0153,1.2138
0.87476,-0.1707,0.1177,0.43795,20.527,-5.0018,1.2224
0.87498,-0.17217,0.11692,0.43714,20.503,-4.9879,1.2317
0.8752,-0.17364,0.11613,0.43633,20.478,-4.9738,1.2416
0.87542,-0.17511,0.11534,0.43551,20.453,-4.9593,1.2522
0.87563,-0.17659,0.11455,0.4347,20.428,-4.9446,1.2634
0.87585,-0.17806,0.11375,0.43388,20.403,-4.9295,1.2752
0.87605,-0.17953,0.11296,0.43306,20.377,-4.9142,1.2875
0.87626,-0.18099,0.11217,0.43224,20.351,-4.8985,1.3004
0.87646,-0.18246,0.11138,0.43142,20.325,-4.8826,1.3138
0.87666,-0.18393,0.11059,0.43059,20.298,-4.8664,1.3276
0.87685,-0.1854,0.1098,0.42977,20.272,-4.8499,1.3419
0.87705,-0.18686,0.109,0.42894,20.245,-4.8331,1.3566
0.87724,-0.18833,0.10821,0.42811,20.218,-4.8161,1.3716
0.87742,-0.18979,0.10742,0.42728,20.191,-4.7987,1.387
0.87761,-0.19126,0.10662,0.42645,20.164,-4.7811,1.4026
0.87779,-0.19272,0.10583,0.42562,20.137,-4.7632,1.4185
0.87796,-0.19418,0.10503,0.42478,20.11,-4.745,1.4346
0.87814,-0.19565,0.10424,0.42394,20.082,-4.7266,1.4508
0.87831,-0.19711,0.10344,0.42311,20.055,-4.7078,1.4672
0.87848,-0.19857,0.10265,0.42227,20.027,-4.6888,1.4837
0.87864,-0.20003,0.10185,0.42143,20,-4.6696,1.5001
0.8788,-0.20149,0.10105,0.42059,19.972,-4.6501,1.5166
0.87896,-0.20295,0.10025,0.41974,19.945,-4.6303,1.5331
0.87912,-0.20441,0.099458,0.4189,19.917,-4.6102,1.5495
0.87927,-0.20586,0.09866,0.41805,19.89,-4.5899,1.5657
0.87942,-0.20732,0.097862,0.4172,19.863,-4.5693,1.5818
0.87957,-0.20878,0.097063,0.41635,19.835,-4.5485,1.5977
0.87971,-0.21023,0.096264,0.4155,19.808,-4.5274,1.6133
0.87985,-0.21169,0.095465,0.41465,19.781,-4.506,1.6286
0.87999,-0.21314,0.094666,0.4138,19.754,-4.4844,1.6437
0.88012,-0.21459,0.093866,0.41294,19.728,-4.4626,1.6583
0.88025,-0.21604,0.093066,0.41209,19.701,-4.4405,1.6726
0.88038,-0.2175,0.092266,0.41123,19.675,-4.4182,1.6865
0.88051,-0.21895,0.091465,0.41037,19.649,-4.3956,1.6998
0.88063,-0.2204,0.090664,0.40951,19.623,-4.3728,1.7127
0.88075,-0.22185,0.089862,0.40865,19.597,-4.3497,1.725
0.88086,-0.22329,0.089061,0.40778,19.571,-4.3264,1.7368
0.88098,-0.22474,0.088259,0.40692,19.546,-4.3029,1.748
0.88109,-0.22619,0.087456,0.40605,19.521,-4.2791,1.7586
0.88119,-0.22763,0.086654,0.40518,19.497,-4.2552,1.7685
0.8813,-0.22908,0.085851,0.40431,19.472,-4.231,1.7778
0.8814,-0.23052,0.085047,0.40344,19.448,-4.2065,1.7863
0.88149,-0.23197,0.084244,0.40257,19.425,-4.1819,1.7942
0.88159,-0.23341,0.08344,0.4017,19.402,-4.157,1.8013
0.88168,-0.23485,0.082636,0.40082,19.379,-4.1319,1.8076
0.88177,-0.23629,0.081832,0.39994,19.356,-4.1066,1.8132
0.88185,-0.23773,0.081027,0.39907,19.334,-4.0811,1.818
0.88193,-0.23917,0.080222,0.39819,19.312,-4.0554,1.822
0.88201,-0.24061,0.079417,0.39731,19.291,-4.0295,1.8252
0.88209,-0.24205,0.078611,0.39642,19.27,-4.0034,1.8276
0.88216,-0.24349,0.077805,0.39554,19.25,-3.9771,1.8292
0.88223,-0.24492,0.076999,0.39466,19.23,-3.9505,1.8299
0.8823,-0.24636,0.076193,0.39377,19.211,-3.9238,1.8299
0.88236,-0.24779,0.075386,0.39288,19.192,-3.8969,1.829
0.88242,-0.24923,0.074579,0.39199,19.173,-3.8698,1.8272
0.88248,-0.25066,0.073772,0.3911,19.156,-3.8425,1.8247
0.88253,-0.25209,0.072965,0.39021,19.138,-3.8151,1.8213
0.88258,-0.25352,0.072157,0.38932,19.121,-3.7874,1.8172
0.88263,-0.25495,0.071349,0.38842,19.105,-3.7596,1.8122
0.88267,-0.25638,0.070541,0.38753,19.089,-3.7316,1.8065
0.88272,-0.25781,0.069733,0.38663,19.074,-3.7034,1.8
0.88275,-0.25924,0.068924,0.38573,19.06,-3.6751,1.7928
0.88279,-0.26066,0.068115,0.38483,19.046,-3.6465,1.7848
0.88282,-0.26209,0.067306,0.38393,19.032,-3.6179,1.7761
0.88285,-0.26351,0.066496,0.38303,19.02,-3.589,1.7667
0.88288,-0.26494,0.065687,0.38213,19.007,-3.56,1.7567
0.8829,-0.26636,0.064877,0.38122,18.996,-3.5309,1.746
0.88292,-0.26778,0.064067,0.38031,18.985,-3.5015,1.7347
0.88294,-0.2692,0.063257,0.37941,18.975,-3.4721,1.7228
0.88295,-0.27062,0.062446,0.3785,18.965,-3.4425,1.7103
0.88296,-0.27204,0.061635,0.37759,18.956,-3.4127,1.6974
0.88297,-0.27346,0.060824,0.37667,18.948,-3.3828,1.6839
0.88297,-0.27488,0.060013,0.37576,18.94,-3.3528,1.67
0.88298,-0.27629,0.059202,0.37485,18.933,-3.3226,1.6556
0.88297,-0.27771,0.05839,0.37393,18.927,-3.2923,1.6409
0.88297,-0.27912,0.057579,0.37301,18.921,-3.2619,1.6258
0.88296,-0.28054,0.056767,0.3721,18.916,-3.2314,1.6104
0.88295,-0.28195,0.055954,0.37118,18.912,-3.2007,1.5947
0.88294,-0.28336,0.055142,0.37025,18.908,-3.1699,1.5788
0.88292,-0.28477,0.054329,0.36933,18.905,-3.139,1.5627
0.8829,-0.28618,0.053517,0.36841,18.903,-3.1079,1.5464
0.88288,-0.28759,0.052704,0.36748,18.901,-3.0768,1.53
0.88285,-0.28899,0.051891,0.36656,18.9,-3.0456,1.5136
0.88282,-0.2904,0.051077,0.36563,18.9,-3.0142,1.4971
0.88279,-0.29181,0.050264,0.3647,18.9,-2.9827,1.4806
0.88275,-0.29321,0.04945,0.36377,18.902,-2.9512,1.4641
0.88271,-0.29461,0.048636,0.36284,18.903,-2.9195,1.4478
0.88267,-0.29601,0.047822,0.36191,18.906,-2.8878,1.4316
0.88263,-0.29742,0.047008,0.36097,18.909,-2.856,1.4155
0.88258,-0.29882,0.046194,0.36004,18.913,-2.8241,1.3997
0.88253,-0.30021,0.045379,0.3591,18.918,-2.7921,1.3841
0.88247,-0.30161,0.044565,0.35816,18.923,-2.76,1.3688
0.88242,-0.30301,0.04375,0.35723,18.929,-2.7278,1.3538
0.88236,-0.30441,0.042935,0.35629,18.935,-2.6956,1.3392
0.88229,-0.3058,0.04212,0.35534,18.943,-2.6633,1.325
0.88223,-0.30719,0.041304,0.3544,18.951,-2.631,1.3113
0.88216,-0.30859,0.040489,0.35346,18.959,-2.5986,1.298
0.88208,-0.30998,0.039674,0.35251,18.968,-2.5661,1.2852
0.88201,-0.31137,0.038858,0.35157,18.978,-2.5335,1.2729
0.88193,-0.31276,0.038042,0.35062,18.989,-2.5009,1.2612
0.88185,-0.31415,0.037226,0.34967,19,-2.4683,1.2502
0.88176,-0.31553,0.03641,0.34872,19.012,-2.4356,1.2397
0.88168,-0.31692,0.035594,0.34777,19.024,-2.4029,1.2299
0.88158,-0.3183,0.034777,0.34682,19.037,-2.3701,1.2207
0.88149,-0.31969,0.033961,0.34586,19.051,-2.3373,1.2123
0.88139,-0.32107,0.033144,0.34491,19.065,-2.3045,1.2046
0.88129,-0.32245,0.032328,0.34395,19.08,-2.2716,1.1976
0.88119,-0.32383,0.031511,0.343,19.095,-2.2387,1.1914
0.88108,-0.32521,0.030694,0.34204,19.111,-2.2058,1.1859
0.88097,-0.32659,0.029877,0.34108,19.127,-2.1728,1.1813
0.88086,-0.32797,0.02906,0.34012,19.144,-2.1398,1.1774
0.88074,-0.32934,0.028242,0.33915,19.162,-2.1069,1.1743
0.88062,-0.33072,0.027425,0.33819,19.18,-2.0739,1.1721
0.8805,-0.33209,0.026608,0.33723,19.198,-2.0409,1.1706
0.88038,-0.33346,0.02579,0.33626,19.218,-2.0079,1.17
0.88025,-0.33484,0.024973,0.33529,19.237,-1.9749,1.1702
0.88012,-0.33621,0.024155,0.33433,19.257,-1.9419,1.1713
0.87998,-0.33758,0.023337,0.33336,19.278,-1.9089,1.1731
0.87985,-0.33894,0.022519,0.33239,19.299,-1.8759,1.1758
0.87971,-0.34031,0.021701,0.33142,19.32,-1.8429,1.1793
0.87956,-0.34168,0.020883,0.33044,19.342,-1.81,1.1836
0.87942,-0.34304,0.020065,0.32947,19.364,-1.7771,1.1887
0.87927,-0.3444,0.019247,0.32849,19.387,-1.7441,1.1945
0.87911,-0.34576,0.018429,0.32752,19.41,-1.7113,1.2012
0.87896,-0.34712,0.01761,0.32654,19.433,-1.6784,1.2085
0.8788,-0.34848,0.016792,0.32556,19.457,-1.6456,1.2166
0.87864,-0.34984,0.015974,0.32458,19.481,-1.6128,1.2254
0.87847,-0.3512,0.015155,0.3236,19.505,-1.58,1.2349
0.8783,-0.35255,0.014337,0.32262,19.53,-1.5473,1.2451
0.87813,-0.35391,0.013518,0.32164,19.555,-1.5147,1.2559
0.87796,-0.35526,0.012699,0.32065,19.58,-1.482,1.2673
0.87778,-0.35661,0.011881,0.31967,19.606,-1.4495,1.2793
0.8776,-0.35796,0.011062,0.31868,19.632,-1.417,1.2918
0.87742,-0.35931,0.010243,0.3177,19.658,-1.3845,1.3049
0.87723,-0.36066,0.0094245,0.31671,19.684,-1.3521,1.3184
0.87704,-0.36201,0.0086056,0.31572,19.71,-1.3198,1.3324
0.87685,-0.36336,0.0077868,0.31473,19.737,-1.2875,1.3468
0.87665,-0.3647,0.0069679,0.31373,19.764,-1.2554,1.3616
0.87645,-0.36604,0.006149,0.31274,19.791,-1.2232,1.3768
0.87625,-0.36738,0.0053301,0.31175,19.818,-1.1912,1.3922
0.87604,-0.36873,0.0045111,0.31075,19.845,-1.1593,1.4079
0.87584,-0.37006,0.0036922,0.30976,19.872,-1.1274,1.4239
0.87563,-0.3714,0.0028732,0.30876,19.9,-1.0956,1.44
0.87541,-0.37274,0.0020542,0.30776,19.927,-1.0639,1.4563
0.87519,-0.37407,0.0012352,0.30676,19.955,-1.0323,1.4727
0.87497,-0.37541,0.00041625,0.30576,19.982,-1.0008,1.4892
0.87475,-0.37674,-0.00040275,0.30476,20.009,-0.96942,1.5057
0.87452,-0.37807,-0.0012217,0.30376,20.037,-0.93812,1.5222
0.87429,-0.3794,-0.0020407,0.30275,20.064,-0.90693,1.5386
0.87406,-0.38073,-0.0028597,0.30175,20.092,-0.87585,1.5549
0.87383,-0.38206,-0.0036787,0.30074,20.119,-0.84488,1.5711
0.87359,-0.38339,-0.0044976,0.29974,20.147,-0.81402,1.5871
0.87335,-0.38471,-0.0053166,0.29873,20.174,-0.78329,1.6029
0.8731,-0.38603,-0.0061355,0.29772,20.201,-0.75267,1.6185
0.87285,-0.38736,-0.0069544,0.29671,20.228,-0.72218,1.6337
0.8726,-0.38868,-0.0077733,0.2957,20.255,-0.69182,1.6486
0.87235,-0.39,-0.0085921,0.29469,20.281,-0.66159,1.6632
0.87209,-0.39131,-0.009411,0.29367,20.308,-0.6315,1.6773
0.87183,-0.39263,-0.01023,0.29266,20.334,-0.60154,1.691
0.87157,-0.39395,-0.011049,0.29164,20.36,-0.57172,1.7042
0.8713,-0.39526,-0.011867,0.29063,20.386,-0.54204,1.7169
0.87103,-0.39657,-0.012686,0.28961,20.412,-0.51251,1.7291
0.87076,-0.39788,-0.013505,0.28859,20.437,-0.48313,1.7407
0.87048,-0.39919,-0.014323,0.28757,20.462,-0.45389,1.7516
0.87021,-0.4005,-0.015142,0.28655,20.487,-0.42482,1.762
0.86992,-0.40181,-0.01596,0.28553,20.511,-0.3959,1.7717
0.86964,-0.40311,-0.016779,0.28451,20.536,-0.36714,1.7807
0.86935,-0.40442,-0.017597,0.28349,20.56,-0.33855,1.789
0.86906,-0.40572,-0.018415,0.28246,20.583,-0.31012,1.7966
0.86877,-0.40702,-0.019233,0.28144,20.606,-0.28186,1.8035
0.86847,-0.40832,-0.020052,0.28041,20.629,-0.25377,1.8096
0.86817,-0.40962,-0.02087,0.27938,20.651,-0.22586,1.8149
0.86787,-0.41092,-0.021688,0.27836,20.673,-0.19812,1.8195
0.86756,-0.41221,-0.022506,0.27733,20.695,-0.17056,1.8232
0.86725,-0.41351,-0.023324,0.2763,20.716,-0.14319,1.8261
0.86694,-0.4148,-0.024141,0.27526,20.737,-0.116,1.8282
0.86663,-0.41609,-0.024959,0.27423,20.757,-0.089006,1.8295
0.86631,-0.41738,-0.025777,0.2732,20.776,-0.062198,1.83
0.86599,-0.41867,-0.026594,0.27217,20.796,-0.035584,1.8296
0.86566,-0.41995,-0.027412,0.27113,20.814,-0.0091666,1.8285
0.86534,-0.42124,-0.028229,0.2701,20.833,0.017052,1.8265
0.86501,-0.42252,-0.029046,0.26906,20.85,0.043069,1.8237
0.86467,-0.42381,-0.029863,0.26802,20.868,0.068881,1.82
0.86434,-0.42509,-0.03068,0.26698,20.884,0.094486,1.8156
0.864,-0.42637,-0.031497,0.26594,20.9,0.11988,1.8104
0.86366,-0.42764,-0.032314,0.2649,20.916,0.14507,1.8044
0.86331,-0.42892,-0.033131,0.26386,20.931,0.17004,1.7977
0.86296,-0.4302,-0.033947,0.26282,20.945,0.19479,1.7902
0.86261,-0.43147,-0.034764,0.26177,20.959,0.21932,1.7819
0.86226,-0.43274,-0.03558,0.26073,20.972,0.24363,1.773
0.8619,-0.43401,-0.036396,0.25969,20.985,0.26772,1.7634
0.86154,-0.43528,-0.037213,0.25864,20.997,0.29158,1.7531
0.86118,-0.43655,-0.038029,0.25759,21.008,0.31521,1.7423
0.86081,-0.43781,-0.038844,0.25654,21.019,0.33861,1.7307
0.86044,-0.43908,-0.03966,0.2555,21.029,0.36178,1.7187
0.86007,-0.44034,-0.040476,0.25445,21.038,0.38471,1.706
0.85969,-0.4416,-0.041291,0.2534,21.047,0.4074,1.6929
0.85932,-0.44286,-0.042106,0.25234,21.055,0.42985,1.6793
0.85893,-0.44412,-0.042921,0.25129,21.062,0.45205,1.6652
0.85855,-0.44538,-0.043736,0.25024,21.069,0.47402,1.6507
0.85816,-0.44663,-0.044551,0.24919,21.075,0.49573,1.6359
0.85777,-0.44788,-0.045366,0.24813,21.081,0.51719,1.6207
0.85738,-0.44914,-0.04618,0.24707,21.086,0.53841,1.6052
0.85698,-0.45039,-0.046995,0.24602,21.09,0.55937,1.5894
0.85658,-0.45164,-0.047809,0.24496,21.093,0.58007,1.5734
0.85618,-0.45288,-0.048623,0.2439,21.096,0.60052,1.5572
0.85578,-0.45413,-0.049437,0.24284,21.098,0.6207,1.5409
0.85537,-0.45537,-0.05025,0.24178,21.099,0.64063,1.5245
0.85496,-0.45661,-0.051064,0.24072,21.1,0.66028,1.508
0.85454,-0.45786,-0.051877,0.23966,21.1,0.67968,1.4915
0.85412,-0.45909,-0.05269,0.2386,21.099,0.6988,1.4751
0.8537,-0.46033,-0.053503,0.23753,21.098,0.71766,1.4586
0.85328,-0.46157,-0.054316,0.23647,21.096,0.73624,1.4423
0.85285,-0.4628,-0.055129,0.2354,21.093,0.75455,1.4262
0.85242,-0.46403,-0.055941,0.23434,21.09,0.77259,1.4102
0.85199,-0.46527,-0.056753,0.23327,21.085,0.79034,1.3944
0.85156,-0.4665,-0.057565,0.2322,21.081,0.80782,1.3789
0.85112,-0.46772,-0.058377,0.23114,21.075,0.82502,1.3637
0.85068,-0.46895,-0.059189,0.23007,21.069,0.84193,1.3489
0.85023,-0.47017,-0.06,0.229,21.062,0.85857,1.3344
0.84979,-0.4714,-0.060811,0.22793,21.055,0.87491,1.3204
0.84934,-0.47262,-0.061622,0.22685,21.047,0.89097,1.3067
0.84888,-0.47384,-0.062433,0.22578,21.038,0.90674,1.2936
0.84843,-0.47506,-0.063243,0.22471,21.028,0.92221,1.281
0.84797,-0.47627,-0.064054,0.22363,21.018,0.9374,1.2689
0.84751,-0.47749,-0.064864,0.22256,21.008,0.95229,1.2575
0.84704,-0.4787,-0.065674,0.22148,20.996,0.96689,1.2466
0.84657,-0.47991,-0.066483,0.22041,20.984,0.98119,1.2363
0.8461,-0.48112,-0.067292,0.21933,20.972,0.99519,1.2267
0.84563,-0.48233,-0.068102,0.21825,20.958,1.0089,1.2178
0.84515,-0.48353,-0.068911,0.21717,20.945,1.0223,1.2096
0.84467,-0.48474,-0.069719,0.2161,20.93,1.0354,1.2022
0.84419,-0.48594,-0.070528,0.21502,20.915,1.0482,1.1954
0.8437,-0.48714,-0.071336,0.21393,20.9,1.0607,1.1895
0.84321,-0.48834,-0.072144,0.21285,20.884,1.0729,1.1843
0.84272,-0.48954,-0.072951,0.21177,20.867,1.0847,1.1799
0.84223,-0.49074,-0.073759,0.21069,20.85,1.0963,1.1763
0.84173,-0.49193,-0.074566,0.2096,20.832,1.1076,1.1735
0.84123,-0.49312,-0.075373,0.20852,20.814,1.1185,1.1715
0.84073,-0.49431,-0.076179,0.20743,20.795,1.1292,1.1703
0.84022,-0.4955,-0.076986,0.20635,20.776,1.1395,1.17
0.83971,-0.49669,-0.077792,0.20526,20.756,1.1495,1.1705
0.8392,-0.49788,-0.078598,0.20417,20.736,1.1592,1.1718
0.83868,-0.49906,-0.079403,0.20309,20.715,1.1686,1.1739
0.83817,-0.50024,-0.080209,0.202,20.694,1.1776,1.1769
0.83764,-0.50142,-0.081014,0.20091,20.673,1.1864,1.1807
0.83712,-0.5026,-0.081818,0.19982,20.651,1.1948,1.1852
0.83659,-0.50378,-0.082623,0.19873,20.628,1.2029,1.1906
0.83606,-0.50495,-0.083427,0.19763,20.606,1.2107,1.1967
0.83553,-0.50613,-0.084231,0.19654,20.582,1.2182,1.2036
0.835,-0.5073,-0.085034,0.19545,20.559,1.2253,1.2112
0.83446,-0.50847,-0.085837,0.19435,20.535,1.2321,1.2195
0.83392,-0.50964,-0.08664,0.19326,20.511,1.2386,1.2285
0.83337,-0.5108,-0.087443,0.19217,20.486,1.2448,1.2383
0.83282,-0.51197,-0.088245,0.19107,20.462,1.2506,1.2486
0.83227,-0.51313,-0.089047,0.18997,20.436,1.2562,1.2596
0.83172,-0.51429,-0.089849,0.18888,20.411,1.2614,1.2712
0.83116,-0.51545,-0.090651,0.18778,20.385,1.2662,1.2834
0.83061,-0.51661,-0.091452,0.18668,20.36,1.2708,1.2961
0.83004,-0.51776,-0.092252,0.18558,20.333,1.275,1.3094
0.82948,-0.51892,-0.093053,0.18448,20.307,1.2789,1.3231
0.82891,-0.52007,-0.093853,0.18338,20.281,1.2824,1.3372
0.82834,-0.52122,-0.094653,0.18228,20.254,1.2857,1.3517
0.82777,-0.52237,-0.095452,0.18118,20.227,1.2886,1.3667
0.82719,-0.52351,-0.096251,0.18008,20.2,1.2912,1.3819
0.82661,-0.52466,-0.09705,0.17897,20.173,1.2934,1.3975
0.82603,-0.5258,-0.097849,0.17787,20.146,1.2953,1.4133
0.82544,-0.52694,-0.098647,0.17676,20.119,1.2969,1.4293
0.82486,-0.52808,-0.099444,0.17566,20.091,1.2982,1.4455
0.82427,-0.52922,-0.10024,0.17455,20.064,1.2991,1.4618
0.82367,-0.53035,-0.10104,0.17345,20.036,1.2997,1.4783
0.82307,-0.53148,-0.10184,0.17234,20.009,1.3,1.4947
0.82248,-0.53262,-0.10263,0.17123,19.981,1.2999,1.5112
0.82187,-0.53375,-0.10343,0.17013,19.954,1.2995,1.5277
0.82127,-0.53487,-0.10422,0.16902,19.926,1.2988,1.5441
0.82066,-0.536,-0.10502,0.16791,19.899,1.2978,1.5604
0.82005,-0.53712,-0.10581,0.1668,19.872,1.2964,1.5765
0.81943,-0.53825,-0.10661,0.16569,19.844,1.2947,1.5925
0.81882,-0.53937,-0.1074,0.16458,19.817,1.2926,1.6082
0.8182,-0.54048,-0.1082,0.16347,19.79,1.2903,1.6237
0.81758,-0.5416,-0.10899,0.16236,19.763,1.2876,1.6388
0.81695,-0.54272,-0.10978,0.16124,19.736,1.2845,1.6536
0.81632,-0.54383,-0.11058,0.16013,19.71,1.2812,1.668
0.81569,-0.54494,-0.11137,0.15902,19.683,1.2775,1.682
0.81506,-0.54605,-0.11216,0.1579,19.657,1.2735,1.6955
0.81442,-0.54716,-0.11295,0.15679,19.631,1.2692,1.7085
0.81378,-0.54826,-0.11374,0.15567,19.605,1.2645,1.7211
0.81314,-0.54936,-0.11453,0.15456,19.58,1.2595,1.733
0.81249,-0.55046,-0.11532,0.15344,19.554,1.2542,1.7444
0.81184,-0.55156,-0.11611,0.15232,19.529,1.2485,1.7552
0.81119,-0.55266,-0.1169,0.15121,19.505,1.2426,1.7653
0.81054,-0.55376,-0.11769,0.15009,19.48,1.2363,1.7748
0.80988,-0.55485,-0.11848,0.14897,19.456,1.2297,1.7836
0.80922,-0.55594,-0.11927,0.14785,19.433,1.2227,1.7917
0.80856,-0.55703,-0.12006,0.14673,19.409,1.2155,1.799
0.8079,-0.55812,-0.12084,0.14561,19.386,1.2079,1.8056
0.80723,-0.55921,-0.12163,0.14449,19.364,1.2,1.8115
0.80656,-0.56029,-0.12242,0.14337,19.341,1.1918,1.8165
0.80588,-0.56137,-0.1232,0.14225,19.319,1.1832,1.8208
0.80521,-0.56245,-0.12399,0.14113,19.298,1.1744,1.8243
0.80453,-0.56353,-0.12477,0.14,19.277,1.1652,1.8269
0.80385,-0.5646,-0.12556,0.13888,19.257,1.1557,1.8288
0.80316,-0.56568,-0.12634,0.13776,19.237,1.1459,1.8298
0.80247,-0.56675,-0.12713,0.13663,19.217,1.1358,1.83
0.80178,-0.56782,-0.12791,0.13551,19.198,1.1253,1.8293
0.80109,-0.56889,-0.12869,0.13438,19.179,1.1146,1.8279
0.80039,-0.56995,-0.12948,0.13326,19.161,1.1035,1.8256
0.79969,-0.57102,-0.13026,0.13213,19.144,1.0921,1.8225
0.79899,-0.57208,-0.13104,0.13101,19.127,1.0805,1.8186
0.79829,-0.57314,-0.13182,0.12988,19.11,1.0685,1.8139
0.79758,-0.5742,-0.1326,0.12875,19.094,1.0562,1.8085
0.79687,-0.57525,-0.13338,0.12762,19.079,1.0436,1.8022
0.79616,-0.57631,-0.13416,0.1265,19.064,1.0307,1.7952
0.79544,-0.57736,-0.13494,0.12537,19.05,1.0175,1.7875
0.79472,-0.57841,-0.13572,0.12424,19.037,1.004,1.779
0.794,-0.57946,-0.1365,0.12311,19.024,0.99014,1.7699
0.79328,-0.5805,-0.13728,0.12198,19.011,0.97603,1.76
0.79255,-0.58155,-0.13805,0.12085,19,0.96162,1.7496
0.79182,-0.58259,-0.13883,0.11972,18.988,0.94692,1.7384
0.79109,-0.58363,-0.13961,0.11859,18.978,0.93192,1.7267
0.79035,-0.58467,-0.14038,0.11745,18.968,0.91663,1.7145
0.78962,-0.5857,-0.14116,0.11632,18.959,0.90105,1.7017
0.78888,-0.58674,-0.14193,0.11519,18.95,0.88517,1.6884
0.78813,-0.58777,-0.14271,0.11406,18.942,0.86901,1.6746
0.78739,-0.5888,-0.14348,0.11292,18.935,0.85256,1.6604
0.78664,-0.58983,-0.14426,0.11179,18.929,0.83583,1.6458
0.78589,-0.59085,-0.14503,0.11066,18.923,0.81881,1.6308
0.78513,-0.59187,-0.1458,0.10952,18.918,0.80151,1.6155
0.78437,-0.5929,-0.14657,0.10839,18.913,0.78393,1.5999
0.78361,-0.59392,-0.14734,0.10725,18.909,0.76607,1.584
0.78285,-0.59493,-0.14812,0.10612,18.906,0.74794,1.568
0.78209,-0.59595,-0.14889,0.10498,18.903,0.72953,1.5518
0.78132,-0.59696,-0.14966,0.10384,18.902,0.71085,1.5354
0.78055,-0.59797,-0.15043,0.10271,18.9,0.69189,1.519
0.77977,-0.59898,-0.15119,0.10157,18.9,0.67267,1.5025
0.779,-0.59999,-0.15196,0.10043,18.9,0.65318,1.486
0.77822,-0.60099,-0.15273,0.099296,18.901,0.63342,1.4695
0.77744,-0.60199,-0.1535,0.098158,18.903,0.61341,1.4531
0.77665,-0.60299,-0.15426,0.09702,18.905,0.59313,1.4369
0.77586,-0.60399,-0.15503,0.095881,18.908,0.57259,1.4208
0.77507,-0.60499,-0.1558,0.094742,18.912,0.55179,1.4049
0.77428,-0.60598,-0.15656,0.093603,18.916,0.53074,1.3892
0.77349,-0.60697,-0.15733,0.092463,18.921,0.50943,1.3738
0.77269,-0.60796,-0.15809,0.091323,18.927,0.48788,1.3587
0.77189,-0.60895,-0.15885,0.090183,18.933,0.46607,1.344
0.77108,-0.60994,-0.15962,0.089042,18.94,0.44402,1.3296
0.77028,-0.61092,-0.16038,0.087901,18.948,0.42173,1.3157
0.76947,-0.6119,-0.16114,0.08676,18.956,0.39919,1.3023
0.76866,-0.61288,-0.1619,0.085618,18.965,0.37641,1.2893
0.76784,-0.61386,-0.16266,0.084476,18.975,0.3534,1.2769
0.76703,-0.61483,-0.16342,0.083334,18.985,0.33014,1.265
0.76621,-0.61581,-0.16418,0.082191,18.996,0.30666,1.2537
0.76538,-0.61678,-0.16494,0.081049,19.008,0.28295,1.2431
0.76456,-0.61774,-0.1657,0.079906,19.02,0.259,1.233
0.76373,-0.61871,-0.16646,0.078762,19.033,0.23484,1.2237
0.7629,-0.61967,-0.16721,0.077619,19.046,0.21044,1.215
0.76207,-0.62064,-0.16797,0.076475,19.06,0.18583,1.207
0.76123,-0.6216,-0.16873,0.075331,19.075,0.161,1.1998
0.76039,-0.62255,-0.16948,0.074186,19.09,0.13595,1.1933
0.75955,-0.62351,-0.17024,0.073042,19.106,0.11069,1.1876
0.75871,-0.62446,-0.17099,0.071897,19.122,0.085217,1.1827
0.75786,-0.62541,-0.17174,0.070751,19.139,0.059536,1.1786
0.75701,-0.62636,-0.1725,0.069606,19.156,0.03365,1.1752
0.75616,-0.62731,-0.17325,0.06846,19.174,0.0075593,1.1727
0.75531,-0.62825,-0.174,0.067314,19.192,-0.018732,1.171
0.75445,-0.62919,-0.17475,0.066168,19.211,-0.045221,1.1701
0.75359,-0.63013,-0.1755,0.065022,19.231,-0.071905,1.1701
0.75273,-0.63107,-0.17625,0.063875,19.251,-0.098783,1.1708
0.75186,-0.63201,-0.177,0.062728,19.271,-0.12585,1.1724
0.751,-0.63294,-0.17775,0.061581,19.292,-0.15311,1.1749
0.75013,-0.63387,-0.1785,0.060434,19.313,-0.18054,1.1781
0.74925,-0.6348,-0.17925,0.059287,19.335,-0.20817,1.1821
0.74838,-0.63573,-0.17999,0.058139,19.357,-0.23597,1.1869
0.7475,-0.63665,-0.18074,0.056991,19.379,-0.26394,1.1925
0.74662,-0.63758,-0.18149,0.055843,19.402,-0.29209,1.1989
0.74574,-0.6385,-0.18223,0.054695,19.425,-0.32042,1.206
0.74485,-0.63941,-0.18298,0.053546,19.449,-0.34891,1.2139
0.74396,-0.64033,-0.18372,0.052398,19.473,-0.37756,1.2225
0.74307,-0.64124,-0.18446,0.051249,19.497,-0.40638,1.2317
0.74218,-0.64215,-0.1852,0.0501,19.522,-0.43535,1.2417
0.74128,-0.64306,-0.18595,0.048951,19.547,-0.46449,1.2523
0.74038,-0.64397,-0.18669,0.047801,19.572,-0.49377,1.2635
0.73948,-0.64487,-0.18743,0.046652,19.598,-0.52321,1.2753
0.73858,-0.64577,-0.18817,0.045502,19.623,-0.55279,1.2876
0.73767,-0.64667,-0.18891,0.044352,19.649,-0.58252,1.3005
0.73676,-0.64757,-0.18965,0.043202,19.675,-0.61239,1.3139
0.73585,-0.64847,-0.19038,0.042052,19.702,-0.6424,1.3278
0.73494,-0.64936,-0.19112,0.040902,19.728,-0.67255,1.342
0.73402,-0.65025,-0.19186,0.039751,19.755,-0.70283,1.3567
0.7331,-0.65114,-0.19259,0.0386,19.782,-0.73324,1.3718
0.73218,-0.65203,-0.19333,0.03745,19.809,-0.76377,1.3871
0.73125,-0.65291,-0.19406,0.036299,19.836,-0.79443,1.4028
0.73033,-0.65379,-0.1948,0.035148,19.863,-0.82521,1.4186
0.7294,-0.65467,-0.19553,0.033997,19.891,-0.8561,1.4347
0.72846,-0.65555,-0.19626,0.032846,19.918,-0.88711,1.451
0.72753,-0.65642,-0.19699,0.031694,19.946,-0.91824,1.4673
0.72659,-0.65729,-0.19772,0.030543,19.973,-0.94947,1.4838
0.72565,-0.65816,-0.19845,0.029391,20,-0.9808,1.5003
0.72471,-0.65903,-0.19918,0.02824,20.028,-1.0122,1.5168
0.72377,-0.6599,-0.19991,0.027088,20.055,-1.0438,1.5332
0.72282,-0.66076,-0.20064,0.025936,20.083,-1.0754,1.5496
0.72187,-0.66162,-0.20137,0.024784,20.11,-1.1071,1.5658
0.72092,-0.66248,-0.2021,0.023632,20.138,-1.1389,1.5819
0.71996,-0.66334,-0.20282,0.02248,20.165,-1.1708,1.5978
0.719,-0.66419,-0.20355,0.021328,20.192,-1.2028,1.6134
0.71804,-0.66504,-0.20427,0.020175,20.219,-1.2349,1.6288
0.71708,-0.66589,-0.205,0.019023,20.246,-1.267,1.6438
0.71611,-0.66674,-0.20572,0.017871,20.273,-1.2992,1.6585
0.71515,-0.66758,-0.20644,0.016718,20.299,-1.3315,1.6727
0.71418,-0.66843,-0.20716,0.015566,20.326,-1.3639,1.6866
0.7132,-0.66927,-0.20789,0.014413,20.352,-1.3963,1.6999
0.71223,-0.6701,-0.20861,0.01326,20.378,-1.4288,1.7128
0.71125,-0.67094,-0.20933,0.012108,20.403,-1.4613,1.7252
0.71027,-0.67177,-0.21004,0.010955,20.429,-1.4939,1.7369
0.70929,-0.6726,-0.21076,0.0098021,20.454,-1.5265,1.7481
0.7083,-0.67343,-0.21148,0.0086493,20.479,-1.5592,1.7587
0.70732,-0.67426,-0.2122,0.0074965,20.504,-1.5919,1.7686
0.70633,-0.67508,-0.21291,0.0063436,20.528,-1.6247,1.7778
0.70533,-0.6759,-0.21363,0.0051907,20.552,-1.6575,1.7864
0.70434,-0.67672,-0.21434,0.0040378,20.575,-1.6903,1.7942
0.70334,-0.67754,-0.21506,0.0028849,20.599,-1.7232,1.8013
0.70234,-0.67835,-0.21577,0.001732,20.622,-1.7561,1.8077
0.70134,-0.67916,-0.21648,0.00057908,20.644,-1.789,1.8133
0.70033,-0.67997,-0.21719,-0.00057384,20.666,-1.8219,1.8181
0.69933,-0.68078,-0.2179,-0.0017268,20.688,-1.8549,1.8221
0.69832,-0.68158,-0.21861,-0.0028797,20.709,-1.8879,1.8252
0.6973,-0.68238,-0.21932,-0.0040326,20.73,-1.9209,1.8276
0.69629,-0.68318,-0.22003,-0.0051855,20.75,-1.9539,1.8292
0.69527,-0.68398,-0.22074,-0.0063384,20.77,-1.9869,1.8299
0.69425,-0.68478,-0.22145,-0.0074912,20.789,-2.0199,1.8299
0.69323,-0.68557,-0.22215,-0.0086441,20.808,-2.0529,1.8289
0.69221,-0.68636,-0.22286,-0.0097969,20.827,-2.0859,1.8272
0.69118,-0.68715,-0.22356,-0.01095,20.845,-2.1188,1.8247
0.69015,-0.68793,-0.22427,-0.012102,20.862,-2.1518,1.8213
0.68912,-0.68871,-0.22497,-0.013255,20.879,-2.1848,1.8171
0.68809,-0.68949,-0.22567,-0.014408,20.895,-2.2177,1.8122
0.68705,-0.69027,-0.22637,-0.01556,20.911,-2.2506,1.8064
0.68601,-0.69105,-0.22707,-0.016713,20.926,-2.2835,1.7999
0.68497,-0.69182,-0.22777,-0.017865,20.94,-2.3164,1.7927
0.68393,-0.69259,-0.22847,-0.019018,20.954,-2.3492,1.7847
0.68288,-0.69336,-0.22917,-0.02017,20.968,-2.382,1.776
0.68183,-0.69413,-0.22987,-0.021322,20.981,-2.4148,1.7666
0.68078,-0.69489,-0.23056,-0.022475,20.993,-2.4475,1.7566
0.67973,-0.69565,-0.23126,-0.023627,21.004,-2.4802,1.7459
0.67867,-0.69641,-0.23195,-0.024779,21.015,-2.5128,1.7346
0.67761,-0.69717,-0.23265,-0.025931,21.025,-2.5453,1.7227
0.67655,-0.69792,-0.23334,-0.027083,21.035,-2.5779,1.7102
0.67549,-0.69867,-0.23403,-0.028234,21.044,-2.6103,1.6973
0.67443,-0.69942,-0.23473,-0.029386,21.052,-2.6427,1.6838
0.67336,-0.70017,-0.23542,-0.030538,21.06,-2.6751,1.6699
0.67229,-0.70091,-0.23611,-0.031689,21.067,-2.7073,1.6555
0.67122,-0.70165,-0.2368,-0.03284,21.073,-2.7395,1.6408
0.67014,-0.70239,-0.23748,-0.033992,21.079,-2.7716,1.6257
0.66907,-0.70313,-0.23817,-0.035143,21.084,-2.8037,1.6103
0.66799,-0.70386,-0.23886,-0.036294,21.088,-2.8357,1.5946
0.66691,-0.70459,-0.23955,-0.037445,21.092,-2.8675,1.5787
0.66582,-0.70532,-0.24023,-0.038595,21.095,-2.8993,1.5626
0.66474,-0.70605,-0.24091,-0.039746,21.097,-2.931,1.5463
0.66365,-0.70678,-0.2416,-0.040896,21.099,-2.9627,1.5299
0.66256,-0.7075,-0.24228,-0.042047,21.1,-2.9942,1.5134
0.66146,-0.70822,-0.24296,-0.043197,21.1,-3.0256,1.4969
0.66037,-0.70893,-0.24364,-0.044347,21.1,-3.0569,1.4804
0.65927,-0.70965,-0.24432,-0.045497,21.098,-3.0881,1.464
0.65817,-0.71036,-0.245,-0.046646,21.097,-3.1192,1.4477
0.65707,-0.71107,-0.24568,-0.047796,21.094,-3.1502,1.4314
0.65596,-0.71178,-0.24636,-0.048945,21.091,-3.1811,1.4154
0.65486,-0.71248,-0.24703,-0.050094,21.087,-3.2118,1.3996
0.65375,-0.71318,-0.24771,-0.051244,21.082,-3.2425,1.384
0.65263,-0.71388,-0.24838,-0.052392,21.077,-3.273,1.3687
0.65152,-0.71458,-0.24906,-0.053541,21.071,-3.3033,1.3537
0.65041,-0.71527,-0.24973,-0.05469,21.065,-3.3336,1.3391
0.64929,-0.71597,-0.2504,-0.055838,21.057,-3.3637,1.3249
0.64817,-0.71666,-0.25108,-0.056986,21.049,-3.3937,1.3111
0.64704,-0.71734,-0.25175,-0.058134,21.041,-3.4235,1.2979
0.64592,-0.71803,-0.25242,-0.059281,21.032,-3.4532,1.2851
0.64479,-0.71871,-0.25308,-0.060429,21.022,-3.4828,1.2728
0.64366,-0.71939,-0.25375,-0.061576,21.011,-3.5122,1.2611
0.64253,-0.72006,-0.25442,-0.062723,21,-3.5415,1.2501
0.64139,-0.72074,-0.25509,-0.06387,20.988,-3.5706,1.2396
0.64026,-0.72141,-0.25575,-0.065017,20.976,-3.5995,1.2298
0.63912,-0.72208,-0.25641,-0.066163,20.963,-3.6283,1.2207
0.63798,-0.72275,-0.25708,-0.067309,20.949,-3.6569,1.2122
0.63684,-0.72341,-0.25774,-0.068455,20.935,-3.6854,1.2045
0.63569,-0.72407,-0.2584,-0.069601,20.92,-3.7137,1.1975
0.63454,-0.72473,-0.25906,-0.070746,20.905,-3.7418,1.1913
0.63339,-0.72539,-0.25972,-0.071891,20.889,-3.7697,1.1859
0.63224,-0.72604,-0.26038,-0.073036,20.873,-3.7975,1.1812
0.63109,-0.72669,-0.26104,-0.074181,20.856,-3.8251,1.1774
0.62993,-0.72734,-0.2617,-0.075325,20.838,-3.8525,1.1743
0.62877,-0.72799,-0.26235,-0.07647,20.82,-3.8797,1.172
0.62761,-0.72863,-0.26301,-0.077613,20.801,-3.9067,1.1706
0.62645,-0.72928,-0.26366,-0.078757,20.782,-3.9335,1.17
0.62528,-0.72991,-0.26431,-0.0799,20.763,-3.9602,1.1702
0.62411,-0.73055,-0.26497,-0.081043,20.743,-3.9866,1.1713
0.62295,-0.73118,-0.26562,-0.082186,20.722,-4.0129,1.1732
0.62177,-0.73182,-0.26627,-0.083329,20.701,-4.0389,1.1758
0.6206,-0.73244,-0.26692,-0.084471,20.68,-4.0648,1.1793
0.61942,-0.73307,-0.26757,-0.085613,20.658,-4.0904,1.1836
0.61825,-0.73369,-0.26822,-0.086754,20.636,-4.1159,1.1887
0.61706,-0.73432,-0.26886,-0.087896,20.613,-4.1411,1.1946
0.61588,-0.73493,-0.26951,-0.089037,20.59,-4.1661,1.2012
0.6147,-0.73555,-0.27015,-0.090177,20.567,-4.1909,1.2086
0.61351,-0.73616,-0.2708,-0.091318,20.543,-4.2154,1.2167
0.61232,-0.73677,-0.27144,-0.092458,20.519,-4.2398,1.2255
0.61113,-0.73738,-0.27208,-0.093598,20.494,-4.2639,1.235
0.60994,-0.73799,-0.27272,-0.094737,20.47,-4.2878,1.2452
0.60874,-0.73859,-0.27336,-0.095876,20.445,-4.3115,1.256
0.60754,-0.73919,-0.274,-0.097015,20.419,-4.3349,1.2674
0.60634,-0.73979,-0.27464,-0.098153,20.394,-4.3581,1.2794
0.60514,-0.74038,-0.27528,-0.099291,20.368,-4.3811,1.2919
0.60394,-0.74098,-0.27591,-0.10043,20.342,-4.4038,1.305
0.60273,-0.74157,-0.27655,-0.10157,20.316,-4.4263,1.3185
0.60152,-0.74215,-0.27718,-0.1027,20.289,-4.4485,1.3325
0.60031,-0.74274,-0.27782,-0.10384,20.263,-4.4705,1.3469
0.5991,-0.74332,-0.27845,-0.10498,20.236,-4.4923,1.3617
0.59789,-0.7439,-0.27908,-0.10611,20.209,-4.5138,1.3769
0.59667,-0.74448,-0.27971,-0.10725,20.182,-4.535,1.3923
0.59545,-0.74505,-0.28034,-0.10838,20.155,-4.556,1.4081
0.59423,-0.74562,-0.28097,-0.10952,20.127,-4.5768,1.424
0.59301,-0.74619,-0.2816,-0.11065,20.1,-4.5973,1.4402
0.59178,-0.74676,-0.28222,-0.11179,20.073,-4.6175,1.4565
0.59056,-0.74732,-0.28285,-0.11292,20.045,-4.6375,1.4729
0.58933,-0.74788,-0.28347,-0.11405,20.018,-4.6572,1.4893
0.58809,-0.74844,-0.2841,-0.11519,19.99,-4.6766,1.5058
0.58686,-0.749,-0.28472,-0.11632,19.963,-4.6958,1.5223
0.58563,-0.74955,-0.28534,-0.11745,19.935,-4.7147,1.5388
0.58439,-0.7501,-0.28596,-0.11858,19.908,-4.7333,1.5551
0.58315,-0.75065,-0.28658,-0.11971,19.88,-4.7517,1.5713
0.58191,-0.7512,-0.2872,-0.12084,19.853,-4.7697,1.5873
0.58066,-0.75174,-0.28782,-0.12197,19.826,-4.7875,1.6031
0.57942,-0.75228,-0.28844,-0.1231,19.799,-4.8051,1.6186
0.57817,-0.75282,-0.28905,-0.12423,19.772,-4.8223,1.6339
0.57692,-0.75335,-0.28967,-0.12536,19.745,-4.8393,1.6488
0.57567,-0.75388,-0.29028,-0.12649,19.718,-4.8559,1.6633
0.57442,-0.75441,-0.29089,-0.12762,19.692,-4.8723,1.6774
0.57316,-0.75494,-0.2915,-0.12875,19.666,-4.8884,1.6911
0.5719,-0.75547,-0.29211,-0.12987,19.64,-4.9042,1.7043
0.57064,-0.75599,-0.29272,-0.131,19.614,-4.9198,1.717
0.56938,-0.75651,-0.29333,-0.13213,19.588,-4.935,1.7292
0.56812,-0.75702,-0.29394,-0.13325,19.563,-4.9499,1.7408
0.56685,-0.75754,-0.29455,-0.13438,19.538,-4.9646,1.7517
0.56559,-0.75805,-0.29515,-0.1355,19.513,-4.9789,1.7621
0.56432,-0.75856,-0.29576,-0.13663,19.488,-4.993,1.7718
0.56305,-0.75906,-0.29636,-0.13775,19.464,-5.0067,1.7808
0.56177,-0.75957,-0.29696,-0.13888,19.44,-5.0202,1.7891
0.5605,-0.76007,-0.29756,-0.14,19.417,-5.0333,1.7967
0.55922,-0.76056,-0.29816,-0.14112,19.394,-5.0462,1.8036
0.55794,-0.76106,-0.29876,-0.14224,19.371,-5.0587,1.8096
0.55666,-0.76155,-0.29936,-0.14336,19.349,-5.0709,1.815
0.55538,-0.76204,-0.29996,-0.14449,19.327,-5.0829,1.8195
0.55409,-0.76253,-0.30055,-0.14561,19.305,-5.0945,1.8232
0.5528,-0.76301,-0.30115,-0.14673,19.284,-5.1058,1.8261
0.55151,-0.7635,-0.30174,-0.14785,19.263,-5.1168,1.8282
0.55022,-0.76398,-0.30233,-0.14896,19.243,-5.1275,1.8295
0.54893,-0.76445,-0.30293,-0.15008,19.223,-5.1379,1.83
0.54764,-0.76493,-0.30352,-0.1512,19.204,-5.1479,1.8296
0.54634,-0.7654,-0.30411,-0.15232,19.185,-5.1577,1.8285
0.54504,-0.76587,-0.30469,-0.15344,19.167,-5.1671,1.8264
0.54374,-0.76633,-0.30528,-0.15455,19.149,-5.1762,1.8236
0.54244,-0.76679,-0.30587,-0.15567,19.132,-5.185,1.82
0.54113,-0.76726,-0.30645,-0.15678,19.116,-5.1935,1.8156
0.53983,-0.76771,-0.30704,-0.1579,19.1,-5.2016,1.8103
0.53852,-0.76817,-0.30762,-0.15901,19.084,-5.2095,1.8043
0.53721,-0.76862,-0.3082,-0.16013,19.069,-5.217,1.7976
0.5359,-0.76907,-0.30879,-0.16124,19.055,-5.2242,1.7901
0.53458,-0.76952,-0.30937,-0.16235,19.041,-5.2311,1.7819
0.53327,-0.76996,-0.30994,-0.16346,19.028,-5.2376,1.7729
0.53195,-0.7704,-0.31052,-0.16457,19.015,-5.2438,1.7633
0.53063,-0.77084,-0.3111,-0.16568,19.003,-5.2497,1.7531
0.52931,-0.77128,-0.31167,-0.16679,18.992,-5.2553,1.7422
0.52799,-0.77171,-0.31225,-0.1679,18.981,-5.2606,1.7306
0.52666,-0.77214,-0.31282,-0.16901,18.971,-5.2655,1.7186
0.52533,-0.77257,-0.31339,-0.17012,18.962,-5.2701,1.7059
0.524,-0.773,-0.31397,-0.17123,18.953,-5.2743,1.6928
0.52267,-0.77342,-0.31454,-0.17234,18.945,-5.2783,1.6792
0.52134,-0.77384,-0.31511,-0.17344,18.938,-5.2819,1.6651
0.52001,-0.77426,-0.31567,-0.17455,18.931,-5.2852,1.6506
0.51867,-0.77467,-0.31624,-0.17566,18.925,-5.2881,1.6357
0.51733,-0.77508,-0.31681,-0.17676,18.919,-5.2908,1.6205
0.51599,-0.77549,-0.31737,-0.17786,18.914,-5.2931,1.605
0.51465,-0.7759,-0.31793,-0.17897,18.91,-5.2951,1.5893
0.51331,-0.7763,-0.3185,-0.18007,18.907,-5.2967,1.5733
0.51196,-0.7767,-0.31906,-0.18117,18.904,-5.298,1.5571
0.51062,-0.7771,-0.31962,-0.18227,18.902,-5.299,1.5408
0.50927,-0.7775,-0.32018,-0.18338,18.901,-5.2996,1.5244
0.50792,-0.77789,-0.32074,-0.18448,18.9,-5.3,1.5079
0.50657,-0.77828,-0.32129,-0.18558,18.9,-5.3,1.4914
0.50521,-0.77867,-0.32185,-0.18667,18.901,-5.2996,1.4749
0.50386,-0.77905,-0.3224,-0.18777,18.902,-5.299,1.4585
0.5025,-0.77944,-0.32296,-0.18887,18.904,-5.298,1.4422
0.50114,-0.77982,-0.32351,-0.18997,18.907,-5.2966,1.426
-0.49978,0.78019,0.32406,0.19106,18.91,-5.295,1.41
-0.49842,0.78057,0.32461,0.19216,18.915,-5.293,1.3943
-0.49705,0.78094,0.32516,0.19326,18.919,-5.2907,1.3788
-0.49569,0.78131,0.32571,0.19435,18.925,-5.288,1.3636
-0.49432,0.78167,0.32625,0.19544,18.931,-5.2851,1.3488
-0.49295,0.78203,0.3268,0.19654,18.938,-5.2817,1.3343
-0.49158,0.78239,0.32734,0.19763,18.945,-5.2781,1.3202
-0.4902,0.78275,0.32789,0.19872,18.953,-5.2742,1.3066
-0.48883,0.78311,0.32843,0.19981,18.962,-5.2699,1.2935
-0.48745,0.78346,0.32897,0.2009,18.972,-5.2653,1.2809
-0.48608,0.78381,0.32951,0.20199,18.982,-5.2603,1.2688
-0.4847,0.78415,0.33005,0.20308,18.993,-5.2551,1.2574
-0.48331,0.7845,0.33058,0.20417,19.004,-5.2495,1.2465
-0.48193,0.78484,0.33112,0.20526,19.016,-5.2436,1.2362
-0.48055,0.78518,0.33166,0.20634,19.028,-5.2373,1.2267
-0.47916,0.78551,0.33219,0.20743,19.042,-5.2308,1.2178
-0.47777,0.78585,0.33272,0.20851,19.055,-5.2239,1.2096
-0.47638,0.78618,0.33325,0.2096,19.07,-5.2167,1.2021
-0.47499,0.7865,0.33379,0.21068,19.085,-5.2091,1.1954
-0.4736,0.78683,0.33431,0.21177,19.1,-5.2013,1.1894
-0.4722,0.78715,0.33484,0.21285,19.116,-5.1931,1.1842
-0.4708,0.78747,0.33537,0.21393,19.133,-5.1846,1.1798
-0.46941,0.78778,0.3359,0.21501,19.15,-5.1758,1.1762
-0.46801,0.7881,0.33642,0.21609,19.168,-5.1667,1.1734
-0.4666,0.78841,0.33694,0.21717,19.186,-5.1572,1.1715
-0.4652,0.78872,0.33747,0.21825,19.205,-5.1475,1.1703
-0.4638,0.78902,0.33799,0.21933,19.224,-5.1374,1.17
-0.46239,0.78932,0.33851,0.2204,19.244,-5.127,1.1705
-0.46098,0.78962,0.33903,0.22148,19.264,-5.1163,1.1718
-0.45957,0.78992,0.33954,0.22256,19.285,-5.1053,1.174
-0.45816,0.79021,0.34006,0.22363,19.306,-5.094,1.1769
-0.45675,0.79051,0.34057,0.2247,19.328,-5.0823,1.1807
-0.45533,0.79079,0.34109,0.22578,19.35,-5.0704,1.1853
-0.45392,0.79108,0.3416,0.22685,19.372,-5.0582,1.1906
-0.4525,0.79136,0.34211,0.22792,19.395,-5.0456,1.1967
-0.45108,0.79164,0.34262,0.22899,19.418,-5.0327,1.2036
-0.44966,0.79192,0.34313,0.23006,19.441,-5.0196,1.2112
-0.44824,0.7922,0.34364,0.23113,19.465,-5.0061,1.2196
-0.44681,0.79247,0.34415,0.2322,19.489,-4.9924,1.2286
-0.44539,0.79274,0.34465,0.23327,19.514,-4.9783,1.2384
-0.44396,0.793,0.34516,0.23433,19.539,-4.9639,1.2487
-0.44253,0.79327,0.34566,0.2354,19.564,-4.9493,1.2597
-0.4411,0.79353,0.34616,0.23646,19.589,-4.9343,1.2713
-0.43967,0.79379,0.34666,0.23753,19.615,-4.9191,1.2835
-0.43824,0.79404,0.34716,0.23859,19.641,-4.9035,1.2962
-0.4368,0.79429,0.34766,0.23966,19.667,-4.8877,1.3095
-0.43536,0.79454,0.34816,0.24072,19.693,-4.8716,1.3232
-0.43393,0.79479,0.34865,0.24178,19.72,-4.8552,1.3373
-0.43249,0.79503,0.34915,0.24284,19.746,-4.8385,1.3519
-0.43105,0.79528,0.34964,0.2439,19.773,-4.8215,1.3668
-0.4296,0.79551,0.35013,0.24496,19.8,-4.8043,1.3821
-0.42816,0.79575,0.35063,0.24601,19.827,-4.7867,1.3976
-0.42671,0.79598,0.35112,0.24707,19.854,-4.7689,1.4134
-0.42527,0.79621,0.3516,0.24813,19.882,-4.7508,1.4294
-0.42382,0.79644,0.35209,0.24918,19.909,-4.7325,1.4456
-0.42237,0.79667,0.35258,0.25023,19.937,-4.7138,1.462
-0.42092,0.79689,0.35306,0.25129,19.964,-4.6949,1.4784
-0.41946,0.79711,0.35355,0.25234,19.991,-4.6757,1.4949
-0.41801,0.79732,0.35403,0.25339,20.019,-4.6563,1.5114
-0.41655,0.79754,0.35451,0.25444,20.046,-4.6366,1.5279
-0.4151,0.79775,0.35499,0.25549,20.074,-4.6166,1.5443
-0.41364,0.79796,0.35547,0.25654,20.101,-4.5964,1.5605
-0.41218,0.79816,0.35594,0.25759,20.129,-4.5759,1.5767
-0.41072,0.79836,0.35642,0.25863,20.156,-4.5551,1.5926
-0.40925,0.79856,0.3569,0.25968,20.183,-4.5341,1.6083
-0.40779,0.79876,0.35737,0.26073,20.21,-4.5128,1.6238
-0.40632,0.79895,0.35784,0.26177,20.237,-4.4913,1.6389
-0.40486,0.79914,0.35831,0.26281,20.264,-4.4696,1.6537
-0.40339,0.79933,0.35878,0.26386,20.29,-4.4476,1.6681
-0.40192,0.79952,0.35925,0.2649,20.317,-4.4253,1.6821
-0.40045,0.7997,0.35972,0.26594,20.343,-4.4028,1.6956
-0.39897,0.79988,0.36019,0.26698,20.369,-4.3801,1.7087
-0.3975,0.80006,0.36065,0.26802,20.395,-4.3571,1.7212
-0.39602,0.80023,0.36111,0.26905,20.421,-4.3339,1.7331
-0.39455,0.8004,0.36158,0.27009,20.446,-4.3104,1.7445
-0.39307,0.80057,0.36204,0.27113,20.471,-4.2867,1.7553
-0.39159,0.80074,0.3625,0.27216,20.495,-4.2628,1.7654
-0.39011,0.8009,0.36296,0.2732,20.52,-4.2387,1.7749
-0.38862,0.80106,0.36341,0.27423,20.544,-4.2143,1.7837
-0.38714,0.80122,0.36387,0.27526,20.568,-4.1898,1.7917
-0.38565,0.80138,0.36432,0.27629,20.591,-4.165,1.7991
-0.38417,0.80153,0.36478,0.27732,20.614,-4.14,1.8057
-0.38268,0.80168,0.36523,0.27835,20.637,-4.1147,1.8115
-0.38119,0.80182,0.36568,0.27938,20.659,-4.0893,1.8166
-0.3797,0.80197,0.36613,0.28041,20.681,-4.0636,1.8208
-0.37821,0.80211,0.36658,0.28143,20.702,-4.0378,1.8243
-0.37671,0.80225,0.36702,0.28246,20.723,-4.0117,1.8269
-0.37522,0.80238,0.36747,0.28348,20.744,-3.9855,1.8288
-0.37372,0.80251,0.36792,0.2845,20.764,-3.959,1.8298
-0.37223,0.80264,0.36836,0.28553,20.783,-3.9324,1.83
-0.37073,0.80277,0.3688,0.28655,20.802,-3.9055,1.8293
-0.36923,0.80289,0.36924,0.28757,20.821,-3.8785,1.8279
-0.36773,0.80301,0.36968,0.28859,20.839,-3.8512,1.8256
-0.36622,0.80313,0.37012,0.28961,20.856,-3.8238,1.8225
-0.36472,0.80325,0.37055,0.29062,20.873,-3.7962,1.8186
-0.36322,0.80336,0.37099,0.29164,20.89,-3.7685,1.8139
-0.36171,0.80347,0.37142,0.29265,20.906,-3.7405,1.8084
-0.3602,0.80358,0.37186,0.29367,20.921,-3.7124,1.8022
-0.35869,0.80368,0.37229,0.29468,20.936,-3.6841,1.7952
-0.35718,0.80378,0.37272,0.29569,20.95,-3.6556,1.7874
-0.35567,0.80388,0.37315,0.2967,20.963,-3.627,1.7789
-0.35416,0.80398,0.37358,0.29771,20.976,-3.5982,1.7698
-0.35264,0.80407,0.374,0.29872,20.989,-3.5693,1.7599
-0.35113,0.80416,0.37443,0.29973,21.001,-3.5402,1.7495
-0.34961,0.80425,0.37485,0.30074,21.012,-3.5109,1.7383
-0.3481,0.80433,0.37527,0.30174,21.022,-3.4815,1.7266
-0.34658,0.80441,0.37569,0.30275,21.032,-3.4519,1.7144
-0.34506,0.80449,0.37611,0.30375,21.041,-3.4222,1.7016
-0.34354,0.80457,0.37653,0.30475,21.05,-3.3924,1.6883
-0.34201,0.80464,0.37695,0.30576,21.058,-3.3624,1.6745
-0.34049,0.80471,0.37737,0.30676,21.065,-3.3323,1.6603
-0.33897,0.80478,0.37778,0.30776,21.071,-3.302,1.6456
-0.33744,0.80484,0.37819,0.30875,21.077,-3.2716,1.6307
-0.33591,0.80491,0.3786,0.30975,21.083,-3.2411,1.6153
-0.33438,0.80497,0.37902,0.31075,21.087,-3.2105,1.5997
-0.33285,0.80502,0.37942,0.31174,21.091,-3.1797,1.5839
-0.33132,0.80508,0.37983,0.31274,21.094,-3.1488,1.5678
-0.32979,0.80513,0.38024,0.31373,21.097,-3.1178,1.5516
-0.32826,0.80517,0.38064,0.31472,21.098,-3.0867,1.5353
-0.32673,0.80522,0.38105,0.31571,21.1,-3.0555,1.5188
-0.32519,0.80526,0.38145,0.3167,21.1,-3.0242,1.5023
-0.32365,0.8053,0.38185,0.31769,21.1,-2.9928,1.4858
-0.32212,0.80534,0.38225,0.31868,21.099,-2.9613,1.4694
-0.32058,0.80537,0.38265,0.31966,21.097,-2.9296,1.453
-0.31904,0.8054,0.38305,0.32065,21.095,-2.8979,1.4367
-0.3175,0.80543,0.38344,0.32163,21.092,-2.8661,1.4206
-0.31595,0.80546,0.38384,0.32262,21.088,-2.8342,1.4047
-0.31441,0.80548,0.38423,0.3236,21.084,-2.8023,1.389
-0.31287,0.8055,0.38462,0.32458,21.079,-2.7702,1.3736
-0.31132,0.80552,0.38501,0.32556,21.073,-2.7381,1.3586
-0.30978,0.80553,0.3854,0.32654,21.067,-2.7059,1.3438
-0.30823,0.80554,0.38579,0.32751,21.06,-2.6736,1.3295
-0.30668,0.80555,0.38618,0.32849,21.052,-2.6413,1.3156
-0.30513,0.80556,0.38656,0.32946,21.044,-2.6089,1.3022
-0.30358,0.80556,0.38694,0.33044,21.035,-2.5764,1.2892
-0.30203,0.80556,0.38733,0.33141,21.025,-2.5439,1.2768
-0.30048,0.80556,0.38771,0.33238,21.015,-2.5113,1.2649
-0.29892,0.80555,0.38809,0.33335,21.004,-2.4787,1.2536
-0.29737,0.80554,0.38847,0.33432,20.992,-2.446,1.243
-0.29581,0.80553,0.38884,0.33529,20.98,-2.4133,1.2329
-0.29425,0.80552,0.38922,0.33626,20.967,-2.3805,1.2236
-0.2927,0.8055,0.38959,0.33722,20.954,-2.3477,1.2149
-0.29114,0.80548,0.38997,0.33819,20.94,-2.3149,1.207
-0.28958,0.80546,0.39034,0.33915,20.925,-2.2821,1.1997
-0.28802,0.80543,0.39071,0.34011,20.91,-2.2492,1.1933
-0.28645,0.8054,0.39108,0.34107,20.894,-2.2162,1.1876
-0.28489,0.80537,0.39144,0.34203,20.878,-2.1833,1.1827
-0.28333,0.80534,0.39181,0.34299,20.861,-2.1503,1.1785
-0.28176,0.8053,0.39217,0.34395,20.844,-2.1174,1.1752
-0.2802,0.80526,0.39254,0.3449,20.826,-2.0844,1.1727
-0.27863,0.80522,0.3929,0.34586,20.808,-2.0514,1.171
-0.27706,0.80517,0.39326,0.34681,20.789,-2.0184,1.1701
-0.27549,0.80513,0.39362,0.34777,20.769,-1.9854,1.1701
-0.27392,0.80508,0.39398,0.34872,20.749,-1.9524,1.1709
-0.27235,0.80502,0.39433,0.34967,20.729,-1.9194,1.1725
-0.27078,0.80497,0.39469,0.35062,20.708,-1.8864,1.1749
-0.26921,0.80491,0.39504,0.35156,20.687,-1.8534,1.1781
-0.26763,0.80484,0.39539,0.35251,20.665,-1.8205,1.1821
-0.26606,0.80478,0.39574,0.35345,20.643,-1.7875,1.187
-0.26448,0.80471,0.39609,0.3544,20.621,-1.7546,1.1926
-0.26291,0.80464,0.39644,0.35534,20.598,-1.7217,1.199
-0.26133,0.80457,0.39679,0.35628,20.574,-1.6889,1.2061
-0.25975,0.80449,0.39713,0.35722,20.551,-1.656,1.214
-0.25817,0.80441,0.39748,0.35816,20.527,-1.6232,1.2226
-0.25659,0.80433,0.39782,0.3591,20.502,-1.5905,1.2318
-0.25501,0.80425,0.39816,0.36003,20.478,-1.5577,1.2418
-0.25343,0.80416,0.3985,0.36097,20.453,-1.5251,1.2524
-0.25184,0.80407,0.39884,0.3619,20.428,-1.4924,1.2636
-0.25026,0.80398,0.39918,0.36284,20.402,-1.4598,1.2754
-0.24868,0.80388,0.39951,0.36377,20.376,-1.4273,1.2877
-0.24709,0.80378,0.39985,0.3647,20.351,-1.3948,1.3006
-0.2455,0.80368,0.40018,0.36563,20.324,-1.3624,1.314
-0.24392,0.80358,0.40051,0.36655,20.298,-1.3301,1.3279
-0.24233,0.80347,0.40084,0.36748,20.271,-1.2978,1.3422
-0.24074,0.80336,0.40117,0.3684,20.245,-1.2656,1.3569
-0.23915,0.80325,0.4015,0.36933,20.218,-1.2335,1.3719
-0.23756,0.80313,0.40182,0.37025,20.191,-1.2014,1.3873
-0.23597,0.80301,0.40215,0.37117,20.164,-1.1694,1.4029
-0.23438,0.80289,0.40247,0.37209,20.136,-1.1375,1.4188
-0.23278,0.80277,0.40279,0.37301,20.109,-1.1057,1.4349
-0.23119,0.80264,0.40311,0.37393,20.082,-1.074,1.4511
-0.22959,0.80251,0.40343,0.37484,20.054,-1.0424,1.4675
-0.228,0.80238,0.40375,0.37576,20.027,-1.0108,1.4839
-0.2264,0.80224,0.40406,0.37667,19.999,-0.97941,1.5004
-0.22481,0.80211,0.40438,0.37758,19.972,-0.94808,1.5169
-0.22321,0.80196,0.40469,0.37849,19.944,-0.91685,1.5334
-0.22161,0.80182,0.405,0.3794,19.917,-0.88573,1.5497
-0.22001,0.80167,0.40531,0.38031,19.889,-0.85473,1.566
-0.21841,0.80153,0.40562,0.38122,19.862,-0.82384,1.5821
-0.21681,0.80137,0.40593,0.38212,19.835,-0.79306,1.5979
-0.21521,0.80122,0.40623,0.38303,19.808,-0.76241,1.6136
-0.2136,0.80106,0.40654,0.38393,19.781,-0.73188,1.6289
-0.212,0.8009,0.40684,0.38483,19.754,-0.70148,1.6439
-0.2104,0.80074,0.40714,0.38573,19.727,-0.67121,1.6586
-0.20879,0.80057,0.40744,0.38663,19.701,-0.64107,1.6729
-0.20719,0.8004,0.40774,0.38752,19.674,-0.61106,1.6867
-0.20558,0.80023,0.40804,0.38842,19.648,-0.5812,1.7001
-0.20397,0.80006,0.40834,0.38931,19.622,-0.55148,1.7129
-0.20237,0.79988,0.40863,0.39021,19.596,-0.5219,1.7253
-0.20076,0.7997,0.40892,0.3911,19.571,-0.49247,1.737
-0.19915,0.79952,0.40921,0.39199,19.546,-0.46319,1.7482
-0.19754,0.79933,0.4095,0.39288,19.521,-0.43406,1.7588
-0.19593,0.79914,0.40979,0.39377,19.496,-0.40509,1.7687
-0.19432,0.79895,0.41008,0.39465,19.472,-0.37628,1.7779
-0.19271,0.79876,0.41037,0.39554,19.448,-0.34764,1.7865
-0.19109,0.79856,0.41065,0.39642,19.424,-0.31916,1.7943
-0.18948,0.79836,0.41093,0.3973,19.401,-0.29084,1.8014
-0.18787,0.79816,0.41122,0.39818,19.378,-0.2627,1.8077
-0.18625,0.79795,0.4115,0.39906,19.356,-0.23473,1.8133
-0.18464,0.79775,0.41177,0.39994,19.334,-0.20694,1.8181
-0.18302,0.79753,0.41205,0.40082,19.312,-0.17932,1.8221
-0.18141,0.79732,0.41233,0.40169,19.291,-0.15189,1.8253
-0.17979,0.7971,0.4126,0.40257,19.27,-0.12464,1.8276
-0.17817,0.79689,0.41288,0.40344,19.25,-0.097585,1.8292
-0.17655,0.79666,0.41315,0.40431,19.23,-0.070716,1.8299
-0.17493,0.79644,0.41342,0.40518,19.21,-0.04404,1.8298
-0.17332,0.79621,0.41369,0.40605,19.192,-0.01756,1.8289
-0.17169,0.79598,0.41395,0.40691,19.173,0.0087222,1.8272
-0.17007,0.79575,0.41422,0.40778,19.155,0.034803,1.8246
-0.16845,0.79551,0.41448,0.40864,19.138,0.060681,1.8213
-0.16683,0.79527,0.41475,0.4095,19.121,0.086353,1.8171
-0.16521,0.79503,0.41501,0.41036,19.105,0.11182,1.8121
-0.16359,0.79479,0.41527,0.41122,19.089,0.13707,1.8064
-0.16196,0.79454,0.41553,0.41208,19.074,0.16211,1.7999
-0.16034,0.79429,0.41578,0.41294,19.059,0.18693,1.7926
-0.15871,0.79404,0.41604,0.41379,19.045,0.21153,1.7846
-0.15709,0.79378,0.41629,0.41465,19.032,0.23591,1.7759
-0.15546,0.79352,0.41655,0.4155,19.019,0.26007,1.7665
-0.15384,0.79326,0.4168,0.41635,19.007,0.284,1.7565
-0.15221,0.793,0.41705,0.4172,18.996,0.30771,1.7458
-0.15058,0.79273,0.41729,0.41805,18.985,0.33118,1.7345
-0.14895,0.79246,0.41754,0.41889,18.974,0.35442,1.7226
-0.14733,0.79219,0.41779,0.41974,18.965,0.37743,1.7101
-0.1457,0.79192,0.41803,0.42058,18.956,0.40019,1.6971
-0.14407,0.79164,0.41827,0.42142,18.948,0.42272,1.6837
-0.14244,0.79136,0.41851,0.42226,18.94,0.44501,1.6697
-0.14081,0.79108,0.41875,0.4231,18.933,0.46705,1.6554
-0.13918,0.79079,0.41899,0.42394,18.927,0.48884,1.6406
-0.13754,0.7905,0.41923,0.42478,18.921,0.51038,1.6255
-0.13591,0.79021,0.41946,0.42561,18.916,0.53168,1.6101
-0.13428,0.78992,0.4197,0.42644,18.912,0.55272,1.5944
-0.13265,0.78962,0.41993,0.42728,18.908,0.5735,1.5785
-0.13101,0.78932,0.42016,0.42811,18.905,0.59403,1.5624
-0.12938,0.78902,0.42039,0.42894,18.903,0.6143,1.5461
-0.12774,0.78871,0.42062,0.42976,18.901,0.63431,1.5297
-0.12611,0.7884,0.42084,0.43059,18.9,0.65405,1.5133
-0.12447,0.78809,0.42107,0.43141,18.9,0.67353,1.4968
-0.12284,0.78778,0.42129,0.43223,18.9,0.69274,1.4803
-0.1212,0.78746,0.42151,0.43306,18.902,0.71168,1.4639
-0.11957,0.78715,0.42173,0.43387,18.904,0.73035,1.4475
-0.11793,0.78682,0.42195,0.43469,18.906,0.74875,1.4313
-0.11629,0.7865,0.42217,0.43551,18.909,0.76687,1.4152
-0.11465,0.78617,0.42239,0.43632,18.913,0.78472,1.3994
-0.11302,0.78584,0.4226,0.43714,18.918,0.80229,1.3838
-0.11138,0.78551,0.42281,0.43795,18.923,0.81957,1.3685
-0.10974,0.78517,0.42302,0.43876,18.929,0.83658,1.3536
-0.1081,0.78484,0.42323,0.43957,18.936,0.8533,1.339
-0.10646,0.78449,0.42344,0.44038,18.943,0.86974,1.3248
-0.10482,0.78415,0.42365,0.44118,18.951,0.88588,1.311
-0.10318,0.7838,0.42386,0.44199,18.959,0.90175,1.2977
-0.10154,0.78345,0.42406,0.44279,18.969,0.91732,1.285
-0.099898,0.7831,0.42426,0.44359,18.978,0.93259,1.2727
-0.098257,0.78275,0.42446,0.44439,18.989,0.94758,1.261
-0.096615,0.78239,0.42466,0.44519,19,0.96227,1.25
-0.094973,0.78203,0.42486,0.44598,19.012,0.97667,1.2395
-0.09333,0.78167,0.42506,0.44678,19.024,0.99076,1.2297
-0.091687,0.7813,0.42525,0.44757,19.037,1.0046,1.2206
-0.090044,0.78093,0.42545,0.44836,19.051,1.0181,1.2122
-0.088401,0.78056,0.42564,0.44915,19.065,1.0313,1.2045
-0.086757,0.78019,0.42583,0.44994,19.08,1.0441,1.1975
-0.085113,0.77981,0.42602,0.45073,19.095,1.0567,1.1913
-0.083469,0.77943,0.42621,0.45152,19.111,1.069,1.1858
-0.081824,0.77905,0.42639,0.4523,19.128,1.081,1.1812
-0.080179,0.77867,0.42658,0.45308,19.145,1.0927,1.1773
-0.078534,0.77828,0.42676,0.45386,19.162,1.104,1.1743
-0.076888,0.77789,0.42694,0.45464,19.18,1.1151,1.172
-0.075243,0.77749,0.42712,0.45542,19.199,1.1258,1.1706
-0.073596,0.7771,0.4273,0.45619,19.218,1.1362,1.17
-0.07195,0.7767,0.42748,0.45697,19.237,1.1463,1.1703
-0.070304,0.7763,0.42766,0.45774,19.258,1.1561,1.1713
-0.068657,0.7759,0.42783,0.45851,19.278,1.1656,1.1732
-0.06701,0.77549,0.428,0.45928,19.299,1.1748,1.1759
-0.065363,0.77508,0.42817,0.46005,19.32,1.1836,1.1794
-0.063715,0.77467,0.42834,0.46082,19.342,1.1921,1.1837
-0.062067,0.77425,0.42851,0.46158,19.365,1.2004,1.1888
-0.06042,0.77384,0.42868,0.46234,19.387,1.2082,1.1946
-0.058771,0.77342,0.42884,0.46311,19.41,1.2158,1.2013
-0.057123,0.77299,0.42901,0.46387,19.434,1.2231,1.2087
-0.055475,0.77257,0.42917,0.46462,19.457,1.23,1.2168
-0.053826,0.77214,0.42933,0.46538,19.481,1.2366,1.2256
-0.052177,0.77171,0.42949,0.46614,19.506,1.2429,1.2351
-0.050528,0.77127,0.42965,0.46689,19.531,1.2488,1.2453
-0.048879,0.77084,0.4298,0.46764,19.556,1.2544,1.2561
-0.047229,0.7704,0.42996,0.46839,19.581,1.2597,1.2675
-0.045579,0.76996,0.43011,0.46914,19.606,1.2647,1.2795
-0.04393,0.76951,0.43026,0.46989,19.632,1.2694,1.292
-0.04228,0.76907,0.43041,0.47063,19.658,1.2737,1.3051
-0.04063,0.76862,0.43056,0.47137,19.684,1.2777,1.3186
-0.038979,0.76816,0.43071,0.47212,19.711,1.2813,1.3326
-0.037329,0.76771,0.43086,0.47286,19.738,1.2847,1.3471
-0.035679,0.76725,0.431,0.4736,19.764,1.2877,1.3619
-0.034028,0.76679,0.43114,0.47433,19.791,1.2904,1.377
-0.032377,0.76633,0.43128,0.47507,19.818,1.2927,1.3925
-0.030726,0.76586,0.43142,0.4758,19.845,1.2948,1.4082
-0.029075,0.76539,0.43156,0.47653,19.873,1.2965,1.4242
-0.027424,0.76492,0.4317,0.47726,19.9,1.2978,1.4403
-0.025773,0.76445,0.43183,0.47799,19.928,1.2989,1.4566
-0.024122,0.76397,0.43197,0.47872,19.955,1.2996,1.473
-0.022471,0.76349,0.4321,0.47944,19.982,1.2999,1.4895
-0.020819,0.76301,0.43223,0.48017,20.01,1.3,1.506
-0.019168,0.76252,0.43236,0.48089,20.037,1.2997,1.5225
-0.017516,0.76204,0.43249,0.48161,20.065,1.2991,1.5389
-0.015865,0.76155,0.43261,0.48233,20.092,1.2981,1.5552
-0.014213,0.76105,0.43274,0.48304,20.12,1.2969,1.5714
-0.012561,0.76056,0.43286,0.48376,20.147,1.2953,1.5874
-0.01091,0.76006,0.43298,0.48447,20.174,1.2933,1.6032
-0.0092578,0.75956,0.4331,0.48518,20.201,1.2911,1.6188
-0.007606,0.75906,0.43322,0.48589,20.228,1.2885,1.634
-0.0059541,0.75855,0.43334,0.4866,20.255,1.2855,1.6489
-0.0043022,0.75804,0.43345,0.48731,20.282,1.2823,1.6634
-0.0026504,0.75753,0.43357,0.48801,20.308,1.2787,1.6776
-0.00099847,0.75702,0.43368,0.48872,20.335,1.2748,1.6912
0.00065343,0.7565,0.43379,0.48942,20.361,1.2706,1.7044
0.0023053,0.75598,0.4339,0.49012,20.387,1.266,1.7171
0.0039572,0.75546,0.43401,0.49082,20.412,1.2611,1.7293
0.0056091,0.75494,0.43411,0.49151,20.438,1.2559,1.7409
0.0072609,0.75441,0.43422,0.49221,20.463,1.2504,1.7518
0.0089128,0.75388,0.43432,0.4929,20.487,1.2445,1.7622
0.010565,0.75335,0.43442,0.49359,20.512,1.2383,1.7719
0.012216,0.75281,0.43453,0.49428,20.536,1.2318,1.7809
0.013868,0.75227,0.43462,0.49497,20.56,1.225,1.7892
0.01552,0.75173,0.43472,0.49566,20.583,1.2178,1.7968
0.017171,0.75119,0.43482,0.49634,20.607,1.2103,1.8036
0.018823,0.75064,0.43491,0.49702,20.629,1.2025,1.8097
0.020474,0.7501,0.435,0.4977,20.652,1.1944,1.815
0.022126,0.74955,0.4351,0.49838,20.674,1.186,1.8195
0.023777,0.74899,0.43518,0.49906,20.695,1.1772,1.8232
0.025428,0.74844,0.43527,0.49973,20.716,1.1682,1.8262
0.02708,0.74788,0.43536,0.50041,20.737,1.1588,1.8283
0.028731,0.74732,0.43544,0.50108,20.757,1.1491,1.8295
0.030382,0.74675,0.43553,0.50175,20.777,1.139,1.83
0.032032,0.74619,0.43561,0.50242,20.796,1.1287,1.8296
0.033683,0.74562,0.43569,0.50309,20.815,1.118,1.8284
0.035334,0.74504,0.43577,0.50375,20.833,1.1071,1.8264
0.036984,0.74447,0.43585,0.50441,20.851,1.0958,1.8236
0.038635,0.74389,0.43592,0.50508,20.868,1.0842,1.82
0.040285,0.74331,0.436,0.50574,20.884,1.0723,1.8155
0.041935,0.74273,0.43607,0.50639,20.901,1.0601,1.8103
0.043585,0.74215,0.43614,0.50705,20.916,1.0476,1.8043
0.045235,0.74156,0.43621,0.5077,20.931,1.0348,1.7975
0.046885,0.74097,0.43628,0.50836,20.945,1.0217,1.79
0.048534,0.74038,0.43635,0.50901,20.959,1.0083,1.7818
0.050183,0.73978,0.43641,0.50966,20.972,0.99457,1.7729
0.051832,0.73918,0.43648,0.5103,20.985,0.98056,1.7632
0.053481,0.73858,0.43654,0.51095,20.997,0.96625,1.753
0.05513,0.73798,0.4366,0.51159,21.008,0.95164,1.7421
0.056779,0.73737,0.43666,0.51224,21.019,0.93673,1.7305
0.058427,0.73677,0.43672,0.51288,21.029,0.92153,1.7185
0.060075,0.73616,0.43677,0.51351,21.038,0.90604,1.7058
0.061723,0.73554,0.43683,0.51415,21.047,0.89026,1.6927
0.063371,0.73493,0.43688,0.51478,21.055,0.87419,1.679
0.065019,0.73431,0.43693,0.51542,21.063,0.85783,1.665
0.066666,0.73369,0.43698,0.51605,21.069,0.84119,1.6505
0.068313,0.73306,0.43703,0.51668,21.075,0.82426,1.6356
0.06996,0.73244,0.43708,0.51731,21.081,0.80705,1.6204
0.071606,0.73181,0.43712,0.51793,21.086,0.78956,1.6049
0.073253,0.73118,0.43717,0.51856,21.09,0.77179,1.5891
0.074899,0.73054,0.43721,0.51918,21.093,0.75374,1.5731
0.076545,0.72991,0.43725,0.5198,21.096,0.73542,1.557
0.07819,0.72927,0.43729,0.52042,21.098,0.71683,1.5406
0.079835,0.72863,0.43733,0.52103,21.099,0.69796,1.5242
0.08148,0.72798,0.43736,0.52165,21.1,0.67882,1.5077
0.083125,0.72734,0.4374,0.52226,21.1,0.65942,1.4912
0.084769,0.72669,0.43743,0.52287,21.099,0.63975,1.4748
0.086414,0.72604,0.43746,0.52348,21.098,0.61981,1.4583
0.088057,0.72538,0.43749,0.52409,21.096,0.59961,1.442
0.089701,0.72473,0.43752,0.52469,21.093,0.57916,1.4259
0.091344,0.72407,0.43755,0.5253,21.09,0.55844,1.4099
0.092987,0.7234,0.43757,0.5259,21.085,0.53747,1.3941
0.09463,0.72274,0.4376,0.5265,21.081,0.51625,1.3787
0.096272,0.72207,0.43762,0.5271,21.075,0.49477,1.3635
0.097914,0.7214,0.43764,0.52769,21.069,0.47305,1.3486
0.099555,0.72073,0.43766,0.52829,21.062,0.45107,1.3342
0.1012,0.72006,0.43768,0.52888,21.055,0.42885,1.3201
0.10284,0.71938,0.43769,0.52947,21.046,0.40639,1.3065
0.10448,0.7187,0.43771,0.53006,21.038,0.38369,1.2934
0.10612,0.71802,0.43772,0.53065,21.028,0.36075,1.2808
0.10776,0.71733,0.43773,0.53123,21.018,0.33758,1.2687
0.1094,0.71665,0.43774,0.53182,21.007,0.31417,1.2573
0.11104,0.71596,0.43775,0.5324,20.996,0.29053,1.2464
0.11267,0.71527,0.43776,0.53298,20.984,0.26666,1.2361
0.11431,0.71457,0.43776,0.53356,20.971,0.24256,1.2266
0.11595,0.71387,0.43777,0.53413,20.958,0.21824,1.2177
0.11759,0.71318,0.43777,0.53471,20.944,0.19369,1.2095
0.11922,0.71247,0.43777,0.53528,20.93,0.16893,1.202
0.12086,0.71177,0.43777,0.53585,20.915,0.14395,1.1953
0.1225,0.71106,0.43777,0.53642,20.9,0.11876,1.1894
0.12413,0.71035,0.43777,0.53698,20.883,0.093354,1.1842
0.12577,0.70964,0.43776,0.53755,20.867,0.067739,1.1798
0.1274,0.70893,0.43775,0.53811,20.85,0.041918,1.1762
0.12904,0.70821,0.43775,0.53867,20.832,0.015892,1.1734
0.13067,0.70749,0.43774,0.53923,20.814,-0.010336,1.1715
0.13231,0.70677,0.43772,0.53979,20.795,-0.036762,1.1703
0.13394,0.70604,0.43771,0.54035,20.776,-0.063384,1.17
0.13557,0.70532,0.4377,0.5409,20.756,-0.090201,1.1705
0.1372,0.70459,0.43768,0.54145,20.736,-0.11721,1.1718
0.13883,0.70386,0.43766,0.542,20.715,-0.1444,1.174
0.14047,0.70312,0.43764,0.54255,20.694,-0.17178,1.177
0.1421,0.70238,0.43762,0.54309,20.672,-0.19935,1.1807
0.14373,0.70165,0.4376,0.54364,20.65,-0.22709,1.1853
0.14536,0.7009,0.43758,0.54418,20.628,-0.25501,1.1907
0.14698,0.70016,0.43755,0.54472,20.605,-0.28311,1.1968
0.14861,0.69941,0.43753,0.54526,20.582,-0.31138,1.2037
0.15024,0.69866,0.4375,0.54579,20.558,-0.33981,1.2113
0.15187,0.69791,0.43747,0.54633,20.535,-0.36842,1.2197
0.1535,0.69716,0.43744,0.54686,20.51,-0.39718,1.2287
0.15512,0.6964,0.43741,0.54739,20.486,-0.42611,1.2384
0.15675,0.69564,0.43737,0.54792,20.461,-0.45519,1.2488
0.15837,0.69488,0.43734,0.54845,20.436,-0.48443,1.2598
0.16,0.69412,0.4373,0.54897,20.411,-0.51382,1.2715
0.16162,0.69335,0.43726,0.54949,20.385,-0.54335,1.2836
0.16325,0.69258,0.43722,0.55002,20.359,-0.57304,1.2964
0.16487,0.69181,0.43718,0.55053,20.333,-0.60286,1.3096
0.16649,0.69104,0.43713,0.55105,20.307,-0.63283,1.3233
0.16811,0.69026,0.43709,0.55157,20.28,-0.66293,1.3375
0.16974,0.68949,0.43704,0.55208,20.253,-0.69317,1.352
0.17136,0.68871,0.43699,0.55259,20.227,-0.72354,1.3669
0.17298,0.68792,0.43694,0.5531,20.2,-0.75403,1.3822
0.1746,0.68714,0.43689,0.55361,20.173,-0.78465,1.3977
0.17622,0.68635,0.43684,0.55411,20.145,-0.81539,1.4136
0.17783,0.68556,0.43679,0.55462,20.118,-0.84625,1.4296
0.17945,0.68477,0.43673,0.55512,20.091,-0.87722,1.4458
0.18107,0.68397,0.43667,0.55562,20.063,-0.90831,1.4621
0.18268,0.68317,0.43661,0.55612,20.036,-0.93951,1.4786
0.1843,0.68237,0.43655,0.55661,20.008,-0.97081,1.495
0.18592,0.68157,0.43649,0.55711,19.981,-1.0022,1.5115
0.18753,0.68077,0.43643,0.5576,19.953,-1.0337,1.528
0.18914,0.67996,0.43636,0.55809,19.926,-1.0653,1.5444
0.19076,0.67915,0.4363,0.55858,19.898,-1.097,1.5607
0.19237,0.67834,0.43623,0.55906,19.871,-1.1288,1.5768
0.19398,0.67753,0.43616,0.55955,19.844,-1.1607,1.5928
0.19559,0.67671,0.43609,0.56003,19.817,-1.1926,1.6085
0.1972,0.67589,0.43602,0.56051,19.79,-1.2247,1.6239
0.19881,0.67507,0.43594,0.56099,19.763,-1.2568,1.6391
0.20042,0.67425,0.43587,0.56146,19.736,-1.289,1.6538
0.20203,0.67342,0.43579,0.56194,19.709,-1.3212,1.6682
0.20364,0.67259,0.43571,0.56241,19.683,-1.3536,1.6822
0.20525,0.67176,0.43563,0.56288,19.657,-1.3859,1.6957
0.20685,0.67093,0.43555,0.56335,19.631,-1.4184,1.7088
0.20846,0.67009,0.43547,0.56382,19.605,-1.4509,1.7213
0.21006,0.66926,0.43538,0.56428,19.579,-1.4835,1.7332
0.21167,0.66842,0.4353,0.56474,19.554,-1.5161,1.7446
0.21327,0.66757,0.43521,0.5652,19.529,-1.5488,1.7554
0.21487,0.66673,0.43512,0.56566,19.504,-1.5815,1.7655
0.21647,0.66588,0.43503,0.56612,19.48,-1.6142,1.775
0.21808,0.66503,0.43494,0.56657,19.456,-1.647,1.7837
0.21968,0.66418,0.43484,0.56703,19.432,-1.6799,1.7918
0.22128,0.66333,0.43475,0.56748,19.409,-1.7127,1.7992
0.22287,0.66247,0.43465,0.56792,19.386,-1.7456,1.8057
0.22447,0.66161,0.43455,0.56837,19.363,-1.7785,1.8116
0.22607,0.66075,0.43445,0.56882,19.341,-1.8115,1.8166
0.22767,0.65989,0.43435,0.56926,19.319,-1.8444,1.8209
0.22926,0.65902,0.43425,0.5697,19.298,-1.8774,1.8243
0.23086,0.65815,0.43414,0.57014,19.277,-1.9104,1.827
0.23245,0.65728,0.43404,0.57057,19.256,-1.9434,1.8288
0.23404,0.65641,0.43393,0.57101,19.236,-1.9763,1.8298
0.23564,0.65554,0.43382,0.57144,19.217,-2.0093,1.83
0.23723,0.65466,0.43371,0.57187,19.198,-2.0423,1.8293
0.23882,0.65378,0.4336,0.5723,19.179,-2.0753,1.8279
0.24041,0.6529,0.43348,0.57273,19.161,-2.1083,1.8256
0.242,0.65202,0.43337,0.57315,19.144,-2.1413,1.8225
0.24359,0.65113,0.43325,0.57358,19.127,-2.1743,1.8186
0.24517,0.65024,0.43313,0.574,19.11,-2.2072,1.8138
0.24676,0.64935,0.43301,0.57441,19.094,-2.2401,1.8084
0.24835,0.64846,0.43289,0.57483,19.079,-2.273,1.8021
0.24993,0.64756,0.43277,0.57525,19.064,-2.3059,1.7951
0.25151,0.64666,0.43265,0.57566,19.05,-2.3388,1.7873
0.2531,0.64576,0.43252,0.57607,19.036,-2.3716,1.7789
0.25468,0.64486,0.43239,0.57648,19.023,-2.4043,1.7697
0.25626,0.64396,0.43227,0.57688,19.011,-2.4371,1.7599
0.25784,0.64305,0.43214,0.57729,18.999,-2.4697,1.7494
0.25942,0.64214,0.432,0.57769,18.988,-2.5024,1.7382
0.261,0.64123,0.43187,0.57809,18.978,-2.535,1.7265
0.26258,0.64032,0.43174,0.57849,18.968,-2.5675,1.7143
0.26415,0.6394,0.4316,0.57889,18.959,-2.6,1.7014
0.26573,0.63849,0.43146,0.57928,18.95,-2.6324,1.6881
0.2673,0.63757,0.43132,0.57967,18.942,-2.6648,1.6743
0.26888,0.63664,0.43118,0.58006,18.935,-2.6971,1.6601
0.27045,0.63572,0.43104,0.58045,18.929,-2.7293,1.6455
0.27202,0.63479,0.43089,0.58084,18.923,-2.7614,1.6305
0.27359,0.63386,0.43075,0.58122,18.917,-2.7935,1.6152
0.27516,0.63293,0.4306,0.5816,18.913,-2.8255,1.5996
0.27673,0.632,0.43045,0.58198,18.909,-2.8574,1.5838
0.2783,0.63106,0.4303,0.58236,18.906,-2.8892,1.5677
0.27987,0.63012,0.43015,0.58274,18.903,-2.921,1.5515
0.28143,0.62918,0.43,0.58311,18.902,-2.9526,1.5351
0.283,0.62824,0.42985,0.58349,18.9,-2.9841,1.5187
0.28456,0.6273,0.42969,0.58386,18.9,-3.0156,1.5022
0.28613,0.62635,0.42953,0.58422,18.9,-3.0469,1.4857
0.28769,0.6254,0.42937,0.58459,18.901,-3.0782,1.4692
0.28925,0.62445,0.42921,0.58495,18.903,-3.1093,1.4529
0.29081,0.6235,0.42905,0.58531,18.905,-3.1403,1.4366
0.29237,0.62254,0.42889,0.58567,18.908,-3.1713,1.4205
0.29393,0.62159,0.42872,0.58603,18.912,-3.202,1.4046
0.29549,0.62063,0.42856,0.58639,18.916,-3.2327,1.3889
0.29704,0.61966,0.42839,0.58674,18.921,-3.2633,1.3735
0.2986,0.6187,0.42822,0.58709,18.927,-3.2937,1.3584
0.30015,0.61773,0.42805,0.58744,18.933,-3.324,1.3437
0.3017,0.61677,0.42788,0.58779,18.94,-3.3541,1.3294
0.30326,0.6158,0.4277,0.58814,18.948,-3.3842,1.3155
0.30481,0.61482,0.42753,0.58848,18.956,-3.4141,1.302
0.30636,0.61385,0.42735,0.58882,18.965,-3.4438,1.2891
0.30791,0.61287,0.42717,0.58916,18.975,-3.4734,1.2767
0.30945,0.61189,0.42699,0.5895,18.985,-3.5029,1.2648
0.311,0.61091,0.42681,0.58983,18.996,-3.5322,1.2535
0.31255,0.60993,0.42663,0.59016,19.008,-3.5613,1.2429
0.31409,0.60894,0.42644,0.5905,19.02,-3.5903,1.2329
0.31563,0.60795,0.42626,0.59082,19.033,-3.6191,1.2235
0.31717,0.60696,0.42607,0.59115,19.046,-3.6478,1.2148
0.31872,0.60597,0.42588,0.59148,19.06,-3.6763,1.2069
0.32026,0.60498,0.42569,0.5918,19.075,-3.7047,1.1997
0.32179,0.60398,0.4255,0.59212,19.09,-3.7328,1.1932
0.32333,0.60298,0.42531,0.59244,19.106,-3.7608,1.1875
0.32487,0.60198,0.42511,0.59275,19.122,-3.7886,1.1826
0.3264,0.60098,0.42491,0.59307,19.139,-3.8163,1.1785
0.32794,0.59998,0.42472,0.59338,19.156,-3.8438,1.1752
0.32947,0.59897,0.42452,0.59369,19.174,-3.871,1.1727
0.331,0.59796,0.42432,0.594,19.193,-3.8981,1.171
0.33253,0.59695,0.42411,0.59431,19.212,-3.925,1.1701
0.33406,0.59594,0.42391,0.59461,19.231,-3.9517,1.1701
0.33559,0.59492,0.42371,0.59491,19.251,-3.9782,1.1709
0.33712,0.5939,0.4235,0.59521,19.271,-4.0045,1.1725
0.33865,0.59288,0.42329,0.59551,19.292,-4.0307,1.1749
0.34017,0.59186,0.42308,0.5958,19.313,-4.0566,1.1781
0.3417,0.59084,0.42287,0.5961,19.335,-4.0823,1.1822
0.34322,0.58981,0.42266,0.59639,19.357,-4.1078,1.187
0.34474,0.58879,0.42244,0.59668,19.38,-4.1331,1.1926
0.34626,0.58776,0.42223,0.59697,19.403,-4.1581,1.199
0.34778,0.58673,0.42201,0.59725,19.426,-4.183,1.2062
0.3493,0.58569,0.42179,0.59753,19.45,-4.2076,1.214
0.35081,0.58466,0.42157,0.59782,19.473,-4.232,1.2226
0.35233,0.58362,0.42135,0.59809,19.498,-4.2562,1.2319
0.35384,0.58258,0.42113,0.59837,19.522,-4.2802,1.2419
0.35536,0.58154,0.4209,0.59865,19.547,-4.3039,1.2525
0.35687,0.58049,0.42068,0.59892,19.573,-4.3275,1.2637
0.35838,0.57945,0.42045,0.59919,19.598,-4.3507,1.2755
0.35989,0.5784,0.42022,0.59946,19.624,-4.3738,1.2879
0.36139,0.57735,0.41999,0.59972,19.65,-4.3966,1.3008
0.3629,0.5763,0.41976,0.59999,19.676,-4.4191,1.3142
0.36441,0.57524,0.41953,0.60025,19.702,-4.4415,1.328
0.36591,0.57419,0.41929,0.60051,19.729,-4.4636,1.3423
0.36741,0.57313,0.41905,0.60077,19.756,-4.4854,1.357
0.36891,0.57207,0.41882,0.60102,19.782,-4.507,1.372
0.37041,0.57101,0.41858,0.60128,19.809,-4.5283,1.3874
0.37191,0.56994,0.41834,0.60153,19.837,-4.5494,1.403
0.37341,0.56888,0.4181,0.60178,19.864,-4.5702,1.4189
0.37491,0.56781,0.41785,0.60203,19.891,-4.5908,1.435
0.3764,0.56674,0.41761,0.60227,19.919,-4.6111,1.4513
0.3779,0.56567,0.41736,0.60252,19.946,-4.6311,1.4676
0.37939,0.56459,0.41711,0.60276,19.973,-4.6509,1.4841
0.38088,0.56352,0.41686,0.603,20.001,-4.6704,1.5006
0.38237,0.56244,0.41661,0.60323,20.028,-4.6897,1.5171
0.38386,0.56136,0.41636,0.60347,20.056,-4.7087,1.5335
0.38534,0.56028,0.41611,0.6037,20.083,-4.7274,1.5499
0.38683,0.55919,0.41585,0.60393,20.111,-4.7458,1.5661
0.38831,0.55811,0.41559,0.60416,20.138,-4.764,1.5822
0.3898,0.55702,0.41534,0.60439,20.165,-4.7819,1.5981
0.39128,0.55593,0.41508,0.60461,20.192,-4.7995,1.6137
0.39276,0.55484,0.41482,0.60483,20.219,-4.8168,1.629
0.39424,0.55375,0.41455,0.60505,20.246,-4.8339,1.6441
0.39571,0.55265,0.41429,0.60527,20.273,-4.8507,1.6587
0.39719,0.55155,0.41402,0.60549,20.3,-4.8671,1.673
0.39867,0.55045,0.41376,0.6057,20.326,-4.8833,1.6868
0.40014,0.54935,0.41349,0.60591,20.352,-4.8992,1.7002
0.40161,0.54825,0.41322,0.60612,20.378,-4.9149,1.713
0.40308,0.54714,0.41295,0.60633,20.404,-4.9302,1.7254
0.40455,0.54604,0.41268,0.60653,20.429,-4.9452,1.7371
0.40602,0.54493,0.4124,0.60674,20.454,-4.96,1.7483
0.40748,0.54382,0.41213,0.60694,20.479,-4.9744,1.7589
0.40895,0.5427,0.41185,0.60714,20.504,-4.9885,1.7688
0.41041,0.54159,0.41157,0.60733,20.528,-5.0024,1.778
0.41187,0.54047,0.41129,0.60753,20.552,-5.0159,1.7865
0.41333,0.53935,0.41101,0.60772,20.576,-5.0292,1.7944
0.41479,0.53823,0.41073,0.60791,20.599,-5.0421,1.8015
0.41625,0.53711,0.41044,0.6081,20.622,-5.0547,1.8078
0.41771,0.53599,0.41016,0.60828,20.644,-5.0671,1.8133
0.41916,0.53486,0.40987,0.60847,20.666,-5.0791,1.8181
0.42061,0.53373,0.40958,0.60865,20.688,-5.0908,1.8221
0.42207,0.5326,0.40929,0.60883,20.709,-5.1022,1.8253
0.42352,0.53147,0.409,0.60901,20.73,-5.1133,1.8277
0.42496,0.53034,0.40871,0.60918,20.751,-5.1241,1.8292
0.42641,0.5292,0.40841,0.60936,20.77,-5.1346,1.8299
0.42786,0.52807,0.40812,0.60953,20.79,-5.1447,1.8298
0.4293,0.52693,0.40782,0.6097,20.809,-5.1546,1.8289
0.43074,0.52579,0.40752,0.60986,20.827,-5.1641,1.8272
0.43219,0.52464,0.40722,0.61003,20.845,-5.1733,1.8246
0.43363,0.5235,0.40692,0.61019,20.862,-5.1822,1.8212
0.43506,0.52235,0.40662,0.61035,20.879,-5.1908,1.8171
0.4365,0.5212,0.40632,0.61051,20.895,-5.1991,1.8121
0.43794,0.52005,0.40601,0.61066,20.911,-5.207,1.8063
0.43937,0.5189,0.4057,0.61082,20.926,-5.2146,1.7998
0.4408,0.51775,0.40539,0.61097,20.941,-5.2219,1.7926
0.44223,0.51659,0.40508,0.61112,20.955,-5.2289,1.7846
0.44366,0.51544,0.40477,0.61127,20.968,-5.2355,1.7759
0.44509,0.51428,0.40446,0.61141,20.981,-5.2419,1.7665
0.44651,0.51312,0.40415,0.61156,20.993,-5.2479,1.7564
0.44794,0.51195,0.40383,0.6117,21.004,-5.2536,1.7457
0.44936,0.51079,0.40351,0.61184,21.015,-5.2589,1.7344
0.45078,0.50962,0.4032,0.61197,21.026,-5.2639,1.7225
0.4522,0.50845,0.40288,0.61211,21.035,-5.2686,1.71
0.45362,0.50729,0.40256,0.61224,21.044,-5.273,1.697
0.45504,0.50611,0.40223,0.61237,21.053,-5.2771,1.6835
0.45645,0.50494,0.40191,0.6125,21.06,-5.2808,1.6696
0.45787,0.50377,0.40158,0.61263,21.067,-5.2842,1.6553
0.45928,0.50259,0.40126,0.61275,21.074,-5.2872,1.6405
0.46069,0.50141,0.40093,0.61287,21.079,-5.29,1.6254
0.4621,0.50023,0.4006,0.61299,21.084,-5.2924,1.61
0.4635,0.49905,0.40027,0.61311,21.088,-5.2945,1.5943
0.46491,0.49786,0.39994,0.61323,21.092,-5.2962,1.5784
0.46631,0.49668,0.3996,0.61334,21.095,-5.2976,1.5623
0.46771,0.49549,0.39927,0.61345,21.097,-5.2987,1.546
0.46911,0.4943,0.39893,0.61356,21.099,-5.2995,1.5296
0.47051,0.49311,0.39859,0.61367,21.1,-5.2999,1.5131
0.47191,0.49192,0.39825,0.61377,21.1,-5.3,1.4966
0.4733,0.49072,0.39791,0.61387,21.1,-5.2998,1.4802
0.4747,0.48953,0.39757,0.61397,21.098,-5.2992,1.4637
0.47609,0.48833,0.39723,0.61407,21.096,-5.2983,1.4474
0.47748,0.48713,0.39688,0.61417,21.094,-5.2971,1.4311
0.47887,0.48593,0.39654,0.61426,21.091,-5.2955,1.4151
0.48026,0.48473,0.39619,0.61435,21.087,-5.2937,1.3993
0.48164,0.48352,0.39584,0.61444,21.082,-5.2914,1.3837
0.48302,0.48232,0.39549,0.61453,21.077,-5.2889,1.3684
0.48441,0.48111,0.39514,0.61462,21.071,-5.286,1.3534
0.48579,0.4799,0.39478,0.6147,21.064,-5.2828,1.3388
0.48717,0.47869,0.39443,0.61478,21.057,-5.2793,1.3247
0.48854,0.47747,0.39407,0.61486,21.049,-5.2755,1.3109
0.48992,0.47626,0.39371,0.61494,21.041,-5.2713,1.2976
0.49129,0.47504,0.39336,0.61501,21.031,-5.2668,1.2848
0.49266,0.47382,0.393,0.61508,21.021,-5.2619,1.2726
0.49403,0.4726,0.39263,0.61515,21.011,-5.2568,1.2609
0.4954,0.47138,0.39227,0.61522,21,-5.2513,1.2499
0.49677,0.47016,0.39191,0.61529,20.988,-5.2455,1.2394
0.49813,0.46894,0.39154,0.61535,20.976,-5.2393,1.2296
0.4995,0.46771,0.39117,0.61541,20.963,-5.2329,1.2205
0.50086,0.46648,0.39081,0.61547,20.949,-5.2261,1.2121
0.50222,0.46525,0.39044,0.61553,20.935,-5.219,1.2044
0.50357,0.46402,0.39007,0.61559,20.92,-5.2116,1.1974
0.50493,0.46279,0.38969,0.61564,20.905,-5.2038,1.1912
0.50628,0.46155,0.38932,0.61569,20.889,-5.1957,1.1858
0.50764,0.46032,0.38894,0.61574,20.872,-5.1874,1.1811
0.50899,0.45908,0.38857,0.61579,20.855,-5.1786,1.1773
0.51034,0.45784,0.38819,0.61583,20.838,-5.1696,1.1742
0.51168,0.4566,0.38781,0.61587,20.82,-5.1603,1.172
0.51303,0.45536,0.38743,0.61591,20.801,-5.1506,1.1706
0.51437,0.45411,0.38705,0.61595,20.782,-5.1406,1.17
0.51571,0.45287,0.38666,0.61599,20.762,-5.1304,1.1703
0.51705,0.45162,0.38628,0.61602,20.742,-5.1198,1.1713
0.51839,0.45037,0.38589,0.61605,20.722,-5.1088,1.1732
0.51973,0.44912,0.38551,0.61608,20.701,-5.0976,1.1759
0.52106,0.44787,0.38512,0.61611,20.679,-5.0861,1.1794
0.5224,0.44662,0.38473,0.61613,20.658,-5.0742,1.1837
0.52373,0.44536,0.38434,0.61616,20.635,-5.0621,1.1888
0.52506,0.44411,0.38394,0.61618,20.613,-5.0496,1.1947
0.52638,0.44285,0.38355,0.6162,20.59,-5.0369,1.2013
0.52771,0.44159,0.38315,0.61621,20.566,-5.0238,1.2087
0.52903,0.44033,0.38276,0.61623,20.542,-5.0104,1.2169
0.53035,0.43906,0.38236,0.61624,20.518,-4.9968,1.2257
0.53167,0.4378,0.38196,0.61625,20.494,-4.9828,1.2352
0.53299,0.43653,0.38156,0.61626,20.469,-4.9685,1.2454
0.53431,0.43527,0.38116,0.61626,20.444,-4.954,1.2562
0.53562,0.434,0.38075,0.61627,20.419,-4.9391,1.2676
0.53693,0.43273,0.38035,0.61627,20.393,-4.924,1.2796
0.53824,0.43146,0.37994,0.61627,20.368,-4.9085,1.2921
0.53955,0.43018,0.37953,0.61626,20.342,-4.8928,1.3052
0.54086,0.42891,0.37913,0.61626,20.315,-4.8768,1.3188
0.54216,0.42763,0.37871,0.61625,20.289,-4.8605,1.3328
0.54347,0.42635,0.3783,0.61624,20.262,-4.8439,1.3472
0.54477,0.42507,0.37789,0.61623,20.235,-4.827,1.362
0.54607,0.42379,0.37748,0.61622,20.209,-4.8098,1.3772
0.54736,0.42251,0.37706,0.6162,20.181,-4.7924,1.3926
0.54866,0.42123,0.37664,0.61618,20.154,-4.7746,1.4084
0.54995,0.41994,0.37623,0.61616,20.127,-4.7566,1.4243
0.55124,0.41865,0.37581,0.61614,20.1,-4.7384,1.4405
0.55253,0.41737,0.37539,0.61611,20.072,-4.7198,1.4568
0.55382,0.41608,0.37496,0.61609,20.045,-4.701,1.4732
0.55511,0.41478,0.37454,0.61606,20.017,-4.6819,1.4896
0.55639,0.41349,0.37412,0.61603,19.99,-4.6625,1.5061
0.55767,0.4122,0.37369,0.616,19.962,-4.6429,1.5226
0.55895,0.4109,0.37326,0.61596,19.935,-4.623,1.539
0.56023,0.40961,0.37283,0.61592,19.907,-4.6028,1.5554
0.56151,0.40831,0.3724,0.61588,19.88,-4.5824,1.5716
0.56278,0.40701,0.37197,0.61584,19.853,-4.5618,1.5876
0.56405,0.40571,0.37154,0.6158,19.826,-4.5408,1.6034
0.56532,0.4044,0.37111,0.61575,19.798,-4.5196,1.6189
0.56659,0.4031,0.37067,0.6157,19.771,-4.4982,1.6341
0.56786,0.40179,0.37024,0.61565,19.745,-4.4765,1.649
0.56912,0.40049,0.3698,0.6156,19.718,-4.4546,1.6636
0.57038,0.39918,0.36936,0.61555,19.691,-4.4324,1.6777
0.57164,0.39787,0.36892,0.61549,19.665,-4.41,1.6914
0.5729,0.39656,0.36848,0.61543,19.639,-4.3873,1.7046
0.57416,0.39525,0.36803,0.61537,19.613,-4.3644,1.7172
0.57541,0.39393,0.36759,0.6153,19.588,-4.3413,1.7294
0.57666,0.39262,0.36714,0.61524,19.562,-4.3179,1.741
0.57791,0.3913,0.3667,0.61517,19.537,-4.2943,1.7519
0.57916,0.38998,0.36625,0.6151,19.512,-4.2705,1.7623
0.5804,0.38866,0.3658,0.61503,19.488,-4.2464,1.7719
0.58165,0.38734,0.36535,0.61496,19.464,-4.2221,1.781
0.58289,0.38602,0.3649,0.61488,19.44,-4.1976,1.7893
0.58413,0.3847,0.36445,0.6148,19.416,-4.1729,1.7968
0.58537,0.38337,0.36399,0.61472,19.393,-4.1479,1.8037
0.5866,0.38204,0.36354,0.61464,19.37,-4.1228,1.8097
0.58784,0.38072,0.36308,0.61455,19.348,-4.0974,1.815
0.58907,0.37939,0.36262,0.61447,19.326,-4.0718,1.8196
0.5903,0.37806,0.36216,0.61438,19.305,-4.046,1.8233
0.59153,0.37673,0.3617,0.61429,19.284,-4.0201,1.8262
0.59275,0.37539,0.36124,0.61419,19.263,-3.9939,1.8283
0.59397,0.37406,0.36077,0.6141,19.243,-3.9675,1.8296
0.5952,0.37272,0.36031,0.614,19.223,-3.9409,1.83
0.59642,0.37139,0.35984,0.6139,19.204,-3.9141,1.8296
0.59763,0.37005,0.35938,0.6138,19.185,-3.8871,1.8284
0.59885,0.36871,0.35891,0.61369,19.167,-3.8599,1.8264
0.60006,0.36737,0.35844,0.61359,19.149,-3.8326,1.8236
0.60127,0.36603,0.35797,0.61348,19.132,-3.8051,1.8199
0.60248,0.36469,0.3575,0.61337,19.115,-3.7773,1.8155
0.60369,0.36334,0.35702,0.61325,19.099,-3.7494,1.8102
0.60489,0.362,0.35655,0.61314,19.084,-3.7214,1.8042
0.60609,0.36065,0.35607,0.61302,19.069,-3.6931,1.7975
0.60729,0.3593,0.3556,0.6129,19.055,-3.6647,1.79
0.60849,0.35795,0.35512,0.61278,19.041,-3.6362,1.7817
0.60969,0.3566,0.35464,0.61266,19.028,-3.6074,1.7728
0.61088,0.35525,0.35416,0.61253,19.015,-3.5785,1.7631
0.61207,0.35389,0.35368,0.6124,19.003,-3.5495,1.7529
0.61326,0.35254,0.35319,0.61228,18.992,-3.5202,1.742
0.61445,0.35118,0.35271,0.61214,18.981,-3.4909,1.7304
0.61563,0.34983,0.35222,0.61201,18.971,-3.4614,1.7183
0.61682,0.34847,0.35173,0.61187,18.962,-3.4317,1.7057
0.618,0.34711,0.35125,0.61173,18.953,-3.4019,1.6925
0.61918,0.34575,0.35076,0.61159,18.945,-3.372,1.6789
0.62035,0.34439,0.35027,0.61145,18.937,-3.3419,1.6648
0.62153,0.34302,0.34977,0.61131,18.931,-3.3117,1.6503
0.6227,0.34166,0.34928,0.61116,18.925,-3.2813,1.6355
0.62387,0.34029,0.34879,0.61101,18.919,-3.2508,1.6203
0.62504,0.33893,0.34829,0.61086,18.914,-3.2202,1.6047
0.6262,0.33756,0.34779,0.6107,18.91,-3.1895,1.589
0.62737,0.33619,0.3473,0.61055,18.907,-3.1587,1.573
0.62853,0.33482,0.3468,0.61039,18.904,-3.1277,1.5568
0.62969,0.33345,0.3463,0.61023,18.902,-3.0966,1.5405
0.63085,0.33208,0.3458,0.61007,18.901,-3.0655,1.5241
0.632,0.3307,0.34529,0.6099,18.9,-3.0342,1.5076
0.63315,0.32933,0.34479,0.60974,18.9,-3.0028,1.4911
0.6343,0.32795,0.34428,0.60957,18.901,-2.9713,1.4746
0.63545,0.32658,0.34378,0.6094,18.902,-2.9397,1.4582
0.6366,0.3252,0.34327,0.60923,18.904,-2.908,1.4419
0.63774,0.32382,0.34276,0.60905,18.907,-2.8763,1.4257
0.63888,0.32244,0.34225,0.60888,18.911,-2.8444,1.4098
0.64002,0.32106,0.34174,0.6087,18.915,-2.8125,1.394
0.64116,0.31967,0.34123,0.60851,18.919,-2.7804,1.3785
0.64229,0.31829,0.34071,0.60833,18.925,-2.7483,1.3633
0.64342,0.3169,0.3402,0.60815,18.931,-2.7162,1.3485
0.64455,0.31552,0.33968,0.60796,18.938,-2.6839,1.334
0.64568,0.31413,0.33916,0.60777,18.945,-2.6516,1.32
0.64681,0.31274,0.33865,0.60758,18.954,-2.6192,1.3064
0.64793,0.31135,0.33813,0.60738,18.962,-2.5868,1.2933
0.64905,0.30996,0.33761,0.60719,18.972,-2.5543,1.2807
0.65017,0.30857,0.33708,0.60699,18.982,-2.5217,1.2686
0.65129,0.30718,0.33656,0.60679,18.993,-2.4891,1.2572
0.6524,0.30579,0.33604,0.60659,19.004,-2.4564,1.2463
0.65351,0.30439,0.33551,0.60638,19.016,-2.4237,1.2361
0.65462,0.30299,0.33498,0.60617,19.029,-2.391,1.2265
0.65573,0.3016,0.33446,0.60597,19.042,-2.3582,1.2176
0.65684,0.3002,0.33393,0.60575,19.056,-2.3254,1.2094
0.65794,0.2988,0.3334,0.60554,19.07,-2.2925,1.202
0.65904,0.2974,0.33287,0.60533,19.085,-2.2596,1.1953
0.66014,0.296,0.33233,0.60511,19.101,-2.2267,1.1893
0.66123,0.2946,0.3318,0.60489,19.117,-2.1938,1.1841
0.66233,0.29319,0.33126,0.60467,19.133,-2.1608,1.1798
0.66342,0.29179,0.33073,0.60444,19.151,-2.1279,1.1762
0.66451,0.29038,0.33019,0.60422,19.168,-2.0949,1.1734
0.66559,0.28898,0.32965,0.60399,19.187,-2.0619,1.1715
0.66668,0.28757,0.32911,0.60376,19.205,-2.0289,1.1703
0.66776,0.28616,0.32857,0.60353,19.225,-1.9959,1.17
0.66884,0.28475,0.32803,0.60329,19.244,-1.9629,1.1705
0.66992,0.28334,0.32749,0.60306,19.265,-1.9299,1.1719
0.67099,0.28193,0.32694,0.60282,19.285,-1.8969,1.174
0.67207,0.28052,0.3264,0.60258,19.306,-1.8639,1.177
0.67314,0.27911,0.32585,0.60234,19.328,-1.831,1.1808
0.6742,0.27769,0.32531,0.60209,19.35,-1.798,1.1853
0.67527,0.27628,0.32476,0.60184,19.372,-1.7651,1.1907
0.67633,0.27486,0.32421,0.60159,19.395,-1.7322,1.1969
0.67739,0.27344,0.32366,0.60134,19.418,-1.6993,1.2037
0.67845,0.27203,0.3231,0.60109,19.442,-1.6665,1.2114
0.67951,0.27061,0.32255,0.60083,19.466,-1.6337,1.2197
0.68056,0.26919,0.322,0.60058,19.49,-1.6009,1.2288
0.68161,0.26777,0.32144,0.60032,19.514,-1.5681,1.2385
0.68266,0.26634,0.32088,0.60006,19.539,-1.5355,1.2489
0.68371,0.26492,0.32033,0.59979,19.564,-1.5028,1.2599
0.68475,0.2635,0.31977,0.59953,19.59,-1.4702,1.2716
0.68579,0.26207,0.31921,0.59926,19.615,-1.4377,1.2837
0.68683,0.26065,0.31865,0.59899,19.641,-1.4052,1.2965
0.68787,0.25922,0.31809,0.59872,19.667,-1.3727,1.3097
0.6889,0.25779,0.31752,0.59844,19.694,-1.3404,1.3234
0.68994,0.25637,0.31696,0.59817,19.72,-1.3081,1.3376
0.69097,0.25494,0.31639,0.59789,19.747,-1.2758,1.3521
0.69199,0.25351,0.31583,0.59761,19.774,-1.2437,1.3671
0.69302,0.25208,0.31526,0.59732,19.801,-1.2116,1.3823
0.69404,0.25064,0.31469,0.59704,19.828,-1.1796,1.3979
0.69506,0.24921,0.31412,0.59675,19.855,-1.1477,1.4137
0.69608,0.24778,0.31355,0.59646,19.882,-1.1158,1.4297
0.69709,0.24634,0.31298,0.59617,19.91,-1.0841,1.4459
0.69811,0.24491,0.3124,0.59588,19.937,-1.0524,1.4623
0.69912,0.24347,0.31183,0.59558,19.964,-1.0209,1.4787
0.70012,0.24203,0.31125,0.59529,19.992,-0.98941,1.4952
0.70113,0.2406,0.31068,0.59499,20.019,-0.95805,1.5117
0.70213,0.23916,0.3101,0.59469,20.047,-0.92679,1.5281
0.70313,0.23772,0.30952,0.59438,20.074,-0.89563,1.5445
0.70413,0.23628,0.30894,0.59408,20.102,-0.86459,1.5608
0.70513,0.23484,0.30836,0.59377,20.129,-0.83366,1.577
0.70612,0.2334,0.30778,0.59346,20.156,-0.80285,1.5929
0.70711,0.23195,0.3072,0.59315,20.184,-0.77216,1.6086
0.7081,0.23051,0.30661,0.59284,20.211,-0.74159,1.6241
0.70908,0.22906,0.30603,0.59252,20.238,-0.71115,1.6392
0.71007,0.22762,0.30544,0.5922,20.264,-0.68084,1.654
0.71105,0.22617,0.30485,0.59188,20.291,-0.65065,1.6684
0.71202,0.22473,0.30426,0.59156,20.317,-0.62061,1.6823
0.713,0.22328,0.30367,0.59123,20.344,-0.5907,1.6959
0.71397,0.22183,0.30308,0.59091,20.37,-0.56093,1.7089
0.71494,0.22038,0.30249,0.59058,20.395,-0.5313,1.7214
0.71591,0.21893,0.3019,0.59025,20.421,-0.50183,1.7333
0.71688,0.21748,0.30131,0.58992,20.446,-0.4725,1.7447
0.71784,0.21603,0.30071,0.58958,20.471,-0.44332,1.7555
0.7188,0.21458,0.30012,0.58925,20.496,-0.4143,1.7656
0.71976,0.21312,0.29952,0.58891,20.52,-0.38544,1.7751
0.72072,0.21167,0.29892,0.58857,20.544,-0.35674,1.7838
0.72167,0.21022,0.29832,0.58822,20.568,-0.32821,1.7919
0.72262,0.20876,0.29772,0.58788,20.591,-0.29984,1.7992
0.72357,0.2073,0.29712,0.58753,20.614,-0.27164,1.8058
0.72451,0.20585,0.29652,0.58718,20.637,-0.24362,1.8116
0.72546,0.20439,0.29592,0.58683,20.659,-0.21577,1.8167
0.7264,0.20293,0.29531,0.58648,20.681,-0.1881,1.8209
0.72733,0.20147,0.29471,0.58612,20.702,-0.16061,1.8243
0.72827,0.20001,0.2941,0.58577,20.723,-0.1333,1.827
0.7292,0.19855,0.29349,0.58541,20.744,-0.10618,1.8288
0.73013,0.19709,0.29289,0.58505,20.764,-0.079254,1.8298
0.73106,0.19563,0.29228,0.58468,20.783,-0.052516,1.83
0.73199,0.19417,0.29167,0.58432,20.803,-0.025973,1.8293
0.73291,0.19271,0.29106,0.58395,20.821,0.00037224,1.8278
0.73383,0.19124,0.29044,0.58358,20.839,0.026518,1.8255
0.73475,0.18978,0.28983,0.58321,20.857,0.052461,1.8224
0.73566,0.18831,0.28922,0.58284,20.874,0.078198,1.8185
0.73657,0.18685,0.2886,0.58246,20.89,0.10373,1.8138
0.73748,0.18538,0.28798,0.58208,20.906,0.12905,1.8083
0.73839,0.18391,0.28737,0.5817,20.921,0.15415,1.802
0.73929,0.18245,0.28675,0.58132,20.936,0.17905,1.795
0.7402,0.18098,0.28613,0.58094,20.95,0.20372,1.7873
0.74109,0.17951,0.28551,0.58055,20.964,0.22817,1.7788
0.74199,0.17804,0.28489,0.58016,20.977,0.2524,1.7696
0.74289,0.17657,0.28427,0.57977,20.989,0.27641,1.7598
0.74378,0.1751,0.28364,0.57938,21.001,0.30018,1.7493
0.74467,0.17363,0.28302,0.57899,21.012,0.32373,1.7381
0.74555,0.17216,0.28239,0.57859,21.022,0.34705,1.7264
0.74644,0.17068,0.28177,0.57819,21.032,0.37013,1.7141
0.74732,0.16921,0.28114,0.57779,21.041,0.39297,1.7013
0.7482,0.16774,0.28051,0.57739,21.05,0.41557,1.688
0.74907,0.16626,0.27988,0.57699,21.058,0.43793,1.6742
0.74995,0.16479,0.27925,0.57658,21.065,0.46005,1.66
0.75082,0.16331,0.27862,0.57617,21.072,0.48192,1.6454
0.75168,0.16184,0.27799,0.57576,21.077,0.50355,1.6304
0.75255,0.16036,0.27735,0.57535,21.083,0.52492,1.6151
0.75341,0.15888,0.27672,0.57494,21.087,0.54604,1.5995
0.75427,0.1574,0.27609,0.57452,21.091,0.56691,1.5836
0.75513,0.15593,0.27545,0.5741,21.094,0.58752,1.5676
0.75598,0.15445,0.27481,0.57368,21.097,0.60787,1.5513
0.75684,0.15297,0.27417,0.57326,21.098,0.62796,1.535
0.75769,0.15149,0.27353,0.57284,21.1,0.64779,1.5185
0.75853,0.15001,0.2729,0.57241,21.1,0.66735,1.502
0.75938,0.14853,0.27225,0.57198,21.1,0.68665,1.4855
0.76022,0.14704,0.27161,0.57155,21.099,0.70568,1.4691
0.76106,0.14556,0.27097,0.57112,21.097,0.72443,1.4527
0.76189,0.14408,0.27033,0.57069,21.095,0.74292,1.4364
0.76273,0.1426,0.26968,0.57025,21.092,0.76113,1.4203
0.76356,0.14111,0.26904,0.56981,21.088,0.77906,1.4044
0.76439,0.13963,0.26839,0.56937,21.084,0.79672,1.3888
0.76521,0.13815,0.26774,0.56893,21.079,0.8141,1.3734
0.76604,0.13666,0.26709,0.56849,21.073,0.83119,1.3583
0.76686,0.13517,0.26644,0.56804,21.067,0.848,1.3436
0.76767,0.13369,0.26579,0.56759,21.06,0.86453,1.3293
0.76849,0.1322,0.26514,0.56714,21.052,0.88077,1.3154
0.7693,0.13072,0.26449,0.56669,21.043,0.89672,1.3019
0.77011,0.12923,0.26384,0.56623,21.034,0.91239,1.289
0.77092,0.12774,0.26318,0.56578,21.025,0.92776,1.2766
0.77172,0.12625,0.26253,0.56532,21.014,0.94284,1.2647
0.77252,0.12476,0.26187,0.56486,21.004,0.95762,1.2534
0.77332,0.12327,0.26122,0.5644,20.992,0.97211,1.2428
0.77412,0.12178,0.26056,0.56393,20.98,0.9863,1.2328
0.77491,0.12029,0.2599,0.56347,20.967,1.0002,1.2234
0.7757,0.1188,0.25924,0.563,20.954,1.0138,1.2148
0.77649,0.11731,0.25858,0.56253,20.94,1.0271,1.2068
0.77727,0.11582,0.25792,0.56206,20.925,1.0401,1.1996
0.77805,0.11433,0.25726,0.56159,20.91,1.0528,1.1932
0.77883,0.11284,0.25659,0.56111,20.894,1.0651,1.1875
0.77961,0.11135,0.25593,0.56063,20.878,1.0772,1.1826
0.78039,0.10985,0.25526,0.56015,20.861,1.089,1.1785
0.78116,0.10836,0.2546,0.55967,20.844,1.1004,1.1752
0.78193,0.10687,0.25393,0.55919,20.826,1.1116,1.1727
0.78269,0.10537,0.25326,0.5587,20.807,1.1224,1.171
0.78346,0.10388,0.2526,0.55821,20.788,1.1329,1.1701
0.78422,0.10238,0.25193,0.55772,20.769,1.1431,1.1701
0.78497,0.10089,0.25126,0.55723,20.749,1.153,1.1709
0.78573,0.099394,0.25058,0.55674,20.729,1.1626,1.1725
0.78648,0.097898,0.24991,0.55624,20.708,1.1719,1.1749
0.78723,0.096402,0.24924,0.55575,20.686,1.1808,1.1782
0.78798,0.094906,0.24857,0.55525,20.665,1.1895,1.1822
0.78872,0.093409,0.24789,0.55475,20.643,1.1978,1.1871
0.78946,0.091912,0.24722,0.55424,20.62,1.2058,1.1927
0.7902,0.090414,0.24654,0.55374,20.597,1.2134,1.1991
0.79094,0.088917,0.24586,0.55323,20.574,1.2208,1.2062
0.79167,0.087419,0.24518,0.55272,20.55,1.2278,1.2141
0.7924,0.08592,0.24451,0.55221,20.526,1.2345,1.2227
0.79313,0.084422,0.24383,0.5517,20.502,1.2409,1.232
0.79385,0.082923,0.24314,0.55118,20.477,1.2469,1.242
0.79457,0.081424,0.24246,0.55067,20.452,1.2527,1.2526
0.79529,0.079924,0.24178,0.55015,20.427,1.2581,1.2638
0.79601,0.078424,0.2411,0.54963,20.402,1.2632,1.2756
0.79672,0.076924,0.24041,0.54911,20.376,1.2679,1.288
0.79743,0.075424,0.23973,0.54858,20.35,1.2723,1.3009
0.79814,0.073924,0.23904,0.54806,20.324,1.2764,1.3143
0.79885,0.072423,0.23836,0.54753,20.298,1.2802,1.3281
0.79955,0.070922,0.23767,0.547,20.271,1.2837,1.3424
0.80025,0.06942,0.23698,0.54647,20.244,1.2868,1.3571
0.80094,0.067919,0.23629,0.54593,20.217,1.2896,1.3722
0.80164,0.066417,0.2356,0.5454,20.19,1.292,1.3875
0.80233,0.064915,0.23491,0.54486,20.163,1.2941,1.4032
0.80302,0.063413,0.23422,0.54432,20.136,1.2959,1.4191
0.8037,0.06191,0.23353,0.54378,20.109,1.2974,1.4352
0.80439,0.060407,0.23283,0.54323,20.081,1.2986,1.4514
0.80507,0.058904,0.23214,0.54269,20.054,1.2994,1.4678
0.80574,0.057401,0.23145,0.54214,20.026,1.2998,1.4842
0.80642,0.055898,0.23075,0.54159,19.999,1.3,1.5007
0.80709,0.054394,0.23005,0.54104,19.971,1.2998,1.5172
0.80776,0.052891,0.22936,0.54049,19.944,1.2993,1.5337
0.80842,0.051387,0.22866,0.53993,19.916,1.2985,1.55
0.80909,0.049883,0.22796,0.53938,19.889,1.2973,1.5663
0.80975,0.048379,0.22726,0.53882,19.862,1.2958,1.5824
0.8104,0.046874,0.22656,0.53826,19.834,1.294,1.5982
0.81106,0.04537,0.22586,0.53769,19.807,1.2918,1.6138
0.81171,0.043865,0.22516,0.53713,19.78,1.2893,1.6292
0.81236,0.04236,0.22445,0.53656,19.753,1.2865,1.6442
0.813,0.040855,0.22375,0.536,19.727,1.2834,1.6589
0.81365,0.03935,0.22305,0.53543,19.7,1.2799,1.6731
0.81429,0.037844,0.22234,0.53485,19.674,1.2761,1.6869
0.81492,0.036339,0.22164,0.53428,19.648,1.272,1.7003
0.81556,0.034833,0.22093,0.5337,19.622,1.2675,1.7132
0.81619,0.033328,0.22022,0.53313,19.596,1.2627,1.7255
0.81682,0.031822,0.21951,0.53255,19.571,1.2576,1.7372
0.81745,0.030316,0.2188,0.53197,19.545,1.2522,1.7484
0.81807,0.02881,0.21809,0.53138,19.52,1.2464,1.759
0.81869,0.027304,0.21738,0.5308,19.496,1.2403,1.7689
0.81931,0.025797,0.21667,0.53021,19.472,1.2339,1.7781
0.81992,0.024291,0.21596,0.52962,19.448,1.2272,1.7866
0.82053,0.022785,0.21525,0.52903,19.424,1.2201,1.7944
0.82114,0.021278,0.21453,0.52844,19.401,1.2128,1.8015
0.82175,0.019772,0.21382,0.52785,19.378,1.2051,1.8078
0.82235,0.018265,0.2131,0.52725,19.355,1.197,1.8134
0.82295,0.016758,0.21239,0.52665,19.333,1.1887,1.8182
0.82355,0.015251,0.21167,0.52605,19.312,1.1801,1.8221
0.82414,0.013745,0.21096,0.52545,19.29,1.1711,1.8253
0.82473,0.012238,0.21024,0.52485,19.27,1.1618,1.8277
0.82532,0.010731,0.20952,0.52424,19.249,1.1522,1.8292
0.82591,0.0092239,0.2088,0.52364,19.229,1.1423,1.8299
0.82649,0.0077169,0.20808,0.52303,19.21,1.132,1.8298
0.82707,0.0062099,0.20736,0.52242,19.191,1.1215,1.8289
0.82765,0.0047029,0.20664,0.5218,19.173,1.1106,1.8272
0.82822,0.0031958,0.20591,0.52119,19.155,1.0994,1.8246
0.82879,0.0016888,0.20519,0.52057,19.138,1.0879,1.8212
0.82936,0.0001817,0.20447,0.51996,19.121,1.0762,1.817
0.82993,-0.0013254,0.20374,0.51934,19.105,1.064,1.812
0.83049,-0.0028324,0.20302,0.51871,19.089,1.0516,1.8063
0.83105,-0.0043395,0.20229,0.51809,19.074,1.0389,1.7998
0.8316,-0.0058465,0.20156,0.51747,19.059,1.0259,1.7925
0.83216,-0.0073535,0.20084,0.51684,19.045,1.0126,1.7845
0.83271,-0.0088605,0.20011,0.51621,19.032,0.99898,1.7758
0.83326,-0.010367,0.19938,0.51558,19.019,0.98506,1.7664
0.8338,-0.011874,0.19865,0.51495,19.007,0.97084,1.7563
0.83434,-0.013381,0.19792,0.51431,18.995,0.95632,1.7456
0.83488,-0.014888,0.19719,0.51368,18.985,0.94151,1.7343
0.83542,-0.016395,0.19646,0.51304,18.974,0.92641,1.7224
0.83595,-0.017902,0.19573,0.5124,18.965,0.91101,1.7099
0.83648,-0.019408,0.19499,0.51176,18.956,0.89532,1.6969
0.83701,-0.020915,0.19426,0.51111,18.947,0.87934,1.6834
0.83754,-0.022421,0.19353,0.51047,18.94,0.86307,1.6695
0.83806,-0.023928,0.19279,0.50982,18.933,0.84652,1.6551
0.83858,-0.025434,0.19205,0.50917,18.926,0.82968,1.6404
0.83909,-0.02694,0.19132,0.50852,18.921,0.81256,1.6253
0.8396,-0.028447,0.19058,0.50787,18.916,0.79516,1.6099
0.84011,-0.029953,0.18984,0.50722,18.911,0.77748,1.5942
0.84062,-0.031459,0.18911,0.50656,18.908,0.75952,1.5782
0.84113,-0.032964,0.18837,0.5059,18.905,0.74129,1.5621
0.84163,-0.03447,0.18763,0.50525,18.903,0.72278,1.5458
0.84212,-0.035976,0.18689,0.50458,18.901,0.704,1.5295
0.84262,-0.037481,0.18615,0.50392,18.9,0.68495,1.513
0.84311,-0.038987,0.1854,0.50326,18.9,0.66563,1.4965
0.8436,-0.040492,0.18466,0.50259,18.901,0.64604,1.48
0.84409,-0.041997,0.18392,0.50192,18.902,0.62619,1.4636
0.84457,-0.043502,0.18318,0.50125,18.904,0.60608,1.4472
0.84505,-0.045007,0.18243,0.50058,18.906,0.5857,1.431
0.84553,-0.046511,0.18169,0.49991,18.909,0.56507,1.415
0.846,-0.048016,0.18094,0.49923,18.913,0.54418,1.3991
0.84647,-0.04952,0.18019,0.49856,18.918,0.52303,1.3836
0.84694,-0.051024,0.17945,0.49788,18.923,0.50164,1.3683
0.84741,-0.052528,0.1787,0.4972,18.929,0.47999,1.3533
0.84787,-0.054032,0.17795,0.49651,18.936,0.4581,1.3387
0.84833,-0.055535,0.1772,0.49583,18.943,0.43596,1.3245
0.84879,-0.057039,0.17646,0.49515,18.951,0.41357,1.3108
0.84924,-0.058542,0.17571,0.49446,18.959,0.39095,1.2975
0.84969,-0.060045,0.17495,0.49377,18.969,0.36808,1.2847
0.85014,-0.061548,0.1742,0.49308,18.979,0.34498,1.2725
0.85059,-0.06305,0.17345,0.49239,18.989,0.32165,1.2608
0.85103,-0.064553,0.1727,0.49169,19,0.29808,1.2498
0.85147,-0.066055,0.17195,0.491,19.012,0.27428,1.2393
0.8519,-0.067557,0.17119,0.4903,19.024,0.25026,1.2295
0.85233,-0.069058,0.17044,0.4896,19.037,0.22601,1.2204
0.85276,-0.07056,0.16968,0.4889,19.051,0.20154,1.212
0.85319,-0.072061,0.16893,0.4882,19.065,0.17684,1.2043
0.85362,-0.073562,0.16817,0.48749,19.08,0.15193,1.1974
0.85404,-0.075062,0.16742,0.48678,19.095,0.12681,1.1912
0.85445,-0.076563,0.16666,0.48608,19.111,0.10147,1.1857
0.85487,-0.078063,0.1659,0.48537,19.128,0.075921,1.1811
0.85528,-0.079563,0.16514,0.48466,19.145,0.050165,1.1773
0.85569,-0.081062,0.16439,0.48394,19.162,0.024204,1.1742
0.8561,-0.082561,0.16363,0.48323,19.181,-0.0019596,1.172
0.8565,-0.08406,0.16287,0.48251,19.199,-0.028323,1.1706
0.8569,-0.085559,0.16211,0.48179,19.218,-0.054883,1.17
0.8573,-0.087058,0.16134,0.48107,19.238,-0.081638,1.1703
0.85769,-0.088556,0.16058,0.48035,19.258,-0.10858,1.1713
0.85808,-0.090053,0.15982,0.47963,19.278,-0.13572,1.1732
0.85847,-0.091551,0.15906,0.4789,19.299,-0.16304,1.1759
0.85885,-0.093048,0.15829,0.47818,19.321,-0.19055,1.1794
0.85924,-0.094545,0.15753,0.47745,19.343,-0.21824,1.1838
0.85962,-0.096041,0.15677,0.47672,19.365,-0.2461,1.1889
0.85999,-0.097537,0.156,0.47599,19.388,-0.27414,1.1948
0.86036,-0.099033,0.15524,0.47526,19.411,-0.30235,1.2014
0.86073,-0.10053,0.15447,0.47452,19.434,-0.33074,1.2088
0.8611,-0.10202,0.1537,0.47378,19.458,-0.35929,1.2169
0.86146,-0.10352,0.15294,0.47305,19.482,-0.388,1.2258
0.86183,-0.10501,0.15217,0.47231,19.506,-0.41688,1.2353
0.86218,-0.10651,0.1514,0.47157,19.531,-0.44591,1.2455
0.86254,-0.108,0.15063,0.47082,19.556,-0.4751,1.2563
0.86289,-0.10949,0.14986,0.47008,19.581,-0.50444,1.2677
0.86324,-0.11099,0.14909,0.46933,19.607,-0.53393,1.2797
0.86358,-0.11248,0.14832,0.46858,19.633,-0.56357,1.2923
0.86393,-0.11397,0.14755,0.46783,19.659,-0.59335,1.3053
0.86427,-0.11546,0.14678,0.46708,19.685,-0.62327,1.3189
0.8646,-0.11695,0.14601,0.46633,19.711,-0.65333,1.3329
0.86494,-0.11845,0.14524,0.46557,19.738,-0.68352,1.3473
0.86527,-0.11994,0.14446,0.46482,19.765,-0.71385,1.3621
0.8656,-0.12143,0.14369,0.46406,19.792,-0.7443,1.3773
0.86592,-0.12292,0.14292,0.4633,19.819,-0.77488,1.3928
0.86624,-0.1244,0.14214,0.46254,19.846,-0.80559,1.4085
0.86656,-0.12589,0.14137,0.46178,19.873,-0.83641,1.4245
0.86688,-0.12738,0.14059,0.46101,19.901,-0.86735,1.4406
0.86719,-0.12887,0.13982,0.46025,19.928,-0.8984,1.4569
0.8675,-0.13036,0.13904,0.45948,19.955,-0.92956,1.4733
0.8678,-0.13184,0.13826,0.45871,19.983,-0.96083,1.4898
0.86811,-0.13333,0.13749,0.45794,20.01,-0.9922,1.5063
0.86841,-0.13482,0.13671,0.45717,20.038,-1.0237,1.5228
0.86871,-0.1363,0.13593,0.45639,20.065,-1.0552,1.5392
0.869,-0.13779,0.13515,0.45562,20.093,-1.0869,1.5555
0.86929,-0.13927,0.13437,0.45484,20.12,-1.1187,1.5717
0.86958,-0.14076,0.13359,0.45406,20.148,-1.1505,1.5877
0.86986,-0.14224,0.13281,0.45328,20.175,-1.1824,1.6035
0.87015,-0.14372,0.13203,0.4525,20.202,-1.2145,1.619
0.87043,-0.14521,0.13125,0.45172,20.229,-1.2465,1.6343
0.8707,-0.14669,0.13047,0.45093,20.256,-1.2787,1.6492
0.87097,-0.14817,0.12969,0.45014,20.282,-1.3109,1.6637
0.87124,-0.14965,0.1289,0.44936,20.309,-1.3433,1.6778
0.87151,-0.15113,0.12812,0.44857,20.335,-1.3756,1.6915
0.87178,-0.15261,0.12734,0.44778,20.361,-1.4081,1.7047
0.87204,-0.15409,0.12655,0.44698,20.387,-1.4406,1.7174
0.87229,-0.15557,0.12577,0.44619,20.413,-1.4731,1.7295
0.87255,-0.15705,0.12498,0.44539,20.438,-1.5057,1.7411
0.8728,-0.15853,0.1242,0.44459,20.463,-1.5384,1.752
0.87305,-0.16,0.12341,0.4438,20.488,-1.5711,1.7624
0.87329,-0.16148,0.12263,0.44299,20.512,-1.6038,1.772
0.87354,-0.16296,0.12184,0.44219,20.537,-1.6366,1.781
0.87378,-0.16443,0.12105,0.44139,20.56,-1.6694,1.7893
0.87401,-0.16591,0.12027,0.44058,20.584,-1.7022,1.7969
0.87425,-0.16738,0.11948,0.43978,20.607,-1.7351,1.8037
0.87448,-0.16885,0.11869,0.43897,20.63,-1.768,1.8098
0.8747,-0.17033,0.1179,0.43816,20.652,-1.801,1.8151
0.87493,-0.1718,0.11711,0.43735,20.674,-1.8339,1.8196
0.87515,-0.17327,0.11632,0.43653,20.696,-1.8669,1.8233
0.87537,-0.17474,0.11553,0.43572,20.717,-1.8999,1.8262
0.87558,-0.17622,0.11474,0.4349,20.737,-1.9328,1.8283
0.87579,-0.17769,0.11395,0.43408,20.757,-1.9658,1.8296
0.876,-0.17915,0.11316,0.43327,20.777,-1.9988,1.83
0.87621,-0.18062,0.11237,0.43245,20.796,-2.0318,1.8296
0.87641,-0.18209,0.11158,0.43162,20.815,-2.0648,1.8284
0.87661,-0.18356,0.11079,0.4308,20.833,-2.0978,1.8264
0.87681,-0.18503,0.11,0.42997,20.851,-2.1308,1.8235
0.877,-0.18649,0.1092,0.42915,20.868,-2.1638,1.8199
0.87719,-0.18796,0.10841,0.42832,20.885,-2.1967,1.8154
0.87738,-0.18942,0.10762,0.42749,20.901,-2.2297,1.8102
0.87756,-0.19089,0.10682,0.42666,20.916,-2.2626,1.8042
0.87774,-0.19235,0.10603,0.42583,20.931,-2.2954,1.7974
0.87792,-0.19382,0.10523,0.42499,20.946,-2.3283,1.7899
0.8781,-0.19528,0.10444,0.42416,20.959,-2.3611,1.7816
0.87827,-0.19674,0.10364,0.42332,20.972,-2.3939,1.7727
0.87844,-0.1982,0.10285,0.42248,20.985,-2.4266,1.7631
0.8786,-0.19966,0.10205,0.42164,20.997,-2.4593,1.7528
0.87876,-0.20112,0.10125,0.4208,21.008,-2.492,1.7419
0.87892,-0.20258,0.10046,0.41996,21.019,-2.5246,1.7303
0.87908,-0.20404,0.099658,0.41911,21.029,-2.5572,1.7182
0.87923,-0.2055,0.098861,0.41826,21.038,-2.5897,1.7056
0.87938,-0.20695,0.098063,0.41742,21.047,-2.6221,1.6924
0.87953,-0.20841,0.097264,0.41657,21.055,-2.6545,1.6788
0.87968,-0.20986,0.096466,0.41572,21.063,-2.6868,1.6647
0.87982,-0.21132,0.095667,0.41487,21.069,-2.719,1.6502
0.87996,-0.21277,0.094867,0.41401,21.076,-2.7512,1.6353
0.88009,-0.21423,0.094068,0.41316,21.081,-2.7833,1.6201
0.88022,-0.21568,0.093268,0.4123,21.086,-2.8153,1.6046
0.88035,-0.21713,0.092467,0.41144,21.09,-2.8472,1.5888
0.88048,-0.21858,0.091667,0.41059,21.093,-2.8791,1.5728
0.8806,-0.22003,0.090866,0.40972,21.096,-2.9109,1.5567
0.88072,-0.22148,0.090064,0.40886,21.098,-2.9425,1.5403
0.88084,-0.22293,0.089263,0.408,21.099,-2.9741,1.5239
0.88095,-0.22438,0.088461,0.40713,21.1,-3.0056,1.5074
0.88106,-0.22582,0.087658,0.40627,21.1,-3.037,1.4909
0.88117,-0.22727,0.086856,0.4054,21.099,-3.0682,1.4745
0.88127,-0.22872,0.086053,0.40453,21.098,-3.0994,1.4581
0.88137,-0.23016,0.08525,0.40366,21.096,-3.1305,1.4418
0.88147,-0.2316,0.084446,0.40279,21.093,-3.1614,1.4256
0.88156,-0.23305,0.083643,0.40192,21.089,-3.1922,1.4096
0.88166,-0.23449,0.082839,0.40104,21.085,-3.223,1.3939
0.88175,-0.23593,0.082034,0.40017,21.08,-3.2535,1.3784
0.88183,-0.23737,0.08123,0.39929,21.075,-3.284,1.3632
0.88191,-0.23881,0.080425,0.39841,21.069,-3.3143,1.3484
0.88199,-0.24025,0.079619,0.39753,21.062,-3.3445,1.3339
0.88207,-0.24169,0.078814,0.39665,21.054,-3.3746,1.3199
0.88214,-0.24313,0.078008,0.39576,21.046,-3.4045,1.3063
0.88221,-0.24456,0.077202,0.39488,21.037,-3.4343,1.2932
0.88228,-0.246,0.076396,0.39399,21.028,-3.464,1.2806
0.88234,-0.24743,0.075589,0.39311,21.018,-3.4935,1.2685
0.88241,-0.24887,0.074783,0.39222,21.007,-3.5228,1.2571
0.88246,-0.2503,0.073975,0.39133,20.996,-3.552,1.2462
0.88252,-0.25173,0.073168,0.39044,20.984,-3.5811,1.236
0.88257,-0.25316,0.072361,0.38954,20.971,-3.61,1.2264
0.88262,-0.25459,0.071553,0.38865,20.958,-3.6387,1.2175
0.88266,-0.25602,0.070745,0.38775,20.944,-3.6673,1.2094
0.88271,-0.25745,0.069936,0.38686,20.93,-3.6957,1.2019
0.88275,-0.25888,0.069128,0.38596,20.915,-3.7239,1.1952
0.88278,-0.2603,0.068319,0.38506,20.899,-3.7519,1.1893
0.88281,-0.26173,0.06751,0.38416,20.883,-3.7798,1.1841
0.88284,-0.26315,0.0667,0.38326,20.866,-3.8075,1.1797
0.88287,-0.26458,0.065891,0.38235,20.849,-3.835,1.1761
0.8829,-0.266,0.065081,0.38145,20.832,-3.8624,1.1734
0.88292,-0.26742,0.064271,0.38054,20.813,-3.8895,1.1714
0.88293,-0.26884,0.063461,0.37963,20.794,-3.9165,1.1703
0.88295,-0.27026,0.06265,0.37873,20.775,-3.9432,1.17
0.88296,-0.27168,0.06184,0.37782,20.755,-3.9698,1.1705
0.88297,-0.2731,0.061029,0.3769,20.735,-3.9962,1.1719
0.88297,-0.27452,0.060218,0.37599,20.715,-4.0224,1.174
0.88298,-0.27594,0.059406,0.37508,20.693,-4.0483,1.177
0.88298,-0.27735,0.058595,0.37416,20.672,-4.0741,1.1808
0.88297,-0.27877,0.057783,0.37324,20.65,-4.0997,1.1854
0.88296,-0.28018,0.056971,0.37233,20.628,-4.125,1.1908
0.88295,-0.28159,0.056159,0.37141,20.605,-4.1502,1.1969
0.88294,-0.283,0.055347,0.37049,20.582,-4.1751,1.2038
0.88293,-0.28441,0.054534,0.36956,20.558,-4.1998,1.2115
0.88291,-0.28582,0.053721,0.36864,20.534,-4.2243,1.2198
0.88288,-0.28723,0.052909,0.36772,20.51,-4.2486,1.2289
0.88286,-0.28864,0.052096,0.36679,20.485,-4.2726,1.2386
0.88283,-0.29005,0.051282,0.36586,20.461,-4.2964,1.249
0.8828,-0.29145,0.050469,0.36494,20.436,-4.32,1.26
0.88276,-0.29286,0.049655,0.36401,20.41,-4.3433,1.2717
0.88272,-0.29426,0.048841,0.36308,20.384,-4.3665,1.2839
0.88268,-0.29566,0.048027,0.36214,20.359,-4.3893,1.2966
0.88264,-0.29706,0.047213,0.36121,20.332,-4.412,1.3098
0.88259,-0.29846,0.046399,0.36027,20.306,-4.4344,1.3235
0.88254,-0.29986,0.045585,0.35934,20.28,-4.4565,1.3377
0.88249,-0.30126,0.04477,0.3584,20.253,-4.4785,1.3523
0.88243,-0.30266,0.043955,0.35746,20.226,-4.5001,1.3672
0.88237,-0.30405,0.04314,0.35652,20.199,-4.5215,1.3825
0.88231,-0.30545,0.042325,0.35558,20.172,-4.5427,1.398
0.88224,-0.30684,0.04151,0.35464,20.145,-4.5636,1.4138
0.88218,-0.30824,0.040694,0.3537,20.118,-4.5843,1.4299
0.8821,-0.30963,0.039879,0.35275,20.09,-4.6046,1.4461
0.88203,-0.31102,0.039063,0.35181,20.063,-4.6248,1.4624
0.88195,-0.31241,0.038248,0.35086,20.035,-4.6447,1.4788
0.88187,-0.3138,0.037432,0.34991,20.008,-4.6643,1.4953
0.88179,-0.31518,0.036616,0.34896,19.98,-4.6836,1.5118
0.8817,-0.31657,0.035799,0.34801,19.953,-4.7027,1.5283
0.88161,-0.31796,0.034983,0.34706,19.925,-4.7215,1.5447
0.88151,-0.31934,0.034167,0.3461,19.898,-4.74,1.561
0.88142,-0.32072,0.03335,0.34515,19.871,-4.7582,1.5771
0.88132,-0.32211,0.032533,0.34419,19.843,-4.7762,1.5931
0.88121,-0.32349,0.031717,0.34324,19.816,-4.7939,1.6088
0.88111,-0.32487,0.0309,0.34228,19.789,-4.8113,1.6242
0.881,-0.32624,0.030083,0.34132,19.762,-4.8285,1.6393
0.88089,-0.32762,0.029266,0.34036,19.735,-4.8453,1.6541
0.88077,-0.329,0.028448,0.3394,19.709,-4.8619,1.6685
0.88065,-0.33037,0.027631,0.33843,19.682,-4.8782,1.6825
0.88053,-0.33175,0.026814,0.33747,19.656,-4.8942,1.696
0.88041,-0.33312,0.025996,0.3365,19.63,-4.9099,1.709
0.88028,-0.33449,0.025179,0.33554,19.604,-4.9253,1.7215
0.88015,-0.33586,0.024361,0.33457,19.579,-4.9405,1.7335
0.88002,-0.33723,0.023543,0.3336,19.554,-4.9553,1.7448
0.87988,-0.3386,0.022725,0.33263,19.529,-4.9698,1.7556
0.87974,-0.33997,0.021907,0.33166,19.504,-4.9841,1.7657
0.8796,-0.34133,0.021089,0.33069,19.479,-4.998,1.7751
0.87945,-0.3427,0.020271,0.32971,19.455,-5.0116,1.7839
0.8793,-0.34406,0.019453,0.32874,19.432,-5.025,1.792
0.87915,-0.34542,0.018635,0.32776,19.408,-5.038,1.7993
0.879,-0.34678,0.017817,0.32679,19.385,-5.0508,1.8059
0.87884,-0.34814,0.016998,0.32581,19.363,-5.0632,1.8117
0.87868,-0.3495,0.01618,0.32483,19.341,-5.0753,1.8167
0.87851,-0.35086,0.015361,0.32385,19.319,-5.0871,1.8209
0.87835,-0.35221,0.014543,0.32287,19.297,-5.0986,1.8244
0.87817,-0.35357,0.013724,0.32189,19.276,-5.1098,1.827
0.878,-0.35492,0.012906,0.3209,19.256,-5.1207,1.8288
0.87782,-0.35627,0.012087,0.31992,19.236,-5.1313,1.8298
0.87764,-0.35762,0.011268,0.31893,19.216,-5.1415,1.83
0.87746,-0.35897,0.01045,0.31794,19.197,-5.1515,1.8293
0.87728,-0.36032,0.0096307,0.31696,19.179,-5.1611,1.8278
0.87709,-0.36167,0.0088119,0.31597,19.161,-5.1704,1.8255
0.8769,-0.36302,0.0079931,0.31498,19.143,-5.1794,1.8224
0.8767,-0.36436,0.0071742,0.31398,19.126,-5.1881,1.8185
0.8765,-0.3657,0.0063553,0.31299,19.11,-5.1965,1.8138
0.8763,-0.36705,0.0055364,0.312,19.094,-5.2045,1.8083
0.8761,-0.36839,0.0047174,0.311,19.079,-5.2122,1.802
0.87589,-0.36973,0.0038985,0.31001,19.064,-5.2196,1.795
0.87568,-0.37107,0.0030795,0.30901,19.05,-5.2267,1.7872
0.87547,-0.3724,0.0022605,0.30801,19.036,-5.2335,1.7787
0.87525,-0.37374,0.0014416,0.30701,19.023,-5.2399,1.7695
0.87503,-0.37507,0.00062256,0.30601,19.011,-5.246,1.7597
0.87481,-0.37641,-0.00019644,0.30501,18.999,-5.2518,1.7492
0.87458,-0.37774,-0.0010154,0.30401,18.988,-5.2572,1.738
0.87435,-0.37907,-0.0018344,0.30301,18.978,-5.2624,1.7263
0.87412,-0.3804,-0.0026534,0.302,18.968,-5.2672,1.714
0.87389,-0.38172,-0.0034724,0.301,18.959,-5.2717,1.7012
0.87365,-0.38305,-0.0042913,0.29999,18.95,-5.2758,1.6879
0.87341,-0.38438,-0.0051103,0.29898,18.942,-5.2796,1.6741
0.87316,-0.3857,-0.0059292,0.29797,18.935,-5.2831,1.6599
0.87292,-0.38702,-0.0067481,0.29696,18.928,-5.2863,1.6452
0.87266,-0.38834,-0.007567,0.29595,18.923,-5.2891,1.6303
0.87241,-0.38966,-0.0083859,0.29494,18.917,-5.2917,1.6149
0.87216,-0.39098,-0.0092047,0.29393,18.913,-5.2938,1.5993
0.8719,-0.3923,-0.010024,0.29291,18.909,-5.2957,1.5835
0.87163,-0.39361,-0.010842,0.2919,18.906,-5.2972,1.5674
0.87137,-0.39493,-0.011661,0.29088,18.903,-5.2984,1.5512
0.8711,-0.39624,-0.01248,0.28987,18.902,-5.2993,1.5348
0.87083,-0.39755,-0.013298,0.28885,18.9,-5.2998,1.5184
0.87055,-0.39886,-0.014117,0.28783,18.9,-5.3,1.5019
0.87028,-0.40017,-0.014935,0.28681,18.9,-5.2999,1.4854
0.87,-0.40148,-0.015754,0.28579,18.901,-5.2994,1.4689
0.86971,-0.40278,-0.016572,0.28477,18.903,-5.2986,1.4526
0.86942,-0.40409,-0.017391,0.28374,18.905,-5.2975,1.4363
0.86913,-0.40539,-0.018209,0.28272,18.908,-5.2961,1.4202
0.86884,-0.40669,-0.019027,0.28169,18.912,-5.2943,1.4043
0.86855,-0.40799,-0.019846,0.28067,18.916,-5.2922,1.3886
0.86825,-0.40929,-0.020664,0.27964,18.921,-5.2897,1.3732
0.86795,-0.41059,-0.021482,0.27861,18.927,-5.287,1.3582
0.86764,-0.41189,-0.0223,0.27759,18.933,-5.2839,1.3435
0.86733,-0.41318,-0.023118,0.27656,18.94,-5.2805,1.3291
0.86702,-0.41447,-0.023935,0.27552,18.948,-5.2767,1.3152
0.86671,-0.41576,-0.024753,0.27449,18.957,-5.2726,1.3018
0.86639,-0.41705,-0.025571,0.27346,18.966,-5.2682,1.2889
0.86607,-0.41834,-0.026388,0.27243,18.975,-5.2635,1.2764
0.86575,-0.41963,-0.027206,0.27139,18.986,-5.2585,1.2646
0.86542,-0.42092,-0.028023,0.27036,18.997,-5.2531,1.2533
0.86509,-0.4222,-0.02884,0.26932,19.008,-5.2474,1.2427
0.86476,-0.42348,-0.029658,0.26828,19.02,-5.2413,1.2327
0.86442,-0.42476,-0.030475,0.26724,19.033,-5.235,1.2233
0.86408,-0.42604,-0.031292,0.2662,19.047,-5.2283,1.2147
0.86374,-0.42732,-0.032108,0.26516,19.061,-5.2213,1.2068
0.8634,-0.4286,-0.032925,0.26412,19.075,-5.214,1.1996
0.86305,-0.42987,-0.033742,0.26308,19.09,-5.2063,1.1931
0.8627,-0.43115,-0.034558,0.26204,19.106,-5.1983,1.1874
0.86235,-0.43242,-0.035375,0.26099,19.122,-5.1901,1.1825
0.86199,-0.43369,-0.036191,0.25995,19.139,-5.1815,1.1784
0.86163,-0.43496,-0.037007,0.2589,19.157,-5.1725,1.1751
0.86127,-0.43623,-0.037823,0.25786,19.175,-5.1633,1.1726
0.8609,-0.43749,-0.038639,0.25681,19.193,-5.1537,1.171
0.86053,-0.43876,-0.039455,0.25576,19.212,-5.1439,1.1701
0.86016,-0.44002,-0.04027,0.25471,19.231,-5.1337,1.1701
0.85979,-0.44128,-0.041086,0.25366,19.251,-5.1232,1.1709
0.85941,-0.44254,-0.041901,0.25261,19.272,-5.1124,1.1725
0.85903,-0.4438,-0.042716,0.25156,19.292,-5.1012,1.175
0.85865,-0.44506,-0.043531,0.2505,19.314,-5.0898,1.1782
0.85826,-0.44632,-0.044346,0.24945,19.335,-5.078,1.1823
0.85787,-0.44757,-0.045161,0.2484,19.358,-5.066,1.1871
0.85748,-0.44882,-0.045975,0.24734,19.38,-5.0536,1.1927
0.85708,-0.45007,-0.04679,0.24628,19.403,-5.041,1.1991
0.85668,-0.45132,-0.047604,0.24523,19.426,-5.028,1.2063
0.85628,-0.45257,-0.048418,0.24417,19.45,-5.0147,1.2142
0.85588,-0.45381,-0.049232,0.24311,19.474,-5.0012,1.2228
0.85547,-0.45506,-0.050045,0.24205,19.498,-4.9873,1.2321
0.85506,-0.4563,-0.050859,0.24099,19.523,-4.9731,1.242
0.85465,-0.45754,-0.051672,0.23993,19.548,-4.9587,1.2527
0.85423,-0.45878,-0.052486,0.23887,19.573,-4.9439,1.2639
0.85381,-0.46002,-0.053299,0.2378,19.598,-4.9288,1.2757
0.85339,-0.46126,-0.054111,0.23674,19.624,-4.9135,1.2881
0.85296,-0.46249,-0.054924,0.23567,19.65,-4.8978,1.301
0.85253,-0.46372,-0.055736,0.23461,19.676,-4.8819,1.3144
0.8521,-0.46496,-0.056549,0.23354,19.703,-4.8657,1.3283
0.85167,-0.46619,-0.057361,0.23247,19.729,-4.8492,1.3426
0.85123,-0.46741,-0.058173,0.23141,19.756,-4.8324,1.3573
0.85079,-0.46864,-0.058984,0.23034,19.783,-4.8153,1.3723
0.85035,-0.46987,-0.059796,0.22927,19.81,-4.798,1.3877
0.8499,-0.47109,-0.060607,0.2282,19.837,-4.7803,1.4033
0.84945,-0.47231,-0.061418,0.22712,19.864,-4.7624,1.4192
0.849,-0.47353,-0.062229,0.22605,19.892,-4.7442,1.4353
0.84854,-0.47475,-0.063039,0.22498,19.919,-4.7257,1.4516
0.84808,-0.47597,-0.063849,0.22391,19.946,-4.707,1.4679
0.84762,-0.47718,-0.06466,0.22283,19.974,-4.688,1.4844
0.84716,-0.47839,-0.06547,0.22176,20.001,-4.6687,1.5009
0.84669,-0.47961,-0.066279,0.22068,20.029,-4.6492,1.5174
0.84622,-0.48082,-0.067089,0.2196,20.056,-4.6294,1.5338
0.84575,-0.48202,-0.067898,0.21853,20.084,-4.6093,1.5502
0.84527,-0.48323,-0.068707,0.21745,20.111,-4.589,1.5664
0.84479,-0.48444,-0.069516,0.21637,20.139,-4.5684,1.5825
0.84431,-0.48564,-0.070324,0.21529,20.166,-4.5475,1.5984
0.84383,-0.48684,-0.071132,0.21421,20.193,-4.5264,1.614
0.84334,-0.48804,-0.07194,0.21313,20.22,-4.5051,1.6293
0.84285,-0.48924,-0.072748,0.21204,20.247,-4.4835,1.6443
0.84235,-0.49043,-0.073555,0.21096,20.274,-4.4616,1.659
0.84186,-0.49163,-0.074363,0.20988,20.3,-4.4395,1.6732
0.84136,-0.49282,-0.07517,0.20879,20.326,-4.4172,1.6871
0.84085,-0.49401,-0.075976,0.20771,20.353,-4.3946,1.7004
0.84035,-0.4952,-0.076783,0.20662,20.379,-4.3717,1.7133
0.83984,-0.49639,-0.077589,0.20554,20.404,-4.3487,1.7256
0.83933,-0.49758,-0.078395,0.20445,20.43,-4.3254,1.7373
0.83881,-0.49876,-0.0792,0.20336,20.455,-4.3018,1.7485
0.8383,-0.49994,-0.080006,0.20227,20.48,-4.2781,1.759
0.83778,-0.50113,-0.080811,0.20118,20.504,-4.2541,1.7689
0.83725,-0.5023,-0.081616,0.20009,20.529,-4.2299,1.7782
0.83673,-0.50348,-0.08242,0.199,20.553,-4.2054,1.7867
0.8362,-0.50466,-0.083224,0.19791,20.576,-4.1808,1.7945
0.83567,-0.50583,-0.084028,0.19682,20.599,-4.1559,1.8016
0.83513,-0.507,-0.084832,0.19572,20.622,-4.1308,1.8079
0.83459,-0.50817,-0.085635,0.19463,20.645,-4.1055,1.8134
0.83405,-0.50934,-0.086438,0.19354,20.667,-4.08,1.8182
0.83351,-0.51051,-0.087241,0.19244,20.689,-4.0543,1.8222
0.83296,-0.51167,-0.088043,0.19135,20.71,-4.0284,1.8253
0.83241,-0.51284,-0.088845,0.19025,20.731,-4.0022,1.8277
0.83186,-0.514,-0.089647,0.18915,20.751,-3.9759,1.8292
0.8313,-0.51516,-0.090449,0.18805,20.771,-3.9494,1.8299
0.83075,-0.51631,-0.09125,0.18696,20.79,-3.9226,1.8298
0.83019,-0.51747,-0.092051,0.18586,20.809,-3.8957,1.8289
0.82962,-0.51862,-0.092851,0.18476,20.827,-3.8686,1.8271
0.82905,-0.51978,-0.093651,0.18366,20.845,-3.8413,1.8246
0.82848,-0.52093,-0.094451,0.18256,20.863,-3.8138,1.8212
0.82791,-0.52208,-0.095251,0.18146,20.879,-3.7862,1.817
0.82734,-0.52322,-0.09605,0.18035,20.896,-3.7583,1.812
0.82676,-0.52437,-0.096849,0.17925,20.911,-3.7303,1.8062
0.82618,-0.52551,-0.097647,0.17815,20.926,-3.7022,1.7997
0.82559,-0.52665,-0.098446,0.17704,20.941,-3.6738,1.7924
0.825,-0.52779,-0.099243,0.17594,20.955,-3.6453,1.7844
0.82441,-0.52893,-0.10004,0.17483,20.968,-3.6166,1.7757
0.82382,-0.53007,-0.10084,0.17373,20.981,-3.5877,1.7663
0.82323,-0.5312,-0.10163,0.17262,20.993,-3.5587,1.7562
0.82263,-0.53233,-0.10243,0.17151,21.005,-3.5296,1.7455
0.82202,-0.53346,-0.10323,0.17041,21.016,-3.5002,1.7342
0.82142,-0.53459,-0.10402,0.1693,21.026,-3.4708,1.7223
0.82081,-0.53572,-0.10482,0.16819,21.035,-3.4412,1.7098
0.8202,-0.53684,-0.10561,0.16708,21.044,-3.4114,1.6968
0.81959,-0.53796,-0.10641,0.16597,21.053,-3.3815,1.6833
0.81897,-0.53908,-0.1072,0.16486,21.06,-3.3515,1.6694
0.81835,-0.5402,-0.108,0.16375,21.067,-3.3213,1.655
0.81773,-0.54132,-0.10879,0.16264,21.074,-3.291,1.6402
0.81711,-0.54244,-0.10958,0.16152,21.079,-3.2606,1.6251
0.81648,-0.54355,-0.11038,0.16041,21.084,-3.23,1.6097
0.81585,-0.54466,-0.11117,0.1593,21.089,-3.1993,1.594
0.81522,-0.54577,-0.11196,0.15818,21.092,-3.1685,1.5781
0.81458,-0.54688,-0.11275,0.15707,21.095,-3.1376,1.562
0.81394,-0.54798,-0.11354,0.15595,21.097,-3.1066,1.5457
0.8133,-0.54909,-0.11433,0.15484,21.099,-3.0754,1.5293
0.81266,-0.55019,-0.11512,0.15372,21.1,-3.0442,1.5128
0.81201,-0.55129,-0.11591,0.1526,21.1,-3.0128,1.4963
0.81136,-0.55239,-0.1167,0.15149,21.099,-2.9813,1.4799
0.81071,-0.55348,-0.11749,0.15037,21.098,-2.9498,1.4634
0.81005,-0.55458,-0.11828,0.14925,21.096,-2.9181,1.4471
0.80939,-0.55567,-0.11907,0.14813,21.094,-2.8864,1.4309
0.80873,-0.55676,-0.11986,0.14701,21.091,-2.8546,1.4148
0.80806,-0.55785,-0.12064,0.14589,21.087,-2.8227,1.399
0.8074,-0.55893,-0.12143,0.14477,21.082,-2.7907,1.3834
0.80673,-0.56002,-0.12222,0.14365,21.077,-2.7586,1.3681
0.80605,-0.5611,-0.123,0.14253,21.071,-2.7264,1.3532
0.80538,-0.56218,-0.12379,0.14141,21.064,-2.6942,1.3386
0.8047,-0.56326,-0.12458,0.14029,21.057,-2.6619,1.3244
0.80402,-0.56433,-0.12536,0.13916,21.049,-2.6295,1.3107
0.80333,-0.56541,-0.12615,0.13804,21.04,-2.5971,1.2974
0.80265,-0.56648,-0.12693,0.13692,21.031,-2.5646,1.2846
0.80196,-0.56755,-0.12771,0.13579,21.021,-2.5321,1.2724
0.80126,-0.56862,-0.1285,0.13467,21.011,-2.4995,1.2607
0.80057,-0.56969,-0.12928,0.13354,21,-2.4668,1.2497
0.79987,-0.57075,-0.13006,0.13242,20.988,-2.4342,1.2392
0.79917,-0.57181,-0.13084,0.13129,20.975,-2.4014,1.2295
0.79847,-0.57287,-0.13162,0.13016,20.962,-2.3686,1.2204
0.79776,-0.57393,-0.13241,0.12904,20.949,-2.3358,1.2119
0.79705,-0.57499,-0.13319,0.12791,20.935,-2.303,1.2043
0.79634,-0.57604,-0.13397,0.12678,20.92,-2.2701,1.1973
0.79562,-0.5771,-0.13474,0.12565,20.904,-2.2372,1.1911
0.79491,-0.57815,-0.13552,0.12452,20.888,-2.2043,1.1857
0.79418,-0.57919,-0.1363,0.12339,20.872,-2.1713,1.1811
0.79346,-0.58024,-0.13708,0.12226,20.855,-2.1384,1.1772
0.79273,-0.58129,-0.13786,0.12113,20.837,-2.1054,1.1742
0.79201,-0.58233,-0.13864,0.12,20.819,-2.0724,1.172
0.79127,-0.58337,-0.13941,0.11887,20.801,-2.0394,1.1706
0.79054,-0.58441,-0.14019,0.11774,20.782,-2.0064,1.17
0.7898,-0.58544,-0.14096,0.11661,20.762,-1.9734,1.1703
0.78906,-0.58648,-0.14174,0.11548,20.742,-1.9404,1.1713
0.78832,-0.58751,-0.14251,0.11434,20.721,-1.9074,1.1732
0.78757,-0.58854,-0.14329,0.11321,20.7,-1.8744,1.176
0.78683,-0.58957,-0.14406,0.11208,20.679,-1.8415,1.1795
0.78608,-0.59059,-0.14483,0.11094,20.657,-1.8085,1.1838
0.78532,-0.59162,-0.14561,0.10981,20.635,-1.7756,1.1889
0.78457,-0.59264,-0.14638,0.10867,20.612,-1.7427,1.1948
0.78381,-0.59366,-0.14715,0.10754,20.589,-1.7098,1.2015
0.78304,-0.59468,-0.14792,0.1064,20.566,-1.6769,1.2089
0.78228,-0.59569,-0.14869,0.10527,20.542,-1.6441,1.217
0.78151,-0.59671,-0.14946,0.10413,20.518,-1.6113,1.2258
0.78074,-0.59772,-0.15023,0.10299,20.494,-1.5786,1.2354
0.77997,-0.59873,-0.151,0.10186,20.469,-1.5459,1.2455
0.77919,-0.59973,-0.15177,0.10072,20.444,-1.5132,1.2564
0.77841,-0.60074,-0.15254,0.099583,20.418,-1.4806,1.2678
0.77763,-0.60174,-0.1533,0.098445,20.393,-1.448,1.2798
0.77685,-0.60274,-0.15407,0.097307,20.367,-1.4155,1.2924
0.77606,-0.60374,-0.15484,0.096168,20.341,-1.3831,1.3054
0.77527,-0.60474,-0.1556,0.095029,20.315,-1.3507,1.319
0.77448,-0.60573,-0.15637,0.09389,20.288,-1.3184,1.333
0.77369,-0.60672,-0.15713,0.09275,20.262,-1.2861,1.3475
0.77289,-0.60772,-0.1579,0.09161,20.235,-1.2539,1.3623
0.77209,-0.6087,-0.15866,0.09047,20.208,-1.2218,1.3774
0.77129,-0.60969,-0.15942,0.089329,20.181,-1.1898,1.3929
0.77048,-0.61067,-0.16019,0.088188,20.154,-1.1578,1.4086
0.76967,-0.61165,-0.16095,0.087047,20.127,-1.126,1.4246
0.76886,-0.61263,-0.16171,0.085906,20.099,-1.0942,1.4408
0.76805,-0.61361,-0.16247,0.084764,20.072,-1.0625,1.4571
0.76723,-0.61459,-0.16323,0.083622,20.044,-1.0309,1.4735
0.76641,-0.61556,-0.16399,0.082479,20.017,-0.99942,1.4899
0.76559,-0.61653,-0.16475,0.081337,19.989,-0.96802,1.5064
0.76477,-0.6175,-0.16551,0.080194,19.962,-0.93673,1.5229
0.76394,-0.61847,-0.16627,0.07905,19.934,-0.90555,1.5393
0.76311,-0.61943,-0.16702,0.077907,19.907,-0.87447,1.5557
0.76228,-0.62039,-0.16778,0.076763,19.88,-0.8435,1.5718
0.76144,-0.62135,-0.16854,0.075619,19.852,-0.81266,1.5879
0.76061,-0.62231,-0.16929,0.074475,19.825,-0.78193,1.6036
0.75977,-0.62327,-0.17005,0.07333,19.798,-0.75132,1.6192
0.75892,-0.62422,-0.1708,0.072185,19.771,-0.72083,1.6344
0.75808,-0.62517,-0.17155,0.07104,19.744,-0.69048,1.6493
0.75723,-0.62612,-0.17231,0.069895,19.717,-0.66025,1.6638
0.75638,-0.62707,-0.17306,0.068749,19.691,-0.63016,1.6779
0.75552,-0.62802,-0.17381,0.067603,19.665,-0.60021,1.6916
0.75467,-0.62896,-0.17456,0.066457,19.639,-0.5704,1.7048
0.75381,-0.6299,-0.17531,0.065311,19.613,-0.54073,1.7175
0.75295,-0.63084,-0.17606,0.064164,19.587,-0.5112,1.7296
0.75208,-0.63177,-0.17681,0.063017,19.562,-0.48182,1.7412
0.75122,-0.63271,-0.17756,0.06187,19.537,-0.4526,1.7521
0.75035,-0.63364,-0.17831,0.060723,19.512,-0.42353,1.7624
0.74947,-0.63457,-0.17906,0.059576,19.487,-0.39462,1.7721
0.7486,-0.6355,-0.17981,0.058428,19.463,-0.36587,1.7811
0.74772,-0.63642,-0.18055,0.05728,19.439,-0.33728,1.7894
0.74684,-0.63734,-0.1813,0.056132,19.416,-0.30886,1.797
0.74596,-0.63826,-0.18204,0.054984,19.393,-0.28061,1.8038
0.74507,-0.63918,-0.18279,0.053836,19.37,-0.25253,1.8098
0.74419,-0.6401,-0.18353,0.052687,19.348,-0.22462,1.8151
0.7433,-0.64101,-0.18428,0.051538,19.326,-0.19689,1.8196
0.7424,-0.64192,-0.18502,0.050389,19.304,-0.16935,1.8233
0.74151,-0.64283,-0.18576,0.04924,19.283,-0.14198,1.8262
0.74061,-0.64374,-0.1865,0.048091,19.263,-0.1148,1.8283
0.73971,-0.64464,-0.18724,0.046941,19.242,-0.087811,1.8296
0.73881,-0.64555,-0.18798,0.045792,19.223,-0.061012,1.83
0.7379,-0.64645,-0.18872,0.044642,19.203,-0.034407,1.8296
0.73699,-0.64735,-0.18946,0.043492,19.185,-0.007998,1.8284
0.73608,-0.64824,-0.1902,0.042342,19.167,0.018211,1.8264
0.73517,-0.64914,-0.19094,0.041191,19.149,0.044219,1.8235
0.73425,-0.65003,-0.19167,0.040041,19.132,0.070022,1.8198
0.73333,-0.65092,-0.19241,0.03889,19.115,0.095619,1.8154
0.73241,-0.6518,-0.19314,0.03774,19.099,0.12101,1.8101
0.73149,-0.65269,-0.19388,0.036589,19.084,0.14618,1.8041
0.73056,-0.65357,-0.19461,0.035438,19.069,0.17114,1.7973
0.72963,-0.65445,-0.19534,0.034287,19.054,0.19588,1.7898
0.7287,-0.65533,-0.19608,0.033136,19.041,0.22041,1.7816
0.72777,-0.6562,-0.19681,0.031984,19.027,0.24471,1.7726
0.72683,-0.65707,-0.19754,0.030833,19.015,0.26878,1.763
0.72589,-0.65795,-0.19827,0.029681,19.003,0.29263,1.7527
0.72495,-0.65881,-0.199,0.02853,18.992,0.31625,1.7418
0.724,-0.65968,-0.19973,0.027378,18.981,0.33964,1.7302
0.72306,-0.66054,-0.20046,0.026226,18.971,0.3628,1.7181
0.72211,-0.66141,-0.20119,0.025074,18.962,0.38572,1.7055
0.72116,-0.66226,-0.20191,0.023922,18.953,0.4084,1.6923
0.7202,-0.66312,-0.20264,0.02277,18.945,0.43084,1.6787
0.71924,-0.66398,-0.20337,0.021618,18.937,0.45303,1.6646
0.71828,-0.66483,-0.20409,0.020466,18.931,0.47498,1.6501
0.71732,-0.66568,-0.20481,0.019313,18.924,0.49669,1.6352
0.71636,-0.66653,-0.20554,0.018161,18.919,0.51814,1.62
0.71539,-0.66737,-0.20626,0.017008,18.914,0.53934,1.6045
0.71442,-0.66821,-0.20698,0.015856,18.91,0.56029,1.5887
0.71345,-0.66905,-0.2077,0.014703,18.907,0.58098,1.5727
0.71247,-0.66989,-0.20842,0.013551,18.904,0.60142,1.5565
0.7115,-0.67073,-0.20914,0.012398,18.902,0.62159,1.5402
0.71052,-0.67156,-0.20986,0.011245,18.901,0.6415,1.5238
0.70954,-0.67239,-0.21058,0.010093,18.9,0.66115,1.5073
0.70855,-0.67322,-0.2113,0.0089397,18.9,0.68053,1.4908
0.70756,-0.67405,-0.21202,0.0077869,18.901,0.69965,1.4743
0.70658,-0.67487,-0.21273,0.006634,18.902,0.71849,1.4579
0.70558,-0.67569,-0.21345,0.0054812,18.904,0.73706,1.4416
0.70459,-0.67651,-0.21416,0.0043283,18.907,0.75536,1.4254
0.70359,-0.67733,-0.21488,0.0031754,18.911,0.77338,1.4095
0.70259,-0.67814,-0.21559,0.0020224,18.915,0.79113,1.3937
0.70159,-0.67896,-0.2163,0.00086952,18.92,0.80859,1.3782
0.70059,-0.67977,-0.21701,-0.00028341,18.925,0.82578,1.3631
0.69958,-0.68057,-0.21772,-0.0014363,18.931,0.84268,1.3482
0.69857,-0.68138,-0.21843,-0.0025893,18.938,0.8593,1.3338
0.69756,-0.68218,-0.21914,-0.0037422,18.946,0.87563,1.3197
0.69655,-0.68298,-0.21985,-0.0048951,18.954,0.89167,1.3061
0.69553,-0.68378,-0.22056,-0.006048,18.963,0.90743,1.293
0.69451,-0.68458,-0.22127,-0.0072008,18.972,0.92289,1.2805
0.69349,-0.68537,-0.22197,-0.0083537,18.982,0.93807,1.2684
0.69247,-0.68616,-0.22268,-0.0095065,18.993,0.95295,1.257
0.69144,-0.68695,-0.22338,-0.010659,19.004,0.96753,1.2461
0.69041,-0.68773,-0.22409,-0.011812,19.016,0.98182,1.2359
0.68938,-0.68852,-0.22479,-0.012965,19.029,0.9958,1.2263
0.68835,-0.6893,-0.22549,-0.014117,19.042,1.0095,1.2175
0.68731,-0.69008,-0.2262,-0.01527,19.056,1.0229,1.2093
0.68627,-0.69085,-0.2269,-0.016422,19.07,1.036,1.2018
0.68523,-0.69163,-0.2276,-0.017575,19.085,1.0487,1.1951
0.68419,-0.6924,-0.2283,-0.018727,19.101,1.0612,1.1892
0.68314,-0.69317,-0.22899,-0.01988,19.117,1.0734,1.1841
0.6821,-0.69393,-0.22969,-0.021032,19.134,1.0853,1.1797
0.68105,-0.6947,-0.23039,-0.022184,19.151,1.0968,1.1761
0.67999,-0.69546,-0.23108,-0.023336,19.169,1.1081,1.1734
0.67894,-0.69622,-0.23178,-0.024488,19.187,1.119,1.1714
0.67788,-0.69698,-0.23247,-0.02564,19.206,1.1296,1.1703
0.67682,-0.69773,-0.23317,-0.026792,19.225,1.1399,1.17
0.67576,-0.69848,-0.23386,-0.027944,19.245,1.1499,1.1705
0.67469,-0.69923,-0.23455,-0.029096,19.265,1.1596,1.1719
0.67363,-0.69998,-0.23524,-0.030247,19.286,1.169,1.1741
0.67256,-0.70072,-0.23593,-0.031399,19.307,1.178,1.1771
0.67149,-0.70147,-0.23662,-0.03255,19.328,1.1867,1.1808
0.67041,-0.70221,-0.23731,-0.033702,19.35,1.1952,1.1854
0.66934,-0.70294,-0.238,-0.034853,19.373,1.2033,1.1908
0.66826,-0.70368,-0.23869,-0.036004,19.395,1.211,1.197
0.66718,-0.70441,-0.23937,-0.037155,19.419,1.2185,1.2039
0.66609,-0.70514,-0.24006,-0.038305,19.442,1.2256,1.2115
0.66501,-0.70587,-0.24074,-0.039456,19.466,1.2324,1.2199
0.66392,-0.70659,-0.24143,-0.040607,19.49,1.2389,1.229
0.66283,-0.70732,-0.24211,-0.041757,19.515,1.2451,1.2387
0.66174,-0.70804,-0.24279,-0.042907,19.54,1.2509,1.2491
0.66064,-0.70875,-0.24347,-0.044057,19.565,1.2564,1.2601
0.65955,-0.70947,-0.24415,-0.045207,19.59,1.2616,1.2718
0.65845,-0.71018,-0.24483,-0.046357,19.616,1.2664,1.284
0.65735,-0.71089,-0.24551,-0.047506,19.642,1.271,1.2967
0.65624,-0.7116,-0.24619,-0.048656,19.668,1.2752,1.31
0.65513,-0.7123,-0.24686,-0.049805,19.694,1.279,1.3237
0.65403,-0.71301,-0.24754,-0.050954,19.721,1.2826,1.3378
0.65292,-0.71371,-0.24822,-0.052103,19.747,1.2858,1.3524
0.6518,-0.7144,-0.24889,-0.053252,19.774,1.2887,1.3673
0.65069,-0.7151,-0.24956,-0.0544,19.801,1.2913,1.3826
0.64957,-0.71579,-0.25023,-0.055549,19.828,1.2935,1.3982
0.64845,-0.71648,-0.25091,-0.056697,19.855,1.2954,1.414
0.64733,-0.71717,-0.25158,-0.057845,19.883,1.297,1.43
0.6462,-0.71785,-0.25225,-0.058992,19.91,1.2982,1.4462
0.64507,-0.71854,-0.25292,-0.06014,19.937,1.2991,1.4626
0.64395,-0.71922,-0.25358,-0.061287,19.965,1.2997,1.479
0.64281,-0.71989,-0.25425,-0.062434,19.992,1.3,1.4955
0.64168,-0.72057,-0.25492,-0.063581,20.02,1.2999,1.512
0.64054,-0.72124,-0.25558,-0.064728,20.047,1.2995,1.5284
0.63941,-0.72191,-0.25625,-0.065874,20.075,1.2988,1.5448
0.63827,-0.72258,-0.25691,-0.067021,20.102,1.2977,1.5611
0.63712,-0.72324,-0.25757,-0.068166,20.13,1.2963,1.5773
0.63598,-0.72391,-0.25824,-0.069312,20.157,1.2946,1.5932
0.63483,-0.72457,-0.2589,-0.070458,20.184,1.2925,1.6089
0.63368,-0.72522,-0.25956,-0.071603,20.211,1.2902,1.6243
0.63253,-0.72588,-0.26022,-0.072748,20.238,1.2874,1.6395
0.63138,-0.72653,-0.26087,-0.073893,20.265,1.2844,1.6542
0.63022,-0.72718,-0.26153,-0.075037,20.291,1.281,1.6686
0.62906,-0.72783,-0.26219,-0.076181,20.318,1.2773,1.6826
0.6279,-0.72847,-0.26284,-0.077325,20.344,1.2733,1.6961
0.62674,-0.72911,-0.2635,-0.078469,20.37,1.269,1.7091
0.62558,-0.72975,-0.26415,-0.079612,20.396,1.2643,1.7216
0.62441,-0.73039,-0.2648,-0.080756,20.421,1.2593,1.7336
0.62324,-0.73103,-0.26545,-0.081898,20.447,1.2539,1.7449
0.62207,-0.73166,-0.26611,-0.083041,20.472,1.2483,1.7557
0.6209,-0.73229,-0.26676,-0.084183,20.496,1.2423,1.7658
0.61972,-0.73291,-0.2674,-0.085325,20.521,1.236,1.7752
0.61854,-0.73354,-0.26805,-0.086467,20.545,1.2294,1.784
0.61736,-0.73416,-0.2687,-0.087608,20.569,1.2224,1.792
0.61618,-0.73478,-0.26935,-0.088749,20.592,1.2151,1.7993
0.615,-0.73539,-0.26999,-0.08989,20.615,1.2076,1.8059
0.61381,-0.73601,-0.27063,-0.091031,20.637,1.1996,1.8117
0.61262,-0.73662,-0.27128,-0.092171,20.66,1.1914,1.8167
0.61143,-0.73723,-0.27192,-0.09331,20.681,1.1828,1.821
0.61024,-0.73783,-0.27256,-0.09445,20.703,1.174,1.8244
0.60904,-0.73844,-0.2732,-0.095589,20.724,1.1648,1.827
0.60785,-0.73904,-0.27384,-0.096728,20.744,1.1553,1.8288
0.60665,-0.73964,-0.27448,-0.097866,20.764,1.1454,1.8298
0.60544,-0.74023,-0.27512,-0.099004,20.784,1.1353,1.83
0.60424,-0.74083,-0.27575,-0.10014,20.803,1.1249,1.8293
0.60304,-0.74142,-0.27639,-0.10128,20.821,1.1141,1.8278
0.60183,-0.742,-0.27702,-0.10242,20.839,1.103,1.8255
0.60062,-0.74259,-0.27766,-0.10355,20.857,1.0916,1.8224
0.59941,-0.74317,-0.27829,-0.10469,20.874,1.0799,1.8184
0.59819,-0.74375,-0.27892,-0.10583,20.89,1.0679,1.8137
0.59698,-0.74433,-0.27955,-0.10696,20.906,1.0556,1.8082
0.59576,-0.74491,-0.28018,-0.1081,20.922,1.043,1.8019
0.59454,-0.74548,-0.28081,-0.10923,20.936,1.0301,1.7949
0.59332,-0.74605,-0.28144,-0.11037,20.95,1.0169,1.7871
0.59209,-0.74662,-0.28207,-0.1115,20.964,1.0033,1.7786
0.59086,-0.74718,-0.28269,-0.11263,20.977,0.98952,1.7694
0.58964,-0.74774,-0.28332,-0.11377,20.989,0.9754,1.7596
0.58841,-0.7483,-0.28394,-0.1149,21.001,0.96098,1.7491
0.58717,-0.74886,-0.28456,-0.11603,21.012,0.94626,1.7379
0.58594,-0.74941,-0.28519,-0.11716,21.022,0.93125,1.7262
0.5847,-0.74996,-0.28581,-0.1183,21.032,0.91594,1.7139
0.58346,-0.75051,-0.28643,-0.11943,21.041,0.90035,1.7011
0.58222,-0.75106,-0.28705,-0.12056,21.05,0.88446,1.6878
0.58098,-0.7516,-0.28766,-0.12169,21.058,0.86829,1.674
0.57973,-0.75214,-0.28828,-0.12282,21.065,0.85183,1.6597
0.57849,-0.75268,-0.2889,-0.12395,21.072,0.83508,1.6451
0.57724,-0.75322,-0.28951,-0.12508,21.077,0.81805,1.6301
0.57599,-0.75375,-0.29012,-0.12621,21.083,0.80074,1.6148
0.57473,-0.75428,-0.29074,-0.12733,21.087,0.78314,1.5992
0.57348,-0.75481,-0.29135,-0.12846,21.091,0.76527,1.5833
0.57222,-0.75533,-0.29196,-0.12959,21.094,0.74713,1.5673
0.57096,-0.75586,-0.29257,-0.13072,21.097,0.72871,1.551
0.5697,-0.75638,-0.29318,-0.13184,21.098,0.71001,1.5347
0.56844,-0.75689,-0.29379,-0.13297,21.1,0.69104,1.5182
0.56717,-0.75741,-0.29439,-0.13409,21.1,0.67181,1.5017
0.56591,-0.75792,-0.295,-0.13522,21.1,0.65231,1.4853
0.56464,-0.75843,-0.2956,-0.13634,21.099,0.63254,1.4688
0.56337,-0.75894,-0.29621,-0.13747,21.097,0.61251,1.4524
0.56209,-0.75944,-0.29681,-0.13859,21.095,0.59222,1.4362
0.56082,-0.75994,-0.29741,-0.13972,21.092,0.57167,1.4201
0.55954,-0.76044,-0.29801,-0.14084,21.088,0.55086,1.4042
0.55826,-0.76094,-0.29861,-0.14196,21.084,0.5298,1.3885
0.55698,-0.76143,-0.29921,-0.14308,21.079,0.50848,1.3731
0.5557,-0.76192,-0.29981,-0.1442,21.073,0.48691,1.358
0.55441,-0.76241,-0.3004,-0.14532,21.067,0.4651,1.3433
0.55313,-0.76289,-0.301,-0.14644,21.059,0.44304,1.329
0.55184,-0.76337,-0.30159,-0.14756,21.052,0.42073,1.3151
0.55055,-0.76385,-0.30218,-0.14868,21.043,0.39818,1.3017
0.54926,-0.76433,-0.30278,-0.1498,21.034,0.37539,1.2887
0.54796,-0.76481,-0.30337,-0.15092,21.025,0.35237,1.2763
0.54667,-0.76528,-0.30396,-0.15204,21.014,0.32911,1.2645
0.54537,-0.76575,-0.30455,-0.15315,21.003,0.30561,1.2532
0.54407,-0.76621,-0.30513,-0.15427,20.992,0.28189,1.2426
0.54276,-0.76668,-0.30572,-0.15539,20.98,0.25794,1.2326
0.54146,-0.76714,-0.30631,-0.1565,20.967,0.23376,1.2233
0.54016,-0.7676,-0.30689,-0.15762,20.953,0.20936,1.2146
0.53885,-0.76805,-0.30747,-0.15873,20.939,0.18473,1.2067
0.53754,-0.76851,-0.30806,-0.15984,20.925,0.15989,1.1995
0.53623,-0.76896,-0.30864,-0.16096,20.91,0.13483,1.1931
0.53491,-0.76941,-0.30922,-0.16207,20.894,0.10956,1.1874
0.5336,-0.76985,-0.3098,-0.16318,20.877,0.084081,1.1825
0.53228,-0.77029,-0.31038,-0.16429,20.861,0.058391,1.1784
0.53096,-0.77073,-0.31095,-0.16541,20.843,0.032495,1.1751
0.52964,-0.77117,-0.31153,-0.16652,20.825,0.0063961,1.1726
0.52832,-0.7716,-0.3121,-0.16763,20.807,-0.019904,1.171
0.52699,-0.77204,-0.31268,-0.16873,20.788,-0.046402,1.1701
0.52567,-0.77246,-0.31325,-0.16984,20.768,-0.073095,1.1701
0.52434,-0.77289,-0.31382,-0.17095,20.749,-0.099981,1.1709
0.52301,-0.77331,-0.31439,-0.17206,20.728,-0.12706,1.1725
0.52168,-0.77373,-0.31496,-0.17317,20.707,-0.15432,1.175
0.52034,-0.77415,-0.31553,-0.17427,20.686,-0.18177,1.1782
0.51901,-0.77457,-0.3161,-0.17538,20.664,-0.2094,1.1823
0.51767,-0.77498,-0.31666,-0.17648,20.642,-0.23721,1.1872
0.51633,-0.77539,-0.31723,-0.17759,20.62,-0.26519,1.1928
0.51499,-0.7758,-0.31779,-0.17869,20.597,-0.29335,1.1992
0.51365,-0.7762,-0.31835,-0.17979,20.573,-0.32168,1.2064
0.5123,-0.7766,-0.31892,-0.1809,20.55,-0.35017,1.2143
0.51096,-0.777,-0.31948,-0.182,20.526,-0.37884,1.2229
0.50961,-0.7774,-0.32004,-0.1831,20.502,-0.40766,1.2322
0.50826,-0.77779,-0.32059,-0.1842,20.477,-0.43664,1.2421
0.50691,-0.77818,-0.32115,-0.1853,20.452,-0.46578,1.2528
0.50555,-0.77857,-0.32171,-0.1864,20.427,-0.49508,1.264
0.5042,-0.77896,-0.32226,-0.1875,20.401,-0.52452,1.2758
0.50284,-0.77934,-0.32282,-0.18859,20.376,-0.55411,1.2882
0.50148,-0.77972,-0.32337,-0.18969,20.35,-0.58385,1.3011
0.50012,-0.7801,-0.32392,-0.19079,20.323,-0.61372,1.3145
-0.49876,0.78047,0.32447,0.19188,20.297,-0.64374,1.3284
-0.4974,0.78084,0.32502,0.19298,20.27,-0.67389,1.3427
-0.49603,0.78121,0.32557,0.19407,20.244,-0.70418,1.3574
-0.49466,0.78158,0.32612,0.19517,20.217,-0.73459,1.3724
-0.49329,0.78194,0.32666,0.19626,20.19,-0.76513,1.3878
-0.49192,0.7823,0.32721,0.19735,20.163,-0.79579,1.4035
-0.49055,0.78266,0.32775,0.19845,20.135,-0.82658,1.4194
-0.48918,0.78302,0.32829,0.19954,20.108,-0.85748,1.4354
-0.4878,0.78337,0.32883,0.20063,20.081,-0.88849,1.4517
-0.48642,0.78372,0.32937,0.20172,20.053,-0.91962,1.4681
-0.48504,0.78407,0.32991,0.20281,20.026,-0.95086,1.4845
-0.48366,0.78441,0.33045,0.20389,19.998,-0.9822,1.501
-0.48228,0.78475,0.33099,0.20498,19.971,-1.0136,1.5175
-0.48089,0.78509,0.33152,0.20607,19.943,-1.0452,1.534
-0.47951,0.78543,0.33206,0.20716,19.916,-1.0768,1.5503
-0.47812,0.78576,0.33259,0.20824,19.888,-1.1085,1.5666
-0.47673,0.78609,0.33312,0.20933,19.861,-1.1404,1.5826
-0.47534,0.78642,0.33365,0.21041,19.834,-1.1723,1.5985
-0.47395,0.78675,0.33418,0.21149,19.807,-1.2042,1.6141
-0.47255,0.78707,0.33471,0.21258,19.78,-1.2363,1.6295
-0.47116,0.78739,0.33524,0.21366,19.753,-1.2685,1.6445
-0.46976,0.7877,0.33576,0.21474,19.726,-1.3007,1.6591
-0.46836,0.78802,0.33629,0.21582,19.7,-1.333,1.6734
-0.46696,0.78833,0.33681,0.2169,19.673,-1.3653,1.6872
-0.46555,0.78864,0.33733,0.21798,19.647,-1.3977,1.7005
-0.46415,0.78894,0.33786,0.21906,19.621,-1.4302,1.7134
-0.46274,0.78925,0.33838,0.22013,19.596,-1.4627,1.7257
-0.46134,0.78955,0.3389,0.22121,19.57,-1.4953,1.7374
-0.45993,0.78985,0.33941,0.22228,19.545,-1.528,1.7486
-0.45852,0.79014,0.33993,0.22336,19.52,-1.5606,1.7591
-0.4571,0.79043,0.34044,0.22443,19.495,-1.5934,1.769
-0.45569,0.79072,0.34096,0.22551,19.471,-1.6261,1.7782
-0.45427,0.79101,0.34147,0.22658,19.447,-1.6589,1.7868
-0.45286,0.79129,0.34198,0.22765,19.424,-1.6918,1.7946
-0.45144,0.79157,0.34249,0.22872,19.4,-1.7246,1.8016
-0.45002,0.79185,0.343,0.22979,19.377,-1.7575,1.8079
-0.44859,0.79213,0.34351,0.23086,19.355,-1.7905,1.8135
-0.44717,0.7924,0.34402,0.23193,19.333,-1.8234,1.8182
-0.44575,0.79267,0.34453,0.233,19.311,-1.8564,1.8222
-0.44432,0.79294,0.34503,0.23407,19.29,-1.8893,1.8254
-0.44289,0.7932,0.34553,0.23513,19.269,-1.9223,1.8277
-0.44146,0.79346,0.34604,0.2362,19.249,-1.9553,1.8292
-0.44003,0.79372,0.34654,0.23726,19.229,-1.9883,1.8299
-0.4386,0.79398,0.34704,0.23832,19.21,-2.0213,1.8298
-0.43716,0.79423,0.34754,0.23939,19.191,-2.0543,1.8289
-0.43573,0.79448,0.34803,0.24045,19.172,-2.0873,1.8271
-0.43429,0.79473,0.34853,0.24151,19.155,-2.1203,1.8245
-0.43285,0.79497,0.34902,0.24257,19.137,-2.1533,1.8211
-0.43141,0.79522,0.34952,0.24363,19.12,-2.1862,1.8169
-0.42997,0.79545,0.35001,0.24469,19.104,-2.2192,1.8119
-0.42852,0.79569,0.3505,0.24575,19.089,-2.2521,1.8062
-0.42708,0.79593,0.35099,0.2468,19.073,-2.285,1.7996
-0.42563,0.79616,0.35148,0.24786,19.059,-2.3178,1.7924
-0.42418,0.79638,0.35197,0.24891,19.045,-2.3507,1.7843
-0.42273,0.79661,0.35245,0.24997,19.032,-2.3835,1.7756
-0.42128,0.79683,0.35294,0.25102,19.019,-2.4162,1.7662
-0.41983,0.79705,0.35342,0.25207,19.007,-2.4489,1.7561
-0.41838,0.79727,0.35391,0.25313,18.995,-2.4816,1.7454
-0.41692,0.79748,0.35439,0.25418,18.984,-2.5142,1.7341
-0.41546,0.79769,0.35487,0.25523,18.974,-2.5468,1.7221
-0.41401,0.7979,0.35535,0.25628,18.965,-2.5793,1.7097
-0.41255,0.79811,0.35582,0.25732,18.956,-2.6118,1.6967
-0.41109,0.79831,0.3563,0.25837,18.947,-2.6442,1.6832
-0.40962,0.79851,0.35678,0.25942,18.94,-2.6765,1.6692
-0.40816,0.79871,0.35725,0.26046,18.933,-2.7088,1.6549
-0.40669,0.7989,0.35772,0.26151,18.926,-2.741,1.6401
-0.40523,0.7991,0.35819,0.26255,18.921,-2.7731,1.625
-0.40376,0.79929,0.35866,0.26359,18.916,-2.8051,1.6096
-0.40229,0.79947,0.35913,0.26463,18.911,-2.8371,1.5939
-0.40082,0.79966,0.3596,0.26568,18.908,-2.869,1.578
-0.39934,0.79984,0.36007,0.26672,18.905,-2.9007,1.5618
-0.39787,0.80001,0.36053,0.26775,18.903,-2.9324,1.5456
-0.39639,0.80019,0.361,0.26879,18.901,-2.9641,1.5292
-0.39492,0.80036,0.36146,0.26983,18.9,-2.9956,1.5127
-0.39344,0.80053,0.36192,0.27087,18.9,-3.027,1.4962
-0.39196,0.8007,0.36238,0.2719,18.901,-3.0583,1.4797
-0.39048,0.80086,0.36284,0.27293,18.902,-3.0895,1.4633
-0.389,0.80102,0.3633,0.27397,18.904,-3.1206,1.4469
-0.38751,0.80118,0.36375,0.275,18.906,-3.1516,1.4307
-0.38603,0.80134,0.36421,0.27603,18.909,-3.1824,1.4147
-0.38454,0.80149,0.36466,0.27706,18.913,-3.2132,1.3989
-0.38305,0.80164,0.36512,0.27809,18.918,-3.2438,1.3833
-0.38157,0.80179,0.36557,0.27912,18.923,-3.2743,1.368
-0.38007,0.80193,0.36602,0.28015,18.929,-3.3047,1.353
-0.37858,0.80207,0.36647,0.28117,18.936,-3.3349,1.3385
-0.37709,0.80221,0.36691,0.2822,18.943,-3.3651,1.3243
-0.3756,0.80235,0.36736,0.28322,18.951,-3.395,1.3105
-0.3741,0.80248,0.3678,0.28425,18.96,-3.4249,1.2973
-0.3726,0.80261,0.36825,0.28527,18.969,-3.4546,1.2845
-0.37111,0.80274,0.36869,0.28629,18.979,-3.4841,1.2723
-0.36961,0.80286,0.36913,0.28731,18.989,-3.5135,1.2606
-0.3681,0.80298,0.36957,0.28833,19,-3.5428,1.2496
-0.3666,0.8031,0.37001,0.28935,19.012,-3.5718,1.2392
-0.3651,0.80322,0.37044,0.29037,19.025,-3.6008,1.2294
-0.36359,0.80333,0.37088,0.29138,19.038,-3.6296,1.2203
-0.36209,0.80344,0.37132,0.2924,19.051,-3.6582,1.2119
-0.36058,0.80355,0.37175,0.29341,19.066,-3.6866,1.2042
-0.35907,0.80366,0.37218,0.29443,19.08,-3.7149,1.1973
-0.35756,0.80376,0.37261,0.29544,19.096,-3.743,1.1911
-0.35605,0.80386,0.37304,0.29645,19.112,-3.7709,1.1857
-0.35454,0.80395,0.37347,0.29746,19.128,-3.7987,1.181
-0.35303,0.80405,0.37389,0.29847,19.145,-3.8263,1.1772
-0.35151,0.80414,0.37432,0.29948,19.163,-3.8537,1.1742
-0.35,0.80423,0.37474,0.30048,19.181,-3.8809,1.172
-0.34848,0.80431,0.37517,0.30149,19.199,-3.9079,1.1706
-0.34696,0.80439,0.37559,0.3025,19.219,-3.9347,1.17
-0.34544,0.80447,0.37601,0.3035,19.238,-3.9614,1.1703
-0.34392,0.80455,0.37643,0.3045,19.258,-3.9878,1.1714
-0.3424,0.80462,0.37684,0.3055,19.279,-4.0141,1.1733
-0.34087,0.8047,0.37726,0.3065,19.3,-4.0401,1.176
-0.33935,0.80476,0.37768,0.3075,19.321,-4.0659,1.1795
-0.33782,0.80483,0.37809,0.3085,19.343,-4.0916,1.1838
-0.3363,0.80489,0.3785,0.3095,19.365,-4.117,1.189
-0.33477,0.80495,0.37891,0.3105,19.388,-4.1422,1.1949
-0.33324,0.80501,0.37932,0.31149,19.411,-4.1672,1.2015
-0.33171,0.80506,0.37973,0.31249,19.434,-4.192,1.2089
-0.33018,0.80511,0.38014,0.31348,19.458,-4.2165,1.2171
-0.32865,0.80516,0.38054,0.31447,19.482,-4.2409,1.2259
-0.32711,0.80521,0.38095,0.31546,19.507,-4.265,1.2355
-0.32558,0.80525,0.38135,0.31645,19.531,-4.2889,1.2456
-0.32404,0.80529,0.38175,0.31744,19.556,-4.3125,1.2565
-0.3225,0.80533,0.38215,0.31843,19.582,-4.3359,1.2679
-0.32097,0.80536,0.38255,0.31942,19.607,-4.3591,1.2799
-0.31943,0.8054,0.38295,0.3204,19.633,-4.3821,1.2925
-0.31789,0.80542,0.38334,0.32139,19.659,-4.4048,1.3056
-0.31634,0.80545,0.38374,0.32237,19.685,-4.4273,1.3191
-0.3148,0.80547,0.38413,0.32335,19.712,-4.4495,1.3332
-0.31326,0.80549,0.38452,0.32433,19.738,-4.4715,1.3476
-0.31171,0.80551,0.38491,0.32531,19.765,-4.4932,1.3624
-0.31017,0.80553,0.3853,0.32629,19.792,-4.5147,1.3776
-0.30862,0.80554,0.38569,0.32727,19.819,-4.536,1.393
-0.30707,0.80555,0.38608,0.32824,19.846,-4.557,1.4088
-0.30552,0.80555,0.38646,0.32922,19.874,-4.5777,1.4247
-0.30397,0.80556,0.38685,0.33019,19.901,-4.5982,1.4409
-0.30242,0.80556,0.38723,0.33117,19.929,-4.6184,1.4572
-0.30087,0.80556,0.38761,0.33214,19.956,-4.6384,1.4736
-0.29931,0.80555,0.38799,0.33311,19.983,-4.658,1.4901
-0.29776,0.80554,0.38837,0.33408,20.011,-4.6775,1.5066
-0.2962,0.80553,0.38875,0.33505,20.038,-4.6966,1.5231
-0.29465,0.80552,0.38912,0.33601,20.066,-4.7155,1.5395
-0.29309,0.8055,0.3895,0.33698,20.093,-4.7341,1.5558
-0.29153,0.80548,0.38987,0.33794,20.121,-4.7525,1.572
-0.28997,0.80546,0.39024,0.33891,20.148,-4.7705,1.588
-0.28841,0.80544,0.39061,0.33987,20.175,-4.7883,1.6038
-0.28685,0.80541,0.39098,0.34083,20.202,-4.8058,1.6193
-0.28528,0.80538,0.39135,0.34179,20.229,-4.8231,1.6345
-0.28372,0.80535,0.39172,0.34275,20.256,-4.84,1.6494
-0.28216,0.80531,0.39208,0.34371,20.283,-4.8567,1.6639
-0.28059,0.80527,0.39245,0.34466,20.309,-4.873,1.6781
-0.27902,0.80523,0.39281,0.34562,20.336,-4.8891,1.6917
-0.27746,0.80519,0.39317,0.34657,20.362,-4.9049,1.7049
-0.27589,0.80514,0.39353,0.34753,20.387,-4.9205,1.7176
-0.27432,0.80509,0.39389,0.34848,20.413,-4.9357,1.7297
-0.27275,0.80504,0.39424,0.34943,20.438,-4.9506,1.7413
-0.27117,0.80498,0.3946,0.35038,20.464,-4.9652,1.7522
-0.2696,0.80492,0.39495,0.35132,20.488,-4.9796,1.7625
-0.26803,0.80486,0.3953,0.35227,20.513,-4.9936,1.7722
-0.26645,0.8048,0.39566,0.35322,20.537,-5.0073,1.7812
-0.26488,0.80473,0.39601,0.35416,20.561,-5.0208,1.7895
-0.2633,0.80466,0.39635,0.3551,20.584,-5.0339,1.797
-0.26173,0.80459,0.3967,0.35604,20.607,-5.0467,1.8038
-0.26015,0.80451,0.39705,0.35699,20.63,-5.0593,1.8099
-0.25857,0.80443,0.39739,0.35792,20.652,-5.0715,1.8152
-0.25699,0.80435,0.39773,0.35886,20.674,-5.0834,1.8197
-0.25541,0.80427,0.39808,0.3598,20.696,-5.095,1.8234
-0.25383,0.80418,0.39842,0.36073,20.717,-5.1063,1.8263
-0.25224,0.80409,0.39875,0.36167,20.738,-5.1173,1.8283
-0.25066,0.804,0.39909,0.3626,20.758,-5.1279,1.8296
-0.24908,0.8039,0.39943,0.36353,20.777,-5.1383,1.83
-0.24749,0.80381,0.39976,0.36446,20.797,-5.1484,1.8296
-0.2459,0.80371,0.4001,0.36539,20.815,-5.1581,1.8284
-0.24432,0.8036,0.40043,0.36632,20.834,-5.1675,1.8263
-0.24273,0.8035,0.40076,0.36725,20.851,-5.1766,1.8235
-0.24114,0.80339,0.40109,0.36817,20.868,-5.1854,1.8198
-0.23955,0.80328,0.40141,0.3691,20.885,-5.1938,1.8153
-0.23796,0.80316,0.40174,0.37002,20.901,-5.202,1.8101
-0.23637,0.80304,0.40206,0.37094,20.917,-5.2098,1.8041
-0.23478,0.80292,0.40239,0.37186,20.931,-5.2173,1.7973
-0.23318,0.8028,0.40271,0.37278,20.946,-5.2245,1.7897
-0.23159,0.80267,0.40303,0.3737,20.96,-5.2313,1.7815
-0.23,0.80254,0.40335,0.37461,20.973,-5.2379,1.7725
-0.2284,0.80241,0.40367,0.37553,20.985,-5.2441,1.7629
-0.22681,0.80228,0.40398,0.37644,20.997,-5.25,1.7526
-0.22521,0.80214,0.4043,0.37735,21.008,-5.2555,1.7417
-0.22361,0.802,0.40461,0.37826,21.019,-5.2608,1.7301
-0.22201,0.80186,0.40492,0.37917,21.029,-5.2657,1.718
-0.22041,0.80171,0.40523,0.38008,21.039,-5.2703,1.7054
-0.21881,0.80156,0.40554,0.38099,21.047,-5.2745,1.6922
-0.21721,0.80141,0.40585,0.38189,21.055,-5.2785,1.6785
-0.21561,0.80126,0.40616,0.3828,21.063,-5.2821,1.6644
-0.21401,0.8011,0.40646,0.3837,21.07,-5.2853,1.6499
-0.21241,0.80094,0.40676,0.3846,21.076,-5.2883,1.6351
-0.2108,0.80078,0.40707,0.3855,21.081,-5.2909,1.6198
-0.2092,0.80061,0.40737,0.3864,21.086,-5.2932,1.6043
-0.20759,0.80045,0.40767,0.3873,21.09,-5.2951,1.5886
-0.20599,0.80027,0.40796,0.38819,21.093,-5.2968,1.5726
-0.20438,0.8001,0.40826,0.38909,21.096,-5.2981,1.5564
-0.20277,0.79992,0.40856,0.38998,21.098,-5.299,1.5401
-0.20116,0.79975,0.40885,0.39087,21.099,-5.2997,1.5236
-0.19956,0.79956,0.40914,0.39177,21.1,-5.3,1.5072
-0.19795,0.79938,0.40943,0.39265,21.1,-5.2999,1.4907
-0.19634,0.79919,0.40972,0.39354,21.099,-5.2996,1.4742
-0.19472,0.799,0.41001,0.39443,21.098,-5.2989,1.4578
-0.19311,0.79881,0.41029,0.39531,21.096,-5.2979,1.4415
-0.1915,0.79861,0.41058,0.3962,21.093,-5.2966,1.4253
-0.18989,0.79841,0.41086,0.39708,21.089,-5.2949,1.4093
-0.18827,0.79821,0.41115,0.39796,21.085,-5.2929,1.3936
-0.18666,0.79801,0.41143,0.39884,21.08,-5.2906,1.3781
-0.18505,0.7978,0.4117,0.39972,21.075,-5.2879,1.3629
-0.18343,0.79759,0.41198,0.4006,21.069,-5.2849,1.3481
-0.18181,0.79738,0.41226,0.40147,21.062,-5.2816,1.3336
-0.1802,0.79716,0.41253,0.40235,21.054,-5.2779,1.3196
-0.17858,0.79694,0.41281,0.40322,21.046,-5.274,1.306
-0.17696,0.79672,0.41308,0.40409,21.037,-5.2697,1.2929
-0.17534,0.7965,0.41335,0.40496,21.028,-5.2651,1.2803
-0.17372,0.79627,0.41362,0.40583,21.018,-5.2601,1.2683
-0.1721,0.79604,0.41389,0.40669,21.007,-5.2548,1.2569
-0.17048,0.79581,0.41415,0.40756,20.996,-5.2492,1.246
-0.16886,0.79557,0.41442,0.40842,20.984,-5.2433,1.2358
-0.16724,0.79533,0.41468,0.40929,20.971,-5.237,1.2262
-0.16562,0.79509,0.41494,0.41015,20.958,-5.2305,1.2174
-0.16399,0.79485,0.4152,0.41101,20.944,-5.2236,1.2092
-0.16237,0.7946,0.41546,0.41187,20.93,-5.2163,1.2018
-0.16075,0.79435,0.41572,0.41272,20.915,-5.2088,1.1951
-0.15912,0.7941,0.41597,0.41358,20.899,-5.2009,1.1892
-0.1575,0.79385,0.41623,0.41443,20.883,-5.1927,1.184
-0.15587,0.79359,0.41648,0.41529,20.866,-5.1842,1.1797
-0.15425,0.79333,0.41673,0.41614,20.849,-5.1754,1.1761
-0.15262,0.79307,0.41698,0.41699,20.831,-5.1663,1.1733
-0.15099,0.7928,0.41723,0.41783,20.813,-5.1568,1.1714
-0.14936,0.79253,0.41748,0.41868,20.794,-5.147,1.1703
-0.14774,0.79226,0.41772,0.41953,20.775,-5.1369,1.17
-0.14611,0.79199,0.41797,0.42037,20.755,-5.1265,1.1705
-0.14448,0.79171,0.41821,0.42121,20.735,-5.1158,1.1719
-0.14285,0.79143,0.41845,0.42205,20.714,-5.1048,1.1741
-0.14122,0.79115,0.41869,0.42289,20.693,-5.0935,1.1771
-0.13959,0.79086,0.41893,0.42373,20.671,-5.0818,1.1809
-0.13795,0.79058,0.41917,0.42457,20.65,-5.0699,1.1855
-0.13632,0.79028,0.4194,0.4254,20.627,-5.0576,1.1909
-0.13469,0.78999,0.41964,0.42624,20.604,-5.045,1.197
-0.13306,0.7897,0.41987,0.42707,20.581,-5.0322,1.2039
-0.13142,0.7894,0.4201,0.4279,20.558,-5.019,1.2116
-0.12979,0.78909,0.42033,0.42873,20.534,-5.0055,1.22
-0.12816,0.78879,0.42056,0.42955,20.51,-4.9917,1.2291
-0.12652,0.78848,0.42079,0.43038,20.485,-4.9777,1.2388
-0.12489,0.78817,0.42101,0.4312,20.46,-4.9633,1.2492
-0.12325,0.78786,0.42123,0.43203,20.435,-4.9486,1.2602
-0.12162,0.78754,0.42146,0.43285,20.41,-4.9337,1.2719
-0.11998,0.78723,0.42168,0.43367,20.384,-4.9184,1.2841
-0.11834,0.7869,0.4219,0.43449,20.358,-4.9029,1.2968
-0.1167,0.78658,0.42211,0.4353,20.332,-4.887,1.3101
-0.11507,0.78625,0.42233,0.43612,20.306,-4.8709,1.3238
-0.11343,0.78593,0.42255,0.43693,20.279,-4.8545,1.338
-0.11179,0.78559,0.42276,0.43775,20.253,-4.8378,1.3525
-0.11015,0.78526,0.42297,0.43856,20.226,-4.8208,1.3675
-0.10851,0.78492,0.42318,0.43937,20.199,-4.8035,1.3827
-0.10687,0.78458,0.42339,0.44017,20.172,-4.786,1.3983
-0.10523,0.78424,0.4236,0.44098,20.144,-4.7681,1.4141
-0.10359,0.78389,0.4238,0.44178,20.117,-4.75,1.4302
-0.10195,0.78354,0.42401,0.44259,20.09,-4.7317,1.4464
-0.10031,0.78319,0.42421,0.44339,20.062,-4.713,1.4627
-0.09867,0.78284,0.42441,0.44419,20.035,-4.6941,1.4791
-0.097028,0.78248,0.42461,0.44499,20.007,-4.6749,1.4956
-0.095386,0.78212,0.42481,0.44578,19.98,-4.6554,1.5121
-0.093744,0.78176,0.42501,0.44658,19.952,-4.6357,1.5286
-0.092101,0.78139,0.4252,0.44737,19.925,-4.6157,1.545
-0.090458,0.78103,0.4254,0.44816,19.897,-4.5955,1.5613
-0.088815,0.78066,0.42559,0.44896,19.87,-4.575,1.5774
-0.087171,0.78028,0.42578,0.44974,19.843,-4.5542,1.5933
-0.085527,0.77991,0.42597,0.45053,19.816,-4.5332,1.609
-0.083883,0.77953,0.42616,0.45132,19.789,-4.5119,1.6245
-0.082238,0.77915,0.42635,0.4521,19.762,-4.4904,1.6396
-0.080593,0.77876,0.42653,0.45288,19.735,-4.4686,1.6544
-0.078948,0.77838,0.42672,0.45367,19.708,-4.4466,1.6687
-0.077303,0.77799,0.4269,0.45445,19.682,-4.4243,1.6827
-0.075657,0.77759,0.42708,0.45522,19.656,-4.4018,1.6962
-0.074011,0.7772,0.42726,0.456,19.63,-4.379,1.7092
-0.072365,0.7768,0.42743,0.45677,19.604,-4.3561,1.7217
-0.070718,0.7764,0.42761,0.45755,19.578,-4.3328,1.7337
-0.069072,0.776,0.42779,0.45832,19.553,-4.3094,1.745
-0.067425,0.77559,0.42796,0.45909,19.528,-4.2857,1.7558
-0.065778,0.77518,0.42813,0.45986,19.503,-4.2618,1.7659
-0.06413,0.77477,0.4283,0.46062,19.479,-4.2376,1.7753
-0.062483,0.77436,0.42847,0.46139,19.455,-4.2133,1.784
-0.060835,0.77394,0.42864,0.46215,19.431,-4.1887,1.7921
-0.059187,0.77352,0.4288,0.46291,19.408,-4.1639,1.7994
-0.057538,0.7731,0.42897,0.46367,19.385,-4.1388,1.806
-0.05589,0.77267,0.42913,0.46443,19.362,-4.1136,1.8118
-0.054241,0.77225,0.42929,0.46519,19.34,-4.0882,1.8168
-0.052592,0.77182,0.42945,0.46595,19.318,-4.0625,1.821
-0.050943,0.77138,0.42961,0.4667,19.297,-4.0366,1.8244
-0.049294,0.77095,0.42976,0.46745,19.276,-4.0106,1.827
-0.047645,0.77051,0.42992,0.4682,19.256,-3.9843,1.8288
-0.045995,0.77007,0.43007,0.46895,19.236,-3.9578,1.8298
-0.044345,0.76963,0.43023,0.4697,19.216,-3.9312,1.83
-0.042695,0.76918,0.43038,0.47044,19.197,-3.9043,1.8293
-0.041045,0.76873,0.43053,0.47119,19.178,-3.8773,1.8278
-0.039395,0.76828,0.43067,0.47193,19.16,-3.85,1.8255
-0.037745,0.76782,0.43082,0.47267,19.143,-3.8226,1.8223
-0.036094,0.76737,0.43096,0.47341,19.126,-3.795,1.8184
-0.034444,0.76691,0.43111,0.47415,19.11,-3.7672,1.8137
-0.032793,0.76644,0.43125,0.47488,19.094,-3.7393,1.8081
-0.031142,0.76598,0.43139,0.47562,19.078,-3.7111,1.8019
-0.029491,0.76551,0.43153,0.47635,19.064,-3.6828,1.7948
-0.02784,0.76504,0.43166,0.47708,19.049,-3.6544,1.787
-0.026189,0.76457,0.4318,0.47781,19.036,-3.6257,1.7785
-0.024538,0.76409,0.43193,0.47854,19.023,-3.5969,1.7694
-0.022887,0.76361,0.43207,0.47926,19.011,-3.568,1.7595
-0.021235,0.76313,0.4322,0.47999,18.999,-3.5389,1.749
-0.019584,0.76265,0.43233,0.48071,18.988,-3.5096,1.7378
-0.017932,0.76216,0.43246,0.48143,18.977,-3.4802,1.7261
-0.016281,0.76167,0.43258,0.48215,18.968,-3.4506,1.7138
-0.014629,0.76118,0.43271,0.48286,18.958,-3.4209,1.701
-0.012977,0.76068,0.43283,0.48358,18.95,-3.391,1.6877
-0.011326,0.76019,0.43295,0.48429,18.942,-3.3611,1.6739
-0.0096739,0.75969,0.43307,0.48501,18.935,-3.3309,1.6596
-0.0080221,0.75918,0.43319,0.48572,18.928,-3.3007,1.645
-0.0063702,0.75868,0.43331,0.48642,18.922,-3.2703,1.63
-0.0047184,0.75817,0.43342,0.48713,18.917,-3.2397,1.6147
-0.0030665,0.75766,0.43354,0.48784,18.913,-3.2091,1.5991
-0.0014146,0.75715,0.43365,0.48854,18.909,-3.1783,1.5832
0.0002373,0.75663,0.43376,0.48924,18.906,-3.1475,1.5671
0.0018892,0.75611,0.43387,0.48994,18.903,-3.1165,1.5509
0.0035411,0.75559,0.43398,0.49064,18.902,-3.0853,1.5345
0.005193,0.75507,0.43409,0.49134,18.9,-3.0541,1.5181
0.0068448,0.75454,0.43419,0.49203,18.9,-3.0228,1.5016
0.0084967,0.75401,0.4343,0.49273,18.9,-2.9914,1.4851
0.010148,0.75348,0.4344,0.49342,18.901,-2.9599,1.4686
0.0118,0.75295,0.4345,0.49411,18.903,-2.9282,1.4523
0.013452,0.75241,0.4346,0.4948,18.905,-2.8965,1.436
0.015104,0.75187,0.4347,0.49548,18.908,-2.8647,1.4199
0.016755,0.75133,0.43479,0.49617,18.912,-2.8328,1.404
0.018407,0.75078,0.43489,0.49685,18.916,-2.8009,1.3883
0.020058,0.75023,0.43498,0.49753,18.921,-2.7688,1.373
0.02171,0.74968,0.43507,0.49821,18.927,-2.7367,1.3579
0.023361,0.74913,0.43516,0.49889,18.934,-2.7045,1.3432
0.025012,0.74858,0.43525,0.49956,18.941,-2.6722,1.3289
0.026664,0.74802,0.43534,0.50024,18.948,-2.6399,1.315
0.028315,0.74746,0.43542,0.50091,18.957,-2.6074,1.3016
0.029966,0.74689,0.43551,0.50158,18.966,-2.575,1.2886
0.031617,0.74633,0.43559,0.50225,18.975,-2.5425,1.2762
0.033267,0.74576,0.43567,0.50292,18.986,-2.5099,1.2644
0.034918,0.74519,0.43575,0.50358,18.997,-2.4773,1.2531
0.036569,0.74461,0.43583,0.50425,19.008,-2.4446,1.2425
0.038219,0.74404,0.4359,0.50491,19.021,-2.4119,1.2325
0.039869,0.74346,0.43598,0.50557,19.033,-2.3791,1.2232
0.041519,0.74288,0.43605,0.50623,19.047,-2.3463,1.2146
0.043169,0.74229,0.43612,0.50688,19.061,-2.3135,1.2066
0.044819,0.74171,0.43619,0.50754,19.075,-2.2806,1.1994
0.046469,0.74112,0.43626,0.50819,19.091,-2.2477,1.193
0.048118,0.74053,0.43633,0.50884,19.106,-2.2148,1.1873
0.049768,0.73993,0.4364,0.50949,19.123,-2.1818,1.1825
0.051417,0.73933,0.43646,0.51014,19.14,-2.1489,1.1784
0.053066,0.73873,0.43652,0.51079,19.157,-2.1159,1.1751
0.054715,0.73813,0.43658,0.51143,19.175,-2.0829,1.1726
0.056363,0.73753,0.43664,0.51207,19.193,-2.0499,1.1709
0.058012,0.73692,0.4367,0.51271,19.212,-2.0169,1.1701
0.05966,0.73631,0.43676,0.51335,19.232,-1.9839,1.1701
0.061308,0.7357,0.43681,0.51399,19.252,-1.9509,1.1709
0.062956,0.73508,0.43687,0.51463,19.272,-1.9179,1.1725
0.064604,0.73446,0.43692,0.51526,19.293,-1.885,1.175
0.066251,0.73384,0.43697,0.51589,19.314,-1.852,1.1783
0.067898,0.73322,0.43702,0.51652,19.336,-1.819,1.1823
0.069545,0.7326,0.43706,0.51715,19.358,-1.7861,1.1872
0.071192,0.73197,0.43711,0.51777,19.381,-1.7532,1.1929
0.072838,0.73134,0.43715,0.5184,19.403,-1.7203,1.1993
0.074484,0.7307,0.4372,0.51902,19.427,-1.6874,1.2064
0.07613,0.73007,0.43724,0.51964,19.45,-1.6546,1.2143
0.077776,0.72943,0.43728,0.52026,19.474,-1.6218,1.2229
0.079421,0.72879,0.43732,0.52088,19.499,-1.589,1.2323
0.081066,0.72815,0.43735,0.52149,19.523,-1.5563,1.2422
0.082711,0.7275,0.43739,0.52211,19.548,-1.5236,1.2529
0.084355,0.72685,0.43742,0.52272,19.573,-1.491,1.2641
0.085999,0.7262,0.43745,0.52333,19.599,-1.4584,1.2759
0.087643,0.72555,0.43748,0.52394,19.625,-1.4259,1.2883
0.089287,0.72489,0.43751,0.52454,19.651,-1.3934,1.3012
0.09093,0.72423,0.43754,0.52515,19.677,-1.361,1.3146
0.092573,0.72357,0.43757,0.52575,19.703,-1.3286,1.3285
0.094216,0.72291,0.43759,0.52635,19.73,-1.2964,1.3428
0.095858,0.72224,0.43761,0.52695,19.756,-1.2642,1.3575
0.0975,0.72157,0.43763,0.52754,19.783,-1.232,1.3726
0.099142,0.7209,0.43765,0.52814,19.81,-1.2,1.3879
0.10078,0.72023,0.43767,0.52873,19.838,-1.168,1.4036
0.10242,0.71955,0.43769,0.52932,19.865,-1.1361,1.4195
0.10406,0.71887,0.4377,0.52991,19.892,-1.1043,1.4356
0.1057,0.71819,0.43772,0.5305,19.92,-1.0726,1.4518
0.10734,0.71751,0.43773,0.53109,19.947,-1.041,1.4682
0.10898,0.71682,0.43774,0.53167,19.974,-1.0094,1.4847
0.11062,0.71613,0.43775,0.53225,20.002,-0.97801,1.5012
0.11226,0.71544,0.43776,0.53283,20.029,-0.94669,1.5177
0.1139,0.71475,0.43776,0.53341,20.057,-0.91547,1.5341
0.11554,0.71405,0.43777,0.53399,20.084,-0.88436,1.5505
0.11718,0.71335,0.43777,0.53456,20.112,-0.85335,1.5667
0.11881,0.71265,0.43777,0.53514,20.139,-0.82247,1.5828
0.12045,0.71195,0.43777,0.53571,20.166,-0.7917,1.5986
0.12209,0.71124,0.43777,0.53628,20.193,-0.76105,1.6143
0.12372,0.71053,0.43777,0.53684,20.22,-0.73053,1.6296
0.12536,0.70982,0.43776,0.53741,20.247,-0.70013,1.6446
0.12699,0.70911,0.43776,0.53797,20.274,-0.66987,1.6592
0.12863,0.70839,0.43775,0.53853,20.301,-0.63973,1.6735
0.13026,0.70767,0.43774,0.53909,20.327,-0.60974,1.6873
0.13189,0.70695,0.43773,0.53965,20.353,-0.57988,1.7006
0.13353,0.70623,0.43771,0.54021,20.379,-0.55016,1.7135
0.13516,0.7055,0.4377,0.54076,20.405,-0.52059,1.7258
0.13679,0.70477,0.43769,0.54131,20.43,-0.49117,1.7375
0.13842,0.70404,0.43767,0.54186,20.455,-0.46189,1.7487
0.14005,0.70331,0.43765,0.54241,20.48,-0.43277,1.7592
0.14169,0.70257,0.43763,0.54296,20.505,-0.40381,1.7691
0.14332,0.70183,0.43761,0.5435,20.529,-0.37501,1.7783
0.14495,0.70109,0.43758,0.54404,20.553,-0.34637,1.7868
0.14657,0.70035,0.43756,0.54458,20.577,-0.31789,1.7946
0.1482,0.6996,0.43753,0.54512,20.6,-0.28959,1.8017
0.14983,0.69885,0.43751,0.54566,20.623,-0.26145,1.808
0.15146,0.6981,0.43748,0.54619,20.645,-0.23349,1.8135
0.15309,0.69735,0.43745,0.54673,20.667,-0.20571,1.8183
0.15471,0.69659,0.43741,0.54726,20.689,-0.1781,1.8222
0.15634,0.69583,0.43738,0.54779,20.71,-0.15068,1.8254
0.15796,0.69507,0.43734,0.54831,20.731,-0.12344,1.8277
0.15959,0.69431,0.43731,0.54884,20.751,-0.096388,1.8293
0.16121,0.69355,0.43727,0.54936,20.771,-0.069527,1.83
0.16284,0.69278,0.43723,0.54988,20.79,-0.04286,1.8298
0.16446,0.69201,0.43719,0.5504,20.809,-0.016389,1.8289
0.16608,0.69124,0.43714,0.55092,20.828,0.0098847,1.8271
0.16771,0.69046,0.4371,0.55144,20.846,0.035957,1.8245
0.16933,0.68968,0.43705,0.55195,20.863,0.061826,1.8211
0.17095,0.6889,0.43701,0.55246,20.88,0.087488,1.8169
0.17257,0.68812,0.43696,0.55297,20.896,0.11294,1.8119
0.17419,0.68734,0.43691,0.55348,20.912,0.13818,1.8061
0.17581,0.68655,0.43685,0.55399,20.927,0.16321,1.7996
0.17743,0.68576,0.4368,0.55449,20.941,0.18803,1.7923
0.17904,0.68497,0.43674,0.55499,20.955,0.21262,1.7843
0.18066,0.68417,0.43669,0.55549,20.968,0.23699,1.7755
0.18228,0.68338,0.43663,0.55599,20.981,0.26114,1.7661
0.18389,0.68258,0.43657,0.55649,20.993,0.28506,1.756
0.18551,0.68178,0.43651,0.55698,21.005,0.30876,1.7453
0.18712,0.68097,0.43645,0.55747,21.016,0.33222,1.734
0.18874,0.68016,0.43638,0.55797,21.026,0.35545,1.722
0.19035,0.67936,0.43631,0.55845,21.036,0.37844,1.7096
0.19196,0.67855,0.43625,0.55894,21.044,0.4012,1.6966
0.19358,0.67773,0.43618,0.55943,21.053,0.42372,1.6831
0.19519,0.67692,0.43611,0.55991,21.06,0.44599,1.6691
0.1968,0.6761,0.43604,0.56039,21.067,0.46802,1.6547
0.19841,0.67528,0.43596,0.56087,21.074,0.4898,1.64
0.20002,0.67445,0.43589,0.56134,21.079,0.51134,1.6249
0.20163,0.67363,0.43581,0.56182,21.084,0.53262,1.6094
0.20323,0.6728,0.43573,0.56229,21.089,0.55365,1.5937
0.20484,0.67197,0.43565,0.56276,21.092,0.57442,1.5778
0.20645,0.67114,0.43557,0.56323,21.095,0.59494,1.5617
0.20805,0.6703,0.43549,0.5637,21.097,0.61519,1.5454
0.20966,0.66947,0.4354,0.56416,21.099,0.63519,1.529
0.21126,0.66863,0.43532,0.56463,21.1,0.65492,1.5126
0.21287,0.66779,0.43523,0.56509,21.1,0.67439,1.4961
0.21447,0.66694,0.43514,0.56555,21.099,0.69359,1.4796
0.21607,0.6661,0.43505,0.566,21.098,0.71252,1.4631
0.21767,0.66525,0.43496,0.56646,21.096,0.73118,1.4468
0.21927,0.6644,0.43487,0.56691,21.094,0.74956,1.4306
0.22087,0.66354,0.43477,0.56736,21.091,0.76767,1.4145
0.22247,0.66269,0.43467,0.56781,21.087,0.7855,1.3987
0.22407,0.66183,0.43458,0.56826,21.082,0.80306,1.3831
0.22567,0.66097,0.43448,0.5687,21.077,0.82033,1.3679
0.22726,0.66011,0.43438,0.56915,21.071,0.83733,1.3529
0.22886,0.65924,0.43427,0.56959,21.064,0.85404,1.3383
0.23045,0.65837,0.43417,0.57003,21.057,0.87046,1.3242
0.23205,0.6575,0.43406,0.57046,21.049,0.8866,1.3104
0.23364,0.65663,0.43396,0.5709,21.04,0.90244,1.2972
0.23524,0.65576,0.43385,0.57133,21.031,0.918,1.2844
0.23683,0.65488,0.43374,0.57176,21.021,0.93327,1.2722
0.23842,0.654,0.43363,0.57219,21.011,0.94824,1.2605
0.24001,0.65312,0.43351,0.57262,20.999,0.96292,1.2495
0.2416,0.65224,0.4334,0.57305,20.988,0.9773,1.2391
0.24319,0.65135,0.43328,0.57347,20.975,0.99138,1.2293
0.24477,0.65047,0.43316,0.57389,20.962,1.0052,1.2202
0.24636,0.64957,0.43305,0.57431,20.949,1.0186,1.2118
0.24795,0.64868,0.43292,0.57473,20.934,1.0318,1.2041
0.24953,0.64779,0.4328,0.57514,20.92,1.0447,1.1972
0.25111,0.64689,0.43268,0.57555,20.904,1.0573,1.191
0.2527,0.64599,0.43255,0.57597,20.888,1.0696,1.1856
0.25428,0.64509,0.43243,0.57637,20.872,1.0815,1.181
0.25586,0.64419,0.4323,0.57678,20.855,1.0932,1.1772
0.25744,0.64328,0.43217,0.57719,20.837,1.1045,1.1742
0.25902,0.64237,0.43204,0.57759,20.819,1.1155,1.172
0.2606,0.64146,0.4319,0.57799,20.8,1.1263,1.1706
0.26218,0.64055,0.43177,0.57839,20.781,1.1367,1.17
0.26376,0.63963,0.43163,0.57879,20.762,1.1468,1.1703
0.26533,0.63872,0.4315,0.57918,20.742,1.1566,1.1714
0.26691,0.6378,0.43136,0.57957,20.721,1.166,1.1733
0.26848,0.63688,0.43122,0.57997,20.7,1.1752,1.176
0.27005,0.63595,0.43107,0.58035,20.679,1.184,1.1795
0.27163,0.63503,0.43093,0.58074,20.657,1.1925,1.1839
0.2732,0.6341,0.43079,0.58113,20.634,1.2007,1.189
0.27477,0.63317,0.43064,0.58151,20.612,1.2086,1.1949
0.27634,0.63223,0.43049,0.58189,20.589,1.2161,1.2016
0.27791,0.6313,0.43034,0.58227,20.565,1.2234,1.209
0.27947,0.63036,0.43019,0.58264,20.542,1.2303,1.2172
0.28104,0.62942,0.43004,0.58302,20.518,1.2369,1.226
0.28261,0.62848,0.42988,0.58339,20.493,1.2431,1.2355
0.28417,0.62754,0.42973,0.58376,20.468,1.2491,1.2457
0.28573,0.62659,0.42957,0.58413,20.443,1.2547,1.2566
0.2873,0.62564,0.42941,0.5845,20.418,1.26,1.268
0.28886,0.62469,0.42925,0.58486,20.392,1.2649,1.28
0.29042,0.62374,0.42909,0.58522,20.367,1.2696,1.2926
0.29198,0.62278,0.42893,0.58558,20.341,1.2739,1.3057
0.29354,0.62183,0.42876,0.58594,20.314,1.2779,1.3193
0.29509,0.62087,0.4286,0.5863,20.288,1.2815,1.3333
0.29665,0.61991,0.42843,0.58665,20.261,1.2848,1.3477
0.29821,0.61894,0.42826,0.587,20.234,1.2878,1.3625
0.29976,0.61798,0.42809,0.58735,20.208,1.2905,1.3777
0.30131,0.61701,0.42792,0.5877,20.18,1.2928,1.3932
0.30287,0.61604,0.42775,0.58805,20.153,1.2948,1.4089
0.30442,0.61507,0.42757,0.58839,20.126,1.2965,1.4249
0.30597,0.61409,0.42739,0.58873,20.099,1.2979,1.441
0.30752,0.61312,0.42722,0.58907,20.071,1.2989,1.4573
0.30906,0.61214,0.42704,0.58941,20.044,1.2996,1.4737
0.31061,0.61116,0.42686,0.58975,20.016,1.2999,1.4902
0.31216,0.61017,0.42667,0.59008,19.989,1.3,1.5067
0.3137,0.60919,0.42649,0.59041,19.961,1.2997,1.5232
0.31524,0.6082,0.4263,0.59074,19.934,1.299,1.5396
0.31679,0.60721,0.42612,0.59107,19.906,1.2981,1.5559
0.31833,0.60622,0.42593,0.59139,19.879,1.2968,1.5721
0.31987,0.60523,0.42574,0.59172,19.852,1.2952,1.5881
0.32141,0.60423,0.42555,0.59204,19.825,1.2932,1.6039
0.32295,0.60323,0.42535,0.59236,19.797,1.291,1.6194
0.32448,0.60224,0.42516,0.59267,19.77,1.2883,1.6347
0.32602,0.60123,0.42496,0.59299,19.744,1.2854,1.6496
0.32755,0.60023,0.42477,0.5933,19.717,1.2821,1.6641
0.32909,0.59922,0.42457,0.59361,19.691,1.2786,1.6782
0.33062,0.59821,0.42437,0.59392,19.664,1.2746,1.6918
0.33215,0.5972,0.42417,0.59423,19.638,1.2704,1.705
0.33368,0.59619,0.42396,0.59453,19.612,1.2658,1.7177
0.33521,0.59518,0.42376,0.59484,19.587,1.2609,1.7298
0.33674,0.59416,0.42355,0.59514,19.561,1.2557,1.7414
0.33826,0.59314,0.42334,0.59543,19.536,1.2501,1.7523
0.33979,0.59212,0.42313,0.59573,19.511,1.2443,1.7626
0.34131,0.5911,0.42292,0.59602,19.487,1.238,1.7723
0.34283,0.59007,0.42271,0.59632,19.463,1.2315,1.7813
0.34436,0.58905,0.4225,0.59661,19.439,1.2247,1.7895
0.34588,0.58802,0.42228,0.59689,19.416,1.2175,1.7971
0.3474,0.58699,0.42207,0.59718,19.392,1.21,1.8039
0.34891,0.58595,0.42185,0.59746,19.37,1.2022,1.8099
0.35043,0.58492,0.42163,0.59775,19.347,1.1941,1.8152
0.35195,0.58388,0.42141,0.59802,19.325,1.1856,1.8197
0.35346,0.58284,0.42118,0.5983,19.304,1.1768,1.8234
0.35497,0.5818,0.42096,0.59858,19.283,1.1677,1.8263
0.35649,0.58076,0.42073,0.59885,19.262,1.1583,1.8283
0.358,0.57971,0.42051,0.59912,19.242,1.1486,1.8296
0.35951,0.57866,0.42028,0.59939,19.222,1.1386,1.83
0.36101,0.57761,0.42005,0.59966,19.203,1.1282,1.8296
0.36252,0.57656,0.41982,0.59992,19.184,1.1176,1.8284
0.36403,0.57551,0.41958,0.60019,19.166,1.1066,1.8263
0.36553,0.57445,0.41935,0.60045,19.149,1.0953,1.8235
0.36703,0.5734,0.41911,0.6007,19.131,1.0837,1.8198
0.36854,0.57234,0.41888,0.60096,19.115,1.0718,1.8153
0.37004,0.57128,0.41864,0.60122,19.099,1.0596,1.81
0.37154,0.57021,0.4184,0.60147,19.083,1.0471,1.804
0.37303,0.56915,0.41816,0.60172,19.068,1.0342,1.7972
0.37453,0.56808,0.41791,0.60197,19.054,1.0211,1.7897
0.37603,0.56701,0.41767,0.60221,19.04,1.0077,1.7814
0.37752,0.56594,0.41742,0.60245,19.027,0.99396,1.7724
0.37901,0.56486,0.41718,0.6027,19.015,0.97993,1.7628
0.3805,0.56379,0.41693,0.60294,19.003,0.9656,1.7525
0.38199,0.56271,0.41668,0.60317,18.991,0.95098,1.7416
0.38348,0.56163,0.41642,0.60341,18.981,0.93606,1.73
0.38497,0.56055,0.41617,0.60364,18.971,0.92085,1.7179
0.38646,0.55947,0.41592,0.60387,18.961,0.90535,1.7052
0.38794,0.55838,0.41566,0.6041,18.953,0.88955,1.6921
0.38942,0.55729,0.4154,0.60433,18.945,0.87347,1.6784
0.3909,0.55621,0.41514,0.60455,18.937,0.8571,1.6643
0.39239,0.55511,0.41488,0.60478,18.93,0.84044,1.6498
0.39386,0.55402,0.41462,0.605,18.924,0.8235,1.6349
0.39534,0.55293,0.41436,0.60522,18.919,0.80628,1.6197
0.39682,0.55183,0.41409,0.60543,18.914,0.78878,1.6042
0.39829,0.55073,0.41382,0.60565,18.91,0.771,1.5884
0.39977,0.54963,0.41356,0.60586,18.907,0.75294,1.5724
0.40124,0.54853,0.41329,0.60607,18.904,0.7346,1.5562
0.40271,0.54742,0.41302,0.60628,18.902,0.71599,1.5399
0.40418,0.54632,0.41274,0.60648,18.901,0.69712,1.5235
0.40565,0.54521,0.41247,0.60669,18.9,0.67797,1.507
0.40711,0.5441,0.4122,0.60689,18.9,0.65855,1.4905
0.40858,0.54298,0.41192,0.60709,18.901,0.63887,1.474
0.41004,0.54187,0.41164,0.60728,18.902,0.61892,1.4576
0.41151,0.54075,0.41136,0.60748,18.904,0.59871,1.4413
0.41297,0.53964,0.41108,0.60767,18.907,0.57824,1.4252
0.41443,0.53852,0.4108,0.60786,18.911,0.55752,1.4092
0.41588,0.53739,0.41052,0.60805,18.915,0.53653,1.3934
0.41734,0.53627,0.41023,0.60824,18.92,0.5153,1.378
0.41879,0.53515,0.40994,0.60842,18.925,0.49381,1.3628
0.42025,0.53402,0.40966,0.6086,18.931,0.47207,1.348
0.4217,0.53289,0.40937,0.60878,18.938,0.45009,1.3335
0.42315,0.53176,0.40907,0.60896,18.946,0.42786,1.3195
0.4246,0.53062,0.40878,0.60914,18.954,0.40539,1.3059
0.42605,0.52949,0.40849,0.60931,18.963,0.38268,1.2928
0.42749,0.52835,0.40819,0.60948,18.972,0.35973,1.2802
0.42894,0.52721,0.4079,0.60965,18.982,0.33654,1.2682
0.43038,0.52607,0.4076,0.60982,18.993,0.31312,1.2568
0.43182,0.52493,0.4073,0.60999,19.004,0.28947,1.2459
0.43326,0.52379,0.407,0.61015,19.016,0.26559,1.2357
0.4347,0.52264,0.4067,0.61031,19.029,0.24148,1.2262
0.43614,0.52149,0.40639,0.61047,19.042,0.21715,1.2173
0.43757,0.52034,0.40609,0.61063,19.056,0.1926,1.2091
0.43901,0.51919,0.40578,0.61078,19.071,0.16783,1.2017
0.44044,0.51804,0.40547,0.61093,19.086,0.14284,1.195
0.44187,0.51688,0.40516,0.61108,19.101,0.11764,1.1891
0.4433,0.51573,0.40485,0.61123,19.117,0.092221,1.184
0.44473,0.51457,0.40454,0.61138,19.134,0.066597,1.1796
0.44616,0.51341,0.40423,0.61152,19.151,0.040766,1.1761
0.44758,0.51225,0.40391,0.61166,19.169,0.014731,1.1733
0.449,0.51108,0.40359,0.6118,19.187,-0.011505,1.1714
0.45043,0.50992,0.40328,0.61194,19.206,-0.03794,1.1703
0.45185,0.50875,0.40296,0.61207,19.225,-0.064571,1.17
0.45326,0.50758,0.40264,0.61221,19.245,-0.091396,1.1706
0.45468,0.50641,0.40231,0.61234,19.265,-0.11841,1.1719
0.4561,0.50524,0.40199,0.61247,19.286,-0.14562,1.1741
0.45751,0.50406,0.40167,0.61259,19.307,-0.173,1.1771
0.45892,0.50288,0.40134,0.61272,19.329,-0.20058,1.1809
0.46033,0.50171,0.40101,0.61284,19.351,-0.22833,1.1855
0.46174,0.50053,0.40068,0.61296,19.373,-0.25626,1.1909
0.46315,0.49934,0.40035,0.61308,19.396,-0.28436,1.1971
0.46455,0.49816,0.40002,0.6132,19.419,-0.31264,1.204
0.46596,0.49698,0.39969,0.61331,19.443,-0.34108,1.2117
0.46736,0.49579,0.39935,0.61342,19.466,-0.36969,1.2201
0.46876,0.4946,0.39901,0.61353,19.491,-0.39846,1.2291
0.47016,0.49341,0.39868,0.61364,19.515,-0.42739,1.2389
0.47156,0.49222,0.39834,0.61374,19.54,-0.45648,1.2493
0.47295,0.49102,0.398,0.61385,19.565,-0.48573,1.2603
0.47435,0.48983,0.39766,0.61395,19.591,-0.51513,1.272
0.47574,0.48863,0.39731,0.61405,19.616,-0.54467,1.2842
0.47713,0.48743,0.39697,0.61414,19.642,-0.57436,1.2969
0.47852,0.48623,0.39662,0.61424,19.668,-0.60419,1.3102
0.47991,0.48503,0.39628,0.61433,19.695,-0.63416,1.3239
0.48129,0.48383,0.39593,0.61442,19.721,-0.66427,1.3381
0.48268,0.48262,0.39558,0.61451,19.748,-0.69451,1.3527
0.48406,0.48141,0.39522,0.6146,19.775,-0.72489,1.3676
0.48544,0.4802,0.39487,0.61468,19.802,-0.75539,1.3829
0.48682,0.47899,0.39452,0.61476,19.829,-0.78601,1.3984
0.4882,0.47778,0.39416,0.61484,19.856,-0.81676,1.4143
0.48957,0.47656,0.3938,0.61492,19.883,-0.84762,1.4303
0.49095,0.47535,0.39345,0.61499,19.911,-0.8786,1.4465
0.49232,0.47413,0.39309,0.61507,19.938,-0.90969,1.4628
0.49369,0.47291,0.39273,0.61514,19.965,-0.94089,1.4793
0.49506,0.47169,0.39236,0.61521,19.993,-0.9722,1.4958
0.49642,0.47047,0.392,0.61527,20.02,-1.0036,1.5123
0.49779,0.46924,0.39163,0.61534,20.048,-1.0351,1.5287
0.49915,0.46802,0.39127,0.6154,20.075,-1.0667,1.5451
0.50051,0.46679,0.3909,0.61546,20.103,-1.0984,1.5614
0.50187,0.46556,0.39053,0.61552,20.13,-1.1302,1.5775
0.50323,0.46433,0.39016,0.61557,20.157,-1.1621,1.5935
0.50459,0.4631,0.38979,0.61563,20.185,-1.194,1.6092
0.50594,0.46187,0.38941,0.61568,20.212,-1.2261,1.6246
0.5073,0.46063,0.38904,0.61573,20.239,-1.2582,1.6397
0.50865,0.45939,0.38866,0.61577,20.265,-1.2904,1.6545
0.51,0.45815,0.38828,0.61582,20.292,-1.3227,1.6689
0.51134,0.45691,0.38791,0.61586,20.318,-1.355,1.6828
0.51269,0.45567,0.38753,0.6159,20.345,-1.3874,1.6963
0.51403,0.45443,0.38714,0.61594,20.371,-1.4198,1.7093
0.51538,0.45318,0.38676,0.61598,20.396,-1.4524,1.7218
0.51672,0.45194,0.38638,0.61601,20.422,-1.4849,1.7338
0.51806,0.45069,0.38599,0.61604,20.447,-1.5175,1.7451
0.51939,0.44944,0.3856,0.61607,20.472,-1.5502,1.7558
0.52073,0.44819,0.38522,0.6161,20.497,-1.5829,1.7659
0.52206,0.44693,0.38483,0.61613,20.521,-1.6157,1.7754
0.52339,0.44568,0.38443,0.61615,20.545,-1.6485,1.7841
0.52472,0.44442,0.38404,0.61617,20.569,-1.6813,1.7922
0.52605,0.44316,0.38365,0.61619,20.592,-1.7142,1.7995
0.52737,0.44191,0.38325,0.61621,20.615,-1.7471,1.806
0.5287,0.44064,0.38286,0.61622,20.638,-1.78,1.8118
0.53002,0.43938,0.38246,0.61624,20.66,-1.8129,1.8168
0.53134,0.43812,0.38206,0.61625,20.682,-1.8459,1.821
0.53266,0.43685,0.38166,0.61625,20.703,-1.8788,1.8245
0.53398,0.43559,0.38126,0.61626,20.724,-1.9118,1.8271
0.53529,0.43432,0.38085,0.61626,20.745,-1.9448,1.8288
0.5366,0.43305,0.38045,0.61627,20.765,-1.9778,1.8298
0.53791,0.43178,0.38004,0.61627,20.784,-2.0108,1.83
0.53922,0.4305,0.37964,0.61626,20.803,-2.0438,1.8293
0.54053,0.42923,0.37923,0.61626,20.822,-2.0768,1.8278
0.54184,0.42795,0.37882,0.61625,20.84,-2.1098,1.8254
0.54314,0.42667,0.37841,0.61624,20.857,-2.1428,1.8223
0.54444,0.4254,0.37799,0.61623,20.874,-2.1757,1.8184
0.54574,0.42412,0.37758,0.61622,20.891,-2.2087,1.8136
0.54704,0.42283,0.37717,0.6162,20.906,-2.2416,1.8081
0.54833,0.42155,0.37675,0.61619,20.922,-2.2745,1.8018
0.54963,0.42026,0.37633,0.61617,20.937,-2.3074,1.7948
0.55092,0.41898,0.37591,0.61615,20.951,-2.3402,1.787
0.55221,0.41769,0.37549,0.61612,20.964,-2.373,1.7785
0.5535,0.4164,0.37507,0.6161,20.977,-2.4058,1.7693
0.55478,0.41511,0.37465,0.61607,20.989,-2.4385,1.7594
0.55607,0.41382,0.37422,0.61604,21.001,-2.4712,1.7489
0.55735,0.41252,0.3738,0.616,21.012,-2.5038,1.7377
0.55863,0.41123,0.37337,0.61597,21.023,-2.5364,1.726
0.55991,0.40993,0.37294,0.61593,21.032,-2.569,1.7137
0.56118,0.40863,0.37251,0.61589,21.042,-2.6014,1.7009
0.56246,0.40733,0.37208,0.61585,21.05,-2.6339,1.6875
0.56373,0.40603,0.37165,0.61581,21.058,-2.6662,1.6737
0.565,0.40473,0.37122,0.61576,21.065,-2.6985,1.6595
0.56627,0.40343,0.37078,0.61572,21.072,-2.7307,1.6448
0.56754,0.40212,0.37035,0.61567,21.078,-2.7629,1.6298
0.5688,0.40082,0.36991,0.61561,21.083,-2.7949,1.6145
0.57006,0.39951,0.36947,0.61556,21.087,-2.8269,1.5989
0.57132,0.3982,0.36903,0.6155,21.091,-2.8588,1.5831
0.57258,0.39689,0.36859,0.61544,21.094,-2.8906,1.567
0.57384,0.39558,0.36815,0.61538,21.097,-2.9224,1.5508
0.57509,0.39426,0.3677,0.61532,21.099,-2.954,1.5344
0.57635,0.39295,0.36726,0.61526,21.1,-2.9855,1.5179
0.5776,0.39163,0.36681,0.61519,21.1,-3.017,1.5015
0.57884,0.39031,0.36636,0.61512,21.1,-3.0483,1.485
0.58009,0.38899,0.36591,0.61505,21.099,-3.0796,1.4685
0.58134,0.38767,0.36546,0.61497,21.097,-3.1107,1.4521
0.58258,0.38635,0.36501,0.6149,21.095,-3.1417,1.4359
0.58382,0.38503,0.36456,0.61482,21.092,-3.1726,1.4198
0.58506,0.3837,0.36411,0.61474,21.088,-3.2034,1.4039
0.58629,0.38238,0.36365,0.61466,21.084,-3.2341,1.3882
0.58753,0.38105,0.36319,0.61457,21.079,-3.2646,1.3728
0.58876,0.37972,0.36274,0.61449,21.073,-3.295,1.3578
0.58999,0.37839,0.36228,0.6144,21.066,-3.3253,1.3431
0.59122,0.37706,0.36182,0.61431,21.059,-3.3555,1.3288
0.59244,0.37573,0.36135,0.61422,21.052,-3.3855,1.3149
0.59367,0.3744,0.36089,0.61412,21.043,-3.4154,1.3014
0.59489,0.37306,0.36043,0.61402,21.034,-3.4451,1.2885
0.59611,0.37172,0.35996,0.61392,21.024,-3.4747,1.2761
0.59733,0.37039,0.35949,0.61382,21.014,-3.5042,1.2643
0.59854,0.36905,0.35903,0.61372,21.003,-3.5335,1.253
0.59975,0.36771,0.35856,0.61361,20.992,-3.5626,1.2424
0.60097,0.36637,0.35809,0.61351,20.979,-3.5916,1.2324
0.60218,0.36502,0.35762,0.6134,20.967,-3.6204,1.2231
0.60338,0.36368,0.35714,0.61328,20.953,-3.6491,1.2145
0.60459,0.36233,0.35667,0.61317,20.939,-3.6776,1.2066
0.60579,0.36099,0.35619,0.61305,20.924,-3.7059,1.1994
0.60699,0.35964,0.35572,0.61293,20.909,-3.7341,1.193
0.60819,0.35829,0.35524,0.61281,20.893,-3.7621,1.1873
0.60939,0.35694,0.35476,0.61269,20.877,-3.7899,1.1824
0.61058,0.35559,0.35428,0.61256,20.86,-3.8175,1.1783
0.61177,0.35424,0.3538,0.61244,20.843,-3.845,1.1751
0.61296,0.35288,0.35331,0.61231,20.825,-3.8722,1.1726
0.61415,0.35153,0.35283,0.61218,20.807,-3.8993,1.1709
0.61534,0.35017,0.35234,0.61204,20.788,-3.9262,1.1701
0.61652,0.34881,0.35186,0.61191,20.768,-3.9529,1.1701
0.6177,0.34745,0.35137,0.61177,20.748,-3.9794,1.1709
0.61888,0.34609,0.35088,0.61163,20.728,-4.0057,1.1726
0.62006,0.34473,0.35039,0.61149,20.707,-4.0318,1.175
0.62123,0.34337,0.3499,0.61134,20.686,-4.0577,1.1783
0.62241,0.342,0.34941,0.6112,20.664,-4.0834,1.1824
0.62358,0.34064,0.34891,0.61105,20.642,-4.1089,1.1873
0.62474,0.33927,0.34842,0.6109,20.619,-4.1342,1.1929
0.62591,0.33791,0.34792,0.61074,20.596,-4.1592,1.1993
0.62708,0.33654,0.34742,0.61059,20.573,-4.1841,1.2065
0.62824,0.33517,0.34692,0.61043,20.549,-4.2087,1.2144
0.6294,0.3338,0.34642,0.61027,20.525,-4.2331,1.223
0.63055,0.33242,0.34592,0.61011,20.501,-4.2573,1.2323
0.63171,0.33105,0.34542,0.60995,20.476,-4.2813,1.2423
0.63286,0.32968,0.34492,0.60978,20.452,-4.305,1.2529
0.63401,0.3283,0.34441,0.60961,20.426,-4.3285,1.2642
0.63516,0.32692,0.3439,0.60944,20.401,-4.3518,1.276
0.63631,0.32555,0.3434,0.60927,20.375,-4.3748,1.2884
0.63745,0.32417,0.34289,0.6091,20.349,-4.3976,1.3013
0.63859,0.32279,0.34238,0.60892,20.323,-4.4201,1.3148
0.63973,0.3214,0.34187,0.60874,20.297,-4.4425,1.3286
0.64087,0.32002,0.34136,0.60856,20.27,-4.4645,1.3429
0.64201,0.31864,0.34084,0.60838,20.243,-4.4863,1.3577
0.64314,0.31725,0.34033,0.60819,20.216,-4.5079,1.3727
0.64427,0.31587,0.33981,0.60801,20.189,-4.5292,1.3881
0.6454,0.31448,0.3393,0.60782,20.162,-4.5503,1.4037
0.64653,0.31309,0.33878,0.60763,20.135,-4.5711,1.4196
0.64765,0.3117,0.33826,0.60743,20.108,-4.5917,1.4357
0.64877,0.31031,0.33774,0.60724,20.08,-4.612,1.452
0.64989,0.30892,0.33722,0.60704,20.053,-4.632,1.4684
0.65101,0.30753,0.33669,0.60684,20.025,-4.6518,1.4848
0.65212,0.30614,0.33617,0.60664,19.998,-4.6713,1.5013
0.65323,0.30474,0.33564,0.60643,19.97,-4.6905,1.5178
0.65434,0.30335,0.33512,0.60623,19.943,-4.7095,1.5343
0.65545,0.30195,0.33459,0.60602,19.915,-4.7282,1.5506
0.65656,0.30055,0.33406,0.60581,19.888,-4.7467,1.5669
0.65766,0.29915,0.33353,0.60559,19.861,-4.7648,1.5829
0.65876,0.29775,0.333,0.60538,19.833,-4.7827,1.5988
0.65986,0.29635,0.33247,0.60516,19.806,-4.8003,1.6144
0.66096,0.29495,0.33193,0.60494,19.779,-4.8176,1.6297
0.66205,0.29355,0.3314,0.60472,19.752,-4.8346,1.6447
0.66314,0.29214,0.33086,0.6045,19.726,-4.8514,1.6594
0.66423,0.29074,0.33033,0.60428,19.699,-4.8679,1.6736
0.66532,0.28933,0.32979,0.60405,19.673,-4.884,1.6874
0.66641,0.28793,0.32925,0.60382,19.647,-4.8999,1.7008
0.66749,0.28652,0.32871,0.60359,19.621,-4.9155,1.7136
0.66857,0.28511,0.32817,0.60335,19.595,-4.9309,1.7259
0.66965,0.2837,0.32763,0.60312,19.57,-4.9459,1.7376
0.67072,0.28229,0.32708,0.60288,19.544,-4.9606,1.7488
0.6718,0.28088,0.32654,0.60264,19.52,-4.975,1.7593
0.67287,0.27946,0.32599,0.6024,19.495,-4.9892,1.7692
0.67393,0.27805,0.32544,0.60215,19.471,-5.003,1.7784
0.675,0.27663,0.3249,0.60191,19.447,-5.0165,1.7869
0.67606,0.27522,0.32435,0.60166,19.423,-5.0298,1.7947
0.67713,0.2738,0.32379,0.60141,19.4,-5.0427,1.8017
0.67818,0.27238,0.32324,0.60115,19.377,-5.0553,1.808
0.67924,0.27096,0.32269,0.6009,19.355,-5.0676,1.8136
0.6803,0.26955,0.32214,0.60064,19.333,-5.0796,1.8183
0.68135,0.26812,0.32158,0.60038,19.311,-5.0913,1.8223
0.6824,0.2667,0.32102,0.60012,19.29,-5.1027,1.8254
0.68344,0.26528,0.32047,0.59986,19.269,-5.1138,1.8278
0.68449,0.26386,0.31991,0.59959,19.249,-5.1246,1.8293
0.68553,0.26243,0.31935,0.59933,19.229,-5.135,1.83
0.68657,0.26101,0.31879,0.59906,19.209,-5.1452,1.8298
0.68761,0.25958,0.31823,0.59879,19.191,-5.155,1.8289
0.68864,0.25815,0.31766,0.59851,19.172,-5.1645,1.8271
0.68968,0.25673,0.3171,0.59824,19.154,-5.1737,1.8245
0.69071,0.2553,0.31653,0.59796,19.137,-5.1826,1.8211
0.69173,0.25387,0.31597,0.59768,19.12,-5.1912,1.8169
0.69276,0.25244,0.3154,0.5974,19.104,-5.1994,1.8119
0.69378,0.251,0.31483,0.59711,19.088,-5.2074,1.8061
0.6948,0.24957,0.31426,0.59683,19.073,-5.215,1.7995
0.69582,0.24814,0.31369,0.59654,19.059,-5.2222,1.7922
0.69684,0.2467,0.31312,0.59625,19.045,-5.2292,1.7842
0.69785,0.24527,0.31255,0.59595,19.031,-5.2358,1.7755
0.69886,0.24383,0.31197,0.59566,19.019,-5.2422,1.766
0.69987,0.2424,0.3114,0.59536,19.007,-5.2481,1.7559
0.70088,0.24096,0.31082,0.59506,18.995,-5.2538,1.7452
0.70188,0.23952,0.31024,0.59476,18.984,-5.2591,1.7339
0.70288,0.23808,0.30967,0.59446,18.974,-5.2642,1.7219
0.70388,0.23664,0.30909,0.59416,18.964,-5.2688,1.7094
0.70488,0.2352,0.30851,0.59385,18.955,-5.2732,1.6964
0.70587,0.23376,0.30792,0.59354,18.947,-5.2772,1.6829
0.70686,0.23232,0.30734,0.59323,18.94,-5.2809,1.669
0.70785,0.23087,0.30676,0.59291,18.933,-5.2843,1.6546
0.70884,0.22943,0.30617,0.5926,18.926,-5.2874,1.6398
0.70982,0.22798,0.30559,0.59228,18.921,-5.2901,1.6247
0.7108,0.22654,0.305,0.59196,18.916,-5.2925,1.6093
0.71178,0.22509,0.30441,0.59164,18.911,-5.2945,1.5936
0.71276,0.22364,0.30382,0.59132,18.908,-5.2963,1.5777
0.71373,0.22219,0.30323,0.59099,18.905,-5.2977,1.5615
0.7147,0.22075,0.30264,0.59066,18.903,-5.2988,1.5453
0.71567,0.2193,0.30205,0.59033,18.901,-5.2995,1.5289
0.71664,0.21785,0.30146,0.59,18.9,-5.2999,1.5124
0.7176,0.21639,0.30086,0.58967,18.9,-5.3,1.4959
0.71856,0.21494,0.30027,0.58933,18.901,-5.2997,1.4794
0.71952,0.21349,0.29967,0.58899,18.902,-5.2992,1.463
0.72048,0.21204,0.29907,0.58865,18.904,-5.2983,1.4466
0.72143,0.21058,0.29847,0.58831,18.906,-5.297,1.4304
0.72238,0.20913,0.29787,0.58797,18.909,-5.2955,1.4144
0.72333,0.20767,0.29727,0.58762,18.913,-5.2936,1.3986
0.72427,0.20621,0.29667,0.58727,18.918,-5.2913,1.383
0.72522,0.20476,0.29607,0.58692,18.923,-5.2888,1.3677
0.72616,0.2033,0.29547,0.58657,18.929,-5.2859,1.3528
0.7271,0.20184,0.29486,0.58621,18.936,-5.2827,1.3382
0.72803,0.20038,0.29425,0.58586,18.943,-5.2791,1.324
0.72897,0.19892,0.29365,0.5855,18.951,-5.2753,1.3103
0.7299,0.19746,0.29304,0.58514,18.96,-5.2711,1.297
0.73083,0.196,0.29243,0.58477,18.969,-5.2666,1.2843
0.73175,0.19454,0.29182,0.58441,18.979,-5.2617,1.2721
0.73268,0.19307,0.29121,0.58404,18.99,-5.2565,1.2604
0.7336,0.19161,0.2906,0.58367,19.001,-5.251,1.2494
0.73451,0.19015,0.28998,0.5833,19.012,-5.2452,1.239
0.73543,0.18868,0.28937,0.58293,19.025,-5.2391,1.2292
0.73634,0.18722,0.28876,0.58255,19.038,-5.2326,1.2201
0.73725,0.18575,0.28814,0.58218,19.052,-5.2258,1.2117
0.73816,0.18428,0.28752,0.5818,19.066,-5.2187,1.2041
0.73907,0.18282,0.2869,0.58142,19.081,-5.2112,1.1971
0.73997,0.18135,0.28629,0.58103,19.096,-5.2035,1.191
0.74087,0.17988,0.28567,0.58065,19.112,-5.1954,1.1856
0.74177,0.17841,0.28504,0.58026,19.128,-5.187,1.181
0.74266,0.17694,0.28442,0.57987,19.146,-5.1783,1.1771
0.74355,0.17547,0.2838,0.57948,19.163,-5.1692,1.1741
0.74444,0.174,0.28317,0.57909,19.181,-5.1599,1.1719
0.74533,0.17253,0.28255,0.57869,19.2,-5.1502,1.1706
0.74621,0.17105,0.28192,0.57829,19.219,-5.1402,1.17
0.7471,0.16958,0.2813,0.57789,19.239,-5.1299,1.1703
0.74797,0.16811,0.28067,0.57749,19.259,-5.1193,1.1714
0.74885,0.16663,0.28004,0.57709,19.279,-5.1084,1.1733
0.74973,0.16516,0.27941,0.57668,19.3,-5.0971,1.176
0.7506,0.16368,0.27878,0.57628,19.322,-5.0856,1.1796
0.75147,0.16221,0.27815,0.57587,19.343,-5.0737,1.1839
0.75233,0.16073,0.27751,0.57546,19.366,-5.0615,1.1891
0.75319,0.15925,0.27688,0.57504,19.388,-5.0491,1.195
0.75406,0.15778,0.27625,0.57463,19.411,-5.0363,1.2017
0.75491,0.1563,0.27561,0.57421,19.435,-5.0232,1.2091
0.75577,0.15482,0.27497,0.57379,19.459,-5.0098,1.2172
0.75662,0.15334,0.27433,0.57337,19.483,-4.9962,1.2261
0.75747,0.15186,0.2737,0.57294,19.507,-4.9822,1.2356
0.75832,0.15038,0.27306,0.57252,19.532,-4.9679,1.2458
0.75916,0.1489,0.27242,0.57209,19.557,-4.9533,1.2567
0.76001,0.14742,0.27177,0.57166,19.582,-4.9385,1.2681
0.76085,0.14594,0.27113,0.57123,19.608,-4.9233,1.2801
0.76168,0.14445,0.27049,0.5708,19.634,-4.9078,1.2927
0.76252,0.14297,0.26984,0.57036,19.66,-4.8921,1.3058
0.76335,0.14149,0.2692,0.56992,19.686,-4.8761,1.3194
0.76418,0.14,0.26855,0.56948,19.712,-4.8597,1.3334
0.765,0.13852,0.2679,0.56904,19.739,-4.8431,1.3479
0.76583,0.13703,0.26726,0.5686,19.766,-4.8262,1.3627
0.76665,0.13555,0.26661,0.56815,19.793,-4.809,1.3778
0.76747,0.13406,0.26596,0.5677,19.82,-4.7916,1.3933
0.76828,0.13258,0.26531,0.56725,19.847,-4.7738,1.4091
0.7691,0.13109,0.26465,0.5668,19.874,-4.7558,1.425
0.76991,0.1296,0.264,0.56635,19.902,-4.7375,1.4412
0.77071,0.12812,0.26335,0.56589,19.929,-4.719,1.4575
0.77152,0.12663,0.26269,0.56544,19.956,-4.7001,1.4739
0.77232,0.12514,0.26204,0.56498,19.984,-4.681,1.4904
0.77312,0.12365,0.26138,0.56452,20.011,-4.6617,1.5069
0.77392,0.12216,0.26072,0.56405,20.039,-4.642,1.5233
0.77471,0.12067,0.26007,0.56359,20.066,-4.6221,1.5398
0.7755,0.11918,0.25941,0.56312,20.094,-4.6019,1.5561
0.77629,0.11769,0.25875,0.56265,20.121,-4.5815,1.5723
0.77708,0.1162,0.25808,0.56218,20.148,-4.5608,1.5883
0.77786,0.11471,0.25742,0.56171,20.176,-4.5399,1.6041
0.77864,0.11321,0.25676,0.56123,20.203,-4.5187,1.6196
0.77942,0.11172,0.2561,0.56075,20.23,-4.4973,1.6348
0.78019,0.11023,0.25543,0.56027,20.257,-4.4756,1.6497
0.78096,0.10874,0.25477,0.55979,20.283,-4.4536,1.6642
0.78173,0.10724,0.2541,0.55931,20.31,-4.4314,1.6783
0.7825,0.10575,0.25343,0.55882,20.336,-4.409,1.692
0.78326,0.10426,0.25276,0.55834,20.362,-4.3863,1.7051
0.78402,0.10276,0.25209,0.55785,20.388,-4.3634,1.7178
0.78478,0.10127,0.25142,0.55736,20.414,-4.3402,1.7299
0.78554,0.099771,0.25075,0.55686,20.439,-4.3169,1.7415
0.78629,0.098275,0.25008,0.55637,20.464,-4.2933,1.7524
0.78704,0.096779,0.24941,0.55587,20.489,-4.2694,1.7627
0.78779,0.095283,0.24874,0.55537,20.513,-4.2453,1.7724
0.78853,0.093786,0.24806,0.55487,20.537,-4.221,1.7813
0.78928,0.092289,0.24739,0.55437,20.561,-4.1965,1.7896
0.79001,0.090792,0.24671,0.55387,20.585,-4.1718,1.7971
0.79075,0.089294,0.24603,0.55336,20.608,-4.1468,1.804
0.79148,0.087796,0.24536,0.55285,20.631,-4.1217,1.81
0.79222,0.086298,0.24468,0.55234,20.653,-4.0963,1.8153
0.79294,0.084799,0.244,0.55183,20.675,-4.0707,1.8197
0.79367,0.083301,0.24332,0.55131,20.696,-4.0449,1.8234
0.79439,0.081801,0.24264,0.5508,20.717,-4.0189,1.8263
0.79511,0.080302,0.24195,0.55028,20.738,-3.9927,1.8284
0.79583,0.078802,0.24127,0.54976,20.758,-3.9663,1.8296
0.79654,0.077302,0.24059,0.54924,20.778,-3.9397,1.83
0.79725,0.075802,0.2399,0.54871,20.797,-3.9129,1.8296
0.79796,0.074302,0.23922,0.54819,20.816,-3.8859,1.8284
0.79867,0.072801,0.23853,0.54766,20.834,-3.8587,1.8263
0.79937,0.0713,0.23784,0.54713,20.852,-3.8314,1.8234
0.80007,0.069799,0.23715,0.5466,20.869,-3.8038,1.8197
0.80077,0.068297,0.23647,0.54607,20.885,-3.7761,1.8153
0.80146,0.066795,0.23578,0.54553,20.901,-3.7482,1.81
0.80216,0.065293,0.23509,0.54499,20.917,-3.7201,1.8039
0.80284,0.063791,0.23439,0.54445,20.932,-3.6919,1.7971
0.80353,0.062289,0.2337,0.54391,20.946,-3.6635,1.7896
0.80421,0.060786,0.23301,0.54337,20.96,-3.6349,1.7813
0.80489,0.059283,0.23232,0.54283,20.973,-3.6061,1.7724
0.80557,0.05778,0.23162,0.54228,20.985,-3.5772,1.7627
0.80625,0.056277,0.23093,0.54173,20.997,-3.5482,1.7524
0.80692,0.054773,0.23023,0.54118,21.009,-3.5189,1.7415
0.80759,0.05327,0.22953,0.54063,21.019,-3.4896,1.7299
0.80826,0.051766,0.22883,0.54007,21.029,-3.46,1.7178
0.80892,0.050262,0.22814,0.53952,21.039,-3.4304,1.7051
0.80958,0.048757,0.22744,0.53896,21.047,-3.4006,1.692
0.81024,0.047253,0.22674,0.5384,21.056,-3.3706,1.6783
0.81089,0.045749,0.22604,0.53784,21.063,-3.3405,1.6642
0.81155,0.044244,0.22533,0.53727,21.07,-3.3103,1.6497
0.81219,0.042739,0.22463,0.53671,21.076,-3.28,1.6348
0.81284,0.041234,0.22393,0.53614,21.081,-3.2495,1.6196
0.81349,0.039729,0.22322,0.53557,21.086,-3.2189,1.6041
0.81413,0.038224,0.22252,0.535,21.09,-3.1881,1.5883
0.81476,0.036718,0.22181,0.53442,21.093,-3.1573,1.5723
0.8154,0.035213,0.22111,0.53385,21.096,-3.1263,1.5561
0.81603,0.033707,0.2204,0.53327,21.098,-3.0953,1.5398
0.81666,0.032201,0.21969,0.53269,21.099,-3.0641,1.5233
0.81729,0.030695,0.21898,0.53211,21.1,-3.0328,1.5069
0.81791,0.029189,0.21827,0.53153,21.1,-3.0014,1.4904
0.81853,0.027683,0.21756,0.53095,21.099,-2.9699,1.4739
0.81915,0.026177,0.21685,0.53036,21.098,-2.9383,1.4575
0.81977,0.02467,0.21614,0.52977,21.096,-2.9066,1.4412
0.82038,0.023164,0.21543,0.52918,21.093,-2.8749,1.425
0.82099,0.021658,0.21471,0.52859,21.089,-2.843,1.4091
0.82159,0.020151,0.214,0.528,21.085,-2.811,1.3933
0.8222,0.018644,0.21329,0.5274,21.08,-2.779,1.3778
0.8228,0.017138,0.21257,0.5268,21.075,-2.7469,1.3627
0.8234,0.015631,0.21185,0.5262,21.069,-2.7147,1.3478
0.82399,0.014124,0.21114,0.5256,21.062,-2.6825,1.3334
0.82458,0.012617,0.21042,0.525,21.054,-2.6502,1.3194
0.82517,0.01111,0.2097,0.5244,21.046,-2.6178,1.3058
0.82576,0.0096035,0.20898,0.52379,21.037,-2.5853,1.2927
0.82634,0.0080965,0.20826,0.52318,21.028,-2.5528,1.2801
0.82692,0.0065895,0.20754,0.52257,21.018,-2.5203,1.2681
0.8275,0.0050825,0.20682,0.52196,21.007,-2.4876,1.2567
0.82808,0.0035755,0.2061,0.52135,20.995,-2.455,1.2458
0.82865,0.0020684,0.20537,0.52073,20.983,-2.4223,1.2356
0.82922,0.00056134,0.20465,0.52011,20.971,-2.3895,1.2261
0.82978,-0.00094572,0.20393,0.51949,20.958,-2.3567,1.2172
0.83035,-0.0024528,0.2032,0.51887,20.944,-2.3239,1.2091
0.83091,-0.0039598,0.20247,0.51825,20.929,-2.2911,1.2017
0.83146,-0.0054669,0.20175,0.51762,20.914,-2.2582,1.195
0.83202,-0.0069739,0.20102,0.517,20.899,-2.2253,1.1891
0.83257,-0.0084809,0.20029,0.51637,20.883,-2.1923,1.1839
0.83312,-0.0099878,0.19956,0.51574,20.866,-2.1594,1.1796
0.83367,-0.011495,0.19883,0.51511,20.849,-2.1264,1.176
0.83421,-0.013002,0.1981,0.51447,20.831,-2.0934,1.1733
0.83475,-0.014508,0.19737,0.51384,20.813,-2.0604,1.1714
0.83528,-0.016015,0.19664,0.5132,20.794,-2.0274,1.1703
0.83582,-0.017522,0.19591,0.51256,20.775,-1.9944,1.17
0.83635,-0.019029,0.19518,0.51192,20.755,-1.9614,1.1706
0.83688,-0.020535,0.19444,0.51128,20.735,-1.9284,1.1719
0.8374,-0.022042,0.19371,0.51063,20.714,-1.8955,1.1741
0.83793,-0.023548,0.19298,0.50999,20.693,-1.8625,1.1771
0.83845,-0.025055,0.19224,0.50934,20.671,-1.8295,1.181
0.83896,-0.026561,0.1915,0.50869,20.649,-1.7966,1.1856
0.83948,-0.028067,0.19077,0.50804,20.627,-1.7636,1.191
0.83999,-0.029573,0.19003,0.50738,20.604,-1.7307,1.1971
0.84049,-0.031079,0.18929,0.50673,20.581,-1.6979,1.2041
0.841,-0.032585,0.18855,0.50607,20.557,-1.665,1.2117
0.8415,-0.034091,0.18781,0.50541,20.533,-1.6322,1.2201
0.842,-0.035597,0.18707,0.50475,20.509,-1.5994,1.2292
0.8425,-0.037102,0.18633,0.50409,20.485,-1.5667,1.239
0.84299,-0.038607,0.18559,0.50342,20.46,-1.534,1.2494
0.84348,-0.040113,0.18485,0.50276,20.435,-1.5014,1.2604
0.84397,-0.041618,0.18411,0.50209,20.409,-1.4688,1.2721
0.84445,-0.043123,0.18336,0.50142,20.384,-1.4362,1.2843
0.84493,-0.044628,0.18262,0.50075,20.358,-1.4037,1.2971
0.84541,-0.046132,0.18187,0.50008,20.332,-1.3713,1.3103
0.84588,-0.047637,0.18113,0.4994,20.305,-1.3389,1.324
0.84636,-0.049141,0.18038,0.49873,20.279,-1.3066,1.3382
0.84683,-0.050645,0.17964,0.49805,20.252,-1.2744,1.3528
0.84729,-0.052149,0.17889,0.49737,20.225,-1.2423,1.3677
0.84776,-0.053653,0.17814,0.49669,20.198,-1.2102,1.383
0.84822,-0.055157,0.17739,0.496,20.171,-1.1782,1.3986
0.84867,-0.05666,0.17664,0.49532,20.144,-1.1463,1.4144
0.84913,-0.058163,0.17589,0.49463,20.117,-1.1144,1.4304
0.84958,-0.059666,0.17514,0.49394,20.089,-1.0827,1.4467
0.85003,-0.061169,0.17439,0.49325,20.062,-1.051,1.463
0.85047,-0.062672,0.17364,0.49256,20.034,-1.0195,1.4794
0.85092,-0.064174,0.17289,0.49187,20.007,-0.98801,1.4959
0.85136,-0.065676,0.17214,0.49117,19.979,-0.95666,1.5124
0.85179,-0.067178,0.17138,0.49047,19.952,-0.9254,1.5289
0.85223,-0.06868,0.17063,0.48978,19.924,-0.89425,1.5453
0.85266,-0.070181,0.16987,0.48907,19.897,-0.86322,1.5616
0.85308,-0.071683,0.16912,0.48837,19.87,-0.83229,1.5777
0.85351,-0.073184,0.16836,0.48767,19.842,-0.80149,1.5936
0.85393,-0.074684,0.16761,0.48696,19.815,-0.7708,1.6093
0.85435,-0.076185,0.16685,0.48626,19.788,-0.74024,1.6247
0.85476,-0.077685,0.16609,0.48555,19.761,-0.7098,1.6399
0.85518,-0.079185,0.16534,0.48484,19.734,-0.67949,1.6546
0.85559,-0.080684,0.16458,0.48412,19.708,-0.64932,1.669
0.85599,-0.082184,0.16382,0.48341,19.681,-0.61928,1.6829
0.8564,-0.083683,0.16306,0.48269,19.655,-0.58937,1.6964
0.8568,-0.085182,0.1623,0.48197,19.629,-0.55961,1.7095
0.8572,-0.08668,0.16154,0.48126,19.603,-0.52999,1.7219
0.85759,-0.088178,0.16077,0.48053,19.578,-0.50052,1.7339
0.85798,-0.089676,0.16001,0.47981,19.553,-0.4712,1.7452
0.85837,-0.091174,0.15925,0.47909,19.528,-0.44203,1.7559
0.85876,-0.092671,0.15849,0.47836,19.503,-0.41302,1.766
0.85914,-0.094168,0.15772,0.47763,19.479,-0.38417,1.7755
0.85952,-0.095664,0.15696,0.4769,19.455,-0.35547,1.7842
0.8599,-0.097161,0.15619,0.47617,19.431,-0.32695,1.7922
0.86027,-0.098656,0.15543,0.47544,19.408,-0.29859,1.7995
0.86064,-0.10015,0.15466,0.47471,19.385,-0.2704,1.8061
0.86101,-0.10165,0.1539,0.47397,19.362,-0.24238,1.8119
0.86137,-0.10314,0.15313,0.47323,19.34,-0.21454,1.8169
0.86174,-0.10464,0.15236,0.47249,19.318,-0.18687,1.8211
0.86209,-0.10613,0.15159,0.47175,19.297,-0.15939,1.8245
0.86245,-0.10762,0.15083,0.47101,19.276,-0.13209,1.8271
0.8628,-0.10912,0.15006,0.47027,19.255,-0.10498,1.8289
0.86315,-0.11061,0.14929,0.46952,19.235,-0.078063,1.8298
0.8635,-0.1121,0.14852,0.46877,19.216,-0.051333,1.83
0.86384,-0.1136,0.14775,0.46802,19.197,-0.024799,1.8293
0.86418,-0.11509,0.14697,0.46727,19.178,0.0015376,1.8278
0.86452,-0.11658,0.1462,0.46652,19.16,0.027674,1.8254
0.86485,-0.11807,0.14543,0.46576,19.143,0.053608,1.8223
0.86519,-0.11956,0.14466,0.46501,19.126,0.079336,1.8183
0.86551,-0.12105,0.14388,0.46425,19.109,0.10486,1.8136
0.86584,-0.12254,0.14311,0.46349,19.093,0.13017,1.808
0.86616,-0.12403,0.14234,0.46273,19.078,0.15526,1.8017
0.86648,-0.12552,0.14156,0.46197,19.063,0.18015,1.7947
0.8668,-0.12701,0.14079,0.46121,19.049,0.20481,1.7869
0.86711,-0.12849,0.14001,0.46044,19.036,0.22925,1.7784
0.86742,-0.12998,0.13923,0.45967,19.023,0.25347,1.7692
0.86773,-0.13147,0.13846,0.4589,19.01,0.27747,1.7593
0.86803,-0.13296,0.13768,0.45813,18.999,0.30123,1.7488
0.86833,-0.13444,0.1369,0.45736,18.988,0.32477,1.7376
0.86863,-0.13593,0.13613,0.45659,18.977,0.34808,1.7259
0.86893,-0.13741,0.13535,0.45581,18.967,0.37114,1.7136
0.86922,-0.1389,0.13457,0.45504,18.958,0.39398,1.7008
0.86951,-0.14038,0.13379,0.45426,18.95,0.41657,1.6874
0.86979,-0.14187,0.13301,0.45348,18.942,0.43892,1.6736
0.87008,-0.14335,0.13223,0.4527,18.935,0.46103,1.6594
0.87036,-0.14483,0.13145,0.45191,18.928,0.48289,1.6447
0.87063,-0.14631,0.13066,0.45113,18.922,0.5045,1.6297
0.87091,-0.1478,0.12988,0.45034,18.917,0.52587,1.6144
0.87118,-0.14928,0.1291,0.44956,18.913,0.54698,1.5988
0.87144,-0.15076,0.12832,0.44877,18.909,0.56783,1.5829
0.87171,-0.15224,0.12753,0.44797,18.906,0.58843,1.5668
0.87197,-0.15372,0.12675,0.44718,18.903,0.60877,1.5506
0.87223,-0.1552,0.12597,0.44639,18.901,0.62885,1.5342
0.87248,-0.15668,0.12518,0.44559,18.9,0.64867,1.5178
0.87274,-0.15815,0.1244,0.4448,18.9,0.66822,1.5013
0.87299,-0.15963,0.12361,0.444,18.9,0.6875,1.4848
0.87323,-0.16111,0.12283,0.4432,18.901,0.70652,1.4684
0.87348,-0.16258,0.12204,0.44239,18.903,0.72526,1.452
0.87372,-0.16406,0.12125,0.44159,18.905,0.74373,1.4357
0.87395,-0.16553,0.12047,0.44079,18.908,0.76193,1.4196
0.87419,-0.16701,0.11968,0.43998,18.912,0.77985,1.4037
0.87442,-0.16848,0.11889,0.43917,18.916,0.7975,1.3881
0.87465,-0.16996,0.1181,0.43836,18.921,0.81486,1.3727
0.87487,-0.17143,0.11731,0.43755,18.927,0.83194,1.3576
0.87509,-0.1729,0.11652,0.43674,18.934,0.84874,1.3429
0.87531,-0.17437,0.11573,0.43592,18.941,0.86526,1.3286
0.87553,-0.17584,0.11494,0.43511,18.948,0.88149,1.3147
0.87574,-0.17731,0.11415,0.43429,18.957,0.89743,1.3013
0.87595,-0.17878,0.11336,0.43347,18.966,0.91308,1.2884
0.87616,-0.18025,0.11257,0.43265,18.976,0.92844,1.276
0.87636,-0.18172,0.11178,0.43183,18.986,0.9435,1.2642
0.87656,-0.18319,0.11099,0.43101,18.997,0.95827,1.2529
0.87676,-0.18466,0.1102,0.43018,19.009,0.97275,1.2423
0.87695,-0.18612,0.1094,0.42936,19.021,0.98693,1.2323
0.87714,-0.18759,0.10861,0.42853,19.034,1.0008,1.223
0.87733,-0.18906,0.10782,0.4277,19.047,1.0144,1.2144
0.87751,-0.19052,0.10702,0.42687,19.061,1.0277,1.2065
0.8777,-0.19198,0.10623,0.42604,19.076,1.0406,1.1993
0.87788,-0.19345,0.10543,0.4252,19.091,1.0533,1.1929
0.87805,-0.19491,0.10464,0.42437,19.107,1.0657,1.1873
0.87822,-0.19637,0.10384,0.42353,19.123,1.0777,1.1824
0.87839,-0.19783,0.10305,0.42269,19.14,1.0895,1.1783
0.87856,-0.19929,0.10225,0.42185,19.157,1.1009,1.175
0.87872,-0.20075,0.10145,0.42101,19.175,1.1121,1.1726
0.87888,-0.20221,0.10066,0.42017,19.194,1.1229,1.1709
0.87904,-0.20367,0.099859,0.41932,19.213,1.1334,1.1701
0.8792,-0.20513,0.099062,0.41848,19.232,1.1436,1.1701
0.87935,-0.20659,0.098264,0.41763,19.252,1.1535,1.1709
0.87949,-0.20804,0.097466,0.41678,19.272,1.163,1.1726
0.87964,-0.2095,0.096667,0.41593,19.293,1.1723,1.1751
0.87978,-0.21095,0.095868,0.41508,19.315,1.1812,1.1783
0.87992,-0.21241,0.095069,0.41423,19.336,1.1898,1.1824
0.88006,-0.21386,0.094269,0.41337,19.358,1.1981,1.1873
0.88019,-0.21531,0.093469,0.41252,19.381,1.2061,1.193
0.88032,-0.21676,0.092669,0.41166,19.404,1.2138,1.1994
0.88045,-0.21822,0.091868,0.4108,19.427,1.2211,1.2066
0.88057,-0.21967,0.091067,0.40994,19.451,1.2281,1.2145
0.88069,-0.22112,0.090266,0.40908,19.475,1.2348,1.2231
0.88081,-0.22256,0.089465,0.40822,19.499,1.2412,1.2324
0.88092,-0.22401,0.088663,0.40735,19.524,1.2472,1.2424
0.88103,-0.22546,0.087861,0.40649,19.549,1.2529,1.253
0.88114,-0.22691,0.087058,0.40562,19.574,1.2583,1.2643
0.88124,-0.22835,0.086255,0.40475,19.599,1.2634,1.2761
0.88135,-0.2298,0.085452,0.40388,19.625,1.2681,1.2885
0.88145,-0.23124,0.084649,0.40301,19.651,1.2725,1.3015
0.88154,-0.23268,0.083845,0.40214,19.677,1.2766,1.3149
0.88163,-0.23413,0.083041,0.40126,19.704,1.2804,1.3288
0.88172,-0.23557,0.082237,0.40039,19.73,1.2838,1.3431
0.88181,-0.23701,0.081432,0.39951,19.757,1.2869,1.3578
0.88189,-0.23845,0.080627,0.39863,19.784,1.2897,1.3728
0.88197,-0.23989,0.079822,0.39775,19.811,1.2921,1.3882
0.88205,-0.24133,0.079017,0.39687,19.838,1.2942,1.4039
0.88212,-0.24276,0.078211,0.39599,19.865,1.296,1.4198
0.8822,-0.2442,0.077405,0.3951,19.893,1.2975,1.4359
0.88226,-0.24564,0.076599,0.39422,19.92,1.2986,1.4521
0.88233,-0.24707,0.075793,0.39333,19.947,1.2994,1.4685
0.88239,-0.2485,0.074986,0.39244,19.975,1.2999,1.485
0.88245,-0.24994,0.074179,0.39155,20.002,1.3,1.5015
0.8825,-0.25137,0.073372,0.39066,20.03,1.2998,1.518
0.88256,-0.2528,0.072564,0.38977,20.057,1.2993,1.5344
0.88261,-0.25423,0.071756,0.38888,20.085,1.2984,1.5508
0.88265,-0.25566,0.070948,0.38798,20.112,1.2972,1.567
0.8827,-0.25709,0.07014,0.38708,20.14,1.2957,1.5831
0.88274,-0.25852,0.069331,0.38619,20.167,1.2939,1.5989
0.88277,-0.25994,0.068523,0.38529,20.194,1.2917,1.6145
0.88281,-0.26137,0.067714,0.38439,20.221,1.2892,1.6299
0.88284,-0.2628,0.066904,0.38348,20.248,1.2864,1.6449
0.88287,-0.26422,0.066095,0.38258,20.275,1.2832,1.6595
0.88289,-0.26564,0.065285,0.38168,20.301,1.2797,1.6737
0.88291,-0.26707,0.064475,0.38077,20.327,1.2759,1.6875
0.88293,-0.26849,0.063665,0.37986,20.354,1.2718,1.7009
0.88295,-0.26991,0.062855,0.37895,20.379,1.2673,1.7137
0.88296,-0.27133,0.062044,0.37805,20.405,1.2625,1.726
0.88297,-0.27275,0.061233,0.37713,20.431,1.2574,1.7377
0.88297,-0.27416,0.060422,0.37622,20.456,1.2519,1.7489
0.88298,-0.27558,0.059611,0.37531,20.481,1.2462,1.7594
0.88298,-0.277,0.058799,0.37439,20.505,1.2401,1.7693
0.88297,-0.27841,0.057988,0.37348,20.53,1.2336,1.7785
0.88297,-0.27982,0.057176,0.37256,20.553,1.2269,1.787
0.88296,-0.28124,0.056364,0.37164,20.577,1.2198,1.7948
0.88294,-0.28265,0.055551,0.37072,20.6,1.2124,1.8018
0.88293,-0.28406,0.054739,0.3698,20.623,1.2047,1.8081
0.88291,-0.28547,0.053926,0.36887,20.646,1.1967,1.8136
0.88289,-0.28688,0.053113,0.36795,20.668,1.1883,1.8184
0.88286,-0.28828,0.0523,0.36702,20.689,1.1797,1.8223
0.88284,-0.28969,0.051487,0.3661,20.711,1.1707,1.8254
0.88281,-0.2911,0.050674,0.36517,20.731,1.1614,1.8278
0.88277,-0.2925,0.04986,0.36424,20.752,1.1517,1.8293
0.88273,-0.29391,0.049046,0.36331,20.771,1.1418,1.83
0.88269,-0.29531,0.048232,0.36238,20.791,1.1316,1.8298
0.88265,-0.29671,0.047418,0.36144,20.81,1.121,1.8288
0.8826,-0.29811,0.046604,0.36051,20.828,1.1101,1.8271
0.88255,-0.29951,0.04579,0.35957,20.846,1.0989,1.8245
0.8825,-0.30091,0.044975,0.35864,20.863,1.0874,1.821
0.88245,-0.30231,0.04416,0.3577,20.88,1.0756,1.8168
0.88239,-0.3037,0.043345,0.35676,20.896,1.0635,1.8118
0.88233,-0.3051,0.04253,0.35582,20.912,1.0511,1.806
0.88226,-0.30649,0.041715,0.35488,20.927,1.0384,1.7995
0.88219,-0.30789,0.0409,0.35393,20.941,1.0253,1.7922
0.88212,-0.30928,0.040084,0.35299,20.955,1.012,1.7841
0.88205,-0.31067,0.039269,0.35204,20.969,0.99836,1.7754
0.88197,-0.31206,0.038453,0.3511,20.981,0.98443,1.7659
0.88189,-0.31345,0.037637,0.35015,20.994,0.9702,1.7558
0.88181,-0.31483,0.036821,0.3492,21.005,0.95567,1.7451
0.88172,-0.31622,0.036005,0.34825,21.016,0.94085,1.7338
0.88163,-0.31761,0.035189,0.3473,21.026,0.92573,1.7218
0.88154,-0.31899,0.034372,0.34634,21.036,0.91032,1.7093
0.88144,-0.32037,0.033556,0.34539,21.045,0.89462,1.6963
0.88134,-0.32176,0.032739,0.34443,21.053,0.87862,1.6828
0.88124,-0.32314,0.031922,0.34348,21.061,0.86235,1.6689
0.88114,-0.32452,0.031105,0.34252,21.068,0.84578,1.6545
0.88103,-0.3259,0.030288,0.34156,21.074,0.82893,1.6397
0.88092,-0.32727,0.029471,0.3406,21.079,0.8118,1.6246
0.8808,-0.32865,0.028654,0.33964,21.084,0.79438,1.6092
0.88068,-0.33003,0.027837,0.33868,21.089,0.77669,1.5935
0.88056,-0.3314,0.02702,0.33771,21.092,0.75872,1.5775
0.88044,-0.33277,0.026202,0.33675,21.095,0.74047,1.5614
0.88031,-0.33415,0.025384,0.33578,21.097,0.72195,1.5451
0.88018,-0.33552,0.024567,0.33481,21.099,0.70316,1.5287
0.88005,-0.33689,0.023749,0.33385,21.1,0.68409,1.5123
0.87992,-0.33825,0.022931,0.33288,21.1,0.66476,1.4958
0.87978,-0.33962,0.022113,0.33191,21.099,0.64516,1.4793
0.87963,-0.34099,0.021295,0.33093,21.098,0.6253,1.4628
0.87949,-0.34235,0.020477,0.32996,21.096,0.60518,1.4465
0.87934,-0.34372,0.019659,0.32899,21.094,0.58479,1.4303
0.87919,-0.34508,0.018841,0.32801,21.091,0.56415,1.4143
0.87904,-0.34644,0.018023,0.32703,21.087,0.54325,1.3984
0.87888,-0.3478,0.017204,0.32606,21.082,0.52209,1.3829
0.87872,-0.34916,0.016386,0.32508,21.077,0.50068,1.3676
0.87855,-0.35052,0.015568,0.3241,21.071,0.47903,1.3527
0.87839,-0.35187,0.014749,0.32312,21.064,0.45712,1.3381
0.87822,-0.35323,0.01393,0.32213,21.057,0.43497,1.3239
0.87805,-0.35458,0.013112,0.32115,21.049,0.41257,1.3102
0.87787,-0.35593,0.012293,0.32017,21.04,0.38994,1.2969
0.87769,-0.35728,0.011474,0.31918,21.031,0.36706,1.2842
0.87751,-0.35863,0.010656,0.31819,21.021,0.34395,1.272
0.87732,-0.35998,0.009837,0.3172,21.01,0.32061,1.2603
0.87714,-0.36133,0.0090182,0.31622,20.999,0.29703,1.2493
0.87694,-0.36268,0.0081993,0.31523,20.987,0.27322,1.2389
0.87675,-0.36402,0.0073805,0.31423,20.975,0.24919,1.2291
0.87655,-0.36537,0.0065616,0.31324,20.962,0.22493,1.22
0.87635,-0.36671,0.0057427,0.31225,20.948,0.20044,1.2117
0.87615,-0.36805,0.0049237,0.31125,20.934,0.17574,1.204
0.87594,-0.36939,0.0041048,0.31026,20.919,0.15082,1.1971
0.87573,-0.37073,0.0032858,0.30926,20.904,0.12569,1.1909
0.87552,-0.37207,0.0024668,0.30826,20.888,0.10034,1.1855
0.8753,-0.3734,0.0016479,0.30727,20.871,0.074781,1.1809
0.87508,-0.37474,0.00082887,0.30627,20.854,0.049016,1.1771
0.87486,-0.37607,9.8748e-06,0.30526,20.837,0.023046,1.1741
0.87464,-0.3774,-0.00080912,0.30426,20.819,-0.0031261,1.1719
0.87441,-0.37873,-0.0016281,0.30326,20.8,-0.029498,1.1706
0.87418,-0.38006,-0.0024471,0.30225,20.781,-0.056067,1.17
0.87394,-0.38139,-0.0032661,0.30125,20.761,-0.082831,1.1703
0.87371,-0.38272,-0.004085,0.30024,20.741,-0.10979,1.1714
0.87347,-0.38404,-0.004904,0.29924,20.721,-0.13693,1.1733
0.87322,-0.38537,-0.0057229,0.29823,20.7,-0.16426,1.1761
0.87298,-0.38669,-0.0065418,0.29722,20.678,-0.19177,1.1796
0.87273,-0.38801,-0.0073607,0.29621,20.656,-0.21947,1.184
0.87248,-0.38933,-0.0081796,0.2952,20.634,-0.24734,1.1891
0.87222,-0.39065,-0.0089984,0.29418,20.611,-0.27539,1.195
0.87196,-0.39197,-0.0098172,0.29317,20.588,-0.30361,1.2017
0.8717,-0.39328,-0.010636,0.29216,20.565,-0.332,1.2091
0.87144,-0.3946,-0.011455,0.29114,20.541,-0.36056,1.2173
0.87117,-0.39591,-0.012273,0.29012,20.517,-0.38928,1.2262
0.8709,-0.39722,-0.013092,0.28911,20.493,-0.41816,1.2357
0.87062,-0.39853,-0.013911,0.28809,20.468,-0.4472,1.2459
0.87035,-0.39984,-0.014729,0.28707,20.443,-0.4764,1.2568
0.87007,-0.40115,-0.015548,0.28605,20.418,-0.50575,1.2682
0.86978,-0.40246,-0.016366,0.28502,20.392,-0.53524,1.2802
0.8695,-0.40376,-0.017185,0.284,20.366,-0.56489,1.2928
0.86921,-0.40506,-0.018003,0.28298,20.34,-0.59467,1.3059
0.86892,-0.40637,-0.018821,0.28195,20.314,-0.6246,1.3195
0.86862,-0.40767,-0.019639,0.28093,20.287,-0.65467,1.3335
0.86832,-0.40897,-0.020458,0.2799,20.261,-0.68487,1.348
0.86802,-0.41026,-0.021276,0.27887,20.234,-0.7152,1.3628
0.86772,-0.41156,-0.022094,0.27784,20.207,-0.74566,1.378
0.86741,-0.41285,-0.022912,0.27681,20.18,-0.77624,1.3935
0.8671,-0.41415,-0.023729,0.27578,20.153,-0.80695,1.4092
0.86679,-0.41544,-0.024547,0.27475,20.126,-0.83778,1.4252
0.86647,-0.41673,-0.025365,0.27372,20.098,-0.86872,1.4413
0.86615,-0.41802,-0.026182,0.27269,20.071,-0.89978,1.4576
0.86583,-0.41931,-0.027,0.27165,20.043,-0.93094,1.474
0.8655,-0.42059,-0.027817,0.27062,20.016,-0.96222,1.4905
0.86517,-0.42188,-0.028635,0.26958,19.988,-0.9936,1.507
0.86484,-0.42316,-0.029452,0.26854,19.961,-1.0251,1.5235
0.86451,-0.42444,-0.030269,0.26751,19.933,-1.0566,1.5399
0.86417,-0.42572,-0.031086,0.26647,19.906,-1.0883,1.5562
0.86383,-0.427,-0.031903,0.26543,19.879,-1.1201,1.5724
0.86349,-0.42828,-0.032719,0.26439,19.851,-1.1519,1.5884
0.86314,-0.42955,-0.033536,0.26334,19.824,-1.1839,1.6042
0.86279,-0.43083,-0.034353,0.2623,19.797,-1.2159,1.6197
0.86244,-0.4321,-0.035169,0.26126,19.77,-1.248,1.6349
0.86208,-0.43337,-0.035985,0.26021,19.743,-1.2801,1.6498
0.86172,-0.43464,-0.036801,0.25917,19.717,-1.3124,1.6643
0.86136,-0.43591,-0.037617,0.25812,19.69,-1.3447,1.6784
0.861,-0.43718,-0.038433,0.25707,19.664,-1.3771,1.6921
0.86063,-0.43844,-0.039249,0.25602,19.638,-1.4095,1.7052
0.86026,-0.4397,-0.040065,0.25498,19.612,-1.442,1.7179
0.85988,-0.44097,-0.04088,0.25393,19.586,-1.4745,1.73
0.85951,-0.44223,-0.041696,0.25287,19.561,-1.5072,1.7416
0.85913,-0.44349,-0.042511,0.25182,19.536,-1.5398,1.7525
0.85874,-0.44474,-0.043326,0.25077,19.511,-1.5725,1.7628
0.85836,-0.446,-0.044141,0.24972,19.487,-1.6053,1.7724
0.85797,-0.44725,-0.044955,0.24866,19.462,-1.638,1.7814
0.85758,-0.44851,-0.04577,0.24761,19.439,-1.6709,1.7897
0.85718,-0.44976,-0.046584,0.24655,19.415,-1.7037,1.7972
0.85678,-0.45101,-0.047399,0.24549,19.392,-1.7366,1.804
0.85638,-0.45225,-0.048213,0.24444,19.369,-1.7695,1.81
0.85598,-0.4535,-0.049027,0.24338,19.347,-1.8024,1.8153
0.85557,-0.45475,-0.049841,0.24232,19.325,-1.8354,1.8198
0.85516,-0.45599,-0.050654,0.24126,19.304,-1.8683,1.8235
0.85475,-0.45723,-0.051468,0.24019,19.282,-1.9013,1.8263
0.85433,-0.45847,-0.052281,0.23913,19.262,-1.9343,1.8284
0.85392,-0.45971,-0.053094,0.23807,19.242,-1.9673,1.8296
0.85349,-0.46095,-0.053907,0.23701,19.222,-2.0003,1.83
0.85307,-0.46218,-0.054719,0.23594,19.203,-2.0333,1.8296
0.85264,-0.46341,-0.055532,0.23488,19.184,-2.0663,1.8283
0.85221,-0.46465,-0.056344,0.23381,19.166,-2.0993,1.8263
0.85178,-0.46588,-0.057156,0.23274,19.148,-2.1323,1.8234
0.85134,-0.4671,-0.057968,0.23167,19.131,-2.1652,1.8197
0.8509,-0.46833,-0.05878,0.23061,19.115,-2.1982,1.8152
0.85046,-0.46956,-0.059591,0.22954,19.098,-2.2311,1.8099
0.85001,-0.47078,-0.060402,0.22847,19.083,-2.264,1.8039
0.84956,-0.472,-0.061214,0.22739,19.068,-2.2969,1.7971
0.84911,-0.47322,-0.062024,0.22632,19.054,-2.3298,1.7895
0.84866,-0.47444,-0.062835,0.22525,19.04,-2.3626,1.7813
0.8482,-0.47566,-0.063645,0.22418,19.027,-2.3954,1.7723
0.84774,-0.47687,-0.064456,0.2231,19.014,-2.4281,1.7626
0.84728,-0.47809,-0.065266,0.22203,19.003,-2.4608,1.7523
0.84681,-0.4793,-0.066075,0.22095,18.991,-2.4934,1.7414
0.84634,-0.48051,-0.066885,0.21987,18.981,-2.526,1.7298
0.84587,-0.48172,-0.067694,0.2188,18.971,-2.5586,1.7177
0.84539,-0.48293,-0.068503,0.21772,18.961,-2.5911,1.705
0.84491,-0.48413,-0.069312,0.21664,18.952,-2.6235,1.6918
0.84443,-0.48534,-0.07012,0.21556,18.944,-2.6559,1.6782
0.84395,-0.48654,-0.070929,0.21448,18.937,-2.6882,1.6641
0.84346,-0.48774,-0.071737,0.2134,18.93,-2.7205,1.6496
0.84297,-0.48894,-0.072545,0.21232,18.924,-2.7526,1.6347
0.84248,-0.49013,-0.073352,0.21123,18.919,-2.7847,1.6194
0.84198,-0.49133,-0.074159,0.21015,18.914,-2.8167,1.6039
0.84148,-0.49252,-0.074966,0.20907,18.91,-2.8487,1.5881
0.84098,-0.49371,-0.075773,0.20798,18.907,-2.8805,1.5721
0.84048,-0.4949,-0.07658,0.2069,18.904,-2.9123,1.5559
0.83997,-0.49609,-0.077386,0.20581,18.902,-2.9439,1.5396
0.83946,-0.49728,-0.078192,0.20472,18.901,-2.9755,1.5232
0.83894,-0.49846,-0.078998,0.20363,18.9,-3.007,1.5067
0.83843,-0.49965,-0.079803,0.20255,18.9,-3.0384,1.4902
0.83791,-0.50083,-0.080608,0.20146,18.901,-3.0696,1.4737
0.83739,-0.50201,-0.081413,0.20037,18.902,-3.1008,1.4573
0.83686,-0.50319,-0.082217,0.19928,18.904,-3.1318,1.441
0.83633,-0.50436,-0.083022,0.19818,18.907,-3.1628,1.4249
0.8358,-0.50554,-0.083826,0.19709,18.911,-3.1936,1.4089
0.83527,-0.50671,-0.084629,0.196,18.915,-3.2243,1.3932
0.83473,-0.50788,-0.085433,0.19491,18.92,-3.2549,1.3777
0.83419,-0.50905,-0.086236,0.19381,18.925,-3.2854,1.3625
0.83365,-0.51021,-0.087039,0.19272,18.931,-3.3157,1.3477
0.8331,-0.51138,-0.087841,0.19162,18.938,-3.3459,1.3333
0.83255,-0.51254,-0.088643,0.19053,18.946,-3.3759,1.3192
0.832,-0.51371,-0.089445,0.18943,18.954,-3.4059,1.3057
0.83144,-0.51487,-0.090247,0.18833,18.963,-3.4357,1.2926
0.83089,-0.51602,-0.091048,0.18723,18.972,-3.4653,1.28
0.83033,-0.51718,-0.091849,0.18613,18.983,-3.4948,1.268
0.82976,-0.51833,-0.09265,0.18504,18.993,-3.5241,1.2566
0.8292,-0.51949,-0.09345,0.18394,19.005,-3.5533,1.2457
0.82863,-0.52064,-0.09425,0.18283,19.017,-3.5824,1.2355
0.82806,-0.52179,-0.095049,0.18173,19.029,-3.6112,1.226
0.82748,-0.52293,-0.095849,0.18063,19.043,-3.64,1.2171
0.8269,-0.52408,-0.096648,0.17953,19.056,-3.6685,1.209
0.82632,-0.52522,-0.097446,0.17843,19.071,-3.6969,1.2016
0.82574,-0.52637,-0.098245,0.17732,19.086,-3.7251,1.1949
0.82515,-0.5275,-0.099043,0.17622,19.101,-3.7532,1.189
0.82456,-0.52864,-0.09984,0.17511,19.118,-3.781,1.1839
0.82397,-0.52978,-0.10064,0.17401,19.134,-3.8087,1.1795
0.82338,-0.53091,-0.10143,0.1729,19.152,-3.8362,1.176
0.82278,-0.53205,-0.10223,0.17179,19.169,-3.8636,1.1733
0.82218,-0.53318,-0.10303,0.17069,19.188,-3.8907,1.1714
0.82157,-0.53431,-0.10382,0.16958,19.206,-3.9177,1.1703
0.82097,-0.53543,-0.10462,0.16847,19.226,-3.9444,1.17
0.82036,-0.53656,-0.10541,0.16736,19.245,-3.971,1.1706
0.81974,-0.53768,-0.10621,0.16625,19.266,-3.9974,1.172
0.81913,-0.5388,-0.107,0.16514,19.286,-4.0235,1.1742
0.81851,-0.53992,-0.1078,0.16403,19.308,-4.0495,1.1772
0.81789,-0.54104,-0.10859,0.16292,19.329,-4.0753,1.181
0.81727,-0.54215,-0.10938,0.1618,19.351,-4.1008,1.1856
0.81664,-0.54327,-0.11018,0.16069,19.373,-4.1262,1.191
0.81601,-0.54438,-0.11097,0.15958,19.396,-4.1513,1.1972
0.81538,-0.54549,-0.11176,0.15846,19.419,-4.1762,1.2041
0.81474,-0.5466,-0.11255,0.15735,19.443,-4.2009,1.2118
0.8141,-0.5477,-0.11334,0.15623,19.467,-4.2254,1.2202
0.81346,-0.54881,-0.11413,0.15512,19.491,-4.2496,1.2293
0.81282,-0.54991,-0.11492,0.154,19.516,-4.2737,1.2391
0.81217,-0.55101,-0.11571,0.15289,19.54,-4.2975,1.2495
0.81152,-0.55211,-0.1165,0.15177,19.566,-4.321,1.2605
0.81087,-0.55321,-0.11729,0.15065,19.591,-4.3444,1.2722
0.81021,-0.5543,-0.11808,0.14953,19.617,-4.3675,1.2844
0.80956,-0.55539,-0.11887,0.14841,19.643,-4.3904,1.2972
0.8089,-0.55648,-0.11966,0.1473,19.669,-4.413,1.3104
0.80823,-0.55757,-0.12045,0.14618,19.695,-4.4354,1.3242
0.80757,-0.55866,-0.12123,0.14506,19.722,-4.4575,1.3383
0.8069,-0.55974,-0.12202,0.14393,19.748,-4.4794,1.3529
0.80622,-0.56083,-0.12281,0.14281,19.775,-4.5011,1.3679
0.80555,-0.56191,-0.12359,0.14169,19.802,-4.5225,1.3832
0.80487,-0.56299,-0.12438,0.14057,19.829,-4.5436,1.3987
0.80419,-0.56406,-0.12516,0.13945,19.856,-4.5645,1.4145
0.80351,-0.56514,-0.12595,0.13832,19.884,-4.5852,1.4306
0.80282,-0.56621,-0.12673,0.1372,19.911,-4.6055,1.4468
0.80213,-0.56728,-0.12752,0.13607,19.938,-4.6257,1.4631
0.80144,-0.56835,-0.1283,0.13495,19.966,-4.6455,1.4796
0.80074,-0.56942,-0.12908,0.13383,19.993,-4.6651,1.4961
0.80005,-0.57048,-0.12986,0.1327,20.021,-4.6844,1.5126
0.79935,-0.57155,-0.13065,0.13157,20.048,-4.7035,1.529
0.79864,-0.57261,-0.13143,0.13045,20.076,-4.7223,1.5454
0.79794,-0.57367,-0.13221,0.12932,20.103,-4.7408,1.5617
0.79723,-0.57472,-0.13299,0.12819,20.131,-4.7591,1.5778
0.79652,-0.57578,-0.13377,0.12706,20.158,-4.777,1.5938
0.7958,-0.57683,-0.13455,0.12594,20.185,-4.7947,1.6095
0.79509,-0.57788,-0.13533,0.12481,20.212,-4.8121,1.6249
0.79437,-0.57893,-0.13611,0.12368,20.239,-4.8292,1.64
0.79364,-0.57998,-0.13688,0.12255,20.266,-4.8461,1.6547
0.79292,-0.58102,-0.13766,0.12142,20.292,-4.8626,1.6691
0.79219,-0.58207,-0.13844,0.12029,20.319,-4.8789,1.6831
0.79146,-0.58311,-0.13922,0.11916,20.345,-4.8949,1.6966
0.79073,-0.58415,-0.13999,0.11803,20.371,-4.9106,1.7096
0.78999,-0.58518,-0.14077,0.11689,20.397,-4.926,1.722
0.78925,-0.58622,-0.14154,0.11576,20.422,-4.9411,1.734
0.78851,-0.58725,-0.14232,0.11463,20.448,-4.9559,1.7453
0.78776,-0.58828,-0.14309,0.1135,20.473,-4.9705,1.756
0.78702,-0.58931,-0.14387,0.11236,20.497,-4.9847,1.7661
0.78626,-0.59033,-0.14464,0.11123,20.522,-4.9986,1.7755
0.78551,-0.59136,-0.14541,0.11009,20.546,-5.0122,1.7843
0.78476,-0.59238,-0.14618,0.10896,20.569,-5.0256,1.7923
0.784,-0.5934,-0.14696,0.10782,20.593,-5.0386,1.7996
0.78324,-0.59442,-0.14773,0.10669,20.616,-5.0513,1.8061
0.78247,-0.59544,-0.1485,0.10555,20.638,-5.0637,1.8119
0.78171,-0.59645,-0.14927,0.10442,20.66,-5.0758,1.8169
0.78094,-0.59746,-0.15004,0.10328,20.682,-5.0876,1.8211
0.78016,-0.59847,-0.15081,0.10214,20.704,-5.0991,1.8245
0.77939,-0.59948,-0.15158,0.10101,20.725,-5.1103,1.8271
0.77861,-0.60049,-0.15234,0.09987,20.745,-5.1212,1.8289
0.77783,-0.60149,-0.15311,0.098732,20.765,-5.1317,1.8298
0.77705,-0.60249,-0.15388,0.097593,20.785,-5.142,1.83
0.77626,-0.60349,-0.15464,0.096455,20.804,-5.1519,1.8293
0.77547,-0.60449,-0.15541,0.095316,20.822,-5.1615,1.8277
0.77468,-0.60548,-0.15618,0.094177,20.84,-5.1708,1.8254
0.77389,-0.60647,-0.15694,0.093037,20.858,-5.1798,1.8222
0.77309,-0.60747,-0.15771,0.091897,20.875,-5.1885,1.8183
0.77229,-0.60845,-0.15847,0.090757,20.891,-5.1968,1.8135
0.77149,-0.60944,-0.15923,0.089617,20.907,-5.2049,1.808
0.77068,-0.61043,-0.15999,0.088476,20.922,-5.2126,1.8017
0.76988,-0.61141,-0.16076,0.087335,20.937,-5.22,1.7946
0.76907,-0.61239,-0.16152,0.086193,20.951,-5.227,1.7868
0.76825,-0.61337,-0.16228,0.085051,20.964,-5.2338,1.7783
0.76744,-0.61434,-0.16304,0.083909,20.977,-5.2402,1.7691
0.76662,-0.61532,-0.1638,0.082767,20.99,-5.2463,1.7592
0.7658,-0.61629,-0.16456,0.081624,21.001,-5.252,1.7487
0.76498,-0.61726,-0.16532,0.080482,21.012,-5.2575,1.7375
0.76415,-0.61822,-0.16608,0.079338,21.023,-5.2626,1.7258
0.76332,-0.61919,-0.16683,0.078195,21.033,-5.2674,1.7135
0.76249,-0.62015,-0.16759,0.077051,21.042,-5.2719,1.7006
0.76165,-0.62111,-0.16835,0.075907,21.05,-5.276,1.6873
0.76082,-0.62207,-0.1691,0.074763,21.058,-5.2798,1.6735
0.75998,-0.62303,-0.16986,0.073618,21.065,-5.2833,1.6592
0.75913,-0.62398,-0.17061,0.072473,21.072,-5.2864,1.6446
0.75829,-0.62493,-0.17137,0.071328,21.078,-5.2893,1.6296
0.75744,-0.62588,-0.17212,0.070183,21.083,-5.2918,1.6142
0.75659,-0.62683,-0.17287,0.069038,21.087,-5.2939,1.5986
0.75574,-0.62778,-0.17362,0.067892,21.091,-5.2958,1.5828
0.75488,-0.62872,-0.17437,0.066746,21.094,-5.2973,1.5667
0.75403,-0.62966,-0.17513,0.065599,21.097,-5.2984,1.5505
0.75316,-0.6306,-0.17588,0.064453,21.099,-5.2993,1.5341
0.7523,-0.63154,-0.17663,0.063306,21.1,-5.2998,1.5177
0.75143,-0.63247,-0.17737,0.062159,21.1,-5.3,1.5012
0.75057,-0.6334,-0.17812,0.061012,21.1,-5.2999,1.4847
0.74969,-0.63433,-0.17887,0.059865,21.099,-5.2994,1.4682
0.74882,-0.63526,-0.17962,0.058717,21.097,-5.2986,1.4518
0.74794,-0.63619,-0.18036,0.057569,21.095,-5.2975,1.4356
0.74706,-0.63711,-0.18111,0.056421,21.092,-5.296,1.4195
0.74618,-0.63803,-0.18186,0.055273,21.088,-5.2942,1.4036
0.7453,-0.63895,-0.1826,0.054125,21.084,-5.2921,1.3879
0.74441,-0.63987,-0.18334,0.052976,21.078,-5.2896,1.3726
0.74352,-0.64078,-0.18409,0.051828,21.073,-5.2869,1.3575
0.74263,-0.64169,-0.18483,0.050679,21.066,-5.2837,1.3428
0.74173,-0.6426,-0.18557,0.04953,21.059,-5.2803,1.3285
0.74084,-0.64351,-0.18631,0.04838,21.051,-5.2765,1.3146
0.73994,-0.64442,-0.18706,0.047231,21.043,-5.2725,1.3012
0.73903,-0.64532,-0.1878,0.046081,21.034,-5.268,1.2883
0.73813,-0.64622,-0.18853,0.044931,21.024,-5.2633,1.2759
0.73722,-0.64712,-0.18927,0.043781,21.014,-5.2582,1.2641
0.73631,-0.64802,-0.19001,0.042631,21.003,-5.2528,1.2528
0.7354,-0.64891,-0.19075,0.041481,20.991,-5.2471,1.2422
0.73448,-0.6498,-0.19149,0.040331,20.979,-5.2411,1.2323
0.73356,-0.65069,-0.19222,0.03918,20.966,-5.2347,1.2229
0.73264,-0.65158,-0.19296,0.03803,20.953,-5.228,1.2143
0.73172,-0.65246,-0.19369,0.036879,20.939,-5.221,1.2064
0.73079,-0.65335,-0.19443,0.035728,20.924,-5.2136,1.1993
0.72987,-0.65423,-0.19516,0.034577,20.909,-5.206,1.1929
0.72893,-0.65511,-0.19589,0.033426,20.893,-5.198,1.1872
0.728,-0.65598,-0.19663,0.032274,20.877,-5.1897,1.1823
0.72706,-0.65685,-0.19736,0.031123,20.86,-5.1811,1.1783
0.72613,-0.65773,-0.19809,0.029971,20.843,-5.1721,1.175
0.72519,-0.6586,-0.19882,0.02882,20.825,-5.1629,1.1725
0.72424,-0.65946,-0.19955,0.027668,20.806,-5.1533,1.1709
0.7233,-0.66033,-0.20028,0.026516,20.787,-5.1434,1.1701
0.72235,-0.66119,-0.201,0.025364,20.768,-5.1332,1.1701
0.7214,-0.66205,-0.20173,0.024212,20.748,-5.1227,1.1709
0.72044,-0.66291,-0.20246,0.02306,20.727,-5.1119,1.1726
0.71949,-0.66376,-0.20318,0.021908,20.707,-5.1007,1.1751
0.71853,-0.66461,-0.20391,0.020756,20.685,-5.0893,1.1784
0.71756,-0.66546,-0.20463,0.019604,20.664,-5.0775,1.1825
0.7166,-0.66631,-0.20536,0.018451,20.641,-5.0655,1.1873
0.71563,-0.66716,-0.20608,0.017299,20.619,-5.0531,1.193
0.71467,-0.668,-0.2068,0.016146,20.596,-5.0404,1.1994
0.71369,-0.66884,-0.20752,0.014994,20.573,-5.0274,1.2066
0.71272,-0.66968,-0.20824,0.013841,20.549,-5.0141,1.2146
0.71174,-0.67052,-0.20896,0.012688,20.525,-5.0006,1.2232
0.71077,-0.67135,-0.20968,0.011536,20.501,-4.9867,1.2325
0.70978,-0.67218,-0.2104,0.010383,20.476,-4.9725,1.2425
0.7088,-0.67301,-0.21112,0.0092301,20.451,-4.958,1.2531
0.70781,-0.67384,-0.21184,0.0080773,20.426,-4.9432,1.2644
0.70683,-0.67466,-0.21255,0.0069245,20.4,-4.9282,1.2762
0.70583,-0.67549,-0.21327,0.0057716,20.375,-4.9128,1.2886
0.70484,-0.67631,-0.21398,0.0046187,20.349,-4.8971,1.3016
0.70384,-0.67712,-0.2147,0.0034658,20.323,-4.8812,1.315
0.70285,-0.67794,-0.21541,0.0023129,20.296,-4.865,1.3289
0.70184,-0.67875,-0.21612,0.0011599,20.27,-4.8484,1.3432
0.70084,-0.67956,-0.21683,7.0206e-06,20.243,-4.8316,1.3579
0.69983,-0.68037,-0.21755,-0.0011459,20.216,-4.8145,1.373
0.69883,-0.68118,-0.21826,-0.0022988,20.189,-4.7972,1.3884
0.69782,-0.68198,-0.21897,-0.0034518,20.162,-4.7795,1.404
0.6968,-0.68278,-0.21967,-0.0046047,20.134,-4.7616,1.4199
0.69579,-0.68358,-0.22038,-0.0057575,20.107,-4.7434,1.436
0.69477,-0.68438,-0.22109,-0.0069104,20.08,-4.7249,1.4523
0.69375,-0.68517,-0.2218,-0.0080633,20.052,-4.7062,1.4687
0.69272,-0.68596,-0.2225,-0.0092161,20.025,-4.6871,1.4851
0.6917,-0.68675,-0.22321,-0.010369,19.997,-4.6679,1.5016
0.69067,-0.68754,-0.22391,-0.011522,19.97,-4.6483,1.5181
0.68964,-0.68832,-0.22461,-0.012674,19.942,-4.6285,1.5345
0.68861,-0.6891,-0.22532,-0.013827,19.915,-4.6084,1.5509
0.68757,-0.68988,-0.22602,-0.01498,19.888,-4.5881,1.5671
0.68653,-0.69066,-0.22672,-0.016132,19.86,-4.5675,1.5832
0.68549,-0.69143,-0.22742,-0.017285,19.833,-4.5466,1.5991
0.68445,-0.6922,-0.22812,-0.018437,19.806,-4.5255,1.6147
0.68341,-0.69297,-0.22882,-0.019589,19.779,-4.5041,1.63
0.68236,-0.69374,-0.22952,-0.020742,19.752,-4.4825,1.645
0.68131,-0.69451,-0.23021,-0.021894,19.725,-4.4606,1.6596
0.68026,-0.69527,-0.23091,-0.023046,19.699,-4.4385,1.6739
0.6792,-0.69603,-0.2316,-0.024198,19.672,-4.4162,1.6877
0.67815,-0.69679,-0.2323,-0.02535,19.646,-4.3936,1.701
0.67709,-0.69754,-0.23299,-0.026502,19.62,-4.3707,1.7138
0.67603,-0.69829,-0.23369,-0.027654,19.595,-4.3476,1.7261
0.67496,-0.69904,-0.23438,-0.028806,19.569,-4.3243,1.7378
0.6739,-0.69979,-0.23507,-0.029957,19.544,-4.3008,1.749
0.67283,-0.70054,-0.23576,-0.031109,19.519,-4.277,1.7595
0.67176,-0.70128,-0.23645,-0.03226,19.495,-4.253,1.7694
0.67068,-0.70202,-0.23714,-0.033412,19.47,-4.2288,1.7786
0.66961,-0.70276,-0.23783,-0.034563,19.446,-4.2044,1.787
0.66853,-0.70349,-0.23851,-0.035714,19.423,-4.1797,1.7948
0.66745,-0.70423,-0.2392,-0.036865,19.4,-4.1548,1.8019
0.66637,-0.70496,-0.23989,-0.038016,19.377,-4.1297,1.8082
0.66528,-0.70568,-0.24057,-0.039166,19.354,-4.1044,1.8137
0.6642,-0.70641,-0.24125,-0.040317,19.332,-4.0789,1.8184
0.66311,-0.70713,-0.24194,-0.041467,19.311,-4.0531,1.8223
0.66201,-0.70785,-0.24262,-0.042617,19.289,-4.0272,1.8255
0.66092,-0.70857,-0.2433,-0.043767,19.269,-4.0011,1.8278
0.65982,-0.70929,-0.24398,-0.044917,19.248,-3.9747,1.8293
0.65872,-0.71,-0.24466,-0.046067,19.228,-3.9482,1.83
0.65762,-0.71071,-0.24534,-0.047217,19.209,-3.9214,1.8298
0.65652,-0.71142,-0.24602,-0.048366,19.19,-3.8945,1.8288
0.65541,-0.71213,-0.24669,-0.049516,19.172,-3.8674,1.827
0.65431,-0.71283,-0.24737,-0.050665,19.154,-3.8401,1.8244
0.6532,-0.71353,-0.24805,-0.051814,19.137,-3.8126,1.821
0.65208,-0.71423,-0.24872,-0.052962,19.12,-3.785,1.8168
0.65097,-0.71492,-0.24939,-0.054111,19.104,-3.7571,1.8118
0.64985,-0.71562,-0.25007,-0.055259,19.088,-3.7291,1.806
0.64873,-0.71631,-0.25074,-0.056407,19.073,-3.7009,1.7994
0.64761,-0.717,-0.25141,-0.057555,19.058,-3.6725,1.7921
0.64649,-0.71768,-0.25208,-0.058703,19.045,-3.644,1.784
0.64536,-0.71837,-0.25275,-0.059851,19.031,-3.6153,1.7753
0.64423,-0.71905,-0.25342,-0.060998,19.018,-3.5864,1.7659
0.6431,-0.71972,-0.25408,-0.062145,19.006,-3.5574,1.7557
0.64197,-0.7204,-0.25475,-0.063292,18.995,-3.5283,1.745
0.64083,-0.72107,-0.25542,-0.064439,18.984,-3.4989,1.7337
0.63969,-0.72174,-0.25608,-0.065586,18.974,-3.4695,1.7217
0.63855,-0.72241,-0.25674,-0.066732,18.964,-3.4398,1.7092
0.63741,-0.72308,-0.25741,-0.067878,18.955,-3.4101,1.6962
0.63627,-0.72374,-0.25807,-0.069024,18.947,-3.3802,1.6827
0.63512,-0.7244,-0.25873,-0.070169,18.939,-3.3501,1.6687
0.63397,-0.72506,-0.25939,-0.071314,18.932,-3.32,1.6543
0.63282,-0.72571,-0.26005,-0.07246,18.926,-3.2896,1.6396
0.63167,-0.72637,-0.26071,-0.073604,18.92,-3.2592,1.6245
0.63051,-0.72702,-0.26137,-0.074749,18.916,-3.2286,1.609
0.62936,-0.72767,-0.26202,-0.075893,18.911,-3.1979,1.5933
0.6282,-0.72831,-0.26268,-0.077037,18.908,-3.1671,1.5774
0.62703,-0.72895,-0.26333,-0.078181,18.905,-3.1362,1.5613
0.62587,-0.72959,-0.26399,-0.079324,18.903,-3.1052,1.545
0.6247,-0.73023,-0.26464,-0.080468,18.901,-3.074,1.5286
0.62353,-0.73087,-0.26529,-0.081611,18.9,-3.0428,1.5121
0.62236,-0.7315,-0.26594,-0.082753,18.9,-3.0114,1.4956
0.62119,-0.73213,-0.26659,-0.083896,18.901,-2.9799,1.4791
0.62002,-0.73276,-0.26724,-0.085038,18.902,-2.9484,1.4627
0.61884,-0.73338,-0.26789,-0.086179,18.904,-2.9167,1.4464
0.61766,-0.734,-0.26854,-0.087321,18.906,-2.885,1.4301
0.61648,-0.73462,-0.26918,-0.088462,18.91,-2.8532,1.4141
0.61529,-0.73524,-0.26983,-0.089603,18.913,-2.8212,1.3983
0.61411,-0.73585,-0.27047,-0.090743,18.918,-2.7892,1.3827
0.61292,-0.73647,-0.27112,-0.091883,18.923,-2.7571,1.3675
0.61173,-0.73708,-0.27176,-0.093023,18.929,-2.725,1.3525
0.61054,-0.73768,-0.2724,-0.094163,18.936,-2.6928,1.338
0.60934,-0.73829,-0.27304,-0.095302,18.943,-2.6605,1.3238
0.60815,-0.73889,-0.27368,-0.096441,18.951,-2.6281,1.3101
0.60695,-0.73949,-0.27432,-0.09758,18.96,-2.5957,1.2968
0.60575,-0.74008,-0.27496,-0.098718,18.969,-2.5632,1.2841
0.60454,-0.74068,-0.27559,-0.099856,18.979,-2.5306,1.2719
0.60334,-0.74127,-0.27623,-0.10099,18.99,-2.498,1.2602
0.60213,-0.74186,-0.27686,-0.10213,19.001,-2.4654,1.2492
0.60092,-0.74244,-0.2775,-0.10327,19.013,-2.4327,1.2388
0.59971,-0.74303,-0.27813,-0.1044,19.025,-2.4,1.229
0.5985,-0.74361,-0.27876,-0.10554,19.038,-2.3672,1.22
0.59728,-0.74419,-0.27939,-0.10668,19.052,-2.3344,1.2116
0.59607,-0.74476,-0.28002,-0.10781,19.066,-2.3015,1.2039
0.59485,-0.74533,-0.28065,-0.10895,19.081,-2.2687,1.197
0.59362,-0.7459,-0.28128,-0.11008,19.096,-2.2358,1.1909
0.5924,-0.74647,-0.28191,-0.11121,19.112,-2.2028,1.1855
0.59117,-0.74704,-0.28253,-0.11235,19.129,-2.1699,1.1809
0.58995,-0.7476,-0.28316,-0.11348,19.146,-2.1369,1.1771
0.58872,-0.74816,-0.28378,-0.11461,19.163,-2.1039,1.1741
0.58748,-0.74872,-0.28441,-0.11575,19.182,-2.0709,1.1719
0.58625,-0.74927,-0.28503,-0.11688,19.2,-2.038,1.1705
0.58501,-0.74982,-0.28565,-0.11801,19.219,-2.005,1.17
0.58377,-0.75037,-0.28627,-0.11914,19.239,-1.972,1.1703
0.58253,-0.75092,-0.28689,-0.12027,19.259,-1.939,1.1714
0.58129,-0.75147,-0.28751,-0.1214,19.28,-1.906,1.1733
0.58005,-0.75201,-0.28812,-0.12253,19.301,-1.873,1.1761
0.5788,-0.75255,-0.28874,-0.12366,19.322,-1.84,1.1797
0.57755,-0.75308,-0.28936,-0.12479,19.344,-1.8071,1.184
0.5763,-0.75362,-0.28997,-0.12592,19.366,-1.7741,1.1892
0.57505,-0.75415,-0.29058,-0.12705,19.389,-1.7412,1.1951
0.57379,-0.75468,-0.2912,-0.12818,19.412,-1.7083,1.2018
0.57254,-0.7552,-0.29181,-0.12931,19.435,-1.6755,1.2092
0.57128,-0.75572,-0.29242,-0.13043,19.459,-1.6427,1.2174
0.57002,-0.75625,-0.29303,-0.13156,19.483,-1.6099,1.2262
0.56876,-0.75676,-0.29363,-0.13269,19.508,-1.5771,1.2358
0.56749,-0.75728,-0.29424,-0.13381,19.532,-1.5444,1.246
0.56623,-0.75779,-0.29485,-0.13494,19.557,-1.5118,1.2569
0.56496,-0.7583,-0.29545,-0.13606,19.583,-1.4791,1.2683
0.56369,-0.75881,-0.29605,-0.13719,19.608,-1.4466,1.2804
0.56241,-0.75931,-0.29666,-0.13831,19.634,-1.4141,1.2929
0.56114,-0.75981,-0.29726,-0.13943,19.66,-1.3816,1.306
0.55986,-0.76031,-0.29786,-0.14056,19.686,-1.3492,1.3196
0.55858,-0.76081,-0.29846,-0.14168,19.713,-1.3169,1.3337
0.5573,-0.7613,-0.29906,-0.1428,19.739,-1.2847,1.3481
0.55602,-0.7618,-0.29966,-0.14392,19.766,-1.2525,1.3629
0.55474,-0.76228,-0.30025,-0.14504,19.793,-1.2204,1.3781
0.55345,-0.76277,-0.30085,-0.14616,19.82,-1.1884,1.3936
0.55216,-0.76325,-0.30144,-0.14728,19.847,-1.1564,1.4093
0.55087,-0.76373,-0.30204,-0.1484,19.875,-1.1246,1.4253
0.54958,-0.76421,-0.30263,-0.14952,19.902,-1.0928,1.4415
0.54829,-0.76469,-0.30322,-0.15064,19.929,-1.0611,1.4578
0.54699,-0.76516,-0.30381,-0.15176,19.957,-1.0295,1.4742
0.54569,-0.76563,-0.3044,-0.15287,19.984,-0.99802,1.4907
0.54439,-0.7661,-0.30499,-0.15399,20.012,-0.96663,1.5072
0.54309,-0.76656,-0.30557,-0.15511,20.039,-0.93534,1.5236
0.54179,-0.76702,-0.30616,-0.15622,20.067,-0.90416,1.5401
0.54048,-0.76748,-0.30674,-0.15734,20.094,-0.87309,1.5564
0.53918,-0.76794,-0.30733,-0.15845,20.122,-0.84213,1.5726
0.53787,-0.76839,-0.30791,-0.15956,20.149,-0.81129,1.5886
0.53656,-0.76884,-0.30849,-0.16068,20.176,-0.78056,1.6043
0.53524,-0.76929,-0.30907,-0.16179,20.203,-0.74996,1.6199
0.53393,-0.76974,-0.30965,-0.1629,20.23,-0.71948,1.6351
0.53261,-0.77018,-0.31023,-0.16401,20.257,-0.68913,1.65
0.53129,-0.77062,-0.31081,-0.16513,20.284,-0.65891,1.6645
0.52997,-0.77106,-0.31138,-0.16624,20.31,-0.62883,1.6786
0.52865,-0.77149,-0.31196,-0.16735,20.336,-0.59888,1.6922
0.52733,-0.77193,-0.31253,-0.16845,20.363,-0.56908,1.7054
0.526,-0.77236,-0.31311,-0.16956,20.388,-0.53941,1.718
0.52467,-0.77278,-0.31368,-0.17067,20.414,-0.50989,1.7301
0.52334,-0.77321,-0.31425,-0.17178,20.439,-0.48052,1.7417
0.52201,-0.77363,-0.31482,-0.17289,20.464,-0.45131,1.7526
0.52068,-0.77405,-0.31539,-0.17399,20.489,-0.42224,1.7629
0.51935,-0.77446,-0.31595,-0.1751,20.514,-0.39334,1.7725
0.51801,-0.77488,-0.31652,-0.1762,20.538,-0.3646,1.7815
0.51667,-0.77529,-0.31709,-0.17731,20.562,-0.33602,1.7897
0.51533,-0.7757,-0.31765,-0.17841,20.585,-0.3076,1.7973
0.51399,-0.7761,-0.31821,-0.17952,20.608,-0.27936,1.8041
0.51264,-0.7765,-0.31878,-0.18062,20.631,-0.25128,1.8101
0.5113,-0.7769,-0.31934,-0.18172,20.653,-0.22339,1.8153
0.50995,-0.7773,-0.3199,-0.18282,20.675,-0.19567,1.8198
0.5086,-0.77769,-0.32045,-0.18392,20.697,-0.16813,1.8235
0.50725,-0.77809,-0.32101,-0.18502,20.718,-0.14077,1.8263
0.5059,-0.77847,-0.32157,-0.18612,20.738,-0.1136,1.8284
0.50454,-0.77886,-0.32212,-0.18722,20.758,-0.086617,1.8296
0.50318,-0.77924,-0.32268,-0.18832,20.778,-0.059826,1.83
0.50183,-0.77962,-0.32323,-0.18942,20.797,-0.03323,1.8296
0.50047,-0.78,-0.32378,-0.19051,20.816,-0.0068299,1.8283
-0.4991,0.78038,0.32433,0.19161,20.834,0.019371,1.8262
-0.49774,0.78075,0.32488,0.1927,20.852,0.045369,1.8234
-0.49638,0.78112,0.32543,0.1938,20.869,0.071164,1.8197
-0.49501,0.78149,0.32598,0.19489,20.886,0.096751,1.8152
-0.49364,0.78185,0.32652,0.19599,20.902,0.12213,1.8099
-0.49227,0.78221,0.32707,0.19708,20.917,0.14729,1.8038
-0.4909,0.78257,0.32761,0.19817,20.932,0.17224,1.797
-0.48952,0.78293,0.32815,0.19926,20.946,0.19698,1.7895
-0.48815,0.78328,0.3287,0.20035,20.96,0.22149,1.7812
-0.48677,0.78363,0.32924,0.20144,20.973,0.24578,1.7722
-0.48539,0.78398,0.32978,0.20253,20.986,0.26985,1.7625
-0.48401,0.78432,0.33031,0.20362,20.998,0.29369,1.7522
-0.48263,0.78467,0.33085,0.20471,21.009,0.3173,1.7413
-0.48124,0.78501,0.33139,0.2058,21.02,0.34068,1.7297
-0.47986,0.78534,0.33192,0.20688,21.03,0.36382,1.7176
-0.47847,0.78568,0.33245,0.20797,21.039,0.38673,1.7049
-0.47708,0.78601,0.33299,0.20905,21.048,0.4094,1.6917
-0.47569,0.78634,0.33352,0.21014,21.056,0.43183,1.678
-0.4743,0.78666,0.33405,0.21122,21.063,0.45401,1.6639
-0.4729,0.78699,0.33458,0.2123,21.07,0.47595,1.6494
-0.47151,0.78731,0.3351,0.21338,21.076,0.49765,1.6345
-0.47011,0.78762,0.33563,0.21447,21.081,0.51909,1.6193
-0.46871,0.78794,0.33616,0.21555,21.086,0.54028,1.6038
-0.46731,0.78825,0.33668,0.21663,21.09,0.56122,1.588
-0.46591,0.78856,0.3372,0.21771,21.093,0.5819,1.572
-0.4645,0.78887,0.33772,0.21878,21.096,0.60232,1.5558
-0.4631,0.78917,0.33825,0.21986,21.098,0.62248,1.5395
-0.46169,0.78947,0.33876,0.22094,21.099,0.64238,1.523
-0.46028,0.78977,0.33928,0.22201,21.1,0.66202,1.5066
-0.45887,0.79007,0.3398,0.22309,21.1,0.68139,1.4901
-0.45746,0.79036,0.34032,0.22416,21.099,0.70049,1.4736
-0.45605,0.79065,0.34083,0.22524,21.098,0.71932,1.4572
-0.45463,0.79094,0.34134,0.22631,21.096,0.73788,1.4409
-0.45321,0.79122,0.34186,0.22738,21.093,0.75617,1.4247
-0.45179,0.7915,0.34237,0.22845,21.089,0.77418,1.4088
-0.45037,0.79178,0.34288,0.22952,21.085,0.79191,1.393
-0.44895,0.79206,0.34338,0.23059,21.08,0.80936,1.3776
-0.44753,0.79233,0.34389,0.23166,21.075,0.82653,1.3624
-0.44611,0.7926,0.3444,0.23273,21.068,0.84342,1.3476
-0.44468,0.79287,0.3449,0.2338,21.062,0.86003,1.3331
-0.44325,0.79313,0.34541,0.23486,21.054,0.87635,1.3191
-0.44182,0.7934,0.34591,0.23593,21.046,0.89238,1.3056
-0.44039,0.79366,0.34641,0.23699,21.037,0.90812,1.2925
-0.43896,0.79391,0.34691,0.23806,21.028,0.92357,1.2799
-0.43752,0.79417,0.34741,0.23912,21.017,0.93873,1.2679
-0.43609,0.79442,0.34791,0.24018,21.007,0.9536,1.2565
-0.43465,0.79467,0.3484,0.24124,20.995,0.96817,1.2456
-0.43321,0.79491,0.3489,0.2423,20.983,0.98244,1.2354
-0.43177,0.79515,0.34939,0.24336,20.971,0.99642,1.2259
-0.43033,0.79539,0.34989,0.24442,20.957,1.0101,1.2171
-0.42889,0.79563,0.35038,0.24548,20.943,1.0235,1.2089
-0.42744,0.79587,0.35087,0.24654,20.929,1.0365,1.2015
-0.426,0.7961,0.35136,0.24759,20.914,1.0493,1.1949
-0.42455,0.79633,0.35185,0.24865,20.898,1.0618,1.189
-0.4231,0.79655,0.35233,0.2497,20.882,1.0739,1.1838
-0.42165,0.79678,0.35282,0.25076,20.866,1.0858,1.1795
-0.4202,0.797,0.3533,0.25181,20.848,1.0973,1.176
-0.41874,0.79721,0.35378,0.25286,20.831,1.1086,1.1733
-0.41729,0.79743,0.35427,0.25391,20.812,1.1195,1.1714
-0.41583,0.79764,0.35475,0.25496,20.793,1.1301,1.1703
-0.41437,0.79785,0.35523,0.25601,20.774,1.1404,1.17
-0.41291,0.79806,0.3557,0.25706,20.754,1.1504,1.1706
-0.41145,0.79826,0.35618,0.25811,20.734,1.16,1.172
-0.40999,0.79846,0.35666,0.25915,20.713,1.1694,1.1742
-0.40853,0.79866,0.35713,0.2602,20.692,1.1784,1.1772
-0.40706,0.79886,0.3576,0.26124,20.671,1.1871,1.181
-0.4056,0.79905,0.35808,0.26229,20.649,1.1955,1.1857
-0.40413,0.79924,0.35855,0.26333,20.626,1.2036,1.1911
-0.40266,0.79943,0.35902,0.26437,20.604,1.2114,1.1973
-0.40119,0.79961,0.35948,0.26541,20.58,1.2188,1.2042
-0.39972,0.79979,0.35995,0.26645,20.557,1.2259,1.2119
-0.39824,0.79997,0.36042,0.26749,20.533,1.2327,1.2203
-0.39677,0.80015,0.36088,0.26853,20.509,1.2392,1.2294
-0.39529,0.80032,0.36134,0.26957,20.484,1.2453,1.2392
-0.39381,0.80049,0.3618,0.2706,20.459,1.2511,1.2496
-0.39233,0.80066,0.36227,0.27164,20.434,1.2566,1.2606
-0.39085,0.80082,0.36272,0.27267,20.409,1.2618,1.2723
-0.38937,0.80098,0.36318,0.27371,20.383,1.2666,1.2845
-0.38789,0.80114,0.36364,0.27474,20.357,1.2712,1.2973
-0.3864,0.8013,0.36409,0.27577,20.331,1.2754,1.3106
-0.38492,0.80145,0.36455,0.2768,20.305,1.2792,1.3243
-0.38343,0.8016,0.365,0.27783,20.278,1.2827,1.3385
-0.38194,0.80175,0.36545,0.27886,20.252,1.286,1.3531
-0.38045,0.80189,0.3659,0.27989,20.225,1.2888,1.368
-0.37896,0.80204,0.36635,0.28091,20.198,1.2914,1.3833
-0.37747,0.80218,0.3668,0.28194,20.171,1.2936,1.3989
-0.37597,0.80231,0.36725,0.28297,20.143,1.2955,1.4147
-0.37448,0.80245,0.36769,0.28399,20.116,1.297,1.4307
-0.37298,0.80258,0.36814,0.28501,20.089,1.2983,1.4469
-0.37148,0.80271,0.36858,0.28603,20.061,1.2992,1.4633
-0.36998,0.80283,0.36902,0.28705,20.034,1.2998,1.4797
-0.36848,0.80295,0.36946,0.28807,20.006,1.3,1.4962
-0.36698,0.80307,0.3699,0.28909,19.979,1.2999,1.5127
-0.36548,0.80319,0.37034,0.29011,19.951,1.2995,1.5292
-0.36397,0.8033,0.37077,0.29113,19.924,1.2987,1.5456
-0.36247,0.80342,0.37121,0.29214,19.896,1.2977,1.5618
-0.36096,0.80352,0.37164,0.29316,19.869,1.2962,1.578
-0.35945,0.80363,0.37207,0.29417,19.842,1.2945,1.5939
-0.35794,0.80373,0.3725,0.29518,19.815,1.2924,1.6096
-0.35643,0.80383,0.37293,0.2962,19.788,1.29,1.625
-0.35492,0.80393,0.37336,0.29721,19.761,1.2873,1.6401
-0.35341,0.80402,0.37379,0.29822,19.734,1.2843,1.6549
-0.35189,0.80412,0.37421,0.29922,19.707,1.2809,1.6692
-0.35038,0.8042,0.37464,0.30023,19.681,1.2772,1.6832
-0.34886,0.80429,0.37506,0.30124,19.655,1.2731,1.6967
-0.34734,0.80437,0.37548,0.30224,19.629,1.2688,1.7097
-0.34582,0.80445,0.3759,0.30325,19.603,1.2641,1.7222
-0.3443,0.80453,0.37632,0.30425,19.577,1.259,1.7341
-0.34278,0.80461,0.37674,0.30525,19.552,1.2537,1.7454
-0.34126,0.80468,0.37716,0.30625,19.527,1.248,1.7561
-0.33973,0.80475,0.37757,0.30725,19.503,1.242,1.7662
-0.33821,0.80481,0.37798,0.30825,19.478,1.2357,1.7756
-0.33668,0.80488,0.3784,0.30925,19.454,1.2291,1.7843
-0.33515,0.80494,0.37881,0.31025,19.43,1.2221,1.7924
-0.33363,0.80499,0.37922,0.31124,19.407,1.2148,1.7996
-0.3321,0.80505,0.37963,0.31224,19.384,1.2072,1.8062
-0.33056,0.8051,0.38003,0.31323,19.362,1.1993,1.8119
-0.32903,0.80515,0.38044,0.31422,19.339,1.191,1.8169
-0.3275,0.8052,0.38084,0.31521,19.318,1.1825,1.8211
-0.32596,0.80524,0.38125,0.3162,19.296,1.1736,1.8245
-0.32443,0.80528,0.38165,0.31719,19.275,1.1644,1.8271
-0.32289,0.80532,0.38205,0.31818,19.255,1.1548,1.8289
-0.32135,0.80536,0.38245,0.31917,19.235,1.145,1.8298
-0.31981,0.80539,0.38285,0.32015,19.215,1.1349,1.8299
-0.31827,0.80542,0.38324,0.32114,19.196,1.1244,1.8292
-0.31673,0.80544,0.38364,0.32212,19.178,1.1136,1.8277
-0.31519,0.80547,0.38403,0.3231,19.16,1.1025,1.8254
-0.31365,0.80549,0.38442,0.32408,19.142,1.0911,1.8222
-0.3121,0.80551,0.38482,0.32506,19.125,1.0794,1.8182
-0.31056,0.80552,0.38521,0.32604,19.109,1.0674,1.8135
-0.30901,0.80554,0.38559,0.32702,19.093,1.0551,1.8079
-0.30746,0.80555,0.38598,0.328,19.078,1.0424,1.8016
-0.30591,0.80555,0.38637,0.32897,19.063,1.0295,1.7946
-0.30436,0.80556,0.38675,0.32995,19.049,1.0163,1.7868
-0.30281,0.80556,0.38713,0.33092,19.035,1.0027,1.7782
-0.30126,0.80556,0.38752,0.33189,19.023,0.9889,1.769
-0.2997,0.80555,0.3879,0.33286,19.01,0.97476,1.7591
-0.29815,0.80555,0.38828,0.33383,18.999,0.96033,1.7486
-0.29659,0.80554,0.38865,0.3348,18.987,0.9456,1.7374
-0.29504,0.80552,0.38903,0.33577,18.977,0.93058,1.7257
-0.29348,0.80551,0.3894,0.33674,18.967,0.91526,1.7134
-0.29192,0.80549,0.38978,0.3377,18.958,0.89965,1.7005
-0.29036,0.80547,0.39015,0.33866,18.95,0.88375,1.6872
-0.2888,0.80544,0.39052,0.33963,18.942,0.86756,1.6734
-0.28724,0.80542,0.39089,0.34059,18.935,0.85109,1.6591
-0.28568,0.80539,0.39126,0.34155,18.928,0.83433,1.6445
-0.28411,0.80536,0.39162,0.34251,18.922,0.81729,1.6294
-0.28255,0.80532,0.39199,0.34347,18.917,0.79996,1.6141
-0.28098,0.80528,0.39235,0.34442,18.913,0.78236,1.5985
-0.27942,0.80524,0.39272,0.34538,18.909,0.76447,1.5826
-0.27785,0.8052,0.39308,0.34633,18.906,0.74631,1.5666
-0.27628,0.80515,0.39344,0.34729,18.903,0.72788,1.5503
-0.27471,0.8051,0.3938,0.34824,18.901,0.70917,1.534
-0.27314,0.80505,0.39415,0.34919,18.9,0.6902,1.5175
-0.27157,0.80499,0.39451,0.35014,18.9,0.67095,1.501
-0.27,0.80494,0.39486,0.35109,18.9,0.65144,1.4845
-0.26843,0.80488,0.39522,0.35203,18.901,0.63166,1.4681
-0.26685,0.80481,0.39557,0.35298,18.903,0.61162,1.4517
-0.26528,0.80475,0.39592,0.35392,18.905,0.59131,1.4354
-0.2637,0.80468,0.39627,0.35487,18.908,0.57075,1.4193
-0.26212,0.80461,0.39661,0.35581,18.912,0.54993,1.4034
-0.26055,0.80453,0.39696,0.35675,18.917,0.52886,1.3878
-0.25897,0.80445,0.3973,0.35769,18.922,0.50753,1.3724
-0.25739,0.80437,0.39765,0.35863,18.927,0.48595,1.3574
-0.25581,0.80429,0.39799,0.35956,18.934,0.46412,1.3427
-0.25422,0.8042,0.39833,0.3605,18.941,0.44205,1.3284
-0.25264,0.80411,0.39867,0.36143,18.949,0.41973,1.3145
-0.25106,0.80402,0.39901,0.36237,18.957,0.39717,1.3011
-0.24947,0.80393,0.39934,0.3633,18.966,0.37438,1.2882
-0.24789,0.80383,0.39968,0.36423,18.976,0.35134,1.2758
-0.2463,0.80373,0.40001,0.36516,18.986,0.32807,1.264
-0.24472,0.80363,0.40034,0.36609,18.997,0.30456,1.2527
-0.24313,0.80352,0.40067,0.36701,19.009,0.28083,1.2421
-0.24154,0.80341,0.401,0.36794,19.021,0.25687,1.2322
-0.23995,0.8033,0.40133,0.36886,19.034,0.23268,1.2229
-0.23836,0.80319,0.40166,0.36979,19.047,0.20827,1.2143
-0.23677,0.80307,0.40198,0.37071,19.061,0.18363,1.2064
-0.23518,0.80295,0.40231,0.37163,19.076,0.15878,1.1992
-0.23359,0.80283,0.40263,0.37255,19.091,0.13372,1.1928
-0.23199,0.80271,0.40295,0.37346,19.107,0.10844,1.1872
-0.2304,0.80258,0.40327,0.37438,19.123,0.082945,1.1823
-0.2288,0.80245,0.40359,0.3753,19.14,0.057246,1.1782
-0.22721,0.80231,0.4039,0.37621,19.158,0.031341,1.175
-0.22561,0.80218,0.40422,0.37712,19.176,0.0052324,1.1725
-0.22401,0.80204,0.40453,0.37803,19.194,-0.021076,1.1709
-0.22242,0.80189,0.40484,0.37894,19.213,-0.047583,1.1701
-0.22082,0.80175,0.40516,0.37985,19.232,-0.074285,1.1701
-0.21922,0.8016,0.40546,0.38076,19.252,-0.10118,1.171
-0.21762,0.80145,0.40577,0.38167,19.273,-0.12826,1.1726
-0.21601,0.8013,0.40608,0.38257,19.294,-0.15553,1.1751
-0.21441,0.80114,0.40638,0.38347,19.315,-0.18299,1.1784
-0.21281,0.80098,0.40669,0.38438,19.337,-0.21063,1.1825
-0.21121,0.80082,0.40699,0.38528,19.359,-0.23844,1.1874
-0.2096,0.80066,0.40729,0.38617,19.381,-0.26644,1.1931
-0.208,0.80049,0.40759,0.38707,19.404,-0.2946,1.1995
-0.20639,0.80032,0.40789,0.38797,19.428,-0.32294,1.2067
-0.20478,0.80015,0.40819,0.38886,19.451,-0.35144,1.2146
-0.20318,0.79997,0.40848,0.38976,19.475,-0.38011,1.2233
-0.20157,0.79979,0.40878,0.39065,19.5,-0.40894,1.2326
-0.19996,0.79961,0.40907,0.39154,19.524,-0.43793,1.2426
-0.19835,0.79942,0.40936,0.39243,19.549,-0.46708,1.2532
-0.19674,0.79924,0.40965,0.39332,19.574,-0.49638,1.2645
-0.19513,0.79905,0.40994,0.39421,19.6,-0.52583,1.2763
-0.19352,0.79886,0.41022,0.39509,19.626,-0.55543,1.2888
-0.19191,0.79866,0.41051,0.39598,19.652,-0.58517,1.3017
-0.19029,0.79846,0.41079,0.39686,19.678,-0.61505,1.3151
-0.18868,0.79826,0.41107,0.39774,19.704,-0.64508,1.329
-0.18707,0.79806,0.41136,0.39862,19.731,-0.67523,1.3433
-0.18545,0.79785,0.41163,0.3995,19.757,-0.70552,1.358
-0.18384,0.79764,0.41191,0.40038,19.784,-0.73594,1.3731
-0.18222,0.79743,0.41219,0.40125,19.811,-0.76649,1.3885
-0.1806,0.79721,0.41246,0.40213,19.839,-0.79716,1.4042
-0.17899,0.797,0.41274,0.403,19.866,-0.82795,1.4201
-0.17737,0.79678,0.41301,0.40387,19.893,-0.85885,1.4362
-0.17575,0.79655,0.41328,0.40474,19.921,-0.88987,1.4524
-0.17413,0.79633,0.41355,0.40561,19.948,-0.92101,1.4688
-0.17251,0.7961,0.41382,0.40648,19.975,-0.95225,1.4853
-0.17089,0.79587,0.41409,0.40734,20.003,-0.98359,1.5018
-0.16927,0.79563,0.41435,0.40821,20.03,-1.015,1.5182
-0.16765,0.79539,0.41461,0.40907,20.058,-1.0466,1.5347
-0.16603,0.79515,0.41488,0.40993,20.085,-1.0782,1.5511
-0.1644,0.79491,0.41514,0.41079,20.113,-1.11,1.5673
-0.16278,0.79467,0.4154,0.41165,20.14,-1.1418,1.5833
-0.16116,0.79442,0.41565,0.41251,20.167,-1.1737,1.5992
-0.15953,0.79417,0.41591,0.41336,20.194,-1.2057,1.6148
-0.15791,0.79391,0.41616,0.41422,20.221,-1.2377,1.6301
-0.15628,0.79366,0.41642,0.41507,20.248,-1.2699,1.6451
-0.15466,0.7934,0.41667,0.41592,20.275,-1.3021,1.6598
-0.15303,0.79313,0.41692,0.41677,20.302,-1.3344,1.674
-0.1514,0.79287,0.41717,0.41762,20.328,-1.3667,1.6878
-0.14977,0.7926,0.41742,0.41847,20.354,-1.3992,1.7011
-0.14815,0.79233,0.41766,0.41931,20.38,-1.4316,1.7139
-0.14652,0.79206,0.41791,0.42016,20.406,-1.4642,1.7262
-0.14489,0.79178,0.41815,0.421,20.431,-1.4968,1.7379
-0.14326,0.7915,0.41839,0.42184,20.456,-1.5294,1.7491
-0.14163,0.79122,0.41863,0.42268,20.481,-1.5621,1.7596
-0.14,0.79094,0.41887,0.42352,20.506,-1.5948,1.7694
-0.13837,0.79065,0.41911,0.42436,20.53,-1.6276,1.7786
-0.13673,0.79036,0.41934,0.42519,20.554,-1.6604,1.7871
-0.1351,0.79007,0.41958,0.42603,20.577,-1.6932,1.7949
-0.13347,0.78977,0.41981,0.42686,20.601,-1.7261,1.8019
-0.13184,0.78947,0.42004,0.42769,20.624,-1.759,1.8082
-0.1302,0.78917,0.42027,0.42852,20.646,-1.7919,1.8137
-0.12857,0.78887,0.4205,0.42935,20.668,-1.8249,1.8184
-0.12693,0.78856,0.42073,0.43017,20.69,-1.8578,1.8224
-0.1253,0.78825,0.42095,0.431,20.711,-1.8908,1.8255
-0.12366,0.78794,0.42118,0.43182,20.732,-1.9238,1.8278
-0.12203,0.78762,0.4214,0.43264,20.752,-1.9568,1.8293
-0.12039,0.78731,0.42162,0.43346,20.772,-1.9898,1.83
-0.11875,0.78699,0.42184,0.43428,20.791,-2.0228,1.8298
-0.11712,0.78666,0.42206,0.4351,20.81,-2.0558,1.8288
-0.11548,0.78634,0.42228,0.43591,20.828,-2.0888,1.827
-0.11384,0.78601,0.42249,0.43673,20.846,-2.1218,1.8244
-0.1122,0.78568,0.42271,0.43754,20.863,-2.1547,1.821
-0.11056,0.78534,0.42292,0.43835,20.88,-2.1877,1.8167
-0.10893,0.78501,0.42313,0.43916,20.896,-2.2206,1.8117
-0.10729,0.78467,0.42334,0.43997,20.912,-2.2535,1.8059
-0.10565,0.78432,0.42355,0.44078,20.927,-2.2864,1.7993
-0.10401,0.78398,0.42375,0.44158,20.942,-2.3193,1.792
-0.10237,0.78363,0.42396,0.44238,20.956,-2.3521,1.784
-0.10072,0.78328,0.42416,0.44319,20.969,-2.3849,1.7752
-0.099084,0.78293,0.42436,0.44399,20.982,-2.4177,1.7658
-0.097442,0.78257,0.42456,0.44479,20.994,-2.4504,1.7557
-0.0958,0.78221,0.42476,0.44558,21.005,-2.483,1.7449
-0.094158,0.78185,0.42496,0.44638,21.016,-2.5157,1.7335
-0.092515,0.78149,0.42516,0.44717,21.026,-2.5482,1.7216
-0.090872,0.78112,0.42535,0.44797,21.036,-2.5808,1.7091
-0.089229,0.78075,0.42554,0.44876,21.045,-2.6132,1.6961
-0.087585,0.78038,0.42573,0.44955,21.053,-2.6456,1.6826
-0.085941,0.78,0.42592,0.45033,21.061,-2.6779,1.6686
-0.084297,0.77962,0.42611,0.45112,21.068,-2.7102,1.6542
-0.082653,0.77924,0.4263,0.4519,21.074,-2.7424,1.6394
-0.081008,0.77886,0.42649,0.45269,21.08,-2.7745,1.6243
-0.079363,0.77847,0.42667,0.45347,21.084,-2.8065,1.6089
-0.077717,0.77808,0.42685,0.45425,21.089,-2.8385,1.5932
-0.076072,0.77769,0.42703,0.45503,21.092,-2.8704,1.5772
-0.074426,0.7773,0.42721,0.4558,21.095,-2.9022,1.5611
-0.07278,0.7769,0.42739,0.45658,21.097,-2.9339,1.5448
-0.071133,0.7765,0.42757,0.45735,21.099,-2.9655,1.5284
-0.069487,0.7761,0.42774,0.45812,21.1,-2.997,1.512
-0.06784,0.77569,0.42792,0.4589,21.1,-3.0284,1.4955
-0.066193,0.77529,0.42809,0.45966,21.099,-3.0597,1.479
-0.064545,0.77488,0.42826,0.46043,21.098,-3.0909,1.4625
-0.062898,0.77446,0.42843,0.4612,21.096,-3.122,1.4462
-0.06125,0.77405,0.42859,0.46196,21.094,-3.1529,1.43
-0.059602,0.77363,0.42876,0.46272,21.09,-3.1838,1.414
-0.057954,0.77321,0.42893,0.46348,21.086,-3.2146,1.3982
-0.056305,0.77278,0.42909,0.46424,21.082,-3.2452,1.3826
-0.054656,0.77236,0.42925,0.465,21.077,-3.2757,1.3673
-0.053008,0.77193,0.42941,0.46576,21.071,-3.306,1.3524
-0.051359,0.77149,0.42957,0.46651,21.064,-3.3363,1.3378
-0.049709,0.77106,0.42973,0.46726,21.057,-3.3664,1.3237
-0.04806,0.77062,0.42988,0.46801,21.049,-3.3964,1.3099
-0.046411,0.77018,0.43004,0.46876,21.04,-3.4262,1.2967
-0.044761,0.76974,0.43019,0.46951,21.031,-3.4559,1.284
-0.043111,0.76929,0.43034,0.47026,21.021,-3.4854,1.2718
-0.041461,0.76884,0.43049,0.471,21.01,-3.5148,1.2601
-0.039811,0.76839,0.43064,0.47174,20.999,-3.5441,1.2491
-0.038161,0.76794,0.43078,0.47248,20.987,-3.5731,1.2387
-0.03651,0.76748,0.43093,0.47322,20.975,-3.6021,1.229
-0.03486,0.76702,0.43107,0.47396,20.962,-3.6308,1.2199
-0.033209,0.76656,0.43121,0.4747,20.948,-3.6594,1.2115
-0.031558,0.7661,0.43135,0.47543,20.934,-3.6879,1.2039
-0.029907,0.76563,0.43149,0.47616,20.919,-3.7162,1.197
-0.028256,0.76516,0.43163,0.4769,20.904,-3.7443,1.1908
-0.026605,0.76469,0.43177,0.47762,20.888,-3.7722,1.1854
-0.024954,0.76421,0.4319,0.47835,20.871,-3.7999,1.1808
-0.023303,0.76373,0.43203,0.47908,20.854,-3.8275,1.177
-0.021651,0.76325,0.43216,0.4798,20.836,-3.8549,1.1741
-0.02,0.76277,0.43229,0.48053,20.818,-3.8821,1.1719
-0.018348,0.76228,0.43242,0.48125,20.8,-3.9091,1.1705
-0.016697,0.76179,0.43255,0.48197,20.781,-3.9359,1.17
-0.015045,0.7613,0.43268,0.48268,20.761,-3.9625,1.1703
-0.013393,0.76081,0.4328,0.4834,20.741,-3.989,1.1714
-0.011742,0.76031,0.43292,0.48411,20.72,-4.0152,1.1734
-0.01009,0.75981,0.43304,0.48483,20.699,-4.0412,1.1761
-0.0084382,0.75931,0.43316,0.48554,20.678,-4.0671,1.1797
-0.0067863,0.75881,0.43328,0.48625,20.656,-4.0927,1.1841
-0.0051345,0.7583,0.4334,0.48695,20.634,-4.1181,1.1892
-0.0034826,0.75779,0.43351,0.48766,20.611,-4.1433,1.1952
-0.0018307,0.75728,0.43362,0.48836,20.588,-4.1683,1.2018
-0.00017882,0.75676,0.43374,0.48907,20.565,-4.1931,1.2093
0.0014731,0.75624,0.43385,0.48977,20.541,-4.2176,1.2175
0.003125,0.75572,0.43395,0.49047,20.517,-4.2419,1.2263
0.0047768,0.7552,0.43406,0.49116,20.492,-4.266,1.2359
0.0064287,0.75467,0.43417,0.49186,20.467,-4.2899,1.2461
0.0080806,0.75415,0.43427,0.49255,20.442,-4.3136,1.257
0.0097324,0.75361,0.43437,0.49324,20.417,-4.337,1.2684
0.011384,0.75308,0.43447,0.49393,20.392,-4.3602,1.2805
0.013036,0.75254,0.43457,0.49462,20.366,-4.3831,1.293
0.014688,0.75201,0.43467,0.49531,20.34,-4.4058,1.3062
0.016339,0.75146,0.43477,0.496,20.313,-4.4283,1.3197
0.017991,0.75092,0.43486,0.49668,20.287,-4.4505,1.3338
0.019642,0.75037,0.43496,0.49736,20.26,-4.4725,1.3482
0.021294,0.74982,0.43505,0.49804,20.234,-4.4942,1.3631
0.022945,0.74927,0.43514,0.49872,20.207,-4.5157,1.3783
0.024596,0.74872,0.43523,0.49939,20.18,-4.5369,1.3937
0.026248,0.74816,0.43532,0.50007,20.152,-4.5579,1.4095
0.027899,0.7476,0.4354,0.50074,20.125,-4.5786,1.4255
0.02955,0.74704,0.43549,0.50141,20.098,-4.5991,1.4416
0.031201,0.74647,0.43557,0.50208,20.07,-4.6193,1.4579
0.032852,0.7459,0.43565,0.50275,20.043,-4.6392,1.4743
0.034502,0.74533,0.43573,0.50342,20.015,-4.6589,1.4908
0.036153,0.74476,0.43581,0.50408,19.988,-4.6783,1.5073
0.037803,0.74418,0.43589,0.50474,19.96,-4.6975,1.5238
0.039454,0.74361,0.43596,0.5054,19.933,-4.7163,1.5402
0.041104,0.74302,0.43603,0.50606,19.905,-4.7349,1.5565
0.042754,0.74244,0.43611,0.50672,19.878,-4.7533,1.5727
0.044404,0.74186,0.43618,0.50737,19.851,-4.7713,1.5887
0.046053,0.74127,0.43625,0.50803,19.824,-4.7891,1.6045
0.047703,0.74068,0.43631,0.50868,19.797,-4.8066,1.62
0.049352,0.74008,0.43638,0.50933,19.77,-4.8238,1.6352
0.051002,0.73948,0.43644,0.50998,19.743,-4.8408,1.6501
0.052651,0.73889,0.43651,0.51062,19.716,-4.8574,1.6646
0.0543,0.73828,0.43657,0.51127,19.69,-4.8738,1.6787
0.055948,0.73768,0.43663,0.51191,19.663,-4.8898,1.6923
0.057597,0.73707,0.43669,0.51255,19.637,-4.9056,1.7055
0.059245,0.73646,0.43674,0.51319,19.611,-4.9211,1.7181
0.060893,0.73585,0.4368,0.51383,19.586,-4.9363,1.7302
0.062541,0.73524,0.43685,0.51447,19.56,-4.9513,1.7418
0.064189,0.73462,0.4369,0.5151,19.535,-4.9659,1.7527
0.065836,0.734,0.43696,0.51573,19.511,-4.9802,1.763
0.067483,0.73338,0.437,0.51636,19.486,-4.9942,1.7726
0.06913,0.73275,0.43705,0.51699,19.462,-5.0079,1.7816
0.070777,0.73213,0.4371,0.51762,19.438,-5.0214,1.7898
0.072423,0.7315,0.43714,0.51824,19.415,-5.0345,1.7973
0.074069,0.73086,0.43719,0.51886,19.392,-5.0473,1.8041
0.075715,0.73023,0.43723,0.51949,19.369,-5.0598,1.8101
0.077361,0.72959,0.43727,0.5201,19.347,-5.072,1.8154
0.079006,0.72895,0.43731,0.52072,19.325,-5.0839,1.8199
0.080652,0.72831,0.43734,0.52134,19.303,-5.0955,1.8235
0.082296,0.72766,0.43738,0.52195,19.282,-5.1068,1.8264
0.083941,0.72702,0.43741,0.52256,19.261,-5.1178,1.8284
0.085585,0.72636,0.43745,0.52317,19.241,-5.1284,1.8296
0.087229,0.72571,0.43748,0.52378,19.222,-5.1388,1.83
0.088873,0.72506,0.43751,0.52439,19.202,-5.1488,1.8296
0.090516,0.7244,0.43753,0.52499,19.184,-5.1585,1.8283
0.092159,0.72374,0.43756,0.5256,19.166,-5.1679,1.8262
0.093802,0.72307,0.43758,0.5262,19.148,-5.177,1.8233
0.095444,0.72241,0.43761,0.5268,19.131,-5.1858,1.8196
0.097086,0.72174,0.43763,0.52739,19.114,-5.1942,1.8151
0.098728,0.72107,0.43765,0.52799,19.098,-5.2023,1.8098
0.10037,0.7204,0.43767,0.52858,19.083,-5.2101,1.8038
0.10201,0.71972,0.43768,0.52918,19.068,-5.2176,1.797
0.10365,0.71904,0.4377,0.52977,19.054,-5.2248,1.7894
0.10529,0.71836,0.43771,0.53035,19.04,-5.2316,1.7811
0.10693,0.71768,0.43773,0.53094,19.027,-5.2382,1.7721
0.10857,0.71699,0.43774,0.53152,19.014,-5.2444,1.7624
0.11021,0.71631,0.43775,0.53211,19.002,-5.2502,1.7521
0.11185,0.71562,0.43775,0.53269,18.991,-5.2558,1.7412
0.11349,0.71492,0.43776,0.53327,18.98,-5.261,1.7296
0.11513,0.71423,0.43777,0.53384,18.97,-5.2659,1.7175
0.11676,0.71353,0.43777,0.53442,18.961,-5.2705,1.7048
0.1184,0.71283,0.43777,0.53499,18.952,-5.2747,1.6916
0.12004,0.71212,0.43777,0.53556,18.944,-5.2786,1.6779
0.12167,0.71142,0.43777,0.53613,18.937,-5.2822,1.6638
0.12331,0.71071,0.43777,0.5367,18.93,-5.2855,1.6493
0.12494,0.71,0.43776,0.53727,18.924,-5.2884,1.6344
0.12658,0.70929,0.43776,0.53783,18.919,-5.291,1.6192
0.12821,0.70857,0.43775,0.53839,18.914,-5.2933,1.6036
0.12985,0.70785,0.43774,0.53895,18.91,-5.2952,1.5878
0.13148,0.70713,0.43773,0.53951,18.907,-5.2968,1.5718
0.13312,0.70641,0.43772,0.54007,18.904,-5.2981,1.5557
0.13475,0.70568,0.4377,0.54062,18.902,-5.2991,1.5393
0.13638,0.70495,0.43769,0.54117,18.901,-5.2997,1.5229
0.13801,0.70422,0.43767,0.54172,18.9,-5.3,1.5064
0.13964,0.70349,0.43765,0.54227,18.9,-5.2999,1.4899
0.14127,0.70276,0.43763,0.54282,18.901,-5.2996,1.4734
0.1429,0.70202,0.43761,0.54336,18.902,-5.2989,1.457
0.14453,0.70128,0.43759,0.54391,18.904,-5.2978,1.4407
0.14616,0.70053,0.43757,0.54445,18.907,-5.2965,1.4246
0.14779,0.69979,0.43754,0.54499,18.911,-5.2948,1.4086
0.14942,0.69904,0.43751,0.54552,18.915,-5.2928,1.3929
0.15105,0.69829,0.43748,0.54606,18.92,-5.2904,1.3774
0.15268,0.69754,0.43745,0.54659,18.925,-5.2878,1.3623
0.1543,0.69678,0.43742,0.54712,18.932,-5.2848,1.3475
0.15593,0.69603,0.43739,0.54765,18.938,-5.2814,1.333
0.15756,0.69527,0.43735,0.54818,18.946,-5.2778,1.319
0.15918,0.6945,0.43732,0.54871,18.954,-5.2738,1.3054
0.1608,0.69374,0.43728,0.54923,18.963,-5.2695,1.2924
0.16243,0.69297,0.43724,0.54975,18.973,-5.2648,1.2798
0.16405,0.6922,0.4372,0.55027,18.983,-5.2599,1.2678
0.16567,0.69143,0.43716,0.55079,18.993,-5.2546,1.2564
0.1673,0.69066,0.43711,0.55131,19.005,-5.249,1.2455
0.16892,0.68988,0.43707,0.55182,19.017,-5.243,1.2354
0.17054,0.6891,0.43702,0.55233,19.03,-5.2367,1.2258
0.17216,0.68832,0.43697,0.55284,19.043,-5.2302,1.217
0.17378,0.68753,0.43692,0.55335,19.057,-5.2232,1.2089
0.1754,0.68675,0.43687,0.55386,19.071,-5.216,1.2015
0.17702,0.68596,0.43681,0.55436,19.086,-5.2084,1.1948
0.17864,0.68517,0.43676,0.55487,19.102,-5.2006,1.1889
0.18025,0.68437,0.4367,0.55537,19.118,-5.1924,1.1838
0.18187,0.68358,0.43664,0.55587,19.135,-5.1838,1.1795
0.18349,0.68278,0.43658,0.55636,19.152,-5.175,1.176
0.1851,0.68198,0.43652,0.55686,19.17,-5.1659,1.1732
0.18672,0.68117,0.43646,0.55735,19.188,-5.1564,1.1713
0.18833,0.68037,0.4364,0.55784,19.207,-5.1466,1.1703
0.18994,0.67956,0.43633,0.55833,19.226,-5.1365,1.17
0.19156,0.67875,0.43626,0.55882,19.246,-5.1261,1.1706
0.19317,0.67794,0.4362,0.5593,19.266,-5.1153,1.172
0.19478,0.67712,0.43613,0.55979,19.287,-5.1043,1.1742
0.19639,0.6763,0.43605,0.56027,19.308,-5.093,1.1772
0.198,0.67548,0.43598,0.56075,19.329,-5.0813,1.1811
0.19961,0.67466,0.43591,0.56122,19.351,-5.0693,1.1857
0.20122,0.67384,0.43583,0.5617,19.374,-5.0571,1.1911
0.20283,0.67301,0.43575,0.56217,19.397,-5.0445,1.1973
0.20444,0.67218,0.43567,0.56264,19.42,-5.0316,1.2043
0.20604,0.67135,0.43559,0.56311,19.443,-5.0184,1.212
0.20765,0.67051,0.43551,0.56358,19.467,-5.0049,1.2204
0.20925,0.66968,0.43543,0.56405,19.492,-4.9911,1.2295
0.21086,0.66884,0.43534,0.56451,19.516,-4.977,1.2393
0.21246,0.668,0.43525,0.56497,19.541,-4.9626,1.2497
0.21407,0.66716,0.43516,0.56543,19.566,-4.948,1.2607
0.21567,0.66631,0.43507,0.56589,19.591,-4.933,1.2724
0.21727,0.66546,0.43498,0.56634,19.617,-4.9177,1.2846
0.21887,0.66461,0.43489,0.5668,19.643,-4.9022,1.2974
0.22047,0.66376,0.4348,0.56725,19.669,-4.8863,1.3107
0.22207,0.6629,0.4347,0.5677,19.695,-4.8702,1.3244
0.22367,0.66205,0.4346,0.56815,19.722,-4.8537,1.3386
0.22526,0.66119,0.4345,0.56859,19.749,-4.837,1.3532
0.22686,0.66032,0.4344,0.56904,19.776,-4.82,1.3681
0.22846,0.65946,0.4343,0.56948,19.803,-4.8027,1.3834
0.23005,0.65859,0.4342,0.56992,19.83,-4.7852,1.399
0.23165,0.65772,0.43409,0.57035,19.857,-4.7673,1.4148
0.23324,0.65685,0.43398,0.57079,19.884,-4.7492,1.4309
0.23483,0.65598,0.43388,0.57122,19.912,-4.7308,1.4471
0.23643,0.6551,0.43377,0.57166,19.939,-4.7122,1.4634
0.23802,0.65422,0.43365,0.57209,19.966,-4.6932,1.4799
0.23961,0.65334,0.43354,0.57251,19.994,-4.674,1.4964
0.2412,0.65246,0.43343,0.57294,20.021,-4.6546,1.5129
0.24279,0.65158,0.43331,0.57336,20.049,-4.6348,1.5293
0.24437,0.65069,0.43319,0.57378,20.076,-4.6148,1.5457
0.24596,0.6498,0.43308,0.5742,20.104,-4.5946,1.562
0.24755,0.64891,0.43296,0.57462,20.131,-4.574,1.5781
0.24913,0.64801,0.43283,0.57504,20.158,-4.5533,1.594
0.25072,0.64712,0.43271,0.57545,20.186,-4.5322,1.6097
0.2523,0.64622,0.43258,0.57586,20.213,-4.5109,1.6251
0.25388,0.64532,0.43246,0.57627,20.239,-4.4894,1.6402
0.25546,0.64441,0.43233,0.57668,20.266,-4.4676,1.655
0.25704,0.64351,0.4322,0.57708,20.293,-4.4456,1.6694
0.25862,0.6426,0.43207,0.57749,20.319,-4.4233,1.6833
0.2602,0.64169,0.43194,0.57789,20.345,-4.4008,1.6968
0.26178,0.64078,0.4318,0.57829,20.371,-4.378,1.7098
0.26336,0.63986,0.43167,0.57869,20.397,-4.355,1.7223
0.26493,0.63895,0.43153,0.57908,20.423,-4.3318,1.7342
0.26651,0.63803,0.43139,0.57948,20.448,-4.3083,1.7455
0.26808,0.63711,0.43125,0.57987,20.473,-4.2846,1.7562
0.26966,0.63618,0.43111,0.58026,20.498,-4.2607,1.7663
0.27123,0.63526,0.43097,0.58064,20.522,-4.2365,1.7757
0.2728,0.63433,0.43082,0.58103,20.546,-4.2122,1.7844
0.27437,0.6334,0.43068,0.58141,20.57,-4.1876,1.7924
0.27594,0.63247,0.43053,0.58179,20.593,-4.1628,1.7997
0.27751,0.63153,0.43038,0.58217,20.616,-4.1377,1.8062
0.27908,0.6306,0.43023,0.58255,20.639,-4.1125,1.812
0.28065,0.62966,0.43008,0.58292,20.661,-4.087,1.817
0.28221,0.62872,0.42992,0.5833,20.683,-4.0614,1.8212
0.28378,0.62777,0.42977,0.58367,20.704,-4.0355,1.8246
0.28534,0.62683,0.42961,0.58404,20.725,-4.0094,1.8271
0.2869,0.62588,0.42945,0.5844,20.745,-3.9831,1.8289
0.28846,0.62493,0.42929,0.58477,20.765,-3.9567,1.8298
0.29003,0.62398,0.42913,0.58513,20.785,-3.93,1.8299
0.29158,0.62302,0.42897,0.58549,20.804,-3.9031,1.8292
0.29314,0.62207,0.42881,0.58585,20.822,-3.8761,1.8277
0.2947,0.62111,0.42864,0.58621,20.84,-3.8488,1.8253
0.29626,0.62015,0.42847,0.58656,20.858,-3.8214,1.8222
0.29781,0.61919,0.4283,0.58692,20.875,-3.7938,1.8182
0.29937,0.61822,0.42813,0.58727,20.891,-3.766,1.8134
0.30092,0.61725,0.42796,0.58762,20.907,-3.738,1.8079
0.30247,0.61628,0.42779,0.58796,20.922,-3.7099,1.8016
0.30403,0.61531,0.42762,0.58831,20.937,-3.6816,1.7945
0.30558,0.61434,0.42744,0.58865,20.951,-3.6531,1.7867
0.30713,0.61336,0.42726,0.58899,20.965,-3.6245,1.7782
0.30867,0.61238,0.42708,0.58933,20.978,-3.5957,1.7689
0.31022,0.6114,0.4269,0.58966,20.99,-3.5667,1.759
0.31177,0.61042,0.42672,0.59,21.002,-3.5376,1.7485
0.31331,0.60944,0.42654,0.59033,21.013,-3.5083,1.7373
0.31486,0.60845,0.42635,0.59066,21.023,-3.4789,1.7256
0.3164,0.60746,0.42616,0.59099,21.033,-3.4493,1.7133
0.31794,0.60647,0.42598,0.59131,21.042,-3.4196,1.7004
0.31948,0.60548,0.42579,0.59164,21.05,-3.3897,1.687
0.32102,0.60448,0.4256,0.59196,21.058,-3.3597,1.6732
0.32256,0.60349,0.4254,0.59228,21.065,-3.3296,1.659
0.3241,0.60249,0.42521,0.5926,21.072,-3.2993,1.6443
0.32563,0.60149,0.42501,0.59291,21.078,-3.2689,1.6293
0.32717,0.60048,0.42482,0.59322,21.083,-3.2384,1.614
0.3287,0.59948,0.42462,0.59354,21.087,-3.2077,1.5984
0.33023,0.59847,0.42442,0.59384,21.091,-3.177,1.5825
0.33176,0.59746,0.42422,0.59415,21.094,-3.1461,1.5664
0.33329,0.59645,0.42401,0.59446,21.097,-3.1151,1.5502
0.33482,0.59543,0.42381,0.59476,21.099,-3.084,1.5338
0.33635,0.59442,0.4236,0.59506,21.1,-3.0527,1.5174
0.33788,0.5934,0.4234,0.59536,21.1,-3.0214,1.5009
0.3394,0.59238,0.42319,0.59566,21.1,-2.99,1.4844
0.34093,0.59136,0.42298,0.59595,21.099,-2.9585,1.4679
0.34245,0.59033,0.42276,0.59624,21.097,-2.9268,1.4515
0.34397,0.58931,0.42255,0.59653,21.095,-2.8951,1.4353
0.34549,0.58828,0.42234,0.59682,21.092,-2.8633,1.4192
0.34701,0.58725,0.42212,0.59711,21.088,-2.8314,1.4033
0.34853,0.58621,0.4219,0.59739,21.083,-2.7994,1.3877
0.35005,0.58518,0.42168,0.59767,21.078,-2.7674,1.3723
0.35156,0.58414,0.42146,0.59795,21.073,-2.7352,1.3572
0.35308,0.5831,0.42124,0.59823,21.066,-2.703,1.3426
0.35459,0.58206,0.42102,0.59851,21.059,-2.6708,1.3283
0.35611,0.58102,0.42079,0.59878,21.051,-2.6384,1.3144
0.35762,0.57997,0.42056,0.59905,21.043,-2.606,1.301
0.35913,0.57893,0.42034,0.59932,21.034,-2.5735,1.2881
0.36063,0.57788,0.42011,0.59959,21.024,-2.541,1.2757
0.36214,0.57683,0.41988,0.59986,21.014,-2.5084,1.2639
0.36365,0.57577,0.41964,0.60012,21.003,-2.4758,1.2527
0.36515,0.57472,0.41941,0.60038,20.991,-2.4431,1.242
0.36666,0.57366,0.41917,0.60064,20.979,-2.4104,1.2321
0.36816,0.5726,0.41894,0.6009,20.966,-2.3776,1.2228
0.36966,0.57154,0.4187,0.60115,20.953,-2.3448,1.2142
0.37116,0.57048,0.41846,0.6014,20.939,-2.312,1.2063
0.37266,0.56941,0.41822,0.60165,20.924,-2.2791,1.1991
0.37415,0.56835,0.41797,0.6019,20.909,-2.2462,1.1927
0.37565,0.56728,0.41773,0.60215,20.893,-2.2133,1.1871
0.37714,0.56621,0.41748,0.60239,20.877,-2.1804,1.1823
0.37864,0.56513,0.41724,0.60264,20.86,-2.1474,1.1782
0.38013,0.56406,0.41699,0.60288,20.842,-2.1144,1.175
0.38162,0.56298,0.41674,0.60311,20.824,-2.0815,1.1725
0.38311,0.5619,0.41649,0.60335,20.806,-2.0485,1.1709
0.38459,0.56082,0.41623,0.60358,20.787,-2.0155,1.1701
0.38608,0.55974,0.41598,0.60382,20.767,-1.9825,1.1701
0.38757,0.55866,0.41572,0.60404,20.747,-1.9495,1.171
0.38905,0.55757,0.41547,0.60427,20.727,-1.9165,1.1726
0.39053,0.55648,0.41521,0.6045,20.706,-1.8835,1.1751
0.39201,0.55539,0.41495,0.60472,20.685,-1.8505,1.1784
0.39349,0.5543,0.41469,0.60494,20.663,-1.8176,1.1825
0.39497,0.5532,0.41442,0.60516,20.641,-1.7846,1.1874
0.39645,0.55211,0.41416,0.60538,20.618,-1.7517,1.1931
0.39792,0.55101,0.41389,0.60559,20.596,-1.7188,1.1996
0.3994,0.54991,0.41362,0.6058,20.572,-1.6859,1.2068
0.40087,0.5488,0.41336,0.60602,20.549,-1.6531,1.2147
0.40234,0.5477,0.41309,0.60622,20.525,-1.6203,1.2233
0.40381,0.54659,0.41281,0.60643,20.5,-1.5875,1.2327
0.40528,0.54549,0.41254,0.60663,20.476,-1.5548,1.2427
0.40674,0.54438,0.41227,0.60684,20.451,-1.5222,1.2533
0.40821,0.54326,0.41199,0.60704,20.425,-1.4895,1.2646
0.40967,0.54215,0.41171,0.60723,20.4,-1.4569,1.2765
0.41114,0.54104,0.41143,0.60743,20.374,-1.4244,1.2889
0.4126,0.53992,0.41115,0.60762,20.348,-1.392,1.3018
0.41406,0.5388,0.41087,0.60781,20.322,-1.3596,1.3152
0.41552,0.53768,0.41059,0.608,20.296,-1.3272,1.3291
0.41697,0.53655,0.4103,0.60819,20.269,-1.2949,1.3435
0.41843,0.53543,0.41002,0.60838,20.242,-1.2627,1.3582
0.41988,0.5343,0.40973,0.60856,20.215,-1.2306,1.3732
0.42133,0.53317,0.40944,0.60874,20.188,-1.1986,1.3886
0.42279,0.53204,0.40915,0.60892,20.161,-1.1666,1.4043
0.42424,0.53091,0.40886,0.60909,20.134,-1.1347,1.4202
0.42568,0.52978,0.40856,0.60927,20.107,-1.1029,1.4363
0.42713,0.52864,0.40827,0.60944,20.079,-1.0712,1.4526
0.42857,0.5275,0.40797,0.60961,20.052,-1.0396,1.469
0.43002,0.52636,0.40767,0.60978,20.024,-1.008,1.4854
0.43146,0.52522,0.40737,0.60994,19.997,-0.97662,1.5019
0.4329,0.52408,0.40707,0.61011,19.969,-0.9453,1.5184
0.43434,0.52293,0.40677,0.61027,19.942,-0.91408,1.5348
0.43578,0.52178,0.40647,0.61043,19.914,-0.88298,1.5512
0.43721,0.52063,0.40616,0.61059,19.887,-0.85198,1.5674
0.43865,0.51948,0.40586,0.61074,19.86,-0.8211,1.5835
0.44008,0.51833,0.40555,0.61089,19.832,-0.79034,1.5993
0.44151,0.51718,0.40524,0.61105,19.805,-0.75969,1.6149
0.44294,0.51602,0.40493,0.61119,19.778,-0.72918,1.6303
0.44437,0.51486,0.40462,0.61134,19.751,-0.69879,1.6453
0.4458,0.5137,0.40431,0.61148,19.725,-0.66853,1.6599
0.44722,0.51254,0.40399,0.61163,19.698,-0.6384,1.6741
0.44865,0.51138,0.40367,0.61177,19.672,-0.60841,1.6879
0.45007,0.51021,0.40336,0.61191,19.646,-0.57855,1.7012
0.45149,0.50904,0.40304,0.61204,19.62,-0.54884,1.714
0.45291,0.50787,0.40272,0.61217,19.594,-0.51928,1.7263
0.45432,0.5067,0.4024,0.61231,19.569,-0.48986,1.7381
0.45574,0.50553,0.40207,0.61244,19.544,-0.4606,1.7492
0.45715,0.50436,0.40175,0.61256,19.519,-0.43148,1.7597
0.45857,0.50318,0.40142,0.61269,19.494,-0.40253,1.7695
0.45998,0.502,0.40109,0.61281,19.47,-0.37373,1.7787
0.46139,0.50082,0.40077,0.61293,19.446,-0.3451,1.7872
0.46279,0.49964,0.40043,0.61305,19.422,-0.31663,1.795
0.4642,0.49846,0.4001,0.61317,19.399,-0.28833,1.802
0.4656,0.49727,0.39977,0.61328,19.376,-0.26021,1.8083
0.46701,0.49609,0.39944,0.61339,19.354,-0.23225,1.8138
0.46841,0.4949,0.3991,0.6135,19.332,-0.20448,1.8185
0.46981,0.49371,0.39876,0.61361,19.31,-0.17688,1.8224
0.47121,0.49252,0.39842,0.61372,19.289,-0.14946,1.8255
0.4726,0.49133,0.39808,0.61382,19.268,-0.12223,1.8278
0.474,0.49013,0.39774,0.61392,19.248,-0.095191,1.8293
0.47539,0.48893,0.3974,0.61402,19.228,-0.068339,1.83
0.47678,0.48773,0.39706,0.61412,19.209,-0.04168,1.8298
0.47817,0.48653,0.39671,0.61421,19.19,-0.015218,1.8288
0.47956,0.48533,0.39636,0.61431,19.171,0.011047,1.827
0.48094,0.48413,0.39601,0.6144,19.154,0.03711,1.8244
0.48233,0.48292,0.39566,0.61449,19.136,0.06297,1.8209
0.48371,0.48172,0.39531,0.61457,19.12,0.088623,1.8167
0.48509,0.48051,0.39496,0.61466,19.103,0.11407,1.8117
0.48647,0.4793,0.39461,0.61474,19.088,0.1393,1.8058
0.48785,0.47808,0.39425,0.61482,19.073,0.16432,1.7993
0.48923,0.47687,0.39389,0.6149,19.058,0.18912,1.7919
0.4906,0.47566,0.39354,0.61497,19.044,0.21371,1.7839
0.49197,0.47444,0.39318,0.61505,19.031,0.23807,1.7751
0.49334,0.47322,0.39282,0.61512,19.018,0.26221,1.7657
0.49471,0.472,0.39245,0.61519,19.006,0.28612,1.7556
0.49608,0.47078,0.39209,0.61526,18.995,0.3098,1.7448
0.49745,0.46955,0.39173,0.61532,18.984,0.33326,1.7334
0.49881,0.46833,0.39136,0.61538,18.974,0.35648,1.7215
0.50017,0.4671,0.39099,0.61544,18.964,0.37946,1.709
0.50153,0.46587,0.39062,0.6155,18.955,0.4022,1.696
0.50289,0.46464,0.39025,0.61556,18.947,0.42471,1.6825
0.50425,0.46341,0.38988,0.61561,18.939,0.44697,1.6685
0.5056,0.46218,0.38951,0.61566,18.932,0.46899,1.6541
0.50696,0.46094,0.38913,0.61571,18.926,0.49076,1.6393
0.50831,0.4597,0.38876,0.61576,18.92,0.51229,1.6242
0.50966,0.45847,0.38838,0.61581,18.915,0.53356,1.6087
0.51101,0.45723,0.388,0.61585,18.911,0.55458,1.593
0.51235,0.45598,0.38762,0.61589,18.908,0.57534,1.5771
0.5137,0.45474,0.38724,0.61593,18.905,0.59584,1.561
0.51504,0.4535,0.38686,0.61597,18.903,0.61609,1.5447
0.51638,0.45225,0.38647,0.616,18.901,0.63607,1.5283
0.51772,0.451,0.38609,0.61604,18.9,0.65579,1.5118
0.51906,0.44975,0.3857,0.61607,18.9,0.67525,1.4953
0.52039,0.4485,0.38531,0.61609,18.901,0.69443,1.4788
0.52172,0.44725,0.38492,0.61612,18.902,0.71335,1.4624
0.52306,0.44599,0.38453,0.61614,18.904,0.732,1.4461
0.52439,0.44474,0.38414,0.61617,18.906,0.75037,1.4299
0.52571,0.44348,0.38375,0.61619,18.91,0.76847,1.4138
0.52704,0.44222,0.38335,0.6162,18.914,0.78629,1.398
0.52837,0.44096,0.38296,0.61622,18.918,0.80383,1.3825
0.52969,0.4397,0.38256,0.61623,18.924,0.82109,1.3672
0.53101,0.43844,0.38216,0.61624,18.929,0.83807,1.3523
0.53233,0.43717,0.38176,0.61625,18.936,0.85477,1.3377
0.53364,0.43591,0.38136,0.61626,18.943,0.87118,1.3235
0.53496,0.43464,0.38096,0.61626,18.951,0.88731,1.3098
0.53627,0.43337,0.38055,0.61627,18.96,0.90314,1.2966
0.53758,0.4321,0.38015,0.61627,18.969,0.91868,1.2839
0.53889,0.43082,0.37974,0.61626,18.979,0.93394,1.2717
0.5402,0.42955,0.37933,0.61626,18.99,0.9489,1.26
0.54151,0.42827,0.37892,0.61625,19.001,0.96356,1.249
0.54281,0.427,0.37851,0.61625,19.013,0.97793,1.2386
0.54411,0.42572,0.3781,0.61624,19.025,0.992,1.2289
0.54541,0.42444,0.37769,0.61622,19.038,1.0058,1.2198
0.54671,0.42316,0.37727,0.61621,19.052,1.0192,1.2115
0.54801,0.42187,0.37685,0.61619,19.066,1.0324,1.2038
0.5493,0.42059,0.37644,0.61617,19.081,1.0453,1.1969
0.55059,0.4193,0.37602,0.61615,19.097,1.0578,1.1908
0.55188,0.41801,0.3756,0.61613,19.113,1.0701,1.1854
0.55317,0.41673,0.37518,0.6161,19.129,1.082,1.1808
0.55446,0.41544,0.37475,0.61607,19.146,1.0937,1.177
0.55574,0.41414,0.37433,0.61604,19.164,1.105,1.174
0.55703,0.41285,0.3739,0.61601,19.182,1.116,1.1719
0.55831,0.41156,0.37348,0.61598,19.2,1.1267,1.1705
0.55959,0.41026,0.37305,0.61594,19.22,1.1371,1.17
0.56086,0.40896,0.37262,0.6159,19.239,1.1472,1.1703
0.56214,0.40766,0.37219,0.61586,19.259,1.157,1.1714
0.56341,0.40636,0.37176,0.61582,19.28,1.1664,1.1734
0.56468,0.40506,0.37133,0.61577,19.301,1.1756,1.1762
0.56595,0.40376,0.37089,0.61573,19.322,1.1844,1.1797
0.56722,0.40245,0.37046,0.61568,19.344,1.1929,1.1841
0.56848,0.40115,0.37002,0.61563,19.367,1.2011,1.1893
0.56975,0.39984,0.36958,0.61557,19.389,1.2089,1.1952
0.57101,0.39853,0.36914,0.61552,19.412,1.2165,1.2019
0.57227,0.39722,0.3687,0.61546,19.436,1.2237,1.2094
0.57352,0.39591,0.36826,0.6154,19.459,1.2306,1.2175
0.57478,0.39459,0.36781,0.61534,19.484,1.2371,1.2264
0.57603,0.39328,0.36737,0.61527,19.508,1.2434,1.236
0.57728,0.39196,0.36692,0.61521,19.533,1.2493,1.2462
0.57853,0.39065,0.36648,0.61514,19.558,1.2549,1.2571
0.57978,0.38933,0.36603,0.61507,19.583,1.2602,1.2685
0.58102,0.38801,0.36558,0.61499,19.609,1.2651,1.2806
0.58227,0.38669,0.36513,0.61492,19.635,1.2698,1.2932
0.58351,0.38536,0.36467,0.61484,19.661,1.2741,1.3063
0.58474,0.38404,0.36422,0.61476,19.687,1.278,1.3199
0.58598,0.38271,0.36376,0.61468,19.713,1.2817,1.3339
0.58722,0.38139,0.36331,0.6146,19.74,1.285,1.3484
0.58845,0.38006,0.36285,0.61451,19.767,1.288,1.3632
0.58968,0.37873,0.36239,0.61442,19.794,1.2906,1.3784
0.59091,0.3774,0.36193,0.61433,19.821,1.2929,1.3939
0.59213,0.37607,0.36147,0.61424,19.848,1.2949,1.4096
0.59336,0.37473,0.36101,0.61415,19.875,1.2966,1.4256
0.59458,0.3734,0.36054,0.61405,19.903,1.2979,1.4418
0.5958,0.37206,0.36008,0.61395,19.93,1.2989,1.4581
0.59702,0.37072,0.35961,0.61385,19.957,1.2996,1.4745
0.59824,0.36939,0.35915,0.61375,19.985,1.3,1.491
0.59945,0.36805,0.35868,0.61364,20.012,1.3,1.5075
0.60066,0.3667,0.35821,0.61353,20.04,1.2997,1.5239
0.60187,0.36536,0.35773,0.61342,20.067,1.299,1.5404
0.60308,0.36402,0.35726,0.61331,20.095,1.298,1.5567
0.60428,0.36267,0.35679,0.6132,20.122,1.2967,1.5728
0.60549,0.36133,0.35631,0.61308,20.149,1.2951,1.5888
0.60669,0.35998,0.35584,0.61296,20.177,1.2931,1.6046
0.60789,0.35863,0.35536,0.61284,20.204,1.2908,1.6201
0.60908,0.35728,0.35488,0.61272,20.231,1.2882,1.6353
0.61028,0.35593,0.3544,0.6126,20.258,1.2853,1.6502
0.61147,0.35458,0.35392,0.61247,20.284,1.282,1.6647
0.61266,0.35322,0.35344,0.61234,20.311,1.2784,1.6788
0.61385,0.35187,0.35295,0.61221,20.337,1.2745,1.6924
0.61504,0.35051,0.35247,0.61208,20.363,1.2702,1.7056
0.61622,0.34915,0.35198,0.61194,20.389,1.2656,1.7182
0.6174,0.34779,0.35149,0.6118,20.414,1.2607,1.7303
0.61858,0.34643,0.351,0.61166,20.44,1.2554,1.7419
0.61976,0.34507,0.35051,0.61152,20.465,1.2499,1.7528
0.62094,0.34371,0.35002,0.61138,20.49,1.244,1.7631
0.62211,0.34235,0.34953,0.61123,20.514,1.2378,1.7727
0.62328,0.34098,0.34904,0.61108,20.538,1.2312,1.7816
0.62445,0.33962,0.34854,0.61093,20.562,1.2244,1.7899
0.62562,0.33825,0.34804,0.61078,20.586,1.2172,1.7974
0.62678,0.33688,0.34755,0.61063,20.609,1.2097,1.8042
0.62794,0.33551,0.34705,0.61047,20.631,1.2018,1.8102
0.6291,0.33414,0.34655,0.61031,20.654,1.1937,1.8154
0.63026,0.33277,0.34605,0.61015,20.676,1.1852,1.8199
0.63142,0.3314,0.34555,0.60999,20.697,1.1764,1.8235
0.63257,0.33002,0.34504,0.60982,20.718,1.1673,1.8264
0.63372,0.32865,0.34454,0.60966,20.739,1.1579,1.8284
0.63487,0.32727,0.34403,0.60949,20.759,1.1482,1.8296
0.63602,0.32589,0.34352,0.60931,20.779,1.1381,1.83
0.63716,0.32451,0.34302,0.60914,20.798,1.1278,1.8296
0.63831,0.32313,0.34251,0.60896,20.816,1.1171,1.8283
0.63945,0.32175,0.342,0.60879,20.835,1.1061,1.8262
0.64059,0.32037,0.34148,0.60861,20.852,1.0948,1.8233
0.64172,0.31899,0.34097,0.60842,20.869,1.0832,1.8196
0.64285,0.3176,0.34046,0.60824,20.886,1.0713,1.8151
0.64399,0.31622,0.33994,0.60805,20.902,1.059,1.8098
0.64511,0.31483,0.33943,0.60786,20.917,1.0465,1.8037
0.64624,0.31344,0.33891,0.60767,20.932,1.0337,1.7969
0.64737,0.31205,0.33839,0.60748,20.947,1.0205,1.7893
0.64849,0.31066,0.33787,0.60729,20.96,1.0071,1.781
0.64961,0.30927,0.33735,0.60709,20.973,0.99334,1.772
0.65073,0.30788,0.33682,0.60689,20.986,0.9793,1.7623
0.65184,0.30649,0.3363,0.60669,20.998,0.96496,1.752
0.65295,0.30509,0.33578,0.60648,21.009,0.95032,1.7411
0.65407,0.3037,0.33525,0.60628,21.02,0.93539,1.7295
0.65517,0.3023,0.33472,0.60607,21.03,0.92017,1.7173
0.65628,0.3009,0.33419,0.60586,21.039,0.90465,1.7047
0.65738,0.29951,0.33366,0.60565,21.048,0.88885,1.6915
0.65849,0.29811,0.33313,0.60543,21.056,0.87275,1.6778
0.65959,0.29671,0.3326,0.60522,21.063,0.85637,1.6637
0.66068,0.2953,0.33207,0.605,21.07,0.8397,1.6492
0.66178,0.2939,0.33153,0.60478,21.076,0.82275,1.6343
0.66287,0.2925,0.331,0.60456,21.081,0.80551,1.619
0.66396,0.29109,0.33046,0.60433,21.086,0.78799,1.6035
0.66505,0.28969,0.32992,0.60411,21.09,0.7702,1.5877
0.66613,0.28828,0.32939,0.60388,21.093,0.75213,1.5717
0.66722,0.28687,0.32885,0.60365,21.096,0.73378,1.5555
0.6683,0.28546,0.3283,0.60341,21.098,0.71516,1.5392
0.66938,0.28405,0.32776,0.60318,21.099,0.69627,1.5228
0.67045,0.28264,0.32722,0.60294,21.1,0.67711,1.5063
0.67153,0.28123,0.32667,0.6027,21.1,0.65768,1.4898
0.6726,0.27982,0.32613,0.60246,21.099,0.63799,1.4733
0.67367,0.27841,0.32558,0.60221,21.098,0.61803,1.4569
0.67473,0.27699,0.32503,0.60197,21.095,0.59781,1.4406
0.6758,0.27557,0.32448,0.60172,21.093,0.57733,1.4244
0.67686,0.27416,0.32393,0.60147,21.089,0.55659,1.4085
0.67792,0.27274,0.32338,0.60122,21.085,0.5356,1.3928
0.67898,0.27132,0.32283,0.60096,21.08,0.51435,1.3773
0.68003,0.2699,0.32228,0.60071,21.075,0.49285,1.3621
0.68108,0.26848,0.32172,0.60045,21.068,0.4711,1.3473
0.68213,0.26706,0.32117,0.60019,21.061,0.44911,1.3329
0.68318,0.26564,0.32061,0.59993,21.054,0.42687,1.3189
0.68423,0.26422,0.32005,0.59966,21.046,0.40439,1.3053
0.68527,0.26279,0.31949,0.59939,21.037,0.38166,1.2922
0.68631,0.26137,0.31893,0.59913,21.027,0.3587,1.2797
0.68735,0.25994,0.31837,0.59885,21.017,0.33551,1.2677
0.68838,0.25851,0.31781,0.59858,21.006,0.31208,1.2563
0.68942,0.25709,0.31724,0.59831,20.995,0.28841,1.2454
0.69045,0.25566,0.31668,0.59803,20.983,0.26452,1.2353
0.69148,0.25423,0.31611,0.59775,20.97,0.24041,1.2258
0.6925,0.2528,0.31554,0.59747,20.957,0.21607,1.2169
0.69353,0.25137,0.31498,0.59718,20.943,0.1915,1.2088
0.69455,0.24993,0.31441,0.5969,20.929,0.16672,1.2014
0.69557,0.2485,0.31384,0.59661,20.914,0.14172,1.1948
0.69658,0.24707,0.31326,0.59632,20.898,0.11651,1.1889
0.6976,0.24563,0.31269,0.59603,20.882,0.091087,1.1838
0.69861,0.2442,0.31212,0.59573,20.865,0.065454,1.1794
0.69962,0.24276,0.31154,0.59544,20.848,0.039614,1.1759
0.70062,0.24132,0.31097,0.59514,20.83,0.013571,1.1732
0.70163,0.23988,0.31039,0.59484,20.812,-0.012675,1.1713
0.70263,0.23844,0.30981,0.59454,20.793,-0.039118,1.1703
0.70363,0.237,0.30923,0.59423,20.774,-0.065758,1.17
0.70462,0.23556,0.30865,0.59393,20.754,-0.092592,1.1706
0.70562,0.23412,0.30807,0.59362,20.734,-0.11962,1.172
0.70661,0.23268,0.30749,0.59331,20.713,-0.14683,1.1742
0.7076,0.23124,0.30691,0.59299,20.692,-0.17423,1.1773
0.70859,0.22979,0.30632,0.59268,20.67,-0.20181,1.1811
0.70957,0.22835,0.30574,0.59236,20.648,-0.22957,1.1857
0.71055,0.2269,0.30515,0.59204,20.626,-0.2575,1.1912
0.71153,0.22546,0.30456,0.59172,20.603,-0.28561,1.1974
0.71251,0.22401,0.30397,0.5914,20.58,-0.3139,1.2043
0.71348,0.22256,0.30338,0.59107,20.556,-0.34235,1.212
0.71446,0.22111,0.30279,0.59075,20.532,-0.37096,1.2204
0.71543,0.21966,0.3022,0.59042,20.508,-0.39974,1.2296
0.71639,0.21821,0.30161,0.59008,20.484,-0.42868,1.2393
0.71736,0.21676,0.30101,0.58975,20.459,-0.45778,1.2498
0.71832,0.21531,0.30042,0.58942,20.434,-0.48703,1.2608
0.71928,0.21386,0.29982,0.58908,20.408,-0.51643,1.2725
0.72023,0.2124,0.29922,0.58874,20.383,-0.54598,1.2847
0.72119,0.21095,0.29862,0.5884,20.357,-0.57568,1.2975
0.72214,0.20949,0.29803,0.58805,20.331,-0.60552,1.3108
0.72309,0.20804,0.29743,0.58771,20.304,-0.6355,1.3245
0.72404,0.20658,0.29682,0.58736,20.278,-0.66561,1.3387
0.72498,0.20512,0.29622,0.58701,20.251,-0.69586,1.3533
0.72592,0.20367,0.29562,0.58666,20.224,-0.72624,1.3683
0.72686,0.20221,0.29501,0.5863,20.197,-0.75674,1.3836
0.7278,0.20075,0.29441,0.58595,20.17,-0.78737,1.3991
0.72873,0.19929,0.2938,0.58559,20.143,-0.81813,1.415
0.72966,0.19783,0.29319,0.58523,20.116,-0.849,1.431
0.73059,0.19637,0.29258,0.58487,20.088,-0.87998,1.4472
0.73152,0.19491,0.29197,0.5845,20.061,-0.91108,1.4636
0.73244,0.19344,0.29136,0.58414,20.033,-0.94228,1.48
0.73336,0.19198,0.29075,0.58377,20.006,-0.97359,1.4965
0.73428,0.19052,0.29014,0.5834,19.978,-1.005,1.513
0.7352,0.18905,0.28953,0.58302,19.951,-1.0365,1.5295
0.73611,0.18759,0.28891,0.58265,19.923,-1.0681,1.5459
0.73702,0.18612,0.28829,0.58227,19.896,-1.0998,1.5621
0.73793,0.18465,0.28768,0.58189,19.869,-1.1316,1.5783
0.73884,0.18319,0.28706,0.58151,19.841,-1.1635,1.5942
0.73974,0.18172,0.28644,0.58113,19.814,-1.1955,1.6099
0.74064,0.18025,0.28582,0.58075,19.787,-1.2275,1.6253
0.74154,0.17878,0.2852,0.58036,19.76,-1.2596,1.6404
0.74244,0.17731,0.28458,0.57997,19.734,-1.2918,1.6551
0.74333,0.17584,0.28396,0.57958,19.707,-1.3241,1.6695
0.74422,0.17437,0.28333,0.57919,19.681,-1.3564,1.6834
0.74511,0.1729,0.28271,0.57879,19.654,-1.3888,1.6969
0.74599,0.17143,0.28208,0.57839,19.628,-1.4213,1.7099
0.74687,0.16995,0.28145,0.578,19.603,-1.4538,1.7224
0.74775,0.16848,0.28083,0.57759,19.577,-1.4864,1.7343
0.74863,0.167,0.2802,0.57719,19.552,-1.519,1.7456
0.74951,0.16553,0.27957,0.57679,19.527,-1.5517,1.7563
0.75038,0.16405,0.27894,0.57638,19.502,-1.5844,1.7664
0.75125,0.16258,0.27831,0.57597,19.478,-1.6171,1.7758
0.75211,0.1611,0.27767,0.57556,19.454,-1.6499,1.7845
0.75298,0.15963,0.27704,0.57515,19.43,-1.6828,1.7925
0.75384,0.15815,0.27641,0.57473,19.407,-1.7156,1.7998
0.7547,0.15667,0.27577,0.57431,19.384,-1.7485,1.8063
0.75555,0.15519,0.27513,0.5739,19.361,-1.7814,1.812
0.75641,0.15371,0.2745,0.57347,19.339,-1.8144,1.817
0.75726,0.15223,0.27386,0.57305,19.317,-1.8473,1.8212
0.75811,0.15075,0.27322,0.57263,19.296,-1.8803,1.8246
0.75895,0.14927,0.27258,0.5722,19.275,-1.9133,1.8272
0.7598,0.14779,0.27194,0.57177,19.254,-1.9463,1.8289
0.76064,0.14631,0.27129,0.57134,19.234,-1.9793,1.8298
0.76147,0.14483,0.27065,0.57091,19.215,-2.0123,1.8299
0.76231,0.14334,0.27001,0.57047,19.196,-2.0453,1.8292
0.76314,0.14186,0.26936,0.57003,19.177,-2.0783,1.8277
0.76397,0.14038,0.26871,0.56959,19.159,-2.1113,1.8253
0.7648,0.13889,0.26807,0.56915,19.142,-2.1442,1.8221
0.76562,0.13741,0.26742,0.56871,19.125,-2.1772,1.8182
0.76644,0.13592,0.26677,0.56826,19.109,-2.2101,1.8134
0.76726,0.13444,0.26612,0.56782,19.093,-2.2431,1.8078
0.76808,0.13295,0.26547,0.56737,19.078,-2.276,1.8015
0.76889,0.13146,0.26482,0.56692,19.063,-2.3088,1.7944
0.7697,0.12998,0.26417,0.56646,19.049,-2.3417,1.7866
0.77051,0.12849,0.26351,0.56601,19.035,-2.3745,1.7781
0.77132,0.127,0.26286,0.56555,19.022,-2.4072,1.7688
0.77212,0.12551,0.2622,0.56509,19.01,-2.44,1.7589
0.77292,0.12402,0.26155,0.56463,18.998,-2.4726,1.7484
0.77372,0.12254,0.26089,0.56417,18.987,-2.5053,1.7372
0.77451,0.12105,0.26023,0.5637,18.977,-2.5379,1.7255
0.7753,0.11956,0.25957,0.56324,18.967,-2.5704,1.7131
0.77609,0.11806,0.25891,0.56277,18.958,-2.6029,1.7003
0.77688,0.11657,0.25825,0.5623,18.949,-2.6353,1.6869
0.77766,0.11508,0.25759,0.56182,18.942,-2.6676,1.6731
0.77844,0.11359,0.25693,0.56135,18.934,-2.6999,1.6588
0.77922,0.1121,0.25626,0.56087,18.928,-2.7321,1.6442
0.78,0.11061,0.2556,0.56039,18.922,-2.7643,1.6292
0.78077,0.10911,0.25493,0.55991,18.917,-2.7963,1.6138
0.78154,0.10762,0.25427,0.55943,18.913,-2.8283,1.5982
0.78231,0.10613,0.2536,0.55895,18.909,-2.8602,1.5823
0.78307,0.10463,0.25293,0.55846,18.906,-2.892,1.5663
0.78383,0.10314,0.25226,0.55797,18.903,-2.9238,1.55
0.78459,0.10164,0.25159,0.55748,18.901,-2.9554,1.5337
0.78535,0.10015,0.25092,0.55699,18.9,-2.9869,1.5172
0.7861,0.098652,0.25025,0.55649,18.9,-3.0184,1.5007
0.78685,0.097156,0.24958,0.556,18.9,-3.0497,1.4842
0.7876,0.09566,0.24891,0.5555,18.901,-3.081,1.4678
0.78835,0.094163,0.24823,0.555,18.903,-3.1121,1.4514
0.78909,0.092666,0.24756,0.5545,18.905,-3.1431,1.4351
0.78983,0.091169,0.24688,0.55399,18.908,-3.174,1.4191
0.79057,0.089671,0.2462,0.55349,18.912,-3.2048,1.4032
0.7913,0.088174,0.24553,0.55298,18.917,-3.2354,1.3875
0.79203,0.086675,0.24485,0.55247,18.922,-3.266,1.3722
0.79276,0.085177,0.24417,0.55196,18.927,-3.2964,1.3571
0.79349,0.083678,0.24349,0.55144,18.934,-3.3267,1.3424
0.79421,0.082179,0.24281,0.55093,18.941,-3.3568,1.3281
0.79493,0.08068,0.24212,0.55041,18.949,-3.3868,1.3143
0.79565,0.07918,0.24144,0.54989,18.957,-3.4167,1.3009
0.79636,0.07768,0.24076,0.54937,18.966,-3.4464,1.288
0.79708,0.07618,0.24007,0.54885,18.976,-3.476,1.2756
0.79778,0.07468,0.23939,0.54832,18.986,-3.5055,1.2638
0.79849,0.073179,0.2387,0.54779,18.997,-3.5348,1.2526
0.79919,0.071678,0.23802,0.54726,19.009,-3.5639,1.242
0.7999,0.070177,0.23733,0.54673,19.021,-3.5929,1.232
0.80059,0.068675,0.23664,0.5462,19.034,-3.6217,1.2227
0.80129,0.067174,0.23595,0.54567,19.048,-3.6503,1.2141
0.80198,0.065672,0.23526,0.54513,19.062,-3.6788,1.2062
0.80267,0.06417,0.23457,0.54459,19.076,-3.7072,1.1991
0.80336,0.062667,0.23388,0.54405,19.091,-3.7353,1.1927
0.80404,0.061165,0.23318,0.54351,19.107,-3.7633,1.1871
0.80472,0.059662,0.23249,0.54296,19.124,-3.7911,1.1822
0.8054,0.058159,0.2318,0.54242,19.14,-3.8187,1.1782
0.80608,0.056655,0.2311,0.54187,19.158,-3.8462,1.1749
0.80675,0.055152,0.2304,0.54132,19.176,-3.8734,1.1725
0.80742,0.053648,0.22971,0.54077,19.194,-3.9005,1.1709
0.80809,0.052145,0.22901,0.54021,19.213,-3.9274,1.1701
0.80875,0.050641,0.22831,0.53966,19.233,-3.9541,1.1701
0.80941,0.049136,0.22761,0.5391,19.253,-3.9806,1.171
0.81007,0.047632,0.22691,0.53854,19.273,-4.0069,1.1727
0.81073,0.046128,0.22621,0.53798,19.294,-4.033,1.1752
0.81138,0.044623,0.22551,0.53741,19.315,-4.0589,1.1785
0.81203,0.043118,0.22481,0.53685,19.337,-4.0846,1.1826
0.81268,0.041613,0.22411,0.53628,19.359,-4.11,1.1875
0.81332,0.040108,0.2234,0.53571,19.382,-4.1353,1.1932
0.81396,0.038603,0.2227,0.53514,19.405,-4.1603,1.1996
0.8146,0.037097,0.22199,0.53457,19.428,-4.1852,1.2068
0.81524,0.035592,0.22128,0.53399,19.452,-4.2098,1.2148
0.81587,0.034086,0.22058,0.53342,19.476,-4.2342,1.2234
0.8165,0.03258,0.21987,0.53284,19.5,-4.2584,1.2328
0.81713,0.031074,0.21916,0.53226,19.525,-4.2823,1.2428
0.81775,0.029569,0.21845,0.53168,19.55,-4.306,1.2534
0.81838,0.028062,0.21774,0.53109,19.575,-4.3295,1.2647
0.819,0.026556,0.21703,0.53051,19.6,-4.3528,1.2766
0.81961,0.02505,0.21632,0.52992,19.626,-4.3758,1.289
0.82022,0.023544,0.21561,0.52933,19.652,-4.3986,1.3019
0.82083,0.022037,0.21489,0.52874,19.678,-4.4211,1.3154
0.82144,0.020531,0.21418,0.52815,19.705,-4.4434,1.3293
0.82205,0.019024,0.21347,0.52755,19.731,-4.4655,1.3436
0.82265,0.017517,0.21275,0.52695,19.758,-4.4873,1.3583
0.82325,0.016011,0.21203,0.52636,19.785,-4.5089,1.3734
0.82384,0.014504,0.21132,0.52576,19.812,-4.5302,1.3888
0.82444,0.012997,0.2106,0.52515,19.839,-4.5512,1.4044
0.82503,0.01149,0.20988,0.52455,19.866,-4.572,1.4203
0.82561,0.0099831,0.20916,0.52394,19.894,-4.5926,1.4365
0.8262,0.0084761,0.20844,0.52333,19.921,-4.6129,1.4527
0.82678,0.0069691,0.20772,0.52273,19.948,-4.6329,1.4691
0.82736,0.0054621,0.207,0.52211,19.976,-4.6527,1.4856
0.82793,0.0039551,0.20628,0.5215,20.003,-4.6722,1.5021
0.8285,0.002448,0.20556,0.52088,20.031,-4.6914,1.5185
0.82907,0.00094098,0.20483,0.52027,20.058,-4.7104,1.535
0.82964,-0.00056608,0.20411,0.51965,20.086,-4.729,1.5513
0.83021,-0.0020731,0.20338,0.51903,20.113,-4.7475,1.5676
0.83077,-0.0035802,0.20266,0.51841,20.141,-4.7656,1.5836
0.83132,-0.0050872,0.20193,0.51778,20.168,-4.7835,1.5995
0.83188,-0.0065943,0.2012,0.51716,20.195,-4.8011,1.6151
0.83243,-0.0081012,0.20048,0.51653,20.222,-4.8184,1.6304
0.83298,-0.0096082,0.19975,0.5159,20.249,-4.8354,1.6454
0.83353,-0.011115,0.19902,0.51527,20.275,-4.8521,1.66
0.83407,-0.012622,0.19829,0.51463,20.302,-4.8686,1.6742
0.83461,-0.014129,0.19756,0.514,20.328,-4.8848,1.688
0.83515,-0.015636,0.19683,0.51336,20.354,-4.9006,1.7013
0.83568,-0.017142,0.1961,0.51272,20.38,-4.9162,1.7142
0.83622,-0.018649,0.19536,0.51208,20.406,-4.9315,1.7264
0.83675,-0.020156,0.19463,0.51144,20.432,-4.9465,1.7382
0.83727,-0.021662,0.1939,0.51079,20.457,-4.9612,1.7493
0.83779,-0.023169,0.19316,0.51015,20.482,-4.9757,1.7598
0.83832,-0.024675,0.19243,0.5095,20.506,-4.9898,1.7696
0.83883,-0.026182,0.19169,0.50885,20.53,-5.0036,1.7788
0.83935,-0.027688,0.19095,0.5082,20.554,-5.0171,1.7873
0.83986,-0.029194,0.19022,0.50755,20.578,-5.0303,1.795
0.84037,-0.0307,0.18948,0.50689,20.601,-5.0432,1.802
0.84087,-0.032206,0.18874,0.50624,20.624,-5.0559,1.8083
0.84137,-0.033712,0.188,0.50558,20.646,-5.0682,1.8138
0.84187,-0.035217,0.18726,0.50492,20.668,-5.0802,1.8185
0.84237,-0.036723,0.18652,0.50426,20.69,-5.0918,1.8224
0.84286,-0.038228,0.18578,0.50359,20.711,-5.1032,1.8255
0.84336,-0.039734,0.18504,0.50293,20.732,-5.1143,1.8278
0.84384,-0.041239,0.18429,0.50226,20.752,-5.1251,1.8293
0.84433,-0.042744,0.18355,0.50159,20.772,-5.1355,1.83
0.84481,-0.044249,0.18281,0.50092,20.791,-5.1456,1.8298
0.84529,-0.045753,0.18206,0.50025,20.81,-5.1554,1.8288
0.84576,-0.047258,0.18132,0.49957,20.829,-5.165,1.827
0.84624,-0.048762,0.18057,0.4989,20.846,-5.1741,1.8243
0.84671,-0.050266,0.17982,0.49822,20.864,-5.183,1.8209
0.84717,-0.05177,0.17908,0.49754,20.881,-5.1916,1.8166
0.84764,-0.053274,0.17833,0.49686,20.897,-5.1998,1.8116
0.8481,-0.054778,0.17758,0.49618,20.912,-5.2077,1.8058
0.84856,-0.056281,0.17683,0.49549,20.927,-5.2153,1.7992
0.84901,-0.057785,0.17608,0.4948,20.942,-5.2226,1.7919
0.84947,-0.059288,0.17533,0.49412,20.956,-5.2295,1.7838
0.84992,-0.060791,0.17458,0.49343,20.969,-5.2361,1.775
0.85036,-0.062293,0.17383,0.49274,20.982,-5.2424,1.7656
0.8508,-0.063796,0.17308,0.49204,20.994,-5.2484,1.7555
0.85125,-0.065298,0.17233,0.49135,21.005,-5.254,1.7447
0.85168,-0.0668,0.17157,0.49065,21.016,-5.2594,1.7333
0.85212,-0.068302,0.17082,0.48995,21.026,-5.2644,1.7214
0.85255,-0.069803,0.17006,0.48925,21.036,-5.269,1.7089
0.85298,-0.071305,0.16931,0.48855,21.045,-5.2734,1.6958
0.8534,-0.072806,0.16855,0.48785,21.053,-5.2774,1.6823
0.85382,-0.074306,0.1678,0.48714,21.061,-5.2811,1.6684
0.85424,-0.075807,0.16704,0.48643,21.068,-5.2845,1.654
0.85466,-0.077307,0.16628,0.48572,21.074,-5.2875,1.6392
0.85507,-0.078807,0.16553,0.48501,21.08,-5.2902,1.624
0.85548,-0.080307,0.16477,0.4843,21.085,-5.2926,1.6086
0.85589,-0.081806,0.16401,0.48359,21.089,-5.2946,1.5929
0.8563,-0.083305,0.16325,0.48287,21.092,-5.2963,1.577
0.8567,-0.084804,0.16249,0.48216,21.095,-5.2977,1.5608
0.8571,-0.086303,0.16173,0.48144,21.097,-5.2988,1.5445
0.85749,-0.087801,0.16097,0.48072,21.099,-5.2995,1.5281
0.85788,-0.089299,0.1602,0.47999,21.1,-5.2999,1.5117
0.85827,-0.090796,0.15944,0.47927,21.1,-5.3,1.4952
0.85866,-0.092294,0.15868,0.47854,21.099,-5.2997,1.4787
0.85904,-0.093791,0.15792,0.47782,21.098,-5.2991,1.4623
0.85942,-0.095287,0.15715,0.47709,21.096,-5.2982,1.4459
0.8598,-0.096784,0.15639,0.47636,21.094,-5.297,1.4297
0.86018,-0.09828,0.15562,0.47563,21.09,-5.2954,1.4137
0.86055,-0.099775,0.15486,0.47489,21.086,-5.2935,1.3979
0.86092,-0.10127,0.15409,0.47416,21.082,-5.2912,1.3823
0.86128,-0.10277,0.15332,0.47342,21.076,-5.2887,1.3671
0.86164,-0.10426,0.15256,0.47268,21.07,-5.2858,1.3521
0.862,-0.10575,0.15179,0.47194,21.064,-5.2825,1.3376
0.86236,-0.10725,0.15102,0.4712,21.056,-5.279,1.3234
0.86271,-0.10874,0.15025,0.47045,21.048,-5.2751,1.3097
0.86306,-0.11023,0.14948,0.46971,21.04,-5.2709,1.2965
0.86341,-0.11173,0.14871,0.46896,21.031,-5.2664,1.2837
0.86376,-0.11322,0.14794,0.46821,21.021,-5.2615,1.2716
0.8641,-0.11471,0.14717,0.46746,21.01,-5.2563,1.2599
0.86443,-0.1162,0.1464,0.46671,20.999,-5.2508,1.2489
0.86477,-0.11769,0.14563,0.46595,20.987,-5.2449,1.2385
0.8651,-0.11918,0.14485,0.4652,20.975,-5.2388,1.2288
0.86543,-0.12068,0.14408,0.46444,20.961,-5.2323,1.2197
0.86576,-0.12216,0.14331,0.46368,20.948,-5.2255,1.2114
0.86608,-0.12365,0.14253,0.46292,20.934,-5.2183,1.2037
0.8664,-0.12514,0.14176,0.46216,20.919,-5.2109,1.1968
0.86672,-0.12663,0.14098,0.4614,20.903,-5.2031,1.1907
0.86703,-0.12812,0.14021,0.46063,20.887,-5.195,1.1853
0.86734,-0.12961,0.13943,0.45987,20.871,-5.1866,1.1808
0.86765,-0.13109,0.13865,0.4591,20.854,-5.1779,1.177
0.86796,-0.13258,0.13788,0.45833,20.836,-5.1688,1.174
0.86826,-0.13407,0.1371,0.45756,20.818,-5.1594,1.1719
0.86856,-0.13555,0.13632,0.45678,20.799,-5.1497,1.1705
0.86885,-0.13704,0.13554,0.45601,20.78,-5.1397,1.17
0.86915,-0.13852,0.13476,0.45523,20.761,-5.1294,1.1703
0.86943,-0.14001,0.13398,0.45445,20.74,-5.1188,1.1715
0.86972,-0.14149,0.1332,0.45368,20.72,-5.1079,1.1734
0.87001,-0.14298,0.13242,0.45289,20.699,-5.0966,1.1762
0.87029,-0.14446,0.13164,0.45211,20.677,-5.085,1.1798
0.87056,-0.14594,0.13086,0.45133,20.656,-5.0732,1.1841
0.87084,-0.14742,0.13008,0.45054,20.633,-5.061,1.1893
0.87111,-0.1489,0.1293,0.44975,20.611,-5.0485,1.1953
0.87138,-0.15038,0.12852,0.44896,20.588,-5.0357,1.202
0.87164,-0.15187,0.12773,0.44817,20.564,-5.0226,1.2094
0.87191,-0.15334,0.12695,0.44738,20.54,-5.0092,1.2176
0.87216,-0.15482,0.12616,0.44659,20.516,-4.9956,1.2265
0.87242,-0.1563,0.12538,0.44579,20.492,-4.9816,1.2361
0.87267,-0.15778,0.12459,0.445,20.467,-4.9673,1.2463
0.87292,-0.15926,0.12381,0.4442,20.442,-4.9527,1.2572
0.87317,-0.16074,0.12302,0.4434,20.417,-4.9378,1.2686
0.87341,-0.16221,0.12224,0.4426,20.391,-4.9226,1.2807
0.87366,-0.16369,0.12145,0.44179,20.365,-4.9071,1.2933
0.87389,-0.16516,0.12066,0.44099,20.339,-4.8914,1.3064
0.87413,-0.16664,0.11988,0.44018,20.313,-4.8753,1.32
0.87436,-0.16811,0.11909,0.43938,20.286,-4.859,1.334
0.87459,-0.16959,0.1183,0.43857,20.26,-4.8424,1.3485
0.87481,-0.17106,0.11751,0.43776,20.233,-4.8255,1.3633
0.87504,-0.17253,0.11672,0.43694,20.206,-4.8083,1.3785
0.87526,-0.174,0.11593,0.43613,20.179,-4.7908,1.394
0.87547,-0.17547,0.11514,0.43531,20.152,-4.7731,1.4098
0.87569,-0.17694,0.11435,0.4345,20.125,-4.755,1.4257
0.8759,-0.17841,0.11356,0.43368,20.097,-4.7367,1.4419
0.8761,-0.17988,0.11277,0.43286,20.07,-4.7181,1.4582
0.87631,-0.18135,0.11198,0.43204,20.042,-4.6993,1.4746
0.87651,-0.18282,0.11119,0.43121,20.015,-4.6802,1.4911
0.87671,-0.18429,0.11039,0.43039,19.987,-4.6608,1.5076
0.8769,-0.18575,0.1096,0.42956,19.96,-4.6411,1.5241
0.87709,-0.18722,0.10881,0.42874,19.932,-4.6212,1.5405
0.87728,-0.18869,0.10802,0.42791,19.905,-4.601,1.5568
0.87747,-0.19015,0.10722,0.42708,19.878,-4.5806,1.573
0.87765,-0.19162,0.10643,0.42625,19.85,-4.5599,1.589
0.87783,-0.19308,0.10563,0.42541,19.823,-4.539,1.6048
0.87801,-0.19454,0.10484,0.42458,19.796,-4.5178,1.6203
0.87818,-0.196,0.10404,0.42374,19.769,-4.4963,1.6355
0.87835,-0.19747,0.10325,0.4229,19.742,-4.4746,1.6503
0.87852,-0.19893,0.10245,0.42206,19.716,-4.4526,1.6648
0.87868,-0.20039,0.10165,0.42122,19.689,-4.4304,1.6789
0.87884,-0.20185,0.10086,0.42038,19.663,-4.408,1.6926
0.879,-0.2033,0.10006,0.41954,19.637,-4.3853,1.7057
0.87916,-0.20476,0.099263,0.41869,19.611,-4.3624,1.7183
0.87931,-0.20622,0.098465,0.41784,19.585,-4.3392,1.7304
0.87946,-0.20768,0.097667,0.417,19.56,-4.3158,1.742
0.8796,-0.20913,0.096868,0.41615,19.535,-4.2922,1.7529
0.87975,-0.21059,0.096069,0.4153,19.51,-4.2683,1.7632
0.87989,-0.21204,0.09527,0.41444,19.486,-4.2443,1.7728
0.88002,-0.21349,0.094471,0.41359,19.462,-4.22,1.7817
0.88016,-0.21495,0.093671,0.41273,19.438,-4.1954,1.79
0.88029,-0.2164,0.092871,0.41188,19.414,-4.1707,1.7975
0.88041,-0.21785,0.09207,0.41102,19.391,-4.1457,1.8042
0.88054,-0.2193,0.091269,0.41016,19.368,-4.1205,1.8102
0.88066,-0.22075,0.090468,0.4093,19.346,-4.0952,1.8155
0.88078,-0.2222,0.089667,0.40843,19.324,-4.0696,1.8199
0.88089,-0.22365,0.088865,0.40757,19.303,-4.0437,1.8236
0.881,-0.2251,0.088063,0.40671,19.282,-4.0177,1.8264
0.88111,-0.22654,0.08726,0.40584,19.261,-3.9915,1.8284
0.88122,-0.22799,0.086458,0.40497,19.241,-3.9651,1.8296
0.88132,-0.22943,0.085655,0.4041,19.221,-3.9385,1.83
0.88142,-0.23088,0.084851,0.40323,19.202,-3.9117,1.8295
0.88152,-0.23232,0.084048,0.40236,19.183,-3.8847,1.8283
0.88161,-0.23376,0.083244,0.40148,19.165,-3.8575,1.8262
0.8817,-0.2352,0.08244,0.40061,19.148,-3.8302,1.8233
0.88179,-0.23665,0.081635,0.39973,19.131,-3.8026,1.8196
0.88187,-0.23809,0.08083,0.39885,19.114,-3.7749,1.815
0.88195,-0.23953,0.080025,0.39797,19.098,-3.747,1.8097
0.88203,-0.24096,0.07922,0.39709,19.082,-3.7189,1.8037
0.88211,-0.2424,0.078414,0.39621,19.068,-3.6906,1.7968
0.88218,-0.24384,0.077608,0.39533,19.053,-3.6622,1.7892
0.88225,-0.24527,0.076802,0.39444,19.04,-3.6336,1.7809
0.88231,-0.24671,0.075996,0.39355,19.026,-3.6049,1.7719
0.88237,-0.24814,0.075189,0.39267,19.014,-3.5759,1.7623
0.88243,-0.24958,0.074382,0.39178,19.002,-3.5469,1.7519
0.88249,-0.25101,0.073575,0.39089,18.991,-3.5176,1.741
0.88254,-0.25244,0.072767,0.38999,18.98,-3.4883,1.7294
0.88259,-0.25387,0.07196,0.3891,18.97,-3.4587,1.7172
0.88264,-0.2553,0.071152,0.38821,18.961,-3.4291,1.7046
0.88268,-0.25673,0.070343,0.38731,18.952,-3.3992,1.6914
0.88273,-0.25816,0.069535,0.38641,18.944,-3.3693,1.6777
0.88276,-0.25959,0.068726,0.38551,18.937,-3.3392,1.6636
0.8828,-0.26101,0.067917,0.38461,18.93,-3.309,1.649
0.88283,-0.26244,0.067108,0.38371,18.924,-3.2786,1.6341
0.88286,-0.26386,0.066299,0.38281,18.919,-3.2481,1.6189
0.88288,-0.26528,0.065489,0.3819,18.914,-3.2175,1.6034
0.88291,-0.26671,0.064679,0.381,18.91,-3.1868,1.5876
0.88293,-0.26813,0.063869,0.38009,18.907,-3.1559,1.5716
0.88294,-0.26955,0.063059,0.37918,18.904,-3.125,1.5554
0.88295,-0.27097,0.062248,0.37827,18.902,-3.0939,1.539
0.88296,-0.27239,0.061437,0.37736,18.901,-3.0627,1.5226
0.88297,-0.27381,0.060626,0.37645,18.9,-3.0314,1.5061
0.88298,-0.27522,0.059815,0.37554,18.9,-3,1.4896
0.88298,-0.27664,0.059004,0.37462,18.901,-2.9685,1.4732
0.88297,-0.27805,0.058192,0.37371,18.902,-2.9369,1.4567
0.88297,-0.27947,0.05738,0.37279,18.905,-2.9052,1.4405
0.88296,-0.28088,0.056568,0.37187,18.907,-2.8734,1.4243
0.88295,-0.28229,0.055756,0.37095,18.911,-2.8416,1.4083
0.88293,-0.2837,0.054944,0.37003,18.915,-2.8096,1.3926
0.88292,-0.28511,0.054131,0.36911,18.92,-2.7776,1.3772
0.88289,-0.28652,0.053318,0.36818,18.925,-2.7455,1.362
0.88287,-0.28793,0.052505,0.36726,18.932,-2.7133,1.3472
0.88284,-0.28934,0.051692,0.36633,18.939,-2.681,1.3328
0.88281,-0.29074,0.050879,0.3654,18.946,-2.6487,1.3188
0.88278,-0.29215,0.050065,0.36447,18.954,-2.6163,1.3052
0.88274,-0.29355,0.049251,0.36354,18.963,-2.5839,1.2921
0.8827,-0.29496,0.048438,0.36261,18.973,-2.5514,1.2796
0.88266,-0.29636,0.047623,0.36168,18.983,-2.5188,1.2676
0.88262,-0.29776,0.046809,0.36075,18.994,-2.4862,1.2562
0.88257,-0.29916,0.045995,0.35981,19.005,-2.4535,1.2454
0.88252,-0.30056,0.04518,0.35887,19.017,-2.4208,1.2352
0.88246,-0.30195,0.044366,0.35794,19.03,-2.3881,1.2257
0.8824,-0.30335,0.043551,0.357,19.043,-2.3553,1.2168
0.88234,-0.30475,0.042736,0.35606,19.057,-2.3225,1.2087
0.88228,-0.30614,0.041921,0.35511,19.071,-2.2896,1.2013
0.88221,-0.30753,0.041105,0.35417,19.086,-2.2567,1.1947
0.88214,-0.30893,0.04029,0.35323,19.102,-2.2238,1.1888
0.88207,-0.31032,0.039474,0.35228,19.118,-2.1909,1.1837
0.88199,-0.31171,0.038659,0.35134,19.135,-2.1579,1.1794
0.88191,-0.3131,0.037843,0.35039,19.152,-2.1249,1.1759
0.88183,-0.31449,0.037027,0.34944,19.17,-2.092,1.1732
0.88174,-0.31587,0.036211,0.34849,19.188,-2.059,1.1713
0.88165,-0.31726,0.035394,0.34754,19.207,-2.026,1.1703
0.88156,-0.31864,0.034578,0.34658,19.226,-1.993,1.17
0.88147,-0.32003,0.033761,0.34563,19.246,-1.96,1.1706
0.88137,-0.32141,0.032945,0.34468,19.266,-1.927,1.172
0.88127,-0.32279,0.032128,0.34372,19.287,-1.894,1.1742
0.88116,-0.32417,0.031311,0.34276,19.308,-1.861,1.1773
0.88106,-0.32555,0.030494,0.3418,19.33,-1.8281,1.1811
0.88094,-0.32693,0.029677,0.34084,19.352,-1.7951,1.1858
0.88083,-0.3283,0.02886,0.33988,19.374,-1.7622,1.1912
0.88071,-0.32968,0.028043,0.33892,19.397,-1.7293,1.1974
0.8806,-0.33105,0.027225,0.33796,19.42,-1.6964,1.2044
0.88047,-0.33243,0.026408,0.33699,19.444,-1.6636,1.2121
0.88035,-0.3338,0.02559,0.33602,19.468,-1.6308,1.2205
0.88022,-0.33517,0.024773,0.33506,19.492,-1.598,1.2296
0.88009,-0.33654,0.023955,0.33409,19.517,-1.5652,1.2394
0.87995,-0.33791,0.023137,0.33312,19.541,-1.5326,1.2499
0.87981,-0.33928,0.022319,0.33215,19.567,-1.4999,1.261
0.87967,-0.34064,0.021501,0.33118,19.592,-1.4673,1.2726
0.87953,-0.34201,0.020683,0.33021,19.618,-1.4348,1.2849
0.87938,-0.34337,0.019865,0.32923,19.643,-1.4023,1.2976
0.87923,-0.34473,0.019047,0.32826,19.67,-1.3699,1.3109
0.87908,-0.3461,0.018229,0.32728,19.696,-1.3375,1.3247
0.87892,-0.34746,0.01741,0.3263,19.722,-1.3052,1.3389
0.87876,-0.34882,0.016592,0.32532,19.749,-1.273,1.3535
0.8786,-0.35017,0.015774,0.32434,19.776,-1.2408,1.3684
0.87843,-0.35153,0.014955,0.32336,19.803,-1.2088,1.3837
0.87826,-0.35289,0.014137,0.32238,19.83,-1.1768,1.3993
0.87809,-0.35424,0.013318,0.3214,19.857,-1.1448,1.4151
0.87791,-0.35559,0.012499,0.32041,19.885,-1.113,1.4312
0.87774,-0.35694,0.011681,0.31943,19.912,-1.0813,1.4474
0.87755,-0.35829,0.010862,0.31844,19.939,-1.0496,1.4637
0.87737,-0.35964,0.010043,0.31745,19.967,-1.0181,1.4802
0.87718,-0.36099,0.0092245,0.31647,19.994,-0.98662,1.4966
0.87699,-0.36234,0.0084056,0.31548,20.022,-0.95527,1.5131
0.8768,-0.36368,0.0075868,0.31448,20.049,-0.92402,1.5296
0.8766,-0.36503,0.0067679,0.31349,20.077,-0.89287,1.546
0.8764,-0.36637,0.005949,0.3125,20.104,-0.86184,1.5623
0.8762,-0.36771,0.00513,0.3115,20.132,-0.83092,1.5784
0.87599,-0.36905,0.0043111,0.31051,20.159,-0.80012,1.5943
0.87579,-0.37039,0.0034921,0.30951,20.186,-0.76944,1.61
0.87557,-0.37173,0.0026732,0.30852,20.213,-0.73888,1.6254
0.87536,-0.37307,0.0018542,0.30752,20.24,-0.70845,1.6405
0.87514,-0.3744,0.0010352,0.30652,20.267,-0.67815,1.6553
0.87492,-0.37573,0.00021619,0.30552,20.293,-0.64798,1.6696
0.87469,-0.37707,-0.00060281,0.30451,20.32,-0.61794,1.6836
0.87447,-0.3784,-0.0014218,0.30351,20.346,-0.58805,1.697
0.87424,-0.37973,-0.0022408,0.30251,20.372,-0.55829,1.71
0.874,-0.38106,-0.0030598,0.3015,20.398,-0.52868,1.7225
0.87377,-0.38238,-0.0038787,0.3005,20.423,-0.49922,1.7344
0.87353,-0.38371,-0.0046977,0.29949,20.448,-0.4699,1.7457
0.87329,-0.38503,-0.0055166,0.29848,20.473,-0.44074,1.7564
0.87304,-0.38636,-0.0063356,0.29747,20.498,-0.41173,1.7665
0.87279,-0.38768,-0.0071545,0.29646,20.522,-0.38289,1.7759
0.87254,-0.389,-0.0079733,0.29545,20.546,-0.3542,1.7846
0.87228,-0.39032,-0.0087922,0.29444,20.57,-0.32568,1.7926
0.87203,-0.39164,-0.009611,0.29343,20.594,-0.29733,1.7998
0.87177,-0.39295,-0.01043,0.29241,20.616,-0.26915,1.8063
0.8715,-0.39427,-0.011249,0.2914,20.639,-0.24114,1.8121
0.87124,-0.39558,-0.012067,0.29038,20.661,-0.2133,1.8171
0.87097,-0.39689,-0.012886,0.28936,20.683,-0.18565,1.8212
0.87069,-0.3982,-0.013704,0.28834,20.704,-0.15818,1.8246
0.87042,-0.39951,-0.014523,0.28732,20.725,-0.13089,1.8272
0.87014,-0.40082,-0.015342,0.2863,20.746,-0.10378,1.8289
0.86985,-0.40213,-0.01616,0.28528,20.766,-0.076871,1.8298
0.86957,-0.40343,-0.016978,0.28426,20.785,-0.050151,1.8299
0.86928,-0.40474,-0.017797,0.28324,20.804,-0.023625,1.8292
0.86899,-0.40604,-0.018615,0.28221,20.823,0.0027025,1.8277
0.8687,-0.40734,-0.019433,0.28119,20.841,0.02883,1.8253
0.8684,-0.40864,-0.020251,0.28016,20.858,0.054755,1.8221
0.8681,-0.40994,-0.02107,0.27913,20.875,0.080474,1.8181
0.86779,-0.41123,-0.021888,0.2781,20.891,0.10599,1.8133
0.86749,-0.41253,-0.022705,0.27707,20.907,0.13129,1.8078
0.86718,-0.41382,-0.023523,0.27604,20.923,0.15637,1.8014
0.86687,-0.41511,-0.024341,0.27501,20.937,0.18125,1.7944
0.86655,-0.41641,-0.025159,0.27398,20.951,0.2059,1.7865
0.86623,-0.41769,-0.025976,0.27295,20.965,0.23033,1.778
0.86591,-0.41898,-0.026794,0.27191,20.978,0.25454,1.7688
0.86558,-0.42027,-0.027611,0.27088,20.99,0.27853,1.7589
0.86526,-0.42155,-0.028429,0.26984,21.002,0.30228,1.7483
0.86493,-0.42284,-0.029246,0.26881,21.013,0.32581,1.7371
0.86459,-0.42412,-0.030063,0.26777,21.023,0.3491,1.7254
0.86426,-0.4254,-0.03088,0.26673,21.033,0.37216,1.713
0.86392,-0.42668,-0.031697,0.26569,21.042,0.39499,1.7002
0.86357,-0.42796,-0.032514,0.26465,21.051,0.41757,1.6868
0.86323,-0.42923,-0.03333,0.26361,21.058,0.43991,1.673
0.86288,-0.43051,-0.034147,0.26256,21.066,0.46201,1.6587
0.86253,-0.43178,-0.034963,0.26152,21.072,0.48386,1.6441
0.86217,-0.43305,-0.03578,0.26048,21.078,0.50546,1.629
0.86181,-0.43432,-0.036596,0.25943,21.083,0.52681,1.6137
0.86145,-0.43559,-0.037412,0.25838,21.088,0.54791,1.5981
0.86109,-0.43686,-0.038228,0.25734,21.091,0.56875,1.5822
0.86072,-0.43812,-0.039044,0.25629,21.094,0.58934,1.5661
0.86035,-0.43939,-0.039859,0.25524,21.097,0.60967,1.5499
0.85998,-0.44065,-0.040675,0.25419,21.099,0.62973,1.5335
0.8596,-0.44191,-0.04149,0.25314,21.1,0.64954,1.5171
0.85922,-0.44317,-0.042305,0.25209,21.1,0.66908,1.5006
0.85884,-0.44443,-0.043121,0.25104,21.1,0.68835,1.4841
0.85846,-0.44568,-0.043935,0.24998,21.099,0.70735,1.4676
0.85807,-0.44694,-0.04475,0.24893,21.097,0.72609,1.4513
0.85768,-0.44819,-0.045565,0.24787,21.095,0.74455,1.435
0.85728,-0.44944,-0.046379,0.24682,21.092,0.76273,1.4189
0.85689,-0.45069,-0.047194,0.24576,21.088,0.78064,1.403
0.85648,-0.45194,-0.048008,0.2447,21.083,0.79827,1.3874
0.85608,-0.45319,-0.048822,0.24364,21.078,0.81563,1.372
0.85568,-0.45443,-0.049636,0.24258,21.072,0.8327,1.357
0.85527,-0.45568,-0.050449,0.24152,21.066,0.84948,1.3423
0.85485,-0.45692,-0.051263,0.24046,21.059,0.86599,1.328
0.85444,-0.45816,-0.052076,0.2394,21.051,0.8822,1.3141
0.85402,-0.4594,-0.052889,0.23834,21.043,0.89813,1.3007
0.8536,-0.46063,-0.053702,0.23727,21.034,0.91376,1.2878
0.85318,-0.46187,-0.054515,0.23621,21.024,0.92911,1.2755
0.85275,-0.4631,-0.055327,0.23514,21.014,0.94416,1.2637
0.85232,-0.46434,-0.056139,0.23408,21.003,0.95892,1.2525
0.85189,-0.46557,-0.056952,0.23301,20.991,0.97339,1.2419
0.85145,-0.4668,-0.057764,0.23194,20.979,0.98755,1.2319
0.85101,-0.46802,-0.058575,0.23087,20.966,1.0014,1.2226
0.85057,-0.46925,-0.059387,0.22981,20.952,1.015,1.214
0.85012,-0.47047,-0.060198,0.22874,20.938,1.0282,1.2062
0.84968,-0.4717,-0.061009,0.22766,20.924,1.0412,1.199
0.84923,-0.47292,-0.06182,0.22659,20.908,1.0539,1.1926
0.84877,-0.47414,-0.062631,0.22552,20.893,1.0662,1.187
0.84832,-0.47535,-0.063441,0.22445,20.876,1.0783,1.1822
0.84786,-0.47657,-0.064251,0.22337,20.859,1.09,1.1781
0.84739,-0.47778,-0.065062,0.2223,20.842,1.1014,1.1749
0.84693,-0.479,-0.065871,0.22122,20.824,1.1126,1.1725
0.84646,-0.48021,-0.066681,0.22015,20.806,1.1234,1.1709
0.84599,-0.48142,-0.06749,0.21907,20.787,1.1339,1.1701
0.84551,-0.48262,-0.068299,0.21799,20.767,1.144,1.1701
0.84503,-0.48383,-0.069108,0.21691,20.747,1.1539,1.171
0.84455,-0.48503,-0.069917,0.21583,20.727,1.1635,1.1727
0.84407,-0.48624,-0.070725,0.21475,20.706,1.1727,1.1752
0.84358,-0.48744,-0.071533,0.21367,20.685,1.1816,1.1785
0.84309,-0.48864,-0.072341,0.21259,20.663,1.1902,1.1826
0.8426,-0.48983,-0.073149,0.21151,20.641,1.1985,1.1875
0.84211,-0.49103,-0.073956,0.21042,20.618,1.2065,1.1932
0.84161,-0.49222,-0.074763,0.20934,20.595,1.2141,1.1997
0.84111,-0.49341,-0.07557,0.20825,20.572,1.2214,1.2069
0.8406,-0.4946,-0.076376,0.20717,20.548,1.2284,1.2149
0.8401,-0.49579,-0.077183,0.20608,20.524,1.2351,1.2235
0.83959,-0.49698,-0.077989,0.205,20.5,1.2414,1.2329
0.83907,-0.49817,-0.078795,0.20391,20.475,1.2475,1.2429
0.83856,-0.49935,-0.0796,0.20282,20.45,1.2532,1.2535
0.83804,-0.50053,-0.080405,0.20173,20.425,1.2585,1.2648
0.83752,-0.50171,-0.08121,0.20064,20.399,1.2636,1.2767
0.83699,-0.50289,-0.082015,0.19955,20.374,1.2683,1.2891
0.83646,-0.50406,-0.082819,0.19846,20.348,1.2727,1.302
0.83593,-0.50524,-0.083623,0.19737,20.322,1.2768,1.3155
0.8354,-0.50641,-0.084427,0.19627,20.295,1.2805,1.3294
0.83486,-0.50758,-0.08523,0.19518,20.269,1.2839,1.3437
0.83433,-0.50875,-0.086034,0.19409,20.242,1.287,1.3584
0.83378,-0.50992,-0.086837,0.19299,20.215,1.2898,1.3735
0.83324,-0.51109,-0.087639,0.1919,20.188,1.2922,1.3889
0.83269,-0.51225,-0.088441,0.1908,20.161,1.2943,1.4046
0.83214,-0.51341,-0.089243,0.18971,20.134,1.2961,1.4205
0.83158,-0.51457,-0.090045,0.18861,20.106,1.2975,1.4366
0.83103,-0.51573,-0.090846,0.18751,20.079,1.2986,1.4529
0.83047,-0.51689,-0.091647,0.18641,20.051,1.2994,1.4692
0.82991,-0.51804,-0.092448,0.18531,20.024,1.2999,1.4857
0.82934,-0.5192,-0.093248,0.18421,19.996,1.3,1.5022
0.82877,-0.52035,-0.094048,0.18311,19.969,1.2998,1.5187
0.8282,-0.5215,-0.094848,0.18201,19.941,1.2992,1.5351
0.82763,-0.52265,-0.095647,0.18091,19.914,1.2984,1.5515
0.82705,-0.52379,-0.096446,0.17981,19.887,1.2972,1.5677
0.82647,-0.52494,-0.097245,0.1787,19.859,1.2957,1.5838
0.82589,-0.52608,-0.098044,0.1776,19.832,1.2938,1.5996
0.8253,-0.52722,-0.098842,0.1765,19.805,1.2916,1.6152
0.82471,-0.52836,-0.099639,0.17539,19.778,1.2891,1.6305
0.82412,-0.52949,-0.10044,0.17428,19.751,1.2862,1.6455
0.82353,-0.53063,-0.10123,0.17318,19.724,1.2831,1.6601
0.82293,-0.53176,-0.10203,0.17207,19.698,1.2796,1.6744
0.82233,-0.53289,-0.10283,0.17096,19.671,1.2757,1.6881
0.82173,-0.53402,-0.10362,0.16986,19.645,1.2716,1.7015
0.82112,-0.53515,-0.10442,0.16875,19.619,1.2671,1.7143
0.82051,-0.53627,-0.10521,0.16764,19.594,1.2623,1.7265
0.8199,-0.5374,-0.10601,0.16653,19.568,1.2571,1.7383
0.81928,-0.53852,-0.1068,0.16542,19.543,1.2517,1.7494
0.81867,-0.53964,-0.1076,0.16431,19.518,1.2459,1.7599
0.81805,-0.54076,-0.10839,0.1632,19.494,1.2398,1.7697
0.81742,-0.54187,-0.10918,0.16208,19.469,1.2333,1.7789
0.8168,-0.54299,-0.10998,0.16097,19.445,1.2266,1.7873
0.81617,-0.5441,-0.11077,0.15986,19.422,1.2195,1.7951
0.81554,-0.54521,-0.11156,0.15874,19.399,1.2121,1.8021
0.8149,-0.54632,-0.11235,0.15763,19.376,1.2044,1.8084
0.81426,-0.54743,-0.11314,0.15652,19.353,1.1963,1.8139
0.81362,-0.54853,-0.11394,0.1554,19.331,1.188,1.8186
0.81298,-0.54963,-0.11473,0.15428,19.31,1.1793,1.8225
0.81234,-0.55073,-0.11552,0.15317,19.289,1.1703,1.8256
0.81169,-0.55183,-0.11631,0.15205,19.268,1.1609,1.8279
0.81103,-0.55293,-0.11709,0.15093,19.248,1.1513,1.8293
0.81038,-0.55402,-0.11788,0.14981,19.228,1.1414,1.83
0.80972,-0.55512,-0.11867,0.1487,19.208,1.1311,1.8298
0.80906,-0.55621,-0.11946,0.14758,19.19,1.1205,1.8288
0.8084,-0.5573,-0.12025,0.14646,19.171,1.1096,1.827
0.80773,-0.55839,-0.12104,0.14534,19.153,1.0984,1.8243
0.80706,-0.55947,-0.12182,0.14422,19.136,1.0869,1.8209
0.80639,-0.56055,-0.12261,0.1431,19.119,1.0751,1.8166
0.80572,-0.56164,-0.12339,0.14197,19.103,1.063,1.8116
0.80504,-0.56271,-0.12418,0.14085,19.087,1.0505,1.8057
0.80436,-0.56379,-0.12497,0.13973,19.072,1.0378,1.7991
0.80368,-0.56487,-0.12575,0.13861,19.058,1.0247,1.7918
0.80299,-0.56594,-0.12653,0.13748,19.044,1.0114,1.7837
0.80231,-0.56701,-0.12732,0.13636,19.031,0.99775,1.775
0.80161,-0.56808,-0.1281,0.13523,19.018,0.98381,1.7655
0.80092,-0.56915,-0.12888,0.13411,19.006,0.96956,1.7554
0.80022,-0.57021,-0.12967,0.13298,18.994,0.95502,1.7446
0.79952,-0.57128,-0.13045,0.13186,18.984,0.94018,1.7332
0.79882,-0.57234,-0.13123,0.13073,18.973,0.92505,1.7213
0.79812,-0.5734,-0.13201,0.1296,18.964,0.90963,1.7088
0.79741,-0.57446,-0.13279,0.12848,18.955,0.89391,1.6957
0.7967,-0.57551,-0.13357,0.12735,18.947,0.87791,1.6822
0.79598,-0.57657,-0.13435,0.12622,18.939,0.86162,1.6682
0.79527,-0.57762,-0.13513,0.12509,18.932,0.84504,1.6538
0.79455,-0.57867,-0.13591,0.12396,18.926,0.82818,1.639
0.79383,-0.57971,-0.13669,0.12283,18.92,0.81103,1.6239
0.7931,-0.58076,-0.13747,0.1217,18.915,0.7936,1.6085
0.79237,-0.5818,-0.13824,0.12057,18.911,0.7759,1.5928
0.79164,-0.58284,-0.13902,0.11944,18.908,0.75791,1.5768
0.79091,-0.58388,-0.1398,0.11831,18.905,0.73966,1.5607
0.79017,-0.58492,-0.14057,0.11718,18.903,0.72112,1.5444
0.78944,-0.58596,-0.14135,0.11605,18.901,0.70232,1.528
0.78869,-0.58699,-0.14212,0.11491,18.9,0.68324,1.5115
0.78795,-0.58802,-0.1429,0.11378,18.9,0.6639,1.495
0.7872,-0.58905,-0.14367,0.11265,18.901,0.64429,1.4785
0.78645,-0.59008,-0.14444,0.11151,18.902,0.62441,1.4621
0.7857,-0.5911,-0.14522,0.11038,18.904,0.60428,1.4458
0.78495,-0.59212,-0.14599,0.10925,18.906,0.58388,1.4296
0.78419,-0.59315,-0.14676,0.10811,18.91,0.56322,1.4135
0.78343,-0.59416,-0.14753,0.10698,18.914,0.54231,1.3977
0.78266,-0.59518,-0.1483,0.10584,18.918,0.52114,1.3822
0.7819,-0.59619,-0.14907,0.1047,18.924,0.49973,1.3669
0.78113,-0.59721,-0.14984,0.10357,18.93,0.47806,1.352
0.78036,-0.59822,-0.15061,0.10243,18.936,0.45614,1.3374
0.77958,-0.59923,-0.15138,0.10129,18.944,0.43398,1.3233
0.77881,-0.60023,-0.15215,0.10016,18.952,0.41157,1.3096
0.77803,-0.60124,-0.15292,0.099018,18.96,0.38893,1.2964
0.77724,-0.60224,-0.15368,0.09788,18.97,0.36604,1.2836
0.77646,-0.60324,-0.15445,0.096742,18.98,0.34292,1.2714
0.77567,-0.60424,-0.15522,0.095603,18.99,0.31956,1.2598
0.77488,-0.60523,-0.15598,0.094464,19.001,0.29598,1.2488
0.77409,-0.60622,-0.15675,0.093324,19.013,0.27216,1.2384
0.77329,-0.60722,-0.15751,0.092185,19.026,0.24811,1.2287
0.77249,-0.60821,-0.15828,0.091044,19.039,0.22384,1.2197
0.77169,-0.60919,-0.15904,0.089904,19.052,0.19935,1.2113
0.77089,-0.61018,-0.1598,0.088763,19.067,0.17464,1.2037
0.77008,-0.61116,-0.16056,0.087622,19.081,0.14971,1.1968
0.76927,-0.61214,-0.16133,0.086481,19.097,0.12457,1.1907
0.76846,-0.61312,-0.16209,0.085339,19.113,0.099208,1.1853
0.76764,-0.6141,-0.16285,0.084197,19.129,0.073642,1.1807
0.76683,-0.61507,-0.16361,0.083055,19.146,0.047867,1.177
0.76601,-0.61604,-0.16437,0.081912,19.164,0.021888,1.174
0.76518,-0.61701,-0.16513,0.080769,19.182,-0.004293,1.1718
0.76436,-0.61798,-0.16588,0.079626,19.201,-0.030674,1.1705
0.76353,-0.61895,-0.16664,0.078483,19.22,-0.057252,1.17
0.7627,-0.61991,-0.1674,0.077339,19.24,-0.084024,1.1703
0.76186,-0.62087,-0.16816,0.076195,19.26,-0.11099,1.1715
0.76103,-0.62183,-0.16891,0.075051,19.28,-0.13814,1.1734
0.76019,-0.62279,-0.16967,0.073907,19.301,-0.16548,1.1762
0.75935,-0.62374,-0.17042,0.072762,19.323,-0.193,1.1798
0.7585,-0.62469,-0.17118,0.071617,19.345,-0.2207,1.1842
0.75766,-0.62564,-0.17193,0.070472,19.367,-0.24858,1.1894
0.75681,-0.62659,-0.17268,0.069326,19.39,-0.27664,1.1953
0.75595,-0.62754,-0.17343,0.06818,19.413,-0.30487,1.202
0.7551,-0.62848,-0.17419,0.067034,19.436,-0.33327,1.2095
0.75424,-0.62942,-0.17494,0.065888,19.46,-0.36183,1.2177
0.75338,-0.63036,-0.17569,0.064742,19.484,-0.39056,1.2266
0.75252,-0.6313,-0.17644,0.063595,19.508,-0.41945,1.2362
0.75165,-0.63224,-0.17719,0.062448,19.533,-0.4485,1.2464
0.75078,-0.63317,-0.17793,0.061301,19.558,-0.4777,1.2573
0.74991,-0.6341,-0.17868,0.060154,19.584,-0.50705,1.2687
0.74904,-0.63503,-0.17943,0.059006,19.609,-0.53656,1.2808
0.74816,-0.63595,-0.18018,0.057859,19.635,-0.56621,1.2934
0.74729,-0.63688,-0.18092,0.056711,19.661,-0.596,1.3065
0.74641,-0.6378,-0.18167,0.055563,19.687,-0.62593,1.3201
0.74552,-0.63872,-0.18241,0.054414,19.714,-0.65601,1.3342
0.74463,-0.63964,-0.18316,0.053266,19.74,-0.68621,1.3486
0.74375,-0.64055,-0.1839,0.052117,19.767,-0.71655,1.3635
0.74285,-0.64146,-0.18464,0.050968,19.794,-0.74701,1.3787
0.74196,-0.64237,-0.18539,0.049819,19.821,-0.7776,1.3942
0.74106,-0.64328,-0.18613,0.04867,19.848,-0.80832,1.4099
0.74016,-0.64419,-0.18687,0.04752,19.876,-0.83915,1.4259
0.73926,-0.64509,-0.18761,0.046371,19.903,-0.8701,1.442
0.73836,-0.64599,-0.18835,0.045221,19.93,-0.90116,1.4584
0.73745,-0.64689,-0.18909,0.044071,19.958,-0.93233,1.4748
0.73654,-0.64779,-0.18983,0.042921,19.985,-0.96361,1.4912
0.73563,-0.64869,-0.19056,0.041771,20.013,-0.99499,1.5077
0.73471,-0.64958,-0.1913,0.040621,20.04,-1.0265,1.5242
0.7338,-0.65047,-0.19204,0.03947,20.068,-1.0581,1.5406
0.73288,-0.65136,-0.19277,0.038319,20.095,-1.0897,1.557
0.73195,-0.65224,-0.19351,0.037169,20.123,-1.1215,1.5731
0.73103,-0.65312,-0.19424,0.036018,20.15,-1.1533,1.5891
0.7301,-0.65401,-0.19498,0.034867,20.177,-1.1853,1.6049
0.72917,-0.65488,-0.19571,0.033716,20.204,-1.2173,1.6204
0.72824,-0.65576,-0.19644,0.032564,20.231,-1.2494,1.6356
0.7273,-0.65664,-0.19717,0.031413,20.258,-1.2816,1.6505
0.72636,-0.65751,-0.1979,0.030261,20.285,-1.3138,1.665
0.72542,-0.65838,-0.19863,0.02911,20.311,-1.3461,1.679
0.72448,-0.65924,-0.19936,0.027958,20.337,-1.3785,1.6927
0.72353,-0.66011,-0.20009,0.026806,20.363,-1.4109,1.7058
0.72259,-0.66097,-0.20082,0.025654,20.389,-1.4434,1.7185
0.72164,-0.66183,-0.20155,0.024503,20.415,-1.476,1.7305
0.72068,-0.66269,-0.20227,0.02335,20.44,-1.5086,1.7421
0.71973,-0.66355,-0.203,0.022198,20.465,-1.5413,1.753
0.71877,-0.6644,-0.20372,0.021046,20.49,-1.574,1.7632
0.71781,-0.66525,-0.20445,0.019894,20.515,-1.6067,1.7729
0.71684,-0.6661,-0.20517,0.018741,20.539,-1.6395,1.7818
0.71588,-0.66694,-0.2059,0.017589,20.562,-1.6723,1.79
0.71491,-0.66779,-0.20662,0.016437,20.586,-1.7052,1.7975
0.71394,-0.66863,-0.20734,0.015284,20.609,-1.738,1.8043
0.71297,-0.66947,-0.20806,0.014131,20.632,-1.771,1.8103
0.71199,-0.67031,-0.20878,0.012979,20.654,-1.8039,1.8155
0.71101,-0.67114,-0.2095,0.011826,20.676,-1.8368,1.82
0.71003,-0.67197,-0.21022,0.010673,20.697,-1.8698,1.8236
0.70905,-0.6728,-0.21094,0.0095205,20.718,-1.9028,1.8264
0.70806,-0.67363,-0.21166,0.0083677,20.739,-1.9358,1.8284
0.70707,-0.67446,-0.21237,0.0072149,20.759,-1.9688,1.8296
0.70608,-0.67528,-0.21309,0.006062,20.779,-2.0018,1.83
0.70509,-0.6761,-0.2138,0.0049091,20.798,-2.0348,1.8295
0.7041,-0.67692,-0.21452,0.0037562,20.817,-2.0678,1.8283
0.7031,-0.67773,-0.21523,0.0026033,20.835,-2.1008,1.8262
0.7021,-0.67855,-0.21594,0.0014504,20.853,-2.1337,1.8232
0.70109,-0.67936,-0.21666,0.00029745,20.87,-2.1667,1.8195
0.70009,-0.68017,-0.21737,-0.00085548,20.886,-2.1996,1.815
0.69908,-0.68097,-0.21808,-0.0020084,20.902,-2.2326,1.8097
0.69807,-0.68178,-0.21879,-0.0031613,20.918,-2.2655,1.8036
0.69706,-0.68258,-0.2195,-0.0043142,20.933,-2.2984,1.7968
0.69604,-0.68338,-0.2202,-0.0054671,20.947,-2.3312,1.7892
0.69502,-0.68418,-0.22091,-0.00662,20.961,-2.364,1.7809
0.694,-0.68497,-0.22162,-0.0077728,20.974,-2.3968,1.7719
0.69298,-0.68576,-0.22232,-0.0089257,20.986,-2.4295,1.7622
0.69196,-0.68655,-0.22303,-0.010078,20.998,-2.4622,1.7518
0.69093,-0.68734,-0.22373,-0.011231,21.009,-2.4949,1.7409
0.6899,-0.68812,-0.22444,-0.012384,21.02,-2.5275,1.7293
0.68887,-0.68891,-0.22514,-0.013537,21.03,-2.56,1.7171
0.68783,-0.68969,-0.22584,-0.014689,21.039,-2.5925,1.7044
0.6868,-0.69046,-0.22654,-0.015842,21.048,-2.625,1.6912
0.68576,-0.69124,-0.22724,-0.016994,21.056,-2.6573,1.6776
0.68471,-0.69201,-0.22794,-0.018147,21.063,-2.6896,1.6634
0.68367,-0.69278,-0.22864,-0.019299,21.07,-2.7219,1.6489
0.68262,-0.69355,-0.22934,-0.020452,21.076,-2.754,1.634
0.68157,-0.69431,-0.23004,-0.021604,21.081,-2.7861,1.6188
0.68052,-0.69508,-0.23073,-0.022756,21.086,-2.8181,1.6032
0.67947,-0.69584,-0.23143,-0.023908,21.09,-2.8501,1.5874
0.67841,-0.6966,-0.23212,-0.02506,21.093,-2.8819,1.5714
0.67736,-0.69735,-0.23282,-0.026212,21.096,-2.9137,1.5552
0.67629,-0.6981,-0.23351,-0.027364,21.098,-2.9453,1.5389
0.67523,-0.69886,-0.2342,-0.028516,21.099,-2.9769,1.5225
0.67417,-0.6996,-0.2349,-0.029667,21.1,-3.0084,1.506
0.6731,-0.70035,-0.23559,-0.030819,21.1,-3.0397,1.4895
0.67203,-0.70109,-0.23628,-0.03197,21.099,-3.071,1.473
0.67095,-0.70183,-0.23696,-0.033122,21.098,-3.1022,1.4566
0.66988,-0.70257,-0.23765,-0.034273,21.095,-3.1332,1.4403
0.6688,-0.70331,-0.23834,-0.035424,21.093,-3.1642,1.4242
0.66772,-0.70404,-0.23903,-0.036575,21.089,-3.195,1.4082
0.66664,-0.70477,-0.23971,-0.037726,21.085,-3.2257,1.3925
0.66556,-0.7055,-0.2404,-0.038876,21.08,-3.2563,1.377
0.66447,-0.70623,-0.24108,-0.040027,21.074,-3.2867,1.3619
0.66338,-0.70695,-0.24176,-0.041177,21.068,-3.317,1.3471
0.66229,-0.70767,-0.24245,-0.042328,21.061,-3.3472,1.3326
0.6612,-0.70839,-0.24313,-0.043478,21.054,-3.3773,1.3186
0.6601,-0.70911,-0.24381,-0.044628,21.046,-3.4072,1.3051
0.659,-0.70982,-0.24449,-0.045778,21.037,-3.437,1.292
0.6579,-0.71053,-0.24517,-0.046927,21.027,-3.4666,1.2795
0.6568,-0.71124,-0.24585,-0.048077,21.017,-3.4961,1.2675
0.65569,-0.71195,-0.24652,-0.049226,21.006,-3.5254,1.2561
0.65458,-0.71265,-0.2472,-0.050375,20.995,-3.5546,1.2453
0.65348,-0.71335,-0.24788,-0.051524,20.983,-3.5837,1.2351
0.65236,-0.71405,-0.24855,-0.052673,20.97,-3.6125,1.2256
0.65125,-0.71475,-0.24922,-0.053822,20.957,-3.6412,1.2168
0.65013,-0.71544,-0.2499,-0.05497,20.943,-3.6698,1.2087
0.64901,-0.71613,-0.25057,-0.056118,20.928,-3.6982,1.2013
0.64789,-0.71682,-0.25124,-0.057266,20.913,-3.7264,1.1946
0.64677,-0.71751,-0.25191,-0.058414,20.898,-3.7544,1.1888
0.64564,-0.71819,-0.25258,-0.059562,20.882,-3.7823,1.1837
0.64451,-0.71887,-0.25325,-0.060709,20.865,-3.81,1.1794
0.64338,-0.71955,-0.25392,-0.061856,20.848,-3.8375,1.1759
0.64225,-0.72023,-0.25458,-0.063003,20.83,-3.8648,1.1732
0.64112,-0.7209,-0.25525,-0.06415,20.812,-3.8919,1.1713
0.63998,-0.72157,-0.25591,-0.065297,20.793,-3.9189,1.1702
0.63884,-0.72224,-0.25658,-0.066443,20.773,-3.9456,1.17
0.6377,-0.72291,-0.25724,-0.067589,20.754,-3.9722,1.1706
0.63656,-0.72357,-0.2579,-0.068735,20.733,-3.9985,1.172
0.63541,-0.72423,-0.25856,-0.069881,20.713,-4.0247,1.1743
0.63426,-0.72489,-0.25922,-0.071026,20.692,-4.0506,1.1773
0.63311,-0.72555,-0.25988,-0.072171,20.67,-4.0764,1.1812
0.63196,-0.7262,-0.26054,-0.073316,20.648,-4.1019,1.1858
0.6308,-0.72685,-0.2612,-0.074461,20.626,-4.1273,1.1913
0.62965,-0.7275,-0.26186,-0.075605,20.603,-4.1524,1.1975
0.62849,-0.72815,-0.26251,-0.076749,20.58,-4.1773,1.2045
0.62733,-0.72879,-0.26317,-0.077893,20.556,-4.202,1.2122
0.62616,-0.72943,-0.26382,-0.079036,20.532,-4.2265,1.2206
0.625,-0.73007,-0.26447,-0.08018,20.508,-4.2507,1.2297
0.62383,-0.73071,-0.26513,-0.081323,20.483,-4.2747,1.2395
0.62266,-0.73134,-0.26578,-0.082465,20.458,-4.2985,1.25
0.62149,-0.73197,-0.26643,-0.083608,20.433,-4.3221,1.2611
0.62031,-0.7326,-0.26708,-0.08475,20.408,-4.3454,1.2727
0.61914,-0.73322,-0.26773,-0.085892,20.382,-4.3685,1.285
0.61796,-0.73385,-0.26837,-0.087033,20.356,-4.3914,1.2977
0.61678,-0.73447,-0.26902,-0.088174,20.33,-4.414,1.311
0.61559,-0.73508,-0.26967,-0.089315,20.304,-4.4364,1.3248
0.61441,-0.7357,-0.27031,-0.090456,20.277,-4.4585,1.339
0.61322,-0.73631,-0.27095,-0.091596,20.251,-4.4804,1.3536
0.61203,-0.73692,-0.2716,-0.092736,20.224,-4.502,1.3685
0.61084,-0.73753,-0.27224,-0.093876,20.197,-4.5234,1.3838
0.60964,-0.73813,-0.27288,-0.095015,20.17,-4.5446,1.3994
0.60845,-0.73874,-0.27352,-0.096154,20.142,-4.5654,1.4153
0.60725,-0.73934,-0.27416,-0.097293,20.115,-4.5861,1.4313
0.60605,-0.73993,-0.2748,-0.098431,20.088,-4.6064,1.4475
0.60485,-0.74053,-0.27543,-0.099569,20.06,-4.6266,1.4639
0.60364,-0.74112,-0.27607,-0.10071,20.033,-4.6464,1.4803
0.60244,-0.74171,-0.2767,-0.10184,20.005,-4.666,1.4968
0.60123,-0.7423,-0.27734,-0.10298,19.978,-4.6853,1.5133
0.60002,-0.74288,-0.27797,-0.10412,19.95,-4.7043,1.5298
0.5988,-0.74346,-0.2786,-0.10525,19.923,-4.7231,1.5461
0.59759,-0.74404,-0.27924,-0.10639,19.895,-4.7416,1.5624
0.59637,-0.74462,-0.27987,-0.10752,19.868,-4.7599,1.5785
0.59515,-0.74519,-0.2805,-0.10866,19.841,-4.7778,1.5945
0.59393,-0.74576,-0.28112,-0.10979,19.814,-4.7955,1.6101
0.59271,-0.74633,-0.28175,-0.11093,19.787,-4.8129,1.6256
0.59148,-0.7469,-0.28238,-0.11206,19.76,-4.83,1.6406
0.59026,-0.74746,-0.283,-0.1132,19.733,-4.8468,1.6554
0.58903,-0.74802,-0.28363,-0.11433,19.706,-4.8634,1.6697
0.58779,-0.74858,-0.28425,-0.11546,19.68,-4.8796,1.6837
0.58656,-0.74913,-0.28487,-0.11659,19.654,-4.8956,1.6972
0.58532,-0.74969,-0.28549,-0.11773,19.628,-4.9113,1.7101
0.58409,-0.75024,-0.28611,-0.11886,19.602,-4.9267,1.7226
0.58285,-0.75078,-0.28673,-0.11999,19.577,-4.9418,1.7345
0.5816,-0.75133,-0.28735,-0.12112,19.551,-4.9566,1.7458
0.58036,-0.75187,-0.28797,-0.12225,19.526,-4.9711,1.7565
0.57911,-0.75241,-0.28859,-0.12338,19.502,-4.9853,1.7666
0.57787,-0.75295,-0.2892,-0.12451,19.477,-4.9992,1.7759
0.57662,-0.75348,-0.28982,-0.12564,19.453,-5.0128,1.7846
0.57536,-0.75401,-0.29043,-0.12677,19.43,-5.0262,1.7926
0.57411,-0.75454,-0.29104,-0.12789,19.406,-5.0392,1.7999
0.57285,-0.75507,-0.29165,-0.12902,19.383,-5.0519,1.8064
0.5716,-0.75559,-0.29226,-0.13015,19.361,-5.0643,1.8121
0.57034,-0.75611,-0.29287,-0.13128,19.339,-5.0764,1.8171
0.56907,-0.75663,-0.29348,-0.1324,19.317,-5.0882,1.8213
0.56781,-0.75715,-0.29409,-0.13353,19.295,-5.0996,1.8246
0.56654,-0.75766,-0.29469,-0.13465,19.275,-5.1108,1.8272
0.56528,-0.75817,-0.2953,-0.13578,19.254,-5.1217,1.8289
0.56401,-0.75868,-0.2959,-0.1369,19.234,-5.1322,1.8298
0.56273,-0.75919,-0.29651,-0.13803,19.215,-5.1424,1.8299
0.56146,-0.75969,-0.29711,-0.13915,19.196,-5.1524,1.8292
0.56018,-0.76019,-0.29771,-0.14027,19.177,-5.162,1.8276
0.55891,-0.76069,-0.29831,-0.14139,19.159,-5.1712,1.8253
0.55763,-0.76118,-0.29891,-0.14252,19.142,-5.1802,1.8221
0.55635,-0.76167,-0.29951,-0.14364,19.125,-5.1889,1.8181
0.55506,-0.76216,-0.3001,-0.14476,19.108,-5.1972,1.8133
0.55378,-0.76265,-0.3007,-0.14588,19.093,-5.2052,1.8077
0.55249,-0.76313,-0.30129,-0.147,19.077,-5.2129,1.8014
0.5512,-0.76361,-0.30189,-0.14812,19.063,-5.2203,1.7943
0.54991,-0.76409,-0.30248,-0.14924,19.049,-5.2273,1.7865
0.54861,-0.76457,-0.30307,-0.15036,19.035,-5.234,1.7779
0.54732,-0.76504,-0.30366,-0.15147,19.022,-5.2405,1.7687
0.54602,-0.76551,-0.30425,-0.15259,19.01,-5.2465,1.7588
0.54472,-0.76598,-0.30484,-0.15371,18.998,-5.2523,1.7482
0.54342,-0.76645,-0.30543,-0.15482,18.987,-5.2577,1.737
0.54212,-0.76691,-0.30601,-0.15594,18.977,-5.2628,1.7253
0.54081,-0.76737,-0.3066,-0.15706,18.967,-5.2676,1.7129
0.53951,-0.76782,-0.30718,-0.15817,18.958,-5.272,1.7001
0.5382,-0.76828,-0.30776,-0.15928,18.949,-5.2762,1.6867
0.53689,-0.76873,-0.30835,-0.1604,18.942,-5.28,1.6729
0.53558,-0.76918,-0.30893,-0.16151,18.934,-5.2834,1.6586
0.53426,-0.76963,-0.30951,-0.16262,18.928,-5.2866,1.6439
0.53294,-0.77007,-0.31009,-0.16373,18.922,-5.2894,1.6289
0.53163,-0.77051,-0.31066,-0.16485,18.917,-5.2919,1.6136
0.53031,-0.77095,-0.31124,-0.16596,18.912,-5.294,1.5979
0.52899,-0.77139,-0.31181,-0.16707,18.909,-5.2958,1.5821
0.52766,-0.77182,-0.31239,-0.16818,18.906,-5.2973,1.566
0.52634,-0.77225,-0.31296,-0.16928,18.903,-5.2985,1.5497
0.52501,-0.77268,-0.31353,-0.17039,18.901,-5.2993,1.5334
0.52368,-0.7731,-0.31411,-0.1715,18.9,-5.2998,1.5169
0.52235,-0.77352,-0.31468,-0.17261,18.9,-5.3,1.5004
0.52102,-0.77394,-0.31524,-0.17371,18.9,-5.2998,1.4839
0.51968,-0.77436,-0.31581,-0.17482,18.901,-5.2994,1.4675
0.51835,-0.77477,-0.31638,-0.17593,18.903,-5.2985,1.4511
0.51701,-0.77518,-0.31694,-0.17703,18.905,-5.2974,1.4349
0.51567,-0.77559,-0.31751,-0.17813,18.908,-5.2959,1.4188
0.51433,-0.776,-0.31807,-0.17924,18.912,-5.2941,1.4029
0.51298,-0.7764,-0.31863,-0.18034,18.917,-5.292,1.3872
0.51164,-0.7768,-0.31919,-0.18144,18.922,-5.2895,1.3719
0.51029,-0.7772,-0.31975,-0.18254,18.928,-5.2867,1.3568
0.50894,-0.7776,-0.32031,-0.18364,18.934,-5.2836,1.3422
0.50759,-0.77799,-0.32087,-0.18474,18.941,-5.2801,1.3279
0.50624,-0.77838,-0.32143,-0.18584,18.949,-5.2764,1.314
0.50488,-0.77876,-0.32198,-0.18694,18.957,-5.2723,1.3006
0.50353,-0.77915,-0.32254,-0.18804,18.966,-5.2678,1.2877
0.50217,-0.77953,-0.32309,-0.18914,18.976,-5.2631,1.2754
0.50081,-0.77991,-0.32364,-0.19024,18.987,-5.258,1.2636
-0.49945,0.78028,0.32419,0.19133,18.998,-5.2526,1.2524
-0.49808,0.78066,0.32474,0.19243,19.009,-5.2468,1.2418
-0.49672,0.78103,0.32529,0.19352,19.021,-5.2408,1.2318
-0.49535,0.7814,0.32584,0.19462,19.034,-5.2344,1.2225
-0.49398,0.78176,0.32639,0.19571,19.048,-5.2277,1.214
-0.49261,0.78212,0.32693,0.1968,19.062,-5.2206,1.2061
-0.49124,0.78248,0.32748,0.1979,19.076,-5.2133,1.199
-0.48987,0.78284,0.32802,0.19899,19.092,-5.2056,1.1926
-0.48849,0.78319,0.32856,0.20008,19.108,-5.1976,1.187
-0.48712,0.78354,0.3291,0.20117,19.124,-5.1893,1.1821
-0.48574,0.78389,0.32964,0.20226,19.141,-5.1807,1.1781
-0.48436,0.78424,0.33018,0.20335,19.158,-5.1717,1.1749
-0.48298,0.78458,0.33072,0.20443,19.176,-5.1625,1.1725
-0.48159,0.78492,0.33125,0.20552,19.195,-5.1529,1.1709
-0.48021,0.78526,0.33179,0.20661,19.214,-5.143,1.1701
-0.47882,0.78559,0.33232,0.20769,19.233,-5.1327,1.1701
-0.47743,0.78593,0.33285,0.20878,19.253,-5.1222,1.171
-0.47604,0.78626,0.33338,0.20986,19.273,-5.1114,1.1727
-0.47465,0.78658,0.33391,0.21095,19.294,-5.1002,1.1752
-0.47325,0.78691,0.33444,0.21203,19.316,-5.0888,1.1785
-0.47186,0.78723,0.33497,0.21311,19.337,-5.077,1.1827
-0.47046,0.78755,0.3355,0.21419,19.36,-5.0649,1.1876
-0.46906,0.78786,0.33602,0.21527,19.382,-5.0525,1.1933
-0.46766,0.78817,0.33655,0.21635,19.405,-5.0398,1.1998
-0.46626,0.78848,0.33707,0.21743,19.428,-5.0268,1.207
-0.46486,0.78879,0.33759,0.21851,19.452,-5.0135,1.2149
-0.46345,0.7891,0.33811,0.21959,19.476,-4.9999,1.2236
-0.46205,0.7894,0.33863,0.22067,19.5,-4.986,1.2329
-0.46064,0.7897,0.33915,0.22174,19.525,-4.9718,1.243
-0.45923,0.78999,0.33967,0.22282,19.55,-4.9574,1.2536
-0.45782,0.79029,0.34019,0.22389,19.575,-4.9426,1.2649
-0.4564,0.79058,0.3407,0.22497,19.601,-4.9275,1.2768
-0.45499,0.79086,0.34121,0.22604,19.626,-4.9121,1.2892
-0.45357,0.79115,0.34173,0.22711,19.652,-4.8964,1.3022
-0.45215,0.79143,0.34224,0.22818,19.679,-4.8805,1.3156
-0.45073,0.79171,0.34275,0.22925,19.705,-4.8642,1.3295
-0.44931,0.79199,0.34326,0.23032,19.732,-4.8477,1.3439
-0.44789,0.79226,0.34376,0.23139,19.758,-4.8309,1.3586
-0.44646,0.79253,0.34427,0.23246,19.785,-4.8138,1.3737
-0.44504,0.7928,0.34478,0.23353,19.812,-4.7964,1.389
-0.44361,0.79307,0.34528,0.23459,19.839,-4.7787,1.4047
-0.44218,0.79333,0.34578,0.23566,19.867,-4.7608,1.4206
-0.44075,0.79359,0.34628,0.23672,19.894,-4.7426,1.4367
-0.43932,0.79385,0.34679,0.23779,19.921,-4.7241,1.453
-0.43789,0.7941,0.34728,0.23885,19.949,-4.7053,1.4694
-0.43645,0.79435,0.34778,0.23991,19.976,-4.6863,1.4858
-0.43501,0.7946,0.34828,0.24098,20.004,-4.667,1.5023
-0.43357,0.79485,0.34877,0.24204,20.031,-4.6474,1.5188
-0.43214,0.79509,0.34927,0.2431,20.059,-4.6276,1.5353
-0.43069,0.79533,0.34976,0.24416,20.086,-4.6075,1.5516
-0.42925,0.79557,0.35025,0.24521,20.114,-4.5871,1.5679
-0.42781,0.79581,0.35075,0.24627,20.141,-4.5665,1.5839
-0.42636,0.79604,0.35123,0.24733,20.168,-4.5457,1.5998
-0.42491,0.79627,0.35172,0.24838,20.195,-4.5245,1.6154
-0.42346,0.7965,0.35221,0.24944,20.222,-4.5032,1.6307
-0.42201,0.79672,0.3527,0.25049,20.249,-4.4815,1.6456
-0.42056,0.79694,0.35318,0.25154,20.276,-4.4596,1.6603
-0.41911,0.79716,0.35366,0.2526,20.302,-4.4375,1.6745
-0.41765,0.79738,0.35415,0.25365,20.329,-4.4152,1.6883
-0.4162,0.79759,0.35463,0.2547,20.355,-4.3926,1.7016
-0.41474,0.7978,0.35511,0.25575,20.381,-4.3697,1.7144
-0.41328,0.79801,0.35558,0.2568,20.407,-4.3466,1.7267
-0.41182,0.79821,0.35606,0.25784,20.432,-4.3233,1.7384
-0.41036,0.79841,0.35654,0.25889,20.457,-4.2997,1.7495
-0.4089,0.79861,0.35701,0.25994,20.482,-4.276,1.7599
-0.40743,0.79881,0.35749,0.26098,20.507,-4.252,1.7698
-0.40597,0.799,0.35796,0.26203,20.531,-4.2277,1.7789
-0.4045,0.79919,0.35843,0.26307,20.555,-4.2033,1.7874
-0.40303,0.79938,0.3589,0.26411,20.578,-4.1786,1.7952
-0.40156,0.79956,0.35937,0.26515,20.601,-4.1537,1.8022
-0.40009,0.79975,0.35983,0.26619,20.624,-4.1286,1.8084
-0.39861,0.79993,0.3603,0.26723,20.647,-4.1033,1.8139
-0.39714,0.8001,0.36076,0.26827,20.669,-4.0777,1.8186
-0.39566,0.80028,0.36123,0.26931,20.69,-4.052,1.8225
-0.39418,0.80045,0.36169,0.27034,20.712,-4.026,1.8256
-0.39271,0.80061,0.36215,0.27138,20.732,-3.9999,1.8279
-0.39123,0.80078,0.36261,0.27241,20.753,-3.9735,1.8293
-0.38974,0.80094,0.36307,0.27345,20.772,-3.947,1.83
-0.38826,0.8011,0.36352,0.27448,20.792,-3.9203,1.8298
-0.38678,0.80126,0.36398,0.27551,20.811,-3.8933,1.8288
-0.38529,0.80141,0.36443,0.27654,20.829,-3.8662,1.8269
-0.3838,0.80156,0.36489,0.27757,20.847,-3.8389,1.8243
-0.38232,0.80171,0.36534,0.2786,20.864,-3.8114,1.8208
-0.38083,0.80186,0.36579,0.27963,20.881,-3.7837,1.8166
-0.37933,0.802,0.36624,0.28066,20.897,-3.7559,1.8115
-0.37784,0.80214,0.36669,0.28168,20.913,-3.7278,1.8057
-0.37635,0.80228,0.36713,0.28271,20.928,-3.6996,1.7991
-0.37485,0.80241,0.36758,0.28373,20.942,-3.6713,1.7917
-0.37336,0.80254,0.36802,0.28475,20.956,-3.6427,1.7837
-0.37186,0.80267,0.36847,0.28578,20.969,-3.614,1.7749
-0.37036,0.8028,0.36891,0.2868,20.982,-3.5852,1.7654
-0.36886,0.80292,0.36935,0.28782,20.994,-3.5561,1.7553
-0.36736,0.80304,0.36979,0.28884,21.006,-3.527,1.7445
-0.36586,0.80316,0.37022,0.28985,21.016,-3.4976,1.7331
-0.36435,0.80328,0.37066,0.29087,21.027,-3.4682,1.7212
-0.36285,0.80339,0.3711,0.29189,21.036,-3.4385,1.7087
-0.36134,0.8035,0.37153,0.2929,21.045,-3.4088,1.6956
-0.35983,0.8036,0.37196,0.29392,21.053,-3.3788,1.6821
-0.35832,0.80371,0.37239,0.29493,21.061,-3.3488,1.6681
-0.35681,0.80381,0.37282,0.29594,21.068,-3.3186,1.6537
-0.3553,0.80391,0.37325,0.29695,21.074,-3.2883,1.6389
-0.35379,0.804,0.37368,0.29796,21.08,-3.2578,1.6238
-0.35227,0.80409,0.37411,0.29897,21.085,-3.2273,1.6083
-0.35076,0.80418,0.37453,0.29998,21.089,-3.1966,1.5926
-0.34924,0.80427,0.37495,0.30098,21.092,-3.1658,1.5767
-0.34772,0.80435,0.37538,0.30199,21.095,-3.1348,1.5605
-0.34621,0.80443,0.3758,0.30299,21.098,-3.1038,1.5442
-0.34469,0.80451,0.37622,0.304,21.099,-3.0726,1.5278
-0.34316,0.80459,0.37663,0.305,21.1,-3.0414,1.5114
-0.34164,0.80466,0.37705,0.306,21.1,-3.01,1.4949
-0.34012,0.80473,0.37747,0.307,21.099,-2.9785,1.4784
-0.33859,0.8048,0.37788,0.308,21.098,-2.947,1.462
-0.33707,0.80486,0.37829,0.309,21.096,-2.9153,1.4456
-0.33554,0.80492,0.3787,0.31,21.094,-2.8836,1.4294
-0.33401,0.80498,0.37912,0.31099,21.09,-2.8517,1.4134
-0.33248,0.80504,0.37952,0.31199,21.086,-2.8198,1.3976
-0.33095,0.80509,0.37993,0.31298,21.082,-2.7878,1.382
-0.32942,0.80514,0.38034,0.31397,21.076,-2.7557,1.3668
-0.32788,0.80519,0.38074,0.31496,21.07,-2.7236,1.3519
-0.32635,0.80523,0.38115,0.31595,21.064,-2.6913,1.3373
-0.32481,0.80527,0.38155,0.31694,21.056,-2.659,1.3232
-0.32328,0.80531,0.38195,0.31793,21.048,-2.6267,1.3095
-0.32174,0.80535,0.38235,0.31892,21.04,-2.5942,1.2962
-0.3202,0.80538,0.38275,0.3199,21.03,-2.5617,1.2835
-0.31866,0.80541,0.38314,0.32089,21.02,-2.5292,1.2713
-0.31712,0.80544,0.38354,0.32187,21.01,-2.4966,1.2597
-0.31558,0.80546,0.38393,0.32286,20.999,-2.4639,1.2487
-0.31403,0.80548,0.38433,0.32384,20.987,-2.4313,1.2384
-0.31249,0.8055,0.38472,0.32482,20.974,-2.3985,1.2286
-0.31094,0.80552,0.38511,0.3258,20.961,-2.3657,1.2196
-0.3094,0.80553,0.3855,0.32678,20.948,-2.3329,1.2112
-0.30785,0.80554,0.38588,0.32775,20.933,-2.3001,1.2036
-0.3063,0.80555,0.38627,0.32873,20.918,-2.2672,1.1967
-0.30475,0.80556,0.38665,0.3297,20.903,-2.2343,1.1906
-0.3032,0.80556,0.38704,0.33068,20.887,-2.2014,1.1853
-0.30165,0.80556,0.38742,0.33165,20.871,-2.1684,1.1807
-0.3001,0.80555,0.3878,0.33262,20.853,-2.1354,1.1769
-0.29854,0.80555,0.38818,0.33359,20.836,-2.1025,1.174
-0.29699,0.80554,0.38856,0.33456,20.818,-2.0695,1.1718
-0.29543,0.80553,0.38893,0.33553,20.799,-2.0365,1.1705
-0.29387,0.80551,0.38931,0.33649,20.78,-2.0035,1.17
-0.29232,0.80549,0.38968,0.33746,20.76,-1.9705,1.1703
-0.29076,0.80547,0.39006,0.33842,20.74,-1.9375,1.1715
-0.2892,0.80545,0.39043,0.33938,20.72,-1.9045,1.1734
-0.28763,0.80542,0.3908,0.34035,20.699,-1.8715,1.1762
-0.28607,0.8054,0.39117,0.34131,20.677,-1.8386,1.1798
-0.28451,0.80536,0.39153,0.34227,20.655,-1.8056,1.1842
-0.28294,0.80533,0.3919,0.34322,20.633,-1.7727,1.1894
-0.28138,0.80529,0.39226,0.34418,20.61,-1.7398,1.1954
-0.27981,0.80525,0.39263,0.34514,20.587,-1.7069,1.2021
-0.27825,0.80521,0.39299,0.34609,20.564,-1.674,1.2096
-0.27668,0.80516,0.39335,0.34705,20.54,-1.6412,1.2178
-0.27511,0.80511,0.39371,0.348,20.516,-1.6084,1.2267
-0.27354,0.80506,0.39406,0.34895,20.491,-1.5757,1.2362
-0.27197,0.80501,0.39442,0.3499,20.467,-1.543,1.2465
-0.27039,0.80495,0.39477,0.35085,20.442,-1.5103,1.2574
-0.26882,0.80489,0.39513,0.35179,20.416,-1.4777,1.2688
-0.26725,0.80483,0.39548,0.35274,20.391,-1.4451,1.2809
-0.26567,0.80476,0.39583,0.35368,20.365,-1.4126,1.2935
-0.2641,0.80469,0.39618,0.35463,20.339,-1.3802,1.3066
-0.26252,0.80462,0.39653,0.35557,20.312,-1.3478,1.3202
-0.26094,0.80455,0.39687,0.35651,20.286,-1.3155,1.3343
-0.25936,0.80447,0.39722,0.35745,20.259,-1.2832,1.3488
-0.25778,0.80439,0.39756,0.35839,20.233,-1.2511,1.3636
-0.2562,0.80431,0.3979,0.35933,20.206,-1.219,1.3788
-0.25462,0.80423,0.39824,0.36026,20.179,-1.1869,1.3943
-0.25304,0.80414,0.39858,0.3612,20.151,-1.155,1.41
-0.25146,0.80405,0.39892,0.36213,20.124,-1.1231,1.426
-0.24987,0.80395,0.39926,0.36306,20.097,-1.0914,1.4422
-0.24829,0.80386,0.39959,0.36399,20.069,-1.0597,1.4585
-0.2467,0.80376,0.39993,0.36492,20.042,-1.0281,1.4749
-0.24512,0.80366,0.40026,0.36585,20.014,-0.99663,1.4914
-0.24353,0.80355,0.40059,0.36678,19.987,-0.96524,1.5079
-0.24194,0.80344,0.40092,0.36771,19.959,-0.93396,1.5244
-0.24035,0.80333,0.40125,0.36863,19.932,-0.90278,1.5408
-0.23876,0.80322,0.40158,0.36955,19.904,-0.87171,1.5571
-0.23717,0.8031,0.4019,0.37048,19.877,-0.84076,1.5733
-0.23558,0.80298,0.40222,0.3714,19.85,-0.80992,1.5893
-0.23399,0.80286,0.40255,0.37232,19.823,-0.7792,1.605
-0.23239,0.80274,0.40287,0.37323,19.796,-0.7486,1.6205
-0.2308,0.80261,0.40319,0.37415,19.769,-0.71813,1.6357
-0.22921,0.80248,0.40351,0.37507,19.742,-0.68779,1.6506
-0.22761,0.80235,0.40382,0.37598,19.715,-0.65758,1.6651
-0.22601,0.80221,0.40414,0.37689,19.689,-0.6275,1.6792
-0.22442,0.80207,0.40445,0.3778,19.662,-0.59756,1.6928
-0.22282,0.80193,0.40477,0.37871,19.636,-0.56775,1.7059
-0.22122,0.80179,0.40508,0.37962,19.61,-0.5381,1.7186
-0.21962,0.80164,0.40539,0.38053,19.585,-0.50859,1.7307
-0.21802,0.80149,0.4057,0.38144,19.56,-0.47922,1.7422
-0.21642,0.80134,0.406,0.38234,19.534,-0.45001,1.7531
-0.21482,0.80118,0.40631,0.38325,19.51,-0.42096,1.7633
-0.21321,0.80102,0.40661,0.38415,19.485,-0.39206,1.7729
-0.21161,0.80086,0.40691,0.38505,19.461,-0.36332,1.7819
-0.21001,0.8007,0.40722,0.38595,19.437,-0.33475,1.7901
-0.2084,0.80053,0.40752,0.38685,19.414,-0.30634,1.7976
-0.2068,0.80036,0.40781,0.38774,19.391,-0.27811,1.8044
-0.20519,0.80019,0.40811,0.38864,19.368,-0.25004,1.8103
-0.20358,0.80001,0.40841,0.38953,19.346,-0.22215,1.8156
-0.20197,0.79984,0.4087,0.39043,19.324,-0.19444,1.82
-0.20037,0.79966,0.40899,0.39132,19.302,-0.16691,1.8236
-0.19876,0.79947,0.40929,0.39221,19.281,-0.13956,1.8264
-0.19715,0.79929,0.40958,0.3931,19.261,-0.1124,1.8285
-0.19554,0.7991,0.40986,0.39398,19.241,-0.085423,1.8296
-0.19393,0.7989,0.41015,0.39487,19.221,-0.058641,1.83
-0.19231,0.79871,0.41044,0.39575,19.202,-0.032053,1.8295
-0.1907,0.79851,0.41072,0.39664,19.183,-0.0056621,1.8282
-0.18909,0.79831,0.411,0.39752,19.165,0.02053,1.8261
-0.18747,0.79811,0.41128,0.3984,19.147,0.046519,1.8232
-0.18586,0.7979,0.41156,0.39928,19.13,0.072304,1.8195
-0.18424,0.79769,0.41184,0.40015,19.114,0.097882,1.815
-0.18263,0.79748,0.41212,0.40103,19.098,0.12325,1.8096
-0.18101,0.79727,0.4124,0.40191,19.082,0.14841,1.8035
-0.17939,0.79705,0.41267,0.40278,19.067,0.17335,1.7967
-0.17778,0.79683,0.41294,0.40365,19.053,0.19807,1.7891
-0.17616,0.79661,0.41321,0.40452,19.039,0.22257,1.7808
-0.17454,0.79638,0.41348,0.40539,19.026,0.24686,1.7718
-0.17292,0.79616,0.41375,0.40626,19.014,0.27091,1.7621
-0.1713,0.79592,0.41402,0.40712,19.002,0.29474,1.7517
-0.16968,0.79569,0.41428,0.40799,18.991,0.31834,1.7408
-0.16806,0.79545,0.41455,0.40885,18.98,0.34171,1.7292
-0.16643,0.79521,0.41481,0.40971,18.97,0.36484,1.717
-0.16481,0.79497,0.41507,0.41057,18.961,0.38774,1.7043
-0.16319,0.79473,0.41533,0.41143,18.952,0.4104,1.6911
-0.16157,0.79448,0.41559,0.41229,18.944,0.43282,1.6774
-0.15994,0.79423,0.41585,0.41315,18.937,0.45499,1.6633
-0.15832,0.79398,0.4161,0.414,18.93,0.47692,1.6488
-0.15669,0.79372,0.41635,0.41486,18.924,0.4986,1.6339
-0.15506,0.79346,0.41661,0.41571,18.919,0.52004,1.6186
-0.15344,0.7932,0.41686,0.41656,18.914,0.54121,1.6031
-0.15181,0.79294,0.41711,0.41741,18.91,0.56214,1.5873
-0.15018,0.79267,0.41735,0.41825,18.907,0.58281,1.5713
-0.14856,0.7924,0.4176,0.4191,18.904,0.60322,1.5551
-0.14693,0.79213,0.41785,0.41994,18.902,0.62337,1.5387
-0.1453,0.79185,0.41809,0.42079,18.901,0.64326,1.5223
-0.14367,0.79157,0.41833,0.42163,18.9,0.66288,1.5058
-0.14204,0.79129,0.41857,0.42247,18.9,0.68224,1.4893
-0.14041,0.79101,0.41881,0.42331,18.901,0.70133,1.4729
-0.13878,0.79072,0.41905,0.42415,18.902,0.72015,1.4565
-0.13714,0.79043,0.41929,0.42498,18.905,0.7387,1.4402
-0.13551,0.79014,0.41952,0.42582,18.907,0.75697,1.424
-0.13388,0.78984,0.41975,0.42665,18.911,0.77497,1.4081
-0.13225,0.78955,0.41999,0.42748,18.915,0.79269,1.3923
-0.13061,0.78925,0.42022,0.42831,18.92,0.81013,1.3769
-0.12898,0.78894,0.42044,0.42914,18.926,0.82729,1.3617
-0.12735,0.78864,0.42067,0.42996,18.932,0.84417,1.3469
-0.12571,0.78833,0.4209,0.43079,18.939,0.86076,1.3325
-0.12408,0.78802,0.42112,0.43161,18.946,0.87707,1.3185
-0.12244,0.7877,0.42135,0.43244,18.955,0.89309,1.305
-0.1208,0.78739,0.42157,0.43326,18.963,0.90882,1.2919
-0.11917,0.78707,0.42179,0.43407,18.973,0.92425,1.2794
-0.11753,0.78674,0.42201,0.43489,18.983,0.9394,1.2674
-0.11589,0.78642,0.42222,0.43571,18.994,0.95425,1.256
-0.11425,0.78609,0.42244,0.43652,19.005,0.96881,1.2452
-0.11262,0.78576,0.42265,0.43734,19.017,0.98307,1.235
-0.11098,0.78543,0.42286,0.43815,19.03,0.99703,1.2255
-0.10934,0.78509,0.42308,0.43896,19.043,1.0107,1.2167
-0.1077,0.78475,0.42329,0.43977,19.057,1.0241,1.2086
-0.10606,0.78441,0.42349,0.44057,19.072,1.0371,1.2012
-0.10442,0.78407,0.4237,0.44138,19.087,1.0499,1.1946
-0.10278,0.78372,0.42391,0.44218,19.102,1.0623,1.1887
-0.10114,0.78337,0.42411,0.44298,19.118,1.0745,1.1836
-0.099497,0.78302,0.42431,0.44379,19.135,1.0863,1.1793
-0.097855,0.78266,0.42451,0.44458,19.152,1.0978,1.1758
-0.096214,0.7823,0.42471,0.44538,19.17,1.109,1.1732
-0.094571,0.78194,0.42491,0.44618,19.189,1.12,1.1713
-0.092929,0.78158,0.42511,0.44697,19.207,1.1305,1.1702
-0.091286,0.78121,0.4253,0.44777,19.227,1.1408,1.17
-0.089643,0.78084,0.42549,0.44856,19.246,1.1508,1.1706
-0.087999,0.78047,0.42569,0.44935,19.267,1.1605,1.1721
-0.086355,0.7801,0.42588,0.45014,19.287,1.1698,1.1743
-0.084711,0.77972,0.42607,0.45092,19.309,1.1788,1.1774
-0.083067,0.77934,0.42625,0.45171,19.33,1.1875,1.1812
-0.081422,0.77896,0.42644,0.45249,19.352,1.1959,1.1859
-0.079777,0.77857,0.42662,0.45327,19.375,1.204,1.1913
-0.078132,0.77818,0.42681,0.45405,19.398,1.2117,1.1976
-0.076486,0.77779,0.42699,0.45483,19.421,1.2191,1.2045
-0.07484,0.7774,0.42717,0.45561,19.444,1.2262,1.2122
-0.073194,0.777,0.42735,0.45638,19.468,1.233,1.2207
-0.071548,0.7766,0.42752,0.45716,19.492,1.2395,1.2298
-0.069901,0.7762,0.4277,0.45793,19.517,1.2456,1.2396
-0.068255,0.7758,0.42787,0.4587,19.542,1.2514,1.2501
-0.066608,0.77539,0.42804,0.45947,19.567,1.2569,1.2612
-0.06496,0.77498,0.42822,0.46024,19.592,1.262,1.2728
-0.063313,0.77457,0.42838,0.461,19.618,1.2669,1.2851
-0.061665,0.77415,0.42855,0.46177,19.644,1.2714,1.2979
-0.060017,0.77373,0.42872,0.46253,19.67,1.2755,1.3112
-0.058369,0.77331,0.42888,0.46329,19.696,1.2794,1.3249
-0.05672,0.77289,0.42905,0.46405,19.723,1.2829,1.3391
-0.055072,0.77246,0.42921,0.46481,19.75,1.2861,1.3537
-0.053423,0.77203,0.42937,0.46557,19.776,1.289,1.3687
-0.051774,0.7716,0.42953,0.46632,19.803,1.2915,1.384
-0.050125,0.77117,0.42969,0.46707,19.831,1.2937,1.3996
-0.048476,0.77073,0.42984,0.46782,19.858,1.2956,1.4154
-0.046826,0.77029,0.43,0.46857,19.885,1.2971,1.4314
-0.045176,0.76985,0.43015,0.46932,19.912,1.2983,1.4477
-0.043527,0.7694,0.4303,0.47007,19.94,1.2992,1.464
-0.041877,0.76896,0.43045,0.47081,19.967,1.2998,1.4805
-0.040227,0.76851,0.4306,0.47156,19.995,1.3,1.4969
-0.038576,0.76805,0.43075,0.4723,20.022,1.2999,1.5134
-0.036926,0.7676,0.43089,0.47304,20.05,1.2995,1.5299
-0.035275,0.76714,0.43104,0.47378,20.077,1.2987,1.5463
-0.033625,0.76668,0.43118,0.47451,20.105,1.2976,1.5626
-0.031974,0.76621,0.43132,0.47525,20.132,1.2962,1.5787
-0.030323,0.76575,0.43146,0.47598,20.159,1.2944,1.5946
-0.028672,0.76528,0.4316,0.47671,20.186,1.2923,1.6103
-0.027021,0.76481,0.43173,0.47744,20.214,1.2899,1.6257
-0.02537,0.76433,0.43187,0.47817,20.24,1.2872,1.6408
-0.023719,0.76385,0.432,0.4789,20.267,1.2841,1.6555
-0.022067,0.76337,0.43213,0.47962,20.294,1.2807,1.6699
-0.020416,0.76289,0.43226,0.48034,20.32,1.277,1.6838
-0.018764,0.76241,0.43239,0.48107,20.346,1.2729,1.6973
-0.017113,0.76192,0.43252,0.48178,20.372,1.2686,1.7102
-0.015461,0.76143,0.43264,0.4825,20.398,1.2639,1.7227
-0.01381,0.76093,0.43277,0.48322,20.424,1.2588,1.7346
-0.012158,0.76044,0.43289,0.48393,20.449,1.2535,1.7459
-0.010506,0.75994,0.43301,0.48465,20.474,1.2478,1.7566
-0.0088543,0.75944,0.43313,0.48536,20.499,1.2418,1.7666
-0.0072025,0.75893,0.43325,0.48607,20.523,1.2354,1.776
-0.0055506,0.75843,0.43337,0.48678,20.547,1.2288,1.7847
-0.0038987,0.75792,0.43348,0.48748,20.571,1.2218,1.7927
-0.0022468,0.75741,0.4336,0.48819,20.594,1.2145,1.8
-0.00059495,0.75689,0.43371,0.48889,20.617,1.2069,1.8065
0.0010569,0.75637,0.43382,0.48959,20.639,1.1989,1.8122
0.0027088,0.75585,0.43393,0.49029,20.662,1.1907,1.8171
0.0043607,0.75533,0.43403,0.49099,20.683,1.1821,1.8213
0.0060126,0.75481,0.43414,0.49168,20.705,1.1732,1.8247
0.0076644,0.75428,0.43425,0.49238,20.726,1.1639,1.8272
0.0093163,0.75375,0.43435,0.49307,20.746,1.1544,1.8289
0.010968,0.75322,0.43445,0.49376,20.766,1.1446,1.8299
0.01262,0.75268,0.43455,0.49445,20.786,1.1344,1.8299
0.014272,0.75214,0.43465,0.49514,20.805,1.1239,1.8292
0.015923,0.7516,0.43474,0.49582,20.823,1.1131,1.8276
0.017575,0.75106,0.43484,0.49651,20.841,1.102,1.8252
0.019226,0.75051,0.43493,0.49719,20.858,1.0906,1.8221
0.020878,0.74996,0.43503,0.49787,20.875,1.0789,1.818
0.022529,0.74941,0.43512,0.49855,20.892,1.0669,1.8133
0.02418,0.74886,0.43521,0.49922,20.908,1.0545,1.8077
0.025832,0.7483,0.43529,0.4999,20.923,1.0419,1.8013
0.027483,0.74774,0.43538,0.50057,20.938,1.0289,1.7942
0.029134,0.74718,0.43547,0.50124,20.952,1.0157,1.7864
0.030785,0.74661,0.43555,0.50191,20.965,1.0021,1.7778
0.032436,0.74605,0.43563,0.50258,20.978,0.98828,1.7686
0.034086,0.74548,0.43571,0.50325,20.99,0.97413,1.7587
0.035737,0.7449,0.43579,0.50391,21.002,0.95968,1.7481
0.037388,0.74433,0.43587,0.50458,21.013,0.94494,1.7369
0.039038,0.74375,0.43594,0.50524,21.023,0.9299,1.7251
0.040688,0.74317,0.43602,0.5059,21.033,0.91457,1.7128
0.042338,0.74259,0.43609,0.50655,21.042,0.89895,1.6999
0.043988,0.742,0.43616,0.50721,21.051,0.88304,1.6866
0.045638,0.74142,0.43623,0.50786,21.059,0.86684,1.6727
0.047287,0.74082,0.4363,0.50852,21.066,0.85035,1.6585
0.048937,0.74023,0.43636,0.50917,21.072,0.83358,1.6438
0.050586,0.73964,0.43643,0.50981,21.078,0.81652,1.6288
0.052235,0.73904,0.43649,0.51046,21.083,0.79919,1.6134
0.053884,0.73844,0.43655,0.51111,21.088,0.78157,1.5978
0.055533,0.73783,0.43661,0.51175,21.091,0.76367,1.5819
0.057181,0.73723,0.43667,0.51239,21.094,0.7455,1.5658
0.05883,0.73662,0.43673,0.51303,21.097,0.72706,1.5496
0.060478,0.73601,0.43678,0.51367,21.099,0.70834,1.5332
0.062126,0.73539,0.43684,0.51431,21.1,0.68935,1.5168
0.063773,0.73478,0.43689,0.51494,21.1,0.67009,1.5003
0.065421,0.73416,0.43694,0.51557,21.1,0.65056,1.4838
0.067068,0.73354,0.43699,0.5162,21.099,0.63077,1.4673
0.068715,0.73291,0.43704,0.51683,21.097,0.61072,1.451
0.070362,0.73228,0.43709,0.51746,21.095,0.5904,1.4347
0.072008,0.73166,0.43713,0.51808,21.091,0.56983,1.4186
0.073655,0.73102,0.43718,0.51871,21.088,0.549,1.4027
0.075301,0.73039,0.43722,0.51933,21.083,0.52791,1.3871
0.076947,0.72975,0.43726,0.51995,21.078,0.50658,1.3718
0.078592,0.72911,0.4373,0.52057,21.072,0.48499,1.3567
0.080237,0.72847,0.43733,0.52118,21.066,0.46315,1.342
0.081882,0.72783,0.43737,0.5218,21.059,0.44107,1.3278
0.083527,0.72718,0.4374,0.52241,21.051,0.41874,1.3139
0.085171,0.72653,0.43744,0.52302,21.043,0.39617,1.3005
0.086815,0.72588,0.43747,0.52363,21.033,0.37336,1.2876
0.088459,0.72522,0.4375,0.52424,21.024,0.35031,1.2753
0.090102,0.72456,0.43753,0.52484,21.013,0.32703,1.2635
0.091745,0.7239,0.43755,0.52544,21.002,0.30351,1.2523
0.093388,0.72324,0.43758,0.52605,20.991,0.27977,1.2417
0.095031,0.72258,0.4376,0.52665,20.978,0.2558,1.2317
0.096673,0.72191,0.43762,0.52724,20.966,0.2316,1.2225
0.098315,0.72124,0.43764,0.52784,20.952,0.20718,1.2139
0.099956,0.72057,0.43766,0.52843,20.938,0.18253,1.206
0.1016,0.71989,0.43768,0.52903,20.923,0.15767,1.1989
0.10324,0.71921,0.4377,0.52962,20.908,0.1326,1.1925
0.10488,0.71853,0.43771,0.53021,20.892,0.10731,1.1869
0.10652,0.71785,0.43772,0.53079,20.876,0.081808,1.1821
0.10816,0.71717,0.43773,0.53138,20.859,0.0561,1.1781
0.1098,0.71648,0.43774,0.53196,20.842,0.030185,1.1748
0.11144,0.71579,0.43775,0.53254,20.824,0.0040683,1.1724
0.11307,0.7151,0.43776,0.53312,20.805,-0.022249,1.1708
0.11471,0.7144,0.43776,0.5337,20.786,-0.048765,1.1701
0.11635,0.7137,0.43777,0.53427,20.767,-0.075475,1.1701
0.11799,0.713,0.43777,0.53485,20.747,-0.10238,1.171
0.11962,0.7123,0.43777,0.53542,20.726,-0.12947,1.1727
0.12126,0.7116,0.43777,0.53599,20.705,-0.15675,1.1752
0.1229,0.71089,0.43777,0.53656,20.684,-0.18421,1.1786
0.12453,0.71018,0.43776,0.53712,20.662,-0.21186,1.1827
0.12617,0.70947,0.43776,0.53769,20.64,-0.23968,1.1876
0.1278,0.70875,0.43775,0.53825,20.618,-0.26768,1.1933
0.12944,0.70803,0.43774,0.53881,20.595,-0.29586,1.1998
0.13107,0.70731,0.43773,0.53937,20.571,-0.3242,1.207
0.1327,0.70659,0.43772,0.53993,20.548,-0.35271,1.215
0.13434,0.70587,0.43771,0.54048,20.524,-0.38139,1.2237
0.13597,0.70514,0.43769,0.54103,20.499,-0.41023,1.233
0.1376,0.70441,0.43768,0.54158,20.475,-0.43923,1.2431
0.13923,0.70368,0.43766,0.54213,20.45,-0.46838,1.2537
0.14086,0.70294,0.43764,0.54268,20.425,-0.49769,1.265
0.14249,0.7022,0.43762,0.54323,20.399,-0.52714,1.2769
0.14412,0.70146,0.4376,0.54377,20.373,-0.55675,1.2893
0.14575,0.70072,0.43757,0.54431,20.347,-0.58649,1.3023
0.14738,0.69998,0.43755,0.54485,20.321,-0.61638,1.3157
0.14901,0.69923,0.43752,0.54539,20.295,-0.64641,1.3296
0.15064,0.69848,0.43749,0.54592,20.268,-0.67658,1.344
0.15227,0.69773,0.43746,0.54646,20.241,-0.70687,1.3587
0.15389,0.69697,0.43743,0.54699,20.214,-0.7373,1.3738
0.15552,0.69622,0.4374,0.54752,20.187,-0.76785,1.3892
0.15715,0.69546,0.43736,0.54805,20.16,-0.79852,1.4049
0.15877,0.6947,0.43733,0.54858,20.133,-0.82932,1.4208
0.1604,0.69393,0.43729,0.5491,20.106,-0.86023,1.4369
0.16202,0.69317,0.43725,0.54962,20.078,-0.89125,1.4532
0.16364,0.6924,0.43721,0.55014,20.051,-0.92239,1.4695
0.16527,0.69162,0.43717,0.55066,20.023,-0.95363,1.486
0.16689,0.69085,0.43712,0.55118,19.996,-0.98498,1.5025
0.16851,0.69007,0.43708,0.55169,19.968,-1.0164,1.519
0.17013,0.6893,0.43703,0.55221,19.941,-1.048,1.5354
0.17175,0.68851,0.43698,0.55272,19.913,-1.0796,1.5518
0.17337,0.68773,0.43693,0.55323,19.886,-1.1114,1.568
0.17499,0.68695,0.43688,0.55373,19.859,-1.1432,1.5841
0.17661,0.68616,0.43683,0.55424,19.832,-1.1751,1.5999
0.17823,0.68537,0.43677,0.55474,19.804,-1.2071,1.6155
0.17985,0.68457,0.43672,0.55524,19.777,-1.2392,1.6308
0.18146,0.68378,0.43666,0.55574,19.751,-1.2713,1.6458
0.18308,0.68298,0.4366,0.55624,19.724,-1.3035,1.6604
0.1847,0.68218,0.43654,0.55673,19.697,-1.3358,1.6746
0.18631,0.68138,0.43648,0.55723,19.671,-1.3682,1.6884
0.18792,0.68057,0.43641,0.55772,19.645,-1.4006,1.7017
0.18954,0.67976,0.43635,0.55821,19.619,-1.4331,1.7145
0.19115,0.67895,0.43628,0.5587,19.593,-1.4656,1.7268
0.19276,0.67814,0.43621,0.55918,19.568,-1.4982,1.7385
0.19438,0.67733,0.43614,0.55966,19.543,-1.5309,1.7496
0.19599,0.67651,0.43607,0.56015,19.518,-1.5635,1.76
0.1976,0.67569,0.436,0.56063,19.493,-1.5963,1.7699
0.19921,0.67487,0.43592,0.5611,19.469,-1.629,1.779
0.20082,0.67405,0.43585,0.56158,19.445,-1.6619,1.7875
0.20242,0.67322,0.43577,0.56205,19.422,-1.6947,1.7952
0.20403,0.67239,0.43569,0.56253,19.398,-1.7276,1.8022
0.20564,0.67156,0.43561,0.563,19.375,-1.7605,1.8085
0.20724,0.67073,0.43553,0.56346,19.353,-1.7934,1.8139
0.20885,0.66989,0.43545,0.56393,19.331,-1.8263,1.8186
0.21045,0.66905,0.43536,0.56439,19.309,-1.8593,1.8225
0.21206,0.66821,0.43528,0.56486,19.288,-1.8923,1.8256
0.21366,0.66737,0.43519,0.56532,19.267,-1.9253,1.8279
0.21526,0.66652,0.4351,0.56577,19.247,-1.9583,1.8293
0.21687,0.66567,0.43501,0.56623,19.227,-1.9913,1.83
0.21847,0.66483,0.43491,0.56668,19.208,-2.0243,1.8298
0.22007,0.66397,0.43482,0.56714,19.189,-2.0573,1.8288
0.22167,0.66312,0.43472,0.56759,19.171,-2.0902,1.8269
0.22326,0.66226,0.43463,0.56803,19.153,-2.1232,1.8243
0.22486,0.6614,0.43453,0.56848,19.136,-2.1562,1.8208
0.22646,0.66054,0.43443,0.56892,19.119,-2.1892,1.8165
0.22806,0.65968,0.43433,0.56937,19.103,-2.2221,1.8115
0.22965,0.65881,0.43422,0.56981,19.087,-2.255,1.8056
0.23125,0.65794,0.43412,0.57024,19.072,-2.2879,1.799
0.23284,0.65707,0.43401,0.57068,19.058,-2.3207,1.7917
0.23443,0.6562,0.4339,0.57111,19.044,-2.3536,1.7836
0.23603,0.65532,0.43379,0.57155,19.03,-2.3864,1.7748
0.23762,0.65445,0.43368,0.57198,19.018,-2.4191,1.7653
0.23921,0.65357,0.43357,0.57241,19.006,-2.4518,1.7552
0.2408,0.65268,0.43346,0.57283,18.994,-2.4845,1.7444
0.24239,0.6518,0.43334,0.57326,18.983,-2.5171,1.733
0.24397,0.65091,0.43322,0.57368,18.973,-2.5497,1.7211
0.24556,0.65002,0.43311,0.5741,18.964,-2.5822,1.7085
0.24715,0.64913,0.43299,0.57452,18.955,-2.6146,1.6955
0.24873,0.64824,0.43286,0.57493,18.947,-2.647,1.682
0.25032,0.64734,0.43274,0.57535,18.939,-2.6794,1.668
0.2519,0.64644,0.43262,0.57576,18.932,-2.7116,1.6536
0.25348,0.64554,0.43249,0.57617,18.926,-2.7438,1.6388
0.25507,0.64464,0.43236,0.57658,18.92,-2.7759,1.6236
0.25665,0.64374,0.43223,0.57698,18.915,-2.808,1.6082
0.25823,0.64283,0.4321,0.57739,18.911,-2.8399,1.5925
0.25981,0.64192,0.43197,0.57779,18.908,-2.8718,1.5765
0.26138,0.64101,0.43184,0.57819,18.905,-2.9036,1.5604
0.26296,0.6401,0.4317,0.57859,18.902,-2.9353,1.5441
0.26454,0.63918,0.43157,0.57898,18.901,-2.9669,1.5277
0.26611,0.63826,0.43143,0.57938,18.9,-2.9984,1.5112
0.26769,0.63734,0.43129,0.57977,18.9,-3.0298,1.4947
0.26926,0.63642,0.43115,0.58016,18.901,-3.0611,1.4783
0.27083,0.63549,0.431,0.58055,18.902,-3.0923,1.4618
0.27241,0.63456,0.43086,0.58093,18.904,-3.1233,1.4455
0.27398,0.63364,0.43071,0.58132,18.906,-3.1543,1.4293
0.27555,0.6327,0.43057,0.5817,18.91,-3.1852,1.4133
0.27712,0.63177,0.43042,0.58208,18.914,-3.2159,1.3975
0.27868,0.63083,0.43027,0.58246,18.918,-3.2465,1.3819
0.28025,0.6299,0.43012,0.58283,18.924,-3.277,1.3667
0.28182,0.62895,0.42996,0.5832,18.93,-3.3074,1.3517
0.28338,0.62801,0.42981,0.58358,18.936,-3.3376,1.3372
0.28495,0.62707,0.42965,0.58395,18.944,-3.3677,1.323
0.28651,0.62612,0.42949,0.58431,18.952,-3.3977,1.3093
0.28807,0.62517,0.42933,0.58468,18.96,-3.4275,1.2961
0.28963,0.62422,0.42917,0.58504,18.97,-3.4572,1.2834
0.29119,0.62327,0.42901,0.5854,18.98,-3.4867,1.2712
0.29275,0.62231,0.42885,0.58576,18.99,-3.5161,1.2596
0.29431,0.62135,0.42868,0.58612,19.002,-3.5453,1.2486
0.29587,0.62039,0.42852,0.58647,19.013,-3.5744,1.2383
0.29742,0.61943,0.42835,0.58683,19.026,-3.6033,1.2285
0.29898,0.61846,0.42818,0.58718,19.039,-3.6321,1.2195
0.30053,0.6175,0.42801,0.58753,19.053,-3.6607,1.2112
0.30208,0.61653,0.42783,0.58787,19.067,-3.6891,1.2036
0.30363,0.61556,0.42766,0.58822,19.082,-3.7174,1.1967
0.30519,0.61458,0.42748,0.58856,19.097,-3.7455,1.1906
0.30673,0.61361,0.42731,0.5889,19.113,-3.7734,1.1852
0.30828,0.61263,0.42713,0.58924,19.13,-3.8012,1.1807
0.30983,0.61165,0.42695,0.58958,19.147,-3.8287,1.1769
0.31138,0.61067,0.42677,0.58991,19.164,-3.8561,1.1739
0.31292,0.60969,0.42658,0.59025,19.182,-3.8833,1.1718
0.31447,0.6087,0.4264,0.59058,19.201,-3.9103,1.1705
0.31601,0.60771,0.42621,0.5909,19.22,-3.9371,1.17
0.31755,0.60672,0.42602,0.59123,19.24,-3.9637,1.1703
0.31909,0.60573,0.42583,0.59155,19.26,-3.9901,1.1715
0.32063,0.60473,0.42564,0.59188,19.281,-4.0164,1.1735
0.32217,0.60374,0.42545,0.5922,19.302,-4.0424,1.1763
0.32371,0.60274,0.42526,0.59252,19.323,-4.0682,1.1799
0.32524,0.60174,0.42506,0.59283,19.345,-4.0938,1.1843
0.32678,0.60074,0.42487,0.59315,19.367,-4.1192,1.1895
0.32831,0.59973,0.42467,0.59346,19.39,-4.1444,1.1954
0.32985,0.59872,0.42447,0.59377,19.413,-4.1694,1.2022
0.33138,0.59771,0.42427,0.59407,19.437,-4.1941,1.2096
0.33291,0.5967,0.42406,0.59438,19.46,-4.2187,1.2178
0.33444,0.59569,0.42386,0.59468,19.484,-4.243,1.2267
0.33597,0.59467,0.42366,0.59498,19.509,-4.2671,1.2363
0.33749,0.59366,0.42345,0.59528,19.534,-4.291,1.2466
0.33902,0.59264,0.42324,0.59558,19.559,-4.3146,1.2575
0.34054,0.59161,0.42303,0.59588,19.584,-4.338,1.2689
0.34207,0.59059,0.42282,0.59617,19.61,-4.3612,1.281
0.34359,0.58956,0.42261,0.59646,19.635,-4.3841,1.2936
0.34511,0.58854,0.42239,0.59675,19.661,-4.4068,1.3067
0.34663,0.58751,0.42217,0.59704,19.688,-4.4293,1.3204
0.34815,0.58647,0.42196,0.59732,19.714,-4.4515,1.3344
0.34967,0.58544,0.42174,0.5976,19.741,-4.4734,1.3489
0.35118,0.5844,0.42152,0.59788,19.768,-4.4952,1.3637
0.3527,0.58337,0.4213,0.59816,19.795,-4.5166,1.3789
0.35421,0.58232,0.42107,0.59844,19.822,-4.5379,1.3944
0.35572,0.58128,0.42085,0.59871,19.849,-4.5588,1.4102
0.35724,0.58024,0.42062,0.59899,19.876,-4.5795,1.4262
0.35875,0.57919,0.42039,0.59926,19.904,-4.6,1.4423
0.36025,0.57814,0.42017,0.59952,19.931,-4.6202,1.4586
0.36176,0.57709,0.41993,0.59979,19.958,-4.6401,1.4751
0.36327,0.57604,0.4197,0.60005,19.986,-4.6598,1.4915
0.36477,0.57499,0.41947,0.60031,20.013,-4.6792,1.508
0.36628,0.57393,0.41923,0.60057,20.041,-4.6983,1.5245
0.36778,0.57287,0.419,0.60083,20.068,-4.7172,1.5409
0.36928,0.57181,0.41876,0.60109,20.096,-4.7358,1.5572
0.37078,0.57075,0.41852,0.60134,20.123,-4.7541,1.5734
0.37228,0.56968,0.41828,0.60159,20.15,-4.7721,1.5894
0.37378,0.56862,0.41804,0.60184,20.178,-4.7899,1.6052
0.37527,0.56755,0.41779,0.60209,20.205,-4.8074,1.6207
0.37677,0.56648,0.41755,0.60233,20.232,-4.8246,1.6359
0.37826,0.56541,0.4173,0.60258,20.258,-4.8415,1.6507
0.37975,0.56433,0.41705,0.60282,20.285,-4.8581,1.6652
0.38124,0.56325,0.4168,0.60305,20.312,-4.8745,1.6793
0.38273,0.56218,0.41655,0.60329,20.338,-4.8906,1.6929
0.38422,0.5611,0.4163,0.60352,20.364,-4.9063,1.7061
0.38571,0.56001,0.41604,0.60376,20.39,-4.9218,1.7187
0.38719,0.55893,0.41579,0.60399,20.415,-4.937,1.7308
0.38868,0.55784,0.41553,0.60422,20.441,-4.9519,1.7423
0.39016,0.55675,0.41527,0.60444,20.466,-4.9665,1.7532
0.39164,0.55566,0.41501,0.60466,20.49,-4.9808,1.7634
0.39312,0.55457,0.41475,0.60489,20.515,-4.9948,1.773
0.3946,0.55348,0.41449,0.60511,20.539,-5.0085,1.7819
0.39608,0.55238,0.41423,0.60532,20.563,-5.0219,1.7902
0.39755,0.55128,0.41396,0.60554,20.586,-5.0351,1.7977
0.39903,0.55018,0.41369,0.60575,20.609,-5.0479,1.8044
0.4005,0.54908,0.41342,0.60596,20.632,-5.0604,1.8104
0.40197,0.54798,0.41315,0.60617,20.654,-5.0726,1.8156
0.40344,0.54687,0.41288,0.60638,20.676,-5.0844,1.82
0.40491,0.54577,0.41261,0.60658,20.698,-5.096,1.8237
0.40638,0.54466,0.41233,0.60679,20.719,-5.1073,1.8265
0.40784,0.54354,0.41206,0.60699,20.739,-5.1182,1.8285
0.40931,0.54243,0.41178,0.60718,20.76,-5.1289,1.8296
0.41077,0.54132,0.4115,0.60738,20.779,-5.1392,1.83
0.41223,0.5402,0.41122,0.60757,20.798,-5.1492,1.8295
0.41369,0.53908,0.41094,0.60777,20.817,-5.1589,1.8282
0.41515,0.53796,0.41066,0.60796,20.835,-5.1683,1.8261
0.41661,0.53684,0.41037,0.60814,20.853,-5.1774,1.8232
0.41806,0.53571,0.41009,0.60833,20.87,-5.1861,1.8194
0.41952,0.53459,0.4098,0.60851,20.886,-5.1946,1.8149
0.42097,0.53346,0.40951,0.60869,20.902,-5.2027,1.8096
0.42242,0.53233,0.40922,0.60887,20.918,-5.2105,1.8035
0.42387,0.5312,0.40893,0.60905,20.933,-5.218,1.7966
0.42532,0.53006,0.40864,0.60922,20.947,-5.2251,1.789
0.42677,0.52893,0.40834,0.6094,20.961,-5.2319,1.7807
0.42821,0.52779,0.40805,0.60957,20.974,-5.2384,1.7717
0.42965,0.52665,0.40775,0.60974,20.986,-5.2446,1.762
0.4311,0.52551,0.40745,0.6099,20.998,-5.2505,1.7516
0.43254,0.52436,0.40715,0.61007,21.009,-5.256,1.7407
0.43398,0.52322,0.40685,0.61023,21.02,-5.2612,1.7291
0.43542,0.52207,0.40655,0.61039,21.03,-5.2661,1.7169
0.43685,0.52092,0.40624,0.61055,21.039,-5.2707,1.7042
0.43829,0.51977,0.40593,0.6107,21.048,-5.2749,1.691
0.43972,0.51862,0.40563,0.61086,21.056,-5.2788,1.6773
0.44115,0.51747,0.40532,0.61101,21.063,-5.2824,1.6632
0.44258,0.51631,0.40501,0.61116,21.07,-5.2856,1.6486
0.44401,0.51515,0.4047,0.6113,21.076,-5.2885,1.6337
0.44544,0.51399,0.40438,0.61145,21.082,-5.2911,1.6185
0.44686,0.51283,0.40407,0.61159,21.086,-5.2934,1.6029
0.44829,0.51167,0.40375,0.61173,21.09,-5.2953,1.5871
0.44971,0.5105,0.40344,0.61187,21.094,-5.2969,1.5711
0.45113,0.50934,0.40312,0.61201,21.096,-5.2982,1.5549
0.45255,0.50817,0.4028,0.61214,21.098,-5.2991,1.5386
0.45397,0.507,0.40248,0.61227,21.099,-5.2997,1.5222
0.45538,0.50583,0.40215,0.6124,21.1,-5.3,1.5057
0.4568,0.50465,0.40183,0.61253,21.1,-5.2999,1.4892
0.45821,0.50348,0.4015,0.61266,21.099,-5.2995,1.4727
0.45962,0.5023,0.40118,0.61278,21.098,-5.2988,1.4563
0.46103,0.50112,0.40085,0.6129,21.095,-5.2978,1.44
0.46244,0.49994,0.40052,0.61302,21.093,-5.2964,1.4239
0.46385,0.49876,0.40019,0.61314,21.089,-5.2947,1.4079
0.46525,0.49757,0.39985,0.61325,21.085,-5.2927,1.3922
0.46665,0.49639,0.39952,0.61337,21.08,-5.2903,1.3767
0.46805,0.4952,0.39918,0.61348,21.074,-5.2876,1.3616
0.46945,0.49401,0.39885,0.61359,21.068,-5.2846,1.3468
0.47085,0.49282,0.39851,0.61369,21.061,-5.2813,1.3324
0.47225,0.49163,0.39817,0.6138,21.054,-5.2776,1.3184
0.47364,0.49043,0.39783,0.6139,21.045,-5.2736,1.3048
0.47504,0.48923,0.39749,0.614,21.037,-5.2693,1.2918
0.47643,0.48804,0.39714,0.6141,21.027,-5.2646,1.2793
0.47782,0.48684,0.3968,0.61419,21.017,-5.2596,1.2673
0.47921,0.48564,0.39645,0.61428,21.006,-5.2543,1.2559
0.48059,0.48443,0.3961,0.61438,20.995,-5.2487,1.2451
0.48198,0.48323,0.39575,0.61447,20.983,-5.2427,1.2349
0.48336,0.48202,0.3954,0.61455,20.97,-5.2365,1.2254
0.48474,0.48081,0.39505,0.61464,20.957,-5.2299,1.2166
0.48612,0.4796,0.3947,0.61472,20.943,-5.2229,1.2085
0.4875,0.47839,0.39434,0.6148,20.928,-5.2157,1.2012
0.48888,0.47718,0.39398,0.61488,20.913,-5.2081,1.1945
0.49025,0.47596,0.39363,0.61495,20.898,-5.2002,1.1887
0.49163,0.47475,0.39327,0.61503,20.881,-5.192,1.1836
0.493,0.47353,0.39291,0.6151,20.865,-5.1835,1.1793
0.49437,0.47231,0.39255,0.61517,20.847,-5.1746,1.1758
0.49574,0.47109,0.39218,0.61524,20.83,-5.1654,1.1731
0.4971,0.46986,0.39182,0.6153,20.811,-5.156,1.1713
0.49847,0.46864,0.39145,0.61537,20.792,-5.1462,1.1702
0.49983,0.46741,0.39108,0.61543,20.773,-5.136,1.17
0.50119,0.46618,0.39072,0.61549,20.753,-5.1256,1.1706
0.50255,0.46495,0.39035,0.61554,20.733,-5.1149,1.1721
0.50391,0.46372,0.38997,0.6156,20.712,-5.1038,1.1743
0.50526,0.46249,0.3896,0.61565,20.691,-5.0924,1.1774
0.50661,0.46125,0.38923,0.6157,20.67,-5.0808,1.1813
0.50797,0.46002,0.38885,0.61575,20.648,-5.0688,1.1859
0.50932,0.45878,0.38848,0.6158,20.625,-5.0565,1.1914
0.51067,0.45754,0.3881,0.61584,20.602,-5.0439,1.1976
0.51201,0.4563,0.38772,0.61588,20.579,-5.031,1.2046
0.51336,0.45505,0.38734,0.61592,20.556,-5.0178,1.2123
0.5147,0.45381,0.38695,0.61596,20.532,-5.0043,1.2208
0.51604,0.45256,0.38657,0.61599,20.507,-4.9905,1.2299
0.51738,0.45132,0.38619,0.61603,20.483,-4.9764,1.2397
0.51872,0.45007,0.3858,0.61606,20.458,-4.962,1.2502
0.52006,0.44882,0.38541,0.61609,20.433,-4.9473,1.2613
0.52139,0.44756,0.38502,0.61611,20.407,-4.9323,1.2729
0.52272,0.44631,0.38463,0.61614,20.382,-4.917,1.2852
0.52405,0.44506,0.38424,0.61616,20.356,-4.9015,1.298
0.52538,0.4438,0.38385,0.61618,20.33,-4.8856,1.3113
0.52671,0.44254,0.38345,0.6162,20.303,-4.8694,1.325
0.52803,0.44128,0.38306,0.61622,20.277,-4.853,1.3392
0.52935,0.44002,0.38266,0.61623,20.25,-4.8363,1.3538
0.53068,0.43876,0.38226,0.61624,20.223,-4.8193,1.3688
0.532,0.43749,0.38186,0.61625,20.196,-4.802,1.3841
0.53331,0.43622,0.38146,0.61626,20.169,-4.7844,1.3997
0.53463,0.43496,0.38106,0.61626,20.142,-4.7665,1.4155
0.53594,0.43369,0.38065,0.61627,20.115,-4.7484,1.4316
0.53725,0.43242,0.38025,0.61627,20.087,-4.73,1.4478
0.53856,0.43114,0.37984,0.61627,20.06,-4.7113,1.4642
0.53987,0.42987,0.37943,0.61626,20.032,-4.6924,1.4806
0.54118,0.4286,0.37902,0.61626,20.005,-4.6732,1.4971
0.54248,0.42732,0.37861,0.61625,19.977,-4.6537,1.5136
0.54379,0.42604,0.3782,0.61624,19.95,-4.6339,1.53
0.54509,0.42476,0.37779,0.61623,19.922,-4.6139,1.5464
0.54638,0.42348,0.37738,0.61621,19.895,-4.5937,1.5627
0.54768,0.4222,0.37696,0.6162,19.868,-4.5731,1.5788
0.54898,0.42091,0.37654,0.61618,19.84,-4.5523,1.5947
0.55027,0.41963,0.37612,0.61616,19.813,-4.5313,1.6104
0.55156,0.41834,0.3757,0.61613,19.786,-4.51,1.6258
0.55285,0.41705,0.37528,0.61611,19.759,-4.4884,1.6409
0.55414,0.41576,0.37486,0.61608,19.733,-4.4666,1.6556
0.55542,0.41447,0.37444,0.61605,19.706,-4.4446,1.67
0.5567,0.41318,0.37401,0.61602,19.68,-4.4223,1.6839
0.55799,0.41188,0.37359,0.61599,19.653,-4.3998,1.6974
0.55926,0.41059,0.37316,0.61595,19.627,-4.377,1.7104
0.56054,0.40929,0.37273,0.61591,19.602,-4.354,1.7228
0.56182,0.40799,0.3723,0.61587,19.576,-4.3308,1.7347
0.56309,0.40669,0.37187,0.61583,19.551,-4.3073,1.746
0.56436,0.40539,0.37143,0.61579,19.526,-4.2836,1.7567
0.56563,0.40408,0.371,0.61574,19.501,-4.2596,1.7667
0.5669,0.40278,0.37057,0.61569,19.477,-4.2355,1.7761
0.56816,0.40147,0.37013,0.61564,19.453,-4.2111,1.7848
0.56943,0.40017,0.36969,0.61559,19.429,-4.1865,1.7928
0.57069,0.39886,0.36925,0.61553,19.406,-4.1616,1.8
0.57195,0.39755,0.36881,0.61547,19.383,-4.1366,1.8065
0.57321,0.39624,0.36837,0.61541,19.36,-4.1114,1.8122
0.57446,0.39492,0.36793,0.61535,19.338,-4.0859,1.8172
0.57572,0.39361,0.36748,0.61529,19.316,-4.0602,1.8213
0.57697,0.39229,0.36704,0.61522,19.295,-4.0343,1.8247
0.57822,0.39098,0.36659,0.61515,19.274,-4.0082,1.8272
0.57946,0.38966,0.36614,0.61508,19.254,-3.982,1.829
0.58071,0.38834,0.36569,0.61501,19.234,-3.9555,1.8299
0.58195,0.38702,0.36524,0.61494,19.214,-3.9288,1.8299
0.58319,0.3857,0.36479,0.61486,19.195,-3.9019,1.8292
0.58443,0.38437,0.36433,0.61478,19.177,-3.8749,1.8276
0.58567,0.38305,0.36388,0.6147,19.159,-3.8476,1.8252
0.58691,0.38172,0.36342,0.61462,19.141,-3.8202,1.822
0.58814,0.38039,0.36297,0.61453,19.124,-3.7926,1.818
0.58937,0.37906,0.36251,0.61444,19.108,-3.7648,1.8132
0.5906,0.37773,0.36205,0.61435,19.092,-3.7368,1.8076
0.59183,0.3764,0.36159,0.61426,19.077,-3.7086,1.8013
0.59305,0.37507,0.36112,0.61417,19.062,-3.6803,1.7942
0.59427,0.37373,0.36066,0.61407,19.048,-3.6518,1.7863
0.59549,0.3724,0.3602,0.61397,19.035,-3.6232,1.7778
0.59671,0.37106,0.35973,0.61387,19.022,-3.5944,1.7685
0.59793,0.36972,0.35926,0.61377,19.01,-3.5654,1.7586
0.59914,0.36838,0.35879,0.61367,18.998,-3.5363,1.748
0.60036,0.36704,0.35832,0.61356,18.987,-3.507,1.7368
0.60157,0.3657,0.35785,0.61345,18.977,-3.4776,1.725
0.60277,0.36436,0.35738,0.61334,18.967,-3.448,1.7127
0.60398,0.36301,0.35691,0.61323,18.958,-3.4183,1.6998
0.60518,0.36167,0.35643,0.61311,18.949,-3.3884,1.6864
0.60639,0.36032,0.35596,0.61299,18.941,-3.3584,1.6726
0.60759,0.35897,0.35548,0.61287,18.934,-3.3282,1.6583
0.60878,0.35762,0.355,0.61275,18.928,-3.298,1.6437
0.60998,0.35627,0.35452,0.61263,18.922,-3.2676,1.6286
0.61117,0.35492,0.35404,0.6125,18.917,-3.237,1.6133
0.61236,0.35356,0.35356,0.61237,18.912,-3.2064,1.5977
0.61355,0.35221,0.35307,0.61224,18.909,-3.1756,1.5818
0.61474,0.35085,0.35259,0.61211,18.906,-3.1447,1.5657
0.61592,0.3495,0.3521,0.61198,18.903,-3.1137,1.5494
0.61711,0.34814,0.35162,0.61184,18.901,-3.0826,1.5331
0.61829,0.34678,0.35113,0.6117,18.9,-3.0513,1.5166
0.61947,0.34542,0.35064,0.61156,18.9,-3.02,1.5001
0.62064,0.34405,0.35015,0.61142,18.9,-2.9886,1.4836
0.62182,0.34269,0.34965,0.61127,18.901,-2.957,1.4672
0.62299,0.34133,0.34916,0.61112,18.903,-2.9254,1.4508
0.62416,0.33996,0.34867,0.61097,18.905,-2.8937,1.4346
0.62532,0.33859,0.34817,0.61082,18.909,-2.8619,1.4185
0.62649,0.33723,0.34767,0.61067,18.912,-2.83,1.4026
0.62765,0.33586,0.34717,0.61051,18.917,-2.798,1.387
0.62881,0.33449,0.34668,0.61035,18.922,-2.7659,1.3716
0.62997,0.33312,0.34617,0.61019,18.928,-2.7338,1.3566
0.63113,0.33174,0.34567,0.61003,18.934,-2.7016,1.3419
0.63228,0.33037,0.34517,0.60986,18.941,-2.6693,1.3276
0.63343,0.32899,0.34467,0.6097,18.949,-2.637,1.3138
0.63458,0.32762,0.34416,0.60953,18.958,-2.6046,1.3004
0.63573,0.32624,0.34365,0.60936,18.967,-2.5721,1.2875
0.63688,0.32486,0.34314,0.60918,18.976,-2.5396,1.2752
0.63802,0.32348,0.34264,0.60901,18.987,-2.507,1.2634
0.63916,0.3221,0.34213,0.60883,18.998,-2.4743,1.2522
0.6403,0.32072,0.34161,0.60865,19.009,-2.4417,1.2416
0.64144,0.31934,0.3411,0.60847,19.022,-2.4089,1.2317
0.64257,0.31795,0.34059,0.60829,19.035,-2.3762,1.2224
0.6437,0.31657,0.34007,0.6081,19.048,-2.3434,1.2138
0.64483,0.31518,0.33956,0.60791,19.062,-2.3105,1.206
0.64596,0.31379,0.33904,0.60772,19.077,-2.2777,1.1988
0.64708,0.3124,0.33852,0.60753,19.092,-2.2448,1.1925
0.64821,0.31101,0.338,0.60733,19.108,-2.2119,1.1869
0.64933,0.30962,0.33748,0.60714,19.124,-2.1789,1.1821
0.65044,0.30823,0.33696,0.60694,19.141,-2.146,1.178
0.65156,0.30684,0.33643,0.60674,19.159,-2.113,1.1748
0.65267,0.30544,0.33591,0.60654,19.176,-2.08,1.1724
0.65379,0.30405,0.33538,0.60633,19.195,-2.047,1.1708
0.65489,0.30265,0.33486,0.60612,19.214,-2.014,1.1701
0.656,0.30126,0.33433,0.60591,19.233,-1.981,1.1701
0.65711,0.29986,0.3338,0.6057,19.253,-1.948,1.171
0.65821,0.29846,0.33327,0.60549,19.274,-1.915,1.1727
0.65931,0.29706,0.33274,0.60527,19.295,-1.882,1.1753
0.66041,0.29566,0.3322,0.60506,19.316,-1.8491,1.1786
0.6615,0.29425,0.33167,0.60484,19.338,-1.8161,1.1827
0.66259,0.29285,0.33113,0.60461,19.36,-1.7832,1.1877
0.66369,0.29145,0.3306,0.60439,19.383,-1.7502,1.1934
0.66477,0.29004,0.33006,0.60416,19.405,-1.7173,1.1999
0.66586,0.28863,0.32952,0.60393,19.429,-1.6845,1.2071
0.66694,0.28723,0.32898,0.6037,19.452,-1.6516,1.2151
0.66802,0.28582,0.32844,0.60347,19.476,-1.6189,1.2237
0.6691,0.28441,0.3279,0.60324,19.501,-1.5861,1.2331
0.67018,0.283,0.32736,0.603,19.526,-1.5534,1.2432
0.67125,0.28159,0.32681,0.60276,19.55,-1.5207,1.2538
0.67233,0.28017,0.32627,0.60252,19.576,-1.4881,1.2651
0.6734,0.27876,0.32572,0.60228,19.601,-1.4555,1.277
0.67446,0.27735,0.32517,0.60203,19.627,-1.423,1.2894
0.67553,0.27593,0.32462,0.60178,19.653,-1.3905,1.3024
0.67659,0.27452,0.32407,0.60153,19.679,-1.3581,1.3159
0.67765,0.2731,0.32352,0.60128,19.706,-1.3258,1.3298
0.67871,0.27168,0.32297,0.60103,19.732,-1.2935,1.3441
0.67976,0.27026,0.32242,0.60077,19.759,-1.2613,1.3588
0.68082,0.26884,0.32186,0.60051,19.786,-1.2292,1.3739
0.68187,0.26742,0.32131,0.60025,19.813,-1.1971,1.3893
0.68292,0.266,0.32075,0.59999,19.84,-1.1652,1.405
0.68396,0.26457,0.32019,0.59973,19.867,-1.1333,1.4209
0.68501,0.26315,0.31963,0.59946,19.895,-1.1015,1.437
0.68605,0.26173,0.31907,0.59919,19.922,-1.0698,1.4533
0.68709,0.2603,0.31851,0.59892,19.949,-1.0382,1.4697
0.68812,0.25887,0.31795,0.59865,19.977,-1.0066,1.4861
0.68916,0.25745,0.31738,0.59838,20.004,-0.97523,1.5026
0.69019,0.25602,0.31682,0.5981,20.032,-0.94391,1.5191
0.69122,0.25459,0.31625,0.59782,20.059,-0.9127,1.5356
0.69224,0.25316,0.31569,0.59754,20.087,-0.8816,1.5519
0.69327,0.25173,0.31512,0.59726,20.114,-0.85061,1.5681
0.69429,0.25029,0.31455,0.59697,20.142,-0.81973,1.5842
0.69531,0.24886,0.31398,0.59668,20.169,-0.78897,1.6
0.69633,0.24743,0.31341,0.59639,20.196,-0.75834,1.6156
0.69734,0.24599,0.31284,0.5961,20.223,-0.72782,1.6309
0.69835,0.24456,0.31226,0.59581,20.25,-0.69744,1.6459
0.69936,0.24312,0.31169,0.59551,20.276,-0.66718,1.6605
0.70037,0.24168,0.31111,0.59521,20.303,-0.63706,1.6747
0.70137,0.24025,0.31054,0.59491,20.329,-0.60708,1.6885
0.70238,0.23881,0.30996,0.59461,20.355,-0.57723,1.7018
0.70338,0.23737,0.30938,0.59431,20.381,-0.54753,1.7146
0.70437,0.23593,0.3088,0.594,20.407,-0.51797,1.7269
0.70537,0.23448,0.30822,0.59369,20.432,-0.48856,1.7386
0.70636,0.23304,0.30764,0.59338,20.458,-0.4593,1.7497
0.70735,0.2316,0.30705,0.59307,20.482,-0.43019,1.7601
0.70834,0.23016,0.30647,0.59276,20.507,-0.40125,1.77
0.70932,0.22871,0.30588,0.59244,20.531,-0.37246,1.7791
0.71031,0.22727,0.3053,0.59212,20.555,-0.34383,1.7876
0.71129,0.22582,0.30471,0.5918,20.579,-0.31537,1.7953
0.71226,0.22437,0.30412,0.59148,20.602,-0.28708,1.8023
0.71324,0.22292,0.30353,0.59116,20.625,-0.25896,1.8085
0.71421,0.22148,0.30294,0.59083,20.647,-0.23102,1.814
0.71518,0.22003,0.30235,0.5905,20.669,-0.20325,1.8187
0.71615,0.21858,0.30176,0.59017,20.691,-0.17566,1.8226
0.71711,0.21713,0.30116,0.58984,20.712,-0.14825,1.8256
0.71808,0.21567,0.30057,0.5895,20.733,-0.12103,1.8279
0.71904,0.21422,0.29997,0.58916,20.753,-0.093994,1.8293
0.71999,0.21277,0.29937,0.58882,20.773,-0.067151,1.83
0.72095,0.21131,0.29878,0.58848,20.792,-0.040501,1.8298
0.7219,0.20986,0.29818,0.58814,20.811,-0.014047,1.8287
0.72285,0.2084,0.29758,0.58779,20.829,0.012209,1.8269
0.7238,0.20695,0.29698,0.58745,20.847,0.038263,1.8242
0.72474,0.20549,0.29637,0.5871,20.864,0.064113,1.8208
0.72569,0.20403,0.29577,0.58675,20.881,0.089757,1.8165
0.72663,0.20258,0.29517,0.58639,20.897,0.11519,1.8114
0.72756,0.20112,0.29456,0.58604,20.913,0.14042,1.8056
0.7285,0.19966,0.29395,0.58568,20.928,0.16543,1.799
0.72943,0.1982,0.29335,0.58532,20.942,0.19022,1.7916
0.73036,0.19674,0.29274,0.58496,20.956,0.21479,1.7835
0.73129,0.19527,0.29213,0.58459,20.97,0.23914,1.7747
0.73221,0.19381,0.29152,0.58423,20.982,0.26327,1.7652
0.73313,0.19235,0.29091,0.58386,20.994,0.28718,1.7551
0.73405,0.19088,0.29029,0.58349,21.006,0.31085,1.7443
0.73497,0.18942,0.28968,0.58312,21.017,0.33429,1.7329
0.73588,0.18795,0.28907,0.58274,21.027,0.3575,1.721
0.73679,0.18649,0.28845,0.58237,21.036,0.38047,1.7084
0.7377,0.18502,0.28783,0.58199,21.045,0.40321,1.6954
0.73861,0.18356,0.28722,0.58161,21.054,0.4257,1.6818
0.73951,0.18209,0.2866,0.58123,21.061,0.44796,1.6678
0.74042,0.18062,0.28598,0.58084,21.068,0.46996,1.6534
0.74131,0.17915,0.28536,0.58046,21.074,0.49172,1.6386
0.74221,0.17768,0.28474,0.58007,21.08,0.51324,1.6235
0.7431,0.17621,0.28411,0.57968,21.085,0.5345,1.6081
0.74399,0.17474,0.28349,0.57929,21.089,0.5555,1.5923
0.74488,0.17327,0.28286,0.57889,21.093,0.57625,1.5764
0.74577,0.1718,0.28224,0.57849,21.095,0.59675,1.5602
0.74665,0.17032,0.28161,0.5781,21.098,0.61698,1.544
0.74753,0.16885,0.28099,0.5777,21.099,0.63695,1.5276
0.74841,0.16738,0.28036,0.57729,21.1,0.65666,1.5111
0.74929,0.1659,0.27973,0.57689,21.1,0.6761,1.4946
0.75016,0.16443,0.2791,0.57648,21.099,0.69528,1.4781
0.75103,0.16295,0.27847,0.57607,21.098,0.71418,1.4617
0.7519,0.16147,0.27783,0.57566,21.096,0.73282,1.4453
0.75276,0.16,0.2772,0.57525,21.094,0.75118,1.4291
0.75362,0.15852,0.27657,0.57484,21.09,0.76927,1.4131
0.75448,0.15704,0.27593,0.57442,21.086,0.78707,1.3973
0.75534,0.15556,0.27529,0.574,21.082,0.8046,1.3818
0.75619,0.15409,0.27466,0.57358,21.076,0.82185,1.3665
0.75704,0.15261,0.27402,0.57316,21.07,0.83882,1.3516
0.75789,0.15113,0.27338,0.57273,21.064,0.85551,1.3371
0.75874,0.14965,0.27274,0.57231,21.056,0.8719,1.3229
0.75958,0.14816,0.2721,0.57188,21.048,0.88801,1.3092
0.76042,0.14668,0.27146,0.57145,21.04,0.90384,1.296
0.76126,0.1452,0.27081,0.57101,21.03,0.91937,1.2833
0.7621,0.14372,0.27017,0.57058,21.02,0.93461,1.2711
0.76293,0.14223,0.26952,0.57014,21.01,0.94955,1.2595
0.76376,0.14075,0.26888,0.5697,20.998,0.96421,1.2485
0.76459,0.13927,0.26823,0.56926,20.987,0.97856,1.2382
0.76541,0.13778,0.26758,0.56882,20.974,0.99262,1.2285
0.76624,0.1363,0.26693,0.56838,20.961,1.0064,1.2194
0.76706,0.13481,0.26628,0.56793,20.947,1.0198,1.2111
0.76787,0.13333,0.26563,0.56748,20.933,1.033,1.2035
0.76869,0.13184,0.26498,0.56703,20.918,1.0458,1.1966
0.7695,0.13035,0.26433,0.56658,20.903,1.0584,1.1905
0.77031,0.12886,0.26368,0.56612,20.887,1.0706,1.1852
0.77111,0.12738,0.26302,0.56567,20.87,1.0826,1.1806
0.77192,0.12589,0.26237,0.56521,20.853,1.0942,1.1769
0.77272,0.1244,0.26171,0.56475,20.835,1.1055,1.1739
0.77351,0.12291,0.26105,0.56429,20.817,1.1165,1.1718
0.77431,0.12142,0.2604,0.56382,20.799,1.1272,1.1705
0.7751,0.11993,0.25974,0.56335,20.78,1.1376,1.17
0.77589,0.11844,0.25908,0.56289,20.76,1.1477,1.1703
0.77668,0.11695,0.25842,0.56242,20.74,1.1574,1.1715
0.77746,0.11546,0.25776,0.56194,20.719,1.1668,1.1735
0.77825,0.11397,0.25709,0.56147,20.698,1.176,1.1763
0.77902,0.11247,0.25643,0.56099,20.677,1.1848,1.1799
0.7798,0.11098,0.25577,0.56052,20.655,1.1933,1.1843
0.78057,0.10949,0.2551,0.56003,20.632,1.2014,1.1895
0.78135,0.108,0.25444,0.55955,20.61,1.2093,1.1955
0.78211,0.1065,0.25377,0.55907,20.587,1.2168,1.2022
0.78288,0.10501,0.2531,0.55858,20.563,1.224,1.2097
0.78364,0.10351,0.25243,0.55809,20.539,1.2309,1.2179
0.7844,0.10202,0.25176,0.5576,20.515,1.2374,1.2268
0.78516,0.10052,0.25109,0.55711,20.491,1.2437,1.2364
0.78591,0.099028,0.25042,0.55662,20.466,1.2496,1.2467
0.78666,0.097533,0.24975,0.55612,20.441,1.2552,1.2576
0.78741,0.096037,0.24908,0.55563,20.416,1.2604,1.269
0.78816,0.09454,0.2484,0.55513,20.39,1.2654,1.2811
0.7889,0.093043,0.24773,0.55462,20.364,1.27,1.2937
0.78964,0.091546,0.24705,0.55412,20.338,1.2742,1.3069
0.79038,0.090049,0.24637,0.55361,20.312,1.2782,1.3205
0.79112,0.088551,0.2457,0.55311,20.286,1.2818,1.3345
0.79185,0.087053,0.24502,0.5526,20.259,1.2851,1.349
0.79258,0.085554,0.24434,0.55209,20.232,1.2881,1.3639
0.7933,0.084056,0.24366,0.55157,20.205,1.2907,1.3791
0.79403,0.082557,0.24298,0.55106,20.178,1.293,1.3946
0.79475,0.081057,0.2423,0.55054,20.151,1.295,1.4103
0.79547,0.079558,0.24161,0.55002,20.124,1.2967,1.4263
0.79618,0.078058,0.24093,0.5495,20.096,1.298,1.4425
0.7969,0.076558,0.24025,0.54898,20.069,1.299,1.4588
0.79761,0.075058,0.23956,0.54845,20.041,1.2996,1.4752
0.79831,0.073557,0.23888,0.54793,20.014,1.3,1.4917
0.79902,0.072056,0.23819,0.5474,19.986,1.3,1.5082
0.79972,0.070555,0.2375,0.54687,19.959,1.2996,1.5247
0.80042,0.069054,0.23681,0.54633,19.931,1.299,1.5411
0.80111,0.067552,0.23612,0.5458,19.904,1.298,1.5574
0.80181,0.06605,0.23543,0.54526,19.877,1.2967,1.5736
0.8025,0.064548,0.23474,0.54473,19.849,1.295,1.5895
0.80319,0.063046,0.23405,0.54419,19.822,1.293,1.6053
0.80387,0.061543,0.23336,0.54364,19.795,1.2907,1.6208
0.80455,0.06004,0.23267,0.5431,19.768,1.2881,1.636
0.80523,0.058537,0.23197,0.54255,19.741,1.2851,1.6509
0.80591,0.057034,0.23128,0.54201,19.715,1.2818,1.6653
0.80658,0.055531,0.23058,0.54146,19.688,1.2782,1.6794
0.80725,0.054027,0.22988,0.54091,19.662,1.2743,1.693
0.80792,0.052523,0.22919,0.54035,19.636,1.27,1.7062
0.80859,0.051019,0.22849,0.5398,19.61,1.2654,1.7188
0.80925,0.049515,0.22779,0.53924,19.584,1.2605,1.7309
0.80991,0.048011,0.22709,0.53868,19.559,1.2552,1.7424
0.81056,0.046507,0.22639,0.53812,19.534,1.2496,1.7532
0.81122,0.045002,0.22569,0.53756,19.509,1.2437,1.7635
0.81187,0.043497,0.22499,0.53699,19.485,1.2375,1.7731
0.81252,0.041992,0.22428,0.53643,19.461,1.2309,1.782
0.81316,0.040487,0.22358,0.53586,19.437,1.224,1.7902
0.8138,0.038982,0.22287,0.53529,19.413,1.2168,1.7977
0.81444,0.037477,0.22217,0.53471,19.39,1.2093,1.8045
0.81508,0.035971,0.22146,0.53414,19.368,1.2015,1.8104
0.81571,0.034465,0.22076,0.53356,19.345,1.1933,1.8156
0.81634,0.03296,0.22005,0.53299,19.323,1.1848,1.8201
0.81697,0.031454,0.21934,0.53241,19.302,1.176,1.8237
0.8176,0.029948,0.21863,0.53182,19.281,1.1669,1.8265
0.81822,0.028442,0.21792,0.53124,19.26,1.1575,1.8285
0.81884,0.026936,0.21721,0.53066,19.24,1.1477,1.8297
0.81946,0.025429,0.2165,0.53007,19.221,1.1377,1.83
0.82007,0.023923,0.21579,0.52948,19.201,1.1273,1.8295
0.82068,0.022417,0.21507,0.52889,19.183,1.1166,1.8282
0.82129,0.02091,0.21436,0.5283,19.165,1.1056,1.8261
0.82189,0.019403,0.21365,0.5277,19.147,1.0943,1.8232
0.8225,0.017897,0.21293,0.52711,19.13,1.0827,1.8194
0.8231,0.01639,0.21221,0.52651,19.113,1.0707,1.8149
0.82369,0.014883,0.2115,0.52591,19.097,1.0585,1.8095
0.82429,0.013377,0.21078,0.52531,19.082,1.0459,1.8034
0.82488,0.01187,0.21006,0.5247,19.067,1.0331,1.7966
0.82546,0.010363,0.20934,0.5241,19.053,1.0199,1.789
0.82605,0.0088558,0.20862,0.52349,19.039,1.0065,1.7806
0.82663,0.0073488,0.2079,0.52288,19.026,0.99272,1.7716
0.82721,0.0058418,0.20718,0.52227,19.014,0.97867,1.7619
0.82779,0.0043347,0.20646,0.52165,19.002,0.96432,1.7515
0.82836,0.0028277,0.20574,0.52104,18.99,0.94967,1.7406
0.82893,0.0013206,0.20501,0.52042,18.98,0.93472,1.729
0.8295,-0.00018644,0.20429,0.51981,18.97,0.91949,1.7168
0.83006,-0.0016935,0.20357,0.51918,18.961,0.90396,1.7041
0.83063,-0.0032006,0.20284,0.51856,18.952,0.88814,1.6909
0.83118,-0.0047076,0.20211,0.51794,18.944,0.87203,1.6772
0.83174,-0.0062146,0.20139,0.51731,18.937,0.85563,1.663
0.83229,-0.0077216,0.20066,0.51669,18.93,0.83895,1.6485
0.83284,-0.0092286,0.19993,0.51606,18.924,0.82199,1.6336
0.83339,-0.010736,0.1992,0.51543,18.918,0.80474,1.6183
0.83393,-0.012242,0.19847,0.51479,18.914,0.78721,1.6028
0.83448,-0.013749,0.19774,0.51416,18.91,0.7694,1.587
0.83501,-0.015256,0.19701,0.51352,18.906,0.75132,1.571
0.83555,-0.016763,0.19628,0.51288,18.904,0.73296,1.5548
0.83608,-0.01827,0.19555,0.51224,18.902,0.71433,1.5385
0.83661,-0.019776,0.19481,0.5116,18.901,0.69543,1.522
0.83714,-0.021283,0.19408,0.51096,18.9,0.67625,1.5055
0.83766,-0.022789,0.19335,0.51031,18.9,0.65681,1.489
0.83818,-0.024296,0.19261,0.50966,18.901,0.63711,1.4726
0.8387,-0.025802,0.19187,0.50902,18.902,0.61714,1.4562
0.83922,-0.027308,0.19114,0.50836,18.905,0.5969,1.4399
0.83973,-0.028814,0.1904,0.50771,18.907,0.57641,1.4237
0.84024,-0.030321,0.18966,0.50706,18.911,0.55566,1.4078
0.84074,-0.031826,0.18892,0.5064,18.915,0.53466,1.3921
0.84125,-0.033332,0.18819,0.50574,18.92,0.5134,1.3766
0.84175,-0.034838,0.18745,0.50508,18.926,0.49189,1.3615
0.84225,-0.036344,0.18671,0.50442,18.932,0.47013,1.3467
0.84274,-0.037849,0.18596,0.50376,18.939,0.44813,1.3323
0.84323,-0.039354,0.18522,0.50309,18.946,0.42588,1.3183
0.84372,-0.04086,0.18448,0.50243,18.955,0.40338,1.3047
0.84421,-0.042365,0.18374,0.50176,18.964,0.38065,1.2917
0.84469,-0.04387,0.18299,0.50109,18.973,0.35768,1.2791
0.84517,-0.045374,0.18225,0.50042,18.983,0.33447,1.2672
0.84564,-0.046879,0.1815,0.49974,18.994,0.31103,1.2558
0.84612,-0.048383,0.18076,0.49907,19.006,0.28736,1.245
0.84659,-0.049888,0.18001,0.49839,19.018,0.26346,1.2348
0.84706,-0.051392,0.17927,0.49771,19.03,0.23933,1.2253
0.84752,-0.052896,0.17852,0.49703,19.044,0.21498,1.2165
0.84798,-0.054399,0.17777,0.49635,19.057,0.19041,1.2085
0.84844,-0.055903,0.17702,0.49566,19.072,0.16562,1.2011
0.8489,-0.057406,0.17627,0.49498,19.087,0.14061,1.1945
0.84935,-0.058909,0.17552,0.49429,19.103,0.11539,1.1886
0.8498,-0.060412,0.17477,0.4936,19.119,0.089953,1.1836
0.85025,-0.061915,0.17402,0.49291,19.135,0.064311,1.1793
0.85069,-0.063417,0.17327,0.49222,19.153,0.038462,1.1758
0.85113,-0.06492,0.17252,0.49152,19.171,0.012409,1.1731
0.85157,-0.066422,0.17176,0.49083,19.189,-0.013845,1.1713
0.85201,-0.067923,0.17101,0.49013,19.208,-0.040297,1.1702
0.85244,-0.069425,0.17026,0.48943,19.227,-0.066946,1.17
0.85287,-0.070926,0.1695,0.48873,19.247,-0.093788,1.1706
0.8533,-0.072427,0.16874,0.48802,19.267,-0.12082,1.1721
0.85372,-0.073928,0.16799,0.48732,19.288,-0.14804,1.1743
0.85414,-0.075429,0.16723,0.48661,19.309,-0.17545,1.1774
0.85456,-0.076929,0.16648,0.4859,19.331,-0.20303,1.1813
0.85497,-0.078429,0.16572,0.48519,19.353,-0.2308,1.186
0.85538,-0.079929,0.16496,0.48448,19.375,-0.25875,1.1914
0.85579,-0.081428,0.1642,0.48377,19.398,-0.28687,1.1977
0.85619,-0.082928,0.16344,0.48305,19.421,-0.31516,1.2047
0.8566,-0.084427,0.16268,0.48234,19.445,-0.34361,1.2124
0.857,-0.085925,0.16192,0.48162,19.469,-0.37224,1.2208
0.85739,-0.087423,0.16116,0.4809,19.493,-0.40103,1.23
0.85779,-0.088921,0.1604,0.48018,19.517,-0.42997,1.2398
0.85818,-0.090419,0.15963,0.47945,19.542,-0.45908,1.2503
0.85856,-0.091917,0.15887,0.47873,19.567,-0.48833,1.2614
0.85895,-0.093414,0.15811,0.478,19.593,-0.51774,1.273
0.85933,-0.09491,0.15734,0.47727,19.618,-0.5473,1.2853
0.85971,-0.096407,0.15658,0.47654,19.644,-0.577,1.2981
0.86008,-0.097903,0.15581,0.47581,19.671,-0.60685,1.3114
0.86045,-0.099399,0.15505,0.47508,19.697,-0.63683,1.3252
0.86082,-0.10089,0.15428,0.47434,19.723,-0.66695,1.3394
0.86119,-0.10239,0.15352,0.4736,19.75,-0.69721,1.354
0.86155,-0.10388,0.15275,0.47287,19.777,-0.72759,1.369
0.86191,-0.10538,0.15198,0.47213,19.804,-0.7581,1.3843
0.86227,-0.10687,0.15121,0.47138,19.831,-0.78874,1.3998
0.86262,-0.10837,0.15044,0.47064,19.858,-0.81949,1.4157
0.86298,-0.10986,0.14967,0.4699,19.886,-0.85037,1.4317
0.86332,-0.11135,0.1489,0.46915,19.913,-0.88136,1.448
0.86367,-0.11284,0.14813,0.4684,19.94,-0.91246,1.4643
0.86401,-0.11434,0.14736,0.46765,19.968,-0.94367,1.4807
0.86435,-0.11583,0.14659,0.4669,19.995,-0.97499,1.4972
0.86469,-0.11732,0.14582,0.46614,20.023,-1.0064,1.5137
0.86502,-0.11881,0.14505,0.46539,20.05,-1.0379,1.5302
0.86535,-0.1203,0.14427,0.46463,20.078,-1.0695,1.5466
0.86568,-0.12179,0.1435,0.46388,20.105,-1.1012,1.5628
0.866,-0.12328,0.14273,0.46312,20.133,-1.133,1.579
0.86632,-0.12477,0.14195,0.46235,20.16,-1.1649,1.5949
0.86664,-0.12626,0.14118,0.46159,20.187,-1.1969,1.6106
0.86695,-0.12775,0.1404,0.46083,20.214,-1.2289,1.626
0.86726,-0.12923,0.13963,0.46006,20.241,-1.2611,1.641
0.86757,-0.13072,0.13885,0.45929,20.268,-1.2933,1.6558
0.86788,-0.13221,0.13807,0.45852,20.294,-1.3255,1.6701
0.86818,-0.13369,0.1373,0.45775,20.321,-1.3579,1.684
0.86848,-0.13518,0.13652,0.45698,20.347,-1.3903,1.6975
0.86878,-0.13666,0.13574,0.4562,20.373,-1.4227,1.7105
0.86907,-0.13815,0.13496,0.45543,20.399,-1.4553,1.7229
0.86936,-0.13963,0.13418,0.45465,20.424,-1.4878,1.7348
0.86965,-0.14112,0.1334,0.45387,20.449,-1.5204,1.7461
0.86993,-0.1426,0.13262,0.45309,20.474,-1.5531,1.7568
0.87022,-0.14408,0.13184,0.45231,20.499,-1.5858,1.7668
0.87049,-0.14557,0.13106,0.45152,20.523,-1.6186,1.7762
0.87077,-0.14705,0.13028,0.45074,20.547,-1.6514,1.7849
0.87104,-0.14853,0.12949,0.44995,20.571,-1.6842,1.7928
0.87131,-0.15001,0.12871,0.44916,20.594,-1.7171,1.8001
0.87158,-0.15149,0.12793,0.44837,20.617,-1.75,1.8066
0.87184,-0.15297,0.12715,0.44758,20.64,-1.7829,1.8123
0.8721,-0.15445,0.12636,0.44679,20.662,-1.8158,1.8172
0.87236,-0.15593,0.12558,0.44599,20.684,-1.8488,1.8214
0.87261,-0.15741,0.12479,0.4452,20.705,-1.8818,1.8247
0.87286,-0.15889,0.12401,0.4444,20.726,-1.9148,1.8273
0.87311,-0.16036,0.12322,0.4436,20.746,-1.9477,1.829
0.87335,-0.16184,0.12244,0.4428,20.766,-1.9807,1.8299
0.8736,-0.16332,0.12165,0.442,20.786,-2.0137,1.8299
0.87383,-0.16479,0.12086,0.44119,20.805,-2.0467,1.8292
0.87407,-0.16627,0.12007,0.44039,20.823,-2.0797,1.8276
0.8743,-0.16774,0.11929,0.43958,20.841,-2.1127,1.8252
0.87453,-0.16921,0.1185,0.43877,20.859,-2.1457,1.822
0.87476,-0.17069,0.11771,0.43796,20.876,-2.1787,1.818
0.87498,-0.17216,0.11692,0.43715,20.892,-2.2116,1.8132
0.8752,-0.17363,0.11613,0.43633,20.908,-2.2445,1.8076
0.87542,-0.1751,0.11534,0.43552,20.923,-2.2774,1.8012
0.87563,-0.17657,0.11455,0.4347,20.938,-2.3103,1.7941
0.87584,-0.17804,0.11376,0.43388,20.952,-2.3431,1.7862
0.87605,-0.17951,0.11297,0.43307,20.965,-2.3759,1.7777
0.87626,-0.18098,0.11218,0.43224,20.978,-2.4087,1.7684
0.87646,-0.18245,0.11139,0.43142,20.99,-2.4414,1.7585
0.87666,-0.18392,0.11059,0.4306,21.002,-2.4741,1.7479
0.87685,-0.18539,0.1098,0.42977,21.013,-2.5067,1.7367
0.87705,-0.18685,0.10901,0.42895,21.024,-2.5393,1.7249
0.87724,-0.18832,0.10822,0.42812,21.033,-2.5718,1.7126
0.87742,-0.18978,0.10742,0.42729,21.042,-2.6043,1.6997
0.87761,-0.19125,0.10663,0.42645,21.051,-2.6367,1.6863
0.87779,-0.19271,0.10583,0.42562,21.059,-2.6691,1.6725
0.87796,-0.19417,0.10504,0.42479,21.066,-2.7014,1.6582
0.87814,-0.19564,0.10424,0.42395,21.072,-2.7336,1.6435
0.87831,-0.1971,0.10345,0.42311,21.078,-2.7657,1.6285
0.87848,-0.19856,0.10265,0.42227,21.083,-2.7978,1.6131
0.87864,-0.20002,0.10185,0.42143,21.088,-2.8297,1.5975
0.8788,-0.20148,0.10106,0.42059,21.091,-2.8616,1.5816
0.87896,-0.20294,0.10026,0.41975,21.095,-2.8935,1.5656
0.87912,-0.20439,0.099464,0.4189,21.097,-2.9252,1.5493
0.87927,-0.20585,0.098666,0.41806,21.099,-2.9568,1.5329
0.87942,-0.20731,0.097868,0.41721,21.1,-2.9883,1.5165
0.87957,-0.20876,0.097069,0.41636,21.1,-3.0198,1.5
0.87971,-0.21022,0.096271,0.41551,21.1,-3.0511,1.4835
0.87985,-0.21167,0.095471,0.41466,21.099,-3.0823,1.467
0.87999,-0.21313,0.094672,0.4138,21.097,-3.1135,1.4507
0.88012,-0.21458,0.093872,0.41295,21.095,-3.1445,1.4344
0.88025,-0.21603,0.093072,0.41209,21.091,-3.1754,1.4183
0.88038,-0.21748,0.092272,0.41123,21.088,-3.2061,1.4025
0.88051,-0.21894,0.091471,0.41038,21.083,-3.2368,1.3868
0.88063,-0.22039,0.09067,0.40951,21.078,-3.2673,1.3715
0.88075,-0.22183,0.089868,0.40865,21.072,-3.2977,1.3565
0.88086,-0.22328,0.089067,0.40779,21.066,-3.328,1.3418
0.88098,-0.22473,0.088265,0.40692,21.059,-3.3581,1.3275
0.88109,-0.22618,0.087462,0.40606,21.051,-3.3882,1.3137
0.88119,-0.22762,0.08666,0.40519,21.042,-3.418,1.3003
0.8813,-0.22907,0.085857,0.40432,21.033,-3.4478,1.2874
0.8814,-0.23051,0.085054,0.40345,21.024,-3.4773,1.2751
0.88149,-0.23196,0.08425,0.40258,21.013,-3.5068,1.2633
0.88159,-0.2334,0.083446,0.4017,21.002,-3.5361,1.2521
0.88168,-0.23484,0.082642,0.40083,20.99,-3.5652,1.2415
0.88177,-0.23628,0.081838,0.39995,20.978,-3.5942,1.2316
0.88185,-0.23772,0.081033,0.39907,20.965,-3.623,1.2223
0.88193,-0.23916,0.080228,0.39819,20.952,-3.6516,1.2137
0.88201,-0.2406,0.079423,0.39731,20.938,-3.6801,1.2059
0.88209,-0.24204,0.078617,0.39643,20.923,-3.7084,1.1988
0.88216,-0.24348,0.077811,0.39555,20.908,-3.7366,1.1924
0.88223,-0.24491,0.077005,0.39466,20.892,-3.7645,1.1868
0.8823,-0.24635,0.076199,0.39378,20.876,-3.7923,1.182
0.88236,-0.24778,0.075392,0.39289,20.859,-3.82,1.178
0.88242,-0.24922,0.074585,0.392,20.841,-3.8474,1.1748
0.88248,-0.25065,0.073778,0.39111,20.823,-3.8746,1.1724
0.88253,-0.25208,0.072971,0.39022,20.805,-3.9017,1.1708
0.88258,-0.25351,0.072163,0.38933,20.786,-3.9286,1.1701
0.88263,-0.25494,0.071355,0.38843,20.766,-3.9553,1.1701
0.88267,-0.25637,0.070547,0.38754,20.746,-3.9818,1.171
0.88272,-0.2578,0.069739,0.38664,20.726,-4.008,1.1728
0.88275,-0.25923,0.06893,0.38574,20.705,-4.0341,1.1753
0.88279,-0.26065,0.068121,0.38484,20.684,-4.06,1.1786
0.88282,-0.26208,0.067312,0.38394,20.662,-4.0857,1.1828
0.88285,-0.2635,0.066503,0.38304,20.64,-4.1112,1.1877
0.88288,-0.26493,0.065693,0.38213,20.617,-4.1364,1.1934
0.8829,-0.26635,0.064883,0.38123,20.594,-4.1615,1.1999
0.88292,-0.26777,0.064073,0.38032,20.571,-4.1863,1.2072
0.88294,-0.26919,0.063263,0.37941,20.547,-4.2109,1.2151
0.88295,-0.27061,0.062452,0.3785,20.523,-4.2353,1.2238
0.88296,-0.27203,0.061642,0.37759,20.499,-4.2594,1.2332
0.88297,-0.27345,0.060831,0.37668,20.474,-4.2834,1.2432
0.88297,-0.27487,0.06002,0.37577,20.449,-4.3071,1.2539
0.88298,-0.27628,0.059208,0.37485,20.424,-4.3306,1.2652
0.88297,-0.2777,0.058397,0.37394,20.399,-4.3538,1.2771
0.88297,-0.27911,0.057585,0.37302,20.373,-4.3768,1.2895
0.88296,-0.28052,0.056773,0.3721,20.347,-4.3996,1.3025
0.88295,-0.28194,0.055961,0.37118,20.321,-4.4221,1.316
0.88294,-0.28335,0.055148,0.37026,20.294,-4.4444,1.3299
0.88292,-0.28476,0.054336,0.36934,20.268,-4.4665,1.3442
0.8829,-0.28617,0.053523,0.36842,20.241,-4.4883,1.359
0.88288,-0.28758,0.05271,0.36749,20.214,-4.5098,1.3741
0.88285,-0.28898,0.051897,0.36656,20.187,-4.5311,1.3895
0.88282,-0.29039,0.051084,0.36564,20.16,-4.5522,1.4051
0.88279,-0.29179,0.05027,0.36471,20.133,-4.573,1.4211
0.88275,-0.2932,0.049456,0.36378,20.105,-4.5935,1.4372
0.88271,-0.2946,0.048643,0.36285,20.078,-4.6138,1.4534
0.88267,-0.296,0.047829,0.36191,20.05,-4.6338,1.4698
0.88263,-0.29741,0.047014,0.36098,20.023,-4.6535,1.4863
0.88258,-0.29881,0.0462,0.36005,19.995,-4.673,1.5028
0.88253,-0.3002,0.045386,0.35911,19.968,-4.6922,1.5193
0.88248,-0.3016,0.044571,0.35817,19.94,-4.7112,1.5357
0.88242,-0.303,0.043756,0.35723,19.913,-4.7299,1.5521
0.88236,-0.3044,0.042941,0.35629,19.886,-4.7483,1.5683
0.88229,-0.30579,0.042126,0.35535,19.858,-4.7664,1.5843
0.88223,-0.30718,0.041311,0.35441,19.831,-4.7843,1.6002
0.88216,-0.30858,0.040495,0.35347,19.804,-4.8018,1.6158
0.88209,-0.30997,0.03968,0.35252,19.777,-4.8191,1.6311
0.88201,-0.31136,0.038864,0.35157,19.75,-4.8361,1.646
0.88193,-0.31275,0.038048,0.35063,19.723,-4.8529,1.6606
0.88185,-0.31414,0.037232,0.34968,19.697,-4.8693,1.6749
0.88176,-0.31552,0.036416,0.34873,19.67,-4.8855,1.6886
0.88168,-0.31691,0.0356,0.34778,19.644,-4.9013,1.7019
0.88158,-0.31829,0.034784,0.34682,19.618,-4.9169,1.7147
0.88149,-0.31968,0.033967,0.34587,19.593,-4.9322,1.727
0.88139,-0.32106,0.033151,0.34492,19.567,-4.9472,1.7387
0.88129,-0.32244,0.032334,0.34396,19.542,-4.9619,1.7498
0.88119,-0.32382,0.031517,0.343,19.517,-4.9763,1.7602
0.88108,-0.3252,0.0307,0.34204,19.493,-4.9904,1.77
0.88097,-0.32658,0.029883,0.34108,19.469,-5.0042,1.7792
0.88086,-0.32796,0.029066,0.34012,19.445,-5.0177,1.7876
0.88074,-0.32933,0.028249,0.33916,19.421,-5.0309,1.7954
0.88063,-0.33071,0.027431,0.3382,19.398,-5.0438,1.8023
0.8805,-0.33208,0.026614,0.33723,19.375,-5.0564,1.8086
0.88038,-0.33345,0.025796,0.33627,19.353,-5.0687,1.814
0.88025,-0.33483,0.024979,0.3353,19.331,-5.0807,1.8187
0.88012,-0.3362,0.024161,0.33433,19.309,-5.0924,1.8226
0.87998,-0.33756,0.023343,0.33336,19.288,-5.1037,1.8257
0.87985,-0.33893,0.022525,0.33239,19.267,-5.1148,1.8279
0.87971,-0.3403,0.021707,0.33142,19.247,-5.1255,1.8294
0.87956,-0.34166,0.020889,0.33045,19.227,-5.136,1.83
0.87942,-0.34303,0.020071,0.32948,19.208,-5.1461,1.8298
0.87927,-0.34439,0.019253,0.3285,19.189,-5.1559,1.8287
0.87911,-0.34575,0.018435,0.32753,19.171,-5.1654,1.8269
0.87896,-0.34711,0.017617,0.32655,19.153,-5.1745,1.8242
0.8788,-0.34847,0.016798,0.32557,19.135,-5.1834,1.8207
0.87864,-0.34983,0.01598,0.32459,19.119,-5.1919,1.8164
0.87847,-0.35119,0.015161,0.32361,19.103,-5.2001,1.8114
0.8783,-0.35254,0.014343,0.32263,19.087,-5.208,1.8055
0.87813,-0.3539,0.013524,0.32165,19.072,-5.2156,1.7989
0.87796,-0.35525,0.012706,0.32066,19.057,-5.2229,1.7915
0.87778,-0.3566,0.011887,0.31968,19.044,-5.2298,1.7834
0.8776,-0.35795,0.011068,0.31869,19.03,-5.2364,1.7746
0.87742,-0.3593,0.01025,0.3177,19.018,-5.2427,1.7652
0.87723,-0.36065,0.0094307,0.31671,19.006,-5.2487,1.755
0.87704,-0.362,0.0086119,0.31572,18.994,-5.2543,1.7442
0.87685,-0.36334,0.007793,0.31473,18.983,-5.2596,1.7328
0.87665,-0.36469,0.0069742,0.31374,18.973,-5.2646,1.7208
0.87645,-0.36603,0.0061553,0.31275,18.964,-5.2692,1.7083
0.87625,-0.36737,0.0053363,0.31176,18.955,-5.2736,1.6953
0.87605,-0.36871,0.0045174,0.31076,18.946,-5.2776,1.6817
0.87584,-0.37005,0.0036984,0.30976,18.939,-5.2813,1.6677
0.87563,-0.37139,0.0028795,0.30877,18.932,-5.2846,1.6533
0.87541,-0.37273,0.0020605,0.30777,18.926,-5.2876,1.6385
0.8752,-0.37406,0.0012415,0.30677,18.92,-5.2903,1.6234
0.87498,-0.3754,0.0004225,0.30577,18.915,-5.2927,1.6079
0.87475,-0.37673,-0.0003965,0.30477,18.911,-5.2947,1.5922
0.87453,-0.37806,-0.0012155,0.30376,18.907,-5.2964,1.5762
0.8743,-0.37939,-0.0020345,0.30276,18.905,-5.2978,1.5601
0.87406,-0.38072,-0.0028535,0.30176,18.902,-5.2988,1.5438
0.87383,-0.38205,-0.0036724,0.30075,18.901,-5.2995,1.5274
0.87359,-0.38338,-0.0044914,0.29974,18.9,-5.2999,1.5109
0.87335,-0.3847,-0.0053103,0.29874,18.9,-5.3,1.4944
0.8731,-0.38602,-0.0061293,0.29773,18.901,-5.2997,1.478
0.87285,-0.38735,-0.0069482,0.29672,18.902,-5.2991,1.4615
0.8726,-0.38867,-0.007767,0.29571,18.904,-5.2982,1.4452
0.87235,-0.38999,-0.0085859,0.29469,18.906,-5.2969,1.429
0.87209,-0.3913,-0.0094047,0.29368,18.91,-5.2953,1.413
0.87183,-0.39262,-0.010224,0.29267,18.914,-5.2934,1.3972
0.87157,-0.39394,-0.011042,0.29165,18.918,-5.2911,1.3816
0.8713,-0.39525,-0.011861,0.29064,18.924,-5.2885,1.3664
0.87103,-0.39656,-0.01268,0.28962,18.93,-5.2856,1.3515
0.87076,-0.39787,-0.013498,0.2886,18.937,-5.2824,1.3369
0.87049,-0.39918,-0.014317,0.28758,18.944,-5.2788,1.3228
0.87021,-0.40049,-0.015135,0.28656,18.952,-5.2749,1.3091
0.86993,-0.4018,-0.015954,0.28554,18.961,-5.2707,1.2959
0.86964,-0.4031,-0.016772,0.28452,18.97,-5.2661,1.2832
0.86935,-0.40441,-0.017591,0.28349,18.98,-5.2613,1.271
0.86906,-0.40571,-0.018409,0.28247,18.99,-5.2561,1.2594
0.86877,-0.40701,-0.019227,0.28144,19.002,-5.2505,1.2484
0.86847,-0.40831,-0.020045,0.28042,19.014,-5.2447,1.2381
0.86817,-0.40961,-0.020863,0.27939,19.026,-5.2385,1.2284
0.86787,-0.41091,-0.021681,0.27836,19.039,-5.232,1.2194
0.86757,-0.4122,-0.022499,0.27733,19.053,-5.2252,1.211
0.86726,-0.4135,-0.023317,0.2763,19.067,-5.218,1.2034
0.86694,-0.41479,-0.024135,0.27527,19.082,-5.2105,1.1966
0.86663,-0.41608,-0.024953,0.27424,19.097,-5.2028,1.1905
0.86631,-0.41737,-0.02577,0.27321,19.113,-5.1946,1.1851
0.86599,-0.41866,-0.026588,0.27217,19.13,-5.1862,1.1806
0.86567,-0.41994,-0.027405,0.27114,19.147,-5.1775,1.1768
0.86534,-0.42123,-0.028223,0.2701,19.165,-5.1684,1.1739
0.86501,-0.42251,-0.02904,0.26907,19.183,-5.159,1.1718
0.86468,-0.4238,-0.029857,0.26803,19.201,-5.1493,1.1705
0.86434,-0.42508,-0.030674,0.26699,19.221,-5.1393,1.17
0.864,-0.42636,-0.031491,0.26595,19.24,-5.129,1.1703
0.86366,-0.42763,-0.032308,0.26491,19.26,-5.1183,1.1715
0.86331,-0.42891,-0.033125,0.26387,19.281,-5.1074,1.1735
0.86297,-0.43019,-0.033941,0.26283,19.302,-5.0961,1.1763
0.86261,-0.43146,-0.034758,0.26178,19.324,-5.0845,1.1799
0.86226,-0.43273,-0.035574,0.26074,19.345,-5.0726,1.1844
0.8619,-0.434,-0.03639,0.25969,19.368,-5.0605,1.1896
0.86154,-0.43527,-0.037206,0.25865,19.39,-5.048,1.1955
0.86118,-0.43654,-0.038022,0.2576,19.413,-5.0352,1.2023
0.86081,-0.4378,-0.038838,0.25655,19.437,-5.022,1.2098
0.86044,-0.43907,-0.039654,0.2555,19.461,-5.0086,1.218
0.86007,-0.44033,-0.040469,0.25445,19.485,-4.9949,1.2269
0.8597,-0.44159,-0.041285,0.2534,19.509,-4.9809,1.2365
0.85932,-0.44285,-0.0421,0.25235,19.534,-4.9666,1.2468
0.85894,-0.44411,-0.042915,0.2513,19.559,-4.952,1.2577
0.85855,-0.44537,-0.04373,0.25025,19.584,-4.9371,1.2692
0.85817,-0.44662,-0.044545,0.24919,19.61,-4.9219,1.2812
0.85778,-0.44787,-0.04536,0.24814,19.636,-4.9064,1.2938
0.85738,-0.44913,-0.046174,0.24708,19.662,-4.8907,1.307
0.85699,-0.45038,-0.046989,0.24603,19.688,-4.8746,1.3206
0.85659,-0.45163,-0.047803,0.24497,19.715,-4.8583,1.3347
0.85618,-0.45287,-0.048617,0.24391,19.741,-4.8416,1.3492
0.85578,-0.45412,-0.049431,0.24285,19.768,-4.8247,1.364
0.85537,-0.45536,-0.050244,0.24179,19.795,-4.8075,1.3792
0.85496,-0.4566,-0.051058,0.24073,19.822,-4.79,1.3947
0.85454,-0.45785,-0.051871,0.23967,19.849,-4.7723,1.4105
0.85413,-0.45908,-0.052684,0.23861,19.877,-4.7542,1.4265
0.85371,-0.46032,-0.053497,0.23754,19.904,-4.7359,1.4426
0.85328,-0.46156,-0.05431,0.23648,19.931,-4.7173,1.4589
0.85286,-0.46279,-0.055122,0.23541,19.959,-4.6985,1.4754
0.85243,-0.46403,-0.055935,0.23435,19.986,-4.6793,1.4918
0.852,-0.46526,-0.056747,0.23328,20.014,-4.6599,1.5083
0.85156,-0.46649,-0.057559,0.23221,20.041,-4.6403,1.5248
0.85112,-0.46771,-0.058371,0.23114,20.069,-4.6203,1.5412
0.85068,-0.46894,-0.059182,0.23007,20.096,-4.6001,1.5575
0.85024,-0.47016,-0.059994,0.229,20.124,-4.5797,1.5737
0.84979,-0.47139,-0.060805,0.22793,20.151,-4.559,1.5897
0.84934,-0.47261,-0.061616,0.22686,20.178,-4.538,1.6055
0.84889,-0.47383,-0.062427,0.22579,20.205,-4.5168,1.6209
0.84843,-0.47505,-0.063237,0.22472,20.232,-4.4953,1.6361
0.84797,-0.47626,-0.064047,0.22364,20.259,-4.4736,1.651
0.84751,-0.47748,-0.064857,0.22257,20.286,-4.4516,1.6655
0.84704,-0.47869,-0.065667,0.22149,20.312,-4.4294,1.6795
0.84658,-0.4799,-0.066477,0.22042,20.338,-4.407,1.6931
0.84611,-0.48111,-0.067286,0.21934,20.364,-4.3843,1.7063
0.84563,-0.48232,-0.068095,0.21826,20.39,-4.3614,1.7189
0.84515,-0.48353,-0.068904,0.21718,20.416,-4.3382,1.731
0.84468,-0.48473,-0.069713,0.2161,20.441,-4.3148,1.7425
0.84419,-0.48593,-0.070521,0.21502,20.466,-4.2911,1.7533
0.84371,-0.48713,-0.07133,0.21394,20.491,-4.2673,1.7636
0.84322,-0.48833,-0.072138,0.21286,20.515,-4.2432,1.7732
0.84273,-0.48953,-0.072945,0.21178,20.54,-4.2189,1.7821
0.84223,-0.49073,-0.073753,0.2107,20.563,-4.1943,1.7903
0.84173,-0.49192,-0.07456,0.20961,20.587,-4.1696,1.7978
0.84123,-0.49311,-0.075367,0.20853,20.61,-4.1446,1.8045
0.84073,-0.4943,-0.076173,0.20744,20.633,-4.1194,1.8105
0.84022,-0.49549,-0.07698,0.20636,20.655,-4.094,1.8157
0.83972,-0.49668,-0.077786,0.20527,20.677,-4.0684,1.8201
0.8392,-0.49787,-0.078592,0.20418,20.698,-4.0426,1.8237
0.83869,-0.49905,-0.079397,0.20309,20.719,-4.0166,1.8265
0.83817,-0.50023,-0.080202,0.202,20.74,-3.9904,1.8285
0.83765,-0.50141,-0.081007,0.20092,20.76,-3.9639,1.8297
0.83712,-0.50259,-0.081812,0.19983,20.78,-3.9373,1.83
0.8366,-0.50377,-0.082617,0.19873,20.799,-3.9105,1.8295
0.83607,-0.50494,-0.083421,0.19764,20.817,-3.8835,1.8282
0.83554,-0.50612,-0.084225,0.19655,20.836,-3.8563,1.8261
0.835,-0.50729,-0.085028,0.19546,20.853,-3.8289,1.8231
0.83446,-0.50846,-0.085831,0.19436,20.87,-3.8014,1.8194
0.83392,-0.50963,-0.086634,0.19327,20.887,-3.7736,1.8148
0.83338,-0.51079,-0.087437,0.19217,20.903,-3.7457,1.8095
0.83283,-0.51196,-0.088239,0.19108,20.918,-3.7176,1.8034
0.83228,-0.51312,-0.089041,0.18998,20.933,-3.6894,1.7965
0.83172,-0.51428,-0.089843,0.18888,20.947,-3.6609,1.7889
0.83117,-0.51544,-0.090644,0.18779,20.961,-3.6323,1.7806
0.83061,-0.5166,-0.091446,0.18669,20.974,-3.6036,1.7715
0.83005,-0.51775,-0.092246,0.18559,20.987,-3.5746,1.7618
0.82948,-0.51891,-0.093047,0.18449,20.998,-3.5456,1.7514
0.82892,-0.52006,-0.093847,0.18339,21.01,-3.5163,1.7405
0.82834,-0.52121,-0.094647,0.18229,21.02,-3.487,1.7289
0.82777,-0.52236,-0.095446,0.18119,21.03,-3.4574,1.7167
0.82719,-0.5235,-0.096245,0.18008,21.04,-3.4277,1.704
0.82662,-0.52465,-0.097044,0.17898,21.048,-3.3979,1.6908
0.82603,-0.52579,-0.097842,0.17788,21.056,-3.368,1.6771
0.82545,-0.52693,-0.098641,0.17677,21.064,-3.3379,1.6629
0.82486,-0.52807,-0.099438,0.17567,21.07,-3.3076,1.6484
0.82427,-0.52921,-0.10024,0.17456,21.076,-3.2773,1.6335
0.82368,-0.53034,-0.10103,0.17346,21.082,-3.2468,1.6182
0.82308,-0.53148,-0.10183,0.17235,21.086,-3.2161,1.6027
0.82248,-0.53261,-0.10263,0.17124,21.09,-3.1854,1.5869
0.82188,-0.53374,-0.10342,0.17014,21.094,-3.1546,1.5708
0.82127,-0.53486,-0.10422,0.16903,21.096,-3.1236,1.5546
0.82066,-0.53599,-0.10501,0.16792,21.098,-3.0925,1.5383
0.82005,-0.53712,-0.10581,0.16681,21.099,-3.0613,1.5219
0.81944,-0.53824,-0.1066,0.1657,21.1,-3.03,1.5054
0.81882,-0.53936,-0.1074,0.16459,21.1,-2.9986,1.4889
0.8182,-0.54048,-0.10819,0.16348,21.099,-2.9671,1.4724
0.81758,-0.54159,-0.10898,0.16236,21.098,-2.9355,1.456
0.81696,-0.54271,-0.10978,0.16125,21.095,-2.9038,1.4397
0.81633,-0.54382,-0.11057,0.16014,21.093,-2.872,1.4236
0.8157,-0.54493,-0.11136,0.15903,21.089,-2.8402,1.4076
0.81506,-0.54604,-0.11215,0.15791,21.085,-2.8082,1.3919
0.81443,-0.54715,-0.11294,0.1568,21.08,-2.7762,1.3765
0.81379,-0.54825,-0.11374,0.15568,21.074,-2.7441,1.3613
0.81314,-0.54936,-0.11453,0.15457,21.068,-2.7119,1.3465
0.8125,-0.55046,-0.11532,0.15345,21.061,-2.6796,1.3321
0.81185,-0.55156,-0.11611,0.15233,21.053,-2.6473,1.3181
0.8112,-0.55265,-0.1169,0.15121,21.045,-2.6149,1.3046
0.81055,-0.55375,-0.11769,0.1501,21.036,-2.5824,1.2916
0.80989,-0.55484,-0.11847,0.14898,21.027,-2.5499,1.279
0.80923,-0.55593,-0.11926,0.14786,21.017,-2.5174,1.2671
0.80857,-0.55702,-0.12005,0.14674,21.006,-2.4847,1.2557
0.8079,-0.55811,-0.12084,0.14562,20.994,-2.4521,1.2449
0.80723,-0.5592,-0.12162,0.1445,20.982,-2.4194,1.2347
0.80656,-0.56028,-0.12241,0.14338,20.97,-2.3866,1.2253
0.80589,-0.56136,-0.1232,0.14226,20.956,-2.3538,1.2165
0.80521,-0.56244,-0.12398,0.14113,20.942,-2.321,1.2084
0.80453,-0.56352,-0.12477,0.14001,20.928,-2.2881,1.201
0.80385,-0.5646,-0.12555,0.13889,20.913,-2.2553,1.1944
0.80317,-0.56567,-0.12634,0.13777,20.897,-2.2223,1.1886
0.80248,-0.56674,-0.12712,0.13664,20.881,-2.1894,1.1835
0.80179,-0.56781,-0.1279,0.13552,20.864,-2.1565,1.1792
0.80109,-0.56888,-0.12869,0.13439,20.847,-2.1235,1.1758
0.8004,-0.56995,-0.12947,0.13327,20.829,-2.0905,1.1731
0.7997,-0.57101,-0.13025,0.13214,20.811,-2.0575,1.1713
0.799,-0.57207,-0.13103,0.13101,20.792,-2.0245,1.1702
0.79829,-0.57313,-0.13181,0.12989,20.773,-1.9915,1.17
0.79759,-0.57419,-0.1326,0.12876,20.753,-1.9585,1.1707
0.79688,-0.57525,-0.13338,0.12763,20.733,-1.9255,1.1721
0.79616,-0.5763,-0.13416,0.1265,20.712,-1.8925,1.1744
0.79545,-0.57735,-0.13494,0.12538,20.691,-1.8596,1.1774
0.79473,-0.5784,-0.13571,0.12425,20.669,-1.8266,1.1813
0.79401,-0.57945,-0.13649,0.12312,20.647,-1.7936,1.186
0.79328,-0.5805,-0.13727,0.12199,20.625,-1.7607,1.1915
0.79256,-0.58154,-0.13805,0.12086,20.602,-1.7278,1.1977
0.79183,-0.58258,-0.13882,0.11973,20.579,-1.6949,1.2047
0.7911,-0.58362,-0.1396,0.1186,20.555,-1.6621,1.2125
0.79036,-0.58466,-0.14038,0.11746,20.531,-1.6293,1.2209
0.78962,-0.5857,-0.14115,0.11633,20.507,-1.5965,1.2301
0.78888,-0.58673,-0.14193,0.1152,20.482,-1.5638,1.2399
0.78814,-0.58776,-0.1427,0.11407,20.458,-1.5311,1.2504
0.78739,-0.58879,-0.14348,0.11293,20.432,-1.4985,1.2615
0.78664,-0.58982,-0.14425,0.1118,20.407,-1.4659,1.2732
0.78589,-0.59084,-0.14502,0.11067,20.381,-1.4333,1.2854
0.78514,-0.59187,-0.1458,0.10953,20.355,-1.4009,1.2982
0.78438,-0.59289,-0.14657,0.1084,20.329,-1.3684,1.3115
0.78362,-0.59391,-0.14734,0.10726,20.303,-1.3361,1.3253
0.78286,-0.59492,-0.14811,0.10613,20.276,-1.3038,1.3395
0.78209,-0.59594,-0.14888,0.10499,20.25,-1.2716,1.3541
0.78132,-0.59695,-0.14965,0.10385,20.223,-1.2394,1.3691
0.78055,-0.59796,-0.15042,0.10272,20.196,-1.2073,1.3844
0.77978,-0.59897,-0.15119,0.10158,20.169,-1.1753,1.4
0.779,-0.59998,-0.15196,0.10044,20.141,-1.1434,1.4158
0.77822,-0.60098,-0.15272,0.099305,20.114,-1.1116,1.4319
0.77744,-0.60199,-0.15349,0.098167,20.087,-1.0799,1.4481
0.77666,-0.60299,-0.15426,0.097029,20.059,-1.0482,1.4645
0.77587,-0.60398,-0.15502,0.09589,20.032,-1.0167,1.4809
0.77508,-0.60498,-0.15579,0.094751,20.004,-0.98522,1.4974
0.77429,-0.60597,-0.15656,0.093611,19.977,-0.95388,1.5139
0.77349,-0.60697,-0.15732,0.092472,19.949,-0.92263,1.5303
0.77269,-0.60796,-0.15808,0.091332,19.922,-0.89149,1.5467
0.77189,-0.60894,-0.15885,0.090191,19.895,-0.86047,1.563
0.77109,-0.60993,-0.15961,0.089051,19.867,-0.82955,1.5791
0.77028,-0.61091,-0.16037,0.08791,19.84,-0.79876,1.595
0.76948,-0.61189,-0.16113,0.086768,19.813,-0.76808,1.6107
0.76866,-0.61287,-0.1619,0.085627,19.786,-0.73753,1.6261
0.76785,-0.61385,-0.16266,0.084485,19.759,-0.7071,1.6412
0.76703,-0.61483,-0.16342,0.083343,19.732,-0.67681,1.6559
0.76621,-0.6158,-0.16418,0.0822,19.705,-0.64664,1.6702
0.76539,-0.61677,-0.16493,0.081057,19.679,-0.61661,1.6842
0.76457,-0.61774,-0.16569,0.079914,19.653,-0.58672,1.6976
0.76374,-0.6187,-0.16645,0.078771,19.627,-0.55697,1.7106
0.76291,-0.61967,-0.16721,0.077627,19.601,-0.52737,1.723
0.76207,-0.62063,-0.16796,0.076484,19.576,-0.49791,1.7349
0.76124,-0.62159,-0.16872,0.075339,19.55,-0.4686,1.7462
0.7604,-0.62255,-0.16948,0.074195,19.525,-0.43945,1.7569
0.75956,-0.6235,-0.17023,0.07305,19.501,-0.41045,1.7669
0.75872,-0.62445,-0.17099,0.071905,19.476,-0.38161,1.7763
0.75787,-0.62541,-0.17174,0.07076,19.452,-0.35293,1.7849
0.75702,-0.62635,-0.17249,0.069615,19.429,-0.32442,1.7929
0.75617,-0.6273,-0.17324,0.068469,19.405,-0.29608,1.8001
0.75531,-0.62825,-0.174,0.067323,19.382,-0.2679,1.8066
0.75446,-0.62919,-0.17475,0.066177,19.36,-0.2399,1.8123
0.7536,-0.63013,-0.1755,0.065031,19.338,-0.21207,1.8173
0.75274,-0.63107,-0.17625,0.063884,19.316,-0.18443,1.8214
0.75187,-0.632,-0.177,0.062737,19.295,-0.15696,1.8247
0.751,-0.63293,-0.17775,0.06159,19.274,-0.12968,1.8273
0.75013,-0.63387,-0.17849,0.060443,19.253,-0.10259,1.829
0.74926,-0.63479,-0.17924,0.059295,19.233,-0.075681,1.8299
0.74839,-0.63572,-0.17999,0.058148,19.214,-0.048969,1.8299
0.74751,-0.63665,-0.18074,0.057,19.195,-0.022452,1.8292
0.74663,-0.63757,-0.18148,0.055852,19.176,0.003867,1.8276
0.74574,-0.63849,-0.18223,0.054703,19.159,0.029986,1.8252
0.74486,-0.63941,-0.18297,0.053555,19.141,0.055901,1.822
0.74397,-0.64032,-0.18371,0.052406,19.124,0.081611,1.8179
0.74308,-0.64123,-0.18446,0.051258,19.108,0.10711,1.8131
0.74219,-0.64215,-0.1852,0.050108,19.092,0.1324,1.8075
0.74129,-0.64305,-0.18594,0.048959,19.077,0.15748,1.8011
0.74039,-0.64396,-0.18668,0.04781,19.062,0.18234,1.794
0.73949,-0.64487,-0.18742,0.04666,19.048,0.20699,1.7862
0.73859,-0.64577,-0.18816,0.045511,19.035,0.23141,1.7776
0.73768,-0.64667,-0.1889,0.044361,19.022,0.25561,1.7683
0.73677,-0.64756,-0.18964,0.043211,19.009,0.27959,1.7584
0.73586,-0.64846,-0.19038,0.042061,18.998,0.30333,1.7478
0.73494,-0.64935,-0.19112,0.04091,18.987,0.32685,1.7366
0.73403,-0.65024,-0.19185,0.03976,18.976,0.35013,1.7248
0.73311,-0.65113,-0.19259,0.038609,18.967,0.37318,1.7125
0.73219,-0.65202,-0.19332,0.037459,18.958,0.39599,1.6996
0.73126,-0.6529,-0.19406,0.036308,18.949,0.41857,1.6862
0.73033,-0.65378,-0.19479,0.035157,18.941,0.44089,1.6724
0.7294,-0.65466,-0.19552,0.034006,18.934,0.46298,1.6581
0.72847,-0.65554,-0.19626,0.032854,18.928,0.48482,1.6434
0.72754,-0.65642,-0.19699,0.031703,18.922,0.50641,1.6284
0.7266,-0.65729,-0.19772,0.030552,18.917,0.52775,1.613
0.72566,-0.65816,-0.19845,0.0294,18.912,0.54884,1.5974
0.72472,-0.65903,-0.19918,0.028248,18.909,0.56967,1.5815
0.72377,-0.65989,-0.19991,0.027097,18.905,0.59025,1.5654
0.72282,-0.66075,-0.20064,0.025945,18.903,0.61056,1.5492
0.72187,-0.66162,-0.20136,0.024793,18.901,0.63062,1.5328
0.72092,-0.66247,-0.20209,0.023641,18.9,0.65041,1.5163
0.71997,-0.66333,-0.20282,0.022489,18.9,0.66994,1.4998
0.71901,-0.66418,-0.20354,0.021336,18.9,0.6892,1.4834
0.71805,-0.66504,-0.20427,0.020184,18.901,0.70819,1.4669
0.71709,-0.66588,-0.20499,0.019032,18.903,0.72691,1.4505
0.71612,-0.66673,-0.20571,0.017879,18.906,0.74536,1.4343
0.71515,-0.66758,-0.20644,0.016727,18.909,0.76353,1.4182
0.71418,-0.66842,-0.20716,0.015574,18.912,0.78143,1.4023
0.71321,-0.66926,-0.20788,0.014422,18.917,0.79905,1.3867
0.71224,-0.6701,-0.2086,0.013269,18.922,0.81639,1.3713
0.71126,-0.67093,-0.20932,0.012116,18.928,0.83345,1.3563
0.71028,-0.67176,-0.21004,0.010964,18.934,0.85022,1.3417
0.7093,-0.6726,-0.21076,0.0098109,18.941,0.86671,1.3274
0.70831,-0.67342,-0.21147,0.0086581,18.949,0.88291,1.3135
0.70732,-0.67425,-0.21219,0.0075053,18.958,0.89883,1.3002
0.70633,-0.67507,-0.21291,0.0063524,18.967,0.91445,1.2873
0.70534,-0.67589,-0.21362,0.0051995,18.977,0.92979,1.2749
0.70435,-0.67671,-0.21434,0.0040466,18.987,0.94483,1.2632
0.70335,-0.67753,-0.21505,0.0028937,18.998,0.95957,1.252
0.70235,-0.67834,-0.21576,0.0017408,19.01,0.97402,1.2414
0.70135,-0.67915,-0.21648,0.00058789,19.022,0.98817,1.2315
0.70034,-0.67996,-0.21719,-0.00056504,19.035,1.002,1.2222
0.69933,-0.68077,-0.2179,-0.001718,19.048,1.0156,1.2137
0.69832,-0.68158,-0.21861,-0.0028709,19.062,1.0288,1.2058
0.69731,-0.68238,-0.21932,-0.0040238,19.077,1.0418,1.1987
0.6963,-0.68318,-0.22003,-0.0051767,19.092,1.0544,1.1924
0.69528,-0.68397,-0.22073,-0.0063296,19.108,1.0668,1.1868
0.69426,-0.68477,-0.22144,-0.0074824,19.124,1.0788,1.182
0.69324,-0.68556,-0.22215,-0.0086353,19.141,1.0905,1.178
0.69222,-0.68635,-0.22285,-0.0097881,19.159,1.1019,1.1748
0.69119,-0.68714,-0.22356,-0.010941,19.177,1.113,1.1724
0.69016,-0.68793,-0.22426,-0.012094,19.195,1.1238,1.1708
0.68913,-0.68871,-0.22496,-0.013246,19.214,1.1343,1.1701
0.68809,-0.68949,-0.22567,-0.014399,19.234,1.1445,1.1701
0.68706,-0.69027,-0.22637,-0.015551,19.254,1.1543,1.171
0.68602,-0.69104,-0.22707,-0.016704,19.274,1.1639,1.1728
0.68498,-0.69182,-0.22777,-0.017856,19.295,1.1731,1.1753
0.68393,-0.69259,-0.22847,-0.019009,19.316,1.182,1.1787
0.68289,-0.69336,-0.22916,-0.020161,19.338,1.1906,1.1828
0.68184,-0.69412,-0.22986,-0.021314,19.36,1.1989,1.1878
0.68079,-0.69488,-0.23056,-0.022466,19.383,1.2068,1.1935
0.67974,-0.69565,-0.23125,-0.023618,19.406,1.2144,1.2
0.67868,-0.6964,-0.23195,-0.02477,19.429,1.2217,1.2072
0.67762,-0.69716,-0.23264,-0.025922,19.453,1.2287,1.2152
0.67656,-0.69791,-0.23334,-0.027074,19.477,1.2354,1.2239
0.6755,-0.69867,-0.23403,-0.028225,19.501,1.2417,1.2333
0.67443,-0.69942,-0.23472,-0.029377,19.526,1.2477,1.2433
0.67337,-0.70016,-0.23541,-0.030529,19.551,1.2534,1.254
0.6723,-0.70091,-0.2361,-0.03168,19.576,1.2588,1.2653
0.67123,-0.70165,-0.23679,-0.032832,19.602,1.2638,1.2772
0.67015,-0.70239,-0.23748,-0.033983,19.627,1.2685,1.2897
0.66907,-0.70312,-0.23817,-0.035134,19.653,1.2729,1.3026
0.66799,-0.70386,-0.23885,-0.036285,19.68,1.277,1.3161
0.66691,-0.70459,-0.23954,-0.037436,19.706,1.2807,1.33
0.66583,-0.70532,-0.24022,-0.038586,19.733,1.2841,1.3444
0.66474,-0.70605,-0.24091,-0.039737,19.759,1.2872,1.3591
0.66365,-0.70677,-0.24159,-0.040888,19.786,1.2899,1.3742
0.66256,-0.70749,-0.24228,-0.042038,19.813,1.2923,1.3896
0.66147,-0.70821,-0.24296,-0.043188,19.84,1.2944,1.4053
0.66038,-0.70893,-0.24364,-0.044338,19.868,1.2962,1.4212
0.65928,-0.70964,-0.24432,-0.045488,19.895,1.2976,1.4373
0.65818,-0.71035,-0.245,-0.046638,19.922,1.2987,1.4536
0.65708,-0.71106,-0.24568,-0.047787,19.95,1.2995,1.47
0.65597,-0.71177,-0.24635,-0.048937,19.977,1.2999,1.4864
0.65486,-0.71248,-0.24703,-0.050086,20.005,1.3,1.5029
0.65375,-0.71318,-0.2477,-0.051235,20.032,1.2998,1.5194
0.65264,-0.71388,-0.24838,-0.052384,20.06,1.2992,1.5359
0.65153,-0.71457,-0.24905,-0.053532,20.087,1.2983,1.5522
0.65041,-0.71527,-0.24973,-0.054681,20.115,1.2971,1.5684
0.6493,-0.71596,-0.2504,-0.055829,20.142,1.2956,1.5845
0.64817,-0.71665,-0.25107,-0.056977,20.169,1.2937,1.6003
0.64705,-0.71734,-0.25174,-0.058125,20.196,1.2915,1.6159
0.64593,-0.71802,-0.25241,-0.059273,20.223,1.289,1.6312
0.6448,-0.7187,-0.25308,-0.06042,20.25,1.2861,1.6462
0.64367,-0.71938,-0.25375,-0.061567,20.277,1.2829,1.6608
0.64254,-0.72006,-0.25441,-0.062714,20.303,1.2794,1.675
0.6414,-0.72073,-0.25508,-0.063861,20.33,1.2756,1.6887
0.64027,-0.72141,-0.25575,-0.065008,20.356,1.2714,1.702
0.63913,-0.72208,-0.25641,-0.066154,20.382,1.2669,1.7148
0.63799,-0.72274,-0.25707,-0.0673,20.407,1.2621,1.7271
0.63684,-0.72341,-0.25774,-0.068446,20.433,1.2569,1.7388
0.6357,-0.72407,-0.2584,-0.069592,20.458,1.2514,1.7498
0.63455,-0.72473,-0.25906,-0.070737,20.483,1.2456,1.7603
0.6334,-0.72538,-0.25972,-0.071883,20.507,1.2395,1.7701
0.63225,-0.72604,-0.26038,-0.073028,20.532,1.2331,1.7793
0.6311,-0.72669,-0.26103,-0.074172,20.556,1.2263,1.7877
0.62994,-0.72734,-0.26169,-0.075317,20.579,1.2192,1.7954
0.62878,-0.72799,-0.26235,-0.076461,20.602,1.2118,1.8024
0.62762,-0.72863,-0.263,-0.077605,20.625,1.204,1.8086
0.62646,-0.72927,-0.26366,-0.078748,20.648,1.196,1.8141
0.62529,-0.72991,-0.26431,-0.079892,20.67,1.1876,1.8187
0.62412,-0.73055,-0.26496,-0.081035,20.691,1.1789,1.8226
0.62295,-0.73118,-0.26561,-0.082178,20.712,1.1699,1.8257
0.62178,-0.73181,-0.26626,-0.08332,20.733,1.1605,1.8279
0.62061,-0.73244,-0.26691,-0.084462,20.753,1.1509,1.8294
0.61943,-0.73307,-0.26756,-0.085604,20.773,1.1409,1.83
0.61825,-0.73369,-0.26821,-0.086746,20.792,1.1306,1.8298
0.61707,-0.73431,-0.26886,-0.087887,20.811,1.12,1.8287
0.61589,-0.73493,-0.2695,-0.089028,20.83,1.1091,1.8269
0.61471,-0.73554,-0.27015,-0.090169,20.847,1.0979,1.8242
0.61352,-0.73616,-0.27079,-0.091309,20.865,1.0864,1.8207
0.61233,-0.73677,-0.27144,-0.092449,20.881,1.0746,1.8164
0.61114,-0.73738,-0.27208,-0.093589,20.898,1.0624,1.8113
0.60995,-0.73798,-0.27272,-0.094728,20.913,1.05,1.8055
0.60875,-0.73858,-0.27336,-0.095867,20.928,1.0372,1.7988
0.60755,-0.73919,-0.274,-0.097006,20.943,1.0242,1.7915
0.60635,-0.73978,-0.27464,-0.098144,20.957,1.0108,1.7834
0.60515,-0.74038,-0.27527,-0.099282,20.97,0.99714,1.7746
0.60395,-0.74097,-0.27591,-0.10042,20.983,0.98318,1.7651
0.60274,-0.74156,-0.27654,-0.10156,20.995,0.96892,1.7549
0.60153,-0.74215,-0.27718,-0.10269,21.006,0.95437,1.7441
0.60032,-0.74273,-0.27781,-0.10383,21.017,0.93952,1.7327
0.59911,-0.74332,-0.27845,-0.10497,21.027,0.92437,1.7207
0.5979,-0.74389,-0.27908,-0.1061,21.037,0.90894,1.7082
0.59668,-0.74447,-0.27971,-0.10724,21.045,0.89321,1.6951
0.59546,-0.74505,-0.28034,-0.10837,21.054,0.87719,1.6816
0.59424,-0.74562,-0.28097,-0.10951,21.061,0.86089,1.6676
0.59302,-0.74619,-0.28159,-0.11064,21.068,0.8443,1.6532
0.59179,-0.74675,-0.28222,-0.11178,21.074,0.82742,1.6384
0.59056,-0.74732,-0.28285,-0.11291,21.08,0.81026,1.6232
0.58934,-0.74788,-0.28347,-0.11404,21.085,0.79282,1.6078
0.5881,-0.74844,-0.28409,-0.11518,21.089,0.77511,1.5921
0.58687,-0.74899,-0.28472,-0.11631,21.093,0.75711,1.5761
0.58564,-0.74955,-0.28534,-0.11744,21.095,0.73884,1.56
0.5844,-0.7501,-0.28596,-0.11857,21.098,0.72029,1.5437
0.58316,-0.75065,-0.28658,-0.1197,21.099,0.70148,1.5273
0.58192,-0.75119,-0.2872,-0.12083,21.1,0.68239,1.5108
0.58067,-0.75173,-0.28781,-0.12197,21.1,0.66303,1.4943
0.57943,-0.75227,-0.28843,-0.12309,21.099,0.64341,1.4778
0.57818,-0.75281,-0.28905,-0.12422,21.098,0.62352,1.4614
0.57693,-0.75335,-0.28966,-0.12535,21.096,0.60338,1.4451
0.57568,-0.75388,-0.29027,-0.12648,21.094,0.58297,1.4289
0.57443,-0.75441,-0.29089,-0.12761,21.09,0.5623,1.4128
0.57317,-0.75494,-0.2915,-0.12874,21.086,0.54138,1.397
0.57191,-0.75546,-0.29211,-0.12987,21.082,0.5202,1.3815
0.57065,-0.75598,-0.29272,-0.13099,21.076,0.49877,1.3663
0.56939,-0.7565,-0.29333,-0.13212,21.07,0.47709,1.3513
0.56813,-0.75702,-0.29393,-0.13324,21.063,0.45516,1.3368
0.56686,-0.75753,-0.29454,-0.13437,21.056,0.43299,1.3227
0.5656,-0.75804,-0.29515,-0.13549,21.048,0.41057,1.309
0.56433,-0.75855,-0.29575,-0.13662,21.039,0.38792,1.2958
0.56306,-0.75906,-0.29635,-0.13774,21.03,0.36502,1.2831
0.56178,-0.75956,-0.29696,-0.13887,21.02,0.34189,1.2709
0.56051,-0.76006,-0.29756,-0.13999,21.009,0.31852,1.2593
0.55923,-0.76056,-0.29816,-0.14111,20.998,0.29492,1.2483
0.55795,-0.76106,-0.29876,-0.14223,20.986,0.2711,1.238
0.55667,-0.76155,-0.29935,-0.14336,20.974,0.24704,1.2283
0.55539,-0.76204,-0.29995,-0.14448,20.961,0.22276,1.2193
0.5541,-0.76253,-0.30055,-0.1456,20.947,0.19826,1.211
0.55281,-0.76301,-0.30114,-0.14672,20.933,0.17354,1.2034
0.55152,-0.76349,-0.30174,-0.14784,20.918,0.1486,1.1965
0.55023,-0.76397,-0.30233,-0.14896,20.902,0.12344,1.1904
0.54894,-0.76445,-0.30292,-0.15007,20.886,0.098078,1.1851
0.54765,-0.76492,-0.30351,-0.15119,20.87,0.072501,1.1805
0.54635,-0.76539,-0.3041,-0.15231,20.853,0.046718,1.1768
0.54505,-0.76586,-0.30469,-0.15343,20.835,0.02073,1.1739
0.54375,-0.76633,-0.30528,-0.15454,20.817,-0.0054603,1.1718
0.54245,-0.76679,-0.30586,-0.15566,20.798,-0.03185,1.1705
0.54114,-0.76725,-0.30645,-0.15677,20.779,-0.058436,1.17
0.53984,-0.76771,-0.30703,-0.15789,20.76,-0.085217,1.1704
0.53853,-0.76816,-0.30762,-0.159,20.739,-0.11219,1.1715
0.53722,-0.76862,-0.3082,-0.16012,20.719,-0.13935,1.1735
0.53591,-0.76907,-0.30878,-0.16123,20.698,-0.1667,1.1764
0.53459,-0.76951,-0.30936,-0.16234,20.676,-0.19423,1.18
0.53328,-0.76996,-0.30994,-0.16345,20.654,-0.22194,1.1844
0.53196,-0.7704,-0.31052,-0.16457,20.632,-0.24983,1.1896
0.53064,-0.77084,-0.31109,-0.16568,20.609,-0.27789,1.1956
0.52932,-0.77128,-0.31167,-0.16679,20.586,-0.30613,1.2024
0.528,-0.77171,-0.31224,-0.1679,20.563,-0.33453,1.2098
0.52667,-0.77214,-0.31282,-0.16901,20.539,-0.3631,1.2181
0.52534,-0.77257,-0.31339,-0.17011,20.515,-0.39184,1.227
0.52401,-0.77299,-0.31396,-0.17122,20.49,-0.42073,1.2366
0.52268,-0.77342,-0.31453,-0.17233,20.466,-0.44979,1.2469
0.52135,-0.77384,-0.3151,-0.17344,20.441,-0.479,1.2578
0.52002,-0.77425,-0.31567,-0.17454,20.415,-0.50836,1.2693
0.51868,-0.77467,-0.31624,-0.17565,20.39,-0.53787,1.2813
0.51734,-0.77508,-0.3168,-0.17675,20.364,-0.56753,1.294
0.516,-0.77549,-0.31737,-0.17786,20.338,-0.59733,1.3071
0.51466,-0.7759,-0.31793,-0.17896,20.312,-0.62727,1.3207
0.51332,-0.7763,-0.31849,-0.18006,20.285,-0.65734,1.3348
0.51198,-0.7767,-0.31905,-0.18116,20.258,-0.68756,1.3493
0.51063,-0.7771,-0.31961,-0.18227,20.232,-0.7179,1.3641
0.50928,-0.7775,-0.32017,-0.18337,20.205,-0.74837,1.3793
0.50793,-0.77789,-0.32073,-0.18447,20.178,-0.77897,1.3948
0.50658,-0.77828,-0.32129,-0.18557,20.15,-0.80968,1.4106
0.50522,-0.77867,-0.32184,-0.18667,20.123,-0.84052,1.4266
0.50387,-0.77905,-0.3224,-0.18776,20.096,-0.87148,1.4428
0.50251,-0.77943,-0.32295,-0.18886,20.068,-0.90254,1.4591
0.50115,-0.77981,-0.3235,-0.18996,20.041,-0.93372,1.4755
-0.49979,0.78019,0.32406,0.19106,20.013,-0.965,1.492
-0.49843,0.78056,0.32461,0.19215,19.986,-0.99639,1.5085
-0.49706,0.78093,0.32515,0.19325,19.958,-1.0279,1.525
-0.4957,0.7813,0.3257,0.19434,19.931,-1.0595,1.5414
-0.49433,0.78167,0.32625,0.19544,19.903,-1.0911,1.5577
-0.49296,0.78203,0.32679,0.19653,19.876,-1.1229,1.5738
-0.49159,0.78239,0.32734,0.19762,19.849,-1.1548,1.5898
-0.49022,0.78275,0.32788,0.19871,19.822,-1.1867,1.6056
-0.48884,0.7831,0.32842,0.1998,19.795,-1.2187,1.6211
-0.48746,0.78346,0.32896,0.20089,19.768,-1.2508,1.6363
-0.48609,0.7838,0.3295,0.20198,19.741,-1.283,1.6511
-0.48471,0.78415,0.33004,0.20307,19.714,-1.3152,1.6656
-0.48332,0.7845,0.33058,0.20416,19.688,-1.3476,1.6797
-0.48194,0.78484,0.33112,0.20525,19.661,-1.3799,1.6933
-0.48056,0.78517,0.33165,0.20633,19.635,-1.4124,1.7064
-0.47917,0.78551,0.33219,0.20742,19.61,-1.4449,1.719
-0.47778,0.78584,0.33272,0.20851,19.584,-1.4774,1.7311
-0.47639,0.78617,0.33325,0.20959,19.559,-1.5101,1.7426
-0.475,0.7865,0.33378,0.21067,19.534,-1.5427,1.7534
-0.47361,0.78682,0.33431,0.21176,19.509,-1.5754,1.7637
-0.47221,0.78715,0.33484,0.21284,19.484,-1.6082,1.7733
-0.47081,0.78747,0.33537,0.21392,19.46,-1.6409,1.7822
-0.46942,0.78778,0.33589,0.215,19.436,-1.6738,1.7904
-0.46802,0.78809,0.33642,0.21608,19.413,-1.7066,1.7978
-0.46661,0.78841,0.33694,0.21716,19.39,-1.7395,1.8046
-0.46521,0.78871,0.33746,0.21824,19.367,-1.7724,1.8105
-0.46381,0.78902,0.33798,0.21932,19.345,-1.8053,1.8157
-0.4624,0.78932,0.3385,0.2204,19.323,-1.8383,1.8201
-0.46099,0.78962,0.33902,0.22147,19.302,-1.8713,1.8237
-0.45958,0.78992,0.33954,0.22255,19.281,-1.9042,1.8265
-0.45817,0.79021,0.34006,0.22362,19.26,-1.9372,1.8285
-0.45676,0.7905,0.34057,0.2247,19.24,-1.9702,1.8297
-0.45534,0.79079,0.34108,0.22577,19.22,-2.0032,1.83
-0.45393,0.79108,0.3416,0.22684,19.201,-2.0362,1.8295
-0.45251,0.79136,0.34211,0.22791,19.182,-2.0692,1.8282
-0.45109,0.79164,0.34262,0.22898,19.164,-2.1022,1.826
-0.44967,0.79192,0.34313,0.23005,19.147,-2.1352,1.8231
-0.44825,0.79219,0.34364,0.23112,19.13,-2.1682,1.8193
-0.44682,0.79247,0.34414,0.23219,19.113,-2.2011,1.8148
-0.4454,0.79273,0.34465,0.23326,19.097,-2.234,1.8094
-0.44397,0.793,0.34515,0.23433,19.082,-2.2669,1.8033
-0.44254,0.79326,0.34566,0.23539,19.067,-2.2998,1.7964
-0.44111,0.79353,0.34616,0.23646,19.053,-2.3327,1.7888
-0.43968,0.79378,0.34666,0.23752,19.039,-2.3655,1.7805
-0.43825,0.79404,0.34716,0.23858,19.026,-2.3983,1.7714
-0.43681,0.79429,0.34766,0.23965,19.013,-2.431,1.7617
-0.43538,0.79454,0.34815,0.24071,19.001,-2.4637,1.7514
-0.43394,0.79479,0.34865,0.24177,18.99,-2.4963,1.7404
-0.4325,0.79503,0.34914,0.24283,18.98,-2.5289,1.7288
-0.43106,0.79527,0.34964,0.24389,18.97,-2.5615,1.7166
-0.42961,0.79551,0.35013,0.24495,18.96,-2.594,1.7039
-0.42817,0.79575,0.35062,0.246,18.952,-2.6264,1.6906
-0.42673,0.79598,0.35111,0.24706,18.944,-2.6588,1.6769
-0.42528,0.79621,0.3516,0.24812,18.936,-2.6911,1.6628
-0.42383,0.79644,0.35209,0.24917,18.93,-2.7233,1.6482
-0.42238,0.79666,0.35257,0.25023,18.924,-2.7555,1.6333
-0.42093,0.79689,0.35306,0.25128,18.918,-2.7876,1.6181
-0.41948,0.79711,0.35354,0.25233,18.914,-2.8196,1.6025
-0.41802,0.79732,0.35402,0.25338,18.91,-2.8515,1.5867
-0.41657,0.79754,0.35451,0.25443,18.906,-2.8833,1.5707
-0.41511,0.79775,0.35499,0.25548,18.904,-2.9151,1.5545
-0.41365,0.79795,0.35546,0.25653,18.902,-2.9467,1.5382
-0.41219,0.79816,0.35594,0.25758,18.901,-2.9783,1.5217
-0.41073,0.79836,0.35642,0.25863,18.9,-3.0098,1.5052
-0.40927,0.79856,0.35689,0.25967,18.9,-3.0411,1.4887
-0.4078,0.79876,0.35737,0.26072,18.901,-3.0724,1.4723
-0.40633,0.79895,0.35784,0.26176,18.902,-3.1036,1.4559
-0.40487,0.79914,0.35831,0.26281,18.905,-3.1346,1.4396
-0.4034,0.79933,0.35878,0.26385,18.908,-3.1655,1.4234
-0.40193,0.79952,0.35925,0.26489,18.911,-3.1963,1.4075
-0.40046,0.7997,0.35972,0.26593,18.915,-3.227,1.3918
-0.39898,0.79988,0.36018,0.26697,18.92,-3.2576,1.3763
-0.39751,0.80006,0.36065,0.26801,18.926,-3.2881,1.3612
-0.39603,0.80023,0.36111,0.26905,18.932,-3.3184,1.3464
-0.39456,0.8004,0.36157,0.27008,18.939,-3.3486,1.332
-0.39308,0.80057,0.36203,0.27112,18.947,-3.3786,1.318
-0.3916,0.80074,0.36249,0.27215,18.955,-3.4085,1.3045
-0.39012,0.8009,0.36295,0.27319,18.964,-3.4383,1.2914
-0.38863,0.80106,0.36341,0.27422,18.973,-3.4679,1.2789
-0.38715,0.80122,0.36387,0.27525,18.983,-3.4974,1.267
-0.38567,0.80137,0.36432,0.27628,18.994,-3.5267,1.2556
-0.38418,0.80153,0.36477,0.27731,19.006,-3.5559,1.2448
-0.38269,0.80168,0.36523,0.27834,19.018,-3.5849,1.2347
-0.3812,0.80182,0.36568,0.27937,19.03,-3.6138,1.2252
-0.37971,0.80197,0.36613,0.2804,19.044,-3.6425,1.2164
-0.37822,0.80211,0.36657,0.28142,19.058,-3.671,1.2083
-0.37673,0.80224,0.36702,0.28245,19.072,-3.6994,1.201
-0.37523,0.80238,0.36747,0.28347,19.087,-3.7276,1.1944
-0.37373,0.80251,0.36791,0.2845,19.103,-3.7557,1.1885
-0.37224,0.80264,0.36835,0.28552,19.119,-3.7835,1.1835
-0.37074,0.80277,0.3688,0.28654,19.136,-3.8112,1.1792
-0.36924,0.80289,0.36924,0.28756,19.153,-3.8387,1.1757
-0.36774,0.80301,0.36968,0.28858,19.171,-3.866,1.1731
-0.36624,0.80313,0.37011,0.2896,19.189,-3.8931,1.1712
-0.36473,0.80325,0.37055,0.29061,19.208,-3.92,1.1702
-0.36323,0.80336,0.37099,0.29163,19.227,-3.9468,1.17
-0.36172,0.80347,0.37142,0.29265,19.247,-3.9733,1.1707
-0.36021,0.80358,0.37185,0.29366,19.267,-3.9997,1.1721
-0.3587,0.80368,0.37229,0.29467,19.288,-4.0258,1.1744
-0.35719,0.80378,0.37272,0.29569,19.309,-4.0518,1.1775
-0.35568,0.80388,0.37314,0.2967,19.331,-4.0775,1.1814
-0.35417,0.80398,0.37357,0.29771,19.353,-4.1031,1.1861
-0.35266,0.80407,0.374,0.29872,19.375,-4.1284,1.1915
-0.35114,0.80416,0.37442,0.29972,19.398,-4.1535,1.1978
-0.34962,0.80425,0.37485,0.30073,19.422,-4.1784,1.2048
-0.34811,0.80433,0.37527,0.30174,19.445,-4.2031,1.2125
-0.34659,0.80441,0.37569,0.30274,19.469,-4.2275,1.221
-0.34507,0.80449,0.37611,0.30374,19.493,-4.2518,1.2301
-0.34355,0.80457,0.37653,0.30475,19.518,-4.2758,1.24
-0.34203,0.80464,0.37695,0.30575,19.543,-4.2996,1.2505
-0.3405,0.80471,0.37736,0.30675,19.568,-4.3231,1.2616
-0.33898,0.80478,0.37778,0.30775,19.593,-4.3464,1.2733
-0.33745,0.80484,0.37819,0.30875,19.619,-4.3695,1.2855
-0.33592,0.80491,0.3786,0.30974,19.645,-4.3924,1.2983
-0.3344,0.80497,0.37901,0.31074,19.671,-4.415,1.3116
-0.33287,0.80502,0.37942,0.31174,19.697,-4.4374,1.3254
-0.33134,0.80508,0.37983,0.31273,19.724,-4.4595,1.3396
-0.3298,0.80513,0.38024,0.31372,19.751,-4.4814,1.3542
-0.32827,0.80517,0.38064,0.31471,19.777,-4.503,1.3692
-0.32674,0.80522,0.38104,0.3157,19.804,-4.5244,1.3845
-0.3252,0.80526,0.38145,0.31669,19.832,-4.5455,1.4001
-0.32367,0.8053,0.38185,0.31768,19.859,-4.5664,1.416
-0.32213,0.80534,0.38225,0.31867,19.886,-4.587,1.432
-0.32059,0.80537,0.38265,0.31966,19.913,-4.6073,1.4482
-0.31905,0.8054,0.38304,0.32064,19.941,-4.6274,1.4646
-0.31751,0.80543,0.38344,0.32163,19.968,-4.6473,1.481
-0.31597,0.80546,0.38383,0.32261,19.996,-4.6668,1.4975
-0.31442,0.80548,0.38423,0.32359,20.023,-4.6862,1.514
-0.31288,0.8055,0.38462,0.32457,20.051,-4.7052,1.5305
-0.31133,0.80552,0.38501,0.32555,20.078,-4.7239,1.5469
-0.30979,0.80553,0.3854,0.32653,20.106,-4.7424,1.5631
-0.30824,0.80554,0.38579,0.32751,20.133,-4.7607,1.5792
-0.30669,0.80555,0.38617,0.32848,20.16,-4.7786,1.5952
-0.30514,0.80556,0.38656,0.32946,20.187,-4.7963,1.6108
-0.30359,0.80556,0.38694,0.33043,20.214,-4.8136,1.6262
-0.30204,0.80556,0.38732,0.3314,20.241,-4.8308,1.6413
-0.30049,0.80556,0.38771,0.33238,20.268,-4.8476,1.656
-0.29893,0.80555,0.38808,0.33335,20.295,-4.8641,1.6704
-0.29738,0.80554,0.38846,0.33431,20.321,-4.8804,1.6843
-0.29582,0.80553,0.38884,0.33528,20.347,-4.8963,1.6977
-0.29427,0.80552,0.38922,0.33625,20.373,-4.912,1.7107
-0.29271,0.8055,0.38959,0.33721,20.399,-4.9274,1.7231
-0.29115,0.80548,0.38996,0.33818,20.425,-4.9424,1.735
-0.28959,0.80546,0.39033,0.33914,20.45,-4.9572,1.7463
-0.28803,0.80543,0.3907,0.3401,20.475,-4.9717,1.757
-0.28647,0.8054,0.39107,0.34107,20.499,-4.9859,1.767
-0.2849,0.80537,0.39144,0.34203,20.524,-4.9998,1.7763
-0.28334,0.80534,0.39181,0.34298,20.548,-5.0134,1.785
-0.28177,0.8053,0.39217,0.34394,20.571,-5.0267,1.793
-0.28021,0.80526,0.39253,0.3449,20.595,-5.0397,1.8002
-0.27864,0.80522,0.3929,0.34585,20.618,-5.0524,1.8067
-0.27707,0.80517,0.39326,0.34681,20.64,-5.0648,1.8124
-0.2755,0.80513,0.39362,0.34776,20.662,-5.0769,1.8173
-0.27393,0.80508,0.39397,0.34871,20.684,-5.0887,1.8214
-0.27236,0.80502,0.39433,0.34966,20.705,-5.1001,1.8248
-0.27079,0.80497,0.39468,0.35061,20.726,-5.1113,1.8273
-0.26922,0.80491,0.39504,0.35156,20.747,-5.1221,1.829
-0.26764,0.80484,0.39539,0.3525,20.767,-5.1327,1.8299
-0.26607,0.80478,0.39574,0.35345,20.786,-5.1429,1.8299
-0.26449,0.80471,0.39609,0.35439,20.805,-5.1528,1.8292
-0.26292,0.80464,0.39644,0.35533,20.824,-5.1624,1.8276
-0.26134,0.80457,0.39679,0.35627,20.842,-5.1717,1.8251
-0.25976,0.80449,0.39713,0.35721,20.859,-5.1806,1.8219
-0.25818,0.80441,0.39748,0.35815,20.876,-5.1892,1.8179
-0.2566,0.80433,0.39782,0.35909,20.892,-5.1976,1.8131
-0.25502,0.80425,0.39816,0.36003,20.908,-5.2056,1.8075
-0.25344,0.80416,0.3985,0.36096,20.923,-5.2132,1.8011
-0.25186,0.80407,0.39884,0.3619,20.938,-5.2206,1.794
-0.25027,0.80398,0.39917,0.36283,20.952,-5.2276,1.7861
-0.24869,0.80388,0.39951,0.36376,20.966,-5.2343,1.7775
-0.2471,0.80378,0.39984,0.36469,20.978,-5.2407,1.7683
-0.24552,0.80368,0.40018,0.36562,20.991,-5.2468,1.7583
-0.24393,0.80358,0.40051,0.36655,21.002,-5.2525,1.7477
-0.24234,0.80347,0.40084,0.36747,21.013,-5.2579,1.7365
-0.24075,0.80336,0.40117,0.3684,21.024,-5.263,1.7247
-0.23916,0.80325,0.40149,0.36932,21.033,-5.2678,1.7124
-0.23757,0.80313,0.40182,0.37024,21.043,-5.2722,1.6995
-0.23598,0.80301,0.40214,0.37116,21.051,-5.2763,1.6861
-0.23439,0.80289,0.40247,0.37208,21.059,-5.2801,1.6722
-0.2328,0.80277,0.40279,0.373,21.066,-5.2836,1.6579
-0.2312,0.80264,0.40311,0.37392,21.072,-5.2867,1.6433
-0.22961,0.80251,0.40343,0.37484,21.078,-5.2895,1.6282
-0.22801,0.80238,0.40374,0.37575,21.083,-5.292,1.6129
-0.22642,0.80224,0.40406,0.37666,21.088,-5.2941,1.5972
-0.22482,0.80211,0.40437,0.37758,21.091,-5.2959,1.5813
-0.22322,0.80197,0.40469,0.37849,21.095,-5.2974,1.5653
-0.22162,0.80182,0.405,0.37939,21.097,-5.2985,1.549
-0.22002,0.80168,0.40531,0.3803,21.099,-5.2994,1.5326
-0.21842,0.80153,0.40562,0.38121,21.1,-5.2998,1.5162
-0.21682,0.80137,0.40593,0.38211,21.1,-5.3,1.4997
-0.21522,0.80122,0.40623,0.38302,21.1,-5.2998,1.4832
-0.21362,0.80106,0.40654,0.38392,21.099,-5.2993,1.4668
-0.21201,0.8009,0.40684,0.38482,21.097,-5.2985,1.4504
-0.21041,0.80074,0.40714,0.38572,21.094,-5.2973,1.4341
-0.20881,0.80057,0.40744,0.38662,21.091,-5.2958,1.4181
-0.2072,0.8004,0.40774,0.38752,21.088,-5.294,1.4022
-0.20559,0.80023,0.40804,0.38841,21.083,-5.2919,1.3866
-0.20399,0.80006,0.40833,0.38931,21.078,-5.2894,1.3712
-0.20238,0.79988,0.40863,0.3902,21.072,-5.2866,1.3562
-0.20077,0.7997,0.40892,0.39109,21.066,-5.2835,1.3415
-0.19916,0.79952,0.40921,0.39198,21.059,-5.28,1.3273
-0.19755,0.79933,0.4095,0.39287,21.051,-5.2762,1.3134
-0.19594,0.79914,0.40979,0.39376,21.042,-5.2721,1.3
-0.19433,0.79895,0.41008,0.39465,21.033,-5.2676,1.2872
-0.19272,0.79876,0.41036,0.39553,21.023,-5.2629,1.2748
-0.19111,0.79856,0.41065,0.39641,21.013,-5.2578,1.2631
-0.18949,0.79836,0.41093,0.3973,21.002,-5.2523,1.2519
-0.18788,0.79816,0.41121,0.39818,20.99,-5.2466,1.2413
-0.18627,0.79795,0.41149,0.39906,20.978,-5.2405,1.2314
-0.18465,0.79775,0.41177,0.39993,20.965,-5.2341,1.2222
-0.18303,0.79754,0.41205,0.40081,20.952,-5.2274,1.2136
-0.18142,0.79732,0.41233,0.40169,20.938,-5.2203,1.2058
-0.1798,0.79711,0.4126,0.40256,20.923,-5.213,1.1987
-0.17818,0.79689,0.41287,0.40343,20.908,-5.2053,1.1923
-0.17657,0.79667,0.41315,0.4043,20.892,-5.1973,1.1867
-0.17495,0.79644,0.41342,0.40517,20.875,-5.1889,1.1819
-0.17333,0.79621,0.41368,0.40604,20.858,-5.1803,1.1779
-0.17171,0.79598,0.41395,0.40691,20.841,-5.1713,1.1748
-0.17009,0.79575,0.41422,0.40777,20.823,-5.162,1.1724
-0.16847,0.79551,0.41448,0.40863,20.805,-5.1524,1.1708
-0.16684,0.79528,0.41474,0.4095,20.786,-5.1425,1.1701
-0.16522,0.79503,0.41501,0.41036,20.766,-5.1323,1.1701
-0.1636,0.79479,0.41527,0.41122,20.746,-5.1217,1.1711
-0.16197,0.79454,0.41552,0.41208,20.726,-5.1109,1.1728
-0.16035,0.79429,0.41578,0.41293,20.705,-5.0997,1.1753
-0.15873,0.79404,0.41604,0.41379,20.683,-5.0882,1.1787
-0.1571,0.79378,0.41629,0.41464,20.662,-5.0765,1.1829
-0.15547,0.79353,0.41654,0.41549,20.639,-5.0644,1.1878
-0.15385,0.79327,0.41679,0.41634,20.617,-5.052,1.1936
-0.15222,0.793,0.41704,0.41719,20.594,-5.0393,1.2001
-0.15059,0.79274,0.41729,0.41804,20.571,-5.0263,1.2073
-0.14897,0.79247,0.41754,0.41889,20.547,-5.0129,1.2153
-0.14734,0.79219,0.41778,0.41973,20.523,-4.9993,1.224
-0.14571,0.79192,0.41803,0.42058,20.499,-4.9854,1.2334
-0.14408,0.79164,0.41827,0.42142,20.474,-4.9712,1.2434
-0.14245,0.79136,0.41851,0.42226,20.449,-4.9567,1.2541
-0.14082,0.79108,0.41875,0.4231,20.424,-4.9419,1.2654
-0.13919,0.79079,0.41899,0.42393,20.398,-4.9268,1.2773
-0.13756,0.7905,0.41923,0.42477,20.372,-4.9114,1.2898
-0.13592,0.79021,0.41946,0.42561,20.346,-4.8957,1.3027
-0.13429,0.78992,0.41969,0.42644,20.32,-4.8798,1.3162
-0.13266,0.78962,0.41993,0.42727,20.294,-4.8635,1.3301
-0.13103,0.78932,0.42016,0.4281,20.267,-4.847,1.3445
-0.12939,0.78902,0.42039,0.42893,20.24,-4.8301,1.3592
-0.12776,0.78871,0.42061,0.42976,20.214,-4.813,1.3743
-0.12612,0.78841,0.42084,0.43058,20.186,-4.7956,1.3897
-0.12449,0.7881,0.42107,0.43141,20.159,-4.7779,1.4054
-0.12285,0.78778,0.42129,0.43223,20.132,-4.76,1.4213
-0.12122,0.78747,0.42151,0.43305,20.105,-4.7418,1.4375
-0.11958,0.78715,0.42173,0.43387,20.077,-4.7233,1.4537
-0.11794,0.78683,0.42195,0.43469,20.05,-4.7045,1.4701
-0.1163,0.7865,0.42217,0.4355,20.022,-4.6854,1.4866
-0.11467,0.78617,0.42238,0.43632,19.995,-4.6661,1.5031
-0.11303,0.78584,0.4226,0.43713,19.967,-4.6466,1.5196
-0.11139,0.78551,0.42281,0.43794,19.94,-4.6267,1.536
-0.10975,0.78518,0.42302,0.43875,19.912,-4.6066,1.5524
-0.10811,0.78484,0.42323,0.43956,19.885,-4.5862,1.5686
-0.10647,0.7845,0.42344,0.44037,19.858,-4.5656,1.5846
-0.10483,0.78415,0.42365,0.44118,19.831,-4.5447,1.6005
-0.10319,0.78381,0.42385,0.44198,19.803,-4.5236,1.616
-0.10155,0.78346,0.42406,0.44278,19.776,-4.5022,1.6313
-0.099911,0.78311,0.42426,0.44358,19.75,-4.4806,1.6463
-0.098269,0.78275,0.42446,0.44438,19.723,-4.4587,1.6609
-0.096627,0.78239,0.42466,0.44518,19.696,-4.4365,1.6751
-0.094985,0.78203,0.42486,0.44598,19.67,-4.4142,1.6889
-0.093343,0.78167,0.42506,0.44677,19.644,-4.3915,1.7022
-0.0917,0.7813,0.42525,0.44757,19.618,-4.3687,1.7149
-0.090057,0.78094,0.42545,0.44836,19.592,-4.3456,1.7272
-0.088413,0.78056,0.42564,0.44915,19.567,-4.3223,1.7389
-0.086769,0.78019,0.42583,0.44994,19.542,-4.2987,1.7499
-0.085125,0.77981,0.42602,0.45072,19.517,-4.2749,1.7604
-0.083481,0.77944,0.42621,0.45151,19.492,-4.2509,1.7702
-0.081836,0.77905,0.42639,0.45229,19.468,-4.2266,1.7793
-0.080192,0.77867,0.42658,0.45308,19.444,-4.2022,1.7878
-0.078546,0.77828,0.42676,0.45386,19.421,-4.1775,1.7955
-0.076901,0.77789,0.42694,0.45464,19.397,-4.1526,1.8025
-0.075255,0.7775,0.42712,0.45541,19.375,-4.1275,1.8087
-0.073609,0.7771,0.4273,0.45619,19.352,-4.1021,1.8141
-0.071963,0.7767,0.42748,0.45696,19.33,-4.0766,1.8188
-0.070316,0.7763,0.42765,0.45774,19.309,-4.0508,1.8226
-0.068669,0.7759,0.42783,0.45851,19.287,-4.0249,1.8257
-0.067022,0.77549,0.428,0.45928,19.267,-3.9987,1.828
-0.065375,0.77508,0.42817,0.46004,19.246,-3.9724,1.8294
-0.063728,0.77467,0.42834,0.46081,19.227,-3.9458,1.83
-0.06208,0.77426,0.42851,0.46158,19.207,-3.9191,1.8298
-0.060432,0.77384,0.42868,0.46234,19.189,-3.8921,1.8287
-0.058784,0.77342,0.42884,0.4631,19.17,-3.865,1.8268
-0.057136,0.773,0.42901,0.46386,19.152,-3.8377,1.8242
-0.055487,0.77257,0.42917,0.46462,19.135,-3.8102,1.8207
-0.053838,0.77214,0.42933,0.46537,19.118,-3.7825,1.8164
-0.052189,0.77171,0.42949,0.46613,19.102,-3.7546,1.8113
-0.05054,0.77128,0.42965,0.46688,19.087,-3.7266,1.8054
-0.048891,0.77084,0.4298,0.46764,19.072,-3.6984,1.7988
-0.047242,0.7704,0.42996,0.46839,19.057,-3.67,1.7914
-0.045592,0.76996,0.43011,0.46913,19.043,-3.6415,1.7833
-0.043942,0.76952,0.43026,0.46988,19.03,-3.6127,1.7745
-0.042292,0.76907,0.43041,0.47063,19.017,-3.5839,1.765
-0.040642,0.76862,0.43056,0.47137,19.005,-3.5548,1.7548
-0.038992,0.76817,0.43071,0.47211,18.994,-3.5257,1.744
-0.037342,0.76771,0.43085,0.47285,18.983,-3.4963,1.7326
-0.035691,0.76725,0.431,0.47359,18.973,-3.4668,1.7206
-0.034041,0.76679,0.43114,0.47433,18.963,-3.4372,1.7081
-0.03239,0.76633,0.43128,0.47506,18.955,-3.4074,1.695
-0.030739,0.76586,0.43142,0.4758,18.946,-3.3775,1.6815
-0.029088,0.7654,0.43156,0.47653,18.939,-3.3475,1.6675
-0.027437,0.76492,0.4317,0.47726,18.932,-3.3173,1.6531
-0.025786,0.76445,0.43183,0.47799,18.926,-3.2869,1.6382
-0.024135,0.76397,0.43197,0.47871,18.92,-3.2565,1.6231
-0.022483,0.76349,0.4321,0.47944,18.915,-3.2259,1.6076
-0.020832,0.76301,0.43223,0.48016,18.911,-3.1952,1.5919
-0.01918,0.76253,0.43236,0.48088,18.907,-3.1644,1.576
-0.017529,0.76204,0.43249,0.4816,18.905,-3.1335,1.5598
-0.015877,0.76155,0.43261,0.48232,18.902,-3.1024,1.5435
-0.014226,0.76106,0.43274,0.48304,18.901,-3.0713,1.5271
-0.012574,0.76056,0.43286,0.48375,18.9,-3.04,1.5106
-0.010922,0.76006,0.43298,0.48447,18.9,-3.0086,1.4941
-0.0092704,0.75956,0.4331,0.48518,18.901,-2.9771,1.4777
-0.0076186,0.75906,0.43322,0.48589,18.902,-2.9456,1.4612
-0.0059667,0.75856,0.43334,0.4866,18.904,-2.9139,1.4449
-0.0043149,0.75805,0.43345,0.4873,18.907,-2.8822,1.4287
-0.002663,0.75754,0.43357,0.48801,18.91,-2.8503,1.4127
-0.0010111,0.75702,0.43368,0.48871,18.914,-2.8184,1.3969
0.00064082,0.7565,0.43379,0.48941,18.919,-2.7864,1.3814
0.0022927,0.75599,0.4339,0.49011,18.924,-2.7543,1.3661
0.0039446,0.75546,0.43401,0.49081,18.93,-2.7221,1.3512
0.0055965,0.75494,0.43411,0.49151,18.937,-2.6899,1.3367
0.0072483,0.75441,0.43422,0.4922,18.944,-2.6576,1.3226
0.0089002,0.75388,0.43432,0.4929,18.952,-2.6252,1.3089
0.010552,0.75335,0.43442,0.49359,18.961,-2.5928,1.2957
0.012204,0.75281,0.43452,0.49428,18.97,-2.5603,1.283
0.013855,0.75228,0.43462,0.49496,18.98,-2.5277,1.2708
0.015507,0.75174,0.43472,0.49565,18.991,-2.4951,1.2592
0.017159,0.75119,0.43482,0.49633,19.002,-2.4625,1.2483
0.01881,0.75065,0.43491,0.49702,19.014,-2.4298,1.2379
0.020462,0.7501,0.435,0.4977,19.026,-2.3971,1.2282
0.022113,0.74955,0.43509,0.49838,19.039,-2.3643,1.2192
0.023765,0.749,0.43518,0.49905,19.053,-2.3315,1.2109
0.025416,0.74844,0.43527,0.49973,19.067,-2.2986,1.2033
0.027067,0.74788,0.43536,0.5004,19.082,-2.2657,1.1964
0.028718,0.74732,0.43544,0.50108,19.098,-2.2328,1.1904
0.030369,0.74676,0.43553,0.50175,19.114,-2.1999,1.185
0.03202,0.74619,0.43561,0.50241,19.13,-2.167,1.1805
0.033671,0.74562,0.43569,0.50308,19.147,-2.134,1.1768
0.035321,0.74505,0.43577,0.50375,19.165,-2.101,1.1739
0.036972,0.74447,0.43585,0.50441,19.183,-2.068,1.1718
0.038622,0.7439,0.43592,0.50507,19.202,-2.035,1.1705
0.040272,0.74332,0.436,0.50573,19.221,-2.002,1.17
0.041922,0.74274,0.43607,0.50639,19.241,-1.969,1.1704
0.043572,0.74215,0.43614,0.50704,19.261,-1.936,1.1715
0.045222,0.74156,0.43621,0.5077,19.281,-1.903,1.1736
0.046872,0.74097,0.43628,0.50835,19.302,-1.8701,1.1764
0.048521,0.74038,0.43635,0.509,19.324,-1.8371,1.18
0.050171,0.73979,0.43641,0.50965,19.346,-1.8041,1.1844
0.05182,0.73919,0.43648,0.5103,19.368,-1.7712,1.1897
0.053469,0.73859,0.43654,0.51094,19.391,-1.7383,1.1957
0.055118,0.73798,0.4366,0.51159,19.414,-1.7054,1.2024
0.056766,0.73738,0.43666,0.51223,19.437,-1.6726,1.2099
0.058415,0.73677,0.43671,0.51287,19.461,-1.6397,1.2181
0.060063,0.73616,0.43677,0.51351,19.485,-1.607,1.2271
0.061711,0.73555,0.43683,0.51415,19.51,-1.5742,1.2367
0.063358,0.73493,0.43688,0.51478,19.535,-1.5415,1.247
0.065006,0.73431,0.43693,0.51541,19.56,-1.5089,1.2579
0.066653,0.73369,0.43698,0.51604,19.585,-1.4762,1.2694
0.0683,0.73307,0.43703,0.51667,19.611,-1.4437,1.2814
0.069947,0.73244,0.43708,0.5173,19.636,-1.4112,1.2941
0.071594,0.73181,0.43712,0.51793,19.662,-1.3788,1.3072
0.07324,0.73118,0.43716,0.51855,19.689,-1.3464,1.3209
0.074886,0.73055,0.43721,0.51917,19.715,-1.3141,1.3349
0.076532,0.72991,0.43725,0.51979,19.742,-1.2818,1.3494
0.078178,0.72927,0.43729,0.52041,19.769,-1.2496,1.3643
0.079823,0.72863,0.43732,0.52103,19.796,-1.2175,1.3795
0.081468,0.72799,0.43736,0.52164,19.823,-1.1855,1.395
0.083112,0.72734,0.4374,0.52226,19.85,-1.1536,1.4108
0.084757,0.72669,0.43743,0.52287,19.877,-1.1217,1.4267
0.086401,0.72604,0.43746,0.52348,19.904,-1.09,1.4429
0.088045,0.72539,0.43749,0.52408,19.932,-1.0583,1.4592
0.089688,0.72473,0.43752,0.52469,19.959,-1.0267,1.4756
0.091332,0.72407,0.43755,0.52529,19.987,-0.99523,1.4921
0.092974,0.72341,0.43757,0.5259,20.014,-0.96385,1.5086
0.094617,0.72275,0.4376,0.5265,20.042,-0.93257,1.5251
0.096259,0.72208,0.43762,0.52709,20.069,-0.9014,1.5415
0.097901,0.72141,0.43764,0.52769,20.097,-0.87034,1.5578
0.099543,0.72074,0.43766,0.52828,20.124,-0.83939,1.574
0.10118,0.72006,0.43768,0.52888,20.151,-0.80855,1.59
0.10282,0.71939,0.43769,0.52947,20.179,-0.77784,1.6057
0.10447,0.71871,0.43771,0.53006,20.206,-0.74725,1.6212
0.10611,0.71802,0.43772,0.53064,20.233,-0.71678,1.6364
0.10774,0.71734,0.43773,0.53123,20.259,-0.68644,1.6513
0.10938,0.71665,0.43774,0.53181,20.286,-0.65624,1.6657
0.11102,0.71596,0.43775,0.53239,20.313,-0.62616,1.6798
0.11266,0.71527,0.43776,0.53297,20.339,-0.59623,1.6934
0.1143,0.71458,0.43776,0.53355,20.365,-0.56643,1.7065
0.11594,0.71388,0.43777,0.53413,20.391,-0.53678,1.7191
0.11758,0.71318,0.43777,0.5347,20.416,-0.50728,1.7312
0.11921,0.71248,0.43777,0.53527,20.442,-0.47792,1.7427
0.12085,0.71177,0.43777,0.53585,20.467,-0.44872,1.7535
0.12248,0.71107,0.43777,0.53641,20.491,-0.41967,1.7638
0.12412,0.71036,0.43777,0.53698,20.516,-0.39078,1.7734
0.12576,0.70965,0.43776,0.53755,20.54,-0.36205,1.7823
0.12739,0.70893,0.43775,0.53811,20.564,-0.33348,1.7904
0.12903,0.70821,0.43775,0.53867,20.587,-0.30509,1.7979
0.13066,0.70749,0.43774,0.53923,20.61,-0.27686,1.8046
0.13229,0.70677,0.43772,0.53979,20.633,-0.2488,1.8106
0.13393,0.70605,0.43771,0.54034,20.655,-0.22092,1.8158
0.13556,0.70532,0.4377,0.54089,20.677,-0.19321,1.8202
0.13719,0.70459,0.43768,0.54145,20.699,-0.16569,1.8238
0.13882,0.70386,0.43766,0.542,20.72,-0.13835,1.8266
0.14045,0.70313,0.43764,0.54254,20.74,-0.11119,1.8285
0.14208,0.70239,0.43762,0.54309,20.76,-0.08423,1.8297
0.14371,0.70165,0.4376,0.54363,20.78,-0.057456,1.83
0.14534,0.70091,0.43758,0.54418,20.799,-0.030877,1.8295
0.14697,0.70017,0.43755,0.54472,20.818,-0.0044948,1.8282
0.1486,0.69942,0.43753,0.54525,20.836,0.021688,1.826
0.15023,0.69867,0.4375,0.54579,20.853,0.047669,1.8231
0.15186,0.69792,0.43747,0.54632,20.871,0.073444,1.8193
0.15348,0.69716,0.43744,0.54686,20.887,0.099013,1.8147
0.15511,0.69641,0.43741,0.54739,20.903,0.12437,1.8094
0.15674,0.69565,0.43737,0.54792,20.918,0.14952,1.8033
0.15836,0.69489,0.43734,0.54844,20.933,0.17445,1.7964
0.15999,0.69412,0.4373,0.54897,20.948,0.19916,1.7888
0.16161,0.69336,0.43726,0.54949,20.961,0.22366,1.7804
0.16323,0.69259,0.43722,0.55001,20.974,0.24793,1.7714
0.16486,0.69182,0.43718,0.55053,20.987,0.27197,1.7616
0.16648,0.69105,0.43713,0.55105,20.999,0.29579,1.7513
0.1681,0.69027,0.43709,0.55156,21.01,0.31938,1.7403
0.16972,0.68949,0.43704,0.55208,21.02,0.34274,1.7286
0.17134,0.68871,0.43699,0.55259,21.03,0.36587,1.7165
0.17296,0.68793,0.43694,0.5531,21.04,0.38875,1.7037
0.17458,0.68714,0.43689,0.5536,21.048,0.4114,1.6905
0.1762,0.68636,0.43684,0.55411,21.056,0.43381,1.6768
0.17782,0.68557,0.43679,0.55461,21.064,0.45597,1.6627
0.17944,0.68477,0.43673,0.55512,21.07,0.47789,1.6481
0.18106,0.68398,0.43667,0.55562,21.076,0.49956,1.6332
0.18267,0.68318,0.43662,0.55611,21.082,0.52098,1.6179
0.18429,0.68238,0.43655,0.55661,21.086,0.54215,1.6024
0.1859,0.68158,0.43649,0.5571,21.09,0.56306,1.5866
0.18752,0.68077,0.43643,0.55759,21.094,0.58372,1.5706
0.18913,0.67997,0.43636,0.55808,21.096,0.60412,1.5544
0.19075,0.67916,0.4363,0.55857,21.098,0.62426,1.538
0.19236,0.67835,0.43623,0.55906,21.099,0.64414,1.5216
0.19397,0.67753,0.43616,0.55954,21.1,0.66375,1.5051
0.19558,0.67672,0.43609,0.56003,21.1,0.68309,1.4886
0.19719,0.6759,0.43602,0.56051,21.099,0.70217,1.4721
0.1988,0.67508,0.43594,0.56098,21.098,0.72098,1.4557
0.20041,0.67425,0.43587,0.56146,21.095,0.73951,1.4394
0.20202,0.67343,0.43579,0.56193,21.092,0.75778,1.4233
0.20363,0.6726,0.43571,0.56241,21.089,0.77576,1.4074
0.20523,0.67177,0.43563,0.56288,21.085,0.79347,1.3916
0.20684,0.67094,0.43555,0.56335,21.08,0.8109,1.3762
0.20845,0.6701,0.43547,0.56381,21.074,0.82805,1.3611
0.21005,0.66926,0.43538,0.56428,21.068,0.84491,1.3463
0.21165,0.66842,0.4353,0.56474,21.061,0.86149,1.3319
0.21326,0.66758,0.43521,0.5652,21.053,0.87778,1.3179
0.21486,0.66674,0.43512,0.56566,21.045,0.89379,1.3044
0.21646,0.66589,0.43503,0.56611,21.036,0.90951,1.2913
0.21806,0.66504,0.43494,0.56657,21.027,0.92493,1.2788
0.21966,0.66419,0.43484,0.56702,21.016,0.94007,1.2669
0.22126,0.66333,0.43475,0.56747,21.006,0.95491,1.2555
0.22286,0.66248,0.43465,0.56792,20.994,0.96945,1.2447
0.22446,0.66162,0.43455,0.56837,20.982,0.9837,1.2346
0.22606,0.66076,0.43445,0.56881,20.969,0.99765,1.2251
0.22765,0.65989,0.43435,0.56926,20.956,1.0113,1.2163
0.22925,0.65903,0.43425,0.5697,20.942,1.0246,1.2082
0.23084,0.65816,0.43414,0.57013,20.928,1.0377,1.2009
0.23244,0.65729,0.43404,0.57057,20.913,1.0504,1.1943
0.23403,0.65642,0.43393,0.57101,20.897,1.0629,1.1885
0.23562,0.65554,0.43382,0.57144,20.881,1.075,1.1834
0.23722,0.65467,0.43371,0.57187,20.864,1.0868,1.1792
0.23881,0.65379,0.4336,0.5723,20.847,1.0983,1.1757
0.2404,0.65291,0.43349,0.57272,20.829,1.1095,1.1731
0.24199,0.65202,0.43337,0.57315,20.811,1.1204,1.1712
0.24357,0.65114,0.43325,0.57357,20.792,1.131,1.1702
0.24516,0.65025,0.43314,0.57399,20.772,1.1413,1.17
0.24675,0.64936,0.43302,0.57441,20.753,1.1512,1.1707
0.24833,0.64846,0.43289,0.57483,20.732,1.1609,1.1721
0.24992,0.64757,0.43277,0.57524,20.712,1.1702,1.1744
0.2515,0.64667,0.43265,0.57566,20.69,1.1792,1.1775
0.25308,0.64577,0.43252,0.57607,20.669,1.1879,1.1814
0.25467,0.64487,0.4324,0.57647,20.647,1.1963,1.1861
0.25625,0.64397,0.43227,0.57688,20.624,1.2043,1.1916
0.25783,0.64306,0.43214,0.57729,20.601,1.212,1.1978
0.25941,0.64215,0.432,0.57769,20.578,1.2194,1.2049
0.26099,0.64124,0.43187,0.57809,20.555,1.2265,1.2126
0.26256,0.64033,0.43174,0.57849,20.531,1.2333,1.2211
0.26414,0.63941,0.4316,0.57888,20.507,1.2397,1.2302
0.26572,0.63849,0.43146,0.57928,20.482,1.2458,1.2401
0.26729,0.63757,0.43132,0.57967,20.457,1.2516,1.2505
0.26887,0.63665,0.43118,0.58006,20.432,1.2571,1.2617
0.27044,0.63573,0.43104,0.58045,20.407,1.2622,1.2734
0.27201,0.6348,0.4309,0.58084,20.381,1.2671,1.2856
0.27358,0.63387,0.43075,0.58122,20.355,1.2715,1.2984
0.27515,0.63294,0.4306,0.5816,20.329,1.2757,1.3118
0.27672,0.63201,0.43046,0.58198,20.302,1.2795,1.3255
0.27829,0.63107,0.43031,0.58236,20.276,1.283,1.3398
0.27986,0.63013,0.43015,0.58274,20.249,1.2862,1.3544
0.28142,0.62919,0.43,0.58311,20.222,1.2891,1.3694
0.28299,0.62825,0.42985,0.58348,20.195,1.2916,1.3847
0.28455,0.62731,0.42969,0.58385,20.168,1.2938,1.4003
0.28612,0.62636,0.42953,0.58422,20.141,1.2956,1.4161
0.28768,0.62541,0.42937,0.58459,20.114,1.2972,1.4322
0.28924,0.62446,0.42921,0.58495,20.086,1.2984,1.4484
0.2908,0.62351,0.42905,0.58531,20.059,1.2992,1.4647
0.29236,0.62255,0.42889,0.58567,20.031,1.2998,1.4812
0.29392,0.62159,0.42872,0.58603,20.004,1.3,1.4977
0.29547,0.62063,0.42856,0.58639,19.976,1.2999,1.5142
0.29703,0.61967,0.42839,0.58674,19.949,1.2994,1.5306
0.29858,0.61871,0.42822,0.58709,19.921,1.2987,1.547
0.30014,0.61774,0.42805,0.58744,19.894,1.2975,1.5633
0.30169,0.61677,0.42788,0.58779,19.867,1.2961,1.5794
0.30324,0.6158,0.4277,0.58813,19.839,1.2943,1.5953
0.30479,0.61483,0.42753,0.58848,19.812,1.2922,1.611
0.30634,0.61385,0.42735,0.58882,19.785,1.2898,1.6264
0.30789,0.61288,0.42717,0.58916,19.758,1.2871,1.6414
0.30944,0.6119,0.42699,0.58949,19.732,1.284,1.6562
0.31099,0.61092,0.42681,0.58983,19.705,1.2806,1.6705
0.31253,0.60993,0.42663,0.59016,19.679,1.2768,1.6844
0.31408,0.60895,0.42644,0.59049,19.652,1.2728,1.6979
0.31562,0.60796,0.42626,0.59082,19.626,1.2684,1.7108
0.31716,0.60697,0.42607,0.59115,19.601,1.2636,1.7232
0.3187,0.60598,0.42588,0.59147,19.575,1.2586,1.7351
0.32024,0.60499,0.42569,0.5918,19.55,1.2532,1.7464
0.32178,0.60399,0.4255,0.59212,19.525,1.2475,1.757
0.32332,0.60299,0.42531,0.59244,19.5,1.2415,1.7671
0.32486,0.60199,0.42511,0.59275,19.476,1.2351,1.7764
0.32639,0.60099,0.42492,0.59307,19.452,1.2285,1.7851
0.32793,0.59998,0.42472,0.59338,19.428,1.2215,1.793
0.32946,0.59898,0.42452,0.59369,19.405,1.2142,1.8003
0.33099,0.59797,0.42432,0.594,19.382,1.2065,1.8067
0.33252,0.59696,0.42412,0.5943,19.36,1.1986,1.8124
0.33405,0.59594,0.42391,0.59461,19.337,1.1903,1.8173
0.33558,0.59493,0.42371,0.59491,19.316,1.1817,1.8215
0.33711,0.59391,0.4235,0.59521,19.294,1.1728,1.8248
0.33864,0.59289,0.42329,0.59551,19.273,1.1635,1.8273
0.34016,0.59187,0.42308,0.5958,19.253,1.154,1.829
0.34168,0.59085,0.42287,0.5961,19.233,1.1441,1.8299
0.34321,0.58982,0.42266,0.59639,19.214,1.1339,1.8299
0.34473,0.5888,0.42244,0.59668,19.195,1.1234,1.8291
0.34625,0.58777,0.42223,0.59696,19.176,1.1126,1.8275
0.34777,0.58673,0.42201,0.59725,19.158,1.1015,1.8251
0.34928,0.5857,0.42179,0.59753,19.141,1.0901,1.8219
0.3508,0.58466,0.42157,0.59781,19.124,1.0784,1.8179
0.35232,0.58363,0.42135,0.59809,19.108,1.0663,1.813
0.35383,0.58259,0.42113,0.59837,19.092,1.054,1.8074
0.35534,0.58155,0.4209,0.59864,19.076,1.0413,1.801
0.35686,0.5805,0.42068,0.59892,19.062,1.0283,1.7939
0.35837,0.57946,0.42045,0.59919,19.048,1.0151,1.786
0.35987,0.57841,0.42022,0.59946,19.034,1.0015,1.7774
0.36138,0.57736,0.41999,0.59972,19.021,0.98766,1.7682
0.36289,0.57631,0.41976,0.59999,19.009,0.97349,1.7582
0.36439,0.57525,0.41953,0.60025,18.998,0.95903,1.7476
0.3659,0.5742,0.41929,0.60051,18.987,0.94428,1.7364
0.3674,0.57314,0.41906,0.60077,18.976,0.92923,1.7246
0.3689,0.57208,0.41882,0.60102,18.966,0.91388,1.7122
0.3704,0.57102,0.41858,0.60128,18.957,0.89825,1.6994
0.3719,0.56995,0.41834,0.60153,18.949,0.88232,1.686
0.3734,0.56889,0.4181,0.60178,18.941,0.86611,1.6721
0.3749,0.56782,0.41785,0.60203,18.934,0.84961,1.6578
0.37639,0.56675,0.41761,0.60227,18.928,0.83283,1.6431
0.37788,0.56568,0.41736,0.60251,18.922,0.81576,1.6281
0.37938,0.5646,0.41711,0.60276,18.917,0.79841,1.6127
0.38087,0.56353,0.41687,0.60299,18.912,0.78078,1.5971
0.38236,0.56245,0.41661,0.60323,18.908,0.76287,1.5812
0.38385,0.56137,0.41636,0.60347,18.905,0.74469,1.5651
0.38533,0.56029,0.41611,0.6037,18.903,0.72623,1.5489
0.38682,0.5592,0.41585,0.60393,18.901,0.7075,1.5325
0.3883,0.55812,0.4156,0.60416,18.9,0.6885,1.516
0.38979,0.55703,0.41534,0.60438,18.9,0.66923,1.4996
0.39127,0.55594,0.41508,0.60461,18.9,0.64969,1.4831
0.39275,0.55485,0.41482,0.60483,18.901,0.62989,1.4666
0.39423,0.55375,0.41456,0.60505,18.903,0.60982,1.4502
0.3957,0.55266,0.41429,0.60527,18.906,0.5895,1.434
0.39718,0.55156,0.41403,0.60548,18.909,0.56891,1.4179
0.39865,0.55046,0.41376,0.6057,18.912,0.54807,1.402
0.40013,0.54936,0.41349,0.60591,18.917,0.52697,1.3864
0.4016,0.54826,0.41322,0.60612,18.922,0.50562,1.3711
0.40307,0.54715,0.41295,0.60633,18.928,0.48402,1.3561
0.40454,0.54604,0.41268,0.60653,18.934,0.46217,1.3414
0.40601,0.54494,0.4124,0.60673,18.942,0.44008,1.3271
0.40747,0.54383,0.41213,0.60694,18.949,0.41774,1.3133
0.40894,0.54271,0.41185,0.60713,18.958,0.39516,1.2999
0.4104,0.5416,0.41157,0.60733,18.967,0.37234,1.2871
0.41186,0.54048,0.41129,0.60753,18.977,0.34928,1.2747
0.41332,0.53936,0.41101,0.60772,18.987,0.32599,1.263
0.41478,0.53824,0.41073,0.60791,18.998,0.30247,1.2518
0.41624,0.53712,0.41045,0.6081,19.01,0.27871,1.2412
0.4177,0.536,0.41016,0.60828,19.022,0.25473,1.2313
0.41915,0.53487,0.40987,0.60847,19.035,0.23052,1.2221
0.4206,0.53374,0.40958,0.60865,19.049,0.20609,1.2135
0.42205,0.53261,0.40929,0.60883,19.063,0.18144,1.2057
0.42351,0.53148,0.409,0.60901,19.077,0.15657,1.1986
0.42495,0.53035,0.40871,0.60918,19.093,0.13148,1.1923
0.4264,0.52921,0.40842,0.60935,19.108,0.10618,1.1867
0.42785,0.52807,0.40812,0.60953,19.125,0.080671,1.1819
0.42929,0.52694,0.40782,0.60969,19.142,0.054953,1.1779
0.43073,0.5258,0.40753,0.60986,19.159,0.02903,1.1747
0.43218,0.52465,0.40723,0.61003,19.177,0.0029038,1.1724
0.43361,0.52351,0.40692,0.61019,19.196,-0.023423,1.1708
0.43505,0.52236,0.40662,0.61035,19.215,-0.049947,1.1701
0.43649,0.52121,0.40632,0.61051,19.234,-0.076666,1.1702
0.43793,0.52006,0.40601,0.61066,19.254,-0.10358,1.1711
0.43936,0.51891,0.40571,0.61082,19.275,-0.13068,1.1728
0.44079,0.51776,0.4054,0.61097,19.295,-0.15797,1.1754
0.44222,0.5166,0.40509,0.61112,19.317,-0.18544,1.1787
0.44365,0.51545,0.40478,0.61127,19.339,-0.21309,1.1829
0.44508,0.51429,0.40446,0.61141,19.361,-0.24092,1.1879
0.4465,0.51313,0.40415,0.61156,19.383,-0.26893,1.1936
0.44793,0.51196,0.40383,0.6117,19.406,-0.29711,1.2001
0.44935,0.5108,0.40352,0.61184,19.43,-0.32546,1.2074
0.45077,0.50963,0.4032,0.61197,19.453,-0.35398,1.2154
0.45219,0.50846,0.40288,0.61211,19.477,-0.38267,1.2241
0.45361,0.50729,0.40256,0.61224,19.502,-0.41151,1.2335
0.45503,0.50612,0.40224,0.61237,19.526,-0.44052,1.2435
0.45644,0.50495,0.40191,0.6125,19.551,-0.46968,1.2542
0.45785,0.50377,0.40159,0.61263,19.577,-0.49899,1.2655
0.45927,0.5026,0.40126,0.61275,19.602,-0.52845,1.2774
0.46068,0.50142,0.40093,0.61287,19.628,-0.55806,1.2899
0.46208,0.50024,0.4006,0.61299,19.654,-0.58782,1.3029
0.46349,0.49906,0.40027,0.61311,19.68,-0.61771,1.3163
0.4649,0.49787,0.39994,0.61322,19.706,-0.64775,1.3303
0.4663,0.49669,0.3996,0.61334,19.733,-0.67792,1.3446
0.4677,0.4955,0.39927,0.61345,19.76,-0.70822,1.3594
0.4691,0.49431,0.39893,0.61356,19.787,-0.73865,1.3745
0.4705,0.49312,0.39859,0.61366,19.814,-0.76921,1.3899
0.4719,0.49193,0.39826,0.61377,19.841,-0.79989,1.4056
0.47329,0.49073,0.39791,0.61387,19.868,-0.83069,1.4215
0.47469,0.48954,0.39757,0.61397,19.896,-0.8616,1.4376
0.47608,0.48834,0.39723,0.61407,19.923,-0.89263,1.4539
0.47747,0.48714,0.39688,0.61417,19.95,-0.92378,1.4703
0.47886,0.48594,0.39654,0.61426,19.978,-0.95502,1.4867
0.48025,0.48474,0.39619,0.61435,20.005,-0.98638,1.5032
0.48163,0.48353,0.39584,0.61444,20.033,-1.0178,1.5197
0.48301,0.48232,0.39549,0.61453,20.06,-1.0494,1.5362
0.4844,0.48112,0.39514,0.61462,20.088,-1.081,1.5525
0.48578,0.47991,0.39479,0.6147,20.115,-1.1128,1.5687
0.48716,0.4787,0.39443,0.61478,20.142,-1.1446,1.5848
0.48853,0.47748,0.39407,0.61486,20.17,-1.1765,1.6006
0.48991,0.47627,0.39372,0.61494,20.197,-1.2085,1.6162
0.49128,0.47505,0.39336,0.61501,20.224,-1.2406,1.6315
0.49265,0.47383,0.393,0.61508,20.251,-1.2727,1.6464
0.49402,0.47261,0.39264,0.61515,20.277,-1.305,1.661
0.49539,0.47139,0.39227,0.61522,20.304,-1.3373,1.6752
0.49676,0.47017,0.39191,0.61529,20.33,-1.3696,1.689
0.49812,0.46895,0.39154,0.61535,20.356,-1.402,1.7023
0.49949,0.46772,0.39118,0.61541,20.382,-1.4345,1.715
0.50085,0.46649,0.39081,0.61547,20.408,-1.4671,1.7273
0.50221,0.46526,0.39044,0.61553,20.433,-1.4997,1.739
0.50356,0.46403,0.39007,0.61559,20.458,-1.5323,1.75
0.50492,0.4628,0.3897,0.61564,20.483,-1.565,1.7605
0.50627,0.46156,0.38932,0.61569,20.508,-1.5977,1.7703
0.50763,0.46033,0.38895,0.61574,20.532,-1.6305,1.7794
0.50898,0.45909,0.38857,0.61579,20.556,-1.6633,1.7878
0.51033,0.45785,0.38819,0.61583,20.58,-1.6962,1.7955
0.51167,0.45661,0.38781,0.61587,20.603,-1.729,1.8025
0.51302,0.45537,0.38743,0.61591,20.626,-1.7619,1.8087
0.51436,0.45412,0.38705,0.61595,20.648,-1.7949,1.8142
0.5157,0.45288,0.38667,0.61599,20.67,-1.8278,1.8188
0.51704,0.45163,0.38628,0.61602,20.692,-1.8608,1.8227
0.51838,0.45038,0.3859,0.61605,20.713,-1.8937,1.8257
0.51972,0.44913,0.38551,0.61608,20.733,-1.9267,1.828
0.52105,0.44788,0.38512,0.61611,20.754,-1.9597,1.8294
0.52239,0.44663,0.38473,0.61613,20.774,-1.9927,1.83
0.52372,0.44537,0.38434,0.61616,20.793,-2.0257,1.8297
0.52505,0.44412,0.38395,0.61618,20.812,-2.0587,1.8287
0.52637,0.44286,0.38355,0.6162,20.83,-2.0917,1.8268
0.5277,0.4416,0.38316,0.61621,20.848,-2.1247,1.8241
0.52902,0.44034,0.38276,0.61623,20.865,-2.1577,1.8206
0.53034,0.43907,0.38236,0.61624,20.882,-2.1906,1.8163
0.53166,0.43781,0.38196,0.61625,20.898,-2.2236,1.8112
0.53298,0.43654,0.38156,0.61626,20.913,-2.2565,1.8053
0.5343,0.43528,0.38116,0.61626,20.929,-2.2894,1.7987
0.53561,0.43401,0.38076,0.61627,20.943,-2.3222,1.7913
0.53692,0.43274,0.38035,0.61627,20.957,-2.355,1.7832
0.53823,0.43147,0.37994,0.61627,20.97,-2.3878,1.7744
0.53954,0.43019,0.37954,0.61626,20.983,-2.4206,1.7649
0.54085,0.42892,0.37913,0.61626,20.995,-2.4533,1.7547
0.54215,0.42764,0.37872,0.61625,21.006,-2.4859,1.7439
0.54346,0.42636,0.37831,0.61624,21.017,-2.5186,1.7325
0.54476,0.42508,0.37789,0.61623,21.027,-2.5511,1.7205
0.54606,0.4238,0.37748,0.61622,21.037,-2.5836,1.708
0.54735,0.42252,0.37706,0.6162,21.046,-2.6161,1.6949
0.54865,0.42124,0.37665,0.61618,21.054,-2.6485,1.6814
0.54994,0.41995,0.37623,0.61616,21.061,-2.6808,1.6673
0.55123,0.41866,0.37581,0.61614,21.068,-2.7131,1.6529
0.55252,0.41738,0.37539,0.61612,21.074,-2.7452,1.6381
0.55381,0.41609,0.37497,0.61609,21.08,-2.7773,1.623
0.5551,0.41479,0.37454,0.61606,21.085,-2.8094,1.6075
0.55638,0.4135,0.37412,0.61603,21.089,-2.8413,1.5918
0.55766,0.41221,0.37369,0.616,21.093,-2.8732,1.5758
0.55894,0.41091,0.37327,0.61596,21.095,-2.905,1.5597
0.56022,0.40962,0.37284,0.61592,21.098,-2.9367,1.5434
0.5615,0.40832,0.37241,0.61588,21.099,-2.9683,1.527
0.56277,0.40702,0.37198,0.61584,21.1,-2.9998,1.5105
0.56404,0.40572,0.37154,0.6158,21.1,-3.0312,1.494
0.56531,0.40441,0.37111,0.61575,21.099,-3.0625,1.4775
0.56658,0.40311,0.37068,0.6157,21.098,-3.0936,1.4611
0.56785,0.4018,0.37024,0.61565,21.096,-3.1247,1.4448
0.56911,0.4005,0.3698,0.6156,21.093,-3.1557,1.4286
0.57037,0.39919,0.36936,0.61555,21.09,-3.1865,1.4126
0.57163,0.39788,0.36892,0.61549,21.086,-3.2173,1.3968
0.57289,0.39657,0.36848,0.61543,21.081,-3.2479,1.3812
0.57415,0.39526,0.36804,0.61537,21.076,-3.2784,1.366
0.5754,0.39394,0.36759,0.61531,21.07,-3.3087,1.3511
0.57665,0.39263,0.36715,0.61524,21.063,-3.339,1.3366
0.5779,0.39131,0.3667,0.61517,21.056,-3.3691,1.3224
0.57915,0.38999,0.36625,0.6151,21.048,-3.399,1.3087
0.5804,0.38867,0.3658,0.61503,21.039,-3.4288,1.2955
0.58164,0.38735,0.36535,0.61496,21.03,-3.4585,1.2829
0.58288,0.38603,0.3649,0.61488,21.02,-3.488,1.2707
0.58412,0.38471,0.36445,0.6148,21.009,-3.5174,1.2591
0.58536,0.38338,0.36399,0.61472,20.998,-3.5466,1.2482
0.58659,0.38205,0.36354,0.61464,20.986,-3.5757,1.2378
0.58783,0.38073,0.36308,0.61455,20.974,-3.6046,1.2281
0.58906,0.3794,0.36262,0.61447,20.961,-3.6334,1.2191
0.59029,0.37807,0.36216,0.61438,20.947,-3.662,1.2108
0.59152,0.37674,0.3617,0.61429,20.933,-3.6904,1.2032
0.59274,0.3754,0.36124,0.61419,20.918,-3.7187,1.1964
0.59397,0.37407,0.36078,0.6141,20.902,-3.7467,1.1903
0.59519,0.37273,0.36031,0.614,20.886,-3.7747,1.185
0.59641,0.3714,0.35985,0.6139,20.87,-3.8024,1.1805
0.59762,0.37006,0.35938,0.6138,20.852,-3.8299,1.1768
0.59884,0.36872,0.35891,0.61369,20.835,-3.8573,1.1738
0.60005,0.36738,0.35844,0.61359,20.817,-3.8845,1.1717
0.60126,0.36604,0.35797,0.61348,20.798,-3.9115,1.1705
0.60247,0.3647,0.3575,0.61337,20.779,-3.9383,1.17
0.60368,0.36335,0.35703,0.61326,20.759,-3.9649,1.1704
0.60488,0.36201,0.35655,0.61314,20.739,-3.9913,1.1716
0.60608,0.36066,0.35608,0.61302,20.718,-4.0175,1.1736
0.60728,0.35931,0.3556,0.6129,20.697,-4.0435,1.1764
0.60848,0.35796,0.35512,0.61278,20.676,-4.0694,1.18
0.60968,0.35661,0.35464,0.61266,20.654,-4.095,1.1845
0.61087,0.35526,0.35416,0.61253,20.632,-4.1203,1.1897
0.61206,0.3539,0.35368,0.61241,20.609,-4.1455,1.1957
0.61325,0.35255,0.3532,0.61228,20.586,-4.1705,1.2025
0.61444,0.35119,0.35271,0.61214,20.562,-4.1952,1.21
0.61563,0.34984,0.35223,0.61201,20.539,-4.2198,1.2182
0.61681,0.34848,0.35174,0.61187,20.514,-4.2441,1.2272
0.61799,0.34712,0.35125,0.61173,20.49,-4.2682,1.2368
0.61917,0.34576,0.35076,0.61159,20.465,-4.292,1.247
0.62035,0.3444,0.35027,0.61145,20.44,-4.3156,1.258
0.62152,0.34303,0.34978,0.61131,20.415,-4.339,1.2695
0.62269,0.34167,0.34928,0.61116,20.389,-4.3622,1.2816
0.62386,0.34031,0.34879,0.61101,20.363,-4.3851,1.2942
0.62503,0.33894,0.3483,0.61086,20.337,-4.4078,1.3073
0.6262,0.33757,0.3478,0.61071,20.311,-4.4303,1.321
0.62736,0.3362,0.3473,0.61055,20.285,-4.4525,1.3351
0.62852,0.33483,0.3468,0.61039,20.258,-4.4744,1.3495
0.62968,0.33346,0.3463,0.61023,20.231,-4.4961,1.3644
0.63084,0.33209,0.3458,0.61007,20.204,-4.5176,1.3796
0.63199,0.33071,0.3453,0.60991,20.177,-4.5388,1.3951
0.63314,0.32934,0.34479,0.60974,20.15,-4.5597,1.4109
0.63429,0.32796,0.34429,0.60957,20.123,-4.5804,1.4269
0.63544,0.32659,0.34378,0.6094,20.095,-4.6009,1.4431
0.63659,0.32521,0.34327,0.60923,20.068,-4.6211,1.4594
0.63773,0.32383,0.34276,0.60905,20.04,-4.641,1.4758
0.63887,0.32245,0.34225,0.60888,20.013,-4.6606,1.4923
0.64001,0.32107,0.34174,0.6087,19.985,-4.68,1.5088
0.64115,0.31968,0.34123,0.60852,19.958,-4.6992,1.5252
0.64228,0.3183,0.34072,0.60833,19.93,-4.718,1.5417
0.64342,0.31692,0.3402,0.60815,19.903,-4.7366,1.558
0.64455,0.31553,0.33969,0.60796,19.876,-4.7549,1.5741
0.64567,0.31414,0.33917,0.60777,19.848,-4.7729,1.5901
0.6468,0.31275,0.33865,0.60758,19.821,-4.7907,1.6059
0.64792,0.31136,0.33813,0.60738,19.794,-4.8081,1.6214
0.64904,0.30997,0.33761,0.60719,19.767,-4.8253,1.6365
0.65016,0.30858,0.33709,0.60699,19.74,-4.8422,1.6514
0.65128,0.30719,0.33656,0.60679,19.714,-4.8589,1.6659
0.65239,0.3058,0.33604,0.60659,19.687,-4.8752,1.6799
0.65351,0.3044,0.33551,0.60638,19.661,-4.8913,1.6935
0.65462,0.30301,0.33499,0.60618,19.635,-4.907,1.7066
0.65572,0.30161,0.33446,0.60597,19.609,-4.9225,1.7192
0.65683,0.30021,0.33393,0.60576,19.584,-4.9377,1.7313
0.65793,0.29881,0.3334,0.60554,19.558,-4.9526,1.7428
0.65903,0.29741,0.33287,0.60533,19.533,-4.9672,1.7536
0.66013,0.29601,0.33234,0.60511,19.508,-4.9814,1.7639
0.66123,0.29461,0.3318,0.60489,19.484,-4.9954,1.7734
0.66232,0.29321,0.33127,0.60467,19.46,-5.0091,1.7823
0.66341,0.2918,0.33073,0.60445,19.436,-5.0225,1.7905
0.6645,0.2904,0.3302,0.60422,19.413,-5.0356,1.798
0.66559,0.28899,0.32966,0.60399,19.39,-5.0484,1.8047
0.66667,0.28758,0.32912,0.60376,19.367,-5.0609,1.8106
0.66775,0.28617,0.32858,0.60353,19.345,-5.0731,1.8158
0.66883,0.28476,0.32804,0.6033,19.323,-5.085,1.8202
0.66991,0.28335,0.32749,0.60306,19.301,-5.0965,1.8238
0.67098,0.28194,0.32695,0.60282,19.28,-5.1078,1.8266
0.67206,0.28053,0.3264,0.60258,19.26,-5.1187,1.8285
0.67313,0.27912,0.32586,0.60234,19.24,-5.1293,1.8297
0.6742,0.2777,0.32531,0.60209,19.22,-5.1397,1.83
0.67526,0.27629,0.32476,0.60185,19.201,-5.1497,1.8295
0.67632,0.27487,0.32421,0.6016,19.182,-5.1594,1.8282
0.67738,0.27346,0.32366,0.60135,19.164,-5.1687,1.826
0.67844,0.27204,0.32311,0.60109,19.146,-5.1778,1.823
0.6795,0.27062,0.32256,0.60084,19.129,-5.1865,1.8193
0.68055,0.2692,0.322,0.60058,19.113,-5.1949,1.8147
0.6816,0.26778,0.32145,0.60032,19.097,-5.203,1.8093
0.68265,0.26636,0.32089,0.60006,19.081,-5.2108,1.8032
0.6837,0.26493,0.32033,0.59979,19.067,-5.2183,1.7963
0.68474,0.26351,0.31977,0.59953,19.052,-5.2254,1.7887
0.68579,0.26208,0.31921,0.59926,19.039,-5.2322,1.7803
0.68682,0.26066,0.31865,0.59899,19.026,-5.2387,1.7713
0.68786,0.25923,0.31809,0.59872,19.013,-5.2449,1.7615
0.6889,0.2578,0.31753,0.59844,19.001,-5.2507,1.7512
0.68993,0.25638,0.31696,0.59817,18.99,-5.2563,1.7402
0.69096,0.25495,0.3164,0.59789,18.979,-5.2614,1.7285
0.69199,0.25352,0.31583,0.59761,18.97,-5.2663,1.7164
0.69301,0.25209,0.31526,0.59733,18.96,-5.2709,1.7036
0.69403,0.25065,0.31469,0.59704,18.952,-5.2751,1.6904
0.69505,0.24922,0.31412,0.59676,18.944,-5.279,1.6767
0.69607,0.24779,0.31355,0.59647,18.936,-5.2825,1.6625
0.69709,0.24635,0.31298,0.59618,18.93,-5.2857,1.648
0.6981,0.24492,0.31241,0.59588,18.924,-5.2886,1.6331
0.69911,0.24348,0.31183,0.59559,18.918,-5.2912,1.6178
0.70012,0.24205,0.31126,0.59529,18.914,-5.2935,1.6022
0.70112,0.24061,0.31068,0.59499,18.91,-5.2954,1.5864
0.70212,0.23917,0.3101,0.59469,18.906,-5.2969,1.5704
0.70312,0.23773,0.30952,0.59439,18.904,-5.2982,1.5542
0.70412,0.23629,0.30895,0.59408,18.902,-5.2991,1.5379
0.70512,0.23485,0.30836,0.59377,18.901,-5.2997,1.5214
0.70611,0.23341,0.30778,0.59346,18.9,-5.3,1.505
0.7071,0.23196,0.3072,0.59315,18.9,-5.2999,1.4885
0.70809,0.23052,0.30662,0.59284,18.901,-5.2995,1.472
0.70908,0.22908,0.30603,0.59252,18.903,-5.2988,1.4556
0.71006,0.22763,0.30544,0.5922,18.905,-5.2977,1.4393
0.71104,0.22618,0.30486,0.59188,18.908,-5.2964,1.4232
0.71202,0.22474,0.30427,0.59156,18.911,-5.2946,1.4072
0.71299,0.22329,0.30368,0.59124,18.915,-5.2926,1.3915
0.71397,0.22184,0.30309,0.59091,18.92,-5.2902,1.3761
0.71494,0.22039,0.3025,0.59058,18.926,-5.2875,1.3609
0.71591,0.21894,0.3019,0.59025,18.932,-5.2845,1.3462
0.71687,0.21749,0.30131,0.58992,18.939,-5.2811,1.3318
0.71783,0.21604,0.30072,0.58959,18.947,-5.2774,1.3178
0.71879,0.21459,0.30012,0.58925,18.955,-5.2734,1.3043
0.71975,0.21313,0.29952,0.58891,18.964,-5.2691,1.2912
0.72071,0.21168,0.29893,0.58857,18.973,-5.2644,1.2787
0.72166,0.21023,0.29833,0.58823,18.984,-5.2594,1.2667
0.72261,0.20877,0.29773,0.58788,18.994,-5.2541,1.2554
0.72356,0.20732,0.29713,0.58753,19.006,-5.2484,1.2446
0.72451,0.20586,0.29652,0.58719,19.018,-5.2425,1.2345
0.72545,0.2044,0.29592,0.58683,19.031,-5.2362,1.225
0.72639,0.20294,0.29532,0.58648,19.044,-5.2296,1.2162
0.72733,0.20148,0.29471,0.58613,19.058,-5.2226,1.2082
0.72826,0.20002,0.29411,0.58577,19.072,-5.2153,1.2008
0.7292,0.19856,0.2935,0.58541,19.087,-5.2078,1.1943
0.73013,0.1971,0.29289,0.58505,19.103,-5.1998,1.1884
0.73105,0.19564,0.29228,0.58469,19.119,-5.1916,1.1834
0.73198,0.19418,0.29167,0.58432,19.136,-5.1831,1.1791
0.7329,0.19272,0.29106,0.58395,19.153,-5.1742,1.1757
0.73382,0.19125,0.29045,0.58358,19.171,-5.165,1.173
0.73474,0.18979,0.28983,0.58321,19.19,-5.1555,1.1712
0.73565,0.18832,0.28922,0.58284,19.208,-5.1457,1.1702
0.73657,0.18686,0.28861,0.58246,19.228,-5.1356,1.17
0.73748,0.18539,0.28799,0.58208,19.248,-5.1251,1.1707
0.73838,0.18393,0.28737,0.58171,19.268,-5.1144,1.1721
0.73929,0.18246,0.28675,0.58132,19.289,-5.1033,1.1744
0.74019,0.18099,0.28613,0.58094,19.31,-5.0919,1.1775
0.74109,0.17952,0.28551,0.58055,19.331,-5.0802,1.1815
0.74198,0.17805,0.28489,0.58017,19.353,-5.0683,1.1862
0.74288,0.17658,0.28427,0.57978,19.376,-5.056,1.1916
0.74377,0.17511,0.28365,0.57938,19.399,-5.0433,1.1979
0.74466,0.17364,0.28302,0.57899,19.422,-5.0304,1.2049
0.74555,0.17217,0.2824,0.57859,19.446,-5.0172,1.2127
0.74643,0.17069,0.28177,0.5782,19.469,-5.0037,1.2211
0.74731,0.16922,0.28114,0.5778,19.494,-4.9899,1.2303
0.74819,0.16775,0.28052,0.57739,19.518,-4.9758,1.2402
0.74907,0.16627,0.27989,0.57699,19.543,-4.9614,1.2506
0.74994,0.1648,0.27926,0.57658,19.568,-4.9466,1.2618
0.75081,0.16332,0.27862,0.57618,19.594,-4.9316,1.2735
0.75168,0.16185,0.27799,0.57577,19.619,-4.9163,1.2857
0.75254,0.16037,0.27736,0.57535,19.645,-4.9008,1.2986
0.75341,0.15889,0.27672,0.57494,19.671,-4.8849,1.3119
0.75427,0.15742,0.27609,0.57452,19.698,-4.8687,1.3257
0.75512,0.15594,0.27545,0.57411,19.724,-4.8523,1.3399
0.75598,0.15446,0.27482,0.57369,19.751,-4.8355,1.3545
0.75683,0.15298,0.27418,0.57326,19.778,-4.8185,1.3695
0.75768,0.1515,0.27354,0.57284,19.805,-4.8012,1.3848
0.75853,0.15002,0.2729,0.57241,19.832,-4.7836,1.4004
0.75937,0.14854,0.27226,0.57199,19.859,-4.7657,1.4162
0.76021,0.14706,0.27162,0.57156,19.887,-4.7476,1.4323
0.76105,0.14557,0.27097,0.57112,19.914,-4.7292,1.4485
0.76189,0.14409,0.27033,0.57069,19.941,-4.7105,1.4649
0.76272,0.14261,0.26969,0.57025,19.969,-4.6915,1.4813
0.76355,0.14112,0.26904,0.56982,19.996,-4.6723,1.4978
0.76438,0.13964,0.26839,0.56937,20.024,-4.6528,1.5143
0.76521,0.13816,0.26775,0.56893,20.051,-4.6331,1.5308
0.76603,0.13667,0.2671,0.56849,20.079,-4.613,1.5472
0.76685,0.13519,0.26645,0.56804,20.106,-4.5928,1.5634
0.76767,0.1337,0.2658,0.56759,20.134,-4.5722,1.5795
0.76848,0.13221,0.26515,0.56714,20.161,-4.5514,1.5954
0.76929,0.13073,0.2645,0.56669,20.188,-4.5303,1.6111
0.7701,0.12924,0.26384,0.56624,20.215,-4.509,1.6265
0.77091,0.12775,0.26319,0.56578,20.242,-4.4875,1.6416
0.77171,0.12626,0.26253,0.56532,20.269,-4.4657,1.6563
0.77252,0.12477,0.26188,0.56486,20.295,-4.4436,1.6706
0.77331,0.12329,0.26122,0.5644,20.322,-4.4213,1.6845
0.77411,0.1218,0.26056,0.56394,20.348,-4.3988,1.698
0.7749,0.12031,0.2599,0.56347,20.374,-4.376,1.7109
0.77569,0.11882,0.25924,0.563,20.4,-4.353,1.7233
0.77648,0.11733,0.25858,0.56253,20.425,-4.3297,1.7352
0.77727,0.11583,0.25792,0.56206,20.45,-4.3062,1.7465
0.77805,0.11434,0.25726,0.56159,20.475,-4.2825,1.7571
0.77883,0.11285,0.2566,0.56111,20.5,-4.2586,1.7672
0.77961,0.11136,0.25593,0.56064,20.524,-4.2344,1.7765
0.78038,0.10987,0.25527,0.56016,20.548,-4.21,1.7852
0.78115,0.10837,0.2546,0.55967,20.572,-4.1854,1.7931
0.78192,0.10688,0.25394,0.55919,20.595,-4.1605,1.8003
0.78269,0.10538,0.25327,0.55871,20.618,-4.1355,1.8068
0.78345,0.10389,0.2526,0.55822,20.641,-4.1102,1.8125
0.78421,0.1024,0.25193,0.55773,20.663,-4.0847,1.8174
0.78497,0.1009,0.25126,0.55724,20.685,-4.0591,1.8215
0.78572,0.099405,0.25059,0.55674,20.706,-4.0332,1.8248
0.78647,0.09791,0.24992,0.55625,20.727,-4.0071,1.8273
0.78722,0.096413,0.24924,0.55575,20.747,-3.9808,1.829
0.78797,0.094917,0.24857,0.55525,20.767,-3.9543,1.8299
0.78872,0.09342,0.2479,0.55475,20.787,-3.9276,1.8299
0.78946,0.091923,0.24722,0.55425,20.806,-3.9007,1.8291
0.7902,0.090426,0.24654,0.55374,20.824,-3.8737,1.8275
0.79093,0.088928,0.24587,0.55324,20.842,-3.8464,1.8251
0.79166,0.08743,0.24519,0.55273,20.859,-3.8189,1.8219
0.79239,0.085932,0.24451,0.55222,20.876,-3.7913,1.8178
0.79312,0.084433,0.24383,0.5517,20.893,-3.7635,1.813
0.79385,0.082934,0.24315,0.55119,20.908,-3.7355,1.8074
0.79457,0.081435,0.24247,0.55067,20.924,-3.7074,1.801
0.79529,0.079936,0.24179,0.55015,20.938,-3.6791,1.7938
0.796,0.078436,0.2411,0.54963,20.952,-3.6506,1.786
0.79672,0.076936,0.24042,0.54911,20.966,-3.6219,1.7774
0.79743,0.075436,0.23973,0.54859,20.979,-3.5931,1.7681
0.79814,0.073935,0.23905,0.54806,20.991,-3.5641,1.7581
0.79884,0.072434,0.23836,0.54753,21.003,-3.535,1.7475
0.79954,0.070933,0.23767,0.547,21.014,-3.5057,1.7363
0.80024,0.069432,0.23699,0.54647,21.024,-3.4762,1.7245
0.80094,0.06793,0.2363,0.54594,21.034,-3.4467,1.7121
0.80163,0.066428,0.23561,0.5454,21.043,-3.4169,1.6992
0.80232,0.064926,0.23492,0.54486,21.051,-3.3871,1.6858
0.80301,0.063424,0.23423,0.54432,21.059,-3.357,1.672
0.8037,0.061922,0.23353,0.54378,21.066,-3.3269,1.6577
0.80438,0.060419,0.23284,0.54324,21.072,-3.2966,1.643
0.80506,0.058916,0.23215,0.54269,21.078,-3.2662,1.628
0.80574,0.057413,0.23145,0.54214,21.083,-3.2357,1.6126
0.80641,0.055909,0.23076,0.5416,21.088,-3.205,1.597
0.80708,0.054406,0.23006,0.54104,21.092,-3.1742,1.5811
0.80775,0.052902,0.22936,0.54049,21.095,-3.1433,1.565
0.80842,0.051398,0.22866,0.53994,21.097,-3.1123,1.5487
0.80908,0.049894,0.22797,0.53938,21.099,-3.0812,1.5324
0.80974,0.04839,0.22727,0.53882,21.1,-3.05,1.5159
0.8104,0.046886,0.22657,0.53826,21.1,-3.0186,1.4994
0.81105,0.045381,0.22586,0.5377,21.1,-2.9872,1.4829
0.8117,0.043876,0.22516,0.53713,21.099,-2.9556,1.4665
0.81235,0.042371,0.22446,0.53657,21.097,-2.924,1.4501
0.813,0.040866,0.22376,0.536,21.094,-2.8923,1.4339
0.81364,0.039361,0.22305,0.53543,21.091,-2.8605,1.4178
0.81428,0.037856,0.22235,0.53486,21.087,-2.8286,1.4019
0.81492,0.03635,0.22164,0.53428,21.083,-2.7966,1.3863
0.81555,0.034845,0.22093,0.53371,21.078,-2.7645,1.3709
0.81619,0.033339,0.22023,0.53313,21.072,-2.7324,1.3559
0.81681,0.031833,0.21952,0.53255,21.066,-2.7002,1.3413
0.81744,0.030327,0.21881,0.53197,21.058,-2.6679,1.327
0.81806,0.028821,0.2181,0.53139,21.051,-2.6355,1.3132
0.81868,0.027315,0.21739,0.5308,21.042,-2.6031,1.2998
0.8193,0.025809,0.21668,0.53022,21.033,-2.5707,1.287
0.81992,0.024302,0.21597,0.52963,21.023,-2.5381,1.2746
0.82053,0.022796,0.21525,0.52904,21.013,-2.5055,1.2629
0.82114,0.02129,0.21454,0.52845,21.002,-2.4729,1.2517
0.82174,0.019783,0.21383,0.52785,20.99,-2.4402,1.2411
0.82235,0.018276,0.21311,0.52726,20.978,-2.4075,1.2312
0.82295,0.01677,0.21239,0.52666,20.965,-2.3747,1.222
0.82354,0.015263,0.21168,0.52606,20.951,-2.3419,1.2135
0.82414,0.013756,0.21096,0.52546,20.937,-2.3091,1.2056
0.82473,0.012249,0.21024,0.52485,20.923,-2.2762,1.1985
0.82532,0.010742,0.20952,0.52425,20.907,-2.2433,1.1922
0.8259,0.0092354,0.2088,0.52364,20.891,-2.2104,1.1866
0.82649,0.0077284,0.20808,0.52303,20.875,-2.1774,1.1819
0.82707,0.0062214,0.20736,0.52242,20.858,-2.1445,1.1779
0.82764,0.0047144,0.20664,0.52181,20.841,-2.1115,1.1747
0.82822,0.0032073,0.20592,0.5212,20.823,-2.0785,1.1723
0.82879,0.0017003,0.2052,0.52058,20.804,-2.0455,1.1708
0.82936,0.0001932,0.20447,0.51996,20.785,-2.0125,1.1701
0.82992,-0.0013139,0.20375,0.51934,20.766,-1.9795,1.1702
0.83048,-0.0028209,0.20302,0.51872,20.746,-1.9465,1.1711
0.83104,-0.004328,0.2023,0.5181,20.725,-1.9135,1.1728
0.8316,-0.005835,0.20157,0.51747,20.704,-1.8806,1.1754
0.83215,-0.007342,0.20084,0.51684,20.683,-1.8476,1.1788
0.83271,-0.008849,0.20011,0.51622,20.661,-1.8146,1.1829
0.83325,-0.010356,0.19939,0.51558,20.639,-1.7817,1.1879
0.8338,-0.011863,0.19866,0.51495,20.616,-1.7488,1.1937
0.83434,-0.01337,0.19793,0.51432,20.593,-1.7159,1.2002
0.83488,-0.014877,0.1972,0.51368,20.57,-1.683,1.2074
0.83542,-0.016383,0.19646,0.51304,20.546,-1.6502,1.2154
0.83595,-0.01789,0.19573,0.5124,20.522,-1.6174,1.2242
0.83648,-0.019397,0.195,0.51176,20.498,-1.5846,1.2335
0.83701,-0.020903,0.19427,0.51112,20.473,-1.5519,1.2436
0.83753,-0.02241,0.19353,0.51047,20.448,-1.5193,1.2543
0.83805,-0.023916,0.1928,0.50983,20.423,-1.4866,1.2656
0.83857,-0.025423,0.19206,0.50918,20.398,-1.4541,1.2775
0.83909,-0.026929,0.19132,0.50853,20.372,-1.4215,1.29
0.8396,-0.028435,0.19059,0.50788,20.346,-1.3891,1.303
0.84011,-0.029941,0.18985,0.50722,20.32,-1.3567,1.3165
0.84062,-0.031447,0.18911,0.50657,20.293,-1.3243,1.3304
0.84112,-0.032953,0.18837,0.50591,20.267,-1.2921,1.3448
0.84162,-0.034459,0.18763,0.50525,20.24,-1.2599,1.3595
0.84212,-0.035964,0.18689,0.50459,20.213,-1.2278,1.3746
0.84262,-0.03747,0.18615,0.50393,20.186,-1.1957,1.39
0.84311,-0.038975,0.18541,0.50326,20.159,-1.1638,1.4057
0.8436,-0.04048,0.18467,0.5026,20.132,-1.1319,1.4216
0.84408,-0.041985,0.18392,0.50193,20.104,-1.1001,1.4377
0.84457,-0.04349,0.18318,0.50126,20.077,-1.0684,1.454
0.84505,-0.044995,0.18244,0.50059,20.049,-1.0368,1.4704
0.84553,-0.0465,0.18169,0.49991,20.022,-1.0052,1.4869
0.846,-0.048004,0.18095,0.49924,19.994,-0.97383,1.5034
0.84647,-0.049509,0.1802,0.49856,19.967,-0.94252,1.5199
0.84694,-0.051013,0.17945,0.49788,19.939,-0.91132,1.5363
0.84741,-0.052517,0.17871,0.4972,19.912,-0.88022,1.5526
0.84787,-0.05402,0.17796,0.49652,19.885,-0.84923,1.5689
0.84833,-0.055524,0.17721,0.49584,19.857,-0.81836,1.5849
0.84878,-0.057027,0.17646,0.49515,19.83,-0.78761,1.6007
0.84924,-0.058531,0.17571,0.49446,19.803,-0.75698,1.6163
0.84969,-0.060034,0.17496,0.49377,19.776,-0.72647,1.6316
0.85014,-0.061536,0.17421,0.49308,19.749,-0.69609,1.6466
0.85058,-0.063039,0.17346,0.49239,19.722,-0.66584,1.6612
0.85102,-0.064541,0.17271,0.4917,19.696,-0.63573,1.6754
0.85146,-0.066043,0.17195,0.491,19.67,-0.60575,1.6891
0.8519,-0.067545,0.1712,0.4903,19.643,-0.57591,1.7024
0.85233,-0.069047,0.17045,0.4896,19.618,-0.54621,1.7152
0.85276,-0.070548,0.16969,0.4889,19.592,-0.51666,1.7274
0.85319,-0.072049,0.16894,0.4882,19.566,-0.48726,1.7391
0.85361,-0.07355,0.16818,0.4875,19.541,-0.458,1.7501
0.85403,-0.075051,0.16742,0.48679,19.516,-0.42891,1.7606
0.85445,-0.076551,0.16667,0.48608,19.492,-0.39997,1.7704
0.85487,-0.078051,0.16591,0.48537,19.468,-0.37118,1.7795
0.85528,-0.079551,0.16515,0.48466,19.444,-0.34257,1.7879
0.85569,-0.081051,0.16439,0.48395,19.42,-0.31411,1.7956
0.85609,-0.08255,0.16363,0.48323,19.397,-0.28583,1.8026
0.8565,-0.084049,0.16287,0.48252,19.374,-0.25772,1.8088
0.8569,-0.085548,0.16211,0.4818,19.352,-0.22978,1.8142
0.85729,-0.087046,0.16135,0.48108,19.33,-0.20202,1.8189
0.85769,-0.088544,0.16059,0.48036,19.308,-0.17444,1.8227
0.85808,-0.090042,0.15983,0.47964,19.287,-0.14704,1.8258
0.85847,-0.091539,0.15906,0.47891,19.266,-0.11982,1.828
0.85885,-0.093037,0.1583,0.47818,19.246,-0.092798,1.8294
0.85923,-0.094533,0.15754,0.47746,19.226,-0.065964,1.83
0.85961,-0.09603,0.15677,0.47673,19.207,-0.039322,1.8297
0.85999,-0.097526,0.15601,0.47599,19.188,-0.012877,1.8287
0.86036,-0.099022,0.15524,0.47526,19.17,0.01337,1.8268
0.86073,-0.10052,0.15448,0.47453,19.152,0.039415,1.8241
0.8611,-0.10201,0.15371,0.47379,19.135,0.065256,1.8206
0.86146,-0.10351,0.15294,0.47305,19.118,0.090891,1.8163
0.86182,-0.105,0.15217,0.47231,19.102,0.11632,1.8112
0.86218,-0.1065,0.15141,0.47157,19.086,0.14153,1.8053
0.86254,-0.10799,0.15064,0.47083,19.071,0.16653,1.7986
0.86289,-0.10948,0.14987,0.47008,19.057,0.19131,1.7913
0.86324,-0.11098,0.1491,0.46934,19.043,0.21588,1.7831
0.86358,-0.11247,0.14833,0.46859,19.03,0.24022,1.7743
0.86393,-0.11396,0.14756,0.46784,19.017,0.26434,1.7648
0.86426,-0.11545,0.14679,0.46709,19.005,0.28823,1.7546
0.8646,-0.11694,0.14601,0.46633,18.994,0.3119,1.7438
0.86494,-0.11843,0.14524,0.46558,18.983,0.33533,1.7324
0.86527,-0.11992,0.14447,0.46482,18.973,0.35853,1.7204
0.86559,-0.12141,0.1437,0.46407,18.963,0.38149,1.7079
0.86592,-0.1229,0.14292,0.46331,18.954,0.40421,1.6948
0.86624,-0.12439,0.14215,0.46255,18.946,0.4267,1.6812
0.86656,-0.12588,0.14137,0.46178,18.939,0.44894,1.6672
0.86687,-0.12737,0.1406,0.46102,18.932,0.47094,1.6528
0.86719,-0.12886,0.13982,0.46025,18.925,0.49269,1.638
0.8675,-0.13035,0.13905,0.45949,18.92,0.51419,1.6228
0.8678,-0.13183,0.13827,0.45872,18.915,0.53543,1.6074
0.86811,-0.13332,0.13749,0.45795,18.911,0.55643,1.5916
0.86841,-0.13481,0.13671,0.45717,18.907,0.57717,1.5757
0.8687,-0.13629,0.13593,0.4564,18.905,0.59765,1.5595
0.869,-0.13778,0.13516,0.45562,18.902,0.61787,1.5432
0.86929,-0.13926,0.13438,0.45485,18.901,0.63783,1.5268
0.86958,-0.14074,0.1336,0.45407,18.9,0.65753,1.5104
0.86986,-0.14223,0.13282,0.45329,18.9,0.67696,1.4939
0.87014,-0.14371,0.13204,0.45251,18.901,0.69612,1.4774
0.87042,-0.14519,0.13126,0.45172,18.902,0.71502,1.4609
0.8707,-0.14668,0.13047,0.45094,18.904,0.73364,1.4446
0.87097,-0.14816,0.12969,0.45015,18.907,0.75199,1.4284
0.87124,-0.14964,0.12891,0.44936,18.91,0.77006,1.4124
0.87151,-0.15112,0.12813,0.44857,18.914,0.78786,1.3966
0.87177,-0.1526,0.12734,0.44778,18.919,0.80538,1.3811
0.87203,-0.15408,0.12656,0.44699,18.924,0.82261,1.3659
0.87229,-0.15556,0.12578,0.44619,18.93,0.83957,1.351
0.87255,-0.15704,0.12499,0.4454,18.937,0.85624,1.3364
0.8728,-0.15851,0.12421,0.4446,18.944,0.87263,1.3223
0.87305,-0.15999,0.12342,0.4438,18.952,0.88872,1.3086
0.87329,-0.16147,0.12263,0.443,18.961,0.90453,1.2954
0.87353,-0.16294,0.12185,0.4422,18.97,0.92005,1.2827
0.87377,-0.16442,0.12106,0.44139,18.98,0.93528,1.2706
0.87401,-0.1659,0.12027,0.44059,18.991,0.95021,1.259
0.87424,-0.16737,0.11949,0.43978,19.002,0.96485,1.2481
0.87447,-0.16884,0.1187,0.43897,19.014,0.97919,1.2377
0.8747,-0.17032,0.11791,0.43816,19.027,0.99324,1.228
0.87493,-0.17179,0.11712,0.43735,19.04,1.007,1.219
0.87515,-0.17326,0.11633,0.43654,19.053,1.0204,1.2107
0.87536,-0.17473,0.11554,0.43572,19.068,1.0336,1.2032
0.87558,-0.1762,0.11475,0.43491,19.082,1.0464,1.1963
0.87579,-0.17767,0.11396,0.43409,19.098,1.0589,1.1903
0.876,-0.17914,0.11317,0.43327,19.114,1.0712,1.185
0.87621,-0.18061,0.11238,0.43245,19.131,1.0831,1.1804
0.87641,-0.18208,0.11159,0.43163,19.148,1.0947,1.1767
0.87661,-0.18355,0.11079,0.43081,19.165,1.106,1.1738
0.8768,-0.18502,0.11,0.42998,19.183,1.117,1.1717
0.877,-0.18648,0.10921,0.42915,19.202,1.1277,1.1704
0.87719,-0.18795,0.10842,0.42833,19.221,1.138,1.17
0.87738,-0.18941,0.10762,0.4275,19.241,1.1481,1.1704
0.87756,-0.19088,0.10683,0.42666,19.261,1.1578,1.1716
0.87774,-0.19234,0.10603,0.42583,19.282,1.1673,1.1736
0.87792,-0.1938,0.10524,0.425,19.303,1.1764,1.1764
0.87809,-0.19527,0.10444,0.42416,19.324,1.1852,1.1801
0.87827,-0.19673,0.10365,0.42332,19.346,1.1936,1.1845
0.87843,-0.19819,0.10285,0.42249,19.369,1.2018,1.1898
0.8786,-0.19965,0.10206,0.42165,19.391,1.2096,1.1958
0.87876,-0.20111,0.10126,0.4208,19.414,1.2171,1.2025
0.87892,-0.20257,0.10046,0.41996,19.438,1.2243,1.2101
0.87908,-0.20403,0.099665,0.41912,19.462,1.2312,1.2183
0.87923,-0.20548,0.098867,0.41827,19.486,1.2377,1.2272
0.87938,-0.20694,0.098069,0.41742,19.51,1.2439,1.2369
0.87953,-0.2084,0.097271,0.41657,19.535,1.2498,1.2471
0.87967,-0.20985,0.096472,0.41572,19.56,1.2554,1.2581
0.87982,-0.21131,0.095673,0.41487,19.585,1.2606,1.2696
0.87995,-0.21276,0.094873,0.41402,19.611,1.2656,1.2817
0.88009,-0.21422,0.094074,0.41316,19.637,1.2702,1.2943
0.88022,-0.21567,0.093274,0.41231,19.663,1.2744,1.3075
0.88035,-0.21712,0.092473,0.41145,19.689,1.2784,1.3211
0.88048,-0.21857,0.091673,0.41059,19.716,1.282,1.3352
0.8806,-0.22002,0.090872,0.40973,19.742,1.2852,1.3497
0.88072,-0.22147,0.09007,0.40887,19.769,1.2882,1.3645
0.88083,-0.22292,0.089269,0.40801,19.796,1.2908,1.3798
0.88095,-0.22437,0.088467,0.40714,19.823,1.2931,1.3953
0.88106,-0.22581,0.087665,0.40628,19.85,1.2951,1.411
0.88117,-0.22726,0.086862,0.40541,19.878,1.2967,1.427
0.88127,-0.2287,0.086059,0.40454,19.905,1.298,1.4432
0.88137,-0.23015,0.085256,0.40367,19.932,1.299,1.4595
0.88147,-0.23159,0.084453,0.4028,19.96,1.2996,1.4759
0.88156,-0.23304,0.083649,0.40192,19.987,1.3,1.4924
0.88166,-0.23448,0.082845,0.40105,20.015,1.3,1.5089
0.88174,-0.23592,0.08204,0.40017,20.042,1.2996,1.5254
0.88183,-0.23736,0.081236,0.39929,20.07,1.2989,1.5418
0.88191,-0.2388,0.080431,0.39842,20.097,1.2979,1.5581
0.88199,-0.24024,0.079626,0.39754,20.125,1.2966,1.5743
0.88207,-0.24168,0.07882,0.39665,20.152,1.2949,1.5903
0.88214,-0.24311,0.078014,0.39577,20.179,1.2929,1.606
0.88221,-0.24455,0.077208,0.39489,20.206,1.2906,1.6215
0.88228,-0.24599,0.076402,0.394,20.233,1.288,1.6367
0.88234,-0.24742,0.075596,0.39311,20.26,1.285,1.6515
0.8824,-0.24885,0.074789,0.39222,20.287,1.2817,1.666
0.88246,-0.25029,0.073982,0.39133,20.313,1.278,1.68
0.88252,-0.25172,0.073174,0.39044,20.339,1.2741,1.6936
0.88257,-0.25315,0.072367,0.38955,20.365,1.2698,1.7067
0.88262,-0.25458,0.071559,0.38866,20.391,1.2652,1.7193
0.88266,-0.25601,0.070751,0.38776,20.417,1.2602,1.7314
0.88271,-0.25744,0.069942,0.38686,20.442,1.255,1.7429
0.88275,-0.25887,0.069134,0.38597,20.467,1.2494,1.7537
0.88278,-0.26029,0.068325,0.38507,20.492,1.2434,1.7639
0.88281,-0.26172,0.067516,0.38417,20.516,1.2372,1.7735
0.88284,-0.26314,0.066707,0.38326,20.54,1.2306,1.7824
0.88287,-0.26457,0.065897,0.38236,20.564,1.2237,1.7906
0.8829,-0.26599,0.065087,0.38146,20.588,1.2165,1.798
0.88292,-0.26741,0.064277,0.38055,20.611,1.209,1.8047
0.88293,-0.26883,0.063467,0.37964,20.633,1.2011,1.8107
0.88295,-0.27025,0.062657,0.37873,20.656,1.193,1.8159
0.88296,-0.27167,0.061846,0.37782,20.677,1.1845,1.8202
0.88297,-0.27309,0.061035,0.37691,20.699,1.1756,1.8238
0.88297,-0.27451,0.060224,0.376,20.72,1.1665,1.8266
0.88298,-0.27593,0.059413,0.37508,20.741,1.1571,1.8286
0.88298,-0.27734,0.058601,0.37417,20.761,1.1473,1.8297
0.88297,-0.27876,0.057789,0.37325,20.78,1.1372,1.83
0.88296,-0.28017,0.056977,0.37233,20.799,1.1268,1.8295
0.88295,-0.28158,0.056165,0.37141,20.818,1.1161,1.8281
0.88294,-0.28299,0.055353,0.37049,20.836,1.1051,1.826
0.88293,-0.2844,0.05454,0.36957,20.854,1.0938,1.823
0.88291,-0.28581,0.053728,0.36865,20.871,1.0821,1.8192
0.88288,-0.28722,0.052915,0.36772,20.887,1.0702,1.8146
0.88286,-0.28863,0.052102,0.3668,20.903,1.0579,1.8093
0.88283,-0.29004,0.051288,0.36587,20.919,1.0454,1.8031
0.8828,-0.29144,0.050475,0.36494,20.934,1.0325,1.7962
0.88276,-0.29285,0.049661,0.36401,20.948,1.0193,1.7886
0.88272,-0.29425,0.048848,0.36308,20.961,1.0059,1.7803
0.88268,-0.29565,0.048034,0.36215,20.975,0.99211,1.7712
0.88264,-0.29705,0.047219,0.36122,20.987,0.97804,1.7615
0.88259,-0.29845,0.046405,0.36028,20.999,0.96367,1.7511
0.88254,-0.29985,0.045591,0.35935,21.01,0.94901,1.7401
0.88249,-0.30125,0.044776,0.35841,21.021,0.93405,1.7284
0.88243,-0.30265,0.043961,0.35747,21.031,0.9188,1.7162
0.88237,-0.30404,0.043146,0.35653,21.04,0.90326,1.7035
0.88231,-0.30544,0.042331,0.35559,21.048,0.88743,1.6903
0.88224,-0.30683,0.041516,0.35465,21.056,0.87131,1.6766
0.88218,-0.30823,0.040701,0.3537,21.064,0.8549,1.6624
0.8821,-0.30962,0.039885,0.35276,21.07,0.8382,1.6479
0.88203,-0.31101,0.03907,0.35181,21.076,0.82123,1.6329
0.88195,-0.3124,0.038254,0.35087,21.082,0.80397,1.6177
0.88187,-0.31379,0.037438,0.34992,21.086,0.78643,1.6021
0.88179,-0.31517,0.036622,0.34897,21.09,0.76861,1.5863
0.8817,-0.31656,0.035806,0.34802,21.094,0.75051,1.5703
0.88161,-0.31795,0.034989,0.34706,21.096,0.73214,1.5541
0.88151,-0.31933,0.034173,0.34611,21.098,0.7135,1.5377
0.88142,-0.32071,0.033356,0.34516,21.099,0.69458,1.5213
0.88132,-0.32209,0.03254,0.3442,21.1,0.67539,1.5048
0.88122,-0.32348,0.031723,0.34324,21.1,0.65594,1.4883
0.88111,-0.32485,0.030906,0.34229,21.099,0.63622,1.4718
0.881,-0.32623,0.030089,0.34133,21.097,0.61624,1.4554
0.88089,-0.32761,0.029272,0.34037,21.095,0.596,1.4392
0.88077,-0.32899,0.028455,0.3394,21.092,0.5755,1.423
0.88066,-0.33036,0.027637,0.33844,21.089,0.55474,1.4071
0.88053,-0.33174,0.02682,0.33748,21.085,0.53372,1.3914
0.88041,-0.33311,0.026002,0.33651,21.08,0.51245,1.3759
0.88028,-0.33448,0.025185,0.33555,21.074,0.49093,1.3608
0.88015,-0.33585,0.024367,0.33458,21.068,0.46916,1.346
0.88002,-0.33722,0.023549,0.33361,21.061,0.44714,1.3316
0.87988,-0.33859,0.022731,0.33264,21.053,0.42488,1.3177
0.87974,-0.33996,0.021914,0.33167,21.045,0.40238,1.3041
0.8796,-0.34132,0.021096,0.3307,21.036,0.37963,1.2911
0.87945,-0.34269,0.020277,0.32972,21.026,0.35665,1.2786
0.8793,-0.34405,0.019459,0.32875,21.016,0.33343,1.2666
0.87915,-0.34541,0.018641,0.32777,21.005,0.30998,1.2553
0.879,-0.34677,0.017823,0.32679,20.994,0.2863,1.2445
0.87884,-0.34813,0.017004,0.32582,20.982,0.26239,1.2344
0.87868,-0.34949,0.016186,0.32484,20.969,0.23825,1.2249
0.87851,-0.35085,0.015368,0.32386,20.956,0.21389,1.2162
0.87835,-0.3522,0.014549,0.32288,20.942,0.18931,1.2081
0.87818,-0.35356,0.01373,0.32189,20.927,0.16451,1.2008
0.878,-0.35491,0.012912,0.32091,20.912,0.13949,1.1942
0.87783,-0.35626,0.012093,0.31992,20.897,0.11426,1.1884
0.87765,-0.35761,0.011275,0.31894,20.881,0.088819,1.1833
0.87746,-0.35896,0.010456,0.31795,20.864,0.063167,1.1791
0.87728,-0.36031,0.009637,0.31696,20.846,0.037309,1.1757
0.87709,-0.36166,0.0088182,0.31597,20.829,0.011248,1.173
0.8769,-0.36301,0.0079993,0.31498,20.81,-0.015015,1.1712
0.8767,-0.36435,0.0071804,0.31399,20.791,-0.041477,1.1702
0.8765,-0.36569,0.0063616,0.313,20.772,-0.068134,1.17
0.8763,-0.36704,0.0055426,0.31201,20.752,-0.094984,1.1707
0.8761,-0.36838,0.0047237,0.31101,20.732,-0.12203,1.1722
0.87589,-0.36972,0.0039047,0.31002,20.711,-0.14925,1.1745
0.87568,-0.37106,0.0030858,0.30902,20.69,-0.17667,1.1776
0.87547,-0.37239,0.0022668,0.30802,20.668,-0.20426,1.1815
0.87525,-0.37373,0.0014478,0.30702,20.646,-0.23204,1.1862
0.87503,-0.37506,0.00062881,0.30602,20.624,-0.25999,1.1917
0.87481,-0.3764,-0.00019019,0.30502,20.601,-0.28812,1.198
0.87458,-0.37773,-0.0010092,0.30402,20.578,-0.31642,1.205
0.87435,-0.37906,-0.0018282,0.30301,20.554,-0.34488,1.2127
0.87412,-0.38039,-0.0026472,0.30201,20.53,-0.37351,1.2212
0.87389,-0.38171,-0.0034661,0.301,20.506,-0.40231,1.2304
0.87365,-0.38304,-0.0042851,0.3,20.482,-0.43126,1.2402
0.87341,-0.38437,-0.005104,0.29899,20.457,-0.46037,1.2507
0.87316,-0.38569,-0.005923,0.29798,20.431,-0.48964,1.2619
0.87292,-0.38701,-0.0067419,0.29697,20.406,-0.51905,1.2736
0.87267,-0.38833,-0.0075608,0.29596,20.38,-0.54862,1.2859
0.87241,-0.38965,-0.0083796,0.29495,20.354,-0.57833,1.2987
0.87216,-0.39097,-0.0091985,0.29394,20.328,-0.60818,1.312
0.8719,-0.39229,-0.010017,0.29292,20.302,-0.63817,1.3258
0.87164,-0.3936,-0.010836,0.29191,20.275,-0.66829,1.34
0.87137,-0.39492,-0.011655,0.29089,20.249,-0.69855,1.3546
0.8711,-0.39623,-0.012473,0.28987,20.222,-0.72894,1.3696
0.87083,-0.39754,-0.013292,0.28886,20.195,-0.75946,1.3849
0.87056,-0.39885,-0.014111,0.28784,20.168,-0.7901,1.4005
0.87028,-0.40016,-0.014929,0.28682,20.141,-0.82086,1.4164
0.87,-0.40147,-0.015748,0.2858,20.113,-0.85174,1.4324
0.86971,-0.40277,-0.016566,0.28477,20.086,-0.88274,1.4487
0.86943,-0.40408,-0.017385,0.28375,20.058,-0.91384,1.465
0.86914,-0.40538,-0.018203,0.28273,20.031,-0.94506,1.4815
0.86884,-0.40668,-0.019021,0.2817,20.003,-0.97638,1.498
0.86855,-0.40798,-0.019839,0.28068,19.976,-1.0078,1.5145
0.86825,-0.40928,-0.020657,0.27965,19.948,-1.0393,1.5309
0.86795,-0.41058,-0.021475,0.27862,19.921,-1.0709,1.5473
0.86764,-0.41188,-0.022293,0.27759,19.894,-1.1027,1.5636
0.86733,-0.41317,-0.023111,0.27656,19.866,-1.1345,1.5797
0.86702,-0.41446,-0.023929,0.27553,19.839,-1.1663,1.5956
0.86671,-0.41575,-0.024747,0.2745,19.812,-1.1983,1.6112
0.86639,-0.41704,-0.025564,0.27347,19.785,-1.2304,1.6266
0.86607,-0.41833,-0.026382,0.27243,19.758,-1.2625,1.6417
0.86575,-0.41962,-0.027199,0.2714,19.731,-1.2947,1.6564
0.86542,-0.42091,-0.028017,0.27036,19.705,-1.327,1.6708
0.86509,-0.42219,-0.028834,0.26933,19.678,-1.3593,1.6847
0.86476,-0.42347,-0.029651,0.26829,19.652,-1.3917,1.6981
0.86443,-0.42475,-0.030468,0.26725,19.626,-1.4242,1.711
0.86409,-0.42603,-0.031285,0.26621,19.6,-1.4567,1.7234
0.86375,-0.42731,-0.032102,0.26517,19.575,-1.4893,1.7353
0.8634,-0.42859,-0.032919,0.26413,19.55,-1.5219,1.7466
0.86305,-0.42986,-0.033736,0.26309,19.525,-1.5546,1.7572
0.8627,-0.43114,-0.034552,0.26205,19.5,-1.5873,1.7672
0.86235,-0.43241,-0.035368,0.261,19.476,-1.6201,1.7766
0.86199,-0.43368,-0.036185,0.25996,19.452,-1.6529,1.7852
0.86163,-0.43495,-0.037001,0.25891,19.428,-1.6857,1.7932
0.86127,-0.43622,-0.037817,0.25786,19.405,-1.7186,1.8004
0.86091,-0.43749,-0.038633,0.25682,19.382,-1.7514,1.8068
0.86054,-0.43875,-0.039448,0.25577,19.359,-1.7844,1.8125
0.86017,-0.44001,-0.040264,0.25472,19.337,-1.8173,1.8174
0.85979,-0.44127,-0.041079,0.25367,19.315,-1.8503,1.8215
0.85941,-0.44253,-0.041895,0.25262,19.294,-1.8832,1.8248
0.85903,-0.44379,-0.04271,0.25157,19.273,-1.9162,1.8273
0.85865,-0.44505,-0.043525,0.25051,19.253,-1.9492,1.829
0.85826,-0.44631,-0.04434,0.24946,19.233,-1.9822,1.8299
0.85787,-0.44756,-0.045154,0.2484,19.213,-2.0152,1.8299
0.85748,-0.44881,-0.045969,0.24735,19.194,-2.0482,1.8291
0.85709,-0.45006,-0.046783,0.24629,19.176,-2.0812,1.8275
0.85669,-0.45131,-0.047598,0.24523,19.158,-2.1142,1.8251
0.85629,-0.45256,-0.048412,0.24418,19.14,-2.1472,1.8218
0.85588,-0.4538,-0.049226,0.24312,19.124,-2.1801,1.8178
0.85547,-0.45505,-0.050039,0.24206,19.107,-2.2131,1.8129
0.85506,-0.45629,-0.050853,0.241,19.091,-2.246,1.8073
0.85465,-0.45753,-0.051666,0.23994,19.076,-2.2789,1.8009
0.85423,-0.45877,-0.052479,0.23887,19.062,-2.3117,1.7938
0.85381,-0.46001,-0.053292,0.23781,19.048,-2.3446,1.7859
0.85339,-0.46125,-0.054105,0.23675,19.034,-2.3774,1.7773
0.85296,-0.46248,-0.054918,0.23568,19.021,-2.4101,1.768
0.85254,-0.46372,-0.05573,0.23462,19.009,-2.4429,1.758
0.8521,-0.46495,-0.056542,0.23355,18.997,-2.4755,1.7474
0.85167,-0.46618,-0.057354,0.23248,18.986,-2.5082,1.7362
0.85123,-0.4674,-0.058166,0.23141,18.976,-2.5408,1.7244
0.85079,-0.46863,-0.058978,0.23034,18.966,-2.5733,1.712
0.85035,-0.46986,-0.059789,0.22927,18.957,-2.6058,1.6991
0.8499,-0.47108,-0.060601,0.2282,18.949,-2.6382,1.6857
0.84945,-0.4723,-0.061412,0.22713,18.941,-2.6705,1.6719
0.849,-0.47352,-0.062222,0.22606,18.934,-2.7028,1.6576
0.84855,-0.47474,-0.063033,0.22499,18.927,-2.735,1.6429
0.84809,-0.47596,-0.063843,0.22391,18.922,-2.7671,1.6278
0.84763,-0.47717,-0.064653,0.22284,18.917,-2.7992,1.6125
0.84716,-0.47838,-0.065463,0.22176,18.912,-2.8312,1.5968
0.84669,-0.4796,-0.066273,0.22069,18.908,-2.8631,1.5809
0.84622,-0.48081,-0.067082,0.21961,18.905,-2.8949,1.5648
0.84575,-0.48201,-0.067892,0.21853,18.903,-2.9266,1.5486
0.84528,-0.48322,-0.068701,0.21745,18.901,-2.9582,1.5322
0.8448,-0.48443,-0.069509,0.21638,18.9,-2.9897,1.5158
0.84431,-0.48563,-0.070318,0.2153,18.9,-3.0212,1.4993
0.84383,-0.48683,-0.071126,0.21422,18.9,-3.0525,1.4828
0.84334,-0.48803,-0.071934,0.21313,18.901,-3.0837,1.4663
0.84285,-0.48923,-0.072742,0.21205,18.903,-3.1148,1.45
0.84236,-0.49043,-0.073549,0.21097,18.906,-3.1458,1.4337
0.84186,-0.49162,-0.074356,0.20989,18.909,-3.1767,1.4176
0.84136,-0.49281,-0.075163,0.2088,18.913,-3.2075,1.4018
0.84086,-0.494,-0.07597,0.20772,18.917,-3.2382,1.3861
0.84035,-0.49519,-0.076777,0.20663,18.922,-3.2687,1.3708
0.83984,-0.49638,-0.077583,0.20554,18.928,-3.2991,1.3558
0.83933,-0.49757,-0.078389,0.20446,18.935,-3.3293,1.3411
0.83882,-0.49875,-0.079194,0.20337,18.942,-3.3595,1.3269
0.8383,-0.49994,-0.08,0.20228,18.949,-3.3895,1.3131
0.83778,-0.50112,-0.080805,0.20119,18.958,-3.4193,1.2997
0.83726,-0.5023,-0.081609,0.2001,18.967,-3.4491,1.2868
0.83673,-0.50347,-0.082414,0.19901,18.977,-3.4786,1.2745
0.8362,-0.50465,-0.083218,0.19792,18.987,-3.5081,1.2628
0.83567,-0.50582,-0.084022,0.19683,18.998,-3.5373,1.2516
