0.61237,0.35355,0.35355,0.61237,-5,30,0,0
0.61316,0.3529,0.35311,0.61222,-4.76,29.999,0.090006,0.05
0.61309,0.35417,0.3548,0.61058,-4.5599,30,-0.054076,0.1
0.61533,0.35058,0.35102,0.61257,-4.3599,29.994,0.33798,0.15
0.61505,0.35204,0.3528,0.611,-4.1593,29.994,0.2063,0.2
0.61453,0.34954,0.35428,0.61209,-3.9608,29.989,0.30119,0.25
0.61686,0.34833,0.35123,0.61219,-3.7598,29.981,0.54887,0.3
0.61605,0.3514,0.35334,0.61004,-3.5596,29.98,0.31082,0.35
0.61812,0.35031,0.35071,0.6101,-3.358,29.971,0.55874,0.4
0.61832,0.34662,0.35113,0.61176,-3.1616,29.959,0.72201,0.45
0.61866,0.3451,0.35115,0.61226,-2.9632,29.949,0.7977,0.5
0.61967,0.34554,0.35064,0.61128,-2.7626,29.94,0.84051,0.55
0.61939,0.34498,0.35147,0.61141,-2.5656,29.931,0.84788,0.6
0.62148,0.34609,0.34885,0.61015,-2.3609,29.917,0.97717,0.65
0.62209,0.34541,0.34848,0.61013,-2.1613,29.904,1.0494,0.7
0.62093,0.34214,0.35166,0.61133,-1.9738,29.89,1.093,0.75
0.62165,0.34152,0.35117,0.61122,-1.7752,29.875,1.1676,0.8
0.62274,0.34193,0.34979,0.61068,-1.5754,29.859,1.2424,0.85
0.62353,0.34144,0.34927,0.61044,-1.3787,29.843,1.308,0.9
0.62322,0.34035,0.34989,0.61101,-1.1842,29.822,1.4003,0.95
0.62412,0.34006,0.34929,0.6106,-0.9871,29.804,1.4658,1
0.62513,0.33888,0.34836,0.61075,-0.79047,29.783,1.5536,1.05
0.62558,0.33874,0.34831,0.6104,-0.59471,29.764,1.6044,1.1
0.62633,0.33738,0.34863,0.61019,-0.39634,29.74,1.6912,1.15
0.62643,0.33706,0.34835,0.61043,-0.2024,29.717,1.7542,1.2
0.62725,0.33633,0.34815,0.61011,-0.0080226,29.693,1.8282,1.25
0.62786,0.33564,0.34764,0.61016,0.18542,29.668,1.8982,1.3
0.62879,0.33462,0.3469,0.61018,0.3783,29.642,1.9699,1.35
0.62934,0.33379,0.34694,0.61003,0.57039,29.616,2.0334,1.4
0.6295,0.33363,0.3466,0.61015,0.76336,29.586,2.1124,1.45
0.63036,0.33232,0.34639,0.6101,0.95509,29.557,2.1824,1.5
0.63141,0.3315,0.34578,0.60981,1.147,29.526,2.257,1.55
0.63148,0.33208,0.34562,0.60951,1.3409,29.496,2.3159,1.6
0.63246,0.33057,0.34543,0.60943,1.5303,29.465,2.3758,1.65
0.63265,0.3303,0.34548,0.60934,1.7186,29.432,2.4398,1.7
0.63325,0.32937,0.34488,0.60956,1.9066,29.399,2.5021,1.75
0.63417,0.32861,0.34439,0.60929,2.0942,29.364,2.568,1.8
0.63421,0.328,0.34459,0.60946,2.2813,29.328,2.6352,1.85
0.63496,0.32724,0.34415,0.60934,2.4671,29.292,2.6955,1.9
0.63568,0.32672,0.34429,0.60879,2.6515,29.254,2.7554,1.95
0.63602,0.32609,0.34403,0.60892,2.8358,29.217,2.813,2
0.63679,0.32461,0.34336,0.60929,3.0237,29.176,2.8797,2.05
0.63689,0.32445,0.34309,0.60941,3.207,29.135,2.9447,2.1
0.63762,0.32398,0.34346,0.6087,3.3898,29.094,3.0067,2.15
0.63806,0.32334,0.34264,0.60904,3.571,29.053,3.0617,2.2
0.63882,0.3225,0.34207,0.60901,3.7512,29.011,3.1188,2.25
0.63943,0.32208,0.34217,0.60853,3.9304,28.966,3.1782,2.3
0.63957,0.32124,0.3419,0.60898,4.1097,28.922,3.2352,2.35
0.64086,0.31999,0.3418,0.60834,4.2874,28.874,3.2986,2.4
0.64148,0.31939,0.34145,0.6082,4.4649,28.829,3.3513,2.45
0.64185,0.31918,0.34143,0.60794,4.6447,28.78,3.4086,2.5
0.64218,0.31819,0.34074,0.60849,4.8193,28.731,3.4628,2.55
0.64289,0.31771,0.34029,0.60824,4.9946,28.682,3.5193,2.6
0.64362,0.3172,0.34009,0.60784,5.167,28.631,3.5718,2.65
0.64388,0.31626,0.33992,0.60816,5.3389,28.582,3.6204,2.7
0.64463,0.31578,0.34034,0.60737,5.5088,28.531,3.6665,2.75
0.64508,0.31493,0.3391,0.60803,5.6794,28.477,3.7211,2.8
0.64577,0.31442,0.33901,0.60761,5.8504,28.423,3.7749,2.85
0.64689,0.31336,0.33841,0.60731,6.0177,28.368,3.8235,2.9
0.64679,0.31311,0.33875,0.60735,6.1887,28.313,3.8689,2.95
0.64736,0.31239,0.33847,0.60727,6.3534,28.258,3.912,3
0.64795,0.31132,0.33855,0.60715,6.5178,28.201,3.9595,3.05
0.64843,0.31091,0.33779,0.60726,6.6813,28.143,4.0045,3.1
0.6491,0.31014,0.33736,0.60718,6.843,28.084,4.0481,3.15
0.65023,0.30936,0.33709,0.60653,7.0039,28.025,4.0924,3.2
0.65041,0.3089,0.33695,0.60664,7.1639,27.963,4.1374,3.25
0.65046,0.30819,0.33713,0.60684,7.3226,27.903,4.1783,3.3
0.65104,0.30766,0.33663,0.60677,7.4813,27.841,4.2196,3.35
0.65158,0.30641,0.33624,0.60704,7.6399,27.777,4.2575,3.4
0.65245,0.30656,0.33589,0.60623,7.7954,27.715,4.2952,3.45
0.653,0.3052,0.33565,0.60645,7.9489,27.651,4.3327,3.5
0.65344,0.30482,0.33561,0.60619,8.1014,27.585,4.3703,3.55
0.65429,0.30414,0.33526,0.60581,8.252,27.522,4.4034,3.6
0.65464,0.30343,0.33457,0.60617,8.401,27.455,4.4387,3.65
0.65538,0.30247,0.33406,0.60613,8.5493,27.389,4.4719,3.7
0.65565,0.30215,0.33379,0.60615,8.6974,27.321,4.5049,3.75
0.65605,0.30135,0.33373,0.60615,8.8424,27.253,4.5351,3.8
0.65696,0.30075,0.33348,0.6056,8.989,27.18,4.5686,3.85
0.65699,0.29978,0.33321,0.60619,9.1326,27.112,4.5959,3.9
0.65747,0.29909,0.33369,0.60574,9.2732,27.041,4.6246,3.95
0.65865,0.2983,0.33341,0.60501,9.4135,26.97,4.653,4
0.65907,0.29762,0.33286,0.6052,9.5525,26.897,4.6806,4.05
0.65952,0.29722,0.33239,0.60515,9.6897,26.823,4.7064,4.1
0.65991,0.29672,0.33243,0.60495,9.8269,26.751,4.7318,4.15
0.6607,0.29583,0.33173,0.6049,9.9603,26.677,4.7525,4.2
0.66129,0.29531,0.33143,0.60468,10.093,26.602,4.7747,4.25
0.66131,0.29439,0.33187,0.60486,10.227,26.522,4.798,4.3
0.66237,0.29308,0.33133,0.60464,10.357,26.448,4.816,4.35
0.66252,0.29265,0.33086,0.60494,10.486,26.37,4.8349,4.4
0.66302,0.29297,0.33112,0.6041,10.612,26.293,4.8532,4.45
0.6639,0.29147,0.33095,0.60395,10.738,26.216,4.8703,4.5
0.66468,0.29058,0.33057,0.60373,10.862,26.136,4.8866,4.55
0.66495,0.2908,0.33006,0.60361,10.984,26.054,4.9024,4.6
0.6661,0.28908,0.32965,0.60338,11.106,25.976,4.9133,4.65
0.66583,0.2887,0.32897,0.60424,11.224,25.895,4.9274,4.7
0.66691,0.28826,0.32987,0.60277,11.343,25.813,4.9391,4.75
0.66683,0.28787,0.33001,0.60296,11.46,25.732,4.9477,4.8
0.66716,0.28636,0.32885,0.60395,11.574,25.65,4.9579,4.85
0.66817,0.28658,0.32921,0.60253,11.685,25.567,4.9683,4.9
0.66864,0.28574,0.32825,0.60292,11.796,25.484,4.9748,4.95
0.66915,0.28554,0.32814,0.60252,11.905,25.402,4.9805,5
0.66967,0.28468,0.32804,0.6024,12.011,25.316,4.987,5.05
0.67059,0.28302,0.3274,0.60251,12.116,25.231,4.9905,5.1
0.67141,0.28237,0.32708,0.60208,12.221,25.146,4.9918,5.15
0.67146,0.28231,0.32684,0.60218,12.327,25.059,4.9907,5.2
0.67148,0.2814,0.32687,0.60257,12.427,24.972,4.9933,5.25
0.67268,0.28064,0.32647,0.6018,12.526,24.884,4.9919,5.3
0.673,0.27915,0.32609,0.60234,12.623,24.796,4.9892,5.35
0.67377,0.27878,0.32619,0.6016,12.718,24.708,4.9886,5.4
0.6744,0.27772,0.32564,0.60167,12.811,24.62,4.9847,5.45
0.6749,0.27627,0.32554,0.60184,12.903,24.533,4.9784,5.5
0.67499,0.27654,0.32569,0.60153,12.992,24.441,4.9724,5.55
0.67613,0.27594,0.32366,0.60163,13.081,24.352,4.9651,5.6
0.67676,0.27559,0.32422,0.60077,13.17,24.26,4.956,5.65
0.67685,0.27512,0.32385,0.60108,13.255,24.169,4.9456,5.7
0.6774,0.27448,0.32354,0.60092,13.339,24.08,4.9349,5.75
0.67731,0.27436,0.32276,0.60151,13.418,23.986,4.9219,5.8
0.67844,0.27275,0.32315,0.60075,13.498,23.895,4.9094,5.85
0.67932,0.27132,0.32251,0.60075,13.575,23.802,4.8933,5.9
0.67946,0.27063,0.32268,0.60081,13.649,23.709,4.8819,5.95
0.68008,0.27066,0.32191,0.6005,13.723,23.616,4.8631,6
0.6802,0.2693,0.32236,0.60074,13.794,23.524,4.8466,6.05
0.68086,0.26886,0.32195,0.60041,13.866,23.429,4.8302,6.1
0.68107,0.26806,0.32202,0.60049,13.934,23.333,4.808,6.15
0.68197,0.26765,0.32194,0.59969,14,23.239,4.7859,6.2
0.68221,0.26732,0.32106,0.60005,14.065,23.145,4.7646,6.25
0.68325,0.26616,0.32127,0.59926,14.128,23.049,4.7411,6.3
0.68324,0.26531,0.32082,0.59989,14.188,22.954,4.7174,6.35
0.68446,0.26469,0.31944,0.59951,14.246,22.86,4.6941,6.4
0.68484,0.26398,0.31976,0.59922,14.302,22.763,4.6665,6.45
0.68547,0.26287,0.32016,0.59878,14.356,22.666,4.6389,6.5
0.68593,0.26188,0.31952,0.59902,14.412,22.567,4.6109,6.55
0.68671,0.26163,0.31825,0.59892,14.463,22.471,4.5811,6.6
0.68655,0.26117,0.31866,0.59907,14.511,22.372,4.5507,6.65
0.68707,0.2604,0.31864,0.59883,14.558,22.276,4.5203,6.7
0.68787,0.25943,0.31796,0.5987,14.603,22.178,4.4883,6.75
0.68865,0.25865,0.31745,0.5984,14.646,22.081,4.4549,6.8
0.68881,0.25796,0.31774,0.59836,14.687,21.984,4.4219,6.85
0.68897,0.25741,0.31713,0.59874,14.726,21.886,4.3876,6.9
0.68894,0.2571,0.31751,0.5987,14.764,21.789,4.3498,6.95
0.69031,0.25569,0.31649,0.59827,14.801,21.687,4.3098,7
0.69019,0.25542,0.31688,0.59832,14.832,21.587,4.2717,7.05
0.69172,0.25372,0.31661,0.59742,14.863,21.488,4.2345,7.1
0.6916,0.25373,0.31657,0.59758,14.892,21.389,4.1928,7.15
0.69229,0.25337,0.3158,0.59734,14.92,21.291,4.1499,7.2
0.69269,0.25259,0.31573,0.59724,14.944,21.191,4.1077,7.25
0.69346,0.25207,0.31499,0.59695,14.968,21.092,4.0655,7.3
0.69416,0.25095,0.31488,0.59668,14.989,20.992,4.022,7.35
0.69463,0.24976,0.31479,0.59668,15.009,20.893,3.9757,7.4
0.69503,0.2491,0.31486,0.59645,15.028,20.791,3.9296,7.45
0.69503,0.24888,0.31426,0.59686,15.043,20.693,3.886,7.5
0.69562,0.24808,0.3131,0.59711,15.056,20.591,3.8368,7.55
0.69647,0.24739,0.31369,0.5961,15.067,20.491,3.7885,7.6
0.69696,0.24691,0.31316,0.596,15.076,20.392,3.7409,7.65
0.69783,0.2459,0.31238,0.5958,15.084,20.292,3.6879,7.7
0.69792,0.24496,0.31202,0.59627,15.089,20.192,3.6373,7.75
0.69853,0.24463,0.31195,0.59573,15.093,20.092,3.5849,7.8
0.69884,0.2442,0.31156,0.59575,15.094,19.993,3.5322,7.85
0.69956,0.24364,0.31114,0.59535,15.095,19.89,3.4803,7.9
0.69993,0.24244,0.31072,0.59563,15.091,19.789,3.425,7.95
0.69999,0.24152,0.31002,0.5963,15.088,19.69,3.3705,8
0.7007,0.24113,0.3102,0.59553,15.081,19.589,3.3159,8.05
0.70117,0.24004,0.31073,0.59514,15.072,19.49,3.2583,8.1
0.70257,0.23922,0.30974,0.59433,15.06,19.389,3.201,8.15
0.70297,0.23806,0.30913,0.59464,15.048,19.29,3.1436,8.2
0.70308,0.23769,0.30912,0.59467,15.033,19.19,3.0858,8.25
0.70335,0.23792,0.30893,0.59435,15.016,19.089,3.025,8.3
0.70335,0.23675,0.30934,0.59461,15.001,18.989,2.9649,8.35
0.70423,0.23562,0.3092,0.59409,14.979,18.888,2.9059,8.4
0.70471,0.2353,0.30851,0.59401,14.955,18.789,2.8459,8.45
0.70553,0.23394,0.30858,0.59353,14.931,18.691,2.7843,8.5
0.70607,0.23347,0.30771,0.59353,14.904,18.591,2.7194,8.55
0.70634,0.23272,0.30797,0.59336,14.876,18.493,2.6579,8.6
0.707,0.23257,0.30695,0.59316,14.845,18.394,2.5951,8.65
0.70727,0.23121,0.30687,0.59342,14.811,18.294,2.5293,8.7
0.70787,0.23044,0.30664,0.59312,14.776,18.197,2.4657,8.75
0.70786,0.23025,0.30664,0.5932,14.741,18.095,2.3988,8.8
0.70929,0.22916,0.30595,0.59227,14.703,17.997,2.331,8.85
0.70884,0.22864,0.30681,0.59257,14.662,17.899,2.2657,8.9
0.70969,0.22808,0.30617,0.5921,14.62,17.802,2.2001,8.95
0.71017,0.22636,0.30522,0.59267,14.576,17.705,2.1312,9
0.71099,0.2265,0.30482,0.59184,14.529,17.608,2.0639,9.05
0.71094,0.22561,0.30486,0.59221,14.479,17.51,1.9961,9.1
0.71146,0.22438,0.30399,0.59251,14.429,17.413,1.9272,9.15
0.71246,0.22445,0.30301,0.59179,14.377,17.317,1.8561,9.2
0.71277,0.22401,0.30318,0.59149,14.326,17.219,1.7873,9.25
0.71362,0.22262,0.30291,0.59113,14.27,17.122,1.7159,9.3
0.71329,0.22273,0.3032,0.59133,14.211,17.026,1.6466,9.35
0.71429,0.22098,0.30274,0.59102,14.152,16.932,1.575,9.4
0.71449,0.22079,0.30224,0.5911,14.089,16.835,1.5025,9.45
0.71511,0.22036,0.30184,0.59072,14.026,16.742,1.4308,9.5
0.71537,0.21942,0.30182,0.59076,13.961,16.648,1.3618,9.55
0.71648,0.21812,0.30122,0.59021,13.892,16.553,1.2896,9.6
0.71638,0.21709,0.30124,0.5907,13.822,16.458,1.214,9.65
0.7167,0.21741,0.30129,0.59017,13.755,16.365,1.1436,9.7
0.7178,0.21624,0.30092,0.58945,13.68,16.271,1.0697,9.75
0.71784,0.21611,0.29974,0.59005,13.606,16.178,0.9972,9.8
0.71844,0.21542,0.30048,0.5892,13.528,16.085,0.92297,9.85
0.71892,0.21424,0.29988,0.58934,13.451,15.995,0.84927,9.9
0.71947,0.21331,0.2989,0.58951,13.37,15.903,0.77409,9.95
0.71983,0.21282,0.2992,0.5891,13.288,15.813,0.70161,10
0.71994,0.21237,0.29907,0.58918,13.202,15.72,0.62621,10.05
0.72113,0.2107,0.2988,0.58847,13.116,15.629,0.55191,10.1
0.72105,0.211,0.29864,0.58853,13.031,15.538,0.47791,10.15
0.72162,0.21011,0.29796,0.5885,12.941,15.449,0.40262,10.2
0.72191,0.20992,0.29727,0.58856,12.85,15.36,0.32853,10.25
0.72235,0.20792,0.29685,0.58895,12.758,15.272,0.25264,10.3
0.72288,0.2076,0.29713,0.58827,12.662,15.184,0.17942,10.35
0.72372,0.20675,0.29648,0.58786,12.564,15.095,0.10328,10.4
0.72434,0.20657,0.29598,0.58742,12.466,15.009,0.029042,10.45
0.72477,0.20556,0.29601,0.58723,12.365,14.922,-0.047551,10.5
0.72482,0.20528,0.29625,0.58713,12.263,14.836,-0.12086,10.55
0.72502,0.20356,0.29552,0.58786,12.161,14.749,-0.1971,10.6
0.72537,0.20311,0.29561,0.58754,12.057,14.665,-0.27075,10.65
0.72586,0.20238,0.29543,0.58727,11.95,14.581,-0.34446,10.7
0.72658,0.20222,0.29499,0.58667,11.841,14.496,-0.42148,10.75
0.72714,0.20008,0.29419,0.58709,11.731,14.413,-0.4963,10.8
0.72731,0.19997,0.29406,0.58699,11.618,14.329,-0.57194,10.85
0.72816,0.19979,0.29411,0.58597,11.505,14.247,-0.64499,10.9
0.72876,0.19962,0.29279,0.58596,11.389,14.165,-0.7191,10.95
0.72929,0.19819,0.29322,0.58556,11.272,14.084,-0.7929,11
0.72977,0.19665,0.29264,0.58577,11.157,14.004,-0.86595,11.05
0.72983,0.19718,0.29206,0.5858,11.037,13.924,-0.93895,11.1
0.73061,0.19609,0.29162,0.58542,10.915,13.845,-1.0132,11.15
0.73157,0.19583,0.29123,0.5845,10.79,13.766,-1.0874,11.2
0.73103,0.19548,0.29122,0.5853,10.666,13.688,-1.1589,11.25
0.73218,0.19431,0.29175,0.58399,10.538,13.609,-1.2328,11.3
0.7323,0.1927,0.29139,0.58454,10.411,13.533,-1.3061,11.35
0.73303,0.19216,0.2904,0.58431,10.281,13.456,-1.3783,11.4
0.73305,0.19185,0.29008,0.58454,10.149,13.38,-1.4504,11.45
0.73393,0.1913,0.28918,0.58406,10.019,13.305,-1.5213,11.5
0.73456,0.18964,0.28988,0.58345,9.8861,13.232,-1.5929,11.55
0.7342,0.19012,0.29019,0.58359,9.7504,13.158,-1.6656,11.6
0.73513,0.18842,0.28958,0.58328,9.6125,13.085,-1.735,11.65
0.73548,0.18713,0.2888,0.58365,9.4745,13.013,-1.8041,11.7
0.73578,0.18693,0.28902,0.58322,9.3337,12.941,-1.8743,11.75
0.73623,0.18646,0.28765,0.58348,9.1923,12.87,-1.9435,11.8
0.737,0.18555,0.28802,0.58262,9.0499,12.8,-2.0132,11.85
0.73726,0.18502,0.28796,0.58249,8.9066,12.732,-2.0818,11.9
0.73791,0.18399,0.28719,0.58237,8.7626,12.662,-2.1486,11.95
0.73869,0.18345,0.28626,0.58202,8.6151,12.594,-2.2158,12
0.73899,0.18325,0.28659,0.58153,8.4663,12.526,-2.2829,12.05
0.73943,0.18232,0.28734,0.58089,8.316,12.46,-2.3502,12.1
0.73893,0.18207,0.28599,0.58228,8.1656,12.395,-2.4156,12.15
0.73956,0.18059,0.28529,0.58228,8.0134,12.33,-2.4805,12.2
0.74062,0.17991,0.28516,0.5812,7.8605,12.267,-2.5444,12.25
0.74058,0.17972,0.28568,0.58106,7.7051,12.203,-2.6099,12.3
0.74179,0.1785,0.28465,0.5804,7.5503,12.141,-2.6736,12.35
0.74142,0.17767,0.28452,0.58118,7.3936,12.078,-2.7367,12.4
0.74177,0.17799,0.28434,0.58073,7.2359,12.018,-2.7989,12.45
0.74245,0.1767,0.28311,0.58086,7.0747,11.957,-2.8622,12.5
0.74273,0.1751,0.28348,0.5808,6.9141,11.898,-2.9229,12.55
0.74363,0.17442,0.28339,0.57991,6.7515,11.839,-2.983,12.6
0.74457,0.17376,0.28362,0.57878,6.5885,11.782,-3.0437,12.65
0.74427,0.17318,0.28291,0.57968,6.4241,11.725,-3.1023,12.7
0.74557,0.17237,0.28172,0.57883,6.2585,11.669,-3.1623,12.75
0.74545,0.17234,0.28162,0.57904,6.0918,11.614,-3.2197,12.8
0.74579,0.17147,0.28146,0.57894,5.9257,11.556,-3.2744,12.85
0.74608,0.17045,0.28147,0.57887,5.7582,11.504,-3.3309,12.9
0.74633,0.16935,0.28186,0.57868,5.5882,11.452,-3.3862,12.95
0.7469,0.16883,0.28082,0.5786,5.4166,11.399,-3.4413,13
0.74754,0.16828,0.28041,0.57813,5.2455,11.349,-3.4961,13.05
0.74798,0.16699,0.28041,0.57793,5.0725,11.3,-3.5502,13.1
0.74939,0.16648,0.27953,0.57669,4.8983,11.25,-3.6012,13.15
0.74878,0.16656,0.27971,0.57736,4.7232,11.202,-3.6538,13.2
0.7494,0.16526,0.28,0.5768,4.5472,11.154,-3.7049,13.25
0.74955,0.16492,0.27931,0.57703,4.3729,11.106,-3.7544,13.3
0.7501,0.16466,0.27885,0.57661,4.196,11.061,-3.8027,13.35
0.7511,0.16392,0.27741,0.57622,4.0168,11.016,-3.852,13.4
0.75151,0.16284,0.27834,0.57553,3.8364,10.972,-3.8989,13.45
0.75162,0.16169,0.27721,0.57626,3.6557,10.929,-3.9462,13.5
0.75179,0.16107,0.27685,0.57638,3.475,10.887,-3.9905,13.55
0.75178,0.15983,0.27678,0.57678,3.2929,10.846,-4.0354,13.6
0.75241,0.15928,0.27653,0.57623,3.1099,10.806,-4.08,13.65
0.75301,0.15804,0.27622,0.57594,2.9261,10.767,-4.1222,13.7
0.75345,0.15759,0.27604,0.57557,2.7444,10.727,-4.1639,13.75
0.75419,0.15795,0.27539,0.57481,2.559,10.69,-4.2055,13.8
0.75424,0.15625,0.27618,0.57483,2.3726,10.654,-4.2472,13.85
0.75438,0.15597,0.2754,0.5751,2.1854,10.618,-4.2874,13.9
0.75498,0.1551,0.27376,0.57532,1.998,10.584,-4.3245,13.95
0.75515,0.15432,0.27399,0.57521,1.8098,10.55,-4.3618,14
0.75591,0.15376,0.27416,0.57428,1.621,10.518,-4.3979,14.05
0.75626,0.1527,0.27383,0.57426,1.4319,10.486,-4.4339,14.1
0.75661,0.15191,0.27352,0.57416,1.2419,10.455,-4.4683,14.15
0.75697,0.1512,0.27322,0.57402,1.0537,10.424,-4.5017,14.2
0.75733,0.15035,0.27277,0.57397,0.86251,10.395,-4.534,14.25
0.75764,0.14963,0.27253,0.57386,0.67073,10.367,-4.5653,14.3
0.75809,0.14884,0.2722,0.57364,0.47839,10.341,-4.5956,14.35
0.75853,0.14804,0.27185,0.57342,0.2855,10.315,-4.6248,14.4
0.75891,0.14729,0.27144,0.57331,0.09209,10.29,-4.653,14.45
0.75938,0.14645,0.27098,0.57311,-0.10182,10.266,-4.6801,14.5
0.7598,0.1458,0.27043,0.57299,-0.29622,10.243,-4.7062,14.55
0.7601,0.1451,0.27034,0.5728,-0.49108,10.221,-4.7312,14.6
0.76043,0.14445,0.26997,0.57271,-0.68408,10.199,-4.7552,14.65
0.76086,0.14381,0.26949,0.57253,-0.87979,10.179,-4.778,14.7
0.76142,0.14311,0.26912,0.57213,-1.0759,10.16,-4.7998,14.75
0.7617,0.14249,0.26879,0.57206,-1.2711,10.141,-4.8205,14.8
0.7622,0.14171,0.26844,0.57176,-1.4679,10.124,-4.8401,14.85
0.76249,0.14103,0.26827,0.57162,-1.6651,10.108,-4.8586,14.9
0.76292,0.14029,0.26798,0.57136,-1.8625,10.093,-4.876,14.95
0.76323,0.13957,0.26765,0.57128,-2.0602,10.078,-4.8923,15
0.76364,0.13879,0.26741,0.57103,-2.2582,10.065,-4.9075,15.05
0.76406,0.13814,0.26718,0.57074,-2.4542,10.052,-4.9216,15.1
0.76447,0.13736,0.26687,0.57052,-2.6527,10.041,-4.9346,15.15
0.76482,0.13681,0.26673,0.57025,-2.8514,10.031,-4.9464,15.2
0.76519,0.13597,0.26637,0.57013,-3.0492,10.022,-4.9572,15.25
0.7656,0.13522,0.26604,0.56991,-3.2483,10.013,-4.9669,15.3
0.76593,0.13453,0.26578,0.56975,-3.4476,10.006,-4.9754,15.35
0.7663,0.13373,0.2654,0.56962,-3.647,9.9998,-4.9828,15.4
0.76679,0.13278,0.26482,0.56945,-3.8466,9.9945,-4.9891,15.45
0.76734,0.13202,0.26456,0.56901,-4.0462,9.9902,-4.9942,15.5
0.76765,0.13118,0.26419,0.56896,-4.2437,9.9871,-4.9983,15.55
0.76806,0.13029,0.26385,0.56876,-4.4435,9.9849,-5.0012,15.6
0.76856,0.12953,0.26361,0.56837,-4.6434,9.9836,-5.0029,15.65
0.76877,0.12878,0.26336,0.56838,-4.8422,9.9834,-5.0036,15.7
0.76915,0.12798,0.26284,0.56829,-5.0421,9.9841,-5.003,15.75
0.76949,0.12745,0.26259,0.56805,-5.2421,9.9857,-5.0014,15.8
0.76981,0.12661,0.26226,0.56796,-5.4421,9.9883,-4.9986,15.85
0.7703,0.12582,0.26185,0.56766,-5.642,9.9919,-4.9946,15.9
0.77066,0.12503,0.26162,0.56746,-5.8418,9.9965,-4.9896,15.95
0.77092,0.1244,0.26126,0.56741,-6.0392,10.003,-4.9835,16
0.77124,0.12371,0.26099,0.56724,-6.2389,10.009,-4.9762,16.05
0.77178,0.12289,0.26056,0.56689,-6.4384,10.017,-4.9678,16.1
0.77205,0.1222,0.26036,0.56676,-6.6366,10.025,-4.9583,16.15
0.77244,0.12146,0.26007,0.56652,-6.8359,10.035,-4.9476,16.2
0.77287,0.12075,0.25964,0.56628,-7.0348,10.045,-4.9359,16.25
0.77328,0.12016,0.2592,0.56606,-7.2336,10.057,-4.923,16.3
0.77364,0.11943,0.25897,0.56582,-7.4321,10.069,-4.9091,16.35
0.77413,0.11858,0.25861,0.5655,-7.6304,10.082,-4.894,16.4
0.77451,0.11822,0.25821,0.56523,-7.8262,10.098,-4.8778,16.45
0.77482,0.11744,0.25789,0.56511,-8.0239,10.113,-4.8606,16.5
0.77519,0.11667,0.25751,0.56493,-8.2213,10.129,-4.8422,16.55
0.77543,0.11589,0.25728,0.56488,-8.4172,10.147,-4.8228,16.6
0.77574,0.11529,0.25706,0.56467,-8.614,10.165,-4.8023,16.65
0.7761,0.11451,0.25676,0.56447,-8.8103,10.184,-4.7807,16.7
0.77649,0.11379,0.25636,0.56426,-9.0064,10.204,-4.7581,16.75
0.77691,0.11286,0.25594,0.56407,-9.202,10.225,-4.7343,16.8
0.77731,0.11216,0.25559,0.56381,-9.3972,10.247,-4.7095,16.85
0.77774,0.11139,0.25519,0.56355,-9.5897,10.271,-4.6837,16.9
0.77805,0.11063,0.2549,0.56341,-9.784,10.295,-4.6568,16.95
0.77846,0.10989,0.25467,0.56309,-9.9778,10.32,-4.6288,17
0.77872,0.109,0.25444,0.563,-10.17,10.346,-4.5998,17.05
0.77907,0.1081,0.25411,0.56284,-10.363,10.373,-4.5698,17.1
0.77934,0.10725,0.2538,0.56278,-10.555,10.4,-4.5387,17.15
0.7798,0.10661,0.25325,0.56251,-10.747,10.429,-4.5066,17.2
0.78014,0.10595,0.25295,0.56229,-10.939,10.458,-4.4735,17.25
0.78055,0.10535,0.25263,0.56198,-11.129,10.488,-4.4394,17.3
0.7808,0.10476,0.25224,0.56192,-11.317,10.521,-4.4043,17.35
0.78116,0.10417,0.25204,0.56161,-11.507,10.552,-4.3682,17.4
0.78155,0.10337,0.25178,0.56133,-11.696,10.585,-4.3311,17.45
0.78176,0.10275,0.25175,0.56117,-11.883,10.62,-4.293,17.5
0.78205,0.10207,0.2514,0.56104,-12.07,10.654,-4.254,17.55
0.78238,0.10119,0.25106,0.5609,-12.257,10.689,-4.214,17.6
0.78271,0.10026,0.25066,0.56079,-12.444,10.726,-4.1731,17.65
0.78317,0.099673,0.25019,0.56046,-12.629,10.763,-4.1312,17.7
0.78352,0.099042,0.24968,0.5603,-12.814,10.8,-4.0884,17.75
0.78394,0.09819,0.24947,0.55996,-12.996,10.841,-4.0447,17.8
0.78432,0.097274,0.24905,0.55978,-13.179,10.881,-4,17.85
0.78458,0.096581,0.24888,0.55961,-13.362,10.921,-3.9544,17.9
0.78493,0.095792,0.24853,0.55942,-13.542,10.963,-3.9079,17.95
0.78525,0.09504,0.2482,0.55924,-13.723,11.005,-3.8606,18
0.78567,0.094225,0.24784,0.55894,-13.904,11.047,-3.8124,18.05
0.786,0.093446,0.24751,0.55876,-14.083,11.09,-3.7633,18.1
0.78637,0.09255,0.24722,0.55852,-14.261,11.134,-3.7134,18.15
0.78673,0.091855,0.24695,0.55824,-14.439,11.179,-3.6626,18.2
0.78704,0.09122,0.2466,0.55806,-14.613,11.227,-3.611,18.25
0.78736,0.090449,0.24639,0.55783,-14.789,11.273,-3.5586,18.3
0.78771,0.089611,0.2461,0.5576,-14.964,11.319,-3.5054,18.35
0.78809,0.089024,0.24568,0.55734,-15.137,11.368,-3.4514,18.4
0.7884,0.088303,0.24534,0.55717,-15.31,11.416,-3.3966,18.45
0.78861,0.087518,0.24503,0.55713,-15.482,11.465,-3.341,18.5
0.78901,0.086717,0.24466,0.55685,-15.653,11.514,-3.2847,18.55
0.78939,0.085828,0.24441,0.55656,-15.824,11.564,-3.2277,18.6
0.78968,0.085056,0.24395,0.55648,-15.993,11.614,-3.1699,18.65
0.79,0.084315,0.24353,0.55631,-16.158,11.669,-3.1114,18.7
0.79042,0.083561,0.24308,0.55603,-16.325,11.72,-3.0522,18.75
0.79067,0.082791,0.24275,0.55593,-16.491,11.772,-2.9923,18.8
0.79094,0.082158,0.24242,0.55579,-16.655,11.827,-2.9317,18.85
0.79136,0.081187,0.24194,0.55553,-16.819,11.88,-2.8705,18.9
0.7917,0.080435,0.24166,0.55528,-16.982,11.934,-2.8086,18.95
0.7921,0.079649,0.24133,0.55497,-17.144,11.988,-2.746,19
0.79252,0.078954,0.2409,0.55466,-17.304,12.042,-2.6828,19.05
0.79291,0.07824,0.24061,0.55432,-17.464,12.097,-2.619,19.1
0.79318,0.077529,0.2403,0.55417,-17.62,12.156,-2.5546,19.15
0.79356,0.076827,0.2399,0.55391,-17.777,12.212,-2.4896,19.2
0.79394,0.076126,0.23959,0.55358,-17.933,12.268,-2.424,19.25
0.79419,0.075174,0.23902,0.55361,-18.086,12.327,-2.3578,19.3
0.79455,0.074294,0.23858,0.55341,-18.24,12.384,-2.2911,19.35
0.79484,0.073446,0.23832,0.55321,-18.392,12.441,-2.2238,19.4
0.79512,0.072607,0.23796,0.55307,-18.544,12.499,-2.156,19.45
0.79537,0.071901,0.23776,0.55289,-18.694,12.557,-2.0877,19.5
0.79574,0.070906,0.23759,0.55255,-18.842,12.615,-2.0189,19.55
0.79602,0.070078,0.23715,0.55244,-18.987,12.677,-1.9496,19.6
0.79642,0.069144,0.23673,0.55217,-19.133,12.736,-1.8799,19.65
0.79678,0.06853,0.23624,0.55194,-19.278,12.795,-1.8098,19.7
0.79707,0.067733,0.23583,0.5518,-19.42,12.856,-1.7392,19.75
0.79748,0.066911,0.23549,0.55145,-19.563,12.915,-1.6682,19.8
0.79776,0.066117,0.23532,0.55122,-19.704,12.975,-1.5968,19.85
0.79805,0.065448,0.23505,0.55099,-19.844,13.034,-1.5251,19.9
0.79839,0.064583,0.23477,0.55071,-19.983,13.094,-1.453,19.95
0.79866,0.063813,0.23466,0.55046,-20.12,13.154,-1.3805,20
0.79899,0.063009,0.23406,0.55033,-20.254,13.218,-1.3077,20.05
0.79934,0.061964,0.23347,0.55019,-20.388,13.278,-1.2346,20.1
0.79962,0.061156,0.23339,0.54991,-20.521,13.338,-1.1611,20.15
0.79995,0.060227,0.233,0.54969,-20.652,13.4,-1.0874,20.2
0.80021,0.059567,0.23274,0.54951,-20.783,13.46,-1.0133,20.25
0.80055,0.058881,0.23227,0.54927,-20.913,13.52,-0.93905,20.3
0.80085,0.05792,0.23204,0.54904,-21.041,13.581,-0.86452,20.35
0.80109,0.057071,0.23178,0.54888,-21.168,13.641,-0.78979,20.4
0.80144,0.056082,0.23123,0.5487,-21.294,13.701,-0.71484,20.45
0.80166,0.055133,0.23081,0.54866,-21.416,13.766,-0.63974,20.5
0.80194,0.05436,0.23039,0.54851,-21.539,13.826,-0.56442,20.55
0.80231,0.053729,0.22994,0.54821,-21.661,13.886,-0.48894,20.6
0.80258,0.052873,0.2296,0.54804,-21.78,13.948,-0.41333,20.65
0.80294,0.052041,0.22922,0.54776,-21.899,14.008,-0.33758,20.7
0.80313,0.051272,0.22901,0.54765,-22.017,14.067,-0.26174,20.75
0.80351,0.050595,0.2286,0.54731,-22.133,14.127,-0.18581,20.8
0.80381,0.049812,0.22828,0.54708,-22.248,14.186,-0.1098,20.85
0.80412,0.049074,0.22816,0.54674,-22.362,14.245,-0.033727,20.9
0.80432,0.048223,0.22804,0.54657,-22.471,14.309,0.042348,20.95
0.80465,0.047572,0.22759,0.54633,-22.582,14.368,0.11848,21
0.80486,0.046665,0.22729,0.54622,-22.691,14.426,0.19461,21.05
0.80512,0.045841,0.22696,0.54605,-22.798,14.487,0.27073,21.1
0.80548,0.044991,0.22659,0.54575,-22.904,14.545,0.34684,21.15
0.80584,0.044274,0.22626,0.54541,-23.01,14.603,0.42292,21.2
0.8061,0.043561,0.22601,0.54518,-23.114,14.66,0.49895,21.25
0.80632,0.042857,0.22557,0.5451,-23.216,14.717,0.5749,21.3
0.80652,0.041845,0.2252,0.54503,-23.317,14.774,0.65076,21.35
0.80684,0.04131,0.22479,0.54477,-23.414,14.836,0.72648,21.4
0.80723,0.040457,0.22442,0.54441,-23.512,14.893,0.80212,21.45
0.80745,0.039543,0.22418,0.54425,-23.609,14.949,0.87764,21.5
0.80771,0.038883,0.22391,0.54402,-23.702,15.008,0.95296,21.55
0.80794,0.038188,0.22353,0.54389,-23.796,15.063,1.0281,21.6
0.80825,0.037312,0.22312,0.54365,-23.888,15.119,1.1031,21.65
0.80858,0.03634,0.22281,0.54334,-23.979,15.174,1.1778,21.7
0.80886,0.035644,0.22262,0.54306,-24.068,15.228,1.2523,21.75
0.80909,0.034959,0.22227,0.54291,-24.156,15.283,1.3266,21.8
0.8093,0.034064,0.22194,0.54278,-24.239,15.342,1.4006,21.85
0.80963,0.033303,0.22148,0.54253,-24.323,15.396,1.4743,21.9
0.80993,0.032514,0.2212,0.54224,-24.407,15.45,1.5478,21.95
0.81012,0.03183,0.22094,0.54211,-24.486,15.506,1.6209,22
0.81037,0.031014,0.22088,0.54181,-24.566,15.559,1.6937,22.05
0.81061,0.030267,0.22053,0.54163,-24.645,15.612,1.7662,22.1
0.81094,0.029394,0.2201,0.54135,-24.722,15.664,1.8383,22.15
0.81135,0.028499,0.21982,0.54091,-24.797,15.717,1.91,22.2
0.81171,0.027702,0.21944,0.54056,-24.871,15.768,1.9814,22.25
0.81188,0.026854,0.21913,0.54048,-24.939,15.826,2.0523,22.3
0.8122,0.026044,0.2187,0.54021,-25.01,15.877,2.1229,22.35
0.8126,0.025401,0.21813,0.53986,-25.079,15.928,2.193,22.4
0.81288,0.024645,0.21785,0.5396,-25.145,15.982,2.2626,22.45
0.81315,0.023863,0.21755,0.53935,-25.21,16.033,2.3318,22.5
0.81353,0.02312,0.21712,0.53898,-25.274,16.083,2.4005,22.55
0.8139,0.022391,0.21652,0.53869,-25.337,16.134,2.4687,22.6
0.81426,0.021336,0.21615,0.53834,-25.398,16.184,2.5364,22.65
0.8146,0.020644,0.21593,0.53793,-25.457,16.234,2.6036,22.7
0.81474,0.019765,0.21578,0.53782,-25.511,16.289,2.6701,22.75
0.81502,0.018818,0.21548,0.53755,-25.566,16.339,2.7362,22.8
0.81541,0.018171,0.21524,0.53708,-25.62,16.388,2.8016,22.85
0.81557,0.01746,0.21497,0.53697,-25.67,16.441,2.8665,22.9
0.81585,0.016866,0.2146,0.5367,-25.72,16.49,2.9308,22.95
0.81619,0.015939,0.21413,0.53639,-25.769,16.539,2.9944,23
0.81645,0.015242,0.21371,0.53619,-25.815,16.588,3.0575,23.05
0.81674,0.014528,0.21343,0.53588,-25.86,16.637,3.1198,23.1
0.81701,0.013754,0.21308,0.53564,-25.903,16.687,3.1815,23.15
0.81728,0.013078,0.21268,0.5354,-25.94,16.742,3.2425,23.2
0.81753,0.012234,0.21238,0.53515,-25.98,16.791,3.3029,23.25
0.81775,0.01147,0.21214,0.53492,-26.017,16.84,3.3625,23.3
0.81805,0.010673,0.21159,0.53471,-26.05,16.893,3.4214,23.35
0.81837,0.009895,0.21106,0.53443,-26.084,16.942,3.4796,23.4
0.81872,0.0091861,0.21069,0.53405,-26.116,16.991,3.5371,23.45
0.819,0.0085324,0.21026,0.53382,-26.145,17.041,3.5938,23.5
0.81931,0.0078426,0.2099,0.53349,-26.173,17.09,3.6497,23.55
0.81959,0.0069822,0.20949,0.53324,-26.199,17.14,3.7048,23.6
0.8198,0.0063538,0.20909,0.53307,-26.219,17.196,3.7591,23.65
0.82006,0.0056639,0.20885,0.53277,-26.241,17.246,3.8125,23.7
0.82036,0.004877,0.20842,0.53249,-26.261,17.296,3.8652,23.75
0.82058,0.0041175,0.208,0.53232,-26.276,17.35,3.917,23.8
0.82089,0.0033759,0.2075,0.53204,-26.292,17.4,3.968,23.85
0.82115,0.00257,0.20715,0.53179,-26.306,17.451,4.0181,23.9
0.82146,0.0018842,0.20671,0.53148,-26.317,17.502,4.0673,23.95
0.82174,0.0010856,0.20647,0.53114,-26.327,17.553,4.1157,24
0.8221,0.00035012,0.20633,0.53064,-26.334,17.605,4.1631,24.05
0.82226,-0.00047473,0.20614,0.53046,-26.335,17.663,4.2096,24.1
0.82258,-0.0010971,0.20568,0.53014,-26.338,17.715,4.2552,24.15
0.82284,-0.0017676,0.20529,0.5299,-26.339,17.767,4.2999,24.2
0.82305,-0.0023191,0.20497,0.52969,-26.336,17.823,4.3436,24.25
0.8233,-0.0030503,0.20452,0.52947,-26.332,17.876,4.3863,24.3
0.82361,-0.0036901,0.20397,0.5292,-26.326,17.929,4.4282,24.35
0.82383,-0.0043018,0.20383,0.5289,-26.319,17.982,4.469,24.4
0.82406,-0.0050002,0.20352,0.52866,-26.309,18.036,4.5088,24.45
0.82419,-0.0059028,0.20323,0.52856,-26.296,18.09,4.5477,24.5
0.8244,-0.0068279,0.20275,0.5284,-26.277,18.151,4.5854,24.55
0.82481,-0.0076084,0.20232,0.52792,-26.261,18.206,4.6223,24.6
0.825,-0.0085216,0.20202,0.52772,-26.242,18.261,4.6581,24.65
0.82519,-0.0090794,0.20169,0.52754,-26.218,18.32,4.6929,24.7
0.82549,-0.0097882,0.20154,0.52712,-26.194,18.376,4.7266,24.75
0.82581,-0.010463,0.20118,0.52674,-26.168,18.433,4.7593,24.8
0.82614,-0.011077,0.20096,0.5263,-26.141,18.489,4.791,24.85
0.82636,-0.011914,0.20052,0.5261,-26.11,18.545,4.8216,24.9
0.82669,-0.012716,0.20009,0.52573,-26.078,18.602,4.8512,24.95
0.82689,-0.013425,0.19981,0.5255,-26.039,18.666,4.8796,25
0.82715,-0.014083,0.19953,0.52517,-26.003,18.723,4.907,25.05
0.82743,-0.014767,0.1993,0.52481,-25.964,18.781,4.9333,25.1
0.82777,-0.015605,0.19916,0.5243,-25.92,18.842,4.9585,25.15
0.82816,-0.016232,0.19889,0.52377,-25.877,18.9,4.9827,25.2
0.82836,-0.016966,0.19862,0.52353,-25.831,18.958,5.0057,25.25
0.82875,-0.017735,0.19823,0.52303,-25.783,19.017,5.0276,25.3
0.82905,-0.018467,0.19792,0.52264,-25.734,19.075,5.0485,25.35
0.82916,-0.019138,0.19765,0.52255,-25.682,19.134,5.0682,25.4
0.82938,-0.0197,0.1974,0.52227,-25.622,19.2,5.0868,25.45
0.82964,-0.020436,0.19696,0.52201,-25.566,19.26,5.1043,25.5
0.82996,-0.021118,0.19685,0.52151,-25.507,19.32,5.1207,25.55
0.83013,-0.02184,0.19655,0.52132,-25.444,19.383,5.1359,25.6
0.83031,-0.022573,0.19637,0.52108,-25.38,19.443,5.1501,25.65
0.83065,-0.023428,0.196,0.52064,-25.314,19.504,5.163,25.7
0.83083,-0.024056,0.19564,0.52045,-25.247,19.565,5.1749,25.75
0.83104,-0.024854,0.19536,0.52018,-25.177,19.626,5.1856,25.8
0.83124,-0.025596,0.19498,0.51997,-25.105,19.687,5.1952,25.85
0.83155,-0.02626,0.19472,0.51953,-25.027,19.755,5.2037,25.9
0.83179,-0.026849,0.19441,0.51925,-24.95,19.816,5.211,25.95
0.8321,-0.027562,0.19401,0.51885,-24.873,19.878,5.2172,26
0.83228,-0.028161,0.19382,0.5186,-24.79,19.943,5.2222,26.05
0.83258,-0.029002,0.19345,0.51822,-24.704,20.006,5.2259,26.1
0.83271,-0.029923,0.1932,0.51805,-24.62,20.068,5.2287,26.15
0.83291,-0.030611,0.19292,0.51779,-24.533,20.13,5.2303,26.2
0.8331,-0.031138,0.19258,0.51758,-24.444,20.193,5.2308,26.25
0.83328,-0.031904,0.19232,0.51734,-24.354,20.255,5.2302,26.3
0.83349,-0.032546,0.19186,0.51712,-24.256,20.325,5.2283,26.35
0.83372,-0.033199,0.19173,0.51677,-24.161,20.387,5.2254,26.4
0.83395,-0.033925,0.19137,0.51648,-24.068,20.45,5.2215,26.45
0.83416,-0.034627,0.19086,0.51629,-23.972,20.516,5.2165,26.5
0.83455,-0.035289,0.19039,0.51579,-23.878,20.579,5.2106,26.55
0.83487,-0.036034,0.19001,0.51535,-23.783,20.641,5.2036,26.6
0.83524,-0.036672,0.1895,0.51489,-23.689,20.703,5.1955,26.65
0.83546,-0.03706,0.1893,0.51459,-23.593,20.764,5.1864,26.7
0.83569,-0.037848,0.18901,0.51426,-23.497,20.825,5.1762,26.75
0.83591,-0.038473,0.18875,0.51395,-23.394,20.891,5.1648,26.8
0.83622,-0.039209,0.18845,0.5135,-23.295,20.951,5.1525,26.85
0.83652,-0.040073,0.18821,0.51303,-23.196,21.011,5.1391,26.9
0.83667,-0.040812,0.18785,0.51286,-23.092,21.073,5.1246,26.95
0.83688,-0.04151,0.18758,0.51257,-22.989,21.132,5.1091,27
0.83702,-0.042154,0.18739,0.51235,-22.885,21.191,5.0925,27.05
0.83726,-0.04296,0.18711,0.51199,-22.779,21.249,5.0747,27.1
0.83746,-0.043652,0.18689,0.51168,-22.672,21.307,5.056,27.15
0.83775,-0.044355,0.18663,0.51125,-22.563,21.364,5.0362,27.2
0.83788,-0.044873,0.18641,0.51107,-22.447,21.427,5.0153,27.25
0.83806,-0.045658,0.18601,0.51085,-22.336,21.483,4.9933,27.3
0.83824,-0.046409,0.18574,0.51058,-22.222,21.54,4.9703,27.35
0.83854,-0.046943,0.18546,0.51015,-22.105,21.599,4.9462,27.4
0.83885,-0.047591,0.18502,0.50974,-21.988,21.654,4.9212,27.45
0.83914,-0.048425,0.18451,0.50937,-21.871,21.708,4.8951,27.5
0.83955,-0.049084,0.1841,0.50878,-21.753,21.762,4.868,27.55
0.83972,-0.049906,0.18386,0.5085,-21.632,21.816,4.8399,27.6
0.83996,-0.050592,0.18355,0.50815,-21.51,21.869,4.8108,27.65
0.84012,-0.051384,0.18303,0.50799,-21.381,21.928,4.7805,27.7
0.84049,-0.051929,0.1827,0.50744,-21.258,21.98,4.7494,27.75
0.84085,-0.052556,0.18229,0.50693,-21.132,22.032,4.7173,27.8
0.84101,-0.053279,0.18204,0.50669,-21.001,22.086,4.6841,27.85
0.84109,-0.053942,0.18185,0.50655,-20.872,22.137,4.65,27.9
0.84128,-0.054798,0.18163,0.50621,-20.742,22.188,4.6148,27.95
0.84154,-0.055356,0.18142,0.50581,-20.611,22.238,4.5787,28
0.84182,-0.056215,0.18108,0.50537,-20.477,22.287,4.5416,28.05
0.84204,-0.05711,0.18059,0.50507,-20.343,22.336,4.5036,28.1
0.84219,-0.057717,0.18036,0.50483,-20.201,22.39,4.4646,28.15
0.84234,-0.058463,0.18034,0.5045,-20.064,22.438,4.4248,28.2
0.84248,-0.059048,0.17992,0.50435,-19.925,22.486,4.384,28.25
0.84268,-0.059685,0.17983,0.50397,-19.781,22.536,4.3422,28.3
0.84661,-0.060906,0.17487,0.49895,-16.029,28.348,3.9901,28.35
0.84693,-0.060063,0.17392,0.49886,-15.863,28.405,3.9456,28.4
0.84697,-0.062252,0.17391,0.49853,-15.697,28.458,3.8997,28.45
0.84715,-0.0618,0.17342,0.49844,-15.529,28.508,3.8518,28.5
0.84723,-0.063279,0.17343,0.49812,-15.362,28.562,3.8055,28.55
0.84807,-0.063378,0.17287,0.49687,-15.186,28.615,3.7549,28.6
0.84774,-0.065116,0.17305,0.49714,-15.016,28.667,3.7048,28.65
0.84781,-0.064779,0.17252,0.49725,-14.844,28.716,3.6529,28.7
0.84792,-0.06579,0.17147,0.49729,-14.669,28.767,3.5996,28.75
0.84819,-0.066111,0.17135,0.49683,-14.495,28.814,3.5471,28.8
0.84893,-0.066877,0.1708,0.49566,-14.32,28.861,3.4934,28.85
0.84892,-0.067214,0.17016,0.49585,-14.145,28.909,3.4417,28.9
0.84893,-0.069163,0.1699,0.49565,-13.966,28.952,3.3842,28.95
0.84908,-0.069688,0.17006,0.49527,-13.789,28.996,3.3299,29
0.84963,-0.070057,0.16871,0.49473,-13.605,29.043,3.2748,29.05
0.84968,-0.071186,0.16889,0.49442,-13.425,29.085,3.2155,29.1
0.84949,-0.071812,0.16861,0.49476,-13.247,29.127,3.1579,29.15
0.84992,-0.072342,0.16856,0.49396,-13.062,29.169,3.1021,29.2
0.85056,-0.073213,0.16797,0.49293,-12.881,29.207,3.0411,29.25
0.85056,-0.074113,0.16763,0.49291,-12.698,29.246,2.9818,29.3
0.85033,-0.075549,0.16707,0.49328,-12.513,29.283,2.9195,29.35
0.8508,-0.075557,0.1663,0.49272,-12.329,29.322,2.8576,29.4
0.85085,-0.075811,0.16691,0.49239,-12.144,29.357,2.7954,29.45
0.85101,-0.076538,0.16596,0.49232,-11.952,29.394,2.7353,29.5
0.85181,-0.077926,0.16572,0.49081,-11.765,29.427,2.6714,29.55
0.85169,-0.078704,0.16554,0.49095,-11.578,29.462,2.6071,29.6
0.85157,-0.07909,0.16527,0.49118,-11.386,29.493,2.544,29.65
0.852,-0.079977,0.16528,0.49028,-11.197,29.524,2.4798,29.7
0.85218,-0.081182,0.16428,0.49012,-11.009,29.556,2.4124,29.75
0.85229,-0.08161,0.16405,0.48993,-10.819,29.586,2.3465,29.8
0.85252,-0.08254,0.1636,0.48952,-10.628,29.613,2.2812,29.85
0.85269,-0.083209,0.16282,0.48937,-10.438,29.639,2.2145,29.9
0.8529,-0.083703,0.16316,0.48882,-10.239,29.669,2.1446,29.95
0.85336,-0.084706,0.16259,0.48802,-10.047,29.693,2.0775,30
0.85351,-0.085854,0.16188,0.48779,-9.8548,29.718,2.0104,30.05
0.85333,-0.086473,0.16164,0.48808,-9.6578,29.741,1.9408,30.1
0.85349,-0.087014,0.1609,0.48796,-9.4646,29.767,1.8702,30.15
0.85356,-0.087436,0.16104,0.4877,-9.2697,29.787,1.8005,30.2
0.85412,-0.088143,0.16029,0.48685,-9.0747,29.81,1.729,30.25
0.85403,-0.088901,0.16081,0.4867,-8.8788,29.827,1.6605,30.3
0.85467,-0.089819,0.15995,0.48569,-8.6839,29.847,1.5884,30.35
0.85433,-0.090931,0.15986,0.4861,-8.4807,29.865,1.5179,30.4
0.85454,-0.091259,0.15888,0.486,-8.2835,29.882,1.4458,30.45
0.85468,-0.092025,0.15861,0.48569,-8.0866,29.898,1.3742,30.5
0.85505,-0.092719,0.15834,0.485,-7.885,29.912,1.3012,30.55
0.85512,-0.093535,0.15797,0.48485,-7.6887,29.926,1.2288,30.6
0.85529,-0.094371,0.15715,0.48465,-7.4911,29.938,1.1561,30.65
0.85547,-0.094854,0.15691,0.48431,-7.2929,29.95,1.0826,30.7
0.85616,-0.095829,0.1572,0.48279,-7.0946,29.96,1.0088,30.75
0.85606,-0.096716,0.15611,0.48315,-6.8959,29.969,0.93677,30.8
0.85621,-0.097089,0.15591,0.48288,-6.6899,29.979,0.86389,30.85
0.85631,-0.09834,0.15555,0.48257,-6.4916,29.986,0.78898,30.9
0.85682,-0.09878,0.15573,0.48151,-6.2922,29.991,0.71641,30.95
0.85666,-0.099641,0.15484,0.48191,-6.0888,29.997,0.64147,31
0.85696,-0.10008,0.15479,0.4813,-5.8895,30.003,0.56612,31.05
0.85692,-0.10106,0.15385,0.48147,-5.6897,30.006,0.49094,31.1
0.85688,-0.10195,0.15418,0.48124,-5.4901,30.007,0.41663,31.15
0.85712,-0.10258,0.15364,0.48085,-5.2904,30.01,0.34123,31.2
0.85752,-0.10354,0.15305,0.48012,-5.0896,30.009,0.26922,31.25
0.85775,-0.10436,0.15247,0.47971,-4.8822,30.009,0.19117,31.3
0.858,-0.10489,0.15223,0.47922,-4.6826,30.008,0.11776,31.35
0.85789,-0.10552,0.1522,0.47929,-4.4833,30.006,0.041355,31.4
0.85813,-0.10613,0.15188,0.47883,-4.2793,30.002,-0.03254,31.45
0.85814,-0.10758,0.15154,0.4786,-4.079,29.998,-0.10877,31.5
0.85851,-0.10802,0.15104,0.478,-3.879,29.992,-0.18209,31.55
0.85865,-0.10911,0.15078,0.47759,-3.6799,29.985,-0.25775,31.6
0.85888,-0.10895,0.15029,0.47735,-3.4804,29.977,-0.33296,31.65
0.85935,-0.10999,0.14971,0.47644,-3.2805,29.968,-0.40771,31.7
0.85927,-0.11076,0.14935,0.47652,-3.073,29.958,-0.48197,31.75
0.8593,-0.11129,0.1492,0.47641,-2.8735,29.946,-0.55517,31.8
0.85965,-0.11275,0.14859,0.47561,-2.6744,29.936,-0.63057,31.85
0.8597,-0.11308,0.14855,0.47547,-2.4721,29.923,-0.70494,31.9
0.85972,-0.11424,0.14813,0.47527,-2.2737,29.909,-0.7795,31.95
0.86002,-0.11461,0.14746,0.47486,-2.0751,29.893,-0.8517,32
0.86045,-0.11579,0.14605,0.47423,-1.8762,29.878,-0.92552,32.05
0.8604,-0.11622,0.14644,0.47409,-1.6784,29.861,-1,32.1
0.86036,-0.11704,0.14644,0.47395,-1.481,29.843,-1.0731,32.15
0.86079,-0.11743,0.14604,0.4732,-1.2758,29.824,-1.1453,32.2
0.86082,-0.11819,0.14539,0.47317,-1.0792,29.806,-1.2208,32.25
0.86095,-0.11892,0.14538,0.47275,-0.88263,29.784,-1.2922,32.3
0.86099,-0.12018,0.14535,0.47236,-0.68265,29.761,-1.3647,32.35
0.86131,-0.12066,0.14509,0.47173,-0.48704,29.739,-1.4373,32.4
0.86163,-0.12152,0.14408,0.47124,-0.29162,29.715,-1.5076,32.45
0.86159,-0.12214,0.1435,0.47133,-0.095937,29.691,-1.5787,32.5
0.86206,-0.12309,0.14327,0.47029,0.099454,29.665,-1.6481,32.55
0.8618,-0.12385,0.14311,0.47062,0.29351,29.638,-1.7197,32.6
0.86204,-0.12478,0.14254,0.47011,0.49486,29.611,-1.7909,32.65
0.86201,-0.12529,0.14247,0.47005,0.68733,29.582,-1.8606,32.7
0.86238,-0.1261,0.14165,0.46939,0.88002,29.552,-1.9296,32.75
0.86244,-0.12706,0.14151,0.46907,1.0759,29.52,-1.9974,32.8
0.86245,-0.12698,0.14093,0.46925,1.2675,29.489,-2.0664,32.85
0.86276,-0.12833,0.14084,0.46833,1.4583,29.457,-2.1345,32.9
0.86281,-0.12913,0.14025,0.4682,1.649,29.423,-2.2015,32.95
0.86332,-0.13004,0.14048,0.46695,1.8383,29.389,-2.2691,33
0.86331,-0.12976,0.13916,0.46743,2.0277,29.354,-2.3354,33.05
0.8635,-0.13141,0.1392,0.4666,2.2234,29.317,-2.4015,33.1
0.86335,-0.13227,0.13841,0.46688,2.4111,29.279,-2.4663,33.15
0.86345,-0.13301,0.1387,0.4664,2.5985,29.242,-2.5334,33.2
0.86372,-0.13374,0.13816,0.46584,2.7883,29.202,-2.5971,33.25
0.86411,-0.13438,0.13735,0.46518,2.974,29.162,-2.6592,33.3
0.86406,-0.13464,0.13724,0.46524,3.1588,29.12,-2.7223,33.35
0.86407,-0.13533,0.13726,0.465,3.3429,29.079,-2.785,33.4
0.86444,-0.13657,0.13632,0.46423,3.5263,29.037,-2.8476,33.45
0.86452,-0.13708,0.13628,0.46395,3.7082,28.993,-2.9092,33.5
0.86487,-0.13772,0.13569,0.46328,3.8969,28.947,-2.97,33.55
0.86486,-0.13838,0.1355,0.46315,4.0775,28.9,-3.0289,33.6
0.86482,-0.13877,0.13508,0.46322,4.2572,28.854,-3.0892,33.65
0.86506,-0.13985,0.13501,0.46248,4.4396,28.806,-3.1461,33.7
0.86517,-0.14113,0.13434,0.46207,4.6179,28.758,-3.2048,33.75
0.86544,-0.14147,0.13397,0.46157,4.7953,28.71,-3.2619,33.8
0.86535,-0.14218,0.13362,0.46162,4.9716,28.659,-3.3175,33.85
0.86572,-0.14261,0.1331,0.46094,5.1473,28.609,-3.3736,33.9
0.86555,-0.14392,0.13289,0.46093,5.3217,28.557,-3.4275,33.95
0.86576,-0.14411,0.13279,0.4605,5.5025,28.503,-3.482,34
0.86608,-0.14464,0.13218,0.4599,5.675,28.449,-3.5362,34.05
0.86628,-0.14595,0.132,0.45916,5.8461,28.395,-3.5873,34.1
0.86621,-0.14684,0.13152,0.45916,6.0204,28.339,-3.6397,34.15
0.86661,-0.14708,0.13071,0.45855,6.1895,28.283,-3.6914,34.2
0.86669,-0.14829,0.12986,0.45826,6.3572,28.225,-3.7392,34.25
0.86667,-0.14872,0.13044,0.45799,6.5241,28.167,-3.7898,34.3
0.86677,-0.14956,0.12891,0.45796,6.6903,28.111,-3.8364,34.35
0.86716,-0.14977,0.12908,0.45711,6.8546,28.051,-3.885,34.4
0.86723,-0.15087,0.12857,0.45675,7.0254,27.988,-3.931,34.45
0.86732,-0.15136,0.1288,0.45634,7.1876,27.928,-3.9773,34.5
0.86767,-0.15203,0.12844,0.45557,7.3488,27.867,-4.0222,34.55
0.86771,-0.15225,0.12848,0.45541,7.5127,27.803,-4.0651,34.6
0.86797,-0.15413,0.12811,0.45439,7.6716,27.739,-4.1058,34.65
0.86753,-0.15479,0.12668,0.4554,7.8294,27.675,-4.1508,34.7
0.86795,-0.15493,0.12566,0.45483,7.9865,27.611,-4.1912,34.75
0.86779,-0.15619,0.12611,0.45459,8.1412,27.544,-4.2306,34.8
0.86797,-0.1567,0.12631,0.454,8.2957,27.479,-4.2689,34.85
0.86787,-0.15778,0.12567,0.454,8.4553,27.408,-4.3074,34.9
0.86827,-0.15798,0.12648,0.45294,8.6067,27.341,-4.346,34.95
0.86847,-0.15907,0.12425,0.45279,8.7576,27.275,-4.3831,35
0.8685,-0.1606,0.12372,0.45233,8.9098,27.204,-4.4173,35.05
0.86827,-0.16076,0.12423,0.45257,9.0564,27.133,-4.4502,35.1
0.86871,-0.161,0.12392,0.45173,9.202,27.062,-4.485,35.15
0.86926,-0.16276,0.12313,0.45026,9.3471,26.991,-4.5163,35.2
0.86883,-0.163,0.12299,0.45104,9.4896,26.916,-4.5478,35.25
0.86891,-0.16372,0.12257,0.45073,9.6315,26.843,-4.5779,35.3
0.86901,-0.16459,0.12226,0.45032,9.7788,26.766,-4.607,35.35
0.86918,-0.16523,0.1219,0.44986,9.9178,26.692,-4.6349,35.4
0.86933,-0.16607,0.12154,0.44935,10.055,26.617,-4.6618,35.45
0.86936,-0.16682,0.12122,0.4491,10.195,26.54,-4.6877,35.5
0.86944,-0.16749,0.12089,0.44878,10.329,26.464,-4.7124,35.55
0.86954,-0.1682,0.12047,0.44843,10.462,26.387,-4.736,35.6
0.86971,-0.16902,0.12013,0.44788,10.594,26.31,-4.7585,35.65
0.86986,-0.16983,0.11966,0.44741,10.724,26.231,-4.7799,35.7
0.86997,-0.17064,0.11926,0.447,10.853,26.153,-4.8002,35.75
0.87007,-0.17142,0.11866,0.44667,10.986,26.07,-4.8197,35.8
0.87019,-0.17218,0.1183,0.44623,11.111,25.99,-4.838,35.85
0.87024,-0.17298,0.11792,0.44593,11.235,25.909,-4.8553,35.9
0.87034,-0.17363,0.11749,0.4456,11.361,25.826,-4.8714,35.95
0.87078,-0.17354,0.11753,0.44477,11.485,25.745,-4.8878,36
0.87058,-0.17519,0.11633,0.44483,11.605,25.66,-4.9025,36.05
0.8708,-0.17496,0.11577,0.44463,11.72,25.577,-4.9158,36.1
0.8708,-0.17668,0.11573,0.44396,11.837,25.494,-4.9274,36.15
0.87089,-0.17659,0.11525,0.44393,11.951,25.412,-4.9387,36.2
0.87148,-0.17773,0.1144,0.44254,12.07,25.325,-4.9494,36.25
0.87168,-0.17869,0.11359,0.44198,12.18,25.238,-4.9551,36.3
0.87149,-0.17882,0.1134,0.44234,12.289,25.152,-4.964,36.35
0.87142,-0.18032,0.11413,0.44168,12.401,25.065,-4.9702,36.4
0.87155,-0.18045,0.11374,0.44149,12.506,24.98,-4.9751,36.45
0.87152,-0.18155,0.11338,0.44119,12.609,24.891,-4.9795,36.5
0.87192,-0.18161,0.11263,0.44054,12.712,24.804,-4.9812,36.55
0.8721,-0.18239,0.11255,0.4399,12.812,24.715,-4.9846,36.6
0.8719,-0.18338,0.11207,0.44,12.911,24.627,-4.985,36.65
0.87223,-0.18415,0.11114,0.43926,13.015,24.534,-4.9833,36.7
0.87225,-0.18431,0.11131,0.4391,13.11,24.445,-4.9837,36.75
0.87238,-0.18537,0.11069,0.43856,13.204,24.355,-4.9801,36.8
0.87267,-0.18585,0.10969,0.43803,13.298,24.26,-4.9755,36.85
0.8722,-0.18673,0.11033,0.43844,13.39,24.171,-4.9698,36.9
0.87262,-0.18845,0.10978,0.437,13.479,24.08,-4.9645,36.95
0.87271,-0.1884,0.11004,0.43678,13.565,23.989,-4.9579,37
0.87262,-0.1894,0.10921,0.43673,13.649,23.895,-4.9498,37.05
0.87308,-0.18994,0.10891,0.43566,13.733,23.804,-4.9395,37.1
0.87303,-0.19066,0.10798,0.43568,13.82,23.707,-4.9296,37.15
0.87291,-0.19232,0.10753,0.43529,13.899,23.613,-4.9167,37.2
0.8729,-0.19227,0.10803,0.43522,13.977,23.519,-4.9057,37.25
0.87321,-0.19325,0.10765,0.43426,14.055,23.423,-4.8908,37.3
0.87359,-0.19373,0.1067,0.43351,14.129,23.329,-4.8766,37.35
0.87335,-0.19419,0.10574,0.43402,14.2,23.234,-4.8594,37.4
0.87355,-0.19578,0.10534,0.43299,14.27,23.139,-4.8416,37.45
0.87394,-0.19619,0.10506,0.43209,14.338,23.044,-4.8236,37.5
0.87345,-0.19658,0.10537,0.43283,14.405,22.949,-4.8049,37.55
0.87317,-0.19797,0.10412,0.43306,14.475,22.848,-4.7836,37.6
0.87361,-0.19841,0.10414,0.43198,14.537,22.752,-4.7631,37.65
0.87381,-0.20029,0.10369,0.43079,14.598,22.657,-4.7408,37.7
0.87395,-0.19967,0.10368,0.4308,14.659,22.557,-4.7168,37.75
0.8735,-0.20082,0.10303,0.43135,14.717,22.46,-4.6926,37.8
0.87404,-0.20124,0.10216,0.43026,14.772,22.363,-4.6673,37.85
0.87423,-0.20132,0.10232,0.42979,14.826,22.266,-4.6387,37.9
0.87394,-0.20303,0.10217,0.42962,14.876,22.168,-4.6112,37.95
0.8742,-0.20346,0.10122,0.4291,14.925,22.07,-4.5807,38
0.87403,-0.2048,0.10158,0.42874,14.977,21.966,-4.551,38.05
0.87421,-0.20444,0.10119,0.42863,15.023,21.869,-4.5193,38.1
0.87462,-0.20475,0.1006,0.42779,15.066,21.77,-4.4896,38.15
0.87399,-0.20579,0.10066,0.42855,15.109,21.668,-4.456,38.2
0.8744,-0.20694,0.099131,0.42752,15.15,21.572,-4.4211,38.25
0.87486,-0.20764,0.099063,0.42625,15.185,21.47,-4.3865,38.3
0.87441,-0.2087,0.099689,0.42652,15.221,21.372,-4.3514,38.35
0.87449,-0.20943,0.098806,0.42619,15.254,21.272,-4.3146,38.4
0.87455,-0.20954,0.09901,0.42596,15.285,21.173,-4.2743,38.45
0.87466,-0.21015,0.098071,0.42566,15.32,21.07,-4.2355,38.5
0.8748,-0.21151,0.097636,0.4248,15.347,20.97,-4.1973,38.55
0.87466,-0.21247,0.097777,0.42457,15.372,20.87,-4.1539,38.6
0.87501,-0.21335,0.096909,0.42362,15.398,20.769,-4.1133,38.65
0.87514,-0.21375,0.096565,0.42323,15.421,20.669,-4.0704,38.7
0.87513,-0.21434,0.095589,0.42316,15.44,20.569,-4.0274,38.75
0.87495,-0.21505,0.096089,0.42305,15.457,20.468,-3.9839,38.8
0.87553,-0.21537,0.094267,0.4221,15.472,20.369,-3.9363,38.85
0.8753,-0.21633,0.09436,0.42207,15.485,20.268,-3.8923,38.9
0.8751,-0.21816,0.094587,0.42149,15.501,20.162,-3.8422,38.95
0.87544,-0.21837,0.094017,0.42081,15.511,20.063,-3.7944,39
0.87567,-0.2187,0.09313,0.42035,15.518,19.963,-3.7467,39.05
0.87561,-0.21964,0.092513,0.42014,15.527,19.861,-3.6975,39.1
0.87556,-0.21971,0.092848,0.42012,15.529,19.76,-3.6471,39.15
0.87538,-0.22113,0.093252,0.41966,15.532,19.66,-3.5953,39.2
0.87575,-0.22141,0.092202,0.41897,15.532,19.561,-3.5434,39.25
0.8757,-0.22212,0.091828,0.41878,15.528,19.459,-3.4888,39.3
0.87619,-0.22279,0.091377,0.41749,15.524,19.36,-3.435,39.35
0.8762,-0.2239,0.090156,0.41716,15.521,19.253,-3.3819,39.4
0.8757,-0.22492,0.090471,0.41759,15.515,19.155,-3.3267,39.45
0.87602,-0.22553,0.090242,0.41663,15.503,19.055,-3.2694,39.5
0.87592,-0.22649,0.089634,0.41644,15.494,18.954,-3.2101,39.55
0.87621,-0.22658,0.088477,0.41605,15.478,18.853,-3.155,39.6
0.87613,-0.22795,0.088605,0.41543,15.462,18.755,-3.0947,39.65
0.87638,-0.22832,0.087449,0.41493,15.444,18.656,-3.0361,39.7
0.8763,-0.22887,0.087376,0.41482,15.422,18.556,-2.9759,39.75
0.8764,-0.22998,0.08757,0.41397,15.4,18.456,-2.9173,39.8
0.87641,-0.23068,0.086918,0.41369,15.38,18.353,-2.8557,39.85
0.87631,-0.23189,0.086871,0.41323,15.355,18.255,-2.795,39.9
0.87644,-0.23201,0.086649,0.41293,15.325,18.154,-2.7309,39.95
0.87674,-0.23266,0.085938,0.41208,15.297,18.053,-2.6688,40
0.87678,-0.23312,0.085753,0.41178,15.264,17.955,-2.6052,40.05
0.8763,-0.23459,0.086207,0.41187,15.231,17.858,-2.5408,40.1
0.87654,-0.2345,0.085834,0.41149,15.194,17.76,-2.4761,40.15
0.87668,-0.23544,0.084832,0.41086,15.155,17.663,-2.4102,40.2
0.87666,-0.23646,0.084481,0.41038,15.114,17.565,-2.344,40.25
0.87668,-0.23633,0.083931,0.41053,15.076,17.463,-2.278,40.3
0.87694,-0.23797,0.082347,0.40935,15.032,17.367,-2.212,40.35
0.87662,-0.23794,0.083097,0.4099,14.988,17.272,-2.1431,40.4
0.87714,-0.23897,0.082217,0.40837,14.94,17.172,-2.0768,40.45
0.8771,-0.23908,0.082215,0.40837,14.889,17.075,-2.0092,40.5
0.87688,-0.24087,0.081433,0.40797,14.837,16.979,-1.939,40.55
0.87708,-0.24083,0.082196,0.4074,14.784,16.885,-1.8708,40.6
0.87671,-0.24233,0.08191,0.40738,14.728,16.791,-1.8002,40.65
0.87694,-0.24311,0.080885,0.40662,14.67,16.697,-1.7296,40.7
0.87706,-0.24319,0.08097,0.40628,14.612,16.595,-1.6593,40.75
0.87711,-0.24408,0.080913,0.40565,14.552,16.503,-1.5875,40.8
0.87678,-0.24557,0.079647,0.40571,14.489,16.41,-1.5169,40.85
0.877,-0.2458,0.07915,0.40519,14.425,16.313,-1.4458,40.9
0.87684,-0.24643,0.078455,0.40529,14.357,16.22,-1.3746,40.95
0.87702,-0.24721,0.07832,0.40447,14.288,16.127,-1.3021,41
0.87723,-0.24702,0.078514,0.40408,14.218,16.035,-1.2288,41.05
0.87758,-0.24766,0.078083,0.40302,14.145,15.943,-1.1557,41.1
0.87726,-0.24881,0.077576,0.40311,14.069,15.851,-1.0821,41.15
0.877,-0.24972,0.076908,0.40323,13.996,15.757,-1.0117,41.2
0.87753,-0.24985,0.077485,0.40188,13.917,15.665,-0.9373,41.25
0.87764,-0.25024,0.075671,0.40174,13.838,15.577,-0.86285,41.3
0.87764,-0.25192,0.075094,0.40081,13.756,15.484,-0.78903,41.35
0.87757,-0.25237,0.075268,0.40064,13.672,15.394,-0.71528,41.4
0.8777,-0.2532,0.074438,0.39999,13.588,15.307,-0.64111,41.45
0.87748,-0.2546,0.073863,0.39968,13.499,15.217,-0.56586,41.5
0.87757,-0.25475,0.074493,0.39928,13.41,15.131,-0.4934,41.55
0.87809,-0.25569,0.073401,0.39773,13.319,15.044,-0.41709,41.6
0.87782,-0.25593,0.072512,0.39835,13.229,14.952,-0.34311,41.65
0.87767,-0.25683,0.07342,0.39792,13.134,14.866,-0.26686,41.7
0.8777,-0.25776,0.072553,0.39741,13.038,14.781,-0.19308,41.75
0.87723,-0.2591,0.072164,0.39765,12.942,14.693,-0.11824,41.8
0.87773,-0.25895,0.071064,0.39685,12.841,14.607,-0.043942,41.85
0.87756,-0.25976,0.07197,0.39654,12.739,14.524,0.030668,41.9
0.87755,-0.2606,0.071337,0.39612,12.636,14.44,0.1062,41.95
0.87764,-0.26159,0.070578,0.39538,12.531,14.356,0.18208,42
0.87769,-0.26191,0.070163,0.39515,12.424,14.275,0.25566,42.05
0.87748,-0.26196,0.070289,0.39555,12.317,14.188,0.33144,42.1
0.87779,-0.26329,0.069256,0.39416,12.208,14.107,0.4055,42.15
0.87786,-0.2635,0.069401,0.39384,12.098,14.029,0.48273,42.2
0.87786,-0.26372,0.068784,0.39382,11.985,13.945,0.55547,42.25
0.87801,-0.2655,0.067539,0.39248,11.868,13.865,0.63139,42.3
0.87793,-0.26608,0.068219,0.39215,11.751,13.785,0.70403,42.35
0.87813,-0.26663,0.067242,0.39151,11.633,13.709,0.77973,42.4
0.8778,-0.26735,0.067481,0.39172,11.514,13.631,0.85264,42.45
0.87767,-0.26814,0.067061,0.39153,11.393,13.554,0.92529,42.5
0.8779,-0.26864,0.066609,0.39075,11.271,13.472,1.0006,42.55
0.87811,-0.26963,0.065555,0.38977,11.146,13.396,1.0739,42.6
0.87806,-0.27093,0.065016,0.38908,11.021,13.323,1.1471,42.65
0.8777,-0.27198,0.064375,0.38927,10.894,13.247,1.2191,42.7
0.87797,-0.27197,0.064759,0.3886,10.765,13.173,1.2906,42.75
0.87777,-0.273,0.065206,0.38826,10.634,13.1,1.364,42.8
0.87793,-0.2732,0.064102,0.38793,10.501,13.027,1.4359,42.85
0.87769,-0.27411,0.063764,0.38789,10.365,12.955,1.5078,42.9
0.87785,-0.27525,0.06369,0.38672,10.232,12.885,1.5801,42.95
0.87799,-0.27558,0.06222,0.38642,10.098,12.811,1.6511,43
0.87783,-0.27626,0.062246,0.38629,9.9601,12.742,1.721,43.05
0.87781,-0.27697,0.061756,0.38589,9.8191,12.673,1.7921,43.1
0.8778,-0.2779,0.061645,0.38528,9.6785,12.603,1.861,43.15
0.8774,-0.27897,0.061313,0.38547,9.5361,12.535,1.9308,43.2
0.87749,-0.27985,0.061037,0.38468,9.3923,12.47,2.0008,43.25
0.8774,-0.28002,0.06013,0.3849,9.2473,12.404,2.0675,43.3
0.87758,-0.2805,0.059747,0.38419,9.1015,12.34,2.1361,43.35
0.8773,-0.28103,0.059994,0.38441,8.9524,12.275,2.2042,43.4
0.87796,-0.28156,0.059509,0.38259,8.8067,12.209,2.2694,43.45
0.87784,-0.28276,0.059081,0.38205,8.6557,12.146,2.3371,43.5
0.8774,-0.28372,0.059336,0.38229,8.5029,12.084,2.4045,43.55
0.87736,-0.28445,0.05833,0.382,8.3516,12.021,2.4711,43.6
0.87773,-0.28411,0.057876,0.38148,8.1976,11.962,2.5355,43.65
0.87779,-0.28513,0.058038,0.38056,8.0401,11.902,2.5994,43.7
0.87769,-0.28513,0.057354,0.38089,7.883,11.844,2.6639,43.75
0.87762,-0.28672,0.05792,0.37977,7.7231,11.786,2.7265,43.8
0.87789,-0.28719,0.056054,0.37907,7.5637,11.73,2.7888,43.85
0.87751,-0.28818,0.056476,0.37913,7.4067,11.673,2.851,43.9
0.87784,-0.28861,0.055764,0.37815,7.2438,11.616,2.9126,43.95
0.87744,-0.29024,0.054321,0.37804,7.0796,11.561,2.9731,44
0.87763,-0.29037,0.054282,0.37749,6.9187,11.508,3.0342,44.05
0.87754,-0.29067,0.05375,0.37755,6.7522,11.454,3.0933,44.1
0.87759,-0.29171,0.053732,0.37664,6.5861,11.402,3.1519,44.15
0.87747,-0.29241,0.054223,0.3763,6.4183,11.351,3.2098,44.2
0.87712,-0.29375,0.053631,0.37615,6.2491,11.301,3.2665,44.25
0.87714,-0.29468,0.052647,0.37553,6.079,11.252,3.3239,44.3
0.8778,-0.2944,0.052701,0.37419,5.9106,11.201,3.379,44.35
0.87699,-0.29577,0.052175,0.37508,5.7386,11.152,3.4334,44.4
0.87756,-0.2956,0.05176,0.37394,5.5659,11.107,3.4899,44.45
0.87756,-0.29665,0.051273,0.37318,5.3943,11.06,3.5436,44.5
0.87741,-0.29722,0.050911,0.37313,5.2198,11.016,3.5955,44.55
0.87735,-0.29801,0.051128,0.37261,5.0428,10.972,3.6464,44.6
0.87715,-0.29947,0.050172,0.37202,4.8646,10.928,3.6974,44.65
0.87712,-0.29964,0.049841,0.37201,4.6873,10.887,3.7485,44.7
0.87682,-0.30073,0.049131,0.37194,4.5089,10.846,3.7967,44.75
0.87694,-0.30112,0.049389,0.3713,4.3314,10.803,3.8462,44.8
0.87677,-0.30206,0.049119,0.37098,4.1524,10.765,3.8942,44.85
0.87685,-0.30268,0.047575,0.37047,3.9712,10.726,3.9402,44.9
0.87678,-0.30366,0.046614,0.36998,3.7894,10.688,3.9855,44.95
0.87697,-0.30343,0.047197,0.36964,3.6063,10.652,4.0316,45
0.87677,-0.30458,0.047106,0.36918,3.4231,10.616,4.0767,45.05
0.87679,-0.30527,0.046458,0.36863,3.2383,10.58,4.1192,45.1
0.87657,-0.30612,0.046067,0.3685,3.0541,10.547,4.1621,45.15
0.87665,-0.30634,0.046208,0.36811,2.8682,10.514,4.2038,45.2
0.877,-0.30728,0.046228,0.36649,2.6845,10.481,4.244,45.25
0.87699,-0.30814,0.045512,0.36588,2.497,10.451,4.2821,45.3
0.87704,-0.30831,0.04504,0.36567,2.3077,10.422,4.3205,45.35
0.87675,-0.3093,0.044447,0.3656,2.1196,10.392,4.3579,45.4
0.87672,-0.31044,0.04369,0.36479,1.9307,10.363,4.3948,45.45
0.87691,-0.31038,0.043322,0.36444,1.7408,10.337,4.431,45.5
0.8766,-0.31191,0.042534,0.36396,1.55,10.311,4.4646,45.55
0.87622,-0.31262,0.042784,0.36425,1.3575,10.285,4.4995,45.6
0.87653,-0.31279,0.042366,0.3634,1.1662,10.261,4.531,45.65
0.87682,-0.31323,0.042214,0.36234,0.97587,10.237,4.5619,45.7
0.87688,-0.31372,0.041821,0.36182,0.78284,10.216,4.5924,45.75
0.8769,-0.31425,0.041554,0.36134,0.58928,10.195,4.6219,45.8
0.8768,-0.31494,0.041238,0.36103,0.39645,10.174,4.6503,45.85
0.87673,-0.31554,0.040919,0.36071,0.20189,10.155,4.6777,45.9
0.87664,-0.31635,0.040476,0.36025,0.006864,10.138,4.7041,45.95
0.8766,-0.31713,0.040118,0.35971,-0.1886,10.121,4.7293,46
0.87662,-0.31779,0.039656,0.35913,-0.38451,10.105,4.7536,46.05
0.87656,-0.3186,0.03915,0.35863,-0.58082,10.091,4.7767,46.1
0.87643,-0.31917,0.038852,0.35846,-0.7751,10.076,4.7987,46.15
0.87637,-0.31987,0.038393,0.35803,-0.97216,10.064,4.8197,46.2
0.87637,-0.32061,0.038069,0.3574,-1.1696,10.052,4.8396,46.25
0.87627,-0.32123,0.037824,0.35712,-1.3661,10.042,4.8584,46.3
0.87622,-0.32184,0.03739,0.35674,-1.5641,10.033,4.8761,46.35
0.87622,-0.32236,0.037046,0.35631,-1.7625,10.024,4.8927,46.4
0.87612,-0.32313,0.036571,0.3559,-1.9611,10.017,4.9083,46.45
0.87609,-0.32398,0.03604,0.35526,-2.1599,10.011,4.9227,46.5
0.87604,-0.32472,0.035613,0.35475,-2.3589,10.006,4.936,46.55
0.87587,-0.32544,0.035338,0.35452,-2.5558,10.001,4.9482,46.6
0.87585,-0.32602,0.035061,0.35407,-2.7552,9.9985,4.9592,46.65
0.87589,-0.3265,0.034914,0.35354,-2.9548,9.9966,4.9692,46.7
0.87578,-0.32726,0.034383,0.35317,-3.1533,9.9958,4.978,46.75
0.87576,-0.32789,0.033957,0.35268,-3.3531,9.996,4.9857,46.8
0.87566,-0.32865,0.03347,0.35226,-3.5531,9.9973,4.9923,46.85
0.87562,-0.32919,0.033188,0.35189,-3.7531,9.9998,4.9978,46.9
0.87555,-0.32985,0.032824,0.35147,-3.9532,10.003,5.0021,46.95
0.87532,-0.33098,0.032361,0.35101,-4.1533,10.008,5.0053,47
0.87522,-0.33158,0.031954,0.35075,-4.3511,10.014,5.0073,47.05
0.87512,-0.33237,0.031541,0.35028,-4.5512,10.02,5.0082,47.1
0.87511,-0.33305,0.031099,0.3497,-4.7513,10.028,5.0081,47.15
0.87508,-0.33369,0.030833,0.34919,-4.9502,10.037,5.0067,47.2
0.8751,-0.33429,0.030288,0.34862,-5.1502,10.047,5.0043,47.25
0.87503,-0.33498,0.02998,0.34816,-5.3502,10.058,5.0008,47.3
0.875,-0.33566,0.029875,0.34757,-5.5501,10.07,4.9961,47.35
0.87492,-0.33631,0.029451,0.3472,-5.7499,10.083,4.9903,47.4
0.87493,-0.33689,0.028958,0.34663,-5.9495,10.097,4.9834,47.45
0.87488,-0.33743,0.028483,0.3463,-6.1465,10.113,4.9752,47.5
0.87485,-0.33815,0.028085,0.34569,-6.3458,10.13,4.9661,47.55
0.87477,-0.33874,0.027748,0.34534,-6.5449,10.147,4.9558,47.6
0.87462,-0.33956,0.027273,0.34497,-6.7425,10.166,4.9443,47.65
0.87466,-0.34005,0.026722,0.34441,-6.9411,10.185,4.9317,47.7
0.8746,-0.34069,0.026424,0.34396,-7.1395,10.206,4.918,47.75
0.8746,-0.34143,0.026096,0.34324,-7.3375,10.228,4.9032,47.8
0.87446,-0.34218,0.025686,0.34288,-7.5353,10.25,4.8872,47.85
0.87439,-0.34291,0.025227,0.34238,-7.7328,10.274,4.8702,47.9
0.87415,-0.34389,0.024852,0.34203,-7.9275,10.3,4.852,47.95
0.87406,-0.34454,0.024627,0.34161,-8.1242,10.326,4.8328,48
0.87411,-0.34522,0.0243,0.34083,-8.3207,10.353,4.8125,48.05
0.87408,-0.34584,0.024047,0.34029,-8.5154,10.382,4.7911,48.1
0.87409,-0.34641,0.023544,0.33974,-8.7111,10.411,4.7687,48.15
0.87401,-0.34706,0.023153,0.3393,-8.9064,10.441,4.7451,48.2
0.87389,-0.34782,0.022754,0.33886,-9.1012,10.472,4.7205,48.25
0.87377,-0.34857,0.022396,0.33841,-9.2955,10.504,4.6948,48.3
0.87365,-0.34935,0.021987,0.33794,-9.4894,10.537,4.6681,48.35
0.87353,-0.34999,0.021378,0.33763,-9.6803,10.573,4.6402,48.4
0.87354,-0.35054,0.020794,0.33707,-9.8732,10.608,4.6114,48.45
0.87352,-0.35112,0.020289,0.33655,-10.066,10.644,4.5815,48.5
0.87343,-0.35157,0.020101,0.33632,-10.256,10.682,4.5506,48.55
0.87333,-0.35224,0.019664,0.33591,-10.447,10.72,4.5187,48.6
0.87327,-0.35295,0.019222,0.33534,-10.638,10.759,4.4858,48.65
0.87318,-0.35365,0.018643,0.33488,-10.828,10.799,4.4519,48.7
0.87312,-0.35439,0.018503,0.33424,-11.017,10.84,4.417,48.75
0.87312,-0.35495,0.018184,0.33367,-11.206,10.883,4.3811,48.8
0.873,-0.35545,0.017724,0.33349,-11.391,10.928,4.3441,48.85
0.87291,-0.35611,0.01749,0.33303,-11.578,10.972,4.3063,48.9
0.87278,-0.35695,0.017264,0.33247,-11.765,11.017,4.2674,48.95
0.87266,-0.3577,0.017079,0.332,-11.949,11.064,4.2276,49
0.87251,-0.35828,0.01688,0.33178,-12.134,11.111,4.1868,49.05
0.87246,-0.3588,0.016587,0.33136,-12.318,11.159,4.1451,49.1
0.8724,-0.35943,0.016068,0.33086,-12.502,11.208,4.1025,49.15
0.87236,-0.36002,0.015694,0.33034,-12.685,11.258,4.059,49.2
0.87231,-0.36063,0.015315,0.32984,-12.867,11.308,4.0145,49.25
0.87219,-0.36132,0.015169,0.32939,-13.045,11.363,3.9691,49.3
0.87221,-0.36192,0.014545,0.32872,-13.226,11.415,3.9229,49.35
0.87206,-0.36263,0.014275,0.32833,-13.405,11.469,3.8758,49.4
0.87202,-0.36314,0.013956,0.32789,-13.582,11.524,3.8278,49.45
0.87188,-0.36397,0.013558,0.32737,-13.76,11.58,3.7789,49.5
0.87177,-0.36477,0.013227,0.32678,-13.937,11.636,3.7292,49.55
0.87165,-0.36565,0.012775,0.32614,-14.113,11.693,3.6786,49.6
0.87156,-0.36646,0.012258,0.32547,-14.288,11.751,3.6272,49.65
0.87141,-0.36724,0.011791,0.32503,-14.463,11.809,3.575,49.7
0.87124,-0.36804,0.011517,0.32458,-14.633,11.872,3.522,49.75
0.8711,-0.36878,0.011128,0.32412,-14.805,11.932,3.4682,49.8
0.87099,-0.36939,0.010558,0.32374,-14.977,11.993,3.4137,49.85
0.87089,-0.3699,0.010264,0.32344,-15.146,12.057,3.3584,49.9
0.87084,-0.37049,0.0097953,0.32292,-15.315,12.119,3.3024,49.95
0.87076,-0.37123,0.0094335,0.32229,-15.484,12.183,3.2456,50
0.87061,-0.3721,0.0092153,0.32172,-15.651,12.247,3.1882,50.05
0.87045,-0.37287,0.0088907,0.32126,-15.817,12.311,3.13,50.1
0.87032,-0.37352,0.0085759,0.32085,-15.983,12.377,3.0711,50.15
0.87009,-0.3743,0.0081745,0.32059,-16.144,12.447,3.0114,50.2
0.86982,-0.37532,0.0078,0.32014,-16.307,12.513,2.9512,50.25
0.86969,-0.37603,0.0075455,0.31966,-16.469,12.581,2.8903,50.3
0.86961,-0.37664,0.0070804,0.31918,-16.629,12.651,2.8288,50.35
0.86962,-0.37708,0.0067004,0.31864,-16.789,12.72,2.7666,50.4
0.86954,-0.3777,0.006336,0.31811,-16.948,12.789,2.7039,50.45
0.86942,-0.37846,0.0058284,0.31757,-17.106,12.859,2.6405,50.5
0.86926,-0.37922,0.0051458,0.3171,-17.263,12.929,2.5766,50.55
0.86909,-0.37985,0.0047949,0.31682,-17.418,13,2.5121,50.6
0.86904,-0.38046,0.0042401,0.31623,-17.569,13.076,2.447,50.65
0.86889,-0.38119,0.0038668,0.31576,-17.723,13.148,2.3814,50.7
0.86876,-0.38195,0.0034029,0.31522,-17.875,13.22,2.3153,50.75
0.86857,-0.38257,0.0029936,0.315,-18.024,13.295,2.2487,50.8
0.86854,-0.38318,0.0025514,0.31433,-18.174,13.368,2.1816,50.85
0.86834,-0.38404,0.0021244,0.31384,-18.322,13.442,2.114,50.9
0.86821,-0.38477,0.0017661,0.31331,-18.47,13.516,2.046,50.95
0.86802,-0.38557,0.0012143,0.31286,-18.616,13.591,1.9775,51
0.86782,-0.3864,0.00080147,0.31238,-18.761,13.666,1.9086,51.05
0.86756,-0.38708,0.00051359,0.31226,-18.901,13.745,1.8393,51.1
0.86742,-0.38779,0.00025168,0.31178,-19.043,13.821,1.7695,51.15
0.86734,-0.38835,-0.00019437,0.3113,-19.184,13.897,1.6995,51.2
0.86717,-0.38905,-0.00052393,0.31091,-19.322,13.975,1.629,51.25
0.86694,-0.38985,-0.00082278,0.31053,-19.46,14.051,1.5582,51.3
0.86687,-0.39056,-0.001065,0.30984,-19.598,14.128,1.4871,51.35
0.86672,-0.39121,-0.0013616,0.30944,-19.733,14.204,1.4157,51.4
0.86658,-0.3919,-0.0016718,0.30895,-19.868,14.281,1.344,51.45
0.86644,-0.39245,-0.0021838,0.30864,-20.001,14.358,1.2721,51.5
0.8662,-0.39322,-0.0025008,0.30833,-20.129,14.439,1.1998,51.55
0.86604,-0.39392,-0.0026408,0.30788,-20.26,14.516,1.1274,51.6
0.86586,-0.39464,-0.0029075,0.30746,-20.39,14.594,1.0547,51.65
0.8657,-0.39523,-0.0031615,0.30715,-20.516,14.674,0.98179,51.7
0.86564,-0.39587,-0.0034179,0.30648,-20.644,14.753,0.90868,51.75
0.86543,-0.3967,-0.00396,0.306,-20.77,14.831,0.83542,51.8
0.86534,-0.39734,-0.0043436,0.30544,-20.895,14.91,0.76202,51.85
0.86521,-0.39788,-0.0046496,0.3051,-21.018,14.989,0.68848,51.9
0.86502,-0.39874,-0.0052,0.3045,-21.141,15.068,0.61481,51.95
0.86478,-0.39943,-0.005391,0.30426,-21.258,15.152,0.54101,52
0.86476,-0.39992,-0.0058314,0.30368,-21.378,15.231,0.46717,52.05
0.86465,-0.40078,-0.0062368,0.30284,-21.496,15.31,0.39325,52.1
0.86447,-0.40149,-0.006539,0.30241,-21.611,15.392,0.31927,52.15
0.86434,-0.40221,-0.0070658,0.30183,-21.727,15.471,0.24524,52.2
0.86407,-0.40305,-0.0075094,0.30146,-21.841,15.55,0.1712,52.25
0.8639,-0.4037,-0.0077277,0.30108,-21.954,15.629,0.097147,52.3
0.86374,-0.40449,-0.0081846,0.30046,-22.066,15.708,0.023126,52.35
0.86359,-0.40516,-0.0083332,0.29998,-22.177,15.787,-0.050837,52.4
0.8634,-0.40591,-0.0086776,0.29952,-22.282,15.871,-0.12477,52.45
0.86318,-0.40666,-0.009109,0.29911,-22.389,15.95,-0.19859,52.5
0.86302,-0.40741,-0.0095796,0.29854,-22.496,16.028,-0.27231,52.55
0.86284,-0.40807,-0.0099191,0.29813,-22.599,16.109,-0.34596,52.6
0.8627,-0.40875,-0.010215,0.2976,-22.702,16.187,-0.41948,52.65
0.8626,-0.4094,-0.010578,0.29697,-22.804,16.265,-0.49285,52.7
0.86248,-0.41001,-0.010882,0.29647,-22.905,16.342,-0.56607,52.75
0.86244,-0.41056,-0.01124,0.29582,-23.004,16.419,-0.63911,52.8
0.8623,-0.41124,-0.011498,0.29527,-23.102,16.496,-0.71195,52.85
0.86206,-0.41203,-0.012017,0.29486,-23.195,16.578,-0.78462,52.9
0.8619,-0.41278,-0.012332,0.29427,-23.29,16.654,-0.85703,52.95
0.86173,-0.41346,-0.012608,0.29378,-23.384,16.73,-0.92919,53
0.86156,-0.41408,-0.013043,0.29339,-23.474,16.808,-1.0011,53.05
0.86135,-0.415,-0.013245,0.29272,-23.565,16.883,-1.0727,53.1
0.86115,-0.4157,-0.013617,0.29229,-23.654,16.958,-1.144,53.15
0.86106,-0.41631,-0.013855,0.29166,-23.742,17.033,-1.2151,53.2
0.86081,-0.41716,-0.014287,0.29116,-23.828,17.107,-1.2858,53.25
0.86061,-0.41778,-0.014526,0.29085,-23.913,17.181,-1.3561,53.3
0.86036,-0.4185,-0.014867,0.29054,-23.992,17.26,-1.4262,53.35
0.86006,-0.41949,-0.015335,0.28998,-24.074,17.333,-1.4958,53.4
0.85986,-0.42015,-0.01576,0.2896,-24.155,17.406,-1.5651,53.45
0.85964,-0.42099,-0.015885,0.28904,-24.231,17.481,-1.6339,53.5
0.85959,-0.42145,-0.016155,0.2885,-24.309,17.552,-1.7023,53.55
0.85938,-0.42213,-0.016607,0.28809,-24.385,17.624,-1.7703,53.6
0.8592,-0.42276,-0.016919,0.28767,-24.46,17.694,-1.8378,53.65
0.859,-0.42342,-0.017157,0.28731,-24.532,17.765,-1.9049,53.7
0.85879,-0.42425,-0.017544,0.28668,-24.604,17.835,-1.9714,53.75
0.85858,-0.42497,-0.017928,0.28623,-24.669,17.91,-2.0375,53.8
0.85832,-0.42579,-0.018422,0.28574,-24.738,17.979,-2.1031,53.85
0.85815,-0.42649,-0.018799,0.28519,-24.804,18.048,-2.1681,53.9
0.85795,-0.42721,-0.019234,0.28467,-24.867,18.119,-2.2326,53.95
0.85776,-0.4279,-0.019652,0.28418,-24.931,18.186,-2.2965,54
0.85748,-0.42871,-0.019986,0.28379,-24.994,18.253,-2.3598,54.05
0.85731,-0.42943,-0.020328,0.28317,-25.054,18.32,-2.4225,54.1
0.85713,-0.43012,-0.020671,0.28267,-25.113,18.386,-2.4847,54.15
0.8569,-0.43092,-0.020854,0.28212,-25.17,18.452,-2.5462,54.2
0.8566,-0.43171,-0.021264,0.28179,-25.221,18.524,-2.6072,54.25
0.85648,-0.43228,-0.02162,0.28127,-25.275,18.588,-2.6674,54.3
0.85635,-0.43283,-0.022055,0.28077,-25.328,18.652,-2.727,54.35
0.85612,-0.43361,-0.02252,0.28025,-25.376,18.719,-2.7859,54.4
0.85594,-0.43439,-0.022811,0.27957,-25.426,18.782,-2.8441,54.45
0.85574,-0.43497,-0.023105,0.27924,-25.473,18.844,-2.9016,54.5
0.85558,-0.43559,-0.023407,0.27873,-25.519,18.906,-2.9584,54.55
0.85533,-0.43646,-0.023604,0.27813,-25.563,18.967,-3.0144,54.6
0.85505,-0.4373,-0.02409,0.27762,-25.606,19.027,-3.0697,54.65
0.85481,-0.43792,-0.024322,0.27736,-25.642,19.094,-3.1244,54.7
0.85465,-0.43853,-0.024617,0.27689,-25.681,19.154,-3.1782,54.75
0.85437,-0.4392,-0.025154,0.27664,-25.718,19.213,-3.2313,54.8
0.85406,-0.44009,-0.025124,0.27617,-25.751,19.275,-3.2836,54.85
0.85383,-0.44075,-0.025294,0.27581,-25.784,19.334,-3.3352,54.9
0.8537,-0.44119,-0.025576,0.27548,-25.816,19.392,-3.3859,54.95
0.85346,-0.44187,-0.026013,0.27511,-25.846,19.449,-3.4358,55
0.85337,-0.44239,-0.026333,0.27451,-25.875,19.506,-3.4848,55.05
0.85322,-0.44307,-0.026515,0.27385,-25.901,19.562,-3.533,55.1
0.85307,-0.44361,-0.026689,0.27345,-25.92,19.625,-3.5804,55.15
0.85286,-0.44438,-0.027058,0.27282,-25.943,19.68,-3.6269,55.2
0.85262,-0.44519,-0.027316,0.27221,-25.964,19.735,-3.6725,55.25
0.85242,-0.44584,-0.027743,0.27174,-25.981,19.792,-3.7173,55.3
0.85225,-0.44638,-0.028043,0.27135,-25.998,19.846,-3.7611,55.35
0.85211,-0.44698,-0.028334,0.27076,-26.013,19.899,-3.8041,55.4
0.85186,-0.44777,-0.028498,0.27023,-26.026,19.952,-3.8461,55.45
0.85165,-0.44845,-0.028844,0.26975,-26.037,20.005,-3.8872,55.5
0.85138,-0.44917,-0.029139,0.26934,-26.046,20.058,-3.9274,55.55
0.85116,-0.44983,-0.02947,0.26892,-26.049,20.117,-3.9667,55.6
0.85092,-0.45051,-0.029902,0.26847,-26.054,20.168,-4.005,55.65
0.85076,-0.4511,-0.030192,0.26798,-26.058,20.22,-4.0423,55.7
0.85052,-0.45188,-0.030515,0.26737,-26.057,20.274,-4.0788,55.75
0.85037,-0.45249,-0.031007,0.26676,-26.056,20.325,-4.1142,55.8
0.85018,-0.45314,-0.031353,0.26622,-26.054,20.375,-4.1487,55.85
0.85013,-0.45371,-0.031816,0.26535,-26.05,20.425,-4.1821,55.9
0.84989,-0.45442,-0.032353,0.26483,-26.044,20.474,-4.2146,55.95
0.84969,-0.4551,-0.032634,0.26428,-26.036,20.524,-4.2461,56
0.84942,-0.45588,-0.032974,0.26378,-26.021,20.579,-4.2765,56.05
0.84919,-0.45669,-0.033396,0.26305,-26.009,20.627,-4.3059,56.1
0.84896,-0.4574,-0.033629,0.26252,-25.995,20.675,-4.3343,56.15
0.8487,-0.45811,-0.034109,0.26208,-25.977,20.727,-4.3617,56.2
0.84851,-0.45878,-0.034406,0.26149,-25.959,20.774,-4.388,56.25
0.84832,-0.45937,-0.034684,0.26101,-25.938,20.823,-4.4134,56.3
0.84815,-0.45993,-0.035,0.26052,-25.916,20.87,-4.4376,56.35
0.84798,-0.4606,-0.035338,0.25987,-25.892,20.917,-4.4608,56.4
0.84779,-0.46123,-0.035605,0.25932,-25.866,20.962,-4.4829,56.45
0.84772,-0.46157,-0.035851,0.25892,-25.833,21.014,-4.504,56.5
0.84746,-0.46232,-0.036238,0.25837,-25.803,21.058,-4.524,56.55
0.84735,-0.46284,-0.036658,0.25774,-25.766,21.095,-4.5431,56.6
0.84709,-0.46349,-0.037249,0.25736,-25.721,21.132,-4.5611,56.65
0.84687,-0.46407,-0.037413,0.257,-25.676,21.165,-4.5781,56.7
0.8466,-0.46474,-0.037656,0.25665,-25.63,21.197,-4.5941,56.75
0.84643,-0.46521,-0.038129,0.25626,-25.581,21.228,-4.6089,56.8
0.84618,-0.46591,-0.038469,0.25578,-25.53,21.26,-4.6227,56.85
0.84598,-0.46661,-0.038774,0.25512,-25.478,21.29,-4.6354,56.9
0.84583,-0.46724,-0.039145,0.25441,-25.418,21.327,-4.647,56.95
0.84567,-0.4678,-0.039512,0.25386,-25.362,21.357,-4.6575,57
0.84549,-0.46837,-0.039918,0.25333,-25.304,21.387,-4.6669,57.05
0.84526,-0.46906,-0.040328,0.25279,-25.241,21.42,-4.6752,57.1
0.84507,-0.46976,-0.040557,0.25205,-25.18,21.45,-4.6824,57.15
0.84488,-0.47039,-0.040851,0.25146,-25.116,21.479,-4.6885,57.2
0.84458,-0.47118,-0.041153,0.25097,-25.051,21.508,-4.6934,57.25
0.84434,-0.47179,-0.041523,0.25054,-24.984,21.536,-4.6973,57.3
0.84409,-0.47253,-0.041781,0.24996,-24.916,21.565,-4.7001,57.35
0.8439,-0.47314,-0.042112,0.24939,-24.839,21.6,-4.7018,57.4
0.84367,-0.47375,-0.04258,0.24894,-24.767,21.629,-4.7023,57.45
0.84337,-0.47451,-0.042916,0.24843,-24.693,21.658,-4.7017,57.5
0.84319,-0.47504,-0.043278,0.24799,-24.614,21.689,-4.7001,57.55
0.84307,-0.47558,-0.043662,0.24728,-24.536,21.717,-4.6973,57.6
0.84281,-0.47621,-0.044078,0.24688,-24.457,21.745,-4.6933,57.65
0.84261,-0.47679,-0.044541,0.24635,-24.376,21.771,-4.6883,57.7
0.84255,-0.47722,-0.044731,0.24569,-24.292,21.797,-4.6821,57.75
0.84236,-0.47788,-0.045084,0.24499,-24.207,21.823,-4.6746,57.8
0.84215,-0.47843,-0.045551,0.24456,-24.114,21.855,-4.6662,57.85
0.84193,-0.47899,-0.04584,0.24419,-24.025,21.881,-4.6567,57.9
0.84167,-0.47967,-0.046201,0.24367,-23.934,21.907,-4.6462,57.95
0.84151,-0.48018,-0.04663,0.24313,-23.838,21.935,-4.6345,58
0.84125,-0.48086,-0.046934,0.24263,-23.744,21.96,-4.6217,58.05
0.84105,-0.48133,-0.047522,0.24227,-23.648,21.985,-4.6078,58.1
0.84086,-0.48179,-0.048027,0.24193,-23.551,22.01,-4.5927,58.15
0.84078,-0.48218,-0.048531,0.24133,-23.452,22.034,-4.5766,58.2
0.84055,-0.48287,-0.048736,0.24072,-23.351,22.06,-4.5594,58.25
0.84034,-0.48347,-0.049054,0.24016,-23.243,22.09,-4.5411,58.3
0.84019,-0.48398,-0.049465,0.23958,-23.139,22.114,-4.5217,58.35
0.83997,-0.48457,-0.049714,0.2391,-23.032,22.139,-4.5013,58.4
0.83982,-0.48503,-0.050021,0.23864,-22.922,22.166,-4.4797,58.45
0.83955,-0.48573,-0.050423,0.23807,-22.813,22.189,-4.4571,58.5
0.83929,-0.48636,-0.050809,0.23763,-22.702,22.212,-4.4334,58.55
0.83914,-0.48694,-0.051133,0.23689,-22.589,22.236,-4.4087,58.6
0.83896,-0.48746,-0.051563,0.23636,-22.474,22.26,-4.3829,58.65
0.8387,-0.48805,-0.052016,0.23598,-22.359,22.283,-4.356,58.7
0.83849,-0.48871,-0.05201,0.23537,-22.235,22.312,-4.3282,58.75
0.83839,-0.48914,-0.052544,0.23468,-22.116,22.334,-4.2992,58.8
0.8382,-0.4897,-0.052917,0.23413,-21.996,22.357,-4.2693,58.85
0.83806,-0.49012,-0.053291,0.23365,-21.87,22.383,-4.2383,58.9
0.83793,-0.49065,-0.053546,0.23296,-21.746,22.405,-4.2063,58.95
0.83767,-0.49127,-0.053967,0.23248,-21.621,22.427,-4.1733,59
0.83746,-0.49189,-0.054485,0.23181,-21.495,22.449,-4.1392,59.05
0.83732,-0.49239,-0.054825,0.23118,-21.366,22.471,-4.1042,59.1
0.83789,-0.4911,-0.061762,0.2301,-17.242,27.985,-4.4288,59.15
0.83802,-0.49105,-0.062638,0.2295,-17.085,28.048,-4.3965,59.2
0.83804,-0.49098,-0.062655,0.22955,-16.929,28.108,-4.3628,59.25
0.83732,-0.49254,-0.063436,0.22863,-16.775,28.168,-4.3247,59.3
0.83682,-0.49318,-0.064662,0.22876,-16.618,28.228,-4.2881,59.35
0.83715,-0.49331,-0.064284,0.22734,-16.462,28.284,-4.2492,59.4
0.83694,-0.49384,-0.063995,0.22706,-16.304,28.341,-4.2108,59.45
0.83703,-0.4938,-0.065067,0.22654,-16.145,28.397,-4.1711,59.5
0.83634,-0.49529,-0.065336,0.22573,-15.985,28.452,-4.1298,59.55
0.83601,-0.49598,-0.065853,0.22529,-15.824,28.504,-4.0892,59.6
0.83525,-0.49711,-0.066242,0.2255,-15.654,28.563,-4.0455,59.65
0.83553,-0.49712,-0.065986,0.2245,-15.49,28.614,-4.0031,59.7
0.83556,-0.497,-0.067312,0.22428,-15.324,28.664,-3.958,59.75
0.83487,-0.49871,-0.068015,0.22286,-15.154,28.715,-3.9107,59.8
0.83454,-0.49955,-0.068075,0.22216,-14.987,28.767,-3.8637,59.85
0.83465,-0.49931,-0.067364,0.22249,-14.818,28.813,-3.817,59.9
0.83469,-0.49949,-0.068604,0.22157,-14.648,28.862,-3.769,59.95
0.83398,-0.50081,-0.068571,0.22128,-14.479,28.908,-3.7183,60
0.83375,-0.50133,-0.069101,0.22079,-14.308,28.955,-3.67,60.05
0.83352,-0.50206,-0.069422,0.21992,-14.128,29.002,-3.6189,60.1
0.83294,-0.50293,-0.070023,0.21994,-13.954,29.045,-3.5684,60.15
0.83298,-0.50288,-0.0704,0.21975,-13.78,29.089,-3.5155,60.2
0.83277,-0.50372,-0.069924,0.21881,-13.601,29.133,-3.4604,60.25
0.83281,-0.5038,-0.070661,0.21824,-13.424,29.174,-3.4074,60.3
0.83213,-0.50475,-0.07142,0.21837,-13.247,29.215,-3.3534,60.35
0.83167,-0.5061,-0.072166,0.21677,-13.07,29.254,-3.2967,60.4
0.83159,-0.5062,-0.072766,0.21663,-12.89,29.293,-3.2398,60.45
0.83126,-0.50716,-0.07224,0.2158,-12.71,29.331,-3.1841,60.5
0.83118,-0.50748,-0.072371,0.21532,-12.522,29.37,-3.1272,60.55
0.83069,-0.50848,-0.073811,0.21437,-12.341,29.406,-3.0686,60.6
0.83097,-0.50827,-0.074,0.21371,-12.158,29.441,-3.0078,60.65
0.83029,-0.50896,-0.07441,0.21458,-11.971,29.475,-2.9493,60.7
0.83049,-0.50943,-0.074123,0.21279,-11.787,29.507,-2.8879,60.75
0.82996,-0.5106,-0.074336,0.21194,-11.602,29.54,-2.8272,60.8
0.82919,-0.5115,-0.075427,0.21244,-11.417,29.572,-2.7652,60.85
0.82956,-0.51139,-0.075209,0.2113,-11.23,29.603,-2.7033,60.9
0.8291,-0.51212,-0.076401,0.21091,-11.042,29.629,-2.6404,60.95
0.82881,-0.51281,-0.076287,0.21045,-10.847,29.66,-2.5767,61
0.82876,-0.51322,-0.076436,0.20958,-10.658,29.688,-2.5117,61.05
0.82872,-0.51338,-0.077257,0.20903,-10.469,29.713,-2.4462,61.1
0.82841,-0.5139,-0.077616,0.20885,-10.275,29.74,-2.3817,61.15
0.82807,-0.51483,-0.077913,0.20777,-10.084,29.764,-2.3163,61.2
0.82756,-0.51557,-0.077967,0.20796,-9.893,29.786,-2.2487,61.25
0.82719,-0.51602,-0.078529,0.20813,-9.7008,29.809,-2.1827,61.3
0.82625,-0.51772,-0.079254,0.20735,-9.5088,29.831,-2.1137,61.35
0.82711,-0.51694,-0.080143,0.20554,-9.3164,29.85,-2.0457,61.4
0.82664,-0.51773,-0.080412,0.2053,-9.1166,29.871,-1.9784,61.45
0.82608,-0.51863,-0.080405,0.20531,-8.923,29.888,-1.9078,61.5
0.82605,-0.51906,-0.080141,0.20445,-8.7284,29.905,-1.8385,61.55
0.82529,-0.52049,-0.080801,0.2036,-8.5306,29.924,-1.7693,61.6
0.82518,-0.52062,-0.081646,0.2034,-8.3355,29.938,-1.6997,61.65
0.82487,-0.52133,-0.081752,0.2028,-8.1404,29.951,-1.6302,61.7
0.82485,-0.52156,-0.081872,0.20223,-7.9436,29.964,-1.5577,61.75
0.82463,-0.522,-0.082094,0.20189,-7.7477,29.979,-1.4875,61.8
0.82417,-0.52297,-0.082732,0.20101,-7.5517,29.991,-1.4157,61.85
0.82399,-0.52353,-0.082799,0.20025,-7.3473,30.002,-1.3446,61.9
0.82399,-0.52359,-0.083093,0.19995,-7.1499,30.012,-1.2723,61.95
0.82346,-0.52442,-0.083498,0.1998,-6.9518,30.02,-1.1992,62
0.82311,-0.52512,-0.083522,0.1994,-6.7497,30.027,-1.1251,62.05
0.82277,-0.52603,-0.083639,0.19835,-6.5513,30.034,-1.054,62.1
0.82253,-0.52622,-0.084784,0.19834,-6.3523,30.037,-0.98024,62.15
0.82241,-0.52678,-0.085949,0.19685,-6.1543,30.043,-0.90659,62.2
0.82195,-0.52741,-0.085583,0.19724,-5.9552,30.046,-0.83402,62.25
0.82203,-0.52735,-0.086703,0.19659,-5.7554,30.047,-0.75828,62.3
0.82123,-0.52872,-0.086398,0.1964,-5.549,30.048,-0.68357,62.35
0.82137,-0.52855,-0.086684,0.19616,-5.3503,30.049,-0.61008,62.4
0.8208,-0.53008,-0.087018,0.19423,-5.1507,30.048,-0.53635,62.45
0.82022,-0.53074,-0.087555,0.19465,-4.9472,30.046,-0.46204,62.5
0.82037,-0.53082,-0.088119,0.19353,-4.7478,30.043,-0.38609,62.55
0.81961,-0.53181,-0.088615,0.19384,-4.5471,30.041,-0.31156,62.6
0.81954,-0.53244,-0.088385,0.19248,-4.3469,30.033,-0.23724,62.65
0.81962,-0.53205,-0.088751,0.19306,-4.1474,30.028,-0.16157,62.7
0.81944,-0.53276,-0.089239,0.19161,-3.9484,30.021,-0.088532,62.75
0.81866,-0.53405,-0.09,0.19101,-3.7407,30.013,-0.012746,62.8
0.81859,-0.53409,-0.090186,0.19113,-3.5404,30.004,0.062453,62.85
0.81839,-0.53472,-0.090734,0.18995,-3.3412,29.994,0.13766,62.9
0.8179,-0.53546,-0.091152,0.1898,-3.138,29.983,0.21225,62.95
0.81765,-0.53593,-0.091327,0.18942,-2.9382,29.972,0.28571,63
0.81762,-0.53635,-0.091984,0.18805,-2.7393,29.958,0.36405,63.05
0.81733,-0.53697,-0.092105,0.18746,-2.5398,29.945,0.43634,63.1
0.81713,-0.5374,-0.09196,0.18718,-2.3398,29.93,0.5124,63.15
0.81629,-0.53872,-0.093298,0.18641,-2.1416,29.913,0.58752,63.2
0.81603,-0.53914,-0.093395,0.18628,-1.9349,29.896,0.6609,63.25
0.81627,-0.53888,-0.093822,0.18575,-1.7361,29.878,0.73526,63.3
0.81557,-0.54,-0.094054,0.18548,-1.5378,29.859,0.81023,63.35
0.81524,-0.54074,-0.094011,0.18479,-1.3356,29.839,0.88323,63.4
0.81481,-0.54139,-0.094532,0.18452,-1.1379,29.816,0.95717,63.45
0.81444,-0.54223,-0.094672,0.18364,-0.9403,29.795,1.0298,63.5
0.81446,-0.54237,-0.095132,0.18285,-0.74285,29.771,1.1033,63.55
0.81431,-0.54265,-0.095769,0.18237,-0.5456,29.749,1.1761,63.6
0.81417,-0.543,-0.095844,0.1819,-0.34952,29.724,1.2499,63.65
0.8133,-0.54452,-0.096235,0.18108,-0.14604,29.697,1.3215,63.7
0.81322,-0.54478,-0.096283,0.18062,0.049399,29.67,1.3948,63.75
0.81305,-0.54503,-0.096742,0.18034,0.24512,29.642,1.4669,63.8
0.81242,-0.54593,-0.097717,0.17995,0.44332,29.612,1.5391,63.85
0.81225,-0.54635,-0.098017,0.17928,0.63789,29.583,1.6097,63.9
0.81228,-0.54657,-0.098417,0.17824,0.83156,29.551,1.6808,63.95
0.81153,-0.54773,-0.098926,0.17786,1.025,29.52,1.7514,64
0.81121,-0.5483,-0.099252,0.17736,1.2183,29.487,1.8211,64.05
0.81099,-0.54879,-0.099367,0.17678,1.4112,29.453,1.8921,64.1
0.8109,-0.54904,-0.099928,0.17609,1.6112,29.418,1.9614,64.15
0.81026,-0.54991,-0.10051,0.17598,1.8021,29.382,2.0306,64.2
0.81045,-0.54989,-0.10092,0.17493,1.9927,29.346,2.0974,64.25
0.80976,-0.55087,-0.10139,0.17478,2.1865,29.307,2.166,64.3
0.80953,-0.55146,-0.10139,0.17397,2.3758,29.269,2.2337,64.35
0.80923,-0.5519,-0.10187,0.17372,2.5652,29.23,2.301,64.4
0.80892,-0.55247,-0.10205,0.17324,2.7537,29.189,2.3687,64.45
0.80866,-0.55296,-0.10275,0.17246,2.9414,29.148,2.4347,64.5
0.80816,-0.5539,-0.1025,0.17197,3.1278,29.106,2.4994,64.55
0.80783,-0.55461,-0.10269,0.17108,3.3213,29.062,2.5649,64.6
0.80753,-0.55494,-0.10365,0.17089,3.5065,29.017,2.6285,64.65
0.80729,-0.55543,-0.1037,0.17037,3.691,28.973,2.6933,64.7
0.80671,-0.55618,-0.10461,0.17013,3.8784,28.925,2.756,64.75
0.80684,-0.55617,-0.10518,0.16918,4.062,28.879,2.8181,64.8
0.80625,-0.55711,-0.10541,0.16873,4.2447,28.831,2.88,64.85
0.80602,-0.55762,-0.10533,0.16823,4.4263,28.782,2.9418,64.9
0.8057,-0.55818,-0.10563,0.16773,4.6067,28.734,3.0021,64.95
0.80531,-0.55896,-0.10615,0.16666,4.7863,28.683,3.0631,65
0.80512,-0.55916,-0.10639,0.16673,4.9725,28.63,3.1219,65.05
0.8046,-0.56006,-0.10654,0.16615,5.1508,28.578,3.181,65.1
0.80439,-0.56061,-0.10725,0.1648,5.3275,28.525,3.2376,65.15
0.80411,-0.56101,-0.10748,0.16471,5.5072,28.472,3.2943,65.2
0.8036,-0.56169,-0.10832,0.1643,5.6822,28.417,3.3516,65.25
0.80354,-0.56175,-0.10865,0.16419,5.8562,28.36,3.4076,65.3
0.80294,-0.56281,-0.10878,0.16341,6.0297,28.304,3.4618,65.35
0.80282,-0.56311,-0.1096,0.16242,6.2022,28.248,3.5164,65.4
0.80255,-0.56368,-0.10883,0.16228,6.3728,28.19,3.5697,65.45
0.80215,-0.56434,-0.10966,0.16143,6.5496,28.128,3.6228,65.5
0.80201,-0.56452,-0.11023,0.16108,6.7185,28.068,3.674,65.55
0.80146,-0.56539,-0.11071,0.16044,6.887,28.009,3.7254,65.6
0.80129,-0.56586,-0.11082,0.15959,7.0566,27.945,3.7752,65.65
0.80094,-0.56639,-0.11108,0.15925,7.2227,27.884,3.8247,65.7
0.80047,-0.56716,-0.11123,0.15876,7.3878,27.822,3.8726,65.75
0.80031,-0.5675,-0.11169,0.15803,7.5515,27.757,3.9206,65.8
0.8,-0.56788,-0.11251,0.15765,7.714,27.693,3.9672,65.85
0.79968,-0.56856,-0.11244,0.15686,7.875,27.629,4.0124,65.9
0.79921,-0.56918,-0.11337,0.15637,8.0418,27.56,4.0575,65.95
0.7988,-0.56999,-0.11295,0.1558,8.2002,27.493,4.1016,66
0.79841,-0.57045,-0.11385,0.15544,8.3572,27.425,4.146,66.05
0.79813,-0.57087,-0.11394,0.15526,8.5175,27.355,4.1877,66.1
0.79774,-0.57153,-0.11497,0.15412,8.6735,27.287,4.2287,66.15
0.79748,-0.57206,-0.11452,0.15384,8.8266,27.217,4.2696,66.2
0.79687,-0.57284,-0.1155,0.15334,8.9799,27.147,4.3085,66.25
0.79684,-0.57298,-0.11541,0.15303,9.13,27.075,4.3467,66.3
0.79645,-0.5737,-0.11596,0.15196,9.2801,27.004,4.3851,66.35
0.7962,-0.57385,-0.11714,0.15177,9.4354,26.928,4.4198,66.4
0.79591,-0.57449,-0.11665,0.15128,9.5827,26.856,4.4557,66.45
0.79553,-0.57503,-0.11729,0.15073,9.7285,26.782,4.4916,66.5
0.79548,-0.57528,-0.11706,0.15022,9.8767,26.707,4.5238,66.55
0.79504,-0.57582,-0.11864,0.14924,10.019,26.63,4.5561,66.6
0.79419,-0.57701,-0.11887,0.14897,10.161,26.555,4.5874,66.65
0.79379,-0.57794,-0.11886,0.14754,10.302,26.477,4.6177,66.7
0.79368,-0.57805,-0.11974,0.14696,10.44,26.399,4.6492,66.75
0.79339,-0.57847,-0.11971,0.14689,10.578,26.324,4.6772,66.8
0.7934,-0.57842,-0.12005,0.14676,10.72,26.24,4.7044,66.85
0.79232,-0.58018,-0.11922,0.1463,10.854,26.161,4.7291,66.9
0.79222,-0.58033,-0.12012,0.14551,10.987,26.081,4.7546,66.95
0.79164,-0.58126,-0.12001,0.14501,11.121,26,4.7798,67
0.7918,-0.58124,-0.12057,0.14383,11.251,25.919,4.8015,67.05
0.79136,-0.5818,-0.1214,0.14326,11.38,25.837,4.823,67.1
0.7917,-0.58138,-0.12176,0.14278,11.506,25.754,4.8438,67.15
0.79037,-0.58315,-0.12229,0.14248,11.631,25.671,4.8656,67.2
0.78983,-0.584,-0.12284,0.1415,11.755,25.587,4.884,67.25
0.7903,-0.58345,-0.12278,0.14122,11.883,25.499,4.9002,67.3
0.78938,-0.58469,-0.1236,0.14053,12.004,25.417,4.9153,67.35
0.78906,-0.58533,-0.12264,0.14043,12.125,25.332,4.932,67.4
0.78918,-0.58519,-0.12362,0.13948,12.244,25.243,4.9483,67.45
0.78875,-0.58574,-0.12502,0.1384,12.359,25.157,4.9596,67.5
0.78837,-0.58628,-0.125,0.13827,12.473,25.071,4.9735,67.55
0.78738,-0.58756,-0.12506,0.13842,12.587,24.985,4.9831,67.6
0.78814,-0.58671,-0.12513,0.13766,12.697,24.898,4.9924,67.65
0.78735,-0.58779,-0.12612,0.13669,12.806,24.809,5.0033,67.7
0.78716,-0.5882,-0.12561,0.13644,12.919,24.715,5.0084,67.75
0.78622,-0.58953,-0.12637,0.13543,13.026,24.627,5.0166,67.8
0.78573,-0.59003,-0.12748,0.13505,13.129,24.538,5.0226,67.85
0.78534,-0.59067,-0.12685,0.13514,13.234,24.446,5.0256,67.9
0.78533,-0.59068,-0.12771,0.13429,13.334,24.356,5.0301,67.95
0.78521,-0.59086,-0.12853,0.13345,13.434,24.265,5.0311,68
0.78451,-0.59186,-0.12866,0.13299,13.531,24.175,5.0321,68.05
0.78444,-0.59199,-0.12925,0.13229,13.625,24.082,5.0315,68.1
0.78401,-0.5925,-0.12877,0.13299,13.719,23.99,5.0294,68.15
0.78354,-0.59334,-0.12946,0.13136,13.817,23.895,5.0281,68.2
0.78255,-0.59482,-0.12933,0.1307,13.908,23.802,5.0261,68.25
0.78284,-0.59446,-0.13023,0.12967,13.996,23.709,5.0199,68.3
0.78214,-0.59522,-0.13048,0.13018,14.085,23.612,5.0132,68.35
0.78163,-0.59584,-0.13145,0.12944,14.169,23.518,5.0073,68.4
0.78156,-0.59599,-0.13113,0.12945,14.253,23.424,4.9973,68.45
0.78071,-0.5975,-0.13084,0.12788,14.334,23.328,4.9908,68.5
0.7807,-0.59727,-0.13207,0.12779,14.414,23.236,4.9778,68.55
0.78055,-0.59751,-0.13266,0.12698,14.489,23.139,4.9681,68.6
0.78025,-0.59789,-0.13273,0.12695,14.571,23.04,4.955,68.65
0.77994,-0.59844,-0.1327,0.12633,14.645,22.944,4.9429,68.7
0.77904,-0.59986,-0.13301,0.12481,14.717,22.848,4.9272,68.75
0.77873,-0.59998,-0.13348,0.12566,14.789,22.748,4.9107,68.8
0.77875,-0.60001,-0.13442,0.12435,14.857,22.652,4.8939,68.85
0.77836,-0.60055,-0.13487,0.12366,14.923,22.553,4.8768,68.9
0.77786,-0.60131,-0.13452,0.12356,14.988,22.457,4.8577,68.95
0.77772,-0.60162,-0.13483,0.12256,15.049,22.359,4.8388,69
0.77776,-0.60163,-0.1352,0.12189,15.11,22.261,4.818,69.05
0.77661,-0.60303,-0.136,0.12139,15.173,22.159,4.7929,69.1
0.77656,-0.60329,-0.13606,0.12039,15.23,22.061,4.7713,69.15
0.77575,-0.60405,-0.1369,0.12078,15.285,21.963,4.745,69.2
0.77568,-0.60448,-0.13652,0.11954,15.34,21.862,4.7224,69.25
0.77502,-0.60521,-0.13734,0.11917,15.39,21.763,4.6937,69.3
0.77457,-0.60588,-0.13745,0.11856,15.439,21.665,4.6657,69.35
0.77472,-0.60563,-0.13796,0.11827,15.486,21.565,4.6359,69.4
0.77411,-0.60636,-0.13859,0.11782,15.531,21.465,4.6099,69.45
0.774,-0.60657,-0.13937,0.11649,15.573,21.366,4.5783,69.5
0.77316,-0.60763,-0.13937,0.11657,15.621,21.262,4.5466,69.55
0.77244,-0.60867,-0.13905,0.11629,15.66,21.163,4.5124,69.6
0.77265,-0.60835,-0.13978,0.11569,15.697,21.063,4.4777,69.65
0.7719,-0.60946,-0.1402,0.11429,15.733,20.96,4.4446,69.7
0.77162,-0.60962,-0.14135,0.11401,15.767,20.86,4.4074,69.75
0.77205,-0.6094,-0.14074,0.11298,15.798,20.759,4.3704,69.8
0.7711,-0.61051,-0.14111,0.11303,15.827,20.66,4.3334,69.85
0.77077,-0.61086,-0.14182,0.11248,15.855,20.559,4.2924,69.9
0.77048,-0.6112,-0.14234,0.11195,15.88,20.458,4.2564,69.95
0.77001,-0.612,-0.14207,0.11117,15.908,20.353,4.2137,70
0.76988,-0.61224,-0.14232,0.11041,15.928,20.252,4.1732,70.05
0.76889,-0.61327,-0.14359,0.10991,15.948,20.153,4.131,70.1
0.76934,-0.61269,-0.14386,0.10966,15.968,20.049,4.0871,70.15
0.76848,-0.61392,-0.14391,0.10876,15.984,19.949,4.0433,70.2
0.76827,-0.61419,-0.14445,0.10797,15.997,19.849,3.9984,70.25
0.76802,-0.61467,-0.14388,0.10778,16.008,19.748,3.9529,70.3
0.76747,-0.61541,-0.14437,0.10686,16.017,19.648,3.9044,70.35
0.76694,-0.61607,-0.14529,0.10557,16.025,19.548,3.8569,70.4
0.76664,-0.61613,-0.14617,0.10621,16.036,19.443,3.8079,70.45
0.76663,-0.61628,-0.14583,0.10587,16.038,19.343,3.7574,70.5
0.76592,-0.61725,-0.14659,0.10433,16.039,19.243,3.7079,70.55
0.76517,-0.61831,-0.14619,0.1041,16.041,19.141,3.6576,70.6
0.76463,-0.61894,-0.14677,0.1035,16.036,19.039,3.6036,70.65
0.76466,-0.61887,-0.14726,0.10303,16.033,18.941,3.5511,70.7
0.76407,-0.61961,-0.14778,0.10216,16.026,18.841,3.4961,70.75
0.76371,-0.62028,-0.14742,0.10131,16.017,18.741,3.4449,70.8
0.76307,-0.62112,-0.14757,0.10082,16.007,18.64,3.3877,70.85
0.76317,-0.62076,-0.14885,0.10033,15.999,18.536,3.331,70.9
0.76224,-0.62181,-0.14926,0.10034,15.984,18.436,3.2763,70.95
0.76221,-0.62176,-0.14984,0.10002,15.966,18.337,3.2189,71
0.76199,-0.62203,-0.15039,0.099209,15.951,18.237,3.1615,71.05
0.7615,-0.62265,-0.15079,0.098412,15.929,18.137,3.1013,71.1
0.76051,-0.624,-0.15042,0.0981,15.906,18.039,3.0412,71.15
0.7605,-0.62426,-0.15046,0.096469,15.883,17.941,2.981,71.2
0.75985,-0.62463,-0.15179,0.097077,15.856,17.843,2.9189,71.25
0.76014,-0.62454,-0.15124,0.096256,15.827,17.745,2.8584,71.3
0.75976,-0.62483,-0.152,0.096126,15.801,17.642,2.7963,71.35
0.75846,-0.62637,-0.15238,0.095803,15.769,17.544,2.732,71.4
0.75845,-0.62646,-0.15292,0.094459,15.735,17.448,2.6698,71.45
0.75791,-0.62714,-0.15295,0.094182,15.701,17.348,2.608,71.5
0.75712,-0.62808,-0.15309,0.094045,15.661,17.251,2.5432,71.55
0.75666,-0.62856,-0.15386,0.093275,15.62,17.153,2.4754,71.6
0.75699,-0.62835,-0.15387,0.091981,15.578,17.058,2.41,71.65
0.75625,-0.62929,-0.154,0.091502,15.533,16.962,2.3457,71.7
0.75547,-0.62998,-0.15487,0.091726,15.487,16.867,2.2786,71.75
0.75541,-0.6302,-0.15479,0.09079,15.443,16.768,2.2092,71.8
0.75559,-0.63001,-0.1557,0.089022,15.392,16.672,2.1425,71.85
0.75491,-0.63089,-0.15554,0.088846,15.339,16.577,2.0752,71.9
0.75453,-0.63119,-0.15617,0.088893,15.287,16.481,2.0075,71.95
0.75439,-0.63161,-0.15582,0.087731,15.23,16.386,1.9369,72
0.75341,-0.63265,-0.15651,0.087409,15.174,16.294,1.8668,72.05
0.75331,-0.63277,-0.15651,0.087353,15.113,16.2,1.7979,72.1
0.75262,-0.63331,-0.1578,0.087038,15.052,16.109,1.7256,72.15
0.75222,-0.63397,-0.15761,0.086054,14.988,16.016,1.6573,72.2
0.75175,-0.63451,-0.15811,0.085203,14.926,15.919,1.5866,72.25
0.7512,-0.63505,-0.15903,0.084425,14.858,15.827,1.5131,72.3
0.7509,-0.63549,-0.15861,0.084538,14.789,15.736,1.4426,72.35
0.75101,-0.63509,-0.15963,0.084574,14.72,15.642,1.3699,72.4
0.75063,-0.63594,-0.15878,0.083153,14.647,15.552,1.298,72.45
0.75029,-0.63601,-0.1602,0.083033,14.573,15.463,1.2254,72.5
0.74937,-0.63706,-0.1602,0.083254,14.496,15.374,1.1532,72.55
0.74907,-0.63752,-0.16056,0.081721,14.417,15.285,1.0779,72.6
0.7485,-0.63823,-0.1604,0.081783,14.336,15.195,1.0037,72.65
0.74839,-0.63806,-0.1619,0.081116,14.257,15.104,0.93132,72.7
0.74811,-0.63873,-0.16109,0.08007,14.173,15.017,0.85742,72.75
0.74732,-0.63975,-0.16106,0.07927,14.088,14.931,0.78313,72.8
0.74707,-0.63979,-0.1623,0.078782,14.001,14.841,0.71028,72.85
0.74671,-0.64006,-0.16287,0.078816,13.912,14.756,0.63463,72.9
0.74612,-0.64105,-0.16182,0.07854,13.821,14.669,0.56135,72.95
0.7451,-0.64189,-0.16366,0.077554,13.727,14.585,0.48656,73
0.74491,-0.64189,-0.16451,0.077593,13.632,14.5,0.40999,73.05
0.74467,-0.64252,-0.1637,0.076356,13.535,14.416,0.33685,73.1
0.74393,-0.6433,-0.16456,0.075239,13.442,14.33,0.26115,73.15
0.74422,-0.64279,-0.16499,0.075793,13.341,14.246,0.18508,73.2
0.74336,-0.64394,-0.16497,0.07446,13.239,14.165,0.11056,73.25
0.74321,-0.64395,-0.16563,0.074428,13.138,14.082,0.036211,73.3
0.74264,-0.64469,-0.16595,0.072912,13.031,14.001,-0.037876,73.35
0.74247,-0.64481,-0.16661,0.072059,12.924,13.92,-0.11292,73.4
0.74189,-0.64554,-0.16652,0.07175,12.816,13.841,-0.18866,73.45
0.74128,-0.64617,-0.16705,0.071171,12.706,13.763,-0.26393,73.5
0.74046,-0.64702,-0.16732,0.071376,12.595,13.684,-0.33932,73.55
0.7397,-0.64787,-0.16751,0.071085,12.484,13.602,-0.41269,73.6
0.73999,-0.64755,-0.16815,0.0694,12.367,13.525,-0.48782,73.65
0.73937,-0.64804,-0.16894,0.069497,12.251,13.448,-0.56166,73.7
0.73906,-0.64841,-0.16954,0.067876,12.135,13.371,-0.63731,73.75
0.73904,-0.64836,-0.16987,0.067838,12.014,13.295,-0.71187,73.8
0.73826,-0.64947,-0.169,0.067784,11.893,13.221,-0.78421,73.85
0.73764,-0.65007,-0.16973,0.066998,11.768,13.147,-0.86107,73.9
0.73714,-0.65038,-0.17087,0.06657,11.645,13.076,-0.93488,73.95
0.73716,-0.65026,-0.17127,0.066509,11.518,13.003,-1.0076,74
0.73677,-0.65097,-0.1707,0.065347,11.393,12.928,-1.0799,74.05
0.73633,-0.65149,-0.17109,0.064132,11.264,12.857,-1.1536,74.1
0.73563,-0.65202,-0.1721,0.063984,11.133,12.785,-1.2262,74.15
0.73512,-0.6528,-0.17134,0.063998,11.001,12.714,-1.2984,74.2
0.7349,-0.65299,-0.17207,0.062535,10.867,12.645,-1.3712,74.25
0.73442,-0.65334,-0.17284,0.062448,10.732,12.578,-1.4422,74.3
0.73462,-0.65339,-0.17227,0.061192,10.594,12.51,-1.5116,74.35
0.73324,-0.65469,-0.17311,0.061414,10.456,12.444,-1.5851,74.4
0.73304,-0.65499,-0.17307,0.060686,10.316,12.379,-1.656,74.45
0.73245,-0.65556,-0.17372,0.059857,10.177,12.311,-1.7276,74.5
0.73177,-0.65608,-0.17455,0.060027,10.035,12.247,-1.7973,74.55
0.73079,-0.65725,-0.17472,0.058672,9.8908,12.183,-1.8668,74.6
0.73131,-0.65665,-0.17494,0.058193,9.7473,12.119,-1.9354,74.65
0.73127,-0.65665,-0.17505,0.058464,9.6001,12.057,-2.0033,74.7
0.73023,-0.65794,-0.1748,0.057651,9.4518,11.995,-2.0722,74.75
0.72973,-0.65814,-0.17626,0.057291,9.3034,11.936,-2.14,74.8
0.72977,-0.65831,-0.17586,0.05596,9.153,11.878,-2.2081,74.85
0.7293,-0.65838,-0.17774,0.055296,8.9994,11.817,-2.2729,74.9
0.72864,-0.6594,-0.17693,0.054564,8.8489,11.757,-2.3401,74.95
0.72879,-0.65908,-0.1775,0.054543,8.6951,11.7,-2.4063,75
0.7281,-0.65992,-0.17728,0.054284,8.5401,11.645,-2.4707,75.05
0.72753,-0.66059,-0.17731,0.053657,8.3826,11.586,-2.5371,75.1
0.72606,-0.662,-0.17853,0.052175,8.2255,11.534,-2.6001,75.15
0.72597,-0.66201,-0.17878,0.052367,8.0655,11.48,-2.6638,75.2
0.72611,-0.66185,-0.1789,0.051996,7.9039,11.427,-2.7257,75.25
0.72486,-0.66341,-0.17864,0.050453,7.7429,11.377,-2.7893,75.3
0.72511,-0.66286,-0.17979,0.050114,7.5795,11.326,-2.8521,75.35
0.72454,-0.66342,-0.18004,0.050011,7.417,11.272,-2.911,75.4
0.72412,-0.66375,-0.18069,0.049269,7.2518,11.224,-2.9718,75.45
0.7232,-0.66476,-0.18084,0.048724,7.0853,11.175,-3.0315,75.5
0.72297,-0.66516,-0.18039,0.048294,6.9182,11.125,-3.0906,75.55
0.7224,-0.66551,-0.18167,0.047188,6.7493,11.079,-3.1495,75.6
0.72228,-0.66586,-0.18086,0.047171,6.5802,11.034,-3.2062,75.65
0.72186,-0.66627,-0.18136,0.045936,6.4093,10.989,-3.2634,75.7
0.72106,-0.66703,-0.18197,0.045186,6.238,10.945,-3.3188,75.75
0.72052,-0.66723,-0.18339,0.045055,6.0651,10.903,-3.3752,75.8
0.72034,-0.66762,-0.18297,0.043728,5.8938,10.857,-3.4311,75.85
0.72012,-0.66808,-0.18232,0.043038,5.7189,10.817,-3.485,75.9
0.71943,-0.66849,-0.18336,0.04372,5.5432,10.777,-3.5367,75.95
0.71868,-0.6692,-0.18412,0.042155,5.3668,10.736,-3.5894,76
0.71844,-0.66945,-0.18415,0.042148,5.1904,10.698,-3.6399,76.05
0.71795,-0.66978,-0.18478,0.042459,5.0115,10.661,-3.6909,76.1
0.71735,-0.67047,-0.18482,0.041328,4.8314,10.625,-3.7398,76.15
0.71704,-0.67082,-0.18486,0.040971,4.6513,10.591,-3.7891,76.2
0.7168,-0.67109,-0.18514,0.039519,4.4689,10.555,-3.8393,76.25
0.71627,-0.67148,-0.18581,0.039318,4.2892,10.52,-3.8844,76.3
0.71618,-0.67153,-0.18617,0.038502,4.1066,10.487,-3.9309,76.35
0.71525,-0.67222,-0.18724,0.038449,3.9238,10.456,-3.976,76.4
0.71492,-0.67254,-0.18746,0.037811,3.741,10.425,-4.0202,76.45
0.71443,-0.67319,-0.18704,0.037623,3.5559,10.396,-4.0641,76.5
0.71358,-0.67413,-0.18709,0.03674,3.3703,10.367,-4.1066,76.55
0.71315,-0.67448,-0.18761,0.036033,3.1842,10.339,-4.1477,76.6
0.7128,-0.67465,-0.18834,0.0358,2.996,10.312,-4.1884,76.65
0.71251,-0.67495,-0.18853,0.035015,2.8087,10.287,-4.2302,76.7
0.71163,-0.67598,-0.18827,0.034505,2.6224,10.26,-4.2698,76.75
0.71135,-0.67632,-0.18832,0.033122,2.4327,10.236,-4.306,76.8
0.71121,-0.67622,-0.18925,0.032952,2.2423,10.213,-4.3413,76.85
0.71005,-0.67746,-0.18928,0.032485,2.0525,10.191,-4.3786,76.9
0.70968,-0.67756,-0.19041,0.031835,1.8609,10.17,-4.4136,76.95
0.70916,-0.67802,-0.19076,0.031521,1.6689,10.15,-4.4474,77
0.7085,-0.67863,-0.19116,0.030804,1.4764,10.131,-4.4803,77.05
0.70808,-0.67902,-0.19144,0.030265,1.2833,10.114,-4.5121,77.1
0.7076,-0.6795,-0.19161,0.029675,1.0898,10.097,-4.5429,77.15
0.70703,-0.67998,-0.19203,0.029188,0.89825,10.08,-4.5727,77.2
0.70648,-0.68048,-0.19238,0.028771,0.70379,10.065,-4.6014,77.25
0.70602,-0.68085,-0.1928,0.028417,0.50891,10.051,-4.629,77.3
0.7054,-0.68141,-0.19318,0.027899,0.31485,10.037,-4.6557,77.35
0.70491,-0.68183,-0.19354,0.027424,0.11919,10.025,-4.6812,77.4
0.70449,-0.6822,-0.19386,0.026855,-0.076822,10.014,-4.7056,77.45
0.7039,-0.68274,-0.19418,0.026277,-0.27316,10.004,-4.7289,77.5
0.7035,-0.68311,-0.19438,0.025727,-0.46982,9.9944,-4.7512,77.55
0.70302,-0.6835,-0.19481,0.025252,-0.66677,9.9861,-4.7724,77.6
0.7026,-0.6839,-0.19502,0.024567,-0.86157,9.9782,-4.7925,77.65
0.70228,-0.68415,-0.19537,0.023884,-1.059,9.9718,-4.8115,77.7
0.7019,-0.68449,-0.19564,0.023299,-1.2567,9.9665,-4.8294,77.75
0.70133,-0.68498,-0.196,0.022794,-1.4534,9.9619,-4.8463,77.8
0.70076,-0.68547,-0.19641,0.02228,-1.6515,9.9586,-4.862,77.85
0.70023,-0.68591,-0.19685,0.021629,-1.8498,9.9562,-4.8766,77.9
0.69972,-0.68628,-0.19739,0.021162,-2.0482,9.9547,-4.8901,77.95
0.69924,-0.6867,-0.19767,0.020752,-2.2468,9.9543,-4.9026,78
0.69889,-0.68697,-0.19802,0.020179,-2.4455,9.9548,-4.9139,78.05
0.69846,-0.68738,-0.19818,0.019674,-2.642,9.9562,-4.9241,78.1
0.698,-0.68781,-0.19838,0.019008,-2.8408,9.9587,-4.9332,78.15
0.69755,-0.68825,-0.19851,0.018271,-3.0397,9.9622,-4.9412,78.2
0.69691,-0.68882,-0.19879,0.017838,-3.2375,9.9667,-4.948,78.25
0.69641,-0.68929,-0.19899,0.017105,-3.4365,9.9721,-4.9538,78.3
0.69593,-0.68967,-0.19939,0.016571,-3.6356,9.9786,-4.9584,78.35
0.69523,-0.69027,-0.19979,0.016124,-3.8346,9.986,-4.9618,78.4
0.69476,-0.69071,-0.19995,0.015632,-4.0336,9.9944,-4.9642,78.45
0.69426,-0.69115,-0.20024,0.015092,-4.2325,10.004,-4.9654,78.5
0.69376,-0.6916,-0.20044,0.014656,-4.429,10.014,-4.9655,78.55
0.69345,-0.69186,-0.20066,0.014097,-4.6278,10.026,-4.9644,78.6
0.69288,-0.69234,-0.20102,0.013447,-4.8265,10.038,-4.9622,78.65
0.69234,-0.69279,-0.20139,0.012747,-5.0239,10.051,-4.959,78.7
0.69188,-0.69318,-0.20162,0.012121,-5.2224,10.066,-4.9545,78.75
0.69141,-0.69351,-0.20215,0.011438,-5.4207,10.081,-4.949,78.8
0.69088,-0.69388,-0.20273,0.01089,-5.6188,10.097,-4.9424,78.85
0.69021,-0.69448,-0.20299,0.010126,-5.8168,10.114,-4.9346,78.9
0.68972,-0.69489,-0.20328,0.009581,-6.0145,10.132,-4.9257,78.95
0.68922,-0.6953,-0.20357,0.0090578,-6.2096,10.152,-4.9157,79
0.68878,-0.69565,-0.20392,0.0083972,-6.4069,10.172,-4.9046,79.05
0.68822,-0.69607,-0.20439,0.0077631,-6.6039,10.193,-4.8923,79.1
0.6878,-0.69648,-0.20446,0.007084,-6.7995,10.215,-4.879,79.15
0.6874,-0.6968,-0.2047,0.006691,-6.9959,10.238,-4.8645,79.2
0.68685,-0.6972,-0.20521,0.0061621,-7.192,10.262,-4.849,79.25
0.68637,-0.69761,-0.20545,0.0056655,-7.3878,10.286,-4.8323,79.3
0.68586,-0.69799,-0.20586,0.0050182,-7.5832,10.312,-4.8145,79.35
0.68525,-0.6985,-0.20621,0.0044084,-7.7783,10.338,-4.7956,79.4
0.6847,-0.69895,-0.2065,0.0036082,-7.9705,10.367,-4.7757,79.45
0.68416,-0.69938,-0.20684,0.0030258,-8.1648,10.395,-4.7546,79.5
0.68359,-0.69981,-0.20727,0.0023622,-8.3586,10.425,-4.7325,79.55
0.68312,-0.70016,-0.20765,0.0016922,-8.5507,10.456,-4.7093,79.6
0.68265,-0.7005,-0.20807,0.00090027,-8.7437,10.487,-4.6851,79.65
0.68218,-0.70087,-0.20836,0.00020455,-8.9361,10.519,-4.6598,79.7
0.68172,-0.70126,-0.20854,-0.00032541,-9.1281,10.552,-4.6334,79.75
0.68123,-0.70169,-0.20871,-0.00083097,-9.3195,10.585,-4.606,79.8
0.68082,-0.70199,-0.209,-0.0015881,-9.5105,10.62,-4.5776,79.85
0.68027,-0.70246,-0.20925,-0.0019895,-9.6984,10.657,-4.5481,79.9
0.67975,-0.70285,-0.20959,-0.0025996,-9.8883,10.694,-4.5176,79.95
0.67929,-0.70319,-0.20996,-0.0031371,-10.078,10.731,-4.486,80
0.67868,-0.70373,-0.2101,-0.0038514,-10.265,10.77,-4.4535,80.05
0.67821,-0.70409,-0.2104,-0.0043945,-10.453,10.809,-4.4199,80.1
0.67769,-0.70445,-0.21084,-0.0049927,-10.641,10.849,-4.3853,80.15
0.67709,-0.70495,-0.21111,-0.0053949,-10.828,10.89,-4.3498,80.2
0.67656,-0.7054,-0.21128,-0.0061368,-11.014,10.931,-4.3132,80.25
0.67604,-0.70583,-0.2115,-0.0065756,-11.2,10.973,-4.2757,80.3
0.6755,-0.70629,-0.21166,-0.0072224,-11.382,11.019,-4.2372,80.35
0.67499,-0.7067,-0.21189,-0.0078577,-11.567,11.063,-4.1978,80.4
0.67456,-0.70703,-0.21214,-0.0085436,-11.75,11.108,-4.1574,80.45
0.67402,-0.7074,-0.2126,-0.0089463,-11.932,11.154,-4.116,80.5
0.67355,-0.7078,-0.21273,-0.0096948,-12.114,11.201,-4.0738,80.55
0.67304,-0.70821,-0.21296,-0.010215,-12.296,11.248,-4.0306,80.6
0.67258,-0.70853,-0.21331,-0.010967,-12.476,11.296,-3.9865,80.65
0.6722,-0.70878,-0.21363,-0.011693,-12.657,11.344,-3.9415,80.7
0.67169,-0.70916,-0.21394,-0.012115,-12.836,11.394,-3.8956,80.75
0.67113,-0.70949,-0.2146,-0.012525,-13.012,11.447,-3.8488,80.8
0.67054,-0.70999,-0.21475,-0.013115,-13.189,11.497,-3.8012,80.85
0.66993,-0.71048,-0.21498,-0.013704,-13.366,11.549,-3.7527,80.9
0.66945,-0.71088,-0.21514,-0.01424,-13.541,11.603,-3.7034,80.95
0.66893,-0.71123,-0.21558,-0.014823,-13.716,11.656,-3.6532,81
0.66837,-0.71165,-0.21588,-0.015538,-13.891,11.71,-3.6021,81.05
0.66779,-0.71214,-0.216,-0.016006,-14.064,11.764,-3.5502,81.1
0.66716,-0.71262,-0.21631,-0.016582,-14.237,11.82,-3.4975,81.15
0.66678,-0.7129,-0.21652,-0.017295,-14.408,11.875,-3.444,81.2
0.66618,-0.7134,-0.21668,-0.017811,-14.576,11.935,-3.3898,81.25
0.66561,-0.71385,-0.2169,-0.018469,-14.746,11.992,-3.3347,81.3
0.665,-0.71432,-0.21715,-0.019206,-14.915,12.05,-3.2789,81.35
0.66448,-0.71472,-0.21736,-0.019842,-15.082,12.11,-3.2224,81.4
0.66391,-0.71518,-0.21751,-0.020543,-15.249,12.169,-3.1651,81.45
0.66343,-0.71553,-0.21776,-0.021285,-15.415,12.228,-3.107,81.5
0.66297,-0.71583,-0.21811,-0.021875,-15.581,12.289,-3.0482,81.55
0.66239,-0.71626,-0.21843,-0.022523,-15.745,12.349,-2.9887,81.6
0.66183,-0.71667,-0.21869,-0.023239,-15.908,12.41,-2.9285,81.65
0.66142,-0.71696,-0.21892,-0.023741,-16.068,12.476,-2.8677,81.7
0.66102,-0.71722,-0.21923,-0.024293,-16.229,12.538,-2.8061,81.75
0.66049,-0.71759,-0.2195,-0.025049,-16.389,12.6,-2.7439,81.8
0.66003,-0.71795,-0.21964,-0.025785,-16.547,12.665,-2.6811,81.85
0.6595,-0.71835,-0.21987,-0.026526,-16.705,12.729,-2.6177,81.9
0.65894,-0.71878,-0.22004,-0.027134,-16.862,12.793,-2.5536,81.95
0.65845,-0.7192,-0.22009,-0.027533,-17.019,12.858,-2.4889,82
0.658,-0.71951,-0.22038,-0.027947,-17.174,12.922,-2.4236,82.05
0.6575,-0.71987,-0.22061,-0.028455,-17.328,12.988,-2.3578,82.1
0.65699,-0.72021,-0.22096,-0.028958,-17.478,13.057,-2.2915,82.15
0.65657,-0.72048,-0.22129,-0.029435,-17.63,13.123,-2.2246,82.2
0.65606,-0.72083,-0.22154,-0.030263,-17.781,13.19,-2.1571,82.25
0.65548,-0.72126,-0.22174,-0.030977,-17.929,13.258,-2.0892,82.3
0.65498,-0.72161,-0.22201,-0.03155,-18.078,13.326,-2.0208,82.35
0.65449,-0.72199,-0.22212,-0.03206,-18.226,13.393,-1.9519,82.4
0.65387,-0.72239,-0.22258,-0.032663,-18.373,13.461,-1.8825,82.45
0.65338,-0.7227,-0.22289,-0.033359,-18.518,13.529,-1.8127,82.5
0.65266,-0.72323,-0.22318,-0.034019,-18.663,13.597,-1.7424,82.55
0.65212,-0.72359,-0.22354,-0.034496,-18.803,13.67,-1.6718,82.6
0.65168,-0.72395,-0.22359,-0.03499,-18.945,13.738,-1.6007,82.65
0.65129,-0.72416,-0.22391,-0.035655,-19.086,13.807,-1.5293,82.7
0.65089,-0.72438,-0.22428,-0.036163,-19.224,13.878,-1.4574,82.75
0.65024,-0.72482,-0.22464,-0.036708,-19.363,13.948,-1.3853,82.8
0.64981,-0.72511,-0.22486,-0.037248,-19.501,14.017,-1.3127,82.85
0.64924,-0.72548,-0.2252,-0.03799,-19.638,14.086,-1.2399,82.9
0.6488,-0.72573,-0.22556,-0.038664,-19.773,14.156,-1.1667,82.95
0.64828,-0.72605,-0.22592,-0.039196,-19.907,14.226,-1.0932,83
0.64776,-0.72647,-0.22601,-0.039743,-20.036,14.3,-1.0195,83.05
0.64725,-0.72677,-0.22636,-0.040437,-20.168,14.37,-0.94546,83.1
0.64676,-0.72704,-0.2268,-0.04094,-20.299,14.44,-0.87119,83.15
0.64606,-0.72751,-0.22718,-0.041604,-20.426,14.512,-0.79669,83.2
0.64548,-0.72783,-0.22768,-0.042246,-20.554,14.582,-0.72194,83.25
0.64495,-0.72817,-0.22796,-0.042903,-20.681,14.653,-0.647,83.3
0.64437,-0.72859,-0.22818,-0.043403,-20.807,14.723,-0.57186,83.35
0.64393,-0.72889,-0.22839,-0.043834,-20.931,14.793,-0.49656,83.4
0.64346,-0.72916,-0.22871,-0.044426,-21.054,14.863,-0.42108,83.45
0.64278,-0.72967,-0.22892,-0.044962,-21.172,14.937,-0.34551,83.5
0.64227,-0.72997,-0.22926,-0.045504,-21.293,15.007,-0.26978,83.55
0.64186,-0.73019,-0.22957,-0.04614,-21.413,15.077,-0.19393,83.6
0.64134,-0.73056,-0.22975,-0.046752,-21.529,15.149,-0.118,83.65
0.64079,-0.73089,-0.23006,-0.047558,-21.645,15.218,-0.041991,83.7
0.64022,-0.73121,-0.23047,-0.048191,-21.761,15.288,0.034082,83.75
0.63967,-0.73159,-0.23071,-0.048783,-21.875,15.357,0.11018,83.8
0.63926,-0.73184,-0.23089,-0.04941,-21.988,15.426,0.18631,83.85
0.63864,-0.73228,-0.2311,-0.049948,-22.099,15.495,0.26245,83.9
0.63805,-0.73272,-0.23124,-0.050475,-22.206,15.569,0.33852,83.95
0.63737,-0.73312,-0.23169,-0.051156,-22.315,15.638,0.41462,84
0.63681,-0.73351,-0.2318,-0.051926,-22.422,15.706,0.49067,84.05
0.63625,-0.73386,-0.23211,-0.052547,-22.527,15.777,0.56666,84.1
0.63578,-0.7341,-0.23248,-0.053162,-22.632,15.845,0.64258,84.15
0.63517,-0.73449,-0.23274,-0.053931,-22.735,15.913,0.71841,84.2
0.63469,-0.7348,-0.23297,-0.054496,-22.838,15.98,0.79414,84.25
0.63418,-0.7351,-0.23327,-0.054965,-22.938,16.048,0.86974,84.3
0.63357,-0.73539,-0.23385,-0.055731,-23.038,16.115,0.94521,84.35
0.63287,-0.73592,-0.234,-0.05607,-23.133,16.187,1.0205,84.4
0.63245,-0.73614,-0.23429,-0.056663,-23.229,16.253,1.0956,84.45
0.63189,-0.73646,-0.23469,-0.057175,-23.325,16.32,1.1705,84.5
0.63138,-0.73684,-0.23468,-0.057929,-23.417,16.388,1.2452,84.55
0.63075,-0.73722,-0.23499,-0.058662,-23.51,16.454,1.3197,84.6
0.63011,-0.73761,-0.2353,-0.05933,-23.601,16.52,1.3939,84.65
0.62965,-0.73791,-0.23553,-0.059731,-23.69,16.585,1.4679,84.7
0.6293,-0.73805,-0.23584,-0.060394,-23.779,16.65,1.5416,84.75
0.62865,-0.73846,-0.23611,-0.06098,-23.865,16.714,1.615,84.8
0.62824,-0.73869,-0.23635,-0.061612,-23.947,16.784,1.688,84.85
0.62772,-0.73902,-0.2365,-0.062288,-24.031,16.848,1.7608,84.9
0.62715,-0.73936,-0.23684,-0.062702,-24.113,16.912,1.8332,84.95
0.62665,-0.73965,-0.23707,-0.06348,-24.192,16.978,1.9053,85
0.62612,-0.73998,-0.23733,-0.063909,-24.272,17.041,1.977,85.05
0.62552,-0.74035,-0.23752,-0.064668,-24.35,17.104,2.0483,85.1
0.62487,-0.74079,-0.23776,-0.065112,-24.426,17.166,2.1192,85.15
0.62422,-0.74115,-0.23818,-0.065775,-24.501,17.229,2.1896,85.2
0.62373,-0.74141,-0.23842,-0.066518,-24.575,17.291,2.2597,85.25
0.62316,-0.74178,-0.2386,-0.067186,-24.643,17.358,2.3292,85.3
0.62255,-0.74216,-0.2388,-0.067864,-24.712,17.42,2.3983,85.35
0.62182,-0.74267,-0.23895,-0.06843,-24.781,17.481,2.4669,85.4
0.62122,-0.74304,-0.23921,-0.068963,-24.845,17.546,2.5349,85.45
0.62068,-0.74334,-0.23952,-0.069562,-24.911,17.607,2.6025,85.5
0.62011,-0.74359,-0.23998,-0.070274,-24.975,17.667,2.6696,85.55
0.61957,-0.74391,-0.24019,-0.070998,-25.037,17.728,2.7361,85.6
0.61907,-0.74413,-0.2406,-0.071609,-25.097,17.788,2.802,85.65
0.6184,-0.74452,-0.24095,-0.072229,-25.156,17.848,2.8675,85.7
0.61782,-0.74493,-0.241,-0.072793,-25.209,17.913,2.9322,85.75
0.61723,-0.74526,-0.24134,-0.073324,-25.265,17.973,2.9965,85.8
0.61678,-0.7455,-0.24153,-0.073905,-25.319,18.032,3.0601,85.85
0.61628,-0.74585,-0.2416,-0.074417,-25.368,18.094,3.123,85.9
0.61582,-0.74612,-0.24176,-0.075003,-25.419,18.153,3.1853,85.95
0.61528,-0.74643,-0.24203,-0.075415,-25.467,18.212,3.247,86
0.61466,-0.7468,-0.24238,-0.075779,-25.514,18.271,3.3079,86.05
0.61406,-0.74711,-0.24262,-0.07679,-25.559,18.329,3.3682,86.1
0.61341,-0.7475,-0.24288,-0.077305,-25.603,18.388,3.4278,86.15
0.61284,-0.74787,-0.24296,-0.078055,-25.64,18.452,3.4866,86.2
0.61216,-0.74825,-0.24338,-0.078421,-25.679,18.511,3.5447,86.25
0.61179,-0.74838,-0.24379,-0.07883,-25.717,18.568,3.6021,86.3
0.61122,-0.7487,-0.24405,-0.079366,-25.743,18.628,3.6583,86.35
0.61066,-0.74896,-0.24448,-0.07993,-25.769,18.684,3.7138,86.4
0.61001,-0.74933,-0.24481,-0.080401,-25.792,18.74,3.7684,86.45
0.60939,-0.74968,-0.24508,-0.081011,-25.813,18.796,3.8223,86.5
0.60876,-0.75,-0.24556,-0.081348,-25.832,18.853,3.8753,86.55
0.608,-0.75037,-0.24608,-0.081972,-25.849,18.909,3.9275,86.6
0.60747,-0.75066,-0.24641,-0.082298,-25.859,18.972,3.9789,86.65
0.60678,-0.75103,-0.24676,-0.082897,-25.871,19.028,4.0294,86.7
0.606,-0.75143,-0.24726,-0.083555,-25.881,19.085,4.079,86.75
0.60539,-0.75178,-0.24748,-0.084187,-25.887,19.145,4.1277,86.8
0.60481,-0.75206,-0.24789,-0.084614,-25.892,19.201,4.1756,86.85
0.60421,-0.75232,-0.2483,-0.085326,-25.896,19.258,4.2226,86.9
0.60366,-0.75262,-0.24863,-0.085732,-25.897,19.315,4.2687,86.95
0.60314,-0.75286,-0.24894,-0.086359,-25.896,19.371,4.3138,87
0.60256,-0.75313,-0.24927,-0.087025,-25.893,19.428,4.358,87.05
0.60192,-0.75354,-0.24933,-0.087702,-25.883,19.492,4.4011,87.1
0.60134,-0.75381,-0.24977,-0.088239,-25.874,19.549,4.4434,87.15
0.60086,-0.75396,-0.2502,-0.088909,-25.864,19.606,4.4848,87.2
0.60035,-0.75426,-0.25036,-0.089449,-25.849,19.666,4.5251,87.25
0.59962,-0.75463,-0.25078,-0.089992,-25.833,19.723,4.5644,87.3
0.59915,-0.75488,-0.25096,-0.090498,-25.816,19.78,4.6028,87.35
0.5986,-0.75506,-0.2515,-0.091191,-25.796,19.838,4.6402,87.4
0.59803,-0.75535,-0.25178,-0.091761,-25.773,19.895,4.6765,87.45
0.59755,-0.75556,-0.25201,-0.092488,-25.749,19.952,4.7119,87.5
0.59709,-0.75574,-0.25234,-0.093066,-25.717,20.016,4.7461,87.55
0.59648,-0.75605,-0.25259,-0.093775,-25.688,20.073,4.7795,87.6
0.59583,-0.75633,-0.25309,-0.094348,-25.657,20.13,4.8117,87.65
0.59527,-0.75668,-0.25314,-0.094905,-25.621,20.191,4.8429,87.7
0.59472,-0.75693,-0.25343,-0.09562,-25.585,20.248,4.873,87.75
0.59412,-0.75725,-0.25369,-0.096127,-25.546,20.306,4.9021,87.8
0.5936,-0.75754,-0.25394,-0.096414,-25.505,20.364,4.9301,87.85
0.59304,-0.75783,-0.25414,-0.096958,-25.461,20.422,4.9569,87.9
0.59264,-0.758,-0.25437,-0.097553,-25.415,20.48,4.9827,87.95
0.5921,-0.75829,-0.25452,-0.098126,-25.362,20.545,5.0074,88
0.59146,-0.75862,-0.25474,-0.098821,-25.312,20.603,5.031,88.05
0.59074,-0.75901,-0.25508,-0.099253,-25.259,20.661,5.0535,88.1
0.59017,-0.75927,-0.25547,-0.099701,-25.202,20.723,5.0749,88.15
0.58951,-0.75958,-0.25586,-0.10032,-25.145,20.781,5.0952,88.2
0.58879,-0.75991,-0.25621,-0.10111,-25.086,20.84,5.1145,88.25
0.58827,-0.76015,-0.25646,-0.10164,-25.025,20.898,5.1326,88.3
0.58754,-0.76053,-0.25678,-0.10225,-24.961,20.957,5.1495,88.35
0.58694,-0.76078,-0.25723,-0.10271,-24.896,21.016,5.1654,88.4
0.58631,-0.76116,-0.25733,-0.10327,-24.823,21.081,5.1801,88.45
0.58572,-0.76144,-0.25767,-0.10366,-24.753,21.139,5.1937,88.5
0.58511,-0.76168,-0.25812,-0.10425,-24.68,21.198,5.2061,88.55
0.5845,-0.76193,-0.25851,-0.10486,-24.603,21.259,5.2174,88.6
0.58381,-0.76224,-0.25889,-0.10553,-24.527,21.317,5.2276,88.65
0.5832,-0.76252,-0.25919,-0.10613,-24.449,21.375,5.2367,88.7
0.58259,-0.76279,-0.2595,-0.10678,-24.369,21.433,5.2446,88.75
0.58194,-0.76309,-0.25977,-0.1075,-24.286,21.491,5.2514,88.8
0.58136,-0.76334,-0.26008,-0.1081,-24.202,21.549,5.2571,88.85
0.58074,-0.76362,-0.26039,-0.10873,-24.11,21.612,5.2616,88.9
0.58023,-0.76383,-0.26068,-0.10929,-24.022,21.67,5.265,88.95
0.57953,-0.7641,-0.2612,-0.10991,-23.931,21.726,5.2672,89
0.579,-0.76433,-0.26143,-0.11051,-23.836,21.786,5.2683,89.05
0.5784,-0.76461,-0.26174,-0.11102,-23.742,21.843,5.2682,89.1
0.57777,-0.76489,-0.26206,-0.11158,-23.645,21.899,5.2671,89.15
0.57704,-0.76518,-0.26249,-0.11233,-23.547,21.955,5.2648,89.2
0.57645,-0.76548,-0.26267,-0.1129,-23.447,22.011,5.2613,89.25
0.57593,-0.7656,-0.26321,-0.11348,-23.345,22.067,5.2568,89.3
0.57552,-0.76574,-0.26338,-0.11421,-23.235,22.128,5.251,89.35
0.57507,-0.76588,-0.26378,-0.11467,-23.129,22.183,5.2442,89.4
0.57457,-0.76609,-0.26393,-0.11535,-23.021,22.237,5.2361,89.45
0.57397,-0.76631,-0.26434,-0.11598,-22.909,22.295,5.227,89.5
0.57336,-0.76663,-0.26456,-0.11638,-22.797,22.349,5.2168,89.55
0.57272,-0.76689,-0.26491,-0.11702,-22.683,22.403,5.2054,89.6
0.57223,-0.76711,-0.26515,-0.11746,-22.568,22.456,5.1929,89.65
0.57167,-0.76733,-0.2654,-0.11816,-22.451,22.51,5.1792,89.7
0.57103,-0.76764,-0.26559,-0.11881,-22.332,22.563,5.1645,89.75
0.57038,-0.76794,-0.26591,-0.11927,-22.205,22.622,5.1486,89.8
0.56958,-0.76831,-0.26634,-0.11974,-22.083,22.674,5.1316,89.85
0.56881,-0.76867,-0.26677,-0.12013,-21.959,22.726,5.1136,89.9
0.56828,-0.76889,-0.26703,-0.12069,-21.83,22.781,5.0944,89.95
0.56778,-0.76905,-0.2673,-0.12136,-21.703,22.833,5.0742,90
