0.61237,0.35355,0.35355,0.61237,27,-20,7.5,0
0.6131,0.35263,0.35335,0.6123,27.42,-20,7.575,0.05
0.61398,0.35142,0.35235,0.61268,27.785,-20.021,7.5336,0.1
0.61316,0.3535,0.3551,0.61072,28.132,-19.949,7.7895,0.15
0.61439,0.3543,0.3535,0.60994,28.52,-19.953,7.7047,0.2
0.6154,0.34921,0.3526,0.61238,28.816,-20.005,7.8276,0.25
0.61682,0.34854,0.34998,0.61284,29.188,-20.046,7.7068,0.3
0.61714,0.34479,0.34985,0.6147,29.489,-20.082,7.8572,0.35
0.61801,0.34948,0.34977,0.61121,29.906,-20.013,7.8377,0.4
0.61784,0.34792,0.35132,0.61139,30.224,-20.006,8.0274,0.45
0.6184,0.34508,0.35119,0.61251,30.546,-20.032,8.1179,0.5
0.61928,0.34408,0.35013,0.61278,30.898,-20.045,8.1285,0.55
0.6197,0.34336,0.34991,0.61289,31.232,-20.057,8.1995,0.6
0.62059,0.34377,0.34956,0.61196,31.584,-20.037,8.2792,0.65
0.62041,0.34398,0.35011,0.61172,31.932,-20.024,8.3509,0.7
0.62079,0.34483,0.34985,0.611,32.289,-20.018,8.3687,0.75
0.62155,0.34375,0.34984,0.61084,32.623,-20.022,8.4394,0.8
0.62266,0.34265,0.34896,0.61083,32.955,-20.03,8.5024,0.85
0.62315,0.34249,0.34874,0.61055,33.296,-20.028,8.5517,0.9
0.62359,0.34135,0.34855,0.61085,33.619,-20.04,8.6286,0.95
0.62457,0.3402,0.34806,0.61076,33.945,-20.053,8.6843,1
0.62528,0.33887,0.34755,0.61106,34.272,-20.074,8.7124,1.05
0.62598,0.33791,0.34734,0.611,34.59,-20.077,8.8022,1.1
0.62612,0.33759,0.34733,0.61104,34.924,-20.074,8.8473,1.15
0.62647,0.33714,0.34673,0.61126,35.245,-20.079,8.9081,1.2
0.62733,0.33652,0.34694,0.61061,35.565,-20.083,8.966,1.25
0.62799,0.33576,0.34651,0.61059,35.883,-20.09,9.0194,1.3
0.62863,0.3352,0.3463,0.61036,36.189,-20.098,9.0947,1.35
0.62877,0.33483,0.34636,0.61038,36.504,-20.104,9.1421,1.4
0.62879,0.33466,0.34645,0.61041,36.813,-20.102,9.2164,1.45
0.62983,0.33412,0.34567,0.61008,37.117,-20.108,9.2757,1.5
0.63108,0.33269,0.34486,0.61002,37.422,-20.12,9.3159,1.55
0.63136,0.33188,0.3452,0.60998,37.714,-20.121,9.4029,1.6
0.63187,0.33129,0.34535,0.6097,38.011,-20.137,9.4361,1.65
0.6326,0.33056,0.34461,0.60974,38.303,-20.151,9.4803,1.7
0.63286,0.32976,0.34459,0.60992,38.593,-20.159,9.5346,1.75
0.63347,0.32925,0.34417,0.6098,38.875,-20.164,9.6036,1.8
0.63437,0.32848,0.34377,0.60951,39.156,-20.166,9.6749,1.85
0.63449,0.32825,0.34391,0.60943,39.433,-20.171,9.7383,1.9
0.63523,0.3272,0.34361,0.60939,39.708,-20.184,9.7832,1.95
0.63618,0.32671,0.34337,0.6088,39.978,-20.193,9.8378,2
0.63628,0.3262,0.34354,0.60887,40.242,-20.2,9.8998,2.05
0.63685,0.32551,0.3433,0.60878,40.506,-20.215,9.9382,2.1
0.63818,0.32433,0.34196,0.60877,40.765,-20.225,9.9917,2.15
0.63859,0.32387,0.34234,0.60837,41.018,-20.237,10.043,2.2
0.63889,0.32319,0.34207,0.60856,41.265,-20.249,10.097,2.25
0.63947,0.32236,0.34147,0.60873,41.511,-20.261,10.145,2.3
0.64016,0.32167,0.34146,0.60838,41.752,-20.276,10.19,2.35
0.64024,0.32047,0.34178,0.60875,41.986,-20.288,10.245,2.4
0.64074,0.31979,0.34156,0.60871,42.217,-20.301,10.296,2.45
0.64077,0.32009,0.34106,0.6088,42.447,-20.317,10.335,2.5
0.64197,0.31953,0.34018,0.60833,42.67,-20.332,10.379,2.55
0.64281,0.31924,0.33981,0.6078,42.888,-20.345,10.429,2.6
0.64274,0.31839,0.33989,0.60826,43.098,-20.358,10.484,2.65
0.6434,0.31708,0.33968,0.60837,43.305,-20.369,10.536,2.7
0.64375,0.31665,0.33906,0.60857,43.51,-20.383,10.583,2.75
0.64487,0.31523,0.33922,0.60803,43.704,-20.396,10.637,2.8
0.64529,0.31529,0.33903,0.60766,43.896,-20.409,10.687,2.85
0.64602,0.31361,0.33901,0.60777,44.085,-20.424,10.729,2.9
0.64661,0.31403,0.33861,0.60714,44.267,-20.438,10.776,2.95
0.647,0.31315,0.33874,0.60711,44.443,-20.45,10.825,3
0.64721,0.31211,0.33831,0.60767,44.616,-20.468,10.866,3.05
0.64836,0.31173,0.33698,0.60737,44.781,-20.482,10.913,3.1
0.64846,0.31058,0.33773,0.60744,44.942,-20.499,10.955,3.15
0.64915,0.30978,0.33709,0.60747,45.097,-20.514,11,3.2
0.6496,0.30941,0.33711,0.60716,45.249,-20.53,11.039,3.25
0.65005,0.30968,0.33668,0.60677,45.393,-20.546,11.081,3.3
0.65113,0.3081,0.33613,0.60674,45.531,-20.564,11.126,3.35
0.65157,0.30765,0.33635,0.60636,45.662,-20.578,11.171,3.4
0.65216,0.30643,0.33582,0.60664,45.79,-20.596,11.208,3.45
0.65243,0.30632,0.33563,0.60652,45.91,-20.614,11.248,3.5
0.6533,0.30524,0.33525,0.60633,46.028,-20.631,11.287,3.55
0.65341,0.30434,0.33539,0.60659,46.136,-20.649,11.326,3.6
0.65403,0.30369,0.335,0.60646,46.242,-20.668,11.362,3.65
0.6549,0.30355,0.33446,0.60588,46.339,-20.686,11.401,3.7
0.65559,0.30244,0.33444,0.60571,46.431,-20.704,11.44,3.75
0.65597,0.30171,0.33399,0.60591,46.519,-20.724,11.473,3.8
0.65601,0.30166,0.33434,0.60569,46.597,-20.741,11.514,3.85
0.65746,0.30048,0.3331,0.60539,46.673,-20.761,11.547,3.9
0.65788,0.29991,0.33271,0.60544,46.742,-20.78,11.582,3.95
0.65845,0.29882,0.33303,0.60518,46.804,-20.798,11.616,4
0.6588,0.29787,0.33289,0.60534,46.861,-20.818,11.651,4.05
0.65917,0.29739,0.33228,0.60552,46.912,-20.837,11.682,4.1
0.65998,0.29689,0.33222,0.60491,46.956,-20.857,11.714,4.15
0.66025,0.29626,0.33201,0.60504,46.994,-20.876,11.748,4.2
0.66096,0.2955,0.33171,0.60479,47.025,-20.897,11.779,4.25
0.6612,0.29476,0.33099,0.60529,47.052,-20.92,11.806,4.3
0.66245,0.29391,0.33092,0.60437,47.072,-20.942,11.836,4.35
0.66273,0.29324,0.33095,0.60438,47.086,-20.962,11.865,4.4
0.66295,0.29274,0.33086,0.60442,47.092,-20.986,11.893,4.45
0.66347,0.29175,0.3306,0.60448,47.095,-21.005,11.92,4.5
0.66409,0.29142,0.32973,0.60443,47.092,-21.027,11.946,4.55
0.66481,0.29066,0.32908,0.60436,47.081,-21.048,11.973,4.6
0.66533,0.28991,0.32941,0.60397,47.063,-21.07,11.999,4.65
0.66583,0.28914,0.32925,0.60387,47.041,-21.095,12.021,4.7
0.66658,0.28859,0.32904,0.60342,47.012,-21.116,12.047,4.75
0.66717,0.2876,0.32907,0.60323,46.975,-21.139,12.072,4.8
0.66768,0.28706,0.32802,0.60349,46.934,-21.162,12.095,4.85
0.6679,0.28582,0.32784,0.60393,46.889,-21.186,12.115,4.9
0.66844,0.28544,0.3279,0.60348,46.834,-21.21,12.137,4.95
0.66887,0.28481,0.32717,0.60371,46.775,-21.232,12.158,5
0.66917,0.28425,0.32792,0.60322,46.708,-21.255,12.178,5.05
0.67008,0.28332,0.32709,0.6031,46.638,-21.282,12.197,5.1
0.67023,0.28234,0.32716,0.60336,46.56,-21.306,12.215,5.15
0.67138,0.28184,0.32638,0.60274,46.476,-21.331,12.233,5.2
0.67211,0.28098,0.32634,0.60235,46.387,-21.357,12.248,5.25
0.6723,0.2808,0.3259,0.60246,46.292,-21.383,12.265,5.3
0.67258,0.28026,0.32555,0.60259,46.191,-21.406,12.281,5.35
0.67348,0.27918,0.3251,0.60233,46.083,-21.432,12.296,5.4
0.67414,0.27814,0.32517,0.60203,45.971,-21.459,12.308,5.45
0.6745,0.27816,0.32516,0.60162,45.85,-21.484,12.323,5.5
0.67468,0.27686,0.32475,0.60224,45.729,-21.511,12.332,5.55
0.67529,0.27572,0.3249,0.602,45.598,-21.537,12.343,5.6
0.67551,0.27549,0.32417,0.60226,45.461,-21.564,12.355,5.65
0.67642,0.27535,0.32364,0.60158,45.32,-21.59,12.365,5.7
0.67718,0.27418,0.32287,0.60167,45.174,-21.617,12.375,5.75
0.67781,0.27322,0.32272,0.60148,45.021,-21.645,12.383,5.8
0.67793,0.27256,0.32331,0.60133,44.863,-21.671,12.391,5.85
0.67866,0.2722,0.32292,0.60088,44.699,-21.699,12.397,5.9
0.67889,0.2713,0.32212,0.60145,44.531,-21.729,12.403,5.95
0.67948,0.27036,0.32249,0.60101,44.356,-21.756,12.408,6
0.68054,0.26982,0.32193,0.60035,44.176,-21.784,12.413,6.05
0.68077,0.26931,0.32161,0.60049,43.992,-21.813,12.417,6.1
0.68122,0.26859,0.32108,0.60059,43.803,-21.842,12.42,6.15
0.68181,0.26776,0.32117,0.60024,43.608,-21.87,12.421,6.2
0.68209,0.26722,0.32061,0.60046,43.409,-21.897,12.422,6.25
0.68286,0.26636,0.32001,0.6003,43.203,-21.928,12.423,6.3
0.68334,0.26582,0.31986,0.60006,42.992,-21.957,12.425,6.35
0.68369,0.26462,0.31998,0.60013,42.779,-21.987,12.422,6.4
0.68408,0.26385,0.31979,0.60013,42.559,-22.016,12.42,6.45
0.68485,0.26388,0.31959,0.59934,42.332,-22.047,12.419,6.5
0.68521,0.26241,0.31926,0.59976,42.105,-22.077,12.415,6.55
0.68598,0.2611,0.31872,0.59973,41.872,-22.108,12.412,6.6
0.68656,0.26094,0.3175,0.59978,41.634,-22.138,12.403,6.65
0.68743,0.26046,0.3177,0.59889,41.391,-22.169,12.399,6.7
0.68779,0.25967,0.31773,0.5988,41.144,-22.2,12.392,6.75
0.68855,0.25885,0.31742,0.59845,40.894,-22.231,12.385,6.8
0.68894,0.25823,0.31714,0.59842,40.639,-22.261,12.376,6.85
0.68918,0.25727,0.31691,0.59867,40.379,-22.293,12.369,6.9
0.68962,0.25637,0.31611,0.59898,40.116,-22.326,12.358,6.95
0.69048,0.25604,0.31641,0.59797,39.847,-22.357,12.348,7
0.69116,0.25528,0.31524,0.59813,39.576,-22.389,12.338,7.05
0.69145,0.25452,0.31517,0.59815,39.299,-22.422,12.328,7.1
0.69216,0.25371,0.31522,0.59765,39.02,-22.455,12.316,7.15
0.69249,0.25255,0.3147,0.59803,38.738,-22.488,12.303,7.2
0.69301,0.25175,0.31446,0.59789,38.452,-22.521,12.289,7.25
0.69354,0.2518,0.31411,0.59744,38.161,-22.553,12.273,7.3
0.69378,0.25062,0.31464,0.59738,37.868,-22.586,12.258,7.35
0.69403,0.25031,0.31435,0.59737,37.571,-22.618,12.242,7.4
0.69477,0.2491,0.31406,0.59717,37.272,-22.652,12.225,7.45
0.69518,0.24853,0.31371,0.59711,36.969,-22.686,12.207,7.5
0.69591,0.24848,0.31307,0.59662,36.663,-22.721,12.189,7.55
0.69587,0.24772,0.31332,0.59684,36.354,-22.755,12.17,7.6
0.69658,0.24654,0.31335,0.59649,36.043,-22.789,12.149,7.65
0.69757,0.24595,0.31266,0.59595,35.728,-22.823,12.13,7.7
0.69796,0.24519,0.31197,0.59617,35.411,-22.858,12.108,7.75
0.69831,0.24406,0.31176,0.59633,35.091,-22.892,12.086,7.8
0.69932,0.24328,0.31197,0.59535,34.769,-22.927,12.064,7.85
0.69944,0.24284,0.3113,0.59574,34.444,-22.962,12.041,7.9
0.69991,0.24232,0.31131,0.5954,34.117,-22.997,12.016,7.95
0.70029,0.24197,0.31101,0.59524,33.789,-23.033,11.991,8
0.70135,0.24132,0.31005,0.59477,33.459,-23.068,11.963,8.05
0.70144,0.24013,0.31017,0.59507,33.126,-23.105,11.938,8.1
0.70211,0.23896,0.30988,0.5949,32.791,-23.141,11.911,8.15
0.70226,0.23873,0.30977,0.59488,32.454,-23.177,11.883,8.2
0.7029,0.23796,0.30926,0.59471,32.116,-23.214,11.855,8.25
0.70346,0.23772,0.30871,0.59441,31.776,-23.25,11.825,8.3
0.70353,0.23672,0.30921,0.59447,31.436,-23.287,11.793,8.35
0.70427,0.23595,0.30894,0.59404,31.092,-23.323,11.764,8.4
0.70448,0.23503,0.30814,0.59457,30.749,-23.36,11.733,8.45
0.7054,0.23456,0.30759,0.59395,30.406,-23.398,11.7,8.5
0.7059,0.23314,0.30811,0.59364,30.059,-23.435,11.668,8.55
0.70643,0.23325,0.30748,0.59331,29.713,-23.473,11.633,8.6
0.7072,0.23214,0.30717,0.59298,29.365,-23.511,11.599,8.65
0.70744,0.231,0.30697,0.59324,29.015,-23.55,11.565,8.7
0.70779,0.23068,0.30703,0.59292,28.667,-23.588,11.529,8.75
0.70814,0.22982,0.30667,0.59302,28.318,-23.627,11.492,8.8
0.70869,0.22896,0.30625,0.59291,27.969,-23.665,11.455,8.85
0.70944,0.2283,0.30581,0.59249,27.618,-23.704,11.419,8.9
0.70995,0.22786,0.30579,0.59207,27.268,-23.742,11.38,8.95
0.71055,0.22726,0.30486,0.59206,26.918,-23.781,11.341,9
0.71106,0.22664,0.30455,0.59184,26.569,-23.82,11.301,9.05
0.71152,0.22556,0.30467,0.59164,26.22,-23.859,11.261,9.1
0.7119,0.22489,0.30445,0.59155,25.869,-23.9,11.222,9.15
0.71222,0.22383,0.30396,0.59182,25.521,-23.938,11.18,9.2
0.71257,0.22334,0.30377,0.59168,25.171,-23.977,11.139,9.25
0.71353,0.22261,0.30311,0.59114,24.823,-24.017,11.096,9.3
0.7138,0.22232,0.30288,0.59104,24.477,-24.058,11.053,9.35
0.71419,0.22133,0.30292,0.59092,24.129,-24.097,11.01,9.4
0.71472,0.22046,0.30253,0.5908,23.785,-24.138,10.965,9.45
0.7149,0.22003,0.30258,0.59072,23.44,-24.179,10.921,9.5
0.71561,0.21876,0.30217,0.59055,23.096,-24.219,10.876,9.55
0.71625,0.21806,0.30146,0.59038,22.755,-24.259,10.83,9.6
0.71678,0.21769,0.30139,0.58992,22.413,-24.299,10.785,9.65
0.71721,0.21699,0.30132,0.58968,22.074,-24.341,10.738,9.7
0.71739,0.21653,0.3011,0.58975,21.736,-24.381,10.691,9.75
0.71819,0.21527,0.30038,0.58961,21.4,-24.422,10.643,9.8
0.71857,0.21453,0.30029,0.58945,21.065,-24.464,10.595,9.85
0.71895,0.21447,0.2998,0.58926,20.732,-24.506,10.547,9.9
0.71953,0.21335,0.29946,0.58914,20.401,-24.547,10.497,9.95
0.72025,0.21247,0.29921,0.5887,20.072,-24.589,10.447,10
0.72055,0.21191,0.29904,0.58862,19.746,-24.631,10.396,10.05
0.72083,0.21076,0.29903,0.5887,19.421,-24.673,10.346,10.1
0.72137,0.21015,0.29839,0.58858,19.099,-24.715,10.295,10.15
0.72196,0.20974,0.29828,0.58806,18.779,-24.758,10.244,10.2
0.72234,0.2092,0.29798,0.58793,18.462,-24.8,10.191,10.25
0.72295,0.20807,0.2974,0.58788,18.148,-24.843,10.139,10.3
0.72342,0.20762,0.29724,0.58755,17.836,-24.886,10.087,10.35
0.72351,0.20698,0.29704,0.58775,17.527,-24.928,10.033,10.4
0.72429,0.20608,0.29661,0.58733,17.221,-24.973,9.98,10.45
0.72493,0.20546,0.29626,0.58693,16.919,-25.015,9.9252,10.5
0.72513,0.20456,0.29628,0.58699,16.619,-25.059,9.8709,10.55
0.72572,0.20398,0.29573,0.58675,16.322,-25.103,9.8159,10.6
0.72587,0.20321,0.29547,0.58695,16.028,-25.147,9.7619,10.65
0.72644,0.20218,0.29526,0.58671,15.739,-25.19,9.7048,10.7
0.72738,0.20192,0.29471,0.58592,15.453,-25.234,9.6499,10.75
0.72772,0.20101,0.29433,0.586,15.171,-25.278,9.5929,10.8
0.72793,0.20022,0.29445,0.58594,14.89,-25.322,9.5363,10.85
0.72871,0.19922,0.29409,0.5855,14.615,-25.365,9.48,10.9
0.72906,0.19878,0.29368,0.58541,14.344,-25.41,9.4234,10.95
0.72925,0.19825,0.29322,0.58559,14.076,-25.455,9.3653,11
0.72973,0.19755,0.29333,0.58518,13.811,-25.499,9.3076,11.05
0.7305,0.19635,0.29273,0.58492,13.551,-25.544,9.2491,11.1
0.73076,0.19583,0.2924,0.58493,13.296,-25.589,9.1903,11.15
0.7313,0.19495,0.29247,0.58451,13.045,-25.634,9.1316,11.2
0.73128,0.19449,0.29233,0.58476,12.798,-25.68,9.0713,11.25
0.73196,0.1941,0.29141,0.5845,12.555,-25.724,9.0132,11.3
0.73266,0.19277,0.29133,0.58411,12.318,-25.769,8.953,11.35
0.73315,0.19218,0.2908,0.58394,12.083,-25.814,8.8935,11.4
0.73389,0.19103,0.29076,0.58341,11.854,-25.861,8.8345,11.45
0.73417,0.19074,0.29034,0.58337,11.631,-25.906,8.7727,11.5
0.73449,0.18993,0.29018,0.58331,11.41,-25.951,8.7127,11.55
0.73508,0.18912,0.29018,0.58283,11.195,-25.998,8.6518,11.6
0.73537,0.18862,0.28944,0.58298,10.985,-26.043,8.5922,11.65
0.73578,0.18805,0.28928,0.58273,10.78,-26.089,8.5306,11.7
0.73652,0.18707,0.28861,0.58245,10.581,-26.135,8.4694,11.75
0.73655,0.18664,0.28859,0.58256,10.385,-26.181,8.4072,11.8
0.73729,0.18553,0.28817,0.58218,10.195,-26.227,8.3465,11.85
0.73786,0.18458,0.28789,0.5819,10.011,-26.274,8.2841,11.9
0.73838,0.18404,0.28742,0.58164,9.8313,-26.32,8.2222,11.95
0.73851,0.1833,0.28763,0.58161,9.658,-26.367,8.1603,12
0.73885,0.1825,0.28709,0.58169,9.4887,-26.413,8.0985,12.05
0.7396,0.18226,0.28665,0.58104,9.3253,-26.46,8.0376,12.1
0.74002,0.18159,0.28638,0.58084,9.167,-26.507,7.9744,12.15
0.74042,0.18069,0.28621,0.5807,9.0153,-26.553,7.9117,12.2
0.74093,0.17959,0.28593,0.58053,8.8684,-26.6,7.8496,12.25
0.74148,0.17931,0.28542,0.58017,8.7265,-26.647,7.7873,12.3
0.74158,0.1783,0.28559,0.58027,8.59,-26.695,7.7243,12.35
0.74208,0.17758,0.28515,0.58006,8.4598,-26.743,7.6629,12.4
0.7427,0.17699,0.28446,0.57979,8.335,-26.79,7.5996,12.45
0.74334,0.17557,0.28382,0.57971,8.2157,-26.836,7.5374,12.5
0.7439,0.17494,0.28364,0.57928,8.1028,-26.884,7.4746,12.55
0.74394,0.17448,0.2835,0.57943,7.9963,-26.932,7.4126,12.6
0.7442,0.17424,0.28351,0.57917,7.8953,-26.98,7.3489,12.65
0.74492,0.17355,0.28287,0.57876,7.8003,-27.027,7.2861,12.7
0.74533,0.1724,0.2827,0.57865,7.7111,-27.074,7.2238,12.75
0.74576,0.17173,0.28205,0.57862,7.6269,-27.122,7.1617,12.8
0.74621,0.17107,0.28174,0.57838,7.5494,-27.17,7.0989,12.85
0.7467,0.1702,0.28164,0.57806,7.4786,-27.219,7.0372,12.9
0.74706,0.16933,0.28213,0.57761,7.4129,-27.267,6.9734,12.95
0.74749,0.16853,0.28099,0.57784,7.3529,-27.315,6.9123,13
0.74792,0.16831,0.28091,0.57739,7.3,-27.364,6.8489,13.05
0.74843,0.16731,0.28029,0.57732,7.253,-27.412,6.787,13.1
0.74896,0.16662,0.28004,0.57695,7.2109,-27.459,6.7259,13.15
0.74925,0.16565,0.28029,0.57673,7.1755,-27.507,6.663,13.2
0.74948,0.16471,0.27961,0.57704,7.1464,-27.557,6.6018,13.25
0.7502,0.16409,0.27913,0.57651,7.1229,-27.605,6.5401,13.3
0.75083,0.16326,0.27907,0.57595,7.1059,-27.655,6.4787,13.35
0.75113,0.16278,0.27866,0.5759,7.0956,-27.702,6.418,13.4
0.75098,0.16221,0.27852,0.57633,7.0907,-27.75,6.3567,13.45
0.75181,0.16136,0.27739,0.57602,7.0927,-27.799,6.2956,13.5
0.75226,0.16061,0.27773,0.57548,7.1005,-27.848,6.2344,13.55
0.7527,0.16018,0.27723,0.57527,7.1142,-27.898,6.1731,13.6
0.75317,0.15967,0.27726,0.57478,7.1335,-27.945,6.1128,13.65
0.7534,0.15856,0.27645,0.57518,7.1592,-27.995,6.0536,13.7
0.75422,0.15796,0.2765,0.57424,7.1907,-28.044,5.9924,13.75
0.75443,0.15705,0.27621,0.57435,7.2285,-28.093,5.9337,13.8
0.75481,0.15634,0.27609,0.5741,7.2732,-28.142,5.874,13.85
0.75539,0.15534,0.27535,0.57397,7.3236,-28.192,5.8146,13.9
0.75579,0.15426,0.27538,0.57372,7.3793,-28.24,5.7551,13.95
0.7562,0.154,0.27508,0.57339,7.4424,-28.289,5.6966,14
0.75662,0.15354,0.27456,0.57321,7.511,-28.338,5.6379,14.05
0.75679,0.15274,0.27388,0.57353,7.5855,-28.388,5.5804,14.1
0.75764,0.15232,0.27381,0.57254,7.6654,-28.436,5.5218,14.15
0.7579,0.15099,0.27391,0.57251,7.7517,-28.486,5.4649,14.2
0.7581,0.15074,0.27324,0.57263,7.8441,-28.537,5.4073,14.25
0.75842,0.14949,0.27329,0.5725,7.9418,-28.585,5.3508,14.3
0.75912,0.14929,0.27292,0.5718,8.0457,-28.635,5.2939,14.35
0.7595,0.14803,0.27232,0.57191,8.1555,-28.685,5.2381,14.4
0.7601,0.14719,0.27177,0.5716,8.2708,-28.734,5.1815,14.45
0.76007,0.14664,0.27195,0.5717,8.392,-28.782,5.1263,14.5
0.7608,0.14628,0.27152,0.57102,8.5198,-28.833,5.0704,14.55
0.76131,0.14497,0.27075,0.57104,8.653,-28.882,5.0163,14.6
0.76159,0.14433,0.27096,0.57072,8.7907,-28.932,4.9625,14.65
0.76241,0.14381,0.26977,0.57033,8.9349,-28.982,4.9086,14.7
0.76231,0.14299,0.2703,0.57041,9.0837,-29.031,4.8543,14.75
0.76284,0.14231,0.26967,0.57018,9.2396,-29.082,4.8012,14.8
0.76316,0.14161,0.26912,0.57018,9.3996,-29.131,4.7478,14.85
0.76386,0.14067,0.26903,0.56952,9.5658,-29.181,4.6953,14.9
0.7641,0.13961,0.26888,0.56953,9.7366,-29.23,4.6438,14.95
0.76466,0.13933,0.26818,0.56918,9.9138,-29.28,4.5918,15
0.76486,0.13859,0.26731,0.5695,10.096,-29.329,4.5411,15.05
0.76516,0.13791,0.26761,0.56912,10.283,-29.379,4.4899,15.1
0.76562,0.13684,0.26725,0.56893,10.476,-29.431,4.439,15.15
0.76623,0.13639,0.26709,0.56829,10.673,-29.481,4.3896,15.2
0.7667,0.136,0.26667,0.56794,10.875,-29.53,4.341,15.25
0.76709,0.13471,0.26635,0.56788,11.082,-29.58,4.2905,15.3
0.76741,0.13413,0.26597,0.56776,11.294,-29.63,4.2434,15.35
0.76784,0.13314,0.26537,0.56769,11.511,-29.679,4.1964,15.4
0.76824,0.13233,0.26506,0.56749,11.733,-29.728,4.1493,15.45
0.76839,0.13156,0.26512,0.56743,11.959,-29.78,4.102,15.5
0.76878,0.13125,0.26487,0.5671,12.191,-29.83,4.0551,15.55
0.76958,0.13058,0.2644,0.56638,12.426,-29.88,4.0097,15.6
0.76961,0.12987,0.26432,0.56654,12.667,-29.93,3.9645,15.65
0.77024,0.12907,0.26385,0.56608,12.912,-29.98,3.9203,15.7
0.77047,0.12832,0.2637,0.56602,13.161,-30.031,3.8757,15.75
0.77121,0.12765,0.26371,0.56515,13.414,-30.08,3.8329,15.8
0.77156,0.12674,0.2629,0.56526,13.671,-30.129,3.79,15.85
0.77165,0.12637,0.2625,0.5654,13.933,-30.18,3.7478,15.9
0.77244,0.12508,0.26248,0.56462,14.199,-30.231,3.7053,15.95
0.77275,0.12434,0.2623,0.56444,14.468,-30.281,3.6646,16
0.77346,0.12356,0.26149,0.56402,14.742,-30.331,3.6239,16.05
0.77356,0.12303,0.26118,0.56414,15.018,-30.379,3.5838,16.1
0.7739,0.12213,0.26078,0.56405,15.299,-30.43,3.5439,16.15
0.77423,0.12115,0.26089,0.56377,15.584,-30.479,3.5053,16.2
0.77465,0.1207,0.2605,0.56346,15.872,-30.528,3.4662,16.25
0.77513,0.11979,0.25969,0.56337,16.164,-30.576,3.4284,16.3
0.77544,0.11929,0.25942,0.56318,16.459,-30.626,3.3916,16.35
0.7762,0.11842,0.25912,0.56244,16.757,-30.676,3.3558,16.4
0.77637,0.11771,0.25865,0.56258,17.057,-30.725,3.3212,16.45
0.77682,0.11693,0.25827,0.56229,17.362,-30.774,3.2853,16.5
0.77731,0.11599,0.2578,0.56202,17.67,-30.824,3.2511,16.55
0.77745,0.11533,0.25755,0.56208,17.98,-30.874,3.2179,16.6
0.77779,0.11477,0.25709,0.56194,18.292,-30.923,3.1847,16.65
0.77822,0.11365,0.25727,0.56149,18.608,-30.973,3.1523,16.7
0.77839,0.11304,0.25714,0.56144,18.926,-31.023,3.1206,16.75
0.77913,0.11223,0.25621,0.56099,19.247,-31.072,3.0892,16.8
0.77947,0.11168,0.25606,0.5607,19.57,-31.122,3.059,16.85
0.77995,0.11085,0.256,0.56023,19.896,-31.172,3.0302,16.9
0.78035,0.11022,0.25529,0.56012,20.223,-31.221,3.0002,16.95
0.78073,0.1094,0.25489,0.55993,20.554,-31.271,2.9716,17
0.78112,0.10817,0.25482,0.55966,20.885,-31.32,2.9451,17.05
0.78143,0.10756,0.25459,0.55945,21.219,-31.37,2.9178,17.1
0.78173,0.1072,0.25381,0.55945,21.554,-31.42,2.8922,17.15
0.7822,0.10676,0.25359,0.55899,21.89,-31.469,2.8659,17.2
0.78272,0.10599,0.25355,0.55841,22.229,-31.518,2.8421,17.25
0.78318,0.10431,0.25292,0.55837,22.569,-31.567,2.8171,17.3
0.78347,0.10397,0.25256,0.55819,22.911,-31.616,2.7952,17.35
0.78363,0.10327,0.25211,0.5583,23.254,-31.665,2.7718,17.4
0.78389,0.10291,0.25194,0.55808,23.598,-31.715,2.7502,17.45
0.7843,0.10213,0.25177,0.55772,23.943,-31.764,2.7285,17.5
0.78473,0.10108,0.25186,0.55727,24.289,-31.814,2.7071,17.55
0.78523,0.10056,0.25107,0.55702,24.636,-31.863,2.6871,17.6
0.78562,0.10005,0.25081,0.55667,24.984,-31.912,2.6689,17.65
0.78593,0.099151,0.25009,0.55672,25.332,-31.96,2.6499,17.7
0.78631,0.098408,0.25013,0.55629,25.681,-32.009,2.633,17.75
0.78677,0.097457,0.24946,0.55611,26.03,-32.057,2.617,17.8
0.78712,0.096428,0.24917,0.55594,26.38,-32.106,2.5988,17.85
0.78746,0.095761,0.24888,0.5557,26.73,-32.155,2.5843,17.9
0.78799,0.094946,0.24843,0.55528,27.079,-32.204,2.5703,17.95
0.78828,0.094171,0.24825,0.55508,27.43,-32.253,2.5568,18
0.78871,0.093591,0.24804,0.55466,27.78,-32.302,2.5439,18.05
0.78897,0.092855,0.24751,0.55465,28.13,-32.349,2.5306,18.1
0.78937,0.092463,0.24733,0.55423,28.48,-32.398,2.5199,18.15
0.78976,0.091477,0.24684,0.55406,28.829,-32.446,2.5089,18.2
0.7901,0.090392,0.24611,0.55408,29.177,-32.495,2.499,18.25
0.79027,0.08983,0.24614,0.55391,29.525,-32.543,2.4909,18.3
0.79061,0.089193,0.24576,0.5537,29.871,-32.591,2.4807,18.35
0.79134,0.088477,0.24555,0.55286,30.218,-32.64,2.474,18.4
0.79154,0.087787,0.24551,0.55271,30.563,-32.689,2.4677,18.45
0.79208,0.086938,0.24464,0.55246,30.907,-32.737,2.4617,18.5
0.79256,0.085959,0.24439,0.55202,31.25,-32.784,2.4563,18.55
0.79286,0.085167,0.2443,0.55177,31.592,-32.832,2.4526,18.6
0.79301,0.084371,0.2442,0.5517,31.932,-32.88,2.4494,18.65
0.79342,0.083839,0.24328,0.55161,32.271,-32.927,2.4452,18.7
0.79374,0.082881,0.24287,0.55148,32.608,-32.975,2.4431,18.75
0.79407,0.082363,0.24236,0.55129,32.944,-33.023,2.4424,18.8
0.79467,0.08155,0.24264,0.55044,33.279,-33.07,2.4411,18.85
0.79462,0.080831,0.24281,0.55053,33.61,-33.118,2.4413,18.9
0.79547,0.079972,0.24193,0.54981,33.94,-33.165,2.4423,18.95
0.79522,0.07977,0.2408,0.5507,34.267,-33.211,2.4445,19
0.79607,0.078608,0.24052,0.54977,34.593,-33.26,2.4465,19.05
0.79635,0.078089,0.24093,0.54925,34.917,-33.307,2.4502,19.1
0.7964,0.077529,0.2407,0.54937,35.237,-33.354,2.4553,19.15
0.79689,0.076524,0.23992,0.54913,35.556,-33.401,2.4599,19.2
0.79726,0.075655,0.23968,0.54882,35.872,-33.447,2.4663,19.25
0.79777,0.074778,0.23914,0.54843,36.185,-33.494,2.4716,19.3
0.79794,0.073813,0.23939,0.54821,36.496,-33.541,2.4791,19.35
0.7982,0.072745,0.23878,0.54824,36.802,-33.587,2.4871,19.4
0.79871,0.072462,0.23846,0.54768,37.107,-33.634,2.4961,19.45
0.79942,0.071708,0.2374,0.54721,37.408,-33.681,2.5049,19.5
0.79946,0.070656,0.2373,0.54733,37.707,-33.727,2.5159,19.55
0.79952,0.070091,0.2374,0.54727,38.001,-33.773,2.5271,19.6
0.7998,0.069351,0.23719,0.54704,38.293,-33.818,2.539,19.65
0.80042,0.068801,0.23658,0.54647,38.581,-33.865,2.5522,19.7
0.80029,0.068067,0.2368,0.54665,38.866,-33.911,2.5651,19.75
0.80082,0.067083,0.2359,0.54639,39.147,-33.957,2.579,19.8
0.8016,0.066147,0.23542,0.54556,39.426,-34.003,2.595,19.85
0.80184,0.065675,0.23542,0.54527,39.699,-34.048,2.611,19.9
0.80206,0.065275,0.23495,0.54519,39.969,-34.094,2.6269,19.95
0.80259,0.064034,0.23455,0.54474,40.235,-34.139,2.6439,20
0.80292,0.063276,0.23432,0.54443,40.496,-34.184,2.6619,20.05
0.80349,0.062724,0.23365,0.54395,40.754,-34.23,2.681,20.1
0.80386,0.061931,0.23336,0.54361,41.008,-34.275,2.7003,20.15
0.80377,0.060858,0.23338,0.54386,41.257,-34.32,2.7219,20.2
0.8042,0.06096,0.23288,0.54343,41.502,-34.365,2.742,20.25
0.80471,0.059606,0.23235,0.54304,41.743,-34.41,2.7644,20.3
0.80529,0.059265,0.23204,0.54236,41.978,-34.454,2.7862,20.35
0.80563,0.058238,0.23129,0.54229,42.21,-34.499,2.8096,20.4
0.80569,0.057132,0.2315,0.54222,42.436,-34.544,2.8337,20.45
0.80614,0.056773,0.23105,0.54179,42.659,-34.588,2.8587,20.5
0.80629,0.05546,0.23125,0.54162,42.876,-34.632,2.8836,20.55
0.8067,0.055079,0.23039,0.54141,43.089,-34.677,2.9089,20.6
0.80698,0.053965,0.23033,0.54112,43.297,-34.721,2.9365,20.65
0.80707,0.053467,0.23008,0.54115,43.499,-34.764,2.9625,20.7
0.80783,0.053276,0.22905,0.54047,43.698,-34.809,2.9911,20.75
0.80779,0.052323,0.22925,0.54054,43.889,-34.852,3.0198,20.8
0.80814,0.051992,0.2289,0.54019,44.076,-34.898,3.0546,20.85
0.80855,0.050635,0.22832,0.53995,44.259,-34.942,3.0847,20.9
0.80909,0.050629,0.22767,0.53942,44.436,-34.986,3.1161,20.95
0.80918,0.049617,0.22764,0.53939,44.606,-35.03,3.1473,21
0.80948,0.04843,0.22767,0.53903,44.772,-35.073,3.1794,21.05
0.80978,0.047966,0.22688,0.53896,44.934,-35.117,3.2126,21.1
0.81025,0.047027,0.2271,0.53825,45.089,-35.159,3.2469,21.15
0.81078,0.046331,0.22632,0.53783,45.239,-35.202,3.2803,21.2
0.81095,0.045406,0.22587,0.53785,45.383,-35.245,3.3149,21.25
0.81114,0.044662,0.2257,0.5377,45.521,-35.287,3.3509,21.3
0.81142,0.043657,0.22544,0.53746,45.655,-35.329,3.387,21.35
0.81197,0.043021,0.22475,0.53697,45.783,-35.372,3.4233,21.4
0.81219,0.042276,0.22474,0.53671,45.906,-35.414,3.4608,21.45
0.81242,0.042135,0.22412,0.53662,46.021,-35.455,3.4996,21.5
0.81294,0.04098,0.22348,0.53619,46.131,-35.498,3.5381,21.55
0.81329,0.039993,0.22338,0.53578,46.236,-35.539,3.5773,21.6
0.81344,0.039117,0.22332,0.53565,46.335,-35.581,3.6174,21.65
0.81381,0.038815,0.22268,0.53537,46.427,-35.622,3.6575,21.7
0.81407,0.037821,0.22241,0.53515,46.514,-35.663,3.6997,21.75
0.81439,0.037578,0.22179,0.53495,46.594,-35.704,3.7404,21.8
0.81452,0.036767,0.22168,0.53485,46.669,-35.745,3.7826,21.85
0.81507,0.035925,0.22115,0.53429,46.737,-35.785,3.826,21.9
0.8154,0.03489,0.22119,0.53384,46.8,-35.826,3.8687,21.95
0.81579,0.034215,0.22069,0.53349,46.857,-35.867,3.9127,22
0.81587,0.033005,0.22048,0.53353,46.908,-35.908,3.9573,22.05
0.81669,0.032825,0.21908,0.53286,46.952,-35.948,4.0025,22.1
0.81664,0.032084,0.21972,0.53272,46.991,-35.988,4.0482,22.15
0.81686,0.031223,0.21917,0.53266,47.023,-36.027,4.0943,22.2
0.81737,0.030149,0.21903,0.53199,47.05,-36.067,4.1395,22.25
0.81746,0.030018,0.21866,0.53202,47.07,-36.107,4.1886,22.3
0.81806,0.02897,0.21802,0.53142,47.084,-36.146,4.2355,22.35
0.81835,0.028436,0.21767,0.53115,47.093,-36.186,4.2839,22.4
0.8185,0.027902,0.21731,0.53109,47.095,-36.226,4.3319,22.45
0.81889,0.026653,0.2171,0.53063,47.089,-36.264,4.3805,22.5
0.81916,0.026317,0.21662,0.53044,47.079,-36.304,4.431,22.55
0.81929,0.02514,0.2166,0.53029,47.062,-36.342,4.4813,22.6
0.8199,0.024539,0.21612,0.52958,47.04,-36.381,4.5316,22.65
0.82006,0.023746,0.21562,0.52957,47.01,-36.419,4.5833,22.7
0.82018,0.022861,0.21521,0.52959,46.975,-36.457,4.6334,22.75
0.82076,0.021812,0.21495,0.52885,46.935,-36.495,4.6862,22.8
0.82092,0.021346,0.21446,0.52881,46.888,-36.533,4.739,22.85
0.82129,0.020847,0.21433,0.52831,46.835,-36.57,4.7907,22.9
0.82143,0.020024,0.21407,0.52822,46.776,-36.608,4.8453,22.95
0.82195,0.019553,0.21336,0.52773,46.71,-36.645,4.8986,23
0.82228,0.018478,0.21303,0.52737,46.64,-36.683,4.9505,23.05
0.82235,0.018124,0.21263,0.52745,46.563,-36.72,5.0055,23.1
0.82267,0.017094,0.21277,0.52692,46.48,-36.756,5.0606,23.15
0.82293,0.015871,0.21268,0.52659,46.391,-36.794,5.1167,23.2
0.82343,0.015812,0.21159,0.52625,46.295,-36.83,5.1712,23.25
0.82367,0.015206,0.21126,0.52602,46.195,-36.867,5.2274,23.3
0.82409,0.014146,0.21123,0.52541,46.088,-36.903,5.2833,23.35
0.82415,0.013637,0.21065,0.52556,45.975,-36.938,5.3405,23.4
0.8246,0.012252,0.20972,0.52527,45.857,-36.975,5.3969,23.45
0.82495,0.011528,0.20971,0.52473,45.732,-37.01,5.4546,23.5
0.82539,0.011227,0.20953,0.52412,45.603,-37.046,5.5115,23.55
0.82562,0.010081,0.20953,0.52379,45.467,-37.08,5.5693,23.6
0.82592,0.0094665,0.20853,0.52372,45.327,-37.115,5.6278,23.65
0.82625,0.0085855,0.20847,0.52324,45.181,-37.151,5.6863,23.7
0.82647,0.0080109,0.2082,0.52301,45.029,-37.185,5.7439,23.75
0.82649,0.0068128,0.20815,0.52301,44.871,-37.22,5.8037,23.8
0.82708,0.006754,0.20737,0.52239,44.707,-37.253,5.8632,23.85
0.82747,0.005812,0.20696,0.52194,44.539,-37.288,5.9211,23.9
0.82739,0.004799,0.20674,0.52217,44.365,-37.322,5.9808,23.95
0.82765,0.0042766,0.20639,0.5219,44.186,-37.356,6.0411,24
0.82808,0.0035189,0.20582,0.52144,44.002,-37.39,6.1017,24.05
0.82837,0.0029926,0.20562,0.52106,43.813,-37.423,6.1618,24.1
0.82853,0.001921,0.20555,0.52085,43.618,-37.457,6.2225,24.15
0.829,0.00158,0.20508,0.52029,43.418,-37.49,6.2829,24.2
0.82919,0.00045765,0.20452,0.52021,43.213,-37.523,6.3442,24.25
0.82949,-0.00020488,0.20416,0.51987,43.003,-37.555,6.4051,24.3
0.82991,-0.0012372,0.20424,0.51917,42.79,-37.589,6.4668,24.35
0.83007,-0.0021106,0.20378,0.51909,42.57,-37.621,6.5279,24.4
0.83009,-0.0027922,0.2033,0.51924,42.345,-37.652,6.5895,24.45
0.83093,-0.0030285,0.20252,0.5182,42.116,-37.684,6.6521,24.5
0.83099,-0.0039609,0.20238,0.51815,41.883,-37.716,6.7127,24.55
0.83123,-0.004491,0.20233,0.51778,41.646,-37.748,6.7746,24.6
0.83145,-0.0053251,0.20134,0.5178,41.403,-37.779,6.8378,24.65
0.8314,-0.0062719,0.20176,0.51771,41.157,-37.811,6.8988,24.7
0.83182,-0.0069575,0.20089,0.51737,40.905,-37.842,6.9619,24.75
0.83238,-0.007825,0.20047,0.51661,40.65,-37.873,7.0234,24.8
0.83248,-0.0088887,0.2,0.51661,40.391,-37.903,7.0858,24.85
0.83285,-0.0098387,0.20009,0.51597,40.127,-37.934,7.1484,24.9
0.83335,-0.0098353,0.19932,0.51546,39.861,-37.963,7.2107,24.95
0.83361,-0.010973,0.1993,0.51503,39.59,-37.994,7.2727,25
0.83366,-0.011772,0.19856,0.51521,39.314,-38.023,7.3359,25.05
0.8337,-0.012043,0.19839,0.51521,39.036,-38.052,7.3969,25.1
0.83381,-0.012992,0.19832,0.51504,38.752,-38.081,7.4603,25.15
0.83446,-0.014151,0.19771,0.51419,38.466,-38.11,7.5215,25.2
0.83473,-0.01404,0.19707,0.514,38.177,-38.139,7.584,25.25
0.8352,-0.015729,0.19655,0.51339,37.886,-38.169,7.6457,25.3
0.83532,-0.016305,0.19617,0.51332,37.588,-38.197,7.7102,25.35
0.83554,-0.016517,0.19575,0.51311,37.287,-38.226,7.7716,25.4
0.83567,-0.018366,0.19598,0.51275,36.985,-38.253,7.833,25.45
0.83589,-0.01785,0.19577,0.51248,36.68,-38.282,7.8958,25.5
0.8362,-0.018875,0.19522,0.51215,36.372,-38.309,7.9575,25.55
0.83638,-0.020132,0.19497,0.51191,36.058,-38.335,8.0208,25.6
0.83644,-0.021018,0.19433,0.51202,35.745,-38.364,8.0836,25.65
0.83734,-0.021662,0.19421,0.51056,35.429,-38.392,8.1452,25.7
0.83736,-0.022006,0.19371,0.5107,35.11,-38.419,8.2069,25.75
0.83738,-0.023056,0.19356,0.51069,34.788,-38.444,8.2687,25.8
0.83793,-0.023717,0.19313,0.50991,34.464,-38.471,8.3309,25.85
0.83835,-0.024423,0.19226,0.50951,34.137,-38.497,8.3928,25.9
0.83849,-0.025724,0.19214,0.50927,33.809,-38.524,8.4529,25.95
0.83861,-0.025735,0.1919,0.50916,33.478,-38.55,8.5142,26
0.83885,-0.0265,0.19157,0.50885,33.146,-38.576,8.5751,26.05
0.83928,-0.027849,0.19082,0.50835,32.811,-38.601,8.6353,26.1
0.83932,-0.028006,0.19048,0.5084,32.474,-38.626,8.6972,26.15
0.83969,-0.028984,0.19011,0.50788,32.136,-38.652,8.7575,26.2
0.83992,-0.029917,0.18962,0.50763,31.797,-38.676,8.8175,26.25
0.84035,-0.030446,0.18926,0.50702,31.455,-38.7,8.8782,26.3
0.84065,-0.031083,0.18919,0.50651,31.113,-38.725,8.9372,26.35
0.84079,-0.031835,0.18876,0.50638,30.77,-38.75,8.9977,26.4
0.84091,-0.033102,0.18829,0.50628,30.425,-38.773,9.0562,26.45
0.84099,-0.033273,0.18811,0.5062,30.08,-38.798,9.1166,26.5
0.84133,-0.034661,0.18765,0.50571,29.733,-38.822,9.1742,26.55
0.84165,-0.034932,0.18718,0.50535,29.385,-38.844,9.2336,26.6
0.842,-0.035602,0.18705,0.50476,29.038,-38.868,9.2921,26.65
0.84224,-0.036122,0.18599,0.50471,28.689,-38.89,9.3499,26.7
0.84247,-0.037731,0.18664,0.50397,28.34,-38.913,9.408,26.75
0.84291,-0.038129,0.18594,0.50346,27.99,-38.936,9.4657,26.8
0.84305,-0.038947,0.18538,0.50337,27.64,-38.958,9.5223,26.85
0.84327,-0.039565,0.18507,0.50306,27.29,-38.98,9.5789,26.9
0.84334,-0.040662,0.18483,0.50296,26.941,-39.002,9.6356,26.95
0.84356,-0.040891,0.18475,0.5026,26.591,-39.024,9.692,27
0.84383,-0.041555,0.1844,0.50221,26.242,-39.046,9.7475,27.05
0.84419,-0.042844,0.18394,0.50168,25.891,-39.066,9.8036,27.1
0.84438,-0.042875,0.18304,0.50167,25.542,-39.087,9.8574,27.15
0.84466,-0.043941,0.18301,0.50112,25.194,-39.108,9.9125,27.2
0.84482,-0.044904,0.18251,0.50096,24.845,-39.127,9.9671,27.25
0.84511,-0.045348,0.18231,0.5005,24.498,-39.148,10.021,27.3
0.84541,-0.045924,0.18192,0.50008,24.151,-39.168,10.074,27.35
0.8455,-0.047371,0.18146,0.49996,23.806,-39.187,10.128,27.4
0.84599,-0.047906,0.18085,0.49929,23.462,-39.207,10.181,27.45
0.84621,-0.048649,0.18045,0.49901,23.118,-39.225,10.233,27.5
0.84635,-0.049252,0.18017,0.4988,22.776,-39.244,10.285,27.55
0.84659,-0.050225,0.17986,0.4984,22.434,-39.263,10.335,27.6
0.84684,-0.050889,0.17972,0.49797,22.095,-39.283,10.387,27.65
0.84721,-0.051759,0.17915,0.49745,21.757,-39.302,10.439,27.7
0.84725,-0.052129,0.17899,0.4974,21.421,-39.321,10.489,27.75
0.8476,-0.05254,0.17825,0.49704,21.086,-39.337,10.538,27.8
0.84775,-0.05384,0.17816,0.49668,20.753,-39.356,10.587,27.85
0.84805,-0.05431,0.1779,0.49619,20.421,-39.371,10.637,27.9
0.84834,-0.055445,0.17694,0.49592,20.092,-39.389,10.685,27.95
0.84837,-0.055835,0.1764,0.49603,19.765,-39.405,10.733,28
0.84873,-0.057104,0.17672,0.49515,19.441,-39.422,10.779,28.05
0.84896,-0.057436,0.17604,0.49495,19.118,-39.437,10.827,28.1
0.84936,-0.05867,0.17565,0.49426,18.798,-39.454,10.873,28.15
0.84923,-0.058685,0.17564,0.49449,18.481,-39.469,10.917,28.2
0.84968,-0.060033,0.17489,0.49381,18.167,-39.486,10.963,28.25
0.84975,-0.060234,0.17463,0.49377,17.856,-39.502,11.007,28.3
0.8501,-0.060979,0.17429,0.49318,17.546,-39.516,11.05,28.35
0.85001,-0.062027,0.17411,0.49327,17.24,-39.531,11.093,28.4
0.85056,-0.063022,0.17349,0.49243,16.937,-39.545,11.135,28.45
0.8507,-0.06363,0.17292,0.4923,16.636,-39.56,11.178,28.5
0.85108,-0.064553,0.17278,0.49157,16.34,-39.574,11.219,28.55
0.85129,-0.065136,0.17214,0.49135,16.046,-39.588,11.26,28.6
0.85142,-0.065938,0.17192,0.4911,15.757,-39.602,11.3,28.65
0.8515,-0.066407,0.17157,0.49103,15.47,-39.615,11.34,28.7
0.85192,-0.067096,0.17132,0.49029,15.187,-39.628,11.379,28.75
0.85196,-0.06792,0.17083,0.49028,14.908,-39.642,11.417,28.8
0.85234,-0.068936,0.17058,0.48955,14.632,-39.654,11.456,28.85
0.85244,-0.069536,0.17046,0.48933,14.36,-39.667,11.491,28.9
0.85263,-0.070641,0.16985,0.48906,14.092,-39.678,11.528,28.95
0.85285,-0.07107,0.16949,0.48874,13.828,-39.691,11.564,29
0.85327,-0.07149,0.16894,0.48814,13.569,-39.702,11.599,29.05
0.85334,-0.072669,0.16832,0.48805,13.313,-39.714,11.634,29.1
0.85355,-0.073633,0.16777,0.48773,13.062,-39.726,11.667,29.15
0.85385,-0.073965,0.16772,0.48716,12.815,-39.737,11.701,29.2
0.85408,-0.074817,0.1671,0.48686,12.572,-39.747,11.733,29.25
0.85409,-0.075163,0.1667,0.48692,12.334,-39.759,11.765,29.3
0.85434,-0.076351,0.16728,0.4861,12.099,-39.769,11.796,29.35
0.85458,-0.076721,0.16671,0.48581,11.869,-39.778,11.827,29.4
0.85475,-0.077617,0.16588,0.48566,11.645,-39.789,11.857,29.45
0.85487,-0.078179,0.16556,0.48546,11.425,-39.798,11.886,29.5
0.85536,-0.079369,0.16521,0.48453,11.21,-39.808,11.914,29.55
0.85534,-0.080005,0.16477,0.48461,11,-39.816,11.942,29.6
0.8555,-0.080941,0.16441,0.48428,10.795,-39.825,11.968,29.65
0.85603,-0.081435,0.16397,0.48342,10.595,-39.834,11.995,29.7
0.85611,-0.082021,0.16411,0.48312,10.399,-39.842,12.021,29.75
0.85625,-0.083027,0.163,0.48309,10.209,-39.85,12.045,29.8
0.85633,-0.083465,0.16265,0.48298,10.024,-39.859,12.07,29.85
0.8565,-0.084565,0.16272,0.48246,9.8438,-39.866,12.093,29.9
0.85681,-0.084826,0.16196,0.48213,9.6697,-39.873,12.115,29.95
0.85687,-0.085907,0.162,0.48181,9.5012,-39.88,12.138,30
0.8572,-0.087186,0.16136,0.48121,9.3374,-39.887,12.159,30.05
0.85754,-0.087291,0.16078,0.48079,9.1795,-39.894,12.179,30.1
0.85762,-0.088151,0.16083,0.48047,9.0263,-39.9,12.199,30.15
0.85767,-0.089057,0.16035,0.48038,8.8793,-39.906,12.218,30.2
0.85801,-0.090206,0.16018,0.4796,8.7378,-39.912,12.236,30.25
0.85846,-0.090453,0.15974,0.47891,8.6017,-39.918,12.254,30.3
0.85834,-0.091501,0.15893,0.47919,8.471,-39.924,12.271,30.35
0.85839,-0.092382,0.15871,0.47901,8.3468,-39.928,12.287,30.4
0.85891,-0.093052,0.1581,0.47814,8.2282,-39.933,12.301,30.45
0.8589,-0.093463,0.15808,0.47809,8.1151,-39.938,12.316,30.5
0.85871,-0.094695,0.15791,0.47825,8.0076,-39.942,12.33,30.55
0.85944,-0.095455,0.15686,0.47712,7.9061,-39.947,12.343,30.6
0.85925,-0.096034,0.15684,0.47735,7.8098,-39.951,12.355,30.65
0.85954,-0.096335,0.15611,0.47702,7.7192,-39.954,12.368,30.7
0.86005,-0.097881,0.15604,0.47581,7.635,-39.956,12.379,30.75
0.85987,-0.098401,0.15639,0.4759,7.5571,-39.962,12.387,30.8
0.86031,-0.099099,0.15529,0.47532,7.4857,-39.964,12.396,30.85
0.86047,-0.099676,0.15494,0.47503,7.4197,-39.966,12.406,30.9
0.86042,-0.1004,0.1545,0.4751,7.3594,-39.968,12.413,30.95
0.86098,-0.1012,0.15411,0.47405,7.3056,-39.97,12.42,31
0.86131,-0.10186,0.15361,0.47347,7.2581,-39.973,12.426,31.05
0.86123,-0.10249,0.1527,0.47377,7.2163,-39.973,12.43,31.1
0.86168,-0.10283,0.1527,0.47287,7.182,-39.976,12.435,31.15
0.86138,-0.10417,0.15239,0.47323,7.1521,-39.977,12.439,31.2
0.86202,-0.10454,0.15218,0.47206,7.1293,-39.978,12.444,31.25
0.86193,-0.10598,0.15196,0.47196,7.1117,-39.978,12.445,31.3
0.86199,-0.10672,0.15141,0.47187,7.1011,-39.98,12.444,31.35
0.86235,-0.10714,0.1516,0.47105,7.0956,-39.98,12.447,31.4
0.86233,-0.10822,0.15072,0.47112,7.0973,-39.98,12.445,31.45
0.86269,-0.10822,0.15005,0.47068,7.1034,-39.979,12.445,31.5
0.86305,-0.10907,0.1494,0.47004,7.117,-39.978,12.444,31.55
0.86299,-0.10948,0.14936,0.47006,7.1361,-39.976,12.441,31.6
0.86307,-0.11078,0.14918,0.46966,7.1627,-39.976,12.437,31.65
0.86367,-0.11171,0.14843,0.46858,7.1944,-39.973,12.433,31.7
0.86336,-0.11207,0.14861,0.46901,7.232,-39.973,12.427,31.75
0.86367,-0.11315,0.14803,0.46836,7.2771,-39.972,12.423,31.8
0.86363,-0.11415,0.14803,0.4682,7.3263,-39.968,12.415,31.85
0.8641,-0.11416,0.14698,0.46765,7.3824,-39.966,12.409,31.9
0.86449,-0.1155,0.14655,0.46674,7.4443,-39.963,12.4,31.95
0.86427,-0.11564,0.14657,0.46709,7.5123,-39.961,12.392,32
0.86474,-0.11669,0.14547,0.46631,7.5863,-39.957,12.382,32.05
0.86465,-0.11735,0.14557,0.46627,7.6662,-39.954,12.371,32.1
0.8649,-0.1185,0.1454,0.46558,7.7521,-39.951,12.359,32.15
0.86497,-0.11891,0.14497,0.46549,7.8446,-39.947,12.349,32.2
0.86514,-0.11961,0.14438,0.46517,7.9432,-39.943,12.337,32.25
0.86546,-0.12044,0.14425,0.4644,8.0463,-39.939,12.323,32.3
0.86564,-0.12121,0.14336,0.46414,8.1561,-39.934,12.308,32.35
0.8654,-0.12226,0.14349,0.46428,8.2712,-39.93,12.293,32.4
0.86575,-0.12305,0.143,0.46355,8.392,-39.924,12.279,32.45
0.86598,-0.1231,0.14231,0.46334,8.5199,-39.919,12.261,32.5
0.86626,-0.12424,0.14186,0.46263,8.6521,-39.913,12.246,32.55
0.86632,-0.12492,0.14229,0.46221,8.7906,-39.907,12.227,32.6
0.86647,-0.12594,0.14188,0.46178,8.9337,-39.901,12.209,32.65
0.86664,-0.12615,0.14113,0.46163,9.0828,-39.895,12.189,32.7
0.86714,-0.127,0.14045,0.46066,9.2378,-39.888,12.169,32.75
0.86668,-0.12785,0.14037,0.46131,9.3982,-39.882,12.149,32.8
0.86713,-0.12869,0.13991,0.46038,9.5634,-39.873,12.127,32.85
0.8672,-0.1298,0.13954,0.46005,9.7343,-39.867,12.105,32.9
0.86728,-0.13025,0.13956,0.45976,9.9105,-39.86,12.081,32.95
0.86756,-0.13056,0.13844,0.45948,10.093,-39.852,12.058,33
0.86779,-0.13207,0.13799,0.45875,10.279,-39.843,12.033,33.05
0.86793,-0.13239,0.13774,0.45848,10.472,-39.835,12.008,33.1
0.86797,-0.13325,0.1375,0.45823,10.669,-39.827,11.982,33.15
0.8681,-0.13387,0.13683,0.45799,10.871,-39.817,11.955,33.2
0.8683,-0.13461,0.13701,0.45734,11.079,-39.809,11.929,33.25
0.86855,-0.13542,0.13654,0.45678,11.29,-39.799,11.899,33.3
0.86879,-0.13598,0.13618,0.45626,11.507,-39.789,11.871,33.35
0.86897,-0.13692,0.13548,0.45585,11.728,-39.78,11.841,33.4
0.86895,-0.13753,0.13502,0.45583,11.955,-39.769,11.811,33.45
0.86923,-0.13809,0.13506,0.45512,12.187,-39.76,11.781,33.5
0.86917,-0.13901,0.13462,0.45508,12.422,-39.749,11.749,33.55
0.86957,-0.13938,0.13425,0.45431,12.662,-39.738,11.717,33.6
0.86945,-0.14013,0.13358,0.45451,12.907,-39.727,11.684,33.65
0.86941,-0.1416,0.13314,0.45425,13.155,-39.715,11.651,33.7
0.86981,-0.14206,0.13293,0.45341,13.408,-39.704,11.616,33.75
0.86987,-0.14284,0.13263,0.45313,13.666,-39.692,11.582,33.8
0.8702,-0.14317,0.13168,0.45267,13.927,-39.68,11.545,33.85
0.87023,-0.1441,0.13157,0.45235,14.192,-39.668,11.509,33.9
0.87049,-0.14464,0.13149,0.45171,14.462,-39.656,11.473,33.95
0.87053,-0.1456,0.13076,0.45153,14.735,-39.642,11.436,34
0.87083,-0.14666,0.13064,0.45065,15.013,-39.629,11.398,34.05
0.87087,-0.1473,0.1305,0.45039,15.293,-39.616,11.36,34.1
0.87094,-0.14786,0.12981,0.45027,15.577,-39.603,11.32,34.15
0.87108,-0.14853,0.12964,0.44984,15.866,-39.589,11.28,34.2
0.87101,-0.15012,0.12916,0.44959,16.156,-39.575,11.24,34.25
0.87124,-0.1501,0.12895,0.44921,16.451,-39.561,11.199,34.3
0.87144,-0.15077,0.12823,0.44879,16.749,-39.548,11.157,34.35
0.87164,-0.15131,0.12793,0.44831,17.05,-39.532,11.116,34.4
0.8717,-0.15235,0.12756,0.44794,17.354,-39.517,11.073,34.45
0.87178,-0.15295,0.12763,0.44757,17.661,-39.502,11.029,34.5
0.87194,-0.15394,0.12644,0.44726,17.971,-39.487,10.985,34.55
0.87206,-0.15454,0.12615,0.4469,18.285,-39.472,10.94,34.6
0.8722,-0.1556,0.12627,0.44622,18.6,-39.454,10.896,34.65
0.87246,-0.15615,0.12564,0.4457,18.918,-39.439,10.851,34.7
0.87226,-0.15668,0.12473,0.44617,19.239,-39.423,10.804,34.75
0.87251,-0.15742,0.12459,0.44545,19.562,-39.406,10.759,34.8
0.87271,-0.1584,0.12453,0.44472,19.887,-39.389,10.71,34.85
0.87284,-0.15913,0.12397,0.44436,20.215,-39.371,10.663,34.9
0.87295,-0.15931,0.1237,0.44415,20.544,-39.356,10.614,34.95
0.87311,-0.16063,0.12274,0.44363,20.876,-39.339,10.564,35
0.87328,-0.16138,0.12252,0.44309,21.21,-39.32,10.514,35.05
0.87315,-0.16166,0.12181,0.44343,21.545,-39.302,10.465,35.1
0.87352,-0.16259,0.12177,0.44237,21.882,-39.284,10.413,35.15
0.87363,-0.16356,0.12097,0.44202,22.221,-39.265,10.363,35.2
0.87386,-0.16421,0.1213,0.44124,22.562,-39.246,10.313,35.25
0.87376,-0.16502,0.12057,0.44133,22.903,-39.226,10.261,35.3
0.87395,-0.16517,0.12066,0.44087,23.246,-39.208,10.209,35.35
0.87412,-0.1669,0.11993,0.44009,23.591,-39.19,10.156,35.4
0.87417,-0.16709,0.11959,0.44001,23.935,-39.169,10.104,35.45
0.87426,-0.1679,0.1192,0.43961,24.281,-39.149,10.05,35.5
0.87455,-0.16875,0.11872,0.43884,24.628,-39.129,9.9977,35.55
0.87455,-0.16918,0.11837,0.43878,24.976,-39.11,9.9426,35.6
0.87476,-0.17007,0.11826,0.43806,25.324,-39.089,9.8883,35.65
0.87475,-0.17091,0.11793,0.43782,25.673,-39.068,9.8337,35.7
0.87483,-0.17156,0.11732,0.43757,26.022,-39.047,9.7786,35.75
0.87495,-0.17207,0.11683,0.43727,26.372,-39.026,9.7225,35.8
0.87528,-0.17267,0.11628,0.43653,26.721,-39.005,9.6662,35.85
0.87537,-0.17329,0.11613,0.43613,27.071,-38.983,9.6101,35.9
0.87536,-0.17382,0.11555,0.4361,27.422,-38.962,9.5545,35.95
0.87543,-0.17534,0.11556,0.43534,27.772,-38.939,9.4981,36
0.87539,-0.1757,0.11483,0.43546,28.121,-38.918,9.4402,36.05
0.87562,-0.17623,0.11439,0.43491,28.471,-38.894,9.3816,36.1
0.8758,-0.1776,0.11379,0.43415,28.82,-38.872,9.3239,36.15
0.87596,-0.17836,0.11375,0.43353,29.168,-38.849,9.2665,36.2
0.87578,-0.17914,0.11359,0.43361,29.516,-38.825,9.208,36.25
0.87616,-0.17925,0.11296,0.43295,29.863,-38.802,9.1489,36.3
0.87636,-0.18025,0.11247,0.43227,30.21,-38.779,9.0908,36.35
0.87641,-0.18058,0.11206,0.43212,30.554,-38.754,9.0314,36.4
0.87631,-0.18207,0.11176,0.43178,30.899,-38.731,8.973,36.45
0.87639,-0.18246,0.11097,0.43167,31.242,-38.707,8.9122,36.5
0.87654,-0.18326,0.11081,0.43106,31.584,-38.682,8.8525,36.55
0.87661,-0.1839,0.11049,0.43072,31.923,-38.657,8.7919,36.6
0.87661,-0.18505,0.1099,0.43039,32.262,-38.632,8.7323,36.65
0.87685,-0.18513,0.10968,0.42992,32.6,-38.608,8.6705,36.7
0.87703,-0.18603,0.10933,0.42925,32.936,-38.582,8.6109,36.75
0.87702,-0.18707,0.10909,0.42889,33.27,-38.556,8.5482,36.8
0.87713,-0.18785,0.10872,0.42842,33.602,-38.53,8.489,36.85
0.87729,-0.1885,0.10811,0.42796,33.932,-38.504,8.4264,36.9
0.87744,-0.18909,0.10718,0.42762,34.26,-38.478,8.3658,36.95
0.87745,-0.18992,0.10754,0.42714,34.586,-38.451,8.3041,37
0.87735,-0.19104,0.10726,0.42692,34.911,-38.426,8.2417,37.05
0.87746,-0.19156,0.1064,0.42667,35.231,-38.398,8.179,37.1
0.87771,-0.19167,0.10631,0.42612,35.55,-38.371,8.1167,37.15
0.87768,-0.19249,0.10572,0.42596,35.865,-38.344,8.0558,37.2
0.87772,-0.19362,0.10534,0.42547,36.179,-38.316,7.9937,37.25
0.87799,-0.19381,0.10483,0.42494,36.489,-38.287,7.9305,37.3
0.87834,-0.19466,0.10441,0.42394,36.797,-38.26,7.8683,37.35
0.878,-0.19568,0.10404,0.42427,37.102,-38.233,7.8062,37.4
0.87835,-0.19618,0.10375,0.42339,37.403,-38.204,7.7431,37.45
0.87841,-0.19705,0.10334,0.42296,37.702,-38.177,7.6809,37.5
0.87837,-0.19763,0.10282,0.42288,37.996,-38.147,7.6196,37.55
0.87851,-0.19865,0.10247,0.42221,38.289,-38.12,7.5582,37.6
0.87862,-0.19931,0.10173,0.42185,38.577,-38.089,7.4949,37.65
0.87883,-0.20026,0.10193,0.42091,38.861,-38.06,7.431,37.7
0.87877,-0.20121,0.10131,0.42073,39.142,-38.031,7.3693,37.75
0.87864,-0.20193,0.10091,0.42075,39.42,-38.001,7.3074,37.8
0.87875,-0.2023,0.10076,0.42037,39.693,-37.971,7.2449,37.85
0.87912,-0.20297,0.099813,0.41952,39.964,-37.941,7.1827,37.9
0.87918,-0.20349,0.099759,0.41914,40.23,-37.91,7.1204,37.95
0.87921,-0.20439,0.099115,0.41879,40.492,-37.88,7.0567,38
0.87917,-0.20505,0.098941,0.4186,40.75,-37.849,6.9953,38.05
0.87933,-0.20561,0.098926,0.41799,41.004,-37.819,6.9323,38.1
0.87937,-0.20642,0.097968,0.41773,41.253,-37.787,6.8705,38.15
0.87952,-0.20699,0.098021,0.41712,41.499,-37.756,6.808,38.2
0.87953,-0.20801,0.097609,0.41669,41.739,-37.724,6.7462,38.25
0.87951,-0.2087,0.096898,0.41655,41.976,-37.692,6.685,38.3
0.87964,-0.20959,0.096887,0.41584,42.207,-37.66,6.6227,38.35
0.87966,-0.20997,0.096184,0.41576,42.435,-37.628,6.5607,38.4
0.87992,-0.21103,0.096,0.41472,42.657,-37.596,6.4983,38.45
0.87987,-0.21186,0.095429,0.41453,42.875,-37.564,6.4376,38.5
0.87979,-0.21247,0.095244,0.41443,43.087,-37.532,6.3765,38.55
0.88003,-0.21327,0.094294,0.41372,43.295,-37.499,6.316,38.6
0.88022,-0.21335,0.094471,0.41325,43.498,-37.466,6.2556,38.65
0.88019,-0.21438,0.09383,0.41291,43.696,-37.432,6.1936,38.7
0.88028,-0.21484,0.09308,0.41265,43.888,-37.399,6.1342,38.75
0.88039,-0.21591,0.093149,0.41185,44.076,-37.365,6.0724,38.8
0.88022,-0.21639,0.092486,0.4121,44.259,-37.332,6.0134,38.85
0.88024,-0.21737,0.09242,0.41156,44.436,-37.298,5.9544,38.9
0.88058,-0.21787,0.092057,0.41067,44.608,-37.263,5.8942,38.95
0.88054,-0.21915,0.091862,0.41011,44.775,-37.229,5.8336,39
0.88066,-0.21934,0.090513,0.41004,44.936,-37.194,5.7748,39.05
0.88067,-0.22037,0.090361,0.4095,45.091,-37.159,5.7156,39.1
0.88079,-0.2211,0.089957,0.40894,45.241,-37.124,5.6567,39.15
0.88053,-0.22215,0.089743,0.40899,45.387,-37.09,5.5989,39.2
0.88063,-0.22276,0.089425,0.40849,45.526,-37.055,5.5407,39.25
0.88085,-0.2231,0.089359,0.40785,45.659,-37.019,5.4838,39.3
0.88092,-0.22391,0.088628,0.40743,45.786,-36.984,5.4255,39.35
0.88074,-0.22482,0.088226,0.40739,45.909,-36.949,5.3689,39.4
0.8809,-0.22572,0.087811,0.40664,46.025,-36.912,5.3115,39.45
0.88111,-0.22623,0.087304,0.40601,46.135,-36.876,5.2554,39.5
0.88101,-0.227,0.087314,0.40578,46.24,-36.841,5.1994,39.55
0.88126,-0.22756,0.086624,0.40509,46.338,-36.804,5.1435,39.6
0.88114,-0.2284,0.086464,0.4049,46.431,-36.767,5.0879,39.65
0.88125,-0.22896,0.085737,0.40452,46.518,-36.73,5.034,39.7
0.88122,-0.23023,0.085309,0.40395,46.599,-36.693,4.9784,39.75
0.8813,-0.23012,0.084911,0.40392,46.674,-36.657,4.9245,39.8
0.88125,-0.23155,0.084835,0.40323,46.744,-36.619,4.8695,39.85
0.88141,-0.23215,0.084369,0.40262,46.807,-36.581,4.816,39.9
0.88157,-0.23278,0.084015,0.40197,46.863,-36.544,4.7638,39.95
0.88165,-0.23325,0.083232,0.40169,46.915,-36.507,4.7113,40
0.88137,-0.23454,0.083295,0.40155,46.958,-36.468,4.6574,40.05
0.8818,-0.23469,0.082322,0.40071,46.998,-36.431,4.6052,40.1
0.88181,-0.23533,0.082362,0.40031,47.03,-36.392,4.5548,40.15
0.88186,-0.23587,0.081946,0.39997,47.056,-36.353,4.5029,40.2
0.88157,-0.23735,0.081576,0.3998,47.078,-36.316,4.4531,40.25
0.88185,-0.23781,0.081187,0.39899,47.092,-36.276,4.4013,40.3
0.882,-0.23833,0.081062,0.39838,47.1,-36.237,4.3527,40.35
0.88203,-0.23893,0.080383,0.39808,47.103,-36.199,4.3042,40.4
0.88209,-0.23962,0.079971,0.39762,47.098,-36.159,4.2551,40.45
0.88208,-0.24103,0.07956,0.39688,47.088,-36.12,4.2068,40.5
0.88216,-0.24144,0.07846,0.39666,47.071,-36.08,4.1598,40.55
0.88187,-0.24218,0.078541,0.39684,47.048,-36.04,4.1125,40.6
0.8822,-0.24279,0.078134,0.39583,47.021,-36,4.065,40.65
0.88216,-0.24354,0.077507,0.39556,46.986,-35.961,4.0191,40.7
0.88211,-0.24431,0.077453,0.39522,46.945,-35.92,3.9746,40.75
0.88208,-0.24492,0.07681,0.39502,46.898,-35.88,3.9287,40.8
0.88208,-0.24583,0.076836,0.39446,46.845,-35.84,3.8856,40.85
0.88226,-0.24686,0.076197,0.39355,46.786,-35.799,3.8406,40.9
0.88235,-0.24725,0.075924,0.39315,46.721,-35.759,3.7964,40.95
0.8824,-0.24783,0.074881,0.39287,46.651,-35.718,3.7551,41
0.88241,-0.24867,0.074632,0.39235,46.573,-35.676,3.7135,41.05
0.88236,-0.24899,0.074511,0.39229,46.491,-35.635,3.6702,41.1
0.8823,-0.24999,0.074759,0.39174,46.403,-35.593,3.6306,41.15
0.88235,-0.25102,0.073993,0.39111,46.307,-35.552,3.5901,41.2
0.88244,-0.25153,0.073097,0.39075,46.206,-35.51,3.5506,41.25
0.88244,-0.25209,0.072763,0.39045,46.1,-35.469,3.5101,41.3
0.8824,-0.25322,0.072289,0.3899,45.988,-35.427,3.4726,41.35
0.88244,-0.25366,0.072355,0.38951,45.87,-35.385,3.4335,41.4
0.88264,-0.2541,0.071474,0.38893,45.747,-35.342,3.3975,41.45
0.88268,-0.25515,0.07112,0.38822,45.618,-35.3,3.36,41.5
0.88269,-0.25536,0.071006,0.38809,45.482,-35.258,3.3237,41.55
0.88241,-0.25694,0.070288,0.38782,45.342,-35.215,3.289,41.6
0.88267,-0.25717,0.070186,0.38708,45.195,-35.173,3.2542,41.65
0.8828,-0.25779,0.069359,0.38651,45.043,-35.13,3.2198,41.7
0.88274,-0.25823,0.069605,0.38633,44.885,-35.086,3.1883,41.75
0.88275,-0.25938,0.069086,0.38562,44.723,-35.043,3.1553,41.8
0.8825,-0.26051,0.068327,0.38555,44.555,-35,3.1235,41.85
0.8826,-0.26108,0.0681,0.38499,44.381,-34.956,3.0915,41.9
0.88284,-0.2611,0.067725,0.3845,44.203,-34.912,3.0606,41.95
0.88278,-0.26207,0.067323,0.38405,44.019,-34.869,3.0306,42
0.88263,-0.26278,0.067232,0.38392,43.828,-34.825,3.0016,42.05
0.88291,-0.26339,0.066459,0.38299,43.635,-34.781,2.9717,42.1
0.88286,-0.26429,0.066147,0.38255,43.436,-34.738,2.9446,42.15
0.88282,-0.26514,0.065959,0.38207,43.232,-34.693,2.917,42.2
0.88299,-0.26552,0.065108,0.38156,43.022,-34.648,2.8907,42.25
0.88276,-0.26673,0.06457,0.38135,42.808,-34.604,2.8638,42.3
0.88288,-0.2668,0.064335,0.38105,42.589,-34.56,2.8397,42.35
0.88293,-0.26834,0.0641,0.37988,42.365,-34.515,2.8145,42.4
0.8828,-0.26866,0.063592,0.38006,42.136,-34.471,2.791,42.45
0.88292,-0.26926,0.063094,0.37943,41.903,-34.426,2.7676,42.5
0.88274,-0.27022,0.062879,0.3792,41.665,-34.381,2.7449,42.55
0.8828,-0.27103,0.062595,0.37854,41.422,-34.336,2.7234,42.6
0.88296,-0.27133,0.061918,0.37807,41.176,-34.291,2.7027,42.65
0.88293,-0.27225,0.061667,0.37751,40.926,-34.246,2.6828,42.7
0.88287,-0.27304,0.060668,0.37723,40.67,-34.2,2.6637,42.75
0.8828,-0.2736,0.060708,0.37699,40.411,-34.155,2.6457,42.8
0.88301,-0.27416,0.060366,0.37615,40.149,-34.109,2.6266,42.85
0.88305,-0.27491,0.059463,0.37565,39.882,-34.063,2.6091,42.9
0.88321,-0.27541,0.0596,0.37488,39.611,-34.017,2.592,42.95
0.88293,-0.27613,0.059528,0.37501,39.336,-33.971,2.5778,43
0.88288,-0.27748,0.058885,0.37424,39.058,-33.925,2.5624,43.05
0.88305,-0.27799,0.05819,0.37357,38.776,-33.879,2.5491,43.1
0.88307,-0.27833,0.057822,0.37333,38.489,-33.832,2.5342,43.15
0.88322,-0.27889,0.057565,0.3726,38.199,-33.787,2.5223,43.2
0.88303,-0.28014,0.057119,0.37219,37.907,-33.74,2.5108,43.25
0.88307,-0.28019,0.056954,0.37208,37.611,-33.693,2.5005,43.3
0.88306,-0.28098,0.056252,0.37162,37.312,-33.646,2.4885,43.35
0.88295,-0.2821,0.055722,0.37111,37.009,-33.6,2.4792,43.4
0.8827,-0.28271,0.055554,0.37126,36.705,-33.553,2.4723,43.45
0.88303,-0.28339,0.055452,0.36996,36.396,-33.505,2.464,43.5
0.88281,-0.28438,0.054196,0.3699,36.084,-33.457,2.4552,43.55
0.88278,-0.28497,0.054513,0.36949,35.771,-33.411,2.4511,43.6
0.88291,-0.28561,0.054052,0.36875,35.454,-33.364,2.4454,43.65
0.88299,-0.28611,0.053555,0.36824,35.134,-33.316,2.4408,43.7
0.88271,-0.28713,0.053078,0.36817,34.813,-33.269,2.4357,43.75
0.88271,-0.28818,0.05249,0.36745,34.488,-33.222,2.4344,43.8
0.88271,-0.28874,0.051771,0.36712,34.161,-33.174,2.4314,43.85
0.88266,-0.28935,0.051658,0.36677,33.833,-33.127,2.4283,43.9
0.88299,-0.28996,0.050991,0.36559,33.503,-33.079,2.4279,43.95
0.88275,-0.29053,0.051458,0.36564,33.171,-33.033,2.4291,44
0.88258,-0.29148,0.050657,0.36541,32.835,-32.985,2.4305,44.05
0.88271,-0.29161,0.050896,0.36496,32.499,-32.936,2.4308,44.1
0.88269,-0.29268,0.050153,0.36424,32.16,-32.888,2.4323,44.15
0.88255,-0.29362,0.049493,0.36392,31.821,-32.839,2.4367,44.2
0.8827,-0.29384,0.049026,0.36346,31.481,-32.792,2.4396,44.25
0.88285,-0.2945,0.048801,0.36258,31.139,-32.743,2.4445,44.3
0.88282,-0.29531,0.047935,0.3621,30.795,-32.695,2.4485,44.35
0.88263,-0.29622,0.047896,0.36183,30.451,-32.646,2.4557,44.4
0.88276,-0.29645,0.047792,0.36134,30.106,-32.598,2.4633,44.45
0.88259,-0.29727,0.046799,0.36121,29.759,-32.55,2.47,44.5
0.88252,-0.29841,0.046817,0.36043,29.412,-32.502,2.4787,44.55
0.88239,-0.2993,0.046012,0.36014,29.064,-32.454,2.4886,44.6
0.88262,-0.29969,0.045546,0.35929,28.715,-32.405,2.4975,44.65
0.88247,-0.30051,0.045679,0.35896,28.366,-32.356,2.5081,44.7
0.88256,-0.30064,0.044958,0.35872,28.017,-32.307,2.5202,44.75
0.88262,-0.30149,0.043933,0.35797,27.667,-32.26,2.533,44.8
0.88218,-0.30268,0.04433,0.35803,27.317,-32.211,2.5466,44.85
0.88227,-0.3034,0.04348,0.3573,26.967,-32.162,2.5584,44.9
0.88231,-0.30389,0.043126,0.35681,26.617,-32.114,2.5743,44.95
0.88252,-0.30406,0.042441,0.35623,26.266,-32.063,2.5901,45
0.88232,-0.30525,0.042324,0.35573,25.917,-32.015,2.6082,45.05
0.88207,-0.30636,0.042141,0.35542,25.569,-31.966,2.6254,45.1
0.88225,-0.30671,0.041559,0.35475,25.219,-31.917,2.643,45.15
0.88216,-0.30712,0.041594,0.35461,24.871,-31.868,2.6616,45.2
0.88217,-0.3082,0.040733,0.35372,24.523,-31.818,2.6815,45.25
0.88194,-0.30912,0.040065,0.35359,24.177,-31.771,2.7016,45.3
0.88223,-0.30944,0.040301,0.35254,23.831,-31.721,2.7216,45.35
0.88199,-0.31032,0.039372,0.35248,23.486,-31.672,2.7442,45.4
0.88217,-0.31064,0.039104,0.35179,23.141,-31.623,2.7669,45.45
0.8818,-0.31233,0.03836,0.35129,22.799,-31.574,2.7883,45.5
0.88174,-0.31232,0.038524,0.35143,22.459,-31.524,2.8113,45.55
0.88184,-0.31306,0.038373,0.35054,22.119,-31.473,2.8359,45.6
0.88201,-0.31352,0.03731,0.34982,21.781,-31.424,2.861,45.65
0.88178,-0.31447,0.03716,0.34955,21.445,-31.375,2.887,45.7
0.88183,-0.31479,0.036691,0.3492,21.11,-31.325,2.9134,45.75
0.88179,-0.31542,0.036275,0.34878,20.777,-31.276,2.9407,45.8
0.88168,-0.31659,0.036155,0.34801,20.446,-31.226,2.9683,45.85
0.88165,-0.31701,0.035432,0.34777,20.117,-31.177,2.9973,45.9
0.88146,-0.31819,0.035356,0.34717,19.79,-31.127,3.0256,45.95
0.88166,-0.31824,0.035001,0.34666,19.466,-31.078,3.0552,46
0.88156,-0.31896,0.034183,0.34634,19.143,-31.028,3.0865,46.05
0.88146,-0.31949,0.033867,0.34612,18.823,-30.978,3.1176,46.1
0.88145,-0.32041,0.033873,0.34532,18.506,-30.929,3.1489,46.15
0.8815,-0.3208,0.032816,0.34493,18.192,-30.879,3.1813,46.2
0.88149,-0.32142,0.032742,0.34438,17.88,-30.828,3.214,46.25
0.88132,-0.32252,0.032649,0.34379,17.571,-30.778,3.2476,46.3
0.88126,-0.32314,0.031516,0.34347,17.265,-30.729,3.2829,46.35
0.88135,-0.32326,0.031646,0.34312,16.962,-30.679,3.3181,46.4
0.881,-0.32471,0.030969,0.34271,16.661,-30.628,3.3544,46.45
0.8811,-0.32499,0.030522,0.34222,16.364,-30.579,3.3904,46.5
0.88102,-0.32631,0.030104,0.34121,16.071,-30.528,3.4267,46.55
0.88091,-0.32677,0.029701,0.34108,15.781,-30.479,3.465,46.6
0.88061,-0.32762,0.029465,0.34106,15.495,-30.429,3.5038,46.65
0.88078,-0.32829,0.028772,0.34005,15.211,-30.379,3.5433,46.7
0.88084,-0.32877,0.028752,0.33942,14.932,-30.328,3.5824,46.75
0.88066,-0.32937,0.027878,0.33937,14.656,-30.279,3.6222,46.8
0.88064,-0.33037,0.027804,0.33845,14.384,-30.228,3.6648,46.85
0.88032,-0.33122,0.027062,0.33852,14.116,-30.179,3.7052,46.9
0.88049,-0.33156,0.027387,0.3377,13.851,-30.13,3.747,46.95
0.88031,-0.33234,0.026565,0.3375,13.591,-30.079,3.7893,47
0.88024,-0.3332,0.02593,0.33687,13.336,-30.029,3.832,47.05
0.88036,-0.33373,0.025956,0.33602,13.084,-29.979,3.8756,47.1
0.8804,-0.33395,0.025657,0.33573,12.836,-29.928,3.9202,47.15
0.88022,-0.33498,0.025342,0.33519,12.594,-29.878,3.9647,47.2
0.88006,-0.33572,0.0244,0.33494,12.355,-29.829,4.0096,47.25
0.8801,-0.33614,0.024706,0.3344,12.121,-29.779,4.056,47.3
0.88006,-0.33705,0.023671,0.33365,11.892,-29.729,4.1024,47.35
0.88005,-0.33753,0.023407,0.33321,11.666,-29.679,4.1495,47.4
0.87994,-0.33808,0.022986,0.33299,11.447,-29.629,4.1971,47.45
0.87987,-0.33904,0.022393,0.33223,11.232,-29.58,4.2441,47.5
0.87958,-0.33978,0.022278,0.33226,11.021,-29.529,4.2926,47.55
0.87948,-0.34052,0.021643,0.33181,10.815,-29.479,4.3414,47.6
0.87948,-0.34139,0.021305,0.33093,10.615,-29.43,4.3911,47.65
0.87973,-0.34155,0.020753,0.33013,10.419,-29.379,4.4402,47.7
0.87941,-0.34271,0.020742,0.32978,10.229,-29.329,4.49,47.75
0.87944,-0.34317,0.020056,0.32927,10.043,-29.28,4.5414,47.8
0.8794,-0.34386,0.019743,0.32869,9.8633,-29.231,4.5926,47.85
0.87892,-0.34504,0.019377,0.32875,9.6885,-29.18,4.6448,47.9
0.87911,-0.34498,0.018653,0.32834,9.5192,-29.129,4.6954,47.95
0.87907,-0.34632,0.018286,0.32705,9.3552,-29.079,4.7478,48
0.87905,-0.34641,0.017815,0.32704,9.1968,-29.029,4.8014,48.05
0.879,-0.34687,0.017754,0.3267,9.0441,-28.981,4.855,48.1
0.87888,-0.34774,0.016744,0.32614,8.8967,-28.93,4.9079,48.15
0.87846,-0.34891,0.016857,0.32603,8.7552,-28.881,4.9621,48.2
0.87874,-0.34951,0.016156,0.32467,8.6189,-28.832,5.0166,48.25
0.87863,-0.34982,0.015931,0.32461,8.4877,-28.782,5.0722,48.3
0.87844,-0.351,0.015832,0.32387,8.3635,-28.733,5.1279,48.35
0.87817,-0.35164,0.015567,0.32391,8.2448,-28.683,5.1829,48.4
0.8784,-0.35163,0.01492,0.32335,8.1308,-28.632,5.2382,48.45
0.8782,-0.35254,0.014346,0.32292,8.0233,-28.584,5.2952,48.5
0.87836,-0.3529,0.013954,0.3221,7.9214,-28.535,5.3514,48.55
0.87811,-0.35409,0.013334,0.3215,7.8253,-28.485,5.4095,48.6
0.87778,-0.35519,0.013386,0.3212,7.7355,-28.435,5.4657,48.65
0.87812,-0.35516,0.012436,0.32034,7.6515,-28.386,5.5233,48.7
0.87794,-0.35602,0.011778,0.31989,7.5735,-28.336,5.5816,48.75
0.87791,-0.35627,0.011715,0.31968,7.5016,-28.287,5.64,48.8
0.87777,-0.35762,0.011867,0.31857,7.4351,-28.237,5.6978,48.85
0.8776,-0.35794,0.011438,0.3187,7.3752,-28.188,5.7573,48.9
0.87745,-0.35897,0.010819,0.31798,7.3206,-28.138,5.8161,48.95
0.8772,-0.35997,0.0099977,0.31756,7.2729,-28.09,5.8743,49
0.87731,-0.36002,0.0096137,0.3172,7.2318,-28.041,5.9339,49.05
0.8771,-0.36122,0.0097254,0.31642,7.1953,-27.992,5.9931,49.1
0.87715,-0.36143,0.00926,0.31606,7.1654,-27.943,6.054,49.15
0.87711,-0.36179,0.0087149,0.31577,7.1421,-27.894,6.1142,49.2
0.87697,-0.36293,0.0085071,0.31486,7.1246,-27.845,6.1741,49.25
0.87693,-0.36351,0.0077863,0.31429,7.1131,-27.797,6.2349,49.3
0.87662,-0.36432,0.0075737,0.31425,7.1071,-27.748,6.2963,49.35
0.87653,-0.36491,0.0071393,0.31383,7.1076,-27.699,6.3565,49.4
0.8766,-0.36538,0.006584,0.3131,7.1153,-27.65,6.4181,49.45
0.87627,-0.36644,0.0062781,0.31278,7.1283,-27.602,6.4793,49.5
0.87672,-0.36625,0.0057772,0.31176,7.1476,-27.553,6.5401,49.55
0.87624,-0.36756,0.0051462,0.31157,7.1729,-27.505,6.6018,49.6
0.87607,-0.36814,0.0049421,0.31138,7.2039,-27.456,6.6636,49.65
0.87605,-0.36865,0.0044087,0.31082,7.2416,-27.408,6.7258,49.7
0.87584,-0.3697,0.0038698,0.31018,7.2855,-27.359,6.7888,49.75
0.87575,-0.36992,0.0037287,0.31019,7.3351,-27.31,6.8486,49.8
0.87569,-0.37099,0.0030181,0.30907,7.3913,-27.263,6.9107,49.85
0.87548,-0.37138,0.0029409,0.3092,7.4525,-27.215,6.9736,49.9
0.87534,-0.37266,0.002412,0.30804,7.5203,-27.166,7.0355,49.95
0.87543,-0.37279,0.0018514,0.30764,7.594,-27.119,7.0979,50
0.87529,-0.37336,0.0016311,0.30737,7.6736,-27.071,7.1607,50.05
0.87519,-0.37426,0.00064711,0.30654,7.7588,-27.023,7.2231,50.1
0.87524,-0.37464,0.00098064,0.30593,7.8506,-26.975,7.286,50.15
0.87504,-0.37561,0.00064549,0.30534,7.9488,-26.928,7.3475,50.2
0.87474,-0.37615,0.00053178,0.30552,8.0524,-26.88,7.4103,50.25
0.87473,-0.37661,-0.00030356,0.30498,8.1614,-26.833,7.4727,50.3
0.87465,-0.37753,-0.00049631,0.30406,8.2769,-26.786,7.5352,50.35
0.87466,-0.37773,-0.0011717,0.30379,8.3974,-26.738,7.5984,50.4
0.87436,-0.37895,-0.0014592,0.30313,8.5241,-26.69,7.6601,50.45
0.87414,-0.3797,-0.0021863,0.30281,8.6565,-26.643,7.723,50.5
0.87434,-0.38005,-0.0022799,0.30179,8.7947,-26.596,7.785,50.55
0.87392,-0.38094,-0.0028835,0.30191,8.9372,-26.548,7.847,50.6
0.87387,-0.38151,-0.0032441,0.3013,9.0864,-26.502,7.9094,50.65
0.87389,-0.38203,-0.003313,0.30059,9.241,-26.454,7.9714,50.7
0.87366,-0.38271,-0.004021,0.30039,9.4008,-26.408,8.0339,50.75
0.87352,-0.38338,-0.0042985,0.29995,9.5663,-26.361,8.0953,50.8
0.87352,-0.38401,-0.0051571,0.29912,9.7375,-26.315,8.1596,50.85
0.87347,-0.38488,-0.0046833,0.29815,9.9133,-26.269,8.2203,50.9
0.87328,-0.38543,-0.0055518,0.29799,10.095,-26.222,8.2819,50.95
0.87313,-0.3862,-0.0061526,0.29742,10.282,-26.176,8.3436,51
0.87297,-0.3871,-0.0070184,0.2967,10.473,-26.129,8.4052,51.05
0.87283,-0.38744,-0.0067515,0.29668,10.67,-26.084,8.4662,51.1
0.87267,-0.38803,-0.0073741,0.29635,10.872,-26.037,8.5265,51.15
0.87257,-0.38886,-0.007676,0.29556,11.079,-25.992,8.5883,51.2
0.87252,-0.38941,-0.0078424,0.29496,11.291,-25.945,8.6495,51.25
0.8722,-0.39013,-0.0088049,0.29493,11.507,-25.899,8.7091,51.3
0.8722,-0.39077,-0.0090763,0.29409,11.729,-25.854,8.7697,51.35
0.87191,-0.39177,-0.00951,0.2936,11.956,-25.809,8.8297,51.4
0.87189,-0.39195,-0.010197,0.29339,12.186,-25.762,8.8897,51.45
0.87169,-0.39276,-0.010456,0.2929,12.421,-25.717,8.9496,51.5
0.87175,-0.39322,-0.010833,0.29207,12.661,-25.673,9.0082,51.55
0.87147,-0.39404,-0.011023,0.29183,12.905,-25.627,9.0687,51.6
0.8714,-0.39468,-0.011582,0.29112,13.154,-25.582,9.126,51.65
0.8713,-0.39523,-0.011746,0.29068,13.407,-25.537,9.1844,51.7
0.87113,-0.39605,-0.0122,0.29004,13.665,-25.493,9.2428,51.75
0.87109,-0.39686,-0.012522,0.28905,13.926,-25.448,9.3011,51.8
0.87066,-0.39775,-0.013252,0.28908,14.192,-25.403,9.3592,51.85
0.87088,-0.39772,-0.013565,0.28844,14.461,-25.359,9.4169,51.9
0.87059,-0.3987,-0.013868,0.28798,14.734,-25.315,9.4738,51.95
0.87035,-0.39944,-0.014531,0.28764,15.011,-25.27,9.5302,52
0.87025,-0.40013,-0.014885,0.28693,15.291,-25.226,9.5869,52.05
0.87016,-0.40061,-0.015248,0.28652,15.576,-25.182,9.6424,52.1
0.86996,-0.40121,-0.015424,0.2863,15.863,-25.138,9.6989,52.15
0.86991,-0.40175,-0.015947,0.28566,16.154,-25.095,9.755,52.2
0.87002,-0.4022,-0.016448,0.28464,16.449,-25.051,9.8097,52.25
0.86963,-0.4032,-0.016907,0.2844,16.747,-25.007,9.8656,52.3
0.86943,-0.40378,-0.016728,0.28419,17.048,-24.964,9.9187,52.35
0.86933,-0.40464,-0.017432,0.28324,17.351,-24.921,9.9728,52.4
0.86918,-0.40503,-0.017902,0.28311,17.658,-24.877,10.027,52.45
0.86903,-0.40585,-0.018836,0.28234,17.968,-24.834,10.079,52.5
0.86877,-0.40668,-0.018305,0.28197,18.281,-24.792,10.132,52.55
0.86863,-0.40708,-0.018952,0.28179,18.596,-24.748,10.185,52.6
0.86842,-0.40814,-0.019736,0.28085,18.915,-24.705,10.237,52.65
0.86847,-0.40846,-0.020139,0.2802,19.235,-24.664,10.288,52.7
0.86821,-0.40919,-0.020228,0.27995,19.558,-24.621,10.339,52.75
0.86813,-0.40996,-0.021109,0.27899,19.883,-24.578,10.391,52.8
0.86801,-0.41043,-0.021366,0.27866,20.211,-24.537,10.44,52.85
0.86774,-0.4111,-0.021926,0.27846,20.54,-24.495,10.49,52.9
0.86764,-0.4117,-0.022158,0.27788,20.872,-24.453,10.539,52.95
0.86742,-0.41267,-0.022249,0.27711,21.205,-24.411,10.587,53
0.86755,-0.41261,-0.023197,0.2767,21.541,-24.37,10.636,53.05
0.86726,-0.41367,-0.023313,0.27604,21.877,-24.328,10.684,53.1
0.86728,-0.41384,-0.02371,0.2757,22.216,-24.287,10.731,53.15
0.86686,-0.41504,-0.024414,0.27515,22.557,-24.246,10.777,53.2
0.86671,-0.41551,-0.024512,0.27489,22.898,-24.205,10.824,53.25
0.86661,-0.41608,-0.024955,0.27431,23.241,-24.165,10.869,53.3
0.86651,-0.41674,-0.025214,0.27358,23.584,-24.123,10.915,53.35
0.86624,-0.41736,-0.025799,0.27345,23.93,-24.083,10.959,53.4
0.86597,-0.41839,-0.026041,0.2727,24.276,-24.042,11.003,53.45
0.86582,-0.41897,-0.02653,0.27224,24.623,-24.002,11.047,53.5
0.86588,-0.41922,-0.026353,0.27167,24.97,-23.962,11.089,53.55
0.86568,-0.42031,-0.027612,0.27049,25.319,-23.922,11.132,53.6
0.86516,-0.42117,-0.027854,0.27083,25.668,-23.883,11.174,53.65
0.86508,-0.42147,-0.028075,0.27056,26.017,-23.843,11.215,53.7
0.86526,-0.42185,-0.028806,0.26931,26.367,-23.804,11.256,53.75
0.86491,-0.42287,-0.028563,0.26886,26.716,-23.765,11.295,53.8
0.8648,-0.42312,-0.029084,0.2688,27.067,-23.726,11.334,53.85
0.86457,-0.424,-0.029799,0.26804,27.416,-23.687,11.373,53.9
0.8645,-0.42452,-0.030322,0.26741,27.766,-23.647,11.412,53.95
0.86457,-0.42497,-0.030641,0.26641,28.115,-23.609,11.45,54
0.86414,-0.42561,-0.030963,0.26674,28.465,-23.57,11.486,54.05
0.86393,-0.42623,-0.031684,0.26635,28.814,-23.532,11.522,54.1
0.86387,-0.4269,-0.031491,0.26552,29.163,-23.495,11.557,54.15
0.8636,-0.42765,-0.032633,0.26505,29.511,-23.456,11.593,54.2
0.86341,-0.42851,-0.03254,0.26427,29.857,-23.419,11.626,54.25
0.86335,-0.42892,-0.03258,0.26381,30.203,-23.382,11.658,54.3
0.86313,-0.42978,-0.03303,0.26307,30.548,-23.345,11.692,54.35
0.86292,-0.43039,-0.033692,0.26265,30.893,-23.308,11.723,54.4
0.86289,-0.43074,-0.034296,0.26213,31.237,-23.271,11.755,54.45
0.86241,-0.43176,-0.034714,0.26196,31.579,-23.233,11.786,54.5
0.86221,-0.43255,-0.035048,0.26127,31.919,-23.197,11.817,54.55
0.86227,-0.43285,-0.035912,0.26046,32.258,-23.159,11.847,54.6
0.86197,-0.43355,-0.036017,0.26029,32.595,-23.123,11.875,54.65
0.86171,-0.43434,-0.036341,0.25976,32.932,-23.087,11.904,54.7
0.8615,-0.43489,-0.036531,0.25952,33.264,-23.05,11.932,54.75
0.86145,-0.43553,-0.037451,0.25849,33.597,-23.014,11.959,54.8
0.86119,-0.43583,-0.037812,0.25879,33.927,-22.979,11.985,54.85
0.86115,-0.4367,-0.038003,0.25744,34.254,-22.942,12.009,54.9
0.86101,-0.43719,-0.038727,0.25696,34.58,-22.908,12.035,54.95
0.8606,-0.43814,-0.039242,0.25664,34.904,-22.873,12.059,55
0.86058,-0.43852,-0.038779,0.25612,35.224,-22.837,12.082,55.05
0.86043,-0.43909,-0.039204,0.25557,35.544,-22.802,12.104,55.1
0.86005,-0.44017,-0.039886,0.25489,35.86,-22.768,12.124,55.15
0.86001,-0.44077,-0.039968,0.25399,36.174,-22.732,12.147,55.2
0.86001,-0.44088,-0.040889,0.25362,36.485,-22.699,12.166,55.25
0.8596,-0.4417,-0.041619,0.25348,36.791,-22.663,12.186,55.3
0.85955,-0.44228,-0.041761,0.25264,37.097,-22.63,12.204,55.35
0.8593,-0.44315,-0.042124,0.25187,37.399,-22.596,12.222,55.4
0.85891,-0.44378,-0.042354,0.25206,37.698,-22.563,12.241,55.45
0.85881,-0.4445,-0.042175,0.25117,37.992,-22.528,12.256,55.5
0.85865,-0.44491,-0.043384,0.25078,38.285,-22.496,12.271,55.55
0.85878,-0.4451,-0.043765,0.24994,38.572,-22.462,12.289,55.6
0.85838,-0.44604,-0.044362,0.24952,38.858,-22.429,12.302,55.65
0.85795,-0.44707,-0.044286,0.24917,39.138,-22.397,12.316,55.7
0.85787,-0.4474,-0.044713,0.2488,39.416,-22.364,12.329,55.75
0.85756,-0.44809,-0.045266,0.24852,39.69,-22.332,12.341,55.8
0.85751,-0.44868,-0.045462,0.24759,39.96,-22.299,12.352,55.85
0.85699,-0.4498,-0.045976,0.24724,40.227,-22.267,12.36,55.9
0.85712,-0.44979,-0.045855,0.24685,40.489,-22.236,12.372,55.95
0.85694,-0.45069,-0.046762,0.24563,40.747,-22.204,12.382,56
0.85694,-0.45062,-0.047676,0.24561,41,-22.173,12.39,56.05
0.85647,-0.45183,-0.047917,0.24496,41.25,-22.141,12.398,56.1
0.85663,-0.45176,-0.047996,0.24453,41.496,-22.11,12.403,56.15
0.85607,-0.45273,-0.049073,0.24449,41.738,-22.08,12.409,56.2
0.85609,-0.45306,-0.048697,0.24387,41.971,-22.05,12.416,56.25
0.85583,-0.45395,-0.049084,0.24306,42.205,-22.022,12.42,56.3
0.85563,-0.45441,-0.049618,0.2428,42.43,-21.991,12.422,56.35
0.85567,-0.45492,-0.050737,0.24146,42.654,-21.962,12.426,56.4
0.85524,-0.45599,-0.050623,0.24099,42.87,-21.931,12.428,56.45
0.85503,-0.45675,-0.051332,0.24013,43.084,-21.902,12.43,56.5
0.85464,-0.4576,-0.051362,0.2399,43.293,-21.873,12.428,56.55
0.85448,-0.45805,-0.052017,0.23946,43.495,-21.843,12.428,56.6
0.85439,-0.45833,-0.051934,0.23926,43.692,-21.813,12.427,56.65
0.85401,-0.4592,-0.053056,0.23874,43.886,-21.785,12.426,56.7
0.85374,-0.45991,-0.053578,0.23821,44.074,-21.757,12.423,56.75
0.85357,-0.46062,-0.05326,0.23753,44.256,-21.728,12.419,56.8
0.8534,-0.46125,-0.054775,0.23656,44.433,-21.7,12.416,56.85
0.85321,-0.46155,-0.054614,0.23669,44.607,-21.673,12.41,56.9
0.85303,-0.46235,-0.054756,0.23574,44.773,-21.645,12.404,56.95
0.85291,-0.46286,-0.054907,0.23512,44.933,-21.617,12.398,57
0.85253,-0.46337,-0.055625,0.23533,45.09,-21.59,12.391,57.05
0.8526,-0.46378,-0.055213,0.23438,45.239,-21.562,12.381,57.1
0.85247,-0.4643,-0.056533,0.23349,45.384,-21.535,12.374,57.15
0.85191,-0.46565,-0.056568,0.23283,45.525,-21.51,12.364,57.2
0.852,-0.46571,-0.057269,0.23225,45.657,-21.482,12.353,57.25
0.85152,-0.46669,-0.057275,0.23203,45.785,-21.455,12.342,57.3
0.85128,-0.46725,-0.057356,0.23177,45.907,-21.43,12.33,57.35
0.85115,-0.46772,-0.057737,0.23118,46.024,-21.403,12.317,57.4
0.85068,-0.46881,-0.0586,0.23049,46.135,-21.378,12.302,57.45
0.85059,-0.46903,-0.059218,0.23024,46.239,-21.351,12.289,57.5
0.85056,-0.46948,-0.059585,0.22931,46.339,-21.327,12.274,57.55
0.8502,-0.47043,-0.059756,0.22868,46.432,-21.301,12.257,57.6
0.84983,-0.47103,-0.060601,0.22856,46.519,-21.276,12.243,57.65
0.84971,-0.47163,-0.060863,0.2277,46.601,-21.252,12.223,57.7
0.84955,-0.47203,-0.061198,0.22739,46.675,-21.227,12.205,57.75
0.84931,-0.47266,-0.061898,0.2268,46.745,-21.204,12.187,57.8
0.84907,-0.47347,-0.061844,0.22601,46.807,-21.18,12.165,57.85
0.84871,-0.47383,-0.062687,0.22638,46.865,-21.156,12.147,57.9
0.8484,-0.47483,-0.062659,0.22545,46.916,-21.133,12.125,57.95
0.84837,-0.47532,-0.063387,0.22432,46.961,-21.109,12.102,58
0.84834,-0.47551,-0.063442,0.22401,47.001,-21.085,12.081,58.05
0.8478,-0.47648,-0.064386,0.22373,47.033,-21.062,12.058,58.1
0.84766,-0.47695,-0.064721,0.22318,47.06,-21.039,12.033,58.15
0.8478,-0.47681,-0.064562,0.22295,47.08,-21.017,12.008,58.2
0.84747,-0.47789,-0.065538,0.22161,47.095,-20.995,11.982,58.25
0.84697,-0.47887,-0.065564,0.22144,47.104,-20.973,11.956,58.3
0.84692,-0.47893,-0.066138,0.22132,47.105,-20.951,11.931,58.35
0.84672,-0.47968,-0.066547,0.22033,47.103,-20.93,11.902,58.4
0.84621,-0.48098,-0.06678,0.21938,47.092,-20.908,11.874,58.45
0.8461,-0.481,-0.068103,0.21935,47.076,-20.888,11.844,58.5
0.84575,-0.48212,-0.06714,0.21852,47.053,-20.867,11.817,58.55
0.84575,-0.48198,-0.068153,0.21851,47.027,-20.847,11.786,58.6
0.84549,-0.48282,-0.068809,0.21749,46.991,-20.826,11.754,58.65
0.84529,-0.48353,-0.068546,0.21677,46.95,-20.805,11.723,58.7
0.84495,-0.48413,-0.069577,0.21642,46.905,-20.786,11.691,58.75
0.84464,-0.48482,-0.069694,0.21604,46.852,-20.765,11.657,58.8
0.8438,-0.48615,-0.07038,0.21612,46.793,-20.746,11.623,58.85
0.84421,-0.48585,-0.07075,0.21505,46.729,-20.727,11.588,58.9
0.84371,-0.48695,-0.071098,0.21443,46.657,-20.708,11.554,58.95
0.84373,-0.48741,-0.07101,0.21334,46.581,-20.689,11.518,59
0.84339,-0.48793,-0.071434,0.21333,46.498,-20.671,11.481,59.05
0.84308,-0.48863,-0.07182,0.21285,46.411,-20.652,11.444,59.1
0.84281,-0.48935,-0.07295,0.21187,46.316,-20.634,11.406,59.15
0.84269,-0.48972,-0.072752,0.21153,46.216,-20.616,11.368,59.2
0.84241,-0.49028,-0.072942,0.2113,46.11,-20.598,11.328,59.25
0.84233,-0.49054,-0.073365,0.21087,45.997,-20.58,11.291,59.3
0.84166,-0.49153,-0.074287,0.2109,45.881,-20.563,11.249,59.35
0.84167,-0.49203,-0.07392,0.20983,45.756,-20.546,11.208,59.4
0.84135,-0.4928,-0.074971,0.20894,45.626,-20.529,11.169,59.45
0.841,-0.49347,-0.075332,0.20865,45.491,-20.513,11.128,59.5
0.84083,-0.49394,-0.075655,0.20809,45.351,-20.497,11.085,59.55
0.84095,-0.494,-0.075599,0.20752,45.205,-20.481,11.042,59.6
0.84044,-0.49512,-0.076225,0.20664,45.051,-20.465,10.999,59.65
0.84031,-0.4956,-0.076117,0.20609,44.895,-20.45,10.954,59.7
0.84003,-0.49612,-0.077372,0.20551,44.733,-20.434,10.911,59.75
0.83942,-0.49726,-0.078026,0.20499,44.565,-20.419,10.865,59.8
0.83979,-0.49702,-0.078285,0.20397,44.391,-20.404,10.82,59.85
0.83891,-0.49834,-0.079037,0.20406,44.212,-20.39,10.773,59.9
0.83889,-0.49872,-0.079051,0.20319,44.029,-20.376,10.727,59.95
0.83863,-0.49911,-0.078857,0.20338,43.839,-20.362,10.679,60
0.83834,-0.49987,-0.079854,0.20235,43.645,-20.347,10.632,60.05
0.83803,-0.50047,-0.080218,0.20202,43.446,-20.334,10.583,60.1
0.83756,-0.5015,-0.080226,0.2014,43.241,-20.32,10.535,60.15
0.8376,-0.50145,-0.081161,0.20098,43.033,-20.307,10.484,60.2
0.83706,-0.50245,-0.081521,0.20055,42.818,-20.294,10.435,60.25
0.83724,-0.50261,-0.081352,0.19947,42.598,-20.28,10.385,60.3
0.83675,-0.50341,-0.082173,0.19918,42.376,-20.269,10.332,60.35
0.83635,-0.5044,-0.082139,0.19836,42.148,-20.254,10.282,60.4
0.83627,-0.50471,-0.083261,0.19746,41.915,-20.241,10.231,60.45
0.83638,-0.50444,-0.082884,0.19782,41.678,-20.229,10.18,60.5
0.83554,-0.50587,-0.083759,0.19736,41.437,-20.217,10.127,60.55
0.83538,-0.50629,-0.084719,0.19656,41.191,-20.206,10.074,60.6
0.83517,-0.50689,-0.084486,0.19598,40.94,-20.194,10.02,60.65
0.8348,-0.50746,-0.084852,0.19594,40.685,-20.183,9.9668,60.7
0.83446,-0.50841,-0.085097,0.19481,40.427,-20.173,9.9125,60.75
0.83463,-0.50827,-0.086016,0.19407,40.163,-20.163,9.8582,60.8
0.83433,-0.50885,-0.086415,0.19363,39.895,-20.152,9.803,60.85
0.83372,-0.50999,-0.086972,0.19301,39.625,-20.143,9.747,60.9
0.83326,-0.5106,-0.087175,0.1933,39.35,-20.133,9.6928,60.95
0.83351,-0.5105,-0.087371,0.1924,39.071,-20.124,9.6368,61
0.83334,-0.51114,-0.087376,0.19146,38.789,-20.115,9.583,61.05
0.83294,-0.51184,-0.088066,0.19098,38.503,-20.106,9.5255,61.1
0.83269,-0.51252,-0.088069,0.19026,38.214,-20.098,9.4689,61.15
0.83227,-0.51325,-0.088876,0.18974,37.922,-20.091,9.4117,61.2
0.83192,-0.51389,-0.08979,0.18912,37.626,-20.082,9.3533,61.25
0.83147,-0.51467,-0.089989,0.18887,37.326,-20.074,9.295,61.3
0.83155,-0.51464,-0.090036,0.1886,37.024,-20.066,9.2367,61.35
0.83099,-0.51591,-0.090369,0.18743,36.719,-20.058,9.1793,61.4
0.83092,-0.51598,-0.090585,0.18743,36.409,-20.051,9.1194,61.45
0.83072,-0.51639,-0.091341,0.18681,36.099,-20.045,9.061,61.5
0.83032,-0.51722,-0.09146,0.18622,35.785,-20.038,9.0018,61.55
0.82979,-0.51805,-0.092221,0.18593,35.468,-20.032,8.9432,61.6
0.8296,-0.51859,-0.092604,0.18508,35.148,-20.025,8.8826,61.65
0.82957,-0.51877,-0.092721,0.18464,34.826,-20.02,8.8224,61.7
0.82904,-0.51969,-0.093657,0.18397,34.501,-20.014,8.7609,61.75
0.82878,-0.52018,-0.093796,0.18368,34.176,-20.009,8.7018,61.8
0.82846,-0.52102,-0.093645,0.18281,33.848,-20.003,8.6422,61.85
0.82842,-0.52127,-0.094075,0.18208,33.518,-19.998,8.5814,61.9
0.82813,-0.5217,-0.094867,0.18176,33.185,-19.994,8.5191,61.95
0.82764,-0.52253,-0.095328,0.18135,32.851,-19.99,8.4579,62
0.8274,-0.52302,-0.095701,0.18083,32.514,-19.985,8.3966,62.05
0.82703,-0.52388,-0.096156,0.1798,32.178,-19.981,8.3356,62.1
0.82656,-0.52445,-0.09682,0.17991,31.838,-19.977,8.2738,62.15
0.82649,-0.52474,-0.0971,0.17923,31.498,-19.974,8.2118,62.2
0.82618,-0.52553,-0.097265,0.17828,31.155,-19.97,8.1502,62.25
0.8259,-0.52602,-0.097684,0.17792,30.811,-19.968,8.0883,62.3
0.82555,-0.5266,-0.098065,0.17761,30.467,-19.965,8.026,62.35
0.82546,-0.52692,-0.098457,0.17686,30.122,-19.963,7.9642,62.4
0.82512,-0.52758,-0.099327,0.17601,29.775,-19.96,7.9014,62.45
0.82459,-0.52836,-0.099846,0.17582,29.428,-19.958,7.8403,62.5
0.82452,-0.52886,-0.09988,0.17466,29.08,-19.956,7.7766,62.55
0.82425,-0.52929,-0.1001,0.1745,28.732,-19.955,7.7146,62.6
0.82392,-0.52985,-0.10069,0.17402,28.383,-19.953,7.6523,62.65
0.82367,-0.53037,-0.10107,0.17336,28.033,-19.952,7.591,62.7
0.82323,-0.53099,-0.10157,0.17327,27.684,-19.951,7.5273,62.75
0.82282,-0.53187,-0.10201,0.17226,27.333,-19.95,7.4658,62.8
0.82262,-0.53229,-0.10242,0.17168,26.984,-19.95,7.4024,62.85
0.8224,-0.53267,-0.10268,0.17141,26.633,-19.951,7.3396,62.9
0.82229,-0.53303,-0.10286,0.1707,26.284,-19.951,7.2781,62.95
0.8219,-0.53359,-0.10365,0.17036,25.935,-19.951,7.2147,63
0.82154,-0.53434,-0.10368,0.1697,25.586,-19.952,7.1523,63.05
0.82138,-0.53471,-0.10398,0.16918,25.237,-19.953,7.0902,63.1
0.82082,-0.53567,-0.10438,0.16857,24.888,-19.954,7.0281,63.15
0.8208,-0.53588,-0.10471,0.16779,24.541,-19.956,6.9661,63.2
0.82029,-0.53658,-0.10566,0.16747,24.195,-19.958,6.9037,63.25
0.82015,-0.53709,-0.10597,0.16631,23.849,-19.96,6.8417,63.3
0.81958,-0.53796,-0.10596,0.1663,23.504,-19.962,6.7795,63.35
0.81943,-0.53829,-0.10629,0.16577,23.16,-19.965,6.7169,63.4
0.81888,-0.53932,-0.10684,0.1648,22.818,-19.968,6.6549,63.45
0.81876,-0.53943,-0.10736,0.16468,22.477,-19.971,6.5933,63.5
0.81833,-0.54019,-0.10747,0.16425,22.137,-19.974,6.5316,63.55
0.81819,-0.54055,-0.10783,0.16355,21.799,-19.978,6.4703,63.6
0.81781,-0.5412,-0.10833,0.16295,21.462,-19.982,6.4083,63.65
0.81751,-0.54164,-0.10924,0.16236,21.128,-19.986,6.3479,63.7
0.8175,-0.54201,-0.10913,0.16127,20.795,-19.991,6.2867,63.75
0.81691,-0.54285,-0.1097,0.16107,20.464,-19.995,6.2258,63.8
0.81665,-0.54331,-0.11018,0.16049,20.134,-20,6.1649,63.85
0.81632,-0.54379,-0.11076,0.16013,19.808,-20.005,6.1048,63.9
0.81589,-0.54449,-0.1112,0.15964,19.483,-20.01,6.0446,63.95
0.81564,-0.54505,-0.11131,0.15892,19.161,-20.016,5.9842,64
0.81546,-0.54546,-0.11175,0.15817,18.841,-20.022,5.9248,64.05
0.81497,-0.54625,-0.11202,0.15776,18.523,-20.028,5.8652,64.1
0.81472,-0.54656,-0.11267,0.15751,18.209,-20.035,5.8055,64.15
0.81437,-0.54731,-0.11286,0.15658,17.897,-20.041,5.746,64.2
0.81396,-0.54803,-0.11293,0.15615,17.588,-20.048,5.6865,64.25
0.81404,-0.54783,-0.11376,0.15578,17.281,-20.055,5.6281,64.3
0.81349,-0.54879,-0.11402,0.15511,16.978,-20.063,5.57,64.35
0.81297,-0.54962,-0.11472,0.1544,16.678,-20.07,5.5133,64.4
0.81273,-0.55017,-0.11469,0.15371,16.381,-20.078,5.4542,64.45
0.81239,-0.5506,-0.1152,0.15361,16.088,-20.086,5.398,64.5
0.81211,-0.55112,-0.11553,0.15298,15.797,-20.094,5.3412,64.55
0.81158,-0.55197,-0.11617,0.15224,15.51,-20.102,5.2835,64.6
0.8117,-0.55197,-0.11611,0.15166,15.227,-20.112,5.2277,64.65
0.81104,-0.55288,-0.11714,0.15105,14.948,-20.12,5.1715,64.7
0.81101,-0.55296,-0.11728,0.15082,14.673,-20.13,5.1158,64.75
0.81068,-0.55364,-0.11714,0.15021,14.4,-20.139,5.0606,64.8
0.80988,-0.55461,-0.11832,0.15002,14.132,-20.148,5.0061,64.85
0.81011,-0.55451,-0.11857,0.14895,13.868,-20.159,4.9504,64.9
0.80935,-0.55565,-0.11897,0.14852,13.607,-20.169,4.8962,64.95
0.8091,-0.556,-0.11941,0.1482,13.351,-20.179,4.8425,65
0.80878,-0.55669,-0.11967,0.14712,13.099,-20.19,4.7893,65.05
0.80843,-0.55729,-0.12004,0.14649,12.852,-20.202,4.7362,65.1
0.80786,-0.55821,-0.12042,0.14583,12.608,-20.213,4.6833,65.15
0.80802,-0.55785,-0.12106,0.14575,12.37,-20.224,4.6317,65.2
0.80772,-0.55859,-0.121,0.14466,12.136,-20.236,4.5796,65.25
0.80714,-0.55939,-0.12167,0.14427,11.906,-20.249,4.5279,65.3
0.80676,-0.56001,-0.12195,0.14371,11.682,-20.261,4.4786,65.35
0.80673,-0.56004,-0.12282,0.14301,11.461,-20.273,4.4275,65.4
0.80614,-0.56097,-0.1225,0.14297,11.245,-20.286,4.3772,65.45
0.80582,-0.5616,-0.12297,0.14192,11.035,-20.299,4.3278,65.5
0.80579,-0.56168,-0.12347,0.14135,10.83,-20.314,4.2783,65.55
0.8053,-0.56229,-0.12397,0.14126,10.629,-20.326,4.2299,65.6
0.80483,-0.56305,-0.12442,0.1405,10.433,-20.339,4.1828,65.65
0.80477,-0.56318,-0.12473,0.14005,10.242,-20.354,4.1351,65.7
0.80402,-0.5643,-0.12533,0.13933,10.057,-20.369,4.0884,65.75
0.80372,-0.56483,-0.12547,0.13877,9.8766,-20.382,4.0419,65.8
0.80357,-0.56515,-0.1257,0.13815,9.7019,-20.397,3.9963,65.85
0.80323,-0.56554,-0.12658,0.13769,9.5325,-20.412,3.9511,65.9
0.80249,-0.56665,-0.12704,0.13706,9.3689,-20.427,3.9065,65.95
0.80257,-0.56657,-0.12731,0.13665,9.2101,-20.442,3.862,66
0.80217,-0.56725,-0.12753,0.13597,9.0573,-20.458,3.8178,66.05
0.80165,-0.56805,-0.12773,0.13551,8.9097,-20.474,3.775,66.1
0.80156,-0.56834,-0.12816,0.1344,8.7677,-20.49,3.7318,66.15
0.80108,-0.56895,-0.12891,0.13401,8.6306,-20.506,3.6903,66.2
0.80093,-0.56922,-0.12912,0.13355,8.5,-20.523,3.6478,66.25
0.80053,-0.56966,-0.12988,0.13327,8.3749,-20.54,3.6086,66.3
0.8001,-0.57034,-0.12974,0.1331,8.2554,-20.556,3.5676,66.35
0.79981,-0.57106,-0.12971,0.13177,8.1419,-20.574,3.5277,66.4
0.79946,-0.5715,-0.13064,0.1311,8.0343,-20.592,3.4897,66.45
0.79898,-0.5721,-0.13099,0.13104,7.9323,-20.609,3.4507,66.5
0.79851,-0.5729,-0.13101,0.13043,7.8363,-20.628,3.4133,66.55
0.79824,-0.57323,-0.13218,0.12946,7.7459,-20.645,3.3765,66.6
0.7977,-0.5741,-0.13176,0.12932,7.662,-20.663,3.3395,66.65
0.79753,-0.57443,-0.13237,0.1283,7.5836,-20.683,3.3037,66.7
0.79711,-0.57491,-0.13285,0.12824,7.5109,-20.702,3.2685,66.75
0.79679,-0.57535,-0.13389,0.12715,7.4443,-20.721,3.2337,66.8
0.79616,-0.5762,-0.13388,0.12727,7.3842,-20.741,3.2005,66.85
0.79599,-0.57652,-0.13452,0.12619,7.3303,-20.76,3.1666,66.9
0.79578,-0.57695,-0.13415,0.12596,7.2816,-20.779,3.1336,66.95
0.79543,-0.57742,-0.1351,0.125,7.2401,-20.8,3.1019,67
0.79491,-0.5782,-0.1351,0.12473,7.2037,-20.82,3.0709,67.05
0.79489,-0.57817,-0.13555,0.12448,7.1739,-20.84,3.0402,67.1
0.79434,-0.579,-0.13603,0.12361,7.1498,-20.861,3.0105,67.15
0.79407,-0.57936,-0.13653,0.12313,7.1323,-20.882,2.9818,67.2
0.79328,-0.5806,-0.13646,0.1224,7.1209,-20.904,2.9527,67.25
0.79329,-0.58059,-0.13676,0.12206,7.1151,-20.925,2.9253,67.3
0.79278,-0.58121,-0.13755,0.12157,7.1155,-20.947,2.8967,67.35
0.79232,-0.58188,-0.13792,0.12091,7.1228,-20.969,2.8706,67.4
0.79195,-0.58258,-0.13827,0.1196,7.1359,-20.991,2.8456,67.45
0.79174,-0.58257,-0.13935,0.11977,7.155,-21.013,2.8201,67.5
0.79167,-0.58298,-0.13909,0.11852,7.1802,-21.036,2.7959,67.55
0.79111,-0.5836,-0.13973,0.11846,7.2119,-21.058,2.7725,67.6
0.79097,-0.58387,-0.1399,0.11781,7.2489,-21.081,2.7509,67.65
0.7903,-0.58486,-0.14019,0.11711,7.2921,-21.104,2.729,67.7
0.79008,-0.58518,-0.1404,0.11672,7.3421,-21.128,2.7065,67.75
0.78946,-0.58588,-0.14131,0.11628,7.3977,-21.151,2.6858,67.8
0.7891,-0.5865,-0.14132,0.11558,7.4591,-21.175,2.6663,67.85
0.78893,-0.5867,-0.1417,0.11527,7.5266,-21.199,2.6477,67.9
0.7889,-0.58681,-0.14209,0.11449,7.6,-21.223,2.6278,67.95
0.78818,-0.58784,-0.14223,0.11399,7.6794,-21.248,2.6115,68
0.78758,-0.58849,-0.1433,0.11341,7.7651,-21.273,2.5949,68.05
0.7873,-0.58893,-0.14356,0.11277,7.8562,-21.297,2.5787,68.1
0.78693,-0.58933,-0.14419,0.11241,7.954,-21.323,2.5638,68.15
0.78652,-0.58999,-0.14406,0.11198,8.0573,-21.349,2.5486,68.2
0.78617,-0.59054,-0.14438,0.11114,8.1665,-21.374,2.5346,68.25
0.78583,-0.59107,-0.14472,0.11035,8.2818,-21.4,2.5211,68.3
0.78537,-0.5915,-0.14542,0.11035,8.4019,-21.425,2.5098,68.35
0.78502,-0.59204,-0.14593,0.1092,8.5281,-21.452,2.4973,68.4
0.78465,-0.59256,-0.14627,0.10861,8.6601,-21.479,2.4856,68.45
0.78453,-0.59287,-0.14614,0.10797,8.7978,-21.505,2.4771,68.5
0.78396,-0.59352,-0.14712,0.10725,8.9418,-21.533,2.4683,68.55
0.78366,-0.59391,-0.1474,0.10692,9.0905,-21.56,2.4588,68.6
0.78327,-0.59426,-0.1482,0.10666,9.2448,-21.586,2.4509,68.65
0.78285,-0.59489,-0.14823,0.1062,9.4043,-21.614,2.4442,68.7
0.7826,-0.59531,-0.14856,0.10521,9.5695,-21.641,2.439,68.75
0.78222,-0.59583,-0.14902,0.10444,9.741,-21.67,2.4326,68.8
0.78184,-0.59637,-0.14893,0.10439,9.917,-21.699,2.428,68.85
0.78132,-0.59699,-0.14936,0.1041,10.098,-21.726,2.4253,68.9
0.78103,-0.59743,-0.14977,0.10314,10.285,-21.754,2.421,68.95
0.78067,-0.59785,-0.15027,0.10268,10.476,-21.783,2.4195,69
0.78007,-0.59866,-0.15043,0.10226,10.673,-21.813,2.418,69.05
0.77965,-0.59914,-0.15135,0.10134,10.875,-21.842,2.418,69.1
0.77933,-0.59968,-0.15122,0.10081,11.081,-21.871,2.4177,69.15
0.77856,-0.60058,-0.15197,0.10026,11.293,-21.9,2.4184,69.2
0.77877,-0.6003,-0.15237,0.099675,11.509,-21.93,2.4199,69.25
0.77823,-0.60111,-0.15214,0.09936,11.731,-21.96,2.4229,69.3
0.77764,-0.60161,-0.15332,0.099198,11.957,-21.991,2.4261,69.35
0.77743,-0.602,-0.15369,0.097905,12.187,-22.02,2.4302,69.4
0.77702,-0.60256,-0.15388,0.097319,12.423,-22.051,2.4353,69.45
0.77676,-0.60295,-0.15394,0.096904,12.663,-22.082,2.4404,69.5
0.77629,-0.60353,-0.1544,0.096425,12.907,-22.113,2.447,69.55
0.77604,-0.60373,-0.15494,0.096208,13.155,-22.144,2.4536,69.6
0.77549,-0.60438,-0.15576,0.095248,13.408,-22.175,2.4614,69.65
0.77506,-0.60515,-0.15535,0.094556,13.665,-22.206,2.4709,69.7
0.77469,-0.60545,-0.15627,0.094165,13.925,-22.237,2.48,69.75
0.77411,-0.6063,-0.15635,0.093268,14.191,-22.27,2.4899,69.8
0.77381,-0.60648,-0.15722,0.09317,14.459,-22.302,2.5014,69.85
0.77346,-0.60694,-0.15752,0.092615,14.732,-22.334,2.5124,69.9
0.77302,-0.60758,-0.15753,0.092035,15.009,-22.367,2.5255,69.95
0.77247,-0.60823,-0.15824,0.091144,15.29,-22.4,2.5392,70
0.77224,-0.60842,-0.15875,0.090877,15.574,-22.432,2.5523,70.05
0.77164,-0.60931,-0.15887,0.08988,15.861,-22.466,2.5671,70.1
0.77134,-0.60957,-0.15952,0.08958,16.153,-22.499,2.5828,70.15
0.77101,-0.61006,-0.15942,0.089161,16.447,-22.533,2.599,70.2
0.77061,-0.61047,-0.16012,0.088557,16.745,-22.566,2.6164,70.25
0.77031,-0.61091,-0.16036,0.087755,17.045,-22.6,2.6346,70.3
0.76984,-0.61148,-0.16064,0.087308,17.349,-22.634,2.6521,70.35
0.76943,-0.61212,-0.16054,0.086693,17.655,-22.668,2.6726,70.4
0.76894,-0.61263,-0.16126,0.086035,17.966,-22.703,2.693,70.45
0.76863,-0.61294,-0.16168,0.085858,18.278,-22.737,2.7134,70.5
0.76798,-0.61359,-0.16241,0.085671,18.594,-22.772,2.7347,70.55
0.76783,-0.61391,-0.16251,0.084547,18.912,-22.807,2.7569,70.6
0.76753,-0.61423,-0.16302,0.083913,19.232,-22.842,2.7796,70.65
0.76701,-0.6149,-0.1634,0.083002,19.555,-22.876,2.8038,70.7
0.76657,-0.61537,-0.16377,0.082884,19.881,-22.913,2.8283,70.75
0.76604,-0.61609,-0.16392,0.082148,20.208,-22.948,2.8534,70.8
0.76578,-0.61635,-0.16446,0.081585,20.538,-22.984,2.8794,70.85
0.76551,-0.61675,-0.16455,0.080838,20.869,-23.02,2.9053,70.9
0.76488,-0.6175,-0.16487,0.080488,21.203,-23.056,2.9339,70.95
0.76461,-0.61767,-0.16565,0.080078,21.538,-23.092,2.9615,71
0.76409,-0.61833,-0.16584,0.07955,21.875,-23.129,2.9902,71.05
0.76389,-0.61861,-0.16612,0.078694,22.213,-23.165,3.0193,71.1
0.76338,-0.61912,-0.16686,0.07812,22.553,-23.202,3.0494,71.15
0.76274,-0.61986,-0.16732,0.077519,22.895,-23.239,3.081,71.2
0.76236,-0.62027,-0.16783,0.076833,23.238,-23.276,3.1114,71.25
0.76189,-0.62078,-0.16828,0.076412,23.581,-23.313,3.143,71.3
0.76148,-0.62137,-0.16835,0.075561,23.927,-23.351,3.1764,71.35
0.76116,-0.62178,-0.16828,0.075491,24.273,-23.389,3.2092,71.4
0.76096,-0.62197,-0.16877,0.074896,24.619,-23.427,3.2439,71.45
0.76013,-0.6229,-0.16948,0.073959,24.967,-23.465,3.2773,71.5
0.76014,-0.62293,-0.16963,0.073339,25.315,-23.503,3.313,71.55
0.75943,-0.62378,-0.16991,0.07275,25.664,-23.541,3.3493,71.6
0.75896,-0.62412,-0.17083,0.07256,26.014,-23.58,3.3871,71.65
0.75882,-0.62433,-0.17103,0.07181,26.363,-23.619,3.4238,71.7
0.75811,-0.6252,-0.17127,0.071122,26.714,-23.658,3.4614,71.75
0.75767,-0.62564,-0.17173,0.070912,27.063,-23.696,3.5,71.8
0.75741,-0.62598,-0.1719,0.070234,27.413,-23.735,3.5395,71.85
0.75691,-0.62647,-0.17247,0.069895,27.762,-23.774,3.5794,71.9
0.75664,-0.62682,-0.1726,0.069251,28.113,-23.814,3.6195,71.95
0.75557,-0.62807,-0.17328,0.067909,28.462,-23.854,3.6591,72
0.75551,-0.62807,-0.17359,0.067805,28.811,-23.895,3.7009,72.05
0.75501,-0.62858,-0.17402,0.067554,29.159,-23.934,3.7422,72.1
0.75528,-0.62824,-0.17432,0.066925,29.507,-23.975,3.7859,72.15
0.75457,-0.62908,-0.17464,0.066162,29.854,-24.015,3.8284,72.2
0.75396,-0.62972,-0.17518,0.065682,30.2,-24.056,3.8731,72.25
0.75334,-0.63046,-0.17542,0.065025,30.546,-24.096,3.9157,72.3
0.75288,-0.63085,-0.1763,0.064241,30.89,-24.136,3.961,72.35
0.75267,-0.63112,-0.1763,0.06395,31.233,-24.177,4.0065,72.4
0.75212,-0.63171,-0.17681,0.063276,31.576,-24.218,4.0524,72.45
0.75155,-0.63245,-0.17678,0.062748,31.916,-24.259,4.0988,72.5
0.75127,-0.63269,-0.17728,0.062168,32.255,-24.301,4.1462,72.55
0.75102,-0.63299,-0.17764,0.061093,32.592,-24.342,4.1923,72.6
0.75034,-0.63375,-0.17785,0.061065,32.928,-24.384,4.2407,72.65
0.75021,-0.63375,-0.17858,0.060492,33.262,-24.425,4.2897,72.7
0.74968,-0.63429,-0.17912,0.05977,33.594,-24.468,4.3379,72.75
0.74909,-0.63494,-0.17936,0.059581,33.924,-24.509,4.3883,72.8
0.74886,-0.63515,-0.17993,0.058547,34.253,-24.551,4.4375,72.85
0.74829,-0.63596,-0.17967,0.057836,34.579,-24.593,4.4891,72.9
0.74783,-0.63625,-0.18068,0.05741,34.903,-24.636,4.5396,72.95
0.74717,-0.637,-0.18092,0.056884,35.223,-24.678,4.5907,73
0.74718,-0.63702,-0.18101,0.056262,35.542,-24.721,4.6427,73.05
0.74685,-0.63728,-0.18143,0.056249,35.858,-24.763,4.6942,73.1
0.74619,-0.63806,-0.18165,0.055562,36.171,-24.806,4.7474,73.15
0.74557,-0.63874,-0.18203,0.054803,36.483,-24.849,4.7997,73.2
0.74543,-0.63888,-0.18229,0.054088,36.792,-24.892,4.8527,73.25
0.74414,-0.64019,-0.18324,0.053302,37.096,-24.934,4.9053,73.3
0.74418,-0.64004,-0.18368,0.052961,37.399,-24.978,4.9604,73.35
0.74402,-0.64025,-0.18375,0.052418,37.696,-25.02,5.0148,73.4
0.74353,-0.6409,-0.18368,0.051707,37.994,-25.064,5.0697,73.45
0.74315,-0.64131,-0.18386,0.051363,38.285,-25.108,5.124,73.5
0.74262,-0.64168,-0.18498,0.05043,38.573,-25.152,5.1802,73.55
0.7423,-0.64216,-0.18476,0.049907,38.859,-25.196,5.2355,73.6
0.74188,-0.64247,-0.18561,0.048965,39.141,-25.24,5.2922,73.65
0.74138,-0.64298,-0.1859,0.048626,39.417,-25.283,5.3491,73.7
0.74081,-0.64344,-0.18662,0.048564,39.693,-25.328,5.4054,73.75
0.74012,-0.64424,-0.18663,0.048296,39.963,-25.372,5.4633,73.8
0.73952,-0.6449,-0.18709,0.04697,40.23,-25.417,5.5202,73.85
0.73918,-0.64525,-0.18735,0.046417,40.491,-25.461,5.5778,73.9
0.73865,-0.64565,-0.18816,0.0462,40.75,-25.506,5.6371,73.95
0.7385,-0.64581,-0.18843,0.045245,41.005,-25.551,5.694,74
0.73806,-0.64628,-0.18862,0.044813,41.255,-25.596,5.7526,74.05
0.73717,-0.64717,-0.18919,0.044293,41.5,-25.64,5.8108,74.1
0.73718,-0.6472,-0.18915,0.043887,41.741,-25.685,5.8712,74.15
0.73662,-0.64775,-0.18952,0.043375,41.978,-25.732,5.9303,74.2
0.73609,-0.64834,-0.18977,0.042547,42.21,-25.777,5.9901,74.25
0.73548,-0.64881,-0.19065,0.042015,42.437,-25.823,6.0501,74.3
0.73543,-0.64898,-0.19038,0.041445,42.66,-25.868,6.1102,74.35
0.73469,-0.64982,-0.19045,0.041101,42.878,-25.914,6.17,74.4
0.73468,-0.64949,-0.19185,0.039911,43.091,-25.96,6.2299,74.45
0.73408,-0.65027,-0.19172,0.038957,43.299,-26.006,6.2914,74.5
0.73334,-0.65103,-0.1919,0.039349,43.502,-26.052,6.3515,74.55
0.73279,-0.65162,-0.19223,0.038055,43.7,-26.098,6.413,74.6
0.73228,-0.65202,-0.19287,0.037954,43.895,-26.145,6.4735,74.65
0.73171,-0.65262,-0.1932,0.037063,44.083,-26.191,6.5341,74.7
0.73154,-0.65265,-0.19371,0.036942,44.266,-26.237,6.5954,74.75
0.73123,-0.6529,-0.19412,0.036607,44.443,-26.283,6.6574,74.8
0.73069,-0.65351,-0.19428,0.035536,44.616,-26.33,6.7186,74.85
0.73046,-0.65369,-0.1946,0.03536,44.782,-26.376,6.78,74.9
0.72962,-0.65446,-0.19531,0.034507,44.944,-26.423,6.8428,74.95
0.72936,-0.6547,-0.19552,0.034125,45.1,-26.471,6.903,75
0.7286,-0.65542,-0.19606,0.033606,45.252,-26.519,6.9645,75.05
0.72812,-0.65597,-0.19613,0.032785,45.395,-26.565,7.0264,75.1
0.72791,-0.65596,-0.19701,0.032317,45.536,-26.614,7.0895,75.15
0.72754,-0.6565,-0.19672,0.031613,45.668,-26.66,7.151,75.2
0.72681,-0.65705,-0.19766,0.03095,45.797,-26.708,7.213,75.25
0.72655,-0.65727,-0.1979,0.030791,45.919,-26.755,7.275,75.3
0.72581,-0.65812,-0.19794,0.029912,46.036,-26.803,7.3382,75.35
0.72578,-0.65817,-0.19796,0.029596,46.148,-26.85,7.4009,75.4
0.72517,-0.65867,-0.19865,0.028758,46.252,-26.898,7.463,75.45
0.72469,-0.65905,-0.19926,0.027919,46.352,-26.946,7.5251,75.5
0.72413,-0.65959,-0.19955,0.027578,46.445,-26.993,7.5866,75.55
0.72376,-0.65996,-0.19968,0.02745,46.532,-27.041,7.6479,75.6
0.72302,-0.66072,-0.19999,0.0264,46.615,-27.089,7.7088,75.65
0.72286,-0.66068,-0.20075,0.025991,46.691,-27.137,7.771,75.7
0.72226,-0.66133,-0.20088,0.025198,46.759,-27.185,7.833,75.75
0.72195,-0.66145,-0.20159,0.025041,46.823,-27.232,7.8946,75.8
0.72135,-0.66214,-0.2015,0.025011,46.88,-27.28,7.9564,75.85
0.72063,-0.66283,-0.20198,0.023461,46.932,-27.328,8.0191,75.9
0.72031,-0.66296,-0.20272,0.023188,46.978,-27.376,8.0808,75.95
0.72002,-0.66347,-0.20218,0.022514,47.017,-27.425,8.1424,76
0.71947,-0.66373,-0.20332,0.022179,47.051,-27.473,8.2037,76.05
0.71889,-0.66429,-0.20359,0.021621,47.079,-27.522,8.2649,76.1
0.71844,-0.6648,-0.20358,0.021019,47.098,-27.57,8.3264,76.15
0.71762,-0.66547,-0.20434,0.020472,47.113,-27.618,8.388,76.2
0.71764,-0.66545,-0.20443,0.019652,47.122,-27.668,8.4487,76.25
0.7172,-0.66587,-0.20465,0.018934,47.125,-27.716,8.5097,76.3
0.71659,-0.66634,-0.20533,0.018319,47.121,-27.765,8.571,76.35
0.71626,-0.66662,-0.20558,0.018065,47.111,-27.814,8.6305,76.4
0.71578,-0.6671,-0.2058,0.017178,47.095,-27.863,8.6914,76.45
0.71502,-0.66767,-0.20662,0.016574,47.073,-27.911,8.7521,76.5
0.71441,-0.66816,-0.20714,0.016589,47.045,-27.961,8.8111,76.55
0.71389,-0.66876,-0.20708,0.015477,47.012,-28.009,8.871,76.6
0.71327,-0.66945,-0.20705,0.014597,46.971,-28.058,8.9307,76.65
0.71315,-0.66934,-0.20779,0.014778,46.925,-28.108,8.9883,76.7
0.7129,-0.66959,-0.20793,0.01357,46.873,-28.157,9.049,76.75
0.71195,-0.67038,-0.20867,0.013201,46.813,-28.205,9.1079,76.8
0.7117,-0.67061,-0.20885,0.012532,46.751,-28.255,9.166,76.85
0.71145,-0.67056,-0.20987,0.012111,46.679,-28.303,9.2252,76.9
0.7105,-0.67169,-0.2095,0.011595,46.604,-28.353,9.2823,76.95
0.71014,-0.67196,-0.20986,0.010947,46.521,-28.402,9.3406,77
0.70982,-0.67203,-0.21079,0.010168,46.433,-28.452,9.3976,77.05
0.70923,-0.67268,-0.21071,0.010036,46.339,-28.501,9.4548,77.1
0.7086,-0.67321,-0.21116,0.0093593,46.237,-28.55,9.5105,77.15
0.70811,-0.67357,-0.21169,0.008558,46.132,-28.6,9.568,77.2
0.70776,-0.67395,-0.21169,0.0079278,46.021,-28.649,9.6243,77.25
0.70723,-0.67432,-0.21225,0.0077549,45.903,-28.698,9.6801,77.3
0.70652,-0.67498,-0.21255,0.0072273,45.78,-28.748,9.7344,77.35
0.70624,-0.67511,-0.21311,0.0064463,45.651,-28.798,9.7896,77.4
0.70552,-0.67566,-0.21373,0.0057473,45.516,-28.847,9.8445,77.45
0.70493,-0.67631,-0.21367,0.0051949,45.377,-28.897,9.8983,77.5
0.705,-0.67608,-0.21416,0.0048778,45.23,-28.947,9.9528,77.55
0.7042,-0.67688,-0.21429,0.0042656,45.078,-28.996,10.007,77.6
0.70383,-0.67716,-0.21463,0.003188,44.922,-29.046,10.06,77.65
0.70331,-0.67769,-0.21467,0.0030267,44.76,-29.096,10.112,77.7
0.70294,-0.67782,-0.21547,0.0019058,44.591,-29.144,10.164,77.75
0.70227,-0.67853,-0.21543,0.0013193,44.418,-29.195,10.215,77.8
0.70142,-0.67918,-0.21616,0.00097956,44.239,-29.244,10.266,77.85
0.70142,-0.67912,-0.21635,0.00051859,44.056,-29.295,10.317,77.9
0.70095,-0.67949,-0.21671,0.00010371,43.867,-29.344,10.369,77.95
0.70028,-0.6802,-0.21663,-0.0005011,43.674,-29.394,10.417,78
0.7,-0.68032,-0.21716,-0.0011328,43.474,-29.444,10.466,78.05
0.69953,-0.68061,-0.21777,-0.0016115,43.27,-29.493,10.516,78.1
0.6985,-0.68148,-0.21835,-0.0022452,43.062,-29.543,10.565,78.15
0.69841,-0.68144,-0.21878,-0.0025041,42.847,-29.593,10.612,78.2
0.6974,-0.68238,-0.21904,-0.0033151,42.629,-29.643,10.658,78.25
0.69713,-0.68246,-0.21965,-0.0036405,42.407,-29.693,10.705,78.3
0.69643,-0.68302,-0.22013,-0.0047503,42.177,-29.742,10.753,78.35
0.69635,-0.68304,-0.22027,-0.0054582,41.945,-29.793,10.797,78.4
0.6957,-0.68372,-0.22022,-0.0056091,41.707,-29.842,10.843,78.45
0.69511,-0.68432,-0.2202,-0.0064818,41.466,-29.892,10.885,78.5
0.69479,-0.68445,-0.22078,-0.0066868,41.219,-29.94,10.929,78.55
0.69389,-0.68529,-0.221,-0.0067841,40.97,-29.991,10.972,78.6
0.6936,-0.68529,-0.22189,-0.0076904,40.716,-30.041,11.015,78.65
0.69271,-0.68614,-0.22198,-0.0092537,40.455,-30.09,11.057,78.7
0.69252,-0.68608,-0.22277,-0.0088018,40.194,-30.141,11.101,78.75
0.69208,-0.68618,-0.22379,-0.0097036,39.926,-30.192,11.142,78.8
0.69157,-0.68684,-0.22334,-0.010064,39.654,-30.24,11.186,78.85
0.69076,-0.68758,-0.22352,-0.010991,39.38,-30.29,11.227,78.9
0.69086,-0.6875,-0.22343,-0.011308,39.101,-30.339,11.268,78.95
0.68982,-0.68819,-0.2245,-0.01191,38.82,-30.39,11.307,79
0.68916,-0.68881,-0.22461,-0.012271,38.534,-30.44,11.345,79.05
0.6888,-0.68899,-0.22509,-0.013262,38.244,-30.489,11.383,79.1
0.68873,-0.68904,-0.22515,-0.013492,37.951,-30.539,11.42,79.15
0.68855,-0.68907,-0.22551,-0.014828,37.655,-30.589,11.456,79.2
0.68734,-0.69012,-0.22606,-0.014415,37.358,-30.64,11.492,79.25
0.68683,-0.6907,-0.22574,-0.015558,37.054,-30.688,11.527,79.3
0.68625,-0.69097,-0.22662,-0.016404,36.75,-30.739,11.562,79.35
0.68623,-0.69094,-0.22674,-0.016646,36.441,-30.788,11.596,79.4
0.68594,-0.69102,-0.22737,-0.016956,36.131,-30.838,11.629,79.45
0.68487,-0.69183,-0.22806,-0.017616,35.816,-30.888,11.663,79.5
0.68433,-0.69226,-0.22827,-0.018809,35.5,-30.939,11.695,79.55
0.68394,-0.69256,-0.22853,-0.018851,35.18,-30.987,11.725,79.6
0.6832,-0.69314,-0.22894,-0.019446,34.86,-31.038,11.756,79.65
0.68231,-0.69383,-0.22944,-0.020361,34.535,-31.087,11.786,79.7
0.68181,-0.6942,-0.22978,-0.020613,34.208,-31.136,11.816,79.75
0.68164,-0.69429,-0.22993,-0.021466,33.881,-31.186,11.844,79.8
0.68107,-0.69472,-0.23028,-0.022168,33.55,-31.236,11.873,79.85
0.68068,-0.69495,-0.2307,-0.022467,33.217,-31.285,11.898,79.9
0.68006,-0.69536,-0.23122,-0.023131,32.883,-31.334,11.925,79.95
0.68001,-0.69532,-0.23146,-0.023373,32.546,-31.383,11.952,80
0.67926,-0.69599,-0.23155,-0.024099,32.21,-31.434,11.975,80.05
0.67819,-0.69669,-0.23256,-0.024473,31.871,-31.483,12.001,80.1
0.67819,-0.69686,-0.23201,-0.024785,31.528,-31.532,12.024,80.15
0.67743,-0.69733,-0.23267,-0.025908,31.187,-31.582,12.046,80.2
0.67679,-0.69767,-0.23353,-0.026073,30.843,-31.63,12.068,80.25
0.6763,-0.69811,-0.23345,-0.027477,30.499,-31.679,12.092,80.3
0.67593,-0.69855,-0.23323,-0.027362,30.154,-31.729,12.112,80.35
0.67567,-0.6987,-0.23348,-0.027825,29.807,-31.778,12.134,80.4
0.67478,-0.69935,-0.23404,-0.028499,29.458,-31.828,12.152,80.45
0.67432,-0.69967,-0.23428,-0.029533,29.111,-31.878,12.17,80.5
0.67382,-0.69996,-0.23477,-0.030065,28.762,-31.926,12.188,80.55
0.67311,-0.70036,-0.23557,-0.030353,28.413,-31.975,12.205,80.6
0.67254,-0.70074,-0.23592,-0.031671,28.063,-32.024,12.221,80.65
0.67213,-0.70109,-0.23597,-0.032128,27.714,-32.073,12.237,80.7
0.67222,-0.70091,-0.23627,-0.031972,27.363,-32.122,12.251,80.75
0.67117,-0.70158,-0.23709,-0.033297,27.014,-32.17,12.267,80.8
0.67063,-0.70215,-0.23691,-0.033223,26.664,-32.218,12.284,80.85
0.67004,-0.7025,-0.23744,-0.034182,26.314,-32.266,12.295,80.9
0.6694,-0.70301,-0.23768,-0.03441,25.965,-32.315,12.307,80.95
0.66875,-0.70336,-0.23835,-0.0353,25.616,-32.363,12.318,81
0.66873,-0.70342,-0.23815,-0.035847,25.267,-32.412,12.328,81.05
0.66794,-0.70399,-0.23866,-0.036055,24.919,-32.46,12.338,81.1
0.66727,-0.70438,-0.23917,-0.037229,24.571,-32.508,12.346,81.15
0.66669,-0.70487,-0.23927,-0.03782,24.224,-32.556,12.356,81.2
0.66603,-0.70531,-0.23977,-0.038121,23.878,-32.605,12.363,81.25
0.66586,-0.7054,-0.23991,-0.038524,23.533,-32.653,12.369,81.3
0.66548,-0.70556,-0.24037,-0.039214,23.189,-32.701,12.375,81.35
0.66484,-0.70587,-0.24112,-0.039876,22.847,-32.749,12.379,81.4
0.66405,-0.70663,-0.24099,-0.04035,22.506,-32.797,12.385,81.45
0.6638,-0.70666,-0.24151,-0.040889,22.166,-32.845,12.388,81.5
0.66315,-0.70712,-0.24183,-0.041665,21.827,-32.892,12.391,81.55
0.66227,-0.70776,-0.2423,-0.042019,21.491,-32.941,12.393,81.6
0.66174,-0.70806,-0.24281,-0.042375,21.156,-32.988,12.393,81.65
0.66113,-0.70851,-0.24304,-0.043079,20.823,-33.035,12.394,81.7
0.66078,-0.70879,-0.24299,-0.043989,20.492,-33.083,12.392,81.75
0.66042,-0.70895,-0.24344,-0.044384,20.163,-33.13,12.391,81.8
0.65972,-0.70941,-0.24395,-0.044687,19.836,-33.178,12.389,81.85
0.65913,-0.70977,-0.24429,-0.045844,19.511,-33.225,12.386,81.9
0.65862,-0.7101,-0.24461,-0.046294,19.189,-33.272,12.382,81.95
0.65796,-0.71059,-0.24492,-0.046525,18.869,-33.32,12.377,82
0.65746,-0.71093,-0.24522,-0.046842,18.552,-33.366,12.373,82.05
0.65714,-0.71111,-0.24536,-0.047829,18.236,-33.412,12.367,82.1
0.65638,-0.71147,-0.24625,-0.048343,17.924,-33.46,12.36,82.15
0.65562,-0.7121,-0.24633,-0.048891,17.614,-33.506,12.352,82.2
0.65523,-0.71224,-0.24682,-0.049622,17.308,-33.552,12.344,82.25
0.65471,-0.71262,-0.24697,-0.050293,17.005,-33.599,12.334,82.3
0.65406,-0.71317,-0.24699,-0.050928,16.704,-33.645,12.324,82.35
0.6536,-0.71341,-0.24747,-0.051104,16.407,-33.692,12.313,82.4
0.65304,-0.71372,-0.2479,-0.051841,16.113,-33.738,12.302,82.45
0.65255,-0.71402,-0.24821,-0.052316,15.823,-33.785,12.29,82.5
0.652,-0.71429,-0.24872,-0.053063,15.536,-33.829,12.277,82.55
0.6512,-0.71492,-0.24893,-0.053514,15.253,-33.876,12.263,82.6
0.65075,-0.71525,-0.24906,-0.05401,14.973,-33.922,12.248,82.65
0.65055,-0.71512,-0.24973,-0.055018,14.697,-33.968,12.233,82.7
0.64992,-0.71553,-0.25013,-0.055339,14.424,-34.013,12.217,82.75
0.64928,-0.71592,-0.25046,-0.056201,14.156,-34.059,12.199,82.8
0.64859,-0.71635,-0.25095,-0.056545,13.892,-34.105,12.183,82.85
0.64801,-0.7167,-0.25142,-0.056642,13.632,-34.15,12.164,82.9
0.64761,-0.71707,-0.25114,-0.057802,13.376,-34.195,12.145,82.95
0.64712,-0.7173,-0.25164,-0.05827,13.123,-34.241,12.124,83
0.64627,-0.7178,-0.25231,-0.05855,12.876,-34.285,12.104,83.05
0.64604,-0.71802,-0.25212,-0.059294,12.632,-34.331,12.083,83.1
0.64527,-0.71853,-0.25249,-0.059803,12.394,-34.375,12.06,83.15
0.64478,-0.71875,-0.25299,-0.060474,12.16,-34.421,12.037,83.2
0.6443,-0.7191,-0.2531,-0.060959,11.93,-34.465,12.014,83.25
0.64361,-0.71952,-0.25351,-0.061594,11.704,-34.509,11.99,83.3
0.64313,-0.71977,-0.25393,-0.061822,11.484,-34.554,11.964,83.35
0.64223,-0.72045,-0.25404,-0.062888,11.268,-34.597,11.939,83.4
0.64175,-0.72068,-0.25453,-0.063146,11.057,-34.642,11.912,83.45
0.64106,-0.72113,-0.25477,-0.064057,10.851,-34.686,11.885,83.5
0.64063,-0.72117,-0.25557,-0.064765,10.651,-34.73,11.858,83.55
0.64013,-0.72154,-0.25566,-0.065202,10.455,-34.774,11.829,83.6
0.63961,-0.72182,-0.25608,-0.065519,10.265,-34.818,11.8,83.65
0.63925,-0.72207,-0.25606,-0.066377,10.079,-34.86,11.77,83.7
0.63856,-0.72244,-0.25666,-0.066718,9.8981,-34.904,11.74,83.75
0.6377,-0.72307,-0.25694,-0.06695,9.7233,-34.948,11.708,83.8
0.63742,-0.72302,-0.25763,-0.067562,9.553,-34.991,11.676,83.85
0.63675,-0.72351,-0.25772,-0.068325,9.3891,-35.034,11.643,83.9
0.63621,-0.72384,-0.25795,-0.068933,9.2304,-35.077,11.61,83.95
0.63559,-0.72414,-0.25849,-0.069527,9.0768,-35.119,11.576,84
0.63495,-0.72461,-0.25857,-0.070125,8.929,-35.162,11.541,84.05
0.63436,-0.72486,-0.25917,-0.070699,8.7865,-35.204,11.509,84.1
0.63394,-0.72519,-0.25898,-0.071678,8.6495,-35.247,11.473,84.15
0.63353,-0.72522,-0.25985,-0.071972,8.518,-35.289,11.437,84.2
0.63269,-0.72583,-0.26001,-0.072586,8.3929,-35.331,11.399,84.25
0.63229,-0.72603,-0.26028,-0.07314,8.2734,-35.373,11.361,84.3
0.63149,-0.72639,-0.26102,-0.073808,8.1593,-35.415,11.324,84.35
0.63125,-0.72652,-0.26118,-0.073967,8.0513,-35.457,11.284,84.4
0.63051,-0.72706,-0.26122,-0.074879,7.9493,-35.498,11.244,84.45
0.62981,-0.72724,-0.26222,-0.07546,7.8527,-35.54,11.204,84.5
0.62887,-0.72796,-0.26231,-0.076042,7.7622,-35.582,11.164,84.55
0.62867,-0.72822,-0.26205,-0.076179,7.6773,-35.622,11.122,84.6
0.62819,-0.72822,-0.26298,-0.076905,7.5988,-35.663,11.08,84.65
0.62782,-0.7285,-0.26293,-0.077418,7.5264,-35.704,11.038,84.7
0.62694,-0.72892,-0.26363,-0.078209,7.4605,-35.745,10.994,84.75
0.62637,-0.72935,-0.26365,-0.078725,7.3991,-35.785,10.951,84.8
0.62589,-0.7297,-0.2635,-0.07985,7.3453,-35.826,10.907,84.85
0.62504,-0.73005,-0.26438,-0.080374,7.2966,-35.866,10.861,84.9
0.62487,-0.73,-0.26484,-0.080597,7.2544,-35.907,10.816,84.95
0.62363,-0.7309,-0.26523,-0.080759,7.2175,-35.947,10.771,85
0.62328,-0.73104,-0.26538,-0.081744,7.1876,-35.986,10.724,85.05
0.62287,-0.73125,-0.2656,-0.082202,7.1641,-36.026,10.674,85.1
0.62221,-0.73154,-0.26613,-0.082967,7.1465,-36.066,10.626,85.15
0.62164,-0.73193,-0.26612,-0.083805,7.1347,-36.105,10.579,85.2
0.62111,-0.73212,-0.2668,-0.083965,7.1288,-36.143,10.531,85.25
0.62029,-0.73278,-0.2669,-0.083928,7.1294,-36.183,10.483,85.3
0.62015,-0.73274,-0.26699,-0.084941,7.1357,-36.223,10.433,85.35
0.61914,-0.73328,-0.26778,-0.085258,7.1477,-36.261,10.382,85.4
0.61876,-0.73342,-0.2679,-0.086379,7.1669,-36.299,10.332,85.45
0.61804,-0.73383,-0.26834,-0.08669,7.1917,-36.337,10.282,85.5
0.6178,-0.73396,-0.26844,-0.08697,7.2225,-36.376,10.231,85.55
0.61725,-0.73422,-0.26871,-0.087799,7.2605,-36.414,10.178,85.6
0.61631,-0.73467,-0.26939,-0.088621,7.3032,-36.452,10.127,85.65
0.61579,-0.73507,-0.2694,-0.088858,7.3527,-36.489,10.074,85.7
0.61546,-0.73513,-0.26978,-0.089533,7.408,-36.528,10.021,85.75
0.6145,-0.73564,-0.27035,-0.090183,7.4691,-36.565,9.9668,85.8
0.61415,-0.73593,-0.27021,-0.09064,7.5365,-36.602,9.9119,85.85
0.61326,-0.73636,-0.27069,-0.091722,7.6099,-36.64,9.8571,85.9
0.61316,-0.73638,-0.27084,-0.091817,7.6888,-36.678,9.8019,85.95
0.61233,-0.73672,-0.27155,-0.092481,7.7745,-36.714,9.7471,86
0.61187,-0.73707,-0.27149,-0.092946,7.8657,-36.751,9.6912,86.05
0.61116,-0.73749,-0.27168,-0.093654,7.9627,-36.787,9.6371,86.1
0.61077,-0.73755,-0.2722,-0.094341,8.0651,-36.823,9.5802,86.15
0.60973,-0.73805,-0.27308,-0.094543,8.1739,-36.859,9.5247,86.2
0.60946,-0.73827,-0.27287,-0.095127,8.2887,-36.896,9.4665,86.25
0.60846,-0.73868,-0.27375,-0.095855,8.4093,-36.932,9.4102,86.3
0.60803,-0.73894,-0.27363,-0.096958,8.5355,-36.966,9.3527,86.35
0.60731,-0.73943,-0.27382,-0.097161,8.6673,-37.002,9.2952,86.4
0.60682,-0.73966,-0.27411,-0.09763,8.8044,-37.037,9.2373,86.45
0.60628,-0.73989,-0.27443,-0.098394,8.9479,-37.073,9.1788,86.5
0.60562,-0.74015,-0.27494,-0.099066,9.0965,-37.107,9.1203,86.55
0.60496,-0.74057,-0.27508,-0.099594,9.251,-37.142,9.0617,86.6
0.6044,-0.74086,-0.27549,-0.099669,9.4105,-37.176,9.0027,86.65
0.60399,-0.74096,-0.27589,-0.10027,9.5752,-37.211,8.9424,86.7
0.60318,-0.74128,-0.27639,-0.10143,9.7457,-37.244,8.8832,86.75
0.60282,-0.74141,-0.27668,-0.10177,9.9219,-37.28,8.8228,86.8
0.60218,-0.74184,-0.2768,-0.10218,10.103,-37.313,8.763,86.85
0.60154,-0.74211,-0.27727,-0.10268,10.289,-37.346,8.7053,86.9
0.60073,-0.74248,-0.2776,-0.10384,10.48,-37.38,8.6449,86.95
0.60011,-0.74271,-0.27827,-0.10401,10.676,-37.413,8.5838,87
0.59986,-0.74287,-0.27828,-0.10426,10.878,-37.446,8.5231,87.05
0.59902,-0.74343,-0.27836,-0.1049,11.085,-37.479,8.4629,87.1
0.59876,-0.74337,-0.27876,-0.10572,11.296,-37.512,8.4008,87.15
0.5978,-0.74389,-0.27916,-0.10644,11.512,-37.544,8.34,87.2
0.59728,-0.74434,-0.27913,-0.10625,11.733,-37.577,8.2788,87.25
0.59661,-0.74452,-0.27973,-0.10721,11.959,-37.609,8.2169,87.3
0.5959,-0.74498,-0.27975,-0.10794,12.189,-37.64,8.1548,87.35
0.59541,-0.74508,-0.28044,-0.10812,12.424,-37.672,8.0929,87.4
0.59464,-0.74546,-0.28067,-0.10918,12.664,-37.703,8.0306,87.45
0.59407,-0.74582,-0.28074,-0.10965,12.908,-37.735,7.969,87.5
0.5934,-0.74603,-0.28131,-0.1104,13.156,-37.766,7.907,87.55
0.59267,-0.74646,-0.28151,-0.11083,13.408,-37.796,7.8448,87.6
0.59234,-0.74643,-0.28203,-0.1115,13.666,-37.828,7.7827,87.65
0.59176,-0.74681,-0.28203,-0.11203,13.926,-37.859,7.7197,87.7
0.59111,-0.74703,-0.28258,-0.11262,14.192,-37.889,7.6569,87.75
0.59052,-0.74736,-0.28288,-0.11279,14.46,-37.919,7.5953,87.8
0.58973,-0.74792,-0.2827,-0.11367,14.734,-37.95,7.5305,87.85
0.5894,-0.74782,-0.2836,-0.11379,15.01,-37.979,7.4667,87.9
0.58865,-0.74821,-0.2838,-0.11455,15.29,-38.008,7.4043,87.95
0.58804,-0.74838,-0.28438,-0.11517,15.574,-38.038,7.3432,88
0.58729,-0.74881,-0.28449,-0.11594,15.861,-38.067,7.2788,88.05
0.5869,-0.74892,-0.2848,-0.11637,16.152,-38.096,7.217,88.1
0.58607,-0.74948,-0.2849,-0.11674,16.447,-38.125,7.1498,88.15
0.58574,-0.74947,-0.28539,-0.1173,16.745,-38.154,7.0876,88.2
0.58503,-0.75,-0.28522,-0.11783,17.045,-38.183,7.0251,88.25
0.58477,-0.74987,-0.28587,-0.11837,17.348,-38.209,6.9633,88.3
0.5841,-0.75014,-0.2863,-0.11894,17.656,-38.238,6.9,88.35
0.58284,-0.75075,-0.28695,-0.11974,17.966,-38.266,6.838,88.4
0.58274,-0.75082,-0.2867,-0.12034,18.278,-38.292,6.7756,88.45
0.58206,-0.75128,-0.28684,-0.12044,18.593,-38.32,6.7133,88.5
0.58132,-0.7516,-0.28729,-0.12092,18.912,-38.349,6.6516,88.55
0.5804,-0.7519,-0.28783,-0.12221,19.232,-38.375,6.5903,88.6
0.57988,-0.75224,-0.28782,-0.12258,19.554,-38.401,6.5289,88.65
0.57939,-0.75224,-0.28846,-0.1234,19.879,-38.428,6.4669,88.7
0.57891,-0.75245,-0.2888,-0.12358,20.207,-38.454,6.4058,88.75
0.57805,-0.75284,-0.28927,-0.12417,20.537,-38.48,6.3456,88.8
0.57732,-0.75314,-0.28953,-0.12509,20.868,-38.506,6.284,88.85
0.57678,-0.75343,-0.28988,-0.12506,21.201,-38.531,6.2233,88.9
0.57624,-0.75365,-0.29004,-0.1258,21.537,-38.557,6.1625,88.95
0.57528,-0.75411,-0.2904,-0.12661,21.873,-38.582,6.0992,89
0.57477,-0.75447,-0.29037,-0.12689,22.211,-38.607,6.0387,89.05
0.57431,-0.75449,-0.29091,-0.12762,22.551,-38.632,5.9797,89.1
0.57378,-0.75464,-0.29129,-0.12822,22.891,-38.656,5.9189,89.15
0.5732,-0.75492,-0.29137,-0.129,23.234,-38.681,5.8596,89.2
0.57227,-0.75549,-0.29171,-0.12903,23.578,-38.705,5.7989,89.25
0.57194,-0.75541,-0.29226,-0.12975,23.923,-38.729,5.7389,89.3
0.57095,-0.75595,-0.29235,-0.13069,24.268,-38.753,5.68,89.35
0.57083,-0.75585,-0.29265,-0.13112,24.615,-38.776,5.6215,89.4
0.56974,-0.75633,-0.29325,-0.13177,24.963,-38.8,5.5635,89.45
0.56943,-0.75658,-0.29319,-0.13179,25.311,-38.822,5.5049,89.5
0.56873,-0.75703,-0.29314,-0.13236,25.66,-38.845,5.4473,89.55
0.56771,-0.75721,-0.29412,-0.13352,26.009,-38.868,5.3903,89.6
0.56731,-0.75743,-0.29413,-0.13396,26.359,-38.89,5.333,89.65
0.5665,-0.75773,-0.29477,-0.13427,26.708,-38.912,5.2762,89.7
0.5663,-0.75768,-0.29507,-0.13476,27.059,-38.934,5.2192,89.75
0.56547,-0.75803,-0.29534,-0.13565,27.409,-38.955,5.1631,89.8
0.56477,-0.75831,-0.29559,-0.13649,27.758,-38.977,5.106,89.85
0.56407,-0.75869,-0.29597,-0.13645,28.108,-38.998,5.0495,89.9
0.56375,-0.75873,-0.29627,-0.13689,28.458,-39.019,4.9953,89.95
0.56294,-0.75924,-0.29606,-0.13783,28.806,-39.04,4.9401,90
