0.61237,0.35355,0.35355,0.61237,60,-65,-1,0
0.61314,0.35274,0.35325,0.61225,60.54,-65.002,-0.89484,0.05
0.61381,0.35215,0.35287,0.61213,60.989,-65.006,-0.80719,0.1
0.61429,0.35154,0.3526,0.61216,61.438,-65.012,-0.71952,0.15
0.61485,0.35077,0.35232,0.6122,61.887,-65.021,-0.63183,0.2
0.61544,0.34996,0.35213,0.61218,62.334,-65.032,-0.54418,0.25
0.61595,0.34918,0.35204,0.61217,62.78,-65.045,-0.45659,0.3
0.6164,0.3486,0.35211,0.612,63.224,-65.061,-0.36851,0.35
0.61687,0.3479,0.35214,0.61192,63.667,-65.078,-0.28026,0.4
0.61754,0.34732,0.35176,0.61178,64.108,-65.098,-0.19174,0.45
0.61816,0.34648,0.35152,0.61177,64.547,-65.12,-0.10287,0.5
0.61893,0.3458,0.35118,0.61158,64.984,-65.144,-0.013683,0.55
0.61948,0.34512,0.35095,0.61152,65.418,-65.17,0.075829,0.6
0.62001,0.34441,0.35061,0.61159,65.849,-65.199,0.16581,0.65
0.62069,0.34364,0.35016,0.61159,66.277,-65.23,0.25638,0.7
0.62131,0.34295,0.34991,0.61149,66.702,-65.263,0.34774,0.75
0.62182,0.34231,0.34974,0.61143,67.123,-65.298,0.44005,0.8
0.62255,0.34161,0.34927,0.61134,67.54,-65.335,0.53321,0.85
0.62309,0.34115,0.34898,0.61122,67.954,-65.374,0.62705,0.9
0.62354,0.34071,0.34877,0.61112,68.363,-65.416,0.72189,0.95
0.6242,0.33984,0.34855,0.61106,68.767,-65.459,0.81788,1
0.62484,0.33929,0.34819,0.61092,69.167,-65.505,0.91468,1.05
0.62531,0.33864,0.3479,0.61097,69.562,-65.553,1.0122,1.1
0.62583,0.33794,0.34757,0.61101,69.951,-65.603,1.1112,1.15
0.62644,0.33701,0.34738,0.61101,70.335,-65.655,1.2118,1.2
0.62695,0.33631,0.34724,0.61095,70.714,-65.709,1.3138,1.25
0.6275,0.33551,0.3471,0.6109,71.086,-65.765,1.4176,1.3
0.62787,0.3349,0.347,0.61091,71.452,-65.822,1.5228,1.35
0.62837,0.3341,0.34698,0.61085,71.811,-65.882,1.6296,1.4
0.62879,0.33333,0.34673,0.61097,72.164,-65.943,1.7385,1.45
0.62932,0.33259,0.34655,0.61094,72.509,-66.006,1.8499,1.5
0.6297,0.33189,0.34666,0.61086,72.848,-66.07,1.9623,1.55
0.6302,0.33104,0.34656,0.61086,73.179,-66.137,2.0753,1.6
0.63068,0.33036,0.34617,0.61096,73.501,-66.205,2.1907,1.65
0.63126,0.32961,0.34619,0.61075,73.816,-66.274,2.3078,1.7
0.63171,0.32896,0.34599,0.61075,74.123,-66.345,2.4259,1.75
0.63215,0.32816,0.34605,0.6107,74.421,-66.418,2.5458,1.8
0.63265,0.32719,0.34612,0.61066,74.71,-66.492,2.6666,1.85
0.63301,0.32644,0.34613,0.61068,74.99,-66.567,2.7888,1.9
0.63344,0.32566,0.3463,0.61056,75.261,-66.644,2.9125,1.95
0.6339,0.32477,0.34638,0.6105,75.523,-66.722,3.037,2
0.63433,0.32401,0.34642,0.61044,75.775,-66.801,3.1616,2.05
0.63484,0.32328,0.34649,0.61026,76.017,-66.881,3.2877,2.1
0.63527,0.32245,0.34646,0.61027,76.249,-66.962,3.4135,2.15
0.63558,0.32181,0.34663,0.61018,76.471,-67.045,3.5377,2.2
0.63596,0.32102,0.34654,0.61025,76.683,-67.13,3.6626,2.25
0.63642,0.32021,0.3466,0.61017,76.884,-67.215,3.7877,2.3
0.63693,0.31938,0.34628,0.61026,77.075,-67.301,3.912,2.35
0.63739,0.31852,0.34633,0.61019,77.255,-67.388,4.0353,2.4
0.63792,0.31766,0.3464,0.61004,77.424,-67.477,4.1588,2.45
0.63827,0.31699,0.34651,0.60996,77.579,-67.564,4.2913,2.5
0.63865,0.31608,0.34646,0.61007,77.725,-67.654,4.4138,2.55
0.63883,0.31522,0.34659,0.61026,77.862,-67.745,4.5322,2.6
0.63915,0.31442,0.34677,0.61023,77.988,-67.838,4.6482,2.65
0.6397,0.31361,0.3465,0.61022,78.102,-67.931,4.7634,2.7
0.64008,0.31283,0.3466,0.61017,78.205,-68.026,4.8758,2.75
0.64051,0.31199,0.34661,0.61014,78.297,-68.121,4.9859,2.8
0.64097,0.3111,0.34653,0.61015,78.377,-68.219,5.0926,2.85
0.64135,0.31037,0.34651,0.61015,78.447,-68.317,5.1972,2.9
0.64197,0.30946,0.3465,0.60995,78.505,-68.417,5.2982,2.95
0.64255,0.30873,0.34623,0.60987,78.553,-68.517,5.3961,3
0.6429,0.30801,0.34592,0.61004,78.59,-68.618,5.4921,3.05
0.64329,0.30714,0.346,0.61002,78.615,-68.721,5.5846,3.1
0.64373,0.30624,0.34623,0.60988,78.63,-68.826,5.6714,3.15
0.64417,0.30556,0.34608,0.60984,78.633,-68.932,5.7564,3.2
0.64477,0.30464,0.34597,0.60973,78.626,-69.039,5.8368,3.25
0.64528,0.30397,0.3459,0.60957,78.607,-69.147,5.9141,3.3
0.64572,0.3031,0.34591,0.60953,78.58,-69.256,5.9877,3.35
0.64637,0.30224,0.34576,0.60935,78.541,-69.367,6.0563,3.4
0.647,0.30165,0.34568,0.60902,78.493,-69.479,6.1215,3.45
0.64754,0.30082,0.34553,0.60894,78.433,-69.593,6.1825,3.5
0.64813,0.3001,0.34542,0.60874,78.364,-69.707,6.24,3.55
0.64854,0.29952,0.34515,0.60873,78.284,-69.824,6.2931,3.6
0.64911,0.2987,0.34494,0.60865,78.193,-69.942,6.3433,3.65
0.64948,0.29798,0.34488,0.60864,78.092,-70.061,6.3893,3.7
0.64988,0.29727,0.34479,0.60861,77.982,-70.182,6.4311,3.75
0.65043,0.29649,0.34458,0.60852,77.862,-70.305,6.4692,3.8
0.6511,0.29569,0.34433,0.60833,77.733,-70.429,6.5034,3.85
0.6516,0.2949,0.34416,0.60829,77.593,-70.553,6.5351,3.9
0.65217,0.29414,0.34366,0.60831,77.445,-70.68,6.5616,3.95
0.65273,0.29321,0.34362,0.60819,77.287,-70.808,6.5841,4
0.6533,0.29242,0.34344,0.60806,77.12,-70.937,6.6034,4.05
0.65378,0.29152,0.34326,0.60808,76.944,-71.068,6.6198,4.1
0.65431,0.29078,0.34297,0.60803,76.759,-71.199,6.6328,4.15
0.65495,0.29006,0.34268,0.60785,76.565,-71.332,6.6423,4.2
0.65566,0.28924,0.34236,0.60765,76.362,-71.466,6.649,4.25
0.65632,0.28845,0.34192,0.60756,76.15,-71.601,6.652,4.3
0.65687,0.28768,0.34189,0.60734,75.931,-71.737,6.6521,4.35
0.65751,0.28708,0.34159,0.60712,75.703,-71.875,6.6483,4.4
0.65803,0.28657,0.3412,0.60701,75.466,-72.014,6.6421,4.45
0.65851,0.28587,0.34109,0.60687,75.221,-72.154,6.6332,4.5
0.65895,0.28506,0.34103,0.60681,74.967,-72.296,6.6215,4.55
0.65948,0.28438,0.34063,0.60679,74.706,-72.439,6.6067,4.6
0.66006,0.28382,0.34014,0.60669,74.437,-72.582,6.5895,4.65
0.6607,0.28309,0.33957,0.60666,74.159,-72.727,6.5699,4.7
0.66127,0.2825,0.33909,0.60657,73.873,-72.873,6.5481,4.75
0.66181,0.28199,0.33851,0.60655,73.579,-73.021,6.5239,4.8
0.6625,0.28127,0.3384,0.60619,73.278,-73.17,6.4971,4.85
0.66306,0.28054,0.33804,0.60611,72.97,-73.318,6.4682,4.9
0.66392,0.27983,0.33757,0.60577,72.655,-73.468,6.4371,4.95
0.66443,0.2792,0.33729,0.60565,72.333,-73.617,6.4044,5
0.66507,0.27847,0.33697,0.60547,72.005,-73.767,6.3694,5.05
0.66578,0.27784,0.33651,0.60523,71.67,-73.917,6.3328,5.1
0.66633,0.27694,0.33623,0.6052,71.328,-74.068,6.2939,5.15
0.66699,0.27622,0.33592,0.60496,70.981,-74.219,6.2534,5.2
0.66739,0.27551,0.3357,0.60497,70.627,-74.372,6.2106,5.25
0.66792,0.27501,0.33526,0.60486,70.266,-74.526,6.166,5.3
0.66849,0.27442,0.33476,0.60478,69.899,-74.679,6.12,5.35
0.66915,0.27371,0.33422,0.60466,69.527,-74.832,6.0728,5.4
0.66973,0.27317,0.33375,0.60453,69.149,-74.987,6.0238,5.45
0.67038,0.27248,0.33318,0.60443,68.764,-75.143,5.9731,5.5
0.67092,0.27178,0.33288,0.60431,68.374,-75.297,5.9213,5.55
0.67146,0.27122,0.33241,0.60423,67.979,-75.452,5.8683,5.6
0.67213,0.27062,0.33187,0.60405,67.578,-75.608,5.8137,5.65
0.6728,0.27001,0.33142,0.60382,67.172,-75.763,5.7582,5.7
0.67337,0.26957,0.33092,0.60365,66.763,-75.917,5.7013,5.75
0.6741,0.26902,0.33037,0.60338,66.348,-76.073,5.6428,5.8
0.67474,0.26841,0.32988,0.60321,65.929,-76.229,5.5831,5.85
0.67548,0.26746,0.32957,0.60297,65.507,-76.383,5.5226,5.9
0.67609,0.26674,0.32902,0.6029,65.081,-76.537,5.461,5.95
0.67677,0.26599,0.32875,0.60262,64.653,-76.69,5.3984,6
0.67732,0.26532,0.32833,0.60253,64.22,-76.843,5.3347,6.05
0.67791,0.26448,0.32787,0.60249,63.785,-76.996,5.2699,6.1
0.67843,0.26364,0.32736,0.60255,63.345,-77.149,5.2043,6.15
0.67886,0.26295,0.327,0.60255,62.903,-77.301,5.1378,6.2
0.6795,0.26237,0.32652,0.60235,62.458,-77.453,5.0703,6.25
0.68004,0.26183,0.32621,0.60215,62.01,-77.604,5.0022,6.3
0.68064,0.26102,0.32591,0.60198,61.561,-77.754,4.9331,6.35
0.68133,0.26022,0.32524,0.60191,61.11,-77.904,4.8633,6.4
0.68183,0.25957,0.32492,0.6018,60.656,-78.053,4.7927,6.45
0.6824,0.25901,0.32452,0.6016,60.201,-78.202,4.7214,6.5
0.6828,0.2584,0.32402,0.60168,59.743,-78.35,4.6494,6.55
0.68319,0.25792,0.32348,0.60174,59.281,-78.499,4.5768,6.6
0.68386,0.25707,0.32305,0.60157,58.819,-78.647,4.5032,6.65
0.68446,0.25636,0.32279,0.60133,58.358,-78.794,4.4289,6.7
0.68502,0.25572,0.32254,0.6011,57.895,-78.941,4.3537,6.75
0.68555,0.25496,0.3222,0.601,57.433,-79.087,4.2781,6.8
0.68612,0.25437,0.32188,0.60077,56.97,-79.232,4.2018,6.85
0.68676,0.25351,0.32138,0.60067,56.507,-79.376,4.125,6.9
0.68739,0.25267,0.3208,0.60062,56.045,-79.517,4.048,6.95
0.68787,0.25224,0.32035,0.60049,55.582,-79.658,3.9704,7
0.68844,0.25158,0.32008,0.60026,55.12,-79.799,3.8921,7.05
0.68901,0.2509,0.31978,0.60005,54.66,-79.939,3.8134,7.1
0.68952,0.25026,0.31959,0.59984,54.201,-80.077,3.7343,7.15
0.69005,0.24967,0.31915,0.5997,53.742,-80.214,3.6548,7.2
0.69064,0.24903,0.3187,0.59953,53.285,-80.35,3.5748,7.25
0.6911,0.24825,0.31827,0.59956,52.827,-80.487,3.4944,7.3
0.69168,0.24747,0.31777,0.59947,52.374,-80.619,3.4138,7.35
0.69458,0.25035,0.31259,0.59764,54.926,-81.104,2.807,7.4
0.69608,0.25064,0.31148,0.59635,54.99,-80.784,2.7021,7.45
0.69645,0.24931,0.31137,0.59653,54.506,-80.98,2.5546,7.5
0.69704,0.24932,0.31042,0.59633,54.068,-81.097,2.5069,7.55
0.6974,0.24775,0.31068,0.59644,53.694,-81.186,2.3742,7.6
0.69779,0.24687,0.31059,0.59639,53.243,-81.294,2.2991,7.65
0.69846,0.24613,0.3102,0.59611,52.839,-81.384,2.1522,7.7
0.69898,0.24572,0.3098,0.59588,52.448,-81.466,2.0667,7.75
0.69939,0.24383,0.31027,0.59593,52.119,-81.513,1.8715,7.8
0.69954,0.24438,0.3095,0.59593,51.599,-81.686,1.8904,7.85
0.70059,0.24247,0.30974,0.59535,51.307,-81.706,1.6913,7.9
0.70073,0.24118,0.30959,0.59578,50.977,-81.77,1.5238,7.95
0.70175,0.24058,0.30872,0.59528,50.522,-81.899,1.4976,8
0.70158,0.23953,0.30894,0.5958,50.328,-81.898,1.1885,8.05
0.70241,0.23895,0.30857,0.59523,49.844,-82.038,1.1988,8.1
0.70277,0.23834,0.30834,0.59517,49.449,-82.132,1.1226,8.15
0.70365,0.23765,0.3077,0.59474,49.071,-82.245,1.0123,8.2
0.70389,0.23727,0.3076,0.59466,48.676,-82.358,0.93913,8.25
0.7039,0.23641,0.30761,0.59499,48.321,-82.469,0.83127,8.3
0.7043,0.23549,0.30748,0.59494,48.013,-82.548,0.67858,8.35
0.70496,0.23433,0.30763,0.59454,47.708,-82.628,0.53073,8.4
0.70541,0.2335,0.30695,0.59469,47.366,-82.699,0.43726,8.45
0.70588,0.23306,0.30718,0.59419,46.995,-82.81,0.36183,8.5
0.70635,0.2324,0.30676,0.5941,46.636,-82.929,0.27969,8.55
0.70725,0.231,0.30687,0.59353,46.377,-83.004,0.10853,8.6
0.7074,0.23052,0.30662,0.59366,46.027,-83.089,0.039068,8.65
0.70772,0.22995,0.30649,0.59357,45.707,-83.171,-0.064573,8.7
0.70832,0.22915,0.30587,0.59348,45.387,-83.275,-0.15231,8.75
0.70896,0.22923,0.30577,0.59273,45.109,-83.364,-0.27364,8.8
0.70919,0.22782,0.30561,0.59309,44.79,-83.444,-0.34483,8.85
0.70954,0.22687,0.30528,0.5932,44.54,-83.525,-0.48716,8.9
0.71014,0.22687,0.30501,0.59263,44.225,-83.591,-0.54295,8.95
0.71077,0.2256,0.305,0.59236,43.943,-83.67,-0.63305,9
0.71112,0.22486,0.30466,0.59239,43.698,-83.748,-0.7482,9.05
0.71191,0.2245,0.30421,0.59181,43.415,-83.81,-0.81966,9.1
0.7121,0.22422,0.30366,0.59196,43.144,-83.895,-0.89193,9.15
0.71271,0.22247,0.30397,0.59173,42.925,-83.952,-1.0142,9.2
0.71313,0.22249,0.30337,0.59153,42.697,-84.017,-1.1079,9.25
0.71363,0.22199,0.3031,0.59125,42.445,-84.076,-1.1707,9.3
0.71395,0.22084,0.30285,0.59143,42.232,-84.141,-1.2737,9.35
0.71462,0.22,0.30271,0.59101,42.052,-84.18,-1.3914,9.4
0.71497,0.21962,0.30267,0.59074,41.815,-84.239,-1.4473,9.45
0.71567,0.2189,0.30197,0.59052,41.626,-84.285,-1.54,9.5
0.71555,0.21858,0.30224,0.59065,41.455,-84.344,-1.6438,9.55
0.71666,0.21733,0.30156,0.59011,41.268,-84.382,-1.7136,9.6
0.71677,0.21671,0.30147,0.59025,41.089,-84.427,-1.7865,9.65
0.71744,0.2158,0.30099,0.59001,40.947,-84.474,-1.8896,9.7
0.71811,0.215,0.30072,0.58962,40.807,-84.504,-1.9831,9.75
0.71859,0.21462,0.30028,0.5894,40.648,-84.542,-2.0436,9.8
0.71861,0.21377,0.30044,0.5896,40.508,-84.566,-2.114,9.85
0.71946,0.21259,0.3002,0.58912,40.425,-84.609,-2.2343,9.9
0.71985,0.2123,0.29966,0.58902,40.292,-84.634,-2.291,9.95
0.72029,0.21197,0.29961,0.58863,40.183,-84.66,-2.3636,10
0.72096,0.21101,0.29928,0.58833,40.098,-84.682,-2.4497,10.05
0.72131,0.21017,0.29897,0.58835,40.034,-84.707,-2.5478,10.1
0.7218,0.20901,0.29829,0.58851,39.964,-84.728,-2.6255,10.15
0.72219,0.20879,0.29817,0.58817,39.898,-84.742,-2.7016,10.2
0.72276,0.20813,0.2978,0.5879,39.83,-84.75,-2.7577,10.25
0.72347,0.20734,0.29758,0.5874,39.776,-84.757,-2.8194,10.3
0.72375,0.20703,0.2977,0.58712,39.75,-84.768,-2.9016,10.35
0.72408,0.20594,0.29753,0.58718,39.738,-84.783,-2.9881,10.4
0.72461,0.20537,0.29686,0.58705,39.742,-84.785,-3.0728,10.45
0.72504,0.20402,0.29636,0.58726,39.728,-84.788,-3.1362,10.5
0.72573,0.20383,0.2959,0.5867,39.744,-84.788,-3.2084,10.55
0.72603,0.20295,0.29622,0.58646,39.757,-84.784,-3.2781,10.6
0.72661,0.20221,0.29557,0.58634,39.784,-84.78,-3.3478,10.65
0.72764,0.20145,0.29478,0.58572,39.819,-84.765,-3.4088,10.7
0.72773,0.20095,0.29558,0.58537,39.863,-84.756,-3.4756,10.75
0.72825,0.20039,0.29463,0.58539,39.932,-84.753,-3.5522,10.8
0.72845,0.19915,0.29478,0.5855,39.989,-84.734,-3.6046,10.85
0.72905,0.19926,0.29377,0.58521,40.072,-84.718,-3.6753,10.9
0.72947,0.19832,0.29391,0.58495,40.155,-84.698,-3.7285,10.95
0.73012,0.19715,0.29404,0.58447,40.258,-84.678,-3.7994,11
0.7306,0.19647,0.29296,0.58464,40.357,-84.651,-3.8545,11.05
0.73086,0.19628,0.29291,0.5844,40.475,-84.625,-3.9111,11.1
0.73135,0.19533,0.2932,0.58396,40.606,-84.596,-3.9758,11.15
0.73174,0.19458,0.29213,0.58426,40.741,-84.567,-4.0288,11.2
0.73234,0.19375,0.29192,0.58388,40.889,-84.532,-4.0929,11.25
0.7327,0.19331,0.29171,0.58369,41.042,-84.499,-4.1439,11.3
0.73311,0.19256,0.29149,0.58353,41.205,-84.462,-4.1992,11.35
0.7337,0.19182,0.29119,0.58318,41.38,-84.421,-4.2495,11.4
0.73387,0.19116,0.29139,0.58308,41.567,-84.379,-4.3067,11.45
0.73479,0.18972,0.29063,0.58277,41.763,-84.334,-4.3622,11.5
0.73481,0.18949,0.29038,0.58295,41.963,-84.292,-4.4107,11.55
0.73583,0.18841,0.28999,0.58221,42.165,-84.24,-4.4492,11.6
0.73597,0.18818,0.28933,0.58242,42.383,-84.193,-4.4965,11.65
0.73646,0.18736,0.28976,0.58186,42.613,-84.14,-4.5445,11.7
0.73676,0.18689,0.28864,0.58219,42.854,-84.085,-4.5934,11.75
0.73756,0.18574,0.28867,0.58153,43.102,-84.023,-4.6383,11.8
0.73774,0.18494,0.28815,0.58181,43.356,-83.97,-4.6854,11.85
0.73849,0.18388,0.28782,0.58136,43.608,-83.908,-4.7161,11.9
0.73908,0.18333,0.2875,0.58094,43.879,-83.844,-4.7562,11.95
0.73923,0.18314,0.28733,0.5809,44.161,-83.779,-4.7971,12
0.7397,0.18222,0.28717,0.58067,44.449,-83.712,-4.8385,12.05
0.74021,0.18135,0.28696,0.5804,44.74,-83.643,-4.873,12.1
0.74049,0.18081,0.28657,0.58039,45.04,-83.57,-4.9071,12.15
0.74127,0.17981,0.28647,0.57977,45.349,-83.5,-4.9392,12.2
0.7412,0.17924,0.28604,0.58024,45.656,-83.426,-4.9622,12.25
0.74214,0.17852,0.28547,0.57954,45.984,-83.345,-4.9982,12.3
0.74244,0.17751,0.28539,0.57951,46.314,-83.265,-5.0289,12.35
0.74311,0.17714,0.28467,0.57911,46.65,-83.187,-5.0608,12.4
0.74363,0.17643,0.28437,0.57881,46.994,-83.103,-5.0826,12.45
0.74358,0.17538,0.28475,0.579,47.336,-83.021,-5.1023,12.5
0.74427,0.17453,0.28384,0.57882,47.693,-82.934,-5.1285,12.55
0.74468,0.17432,0.28388,0.57834,48.052,-82.85,-5.1508,12.6
0.74486,0.17314,0.28306,0.57886,48.42,-82.755,-5.1679,12.65
0.74606,0.17256,0.28281,0.57762,48.795,-82.663,-5.1931,12.7
0.74601,0.17236,0.28248,0.5779,49.17,-82.57,-5.2072,12.75
0.7468,0.17163,0.28184,0.57741,49.553,-82.475,-5.2219,12.8
0.74683,0.17109,0.28257,0.57717,49.941,-82.38,-5.2351,12.85
0.74722,0.16961,0.28169,0.57754,50.338,-82.275,-5.2513,12.9
0.7484,0.16925,0.28067,0.57661,50.738,-82.171,-5.2655,12.95
0.74832,0.16863,0.28103,0.57672,51.138,-82.076,-5.2764,13
0.7486,0.16835,0.28072,0.57659,51.546,-81.97,-5.2838,13.05
0.74922,0.16798,0.28063,0.57593,51.957,-81.849,-5.2869,13.1
0.74948,0.1662,0.28051,0.57616,52.369,-81.744,-5.2894,13.15
0.74949,0.16558,0.2805,0.57634,52.788,-81.634,-5.2911,13.2
0.7505,0.16469,0.27958,0.57572,53.211,-81.526,-5.297,13.25
0.75063,0.16425,0.27968,0.57563,53.638,-81.407,-5.3,13.3
0.75121,0.16432,0.27862,0.57537,54.064,-81.301,-5.3008,13.35
0.75152,0.16362,0.27846,0.57524,54.497,-81.184,-5.301,13.4
0.75193,0.163,0.27808,0.57507,54.932,-81.066,-5.2997,13.45
0.75236,0.1623,0.27797,0.57476,55.37,-80.947,-5.2968,13.5
0.75287,0.16171,0.27769,0.5744,55.809,-80.826,-5.2924,13.55
0.7534,0.16083,0.27736,0.5741,56.251,-80.703,-5.2864,13.6
0.7538,0.16013,0.27708,0.5739,56.694,-80.579,-5.279,13.65
0.75426,0.15935,0.27672,0.5737,57.138,-80.454,-5.27,13.7
0.7547,0.15856,0.27632,0.57352,57.584,-80.327,-5.2595,13.75
0.75509,0.15786,0.27592,0.5734,58.03,-80.2,-5.2475,13.8
0.7557,0.15701,0.27538,0.57309,58.477,-80.07,-5.2341,13.85
0.75615,0.15617,0.27525,0.57279,58.925,-79.94,-5.2191,13.9
0.75647,0.15542,0.27514,0.57262,59.373,-79.808,-5.2026,13.95
0.75677,0.15462,0.27491,0.57255,59.821,-79.675,-5.1846,14
0.75716,0.15397,0.2746,0.57235,60.269,-79.541,-5.1651,14.05
0.75765,0.15288,0.2742,0.5722,60.716,-79.406,-5.1441,14.1
0.75818,0.15199,0.27396,0.57185,61.163,-79.27,-5.1216,14.15
0.75868,0.15132,0.27361,0.57152,61.608,-79.132,-5.0976,14.2
0.75913,0.15059,0.27319,0.57132,62.053,-78.994,-5.0722,14.25
0.75952,0.15001,0.27285,0.57112,62.496,-78.854,-5.0452,14.3
0.75994,0.14915,0.27267,0.57086,62.938,-78.714,-5.0168,14.35
0.76023,0.14837,0.27236,0.57084,63.378,-78.573,-4.987,14.4
0.76066,0.14774,0.27197,0.57062,63.815,-78.431,-4.9557,14.45
0.76103,0.14683,0.27168,0.57049,64.251,-78.288,-4.923,14.5
0.76148,0.14613,0.2714,0.57021,64.684,-78.144,-4.8888,14.55
0.76197,0.14543,0.27107,0.56989,65.114,-77.999,-4.8532,14.6
0.76241,0.14458,0.27075,0.56967,65.542,-77.854,-4.8162,14.65
0.76283,0.14382,0.27034,0.5695,65.966,-77.708,-4.7778,14.7
0.76327,0.14293,0.27004,0.56926,66.387,-77.561,-4.738,14.75
0.76376,0.14219,0.26972,0.56895,66.804,-77.413,-4.6968,14.8
0.76422,0.1414,0.26944,0.56866,67.218,-77.265,-4.6543,14.85
0.76473,0.14051,0.26908,0.56836,67.628,-77.116,-4.6104,14.9
0.76508,0.13992,0.26862,0.56826,68.033,-76.967,-4.5652,14.95
0.76546,0.13922,0.26846,0.568,68.434,-76.817,-4.5187,15
0.76586,0.13846,0.2681,0.56781,68.831,-76.667,-4.4708,15.05
0.76619,0.13759,0.26779,0.56772,69.223,-76.516,-4.4216,15.1
0.76652,0.13687,0.26746,0.56761,69.609,-76.365,-4.3712,15.15
0.76688,0.13623,0.26702,0.56748,69.991,-76.214,-4.3195,15.2
0.76729,0.13532,0.2666,0.56734,70.367,-76.062,-4.2666,15.25
0.76768,0.13457,0.26632,0.56712,70.737,-75.91,-4.2124,15.3
0.768,0.13385,0.26608,0.56698,71.102,-75.758,-4.157,15.35
0.7685,0.133,0.26574,0.56665,71.461,-75.605,-4.1003,15.4
0.76889,0.1323,0.2656,0.56636,71.814,-75.453,-4.0425,15.45
0.76936,0.13161,0.26523,0.56605,72.16,-75.3,-3.9834,15.5
0.76982,0.1308,0.26483,0.5658,72.5,-75.147,-3.9233,15.55
0.77019,0.13019,0.26462,0.56553,72.834,-74.994,-3.862,15.6
0.77062,0.12947,0.26434,0.56524,73.16,-74.841,-3.7995,15.65
0.77109,0.12863,0.26377,0.56507,73.479,-74.687,-3.736,15.7
0.77152,0.12785,0.26347,0.5648,73.792,-74.534,-3.6714,15.75
0.77199,0.12696,0.26312,0.56452,74.097,-74.381,-3.6057,15.8
0.77244,0.1261,0.26298,0.56417,74.394,-74.228,-3.5389,15.85
0.77274,0.12529,0.26275,0.56404,74.684,-74.076,-3.4712,15.9
0.77315,0.1245,0.26261,0.56371,74.966,-73.923,-3.4024,15.95
0.77357,0.12366,0.26235,0.56345,75.24,-73.771,-3.3326,16
0.77398,0.12285,0.262,0.56322,75.507,-73.618,-3.2619,16.05
0.77433,0.12239,0.26154,0.56305,75.764,-73.467,-3.1902,16.1
0.77483,0.12168,0.26131,0.56263,76.014,-73.315,-3.1175,16.15
0.77537,0.12106,0.26093,0.5622,76.255,-73.164,-3.044,16.2
0.77573,0.12019,0.26079,0.56195,76.488,-73.013,-2.9695,16.25
0.77622,0.1194,0.26034,0.56165,76.712,-72.863,-2.8942,16.3
0.77656,0.11864,0.26018,0.56141,76.927,-72.713,-2.8181,16.35
0.77694,0.11783,0.25977,0.56125,77.133,-72.563,-2.7411,16.4
0.77748,0.11727,0.25924,0.56086,77.331,-72.414,-2.6634,16.45
0.77795,0.11625,0.25889,0.56059,77.519,-72.266,-2.5849,16.5
0.77841,0.11549,0.25849,0.56029,77.698,-72.118,-2.5057,16.55
0.77879,0.11475,0.25813,0.56008,77.867,-71.971,-2.4258,16.6
0.77916,0.11403,0.25776,0.55988,78.028,-71.825,-2.3452,16.65
0.77954,0.11344,0.25749,0.55959,78.179,-71.679,-2.2639,16.7
0.77999,0.11258,0.25719,0.55928,78.32,-71.534,-2.1819,16.75
0.78031,0.11176,0.25663,0.55925,78.452,-71.39,-2.0993,16.8
0.78078,0.11117,0.25626,0.55889,78.574,-71.246,-2.0162,16.85
0.78107,0.11032,0.25612,0.55871,78.686,-71.104,-1.9324,16.9
0.7815,0.10958,0.25567,0.55846,78.789,-70.962,-1.8481,16.95
0.7819,0.10886,0.25516,0.55827,78.881,-70.822,-1.7633,17
0.7824,0.10815,0.25485,0.55786,78.964,-70.682,-1.6779,17.05
0.7829,0.10738,0.25442,0.5575,79.037,-70.543,-1.592,17.1
0.7833,0.10676,0.25406,0.55723,79.1,-70.405,-1.5057,17.15
0.78356,0.10594,0.25368,0.55718,79.154,-70.269,-1.4189,17.2
0.78397,0.10519,0.25325,0.55695,79.197,-70.133,-1.3318,17.25
0.7844,0.10446,0.25284,0.55667,79.23,-69.998,-1.2442,17.3
0.78472,0.10372,0.2526,0.55647,79.253,-69.865,-1.1563,17.35
0.78512,0.10317,0.25225,0.55617,79.266,-69.733,-1.0681,17.4
0.7856,0.10245,0.2517,0.55586,79.269,-69.602,-0.97952,17.45
0.78601,0.10156,0.25118,0.55569,79.262,-69.472,-0.8907,17.5
0.78631,0.10087,0.25092,0.5555,79.245,-69.343,-0.80162,17.55
0.78677,0.099924,0.25074,0.55511,79.217,-69.216,-0.71229,17.6
0.78714,0.099126,0.25034,0.5549,79.18,-69.09,-0.62277,17.65
0.7875,0.098348,0.25005,0.55466,79.133,-68.966,-0.53306,17.7
0.78784,0.097533,0.24984,0.55441,79.076,-68.843,-0.44317,17.75
0.78824,0.09677,0.24946,0.55415,79.009,-68.721,-0.35316,17.8
0.78861,0.096015,0.24906,0.55394,78.932,-68.6,-0.26306,17.85
0.78911,0.095299,0.2487,0.55351,78.846,-68.482,-0.17287,17.9
0.78949,0.094326,0.24826,0.55333,78.749,-68.364,-0.082643,17.95
0.78984,0.093388,0.24805,0.55309,78.643,-68.248,0.0076126,18
0.79016,0.092649,0.24774,0.55289,78.527,-68.134,0.097856,18.05
0.79056,0.092007,0.24724,0.55265,78.401,-68.021,0.18804,18.1
0.79095,0.091182,0.24676,0.55245,78.266,-67.91,0.27815,18.15
0.79126,0.090325,0.24644,0.55228,78.121,-67.801,0.36818,18.2
0.79153,0.089553,0.24612,0.55217,77.966,-67.693,0.45809,18.25
0.79184,0.088733,0.24582,0.55199,77.803,-67.587,0.54788,18.3
0.79227,0.088078,0.24547,0.55163,77.629,-67.483,0.63748,18.35
0.79253,0.087178,0.24512,0.55155,77.447,-67.38,0.72689,18.4
0.79294,0.086301,0.24457,0.55135,77.256,-67.28,0.81604,18.45
0.79323,0.085362,0.24424,0.55122,77.055,-67.18,0.90493,18.5
0.79355,0.084786,0.2439,0.551,76.846,-67.083,0.99353,18.55
0.79392,0.083976,0.24357,0.55074,76.627,-66.988,1.0818,18.6
0.79429,0.083027,0.24321,0.5505,76.4,-66.895,1.1698,18.65
0.79474,0.082311,0.24273,0.55018,76.164,-66.803,1.2573,18.7
0.79512,0.081687,0.2422,0.54996,75.92,-66.713,1.3445,18.75
0.79544,0.08093,0.24196,0.54972,75.668,-66.625,1.4313,18.8
0.79592,0.080122,0.24164,0.54928,75.407,-66.539,1.5176,18.85
0.79636,0.079386,0.2412,0.54893,75.138,-66.455,1.6034,18.9
0.79677,0.078768,0.24085,0.54858,74.861,-66.373,1.6887,18.95
0.79723,0.077993,0.24057,0.54816,74.576,-66.293,1.7735,19
0.7976,0.077415,0.24029,0.54782,74.284,-66.215,1.8578,19.05
0.79792,0.076729,0.23997,0.54759,73.984,-66.139,1.9415,19.1
0.79806,0.075884,0.23985,0.54755,73.677,-66.065,2.0246,19.15
0.79836,0.074921,0.23962,0.54734,73.362,-65.993,2.1071,19.2
0.79867,0.074036,0.23939,0.54711,73.041,-65.924,2.189,19.25
0.79912,0.073156,0.23898,0.54676,72.712,-65.856,2.2701,19.3
0.7995,0.072584,0.23845,0.54651,72.377,-65.79,2.3506,19.35
0.79984,0.071989,0.23794,0.54632,72.035,-65.727,2.4303,19.4
0.80024,0.071164,0.23748,0.54603,71.686,-65.665,2.5092,19.45
0.8007,0.070259,0.23724,0.54559,71.332,-65.606,2.5874,19.5
0.80106,0.069416,0.23696,0.54528,70.971,-65.549,2.6648,19.55
0.80147,0.068816,0.23649,0.54495,70.604,-65.494,2.7414,19.6
0.80183,0.067922,0.23628,0.54463,70.232,-65.44,2.8171,19.65
0.80209,0.067078,0.23603,0.54447,69.854,-65.389,2.8921,19.7
0.80239,0.066438,0.23576,0.54422,69.471,-65.34,2.9661,19.75
0.80267,0.065813,0.23544,0.54402,69.083,-65.294,3.0391,19.8
0.80294,0.064945,0.23496,0.54393,68.689,-65.25,3.1111,19.85
0.80331,0.064222,0.23454,0.54365,68.291,-65.208,3.1822,19.9
0.80366,0.063557,0.23391,0.54349,67.888,-65.168,3.2522,19.95
0.804,0.063002,0.23358,0.54319,67.48,-65.13,3.3212,20
0.80445,0.062304,0.23314,0.54279,67.069,-65.095,3.3892,20.05
0.80486,0.061591,0.23269,0.54245,66.653,-65.061,3.4563,20.1
0.80528,0.060804,0.23198,0.54222,66.234,-65.031,3.5221,20.15
0.80554,0.060162,0.23175,0.54202,65.811,-65.002,3.5868,20.2
0.80588,0.059713,0.23153,0.54165,65.384,-64.976,3.6504,20.25
0.80627,0.058919,0.23111,0.54134,64.955,-64.951,3.713,20.3
0.80652,0.057986,0.2308,0.5412,64.523,-64.93,3.7743,20.35
0.80684,0.057208,0.2305,0.54093,64.088,-64.91,3.8345,20.4
0.80718,0.056753,0.23023,0.54058,63.65,-64.893,3.8935,20.45
0.80763,0.055924,0.22972,0.54022,63.21,-64.878,3.9513,20.5
0.80791,0.055119,0.22936,0.54004,62.769,-64.865,4.0077,20.55
0.80815,0.054762,0.22897,0.53987,62.325,-64.854,4.0629,20.6
0.80853,0.053922,0.22862,0.53954,61.879,-64.846,4.1168,20.65
0.80884,0.053025,0.22838,0.53927,61.432,-64.839,4.1695,20.7
0.80925,0.052255,0.22824,0.53879,60.985,-64.835,4.2209,20.75
0.80953,0.051482,0.22783,0.53861,60.536,-64.834,4.2711,20.8
0.80989,0.050715,0.22752,0.53828,60.087,-64.834,4.3199,20.85
0.81009,0.050064,0.22726,0.53815,59.637,-64.836,4.3674,20.9
0.81055,0.049251,0.22694,0.53767,59.187,-64.841,4.4135,20.95
0.81084,0.048401,0.2268,0.53736,58.737,-64.848,4.4584,21
0.81114,0.04769,0.22654,0.53709,58.287,-64.857,4.5018,21.05
0.81146,0.046962,0.2262,0.5368,57.838,-64.868,4.5437,21.1
0.81178,0.046226,0.22579,0.53655,57.389,-64.882,4.5842,21.15
0.81149,0.045841,0.22798,0.5361,57.047,-64.716,4.5682,21.2
0.8123,0.045086,0.22698,0.53536,56.603,-64.735,4.606,21.25
0.81264,0.044659,0.22585,0.53537,56.155,-64.748,4.6451,21.3
0.81283,0.043769,0.22558,0.53527,55.71,-64.767,4.6813,21.35
0.81322,0.04297,0.22567,0.5347,55.268,-64.787,4.7147,21.4
0.81378,0.042639,0.22417,0.53449,54.824,-64.81,4.7557,21.45
0.81417,0.041231,0.22427,0.53397,54.384,-64.836,4.787,21.5
0.8145,0.040292,0.22397,0.53367,53.948,-64.863,4.8176,21.55
0.81486,0.039681,0.22369,0.53328,53.516,-64.893,4.8463,21.6
0.81506,0.038694,0.22308,0.5333,53.087,-64.926,4.8734,21.65
0.81548,0.037901,0.2223,0.53305,52.66,-64.961,4.8992,21.7
0.81573,0.037533,0.22172,0.53293,52.237,-64.997,4.923,21.75
0.8158,0.036526,0.22178,0.53286,51.818,-65.036,4.9448,21.8
0.81627,0.035739,0.2218,0.53219,51.402,-65.077,4.9656,21.85
0.81685,0.035297,0.22132,0.53153,50.992,-65.118,4.9849,21.9
0.81723,0.034095,0.22088,0.53121,50.584,-65.164,5.0027,21.95
0.81746,0.033721,0.22076,0.53092,50.182,-65.211,5.0189,22
0.81746,0.033304,0.2204,0.53111,49.784,-65.26,5.0332,22.05
0.8178,0.032075,0.2199,0.53087,49.392,-65.308,5.045,22.1
0.81786,0.031244,0.21955,0.53097,49.003,-65.364,5.057,22.15
0.81868,0.03038,0.21916,0.52992,48.622,-65.417,5.0669,22.2
0.81904,0.030163,0.21862,0.52959,48.246,-65.472,5.0745,22.25
0.81939,0.028913,0.21855,0.52915,47.874,-65.534,5.0825,22.3
0.81964,0.028651,0.21819,0.52892,47.511,-65.591,5.0852,22.35
0.81972,0.027414,0.21741,0.52918,47.15,-65.656,5.0893,22.4
0.82019,0.026564,0.21691,0.52871,46.799,-65.719,5.0905,22.45
0.82055,0.025963,0.21714,0.52809,46.453,-65.785,5.091,22.5
0.8209,0.025267,0.21689,0.52767,46.112,-65.855,5.0897,22.55
0.82107,0.024436,0.21629,0.5277,45.78,-65.924,5.0853,22.6
0.82122,0.023999,0.21618,0.52754,45.453,-65.997,5.0813,22.65
0.8218,0.023099,0.2156,0.52691,45.134,-66.072,5.0754,22.7
0.82196,0.022244,0.21542,0.52677,44.821,-66.15,5.0676,22.75
0.8221,0.021659,0.21514,0.52668,44.518,-66.228,5.0581,22.8
0.82254,0.020737,0.21442,0.52633,44.22,-66.309,5.049,22.85
0.82314,0.019919,0.21428,0.52548,43.93,-66.392,5.0363,22.9
0.82311,0.019017,0.21343,0.52591,43.65,-66.475,5.0208,22.95
0.82361,0.019002,0.21349,0.5251,43.376,-66.561,5.004,23
0.82393,0.017912,0.21332,0.52471,43.112,-66.649,4.9885,23.05
0.8243,0.016858,0.21273,0.5244,42.856,-66.738,4.9675,23.1
0.82425,0.015895,0.21327,0.52429,42.604,-66.831,4.9501,23.15
0.82478,0.015049,0.21239,0.52383,42.367,-66.922,4.9248,23.2
0.82526,0.014406,0.21157,0.52343,42.132,-67.019,4.9061,23.25
0.82559,0.01397,0.2115,0.52294,41.91,-67.116,4.8825,23.3
0.82567,0.01233,0.211,0.52306,41.698,-67.214,4.8527,23.35
0.82585,0.012068,0.21062,0.52295,41.492,-67.314,4.8268,23.4
0.82603,0.011728,0.21061,0.52267,41.295,-67.417,4.7992,23.45
0.82651,0.010211,0.21011,0.52214,41.112,-67.519,4.7644,23.5
0.82661,0.010753,0.2095,0.52222,40.934,-67.624,4.7313,23.55
0.82716,0.0089751,0.20946,0.5214,40.765,-67.732,4.7002,23.6
0.82748,0.0090943,0.20901,0.52106,40.605,-67.84,4.6666,23.65
0.82785,0.0073994,0.20846,0.52073,40.456,-67.95,4.6293,23.7
0.82798,0.0072364,0.20825,0.5206,40.318,-68.061,4.5894,23.75
0.82826,0.0063007,0.20799,0.52028,40.183,-68.175,4.5566,23.8
0.82839,0.0061264,0.20736,0.52032,40.062,-68.289,4.5161,23.85
0.82891,0.0052445,0.20713,0.5196,39.952,-68.405,4.4742,23.9
0.82939,0.0041266,0.20657,0.51907,39.851,-68.522,4.4314,23.95
0.8295,0.0035335,0.20644,0.51893,39.762,-68.64,4.3851,24
0.82993,0.0026625,0.20576,0.51853,39.68,-68.76,4.3396,24.05
0.82994,0.0011761,0.20563,0.51857,39.609,-68.881,4.2941,24.1
0.83026,0.00067695,0.20554,0.5181,39.546,-69.003,4.2485,24.15
0.83066,0.00048825,0.20521,0.51759,39.497,-69.127,4.197,24.2
0.83111,-0.00049402,0.20487,0.51699,39.456,-69.251,4.1464,24.25
0.83102,-0.00099851,0.20414,0.51744,39.423,-69.377,4.0978,24.3
0.83134,-0.0022698,0.20378,0.51704,39.404,-69.504,4.0435,24.35
0.8315,-0.002911,0.20338,0.51695,39.391,-69.633,3.991,24.4
0.83243,-0.0034416,0.20241,0.51583,39.39,-69.762,3.9361,24.45
0.83229,-0.0044455,0.20336,0.51566,39.403,-69.892,3.8756,24.5
0.83266,-0.005012,0.20256,0.51539,39.419,-70.023,3.8213,24.55
0.83289,-0.0055311,0.20245,0.51504,39.447,-70.155,3.7658,24.6
0.83299,-0.0066609,0.20149,0.51526,39.489,-70.288,3.7044,24.65
0.83341,-0.0069923,0.20143,0.5146,39.538,-70.423,3.6444,24.7
0.83391,-0.0080396,0.20105,0.51391,39.597,-70.558,3.5828,24.75
0.83398,-0.0083542,0.20062,0.51396,39.665,-70.694,3.5208,24.8
0.83431,-0.0090631,0.2001,0.51361,39.745,-70.831,3.456,24.85
0.83456,-0.01031,0.20016,0.51317,39.831,-70.968,3.3958,24.9
0.83462,-0.010708,0.19905,0.51349,39.932,-71.107,3.3298,24.95
0.83499,-0.011686,0.19932,0.51276,40.04,-71.245,3.2633,25
0.83542,-0.012509,0.1986,0.51233,40.159,-71.385,3.1963,25.05
0.83547,-0.013083,0.19849,0.51226,40.288,-71.526,3.1262,25.1
0.83617,-0.014002,0.19797,0.5113,40.423,-71.666,3.0635,25.15
0.83613,-0.01476,0.19741,0.51156,40.573,-71.809,2.9885,25.2
0.83629,-0.015484,0.19702,0.51144,40.726,-71.951,2.9232,25.25
0.83674,-0.016307,0.19695,0.5107,40.892,-72.093,2.8531,25.3
0.83709,-0.016908,0.19633,0.51034,41.066,-72.237,2.7837,25.35
0.83728,-0.017879,0.19603,0.51012,41.252,-72.381,2.7086,25.4
0.8376,-0.018929,0.1954,0.5098,41.45,-72.524,2.6303,25.45
0.8379,-0.018984,0.19523,0.50935,41.653,-72.669,2.5567,25.5
0.83815,-0.019702,0.19489,0.50906,41.862,-72.815,2.4828,25.55
0.8386,-0.020964,0.19476,0.50831,42.086,-72.96,2.4059,25.6
0.83856,-0.02164,0.19417,0.50857,42.316,-73.107,2.3266,25.65
0.83902,-0.022617,0.19375,0.50793,42.554,-73.252,2.2505,25.7
0.83927,-0.023016,0.19313,0.50775,42.801,-73.398,2.1718,25.75
0.83947,-0.023597,0.193,0.50743,43.056,-73.545,2.0937,25.8
0.83969,-0.024679,0.19247,0.50721,43.32,-73.692,2.0145,25.85
0.83987,-0.025333,0.19217,0.507,43.589,-73.84,1.9361,25.9
0.84026,-0.026198,0.1919,0.5064,43.867,-73.988,1.8589,25.95
0.84051,-0.027201,0.1917,0.50602,44.154,-74.136,1.7784,26
0.84041,-0.027663,0.19141,0.50628,44.448,-74.283,1.6983,26.05
0.8411,-0.028586,0.19061,0.50537,44.75,-74.431,1.6168,26.1
0.84129,-0.028948,0.19018,0.5052,45.059,-74.578,1.5349,26.15
0.84148,-0.029754,0.18976,0.50499,45.378,-74.725,1.4523,26.2
0.8416,-0.030397,0.1891,0.50499,45.701,-74.873,1.3714,26.25
0.84184,-0.031761,0.18912,0.50451,46.033,-75.02,1.2869,26.3
0.84209,-0.032913,0.18937,0.50393,46.37,-75.168,1.2054,26.35
0.8424,-0.032826,0.18858,0.5037,46.715,-75.315,1.1205,26.4
0.84264,-0.033814,0.18814,0.5034,47.065,-75.462,1.0392,26.45
0.84275,-0.033928,0.18778,0.50335,47.422,-75.608,0.95326,26.5
0.84306,-0.035117,0.18717,0.50297,47.784,-75.755,0.87013,26.55
0.84338,-0.036067,0.18713,0.50238,48.153,-75.902,0.78594,26.6
0.84377,-0.036475,0.18667,0.50187,48.529,-76.046,0.70056,26.65
0.84414,-0.036866,0.18622,0.50138,48.907,-76.194,0.6179,26.7
0.84426,-0.038022,0.1863,0.50107,49.292,-76.34,0.53351,26.75
0.84442,-0.038738,0.18584,0.50092,49.682,-76.485,0.44753,26.8
0.8446,-0.039111,0.18529,0.5008,50.076,-76.631,0.36426,26.85
0.84494,-0.039893,0.18503,0.50024,50.478,-76.773,0.27794,26.9
0.84492,-0.041057,0.18415,0.50051,50.881,-76.918,0.19445,26.95
0.84538,-0.041856,0.18383,0.49978,51.291,-77.06,0.10856,27
0.84568,-0.042421,0.18344,0.49938,51.704,-77.201,0.023041,27.05
0.84608,-0.043259,0.18302,0.49877,52.12,-77.344,-0.059301,27.1
0.84614,-0.044215,0.18343,0.49844,52.541,-77.485,-0.14527,27.15
0.84675,-0.044964,0.18221,0.49778,52.965,-77.625,-0.23038,27.2
0.84653,-0.045298,0.1822,0.49813,53.392,-77.765,-0.31695,27.25
0.84716,-0.046346,0.18215,0.49698,53.822,-77.905,-0.39937,27.3
0.84709,-0.046721,0.18184,0.49718,54.254,-78.045,-0.48451,27.35
0.84727,-0.047983,0.18107,0.49704,54.69,-78.181,-0.56927,27.4
0.84727,-0.048692,0.1811,0.49695,55.127,-78.32,-0.65299,27.45
0.84787,-0.049242,0.18019,0.49621,55.566,-78.459,-0.73495,27.5
0.84814,-0.04967,0.18014,0.49573,56.009,-78.593,-0.81719,27.55
0.84808,-0.050593,0.18016,0.49573,56.454,-78.721,-0.89417,27.6
0.84821,-0.051705,0.17941,0.49567,56.899,-78.852,-0.97824,27.65
0.84847,-0.052272,0.17899,0.4953,57.346,-78.983,-1.061,27.7
0.84879,-0.052942,0.1784,0.4949,57.793,-79.113,-1.1434,27.75
0.84895,-0.05349,0.17793,0.49474,58.241,-79.242,-1.2253,27.8
0.8491,-0.054122,0.17749,0.49457,58.69,-79.37,-1.3067,27.85
0.8493,-0.054843,0.17711,0.49428,59.139,-79.497,-1.3877,27.9
0.84961,-0.055454,0.17656,0.49387,59.587,-79.623,-1.4682,27.95
0.84982,-0.056165,0.17616,0.49358,60.036,-79.748,-1.5482,28
0.85,-0.057078,0.17588,0.49326,60.485,-79.872,-1.6276,28.05
0.85019,-0.057697,0.17541,0.49303,60.933,-79.994,-1.7065,28.1
0.85037,-0.058484,0.17525,0.49268,61.38,-80.115,-1.7847,28.15
0.85049,-0.059371,0.17477,0.49255,61.826,-80.235,-1.8622,28.2
0.85073,-0.060269,0.17447,0.49213,62.27,-80.353,-1.9392,28.25
0.85096,-0.060954,0.1742,0.49174,62.713,-80.471,-2.0154,28.3
0.85116,-0.061866,0.17374,0.49144,63.155,-80.587,-2.0909,28.35
0.85139,-0.062428,0.17334,0.49111,63.594,-80.701,-2.1657,28.4
0.85173,-0.0631,0.17278,0.49064,64.031,-80.814,-2.2397,28.45
0.85195,-0.063801,0.17227,0.49034,64.466,-80.926,-2.3129,28.5
0.85217,-0.064498,0.17193,0.48998,64.898,-81.036,-2.3853,28.55
0.85249,-0.065399,0.17118,0.48957,65.328,-81.145,-2.457,28.6
0.85267,-0.0661,0.1707,0.48932,65.754,-81.253,-2.5277,28.65
0.85273,-0.066928,0.17041,0.48921,66.177,-81.359,-2.5976,28.7
0.85297,-0.067716,0.17012,0.48879,66.597,-81.463,-2.6666,28.75
0.85316,-0.068582,0.16981,0.48845,67.013,-81.566,-2.7347,28.8
0.85342,-0.069129,0.16947,0.48803,67.425,-81.668,-2.8018,28.85
0.85358,-0.069772,0.1692,0.48775,67.833,-81.768,-2.8679,28.9
0.85388,-0.070617,0.16879,0.48725,68.236,-81.866,-2.933,28.95
0.85413,-0.071581,0.1682,0.48687,68.635,-81.962,-2.9971,29
0.85431,-0.072414,0.16786,0.48656,69.03,-82.057,-3.0602,29.05
0.85447,-0.073149,0.16762,0.48625,69.419,-82.151,-3.1222,29.1
0.85469,-0.073897,0.16724,0.48588,69.804,-82.242,-3.1831,29.15
0.85489,-0.074563,0.16678,0.48558,70.183,-82.332,-3.243,29.2
0.85508,-0.075316,0.1666,0.4852,70.556,-82.42,-3.3017,29.25
0.85525,-0.076134,0.1663,0.48487,70.924,-82.507,-3.3593,29.3
0.85551,-0.076886,0.16607,0.48437,71.286,-82.591,-3.4157,29.35
0.85579,-0.077693,0.16548,0.48394,71.642,-82.674,-3.471,29.4
0.85609,-0.078584,0.16512,0.48339,71.992,-82.755,-3.5251,29.45
0.85628,-0.079447,0.16453,0.48311,72.335,-82.835,-3.578,29.5
0.85653,-0.080243,0.16399,0.48273,72.672,-82.912,-3.6297,29.55
0.85661,-0.080888,0.16362,0.4826,73.001,-82.988,-3.6802,29.6
0.85682,-0.081816,0.16326,0.4822,73.324,-83.062,-3.7295,29.65
0.85708,-0.082711,0.16282,0.48173,73.64,-83.134,-3.7774,29.7
0.85718,-0.083576,0.16262,0.48147,73.949,-83.204,-3.8241,29.75
0.85749,-0.084347,0.16235,0.48086,74.25,-83.272,-3.8695,29.8
0.85772,-0.08504,0.1618,0.48052,74.543,-83.339,-3.9136,29.85
0.85806,-0.085657,0.16123,0.48,74.829,-83.403,-3.9564,29.9
0.85824,-0.086389,0.1609,0.47966,75.107,-83.466,-3.9979,29.95
0.85843,-0.08716,0.16051,0.47931,75.377,-83.527,-4.038,30
0.85855,-0.087875,0.16016,0.47907,75.639,-83.586,-4.0767,30.05
0.85874,-0.088993,0.15988,0.47862,75.893,-83.642,-4.1141,30.1
0.85896,-0.089774,0.15929,0.47829,76.138,-83.697,-4.15,30.15
0.85912,-0.090528,0.15896,0.47796,76.375,-83.75,-4.1846,30.2
0.85937,-0.091474,0.15842,0.47751,76.603,-83.801,-4.2177,30.25
0.85961,-0.092466,0.15782,0.47708,76.822,-83.85,-4.2495,30.3
0.85986,-0.093273,0.15732,0.47664,77.032,-83.897,-4.2798,30.35
0.86014,-0.094064,0.15682,0.47615,77.234,-83.942,-4.3086,30.4
0.8604,-0.094917,0.15657,0.47559,77.426,-83.985,-4.3359,30.45
0.86057,-0.095776,0.15616,0.47525,77.61,-84.027,-4.3618,30.5
0.86084,-0.096436,0.1559,0.47472,77.784,-84.066,-4.3861,30.55
0.86109,-0.097096,0.15532,0.47431,77.948,-84.103,-4.409,30.6
0.86124,-0.097868,0.15508,0.47395,78.104,-84.138,-4.4304,30.65
0.86154,-0.098651,0.15453,0.47343,78.249,-84.171,-4.4502,30.7
0.86174,-0.099286,0.15425,0.47303,78.386,-84.203,-4.4686,30.75
0.86197,-0.10009,0.15389,0.47255,78.512,-84.232,-4.4854,30.8
0.86219,-0.10084,0.15349,0.47211,78.629,-84.259,-4.5006,30.85
0.86239,-0.1014,0.15298,0.4718,78.736,-84.284,-4.5144,30.9
0.86256,-0.10203,0.15256,0.47149,78.834,-84.308,-4.5266,30.95
0.86276,-0.10277,0.1522,0.47109,78.921,-84.329,-4.5372,31
0.86298,-0.10364,0.15166,0.47067,78.999,-84.348,-4.5463,31.05
0.86313,-0.10434,0.15146,0.47029,79.066,-84.365,-4.5539,31.1
0.86332,-0.10508,0.1509,0.46997,79.124,-84.38,-4.5598,31.15
0.86352,-0.10578,0.15052,0.46956,79.172,-84.393,-4.5642,31.2
0.86372,-0.10657,0.15005,0.46917,79.21,-84.404,-4.5671,31.25
0.86388,-0.10747,0.14973,0.46877,79.238,-84.414,-4.5683,31.3
0.86408,-0.10812,0.14921,0.46842,79.255,-84.421,-4.568,31.35
0.86424,-0.10885,0.14899,0.46803,79.263,-84.426,-4.5661,31.4
0.86449,-0.10958,0.14859,0.46752,79.261,-84.429,-4.5626,31.45
0.86463,-0.11032,0.14813,0.46724,79.249,-84.43,-4.5575,31.5
0.8648,-0.11096,0.14778,0.46686,79.226,-84.429,-4.5509,31.55
0.86502,-0.11176,0.14728,0.46643,79.194,-84.426,-4.5426,31.6
0.86527,-0.11248,0.14683,0.46594,79.152,-84.42,-4.5328,31.65
0.86537,-0.11322,0.14657,0.46566,79.099,-84.413,-4.5214,31.7
0.86561,-0.11388,0.14605,0.46521,79.037,-84.404,-4.5084,31.75
0.86578,-0.11453,0.14561,0.46487,78.965,-84.393,-4.4939,31.8
0.86585,-0.11541,0.1454,0.46459,78.883,-84.38,-4.4777,31.85
0.86614,-0.11607,0.14497,0.46403,78.791,-84.365,-4.46,31.9
0.86631,-0.11697,0.14455,0.4636,78.689,-84.348,-4.4407,31.95
0.86644,-0.11772,0.14418,0.46329,78.578,-84.329,-4.4199,32
0.86657,-0.11858,0.14389,0.46292,78.457,-84.308,-4.3974,32.05
0.86668,-0.11934,0.14353,0.46262,78.327,-84.285,-4.3734,32.1
0.86688,-0.12011,0.14336,0.4621,78.187,-84.26,-4.3479,32.15
0.86714,-0.12075,0.14292,0.46158,78.037,-84.233,-4.3208,32.2
0.8673,-0.12151,0.14234,0.46126,77.878,-84.204,-4.2922,32.25
0.86748,-0.12222,0.14194,0.46087,77.71,-84.173,-4.2622,32.3
0.86771,-0.12304,0.14141,0.46038,77.533,-84.14,-4.2306,32.35
0.86783,-0.12376,0.14108,0.46005,77.346,-84.105,-4.1975,32.4
0.868,-0.12462,0.14059,0.45966,77.15,-84.068,-4.163,32.45
0.86811,-0.12542,0.14015,0.45936,76.946,-84.03,-4.1269,32.5
0.86829,-0.12614,0.13966,0.45897,76.733,-83.989,-4.0894,32.55
0.86842,-0.12679,0.13922,0.45869,76.51,-83.946,-4.0505,32.6
0.86867,-0.12744,0.13878,0.45816,76.28,-83.902,-4.0101,32.65
0.86893,-0.12821,0.13824,0.45761,76.041,-83.856,-3.9683,32.7
0.86912,-0.12892,0.13749,0.45728,75.793,-83.807,-3.9251,32.75
0.86921,-0.12964,0.1368,0.45712,75.537,-83.757,-3.8805,32.8
0.86937,-0.13024,0.1364,0.45676,75.273,-83.705,-3.8345,32.85
0.8696,-0.13088,0.13588,0.4563,75.001,-83.651,-3.7871,32.9
0.86979,-0.13163,0.13541,0.45585,74.721,-83.596,-3.7384,32.95
0.86986,-0.13242,0.13512,0.45558,74.434,-83.538,-3.6882,33
0.87,-0.1331,0.13477,0.45521,74.139,-83.479,-3.6368,33.05
0.87005,-0.13395,0.13446,0.45497,73.837,-83.418,-3.5839,33.1
0.87014,-0.1348,0.13383,0.45473,73.527,-83.355,-3.5299,33.15
0.87025,-0.13563,0.13338,0.45439,73.211,-83.29,-3.4745,33.2
0.87046,-0.13617,0.13266,0.45404,72.887,-83.224,-3.4179,33.25
0.87068,-0.13703,0.13223,0.45349,72.557,-83.155,-3.3601,33.3
0.87084,-0.13769,0.13175,0.45313,72.22,-83.085,-3.301,33.35
0.871,-0.13857,0.13132,0.45267,71.877,-83.014,-3.2407,33.4
0.87121,-0.13914,0.13103,0.45218,71.528,-82.94,-3.1791,33.45
0.87143,-0.13969,0.13091,0.45162,71.173,-82.865,-3.1163,33.5
0.8715,-0.14031,0.1306,0.45139,70.812,-82.788,-3.0523,33.55
0.8716,-0.14113,0.13019,0.45106,70.445,-82.71,-2.9871,33.6
0.87173,-0.1418,0.12971,0.45072,70.073,-82.63,-2.9209,33.65
0.87185,-0.14273,0.12902,0.45039,69.695,-82.548,-2.8536,33.7
0.87196,-0.14362,0.12864,0.45,69.313,-82.465,-2.7851,33.75
0.87218,-0.14429,0.12827,0.44947,68.925,-82.38,-2.7157,33.8
0.87221,-0.14513,0.12776,0.4493,68.533,-82.293,-2.6452,33.85
0.87229,-0.146,0.12734,0.44898,68.136,-82.205,-2.5737,33.9
0.87241,-0.14696,0.12697,0.44854,67.734,-82.115,-2.5012,33.95
0.87259,-0.14767,0.12679,0.44801,67.329,-82.023,-2.4278,34
0.87275,-0.14839,0.12643,0.44756,66.92,-81.93,-2.3533,34.05
0.87283,-0.14928,0.12607,0.44719,66.507,-81.836,-2.278,34.1
0.87304,-0.15007,0.1257,0.44664,66.091,-81.74,-2.2018,34.15
0.87316,-0.15078,0.12529,0.44627,65.672,-81.642,-2.1247,34.2
0.87326,-0.15154,0.12482,0.44595,65.249,-81.543,-2.0468,34.25
0.87339,-0.15215,0.12429,0.44563,64.823,-81.443,-1.9681,34.3
0.87354,-0.15278,0.12399,0.44521,64.395,-81.341,-1.8886,34.35
0.87362,-0.15353,0.12357,0.44492,63.964,-81.238,-1.8083,34.4
0.87375,-0.15426,0.12297,0.44457,63.531,-81.133,-1.7274,34.45
0.87387,-0.15513,0.12257,0.44414,63.095,-81.027,-1.6457,34.5
0.8739,-0.15601,0.12212,0.44391,62.658,-80.919,-1.5635,34.55
0.87411,-0.15648,0.12161,0.44347,62.219,-80.811,-1.4805,34.6
0.87413,-0.15715,0.12144,0.44323,61.779,-80.701,-1.3969,34.65
0.87431,-0.15792,0.12099,0.44273,61.338,-80.59,-1.3128,34.7
0.8744,-0.15871,0.12066,0.44236,60.895,-80.477,-1.2281,34.75
0.87448,-0.15947,0.12031,0.44202,60.453,-80.364,-1.1427,34.8
0.87463,-0.16012,0.12008,0.44156,60.009,-80.249,-1.0569,34.85
0.87474,-0.16074,0.11992,0.44115,59.566,-80.133,-0.97061,34.9
0.87486,-0.16137,0.11963,0.44075,59.122,-80.016,-0.88383,34.95
0.87498,-0.16228,0.11925,0.44029,58.679,-79.897,-0.79658,35
0.87527,-0.1628,0.11872,0.43966,58.236,-79.778,-0.70889,35.05
0.8754,-0.16359,0.11832,0.43922,57.793,-79.657,-0.62084,35.1
0.87545,-0.16446,0.11795,0.43889,57.352,-79.535,-0.53236,35.15
0.87494,-0.16455,0.12147,0.43892,56.665,-78.75,-0.70061,35.2
0.87542,-0.1651,0.12059,0.438,56.218,-78.616,-0.61169,35.25
0.87561,-0.16551,0.11988,0.43765,55.768,-78.473,-0.5261,35.3
0.87593,-0.16595,0.11928,0.43702,55.326,-78.341,-0.43949,35.35
0.8756,-0.16698,0.11929,0.43727,54.885,-78.204,-0.35273,35.4
0.87571,-0.16762,0.11858,0.43701,54.446,-78.069,-0.26574,35.45
0.87616,-0.16853,0.11854,0.43577,54.01,-77.932,-0.17609,35.5
0.87612,-0.16984,0.11777,0.43555,53.575,-77.793,-0.088988,35.55
0.87614,-0.17022,0.11777,0.43536,53.144,-77.655,-0.0011569,35.6
0.87643,-0.17077,0.11734,0.43467,52.716,-77.516,0.087519,35.65
0.87645,-0.17138,0.11688,0.43451,52.292,-77.377,0.17597,35.7
0.87668,-0.17235,0.11622,0.43384,51.871,-77.236,0.2638,35.75
0.87678,-0.17328,0.11596,0.43335,51.454,-77.095,0.35214,35.8
0.87698,-0.17364,0.11555,0.43289,51.04,-76.952,0.44035,35.85
0.87678,-0.17451,0.1152,0.43304,50.63,-76.809,0.52874,35.9
0.87703,-0.17484,0.115,0.43247,50.225,-76.666,0.6176,35.95
0.87711,-0.17617,0.11431,0.43194,49.826,-76.523,0.70422,36
0.87725,-0.17632,0.11419,0.43163,49.43,-76.379,0.79452,36.05
0.87759,-0.17722,0.11365,0.4307,49.039,-76.234,0.88319,36.1
0.87752,-0.17822,0.11256,0.43072,48.653,-76.089,0.97311,36.15
0.8777,-0.17851,0.11235,0.43029,48.274,-75.944,1.0598,36.2
0.87757,-0.17934,0.11247,0.43018,47.899,-75.797,1.1478,36.25
0.87767,-0.18003,0.11227,0.42974,47.532,-75.653,1.2349,36.3
0.87783,-0.18143,0.11148,0.42903,47.168,-75.506,1.323,36.35
0.87795,-0.18225,0.11111,0.42855,46.812,-75.359,1.4094,36.4
0.87816,-0.18261,0.11079,0.42804,46.461,-75.213,1.4982,36.45
0.87816,-0.18305,0.11084,0.42783,46.119,-75.065,1.585,36.5
0.87812,-0.18386,0.10978,0.42785,45.783,-74.918,1.6685,36.55
0.87815,-0.1849,0.10981,0.42732,45.452,-74.771,1.7561,36.6
0.87839,-0.18586,0.10929,0.42656,45.128,-74.624,1.8421,36.65
0.87859,-0.18626,0.10884,0.42608,44.812,-74.475,1.9264,36.7
0.87867,-0.18716,0.10819,0.42568,44.502,-74.328,2.013,36.75
0.87893,-0.18731,0.10841,0.42502,44.202,-74.182,2.0985,36.8
0.87878,-0.18871,0.10767,0.42491,43.909,-74.033,2.1808,36.85
0.87888,-0.18913,0.10746,0.42456,43.623,-73.886,2.2636,36.9
0.87903,-0.19003,0.10683,0.42401,43.346,-73.739,2.3452,36.95
0.87928,-0.19039,0.10597,0.42354,43.077,-73.592,2.4265,37
0.87926,-0.19123,0.10613,0.42316,42.814,-73.445,2.5096,37.05
0.87907,-0.19222,0.10587,0.42317,42.56,-73.298,2.5919,37.1
0.87951,-0.19277,0.10551,0.42211,42.315,-73.152,2.6728,37.15
0.87943,-0.19371,0.10465,0.42206,42.079,-73.006,2.7524,37.2
0.87958,-0.19428,0.1044,0.42154,41.851,-72.86,2.8306,37.25
0.87945,-0.19529,0.10433,0.42136,41.631,-72.714,2.9108,37.3
0.87982,-0.19537,0.1037,0.42071,41.423,-72.57,2.9868,37.35
0.87989,-0.19641,0.10365,0.42008,41.22,-72.424,3.0639,37.4
0.87994,-0.19748,0.10289,0.41967,41.031,-72.28,3.1389,37.45
0.87983,-0.19806,0.10268,0.41967,40.847,-72.137,3.2167,37.5
0.8798,-0.19855,0.10186,0.41971,40.674,-71.993,3.2896,37.55
0.87992,-0.19984,0.10137,0.41897,40.51,-71.851,3.3636,37.6
0.88036,-0.19991,0.10103,0.41809,40.356,-71.709,3.4359,37.65
0.88016,-0.2008,0.10064,0.41817,40.21,-71.567,3.5079,37.7
0.88028,-0.20139,0.10029,0.41773,40.075,-71.426,3.5788,37.75
0.88054,-0.20239,0.099803,0.41681,39.95,-71.286,3.6478,37.8
0.88064,-0.20315,0.099739,0.41624,39.833,-71.146,3.7191,37.85
0.88073,-0.20391,0.098421,0.416,39.727,-71.008,3.7871,37.9
0.88081,-0.20464,0.098598,0.41542,39.632,-70.87,3.8528,37.95
0.88059,-0.20522,0.098473,0.41563,39.544,-70.732,3.9201,38
0.88091,-0.20562,0.098513,0.41475,39.468,-70.596,3.9866,38.05
0.88102,-0.20655,0.097497,0.41429,39.401,-70.46,4.0508,38.1
0.8809,-0.20754,0.096833,0.41421,39.346,-70.325,4.1124,38.15
0.8808,-0.2084,0.097179,0.41391,39.299,-70.192,4.1756,38.2
0.88128,-0.20893,0.096472,0.41279,39.262,-70.059,4.2381,38.25
0.88108,-0.20973,0.096214,0.41287,39.237,-69.927,4.2954,38.3
0.88113,-0.21029,0.095922,0.41253,39.219,-69.795,4.3566,38.35
0.88109,-0.21105,0.095166,0.4124,39.213,-69.666,4.4151,38.4
0.88146,-0.21135,0.094853,0.41153,39.218,-69.537,4.4712,38.45
0.88139,-0.21255,0.094376,0.41118,39.231,-69.409,4.5269,38.5
0.88119,-0.21334,0.094548,0.41117,39.256,-69.282,4.5804,38.55
0.8816,-0.21364,0.093473,0.41036,39.291,-69.157,4.633,38.6
0.88165,-0.21456,0.093085,0.40986,39.334,-69.032,4.6875,38.65
0.88184,-0.21518,0.092621,0.40925,39.389,-68.909,4.7369,38.7
0.88201,-0.21586,0.09211,0.40862,39.454,-68.787,4.7864,38.75
0.88193,-0.21638,0.091927,0.40856,39.528,-68.667,4.8355,38.8
0.88185,-0.21797,0.09108,0.40809,39.612,-68.547,4.8831,38.85
0.88187,-0.21787,0.091291,0.40804,39.708,-68.429,4.9241,38.9
0.88199,-0.21901,0.090368,0.40739,39.811,-68.311,4.9696,38.95
0.88205,-0.21959,0.090364,0.40694,39.924,-68.196,5.0156,39
0.88236,-0.22076,0.089736,0.40578,40.049,-68.082,5.0561,39.05
0.8823,-0.22098,0.089665,0.4058,40.182,-67.969,5.096,39.1
0.88248,-0.22204,0.089034,0.40498,40.327,-67.858,5.1335,39.15
0.88207,-0.22254,0.089272,0.40554,40.478,-67.749,5.1721,39.2
0.88233,-0.22358,0.08781,0.40471,40.641,-67.64,5.2063,39.25
0.88242,-0.22422,0.088235,0.40407,40.812,-67.533,5.2437,39.3
0.88227,-0.22525,0.088053,0.40386,40.993,-67.428,5.2765,39.35
0.88268,-0.2251,0.086796,0.40332,41.182,-67.325,5.3086,39.4
0.88279,-0.22616,0.086692,0.40251,41.382,-67.222,5.3381,39.45
0.88268,-0.22712,0.086362,0.40229,41.59,-67.121,5.3658,39.5
0.88284,-0.22747,0.085498,0.40192,41.807,-67.023,5.3929,39.55
0.88264,-0.22801,0.085761,0.402,42.032,-66.927,5.4218,39.6
0.88274,-0.22878,0.085419,0.40141,42.267,-66.831,5.4451,39.65
0.88289,-0.22961,0.085085,0.40067,42.51,-66.737,5.4675,39.7
0.88261,-0.23058,0.084216,0.40093,42.761,-66.645,5.4897,39.75
0.88293,-0.23143,0.08392,0.39979,43.02,-66.555,5.5099,39.8
0.883,-0.23202,0.083815,0.39932,43.288,-66.467,5.5289,39.85
0.88309,-0.23241,0.082773,0.39911,43.564,-66.38,5.5459,39.9
0.88323,-0.23275,0.082652,0.39863,43.847,-66.296,5.5616,39.95
0.88334,-0.23388,0.082256,0.3978,44.139,-66.213,5.5768,40
0.88317,-0.23488,0.081836,0.39768,44.439,-66.13,5.5873,40.05
0.88312,-0.23584,0.081484,0.3973,44.745,-66.051,5.6005,40.1
0.88315,-0.23621,0.08172,0.39697,45.059,-65.974,5.61,40.15
0.88334,-0.23682,0.081174,0.39629,45.38,-65.898,5.6181,40.2
0.88352,-0.23756,0.080585,0.39556,45.708,-65.824,5.6247,40.25
0.88331,-0.23827,0.080009,0.39572,46.043,-65.753,5.6304,40.3
0.88337,-0.23904,0.080013,0.39511,46.385,-65.683,5.6331,40.35
0.88352,-0.23985,0.078787,0.39454,46.733,-65.615,5.635,40.4
0.88353,-0.2408,0.079114,0.39386,47.087,-65.549,5.6369,40.45
0.88356,-0.24125,0.07841,0.39366,47.447,-65.485,5.6342,40.5
0.88335,-0.24225,0.077555,0.3937,47.813,-65.424,5.6324,40.55
0.88367,-0.24258,0.07732,0.39282,48.185,-65.364,5.628,40.6
0.8837,-0.24346,0.077139,0.39224,48.563,-65.306,5.6222,40.65
0.88354,-0.24445,0.077152,0.39198,48.946,-65.251,5.6161,40.7
0.88373,-0.24482,0.076306,0.39148,49.334,-65.198,5.608,40.75
0.88366,-0.24543,0.075908,0.39133,49.727,-65.147,5.5969,40.8
0.8837,-0.24625,0.075856,0.39074,50.125,-65.097,5.5855,40.85
0.88377,-0.2465,0.075193,0.39055,50.528,-65.05,5.572,40.9
0.88388,-0.24787,0.074872,0.3895,50.934,-65.004,5.5575,40.95
0.88381,-0.24812,0.074356,0.3896,51.345,-64.963,5.5414,41
0.88397,-0.24858,0.073889,0.38903,51.76,-64.92,5.5248,41.05
0.88371,-0.24947,0.073389,0.38914,52.178,-64.883,5.5039,41.1
0.88386,-0.25034,0.072992,0.38832,52.601,-64.847,5.4835,41.15
0.88408,-0.25089,0.0724,0.38757,53.026,-64.812,5.4624,41.2
0.88411,-0.25161,0.072618,0.38699,53.455,-64.781,5.4378,41.25
0.88423,-0.2524,0.072174,0.38629,53.886,-64.75,5.4142,41.3
0.88382,-0.25318,0.071448,0.38686,54.32,-64.723,5.3863,41.35
0.88376,-0.25399,0.071333,0.38648,54.757,-64.696,5.3641,41.4
0.88381,-0.25485,0.071003,0.38587,55.195,-64.672,5.3328,41.45
0.88397,-0.25507,0.070401,0.38546,55.636,-64.653,5.3018,41.5
0.88404,-0.25672,0.070366,0.38422,56.079,-64.632,5.2703,41.55
0.88409,-0.25664,0.069452,0.38431,56.523,-64.616,5.2358,41.6
0.88414,-0.2574,0.068986,0.38377,56.967,-64.6,5.2002,41.65
0.8842,-0.25813,0.068731,0.38319,57.413,-64.587,5.1633,41.7
0.88419,-0.25879,0.068365,0.38285,57.859,-64.575,5.1251,41.75
0.8842,-0.25956,0.068075,0.38234,58.306,-64.566,5.0854,41.8
0.88424,-0.26028,0.067791,0.38182,58.754,-64.56,5.0445,41.85
0.88437,-0.26083,0.06723,0.38124,59.201,-64.555,5.0023,41.9
0.88438,-0.26148,0.066843,0.38084,59.649,-64.553,4.9588,41.95
0.88443,-0.26214,0.066293,0.38035,60.096,-64.553,4.9141,42
0.88438,-0.26284,0.065945,0.38004,60.542,-64.555,4.868,42.05
0.88445,-0.26349,0.065418,0.37952,60.988,-64.559,4.8208,42.1
0.88445,-0.26411,0.065044,0.37916,61.433,-64.565,4.772,42.15
0.88446,-0.26479,0.06471,0.37872,61.877,-64.574,4.7219,42.2
0.88455,-0.26559,0.064335,0.37801,62.319,-64.584,4.6706,42.25
0.8845,-0.26639,0.064024,0.37762,62.76,-64.597,4.6181,42.3
0.8844,-0.26716,0.063624,0.37737,63.199,-64.612,4.5643,42.35
0.88444,-0.26778,0.063252,0.37692,63.636,-64.629,4.5094,42.4
0.88439,-0.26864,0.062869,0.37648,64.07,-64.649,4.4534,42.45
0.8844,-0.26951,0.062378,0.37591,64.502,-64.67,4.3962,42.5
0.88441,-0.27019,0.062025,0.37546,64.931,-64.694,4.3378,42.55
0.88441,-0.27089,0.061642,0.37503,65.358,-64.72,4.2784,42.6
0.8844,-0.27164,0.061315,0.37456,65.78,-64.749,4.2178,42.65
0.88437,-0.27228,0.060833,0.37423,66.2,-64.779,4.1562,42.7
0.88427,-0.27316,0.060608,0.37388,66.615,-64.812,4.0935,42.75
0.88419,-0.27407,0.060166,0.37347,67.027,-64.847,4.0298,42.8
0.8842,-0.27482,0.059822,0.37293,67.435,-64.884,3.9651,42.85
0.88416,-0.27561,0.059541,0.3725,67.838,-64.923,3.8994,42.9
0.88413,-0.27636,0.059208,0.37206,68.237,-64.964,3.8327,42.95
0.88418,-0.27696,0.058823,0.37156,68.631,-65.008,3.765,43
0.88415,-0.27771,0.058716,0.37109,69.02,-65.054,3.6965,43.05
0.88416,-0.27844,0.058165,0.3706,69.404,-65.102,3.627,43.1
0.88417,-0.27908,0.057854,0.37014,69.783,-65.152,3.5566,43.15
0.88414,-0.27971,0.057391,0.36983,70.156,-65.204,3.4853,43.2
0.88411,-0.28026,0.057028,0.36952,70.524,-65.258,3.4131,43.25
0.88417,-0.28089,0.05646,0.36899,70.885,-65.314,3.3402,43.3
0.88414,-0.28156,0.056165,0.3686,71.241,-65.373,3.2665,43.35
0.88419,-0.28226,0.055723,0.368,71.59,-65.433,3.192,43.4
0.88422,-0.28303,0.055374,0.36741,71.933,-65.496,3.1167,43.45
0.88415,-0.28387,0.055144,0.36696,72.269,-65.56,3.0407,43.5
0.88414,-0.28456,0.05493,0.36649,72.598,-65.627,2.964,43.55
0.88405,-0.28537,0.054429,0.36615,72.921,-65.696,2.8866,43.6
0.88399,-0.28597,0.054029,0.36586,73.236,-65.766,2.8085,43.65
0.88403,-0.28672,0.053556,0.36527,73.544,-65.839,2.7298,43.7
0.88409,-0.28743,0.053258,0.36461,73.845,-65.913,2.6504,43.75
0.88407,-0.28818,0.052969,0.36408,74.138,-65.99,2.5705,43.8
0.88409,-0.2889,0.052521,0.36354,74.423,-66.068,2.49,43.85
0.88408,-0.28961,0.052174,0.36305,74.701,-66.149,2.4089,43.9
0.88415,-0.29013,0.051721,0.36253,74.97,-66.231,2.3273,43.95
0.88421,-0.29073,0.051298,0.36197,75.231,-66.315,2.2452,44
0.88418,-0.2913,0.051017,0.36162,75.484,-66.401,2.1627,44.05
0.88417,-0.29192,0.050601,0.36119,75.729,-66.489,2.0797,44.1
0.88421,-0.29248,0.050236,0.3607,75.965,-66.578,1.9963,44.15
0.88419,-0.293,0.049853,0.36037,76.192,-66.67,1.9125,44.2
0.88421,-0.29373,0.049404,0.35981,76.411,-66.763,1.8283,44.25
0.88411,-0.29465,0.048968,0.35935,76.62,-66.858,1.7438,44.3
0.8841,-0.29541,0.048458,0.35882,76.821,-66.954,1.659,44.35
0.88412,-0.29608,0.048007,0.35827,77.012,-67.053,1.5738,44.4
0.88398,-0.29696,0.047744,0.35792,77.195,-67.153,1.4884,44.45
0.88405,-0.29765,0.047446,0.35722,77.368,-67.254,1.4028,44.5
0.88396,-0.29839,0.046954,0.35691,77.531,-67.358,1.3169,44.55
0.88394,-0.2991,0.046441,0.35641,77.686,-67.463,1.2308,44.6
0.88399,-0.2996,0.04595,0.35592,77.83,-67.569,1.1446,44.65
0.88385,-0.30052,0.045316,0.3556,77.965,-67.677,1.0582,44.7
0.88394,-0.30102,0.044976,0.35499,78.091,-67.787,0.97173,44.75
0.88384,-0.3018,0.044445,0.35463,78.206,-67.899,0.88518,44.8
0.88378,-0.30237,0.043976,0.35436,78.312,-68.011,0.79857,44.85
0.88375,-0.3031,0.043508,0.35387,78.408,-68.126,0.71196,44.9
0.88374,-0.30382,0.043143,0.35331,78.494,-68.241,0.62538,44.95
0.88367,-0.30441,0.042662,0.35306,78.57,-68.359,0.53883,45
0.88368,-0.30501,0.042311,0.35255,78.637,-68.477,0.45238,45.05
0.88372,-0.30553,0.041922,0.35203,78.693,-68.597,0.36604,45.1
0.88373,-0.30611,0.041494,0.35155,78.739,-68.719,0.27984,45.15
0.88374,-0.30688,0.041162,0.35091,78.775,-68.841,0.19382,45.2
0.8837,-0.30763,0.040594,0.35042,78.801,-68.965,0.10798,45.25
0.88368,-0.30835,0.040123,0.34989,78.817,-69.09,0.02233,45.3
0.88368,-0.30896,0.039747,0.34939,78.824,-69.217,-0.063076,45.35
0.88368,-0.30944,0.039407,0.34901,78.819,-69.345,-0.14821,45.4
0.88355,-0.31023,0.039066,0.34866,78.805,-69.474,-0.23304,45.45
0.8835,-0.31085,0.03874,0.34829,78.781,-69.604,-0.31756,45.5
0.88344,-0.31166,0.038395,0.34775,78.747,-69.735,-0.40172,45.55
0.88334,-0.31245,0.037849,0.34737,78.703,-69.867,-0.48553,45.6
0.88321,-0.31313,0.037548,0.3471,78.648,-70.001,-0.56894,45.65
0.88322,-0.31387,0.037087,0.34646,78.584,-70.135,-0.65191,45.7
0.88325,-0.31445,0.036808,0.34588,78.51,-70.271,-0.73442,45.75
0.8832,-0.31513,0.036405,0.34543,78.426,-70.407,-0.81644,45.8
0.88321,-0.31582,0.036024,0.34482,78.332,-70.544,-0.89794,45.85
0.88305,-0.31671,0.035506,0.34447,78.228,-70.683,-0.97893,45.9
0.88305,-0.3173,0.03515,0.34397,78.114,-70.822,-1.0594,45.95
0.88298,-0.31805,0.03483,0.34349,77.991,-70.962,-1.1392,46
0.88296,-0.31887,0.034265,0.34283,77.858,-71.103,-1.2185,46.05
0.88295,-0.31942,0.034046,0.34237,77.716,-71.244,-1.2971,46.1
0.88281,-0.32022,0.033712,0.342,77.564,-71.387,-1.375,46.15
0.88276,-0.32093,0.0332,0.34153,77.402,-71.53,-1.4523,46.2
0.88272,-0.32161,0.032659,0.34104,77.232,-71.673,-1.5289,46.25
0.88275,-0.32216,0.032099,0.3405,77.052,-71.818,-1.6047,46.3
0.88268,-0.32289,0.031611,0.34003,76.862,-71.963,-1.6799,46.35
0.88257,-0.3238,0.030859,0.33952,76.664,-72.109,-1.7542,46.4
0.8826,-0.32439,0.030383,0.33891,76.457,-72.255,-1.8277,46.45
0.88255,-0.32513,0.029853,0.33838,76.241,-72.402,-1.9004,46.5
0.88247,-0.32579,0.029547,0.33799,76.016,-72.549,-1.9723,46.55
0.88243,-0.3264,0.02901,0.33756,75.783,-72.697,-2.0432,46.6
0.88242,-0.32696,0.028638,0.33705,75.541,-72.846,-2.1133,46.65
0.8823,-0.32773,0.028323,0.33666,75.29,-72.995,-2.1824,46.7
0.88231,-0.32829,0.02802,0.3361,75.032,-73.144,-2.2505,46.75
0.8823,-0.32896,0.027352,0.33554,74.765,-73.294,-2.3178,46.8
0.88228,-0.32953,0.026893,0.33508,74.491,-73.443,-2.3839,46.85
0.88226,-0.33022,0.026541,0.33448,74.209,-73.594,-2.4491,46.9
0.88215,-0.33096,0.025987,0.33406,73.919,-73.744,-2.5132,46.95
0.88214,-0.33149,0.02549,0.3336,73.621,-73.895,-2.5763,47
0.88206,-0.33216,0.02497,0.3332,73.316,-74.046,-2.6382,47.05
0.88202,-0.3329,0.024403,0.33261,73.004,-74.197,-2.6991,47.1
0.88195,-0.33358,0.024211,0.33212,72.685,-74.348,-2.7589,47.15
0.8819,-0.33422,0.023834,0.33163,72.359,-74.499,-2.8175,47.2
0.88187,-0.33494,0.023416,0.33101,72.026,-74.65,-2.8749,47.25
0.8818,-0.33569,0.022764,0.33048,71.687,-74.802,-2.9312,47.3
0.88175,-0.33642,0.02229,0.32992,71.341,-74.953,-2.9863,47.35
0.88172,-0.33711,0.021884,0.32931,70.989,-75.104,-3.0401,47.4
0.88161,-0.33781,0.021407,0.32893,70.632,-75.255,-3.0927,47.45
0.88144,-0.33861,0.021147,0.32856,70.268,-75.406,-3.144,47.5
0.88134,-0.33928,0.020752,0.32818,69.899,-75.557,-3.1942,47.55
0.8812,-0.34,0.020177,0.32782,69.524,-75.707,-3.243,47.6
0.88118,-0.34057,0.019746,0.32733,69.144,-75.858,-3.2906,47.65
0.88108,-0.3412,0.019268,0.32697,68.758,-76.008,-3.3369,47.7
0.88105,-0.34192,0.0188,0.32633,68.368,-76.158,-3.3819,47.75
0.88096,-0.34256,0.01828,0.32593,67.973,-76.308,-3.4255,47.8
0.88091,-0.34312,0.017875,0.32551,67.574,-76.458,-3.4678,47.85
0.8809,-0.34367,0.017463,0.32497,67.17,-76.607,-3.5087,47.9
0.8808,-0.34425,0.017052,0.32463,66.763,-76.756,-3.5482,47.95
0.88076,-0.34491,0.016425,0.32407,66.351,-76.904,-3.5863,48
0.88071,-0.34536,0.016103,0.32377,65.936,-77.052,-3.6231,48.05
0.88053,-0.3461,0.015756,0.32348,65.517,-77.199,-3.6584,48.1
0.88053,-0.3466,0.015162,0.32297,65.095,-77.346,-3.6924,48.15
0.88053,-0.34719,0.01462,0.32236,64.67,-77.493,-3.7248,48.2
0.88047,-0.34787,0.014067,0.32181,64.242,-77.638,-3.7559,48.25
0.88044,-0.34854,0.013916,0.32117,63.812,-77.783,-3.7855,48.3
0.88037,-0.3491,0.013596,0.32076,63.38,-77.928,-3.8136,48.35
0.88022,-0.34987,0.013313,0.32035,62.945,-78.071,-3.8403,48.4
0.88008,-0.35066,0.012976,0.31988,62.508,-78.214,-3.8655,48.45
0.87998,-0.35142,0.012428,0.31935,62.07,-78.356,-3.8892,48.5
0.87986,-0.3522,0.011923,0.31884,61.63,-78.497,-3.9114,48.55
0.87977,-0.35294,0.011413,0.31828,61.189,-78.638,-3.9322,48.6
0.87965,-0.35351,0.010933,0.31799,60.747,-78.777,-3.9515,48.65
0.87949,-0.3543,0.010665,0.31758,60.304,-78.916,-3.9694,48.7
0.8794,-0.35513,0.010224,0.31691,59.86,-79.053,-3.9857,48.75
0.87938,-0.35576,0.0098192,0.31629,59.416,-79.19,-4.0005,48.8
0.87929,-0.35644,0.0093799,0.31576,58.972,-79.325,-4.0137,48.85
0.8793,-0.35694,0.0089769,0.31518,58.528,-79.46,-4.0255,48.9
0.87918,-0.35759,0.0086094,0.3148,58.084,-79.593,-4.0357,48.95
0.87917,-0.35818,0.0080799,0.31418,57.641,-79.725,-4.0445,49
0.87908,-0.35891,0.0075869,0.31359,57.199,-79.857,-4.0516,49.05
0.87897,-0.35974,0.007192,0.31296,56.758,-79.986,-4.0572,49.1
0.87883,-0.3606,0.0067697,0.31237,56.318,-80.115,-4.0614,49.15
0.87872,-0.36135,0.0062952,0.31183,55.879,-80.242,-4.0639,49.2
0.87861,-0.36196,0.0060014,0.31143,55.442,-80.368,-4.0649,49.25
0.87841,-0.36271,0.0053194,0.31115,55.006,-80.493,-4.0646,49.3
0.8783,-0.36341,0.0050766,0.31064,54.573,-80.616,-4.0627,49.35
0.87817,-0.36421,0.0047195,0.31008,54.142,-80.738,-4.0593,49.4
0.87745,-0.36551,0.0052547,0.31056,53.942,-81.018,-4.1233,49.45
0.87806,-0.36522,0.0052007,0.30917,53.51,-81.135,-4.1154,49.5
0.87731,-0.36705,0.0045852,0.30915,53.08,-81.25,-4.1106,49.55
0.87747,-0.36786,0.0029967,0.30776,52.652,-81.362,-4.1015,49.6
0.87743,-0.36816,0.0031868,0.3075,52.227,-81.475,-4.0923,49.65
0.87716,-0.36889,0.0038027,0.3074,51.807,-81.588,-4.082,49.7
0.87703,-0.36966,0.0032064,0.30686,51.39,-81.697,-4.0704,49.75
0.87681,-0.37064,0.0020633,0.30632,50.976,-81.803,-4.0595,49.8
0.87679,-0.37112,0.0010442,0.30579,50.568,-81.909,-4.0442,49.85
0.87697,-0.3712,0.0010412,0.30517,50.164,-82.014,-4.0273,49.9
0.87665,-0.37258,0.0012408,0.30441,49.764,-82.116,-4.01,49.95
0.87646,-0.3735,0.00025049,0.30384,49.369,-82.218,-3.9914,50
0.87649,-0.37362,-0.00021901,0.30361,48.979,-82.318,-3.9695,50.05
0.8765,-0.37417,-0.00043512,0.3029,48.595,-82.417,-3.9471,50.1
0.87592,-0.37556,-0.001131,0.30284,48.215,-82.513,-3.9248,50.15
0.87611,-0.37524,-0.0011791,0.30269,47.84,-82.607,-3.899,50.2
0.87576,-0.37635,-0.0017049,0.30232,47.472,-82.699,-3.8745,50.25
0.87619,-0.37665,-0.0022222,0.30069,47.11,-82.79,-3.8451,50.3
0.87585,-0.3774,-0.0024798,0.30075,46.754,-82.88,-3.8158,50.35
0.87577,-0.37851,-0.0023578,0.29959,46.403,-82.966,-3.7834,50.4
0.87564,-0.37889,-0.0033042,0.29949,46.059,-83.051,-3.7508,50.45
0.87524,-0.37995,-0.0042974,0.2993,45.722,-83.134,-3.718,50.5
0.87529,-0.38,-0.0040418,0.29907,45.392,-83.216,-3.6818,50.55
0.87508,-0.381,-0.0043711,0.29843,45.069,-83.296,-3.6467,50.6
0.87509,-0.38173,-0.0049062,0.29745,44.753,-83.372,-3.6083,50.65
0.87502,-0.38208,-0.0049944,0.29721,44.443,-83.447,-3.5698,50.7
0.87462,-0.3831,-0.0057212,0.29707,44.142,-83.52,-3.5298,50.75
0.8749,-0.38347,-0.0059284,0.29575,43.848,-83.592,-3.4876,50.8
0.87441,-0.38468,-0.0063064,0.29562,43.561,-83.66,-3.4428,50.85
0.87449,-0.38461,-0.0066125,0.29545,43.282,-83.727,-3.3974,50.9
0.87419,-0.3854,-0.007122,0.29531,43.011,-83.792,-3.3507,50.95
0.87414,-0.38618,-0.0074993,0.29444,42.749,-83.855,-3.3041,51
0.87437,-0.38643,-0.0082496,0.2934,42.495,-83.916,-3.2549,51.05
0.87396,-0.38767,-0.0085359,0.29298,42.249,-83.974,-3.2048,51.1
0.87375,-0.38815,-0.0089128,0.29294,42.012,-84.031,-3.1538,51.15
0.87346,-0.389,-0.0093163,0.29267,41.783,-84.085,-3.101,51.2
0.87349,-0.38972,-0.0095742,0.29162,41.564,-84.138,-3.049,51.25
0.87325,-0.39027,-0.010779,0.29157,41.353,-84.188,-2.992,51.3
0.87337,-0.3909,-0.010974,0.29033,41.151,-84.235,-2.9368,51.35
0.87326,-0.39142,-0.010985,0.28999,40.958,-84.28,-2.8788,51.4
0.87313,-0.39201,-0.011683,0.28954,40.774,-84.323,-2.8209,51.45
0.87298,-0.39255,-0.012126,0.28925,40.599,-84.363,-2.7623,51.5
0.87271,-0.39326,-0.012461,0.2891,40.434,-84.402,-2.7009,51.55
0.8724,-0.39451,-0.012396,0.28831,40.278,-84.44,-2.6396,51.6
0.8725,-0.39487,-0.01306,0.28749,40.133,-84.473,-2.5772,51.65
0.87239,-0.39523,-0.013438,0.28732,39.995,-84.505,-2.5121,51.7
0.87235,-0.39593,-0.013903,0.28646,39.87,-84.535,-2.4469,51.75
0.87217,-0.39648,-0.014392,0.28622,39.752,-84.562,-2.382,51.8
0.87209,-0.39712,-0.014905,0.28554,39.644,-84.587,-2.3145,51.85
0.8719,-0.39799,-0.01511,0.28489,39.546,-84.609,-2.2457,51.9
0.87154,-0.39899,-0.015388,0.2846,39.458,-84.63,-2.1774,51.95
0.87124,-0.39991,-0.015602,0.28419,39.381,-84.648,-2.1066,52
0.87146,-0.4,-0.016455,0.28334,39.313,-84.664,-2.0365,52.05
0.87097,-0.40114,-0.016742,0.28323,39.255,-84.678,-1.9645,52.1
0.87112,-0.4015,-0.0177,0.28221,39.208,-84.689,-1.8927,52.15
0.87092,-0.40196,-0.017011,0.2822,39.168,-84.697,-1.8175,52.2
0.87069,-0.40288,-0.01819,0.28151,39.14,-84.703,-1.7441,52.25
0.87087,-0.40293,-0.018507,0.28088,39.123,-84.708,-1.6676,52.3
0.87065,-0.40327,-0.018822,0.28105,39.114,-84.709,-1.5902,52.35
0.87035,-0.40437,-0.019632,0.28033,39.117,-84.709,-1.5149,52.4
0.87008,-0.40535,-0.019485,0.27977,39.13,-84.707,-1.4362,52.45
0.87016,-0.40585,-0.019834,0.27879,39.153,-84.701,-1.3583,52.5
0.87026,-0.40586,-0.020786,0.27838,39.186,-84.694,-1.2805,52.55
0.86979,-0.40709,-0.021201,0.27801,39.227,-84.684,-1.1972,52.6
0.86972,-0.40789,-0.021222,0.27706,39.28,-84.672,-1.1178,52.65
0.86952,-0.40849,-0.021725,0.27677,39.342,-84.656,-1.0365,52.7
0.86958,-0.40874,-0.02231,0.27616,39.415,-84.639,-0.95463,52.75
0.86905,-0.40997,-0.022501,0.27598,39.497,-84.621,-0.87093,52.8
0.86901,-0.41038,-0.022404,0.27551,39.59,-84.599,-0.78779,52.85
0.86884,-0.41116,-0.022961,0.27483,39.692,-84.575,-0.70474,52.9
0.86878,-0.41158,-0.023801,0.27431,39.805,-84.549,-0.62278,52.95
0.86886,-0.41175,-0.024378,0.27378,39.925,-84.521,-0.53478,53
0.86834,-0.41303,-0.024188,0.27351,40.058,-84.49,-0.45082,53.05
0.86821,-0.41367,-0.025031,0.27286,40.198,-84.457,-0.36527,53.1
0.86814,-0.41405,-0.026021,0.27242,40.349,-84.422,-0.28009,53.15
0.86773,-0.41506,-0.025916,0.27221,40.509,-84.385,-0.19271,53.2
0.86775,-0.4157,-0.026443,0.27111,40.677,-84.344,-0.10501,53.25
0.86757,-0.41615,-0.026493,0.27102,40.856,-84.303,-0.017452,53.3
0.86723,-0.41734,-0.027436,0.27017,41.044,-84.258,0.068936,53.35
0.86726,-0.41763,-0.027167,0.26964,41.242,-84.213,0.15587,53.4
0.86718,-0.41781,-0.028287,0.26952,41.447,-84.164,0.24469,53.45
0.86691,-0.41875,-0.027862,0.26897,41.662,-84.113,0.33294,53.5
0.86682,-0.41954,-0.02888,0.26791,41.885,-84.059,0.4231,53.55
0.86696,-0.41961,-0.028994,0.26734,42.118,-84.004,0.51047,53.6
0.86664,-0.42027,-0.029598,0.26727,42.359,-83.948,0.59885,53.65
0.86629,-0.42114,-0.030055,0.26699,42.608,-83.887,0.68901,53.7
0.86615,-0.42191,-0.030214,0.2662,42.866,-83.826,0.77679,53.75
0.86591,-0.42292,-0.030799,0.26532,43.132,-83.762,0.86744,53.8
0.86582,-0.42327,-0.031329,0.26501,43.406,-83.696,0.95494,53.85
0.86558,-0.42397,-0.032146,0.26453,43.688,-83.629,1.0447,53.9
0.86544,-0.42428,-0.031984,0.26453,43.977,-83.559,1.1323,53.95
0.86537,-0.42501,-0.032409,0.26355,44.275,-83.487,1.2197,54
0.865,-0.42617,-0.03325,0.26278,44.58,-83.413,1.3104,54.05
0.86493,-0.42644,-0.032866,0.2626,44.891,-83.336,1.4002,54.1
0.86481,-0.42716,-0.033126,0.26181,45.21,-83.259,1.4885,54.15
0.86462,-0.42788,-0.03368,0.26118,45.536,-83.178,1.5761,54.2
0.86457,-0.42832,-0.034558,0.26053,45.87,-83.096,1.6654,54.25
0.86433,-0.42868,-0.03515,0.26063,46.209,-83.013,1.7534,54.3
0.86399,-0.42955,-0.034849,0.26038,46.554,-82.926,1.84,54.35
0.86394,-0.43036,-0.035676,0.25908,46.907,-82.839,1.9279,54.4
0.86372,-0.4309,-0.036153,0.25884,47.266,-82.75,2.017,54.45
0.86361,-0.43153,-0.036742,0.25808,47.631,-82.658,2.1031,54.5
0.8633,-0.43218,-0.036752,0.25802,48.001,-82.564,2.189,54.55
0.86304,-0.43288,-0.037136,0.25768,48.377,-82.469,2.2745,54.6
0.86289,-0.43362,-0.038004,0.25682,48.759,-82.373,2.362,54.65
0.86299,-0.4337,-0.038223,0.25629,49.145,-82.274,2.4453,54.7
0.86259,-0.43487,-0.038667,0.2556,49.536,-82.173,2.5283,54.75
0.86206,-0.43621,-0.039415,0.25499,49.933,-82.071,2.6113,54.8
0.86234,-0.43528,-0.039682,0.25561,50.333,-81.969,2.697,54.85
0.86212,-0.43663,-0.039812,0.25399,50.738,-81.862,2.7794,54.9
0.8618,-0.43741,-0.039959,0.25372,51.148,-81.756,2.862,54.95
0.86177,-0.43783,-0.040698,0.25299,51.562,-81.649,2.9467,55
0.86186,-0.43805,-0.040525,0.25234,51.978,-81.537,3.0276,55.05
0.8611,-0.43948,-0.041365,0.2523,52.398,-81.425,3.1086,55.1
0.861,-0.43994,-0.041638,0.25179,52.823,-81.31,3.1872,55.15
0.86092,-0.44029,-0.042153,0.25135,53.25,-81.196,3.268,55.2
0.86101,-0.44081,-0.042321,0.25012,53.68,-81.08,3.3465,55.25
0.86074,-0.44131,-0.04285,0.25006,54.113,-80.963,3.4256,55.3
0.86055,-0.44185,-0.043379,0.24966,54.548,-80.843,3.504,55.35
0.86028,-0.4428,-0.043981,0.24883,54.986,-80.722,3.5794,55.4
0.85986,-0.44392,-0.04445,0.24819,55.425,-80.601,3.6561,55.45
0.85983,-0.44431,-0.044797,0.24752,55.866,-80.477,3.7186,55.5
0.85964,-0.44494,-0.045097,0.24701,56.309,-80.351,3.792,55.55
0.85941,-0.44561,-0.04549,0.24652,56.752,-80.223,3.8647,55.6
0.85922,-0.44624,-0.045915,0.24596,57.197,-80.094,3.9365,55.65
0.85908,-0.44675,-0.046388,0.24544,57.643,-79.964,4.0074,55.7
0.85888,-0.44735,-0.046815,0.24498,58.089,-79.833,4.0775,55.75
0.85874,-0.44789,-0.047274,0.24441,58.535,-79.7,4.1466,55.8
0.85858,-0.44847,-0.047741,0.24378,58.982,-79.567,4.2149,55.85
0.85833,-0.44918,-0.048159,0.24328,59.429,-79.432,4.2821,55.9
0.85821,-0.4496,-0.04835,0.2429,59.875,-79.296,4.3484,55.95
0.85805,-0.45011,-0.048671,0.24244,60.321,-79.159,4.4137,56
0.85794,-0.45058,-0.049173,0.24186,60.766,-79.021,4.4776,56.05
0.85776,-0.45117,-0.049514,0.24133,61.211,-78.882,4.5403,56.1
0.8575,-0.45179,-0.049969,0.24102,61.654,-78.741,4.602,56.15
0.85732,-0.45235,-0.05046,0.24047,62.096,-78.6,4.6625,56.2
0.85716,-0.45286,-0.050726,0.24004,62.536,-78.458,4.7219,56.25
0.8569,-0.45365,-0.051074,0.23941,62.975,-78.314,4.7802,56.3
0.85659,-0.45443,-0.051415,0.23895,63.411,-78.17,4.8374,56.35
0.85627,-0.45518,-0.051848,0.23859,63.845,-78.026,4.8933,56.4
0.85601,-0.45586,-0.052213,0.23816,64.276,-77.88,4.948,56.45
0.85588,-0.45639,-0.0527,0.23748,64.705,-77.734,5.0015,56.5
0.85572,-0.45692,-0.053172,0.23693,65.131,-77.587,5.0538,56.55
0.85553,-0.45752,-0.053484,0.23639,65.553,-77.439,5.1049,56.6
0.85533,-0.45821,-0.053906,0.23569,65.972,-77.291,5.1547,56.65
0.8551,-0.45891,-0.054301,0.23508,66.387,-77.142,5.2032,56.7
0.85486,-0.45956,-0.054723,0.23457,66.799,-76.992,5.2504,56.75
0.85462,-0.46018,-0.055069,0.23415,67.206,-76.842,5.2964,56.8
0.85438,-0.4608,-0.055548,0.2337,67.609,-76.692,5.341,56.85
0.85424,-0.4614,-0.056024,0.2329,68.008,-76.541,5.3842,56.9
0.85409,-0.46193,-0.056671,0.23225,68.402,-76.39,5.4262,56.95
0.85384,-0.46267,-0.05711,0.23159,68.791,-76.238,5.4668,57
0.85369,-0.46317,-0.057525,0.23104,69.175,-76.086,5.506,57.05
0.85344,-0.46382,-0.058044,0.23053,69.554,-75.933,5.5438,57.1
0.85312,-0.46455,-0.058462,0.23011,69.927,-75.78,5.5802,57.15
0.85299,-0.46496,-0.058704,0.22971,70.295,-75.628,5.6153,57.2
0.85275,-0.46554,-0.058956,0.22938,70.657,-75.474,5.6489,57.25
0.85259,-0.46601,-0.059503,0.22885,71.013,-75.321,5.6811,57.3
0.8523,-0.46678,-0.059832,0.22831,71.362,-75.168,5.7119,57.35
0.85205,-0.46747,-0.060494,0.22766,71.706,-75.014,5.7412,57.4
0.85183,-0.46814,-0.06089,0.22696,72.042,-74.86,5.7691,57.45
0.85159,-0.46879,-0.06121,0.22647,72.372,-74.707,5.7955,57.5
0.85139,-0.46939,-0.061692,0.22585,72.696,-74.553,5.8204,57.55
0.85107,-0.47017,-0.062044,0.22534,73.012,-74.399,5.8439,57.6
0.85084,-0.47076,-0.062556,0.2248,73.32,-74.246,5.8658,57.65
0.85067,-0.47126,-0.062905,0.22429,73.622,-74.092,5.8863,57.7
0.85038,-0.47196,-0.063204,0.22386,73.916,-73.939,5.9053,57.75
0.85014,-0.4725,-0.063439,0.22358,74.202,-73.786,5.9228,57.8
0.84994,-0.47301,-0.063829,0.22313,74.481,-73.633,5.9388,57.85
0.84976,-0.47352,-0.064165,0.22265,74.751,-73.481,5.9533,57.9
0.84952,-0.47419,-0.064347,0.22208,75.014,-73.328,5.9663,57.95
0.84926,-0.47483,-0.064868,0.22154,75.268,-73.176,5.9778,58
0.84894,-0.4755,-0.065391,0.2212,75.513,-73.025,5.9878,58.05
0.8487,-0.47608,-0.065813,0.22074,75.751,-72.874,5.9963,58.1
0.84857,-0.47662,-0.066006,0.22002,75.979,-72.723,6.0032,58.15
0.8483,-0.4772,-0.066413,0.21965,76.199,-72.573,6.0086,58.2
0.84799,-0.47792,-0.066779,0.2192,76.41,-72.423,6.0125,58.25
0.84778,-0.4785,-0.067225,0.21859,76.613,-72.274,6.0149,58.3
0.84757,-0.47915,-0.067467,0.21792,76.806,-72.125,6.0157,58.35
0.84725,-0.47987,-0.06795,0.21745,76.99,-71.977,6.015,58.4
0.84699,-0.48058,-0.068496,0.2167,77.164,-71.829,6.0128,58.45
0.84677,-0.48124,-0.068935,0.21595,77.33,-71.683,6.009,58.5
0.84657,-0.48183,-0.069352,0.21529,77.486,-71.537,6.0037,58.55
0.84631,-0.48254,-0.06971,0.21462,77.632,-71.391,5.9969,58.6
0.84612,-0.48312,-0.070061,0.21391,77.769,-71.247,5.9886,58.65
0.84588,-0.48375,-0.070593,0.2133,77.896,-71.103,5.9788,58.7
0.84556,-0.48443,-0.071014,0.21288,78.014,-70.96,5.9674,58.75
0.84538,-0.48495,-0.071476,0.21224,78.121,-70.818,5.9545,58.8
0.84517,-0.48545,-0.071822,0.21182,78.219,-70.677,5.9401,58.85
0.84491,-0.48616,-0.07221,0.21112,78.307,-70.537,5.9243,58.9
0.84467,-0.48671,-0.072655,0.21063,78.385,-70.398,5.9069,58.95
0.84431,-0.48754,-0.072786,0.21012,78.453,-70.261,5.888,59
0.84405,-0.4882,-0.073082,0.20952,78.511,-70.124,5.8676,59.05
0.84371,-0.48894,-0.073639,0.20897,78.559,-69.988,5.8457,59.1
0.84345,-0.48952,-0.074045,0.20851,78.597,-69.853,5.8223,59.15
0.8431,-0.4903,-0.074583,0.2079,78.625,-69.72,5.7974,59.2
0.84281,-0.49102,-0.075043,0.20723,78.643,-69.587,5.771,59.25
0.84251,-0.49175,-0.075583,0.20652,78.65,-69.456,5.7432,59.3
0.84232,-0.4923,-0.075876,0.20586,78.648,-69.326,5.714,59.35
0.84203,-0.49294,-0.076138,0.20543,78.635,-69.198,5.6833,59.4
0.84174,-0.49362,-0.076368,0.20491,78.612,-69.071,5.6512,59.45
0.84142,-0.49426,-0.076836,0.20446,78.579,-68.945,5.6176,59.5
0.84115,-0.49492,-0.077406,0.20378,78.536,-68.821,5.5826,59.55
0.84083,-0.49567,-0.077725,0.20315,78.483,-68.698,5.5462,59.6
0.84065,-0.4962,-0.077995,0.2025,78.42,-68.576,5.5085,59.65
0.8403,-0.49692,-0.078537,0.20197,78.347,-68.457,5.4693,59.7
0.84004,-0.49751,-0.079004,0.20144,78.263,-68.338,5.4288,59.75
0.83989,-0.49793,-0.079312,0.20092,78.17,-68.221,5.3869,59.8
0.8397,-0.49843,-0.079724,0.2003,78.067,-68.106,5.3437,59.85
0.83942,-0.49909,-0.079999,0.1997,77.954,-67.993,5.2991,59.9
0.83926,-0.49955,-0.080457,0.19904,77.832,-67.881,5.2533,59.95
0.83899,-0.50015,-0.080912,0.19851,77.699,-67.771,5.2061,60
0.8388,-0.50062,-0.081455,0.1979,77.557,-67.662,5.1577,60.05
0.83846,-0.50131,-0.081896,0.1974,77.406,-67.555,5.1081,60.1
0.83814,-0.50188,-0.082589,0.19702,77.245,-67.45,5.0571,60.15
0.83798,-0.50229,-0.08305,0.19649,77.074,-67.347,5.0049,60.2
0.83762,-0.50301,-0.083566,0.19596,76.894,-67.245,4.9515,60.25
0.83736,-0.50351,-0.084136,0.19553,76.705,-67.146,4.8969,60.3
0.83719,-0.50391,-0.08456,0.19501,76.507,-67.048,4.8411,60.35
0.83699,-0.50438,-0.085161,0.19443,76.3,-66.952,4.7842,60.4
0.83673,-0.50491,-0.085786,0.19387,76.083,-66.858,4.7261,60.45
0.83655,-0.50539,-0.086124,0.19329,75.859,-66.766,4.6669,60.5
0.83627,-0.50592,-0.086444,0.19294,75.625,-66.675,4.6067,60.55
0.83609,-0.50642,-0.086677,0.19231,75.383,-66.587,4.5454,60.6
0.83581,-0.50703,-0.086977,0.19178,75.132,-66.5,4.4831,60.65
0.83546,-0.50769,-0.087323,0.19139,74.873,-66.416,4.4197,60.7
0.8352,-0.50825,-0.087745,0.19084,74.606,-66.333,4.3553,60.75
0.83487,-0.50892,-0.088129,0.19035,74.331,-66.253,4.2899,60.8
0.83462,-0.50941,-0.088547,0.18994,74.048,-66.174,4.2236,60.85
0.83441,-0.50983,-0.089034,0.18949,73.757,-66.098,4.1562,60.9
0.83409,-0.51055,-0.089527,0.18875,73.459,-66.023,4.088,60.95
0.83389,-0.51104,-0.089901,0.18811,73.153,-65.951,4.0188,61
0.83362,-0.51156,-0.090196,0.18776,72.84,-65.881,3.9488,61.05
0.83343,-0.5121,-0.09061,0.18692,72.52,-65.812,3.8779,61.1
0.83314,-0.51266,-0.091066,0.18648,72.193,-65.746,3.8062,61.15
0.83284,-0.5133,-0.091538,0.1858,71.859,-65.682,3.7336,61.2
0.83254,-0.51385,-0.091873,0.18547,71.518,-65.62,3.6602,61.25
0.83218,-0.51458,-0.092289,0.18483,71.171,-65.561,3.5861,61.3
0.83191,-0.51519,-0.092775,0.18412,70.817,-65.503,3.5113,61.35
0.83171,-0.51565,-0.093217,0.18353,70.458,-65.447,3.4357,61.4
0.83135,-0.51633,-0.093525,0.18307,70.092,-65.394,3.3594,61.45
0.83101,-0.51701,-0.093966,0.18245,69.721,-65.343,3.2825,61.5
0.83072,-0.51759,-0.094272,0.182,69.344,-65.294,3.2048,61.55
0.83045,-0.51813,-0.094516,0.18157,68.962,-65.247,3.1265,61.6
0.83018,-0.51873,-0.095053,0.1808,68.575,-65.202,3.0477,61.65
0.82989,-0.51928,-0.095352,0.18037,68.183,-65.16,2.9682,61.7
0.82954,-0.51995,-0.095763,0.17986,67.786,-65.12,2.8882,61.75
0.82932,-0.5204,-0.096188,0.1793,67.384,-65.082,2.8076,61.8
0.82892,-0.52109,-0.096673,0.17894,66.978,-65.047,2.7265,61.85
0.82852,-0.52177,-0.097276,0.17844,66.567,-65.013,2.6448,61.9
0.82814,-0.52248,-0.09773,0.17791,66.153,-64.982,2.5627,61.95
0.82786,-0.52303,-0.09811,0.17738,65.735,-64.953,2.4802,62
0.82765,-0.52347,-0.098418,0.1769,65.313,-64.927,2.3972,62.05
0.82737,-0.52398,-0.09904,0.17635,64.888,-64.902,2.3139,62.1
0.82706,-0.52454,-0.099231,0.176,64.459,-64.881,2.2302,62.15
0.82671,-0.52519,-0.099693,0.17547,64.028,-64.861,2.1462,62.2
0.82636,-0.52583,-0.10025,0.17489,63.595,-64.844,2.0619,62.25
0.82603,-0.52644,-0.10083,0.17428,63.158,-64.828,1.9773,62.3
0.82574,-0.527,-0.10113,0.17374,62.72,-64.815,1.8923,62.35
0.82541,-0.52764,-0.10143,0.17321,62.279,-64.805,1.8072,62.4
0.825,-0.52839,-0.10174,0.17273,61.837,-64.796,1.7219,62.45
0.82466,-0.52901,-0.10232,0.17208,61.393,-64.79,1.6363,62.5
0.82433,-0.52959,-0.10297,0.17152,60.947,-64.786,1.5506,62.55
0.82402,-0.53014,-0.10342,0.17101,60.501,-64.785,1.4647,62.6
0.8237,-0.53072,-0.10379,0.17051,60.053,-64.785,1.3787,62.65
0.82339,-0.5313,-0.10412,0.17003,59.605,-64.788,1.2927,62.7
0.82309,-0.53188,-0.1044,0.16952,59.156,-64.794,1.2065,62.75
0.82281,-0.53237,-0.10475,0.16908,58.708,-64.801,1.1204,62.8
0.82248,-0.53301,-0.10524,0.16836,58.259,-64.811,1.0342,62.85
0.82222,-0.53353,-0.10561,0.1678,57.81,-64.823,0.94806,62.9
0.82197,-0.53404,-0.10593,0.16718,57.362,-64.838,0.86202,62.95
0.82169,-0.53451,-0.10649,0.16667,56.915,-64.854,0.77603,63
0.82244,-0.53358,-0.10575,0.16644,56.838,-64.604,0.79989,63.05
0.82194,-0.53447,-0.10633,0.16566,56.389,-64.616,0.71666,63.1
0.82168,-0.53492,-0.1072,0.16493,55.945,-64.634,0.63134,63.15
0.82139,-0.53542,-0.10717,0.16479,55.499,-64.652,0.5438,63.2
0.82061,-0.53662,-0.10807,0.16421,55.053,-64.673,0.45826,63.25
0.82047,-0.53704,-0.10794,0.16357,54.612,-64.697,0.37337,63.3
0.82029,-0.53766,-0.10815,0.16233,54.173,-64.72,0.28938,63.35
0.82022,-0.53772,-0.10874,0.16208,53.736,-64.747,0.2048,63.4
0.81991,-0.53807,-0.10936,0.16208,53.302,-64.777,0.12022,63.45
0.8193,-0.53905,-0.11003,0.16144,52.868,-64.808,0.029328,63.5
0.81914,-0.53952,-0.11024,0.16058,52.441,-64.842,-0.053665,63.55
0.81912,-0.53975,-0.10994,0.16007,52.016,-64.878,-0.13878,63.6
0.81867,-0.54044,-0.11088,0.15939,51.593,-64.916,-0.2221,63.65
0.81803,-0.54148,-0.11058,0.15936,51.174,-64.956,-0.30447,63.7
0.81766,-0.54191,-0.11202,0.15879,50.762,-65,-0.38745,63.75
0.81756,-0.54216,-0.1121,0.15838,50.352,-65.045,-0.46815,63.8
0.81716,-0.54312,-0.11234,0.15703,49.946,-65.091,-0.55133,63.85
0.8166,-0.54385,-0.11274,0.15713,49.545,-65.141,-0.63216,63.9
0.81645,-0.54423,-0.11325,0.15619,49.148,-65.192,-0.71298,63.95
0.81643,-0.54447,-0.11326,0.15546,48.756,-65.245,-0.79184,64
0.81589,-0.5453,-0.11396,0.15488,48.369,-65.3,-0.87121,64.05
0.81558,-0.54574,-0.11441,0.15465,47.988,-65.357,-0.94842,64.1
0.81536,-0.54626,-0.1149,0.15355,47.612,-65.417,-1.027,64.15
0.81495,-0.54674,-0.11538,0.15369,47.242,-65.479,-1.1049,64.2
0.8147,-0.54741,-0.11542,0.15261,46.878,-65.543,-1.1803,64.25
0.81432,-0.54785,-0.11625,0.15242,46.52,-65.608,-1.2559,64.3
0.81408,-0.54823,-0.1164,0.15223,46.168,-65.676,-1.3315,64.35
0.81372,-0.54904,-0.11687,0.15083,45.822,-65.745,-1.4059,64.4
0.81306,-0.54992,-0.11736,0.15082,45.484,-65.817,-1.4792,64.45
0.81277,-0.55025,-0.11833,0.15045,45.151,-65.89,-1.5525,64.5
0.81256,-0.55072,-0.11822,0.14993,44.826,-65.966,-1.6243,64.55
0.81265,-0.55103,-0.11805,0.14845,44.508,-66.043,-1.6946,64.6
0.81205,-0.55173,-0.11894,0.1484,44.197,-66.122,-1.7656,64.65
0.81153,-0.55251,-0.119,0.14828,43.893,-66.203,-1.8338,64.7
0.81149,-0.55274,-0.1195,0.14725,43.598,-66.286,-1.9028,64.75
0.81079,-0.55376,-0.12021,0.14667,43.309,-66.37,-1.9706,64.8
0.81073,-0.554,-0.12001,0.14631,43.029,-66.458,-2.0359,64.85
0.81049,-0.55437,-0.12074,0.14562,42.756,-66.546,-2.1013,64.9
0.81011,-0.55494,-0.12087,0.14547,42.492,-66.636,-2.1649,64.95
0.80969,-0.55558,-0.12179,0.14456,42.236,-66.728,-2.2278,65
0.80934,-0.55634,-0.12159,0.14374,41.988,-66.821,-2.291,65.05
0.80901,-0.55673,-0.1223,0.14352,41.748,-66.916,-2.3532,65.1
0.80869,-0.55712,-0.12304,0.14315,41.518,-67.013,-2.4129,65.15
0.80854,-0.55751,-0.12304,0.14249,41.297,-67.113,-2.4707,65.2
0.80784,-0.55857,-0.12389,0.14161,41.084,-67.213,-2.5295,65.25
0.80721,-0.5596,-0.12394,0.14105,40.88,-67.315,-2.5862,65.3
0.80743,-0.55935,-0.12431,0.14046,40.685,-67.418,-2.6416,65.35
0.80702,-0.55987,-0.12462,0.14046,40.499,-67.524,-2.6948,65.4
0.80663,-0.56051,-0.12524,0.13962,40.323,-67.63,-2.7493,65.45
0.80632,-0.56102,-0.12567,0.13892,40.156,-67.739,-2.8008,65.5
0.80601,-0.56144,-0.12607,0.13872,39.999,-67.848,-2.8522,65.55
0.80594,-0.56175,-0.12615,0.13777,39.85,-67.958,-2.902,65.6
0.80529,-0.56266,-0.12685,0.13719,39.712,-68.071,-2.9498,65.65
0.8047,-0.56339,-0.12748,0.13709,39.583,-68.186,-2.9956,65.7
0.80484,-0.56331,-0.12766,0.13644,39.463,-68.3,-3.0419,65.75
0.80421,-0.56443,-0.12758,0.13558,39.354,-68.417,-3.0847,65.8
0.80379,-0.56494,-0.12845,0.13514,39.255,-68.536,-3.1285,65.85
0.80368,-0.56516,-0.12889,0.13446,39.166,-68.656,-3.1706,65.9
0.80337,-0.56582,-0.12849,0.13391,39.086,-68.776,-3.2104,65.95
0.80287,-0.5663,-0.1299,0.13354,39.017,-68.899,-3.2502,66
0.80254,-0.56699,-0.12974,0.13273,38.958,-69.022,-3.2885,66.05
0.80229,-0.5674,-0.13,0.13223,38.907,-69.146,-3.3232,66.1
0.80161,-0.56845,-0.13051,0.13136,38.868,-69.271,-3.3583,66.15
0.80144,-0.5687,-0.1312,0.13064,38.839,-69.398,-3.3913,66.2
0.80109,-0.56933,-0.13133,0.12992,38.819,-69.525,-3.4214,66.25
0.80089,-0.56952,-0.13154,0.1301,38.809,-69.654,-3.4527,66.3
0.80069,-0.56976,-0.13221,0.12956,38.811,-69.784,-3.4805,66.35
0.80001,-0.57067,-0.13278,0.12917,38.822,-69.915,-3.508,66.4
0.79992,-0.57099,-0.13271,0.12841,38.843,-70.047,-3.5348,66.45
0.7992,-0.57201,-0.1334,0.1276,38.875,-70.18,-3.5591,66.5
0.79906,-0.57213,-0.13411,0.12722,38.917,-70.314,-3.5835,66.55
0.7989,-0.57247,-0.13434,0.12642,38.968,-70.449,-3.6064,66.6
0.79842,-0.57323,-0.13448,0.12591,39.03,-70.584,-3.6261,66.65
0.79808,-0.57365,-0.1353,0.12524,39.101,-70.72,-3.6438,66.7
0.79762,-0.57439,-0.13514,0.12497,39.183,-70.858,-3.6611,66.75
0.79723,-0.57478,-0.13603,0.12466,39.275,-70.996,-3.6771,66.8
0.79696,-0.57523,-0.13631,0.12403,39.376,-71.135,-3.6922,66.85
0.79673,-0.57572,-0.13647,0.12308,39.488,-71.275,-3.7053,66.9
0.79626,-0.57636,-0.13702,0.12248,39.609,-71.415,-3.716,66.95
0.796,-0.57659,-0.13824,0.12167,39.74,-71.556,-3.7238,67
0.79528,-0.57773,-0.1378,0.12153,39.88,-71.697,-3.7331,67.05
0.79491,-0.57821,-0.13837,0.12105,40.03,-71.84,-3.7392,67.1
0.79497,-0.57833,-0.13814,0.12034,40.189,-71.983,-3.7447,67.15
0.79448,-0.57886,-0.13908,0.11991,40.358,-72.125,-3.7488,67.2
0.79407,-0.57953,-0.13938,0.11902,40.537,-72.27,-3.7504,67.25
0.79359,-0.57997,-0.14024,0.11909,40.724,-72.415,-3.7502,67.3
0.79357,-0.58024,-0.14011,0.11805,40.92,-72.559,-3.7494,67.35
0.79277,-0.58138,-0.14034,0.11754,41.125,-72.703,-3.7461,67.4
0.79257,-0.58153,-0.14123,0.1171,41.34,-72.849,-3.7421,67.45
0.79237,-0.58199,-0.14081,0.11665,41.564,-72.995,-3.7348,67.5
0.79217,-0.58208,-0.14207,0.11603,41.796,-73.141,-3.7274,67.55
0.79175,-0.58281,-0.14191,0.11547,42.037,-73.287,-3.7187,67.6
0.79114,-0.58353,-0.14249,0.11523,42.286,-73.434,-3.7086,67.65
0.79055,-0.58445,-0.14267,0.1144,42.544,-73.581,-3.6969,67.7
0.79032,-0.5847,-0.14347,0.11373,42.81,-73.727,-3.6842,67.75
0.78995,-0.58539,-0.1437,0.11244,43.084,-73.875,-3.6687,67.8
0.78963,-0.58582,-0.14379,0.11237,43.366,-74.022,-3.6524,67.85
0.78924,-0.58615,-0.14479,0.11211,43.656,-74.169,-3.6347,67.9
0.78891,-0.5867,-0.14505,0.11118,43.954,-74.317,-3.6139,67.95
0.78858,-0.58717,-0.1451,0.11098,44.259,-74.465,-3.5928,68
0.78822,-0.58769,-0.14567,0.11005,44.571,-74.611,-3.5714,68.05
0.78736,-0.58889,-0.14571,0.10972,44.891,-74.76,-3.547,68.1
0.7871,-0.58916,-0.14631,0.10939,45.217,-74.907,-3.5221,68.15
0.78698,-0.58928,-0.14709,0.10852,45.551,-75.054,-3.4951,68.2
0.7867,-0.5897,-0.1474,0.10781,45.891,-75.201,-3.4668,68.25
0.78606,-0.5907,-0.14725,0.10723,46.238,-75.348,-3.4369,68.3
0.78566,-0.59113,-0.14782,0.10698,46.591,-75.495,-3.4046,68.35
0.78567,-0.59116,-0.14835,0.10606,46.951,-75.641,-3.3708,68.4
0.78538,-0.59153,-0.14864,0.10574,47.316,-75.787,-3.3379,68.45
0.78463,-0.59253,-0.14915,0.10502,47.687,-75.933,-3.3033,68.5
0.78419,-0.59304,-0.14952,0.10485,48.064,-76.079,-3.2644,68.55
0.78397,-0.59331,-0.14996,0.10432,48.446,-76.223,-3.2289,68.6
0.7835,-0.59396,-0.15056,0.10325,48.834,-76.368,-3.1869,68.65
0.78324,-0.59452,-0.15051,0.10212,49.227,-76.512,-3.1456,68.7
0.78308,-0.59468,-0.15073,0.10206,49.624,-76.656,-3.1036,68.75
0.78233,-0.59547,-0.15146,0.10218,50.025,-76.799,-3.0605,68.8
0.78213,-0.59574,-0.15205,0.10124,50.432,-76.942,-3.0158,68.85
0.78192,-0.59615,-0.15185,0.10073,50.843,-77.085,-2.9685,68.9
0.78129,-0.59686,-0.15242,0.10056,51.258,-77.227,-2.9198,68.95
0.78083,-0.59746,-0.1532,0.09939,51.677,-77.369,-2.8713,69
0.78051,-0.59787,-0.15323,0.099335,52.099,-77.509,-2.8221,69.05
0.77972,-0.59906,-0.15328,0.098323,52.525,-77.649,-2.7725,69.1
0.77971,-0.5989,-0.15415,0.098071,52.954,-77.787,-2.7182,69.15
0.77951,-0.59911,-0.15485,0.097213,53.386,-77.926,-2.665,69.2
0.77918,-0.59963,-0.15473,0.09688,53.82,-78.064,-2.6101,69.25
0.77847,-0.60048,-0.1553,0.096391,54.258,-78.201,-2.546,69.3
0.7782,-0.60088,-0.15545,0.095835,54.696,-78.335,-2.4887,69.35
0.77733,-0.60177,-0.15643,0.095707,55.138,-78.471,-2.4285,69.4
0.7772,-0.60191,-0.15724,0.094582,55.582,-78.607,-2.3701,69.45
0.77701,-0.60262,-0.15621,0.093314,56.025,-78.738,-2.3067,69.5
0.77651,-0.60327,-0.15654,0.092756,56.47,-78.869,-2.2447,69.55
0.77607,-0.60383,-0.15685,0.0922,56.917,-79,-2.1815,69.6
0.77575,-0.60429,-0.15714,0.091452,57.364,-79.129,-2.1173,69.65
0.77533,-0.60483,-0.1574,0.090943,57.812,-79.258,-2.0519,69.7
0.77485,-0.6054,-0.15785,0.090395,58.261,-79.385,-1.9855,69.75
0.77446,-0.60579,-0.15848,0.090053,58.709,-79.512,-1.918,69.8
0.77404,-0.60632,-0.15881,0.08957,59.158,-79.637,-1.8494,69.85
0.77368,-0.60675,-0.15926,0.088972,59.606,-79.761,-1.7798,69.9
0.77322,-0.6073,-0.15977,0.088258,60.054,-79.884,-1.7093,69.95
0.77297,-0.60769,-0.1598,0.087741,60.5,-80.006,-1.6377,70
0.77259,-0.60809,-0.16048,0.087086,60.946,-80.126,-1.5652,70.05
0.77203,-0.60876,-0.16096,0.086439,61.391,-80.246,-1.4918,70.1
0.77158,-0.60934,-0.16126,0.085801,61.835,-80.363,-1.4182,70.15
0.77114,-0.60989,-0.16166,0.085127,62.277,-80.48,-1.3437,70.2
0.77067,-0.61049,-0.16198,0.084454,62.717,-80.595,-1.2685,70.25
0.77023,-0.61102,-0.16239,0.083863,63.155,-80.708,-1.1925,70.3
0.76977,-0.61157,-0.16279,0.083269,63.591,-80.821,-1.1157,70.35
0.76943,-0.61198,-0.16322,0.082584,64.025,-80.932,-1.0381,70.4
0.76901,-0.61239,-0.16384,0.082203,64.455,-81.041,-0.95988,70.45
0.76853,-0.61293,-0.16435,0.081597,64.883,-81.149,-0.88094,70.5
0.76821,-0.61331,-0.16476,0.080979,65.307,-81.256,-0.80134,70.55
0.76789,-0.61371,-0.16514,0.080262,65.728,-81.361,-0.72109,70.6
0.76754,-0.61404,-0.16582,0.079596,66.146,-81.465,-0.64022,70.65
0.76709,-0.61454,-0.16634,0.078977,66.559,-81.567,-0.55878,70.7
0.76665,-0.61508,-0.16662,0.078453,66.969,-81.668,-0.47676,70.75
0.76619,-0.61567,-0.16681,0.077963,67.374,-81.767,-0.39419,70.8
0.76581,-0.61614,-0.16731,0.076971,67.775,-81.865,-0.31109,70.85
0.76567,-0.61628,-0.16765,0.076444,68.171,-81.961,-0.22749,70.9
0.76512,-0.61692,-0.16804,0.075916,68.562,-82.055,-0.14343,70.95
0.7647,-0.61742,-0.16847,0.075099,68.948,-82.148,-0.058926,71
0.76437,-0.61783,-0.16872,0.07452,69.329,-82.239,0.025995,71.05
0.76401,-0.61824,-0.16908,0.074056,69.705,-82.328,0.11129,71.1
0.76357,-0.61878,-0.16935,0.073494,70.075,-82.416,0.19694,71.15
0.76324,-0.61917,-0.1697,0.072803,70.439,-82.502,0.28291,71.2
0.76266,-0.61983,-0.17017,0.072174,70.797,-82.586,0.36916,71.25
0.76224,-0.6203,-0.17056,0.071592,71.148,-82.668,0.45569,71.3
0.76178,-0.62082,-0.17093,0.071078,71.494,-82.749,0.54245,71.35
0.76137,-0.62125,-0.17146,0.070472,71.832,-82.828,0.62944,71.4
0.76107,-0.62161,-0.17175,0.06986,72.164,-82.905,0.71662,71.45
0.76064,-0.62206,-0.17216,0.069401,72.49,-82.981,0.80398,71.5
0.76019,-0.62257,-0.17251,0.069025,72.808,-83.054,0.89149,71.55
0.75979,-0.62296,-0.17306,0.068456,73.119,-83.126,0.97911,71.6
0.75934,-0.62344,-0.17356,0.067854,73.422,-83.196,1.0668,71.65
0.75892,-0.62392,-0.17393,0.067229,73.718,-83.264,1.1546,71.7
0.75846,-0.62439,-0.1743,0.067043,74.006,-83.33,1.2424,71.75
0.75802,-0.62489,-0.17474,0.066219,74.287,-83.394,1.3303,71.8
0.75756,-0.62541,-0.17502,0.065751,74.559,-83.456,1.4181,71.85
0.75701,-0.62601,-0.1755,0.065225,74.824,-83.517,1.5059,71.9
0.75658,-0.62648,-0.17584,0.064803,75.08,-83.575,1.5937,71.95
0.75619,-0.62686,-0.17633,0.064244,75.328,-83.631,1.6814,72
0.75573,-0.62735,-0.17675,0.06373,75.567,-83.686,1.7689,72.05
0.75536,-0.6277,-0.1772,0.06336,75.798,-83.739,1.8564,72.1
0.75507,-0.62807,-0.17743,0.062586,76.02,-83.789,1.9437,72.15
0.75464,-0.62853,-0.1778,0.062196,76.233,-83.838,2.0308,72.2
0.7542,-0.62895,-0.1783,0.061724,76.437,-83.884,2.1177,72.25
0.75375,-0.62941,-0.1787,0.06136,76.632,-83.929,2.2043,72.3
0.75328,-0.62994,-0.17911,0.060569,76.818,-83.971,2.2907,72.35
0.75276,-0.63047,-0.17957,0.060172,76.995,-84.012,2.3768,72.4
0.75236,-0.63087,-0.17998,0.059676,77.162,-84.05,2.4626,72.45
0.75191,-0.63138,-0.18025,0.059159,77.32,-84.087,2.548,72.5
0.75149,-0.63188,-0.18049,0.058508,77.469,-84.121,2.6331,72.55
0.75093,-0.63244,-0.18097,0.058023,77.608,-84.153,2.7179,72.6
0.75058,-0.63277,-0.18149,0.057371,77.737,-84.184,2.8022,72.65
0.75019,-0.63316,-0.18193,0.056703,77.857,-84.212,2.8861,72.7
0.74971,-0.63366,-0.18235,0.056153,77.967,-84.238,2.9695,72.75
0.74918,-0.63422,-0.18285,0.055405,78.067,-84.262,3.0525,72.8
0.74875,-0.63464,-0.18327,0.054858,78.157,-84.284,3.1349,72.85
0.74825,-0.63519,-0.18358,0.054322,78.238,-84.304,3.2168,72.9
0.74775,-0.63572,-0.18391,0.053977,78.308,-84.322,3.2982,72.95
0.7473,-0.63618,-0.18428,0.053408,78.369,-84.337,3.3789,73
0.74686,-0.63657,-0.18488,0.052806,78.419,-84.351,3.459,73.05
0.74633,-0.63711,-0.18536,0.052131,78.459,-84.362,3.5385,73.1
0.7458,-0.63767,-0.18574,0.051462,78.49,-84.372,3.6173,73.15
0.74541,-0.63805,-0.1862,0.050849,78.51,-84.379,3.6955,73.2
0.74482,-0.63865,-0.18664,0.050332,78.52,-84.385,3.773,73.25
0.74435,-0.63912,-0.18703,0.049881,78.52,-84.388,3.8497,73.3
0.74404,-0.63941,-0.18741,0.049281,78.51,-84.389,3.9256,73.35
0.7436,-0.63996,-0.18748,0.048656,78.49,-84.389,4.0009,73.4
0.74315,-0.64038,-0.18795,0.048117,78.46,-84.386,4.0753,73.45
0.7426,-0.641,-0.18819,0.047432,78.42,-84.381,4.149,73.5
0.74213,-0.64143,-0.18874,0.046828,78.37,-84.374,4.2218,73.55
0.74164,-0.64187,-0.18928,0.046332,78.31,-84.365,4.2937,73.6
0.74124,-0.64227,-0.1896,0.045838,78.239,-84.354,4.3647,73.65
0.74061,-0.64295,-0.1899,0.045385,78.159,-84.341,4.4349,73.7
0.74006,-0.64351,-0.19032,0.044585,78.069,-84.325,4.5041,73.75
0.73966,-0.64392,-0.19061,0.044083,77.969,-84.308,4.5724,73.8
0.73913,-0.64444,-0.19098,0.04362,77.859,-84.289,4.6398,73.85
0.73868,-0.64488,-0.19135,0.04322,77.74,-84.268,4.7061,73.9
0.73807,-0.64549,-0.19176,0.042645,77.611,-84.245,4.7715,73.95
0.73747,-0.64607,-0.19221,0.042135,77.472,-84.22,4.8358,74
0.73709,-0.64645,-0.1925,0.04171,77.323,-84.193,4.8991,74.05
0.7366,-0.64691,-0.19292,0.041272,77.165,-84.164,4.9613,74.1
0.7361,-0.64743,-0.19327,0.040599,76.998,-84.133,5.0225,74.15
0.73544,-0.64808,-0.19369,0.040004,76.821,-84.099,5.0826,74.2
0.73487,-0.64864,-0.1941,0.03943,76.636,-84.064,5.1415,74.25
0.73431,-0.64915,-0.19467,0.038653,76.441,-84.027,5.1994,74.3
0.73384,-0.64961,-0.19505,0.037926,76.237,-83.989,5.2562,74.35
0.73336,-0.65004,-0.19552,0.037379,76.024,-83.948,5.3117,74.4
0.73285,-0.65054,-0.19593,0.03667,75.802,-83.905,5.3661,74.45
0.73232,-0.65102,-0.19641,0.036064,75.572,-83.86,5.4194,74.5
0.73169,-0.65165,-0.19682,0.035266,75.332,-83.814,5.4714,74.55
0.7312,-0.65205,-0.19739,0.034849,75.085,-83.766,5.5222,74.6
0.73084,-0.65231,-0.198,0.034231,74.829,-83.715,5.5718,74.65
0.7303,-0.65283,-0.19833,0.033639,74.565,-83.663,5.6201,74.7
0.72979,-0.65335,-0.19861,0.033122,74.293,-83.61,5.6672,74.75
0.7293,-0.65385,-0.19887,0.032391,74.013,-83.554,5.7131,74.8
0.72877,-0.65427,-0.19954,0.031713,73.725,-83.497,5.7576,74.85
0.72822,-0.65479,-0.19991,0.031175,73.43,-83.437,5.8009,74.9
0.72779,-0.65521,-0.20022,0.030554,73.127,-83.376,5.8428,74.95
0.72731,-0.65565,-0.2006,0.030102,72.817,-83.314,5.8835,75
0.72673,-0.65625,-0.20081,0.029609,72.499,-83.249,5.9227,75.05
0.7262,-0.65675,-0.20121,0.028946,72.175,-83.183,5.9607,75.1
0.72584,-0.65711,-0.2014,0.028288,71.843,-83.116,5.9972,75.15
0.72533,-0.65764,-0.2016,0.027619,71.505,-83.046,6.0324,75.2
0.72483,-0.65809,-0.20202,0.027093,71.161,-82.975,6.0662,75.25
0.72434,-0.65853,-0.20238,0.0266,70.81,-82.902,6.0985,75.3
0.72374,-0.65911,-0.20274,0.02593,70.452,-82.828,6.1295,75.35
0.72337,-0.65948,-0.20292,0.025419,70.089,-82.752,6.1591,75.4
0.7228,-0.66,-0.20334,0.024858,69.72,-82.675,6.1872,75.45
0.72245,-0.66029,-0.2037,0.024292,69.345,-82.595,6.2138,75.5
0.72195,-0.66075,-0.20404,0.023835,68.965,-82.515,6.2391,75.55
0.72165,-0.66109,-0.20407,0.023226,68.58,-82.433,6.2629,75.6
0.72122,-0.66141,-0.20457,0.022988,68.189,-82.349,6.2852,75.65
0.7207,-0.66193,-0.20478,0.022411,67.794,-82.264,6.306,75.7
0.72031,-0.66224,-0.2052,0.02199,67.394,-82.178,6.3254,75.75
0.71981,-0.66267,-0.20561,0.021541,66.989,-82.09,6.3432,75.8
0.71931,-0.66315,-0.20587,0.021222,66.58,-82,6.3596,75.85
0.71887,-0.66349,-0.20635,0.020631,66.167,-81.909,6.3745,75.9
0.71855,-0.66376,-0.20665,0.020138,65.75,-81.817,6.3879,75.95
0.718,-0.66421,-0.20718,0.019388,65.329,-81.723,6.3998,76
0.71754,-0.66465,-0.20744,0.018846,64.905,-81.628,6.4102,76.05
0.71708,-0.66508,-0.20769,0.018209,64.478,-81.532,6.4191,76.1
0.7166,-0.66549,-0.20809,0.017529,64.048,-81.434,6.4266,76.15
0.71599,-0.66607,-0.2084,0.016877,63.615,-81.334,6.4324,76.2
0.71548,-0.66648,-0.20887,0.016388,63.18,-81.234,6.4368,76.25
0.71505,-0.6668,-0.20933,0.015929,62.742,-81.132,6.4396,76.3
0.71466,-0.66712,-0.20971,0.015252,62.302,-81.029,6.4409,76.35
0.71414,-0.66754,-0.2102,0.014595,61.86,-80.924,6.4408,76.4
0.71362,-0.66796,-0.21065,0.014018,61.417,-80.818,6.4391,76.45
0.71319,-0.66836,-0.21088,0.013444,60.971,-80.711,6.4358,76.5
0.7128,-0.66868,-0.21122,0.012861,60.525,-80.603,6.4311,76.55
0.71225,-0.66915,-0.21164,0.012328,60.078,-80.494,6.4249,76.6
0.71179,-0.66949,-0.21213,0.011649,59.63,-80.383,6.4171,76.65
0.71122,-0.66997,-0.21256,0.011034,59.182,-80.272,6.4079,76.7
0.71067,-0.67047,-0.21283,0.010645,58.733,-80.159,6.397,76.75
0.71012,-0.6709,-0.21338,0.010076,58.284,-80.045,6.3847,76.8
0.70961,-0.67139,-0.21355,0.0093819,57.835,-79.93,6.3708,76.85
0.70909,-0.67186,-0.21383,0.0087615,57.386,-79.814,6.3554,76.9
0.70865,-0.67225,-0.21409,0.00834,56.938,-79.697,6.3385,76.95
0.70813,-0.67271,-0.21436,0.0077348,56.491,-79.578,6.32,77
0.70987,-0.67134,-0.2129,0.0073855,56.504,-78.862,6.2396,77.05
0.70925,-0.67176,-0.21369,0.006848,56.056,-78.734,6.2236,77.1
0.70869,-0.67231,-0.2138,0.0063471,55.606,-78.6,6.2006,77.15
0.70799,-0.67285,-0.21448,0.0055072,55.162,-78.467,6.1767,77.2
0.7076,-0.67323,-0.21455,0.0049924,54.72,-78.332,6.1495,77.25
0.70685,-0.67387,-0.21504,0.0043063,54.278,-78.196,6.1215,77.3
0.7062,-0.67441,-0.21549,0.0035425,53.839,-78.06,6.0908,77.35
0.7059,-0.67471,-0.21555,0.0032592,53.403,-77.922,6.0608,77.4
0.70568,-0.67489,-0.21571,0.0026806,52.969,-77.784,6.0258,77.45
0.70522,-0.67514,-0.21643,0.0019147,52.538,-77.645,5.9928,77.5
0.70441,-0.6758,-0.21703,0.001442,52.112,-77.505,5.9599,77.55
0.70412,-0.67609,-0.21707,0.0014615,51.688,-77.366,5.9206,77.6
0.70371,-0.67629,-0.21775,0.0008082,51.267,-77.223,5.8832,77.65
0.7031,-0.67689,-0.21788,-0.0004376,50.851,-77.083,5.8446,77.7
0.70238,-0.67743,-0.21852,-0.00083998,50.438,-76.94,5.8025,77.75
0.70254,-0.6771,-0.21902,-0.0015384,50.03,-76.797,5.7595,77.8
0.70175,-0.67795,-0.21891,-0.0018031,49.626,-76.654,5.7157,77.85
0.70145,-0.67814,-0.21928,-0.0024674,49.227,-76.51,5.6712,77.9
0.70064,-0.67886,-0.21965,-0.0030193,48.833,-76.367,5.6233,77.95
0.70012,-0.67925,-0.2201,-0.0032093,48.443,-76.222,5.5749,78
0.69908,-0.68007,-0.22086,-0.0039184,48.059,-76.076,5.526,78.05
0.6988,-0.68024,-0.22123,-0.004768,47.68,-75.931,5.4758,78.1
0.69856,-0.68057,-0.22096,-0.0051588,47.307,-75.786,5.4236,78.15
0.69822,-0.68073,-0.22151,-0.0055322,46.94,-75.64,5.372,78.2
0.69787,-0.68099,-0.22179,-0.0065135,46.578,-75.492,5.3173,78.25
0.69722,-0.68163,-0.22183,-0.0070477,46.224,-75.346,5.2622,78.3
0.69646,-0.68211,-0.22273,-0.0078491,45.875,-75.2,5.2055,78.35
0.69607,-0.68234,-0.22321,-0.0080707,45.533,-75.053,5.1472,78.4
0.69549,-0.68281,-0.22359,-0.008546,45.197,-74.905,5.0878,78.45
0.69519,-0.68296,-0.22403,-0.0093484,44.868,-74.758,5.0287,78.5
0.69444,-0.68383,-0.22369,-0.0099401,44.546,-74.611,4.9677,78.55
0.69388,-0.68401,-0.22487,-0.01029,44.232,-74.463,4.905,78.6
0.69336,-0.68448,-0.22499,-0.011046,43.924,-74.315,4.8423,78.65
0.69327,-0.68443,-0.22537,-0.012038,43.625,-74.168,4.7786,78.7
0.69272,-0.68491,-0.2256,-0.012077,43.333,-74.022,4.7131,78.75
0.69214,-0.68535,-0.22601,-0.0124,43.049,-73.874,4.6471,78.8
0.69146,-0.68605,-0.22594,-0.013107,42.773,-73.727,4.5797,78.85
0.69093,-0.6864,-0.22646,-0.013904,42.505,-73.581,4.5114,78.9
0.69033,-0.68675,-0.22717,-0.014327,42.244,-73.432,4.4431,78.95
0.69016,-0.68683,-0.22743,-0.01471,41.993,-73.286,4.3734,79
0.6897,-0.68717,-0.22777,-0.015026,41.75,-73.14,4.3018,79.05
0.68903,-0.68785,-0.22766,-0.016497,41.515,-72.993,4.2304,79.1
0.68845,-0.68816,-0.22842,-0.017349,41.29,-72.847,4.1572,79.15
0.6875,-0.68902,-0.22875,-0.016717,41.073,-72.702,4.0832,79.2
0.68744,-0.6891,-0.22855,-0.01827,40.865,-72.558,4.0092,79.25
0.68686,-0.68943,-0.22929,-0.018565,40.666,-72.412,3.9351,79.3
0.68638,-0.68972,-0.22983,-0.018779,40.476,-72.268,3.8579,79.35
0.68565,-0.69047,-0.22968,-0.019448,40.295,-72.124,3.7823,79.4
0.68511,-0.69072,-0.23053,-0.0198,40.124,-71.981,3.7054,79.45
0.68456,-0.69128,-0.23038,-0.02077,39.963,-71.838,3.6264,79.5
0.68429,-0.69106,-0.23175,-0.021861,39.81,-71.696,3.5489,79.55
0.68402,-0.69136,-0.23165,-0.021931,39.667,-71.554,3.4692,79.6
0.68315,-0.692,-0.23228,-0.022057,39.535,-71.413,3.3891,79.65
0.68245,-0.69259,-0.23245,-0.023341,39.412,-71.273,3.3084,79.7
0.68216,-0.69303,-0.23193,-0.023861,39.298,-71.133,3.2279,79.75
0.68145,-0.69341,-0.23286,-0.024223,39.194,-70.994,3.1472,79.8
0.68108,-0.69362,-0.23322,-0.02505,39.1,-70.856,3.0635,79.85
0.68036,-0.69423,-0.2335,-0.025078,39.016,-70.718,2.9803,79.9
0.67984,-0.69456,-0.23392,-0.026298,38.942,-70.582,2.8977,79.95
0.67929,-0.69499,-0.23418,-0.026654,38.878,-70.446,2.8147,80
0.67863,-0.69539,-0.23482,-0.02755,38.824,-70.31,2.7307,80.05
0.67864,-0.69535,-0.23482,-0.028154,38.78,-70.176,2.6463,80.1
0.67771,-0.696,-0.23558,-0.028231,38.746,-70.043,2.5629,80.15
0.67711,-0.69657,-0.23555,-0.028759,38.723,-69.911,2.4774,80.2
0.67687,-0.69677,-0.23562,-0.029077,38.709,-69.78,2.392,80.25
0.67628,-0.69721,-0.23583,-0.030381,38.706,-69.65,2.3072,80.3
0.67581,-0.69736,-0.23668,-0.030839,38.713,-69.521,2.2223,80.35
0.67526,-0.69761,-0.23745,-0.031228,38.729,-69.393,2.1346,80.4
0.67441,-0.69841,-0.23744,-0.031966,38.757,-69.267,2.0485,80.45
0.67403,-0.69863,-0.23785,-0.032036,38.793,-69.14,1.9637,80.5
0.67349,-0.69894,-0.23827,-0.033435,38.841,-69.016,1.8776,80.55
0.67315,-0.6991,-0.23874,-0.033604,38.897,-68.892,1.7902,80.6
0.67232,-0.69973,-0.23915,-0.034082,38.965,-68.769,1.7033,80.65
0.67221,-0.69975,-0.23939,-0.03438,39.042,-68.649,1.6163,80.7
0.67166,-0.70032,-0.23919,-0.034963,39.129,-68.529,1.5305,80.75
0.6709,-0.70064,-0.2402,-0.035998,39.226,-68.411,1.4433,80.8
0.67052,-0.70103,-0.24009,-0.036337,39.333,-68.294,1.3563,80.85
0.66998,-0.70133,-0.2407,-0.036523,39.45,-68.179,1.2703,80.9
0.66941,-0.70187,-0.24061,-0.037116,39.575,-68.063,1.1817,80.95
0.6683,-0.7026,-0.24146,-0.037913,39.712,-67.951,1.0978,81
0.66827,-0.7025,-0.24166,-0.038907,39.858,-67.84,1.0091,81.05
0.6675,-0.70309,-0.24207,-0.038804,40.013,-67.729,0.92467,81.1
0.6671,-0.70347,-0.24184,-0.040342,40.178,-67.621,0.83728,81.15
0.6669,-0.70354,-0.24215,-0.040508,40.352,-67.514,0.75165,81.2
0.66589,-0.70439,-0.24244,-0.040578,40.535,-67.408,0.66631,81.25
0.66541,-0.7045,-0.24327,-0.041487,40.728,-67.303,0.58025,81.3
0.66467,-0.70491,-0.24406,-0.041871,40.93,-67.202,0.49392,81.35
0.66416,-0.7054,-0.24394,-0.04243,41.141,-67.102,0.40913,81.4
0.66372,-0.70568,-0.2443,-0.042587,41.36,-67.002,0.32606,81.45
0.66355,-0.70572,-0.24447,-0.043611,41.588,-66.905,0.24199,81.5
0.66286,-0.7062,-0.2449,-0.043824,41.825,-66.809,0.15826,81.55
0.6623,-0.70647,-0.24549,-0.044672,42.071,-66.716,0.074022,81.6
0.66169,-0.70692,-0.24573,-0.045207,42.325,-66.624,-0.0088701,81.65
0.66123,-0.70715,-0.24617,-0.045926,42.587,-66.532,-0.092485,81.7
0.6602,-0.70791,-0.2467,-0.046209,42.858,-66.444,-0.17433,81.75
0.65965,-0.70832,-0.2468,-0.047368,43.136,-66.357,-0.25641,81.8
0.65951,-0.70837,-0.24696,-0.047579,43.423,-66.272,-0.33635,81.85
0.65878,-0.70885,-0.24737,-0.048455,43.716,-66.188,-0.41653,81.9
0.65833,-0.70912,-0.24762,-0.049374,44.018,-66.107,-0.49697,81.95
0.65774,-0.70938,-0.24842,-0.049416,44.327,-66.027,-0.57466,82
0.65728,-0.70971,-0.24859,-0.04998,44.644,-65.949,-0.65346,82.05
0.65664,-0.71016,-0.2489,-0.050485,44.967,-65.874,-0.7319,82.1
0.65633,-0.71044,-0.24871,-0.051497,45.297,-65.799,-0.80936,82.15
0.65522,-0.71118,-0.24949,-0.051633,45.634,-65.727,-0.88531,82.2
0.65501,-0.71133,-0.2494,-0.052656,45.978,-65.657,-0.96156,82.25
0.65488,-0.71124,-0.24985,-0.053277,46.328,-65.589,-1.0359,82.3
0.65394,-0.71198,-0.25009,-0.053869,46.685,-65.524,-1.111,82.35
0.65329,-0.71222,-0.25096,-0.054572,47.047,-65.459,-1.1856,82.4
0.65291,-0.71249,-0.25123,-0.054364,47.415,-65.397,-1.2578,82.45
0.65227,-0.71294,-0.25138,-0.055353,47.789,-65.337,-1.3293,82.5
0.65141,-0.71377,-0.2511,-0.056078,48.169,-65.279,-1.4,82.55
0.65093,-0.71375,-0.25231,-0.056383,48.554,-65.224,-1.4698,82.6
0.65054,-0.71404,-0.25241,-0.056897,48.944,-65.17,-1.5398,82.65
0.64955,-0.71473,-0.25288,-0.057399,49.339,-65.118,-1.6077,82.7
0.6491,-0.71495,-0.25328,-0.058072,49.738,-65.068,-1.6751,82.75
0.64897,-0.71497,-0.25341,-0.058618,50.143,-65.022,-1.7422,82.8
0.64835,-0.7154,-0.25361,-0.059433,50.551,-64.976,-1.8078,82.85
0.64768,-0.71592,-0.2539,-0.059068,50.964,-64.933,-1.872,82.9
0.6472,-0.71611,-0.25433,-0.060338,51.381,-64.893,-1.9345,82.95
0.64685,-0.71634,-0.25453,-0.060465,51.802,-64.854,-1.9949,83
0.64598,-0.71674,-0.25526,-0.061994,52.226,-64.817,-2.0563,83.05
0.64572,-0.71708,-0.25499,-0.061759,52.652,-64.783,-2.1161,83.1
0.64505,-0.71733,-0.25589,-0.062235,53.082,-64.75,-2.1756,83.15
0.64437,-0.71778,-0.25618,-0.06281,53.515,-64.721,-2.23,83.2
0.644,-0.71779,-0.25698,-0.063249,53.95,-64.692,-2.2859,83.25
0.64392,-0.71793,-0.25653,-0.06431,54.387,-64.666,-2.3435,83.3
0.64261,-0.71864,-0.2577,-0.064786,54.828,-64.643,-2.3971,83.35
0.64224,-0.71901,-0.2573,-0.06602,55.27,-64.622,-2.4481,83.4
0.6411,-0.71975,-0.25809,-0.065865,55.713,-64.602,-2.5005,83.45
0.64047,-0.7201,-0.25851,-0.066478,56.157,-64.584,-2.5511,83.5
0.63986,-0.7205,-0.25879,-0.067031,56.603,-64.569,-2.6005,83.55
0.63915,-0.72093,-0.25923,-0.06751,57.05,-64.556,-2.6486,83.6
0.63861,-0.72123,-0.25954,-0.06815,57.497,-64.545,-2.6953,83.65
0.63797,-0.72155,-0.2601,-0.068626,57.945,-64.537,-2.7408,83.7
0.63746,-0.7218,-0.26044,-0.069414,58.393,-64.53,-2.785,83.75
0.63672,-0.72222,-0.26092,-0.070024,58.842,-64.526,-2.8278,83.8
0.6361,-0.72259,-0.26123,-0.070734,59.29,-64.525,-2.8692,83.85
0.63556,-0.72287,-0.26161,-0.071246,59.738,-64.525,-2.9093,83.9
0.63493,-0.72329,-0.26179,-0.071928,60.185,-64.528,-2.9479,83.95
0.63423,-0.72373,-0.26209,-0.072549,60.632,-64.534,-2.9852,84
0.6337,-0.72402,-0.26247,-0.072995,61.077,-64.541,-3.0211,84.05
0.63314,-0.72438,-0.26264,-0.073666,61.522,-64.551,-3.0555,84.1
0.63261,-0.72466,-0.26301,-0.074225,61.965,-64.563,-3.0885,84.15
0.632,-0.72499,-0.26344,-0.074581,62.406,-64.578,-3.1201,84.2
0.63143,-0.72532,-0.26375,-0.075157,62.845,-64.595,-3.1503,84.25
0.63084,-0.72565,-0.26411,-0.075694,63.282,-64.614,-3.1789,84.3
0.63026,-0.72595,-0.26447,-0.076288,63.716,-64.636,-3.2061,84.35
0.62969,-0.72627,-0.26476,-0.076973,64.148,-64.659,-3.2318,84.4
0.62919,-0.72659,-0.2649,-0.077505,64.577,-64.685,-3.256,84.45
0.62851,-0.72698,-0.26533,-0.077906,65.004,-64.714,-3.2786,84.5
0.62785,-0.72735,-0.26569,-0.078536,65.426,-64.745,-3.2998,84.55
0.62717,-0.72779,-0.26599,-0.078987,65.846,-64.778,-3.3195,84.6
0.62666,-0.72808,-0.2662,-0.079529,66.261,-64.813,-3.3376,84.65
0.62613,-0.72824,-0.26681,-0.080273,66.673,-64.851,-3.3541,84.7
0.62556,-0.72849,-0.26728,-0.080893,67.081,-64.89,-3.3692,84.75
0.62509,-0.72875,-0.26745,-0.081496,67.485,-64.932,-3.3835,84.8
0.62437,-0.72921,-0.26776,-0.082011,67.884,-64.976,-3.3963,84.85
0.62376,-0.72958,-0.26794,-0.082753,68.279,-65.022,-3.4076,84.9
0.62331,-0.72988,-0.26805,-0.083187,68.668,-65.071,-3.4173,84.95
0.62263,-0.73026,-0.26846,-0.083577,69.053,-65.121,-3.4256,85
0.62214,-0.73053,-0.26875,-0.083912,69.432,-65.174,-3.4323,85.05
0.6215,-0.73093,-0.269,-0.084342,69.806,-65.229,-3.4375,85.1
0.6209,-0.73122,-0.26939,-0.085,70.174,-65.286,-3.4412,85.15
0.62029,-0.73155,-0.26965,-0.085813,70.536,-65.346,-3.4434,85.2
0.6198,-0.73186,-0.26973,-0.086448,70.892,-65.407,-3.444,85.25
0.61926,-0.7321,-0.2701,-0.087109,71.242,-65.471,-3.4431,85.3
0.61887,-0.73229,-0.27036,-0.087568,71.586,-65.537,-3.4406,85.35
0.61824,-0.73261,-0.27072,-0.088208,71.923,-65.605,-3.4366,85.4
0.61777,-0.73292,-0.27073,-0.088785,72.253,-65.675,-3.4311,85.45
0.61716,-0.73324,-0.2711,-0.089343,72.576,-65.747,-3.424,85.5
0.61674,-0.73339,-0.27144,-0.08997,72.892,-65.821,-3.4154,85.55
0.61609,-0.73373,-0.27181,-0.090498,73.201,-65.897,-3.4053,85.6
0.61555,-0.73405,-0.27195,-0.091215,73.503,-65.975,-3.3936,85.65
0.615,-0.73437,-0.27213,-0.091731,73.797,-66.055,-3.3805,85.7
0.61432,-0.73474,-0.27259,-0.092003,74.083,-66.137,-3.3658,85.75
0.61368,-0.73504,-0.27298,-0.09273,74.361,-66.221,-3.3496,85.8
0.61298,-0.73536,-0.27343,-0.09343,74.632,-66.307,-3.3319,85.85
0.61249,-0.73563,-0.27367,-0.093871,74.894,-66.395,-3.3128,85.9
0.61195,-0.73587,-0.27412,-0.094188,75.148,-66.485,-3.2921,85.95
0.6113,-0.7362,-0.27448,-0.094792,75.393,-66.577,-3.27,86
0.61077,-0.7365,-0.27473,-0.095111,75.63,-66.67,-3.2463,86.05
0.61006,-0.73692,-0.275,-0.095691,75.859,-66.766,-3.2212,86.1
0.60954,-0.73719,-0.27521,-0.09631,76.079,-66.863,-3.1946,86.15
0.60884,-0.73756,-0.27558,-0.096848,76.289,-66.962,-3.1665,86.2
0.60815,-0.7379,-0.27591,-0.097623,76.491,-67.063,-3.137,86.25
0.60748,-0.73826,-0.2762,-0.098243,76.684,-67.166,-3.1061,86.3
0.607,-0.7384,-0.27665,-0.098898,76.868,-67.27,-3.0737,86.35
0.60621,-0.73888,-0.27695,-0.099344,77.042,-67.376,-3.0398,86.4
0.60567,-0.73914,-0.27724,-0.099807,77.208,-67.484,-3.0046,86.45
0.60505,-0.73941,-0.27771,-0.10034,77.363,-67.593,-2.9679,86.5
0.60441,-0.73974,-0.27803,-0.10088,77.509,-67.704,-2.9299,86.55
0.60379,-0.74005,-0.27833,-0.10151,77.646,-67.817,-2.8905,86.6
0.60305,-0.74043,-0.27871,-0.10205,77.773,-67.932,-2.8497,86.65
0.60249,-0.74072,-0.27901,-0.10248,77.891,-68.048,-2.8075,86.7
0.60197,-0.74099,-0.27915,-0.10315,77.998,-68.165,-2.764,86.75
0.60133,-0.74132,-0.27947,-0.10367,78.096,-68.284,-2.7191,86.8
0.60063,-0.74173,-0.27968,-0.10423,78.184,-68.405,-2.6729,86.85
0.5999,-0.74209,-0.28009,-0.10477,78.262,-68.527,-2.6253,86.9
0.59932,-0.74241,-0.28029,-0.10527,78.33,-68.651,-2.5765,86.95
0.5987,-0.74272,-0.2806,-0.1058,78.388,-68.776,-2.5264,87
0.598,-0.74305,-0.28098,-0.10641,78.437,-68.902,-2.475,87.05
0.59749,-0.74323,-0.2814,-0.10695,78.475,-69.03,-2.4223,87.1
0.59682,-0.74359,-0.28162,-0.10756,78.503,-69.159,-2.3683,87.15
0.5961,-0.7439,-0.2821,-0.10816,78.521,-69.289,-2.3132,87.2
0.59542,-0.74422,-0.28249,-0.10868,78.529,-69.421,-2.2568,87.25
0.59484,-0.7445,-0.28285,-0.10906,78.527,-69.554,-2.1993,87.3
0.59407,-0.74492,-0.28309,-0.10968,78.515,-69.688,-2.1406,87.35
0.5934,-0.74525,-0.2834,-0.11035,78.493,-69.824,-2.0807,87.4
0.59279,-0.74548,-0.28378,-0.111,78.462,-69.961,-2.0196,87.45
0.59209,-0.74579,-0.28425,-0.1115,78.42,-70.099,-1.9575,87.5
0.59157,-0.74598,-0.28462,-0.11204,78.368,-70.238,-1.8942,87.55
0.59078,-0.74635,-0.28502,-0.11271,78.306,-70.378,-1.8298,87.6
0.59024,-0.74662,-0.28528,-0.11308,78.234,-70.519,-1.7644,87.65
0.58969,-0.74685,-0.28557,-0.11369,78.152,-70.661,-1.6979,87.7
0.5891,-0.74716,-0.28581,-0.11415,78.061,-70.804,-1.6303,87.75
0.58839,-0.74754,-0.28607,-0.11466,77.96,-70.949,-1.5618,87.8
0.58765,-0.74784,-0.28651,-0.11539,77.849,-71.094,-1.4922,87.85
0.58704,-0.74813,-0.2868,-0.1159,77.728,-71.24,-1.4217,87.9
0.58631,-0.74851,-0.28709,-0.11643,77.598,-71.387,-1.3502,87.95
0.58577,-0.74879,-0.28728,-0.1169,77.458,-71.535,-1.2778,88
0.58504,-0.74924,-0.28738,-0.11739,77.309,-71.684,-1.2046,88.05
0.58461,-0.74939,-0.28765,-0.1179,77.151,-71.833,-1.1304,88.1
0.58391,-0.74969,-0.28809,-0.11841,76.983,-71.983,-1.0553,88.15
0.58327,-0.75,-0.28837,-0.11891,76.806,-72.134,-0.97941,88.2
0.58255,-0.7503,-0.28874,-0.11962,76.62,-72.286,-0.9027,88.25
0.58196,-0.7505,-0.28912,-0.12038,76.425,-72.438,-0.82516,88.3
0.58138,-0.7507,-0.28946,-0.1211,76.221,-72.591,-0.74684,88.35
0.58062,-0.75105,-0.28986,-0.12164,76.008,-72.745,-0.66777,88.4
0.58,-0.75135,-0.29009,-0.12214,75.786,-72.899,-0.58798,88.45
0.57944,-0.75152,-0.29052,-0.12269,75.556,-73.053,-0.50749,88.5
0.57872,-0.75188,-0.29089,-0.12309,75.317,-73.208,-0.42632,88.55
0.57799,-0.75218,-0.29132,-0.12368,75.07,-73.364,-0.3445,88.6
0.57719,-0.75261,-0.29158,-0.12417,74.815,-73.519,-0.26207,88.65
0.57642,-0.75298,-0.29183,-0.12489,74.551,-73.676,-0.17904,88.7
0.5757,-0.75337,-0.29194,-0.12555,74.28,-73.832,-0.095445,88.75
0.57499,-0.7536,-0.29244,-0.12633,74.001,-73.989,-0.011285,88.8
0.57432,-0.75388,-0.2928,-0.12686,73.714,-74.146,0.073385,88.85
0.57365,-0.75415,-0.29323,-0.1273,73.419,-74.304,0.15853,88.9
0.57317,-0.75439,-0.29332,-0.1278,73.117,-74.461,0.24417,88.95
0.57245,-0.75471,-0.2936,-0.12849,72.808,-74.619,0.33026,89
0.57188,-0.75492,-0.29398,-0.12893,72.492,-74.777,0.41674,89.05
0.57105,-0.75526,-0.29442,-0.12961,72.169,-74.935,0.50363,89.1
0.57037,-0.75562,-0.29471,-0.12986,71.839,-75.093,0.59086,89.15
0.56972,-0.75591,-0.29499,-0.13039,71.503,-75.252,0.67844,89.2
0.56915,-0.75611,-0.29532,-0.13095,71.16,-75.41,0.76631,89.25
0.56844,-0.75642,-0.29562,-0.13161,70.81,-75.568,0.85448,89.3
0.56777,-0.7567,-0.29589,-0.13224,70.455,-75.726,0.94291,89.35
0.56722,-0.75688,-0.29622,-0.1328,70.094,-75.884,1.0315,89.4
0.56651,-0.75723,-0.29643,-0.13337,69.727,-76.042,1.1204,89.45
0.56586,-0.75746,-0.29679,-0.13404,69.355,-76.199,1.2094,89.5
0.56517,-0.75776,-0.29717,-0.13442,68.977,-76.356,1.2986,89.55
0.5646,-0.75796,-0.29754,-0.13493,68.595,-76.514,1.3879,89.6
0.56394,-0.75825,-0.29781,-0.13544,68.207,-76.67,1.4772,89.65
0.56323,-0.75862,-0.29802,-0.13582,67.814,-76.827,1.5665,89.7
0.56253,-0.7589,-0.29829,-0.13658,67.417,-76.983,1.656,89.75
0.56196,-0.7591,-0.29859,-0.13715,67.016,-77.139,1.7454,89.8
0.56144,-0.75937,-0.29861,-0.13774,66.61,-77.294,1.8348,89.85
0.56079,-0.75959,-0.299,-0.13833,66.201,-77.449,1.9242,89.9
0.56009,-0.75993,-0.29924,-0.13877,65.788,-77.603,2.0134,89.95
0.55937,-0.76029,-0.29936,-0.13944,65.371,-77.757,2.1026,90
