0.61237,0.35355,0.35355,0.61237,-40,40,0
0.61249,0.35342,0.35351,0.61236,-39.91,40,0.0075
0.61261,0.35328,0.35346,0.61235,-39.82,40,0.015
0.61273,0.35315,0.35341,0.61233,-39.73,40,0.0225
0.61285,0.35301,0.35336,0.61232,-39.64,40,0.03
0.61297,0.35288,0.35331,0.61231,-39.55,40,0.0375
0.61309,0.35274,0.35326,0.61229,-39.46,40,0.044999
0.6132,0.35261,0.35322,0.61228,-39.37,40,0.052499
0.61332,0.35247,0.35317,0.61227,-39.28,40,0.059999
0.61344,0.35233,0.35312,0.61226,-39.19,40,0.067498
0.61356,0.3522,0.35307,0.61224,-39.1,40,0.074997
0.61368,0.35206,0.35302,0.61223,-39.01,39.999,0.082496
0.6138,0.35193,0.35297,0.61222,-38.921,39.999,0.089995
0.61392,0.35179,0.35292,0.6122,-38.831,39.999,0.097494
0.61404,0.35166,0.35288,0.61219,-38.741,39.999,0.10499
0.61416,0.35152,0.35283,0.61218,-38.651,39.999,0.11249
0.61427,0.35139,0.35278,0.61216,-38.561,39.999,0.11999
0.61439,0.35125,0.35273,0.61215,-38.471,39.999,0.12749
0.61451,0.35111,0.35268,0.61214,-38.382,39.998,0.13498
0.61463,0.35098,0.35263,0.61212,-38.292,39.998,0.14248
0.61475,0.35084,0.35258,0.61211,-38.202,39.998,0.14998
0.61487,0.35071,0.35254,0.6121,-38.113,39.998,0.15747
0.61499,0.35057,0.35249,0.61208,-38.023,39.998,0.16497
0.6151,0.35044,0.35244,0.61207,-37.934,39.997,0.17247
0.61522,0.3503,0.35239,0.61206,-37.844,39.997,0.17996
0.61534,0.35016,0.35234,0.61204,-37.755,39.997,0.18746
0.61546,0.35003,0.35229,0.61203,-37.665,39.997,0.19495
0.61558,0.34989,0.35224,0.61202,-37.576,39.996,0.20244
0.6157,0.34976,0.3522,0.612,-37.487,39.996,0.20994
0.61581,0.34962,0.35215,0.61199,-37.397,39.996,0.21743
0.61593,0.34949,0.3521,0.61197,-37.308,39.996,0.22492
0.61605,0.34935,0.35205,0.61196,-37.219,39.995,0.23242
0.61617,0.34921,0.352,0.61195,-37.13,39.995,0.23991
0.61629,0.34908,0.35195,0.61193,-37.041,39.995,0.2474
0.61641,0.34894,0.3519,0.61192,-36.952,39.994,0.25489
0.61652,0.34881,0.35186,0.61191,-36.863,39.994,0.26238
0.61664,0.34867,0.35181,0.61189,-36.774,39.994,0.26987
0.61676,0.34853,0.35176,0.61188,-36.685,39.993,0.27736
0.61688,0.3484,0.35171,0.61187,-36.597,39.993,0.28485
0.617,0.34826,0.35166,0.61185,-36.508,39.992,0.29233
0.61712,0.34813,0.35161,0.61184,-36.419,39.992,0.29982
0.61723,0.34799,0.35156,0.61182,-36.331,39.992,0.30731
0.61735,0.34786,0.35151,0.61181,-36.242,39.991,0.31479
0.61747,0.34772,0.35147,0.6118,-36.154,39.991,0.32228
0.61759,0.34758,0.35142,0.61178,-36.066,39.99,0.32976
0.61771,0.34745,0.35137,0.61177,-35.978,39.99,0.33724
0.61782,0.34731,0.35132,0.61175,-35.89,39.989,0.34473
0.61794,0.34718,0.35127,0.61174,-35.801,39.989,0.35221
0.61806,0.34704,0.35122,0.61173,-35.714,39.988,0.35969
0.61818,0.3469,0.35117,0.61171,-35.626,39.988,0.36717
0.6183,0.34677,0.35112,0.6117,-35.538,39.988,0.37465
0.61841,0.34663,0.35107,0.61168,-35.45,39.987,0.38213
0.61853,0.3465,0.35103,0.61167,-35.363,39.986,0.3896
0.61865,0.34636,0.35098,0.61166,-35.275,39.986,0.39708
0.61877,0.34622,0.35093,0.61164,-35.188,39.985,0.40456
0.61889,0.34609,0.35088,0.61163,-35.1,39.985,0.41203
0.619,0.34595,0.35083,0.61161,-35.013,39.984,0.41951
0.61912,0.34581,0.35078,0.6116,-34.926,39.984,0.42698
0.61924,0.34568,0.35073,0.61159,-34.839,39.983,0.43445
0.61936,0.34554,0.35068,0.61157,-34.752,39.983,0.44192
0.61947,0.34541,0.35063,0.61156,-34.665,39.982,0.44939
0.61959,0.34527,0.35058,0.61154,-34.579,39.981,0.45686
0.61971,0.34513,0.35054,0.61153,-34.492,39.981,0.46433
0.61983,0.345,0.35049,0.61151,-34.406,39.98,0.4718
0.61994,0.34486,0.35044,0.6115,-34.319,39.98,0.47926
0.62006,0.34473,0.35039,0.61149,-34.233,39.979,0.48673
0.62018,0.34459,0.35034,0.61147,-34.147,39.978,0.49419
0.6203,0.34445,0.35029,0.61146,-34.061,39.978,0.50165
0.62042,0.34432,0.35024,0.61144,-33.975,39.977,0.50912
0.62053,0.34418,0.35019,0.61143,-33.889,39.976,0.51658
0.62065,0.34404,0.35014,0.61141,-33.804,39.976,0.52404
0.62077,0.34391,0.35009,0.6114,-33.718,39.975,0.53149
0.62089,0.34377,0.35004,0.61139,-33.633,39.974,0.53895
0.621,0.34364,0.34999,0.61137,-33.548,39.973,0.54641
0.62112,0.3435,0.34995,0.61136,-33.462,39.973,0.55386
0.62124,0.34336,0.3499,0.61134,-33.377,39.972,0.56131
0.62135,0.34323,0.34985,0.61133,-33.293,39.971,0.56877
0.62147,0.34309,0.3498,0.61131,-33.208,39.97,0.57622
0.62159,0.34295,0.34975,0.6113,-33.123,39.97,0.58367
0.62171,0.34282,0.3497,0.61128,-33.039,39.969,0.59111
0.62182,0.34268,0.34965,0.61127,-32.955,39.968,0.59856
0.62194,0.34254,0.3496,0.61125,-32.87,39.967,0.60601
0.62206,0.34241,0.34955,0.61124,-32.786,39.966,0.61345
0.62218,0.34227,0.3495,0.61122,-32.702,39.966,0.62089
0.62229,0.34214,0.34945,0.61121,-32.619,39.965,0.62833
0.62241,0.342,0.3494,0.6112,-32.535,39.964,0.63577
0.62253,0.34186,0.34935,0.61118,-32.452,39.963,0.64321
0.62264,0.34173,0.3493,0.61117,-32.368,39.962,0.65065
0.62276,0.34159,0.34926,0.61115,-32.285,39.961,0.65809
0.62288,0.34145,0.34921,0.61114,-32.202,39.96,0.66552
0.623,0.34132,0.34916,0.61112,-32.12,39.96,0.67295
0.62311,0.34118,0.34911,0.61111,-32.037,39.959,0.68038
0.62323,0.34104,0.34906,0.61109,-31.955,39.958,0.68781
0.62335,0.34091,0.34901,0.61108,-31.872,39.957,0.69524
0.62346,0.34077,0.34896,0.61106,-31.79,39.956,0.70267
0.62358,0.34063,0.34891,0.61105,-31.708,39.955,0.71009
0.6237,0.3405,0.34886,0.61103,-31.626,39.954,0.71751
0.62381,0.34036,0.34881,0.61102,-31.545,39.953,0.72494
0.62393,0.34022,0.34876,0.611,-31.463,39.952,0.73236
0.62405,0.34009,0.34871,0.61099,-31.382,39.951,0.73977
0.62417,0.33995,0.34866,0.61097,-31.301,39.95,0.74719
0.62428,0.33981,0.34861,0.61096,-31.22,39.949,0.75461
0.6244,0.33968,0.34856,0.61094,-31.139,39.948,0.76202
0.62452,0.33954,0.34851,0.61093,-31.058,39.947,0.76943
0.62463,0.3394,0.34846,0.61091,-30.978,39.946,0.77684
0.62475,0.33927,0.34841,0.6109,-30.898,39.945,0.78425
0.62487,0.33913,0.34836,0.61088,-30.818,39.944,0.79165
0.62498,0.33899,0.34832,0.61087,-30.738,39.943,0.79906
0.6251,0.33886,0.34827,0.61085,-30.658,39.942,0.80646
0.62522,0.33872,0.34822,0.61083,-30.579,39.941,0.81386
0.62533,0.33858,0.34817,0.61082,-30.499,39.94,0.82126
0.62545,0.33845,0.34812,0.6108,-30.42,39.938,0.82866
0.62557,0.33831,0.34807,0.61079,-30.341,39.937,0.83605
0.62568,0.33817,0.34802,0.61077,-30.263,39.936,0.84345
0.6258,0.33804,0.34797,0.61076,-30.184,39.935,0.85084
0.62592,0.3379,0.34792,0.61074,-30.106,39.934,0.85823
0.62603,0.33776,0.34787,0.61073,-30.028,39.933,0.86562
0.62615,0.33763,0.34782,0.61071,-29.95,39.932,0.873
0.62626,0.33749,0.34777,0.6107,-29.872,39.93,0.88039
0.62638,0.33735,0.34772,0.61068,-29.795,39.929,0.88777
0.6265,0.33722,0.34767,0.61067,-29.717,39.928,0.89515
0.62661,0.33708,0.34762,0.61065,-29.64,39.927,0.90253
0.62673,0.33694,0.34757,0.61063,-29.563,39.926,0.9099
0.62685,0.33681,0.34752,0.61062,-29.487,39.924,0.91728
0.62696,0.33667,0.34747,0.6106,-29.41,39.923,0.92465
0.62708,0.33653,0.34742,0.61059,-29.334,39.922,0.93202
0.6272,0.33639,0.34737,0.61057,-29.258,39.921,0.93938
0.62731,0.33626,0.34732,0.61056,-29.182,39.919,0.94675
0.62743,0.33612,0.34727,0.61054,-29.107,39.918,0.95411
0.62754,0.33598,0.34722,0.61052,-29.031,39.917,0.96147
0.62766,0.33585,0.34717,0.61051,-28.956,39.916,0.96883
0.62778,0.33571,0.34712,0.61049,-28.881,39.914,0.97619
0.62789,0.33557,0.34707,0.61048,-28.806,39.913,0.98354
0.62801,0.33544,0.34702,0.61046,-28.732,39.912,0.9909
0.62813,0.3353,0.34697,0.61045,-28.658,39.91,0.99825
0.62824,0.33516,0.34692,0.61043,-28.584,39.909,1.0056
0.62836,0.33502,0.34687,0.61041,-28.51,39.908,1.0129
0.62847,0.33489,0.34682,0.6104,-28.436,39.906,1.0203
0.62859,0.33475,0.34677,0.61038,-28.363,39.905,1.0276
0.62871,0.33461,0.34672,0.61037,-28.29,39.904,1.035
0.62882,0.33448,0.34667,0.61035,-28.217,39.902,1.0423
0.62894,0.33434,0.34662,0.61033,-28.145,39.901,1.0496
0.62905,0.3342,0.34657,0.61032,-28.072,39.899,1.057
0.62917,0.33406,0.34652,0.6103,-28,39.898,1.0643
0.62929,0.33393,0.34647,0.61029,-27.928,39.896,1.0716
0.6294,0.33379,0.34642,0.61027,-27.857,39.895,1.0789
0.62952,0.33365,0.34637,0.61025,-27.785,39.894,1.0863
0.62963,0.33352,0.34632,0.61024,-27.714,39.892,1.0936
0.62975,0.33338,0.34627,0.61022,-27.643,39.891,1.1009
0.62986,0.33324,0.34622,0.61021,-27.572,39.889,1.1082
0.62998,0.3331,0.34617,0.61019,-27.502,39.888,1.1155
0.6301,0.33297,0.34612,0.61017,-27.432,39.886,1.1228
0.63021,0.33283,0.34607,0.61016,-27.362,39.885,1.1301
0.63033,0.33269,0.34602,0.61014,-27.292,39.883,1.1375
0.63044,0.33256,0.34597,0.61013,-27.223,39.882,1.1448
0.63056,0.33242,0.34592,0.61011,-27.154,39.88,1.1521
0.63067,0.33228,0.34587,0.61009,-27.085,39.879,1.1594
0.63079,0.33214,0.34582,0.61008,-27.016,39.877,1.1666
0.63091,0.33201,0.34577,0.61006,-26.948,39.875,1.1739
0.63102,0.33187,0.34572,0.61004,-26.88,39.874,1.1812
0.63114,0.33173,0.34567,0.61003,-26.812,39.872,1.1885
0.63125,0.33159,0.34562,0.61001,-26.745,39.871,1.1958
0.63137,0.33146,0.34557,0.61,-26.678,39.869,1.2031
0.63148,0.33132,0.34552,0.60998,-26.611,39.867,1.2104
0.6316,0.33118,0.34547,0.60996,-26.544,39.866,1.2176
0.63171,0.33104,0.34542,0.60995,-26.477,39.864,1.2249
0.63183,0.33091,0.34537,0.60993,-26.411,39.863,1.2322
0.63194,0.33077,0.34532,0.60991,-26.345,39.861,1.2394
0.63206,0.33063,0.34527,0.6099,-26.28,39.859,1.2467
0.63218,0.3305,0.34522,0.60988,-26.214,39.858,1.254
0.63229,0.33036,0.34517,0.60986,-26.149,39.856,1.2612
0.63241,0.33022,0.34512,0.60985,-26.084,39.854,1.2685
0.63252,0.33008,0.34506,0.60983,-26.02,39.852,1.2757
0.63264,0.32995,0.34501,0.60981,-25.956,39.851,1.283
0.63275,0.32981,0.34496,0.6098,-25.892,39.849,1.2902
0.63287,0.32967,0.34491,0.60978,-25.828,39.847,1.2975
0.63298,0.32953,0.34486,0.60976,-25.765,39.846,1.3047
0.6331,0.3294,0.34481,0.60975,-25.702,39.844,1.312
0.63321,0.32926,0.34476,0.60973,-25.639,39.842,1.3192
0.63333,0.32912,0.34471,0.60971,-25.576,39.84,1.3264
0.63344,0.32898,0.34466,0.6097,-25.514,39.838,1.3337
0.63356,0.32885,0.34461,0.60968,-25.452,39.837,1.3409
0.63367,0.32871,0.34456,0.60966,-25.391,39.835,1.3481
0.63379,0.32857,0.34451,0.60965,-25.329,39.833,1.3553
0.6339,0.32843,0.34446,0.60963,-25.268,39.831,1.3625
0.63402,0.32829,0.34441,0.60961,-25.208,39.829,1.3698
0.63413,0.32816,0.34436,0.6096,-25.147,39.828,1.377
0.63425,0.32802,0.34431,0.60958,-25.087,39.826,1.3842
0.63436,0.32788,0.34426,0.60956,-25.027,39.824,1.3914
0.63448,0.32774,0.34421,0.60954,-24.968,39.822,1.3986
0.63459,0.32761,0.34416,0.60953,-24.909,39.82,1.4058
0.63471,0.32747,0.34411,0.60951,-24.85,39.818,1.413
0.63482,0.32733,0.34405,0.60949,-24.791,39.816,1.4202
0.63494,0.32719,0.344,0.60948,-24.733,39.814,1.4274
0.63505,0.32706,0.34395,0.60946,-24.675,39.812,1.4346
0.63517,0.32692,0.3439,0.60944,-24.617,39.81,1.4417
0.63528,0.32678,0.34385,0.60942,-24.56,39.809,1.4489
0.6354,0.32664,0.3438,0.60941,-24.503,39.807,1.4561
0.63551,0.3265,0.34375,0.60939,-24.446,39.805,1.4633
0.63563,0.32637,0.3437,0.60937,-24.39,39.803,1.4704
0.63574,0.32623,0.34365,0.60936,-24.333,39.801,1.4776
0.63585,0.32609,0.3436,0.60934,-24.278,39.799,1.4848
0.63597,0.32595,0.34355,0.60932,-24.222,39.797,1.4919
0.63608,0.32582,0.3435,0.6093,-24.167,39.795,1.4991
0.6362,0.32568,0.34345,0.60929,-24.112,39.793,1.5062
0.63631,0.32554,0.3434,0.60927,-24.058,39.791,1.5134
0.63643,0.3254,0.34334,0.60925,-24.004,39.789,1.5205
0.63654,0.32526,0.34329,0.60924,-23.95,39.787,1.5277
0.63666,0.32513,0.34324,0.60922,-23.896,39.784,1.5348
0.63677,0.32499,0.34319,0.6092,-23.843,39.782,1.5419
0.63688,0.32485,0.34314,0.60918,-23.79,39.78,1.5491
0.637,0.32471,0.34309,0.60917,-23.738,39.778,1.5562
0.63711,0.32457,0.34304,0.60915,-23.685,39.776,1.5633
0.63723,0.32444,0.34299,0.60913,-23.633,39.774,1.5705
0.63734,0.3243,0.34294,0.60911,-23.582,39.772,1.5776
0.63746,0.32416,0.34289,0.6091,-23.531,39.77,1.5847
0.63757,0.32402,0.34284,0.60908,-23.48,39.768,1.5918
0.63769,0.32389,0.34278,0.60906,-23.429,39.765,1.5989
0.6378,0.32375,0.34273,0.60904,-23.379,39.763,1.606
0.63791,0.32361,0.34268,0.60903,-23.329,39.761,1.6131
0.63803,0.32347,0.34263,0.60901,-23.279,39.759,1.6202
0.63814,0.32333,0.34258,0.60899,-23.23,39.757,1.6273
0.63826,0.32319,0.34253,0.60897,-23.181,39.755,1.6344
0.63837,0.32306,0.34248,0.60895,-23.133,39.752,1.6415
0.63848,0.32292,0.34243,0.60894,-23.085,39.75,1.6486
0.6386,0.32278,0.34238,0.60892,-23.037,39.748,1.6556
0.63871,0.32264,0.34233,0.6089,-22.989,39.746,1.6627
0.63883,0.3225,0.34227,0.60888,-22.942,39.743,1.6698
0.63894,0.32237,0.34222,0.60887,-22.895,39.741,1.6769
0.63905,0.32223,0.34217,0.60885,-22.849,39.739,1.6839
0.63917,0.32209,0.34212,0.60883,-22.803,39.737,1.691
0.63928,0.32195,0.34207,0.60881,-22.757,39.734,1.698
0.6394,0.32181,0.34202,0.60879,-22.712,39.732,1.7051
0.63951,0.32168,0.34197,0.60878,-22.666,39.73,1.7121
0.63962,0.32154,0.34192,0.60876,-22.622,39.727,1.7192
0.63974,0.3214,0.34187,0.60874,-22.577,39.725,1.7262
0.63985,0.32126,0.34181,0.60872,-22.533,39.723,1.7333
0.63997,0.32112,0.34176,0.6087,-22.49,39.72,1.7403
0.64008,0.32098,0.34171,0.60869,-22.446,39.718,1.7473
0.64019,0.32085,0.34166,0.60867,-22.403,39.716,1.7543
0.64031,0.32071,0.34161,0.60865,-22.361,39.713,1.7614
0.64042,0.32057,0.34156,0.60863,-22.319,39.711,1.7684
0.64053,0.32043,0.34151,0.60861,-22.277,39.709,1.7754
0.64065,0.32029,0.34146,0.6086,-22.235,39.706,1.7824
0.64076,0.32016,0.3414,0.60858,-22.194,39.704,1.7894
0.64088,0.32002,0.34135,0.60856,-22.153,39.701,1.7964
0.64099,0.31988,0.3413,0.60854,-22.113,39.699,1.8034
0.6411,0.31974,0.34125,0.60852,-22.073,39.697,1.8104
0.64122,0.3196,0.3412,0.60851,-22.033,39.694,1.8174
0.64133,0.31946,0.34115,0.60849,-21.994,39.692,1.8244
0.64144,0.31933,0.3411,0.60847,-21.955,39.689,1.8314
0.64156,0.31919,0.34105,0.60845,-21.916,39.687,1.8383
0.64167,0.31905,0.34099,0.60843,-21.878,39.684,1.8453
0.64178,0.31891,0.34094,0.60841,-21.84,39.682,1.8523
0.6419,0.31877,0.34089,0.6084,-21.802,39.679,1.8592
0.64201,0.31863,0.34084,0.60838,-21.765,39.677,1.8662
0.64212,0.31849,0.34079,0.60836,-21.728,39.674,1.8732
0.64224,0.31836,0.34074,0.60834,-21.692,39.672,1.8801
0.64235,0.31822,0.34069,0.60832,-21.656,39.669,1.8871
0.64246,0.31808,0.34063,0.6083,-21.62,39.666,1.894
0.64258,0.31794,0.34058,0.60828,-21.585,39.664,1.9009
0.64269,0.3178,0.34053,0.60827,-21.55,39.661,1.9079
0.6428,0.31766,0.34048,0.60825,-21.516,39.659,1.9148
0.64292,0.31753,0.34043,0.60823,-21.481,39.656,1.9217
0.64303,0.31739,0.34038,0.60821,-21.448,39.654,1.9287
0.64314,0.31725,0.34033,0.60819,-21.414,39.651,1.9356
0.64326,0.31711,0.34027,0.60817,-21.381,39.648,1.9425
0.64337,0.31697,0.34022,0.60815,-21.348,39.646,1.9494
0.64348,0.31683,0.34017,0.60814,-21.316,39.643,1.9563
0.6436,0.31669,0.34012,0.60812,-21.284,39.64,1.9632
0.64371,0.31656,0.34007,0.6081,-21.253,39.638,1.9701
0.64382,0.31642,0.34002,0.60808,-21.221,39.635,1.977
0.64394,0.31628,0.33996,0.60806,-21.191,39.632,1.9839
0.64405,0.31614,0.33991,0.60804,-21.16,39.63,1.9908
0.64416,0.316,0.33986,0.60802,-21.13,39.627,1.9976
0.64427,0.31586,0.33981,0.608,-21.101,39.624,2.0045
0.64439,0.31572,0.33976,0.60799,-21.071,39.622,2.0114
0.6445,0.31559,0.33971,0.60797,-21.042,39.619,2.0182
0.64461,0.31545,0.33966,0.60795,-21.014,39.616,2.0251
0.64473,0.31531,0.3396,0.60793,-20.986,39.613,2.032
0.64484,0.31517,0.33955,0.60791,-20.958,39.611,2.0388
0.64495,0.31503,0.3395,0.60789,-20.931,39.608,2.0456
0.64506,0.31489,0.33945,0.60787,-20.904,39.605,2.0525
0.64518,0.31475,0.3394,0.60785,-20.877,39.602,2.0593
0.64529,0.31461,0.33934,0.60783,-20.851,39.599,2.0662
0.6454,0.31448,0.33929,0.60782,-20.825,39.597,2.073
0.64552,0.31434,0.33924,0.6078,-20.8,39.594,2.0798
0.64563,0.3142,0.33919,0.60778,-20.775,39.591,2.0866
0.64574,0.31406,0.33914,0.60776,-20.75,39.588,2.0934
0.64585,0.31392,0.33909,0.60774,-20.726,39.585,2.1002
0.64597,0.31378,0.33903,0.60772,-20.702,39.582,2.1071
0.64608,0.31364,0.33898,0.6077,-20.679,39.58,2.1139
0.64619,0.3135,0.33893,0.60768,-20.656,39.577,2.1206
0.6463,0.31337,0.33888,0.60766,-20.633,39.574,2.1274
0.64642,0.31323,0.33883,0.60764,-20.611,39.571,2.1342
0.64653,0.31309,0.33877,0.60762,-20.589,39.568,2.141
0.64664,0.31295,0.33872,0.60761,-20.568,39.565,2.1478
0.64675,0.31281,0.33867,0.60759,-20.546,39.562,2.1545
0.64687,0.31267,0.33862,0.60757,-20.526,39.559,2.1613
0.64698,0.31253,0.33857,0.60755,-20.505,39.556,2.1681
0.64709,0.31239,0.33852,0.60753,-20.486,39.553,2.1748
0.6472,0.31225,0.33846,0.60751,-20.466,39.55,2.1816
0.64732,0.31212,0.33841,0.60749,-20.447,39.547,2.1883
0.64743,0.31198,0.33836,0.60747,-20.428,39.544,2.1951
0.64754,0.31184,0.33831,0.60745,-20.41,39.541,2.2018
0.64765,0.3117,0.33826,0.60743,-20.392,39.538,2.2085
0.64777,0.31156,0.3382,0.60741,-20.374,39.535,2.2153
0.64788,0.31142,0.33815,0.60739,-20.357,39.532,2.222
0.64799,0.31128,0.3381,0.60737,-20.341,39.529,2.2287
0.6481,0.31114,0.33805,0.60735,-20.324,39.526,2.2354
0.64821,0.311,0.338,0.60733,-20.308,39.523,2.2421
0.64833,0.31086,0.33794,0.60731,-20.293,39.52,2.2488
0.64844,0.31073,0.33789,0.60729,-20.278,39.517,2.2555
0.64855,0.31059,0.33784,0.60727,-20.263,39.514,2.2622
0.64866,0.31045,0.33779,0.60726,-20.248,39.511,2.2689
0.64877,0.31031,0.33774,0.60724,-20.235,39.508,2.2756
0.64889,0.31017,0.33768,0.60722,-20.221,39.505,2.2822
0.649,0.31003,0.33763,0.6072,-20.208,39.502,2.2889
0.64911,0.30989,0.33758,0.60718,-20.195,39.499,2.2956
0.64922,0.30975,0.33753,0.60716,-20.183,39.495,2.3022
0.64933,0.30961,0.33747,0.60714,-20.171,39.492,2.3089
0.64945,0.30947,0.33742,0.60712,-20.159,39.489,2.3155
0.64956,0.30933,0.33737,0.6071,-20.148,39.486,2.3222
0.64967,0.3092,0.33732,0.60708,-20.137,39.483,2.3288
0.64978,0.30906,0.33727,0.60706,-20.127,39.48,2.3355
0.64989,0.30892,0.33721,0.60704,-20.117,39.477,2.3421
0.65001,0.30878,0.33716,0.60702,-20.108,39.473,2.3487
0.65012,0.30864,0.33711,0.607,-20.099,39.47,2.3553
0.65023,0.3085,0.33706,0.60698,-20.09,39.467,2.3619
0.65034,0.30836,0.337,0.60696,-20.081,39.464,2.3686
0.65045,0.30822,0.33695,0.60694,-20.074,39.46,2.3752
0.65056,0.30808,0.3369,0.60692,-20.066,39.457,2.3818
0.65068,0.30794,0.33685,0.6069,-20.059,39.454,2.3883
0.65079,0.3078,0.3368,0.60688,-20.052,39.451,2.3949
0.6509,0.30766,0.33674,0.60686,-20.046,39.447,2.4015
0.65101,0.30752,0.33669,0.60684,-20.04,39.444,2.4081
0.65112,0.30739,0.33664,0.60682,-20.035,39.441,2.4147
0.65123,0.30725,0.33659,0.6068,-20.029,39.438,2.4212
0.65135,0.30711,0.33653,0.60678,-20.025,39.434,2.4278
0.65146,0.30697,0.33648,0.60676,-20.021,39.431,2.4343
0.65157,0.30683,0.33643,0.60674,-20.017,39.428,2.4409
0.65168,0.30669,0.33638,0.60672,-20.013,39.424,2.4474
0.65179,0.30655,0.33632,0.6067,-20.01,39.421,2.454
0.6519,0.30641,0.33627,0.60668,-20.007,39.417,2.4605
0.65201,0.30627,0.33622,0.60666,-20.005,39.414,2.467
0.65213,0.30613,0.33617,0.60664,-20.003,39.411,2.4735
0.65224,0.30599,0.33611,0.60662,-20.002,39.407,2.4801
0.65235,0.30585,0.33606,0.6066,-20.001,39.404,2.4866
0.65246,0.30571,0.33601,0.60657,-20,39.401,2.4931
0.65257,0.30557,0.33596,0.60655,-20,39.397,2.4996
0.65268,0.30543,0.3359,0.60653,-20,39.394,2.5061
0.65279,0.30529,0.33585,0.60651,-20.001,39.39,2.5126
0.65291,0.30516,0.3358,0.60649,-20.002,39.387,2.519
0.65302,0.30502,0.33575,0.60647,-20.003,39.383,2.5255
0.65313,0.30488,0.33569,0.60645,-20.005,39.38,2.532
0.65324,0.30474,0.33564,0.60643,-20.007,39.376,2.5384
0.65335,0.3046,0.33559,0.60641,-20.01,39.373,2.5449
0.65346,0.30446,0.33554,0.60639,-20.013,39.369,2.5514
0.65357,0.30432,0.33548,0.60637,-20.016,39.366,2.5578
0.65368,0.30418,0.33543,0.60635,-20.02,39.362,2.5642
0.65379,0.30404,0.33538,0.60633,-20.024,39.359,2.5707
0.65391,0.3039,0.33533,0.60631,-20.029,39.355,2.5771
0.65402,0.30376,0.33527,0.60629,-20.034,39.352,2.5835
0.65413,0.30362,0.33522,0.60627,-20.039,39.348,2.59
0.65424,0.30348,0.33517,0.60625,-20.045,39.345,2.5964
0.65435,0.30334,0.33511,0.60623,-20.051,39.341,2.6028
0.65446,0.3032,0.33506,0.6062,-20.058,39.338,2.6092
0.65457,0.30306,0.33501,0.60618,-20.065,39.334,2.6156
0.65468,0.30292,0.33496,0.60616,-20.073,39.33,2.622
0.65479,0.30278,0.3349,0.60614,-20.08,39.327,2.6283
0.6549,0.30264,0.33485,0.60612,-20.089,39.323,2.6347
0.65501,0.3025,0.3348,0.6061,-20.097,39.32,2.6411
0.65512,0.30236,0.33475,0.60608,-20.106,39.316,2.6475
0.65524,0.30222,0.33469,0.60606,-20.116,39.312,2.6538
0.65535,0.30208,0.33464,0.60604,-20.126,39.309,2.6602
0.65546,0.30194,0.33459,0.60602,-20.136,39.305,2.6665
0.65557,0.3018,0.33453,0.606,-20.147,39.301,2.6729
0.65568,0.30167,0.33448,0.60598,-20.158,39.298,2.6792
0.65579,0.30153,0.33443,0.60595,-20.169,39.294,2.6855
0.6559,0.30139,0.33438,0.60593,-20.181,39.29,2.6918
0.65601,0.30125,0.33432,0.60591,-20.193,39.287,2.6982
0.65612,0.30111,0.33427,0.60589,-20.206,39.283,2.7045
0.65623,0.30097,0.33422,0.60587,-20.219,39.279,2.7108
0.65634,0.30083,0.33416,0.60585,-20.233,39.275,2.7171
0.65645,0.30069,0.33411,0.60583,-20.247,39.272,2.7234
0.65656,0.30055,0.33406,0.60581,-20.261,39.268,2.7297
0.65667,0.30041,0.33401,0.60579,-20.276,39.264,2.7359
0.65678,0.30027,0.33395,0.60576,-20.291,39.26,2.7422
0.65689,0.30013,0.3339,0.60574,-20.306,39.257,2.7485
0.657,0.29999,0.33385,0.60572,-20.322,39.253,2.7547
0.65711,0.29985,0.33379,0.6057,-20.338,39.249,2.761
0.65723,0.29971,0.33374,0.60568,-20.355,39.245,2.7672
0.65734,0.29957,0.33369,0.60566,-20.372,39.241,2.7735
0.65745,0.29943,0.33363,0.60564,-20.39,39.238,2.7797
0.65756,0.29929,0.33358,0.60562,-20.407,39.234,2.786
0.65767,0.29915,0.33353,0.60559,-20.426,39.23,2.7922
0.65778,0.29901,0.33348,0.60557,-20.444,39.226,2.7984
0.65789,0.29887,0.33342,0.60555,-20.463,39.222,2.8046
0.658,0.29873,0.33337,0.60553,-20.483,39.218,2.8108
0.65811,0.29859,0.33332,0.60551,-20.503,39.214,2.817
0.65822,0.29845,0.33326,0.60549,-20.523,39.211,2.8232
0.65833,0.29831,0.33321,0.60547,-20.544,39.207,2.8294
0.65844,0.29817,0.33316,0.60544,-20.565,39.203,2.8356
0.65855,0.29803,0.3331,0.60542,-20.586,39.199,2.8418
0.65866,0.29789,0.33305,0.6054,-20.608,39.195,2.8479
0.65877,0.29775,0.333,0.60538,-20.63,39.191,2.8541
0.65888,0.29761,0.33294,0.60536,-20.653,39.187,2.8602
0.65899,0.29747,0.33289,0.60534,-20.676,39.183,2.8664
0.6591,0.29733,0.33284,0.60531,-20.699,39.179,2.8725
0.65921,0.29719,0.33278,0.60529,-20.723,39.175,2.8787
0.65932,0.29705,0.33273,0.60527,-20.747,39.171,2.8848
0.65943,0.29691,0.33268,0.60525,-20.772,39.167,2.8909
0.65954,0.29677,0.33263,0.60523,-20.797,39.163,2.897
0.65965,0.29663,0.33257,0.60521,-20.822,39.159,2.9031
0.65976,0.29649,0.33252,0.60518,-20.848,39.155,2.9092
0.65987,0.29635,0.33247,0.60516,-20.874,39.151,2.9153
0.65998,0.29621,0.33241,0.60514,-20.9,39.147,2.9214
0.66009,0.29607,0.33236,0.60512,-20.927,39.143,2.9275
0.6602,0.29593,0.33231,0.6051,-20.955,39.139,2.9336
0.6603,0.29579,0.33225,0.60508,-20.982,39.135,2.9397
0.66041,0.29565,0.3322,0.60505,-21.01,39.131,2.9457
0.66052,0.29551,0.33215,0.60503,-21.039,39.127,2.9518
0.66063,0.29537,0.33209,0.60501,-21.068,39.123,2.9578
0.66074,0.29523,0.33204,0.60499,-21.097,39.119,2.9639
0.66085,0.29509,0.33199,0.60497,-21.126,39.115,2.9699
0.66096,0.29495,0.33193,0.60494,-21.156,39.11,2.9759
0.66107,0.29481,0.33188,0.60492,-21.187,39.106,2.982
0.66118,0.29466,0.33183,0.6049,-21.217,39.102,2.988
0.66129,0.29452,0.33177,0.60488,-21.248,39.098,2.994
0.6614,0.29438,0.33172,0.60486,-21.28,39.094,3
0.66151,0.29424,0.33166,0.60483,-21.312,39.09,3.006
0.66162,0.2941,0.33161,0.60481,-21.344,39.085,3.012
0.66173,0.29396,0.33156,0.60479,-21.377,39.081,3.018
0.66184,0.29382,0.3315,0.60477,-21.41,39.077,3.0239
0.66195,0.29368,0.33145,0.60474,-21.443,39.073,3.0299
0.66206,0.29354,0.3314,0.60472,-21.477,39.069,3.0359
0.66217,0.2934,0.33134,0.6047,-21.511,39.064,3.0418
0.66228,0.29326,0.33129,0.60468,-21.545,39.06,3.0478
0.66238,0.29312,0.33124,0.60466,-21.58,39.056,3.0537
0.66249,0.29298,0.33118,0.60463,-21.616,39.052,3.0597
0.6626,0.29284,0.33113,0.60461,-21.651,39.048,3.0656
0.66271,0.2927,0.33108,0.60459,-21.687,39.043,3.0715
0.66282,0.29256,0.33102,0.60457,-21.724,39.039,3.0774
0.66293,0.29242,0.33097,0.60454,-21.76,39.035,3.0833
0.66304,0.29228,0.33092,0.60452,-21.797,39.03,3.0892
0.66315,0.29214,0.33086,0.6045,-21.835,39.026,3.0951
0.66326,0.292,0.33081,0.60448,-21.873,39.022,3.101
0.66337,0.29186,0.33075,0.60445,-21.911,39.017,3.1069
0.66348,0.29172,0.3307,0.60443,-21.95,39.013,3.1128
0.66358,0.29158,0.33065,0.60441,-21.988,39.009,3.1186
0.66369,0.29144,0.33059,0.60439,-22.028,39.004,3.1245
0.6638,0.2913,0.33054,0.60436,-22.067,39,3.1303
0.66391,0.29116,0.33049,0.60434,-22.107,38.996,3.1362
0.66402,0.29101,0.33043,0.60432,-22.148,38.991,3.142
0.66413,0.29087,0.33038,0.6043,-22.189,38.987,3.1479
0.66424,0.29073,0.33032,0.60427,-22.23,38.983,3.1537
0.66435,0.29059,0.33027,0.60425,-22.271,38.978,3.1595
0.66446,0.29045,0.33022,0.60423,-22.313,38.974,3.1653
0.66456,0.29031,0.33016,0.60421,-22.355,38.969,3.1711
0.66467,0.29017,0.33011,0.60418,-22.398,38.965,3.1769
0.66478,0.29003,0.33006,0.60416,-22.441,38.961,3.1827
0.66489,0.28989,0.33,0.60414,-22.484,38.956,3.1885
0.665,0.28975,0.32995,0.60412,-22.528,38.952,3.1942
0.66511,0.28961,0.32989,0.60409,-22.572,38.947,3.2
0.66522,0.28947,0.32984,0.60407,-22.616,38.943,3.2058
0.66533,0.28933,0.32979,0.60405,-22.661,38.938,3.2115
0.66543,0.28919,0.32973,0.60402,-22.706,38.934,3.2173
0.66554,0.28905,0.32968,0.604,-22.751,38.929,3.223
0.66565,0.28891,0.32963,0.60398,-22.797,38.925,3.2287
0.66576,0.28876,0.32957,0.60396,-22.843,38.92,3.2345
0.66587,0.28862,0.32952,0.60393,-22.889,38.916,3.2402
0.66598,0.28848,0.32946,0.60391,-22.936,38.911,3.2459
0.66608,0.28834,0.32941,0.60389,-22.983,38.907,3.2516
0.66619,0.2882,0.32936,0.60386,-23.031,38.902,3.2573
0.6663,0.28806,0.3293,0.60384,-23.078,38.897,3.263
0.66641,0.28792,0.32925,0.60382,-23.126,38.893,3.2686
0.66652,0.28778,0.32919,0.60379,-23.175,38.888,3.2743
0.66663,0.28764,0.32914,0.60377,-23.224,38.884,3.28
0.66674,0.2875,0.32909,0.60375,-23.273,38.879,3.2856
0.66684,0.28736,0.32903,0.60372,-23.322,38.875,3.2913
0.66695,0.28722,0.32898,0.6037,-23.372,38.87,3.2969
0.66706,0.28708,0.32892,0.60368,-23.423,38.865,3.3026
0.66717,0.28694,0.32887,0.60366,-23.473,38.861,3.3082
0.66728,0.28679,0.32882,0.60363,-23.524,38.856,3.3138
0.66738,0.28665,0.32876,0.60361,-23.575,38.851,3.3194
0.66749,0.28651,0.32871,0.60359,-23.627,38.847,3.325
0.6676,0.28637,0.32865,0.60356,-23.678,38.842,3.3306
0.66771,0.28623,0.3286,0.60354,-23.731,38.837,3.3362
0.66782,0.28609,0.32855,0.60352,-23.783,38.833,3.3418
0.66792,0.28595,0.32849,0.60349,-23.836,38.828,3.3474
0.66803,0.28581,0.32844,0.60347,-23.889,38.823,3.3529
0.66814,0.28567,0.32838,0.60345,-23.943,38.819,3.3585
0.66825,0.28553,0.32833,0.60342,-23.996,38.814,3.364
0.66836,0.28539,0.32827,0.6034,-24.051,38.809,3.3696
0.66846,0.28524,0.32822,0.60338,-24.105,38.804,3.3751
0.66857,0.2851,0.32817,0.60335,-24.16,38.8,3.3807
0.66868,0.28496,0.32811,0.60333,-24.215,38.795,3.3862
0.66879,0.28482,0.32806,0.6033,-24.27,38.79,3.3917
0.6689,0.28468,0.328,0.60328,-24.326,38.785,3.3972
0.669,0.28454,0.32795,0.60326,-24.382,38.781,3.4027
0.66911,0.2844,0.32789,0.60323,-24.439,38.776,3.4082
0.66922,0.28426,0.32784,0.60321,-24.495,38.771,3.4137
0.66933,0.28412,0.32779,0.60319,-24.552,38.766,3.4192
0.66944,0.28398,0.32773,0.60316,-24.61,38.761,3.4246
0.66954,0.28383,0.32768,0.60314,-24.667,38.757,3.4301
0.66965,0.28369,0.32762,0.60312,-24.725,38.752,3.4355
0.66976,0.28355,0.32757,0.60309,-24.783,38.747,3.441
0.66987,0.28341,0.32751,0.60307,-24.842,38.742,3.4464
0.66997,0.28327,0.32746,0.60304,-24.901,38.737,3.4518
0.67008,0.28313,0.32741,0.60302,-24.96,38.732,3.4573
0.67019,0.28299,0.32735,0.603,-25.019,38.727,3.4627
0.6703,0.28285,0.3273,0.60297,-25.079,38.723,3.4681
0.6704,0.28271,0.32724,0.60295,-25.139,38.718,3.4735
0.67051,0.28256,0.32719,0.60293,-25.2,38.713,3.4789
0.67062,0.28242,0.32713,0.6029,-25.26,38.708,3.4843
0.67073,0.28228,0.32708,0.60288,-25.321,38.703,3.4896
0.67083,0.28214,0.32703,0.60285,-25.383,38.698,3.495
0.67094,0.282,0.32697,0.60283,-25.444,38.693,3.5004
0.67105,0.28186,0.32692,0.60281,-25.506,38.688,3.5057
0.67116,0.28172,0.32686,0.60278,-25.568,38.683,3.5111
0.67126,0.28158,0.32681,0.60276,-25.631,38.678,3.5164
0.67137,0.28144,0.32675,0.60273,-25.693,38.673,3.5217
0.67148,0.28129,0.3267,0.60271,-25.756,38.668,3.527
0.67158,0.28115,0.32664,0.60269,-25.82,38.663,3.5324
0.67169,0.28101,0.32659,0.60266,-25.883,38.658,3.5377
0.6718,0.28087,0.32653,0.60264,-25.947,38.653,3.543
0.67191,0.28073,0.32648,0.60261,-26.011,38.648,3.5482
0.67201,0.28059,0.32643,0.60259,-26.076,38.643,3.5535
0.67212,0.28045,0.32637,0.60257,-26.141,38.638,3.5588
0.67223,0.28031,0.32632,0.60254,-26.206,38.633,3.5641
0.67234,0.28016,0.32626,0.60252,-26.271,38.628,3.5693
0.67244,0.28002,0.32621,0.60249,-26.337,38.623,3.5746
0.67255,0.27988,0.32615,0.60247,-26.402,38.618,3.5798
0.67266,0.27974,0.3261,0.60244,-26.469,38.613,3.585
0.67276,0.2796,0.32604,0.60242,-26.535,38.608,3.5903
0.67287,0.27946,0.32599,0.6024,-26.602,38.603,3.5955
0.67298,0.27932,0.32593,0.60237,-26.669,38.598,3.6007
0.67308,0.27917,0.32588,0.60235,-26.736,38.592,3.6059
0.67319,0.27903,0.32582,0.60232,-26.803,38.587,3.6111
0.6733,0.27889,0.32577,0.6023,-26.871,38.582,3.6163
0.6734,0.27875,0.32572,0.60227,-26.939,38.577,3.6214
0.67351,0.27861,0.32566,0.60225,-27.007,38.572,3.6266
0.67362,0.27847,0.32561,0.60223,-27.076,38.567,3.6318
0.67373,0.27833,0.32555,0.6022,-27.145,38.562,3.6369
0.67383,0.27819,0.3255,0.60218,-27.214,38.556,3.6421
0.67394,0.27804,0.32544,0.60215,-27.283,38.551,3.6472
0.67405,0.2779,0.32539,0.60213,-27.353,38.546,3.6523
0.67415,0.27776,0.32533,0.6021,-27.423,38.541,3.6574
0.67426,0.27762,0.32528,0.60208,-27.493,38.536,3.6625
0.67437,0.27748,0.32522,0.60205,-27.563,38.53,3.6676
0.67447,0.27734,0.32517,0.60203,-27.634,38.525,3.6727
0.67458,0.27719,0.32511,0.602,-27.705,38.52,3.6778
0.67469,0.27705,0.32506,0.60198,-27.776,38.515,3.6829
0.67479,0.27691,0.325,0.60195,-27.847,38.51,3.688
0.6749,0.27677,0.32495,0.60193,-27.919,38.504,3.693
0.675,0.27663,0.32489,0.60191,-27.991,38.499,3.6981
0.67511,0.27649,0.32484,0.60188,-28.063,38.494,3.7031
0.67522,0.27635,0.32478,0.60186,-28.135,38.488,3.7082
0.67532,0.2762,0.32473,0.60183,-28.208,38.483,3.7132
0.67543,0.27606,0.32467,0.60181,-28.28,38.478,3.7182
0.67554,0.27592,0.32462,0.60178,-28.353,38.473,3.7232
0.67564,0.27578,0.32456,0.60176,-28.427,38.467,3.7282
0.67575,0.27564,0.32451,0.60173,-28.5,38.462,3.7332
0.67586,0.2755,0.32445,0.60171,-28.574,38.457,3.7382
0.67596,0.27535,0.3244,0.60168,-28.648,38.451,3.7432
0.67607,0.27521,0.32434,0.60166,-28.722,38.446,3.7481
0.67617,0.27507,0.32429,0.60163,-28.797,38.441,3.7531
0.67628,0.27493,0.32423,0.60161,-28.871,38.435,3.7581
0.67639,0.27479,0.32418,0.60158,-28.946,38.43,3.763
0.67649,0.27465,0.32412,0.60156,-29.021,38.424,3.7679
0.6766,0.2745,0.32407,0.60153,-29.097,38.419,3.7729
0.67671,0.27436,0.32401,0.60151,-29.172,38.414,3.7778
0.67681,0.27422,0.32396,0.60148,-29.248,38.408,3.7827
0.67692,0.27408,0.3239,0.60146,-29.324,38.403,3.7876
0.67702,0.27394,0.32385,0.60143,-29.4,38.397,3.7925
0.67713,0.2738,0.32379,0.60141,-29.477,38.392,3.7974
0.67724,0.27365,0.32374,0.60138,-29.553,38.386,3.8022
0.67734,0.27351,0.32368,0.60136,-29.63,38.381,3.8071
0.67745,0.27337,0.32363,0.60133,-29.707,38.376,3.812
0.67755,0.27323,0.32357,0.60131,-29.784,38.37,3.8168
0.67766,0.27309,0.32352,0.60128,-29.862,38.365,3.8216
0.67777,0.27295,0.32346,0.60125,-29.94,38.359,3.8265
0.67787,0.2728,0.32341,0.60123,-30.017,38.354,3.8313
0.67798,0.27266,0.32335,0.6012,-30.096,38.348,3.8361
0.67808,0.27252,0.3233,0.60118,-30.174,38.343,3.8409
0.67819,0.27238,0.32324,0.60115,-30.252,38.337,3.8457
0.67829,0.27224,0.32319,0.60113,-30.331,38.332,3.8505
0.6784,0.27209,0.32313,0.6011,-30.41,38.326,3.8553
0.67851,0.27195,0.32308,0.60108,-30.489,38.321,3.8601
0.67861,0.27181,0.32302,0.60105,-30.568,38.315,3.8648
0.67872,0.27167,0.32296,0.60103,-30.648,38.309,3.8696
0.67882,0.27153,0.32291,0.601,-30.727,38.304,3.8743
0.67893,0.27139,0.32285,0.60098,-30.807,38.298,3.8791
0.67903,0.27124,0.3228,0.60095,-30.887,38.293,3.8838
0.67914,0.2711,0.32274,0.60092,-30.967,38.287,3.8885
0.67925,0.27096,0.32269,0.6009,-31.048,38.281,3.8932
0.67935,0.27082,0.32263,0.60087,-31.128,38.276,3.8979
0.67946,0.27068,0.32258,0.60085,-31.209,38.27,3.9026
0.67956,0.27053,0.32252,0.60082,-31.29,38.265,3.9073
0.67967,0.27039,0.32247,0.6008,-31.371,38.259,3.912
0.67977,0.27025,0.32241,0.60077,-31.452,38.253,3.9166
0.67988,0.27011,0.32236,0.60074,-31.534,38.248,3.9213
0.67998,0.26997,0.3223,0.60072,-31.615,38.242,3.9259
0.68009,0.26982,0.32225,0.60069,-31.697,38.236,3.9306
0.68019,0.26968,0.32219,0.60067,-31.779,38.231,3.9352
0.6803,0.26954,0.32213,0.60064,-31.861,38.225,3.9398
0.6804,0.2694,0.32208,0.60062,-31.944,38.219,3.9444
0.68051,0.26926,0.32202,0.60059,-32.026,38.214,3.9491
0.68062,0.26911,0.32197,0.60056,-32.109,38.208,3.9536
0.68072,0.26897,0.32191,0.60054,-32.192,38.202,3.9582
0.68083,0.26883,0.32186,0.60051,-32.274,38.196,3.9628
0.68093,0.26869,0.3218,0.60049,-32.358,38.191,3.9674
0.68104,0.26855,0.32175,0.60046,-32.441,38.185,3.9719
0.68114,0.2684,0.32169,0.60043,-32.524,38.179,3.9765
0.68125,0.26826,0.32163,0.60041,-32.608,38.173,3.981
0.68135,0.26812,0.32158,0.60038,-32.691,38.168,3.9856
0.68146,0.26798,0.32152,0.60036,-32.775,38.162,3.9901
0.68156,0.26783,0.32147,0.60033,-32.859,38.156,3.9946
0.68167,0.26769,0.32141,0.6003,-32.943,38.15,3.9991
0.68177,0.26755,0.32136,0.60028,-33.028,38.145,4.0036
0.68188,0.26741,0.3213,0.60025,-33.112,38.139,4.0081
0.68198,0.26727,0.32125,0.60023,-33.197,38.133,4.0126
0.68209,0.26712,0.32119,0.6002,-33.281,38.127,4.017
0.68219,0.26698,0.32113,0.60017,-33.366,38.121,4.0215
0.6823,0.26684,0.32108,0.60015,-33.451,38.115,4.026
0.6824,0.2667,0.32102,0.60012,-33.536,38.11,4.0304
0.68251,0.26656,0.32097,0.6001,-33.622,38.104,4.0348
0.68261,0.26641,0.32091,0.60007,-33.707,38.098,4.0393
0.68272,0.26627,0.32086,0.60004,-33.792,38.092,4.0437
0.68282,0.26613,0.3208,0.60002,-33.878,38.086,4.0481
0.68292,0.26599,0.32074,0.59999,-33.964,38.08,4.0525
0.68303,0.26584,0.32069,0.59996,-34.05,38.074,4.0569
0.68313,0.2657,0.32063,0.59994,-34.136,38.068,4.0613
0.68324,0.26556,0.32058,0.59991,-34.222,38.063,4.0656
0.68334,0.26542,0.32052,0.59988,-34.308,38.057,4.07
0.68345,0.26527,0.32047,0.59986,-34.394,38.051,4.0743
0.68355,0.26513,0.32041,0.59983,-34.481,38.045,4.0787
0.68366,0.26499,0.32035,0.59981,-34.567,38.039,4.083
0.68376,0.26485,0.3203,0.59978,-34.654,38.033,4.0873
0.68387,0.26471,0.32024,0.59975,-34.741,38.027,4.0917
0.68397,0.26456,0.32019,0.59973,-34.828,38.021,4.096
0.68408,0.26442,0.32013,0.5997,-34.915,38.015,4.1003
0.68418,0.26428,0.32007,0.59967,-35.002,38.009,4.1045
0.68428,0.26414,0.32002,0.59965,-35.089,38.003,4.1088
0.68439,0.26399,0.31996,0.59962,-35.176,37.997,4.1131
0.68449,0.26385,0.31991,0.59959,-35.264,37.991,4.1173
0.6846,0.26371,0.31985,0.59957,-35.351,37.985,4.1216
0.6847,0.26357,0.3198,0.59954,-35.439,37.979,4.1258
0.68481,0.26342,0.31974,0.59951,-35.526,37.973,4.1301
0.68491,0.26328,0.31968,0.59949,-35.614,37.967,4.1343
0.68501,0.26314,0.31963,0.59946,-35.702,37.961,4.1385
0.68512,0.263,0.31957,0.59943,-35.79,37.955,4.1427
0.68522,0.26285,0.31952,0.59941,-35.878,37.949,4.1469
0.68533,0.26271,0.31946,0.59938,-35.966,37.943,4.1511
0.68543,0.26257,0.3194,0.59935,-36.054,37.937,4.1553
0.68554,0.26243,0.31935,0.59933,-36.142,37.93,4.1594
0.68564,0.26228,0.31929,0.5993,-36.231,37.924,4.1636
0.68574,0.26214,0.31924,0.59927,-36.319,37.918,4.1677
0.68585,0.262,0.31918,0.59924,-36.408,37.912,4.1719
0.68595,0.26186,0.31912,0.59922,-36.496,37.906,4.176
0.68606,0.26171,0.31907,0.59919,-36.585,37.9,4.1801
0.68616,0.26157,0.31901,0.59916,-36.674,37.894,4.1842
0.68626,0.26143,0.31895,0.59914,-36.762,37.888,4.1883
0.68637,0.26129,0.3189,0.59911,-36.851,37.881,4.1924
0.68647,0.26114,0.31884,0.59908,-36.94,37.875,4.1965
0.68658,0.261,0.31879,0.59906,-37.029,37.869,4.2006
0.68668,0.26086,0.31873,0.59903,-37.118,37.863,4.2047
0.68678,0.26072,0.31867,0.599,-37.207,37.857,4.2087
0.68689,0.26057,0.31862,0.59897,-37.296,37.851,4.2127
0.68699,0.26043,0.31856,0.59895,-37.386,37.844,4.2168
0.68709,0.26029,0.31851,0.59892,-37.475,37.838,4.2208
0.6872,0.26015,0.31845,0.59889,-37.564,37.832,4.2248
0.6873,0.26,0.31839,0.59887,-37.654,37.826,4.2288
0.68741,0.25986,0.31834,0.59884,-37.743,37.82,4.2328
0.68751,0.25972,0.31828,0.59881,-37.832,37.813,4.2368
0.68761,0.25958,0.31822,0.59878,-37.922,37.807,4.2408
0.68772,0.25943,0.31817,0.59876,-38.011,37.801,4.2448
0.68782,0.25929,0.31811,0.59873,-38.101,37.795,4.2487
0.68792,0.25915,0.31806,0.5987,-38.191,37.788,4.2527
0.68803,0.259,0.318,0.59868,-38.28,37.782,4.2566
0.68813,0.25886,0.31794,0.59865,-38.37,37.776,4.2605
0.68823,0.25872,0.31789,0.59862,-38.46,37.769,4.2645
0.68834,0.25858,0.31783,0.59859,-38.549,37.763,4.2684
0.68844,0.25843,0.31777,0.59857,-38.639,37.757,4.2723
0.68854,0.25829,0.31772,0.59854,-38.729,37.751,4.2762
0.68865,0.25815,0.31766,0.59851,-38.819,37.744,4.28
0.68875,0.25801,0.31761,0.59848,-38.909,37.738,4.2839
0.68885,0.25786,0.31755,0.59846,-38.999,37.732,4.2878
0.68896,0.25772,0.31749,0.59843,-39.088,37.725,4.2916
0.68906,0.25758,0.31744,0.5984,-39.178,37.719,4.2955
0.68916,0.25743,0.31738,0.59837,-39.268,37.712,4.2993
0.68927,0.25729,0.31732,0.59835,-39.358,37.706,4.3031
0.68937,0.25715,0.31727,0.59832,-39.448,37.7,4.307
0.68947,0.25701,0.31721,0.59829,-39.538,37.693,4.3108
0.68958,0.25686,0.31715,0.59826,-39.628,37.687,4.3146
0.68968,0.25672,0.3171,0.59823,-39.718,37.681,4.3183
0.68978,0.25658,0.31704,0.59821,-39.808,37.674,4.3221
0.68989,0.25643,0.31698,0.59818,-39.898,37.668,4.3259
0.68999,0.25629,0.31693,0.59815,-39.988,37.661,4.3296
0.69009,0.25615,0.31687,0.59812,-40.078,37.655,4.3334
0.6902,0.25601,0.31682,0.5981,-40.168,37.648,4.3371
0.6903,0.25586,0.31676,0.59807,-40.258,37.642,4.3408
0.6904,0.25572,0.3167,0.59804,-40.348,37.636,4.3446
0.6905,0.25558,0.31665,0.59801,-40.438,37.629,4.3483
0.69061,0.25543,0.31659,0.59798,-40.528,37.623,4.352
0.69071,0.25529,0.31653,0.59796,-40.618,37.616,4.3557
0.69081,0.25515,0.31648,0.59793,-40.708,37.61,4.3593
0.69092,0.25501,0.31642,0.5979,-40.798,37.603,4.363
0.69102,0.25486,0.31636,0.59787,-40.888,37.597,4.3667
0.69112,0.25472,0.31631,0.59785,-40.978,37.59,4.3703
0.69122,0.25458,0.31625,0.59782,-41.068,37.584,4.3739
0.69133,0.25443,0.31619,0.59779,-41.157,37.577,4.3776
0.69143,0.25429,0.31614,0.59776,-41.247,37.571,4.3812
0.69153,0.25415,0.31608,0.59773,-41.337,37.564,4.3848
0.69164,0.254,0.31602,0.5977,-41.427,37.557,4.3884
0.69174,0.25386,0.31597,0.59768,-41.517,37.551,4.392
0.69184,0.25372,0.31591,0.59765,-41.606,37.544,4.3956
0.69194,0.25358,0.31585,0.59762,-41.696,37.538,4.3991
0.69205,0.25343,0.3158,0.59759,-41.786,37.531,4.4027
0.69215,0.25329,0.31574,0.59756,-41.875,37.525,4.4062
0.69225,0.25315,0.31568,0.59754,-41.965,37.518,4.4098
0.69235,0.253,0.31563,0.59751,-42.055,37.511,4.4133
0.69246,0.25286,0.31557,0.59748,-42.144,37.505,4.4168
0.69256,0.25272,0.31551,0.59745,-42.233,37.498,4.4203
0.69266,0.25257,0.31546,0.59742,-42.323,37.492,4.4238
0.69276,0.25243,0.3154,0.59739,-42.412,37.485,4.4273
0.69287,0.25229,0.31534,0.59737,-42.502,37.478,4.4308
0.69297,0.25214,0.31529,0.59734,-42.591,37.472,4.4343
0.69307,0.252,0.31523,0.59731,-42.68,37.465,4.4378
0.69317,0.25186,0.31517,0.59728,-42.769,37.458,4.4412
0.69328,0.25172,0.31511,0.59725,-42.858,37.452,4.4446
0.69338,0.25157,0.31506,0.59722,-42.947,37.445,4.4481
0.69348,0.25143,0.315,0.5972,-43.036,37.438,4.4515
0.69358,0.25129,0.31494,0.59717,-43.125,37.432,4.4549
0.69368,0.25114,0.31489,0.59714,-43.214,37.425,4.4583
0.69379,0.251,0.31483,0.59711,-43.303,37.418,4.4617
0.69389,0.25086,0.31477,0.59708,-43.392,37.412,4.4651
0.69399,0.25071,0.31472,0.59705,-43.48,37.405,4.4684
0.69409,0.25057,0.31466,0.59702,-43.569,37.398,4.4718
0.6942,0.25043,0.3146,0.597,-43.657,37.391,4.4752
0.6943,0.25028,0.31455,0.59697,-43.746,37.385,4.4785
0.6944,0.25014,0.31449,0.59694,-43.834,37.378,4.4818
0.6945,0.25,0.31443,0.59691,-43.923,37.371,4.4851
0.6946,0.24985,0.31437,0.59688,-44.011,37.364,4.4885
0.69471,0.24971,0.31432,0.59685,-44.099,37.358,4.4918
0.69481,0.24957,0.31426,0.59682,-44.187,37.351,4.495
0.69491,0.24942,0.3142,0.5968,-44.275,37.344,4.4983
0.69501,0.24928,0.31415,0.59677,-44.363,37.337,4.5016
0.69511,0.24914,0.31409,0.59674,-44.451,37.331,4.5049
0.69522,0.24899,0.31403,0.59671,-44.538,37.324,4.5081
0.69532,0.24885,0.31398,0.59668,-44.626,37.317,4.5113
0.69542,0.24871,0.31392,0.59665,-44.713,37.31,4.5146
0.69552,0.24856,0.31386,0.59662,-44.801,37.303,4.5178
0.69562,0.24842,0.3138,0.59659,-44.888,37.296,4.521
0.69572,0.24828,0.31375,0.59656,-44.975,37.29,4.5242
0.69583,0.24813,0.31369,0.59654,-45.062,37.283,4.5274
0.69593,0.24799,0.31363,0.59651,-45.149,37.276,4.5306
0.69603,0.24785,0.31358,0.59648,-45.236,37.269,4.5337
0.69613,0.2477,0.31352,0.59645,-45.323,37.262,4.5369
0.69623,0.24756,0.31346,0.59642,-45.41,37.255,4.54
0.69633,0.24742,0.3134,0.59639,-45.496,37.248,4.5432
0.69644,0.24727,0.31335,0.59636,-45.583,37.241,4.5463
0.69654,0.24713,0.31329,0.59633,-45.669,37.235,4.5494
0.69664,0.24699,0.31323,0.5963,-45.756,37.228,4.5525
0.69674,0.24684,0.31318,0.59627,-45.842,37.221,4.5556
0.69684,0.2467,0.31312,0.59625,-45.928,37.214,4.5587
0.69694,0.24656,0.31306,0.59622,-46.014,37.207,4.5618
0.69704,0.24641,0.313,0.59619,-46.099,37.2,4.5648
0.69715,0.24627,0.31295,0.59616,-46.185,37.193,4.5679
0.69725,0.24613,0.31289,0.59613,-46.271,37.186,4.5709
0.69735,0.24598,0.31283,0.5961,-46.356,37.179,4.574
0.69745,0.24584,0.31277,0.59607,-46.441,37.172,4.577
0.69755,0.24569,0.31272,0.59604,-46.526,37.165,4.58
0.69765,0.24555,0.31266,0.59601,-46.611,37.158,4.583
0.69775,0.24541,0.3126,0.59598,-46.696,37.151,4.586
0.69785,0.24526,0.31255,0.59595,-46.781,37.144,4.589
0.69796,0.24512,0.31249,0.59592,-46.866,37.137,4.592
0.69806,0.24498,0.31243,0.59589,-46.95,37.13,4.5949
0.69816,0.24483,0.31237,0.59586,-47.034,37.123,4.5979
0.69826,0.24469,0.31232,0.59584,-47.119,37.116,4.6008
0.69836,0.24455,0.31226,0.59581,-47.203,37.109,4.6038
0.69846,0.2444,0.3122,0.59578,-47.286,37.102,4.6067
0.69856,0.24426,0.31214,0.59575,-47.37,37.095,4.6096
0.69866,0.24412,0.31209,0.59572,-47.454,37.088,4.6125
0.69876,0.24397,0.31203,0.59569,-47.537,37.081,4.6154
0.69887,0.24383,0.31197,0.59566,-47.621,37.074,4.6183
0.69897,0.24368,0.31191,0.59563,-47.704,37.067,4.6211
0.69907,0.24354,0.31186,0.5956,-47.787,37.06,4.624
0.69917,0.2434,0.3118,0.59557,-47.869,37.053,4.6268
0.69927,0.24325,0.31174,0.59554,-47.952,37.046,4.6297
0.69937,0.24311,0.31168,0.59551,-48.035,37.038,4.6325
0.69947,0.24297,0.31163,0.59548,-48.117,37.031,4.6353
0.69957,0.24282,0.31157,0.59545,-48.199,37.024,4.6381
0.69967,0.24268,0.31151,0.59542,-48.281,37.017,4.6409
0.69977,0.24254,0.31145,0.59539,-48.363,37.01,4.6437
0.69987,0.24239,0.3114,0.59536,-48.445,37.003,4.6465
0.69997,0.24225,0.31134,0.59533,-48.526,36.996,4.6492
0.70008,0.2421,0.31128,0.5953,-48.607,36.989,4.652
0.70018,0.24196,0.31122,0.59527,-48.689,36.981,4.6547
0.70028,0.24182,0.31117,0.59524,-48.77,36.974,4.6575
0.70038,0.24167,0.31111,0.59521,-48.85,36.967,4.6602
0.70048,0.24153,0.31105,0.59518,-48.931,36.96,4.6629
0.70058,0.24139,0.31099,0.59515,-49.011,36.953,4.6656
0.70068,0.24124,0.31094,0.59512,-49.092,36.946,4.6683
0.70078,0.2411,0.31088,0.59509,-49.172,36.938,4.671
0.70088,0.24095,0.31082,0.59506,-49.252,36.931,4.6737
0.70098,0.24081,0.31076,0.59503,-49.331,36.924,4.6763
0.70108,0.24067,0.3107,0.595,-49.411,36.917,4.679
0.70118,0.24052,0.31065,0.59497,-49.49,36.909,4.6816
0.70128,0.24038,0.31059,0.59494,-49.569,36.902,4.6842
0.70138,0.24023,0.31053,0.59491,-49.648,36.895,4.6868
0.70148,0.24009,0.31047,0.59488,-49.727,36.888,4.6895
0.70158,0.23995,0.31042,0.59485,-49.806,36.88,4.6921
0.70168,0.2398,0.31036,0.59482,-49.884,36.873,4.6946
0.70178,0.23966,0.3103,0.59479,-49.962,36.866,4.6972
0.70188,0.23952,0.31024,0.59476,-50.04,36.859,4.6998
0.70198,0.23937,0.31018,0.59473,-50.118,36.851,4.7023
0.70208,0.23923,0.31013,0.5947,-50.195,36.844,4.7049
0.70218,0.23908,0.31007,0.59467,-50.273,36.837,4.7074
0.70228,0.23894,0.31001,0.59464,-50.35,36.83,4.7099
0.70238,0.2388,0.30995,0.59461,-50.427,36.822,4.7124
0.70248,0.23865,0.3099,0.59458,-50.503,36.815,4.7149
0.70258,0.23851,0.30984,0.59455,-50.58,36.808,4.7174
0.70268,0.23836,0.30978,0.59452,-50.656,36.8,4.7199
0.70278,0.23822,0.30972,0.59449,-50.732,36.793,4.7224
0.70288,0.23808,0.30966,0.59446,-50.808,36.786,4.7248
0.70298,0.23793,0.30961,0.59443,-50.884,36.778,4.7273
0.70308,0.23779,0.30955,0.5944,-50.959,36.771,4.7297
0.70318,0.23764,0.30949,0.59437,-51.034,36.764,4.7322
0.70328,0.2375,0.30943,0.59434,-51.109,36.756,4.7346
0.70338,0.23736,0.30937,0.59431,-51.184,36.749,4.737
0.70348,0.23721,0.30932,0.59428,-51.258,36.741,4.7394
0.70358,0.23707,0.30926,0.59425,-51.333,36.734,4.7418
0.70368,0.23692,0.3092,0.59422,-51.407,36.727,4.7441
0.70378,0.23678,0.30914,0.59418,-51.48,36.719,4.7465
0.70388,0.23664,0.30908,0.59415,-51.554,36.712,4.7488
0.70398,0.23649,0.30903,0.59412,-51.627,36.704,4.7512
0.70408,0.23635,0.30897,0.59409,-51.7,36.697,4.7535
0.70418,0.2362,0.30891,0.59406,-51.773,36.69,4.7558
0.70428,0.23606,0.30885,0.59403,-51.846,36.682,4.7582
0.70438,0.23592,0.30879,0.594,-51.918,36.675,4.7605
0.70448,0.23577,0.30874,0.59397,-51.99,36.667,4.7627
0.70458,0.23563,0.30868,0.59394,-52.062,36.66,4.765
0.70468,0.23548,0.30862,0.59391,-52.134,36.652,4.7673
0.70478,0.23534,0.30856,0.59388,-52.205,36.645,4.7695
0.70488,0.23519,0.3085,0.59385,-52.277,36.637,4.7718
0.70498,0.23505,0.30845,0.59382,-52.348,36.63,4.774
0.70508,0.23491,0.30839,0.59379,-52.418,36.622,4.7762
0.70518,0.23476,0.30833,0.59375,-52.489,36.615,4.7785
0.70528,0.23462,0.30827,0.59372,-52.559,36.607,4.7807
0.70538,0.23447,0.30821,0.59369,-52.629,36.6,4.7829
0.70548,0.23433,0.30816,0.59366,-52.698,36.592,4.785
0.70557,0.23419,0.3081,0.59363,-52.768,36.585,4.7872
0.70567,0.23404,0.30804,0.5936,-52.837,36.577,4.7894
0.70577,0.2339,0.30798,0.59357,-52.906,36.57,4.7915
0.70587,0.23375,0.30792,0.59354,-52.974,36.562,4.7936
0.70597,0.23361,0.30786,0.59351,-53.043,36.555,4.7958
0.70607,0.23346,0.30781,0.59348,-53.111,36.547,4.7979
0.70617,0.23332,0.30775,0.59344,-53.179,36.54,4.8
0.70627,0.23318,0.30769,0.59341,-53.246,36.532,4.8021
0.70637,0.23303,0.30763,0.59338,-53.314,36.524,4.8042
0.70647,0.23289,0.30757,0.59335,-53.381,36.517,4.8062
0.70657,0.23274,0.30751,0.59332,-53.447,36.509,4.8083
0.70667,0.2326,0.30746,0.59329,-53.514,36.502,4.8104
0.70676,0.23245,0.3074,0.59326,-53.58,36.494,4.8124
0.70686,0.23231,0.30734,0.59323,-53.646,36.486,4.8144
0.70696,0.23217,0.30728,0.5932,-53.712,36.479,4.8165
0.70706,0.23202,0.30722,0.59316,-53.777,36.471,4.8185
0.70716,0.23188,0.30716,0.59313,-53.842,36.464,4.8205
0.70726,0.23173,0.30711,0.5931,-53.907,36.456,4.8224
0.70736,0.23159,0.30705,0.59307,-53.972,36.448,4.8244
0.70746,0.23144,0.30699,0.59304,-54.036,36.441,4.8264
0.70756,0.2313,0.30693,0.59301,-54.1,36.433,4.8283
0.70766,0.23116,0.30687,0.59298,-54.163,36.425,4.8303
0.70775,0.23101,0.30681,0.59294,-54.227,36.418,4.8322
0.70785,0.23087,0.30676,0.59291,-54.29,36.41,4.8341
0.70795,0.23072,0.3067,0.59288,-54.353,36.402,4.836
0.70805,0.23058,0.30664,0.59285,-54.415,36.395,4.8379
0.70815,0.23043,0.30658,0.59282,-54.478,36.387,4.8398
0.70825,0.23029,0.30652,0.59279,-54.54,36.379,4.8417
0.70835,0.23014,0.30646,0.59276,-54.601,36.372,4.8436
0.70844,0.23,0.30641,0.59272,-54.663,36.364,4.8454
0.70854,0.22986,0.30635,0.59269,-54.724,36.356,4.8473
0.70864,0.22971,0.30629,0.59266,-54.784,36.348,4.8491
0.70874,0.22957,0.30623,0.59263,-54.845,36.341,4.8509
0.70884,0.22942,0.30617,0.5926,-54.905,36.333,4.8527
0.70894,0.22928,0.30611,0.59257,-54.965,36.325,4.8545
0.70904,0.22913,0.30605,0.59253,-55.024,36.317,4.8563
0.70913,0.22899,0.306,0.5925,-55.084,36.31,4.8581
0.70923,0.22884,0.30594,0.59247,-55.143,36.302,4.8599
0.70933,0.2287,0.30588,0.59244,-55.201,36.294,4.8616
0.70943,0.22856,0.30582,0.59241,-55.26,36.286,4.8634
0.70953,0.22841,0.30576,0.59238,-55.318,36.279,4.8651
0.70963,0.22827,0.3057,0.59234,-55.375,36.271,4.8669
0.70972,0.22812,0.30564,0.59231,-55.433,36.263,4.8686
0.70982,0.22798,0.30559,0.59228,-55.49,36.255,4.8703
0.70992,0.22783,0.30553,0.59225,-55.547,36.247,4.872
0.71002,0.22769,0.30547,0.59222,-55.603,36.24,4.8736
0.71012,0.22754,0.30541,0.59218,-55.659,36.232,4.8753
0.71022,0.2274,0.30535,0.59215,-55.715,36.224,4.877
0.71031,0.22725,0.30529,0.59212,-55.771,36.216,4.8786
0.71041,0.22711,0.30523,0.59209,-55.826,36.208,4.8803
0.71051,0.22697,0.30517,0.59206,-55.881,36.2,4.8819
0.71061,0.22682,0.30512,0.59202,-55.935,36.193,4.8835
0.71071,0.22668,0.30506,0.59199,-55.989,36.185,4.8851
0.7108,0.22653,0.305,0.59196,-56.043,36.177,4.8867
0.7109,0.22639,0.30494,0.59193,-56.097,36.169,4.8883
0.711,0.22624,0.30488,0.5919,-56.15,36.161,4.8898
0.7111,0.2261,0.30482,0.59186,-56.203,36.153,4.8914
0.7112,0.22595,0.30476,0.59183,-56.256,36.145,4.893
0.71129,0.22581,0.3047,0.5918,-56.308,36.137,4.8945
0.71139,0.22566,0.30465,0.59177,-56.36,36.13,4.896
0.71149,0.22552,0.30459,0.59174,-56.411,36.122,4.8975
0.71159,0.22537,0.30453,0.5917,-56.463,36.114,4.899
0.71168,0.22523,0.30447,0.59167,-56.514,36.106,4.9005
0.71178,0.22509,0.30441,0.59164,-56.564,36.098,4.902
0.71188,0.22494,0.30435,0.59161,-56.614,36.09,4.9035
0.71198,0.2248,0.30429,0.59157,-56.664,36.082,4.905
0.71208,0.22465,0.30423,0.59154,-56.714,36.074,4.9064
0.71217,0.22451,0.30417,0.59151,-56.763,36.066,4.9078
0.71227,0.22436,0.30412,0.59148,-56.812,36.058,4.9093
0.71237,0.22422,0.30406,0.59144,-56.861,36.05,4.9107
0.71247,0.22407,0.304,0.59141,-56.909,36.042,4.9121
0.71256,0.22393,0.30394,0.59138,-56.957,36.034,4.9135
0.71266,0.22378,0.30388,0.59135,-57.004,36.026,4.9149
0.71276,0.22364,0.30382,0.59132,-57.052,36.018,4.9162
0.71286,0.22349,0.30376,0.59128,-57.099,36.01,4.9176
0.71295,0.22335,0.3037,0.59125,-57.145,36.002,4.919
0.71305,0.2232,0.30364,0.59122,-57.191,35.994,4.9203
0.71315,0.22306,0.30359,0.59119,-57.237,35.986,4.9216
0.71325,0.22291,0.30353,0.59115,-57.282,35.978,4.9229
0.71334,0.22277,0.30347,0.59112,-57.328,35.97,4.9242
0.71344,0.22262,0.30341,0.59109,-57.372,35.962,4.9255
0.71354,0.22248,0.30335,0.59105,-57.417,35.954,4.9268
0.71364,0.22233,0.30329,0.59102,-57.461,35.946,4.9281
0.71373,0.22219,0.30323,0.59099,-57.505,35.938,4.9294
0.71383,0.22204,0.30317,0.59096,-57.548,35.93,4.9306
0.71393,0.2219,0.30311,0.59092,-57.591,35.922,4.9318
0.71402,0.22175,0.30305,0.59089,-57.634,35.914,4.9331
0.71412,0.22161,0.30299,0.59086,-57.676,35.906,4.9343
0.71422,0.22147,0.30294,0.59083,-57.718,35.898,4.9355
0.71432,0.22132,0.30288,0.59079,-57.759,35.89,4.9367
0.71441,0.22118,0.30282,0.59076,-57.801,35.882,4.9379
0.71451,0.22103,0.30276,0.59073,-57.841,35.874,4.9391
0.71461,0.22089,0.3027,0.59069,-57.882,35.866,4.9402
0.7147,0.22074,0.30264,0.59066,-57.922,35.857,4.9414
0.7148,0.2206,0.30258,0.59063,-57.962,35.849,4.9425
0.7149,0.22045,0.30252,0.5906,-58.001,35.841,4.9436
0.71499,0.22031,0.30246,0.59056,-58.04,35.833,4.9448
0.71509,0.22016,0.3024,0.59053,-58.079,35.825,4.9459
0.71519,0.22002,0.30234,0.5905,-58.117,35.817,4.947
0.71529,0.21987,0.30228,0.59046,-58.155,35.809,4.948
0.71538,0.21973,0.30223,0.59043,-58.193,35.801,4.9491
0.71548,0.21958,0.30217,0.5904,-58.23,35.792,4.9502
0.71558,0.21944,0.30211,0.59036,-58.267,35.784,4.9512
0.71567,0.21929,0.30205,0.59033,-58.303,35.776,4.9523
0.71577,0.21915,0.30199,0.5903,-58.339,35.768,4.9533
0.71587,0.219,0.30193,0.59027,-58.375,35.76,4.9543
0.71596,0.21886,0.30187,0.59023,-58.41,35.752,4.9553
0.71606,0.21871,0.30181,0.5902,-58.445,35.743,4.9563
0.71616,0.21857,0.30175,0.59017,-58.48,35.735,4.9573
0.71625,0.21842,0.30169,0.59013,-58.514,35.727,4.9583
0.71635,0.21828,0.30163,0.5901,-58.548,35.719,4.9592
0.71645,0.21813,0.30157,0.59007,-58.582,35.711,4.9602
0.71654,0.21799,0.30151,0.59003,-58.615,35.702,4.9611
0.71664,0.21784,0.30145,0.59,-58.647,35.694,4.962
0.71674,0.2177,0.30139,0.58997,-58.68,35.686,4.963
0.71683,0.21755,0.30134,0.58993,-58.712,35.678,4.9639
0.71693,0.2174,0.30128,0.5899,-58.743,35.669,4.9648
0.71702,0.21726,0.30122,0.58987,-58.774,35.661,4.9656
0.71712,0.21711,0.30116,0.58983,-58.805,35.653,4.9665
0.71722,0.21697,0.3011,0.5898,-58.836,35.645,4.9674
0.71731,0.21682,0.30104,0.58977,-58.866,35.636,4.9682
0.71741,0.21668,0.30098,0.58973,-58.895,35.628,4.9691
0.71751,0.21653,0.30092,0.5897,-58.925,35.62,4.9699
0.7176,0.21639,0.30086,0.58967,-58.954,35.612,4.9707
0.7177,0.21624,0.3008,0.58963,-58.982,35.603,4.9715
0.7178,0.2161,0.30074,0.5896,-59.01,35.595,4.9723
0.71789,0.21595,0.30068,0.58957,-59.038,35.587,4.9731
0.71799,0.21581,0.30062,0.58953,-59.066,35.579,4.9739
0.71808,0.21566,0.30056,0.5895,-59.093,35.57,4.9746
0.71818,0.21552,0.3005,0.58946,-59.119,35.562,4.9754
0.71828,0.21537,0.30044,0.58943,-59.145,35.554,4.9761
0.71837,0.21523,0.30038,0.5894,-59.171,35.545,4.9768
0.71847,0.21508,0.30032,0.58936,-59.197,35.537,4.9776
0.71856,0.21494,0.30026,0.58933,-59.222,35.529,4.9783
0.71866,0.21479,0.3002,0.5893,-59.246,35.52,4.9789
0.71876,0.21465,0.30015,0.58926,-59.271,35.512,4.9796
0.71885,0.2145,0.30009,0.58923,-59.295,35.504,4.9803
0.71895,0.21436,0.30003,0.58919,-59.318,35.495,4.981
0.71904,0.21421,0.29997,0.58916,-59.341,35.487,4.9816
0.71914,0.21407,0.29991,0.58913,-59.364,35.479,4.9822
0.71924,0.21392,0.29985,0.58909,-59.386,35.47,4.9829
0.71933,0.21377,0.29979,0.58906,-59.408,35.462,4.9835
0.71943,0.21363,0.29973,0.58903,-59.43,35.453,4.9841
0.71952,0.21348,0.29967,0.58899,-59.451,35.445,4.9847
0.71962,0.21334,0.29961,0.58896,-59.472,35.437,4.9853
0.71971,0.21319,0.29955,0.58892,-59.492,35.428,4.9858
0.71981,0.21305,0.29949,0.58889,-59.512,35.42,4.9864
0.71991,0.2129,0.29943,0.58886,-59.531,35.411,4.9869
0.72,0.21276,0.29937,0.58882,-59.551,35.403,4.9875
0.7201,0.21261,0.29931,0.58879,-59.569,35.395,4.988
0.72019,0.21247,0.29925,0.58875,-59.588,35.386,4.9885
0.72029,0.21232,0.29919,0.58872,-59.606,35.378,4.989
0.72038,0.21218,0.29913,0.58869,-59.623,35.369,4.9895
0.72048,0.21203,0.29907,0.58865,-59.641,35.361,4.99
0.72057,0.21189,0.29901,0.58862,-59.657,35.352,4.9905
0.72067,0.21174,0.29895,0.58858,-59.674,35.344,4.9909
0.72077,0.21159,0.29889,0.58855,-59.69,35.336,4.9914
0.72086,0.21145,0.29883,0.58851,-59.705,35.327,4.9918
0.72096,0.2113,0.29877,0.58848,-59.72,35.319,4.9922
0.72105,0.21116,0.29871,0.58845,-59.735,35.31,4.9926
0.72115,0.21101,0.29865,0.58841,-59.75,35.302,4.993
0.72124,0.21087,0.29859,0.58838,-59.764,35.293,4.9934
0.72134,0.21072,0.29853,0.58834,-59.777,35.285,4.9938
0.72143,0.21058,0.29847,0.58831,-59.79,35.276,4.9942
0.72153,0.21043,0.29841,0.58827,-59.803,35.268,4.9945
0.72162,0.21029,0.29835,0.58824,-59.816,35.259,4.9949
0.72172,0.21014,0.29829,0.58821,-59.828,35.251,4.9952
0.72181,0.20999,0.29823,0.58817,-59.839,35.242,4.9955
0.72191,0.20985,0.29817,0.58814,-59.85,35.234,4.9958
0.722,0.2097,0.29811,0.5881,-59.861,35.225,4.9961
0.7221,0.20956,0.29805,0.58807,-59.872,35.217,4.9964
0.72219,0.20941,0.29799,0.58803,-59.882,35.208,4.9967
0.72229,0.20927,0.29793,0.588,-59.891,35.2,4.997
0.72238,0.20912,0.29787,0.58796,-59.9,35.191,4.9972
0.72248,0.20898,0.29781,0.58793,-59.909,35.182,4.9975
0.72257,0.20883,0.29775,0.5879,-59.917,35.174,4.9977
0.72267,0.20868,0.29769,0.58786,-59.925,35.165,4.9979
0.72276,0.20854,0.29763,0.58783,-59.933,35.157,4.9981
0.72286,0.20839,0.29757,0.58779,-59.94,35.148,4.9983
0.72295,0.20825,0.29751,0.58776,-59.947,35.14,4.9985
0.72305,0.2081,0.29745,0.58772,-59.953,35.131,4.9987
0.72314,0.20796,0.29739,0.58769,-59.959,35.122,4.9989
0.72324,0.20781,0.29733,0.58765,-59.965,35.114,4.999
0.72333,0.20767,0.29727,0.58762,-59.97,35.105,4.9992
0.72343,0.20752,0.29721,0.58758,-59.975,35.097,4.9993
0.72352,0.20737,0.29715,0.58755,-59.979,35.088,4.9994
0.72362,0.20723,0.29709,0.58751,-59.983,35.079,4.9995
0.72371,0.20708,0.29703,0.58748,-59.986,35.071,4.9996
0.72381,0.20694,0.29697,0.58744,-59.99,35.062,4.9997
0.7239,0.20679,0.29691,0.58741,-59.992,35.054,4.9998
0.72399,0.20665,0.29685,0.58737,-59.995,35.045,4.9998
0.72409,0.2065,0.29679,0.58734,-59.996,35.036,4.9999
0.72418,0.20635,0.29673,0.5873,-59.998,35.028,4.9999
0.72428,0.20621,0.29667,0.58727,-59.999,35.019,5
0.72437,0.20606,0.29661,0.58723,-60,35.01,5
0.72447,0.20592,0.29655,0.5872,-60,35.002,5
0.72456,0.20577,0.29649,0.58716,-60,34.993,5
0.72466,0.20563,0.29643,0.58713,-59.999,34.984,5
0.72475,0.20548,0.29637,0.58709,-59.998,34.976,5
0.72484,0.20533,0.29631,0.58706,-59.997,34.967,4.9999
0.72494,0.20519,0.29625,0.58702,-59.995,34.958,4.9999
0.72503,0.20504,0.29619,0.58699,-59.993,34.95,4.9998
0.72513,0.2049,0.29613,0.58695,-59.991,34.941,4.9997
0.72522,0.20475,0.29607,0.58692,-59.988,34.932,4.9997
0.72532,0.20461,0.29601,0.58688,-59.984,34.924,4.9996
0.72541,0.20446,0.29595,0.58685,-59.981,34.915,4.9995
0.7255,0.20431,0.29589,0.58681,-59.976,34.906,4.9993
0.7256,0.20417,0.29583,0.58678,-59.972,34.897,4.9992
0.72569,0.20402,0.29577,0.58674,-59.967,34.889,4.9991
0.72579,0.20388,0.2957,0.58671,-59.961,34.88,4.9989
0.72588,0.20373,0.29564,0.58667,-59.956,34.871,4.9988
0.72598,0.20359,0.29558,0.58664,-59.949,34.863,4.9986
0.72607,0.20344,0.29552,0.5866,-59.943,34.854,4.9984
0.72616,0.20329,0.29546,0.58657,-59.936,34.845,4.9982
0.72626,0.20315,0.2954,0.58653,-59.928,34.836,4.998
0.72635,0.203,0.29534,0.5865,-59.921,34.828,4.9978
0.72644,0.20286,0.29528,0.58646,-59.912,34.819,4.9976
0.72654,0.20271,0.29522,0.58642,-59.904,34.81,4.9973
0.72663,0.20256,0.29516,0.58639,-59.895,34.801,4.9971
0.72673,0.20242,0.2951,0.58635,-59.885,34.792,4.9968
0.72682,0.20227,0.29504,0.58632,-59.876,34.784,4.9965
0.72691,0.20213,0.29498,0.58628,-59.865,34.775,4.9963
0.72701,0.20198,0.29492,0.58625,-59.855,34.766,4.996
0.7271,0.20184,0.29486,0.58621,-59.844,34.757,4.9957
0.7272,0.20169,0.2948,0.58618,-59.832,34.749,4.9953
0.72729,0.20154,0.29474,0.58614,-59.82,34.74,4.995
0.72738,0.2014,0.29468,0.58611,-59.808,34.731,4.9947
0.72748,0.20125,0.29462,0.58607,-59.796,34.722,4.9943
0.72757,0.20111,0.29456,0.58603,-59.783,34.713,4.9939
0.72766,0.20096,0.29449,0.586,-59.769,34.704,4.9936
0.72776,0.20081,0.29443,0.58596,-59.755,34.696,4.9932
0.72785,0.20067,0.29437,0.58593,-59.741,34.687,4.9928
0.72794,0.20052,0.29431,0.58589,-59.726,34.678,4.9924
0.72804,0.20038,0.29425,0.58586,-59.711,34.669,4.992
0.72813,0.20023,0.29419,0.58582,-59.696,34.66,4.9915
0.72822,0.20008,0.29413,0.58578,-59.68,34.651,4.9911
0.72832,0.19994,0.29407,0.58575,-59.664,34.643,4.9906
0.72841,0.19979,0.29401,0.58571,-59.647,34.634,4.9902
0.7285,0.19965,0.29395,0.58568,-59.63,34.625,4.9897
0.7286,0.1995,0.29389,0.58564,-59.613,34.616,4.9892
0.72869,0.19935,0.29383,0.5856,-59.595,34.607,4.9887
0.72878,0.19921,0.29377,0.58557,-59.577,34.598,4.9882
0.72888,0.19906,0.29371,0.58553,-59.558,34.589,4.9877
0.72897,0.19892,0.29365,0.5855,-59.539,34.58,4.9872
0.72906,0.19877,0.29358,0.58546,-59.52,34.572,4.9866
0.72916,0.19862,0.29352,0.58542,-59.5,34.563,4.9861
0.72925,0.19848,0.29346,0.58539,-59.48,34.554,4.9855
0.72934,0.19833,0.2934,0.58535,-59.459,34.545,4.9849
0.72944,0.19819,0.29334,0.58532,-59.438,34.536,4.9843
0.72953,0.19804,0.29328,0.58528,-59.417,34.527,4.9837
0.72962,0.19789,0.29322,0.58524,-59.395,34.518,4.9831
0.72972,0.19775,0.29316,0.58521,-59.373,34.509,4.9825
0.72981,0.1976,0.2931,0.58517,-59.35,34.5,4.9819
0.7299,0.19746,0.29304,0.58514,-59.327,34.491,4.9812
0.72999,0.19731,0.29298,0.5851,-59.304,34.482,4.9806
0.73009,0.19716,0.29292,0.58506,-59.28,34.473,4.9799
0.73018,0.19702,0.29285,0.58503,-59.256,34.465,4.9792
0.73027,0.19687,0.29279,0.58499,-59.232,34.456,4.9785
0.73037,0.19672,0.29273,0.58495,-59.207,34.447,4.9778
0.73046,0.19658,0.29267,0.58492,-59.181,34.438,4.9771
0.73055,0.19643,0.29261,0.58488,-59.156,34.429,4.9764
0.73064,0.19629,0.29255,0.58485,-59.13,34.42,4.9757
0.73074,0.19614,0.29249,0.58481,-59.103,34.411,4.9749
0.73083,0.19599,0.29243,0.58477,-59.076,34.402,4.9742
0.73092,0.19585,0.29237,0.58474,-59.049,34.393,4.9734
0.73102,0.1957,0.29231,0.5847,-59.021,34.384,4.9726
0.73111,0.19556,0.29225,0.58466,-58.993,34.375,4.9718
0.7312,0.19541,0.29218,0.58463,-58.965,34.366,4.971
0.73129,0.19526,0.29212,0.58459,-58.936,34.357,4.9702
0.73139,0.19512,0.29206,0.58455,-58.907,34.348,4.9694
0.73148,0.19497,0.292,0.58452,-58.878,34.339,4.9686
0.73157,0.19482,0.29194,0.58448,-58.848,34.33,4.9677
0.73166,0.19468,0.29188,0.58444,-58.817,34.321,4.9669
0.73176,0.19453,0.29182,0.58441,-58.787,34.312,4.966
0.73185,0.19439,0.29176,0.58437,-58.756,34.303,4.9651
0.73194,0.19424,0.2917,0.58433,-58.724,34.294,4.9642
0.73203,0.19409,0.29164,0.5843,-58.692,34.285,4.9633
0.73213,0.19395,0.29157,0.58426,-58.66,34.276,4.9624
0.73222,0.1938,0.29151,0.58422,-58.628,34.267,4.9615
0.73231,0.19365,0.29145,0.58419,-58.595,34.258,4.9605
0.7324,0.19351,0.29139,0.58415,-58.561,34.249,4.9596
0.73249,0.19336,0.29133,0.58411,-58.528,34.239,4.9586
0.73259,0.19321,0.29127,0.58408,-58.494,34.23,4.9577
0.73268,0.19307,0.29121,0.58404,-58.459,34.221,4.9567
0.73277,0.19292,0.29115,0.584,-58.424,34.212,4.9557
0.73286,0.19278,0.29109,0.58397,-58.389,34.203,4.9547
0.73296,0.19263,0.29102,0.58393,-58.353,34.194,4.9537
0.73305,0.19248,0.29096,0.58389,-58.318,34.185,4.9527
0.73314,0.19234,0.2909,0.58386,-58.281,34.176,4.9516
0.73323,0.19219,0.29084,0.58382,-58.245,34.167,4.9506
0.73332,0.19204,0.29078,0.58378,-58.207,34.158,4.9495
0.73342,0.1919,0.29072,0.58375,-58.17,34.149,4.9485
0.73351,0.19175,0.29066,0.58371,-58.132,34.14,4.9474
0.7336,0.19161,0.2906,0.58367,-58.094,34.13,4.9463
0.73369,0.19146,0.29053,0.58364,-58.056,34.121,4.9452
0.73378,0.19131,0.29047,0.5836,-58.017,34.112,4.9441
0.73388,0.19117,0.29041,0.58356,-57.977,34.103,4.943
0.73397,0.19102,0.29035,0.58352,-57.938,34.094,4.9418
0.73406,0.19087,0.29029,0.58349,-57.898,34.085,4.9407
0.73415,0.19073,0.29023,0.58345,-57.857,34.076,4.9395
0.73424,0.19058,0.29017,0.58341,-57.817,34.067,4.9383
0.73433,0.19043,0.29011,0.58338,-57.776,34.057,4.9372
0.73443,0.19029,0.29004,0.58334,-57.734,34.048,4.936
0.73452,0.19014,0.28998,0.5833,-57.692,34.039,4.9348
0.73461,0.18999,0.28992,0.58326,-57.65,34.03,4.9336
0.7347,0.18985,0.28986,0.58323,-57.608,34.021,4.9323
0.73479,0.1897,0.2898,0.58319,-57.565,34.012,4.9311
0.73488,0.18956,0.28974,0.58315,-57.522,34.003,4.9299
0.73498,0.18941,0.28968,0.58311,-57.478,33.993,4.9286
0.73507,0.18926,0.28961,0.58308,-57.434,33.984,4.9273
0.73516,0.18912,0.28955,0.58304,-57.39,33.975,4.926
0.73525,0.18897,0.28949,0.583,-57.345,33.966,4.9248
0.73534,0.18882,0.28943,0.58297,-57.3,33.957,4.9235
0.73543,0.18868,0.28937,0.58293,-57.255,33.948,4.9221
0.73552,0.18853,0.28931,0.58289,-57.209,33.938,4.9208
0.73562,0.18838,0.28925,0.58285,-57.163,33.929,4.9195
0.73571,0.18824,0.28918,0.58282,-57.117,33.92,4.9181
0.7358,0.18809,0.28912,0.58278,-57.07,33.911,4.9168
0.73589,0.18794,0.28906,0.58274,-57.023,33.902,4.9154
0.73598,0.1878,0.289,0.5827,-56.976,33.892,4.914
0.73607,0.18765,0.28894,0.58267,-56.928,33.883,4.9126
0.73616,0.1875,0.28888,0.58263,-56.88,33.874,4.9112
0.73625,0.18736,0.28881,0.58259,-56.831,33.865,4.9098
0.73635,0.18721,0.28875,0.58255,-56.783,33.855,4.9084
0.73644,0.18706,0.28869,0.58252,-56.734,33.846,4.907
0.73653,0.18692,0.28863,0.58248,-56.684,33.837,4.9055
0.73662,0.18677,0.28857,0.58244,-56.634,33.828,4.9041
0.73671,0.18662,0.28851,0.5824,-56.584,33.818,4.9026
0.7368,0.18648,0.28845,0.58236,-56.534,33.809,4.9011
0.73689,0.18633,0.28838,0.58233,-56.483,33.8,4.8996
0.73698,0.18618,0.28832,0.58229,-56.432,33.791,4.8981
0.73707,0.18604,0.28826,0.58225,-56.38,33.781,4.8966
0.73717,0.18589,0.2882,0.58221,-56.328,33.772,4.8951
0.73726,0.18574,0.28814,0.58218,-56.276,33.763,4.8936
0.73735,0.1856,0.28808,0.58214,-56.224,33.754,4.892
0.73744,0.18545,0.28801,0.5821,-56.171,33.744,4.8905
0.73753,0.1853,0.28795,0.58206,-56.118,33.735,4.8889
0.73762,0.18516,0.28789,0.58202,-56.064,33.726,4.8873
0.73771,0.18501,0.28783,0.58199,-56.011,33.717,4.8857
0.7378,0.18486,0.28777,0.58195,-55.957,33.707,4.8841
0.73789,0.18472,0.28771,0.58191,-55.902,33.698,4.8825
0.73798,0.18457,0.28764,0.58187,-55.847,33.689,4.8809
0.73807,0.18442,0.28758,0.58183,-55.792,33.679,4.8793
0.73816,0.18428,0.28752,0.5818,-55.737,33.67,4.8776
0.73825,0.18413,0.28746,0.58176,-55.681,33.661,4.876
0.73835,0.18398,0.2874,0.58172,-55.625,33.652,4.8743
0.73844,0.18384,0.28733,0.58168,-55.569,33.642,4.8726
0.73853,0.18369,0.28727,0.58164,-55.512,33.633,4.8709
0.73862,0.18354,0.28721,0.58161,-55.455,33.624,4.8692
0.73871,0.1834,0.28715,0.58157,-55.398,33.614,4.8675
0.7388,0.18325,0.28709,0.58153,-55.34,33.605,4.8658
0.73889,0.1831,0.28703,0.58149,-55.283,33.596,4.8641
0.73898,0.18296,0.28696,0.58145,-55.224,33.586,4.8623
0.73907,0.18281,0.2869,0.58142,-55.166,33.577,4.8606
0.73916,0.18266,0.28684,0.58138,-55.107,33.568,4.8588
0.73925,0.18252,0.28678,0.58134,-55.048,33.558,4.857
0.73934,0.18237,0.28672,0.5813,-54.988,33.549,4.8553
0.73943,0.18222,0.28665,0.58126,-54.929,33.54,4.8535
0.73952,0.18208,0.28659,0.58122,-54.869,33.53,4.8517
0.73961,0.18193,0.28653,0.58119,-54.808,33.521,4.8498
0.7397,0.18178,0.28647,0.58115,-54.748,33.511,4.848
0.73979,0.18164,0.28641,0.58111,-54.687,33.502,4.8462
0.73988,0.18149,0.28634,0.58107,-54.625,33.493,4.8443
0.73997,0.18134,0.28628,0.58103,-54.564,33.483,4.8424
0.74006,0.1812,0.28622,0.58099,-54.502,33.474,4.8406
0.74015,0.18105,0.28616,0.58096,-54.44,33.465,4.8387
0.74024,0.1809,0.2861,0.58092,-54.378,33.455,4.8368
0.74033,0.18075,0.28604,0.58088,-54.315,33.446,4.8349
0.74042,0.18061,0.28597,0.58084,-54.252,33.436,4.833
0.74051,0.18046,0.28591,0.5808,-54.189,33.427,4.831
0.7406,0.18031,0.28585,0.58076,-54.125,33.418,4.8291
0.74069,0.18017,0.28579,0.58072,-54.061,33.408,4.8272
0.74078,0.18002,0.28572,0.58069,-53.997,33.399,4.8252
0.74087,0.17987,0.28566,0.58065,-53.933,33.389,4.8232
0.74096,0.17973,0.2856,0.58061,-53.868,33.38,4.8212
0.74105,0.17958,0.28554,0.58057,-53.803,33.371,4.8192
0.74114,0.17943,0.28548,0.58053,-53.738,33.361,4.8172
0.74123,0.17929,0.28541,0.58049,-53.672,33.352,4.8152
0.74132,0.17914,0.28535,0.58045,-53.606,33.342,4.8132
0.74141,0.17899,0.28529,0.58041,-53.54,33.333,4.8112
0.7415,0.17885,0.28523,0.58038,-53.474,33.324,4.8091
0.74159,0.1787,0.28517,0.58034,-53.407,33.314,4.8071
0.74168,0.17855,0.2851,0.5803,-53.34,33.305,4.805
0.74177,0.1784,0.28504,0.58026,-53.273,33.295,4.8029
0.74186,0.17826,0.28498,0.58022,-53.206,33.286,4.8008
0.74195,0.17811,0.28492,0.58018,-53.138,33.276,4.7987
0.74204,0.17796,0.28486,0.58014,-53.07,33.267,4.7966
0.74213,0.17782,0.28479,0.5801,-53.002,33.257,4.7945
0.74222,0.17767,0.28473,0.58007,-52.933,33.248,4.7924
0.74231,0.17752,0.28467,0.58003,-52.864,33.239,4.7902
0.7424,0.17738,0.28461,0.57999,-52.795,33.229,4.7881
0.74249,0.17723,0.28454,0.57995,-52.726,33.22,4.7859
0.74257,0.17708,0.28448,0.57991,-52.656,33.21,4.7837
0.74266,0.17693,0.28442,0.57987,-52.587,33.201,4.7815
0.74275,0.17679,0.28436,0.57983,-52.516,33.191,4.7793
0.74284,0.17664,0.2843,0.57979,-52.446,33.182,4.7771
0.74293,0.17649,0.28423,0.57975,-52.376,33.172,4.7749
0.74302,0.17635,0.28417,0.57971,-52.305,33.163,4.7727
0.74311,0.1762,0.28411,0.57967,-52.234,33.153,4.7704
0.7432,0.17605,0.28405,0.57964,-52.162,33.144,4.7682
0.74329,0.17591,0.28398,0.5796,-52.091,33.134,4.7659
0.74338,0.17576,0.28392,0.57956,-52.019,33.125,4.7636
0.74347,0.17561,0.28386,0.57952,-51.947,33.115,4.7614
0.74356,0.17546,0.2838,0.57948,-51.875,33.106,4.7591
0.74365,0.17532,0.28373,0.57944,-51.802,33.096,4.7568
0.74373,0.17517,0.28367,0.5794,-51.729,33.087,4.7544
0.74382,0.17502,0.28361,0.57936,-51.656,33.077,4.7521
0.74391,0.17488,0.28355,0.57932,-51.583,33.068,4.7498
0.744,0.17473,0.28348,0.57928,-51.51,33.058,4.7474
0.74409,0.17458,0.28342,0.57924,-51.436,33.049,4.7451
0.74418,0.17443,0.28336,0.5792,-51.362,33.039,4.7427
0.74427,0.17429,0.2833,0.57916,-51.288,33.03,4.7403
0.74436,0.17414,0.28323,0.57912,-51.213,33.02,4.7379
0.74445,0.17399,0.28317,0.57909,-51.139,33.011,4.7355
0.74453,0.17385,0.28311,0.57905,-51.064,33.001,4.7331
0.74462,0.1737,0.28305,0.57901,-50.989,32.991,4.7307
0.74471,0.17355,0.28299,0.57897,-50.913,32.982,4.7283
0.7448,0.1734,0.28292,0.57893,-50.838,32.972,4.7258
0.74489,0.17326,0.28286,0.57889,-50.762,32.963,4.7234
0.74498,0.17311,0.2828,0.57885,-50.686,32.953,4.7209
0.74507,0.17296,0.28274,0.57881,-50.61,32.944,4.7184
0.74516,0.17282,0.28267,0.57877,-50.534,32.934,4.7159
0.74524,0.17267,0.28261,0.57873,-50.457,32.925,4.7134
0.74533,0.17252,0.28255,0.57869,-50.38,32.915,4.7109
0.74542,0.17237,0.28248,0.57865,-50.303,32.905,4.7084
0.74551,0.17223,0.28242,0.57861,-50.226,32.896,4.7059
0.7456,0.17208,0.28236,0.57857,-50.148,32.886,4.7033
0.74569,0.17193,0.2823,0.57853,-50.071,32.877,4.7008
0.74578,0.17178,0.28223,0.57849,-49.993,32.867,4.6982
0.74586,0.17164,0.28217,0.57845,-49.915,32.858,4.6957
0.74595,0.17149,0.28211,0.57841,-49.837,32.848,4.6931
0.74604,0.17134,0.28205,0.57837,-49.758,32.838,4.6905
0.74613,0.1712,0.28198,0.57833,-49.679,32.829,4.6879
0.74622,0.17105,0.28192,0.57829,-49.601,32.819,4.6853
0.74631,0.1709,0.28186,0.57825,-49.521,32.81,4.6826
0.74639,0.17075,0.2818,0.57821,-49.442,32.8,4.68
0.74648,0.17061,0.28173,0.57817,-49.363,32.79,4.6774
0.74657,0.17046,0.28167,0.57813,-49.283,32.781,4.6747
0.74666,0.17031,0.28161,0.57809,-49.203,32.771,4.672
0.74675,0.17016,0.28155,0.57805,-49.123,32.762,4.6694
0.74683,0.17002,0.28148,0.57801,-49.043,32.752,4.6667
0.74692,0.16987,0.28142,0.57797,-48.963,32.742,4.664
0.74701,0.16972,0.28136,0.57793,-48.882,32.733,4.6613
0.7471,0.16958,0.28129,0.57789,-48.802,32.723,4.6585
0.74719,0.16943,0.28123,0.57785,-48.721,32.714,4.6558
0.74728,0.16928,0.28117,0.57781,-48.64,32.704,4.6531
0.74736,0.16913,0.28111,0.57777,-48.558,32.694,4.6503
0.74745,0.16899,0.28104,0.57773,-48.477,32.685,4.6476
0.74754,0.16884,0.28098,0.57769,-48.395,32.675,4.6448
0.74763,0.16869,0.28092,0.57765,-48.314,32.665,4.642
0.74771,0.16854,0.28085,0.57761,-48.232,32.656,4.6392
0.7478,0.1684,0.28079,0.57757,-48.149,32.646,4.6364
0.74789,0.16825,0.28073,0.57753,-48.067,32.636,4.6336
0.74798,0.1681,0.28067,0.57749,-47.985,32.627,4.6308
0.74807,0.16795,0.2806,0.57745,-47.902,32.617,4.628
0.74815,0.16781,0.28054,0.57741,-47.819,32.607,4.6251
0.74824,0.16766,0.28048,0.57737,-47.736,32.598,4.6223
0.74833,0.16751,0.28041,0.57733,-47.653,32.588,4.6194
0.74842,0.16736,0.28035,0.57729,-47.57,32.579,4.6165
0.7485,0.16722,0.28029,0.57725,-47.487,32.569,4.6136
0.74859,0.16707,0.28023,0.57721,-47.403,32.559,4.6107
0.74868,0.16692,0.28016,0.57717,-47.32,32.55,4.6078
0.74877,0.16678,0.2801,0.57713,-47.236,32.54,4.6049
0.74885,0.16663,0.28004,0.57709,-47.152,32.53,4.602
0.74894,0.16648,0.27997,0.57705,-47.068,32.52,4.599
0.74903,0.16633,0.27991,0.57701,-46.983,32.511,4.5961
0.74912,0.16619,0.27985,0.57697,-46.899,32.501,4.5931
0.7492,0.16604,0.27979,0.57693,-46.814,32.491,4.5902
0.74929,0.16589,0.27972,0.57689,-46.73,32.482,4.5872
0.74938,0.16574,0.27966,0.57685,-46.645,32.472,4.5842
0.74947,0.1656,0.2796,0.5768,-46.56,32.462,4.5812
0.74955,0.16545,0.27953,0.57676,-46.475,32.453,4.5782
0.74964,0.1653,0.27947,0.57672,-46.39,32.443,4.5752
0.74973,0.16515,0.27941,0.57668,-46.304,32.433,4.5721
0.74982,0.16501,0.27934,0.57664,-46.219,32.424,4.5691
0.7499,0.16486,0.27928,0.5766,-46.133,32.414,4.566
0.74999,0.16471,0.27922,0.57656,-46.048,32.404,4.563
0.75008,0.16456,0.27916,0.57652,-45.962,32.394,4.5599
0.75016,0.16442,0.27909,0.57648,-45.876,32.385,4.5568
0.75025,0.16427,0.27903,0.57644,-45.79,32.375,4.5537
0.75034,0.16412,0.27897,0.5764,-45.703,32.365,4.5506
0.75043,0.16397,0.2789,0.57636,-45.617,32.356,4.5475
0.75051,0.16383,0.27884,0.57632,-45.531,32.346,4.5444
0.7506,0.16368,0.27878,0.57628,-45.444,32.336,4.5413
0.75069,0.16353,0.27871,0.57623,-45.357,32.326,4.5381
0.75077,0.16338,0.27865,0.57619,-45.271,32.317,4.535
0.75086,0.16323,0.27859,0.57615,-45.184,32.307,4.5318
0.75095,0.16309,0.27852,0.57611,-45.097,32.297,4.5286
0.75103,0.16294,0.27846,0.57607,-45.01,32.288,4.5255
0.75112,0.16279,0.2784,0.57603,-44.923,32.278,4.5223
0.75121,0.16264,0.27833,0.57599,-44.835,32.268,4.5191
0.7513,0.1625,0.27827,0.57595,-44.748,32.258,4.5158
0.75138,0.16235,0.27821,0.57591,-44.66,32.249,4.5126
0.75147,0.1622,0.27814,0.57587,-44.573,32.239,4.5094
0.75156,0.16205,0.27808,0.57582,-44.485,32.229,4.5061
0.75164,0.16191,0.27802,0.57578,-44.397,32.219,4.5029
0.75173,0.16176,0.27795,0.57574,-44.31,32.21,4.4996
0.75182,0.16161,0.27789,0.5757,-44.222,32.2,4.4963
0.7519,0.16146,0.27783,0.57566,-44.134,32.19,4.4931
0.75199,0.16132,0.27776,0.57562,-44.046,32.18,4.4898
0.75208,0.16117,0.2777,0.57558,-43.957,32.171,4.4865
0.75216,0.16102,0.27764,0.57554,-43.869,32.161,4.4831
0.75225,0.16087,0.27757,0.5755,-43.781,32.151,4.4798
0.75233,0.16073,0.27751,0.57545,-43.692,32.141,4.4765
0.75242,0.16058,0.27745,0.57541,-43.604,32.131,4.4731
0.75251,0.16043,0.27738,0.57537,-43.515,32.122,4.4698
0.75259,0.16028,0.27732,0.57533,-43.427,32.112,4.4664
0.75268,0.16013,0.27726,0.57529,-43.338,32.102,4.463
0.75277,0.15999,0.27719,0.57525,-43.249,32.092,4.4596
0.75285,0.15984,0.27713,0.57521,-43.16,32.083,4.4562
0.75294,0.15969,0.27707,0.57516,-43.072,32.073,4.4528
0.75303,0.15954,0.277,0.57512,-42.983,32.063,4.4494
0.75311,0.1594,0.27694,0.57508,-42.894,32.053,4.446
0.7532,0.15925,0.27688,0.57504,-42.804,32.043,4.4426
0.75328,0.1591,0.27681,0.575,-42.715,32.034,4.4391
0.75337,0.15895,0.27675,0.57496,-42.626,32.024,4.4357
0.75346,0.1588,0.27669,0.57492,-42.537,32.014,4.4322
0.75354,0.15866,0.27662,0.57487,-42.448,32.004,4.4287
0.75363,0.15851,0.27656,0.57483,-42.358,31.994,4.4252
0.75371,0.15836,0.2765,0.57479,-42.269,31.985,4.4217
0.7538,0.15821,0.27643,0.57475,-42.179,31.975,4.4182
0.75389,0.15807,0.27637,0.57471,-42.09,31.965,4.4147
0.75397,0.15792,0.27631,0.57467,-42,31.955,4.4112
0.75406,0.15777,0.27624,0.57462,-41.911,31.945,4.4076
0.75414,0.15762,0.27618,0.57458,-41.821,31.936,4.4041
0.75423,0.15748,0.27612,0.57454,-41.732,31.926,4.4005
0.75432,0.15733,0.27605,0.5745,-41.642,31.916,4.397
0.7544,0.15718,0.27599,0.57446,-41.552,31.906,4.3934
0.75449,0.15703,0.27592,0.57442,-41.462,31.896,4.3898
0.75457,0.15688,0.27586,0.57437,-41.373,31.887,4.3862
0.75466,0.15674,0.2758,0.57433,-41.283,31.877,4.3826
0.75475,0.15659,0.27573,0.57429,-41.193,31.867,4.379
0.75483,0.15644,0.27567,0.57425,-41.103,31.857,4.3754
0.75492,0.15629,0.27561,0.57421,-41.013,31.847,4.3717
0.755,0.15614,0.27554,0.57417,-40.923,31.837,4.3681
0.75509,0.156,0.27548,0.57412,-40.833,31.828,4.3644
0.75517,0.15585,0.27542,0.57408,-40.744,31.818,4.3608
0.75526,0.1557,0.27535,0.57404,-40.654,31.808,4.3571
0.75535,0.15555,0.27529,0.574,-40.564,31.798,4.3534
0.75543,0.15541,0.27522,0.57396,-40.474,31.788,4.3497
0.75552,0.15526,0.27516,0.57391,-40.384,31.778,4.346
0.7556,0.15511,0.2751,0.57387,-40.294,31.769,4.3423
0.75569,0.15496,0.27503,0.57383,-40.204,31.759,4.3386
0.75577,0.15481,0.27497,0.57379,-40.114,31.749,4.3349
0.75586,0.15467,0.27491,0.57375,-40.024,31.739,4.3311
0.75594,0.15452,0.27484,0.5737,-39.934,31.729,4.3274
0.75603,0.15437,0.27478,0.57366,-39.844,31.719,4.3236
0.75611,0.15422,0.27472,0.57362,-39.754,31.71,4.3198
0.7562,0.15407,0.27465,0.57358,-39.664,31.7,4.316
0.75628,0.15393,0.27459,0.57353,-39.574,31.69,4.3123
0.75637,0.15378,0.27452,0.57349,-39.484,31.68,4.3085
0.75645,0.15363,0.27446,0.57345,-39.394,31.67,4.3046
0.75654,0.15348,0.2744,0.57341,-39.304,31.66,4.3008
0.75663,0.15333,0.27433,0.57337,-39.214,31.65,4.297
0.75671,0.15319,0.27427,0.57332,-39.124,31.641,4.2932
0.7568,0.15304,0.2742,0.57328,-39.034,31.631,4.2893
0.75688,0.15289,0.27414,0.57324,-38.944,31.621,4.2854
0.75697,0.15274,0.27408,0.5732,-38.854,31.611,4.2816
0.75705,0.15259,0.27401,0.57315,-38.764,31.601,4.2777
0.75714,0.15245,0.27395,0.57311,-38.675,31.591,4.2738
0.75722,0.1523,0.27389,0.57307,-38.585,31.581,4.2699
0.75731,0.15215,0.27382,0.57303,-38.495,31.571,4.266
0.75739,0.152,0.27376,0.57298,-38.405,31.562,4.2621
0.75748,0.15185,0.27369,0.57294,-38.316,31.552,4.2582
0.75756,0.15171,0.27363,0.5729,-38.226,31.542,4.2542
0.75765,0.15156,0.27357,0.57286,-38.136,31.532,4.2503
0.75773,0.15141,0.2735,0.57281,-38.047,31.522,4.2463
0.75781,0.15126,0.27344,0.57277,-37.957,31.512,4.2424
0.7579,0.15111,0.27337,0.57273,-37.868,31.502,4.2384
0.75798,0.15097,0.27331,0.57269,-37.778,31.492,4.2344
0.75807,0.15082,0.27325,0.57264,-37.689,31.482,4.2304
0.75815,0.15067,0.27318,0.5726,-37.6,31.473,4.2264
0.75824,0.15052,0.27312,0.57256,-37.51,31.463,4.2224
0.75832,0.15037,0.27305,0.57252,-37.421,31.453,4.2184
0.75841,0.15023,0.27299,0.57247,-37.332,31.443,4.2143
0.75849,0.15008,0.27293,0.57243,-37.243,31.433,4.2103
0.75858,0.14993,0.27286,0.57239,-37.153,31.423,4.2063
0.75866,0.14978,0.2728,0.57235,-37.064,31.413,4.2022
0.75875,0.14963,0.27273,0.5723,-36.975,31.403,4.1981
0.75883,0.14949,0.27267,0.57226,-36.886,31.393,4.194
0.75891,0.14934,0.27261,0.57222,-36.798,31.384,4.19
0.759,0.14919,0.27254,0.57217,-36.709,31.374,4.1859
0.75908,0.14904,0.27248,0.57213,-36.62,31.364,4.1818
0.75917,0.14889,0.27241,0.57209,-36.531,31.354,4.1776
0.75925,0.14875,0.27235,0.57205,-36.443,31.344,4.1735
0.75934,0.1486,0.27229,0.572,-36.354,31.334,4.1694
0.75942,0.14845,0.27222,0.57196,-36.266,31.324,4.1652
0.75951,0.1483,0.27216,0.57192,-36.177,31.314,4.1611
0.75959,0.14815,0.27209,0.57187,-36.089,31.304,4.1569
0.75967,0.148,0.27203,0.57183,-36.001,31.294,4.1527
0.75976,0.14786,0.27196,0.57179,-35.913,31.284,4.1486
0.75984,0.14771,0.2719,0.57175,-35.825,31.274,4.1444
0.75993,0.14756,0.27184,0.5717,-35.737,31.265,4.1402
0.76001,0.14741,0.27177,0.57166,-35.649,31.255,4.136
0.76009,0.14726,0.27171,0.57162,-35.561,31.245,4.1317
0.76018,0.14712,0.27164,0.57157,-35.473,31.235,4.1275
0.76026,0.14697,0.27158,0.57153,-35.386,31.225,4.1233
0.76035,0.14682,0.27151,0.57149,-35.298,31.215,4.119
0.76043,0.14667,0.27145,0.57144,-35.211,31.205,4.1148
0.76051,0.14652,0.27139,0.5714,-35.123,31.195,4.1105
0.7606,0.14637,0.27132,0.57136,-35.036,31.185,4.1062
0.76068,0.14623,0.27126,0.57131,-34.949,31.175,4.1019
0.76077,0.14608,0.27119,0.57127,-34.862,31.165,4.0977
0.76085,0.14593,0.27113,0.57123,-34.775,31.155,4.0934
0.76093,0.14578,0.27106,0.57118,-34.688,31.145,4.089
0.76102,0.14563,0.271,0.57114,-34.602,31.136,4.0847
0.7611,0.14549,0.27094,0.5711,-34.515,31.126,4.0804
0.76118,0.14534,0.27087,0.57105,-34.428,31.116,4.0761
0.76127,0.14519,0.27081,0.57101,-34.342,31.106,4.0717
0.76135,0.14504,0.27074,0.57097,-34.256,31.096,4.0673
0.76144,0.14489,0.27068,0.57092,-34.17,31.086,4.063
0.76152,0.14474,0.27061,0.57088,-34.084,31.076,4.0586
0.7616,0.1446,0.27055,0.57084,-33.998,31.066,4.0542
0.76169,0.14445,0.27049,0.57079,-33.912,31.056,4.0498
0.76177,0.1443,0.27042,0.57075,-33.826,31.046,4.0454
0.76185,0.14415,0.27036,0.57071,-33.741,31.036,4.041
0.76194,0.144,0.27029,0.57066,-33.655,31.026,4.0366
0.76202,0.14385,0.27023,0.57062,-33.57,31.016,4.0322
0.7621,0.14371,0.27016,0.57058,-33.485,31.006,4.0277
0.76219,0.14356,0.2701,0.57053,-33.4,30.996,4.0233
0.76227,0.14341,0.27003,0.57049,-33.315,30.986,4.0188
0.76235,0.14326,0.26997,0.57045,-33.23,30.976,4.0143
0.76244,0.14311,0.26991,0.5704,-33.146,30.966,4.0099
0.76252,0.14297,0.26984,0.57036,-33.061,30.956,4.0054
0.7626,0.14282,0.26978,0.57031,-32.977,30.947,4.0009
0.76269,0.14267,0.26971,0.57027,-32.893,30.937,3.9964
0.76277,0.14252,0.26965,0.57023,-32.808,30.927,3.9919
0.76285,0.14237,0.26958,0.57018,-32.725,30.917,3.9874
0.76294,0.14222,0.26952,0.57014,-32.641,30.907,3.9828
0.76302,0.14208,0.26945,0.5701,-32.557,30.897,3.9783
0.7631,0.14193,0.26939,0.57005,-32.474,30.887,3.9737
0.76319,0.14178,0.26932,0.57001,-32.39,30.877,3.9692
0.76327,0.14163,0.26926,0.56996,-32.307,30.867,3.9646
0.76335,0.14148,0.2692,0.56992,-32.224,30.857,3.96
0.76344,0.14133,0.26913,0.56988,-32.141,30.847,3.9555
0.76352,0.14118,0.26907,0.56983,-32.059,30.837,3.9509
0.7636,0.14104,0.269,0.56979,-31.976,30.827,3.9463
0.76368,0.14089,0.26894,0.56975,-31.894,30.817,3.9417
0.76377,0.14074,0.26887,0.5697,-31.812,30.807,3.937
0.76385,0.14059,0.26881,0.56966,-31.73,30.797,3.9324
0.76393,0.14044,0.26874,0.56961,-31.648,30.787,3.9278
0.76402,0.14029,0.26868,0.56957,-31.566,30.777,3.9231
0.7641,0.14015,0.26861,0.56953,-31.485,30.767,3.9185
0.76418,0.14,0.26855,0.56948,-31.403,30.757,3.9138
0.76426,0.13985,0.26848,0.56944,-31.322,30.747,3.9091
0.76435,0.1397,0.26842,0.56939,-31.241,30.737,3.9045
0.76443,0.13955,0.26836,0.56935,-31.16,30.727,3.8998
0.76451,0.1394,0.26829,0.5693,-31.08,30.717,3.8951
0.76459,0.13926,0.26823,0.56926,-30.999,30.707,3.8904
0.76468,0.13911,0.26816,0.56922,-30.919,30.697,3.8857
0.76476,0.13896,0.2681,0.56917,-30.839,30.687,3.8809
0.76484,0.13881,0.26803,0.56913,-30.759,30.677,3.8762
0.76493,0.13866,0.26797,0.56908,-30.679,30.667,3.8715
0.76501,0.13851,0.2679,0.56904,-30.6,30.657,3.8667
0.76509,0.13836,0.26784,0.569,-30.52,30.648,3.8619
0.76517,0.13822,0.26777,0.56895,-30.441,30.638,3.8572
0.76525,0.13807,0.26771,0.56891,-30.362,30.628,3.8524
0.76534,0.13792,0.26764,0.56886,-30.283,30.618,3.8476
0.76542,0.13777,0.26758,0.56882,-30.205,30.608,3.8428
0.7655,0.13762,0.26751,0.56877,-30.126,30.598,3.838
0.76558,0.13747,0.26745,0.56873,-30.048,30.588,3.8332
0.76567,0.13733,0.26738,0.56868,-29.97,30.578,3.8284
0.76575,0.13718,0.26732,0.56864,-29.893,30.568,3.8236
0.76583,0.13703,0.26725,0.5686,-29.815,30.558,3.8187
0.76591,0.13688,0.26719,0.56855,-29.738,30.548,3.8139
0.766,0.13673,0.26712,0.56851,-29.66,30.538,3.809
0.76608,0.13658,0.26706,0.56846,-29.584,30.528,3.8042
0.76616,0.13643,0.26699,0.56842,-29.507,30.518,3.7993
0.76624,0.13629,0.26693,0.56837,-29.43,30.508,3.7944
0.76632,0.13614,0.26686,0.56833,-29.354,30.498,3.7895
0.76641,0.13599,0.2668,0.56828,-29.278,30.488,3.7846
0.76649,0.13584,0.26673,0.56824,-29.202,30.478,3.7797
0.76657,0.13569,0.26667,0.56819,-29.126,30.468,3.7748
0.76665,0.13554,0.2666,0.56815,-29.051,30.458,3.7699
0.76673,0.13539,0.26654,0.56811,-28.976,30.448,3.7649
0.76682,0.13525,0.26647,0.56806,-28.901,30.438,3.76
0.7669,0.1351,0.26641,0.56802,-28.826,30.428,3.7551
0.76698,0.13495,0.26635,0.56797,-28.752,30.418,3.7501
0.76706,0.1348,0.26628,0.56793,-28.677,30.408,3.7451
0.76714,0.13465,0.26621,0.56788,-28.603,30.398,3.7402
0.76723,0.1345,0.26615,0.56784,-28.529,30.388,3.7352
0.76731,0.13435,0.26608,0.56779,-28.456,30.378,3.7302
0.76739,0.13421,0.26602,0.56775,-28.382,30.368,3.7252
0.76747,0.13406,0.26595,0.5677,-28.309,30.358,3.7202
0.76755,0.13391,0.26589,0.56766,-28.236,30.348,3.7152
0.76763,0.13376,0.26582,0.56761,-28.164,30.338,3.7101
0.76772,0.13361,0.26576,0.56757,-28.091,30.328,3.7051
0.7678,0.13346,0.26569,0.56752,-28.019,30.318,3.7001
0.76788,0.13331,0.26563,0.56748,-27.947,30.308,3.695
0.76796,0.13317,0.26556,0.56743,-27.875,30.298,3.69
0.76804,0.13302,0.2655,0.56739,-27.804,30.288,3.6849
0.76812,0.13287,0.26543,0.56734,-27.733,30.278,3.6798
0.7682,0.13272,0.26537,0.5673,-27.662,30.268,3.6747
0.76829,0.13257,0.2653,0.56725,-27.591,30.258,3.6697
0.76837,0.13242,0.26524,0.56721,-27.521,30.248,3.6646
0.76845,0.13227,0.26517,0.56716,-27.45,30.238,3.6595
0.76853,0.13213,0.26511,0.56712,-27.38,30.228,3.6543
0.76861,0.13198,0.26504,0.56707,-27.311,30.218,3.6492
0.76869,0.13183,0.26498,0.56703,-27.241,30.208,3.6441
0.76877,0.13168,0.26491,0.56698,-27.172,30.198,3.6389
0.76885,0.13153,0.26485,0.56694,-27.103,30.188,3.6338
0.76894,0.13138,0.26478,0.56689,-27.035,30.178,3.6286
0.76902,0.13123,0.26472,0.56685,-26.966,30.168,3.6235
0.7691,0.13108,0.26465,0.5668,-26.898,30.158,3.6183
0.76918,0.13094,0.26459,0.56676,-26.83,30.148,3.6131
0.76926,0.13079,0.26452,0.56671,-26.763,30.138,3.6079
0.76934,0.13064,0.26446,0.56667,-26.695,30.128,3.6027
0.76942,0.13049,0.26439,0.56662,-26.628,30.118,3.5975
0.7695,0.13034,0.26433,0.56657,-26.561,30.108,3.5923
0.76958,0.13019,0.26426,0.56653,-26.495,30.098,3.5871
0.76967,0.13004,0.2642,0.56648,-26.429,30.088,3.5819
0.76975,0.12989,0.26413,0.56644,-26.363,30.078,3.5766
0.76983,0.12975,0.26406,0.56639,-26.297,30.068,3.5714
0.76991,0.1296,0.264,0.56635,-26.232,30.058,3.5661
0.76999,0.12945,0.26393,0.5663,-26.166,30.048,3.5609
0.77007,0.1293,0.26387,0.56626,-26.102,30.038,3.5556
0.77015,0.12915,0.2638,0.56621,-26.037,30.028,3.5503
0.77023,0.129,0.26374,0.56617,-25.973,30.018,3.545
0.77031,0.12885,0.26367,0.56612,-25.909,30.008,3.5398
0.77039,0.1287,0.26361,0.56607,-25.845,29.998,3.5345
0.77047,0.12856,0.26354,0.56603,-25.781,29.988,3.5291
0.77055,0.12841,0.26348,0.56598,-25.718,29.978,3.5238
0.77064,0.12826,0.26341,0.56594,-25.655,29.968,3.5185
0.77072,0.12811,0.26335,0.56589,-25.593,29.958,3.5132
0.7708,0.12796,0.26328,0.56585,-25.531,29.948,3.5078
0.77088,0.12781,0.26321,0.5658,-25.469,29.938,3.5025
0.77096,0.12766,0.26315,0.56576,-25.407,29.928,3.4971
0.77104,0.12751,0.26308,0.56571,-25.346,29.918,3.4918
0.77112,0.12737,0.26302,0.56566,-25.284,29.908,3.4864
0.7712,0.12722,0.26295,0.56562,-25.224,29.898,3.481
0.77128,0.12707,0.26289,0.56557,-25.163,29.888,3.4756
0.77136,0.12692,0.26282,0.56553,-25.103,29.878,3.4702
0.77144,0.12677,0.26276,0.56548,-25.043,29.868,3.4648
0.77152,0.12662,0.26269,0.56543,-24.983,29.858,3.4594
0.7716,0.12647,0.26263,0.56539,-24.924,29.848,3.454
0.77168,0.12632,0.26256,0.56534,-24.865,29.838,3.4486
0.77176,0.12617,0.26249,0.5653,-24.806,29.828,3.4431
0.77184,0.12603,0.26243,0.56525,-24.748,29.818,3.4377
0.77192,0.12588,0.26236,0.56521,-24.69,29.808,3.4322
0.772,0.12573,0.2623,0.56516,-24.632,29.798,3.4268
0.77208,0.12558,0.26223,0.56511,-24.575,29.788,3.4213
0.77216,0.12543,0.26217,0.56507,-24.518,29.778,3.4158
0.77224,0.12528,0.2621,0.56502,-24.461,29.768,3.4104
0.77232,0.12513,0.26203,0.56498,-24.404,29.758,3.4049
0.7724,0.12498,0.26197,0.56493,-24.348,29.748,3.3994
0.77248,0.12484,0.2619,0.56488,-24.292,29.738,3.3939
0.77256,0.12469,0.26184,0.56484,-24.237,29.728,3.3884
0.77264,0.12454,0.26177,0.56479,-24.182,29.718,3.3828
0.77272,0.12439,0.26171,0.56474,-24.127,29.708,3.3773
0.7728,0.12424,0.26164,0.5647,-24.072,29.698,3.3718
0.77288,0.12409,0.26158,0.56465,-24.018,29.688,3.3662
0.77296,0.12394,0.26151,0.56461,-23.964,29.678,3.3607
0.77304,0.12379,0.26144,0.56456,-23.91,29.668,3.3551
0.77312,0.12364,0.26138,0.56451,-23.857,29.658,3.3496
0.7732,0.1235,0.26131,0.56447,-23.804,29.648,3.344
0.77328,0.12335,0.26125,0.56442,-23.751,29.638,3.3384
0.77336,0.1232,0.26118,0.56437,-23.699,29.628,3.3328
0.77344,0.12305,0.26112,0.56433,-23.647,29.618,3.3272
0.77352,0.1229,0.26105,0.56428,-23.595,29.608,3.3216
0.7736,0.12275,0.26098,0.56424,-23.544,29.598,3.316
0.77368,0.1226,0.26092,0.56419,-23.493,29.588,3.3104
0.77376,0.12245,0.26085,0.56414,-23.442,29.578,3.3048
0.77384,0.1223,0.26079,0.5641,-23.392,29.568,3.2992
0.77392,0.12215,0.26072,0.56405,-23.342,29.558,3.2935
0.774,0.12201,0.26066,0.564,-23.292,29.548,3.2879
0.77408,0.12186,0.26059,0.56396,-23.243,29.538,3.2822
0.77416,0.12171,0.26052,0.56391,-23.194,29.528,3.2765
0.77424,0.12156,0.26046,0.56386,-23.146,29.518,3.2709
0.77432,0.12141,0.26039,0.56382,-23.097,29.508,3.2652
0.7744,0.12126,0.26033,0.56377,-23.049,29.498,3.2595
0.77447,0.12111,0.26026,0.56372,-23.002,29.488,3.2538
0.77455,0.12096,0.26019,0.56368,-22.955,29.478,3.2481
0.77463,0.12081,0.26013,0.56363,-22.908,29.468,3.2424
0.77471,0.12066,0.26006,0.56358,-22.861,29.458,3.2367
0.77479,0.12052,0.26,0.56354,-22.815,29.448,3.231
0.77487,0.12037,0.25993,0.56349,-22.769,29.438,3.2253
0.77495,0.12022,0.25986,0.56344,-22.723,29.428,3.2195
0.77503,0.12007,0.2598,0.5634,-22.678,29.418,3.2138
0.77511,0.11992,0.25973,0.56335,-22.634,29.408,3.208
0.77519,0.11977,0.25967,0.5633,-22.589,29.398,3.2023
0.77527,0.11962,0.2596,0.56326,-22.545,29.388,3.1965
0.77535,0.11947,0.25954,0.56321,-22.501,29.378,3.1907
0.77542,0.11932,0.25947,0.56316,-22.458,29.368,3.185
0.7755,0.11917,0.2594,0.56312,-22.415,29.358,3.1792
0.77558,0.11903,0.25934,0.56307,-22.372,29.348,3.1734
0.77566,0.11888,0.25927,0.56302,-22.33,29.338,3.1676
0.77574,0.11873,0.25921,0.56298,-22.288,29.328,3.1618
0.77582,0.11858,0.25914,0.56293,-22.246,29.318,3.156
0.7759,0.11843,0.25907,0.56288,-22.205,29.309,3.1502
0.77598,0.11828,0.25901,0.56284,-22.164,29.299,3.1443
0.77606,0.11813,0.25894,0.56279,-22.123,29.289,3.1385
0.77613,0.11798,0.25888,0.56274,-22.083,29.279,3.1326
0.77621,0.11783,0.25881,0.5627,-22.043,29.269,3.1268
0.77629,0.11768,0.25874,0.56265,-22.004,29.259,3.1209
0.77637,0.11753,0.25868,0.5626,-21.965,29.249,3.1151
0.77645,0.11739,0.25861,0.56255,-21.926,29.239,3.1092
0.77653,0.11724,0.25854,0.56251,-21.888,29.229,3.1033
0.77661,0.11709,0.25848,0.56246,-21.85,29.219,3.0974
0.77669,0.11694,0.25841,0.56241,-21.812,29.209,3.0916
0.77676,0.11679,0.25835,0.56237,-21.775,29.199,3.0857
0.77684,0.11664,0.25828,0.56232,-21.738,29.189,3.0798
0.77692,0.11649,0.25821,0.56227,-21.702,29.179,3.0738
0.777,0.11634,0.25815,0.56222,-21.665,29.169,3.0679
0.77708,0.11619,0.25808,0.56218,-21.63,29.159,3.062
0.77716,0.11604,0.25802,0.56213,-21.594,29.149,3.0561
0.77723,0.11589,0.25795,0.56208,-21.559,29.139,3.0501
0.77731,0.11575,0.25788,0.56203,-21.525,29.129,3.0442
0.77739,0.1156,0.25782,0.56199,-21.49,29.119,3.0382
0.77747,0.11545,0.25775,0.56194,-21.456,29.109,3.0323
0.77755,0.1153,0.25769,0.56189,-21.423,29.099,3.0263
0.77763,0.11515,0.25762,0.56185,-21.39,29.089,3.0203
0.7777,0.115,0.25755,0.5618,-21.357,29.079,3.0143
0.77778,0.11485,0.25749,0.56175,-21.325,29.069,3.0084
0.77786,0.1147,0.25742,0.5617,-21.293,29.059,3.0024
0.77794,0.11455,0.25735,0.56166,-21.261,29.049,2.9964
0.77802,0.1144,0.25729,0.56161,-21.23,29.039,2.9904
0.7781,0.11425,0.25722,0.56156,-21.199,29.029,2.9843
0.77817,0.1141,0.25716,0.56151,-21.168,29.02,2.9783
0.77825,0.11396,0.25709,0.56147,-21.138,29.01,2.9723
0.77833,0.11381,0.25702,0.56142,-21.108,29,2.9663
0.77841,0.11366,0.25696,0.56137,-21.079,28.99,2.9602
0.77849,0.11351,0.25689,0.56132,-21.05,28.98,2.9542
0.77856,0.11336,0.25682,0.56128,-21.021,28.97,2.9481
0.77864,0.11321,0.25676,0.56123,-20.993,28.96,2.9421
0.77872,0.11306,0.25669,0.56118,-20.965,28.95,2.936
0.7788,0.11291,0.25662,0.56113,-20.938,28.94,2.9299
0.77887,0.11276,0.25656,0.56109,-20.911,28.93,2.9238
0.77895,0.11261,0.25649,0.56104,-20.884,28.92,2.9177
0.77903,0.11246,0.25643,0.56099,-20.858,28.91,2.9117
0.77911,0.11231,0.25636,0.56094,-20.832,28.9,2.9056
0.77919,0.11216,0.25629,0.56089,-20.807,28.89,2.8994
0.77926,0.11202,0.25623,0.56085,-20.782,28.88,2.8933
0.77934,0.11187,0.25616,0.5608,-20.757,28.87,2.8872
0.77942,0.11172,0.25609,0.56075,-20.733,28.86,2.8811
0.7795,0.11157,0.25603,0.5607,-20.709,28.851,2.875
0.77957,0.11142,0.25596,0.56066,-20.685,28.841,2.8688
0.77965,0.11127,0.25589,0.56061,-20.662,28.831,2.8627
0.77973,0.11112,0.25583,0.56056,-20.639,28.821,2.8565
0.77981,0.11097,0.25576,0.56051,-20.617,28.811,2.8504
0.77988,0.11082,0.25569,0.56046,-20.595,28.801,2.8442
0.77996,0.11067,0.25563,0.56042,-20.573,28.791,2.838
0.78004,0.11052,0.25556,0.56037,-20.552,28.781,2.8318
0.78012,0.11037,0.2555,0.56032,-20.531,28.771,2.8257
0.78019,0.11022,0.25543,0.56027,-20.511,28.761,2.8195
0.78027,0.11007,0.25536,0.56022,-20.491,28.751,2.8133
0.78035,0.10993,0.2553,0.56018,-20.471,28.741,2.8071
0.78043,0.10978,0.25523,0.56013,-20.452,28.731,2.8009
0.7805,0.10963,0.25516,0.56008,-20.433,28.721,2.7946
0.78058,0.10948,0.2551,0.56003,-20.415,28.712,2.7884
0.78066,0.10933,0.25503,0.55998,-20.397,28.702,2.7822
0.78073,0.10918,0.25496,0.55993,-20.379,28.692,2.776
0.78081,0.10903,0.2549,0.55989,-20.362,28.682,2.7697
0.78089,0.10888,0.25483,0.55984,-20.345,28.672,2.7635
0.78097,0.10873,0.25476,0.55979,-20.328,28.662,2.7572
0.78104,0.10858,0.2547,0.55974,-20.312,28.652,2.751
0.78112,0.10843,0.25463,0.55969,-20.297,28.642,2.7447
0.7812,0.10828,0.25456,0.55965,-20.282,28.632,2.7384
0.78127,0.10813,0.2545,0.5596,-20.267,28.622,2.7321
0.78135,0.10798,0.25443,0.55955,-20.252,28.612,2.7259
0.78143,0.10784,0.25436,0.5595,-20.238,28.603,2.7196
0.7815,0.10769,0.2543,0.55945,-20.225,28.593,2.7133
0.78158,0.10754,0.25423,0.5594,-20.211,28.583,2.707
0.78166,0.10739,0.25416,0.55936,-20.198,28.573,2.7007
0.78174,0.10724,0.2541,0.55931,-20.186,28.563,2.6943
0.78181,0.10709,0.25403,0.55926,-20.174,28.553,2.688
0.78189,0.10694,0.25396,0.55921,-20.162,28.543,2.6817
0.78197,0.10679,0.2539,0.55916,-20.151,28.533,2.6754
0.78204,0.10664,0.25383,0.55911,-20.14,28.523,2.669
0.78212,0.10649,0.25376,0.55907,-20.13,28.513,2.6627
0.7822,0.10634,0.2537,0.55902,-20.12,28.504,2.6563
0.78227,0.10619,0.25363,0.55897,-20.11,28.494,2.65
0.78235,0.10604,0.25356,0.55892,-20.101,28.484,2.6436
0.78243,0.10589,0.2535,0.55887,-20.092,28.474,2.6372
0.7825,0.10574,0.25343,0.55882,-20.084,28.464,2.6309
0.78258,0.10559,0.25336,0.55877,-20.076,28.454,2.6245
0.78266,0.10545,0.2533,0.55872,-20.068,28.444,2.6181
0.78273,0.1053,0.25323,0.55868,-20.061,28.434,2.6117
0.78281,0.10515,0.25316,0.55863,-20.054,28.425,2.6053
0.78288,0.105,0.2531,0.55858,-20.048,28.415,2.5989
0.78296,0.10485,0.25303,0.55853,-20.042,28.405,2.5925
0.78304,0.1047,0.25296,0.55848,-20.036,28.395,2.5861
0.78311,0.10455,0.25289,0.55843,-20.031,28.385,2.5796
0.78319,0.1044,0.25283,0.55838,-20.026,28.375,2.5732
0.78327,0.10425,0.25276,0.55834,-20.022,28.365,2.5668
0.78334,0.1041,0.25269,0.55829,-20.018,28.355,2.5603
0.78342,0.10395,0.25263,0.55824,-20.014,28.346,2.5539
0.78349,0.1038,0.25256,0.55819,-20.011,28.336,2.5475
0.78357,0.10365,0.25249,0.55814,-20.008,28.326,2.541
0.78365,0.1035,0.25243,0.55809,-20.006,28.316,2.5345
0.78372,0.10335,0.25236,0.55804,-20.004,28.306,2.5281
0.7838,0.1032,0.25229,0.55799,-20.002,28.296,2.5216
0.78388,0.10305,0.25223,0.55794,-20.001,28.286,2.5151
0.78395,0.1029,0.25216,0.5579,-20,28.277,2.5086
0.78403,0.10276,0.25209,0.55785,-20,28.267,2.5021
0.7841,0.10261,0.25203,0.5578,-20,28.257,2.4956
0.78418,0.10246,0.25196,0.55775,-20.001,28.247,2.4891
0.78426,0.10231,0.25189,0.5577,-20.001,28.237,2.4826
0.78433,0.10216,0.25182,0.55765,-20.003,28.227,2.4761
0.78441,0.10201,0.25176,0.5576,-20.004,28.218,2.4696
0.78448,0.10186,0.25169,0.55755,-20.007,28.208,2.4631
0.78456,0.10171,0.25162,0.5575,-20.009,28.198,2.4565
0.78463,0.10156,0.25156,0.55745,-20.012,28.188,2.45
0.78471,0.10141,0.25149,0.5574,-20.015,28.178,2.4435
0.78479,0.10126,0.25142,0.55736,-20.019,28.168,2.4369
0.78486,0.10111,0.25135,0.55731,-20.023,28.159,2.4304
0.78494,0.10096,0.25129,0.55726,-20.028,28.149,2.4238
0.78501,0.10081,0.25122,0.55721,-20.033,28.139,2.4173
0.78509,0.10066,0.25115,0.55716,-20.038,28.129,2.4107
0.78516,0.10051,0.25109,0.55711,-20.044,28.119,2.4041
0.78524,0.10036,0.25102,0.55706,-20.05,28.109,2.3975
0.78531,0.10021,0.25095,0.55701,-20.056,28.1,2.391
0.78539,0.10006,0.25089,0.55696,-20.063,28.09,2.3844
0.78547,0.099914,0.25082,0.55691,-20.071,28.08,2.3778
0.78554,0.099765,0.25075,0.55686,-20.078,28.07,2.3712
0.78562,0.099615,0.25068,0.55681,-20.086,28.06,2.3646
0.78569,0.099466,0.25062,0.55676,-20.095,28.051,2.3579
0.78577,0.099316,0.25055,0.55671,-20.104,28.041,2.3513
0.78584,0.099167,0.25048,0.55666,-20.113,28.031,2.3447
0.78592,0.099017,0.25042,0.55662,-20.123,28.021,2.3381
0.78599,0.098868,0.25035,0.55657,-20.133,28.011,2.3315
0.78607,0.098718,0.25028,0.55652,-20.144,28.002,2.3248
0.78614,0.098568,0.25021,0.55647,-20.155,27.992,2.3182
0.78622,0.098419,0.25015,0.55642,-20.166,27.982,2.3115
0.78629,0.098269,0.25008,0.55637,-20.178,27.972,2.3049
0.78637,0.09812,0.25001,0.55632,-20.19,27.962,2.2982
0.78644,0.09797,0.24994,0.55627,-20.203,27.953,2.2915
0.78652,0.09782,0.24988,0.55622,-20.216,27.943,2.2849
0.78659,0.097671,0.24981,0.55617,-20.229,27.933,2.2782
0.78667,0.097521,0.24974,0.55612,-20.243,27.923,2.2715
0.78674,0.097372,0.24968,0.55607,-20.257,27.913,2.2648
0.78682,0.097222,0.24961,0.55602,-20.272,27.904,2.2582
0.78689,0.097072,0.24954,0.55597,-20.287,27.894,2.2515
0.78697,0.096923,0.24947,0.55592,-20.302,27.884,2.2448
0.78704,0.096773,0.24941,0.55587,-20.318,27.874,2.2381
0.78712,0.096624,0.24934,0.55582,-20.334,27.865,2.2313
0.78719,0.096474,0.24927,0.55577,-20.351,27.855,2.2246
0.78727,0.096324,0.2492,0.55572,-20.368,27.845,2.2179
0.78734,0.096175,0.24914,0.55567,-20.385,27.835,2.2112
0.78742,0.096025,0.24907,0.55562,-20.403,27.825,2.2045
0.78749,0.095875,0.249,0.55557,-20.421,27.816,2.1977
0.78757,0.095726,0.24894,0.55552,-20.439,27.806,2.191
0.78764,0.095576,0.24887,0.55547,-20.458,27.796,2.1842
0.78772,0.095427,0.2488,0.55542,-20.478,27.786,2.1775
0.78779,0.095277,0.24873,0.55537,-20.498,27.777,2.1707
0.78787,0.095127,0.24867,0.55532,-20.518,27.767,2.164
0.78794,0.094978,0.2486,0.55527,-20.538,27.757,2.1572
0.78802,0.094828,0.24853,0.55522,-20.559,27.747,2.1505
0.78809,0.094678,0.24846,0.55517,-20.58,27.738,2.1437
0.78816,0.094529,0.2484,0.55512,-20.602,27.728,2.1369
0.78824,0.094379,0.24833,0.55507,-20.624,27.718,2.1301
0.78831,0.094229,0.24826,0.55502,-20.647,27.709,2.1233
0.78839,0.09408,0.24819,0.55497,-20.67,27.699,2.1165
0.78846,0.09393,0.24813,0.55492,-20.693,27.689,2.1097
0.78854,0.09378,0.24806,0.55487,-20.717,27.679,2.1029
0.78861,0.093631,0.24799,0.55482,-20.741,27.67,2.0961
0.78869,0.093481,0.24792,0.55477,-20.765,27.66,2.0893
0.78876,0.093331,0.24786,0.55472,-20.79,27.65,2.0825
0.78883,0.093182,0.24779,0.55467,-20.815,27.64,2.0757
0.78891,0.093032,0.24772,0.55462,-20.841,27.631,2.0689
0.78898,0.092882,0.24765,0.55457,-20.867,27.621,2.062
0.78906,0.092732,0.24759,0.55452,-20.893,27.611,2.0552
0.78913,0.092583,0.24752,0.55447,-20.92,27.602,2.0484
0.7892,0.092433,0.24745,0.55442,-20.947,27.592,2.0415
0.78928,0.092283,0.24738,0.55437,-20.975,27.582,2.0347
0.78935,0.092134,0.24732,0.55432,-21.003,27.572,2.0278
0.78943,0.091984,0.24725,0.55427,-21.031,27.563,2.0209
0.7895,0.091834,0.24718,0.55422,-21.06,27.553,2.0141
0.78957,0.091684,0.24711,0.55417,-21.089,27.543,2.0072
0.78965,0.091535,0.24705,0.55412,-21.118,27.534,2.0003
0.78972,0.091385,0.24698,0.55407,-21.148,27.524,1.9935
0.7898,0.091235,0.24691,0.55402,-21.179,27.514,1.9866
0.78987,0.091085,0.24684,0.55397,-21.209,27.505,1.9797
0.78994,0.090936,0.24678,0.55391,-21.24,27.495,1.9728
0.79002,0.090786,0.24671,0.55386,-21.272,27.485,1.9659
0.79009,0.090636,0.24664,0.55381,-21.303,27.476,1.959
0.79017,0.090486,0.24657,0.55376,-21.336,27.466,1.9521
0.79024,0.090337,0.2465,0.55371,-21.368,27.456,1.9452
0.79031,0.090187,0.24644,0.55366,-21.401,27.447,1.9383
0.79039,0.090037,0.24637,0.55361,-21.434,27.437,1.9314
0.79046,0.089887,0.2463,0.55356,-21.468,27.427,1.9245
0.79053,0.089738,0.24623,0.55351,-21.502,27.418,1.9175
0.79061,0.089588,0.24617,0.55346,-21.536,27.408,1.9106
0.79068,0.089438,0.2461,0.55341,-21.571,27.398,1.9037
0.79075,0.089288,0.24603,0.55336,-21.606,27.389,1.8967
0.79083,0.089139,0.24596,0.55331,-21.642,27.379,1.8898
0.7909,0.088989,0.24589,0.55326,-21.678,27.369,1.8829
0.79097,0.088839,0.24583,0.55321,-21.714,27.36,1.8759
0.79105,0.088689,0.24576,0.55315,-21.751,27.35,1.869
0.79112,0.088539,0.24569,0.5531,-21.788,27.34,1.862
0.79119,0.08839,0.24562,0.55305,-21.825,27.331,1.855
0.79127,0.08824,0.24556,0.553,-21.863,27.321,1.8481
0.79134,0.08809,0.24549,0.55295,-21.901,27.311,1.8411
0.79141,0.08794,0.24542,0.5529,-21.939,27.302,1.8341
0.79149,0.08779,0.24535,0.55285,-21.978,27.292,1.8271
0.79156,0.087641,0.24528,0.5528,-22.017,27.283,1.8202
0.79163,0.087491,0.24522,0.55275,-22.057,27.273,1.8132
0.79171,0.087341,0.24515,0.5527,-22.097,27.263,1.8062
0.79178,0.087191,0.24508,0.55265,-22.137,27.254,1.7992
0.79185,0.087041,0.24501,0.55259,-22.178,27.244,1.7922
0.79193,0.086892,0.24495,0.55254,-22.219,27.234,1.7852
0.792,0.086742,0.24488,0.55249,-22.26,27.225,1.7782
0.79207,0.086592,0.24481,0.55244,-22.302,27.215,1.7712
0.79215,0.086442,0.24474,0.55239,-22.344,27.206,1.7641
0.79222,0.086292,0.24467,0.55234,-22.387,27.196,1.7571
0.79229,0.086142,0.24461,0.55229,-22.429,27.186,1.7501
0.79236,0.085993,0.24454,0.55224,-22.473,27.177,1.7431
0.79244,0.085843,0.24447,0.55219,-22.516,27.167,1.736
0.79251,0.085693,0.2444,0.55213,-22.56,27.158,1.729
0.79258,0.085543,0.24433,0.55208,-22.604,27.148,1.722
0.79266,0.085393,0.24427,0.55203,-22.649,27.139,1.7149
0.79273,0.085243,0.2442,0.55198,-22.694,27.129,1.7079
0.7928,0.085093,0.24413,0.55193,-22.739,27.119,1.7008
0.79287,0.084944,0.24406,0.55188,-22.785,27.11,1.6938
0.79295,0.084794,0.24399,0.55183,-22.831,27.1,1.6867
0.79302,0.084644,0.24393,0.55178,-22.877,27.091,1.6797
0.79309,0.084494,0.24386,0.55172,-22.924,27.081,1.6726
0.79316,0.084344,0.24379,0.55167,-22.971,27.072,1.6655
0.79324,0.084194,0.24372,0.55162,-23.018,27.062,1.6584
0.79331,0.084044,0.24365,0.55157,-23.066,27.052,1.6514
0.79338,0.083894,0.24359,0.55152,-23.114,27.043,1.6443
0.79345,0.083745,0.24352,0.55147,-23.162,27.033,1.6372
0.79353,0.083595,0.24345,0.55142,-23.211,27.024,1.6301
0.7936,0.083445,0.24338,0.55136,-23.26,27.014,1.623
0.79367,0.083295,0.24331,0.55131,-23.309,27.005,1.6159
0.79374,0.083145,0.24325,0.55126,-23.359,26.995,1.6088
0.79382,0.082995,0.24318,0.55121,-23.409,26.986,1.6017
0.79389,0.082845,0.24311,0.55116,-23.46,26.976,1.5946
0.79396,0.082695,0.24304,0.55111,-23.51,26.967,1.5875
0.79403,0.082545,0.24297,0.55105,-23.562,26.957,1.5804
0.79411,0.082395,0.24291,0.551,-23.613,26.947,1.5733
0.79418,0.082245,0.24284,0.55095,-23.665,26.938,1.5662
0.79425,0.082096,0.24277,0.5509,-23.717,26.928,1.559
0.79432,0.081946,0.2427,0.55085,-23.769,26.919,1.5519
0.79439,0.081796,0.24263,0.5508,-23.822,26.909,1.5448
0.79447,0.081646,0.24256,0.55074,-23.875,26.9,1.5376
0.79454,0.081496,0.2425,0.55069,-23.928,26.89,1.5305
0.79461,0.081346,0.24243,0.55064,-23.982,26.881,1.5234
0.79468,0.081196,0.24236,0.55059,-24.036,26.871,1.5162
0.79475,0.081046,0.24229,0.55054,-24.091,26.862,1.5091
0.79483,0.080896,0.24222,0.55049,-24.145,26.852,1.5019
0.7949,0.080746,0.24216,0.55043,-24.2,26.843,1.4948
0.79497,0.080596,0.24209,0.55038,-24.256,26.833,1.4876
0.79504,0.080446,0.24202,0.55033,-24.311,26.824,1.4804
0.79511,0.080296,0.24195,0.55028,-24.367,26.814,1.4733
0.79519,0.080146,0.24188,0.55023,-24.424,26.805,1.4661
0.79526,0.079996,0.24181,0.55017,-24.48,26.796,1.4589
0.79533,0.079846,0.24175,0.55012,-24.537,26.786,1.4518
0.7954,0.079696,0.24168,0.55007,-24.594,26.777,1.4446
0.79547,0.079546,0.24161,0.55002,-24.652,26.767,1.4374
0.79554,0.079396,0.24154,0.54997,-24.71,26.758,1.4302
0.79562,0.079247,0.24147,0.54991,-24.768,26.748,1.423
0.79569,0.079097,0.2414,0.54986,-24.826,26.739,1.4158
0.79576,0.078947,0.24134,0.54981,-24.885,26.729,1.4086
0.79583,0.078797,0.24127,0.54976,-24.944,26.72,1.4014
0.7959,0.078647,0.2412,0.54971,-25.004,26.71,1.3942
0.79597,0.078497,0.24113,0.54965,-25.063,26.701,1.387
0.79605,0.078347,0.24106,0.5496,-25.123,26.692,1.3798
0.79612,0.078197,0.24099,0.54955,-25.184,26.682,1.3726
0.79619,0.078047,0.24093,0.5495,-25.244,26.673,1.3654
0.79626,0.077897,0.24086,0.54944,-25.305,26.663,1.3582
0.79633,0.077747,0.24079,0.54939,-25.366,26.654,1.351
0.7964,0.077597,0.24072,0.54934,-25.428,26.644,1.3437
0.79647,0.077447,0.24065,0.54929,-25.49,26.635,1.3365
0.79655,0.077297,0.24058,0.54924,-25.552,26.626,1.3293
0.79662,0.077147,0.24052,0.54918,-25.614,26.616,1.3221
0.79669,0.076997,0.24045,0.54913,-25.677,26.607,1.3148
0.79676,0.076847,0.24038,0.54908,-25.74,26.597,1.3076
0.79683,0.076697,0.24031,0.54903,-25.803,26.588,1.3003
0.7969,0.076547,0.24024,0.54897,-25.867,26.579,1.2931
0.79697,0.076397,0.24017,0.54892,-25.93,26.569,1.2859
0.79704,0.076246,0.2401,0.54887,-25.995,26.56,1.2786
0.79711,0.076096,0.24004,0.54882,-26.059,26.55,1.2713
0.79719,0.075946,0.23997,0.54876,-26.124,26.541,1.2641
0.79726,0.075796,0.2399,0.54871,-26.189,26.532,1.2568
0.79733,0.075646,0.23983,0.54866,-26.254,26.522,1.2496
0.7974,0.075496,0.23976,0.54861,-26.319,26.513,1.2423
0.79747,0.075346,0.23969,0.54855,-26.385,26.503,1.235
0.79754,0.075196,0.23962,0.5485,-26.451,26.494,1.2278
0.79761,0.075046,0.23956,0.54845,-26.518,26.485,1.2205
0.79768,0.074896,0.23949,0.5484,-26.584,26.475,1.2132
0.79775,0.074746,0.23942,0.54834,-26.651,26.466,1.206
0.79782,0.074596,0.23935,0.54829,-26.718,26.457,1.1987
0.79789,0.074446,0.23928,0.54824,-26.786,26.447,1.1914
0.79797,0.074296,0.23921,0.54819,-26.853,26.438,1.1841
0.79804,0.074146,0.23914,0.54813,-26.921,26.429,1.1768
0.79811,0.073996,0.23908,0.54808,-26.989,26.419,1.1695
0.79818,0.073846,0.23901,0.54803,-27.058,26.41,1.1622
0.79825,0.073696,0.23894,0.54798,-27.127,26.401,1.1549
0.79832,0.073546,0.23887,0.54792,-27.196,26.391,1.1476
0.79839,0.073395,0.2388,0.54787,-27.265,26.382,1.1403
0.79846,0.073245,0.23873,0.54782,-27.334,26.373,1.133
0.79853,0.073095,0.23866,0.54776,-27.404,26.363,1.1257
0.7986,0.072945,0.2386,0.54771,-27.474,26.354,1.1184
0.79867,0.072795,0.23853,0.54766,-27.545,26.345,1.1111
0.79874,0.072645,0.23846,0.54761,-27.615,26.335,1.1038
0.79881,0.072495,0.23839,0.54755,-27.686,26.326,1.0965
0.79888,0.072345,0.23832,0.5475,-27.757,26.317,1.0892
0.79895,0.072195,0.23825,0.54745,-27.828,26.307,1.0818
0.79902,0.072045,0.23818,0.54739,-27.9,26.298,1.0745
0.79909,0.071895,0.23812,0.54734,-27.972,26.289,1.0672
0.79916,0.071744,0.23805,0.54729,-28.044,26.28,1.0599
0.79923,0.071594,0.23798,0.54724,-28.116,26.27,1.0525
0.7993,0.071444,0.23791,0.54718,-28.188,26.261,1.0452
0.79937,0.071294,0.23784,0.54713,-28.261,26.252,1.0379
0.79944,0.071144,0.23777,0.54708,-28.334,26.243,1.0305
0.79951,0.070994,0.2377,0.54702,-28.407,26.233,1.0232
0.79958,0.070844,0.23763,0.54697,-28.481,26.224,1.0158
0.79965,0.070694,0.23756,0.54692,-28.554,26.215,1.0085
0.79972,0.070543,0.2375,0.54686,-28.628,26.205,1.0011
0.79979,0.070393,0.23743,0.54681,-28.703,26.196,0.9938
0.79986,0.070243,0.23736,0.54676,-28.777,26.187,0.98645
0.79993,0.070093,0.23729,0.5467,-28.852,26.178,0.9791
0.8,0.069943,0.23722,0.54665,-28.926,26.169,0.97174
0.80007,0.069793,0.23715,0.5466,-29.001,26.159,0.96438
0.80014,0.069643,0.23708,0.54654,-29.077,26.15,0.95702
0.80021,0.069493,0.23701,0.54649,-29.152,26.141,0.94966
0.80028,0.069342,0.23695,0.54644,-29.228,26.132,0.94229
0.80035,0.069192,0.23688,0.54638,-29.304,26.122,0.93493
0.80042,0.069042,0.23681,0.54633,-29.38,26.113,0.92756
0.80049,0.068892,0.23674,0.54628,-29.456,26.104,0.92019
0.80056,0.068742,0.23667,0.54622,-29.533,26.095,0.91282
0.80063,0.068592,0.2366,0.54617,-29.61,26.086,0.90544
0.8007,0.068441,0.23653,0.54612,-29.687,26.076,0.89806
0.80077,0.068291,0.23646,0.54606,-29.764,26.067,0.89068
0.80084,0.068141,0.23639,0.54601,-29.841,26.058,0.8833
0.80091,0.067991,0.23633,0.54596,-29.919,26.049,0.87592
0.80098,0.067841,0.23626,0.5459,-29.997,26.04,0.86853
0.80105,0.067691,0.23619,0.54585,-30.075,26.03,0.86115
0.80112,0.06754,0.23612,0.5458,-30.153,26.021,0.85376
0.80119,0.06739,0.23605,0.54574,-30.232,26.012,0.84637
0.80126,0.06724,0.23598,0.54569,-30.31,26.003,0.83898
0.80133,0.06709,0.23591,0.54564,-30.389,25.994,0.83158
0.8014,0.06694,0.23584,0.54558,-30.468,25.985,0.82418
0.80147,0.06679,0.23577,0.54553,-30.547,25.975,0.81679
0.80154,0.066639,0.2357,0.54547,-30.627,25.966,0.80939
0.80161,0.066489,0.23564,0.54542,-30.706,25.957,0.80198
0.80167,0.066339,0.23557,0.54537,-30.786,25.948,0.79458
0.80174,0.066189,0.2355,0.54531,-30.866,25.939,0.78717
0.80181,0.066039,0.23543,0.54526,-30.946,25.93,0.77977
0.80188,0.065888,0.23536,0.54521,-31.027,25.921,0.77236
0.80195,0.065738,0.23529,0.54515,-31.107,25.911,0.76495
0.80202,0.065588,0.23522,0.5451,-31.188,25.902,0.75753
0.80209,0.065438,0.23515,0.54505,-31.269,25.893,0.75012
0.80216,0.065288,0.23508,0.54499,-31.35,25.884,0.7427
0.80223,0.065137,0.23501,0.54494,-31.431,25.875,0.73529
0.8023,0.064987,0.23494,0.54488,-31.512,25.866,0.72787
0.80237,0.064837,0.23488,0.54483,-31.594,25.857,0.72045
0.80243,0.064687,0.23481,0.54478,-31.676,25.848,0.71302
0.8025,0.064536,0.23474,0.54472,-31.758,25.839,0.7056
0.80257,0.064386,0.23467,0.54467,-31.84,25.829,0.69817
0.80264,0.064236,0.2346,0.54461,-31.922,25.82,0.69075
0.80271,0.064086,0.23453,0.54456,-32.004,25.811,0.68332
0.80278,0.063936,0.23446,0.54451,-32.087,25.802,0.67589
0.80285,0.063785,0.23439,0.54445,-32.17,25.793,0.66846
0.80292,0.063635,0.23432,0.5444,-32.253,25.784,0.66102
0.80298,0.063485,0.23425,0.54434,-32.336,25.775,0.65359
0.80305,0.063335,0.23418,0.54429,-32.419,25.766,0.64615
0.80312,0.063184,0.23412,0.54424,-32.502,25.757,0.63871
0.80319,0.063034,0.23405,0.54418,-32.586,25.748,0.63127
0.80326,0.062884,0.23398,0.54413,-32.669,25.739,0.62383
0.80333,0.062734,0.23391,0.54407,-32.753,25.73,0.61639
0.8034,0.062583,0.23384,0.54402,-32.837,25.721,0.60895
0.80347,0.062433,0.23377,0.54397,-32.921,25.712,0.6015
0.80353,0.062283,0.2337,0.54391,-33.005,25.703,0.59406
0.8036,0.062133,0.23363,0.54386,-33.09,25.694,0.58661
0.80367,0.061982,0.23356,0.5438,-33.174,25.685,0.57916
0.80374,0.061832,0.23349,0.54375,-33.259,25.676,0.57171
0.80381,0.061682,0.23342,0.54369,-33.344,25.667,0.56426
0.80388,0.061532,0.23335,0.54364,-33.429,25.658,0.55681
0.80394,0.061381,0.23328,0.54359,-33.514,25.649,0.54935
0.80401,0.061231,0.23321,0.54353,-33.599,25.64,0.5419
0.80408,0.061081,0.23315,0.54348,-33.684,25.631,0.53444
0.80415,0.060931,0.23308,0.54342,-33.77,25.622,0.52698
0.80422,0.06078,0.23301,0.54337,-33.855,25.613,0.51952
0.80429,0.06063,0.23294,0.54331,-33.941,25.604,0.51206
0.80435,0.06048,0.23287,0.54326,-34.027,25.595,0.5046
0.80442,0.060329,0.2328,0.5432,-34.113,25.586,0.49714
0.80449,0.060179,0.23273,0.54315,-34.199,25.577,0.48968
0.80456,0.060029,0.23266,0.5431,-34.285,25.568,0.48221
0.80463,0.059879,0.23259,0.54304,-34.372,25.559,0.47475
0.80469,0.059728,0.23252,0.54299,-34.458,25.55,0.46728
0.80476,0.059578,0.23245,0.54293,-34.544,25.541,0.45981
0.80483,0.059428,0.23238,0.54288,-34.631,25.532,0.45234
0.8049,0.059277,0.23231,0.54282,-34.718,25.523,0.44487
0.80497,0.059127,0.23224,0.54277,-34.805,25.514,0.4374
0.80503,0.058977,0.23217,0.54271,-34.892,25.505,0.42993
0.8051,0.058826,0.2321,0.54266,-34.979,25.496,0.42246
0.80517,0.058676,0.23204,0.5426,-35.066,25.487,0.41499
0.80524,0.058526,0.23197,0.54255,-35.153,25.478,0.40751
0.8053,0.058376,0.2319,0.5425,-35.241,25.469,0.40004
0.80537,0.058225,0.23183,0.54244,-35.328,25.46,0.39256
0.80544,0.058075,0.23176,0.54239,-35.416,25.452,0.38508
0.80551,0.057925,0.23169,0.54233,-35.503,25.443,0.3776
0.80558,0.057774,0.23162,0.54228,-35.591,25.434,0.37012
0.80564,0.057624,0.23155,0.54222,-35.679,25.425,0.36264
0.80571,0.057474,0.23148,0.54217,-35.767,25.416,0.35516
0.80578,0.057323,0.23141,0.54211,-35.855,25.407,0.34768
0.80585,0.057173,0.23134,0.54206,-35.943,25.398,0.3402
0.80591,0.057023,0.23127,0.542,-36.031,25.389,0.33272
0.80598,0.056872,0.2312,0.54195,-36.119,25.38,0.32523
0.80605,0.056722,0.23113,0.54189,-36.208,25.372,0.31775
0.80612,0.056572,0.23106,0.54184,-36.296,25.363,0.31026
0.80618,0.056421,0.23099,0.54178,-36.384,25.354,0.30278
0.80625,0.056271,0.23092,0.54173,-36.473,25.345,0.29529
0.80632,0.056121,0.23085,0.54167,-36.562,25.336,0.2878
0.80638,0.05597,0.23078,0.54162,-36.65,25.327,0.28032
0.80645,0.05582,0.23071,0.54156,-36.739,25.318,0.27283
0.80652,0.05567,0.23064,0.54151,-36.828,25.31,0.26534
0.80659,0.055519,0.23058,0.54145,-36.917,25.301,0.25785
0.80665,0.055369,0.23051,0.5414,-37.006,25.292,0.25036
0.80672,0.055219,0.23044,0.54134,-37.095,25.283,0.24287
0.80679,0.055068,0.23037,0.54129,-37.184,25.274,0.23538
0.80686,0.054918,0.2303,0.54123,-37.273,25.265,0.22788
0.80692,0.054768,0.23023,0.54118,-37.362,25.257,0.22039
0.80699,0.054617,0.23016,0.54112,-37.451,25.248,0.2129
0.80706,0.054467,0.23009,0.54107,-37.541,25.239,0.20541
0.80712,0.054316,0.23002,0.54101,-37.63,25.23,0.19791
0.80719,0.054166,0.22995,0.54096,-37.719,25.222,0.19042
0.80726,0.054016,0.22988,0.5409,-37.809,25.213,0.18292
0.80732,0.053865,0.22981,0.54085,-37.898,25.204,0.17543
0.80739,0.053715,0.22974,0.54079,-37.988,25.195,0.16793
0.80746,0.053565,0.22967,0.54074,-38.077,25.186,0.16044
0.80752,0.053414,0.2296,0.54068,-38.167,25.178,0.15294
0.80759,0.053264,0.22953,0.54062,-38.257,25.169,0.14544
0.80766,0.053113,0.22946,0.54057,-38.346,25.16,0.13795
0.80773,0.052963,0.22939,0.54051,-38.436,25.151,0.13045
0.80779,0.052813,0.22932,0.54046,-38.526,25.143,0.12295
0.80786,0.052662,0.22925,0.5404,-38.616,25.134,0.11545
0.80793,0.052512,0.22918,0.54035,-38.705,25.125,0.10795
0.80799,0.052362,0.22911,0.54029,-38.795,25.116,0.10046
0.80806,0.052211,0.22904,0.54024,-38.885,25.108,0.092958
0.80812,0.052061,0.22897,0.54018,-38.975,25.099,0.085459
0.80819,0.05191,0.2289,0.54013,-39.065,25.09,0.07796
0.80826,0.05176,0.22883,0.54007,-39.155,25.082,0.070461
0.80832,0.05161,0.22876,0.54001,-39.245,25.073,0.062962
0.80839,0.051459,0.22869,0.53996,-39.335,25.064,0.055462
0.80846,0.051309,0.22862,0.5399,-39.425,25.055,0.047963
0.80852,0.051158,0.22855,0.53985,-39.514,25.047,0.040463
0.80859,0.051008,0.22848,0.53979,-39.604,25.038,0.032963
0.80866,0.050858,0.22841,0.53974,-39.694,25.029,0.025463
0.80872,0.050707,0.22834,0.53968,-39.784,25.021,0.017963
0.80879,0.050557,0.22827,0.53963,-39.874,25.012,0.010463
0.80886,0.050406,0.2282,0.53957,-39.964,25.003,0.0029633
0.80892,0.050256,0.22813,0.53951,-40.054,24.995,-0.0045367
0.80899,0.050106,0.22806,0.53946,-40.144,24.986,-0.012037
0.80905,0.049955,0.22799,0.5394,-40.234,24.977,-0.019537
0.80912,0.049805,0.22792,0.53935,-40.324,24.969,-0.027037
0.80919,0.049654,0.22785,0.53929,-40.414,24.96,-0.034536
0.80925,0.049504,0.22778,0.53924,-40.504,24.952,-0.042036
0.80932,0.049353,0.22771,0.53918,-40.594,24.943,-0.049536
0.80938,0.049203,0.22764,0.53912,-40.684,24.934,-0.057035
0.80945,0.049053,0.22757,0.53907,-40.774,24.926,-0.064535
0.80952,0.048902,0.2275,0.53901,-40.864,24.917,-0.072034
0.80958,0.048752,0.22743,0.53896,-40.954,24.908,-0.079533
0.80965,0.048601,0.22736,0.5389,-41.044,24.9,-0.087032
0.80971,0.048451,0.22729,0.53884,-41.134,24.891,-0.094531
0.80978,0.0483,0.22722,0.53879,-41.224,24.883,-0.10203
0.80985,0.04815,0.22715,0.53873,-41.313,24.874,-0.10953
0.80991,0.048,0.22708,0.53868,-41.403,24.865,-0.11703
0.80998,0.047849,0.22701,0.53862,-41.493,24.857,-0.12452
0.81004,0.047699,0.22694,0.53856,-41.583,24.848,-0.13202
0.81011,0.047548,0.22687,0.53851,-41.672,24.84,-0.13952
0.81017,0.047398,0.2268,0.53845,-41.762,24.831,-0.14702
0.81024,0.047247,0.22673,0.5384,-41.852,24.823,-0.15451
0.81031,0.047097,0.22666,0.53834,-41.941,24.814,-0.16201
0.81037,0.046946,0.22659,0.53828,-42.031,24.806,-0.1695
0.81044,0.046796,0.22652,0.53823,-42.12,24.797,-0.177
0.8105,0.046646,0.22645,0.53817,-42.21,24.788,-0.18449
0.81057,0.046495,0.22638,0.53812,-42.299,24.78,-0.19199
0.81063,0.046345,0.22631,0.53806,-42.389,24.771,-0.19948
0.8107,0.046194,0.22624,0.538,-42.478,24.763,-0.20698
0.81076,0.046044,0.22617,0.53795,-42.567,24.754,-0.21447
0.81083,0.045893,0.2261,0.53789,-42.657,24.746,-0.22196
0.8109,0.045743,0.22603,0.53783,-42.746,24.737,-0.22946
0.81096,0.045592,0.22596,0.53778,-42.835,24.729,-0.23695
0.81103,0.045442,0.22589,0.53772,-42.924,24.72,-0.24444
0.81109,0.045291,0.22582,0.53766,-43.013,24.712,-0.25193
0.81116,0.045141,0.22575,0.53761,-43.102,24.703,-0.25942
0.81122,0.04499,0.22568,0.53755,-43.191,24.695,-0.26691
0.81129,0.04484,0.22561,0.5375,-43.28,24.686,-0.2744
0.81135,0.04469,0.22554,0.53744,-43.368,24.678,-0.28189
0.81142,0.044539,0.22547,0.53738,-43.457,24.669,-0.28937
0.81148,0.044389,0.2254,0.53733,-43.546,24.661,-0.29686
0.81155,0.044238,0.22533,0.53727,-43.634,24.653,-0.30435
0.81161,0.044088,0.22526,0.53721,-43.723,24.644,-0.31183
0.81168,0.043937,0.22519,0.53716,-43.811,24.636,-0.31932
0.81174,0.043787,0.22512,0.5371,-43.899,24.627,-0.3268
0.81181,0.043636,0.22505,0.53704,-43.988,24.619,-0.33429
0.81187,0.043486,0.22498,0.53699,-44.076,24.61,-0.34177
0.81194,0.043335,0.22491,0.53693,-44.164,24.602,-0.34925
0.812,0.043185,0.22484,0.53687,-44.252,24.594,-0.35673
0.81207,0.043034,0.22477,0.53682,-44.34,24.585,-0.36421
0.81213,0.042884,0.2247,0.53676,-44.427,24.577,-0.37169
0.8122,0.042733,0.22463,0.5367,-44.515,24.568,-0.37917
0.81226,0.042583,0.22456,0.53665,-44.603,24.56,-0.38665
0.81233,0.042432,0.22449,0.53659,-44.69,24.552,-0.39413
0.81239,0.042282,0.22442,0.53653,-44.778,24.543,-0.4016
0.81246,0.042131,0.22435,0.53648,-44.865,24.535,-0.40908
0.81252,0.041981,0.22428,0.53642,-44.952,24.526,-0.41655
0.81259,0.04183,0.22421,0.53636,-45.04,24.518,-0.42403
0.81265,0.04168,0.22414,0.53631,-45.127,24.51,-0.4315
0.81271,0.041529,0.22407,0.53625,-45.214,24.501,-0.43897
0.81278,0.041379,0.224,0.53619,-45.3,24.493,-0.44644
0.81284,0.041228,0.22393,0.53614,-45.387,24.485,-0.45391
0.81291,0.041078,0.22385,0.53608,-45.474,24.476,-0.46138
0.81297,0.040927,0.22378,0.53602,-45.56,24.468,-0.46885
0.81304,0.040777,0.22371,0.53597,-45.647,24.46,-0.47631
0.8131,0.040626,0.22364,0.53591,-45.733,24.451,-0.48378
0.81317,0.040476,0.22357,0.53585,-45.819,24.443,-0.49124
0.81323,0.040325,0.2235,0.5358,-45.905,24.435,-0.49871
0.81329,0.040175,0.22343,0.53574,-45.991,24.426,-0.50617
0.81336,0.040024,0.22336,0.53568,-46.077,24.418,-0.51363
0.81342,0.039874,0.22329,0.53562,-46.163,24.41,-0.52109
0.81349,0.039723,0.22322,0.53557,-46.248,24.402,-0.52855
0.81355,0.039573,0.22315,0.53551,-46.334,24.393,-0.536
0.81362,0.039422,0.22308,0.53545,-46.419,24.385,-0.54346
0.81368,0.039271,0.22301,0.5354,-46.504,24.377,-0.55092
0.81374,0.039121,0.22294,0.53534,-46.589,24.368,-0.55837
0.81381,0.03897,0.22287,0.53528,-46.674,24.36,-0.56582
0.81387,0.03882,0.2228,0.53522,-46.759,24.352,-0.57327
0.81394,0.038669,0.22273,0.53517,-46.843,24.344,-0.58072
0.814,0.038519,0.22266,0.53511,-46.928,24.335,-0.58817
0.81406,0.038368,0.22259,0.53505,-47.012,24.327,-0.59562
0.81413,0.038218,0.22252,0.535,-47.096,24.319,-0.60306
0.81419,0.038067,0.22245,0.53494,-47.18,24.311,-0.61051
0.81426,0.037917,0.22238,0.53488,-47.264,24.302,-0.61795
0.81432,0.037766,0.2223,0.53482,-47.348,24.294,-0.62539
0.81438,0.037616,0.22223,0.53477,-47.432,24.286,-0.63283
0.81445,0.037465,0.22216,0.53471,-47.515,24.278,-0.64027
0.81451,0.037315,0.22209,0.53465,-47.599,24.27,-0.64771
0.81458,0.037164,0.22202,0.53459,-47.682,24.261,-0.65515
0.81464,0.037013,0.22195,0.53454,-47.765,24.253,-0.66258
0.8147,0.036863,0.22188,0.53448,-47.848,24.245,-0.67002
0.81477,0.036712,0.22181,0.53442,-47.93,24.237,-0.67745
0.81483,0.036562,0.22174,0.53437,-48.013,24.229,-0.68488
0.81489,0.036411,0.22167,0.53431,-48.095,24.221,-0.69231
0.81496,0.036261,0.2216,0.53425,-48.178,24.212,-0.69973
0.81502,0.03611,0.22153,0.53419,-48.26,24.204,-0.70716
0.81508,0.03596,0.22146,0.53414,-48.341,24.196,-0.71458
0.81515,0.035809,0.22139,0.53408,-48.423,24.188,-0.722
0.81521,0.035658,0.22132,0.53402,-48.505,24.18,-0.72942
0.81527,0.035508,0.22125,0.53396,-48.586,24.172,-0.73684
0.81534,0.035357,0.22117,0.53391,-48.667,24.164,-0.74426
0.8154,0.035207,0.2211,0.53385,-48.748,24.155,-0.75168
0.81547,0.035056,0.22103,0.53379,-48.829,24.147,-0.75909
0.81553,0.034906,0.22096,0.53373,-48.91,24.139,-0.7665
0.81559,0.034755,0.22089,0.53367,-48.99,24.131,-0.77391
0.81566,0.034605,0.22082,0.53362,-49.071,24.123,-0.78132
0.81572,0.034454,0.22075,0.53356,-49.151,24.115,-0.78873
0.81578,0.034303,0.22068,0.5335,-49.231,24.107,-0.79613
0.81584,0.034153,0.22061,0.53344,-49.31,24.099,-0.80354
0.81591,0.034002,0.22054,0.53339,-49.39,24.091,-0.81094
0.81597,0.033852,0.22047,0.53333,-49.469,24.083,-0.81834
0.81603,0.033701,0.2204,0.53327,-49.549,24.075,-0.82574
0.8161,0.033551,0.22033,0.53321,-49.627,24.067,-0.83313
0.81616,0.0334,0.22026,0.53316,-49.706,24.059,-0.84053
0.81622,0.033249,0.22018,0.5331,-49.785,24.05,-0.84792
0.81629,0.033099,0.22011,0.53304,-49.863,24.042,-0.85531
0.81635,0.032948,0.22004,0.53298,-49.941,24.034,-0.8627
0.81641,0.032798,0.21997,0.53292,-50.019,24.026,-0.87008
0.81648,0.032647,0.2199,0.53287,-50.097,24.018,-0.87747
0.81654,0.032496,0.21983,0.53281,-50.175,24.01,-0.88485
0.8166,0.032346,0.21976,0.53275,-50.252,24.002,-0.89223
0.81666,0.032195,0.21969,0.53269,-50.329,23.994,-0.89961
0.81673,0.032045,0.21962,0.53263,-50.406,23.986,-0.90699
0.81679,0.031894,0.21955,0.53258,-50.483,23.978,-0.91436
0.81685,0.031744,0.21948,0.53252,-50.56,23.97,-0.92173
0.81691,0.031593,0.21941,0.53246,-50.636,23.962,-0.9291
0.81698,0.031442,0.21933,0.5324,-50.712,23.954,-0.93647
0.81704,0.031292,0.21926,0.53234,-50.788,23.947,-0.94384
0.8171,0.031141,0.21919,0.53229,-50.864,23.939,-0.9512
0.81717,0.030991,0.21912,0.53223,-50.939,23.931,-0.95857
0.81723,0.03084,0.21905,0.53217,-51.014,23.923,-0.96593
0.81729,0.030689,0.21898,0.53211,-51.089,23.915,-0.97328
0.81735,0.030539,0.21891,0.53205,-51.164,23.907,-0.98064
0.81742,0.030388,0.21884,0.53199,-51.239,23.899,-0.98799
0.81748,0.030238,0.21877,0.53194,-51.313,23.891,-0.99534
0.81754,0.030087,0.2187,0.53188,-51.387,23.883,-1.0027
0.8176,0.029936,0.21863,0.53182,-51.461,23.875,-1.01
0.81766,0.029786,0.21855,0.53176,-51.535,23.867,-1.0174
0.81773,0.029635,0.21848,0.5317,-51.608,23.859,-1.0247
0.81779,0.029485,0.21841,0.53165,-51.681,23.851,-1.0321
0.81785,0.029334,0.21834,0.53159,-51.754,23.844,-1.0394
0.81791,0.029183,0.21827,0.53153,-51.827,23.836,-1.0467
0.81798,0.029033,0.2182,0.53147,-51.899,23.828,-1.0541
0.81804,0.028882,0.21813,0.53141,-51.972,23.82,-1.0614
0.8181,0.028732,0.21806,0.53135,-52.043,23.812,-1.0687
0.81816,0.028581,0.21799,0.5313,-52.115,23.804,-1.0761
0.81822,0.02843,0.21792,0.53124,-52.187,23.796,-1.0834
0.81829,0.02828,0.21784,0.53118,-52.258,23.789,-1.0907
0.81835,0.028129,0.21777,0.53112,-52.329,23.781,-1.098
0.81841,0.027978,0.2177,0.53106,-52.4,23.773,-1.1053
0.81847,0.027828,0.21763,0.531,-52.47,23.765,-1.1126
0.81854,0.027677,0.21756,0.53094,-52.54,23.757,-1.12
0.8186,0.027527,0.21749,0.53089,-52.61,23.749,-1.1273
0.81866,0.027376,0.21742,0.53083,-52.68,23.742,-1.1346
0.81872,0.027225,0.21735,0.53077,-52.75,23.734,-1.1419
0.81878,0.027075,0.21728,0.53071,-52.819,23.726,-1.1492
0.81884,0.026924,0.2172,0.53065,-52.888,23.718,-1.1565
0.81891,0.026774,0.21713,0.53059,-52.956,23.71,-1.1638
0.81897,0.026623,0.21706,0.53053,-53.025,23.703,-1.1711
0.81903,0.026472,0.21699,0.53048,-53.093,23.695,-1.1783
0.81909,0.026322,0.21692,0.53042,-53.161,23.687,-1.1856
0.81915,0.026171,0.21685,0.53036,-53.229,23.679,-1.1929
0.81921,0.02602,0.21678,0.5303,-53.296,23.672,-1.2002
0.81928,0.02587,0.21671,0.53024,-53.363,23.664,-1.2075
0.81934,0.025719,0.21664,0.53018,-53.43,23.656,-1.2148
0.8194,0.025569,0.21656,0.53012,-53.496,23.648,-1.222
0.81946,0.025418,0.21649,0.53006,-53.563,23.641,-1.2293
0.81952,0.025267,0.21642,0.53001,-53.629,23.633,-1.2366
0.81958,0.025117,0.21635,0.52995,-53.694,23.625,-1.2438
0.81965,0.024966,0.21628,0.52989,-53.76,23.618,-1.2511
0.81971,0.024815,0.21621,0.52983,-53.825,23.61,-1.2584
0.81977,0.024665,0.21614,0.52977,-53.89,23.602,-1.2656
0.81983,0.024514,0.21607,0.52971,-53.955,23.595,-1.2729
0.81989,0.024363,0.21599,0.52965,-54.019,23.587,-1.2801
0.81995,0.024213,0.21592,0.52959,-54.083,23.579,-1.2874
0.82001,0.024062,0.21585,0.52953,-54.147,23.572,-1.2946
0.82007,0.023912,0.21578,0.52948,-54.21,23.564,-1.3019
0.82014,0.023761,0.21571,0.52942,-54.273,23.556,-1.3091
0.8202,0.02361,0.21564,0.52936,-54.336,23.549,-1.3163
0.82026,0.02346,0.21557,0.5293,-54.399,23.541,-1.3236
0.82032,0.023309,0.2155,0.52924,-54.461,23.533,-1.3308
0.82038,0.023158,0.21542,0.52918,-54.523,23.526,-1.338
0.82044,0.023008,0.21535,0.52912,-54.585,23.518,-1.3453
0.8205,0.022857,0.21528,0.52906,-54.646,23.51,-1.3525
0.82056,0.022706,0.21521,0.529,-54.708,23.503,-1.3597
0.82062,0.022556,0.21514,0.52894,-54.768,23.495,-1.3669
0.82069,0.022405,0.21507,0.52888,-54.829,23.488,-1.3741
0.82075,0.022254,0.215,0.52883,-54.889,23.48,-1.3813
0.82081,0.022104,0.21493,0.52877,-54.949,23.473,-1.3885
0.82087,0.021953,0.21485,0.52871,-55.009,23.465,-1.3957
0.82093,0.021802,0.21478,0.52865,-55.068,23.457,-1.4029
0.82099,0.021652,0.21471,0.52859,-55.127,23.45,-1.4101
0.82105,0.021501,0.21464,0.52853,-55.186,23.442,-1.4173
0.82111,0.021351,0.21457,0.52847,-55.244,23.435,-1.4245
0.82117,0.0212,0.2145,0.52841,-55.302,23.427,-1.4317
0.82123,0.021049,0.21443,0.52835,-55.36,23.42,-1.4389
0.82129,0.020899,0.21435,0.52829,-55.418,23.412,-1.4461
0.82135,0.020748,0.21428,0.52823,-55.475,23.405,-1.4533
0.82141,0.020597,0.21421,0.52817,-55.532,23.397,-1.4604
0.82148,0.020447,0.21414,0.52811,-55.588,23.39,-1.4676
0.82154,0.020296,0.21407,0.52805,-55.644,23.382,-1.4748
0.8216,0.020145,0.214,0.52799,-55.7,23.375,-1.4819
0.82166,0.019995,0.21393,0.52794,-55.756,23.367,-1.4891
0.82172,0.019844,0.21385,0.52788,-55.811,23.36,-1.4963
0.82178,0.019693,0.21378,0.52782,-55.866,23.352,-1.5034
0.82184,0.019543,0.21371,0.52776,-55.921,23.345,-1.5106
0.8219,0.019392,0.21364,0.5277,-55.975,23.337,-1.5177
0.82196,0.019241,0.21357,0.52764,-56.029,23.33,-1.5249
0.82202,0.019091,0.2135,0.52758,-56.083,23.322,-1.532
0.82208,0.01894,0.21343,0.52752,-56.136,23.315,-1.5391
0.82214,0.018789,0.21335,0.52746,-56.189,23.307,-1.5463
0.8222,0.018639,0.21328,0.5274,-56.242,23.3,-1.5534
0.82226,0.018488,0.21321,0.52734,-56.294,23.293,-1.5605
0.82232,0.018337,0.21314,0.52728,-56.346,23.285,-1.5676
0.82238,0.018187,0.21307,0.52722,-56.398,23.278,-1.5748
0.82244,0.018036,0.213,0.52716,-56.449,23.27,-1.5819
0.8225,0.017885,0.21292,0.5271,-56.5,23.263,-1.589
0.82256,0.017735,0.21285,0.52704,-56.551,23.256,-1.5961
0.82262,0.017584,0.21278,0.52698,-56.601,23.248,-1.6032
0.82268,0.017433,0.21271,0.52692,-56.651,23.241,-1.6103
0.82274,0.017283,0.21264,0.52686,-56.701,23.233,-1.6174
0.8228,0.017132,0.21257,0.5268,-56.75,23.226,-1.6245
0.82286,0.016981,0.2125,0.52674,-56.799,23.219,-1.6316
0.82292,0.016831,0.21242,0.52668,-56.848,23.211,-1.6387
0.82298,0.01668,0.21235,0.52662,-56.896,23.204,-1.6458
0.82304,0.016529,0.21228,0.52656,-56.944,23.197,-1.6528
0.8231,0.016379,0.21221,0.5265,-56.992,23.189,-1.6599
0.82316,0.016228,0.21214,0.52644,-57.039,23.182,-1.667
0.82322,0.016077,0.21207,0.52638,-57.086,23.175,-1.6741
0.82328,0.015927,0.21199,0.52632,-57.133,23.168,-1.6811
0.82334,0.015776,0.21192,0.52626,-57.179,23.16,-1.6882
0.8234,0.015625,0.21185,0.5262,-57.225,23.153,-1.6953
0.82346,0.015475,0.21178,0.52614,-57.271,23.146,-1.7023
0.82352,0.015324,0.21171,0.52608,-57.316,23.138,-1.7094
0.82358,0.015173,0.21164,0.52602,-57.361,23.131,-1.7164
0.82364,0.015023,0.21156,0.52596,-57.405,23.124,-1.7234
0.8237,0.014872,0.21149,0.5259,-57.449,23.117,-1.7305
0.82376,0.014721,0.21142,0.52584,-57.493,23.109,-1.7375
0.82382,0.01457,0.21135,0.52578,-57.537,23.102,-1.7445
0.82388,0.01442,0.21128,0.52572,-57.58,23.095,-1.7516
0.82393,0.014269,0.21121,0.52566,-57.622,23.088,-1.7586
0.82399,0.014118,0.21113,0.5256,-57.665,23.08,-1.7656
0.82405,0.013968,0.21106,0.52554,-57.707,23.073,-1.7726
0.82411,0.013817,0.21099,0.52548,-57.748,23.066,-1.7796
0.82417,0.013666,0.21092,0.52542,-57.79,23.059,-1.7866
0.82423,0.013516,0.21085,0.52536,-57.831,23.052,-1.7937
0.82429,0.013365,0.21077,0.5253,-57.871,23.044,-1.8007
0.82435,0.013214,0.2107,0.52524,-57.912,23.037,-1.8076
0.82441,0.013064,0.21063,0.52518,-57.951,23.03,-1.8146
0.82447,0.012913,0.21056,0.52512,-57.991,23.023,-1.8216
0.82453,0.012762,0.21049,0.52506,-58.03,23.016,-1.8286
0.82459,0.012612,0.21042,0.525,-58.069,23.009,-1.8356
0.82465,0.012461,0.21034,0.52494,-58.107,23.001,-1.8426
0.8247,0.01231,0.21027,0.52488,-58.145,22.994,-1.8495
0.82476,0.01216,0.2102,0.52482,-58.183,22.987,-1.8565
0.82482,0.012009,0.21013,0.52476,-58.22,22.98,-1.8635
0.82488,0.011858,0.21006,0.5247,-58.257,22.973,-1.8704
0.82494,0.011707,0.20998,0.52464,-58.294,22.966,-1.8774
0.825,0.011557,0.20991,0.52458,-58.33,22.959,-1.8843
0.82506,0.011406,0.20984,0.52452,-58.366,22.952,-1.8913
0.82512,0.011255,0.20977,0.52445,-58.401,22.944,-1.8982
0.82518,0.011105,0.2097,0.52439,-58.436,22.937,-1.9051
0.82523,0.010954,0.20963,0.52433,-58.471,22.93,-1.9121
0.82529,0.010803,0.20955,0.52427,-58.505,22.923,-1.919
0.82535,0.010653,0.20948,0.52421,-58.539,22.916,-1.9259
0.82541,0.010502,0.20941,0.52415,-58.573,22.909,-1.9328
0.82547,0.010351,0.20934,0.52409,-58.606,22.902,-1.9398
0.82553,0.010201,0.20927,0.52403,-58.639,22.895,-1.9467
0.82559,0.01005,0.20919,0.52397,-58.671,22.888,-1.9536
0.82564,0.0098991,0.20912,0.52391,-58.703,22.881,-1.9605
0.8257,0.0097484,0.20905,0.52385,-58.735,22.874,-1.9674
0.82576,0.0095977,0.20898,0.52379,-58.766,22.867,-1.9743
0.82582,0.009447,0.20891,0.52373,-58.797,22.86,-1.9812
0.82588,0.0092963,0.20883,0.52367,-58.828,22.853,-1.988
0.82594,0.0091456,0.20876,0.52361,-58.858,22.846,-1.9949
0.826,0.0089949,0.20869,0.52354,-58.888,22.839,-2.0018
0.82605,0.0088442,0.20862,0.52348,-58.917,22.832,-2.0087
0.82611,0.0086936,0.20855,0.52342,-58.946,22.825,-2.0155
0.82617,0.0085429,0.20847,0.52336,-58.975,22.818,-2.0224
0.82623,0.0083922,0.2084,0.5233,-59.003,22.811,-2.0292
0.82629,0.0082415,0.20833,0.52324,-59.031,22.804,-2.0361
0.82635,0.0080908,0.20826,0.52318,-59.058,22.797,-2.0429
0.8264,0.0079401,0.20819,0.52312,-59.085,22.79,-2.0498
0.82646,0.0077894,0.20811,0.52306,-59.112,22.783,-2.0566
0.82652,0.0076387,0.20804,0.523,-59.139,22.776,-2.0635
0.82658,0.007488,0.20797,0.52294,-59.164,22.77,-2.0703
0.82664,0.0073373,0.2079,0.52287,-59.19,22.763,-2.0771
0.82669,0.0071866,0.20783,0.52281,-59.215,22.756,-2.0839
0.82675,0.0070359,0.20775,0.52275,-59.24,22.749,-2.0907
0.82681,0.0068852,0.20768,0.52269,-59.264,22.742,-2.0976
0.82687,0.0067345,0.20761,0.52263,-59.288,22.735,-2.1044
0.82693,0.0065838,0.20754,0.52257,-59.312,22.728,-2.1112
0.82698,0.0064331,0.20746,0.52251,-59.335,22.721,-2.118
0.82704,0.0062824,0.20739,0.52245,-59.358,22.714,-2.1248
0.8271,0.0061317,0.20732,0.52239,-59.38,22.708,-2.1315
0.82716,0.005981,0.20725,0.52232,-59.402,22.701,-2.1383
0.82722,0.0058303,0.20718,0.52226,-59.424,22.694,-2.1451
0.82727,0.0056796,0.2071,0.5222,-59.445,22.687,-2.1519
0.82733,0.0055288,0.20703,0.52214,-59.466,22.68,-2.1586
0.82739,0.0053781,0.20696,0.52208,-59.487,22.674,-2.1654
0.82745,0.0052274,0.20689,0.52202,-59.507,22.667,-2.1722
0.8275,0.0050767,0.20682,0.52196,-59.526,22.66,-2.1789
0.82756,0.004926,0.20674,0.5219,-59.546,22.653,-2.1857
0.82762,0.0047753,0.20667,0.52183,-59.564,22.646,-2.1924
0.82768,0.0046246,0.2066,0.52177,-59.583,22.64,-2.1991
0.82773,0.0044739,0.20653,0.52171,-59.601,22.633,-2.2059
0.82779,0.0043232,0.20645,0.52165,-59.619,22.626,-2.2126
0.82785,0.0041725,0.20638,0.52159,-59.636,22.619,-2.2193
0.82791,0.0040218,0.20631,0.52153,-59.653,22.613,-2.226
0.82796,0.0038711,0.20624,0.52147,-59.669,22.606,-2.2328
0.82802,0.0037204,0.20617,0.5214,-59.686,22.599,-2.2395
0.82808,0.0035697,0.20609,0.52134,-59.701,22.592,-2.2462
0.82814,0.003419,0.20602,0.52128,-59.716,22.586,-2.2529
0.82819,0.0032683,0.20595,0.52122,-59.731,22.579,-2.2596
0.82825,0.0031176,0.20588,0.52116,-59.746,22.572,-2.2662
0.82831,0.0029669,0.2058,0.5211,-59.76,22.566,-2.2729
0.82837,0.0028162,0.20573,0.52104,-59.774,22.559,-2.2796
0.82842,0.0026655,0.20566,0.52097,-59.787,22.552,-2.2863
0.82848,0.0025148,0.20559,0.52091,-59.8,22.546,-2.2929
0.82854,0.0023641,0.20551,0.52085,-59.812,22.539,-2.2996
0.82859,0.0022134,0.20544,0.52079,-59.824,22.532,-2.3063
0.82865,0.0020626,0.20537,0.52073,-59.836,22.526,-2.3129
0.82871,0.0019119,0.2053,0.52067,-59.847,22.519,-2.3196
0.82876,0.0017612,0.20523,0.5206,-59.858,22.512,-2.3262
0.82882,0.0016105,0.20515,0.52054,-59.869,22.506,-2.3328
0.82888,0.0014598,0.20508,0.52048,-59.879,22.499,-2.3395
0.82894,0.0013091,0.20501,0.52042,-59.889,22.492,-2.3461
0.82899,0.0011584,0.20494,0.52036,-59.898,22.486,-2.3527
0.82905,0.0010077,0.20486,0.5203,-59.907,22.479,-2.3593
0.82911,0.000857,0.20479,0.52023,-59.915,22.473,-2.3659
0.82916,0.0007063,0.20472,0.52017,-59.923,22.466,-2.3726
0.82922,0.00055559,0.20465,0.52011,-59.931,22.46,-2.3791
0.82928,0.00040488,0.20457,0.52005,-59.938,22.453,-2.3857
0.82933,0.00025418,0.2045,0.51999,-59.945,22.446,-2.3923
0.82939,0.00010347,0.20443,0.51992,-59.952,22.44,-2.3989
0.82945,-4.7235e-05,0.20436,0.51986,-59.958,22.433,-2.4055
0.8295,-0.00019794,0.20428,0.5198,-59.963,22.427,-2.4121
0.82956,-0.00034865,0.20421,0.51974,-59.969,22.42,-2.4186
0.82962,-0.00049935,0.20414,0.51968,-59.973,22.414,-2.4252
0.82967,-0.00065006,0.20407,0.51961,-59.978,22.407,-2.4317
0.82973,-0.00080077,0.20399,0.51955,-59.982,22.401,-2.4383
0.82979,-0.00095147,0.20392,0.51949,-59.986,22.394,-2.4448
0.82984,-0.0011022,0.20385,0.51943,-59.989,22.388,-2.4514
0.8299,-0.0012529,0.20378,0.51937,-59.992,22.381,-2.4579
0.82996,-0.0014036,0.2037,0.5193,-59.994,22.375,-2.4644
0.83001,-0.0015543,0.20363,0.51924,-59.996,22.368,-2.471
0.83007,-0.001705,0.20356,0.51918,-59.998,22.362,-2.4775
0.83012,-0.0018557,0.20349,0.51912,-59.999,22.355,-2.484
0.83018,-0.0020064,0.20341,0.51906,-60,22.349,-2.4905
0.83024,-0.0021571,0.20334,0.51899,-60,22.343,-2.497
0.83029,-0.0023078,0.20327,0.51893,-60,22.336,-2.5035
0.83035,-0.0024585,0.2032,0.51887,-60,22.33,-2.51
0.83041,-0.0026092,0.20312,0.51881,-59.999,22.323,-2.5165
0.83046,-0.0027599,0.20305,0.51874,-59.997,22.317,-2.523
0.83052,-0.0029106,0.20298,0.51868,-59.996,22.31,-2.5294
0.83057,-0.0030614,0.20291,0.51862,-59.994,22.304,-2.5359
0.83063,-0.0032121,0.20283,0.51856,-59.991,22.298,-2.5424
0.83069,-0.0033628,0.20276,0.5185,-59.988,22.291,-2.5488
0.83074,-0.0035135,0.20269,0.51843,-59.985,22.285,-2.5553
0.8308,-0.0036642,0.20262,0.51837,-59.982,22.279,-2.5617
0.83085,-0.0038149,0.20254,0.51831,-59.978,22.272,-2.5681
0.83091,-0.0039656,0.20247,0.51825,-59.973,22.266,-2.5746
0.83097,-0.0041163,0.2024,0.51818,-59.968,22.26,-2.581
0.83102,-0.004267,0.20233,0.51812,-59.963,22.253,-2.5874
0.83108,-0.0044177,0.20225,0.51806,-59.957,22.247,-2.5938
0.83113,-0.0045684,0.20218,0.518,-59.951,22.241,-2.6002
0.83119,-0.0047191,0.20211,0.51793,-59.945,22.234,-2.6066
0.83124,-0.0048698,0.20204,0.51787,-59.938,22.228,-2.613
0.8313,-0.0050205,0.20196,0.51781,-59.93,22.222,-2.6194
0.83136,-0.0051712,0.20189,0.51775,-59.923,22.215,-2.6258
0.83141,-0.0053219,0.20182,0.51768,-59.915,22.209,-2.6322
0.83147,-0.0054726,0.20174,0.51762,-59.906,22.203,-2.6386
0.83152,-0.0056233,0.20167,0.51756,-59.897,22.197,-2.6449
0.83158,-0.005774,0.2016,0.5175,-59.888,22.19,-2.6513
0.83163,-0.0059247,0.20153,0.51743,-59.878,22.184,-2.6577
0.83169,-0.0060754,0.20145,0.51737,-59.868,22.178,-2.664
0.83174,-0.0062261,0.20138,0.51731,-59.858,22.172,-2.6704
0.8318,-0.0063768,0.20131,0.51725,-59.847,22.165,-2.6767
0.83186,-0.0065275,0.20124,0.51718,-59.835,22.159,-2.683
0.83191,-0.0066782,0.20116,0.51712,-59.824,22.153,-2.6893
0.83197,-0.0068289,0.20109,0.51706,-59.811,22.147,-2.6957
0.83202,-0.0069796,0.20102,0.51699,-59.799,22.141,-2.702
0.83208,-0.0071303,0.20094,0.51693,-59.786,22.134,-2.7083
0.83213,-0.007281,0.20087,0.51687,-59.773,22.128,-2.7146
0.83219,-0.0074317,0.2008,0.51681,-59.759,22.122,-2.7209
0.83224,-0.0075824,0.20073,0.51674,-59.745,22.116,-2.7272
0.8323,-0.0077331,0.20065,0.51668,-59.73,22.11,-2.7335
0.83235,-0.0078838,0.20058,0.51662,-59.715,22.104,-2.7397
0.83241,-0.0080345,0.20051,0.51656,-59.7,22.098,-2.746
0.83246,-0.0081852,0.20044,0.51649,-59.684,22.091,-2.7523
0.83252,-0.0083359,0.20036,0.51643,-59.668,22.085,-2.7585
0.83257,-0.0084866,0.20029,0.51637,-59.652,22.079,-2.7648
0.83263,-0.0086373,0.20022,0.5163,-59.635,22.073,-2.771
0.83268,-0.008788,0.20014,0.51624,-59.617,22.067,-2.7773
0.83274,-0.0089387,0.20007,0.51618,-59.6,22.061,-2.7835
0.83279,-0.0090894,0.2,0.51611,-59.582,22.055,-2.7897
0.83285,-0.0092401,0.19993,0.51605,-59.563,22.049,-2.7959
0.8329,-0.0093908,0.19985,0.51599,-59.544,22.043,-2.8022
0.83296,-0.0095415,0.19978,0.51593,-59.525,22.037,-2.8084
0.83301,-0.0096922,0.19971,0.51586,-59.505,22.031,-2.8146
0.83307,-0.0098429,0.19963,0.5158,-59.485,22.025,-2.8208
0.83312,-0.0099936,0.19956,0.51574,-59.465,22.019,-2.827
0.83318,-0.010144,0.19949,0.51567,-59.444,22.013,-2.8331
0.83323,-0.010295,0.19942,0.51561,-59.422,22.007,-2.8393
0.83329,-0.010446,0.19934,0.51555,-59.401,22.001,-2.8455
0.83334,-0.010596,0.19927,0.51548,-59.379,21.995,-2.8516
0.83339,-0.010747,0.1992,0.51542,-59.356,21.989,-2.8578
0.83345,-0.010898,0.19912,0.51536,-59.333,21.983,-2.864
0.8335,-0.011048,0.19905,0.51529,-59.31,21.977,-2.8701
0.83356,-0.011199,0.19898,0.51523,-59.286,21.971,-2.8762
0.83361,-0.01135,0.1989,0.51517,-59.262,21.965,-2.8824
0.83367,-0.011501,0.19883,0.5151,-59.238,21.959,-2.8885
0.83372,-0.011651,0.19876,0.51504,-59.213,21.953,-2.8946
0.83378,-0.011802,0.19869,0.51498,-59.188,21.947,-2.9007
0.83383,-0.011953,0.19861,0.51491,-59.162,21.941,-2.9068
0.83388,-0.012103,0.19854,0.51485,-59.136,21.935,-2.9129
0.83394,-0.012254,0.19847,0.51479,-59.11,21.929,-2.919
0.83399,-0.012405,0.19839,0.51472,-59.083,21.923,-2.9251
0.83405,-0.012555,0.19832,0.51466,-59.056,21.917,-2.9312
0.8341,-0.012706,0.19825,0.5146,-59.029,21.911,-2.9373
0.83416,-0.012857,0.19817,0.51453,-59.001,21.906,-2.9433
0.83421,-0.013007,0.1981,0.51447,-58.973,21.9,-2.9494
0.83426,-0.013158,0.19803,0.51441,-58.944,21.894,-2.9554
0.83432,-0.013309,0.19796,0.51434,-58.915,21.888,-2.9615
0.83437,-0.013459,0.19788,0.51428,-58.885,21.882,-2.9675
0.83443,-0.01361,0.19781,0.51422,-58.856,21.876,-2.9736
0.83448,-0.013761,0.19774,0.51415,-58.825,21.87,-2.9796
0.83453,-0.013912,0.19766,0.51409,-58.795,21.865,-2.9856
0.83459,-0.014062,0.19759,0.51403,-58.764,21.859,-2.9916
0.83464,-0.014213,0.19752,0.51396,-58.733,21.853,-2.9976
0.8347,-0.014364,0.19744,0.5139,-58.701,21.847,-3.0036
0.83475,-0.014514,0.19737,0.51383,-58.669,21.841,-3.0096
0.8348,-0.014665,0.1973,0.51377,-58.636,21.836,-3.0156
0.83486,-0.014816,0.19723,0.51371,-58.603,21.83,-3.0216
0.83491,-0.014966,0.19715,0.51364,-58.57,21.824,-3.0276
0.83497,-0.015117,0.19708,0.51358,-58.537,21.818,-3.0335
0.83502,-0.015268,0.19701,0.51352,-58.503,21.813,-3.0395
0.83507,-0.015418,0.19693,0.51345,-58.468,21.807,-3.0454
0.83513,-0.015569,0.19686,0.51339,-58.433,21.801,-3.0514
0.83518,-0.01572,0.19679,0.51333,-58.398,21.795,-3.0573
0.83523,-0.01587,0.19671,0.51326,-58.363,21.79,-3.0632
0.83529,-0.016021,0.19664,0.5132,-58.327,21.784,-3.0692
0.83534,-0.016172,0.19657,0.51313,-58.291,21.778,-3.0751
0.83539,-0.016322,0.19649,0.51307,-58.254,21.773,-3.081
0.83545,-0.016473,0.19642,0.51301,-58.217,21.767,-3.0869
0.8355,-0.016624,0.19635,0.51294,-58.18,21.761,-3.0928
0.83555,-0.016774,0.19627,0.51288,-58.142,21.756,-3.0987
0.83561,-0.016925,0.1962,0.51281,-58.104,21.75,-3.1046
0.83566,-0.017076,0.19613,0.51275,-58.066,21.744,-3.1104
0.83571,-0.017226,0.19605,0.51269,-58.027,21.739,-3.1163
0.83577,-0.017377,0.19598,0.51262,-57.988,21.733,-3.1222
0.83582,-0.017528,0.19591,0.51256,-57.948,21.727,-3.128
0.83587,-0.017678,0.19583,0.51249,-57.908,21.722,-3.1339
0.83593,-0.017829,0.19576,0.51243,-57.868,21.716,-3.1397
0.83598,-0.01798,0.19569,0.51237,-57.828,21.711,-3.1455
0.83603,-0.01813,0.19561,0.5123,-57.787,21.705,-3.1514
0.83609,-0.018281,0.19554,0.51224,-57.745,21.699,-3.1572
0.83614,-0.018432,0.19547,0.51217,-57.704,21.694,-3.163
0.83619,-0.018582,0.19539,0.51211,-57.661,21.688,-3.1688
0.83625,-0.018733,0.19532,0.51205,-57.619,21.683,-3.1746
0.8363,-0.018884,0.19525,0.51198,-57.576,21.677,-3.1804
0.83635,-0.019034,0.19518,0.51192,-57.533,21.672,-3.1862
0.83641,-0.019185,0.1951,0.51185,-57.49,21.666,-3.192
0.83646,-0.019336,0.19503,0.51179,-57.446,21.661,-3.1977
0.83651,-0.019486,0.19496,0.51172,-57.402,21.655,-3.2035
0.83656,-0.019637,0.19488,0.51166,-57.357,21.65,-3.2092
0.83662,-0.019788,0.19481,0.5116,-57.312,21.644,-3.215
0.83667,-0.019938,0.19474,0.51153,-57.267,21.639,-3.2207
0.83672,-0.020089,0.19466,0.51147,-57.221,21.633,-3.2265
0.83678,-0.02024,0.19459,0.5114,-57.175,21.628,-3.2322
0.83683,-0.02039,0.19451,0.51134,-57.129,21.622,-3.2379
0.83688,-0.020541,0.19444,0.51127,-57.083,21.617,-3.2436
0.83693,-0.020692,0.19437,0.51121,-57.036,21.611,-3.2493
0.83699,-0.020842,0.19429,0.51115,-56.988,21.606,-3.255
0.83704,-0.020993,0.19422,0.51108,-56.941,21.6,-3.2607
0.83709,-0.021144,0.19415,0.51102,-56.893,21.595,-3.2664
0.83714,-0.021294,0.19407,0.51095,-56.844,21.59,-3.2721
0.8372,-0.021445,0.194,0.51089,-56.796,21.584,-3.2777
0.83725,-0.021596,0.19393,0.51082,-56.746,21.579,-3.2834
0.8373,-0.021746,0.19385,0.51076,-56.697,21.573,-3.289
0.83735,-0.021897,0.19378,0.51069,-56.647,21.568,-3.2947
0.83741,-0.022048,0.19371,0.51063,-56.597,21.563,-3.3003
0.83746,-0.022198,0.19363,0.51057,-56.547,21.557,-3.306
0.83751,-0.022349,0.19356,0.5105,-56.496,21.552,-3.3116
0.83756,-0.0225,0.19349,0.51044,-56.445,21.547,-3.3172
0.83762,-0.02265,0.19341,0.51037,-56.394,21.541,-3.3228
0.83767,-0.022801,0.19334,0.51031,-56.342,21.536,-3.3284
0.83772,-0.022951,0.19327,0.51024,-56.29,21.531,-3.334
0.83777,-0.023102,0.19319,0.51018,-56.238,21.525,-3.3396
0.83782,-0.023253,0.19312,0.51011,-56.185,21.52,-3.3452
0.83788,-0.023403,0.19305,0.51005,-56.132,21.515,-3.3507
0.83793,-0.023554,0.19297,0.50998,-56.079,21.509,-3.3563
0.83798,-0.023705,0.1929,0.50992,-56.025,21.504,-3.3619
0.83803,-0.023855,0.19283,0.50985,-55.971,21.499,-3.3674
0.83808,-0.024006,0.19275,0.50979,-55.917,21.494,-3.3729
0.83814,-0.024157,0.19268,0.50972,-55.862,21.488,-3.3785
0.83819,-0.024307,0.19261,0.50966,-55.807,21.483,-3.384
0.83824,-0.024458,0.19253,0.50959,-55.752,21.478,-3.3895
0.83829,-0.024609,0.19246,0.50953,-55.696,21.473,-3.395
0.83834,-0.024759,0.19238,0.50947,-55.64,21.467,-3.4005
0.8384,-0.02491,0.19231,0.5094,-55.584,21.462,-3.406
0.83845,-0.02506,0.19224,0.50934,-55.527,21.457,-3.4115
0.8385,-0.025211,0.19216,0.50927,-55.47,21.452,-3.417
0.83855,-0.025362,0.19209,0.50921,-55.413,21.447,-3.4225
0.8386,-0.025512,0.19202,0.50914,-55.356,21.441,-3.4279
0.83865,-0.025663,0.19194,0.50908,-55.298,21.436,-3.4334
0.83871,-0.025814,0.19187,0.50901,-55.24,21.431,-3.4388
0.83876,-0.025964,0.1918,0.50895,-55.181,21.426,-3.4443
0.83881,-0.026115,0.19172,0.50888,-55.122,21.421,-3.4497
0.83886,-0.026265,0.19165,0.50882,-55.063,21.416,-3.4551
0.83891,-0.026416,0.19157,0.50875,-55.004,21.411,-3.4605
0.83896,-0.026567,0.1915,0.50869,-54.944,21.405,-3.466
0.83902,-0.026717,0.19143,0.50862,-54.884,21.4,-3.4714
0.83907,-0.026868,0.19135,0.50856,-54.824,21.395,-3.4768
0.83912,-0.027019,0.19128,0.50849,-54.764,21.39,-3.4821
0.83917,-0.027169,0.19121,0.50842,-54.703,21.385,-3.4875
0.83922,-0.02732,0.19113,0.50836,-54.642,21.38,-3.4929
0.83927,-0.02747,0.19106,0.50829,-54.58,21.375,-3.4982
0.83932,-0.027621,0.19099,0.50823,-54.518,21.37,-3.5036
0.83938,-0.027772,0.19091,0.50816,-54.456,21.365,-3.509
0.83943,-0.027922,0.19084,0.5081,-54.394,21.36,-3.5143
0.83948,-0.028073,0.19076,0.50803,-54.331,21.355,-3.5196
0.83953,-0.028224,0.19069,0.50797,-54.268,21.35,-3.5249
0.83958,-0.028374,0.19062,0.5079,-54.205,21.345,-3.5303
0.83963,-0.028525,0.19054,0.50784,-54.142,21.34,-3.5356
0.83968,-0.028675,0.19047,0.50777,-54.078,21.335,-3.5409
0.83973,-0.028826,0.1904,0.50771,-54.014,21.33,-3.5462
0.83978,-0.028977,0.19032,0.50764,-53.95,21.325,-3.5514
0.83984,-0.029127,0.19025,0.50758,-53.885,21.32,-3.5567
0.83989,-0.029278,0.19017,0.50751,-53.82,21.315,-3.562
0.83994,-0.029428,0.1901,0.50745,-53.755,21.31,-3.5672
0.83999,-0.029579,0.19003,0.50738,-53.689,21.305,-3.5725
0.84004,-0.02973,0.18995,0.50731,-53.624,21.3,-3.5777
0.84009,-0.02988,0.18988,0.50725,-53.558,21.295,-3.583
0.84014,-0.030031,0.18981,0.50718,-53.491,21.29,-3.5882
0.84019,-0.030181,0.18973,0.50712,-53.425,21.285,-3.5934
0.84024,-0.030332,0.18966,0.50705,-53.358,21.28,-3.5986
0.84029,-0.030483,0.18958,0.50699,-53.291,21.275,-3.6038
0.84034,-0.030633,0.18951,0.50692,-53.223,21.271,-3.609
0.84039,-0.030784,0.18944,0.50686,-53.156,21.266,-3.6142
0.84045,-0.030934,0.18936,0.50679,-53.088,21.261,-3.6194
0.8405,-0.031085,0.18929,0.50672,-53.02,21.256,-3.6246
0.84055,-0.031236,0.18921,0.50666,-52.951,21.251,-3.6297
0.8406,-0.031386,0.18914,0.50659,-52.882,21.246,-3.6349
0.84065,-0.031537,0.18907,0.50653,-52.813,21.241,-3.64
0.8407,-0.031687,0.18899,0.50646,-52.744,21.237,-3.6452
0.84075,-0.031838,0.18892,0.5064,-52.675,21.232,-3.6503
0.8408,-0.031989,0.18885,0.50633,-52.605,21.227,-3.6554
0.84085,-0.032139,0.18877,0.50627,-52.535,21.222,-3.6605
0.8409,-0.03229,0.1887,0.5062,-52.465,21.217,-3.6656
0.84095,-0.03244,0.18862,0.50613,-52.394,21.213,-3.6707
0.841,-0.032591,0.18855,0.50607,-52.323,21.208,-3.6758
0.84105,-0.032741,0.18848,0.506,-52.252,21.203,-3.6809
0.8411,-0.032892,0.1884,0.50594,-52.181,21.198,-3.686
0.84115,-0.033043,0.18833,0.50587,-52.11,21.194,-3.691
0.8412,-0.033193,0.18825,0.5058,-52.038,21.189,-3.6961
0.84125,-0.033344,0.18818,0.50574,-51.966,21.184,-3.7011
0.8413,-0.033494,0.18811,0.50567,-51.894,21.179,-3.7062
0.84135,-0.033645,0.18803,0.50561,-51.821,21.175,-3.7112
0.8414,-0.033795,0.18796,0.50554,-51.748,21.17,-3.7162
0.84145,-0.033946,0.18788,0.50548,-51.676,21.165,-3.7212
0.8415,-0.034097,0.18781,0.50541,-51.602,21.161,-3.7262
0.84155,-0.034247,0.18774,0.50534,-51.529,21.156,-3.7312
0.8416,-0.034398,0.18766,0.50528,-51.455,21.151,-3.7362
0.84165,-0.034548,0.18759,0.50521,-51.381,21.147,-3.7412
0.8417,-0.034699,0.18751,0.50515,-51.307,21.142,-3.7462
0.84175,-0.034849,0.18744,0.50508,-51.233,21.137,-3.7511
0.8418,-0.035,0.18737,0.50501,-51.158,21.133,-3.7561
0.84185,-0.035151,0.18729,0.50495,-51.083,21.128,-3.761
0.8419,-0.035301,0.18722,0.50488,-51.008,21.124,-3.766
0.84195,-0.035452,0.18714,0.50481,-50.933,21.119,-3.7709
0.842,-0.035602,0.18707,0.50475,-50.858,21.114,-3.7758
0.84205,-0.035753,0.187,0.50468,-50.782,21.11,-3.7807
0.8421,-0.035903,0.18692,0.50462,-50.706,21.105,-3.7856
0.84215,-0.036054,0.18685,0.50455,-50.63,21.101,-3.7905
0.8422,-0.036205,0.18677,0.50448,-50.554,21.096,-3.7954
0.84225,-0.036355,0.1867,0.50442,-50.477,21.092,-3.8003
0.8423,-0.036506,0.18663,0.50435,-50.4,21.087,-3.8052
0.84235,-0.036656,0.18655,0.50428,-50.323,21.082,-3.81
0.8424,-0.036807,0.18648,0.50422,-50.246,21.078,-3.8149
0.84245,-0.036957,0.1864,0.50415,-50.169,21.073,-3.8197
0.8425,-0.037108,0.18633,0.50409,-50.091,21.069,-3.8246
0.84255,-0.037258,0.18626,0.50402,-50.013,21.064,-3.8294
0.8426,-0.037409,0.18618,0.50395,-49.935,21.06,-3.8342
0.84265,-0.037559,0.18611,0.50389,-49.857,21.055,-3.839
0.84269,-0.03771,0.18603,0.50382,-49.779,21.051,-3.8438
0.84274,-0.037861,0.18596,0.50375,-49.7,21.047,-3.8486
0.84279,-0.038011,0.18588,0.50369,-49.621,21.042,-3.8534
0.84284,-0.038162,0.18581,0.50362,-49.542,21.038,-3.8582
0.84289,-0.038312,0.18574,0.50355,-49.463,21.033,-3.8629
0.84294,-0.038463,0.18566,0.50349,-49.384,21.029,-3.8677
0.84299,-0.038613,0.18559,0.50342,-49.304,21.024,-3.8724
0.84304,-0.038764,0.18551,0.50336,-49.224,21.02,-3.8772
0.84309,-0.038914,0.18544,0.50329,-49.144,21.016,-3.8819
0.84314,-0.039065,0.18537,0.50322,-49.064,21.011,-3.8866
0.84319,-0.039215,0.18529,0.50316,-48.984,21.007,-3.8914
0.84324,-0.039366,0.18522,0.50309,-48.904,21.002,-3.8961
0.84328,-0.039516,0.18514,0.50302,-48.823,20.998,-3.9008
0.84333,-0.039667,0.18507,0.50296,-48.742,20.994,-3.9054
0.84338,-0.039817,0.18499,0.50289,-48.661,20.989,-3.9101
0.84343,-0.039968,0.18492,0.50282,-48.58,20.985,-3.9148
0.84348,-0.040118,0.18485,0.50276,-48.498,20.981,-3.9195
0.84353,-0.040269,0.18477,0.50269,-48.417,20.976,-3.9241
0.84358,-0.04042,0.1847,0.50262,-48.335,20.972,-3.9287
0.84363,-0.04057,0.18462,0.50256,-48.253,20.968,-3.9334
0.84368,-0.040721,0.18455,0.50249,-48.171,20.964,-3.938
0.84372,-0.040871,0.18447,0.50242,-48.089,20.959,-3.9426
0.84377,-0.041022,0.1844,0.50236,-48.006,20.955,-3.9472
0.84382,-0.041172,0.18433,0.50229,-47.924,20.951,-3.9518
0.84387,-0.041323,0.18425,0.50222,-47.841,20.946,-3.9564
0.84392,-0.041473,0.18418,0.50216,-47.758,20.942,-3.961
0.84397,-0.041624,0.1841,0.50209,-47.675,20.938,-3.9656
0.84402,-0.041774,0.18403,0.50202,-47.592,20.934,-3.9701
0.84406,-0.041925,0.18395,0.50195,-47.509,20.93,-3.9747
0.84411,-0.042075,0.18388,0.50189,-47.425,20.925,-3.9792
0.84416,-0.042226,0.18381,0.50182,-47.342,20.921,-3.9838
0.84421,-0.042376,0.18373,0.50175,-47.258,20.917,-3.9883
0.84426,-0.042527,0.18366,0.50169,-47.174,20.913,-3.9928
0.84431,-0.042677,0.18358,0.50162,-47.09,20.909,-3.9973
0.84435,-0.042828,0.18351,0.50155,-47.006,20.904,-4.0018
0.8444,-0.042978,0.18343,0.50149,-46.921,20.9,-4.0063
0.84445,-0.043129,0.18336,0.50142,-46.837,20.896,-4.0108
0.8445,-0.043279,0.18329,0.50135,-46.752,20.892,-4.0153
0.84455,-0.04343,0.18321,0.50128,-46.667,20.888,-4.0197
0.8446,-0.04358,0.18314,0.50122,-46.582,20.884,-4.0242
0.84464,-0.043731,0.18306,0.50115,-46.497,20.88,-4.0287
0.84469,-0.043881,0.18299,0.50108,-46.412,20.876,-4.0331
0.84474,-0.044031,0.18291,0.50102,-46.327,20.872,-4.0375
0.84479,-0.044182,0.18284,0.50095,-46.241,20.867,-4.0419
0.84484,-0.044332,0.18276,0.50088,-46.156,20.863,-4.0463
0.84488,-0.044483,0.18269,0.50082,-46.07,20.859,-4.0507
0.84493,-0.044633,0.18262,0.50075,-45.984,20.855,-4.0551
0.84498,-0.044784,0.18254,0.50068,-45.898,20.851,-4.0595
0.84503,-0.044934,0.18247,0.50061,-45.812,20.847,-4.0639
0.84508,-0.045085,0.18239,0.50055,-45.726,20.843,-4.0683
0.84512,-0.045235,0.18232,0.50048,-45.64,20.839,-4.0726
0.84517,-0.045386,0.18224,0.50041,-45.553,20.835,-4.077
0.84522,-0.045536,0.18217,0.50034,-45.467,20.831,-4.0813
0.84527,-0.045687,0.18209,0.50028,-45.38,20.827,-4.0856
0.84532,-0.045837,0.18202,0.50021,-45.294,20.823,-4.0899
0.84536,-0.045988,0.18195,0.50014,-45.207,20.819,-4.0943
0.84541,-0.046138,0.18187,0.50007,-45.12,20.815,-4.0986
0.84546,-0.046289,0.1818,0.50001,-45.033,20.811,-4.1028
0.84551,-0.046439,0.18172,0.49994,-44.946,20.807,-4.1071
0.84555,-0.046589,0.18165,0.49987,-44.858,20.803,-4.1114
0.8456,-0.04674,0.18157,0.49981,-44.771,20.8,-4.1157
0.84565,-0.04689,0.1815,0.49974,-44.684,20.796,-4.1199
0.8457,-0.047041,0.18142,0.49967,-44.596,20.792,-4.1242
0.84574,-0.047191,0.18135,0.4996,-44.508,20.788,-4.1284
0.84579,-0.047342,0.18128,0.49954,-44.421,20.784,-4.1326
0.84584,-0.047492,0.1812,0.49947,-44.333,20.78,-4.1368
0.84589,-0.047643,0.18113,0.4994,-44.245,20.776,-4.1411
0.84593,-0.047793,0.18105,0.49933,-44.157,20.772,-4.1453
0.84598,-0.047943,0.18098,0.49927,-44.069,20.768,-4.1494
0.84603,-0.048094,0.1809,0.4992,-43.981,20.765,-4.1536
0.84608,-0.048244,0.18083,0.49913,-43.892,20.761,-4.1578
0.84612,-0.048395,0.18075,0.49906,-43.804,20.757,-4.162
0.84617,-0.048545,0.18068,0.49899,-43.716,20.753,-4.1661
0.84622,-0.048696,0.1806,0.49893,-43.627,20.749,-4.1702
0.84626,-0.048846,0.18053,0.49886,-43.539,20.746,-4.1744
0.84631,-0.048996,0.18045,0.49879,-43.45,20.742,-4.1785
0.84636,-0.049147,0.18038,0.49872,-43.361,20.738,-4.1826
0.84641,-0.049297,0.18031,0.49866,-43.273,20.734,-4.1867
0.84645,-0.049448,0.18023,0.49859,-43.184,20.73,-4.1908
0.8465,-0.049598,0.18016,0.49852,-43.095,20.727,-4.1949
0.84655,-0.049749,0.18008,0.49845,-43.006,20.723,-4.199
0.84659,-0.049899,0.18001,0.49839,-42.917,20.719,-4.203
0.84664,-0.050049,0.17993,0.49832,-42.828,20.716,-4.2071
0.84669,-0.0502,0.17986,0.49825,-42.739,20.712,-4.2112
0.84673,-0.05035,0.17978,0.49818,-42.65,20.708,-4.2152
0.84678,-0.050501,0.17971,0.49811,-42.56,20.704,-4.2192
0.84683,-0.050651,0.17963,0.49805,-42.471,20.701,-4.2232
0.84687,-0.050801,0.17956,0.49798,-42.382,20.697,-4.2273
0.84692,-0.050952,0.17948,0.49791,-42.292,20.693,-4.2313
0.84697,-0.051102,0.17941,0.49784,-42.203,20.69,-4.2352
0.84701,-0.051253,0.17933,0.49777,-42.113,20.686,-4.2392
0.84706,-0.051403,0.17926,0.49771,-42.024,20.682,-4.2432
0.84711,-0.051553,0.17919,0.49764,-41.934,20.679,-4.2472
0.84715,-0.051704,0.17911,0.49757,-41.845,20.675,-4.2511
0.8472,-0.051854,0.17904,0.4975,-41.755,20.672,-4.2551
0.84725,-0.052005,0.17896,0.49743,-41.665,20.668,-4.259
0.84729,-0.052155,0.17889,0.49737,-41.576,20.664,-4.2629
0.84734,-0.052305,0.17881,0.4973,-41.486,20.661,-4.2668
0.84739,-0.052456,0.17874,0.49723,-41.396,20.657,-4.2707
0.84743,-0.052606,0.17866,0.49716,-41.306,20.654,-4.2746
0.84748,-0.052757,0.17859,0.49709,-41.217,20.65,-4.2785
0.84753,-0.052907,0.17851,0.49703,-41.127,20.647,-4.2824
0.84757,-0.053057,0.17844,0.49696,-41.037,20.643,-4.2863
0.84762,-0.053208,0.17836,0.49689,-40.947,20.64,-4.2901
0.84766,-0.053358,0.17829,0.49682,-40.857,20.636,-4.294
0.84771,-0.053508,0.17821,0.49675,-40.767,20.633,-4.2978
0.84776,-0.053659,0.17814,0.49668,-40.677,20.629,-4.3016
0.8478,-0.053809,0.17806,0.49662,-40.587,20.626,-4.3054
0.84785,-0.05396,0.17799,0.49655,-40.497,20.622,-4.3093
0.8479,-0.05411,0.17791,0.49648,-40.407,20.619,-4.3131
0.84794,-0.05426,0.17784,0.49641,-40.317,20.615,-4.3168
0.84799,-0.054411,0.17776,0.49634,-40.227,20.612,-4.3206
0.84803,-0.054561,0.17769,0.49627,-40.137,20.608,-4.3244
0.84808,-0.054711,0.17761,0.49621,-40.047,20.605,-4.3282
0.84813,-0.054862,0.17754,0.49614,-39.957,20.601,-4.3319
0.84817,-0.055012,0.17746,0.49607,-39.867,20.598,-4.3356
0.84822,-0.055162,0.17739,0.496,-39.777,20.595,-4.3394
0.84826,-0.055313,0.17732,0.49593,-39.687,20.591,-4.3431
0.84831,-0.055463,0.17724,0.49586,-39.597,20.588,-4.3468
0.84836,-0.055614,0.17717,0.4958,-39.507,20.584,-4.3505
0.8484,-0.055764,0.17709,0.49573,-39.417,20.581,-4.3542
0.84845,-0.055914,0.17702,0.49566,-39.328,20.578,-4.3579
0.84849,-0.056065,0.17694,0.49559,-39.238,20.574,-4.3616
0.84854,-0.056215,0.17687,0.49552,-39.148,20.571,-4.3652
0.84858,-0.056365,0.17679,0.49545,-39.058,20.568,-4.3689
0.84863,-0.056516,0.17672,0.49538,-38.968,20.564,-4.3725
0.84867,-0.056666,0.17664,0.49532,-38.878,20.561,-4.3761
0.84872,-0.056816,0.17657,0.49525,-38.788,20.558,-4.3798
0.84877,-0.056967,0.17649,0.49518,-38.698,20.555,-4.3834
0.84881,-0.057117,0.17642,0.49511,-38.609,20.551,-4.387
0.84886,-0.057267,0.17634,0.49504,-38.519,20.548,-4.3906
0.8489,-0.057418,0.17627,0.49497,-38.429,20.545,-4.3942
0.84895,-0.057568,0.17619,0.4949,-38.339,20.541,-4.3977
0.84899,-0.057718,0.17612,0.49484,-38.25,20.538,-4.4013
0.84904,-0.057869,0.17604,0.49477,-38.16,20.535,-4.4048
0.84908,-0.058019,0.17597,0.4947,-38.07,20.532,-4.4084
0.84913,-0.058169,0.17589,0.49463,-37.981,20.529,-4.4119
0.84917,-0.058319,0.17582,0.49456,-37.891,20.525,-4.4154
0.84922,-0.05847,0.17574,0.49449,-37.802,20.522,-4.419
0.84927,-0.05862,0.17567,0.49442,-37.712,20.519,-4.4225
0.84931,-0.05877,0.17559,0.49435,-37.623,20.516,-4.426
0.84936,-0.058921,0.17552,0.49428,-37.534,20.513,-4.4294
0.8494,-0.059071,0.17544,0.49422,-37.444,20.51,-4.4329
0.84945,-0.059221,0.17537,0.49415,-37.355,20.506,-4.4364
0.84949,-0.059372,0.17529,0.49408,-37.266,20.503,-4.4398
0.84954,-0.059522,0.17522,0.49401,-37.177,20.5,-4.4433
0.84958,-0.059672,0.17514,0.49394,-37.088,20.497,-4.4467
0.84963,-0.059822,0.17507,0.49387,-36.999,20.494,-4.4501
0.84967,-0.059973,0.17499,0.4938,-36.91,20.491,-4.4536
0.84972,-0.060123,0.17492,0.49373,-36.821,20.488,-4.457
0.84976,-0.060273,0.17484,0.49366,-36.732,20.485,-4.4604
0.84981,-0.060424,0.17477,0.4936,-36.643,20.482,-4.4637
0.84985,-0.060574,0.17469,0.49353,-36.555,20.478,-4.4671
0.8499,-0.060724,0.17462,0.49346,-36.466,20.475,-4.4705
0.84994,-0.060874,0.17454,0.49339,-36.378,20.472,-4.4738
0.84998,-0.061025,0.17447,0.49332,-36.289,20.469,-4.4772
0.85003,-0.061175,0.17439,0.49325,-36.201,20.466,-4.4805
0.85007,-0.061325,0.17431,0.49318,-36.112,20.463,-4.4838
0.85012,-0.061476,0.17424,0.49311,-36.024,20.46,-4.4871
0.85016,-0.061626,0.17416,0.49304,-35.936,20.457,-4.4905
0.85021,-0.061776,0.17409,0.49297,-35.848,20.454,-4.4937
0.85025,-0.061926,0.17401,0.4929,-35.76,20.451,-4.497
0.8503,-0.062077,0.17394,0.49284,-35.672,20.448,-4.5003
0.85034,-0.062227,0.17386,0.49277,-35.584,20.445,-4.5036
0.85039,-0.062377,0.17379,0.4927,-35.496,20.442,-4.5068
0.85043,-0.062527,0.17371,0.49263,-35.409,20.44,-4.5101
0.85048,-0.062678,0.17364,0.49256,-35.321,20.437,-4.5133
0.85052,-0.062828,0.17356,0.49249,-35.234,20.434,-4.5165
0.85056,-0.062978,0.17349,0.49242,-35.146,20.431,-4.5197
0.85061,-0.063128,0.17341,0.49235,-35.059,20.428,-4.5229
0.85065,-0.063279,0.17334,0.49228,-34.972,20.425,-4.5261
0.8507,-0.063429,0.17326,0.49221,-34.885,20.422,-4.5293
0.85074,-0.063579,0.17319,0.49214,-34.798,20.419,-4.5325
0.85079,-0.063729,0.17311,0.49207,-34.711,20.416,-4.5356
0.85083,-0.06388,0.17304,0.492,-34.624,20.414,-4.5388
0.85087,-0.06403,0.17296,0.49193,-34.538,20.411,-4.5419
0.85092,-0.06418,0.17289,0.49186,-34.451,20.408,-4.5451
0.85096,-0.06433,0.17281,0.49179,-34.365,20.405,-4.5482
0.85101,-0.06448,0.17274,0.49173,-34.278,20.402,-4.5513
0.85105,-0.064631,0.17266,0.49166,-34.192,20.399,-4.5544
0.85109,-0.064781,0.17259,0.49159,-34.106,20.397,-4.5575
0.85114,-0.064931,0.17251,0.49152,-34.02,20.394,-4.5606
0.85118,-0.065081,0.17243,0.49145,-33.934,20.391,-4.5636
0.85123,-0.065231,0.17236,0.49138,-33.849,20.388,-4.5667
0.85127,-0.065382,0.17228,0.49131,-33.763,20.386,-4.5697
0.85131,-0.065532,0.17221,0.49124,-33.678,20.383,-4.5728
0.85136,-0.065682,0.17213,0.49117,-33.592,20.38,-4.5758
0.8514,-0.065832,0.17206,0.4911,-33.507,20.377,-4.5788
0.85144,-0.065983,0.17198,0.49103,-33.422,20.375,-4.5818
0.85149,-0.066133,0.17191,0.49096,-33.337,20.372,-4.5848
0.85153,-0.066283,0.17183,0.49089,-33.252,20.369,-4.5878
0.85158,-0.066433,0.17176,0.49082,-33.168,20.367,-4.5908
0.85162,-0.066583,0.17168,0.49075,-33.083,20.364,-4.5938
0.85166,-0.066733,0.17161,0.49068,-32.999,20.361,-4.5967
0.85171,-0.066884,0.17153,0.49061,-32.915,20.359,-4.5997
0.85175,-0.067034,0.17146,0.49054,-32.831,20.356,-4.6026
0.85179,-0.067184,0.17138,0.49047,-32.747,20.353,-4.6055
0.85184,-0.067334,0.17131,0.4904,-32.663,20.351,-4.6084
0.85188,-0.067484,0.17123,0.49033,-32.579,20.348,-4.6113
0.85192,-0.067635,0.17115,0.49026,-32.496,20.345,-4.6142
0.85197,-0.067785,0.17108,0.49019,-32.412,20.343,-4.6171
0.85201,-0.067935,0.171,0.49012,-32.329,20.34,-4.62
0.85205,-0.068085,0.17093,0.49005,-32.246,20.338,-4.6229
0.8521,-0.068235,0.17085,0.48998,-32.163,20.335,-4.6257
0.85214,-0.068385,0.17078,0.48991,-32.081,20.332,-4.6285
0.85218,-0.068536,0.1707,0.48984,-31.998,20.33,-4.6314
0.85223,-0.068686,0.17063,0.48977,-31.916,20.327,-4.6342
0.85227,-0.068836,0.17055,0.4897,-31.833,20.325,-4.637
0.85231,-0.068986,0.17048,0.48963,-31.751,20.322,-4.6398
0.85236,-0.069136,0.1704,0.48956,-31.669,20.32,-4.6426
0.8524,-0.069286,0.17032,0.48949,-31.588,20.317,-4.6454
0.85244,-0.069436,0.17025,0.48942,-31.506,20.315,-4.6481
0.85249,-0.069587,0.17017,0.48935,-31.425,20.312,-4.6509
0.85253,-0.069737,0.1701,0.48928,-31.343,20.31,-4.6537
0.85257,-0.069887,0.17002,0.48921,-31.262,20.307,-4.6564
0.85262,-0.070037,0.16995,0.48914,-31.181,20.305,-4.6591
0.85266,-0.070187,0.16987,0.48907,-31.101,20.303,-4.6618
0.8527,-0.070337,0.1698,0.489,-31.02,20.3,-4.6645
0.85274,-0.070487,0.16972,0.48893,-30.94,20.298,-4.6672
0.85279,-0.070638,0.16965,0.48886,-30.86,20.295,-4.6699
0.85283,-0.070788,0.16957,0.48879,-30.78,20.293,-4.6726
0.85287,-0.070938,0.16949,0.48872,-30.7,20.29,-4.6753
0.85292,-0.071088,0.16942,0.48865,-30.621,20.288,-4.6779
0.85296,-0.071238,0.16934,0.48858,-30.541,20.286,-4.6806
0.853,-0.071388,0.16927,0.48851,-30.462,20.283,-4.6832
0.85304,-0.071538,0.16919,0.48844,-30.383,20.281,-4.6858
0.85309,-0.071688,0.16912,0.48837,-30.304,20.279,-4.6884
0.85313,-0.071839,0.16904,0.4883,-30.225,20.276,-4.691
0.85317,-0.071989,0.16897,0.48823,-30.147,20.274,-4.6936
0.85321,-0.072139,0.16889,0.48816,-30.069,20.272,-4.6962
0.85326,-0.072289,0.16881,0.48809,-29.991,20.269,-4.6988
0.8533,-0.072439,0.16874,0.48802,-29.913,20.267,-4.7013
0.85334,-0.072589,0.16866,0.48795,-29.835,20.265,-4.7039
0.85338,-0.072739,0.16859,0.48788,-29.758,20.262,-4.7064
0.85343,-0.072889,0.16851,0.48781,-29.681,20.26,-4.7089
0.85347,-0.073039,0.16844,0.48774,-29.604,20.258,-4.7115
0.85351,-0.073189,0.16836,0.48767,-29.527,20.256,-4.714
0.85355,-0.073339,0.16829,0.4876,-29.45,20.253,-4.7165
0.8536,-0.07349,0.16821,0.48752,-29.374,20.251,-4.7189
0.85364,-0.07364,0.16813,0.48745,-29.298,20.249,-4.7214
0.85368,-0.07379,0.16806,0.48738,-29.222,20.247,-4.7239
0.85372,-0.07394,0.16798,0.48731,-29.146,20.245,-4.7263
0.85376,-0.07409,0.16791,0.48724,-29.071,20.242,-4.7288
0.85381,-0.07424,0.16783,0.48717,-28.996,20.24,-4.7312
0.85385,-0.07439,0.16776,0.4871,-28.921,20.238,-4.7336
0.85389,-0.07454,0.16768,0.48703,-28.846,20.236,-4.736
0.85393,-0.07469,0.1676,0.48696,-28.771,20.234,-4.7384
0.85397,-0.07484,0.16753,0.48689,-28.697,20.232,-4.7408
0.85402,-0.07499,0.16745,0.48682,-28.623,20.229,-4.7432
0.85406,-0.07514,0.16738,0.48675,-28.549,20.227,-4.7456
0.8541,-0.07529,0.1673,0.48668,-28.475,20.225,-4.7479
0.85414,-0.07544,0.16723,0.48661,-28.402,20.223,-4.7503
0.85418,-0.07559,0.16715,0.48654,-28.328,20.221,-4.7526
0.85423,-0.07574,0.16708,0.48646,-28.255,20.219,-4.7549
0.85427,-0.07589,0.167,0.48639,-28.183,20.217,-4.7572
0.85431,-0.07604,0.16692,0.48632,-28.11,20.215,-4.7595
0.85435,-0.07619,0.16685,0.48625,-28.038,20.213,-4.7618
0.85439,-0.076341,0.16677,0.48618,-27.966,20.211,-4.7641
0.85443,-0.076491,0.1667,0.48611,-27.894,20.209,-4.7664
0.85448,-0.076641,0.16662,0.48604,-27.823,20.207,-4.7687
0.85452,-0.076791,0.16655,0.48597,-27.751,20.205,-4.7709
0.85456,-0.076941,0.16647,0.4859,-27.68,20.203,-4.7731
0.8546,-0.077091,0.16639,0.48583,-27.61,20.201,-4.7754
0.85464,-0.077241,0.16632,0.48576,-27.539,20.199,-4.7776
0.85468,-0.077391,0.16624,0.48569,-27.469,20.197,-4.7798
0.85473,-0.077541,0.16617,0.48561,-27.399,20.195,-4.782
0.85477,-0.077691,0.16609,0.48554,-27.329,20.193,-4.7842
0.85481,-0.077841,0.16601,0.48547,-27.26,20.191,-4.7863
0.85485,-0.077991,0.16594,0.4854,-27.19,20.189,-4.7885
0.85489,-0.078141,0.16586,0.48533,-27.121,20.187,-4.7907
0.85493,-0.078291,0.16579,0.48526,-27.053,20.185,-4.7928
0.85497,-0.078441,0.16571,0.48519,-26.984,20.183,-4.7949
0.85501,-0.078591,0.16564,0.48512,-26.916,20.181,-4.7971
0.85506,-0.078741,0.16556,0.48505,-26.848,20.179,-4.7992
0.8551,-0.078891,0.16548,0.48497,-26.78,20.177,-4.8013
0.85514,-0.079041,0.16541,0.4849,-26.713,20.175,-4.8034
0.85518,-0.079191,0.16533,0.48483,-26.646,20.174,-4.8054
0.85522,-0.079341,0.16526,0.48476,-26.579,20.172,-4.8075
0.85526,-0.079491,0.16518,0.48469,-26.512,20.17,-4.8096
0.8553,-0.07964,0.1651,0.48462,-26.446,20.168,-4.8116
0.85534,-0.07979,0.16503,0.48455,-26.38,20.166,-4.8136
0.85538,-0.07994,0.16495,0.48448,-26.314,20.164,-4.8157
0.85543,-0.08009,0.16488,0.48441,-26.249,20.163,-4.8177
0.85547,-0.08024,0.1648,0.48433,-26.184,20.161,-4.8197
0.85551,-0.08039,0.16473,0.48426,-26.119,20.159,-4.8217
0.85555,-0.08054,0.16465,0.48419,-26.054,20.157,-4.8236
0.85559,-0.08069,0.16457,0.48412,-25.99,20.156,-4.8256
0.85563,-0.08084,0.1645,0.48405,-25.925,20.154,-4.8276
0.85567,-0.08099,0.16442,0.48398,-25.862,20.152,-4.8295
0.85571,-0.08114,0.16435,0.48391,-25.798,20.15,-4.8314
0.85575,-0.08129,0.16427,0.48383,-25.735,20.149,-4.8334
0.85579,-0.08144,0.16419,0.48376,-25.672,20.147,-4.8353
0.85583,-0.08159,0.16412,0.48369,-25.609,20.145,-4.8372
0.85587,-0.08174,0.16404,0.48362,-25.547,20.143,-4.8391
0.85591,-0.08189,0.16397,0.48355,-25.485,20.142,-4.841
0.85596,-0.08204,0.16389,0.48348,-25.423,20.14,-4.8428
0.856,-0.08219,0.16381,0.48341,-25.362,20.138,-4.8447
0.85604,-0.082339,0.16374,0.48333,-25.301,20.137,-4.8465
0.85608,-0.082489,0.16366,0.48326,-25.24,20.135,-4.8484
0.85612,-0.082639,0.16359,0.48319,-25.179,20.134,-4.8502
0.85616,-0.082789,0.16351,0.48312,-25.119,20.132,-4.852
0.8562,-0.082939,0.16343,0.48305,-25.059,20.13,-4.8538
0.85624,-0.083089,0.16336,0.48298,-24.999,20.129,-4.8556
0.85628,-0.083239,0.16328,0.4829,-24.94,20.127,-4.8574
0.85632,-0.083389,0.16321,0.48283,-24.881,20.125,-4.8592
0.85636,-0.083539,0.16313,0.48276,-24.822,20.124,-4.8609
0.8564,-0.083689,0.16305,0.48269,-24.763,20.122,-4.8627
0.85644,-0.083838,0.16298,0.48262,-24.705,20.121,-4.8644
0.85648,-0.083988,0.1629,0.48255,-24.647,20.119,-4.8662
0.85652,-0.084138,0.16283,0.48247,-24.59,20.118,-4.8679
0.85656,-0.084288,0.16275,0.4824,-24.533,20.116,-4.8696
0.8566,-0.084438,0.16267,0.48233,-24.476,20.115,-4.8713
0.85664,-0.084588,0.1626,0.48226,-24.419,20.113,-4.873
0.85668,-0.084738,0.16252,0.48219,-24.363,20.112,-4.8747
0.85672,-0.084888,0.16245,0.48212,-24.307,20.11,-4.8763
0.85676,-0.085037,0.16237,0.48204,-24.251,20.109,-4.878
0.8568,-0.085187,0.16229,0.48197,-24.196,20.107,-4.8796
0.85684,-0.085337,0.16222,0.4819,-24.141,20.106,-4.8812
0.85688,-0.085487,0.16214,0.48183,-24.086,20.104,-4.8829
0.85692,-0.085637,0.16207,0.48176,-24.032,20.103,-4.8845
0.85696,-0.085787,0.16199,0.48168,-23.978,20.101,-4.8861
0.857,-0.085937,0.16191,0.48161,-23.924,20.1,-4.8877
0.85704,-0.086086,0.16184,0.48154,-23.871,20.099,-4.8892
0.85708,-0.086236,0.16176,0.48147,-23.818,20.097,-4.8908
0.85712,-0.086386,0.16169,0.4814,-23.765,20.096,-4.8923
0.85716,-0.086536,0.16161,0.48132,-23.713,20.095,-4.8939
0.8572,-0.086686,0.16153,0.48125,-23.661,20.093,-4.8954
0.85724,-0.086836,0.16146,0.48118,-23.609,20.092,-4.8969
0.85728,-0.086985,0.16138,0.48111,-23.558,20.09,-4.8984
0.85732,-0.087135,0.16131,0.48104,-23.506,20.089,-4.8999
0.85736,-0.087285,0.16123,0.48096,-23.456,20.088,-4.9014
0.8574,-0.087435,0.16115,0.48089,-23.405,20.086,-4.9029
0.85744,-0.087585,0.16108,0.48082,-23.355,20.085,-4.9044
0.85747,-0.087735,0.161,0.48075,-23.306,20.084,-4.9058
0.85751,-0.087884,0.16092,0.48068,-23.256,20.083,-4.9073
0.85755,-0.088034,0.16085,0.4806,-23.207,20.081,-4.9087
0.85759,-0.088184,0.16077,0.48053,-23.158,20.08,-4.9101
0.85763,-0.088334,0.1607,0.48046,-23.11,20.079,-4.9115
0.85767,-0.088484,0.16062,0.48039,-23.062,20.078,-4.9129
0.85771,-0.088633,0.16054,0.48032,-23.014,20.076,-4.9143
0.85775,-0.088783,0.16047,0.48024,-22.967,20.075,-4.9157
0.85779,-0.088933,0.16039,0.48017,-22.92,20.074,-4.9171
0.85783,-0.089083,0.16031,0.4801,-22.873,20.073,-4.9184
0.85787,-0.089232,0.16024,0.48003,-22.827,20.071,-4.9198
0.85791,-0.089382,0.16016,0.47995,-22.781,20.07,-4.9211
0.85795,-0.089532,0.16009,0.47988,-22.735,20.069,-4.9224
0.85798,-0.089682,0.16001,0.47981,-22.69,20.068,-4.9237
0.85802,-0.089832,0.15993,0.47974,-22.645,20.067,-4.925
0.85806,-0.089981,0.15986,0.47966,-22.601,20.066,-4.9263
0.8581,-0.090131,0.15978,0.47959,-22.557,20.064,-4.9276
0.85814,-0.090281,0.15971,0.47952,-22.513,20.063,-4.9289
0.85818,-0.090431,0.15963,0.47945,-22.469,20.062,-4.9301
0.85822,-0.09058,0.15955,0.47937,-22.426,20.061,-4.9314
0.85826,-0.09073,0.15948,0.4793,-22.383,20.06,-4.9326
0.8583,-0.09088,0.1594,0.47923,-22.341,20.059,-4.9338
0.85833,-0.09103,0.15932,0.47916,-22.299,20.058,-4.935
0.85837,-0.091179,0.15925,0.47908,-22.257,20.057,-4.9362
0.85841,-0.091329,0.15917,0.47901,-22.216,20.056,-4.9374
0.85845,-0.091479,0.15909,0.47894,-22.175,20.055,-4.9386
0.85849,-0.091629,0.15902,0.47887,-22.134,20.054,-4.9398
0.85853,-0.091778,0.15894,0.47879,-22.094,20.053,-4.9409
0.85857,-0.091928,0.15887,0.47872,-22.054,20.052,-4.9421
0.8586,-0.092078,0.15879,0.47865,-22.014,20.051,-4.9432
0.85864,-0.092227,0.15871,0.47858,-21.975,20.05,-4.9443
0.85868,-0.092377,0.15864,0.4785,-21.936,20.049,-4.9454
0.85872,-0.092527,0.15856,0.47843,-21.898,20.048,-4.9465
0.85876,-0.092677,0.15848,0.47836,-21.86,20.047,-4.9476
0.8588,-0.092826,0.15841,0.47829,-21.822,20.046,-4.9487
0.85884,-0.092976,0.15833,0.47821,-21.785,20.045,-4.9498
0.85887,-0.093126,0.15826,0.47814,-21.748,20.044,-4.9508
0.85891,-0.093275,0.15818,0.47807,-21.711,20.043,-4.9519
0.85895,-0.093425,0.1581,0.47799,-21.675,20.042,-4.9529
0.85899,-0.093575,0.15803,0.47792,-21.639,20.041,-4.9539
0.85903,-0.093724,0.15795,0.47785,-21.604,20.04,-4.9549
0.85907,-0.093874,0.15787,0.47778,-21.568,20.039,-4.9559
0.8591,-0.094024,0.1578,0.4777,-21.534,20.038,-4.9569
0.85914,-0.094173,0.15772,0.47763,-21.499,20.037,-4.9579
0.85918,-0.094323,0.15764,0.47756,-21.465,20.037,-4.9588
0.85922,-0.094473,0.15757,0.47749,-21.432,20.036,-4.9598
0.85926,-0.094622,0.15749,0.47741,-21.398,20.035,-4.9607
0.85929,-0.094772,0.15741,0.47734,-21.366,20.034,-4.9617
0.85933,-0.094922,0.15734,0.47727,-21.333,20.033,-4.9626
0.85937,-0.095071,0.15726,0.47719,-21.301,20.032,-4.9635
0.85941,-0.095221,0.15719,0.47712,-21.269,20.032,-4.9644
0.85945,-0.095371,0.15711,0.47705,-21.238,20.031,-4.9653
0.85948,-0.09552,0.15703,0.47697,-21.207,20.03,-4.9662
0.85952,-0.09567,0.15696,0.4769,-21.176,20.029,-4.967
0.85956,-0.09582,0.15688,0.47683,-21.146,20.029,-4.9679
0.8596,-0.095969,0.1568,0.47676,-21.116,20.028,-4.9687
0.85963,-0.096119,0.15673,0.47668,-21.087,20.027,-4.9696
0.85967,-0.096269,0.15665,0.47661,-21.058,20.026,-4.9704
0.85971,-0.096418,0.15657,0.47654,-21.029,20.026,-4.9712
0.85975,-0.096568,0.1565,0.47646,-21.001,20.025,-4.972
0.85979,-0.096717,0.15642,0.47639,-20.973,20.024,-4.9728
0.85982,-0.096867,0.15634,0.47632,-20.945,20.024,-4.9736
0.85986,-0.097017,0.15627,0.47624,-20.918,20.023,-4.9743
0.8599,-0.097166,0.15619,0.47617,-20.891,20.022,-4.9751
0.85994,-0.097316,0.15611,0.4761,-20.865,20.022,-4.9758
0.85997,-0.097465,0.15604,0.47602,-20.839,20.021,-4.9765
0.86001,-0.097615,0.15596,0.47595,-20.813,20.02,-4.9773
0.86005,-0.097765,0.15589,0.47588,-20.788,20.02,-4.978
0.86009,-0.097914,0.15581,0.4758,-20.763,20.019,-4.9787
0.86012,-0.098064,0.15573,0.47573,-20.739,20.018,-4.9794
0.86016,-0.098213,0.15566,0.47566,-20.715,20.018,-4.98
0.8602,-0.098363,0.15558,0.47558,-20.691,20.017,-4.9807
0.86023,-0.098513,0.1555,0.47551,-20.668,20.017,-4.9814
0.86027,-0.098662,0.15543,0.47544,-20.645,20.016,-4.982
0.86031,-0.098812,0.15535,0.47536,-20.623,20.015,-4.9826
0.86035,-0.098961,0.15527,0.47529,-20.6,20.015,-4.9832
0.86038,-0.099111,0.1552,0.47522,-20.579,20.014,-4.9839
0.86042,-0.09926,0.15512,0.47514,-20.558,20.014,-4.9844
0.86046,-0.09941,0.15504,0.47507,-20.537,20.013,-4.985
0.86049,-0.099559,0.15497,0.475,-20.516,20.013,-4.9856
0.86053,-0.099709,0.15489,0.47492,-20.496,20.012,-4.9862
0.86057,-0.099859,0.15481,0.47485,-20.476,20.012,-4.9867
0.86061,-0.10001,0.15474,0.47478,-20.457,20.011,-4.9873
0.86064,-0.10016,0.15466,0.4747,-20.438,20.011,-4.9878
0.86068,-0.10031,0.15458,0.47463,-20.419,20.01,-4.9883
0.86072,-0.10046,0.15451,0.47456,-20.401,20.01,-4.9888
0.86075,-0.10061,0.15443,0.47448,-20.384,20.01,-4.9893
0.86079,-0.10076,0.15435,0.47441,-20.366,20.009,-4.9898
0.86083,-0.10091,0.15428,0.47434,-20.349,20.009,-4.9903
0.86086,-0.10105,0.1542,0.47426,-20.333,20.008,-4.9907
0.8609,-0.1012,0.15412,0.47419,-20.317,20.008,-4.9912
0.86094,-0.10135,0.15405,0.47411,-20.301,20.007,-4.9916
0.86097,-0.1015,0.15397,0.47404,-20.285,20.007,-4.9921
0.86101,-0.10165,0.15389,0.47397,-20.271,20.007,-4.9925
0.86105,-0.1018,0.15382,0.47389,-20.256,20.006,-4.9929
0.86108,-0.10195,0.15374,0.47382,-20.242,20.006,-4.9933
0.86112,-0.1021,0.15366,0.47375,-20.228,20.006,-4.9937
0.86116,-0.10225,0.15359,0.47367,-20.215,20.005,-4.994
0.86119,-0.1024,0.15351,0.4736,-20.202,20.005,-4.9944
0.86123,-0.10255,0.15343,0.47352,-20.189,20.005,-4.9947
0.86127,-0.1027,0.15336,0.47345,-20.177,20.004,-4.9951
0.8613,-0.10285,0.15328,0.47338,-20.165,20.004,-4.9954
0.86134,-0.103,0.1532,0.4733,-20.154,20.004,-4.9957
0.86137,-0.10315,0.15313,0.47323,-20.143,20.004,-4.996
0.86141,-0.1033,0.15305,0.47316,-20.132,20.003,-4.9963
0.86145,-0.10345,0.15297,0.47308,-20.122,20.003,-4.9966
0.86148,-0.1036,0.1529,0.47301,-20.113,20.003,-4.9969
0.86152,-0.10375,0.15282,0.47293,-20.103,20.003,-4.9971
0.86156,-0.10389,0.15274,0.47286,-20.094,20.002,-4.9974
0.86159,-0.10404,0.15267,0.47279,-20.086,20.002,-4.9976
0.86163,-0.10419,0.15259,0.47271,-20.078,20.002,-4.9978
0.86166,-0.10434,0.15251,0.47264,-20.07,20.002,-4.9981
0.8617,-0.10449,0.15244,0.47256,-20.063,20.002,-4.9983
0.86174,-0.10464,0.15236,0.47249,-20.056,20.001,-4.9985
0.86177,-0.10479,0.15228,0.47242,-20.049,20.001,-4.9986
0.86181,-0.10494,0.15221,0.47234,-20.043,20.001,-4.9988
0.86184,-0.10509,0.15213,0.47227,-20.037,20.001,-4.999
0.86188,-0.10524,0.15205,0.47219,-20.032,20.001,-4.9991
0.86192,-0.10539,0.15198,0.47212,-20.027,20.001,-4.9992
0.86195,-0.10554,0.1519,0.47205,-20.023,20.001,-4.9994
0.86199,-0.10569,0.15182,0.47197,-20.019,20,-4.9995
0.86202,-0.10584,0.15174,0.4719,-20.015,20,-4.9996
0.86206,-0.10599,0.15167,0.47182,-20.012,20,-4.9997
0.8621,-0.10614,0.15159,0.47175,-20.009,20,-4.9998
0.86213,-0.10629,0.15151,0.47168,-20.006,20,-4.9998
0.86217,-0.10644,0.15144,0.4716,-20.004,20,-4.9999
0.8622,-0.10658,0.15136,0.47153,-20.003,20,-4.9999
0.86224,-0.10673,0.15128,0.47145,-20.001,20,-5
0.86227,-0.10688,0.15121,0.47138,-20.001,20,-5
0.86231,-0.10703,0.15113,0.4713,-20,20,-5
0.86234,-0.10718,0.15105,0.47123,-20,20,-5
0.86238,-0.10733,0.15098,0.47116,-20,20,-5
0.86242,-0.10748,0.1509,0.47108,-20.001,20,-5
0.86245,-0.10763,0.15082,0.47101,-20.002,20,-4.9999
0.86249,-0.10778,0.15075,0.47093,-20.004,20,-4.9999
0.86252,-0.10793,0.15067,0.47086,-20.006,20,-4.9998
0.86256,-0.10808,0.15059,0.47078,-20.008,20,-4.9998
0.86259,-0.10823,0.15051,0.47071,-20.011,20,-4.9997
0.86263,-0.10838,0.15044,0.47063,-20.014,20,-4.9996
0.86266,-0.10853,0.15036,0.47056,-20.018,20,-4.9995
0.8627,-0.10868,0.15028,0.47049,-20.022,20.001,-4.9994
0.86273,-0.10882,0.15021,0.47041,-20.026,20.001,-4.9993
0.86277,-0.10897,0.15013,0.47034,-20.031,20.001,-4.9991
0.8628,-0.10912,0.15005,0.47026,-20.036,20.001,-4.999
0.86284,-0.10927,0.14998,0.47019,-20.042,20.001,-4.9988
0.86287,-0.10942,0.1499,0.47011,-20.048,20.001,-4.9987
0.86291,-0.10957,0.14982,0.47004,-20.054,20.001,-4.9985
0.86294,-0.10972,0.14975,0.46996,-20.061,20.002,-4.9983
0.86298,-0.10987,0.14967,0.46989,-20.069,20.002,-4.9981
0.86301,-0.11002,0.14959,0.46981,-20.076,20.002,-4.9979
0.86305,-0.11017,0.14951,0.46974,-20.084,20.002,-4.9977
0.86308,-0.11032,0.14944,0.46967,-20.093,20.002,-4.9974
0.86312,-0.11047,0.14936,0.46959,-20.102,20.003,-4.9972
0.86315,-0.11062,0.14928,0.46952,-20.111,20.003,-4.9969
0.86319,-0.11077,0.14921,0.46944,-20.121,20.003,-4.9966
0.86322,-0.11091,0.14913,0.46937,-20.131,20.003,-4.9964
0.86326,-0.11106,0.14905,0.46929,-20.141,20.003,-4.9961
0.86329,-0.11121,0.14898,0.46922,-20.152,20.004,-4.9958
0.86333,-0.11136,0.1489,0.46914,-20.163,20.004,-4.9955
0.86336,-0.11151,0.14882,0.46907,-20.175,20.004,-4.9951
0.8634,-0.11166,0.14874,0.46899,-20.187,20.005,-4.9948
0.86343,-0.11181,0.14867,0.46892,-20.199,20.005,-4.9945
0.86346,-0.11196,0.14859,0.46884,-20.212,20.005,-4.9941
0.8635,-0.11211,0.14851,0.46877,-20.226,20.006,-4.9937
0.86353,-0.11226,0.14844,0.46869,-20.239,20.006,-4.9933
0.86357,-0.11241,0.14836,0.46862,-20.253,20.006,-4.9929
0.8636,-0.11256,0.14828,0.46854,-20.268,20.007,-4.9925
0.86364,-0.11271,0.14821,0.46847,-20.283,20.007,-4.9921
0.86367,-0.11286,0.14813,0.46839,-20.298,20.007,-4.9917
0.86371,-0.113,0.14805,0.46832,-20.314,20.008,-4.9913
0.86374,-0.11315,0.14797,0.46824,-20.33,20.008,-4.9908
0.86377,-0.1133,0.1479,0.46817,-20.346,20.009,-4.9904
0.86381,-0.11345,0.14782,0.46809,-20.363,20.009,-4.9899
0.86384,-0.1136,0.14774,0.46802,-20.38,20.009,-4.9894
0.86388,-0.11375,0.14767,0.46794,-20.398,20.01,-4.9889
0.86391,-0.1139,0.14759,0.46787,-20.416,20.01,-4.9884
0.86395,-0.11405,0.14751,0.46779,-20.435,20.011,-4.9879
0.86398,-0.1142,0.14743,0.46772,-20.453,20.011,-4.9874
0.86401,-0.11435,0.14736,0.46764,-20.473,20.012,-4.9868
0.86405,-0.1145,0.14728,0.46757,-20.492,20.012,-4.9863
0.86408,-0.11465,0.1472,0.46749,-20.512,20.013,-4.9857
0.86412,-0.11479,0.14713,0.46742,-20.533,20.013,-4.9851
0.86415,-0.11494,0.14705,0.46734,-20.554,20.014,-4.9846
0.86418,-0.11509,0.14697,0.46727,-20.575,20.014,-4.984
0.86422,-0.11524,0.14689,0.46719,-20.596,20.015,-4.9834
0.86425,-0.11539,0.14682,0.46712,-20.618,20.015,-4.9827
0.86429,-0.11554,0.14674,0.46704,-20.641,20.016,-4.9821
0.86432,-0.11569,0.14666,0.46697,-20.664,20.016,-4.9815
0.86435,-0.11584,0.14659,0.46689,-20.687,20.017,-4.9808
0.86439,-0.11599,0.14651,0.46682,-20.71,20.018,-4.9802
0.86442,-0.11614,0.14643,0.46674,-20.734,20.018,-4.9795
0.86445,-0.11629,0.14635,0.46667,-20.759,20.019,-4.9788
0.86449,-0.11644,0.14628,0.46659,-20.784,20.019,-4.9781
0.86452,-0.11658,0.1462,0.46652,-20.809,20.02,-4.9774
0.86455,-0.11673,0.14612,0.46644,-20.834,20.021,-4.9767
0.86459,-0.11688,0.14605,0.46637,-20.86,20.021,-4.976
0.86462,-0.11703,0.14597,0.46629,-20.886,20.022,-4.9752
0.86466,-0.11718,0.14589,0.46621,-20.913,20.023,-4.9745
0.86469,-0.11733,0.14581,0.46614,-20.94,20.023,-4.9737
0.86472,-0.11748,0.14574,0.46606,-20.968,20.024,-4.9729
0.86476,-0.11763,0.14566,0.46599,-20.995,20.025,-4.9721
0.86479,-0.11778,0.14558,0.46591,-21.024,20.025,-4.9713
0.86482,-0.11793,0.14551,0.46584,-21.052,20.026,-4.9705
0.86486,-0.11808,0.14543,0.46576,-21.081,20.027,-4.9697
0.86489,-0.11822,0.14535,0.46569,-21.111,20.028,-4.9689
0.86492,-0.11837,0.14527,0.46561,-21.14,20.028,-4.968
0.86496,-0.11852,0.1452,0.46554,-21.171,20.029,-4.9672
0.86499,-0.11867,0.14512,0.46546,-21.201,20.03,-4.9663
0.86502,-0.11882,0.14504,0.46538,-21.232,20.031,-4.9655
0.86505,-0.11897,0.14496,0.46531,-21.263,20.032,-4.9646
0.86509,-0.11912,0.14489,0.46523,-21.295,20.032,-4.9637
0.86512,-0.11927,0.14481,0.46516,-21.327,20.033,-4.9628
0.86515,-0.11942,0.14473,0.46508,-21.359,20.034,-4.9618
0.86519,-0.11957,0.14466,0.46501,-21.392,20.035,-4.9609
0.86522,-0.11971,0.14458,0.46493,-21.425,20.036,-4.96
0.86525,-0.11986,0.1445,0.46485,-21.459,20.036,-4.959
0.86529,-0.12001,0.14442,0.46478,-21.493,20.037,-4.9581
0.86532,-0.12016,0.14435,0.4647,-21.527,20.038,-4.9571
0.86535,-0.12031,0.14427,0.46463,-21.562,20.039,-4.9561
0.86538,-0.12046,0.14419,0.46455,-21.597,20.04,-4.9551
0.86542,-0.12061,0.14411,0.46448,-21.632,20.041,-4.9541
0.86545,-0.12076,0.14404,0.4644,-21.668,20.042,-4.9531
0.86548,-0.12091,0.14396,0.46432,-21.704,20.043,-4.952
0.86552,-0.12106,0.14388,0.46425,-21.741,20.044,-4.951
0.86555,-0.12121,0.1438,0.46417,-21.778,20.045,-4.9499
0.86558,-0.12135,0.14373,0.4641,-21.815,20.045,-4.9489
0.86561,-0.1215,0.14365,0.46402,-21.853,20.046,-4.9478
0.86565,-0.12165,0.14357,0.46395,-21.891,20.047,-4.9467
0.86568,-0.1218,0.14349,0.46387,-21.929,20.048,-4.9456
0.86571,-0.12195,0.14342,0.46379,-21.968,20.049,-4.9445
0.86574,-0.1221,0.14334,0.46372,-22.007,20.05,-4.9434
0.86578,-0.12225,0.14326,0.46364,-22.047,20.051,-4.9423
0.86581,-0.1224,0.14319,0.46357,-22.086,20.052,-4.9411
0.86584,-0.12255,0.14311,0.46349,-22.127,20.053,-4.94
0.86587,-0.12269,0.14303,0.46341,-22.167,20.054,-4.9388
0.86591,-0.12284,0.14295,0.46334,-22.208,20.056,-4.9376
0.86594,-0.12299,0.14288,0.46326,-22.249,20.057,-4.9364
0.86597,-0.12314,0.1428,0.46319,-22.291,20.058,-4.9352
0.866,-0.12329,0.14272,0.46311,-22.333,20.059,-4.934
0.86603,-0.12344,0.14264,0.46303,-22.375,20.06,-4.9328
0.86607,-0.12359,0.14257,0.46296,-22.418,20.061,-4.9316
0.8661,-0.12374,0.14249,0.46288,-22.461,20.062,-4.9303
0.86613,-0.12389,0.14241,0.46281,-22.505,20.063,-4.9291
0.86616,-0.12404,0.14233,0.46273,-22.548,20.064,-4.9278
0.8662,-0.12418,0.14226,0.46265,-22.593,20.065,-4.9266
0.86623,-0.12433,0.14218,0.46258,-22.637,20.067,-4.9253
0.86626,-0.12448,0.1421,0.4625,-22.682,20.068,-4.924
0.86629,-0.12463,0.14202,0.46242,-22.727,20.069,-4.9227
0.86632,-0.12478,0.14195,0.46235,-22.773,20.07,-4.9213
0.86635,-0.12493,0.14187,0.46227,-22.818,20.071,-4.92
0.86639,-0.12508,0.14179,0.4622,-22.865,20.072,-4.9187
0.86642,-0.12523,0.14171,0.46212,-22.911,20.074,-4.9173
0.86645,-0.12538,0.14164,0.46204,-22.958,20.075,-4.916
0.86648,-0.12552,0.14156,0.46197,-23.006,20.076,-4.9146
0.86651,-0.12567,0.14148,0.46189,-23.053,20.077,-4.9132
0.86655,-0.12582,0.1414,0.46181,-23.101,20.079,-4.9118
0.86658,-0.12597,0.14133,0.46174,-23.149,20.08,-4.9104
0.86661,-0.12612,0.14125,0.46166,-23.198,20.081,-4.909
0.86664,-0.12627,0.14117,0.46158,-23.247,20.082,-4.9075
0.86667,-0.12642,0.14109,0.46151,-23.296,20.084,-4.9061
0.8667,-0.12657,0.14102,0.46143,-23.346,20.085,-4.9046
0.86674,-0.12671,0.14094,0.46136,-23.396,20.086,-4.9032
0.86677,-0.12686,0.14086,0.46128,-23.446,20.088,-4.9017
0.8668,-0.12701,0.14078,0.4612,-23.497,20.089,-4.9002
0.86683,-0.12716,0.14071,0.46113,-23.548,20.09,-4.8987
0.86686,-0.12731,0.14063,0.46105,-23.599,20.092,-4.8972
0.86689,-0.12746,0.14055,0.46097,-23.651,20.093,-4.8957
0.86692,-0.12761,0.14047,0.4609,-23.703,20.094,-4.8942
0.86696,-0.12776,0.1404,0.46082,-23.755,20.096,-4.8926
0.86699,-0.12791,0.14032,0.46074,-23.808,20.097,-4.8911
0.86702,-0.12805,0.14024,0.46067,-23.861,20.098,-4.8895
0.86705,-0.1282,0.14016,0.46059,-23.914,20.1,-4.8879
0.86708,-0.12835,0.14009,0.46051,-23.968,20.101,-4.8864
0.86711,-0.1285,0.14001,0.46044,-24.022,20.103,-4.8848
0.86714,-0.12865,0.13993,0.46036,-24.076,20.104,-4.8832
0.86717,-0.1288,0.13985,0.46028,-24.131,20.106,-4.8815
0.86721,-0.12895,0.13978,0.46021,-24.186,20.107,-4.8799
0.86724,-0.1291,0.1397,0.46013,-24.241,20.108,-4.8783
0.86727,-0.12924,0.13962,0.46005,-24.297,20.11,-4.8766
0.8673,-0.12939,0.13954,0.45998,-24.353,20.111,-4.875
0.86733,-0.12954,0.13946,0.4599,-24.409,20.113,-4.8733
0.86736,-0.12969,0.13939,0.45982,-24.465,20.114,-4.8716
0.86739,-0.12984,0.13931,0.45975,-24.522,20.116,-4.8699
0.86742,-0.12999,0.13923,0.45967,-24.579,20.117,-4.8682
0.86745,-0.13014,0.13915,0.45959,-24.637,20.119,-4.8665
0.86748,-0.13029,0.13908,0.45952,-24.695,20.121,-4.8648
0.86751,-0.13043,0.139,0.45944,-24.753,20.122,-4.863
0.86755,-0.13058,0.13892,0.45936,-24.811,20.124,-4.8613
0.86758,-0.13073,0.13884,0.45929,-24.87,20.125,-4.8595
0.86761,-0.13088,0.13877,0.45921,-24.929,20.127,-4.8577
0.86764,-0.13103,0.13869,0.45913,-24.988,20.128,-4.856
0.86767,-0.13118,0.13861,0.45906,-25.048,20.13,-4.8542
0.8677,-0.13133,0.13853,0.45898,-25.108,20.132,-4.8524
0.86773,-0.13148,0.13846,0.4589,-25.168,20.133,-4.8506
0.86776,-0.13162,0.13838,0.45882,-25.228,20.135,-4.8487
0.86779,-0.13177,0.1383,0.45875,-25.289,20.136,-4.8469
0.86782,-0.13192,0.13822,0.45867,-25.35,20.138,-4.845
0.86785,-0.13207,0.13814,0.45859,-25.412,20.14,-4.8432
0.86788,-0.13222,0.13807,0.45852,-25.473,20.141,-4.8413
0.86791,-0.13237,0.13799,0.45844,-25.535,20.143,-4.8394
0.86794,-0.13252,0.13791,0.45836,-25.598,20.145,-4.8375
0.86797,-0.13266,0.13783,0.45829,-25.66,20.147,-4.8356
0.868,-0.13281,0.13776,0.45821,-25.723,20.148,-4.8337
0.86803,-0.13296,0.13768,0.45813,-25.786,20.15,-4.8318
0.86806,-0.13311,0.1376,0.45805,-25.85,20.152,-4.8299
0.86809,-0.13326,0.13752,0.45798,-25.914,20.153,-4.8279
0.86812,-0.13341,0.13744,0.4579,-25.978,20.155,-4.826
0.86815,-0.13356,0.13737,0.45782,-26.042,20.157,-4.824
0.86818,-0.1337,0.13729,0.45775,-26.107,20.159,-4.822
0.86821,-0.13385,0.13721,0.45767,-26.171,20.161,-4.82
0.86824,-0.134,0.13713,0.45759,-26.237,20.162,-4.818
0.86827,-0.13415,0.13706,0.45751,-26.302,20.164,-4.816
0.8683,-0.1343,0.13698,0.45744,-26.368,20.166,-4.814
0.86833,-0.13445,0.1369,0.45736,-26.434,20.168,-4.812
0.86836,-0.1346,0.13682,0.45728,-26.5,20.17,-4.8099
0.86839,-0.13474,0.13674,0.4572,-26.567,20.171,-4.8079
0.86842,-0.13489,0.13667,0.45713,-26.633,20.173,-4.8058
0.86845,-0.13504,0.13659,0.45705,-26.7,20.175,-4.8037
0.86848,-0.13519,0.13651,0.45697,-26.768,20.177,-4.8017
0.86851,-0.13534,0.13643,0.4569,-26.835,20.179,-4.7996
0.86854,-0.13549,0.13636,0.45682,-26.903,20.181,-4.7974
0.86857,-0.13564,0.13628,0.45674,-26.971,20.183,-4.7953
0.8686,-0.13578,0.1362,0.45666,-27.04,20.185,-4.7932
0.86863,-0.13593,0.13612,0.45659,-27.109,20.186,-4.7911
0.86866,-0.13608,0.13604,0.45651,-27.178,20.188,-4.7889
0.86869,-0.13623,0.13597,0.45643,-27.247,20.19,-4.7867
0.86872,-0.13638,0.13589,0.45635,-27.316,20.192,-4.7846
0.86875,-0.13653,0.13581,0.45628,-27.386,20.194,-4.7824
0.86878,-0.13668,0.13573,0.4562,-27.456,20.196,-4.7802
0.86881,-0.13682,0.13565,0.45612,-27.526,20.198,-4.778
0.86884,-0.13697,0.13558,0.45604,-27.597,20.2,-4.7758
0.86887,-0.13712,0.1355,0.45597,-27.667,20.202,-4.7736
0.8689,-0.13727,0.13542,0.45589,-27.738,20.204,-4.7713
0.86893,-0.13742,0.13534,0.45581,-27.809,20.206,-4.7691
0.86896,-0.13757,0.13527,0.45573,-27.881,20.208,-4.7668
0.86899,-0.13772,0.13519,0.45566,-27.953,20.21,-4.7645
0.86902,-0.13786,0.13511,0.45558,-28.025,20.212,-4.7623
0.86904,-0.13801,0.13503,0.4555,-28.097,20.214,-4.76
0.86907,-0.13816,0.13495,0.45542,-28.169,20.216,-4.7577
0.8691,-0.13831,0.13488,0.45534,-28.242,20.218,-4.7554
0.86913,-0.13846,0.1348,0.45527,-28.315,20.221,-4.753
0.86916,-0.13861,0.13472,0.45519,-28.388,20.223,-4.7507
0.86919,-0.13875,0.13464,0.45511,-28.461,20.225,-4.7484
0.86922,-0.1389,0.13456,0.45503,-28.535,20.227,-4.746
0.86925,-0.13905,0.13449,0.45496,-28.609,20.229,-4.7436
0.86928,-0.1392,0.13441,0.45488,-28.683,20.231,-4.7413
0.86931,-0.13935,0.13433,0.4548,-28.757,20.233,-4.7389
0.86934,-0.1395,0.13425,0.45472,-28.832,20.235,-4.7365
0.86936,-0.13965,0.13417,0.45464,-28.907,20.238,-4.7341
0.86939,-0.13979,0.1341,0.45457,-28.982,20.24,-4.7317
0.86942,-0.13994,0.13402,0.45449,-29.057,20.242,-4.7292
0.86945,-0.14009,0.13394,0.45441,-29.132,20.244,-4.7268
0.86948,-0.14024,0.13386,0.45433,-29.208,20.246,-4.7243
0.86951,-0.14039,0.13378,0.45426,-29.284,20.249,-4.7219
0.86954,-0.14054,0.13371,0.45418,-29.36,20.251,-4.7194
0.86957,-0.14068,0.13363,0.4541,-29.436,20.253,-4.7169
0.86959,-0.14083,0.13355,0.45402,-29.513,20.255,-4.7144
0.86962,-0.14098,0.13347,0.45394,-29.59,20.257,-4.7119
0.86965,-0.14113,0.13339,0.45387,-29.666,20.26,-4.7094
0.86968,-0.14128,0.13332,0.45379,-29.744,20.262,-4.7069
0.86971,-0.14143,0.13324,0.45371,-29.821,20.264,-4.7043
0.86974,-0.14157,0.13316,0.45363,-29.899,20.267,-4.7018
0.86977,-0.14172,0.13308,0.45355,-29.976,20.269,-4.6992
0.86979,-0.14187,0.133,0.45348,-30.054,20.271,-4.6967
0.86982,-0.14202,0.13293,0.4534,-30.133,20.273,-4.6941
0.86985,-0.14217,0.13285,0.45332,-30.211,20.276,-4.6915
0.86988,-0.14232,0.13277,0.45324,-30.29,20.278,-4.6889
0.86991,-0.14246,0.13269,0.45316,-30.368,20.28,-4.6863
0.86994,-0.14261,0.13261,0.45308,-30.447,20.283,-4.6837
0.86996,-0.14276,0.13254,0.45301,-30.526,20.285,-4.681
0.86999,-0.14291,0.13246,0.45293,-30.606,20.288,-4.6784
0.87002,-0.14306,0.13238,0.45285,-30.685,20.29,-4.6758
0.87005,-0.14321,0.1323,0.45277,-30.765,20.292,-4.6731
0.87008,-0.14335,0.13222,0.45269,-30.845,20.295,-4.6704
0.87011,-0.1435,0.13215,0.45262,-30.925,20.297,-4.6677
0.87013,-0.14365,0.13207,0.45254,-31.005,20.3,-4.665
0.87016,-0.1438,0.13199,0.45246,-31.086,20.302,-4.6623
0.87019,-0.14395,0.13191,0.45238,-31.167,20.304,-4.6596
0.87022,-0.1441,0.13183,0.4523,-31.247,20.307,-4.6569
0.87025,-0.14424,0.13176,0.45222,-31.328,20.309,-4.6542
0.87027,-0.14439,0.13168,0.45215,-31.41,20.312,-4.6514
0.8703,-0.14454,0.1316,0.45207,-31.491,20.314,-4.6487
0.87033,-0.14469,0.13152,0.45199,-31.572,20.317,-4.6459
0.87036,-0.14484,0.13144,0.45191,-31.654,20.319,-4.6431
0.87038,-0.14499,0.13137,0.45183,-31.736,20.322,-4.6403
0.87041,-0.14513,0.13129,0.45175,-31.818,20.324,-4.6375
0.87044,-0.14528,0.13121,0.45168,-31.9,20.327,-4.6347
0.87047,-0.14543,0.13113,0.4516,-31.983,20.329,-4.6319
0.8705,-0.14558,0.13105,0.45152,-32.065,20.332,-4.6291
0.87052,-0.14573,0.13097,0.45144,-32.148,20.335,-4.6262
0.87055,-0.14588,0.1309,0.45136,-32.231,20.337,-4.6234
0.87058,-0.14602,0.13082,0.45128,-32.314,20.34,-4.6205
0.87061,-0.14617,0.13074,0.4512,-32.397,20.342,-4.6177
0.87063,-0.14632,0.13066,0.45113,-32.48,20.345,-4.6148
0.87066,-0.14647,0.13058,0.45105,-32.564,20.348,-4.6119
0.87069,-0.14662,0.13051,0.45097,-32.647,20.35,-4.609
0.87072,-0.14676,0.13043,0.45089,-32.731,20.353,-4.6061
0.87074,-0.14691,0.13035,0.45081,-32.815,20.355,-4.6031
0.87077,-0.14706,0.13027,0.45073,-32.899,20.358,-4.6002
0.8708,-0.14721,0.13019,0.45065,-32.983,20.361,-4.5973
0.87083,-0.14736,0.13011,0.45058,-33.068,20.363,-4.5943
0.87085,-0.14751,0.13004,0.4505,-33.152,20.366,-4.5913
0.87088,-0.14765,0.12996,0.45042,-33.237,20.369,-4.5884
0.87091,-0.1478,0.12988,0.45034,-33.322,20.371,-4.5854
0.87093,-0.14795,0.1298,0.45026,-33.406,20.374,-4.5824
0.87096,-0.1481,0.12972,0.45018,-33.491,20.377,-4.5794
0.87099,-0.14825,0.12965,0.4501,-33.577,20.38,-4.5764
0.87102,-0.14839,0.12957,0.45003,-33.662,20.382,-4.5733
0.87104,-0.14854,0.12949,0.44995,-33.747,20.385,-4.5703
0.87107,-0.14869,0.12941,0.44987,-33.833,20.388,-4.5673
0.8711,-0.14884,0.12933,0.44979,-33.919,20.391,-4.5642
0.87112,-0.14899,0.12925,0.44971,-34.004,20.393,-4.5611
0.87115,-0.14913,0.12918,0.44963,-34.09,20.396,-4.5581
0.87118,-0.14928,0.1291,0.44955,-34.176,20.399,-4.555
0.87121,-0.14943,0.12902,0.44947,-34.262,20.402,-4.5519
0.87123,-0.14958,0.12894,0.44939,-34.349,20.405,-4.5488
0.87126,-0.14973,0.12886,0.44932,-34.435,20.407,-4.5456
0.87129,-0.14987,0.12878,0.44924,-34.522,20.41,-4.5425
0.87131,-0.15002,0.12871,0.44916,-34.608,20.413,-4.5394
0.87134,-0.15017,0.12863,0.44908,-34.695,20.416,-4.5362
0.87137,-0.15032,0.12855,0.449,-34.782,20.419,-4.5331
0.87139,-0.15047,0.12847,0.44892,-34.869,20.422,-4.5299
0.87142,-0.15062,0.12839,0.44884,-34.956,20.424,-4.5267
0.87145,-0.15076,0.12831,0.44876,-35.043,20.427,-4.5235
0.87147,-0.15091,0.12824,0.44868,-35.13,20.43,-4.5203
0.8715,-0.15106,0.12816,0.4486,-35.218,20.433,-4.5171
0.87153,-0.15121,0.12808,0.44853,-35.305,20.436,-4.5139
0.87155,-0.15136,0.128,0.44845,-35.392,20.439,-4.5107
0.87158,-0.1515,0.12792,0.44837,-35.48,20.442,-4.5074
0.8716,-0.15165,0.12784,0.44829,-35.568,20.445,-4.5042
0.87163,-0.1518,0.12777,0.44821,-35.656,20.448,-4.5009
0.87166,-0.15195,0.12769,0.44813,-35.744,20.451,-4.4976
0.87168,-0.1521,0.12761,0.44805,-35.832,20.454,-4.4944
0.87171,-0.15224,0.12753,0.44797,-35.92,20.457,-4.4911
0.87174,-0.15239,0.12745,0.44789,-36.008,20.46,-4.4878
0.87176,-0.15254,0.12737,0.44781,-36.096,20.463,-4.4844
0.87179,-0.15269,0.1273,0.44773,-36.184,20.466,-4.4811
0.87182,-0.15284,0.12722,0.44766,-36.273,20.469,-4.4778
0.87184,-0.15298,0.12714,0.44758,-36.361,20.472,-4.4745
0.87187,-0.15313,0.12706,0.4475,-36.45,20.475,-4.4711
0.87189,-0.15328,0.12698,0.44742,-36.538,20.478,-4.4677
0.87192,-0.15343,0.1269,0.44734,-36.627,20.481,-4.4644
0.87195,-0.15358,0.12683,0.44726,-36.716,20.484,-4.461
0.87197,-0.15372,0.12675,0.44718,-36.804,20.487,-4.4576
0.872,-0.15387,0.12667,0.4471,-36.893,20.49,-4.4542
0.87202,-0.15402,0.12659,0.44702,-36.982,20.493,-4.4508
0.87205,-0.15417,0.12651,0.44694,-37.071,20.496,-4.4474
0.87208,-0.15431,0.12643,0.44686,-37.16,20.5,-4.4439
0.8721,-0.15446,0.12636,0.44678,-37.249,20.503,-4.4405
0.87213,-0.15461,0.12628,0.4467,-37.339,20.506,-4.437
0.87215,-0.15476,0.1262,0.44662,-37.428,20.509,-4.4336
0.87218,-0.15491,0.12612,0.44654,-37.517,20.512,-4.4301
0.8722,-0.15505,0.12604,0.44646,-37.606,20.515,-4.4266
0.87223,-0.1552,0.12596,0.44639,-37.696,20.518,-4.4231
0.87226,-0.15535,0.12589,0.44631,-37.785,20.522,-4.4196
0.87228,-0.1555,0.12581,0.44623,-37.875,20.525,-4.4161
0.87231,-0.15565,0.12573,0.44615,-37.964,20.528,-4.4126
0.87233,-0.15579,0.12565,0.44607,-38.054,20.531,-4.409
0.87236,-0.15594,0.12557,0.44599,-38.143,20.534,-4.4055
0.87238,-0.15609,0.12549,0.44591,-38.233,20.538,-4.402
0.87241,-0.15624,0.12541,0.44583,-38.323,20.541,-4.3984
0.87243,-0.15639,0.12534,0.44575,-38.412,20.544,-4.3948
0.87246,-0.15653,0.12526,0.44567,-38.502,20.547,-4.3912
0.87249,-0.15668,0.12518,0.44559,-38.592,20.551,-4.3876
0.87251,-0.15683,0.1251,0.44551,-38.682,20.554,-4.384
0.87254,-0.15698,0.12502,0.44543,-38.772,20.557,-4.3804
0.87256,-0.15712,0.12494,0.44535,-38.861,20.561,-4.3768
0.87259,-0.15727,0.12487,0.44527,-38.951,20.564,-4.3732
0.87261,-0.15742,0.12479,0.44519,-39.041,20.567,-4.3695
0.87264,-0.15757,0.12471,0.44511,-39.131,20.57,-4.3659
0.87266,-0.15772,0.12463,0.44503,-39.221,20.574,-4.3622
0.87269,-0.15786,0.12455,0.44495,-39.311,20.577,-4.3586
0.87271,-0.15801,0.12447,0.44487,-39.401,20.581,-4.3549
0.87274,-0.15816,0.12439,0.44479,-39.491,20.584,-4.3512
0.87276,-0.15831,0.12432,0.44471,-39.581,20.587,-4.3475
0.87279,-0.15845,0.12424,0.44463,-39.671,20.591,-4.3438
0.87281,-0.1586,0.12416,0.44455,-39.761,20.594,-4.3401
0.87284,-0.15875,0.12408,0.44447,-39.851,20.597,-4.3363
0.87286,-0.1589,0.124,0.44439,-39.941,20.601,-4.3326
0.87289,-0.15905,0.12392,0.44431,-40.031,20.604,-4.3288
0.87291,-0.15919,0.12384,0.44423,-40.121,20.608,-4.3251
0.87294,-0.15934,0.12377,0.44415,-40.211,20.611,-4.3213
0.87296,-0.15949,0.12369,0.44407,-40.301,20.615,-4.3175
0.87299,-0.15964,0.12361,0.44399,-40.391,20.618,-4.3138
0.87301,-0.15978,0.12353,0.44391,-40.481,20.621,-4.31
0.87304,-0.15993,0.12345,0.44383,-40.571,20.625,-4.3062
0.87306,-0.16008,0.12337,0.44375,-40.661,20.628,-4.3023
0.87309,-0.16023,0.12329,0.44367,-40.751,20.632,-4.2985
0.87311,-0.16037,0.12322,0.44359,-40.84,20.635,-4.2947
0.87314,-0.16052,0.12314,0.44351,-40.93,20.639,-4.2908
0.87316,-0.16067,0.12306,0.44343,-41.02,20.642,-4.287
0.87318,-0.16082,0.12298,0.44335,-41.11,20.646,-4.2831
0.87321,-0.16097,0.1229,0.44327,-41.2,20.65,-4.2792
0.87323,-0.16111,0.12282,0.44319,-41.29,20.653,-4.2753
0.87326,-0.16126,0.12274,0.44311,-41.38,20.657,-4.2715
0.87328,-0.16141,0.12267,0.44303,-41.469,20.66,-4.2676
0.87331,-0.16156,0.12259,0.44295,-41.559,20.664,-4.2636
0.87333,-0.1617,0.12251,0.44287,-41.649,20.667,-4.2597
0.87336,-0.16185,0.12243,0.44279,-41.739,20.671,-4.2558
0.87338,-0.162,0.12235,0.44271,-41.828,20.675,-4.2518
0.8734,-0.16215,0.12227,0.44263,-41.918,20.678,-4.2479
0.87343,-0.16229,0.12219,0.44255,-42.007,20.682,-4.2439
0.87345,-0.16244,0.12212,0.44247,-42.097,20.685,-4.24
0.87348,-0.16259,0.12204,0.44239,-42.186,20.689,-4.236
0.8735,-0.16274,0.12196,0.44231,-42.276,20.693,-4.232
0.87353,-0.16288,0.12188,0.44223,-42.365,20.696,-4.228
0.87355,-0.16303,0.1218,0.44215,-42.455,20.7,-4.224
0.87357,-0.16318,0.12172,0.44207,-42.544,20.704,-4.22
0.8736,-0.16333,0.12164,0.44199,-42.633,20.707,-4.2159
0.87362,-0.16347,0.12156,0.44191,-42.722,20.711,-4.2119
0.87365,-0.16362,0.12149,0.44183,-42.811,20.715,-4.2079
0.87367,-0.16377,0.12141,0.44175,-42.9,20.719,-4.2038
0.87369,-0.16392,0.12133,0.44167,-42.989,20.722,-4.1997
0.87372,-0.16407,0.12125,0.44159,-43.078,20.726,-4.1957
0.87374,-0.16421,0.12117,0.44151,-43.167,20.73,-4.1916
0.87376,-0.16436,0.12109,0.44143,-43.256,20.734,-4.1875
0.87379,-0.16451,0.12101,0.44135,-43.345,20.737,-4.1834
0.87381,-0.16466,0.12093,0.44127,-43.434,20.741,-4.1793
0.87384,-0.1648,0.12086,0.44119,-43.522,20.745,-4.1751
0.87386,-0.16495,0.12078,0.44111,-43.611,20.749,-4.171
0.87388,-0.1651,0.1207,0.44102,-43.699,20.752,-4.1669
0.87391,-0.16525,0.12062,0.44094,-43.788,20.756,-4.1627
0.87393,-0.16539,0.12054,0.44086,-43.876,20.76,-4.1586
0.87395,-0.16554,0.12046,0.44078,-43.964,20.764,-4.1544
0.87398,-0.16569,0.12038,0.4407,-44.052,20.768,-4.1502
0.874,-0.16584,0.12031,0.44062,-44.141,20.772,-4.146
0.87402,-0.16598,0.12023,0.44054,-44.229,20.775,-4.1418
0.87405,-0.16613,0.12015,0.44046,-44.317,20.779,-4.1376
0.87407,-0.16628,0.12007,0.44038,-44.404,20.783,-4.1334
0.87409,-0.16643,0.11999,0.4403,-44.492,20.787,-4.1292
0.87412,-0.16657,0.11991,0.44022,-44.58,20.791,-4.125
0.87414,-0.16672,0.11983,0.44014,-44.667,20.795,-4.1207
0.87416,-0.16687,0.11975,0.44006,-44.755,20.799,-4.1165
0.87419,-0.16702,0.11967,0.43998,-44.842,20.803,-4.1122
0.87421,-0.16716,0.1196,0.4399,-44.929,20.807,-4.1079
0.87423,-0.16731,0.11952,0.43981,-45.017,20.811,-4.1036
0.87426,-0.16746,0.11944,0.43973,-45.104,20.815,-4.0994
0.87428,-0.1676,0.11936,0.43965,-45.191,20.818,-4.0951
0.8743,-0.16775,0.11928,0.43957,-45.277,20.822,-4.0907
0.87433,-0.1679,0.1192,0.43949,-45.364,20.826,-4.0864
0.87435,-0.16805,0.11912,0.43941,-45.451,20.83,-4.0821
0.87437,-0.16819,0.11904,0.43933,-45.537,20.834,-4.0778
0.8744,-0.16834,0.11897,0.43925,-45.624,20.838,-4.0734
0.87442,-0.16849,0.11889,0.43917,-45.71,20.842,-4.0691
0.87444,-0.16864,0.11881,0.43909,-45.796,20.846,-4.0647
0.87446,-0.16878,0.11873,0.43901,-45.882,20.85,-4.0603
0.87449,-0.16893,0.11865,0.43893,-45.968,20.855,-4.056
0.87451,-0.16908,0.11857,0.43884,-46.054,20.859,-4.0516
0.87453,-0.16923,0.11849,0.43876,-46.14,20.863,-4.0472
0.87456,-0.16937,0.11841,0.43868,-46.226,20.867,-4.0428
0.87458,-0.16952,0.11834,0.4386,-46.311,20.871,-4.0383
0.8746,-0.16967,0.11826,0.43852,-46.396,20.875,-4.0339
0.87462,-0.16982,0.11818,0.43844,-46.482,20.879,-4.0295
0.87465,-0.16996,0.1181,0.43836,-46.567,20.883,-4.025
0.87467,-0.17011,0.11802,0.43828,-46.652,20.887,-4.0206
0.87469,-0.17026,0.11794,0.4382,-46.736,20.891,-4.0161
0.87471,-0.1704,0.11786,0.43812,-46.821,20.895,-4.0116
0.87474,-0.17055,0.11778,0.43803,-46.906,20.9,-4.0072
0.87476,-0.1707,0.1177,0.43795,-46.99,20.904,-4.0027
0.87478,-0.17085,0.11763,0.43787,-47.074,20.908,-3.9982
0.8748,-0.17099,0.11755,0.43779,-47.158,20.912,-3.9937
0.87483,-0.17114,0.11747,0.43771,-47.242,20.916,-3.9891
0.87485,-0.17129,0.11739,0.43763,-47.326,20.92,-3.9846
0.87487,-0.17144,0.11731,0.43755,-47.41,20.925,-3.9801
0.87489,-0.17158,0.11723,0.43747,-47.493,20.929,-3.9755
0.87492,-0.17173,0.11715,0.43739,-47.577,20.933,-3.971
0.87494,-0.17188,0.11707,0.4373,-47.66,20.937,-3.9664
0.87496,-0.17202,0.11699,0.43722,-47.743,20.941,-3.9619
0.87498,-0.17217,0.11692,0.43714,-47.826,20.946,-3.9573
0.87501,-0.17232,0.11684,0.43706,-47.909,20.95,-3.9527
0.87503,-0.17247,0.11676,0.43698,-47.991,20.954,-3.9481
0.87505,-0.17261,0.11668,0.4369,-48.074,20.958,-3.9435
0.87507,-0.17276,0.1166,0.43682,-48.156,20.963,-3.9389
0.87509,-0.17291,0.11652,0.43673,-48.238,20.967,-3.9342
0.87512,-0.17305,0.11644,0.43665,-48.32,20.971,-3.9296
0.87514,-0.1732,0.11636,0.43657,-48.402,20.976,-3.925
0.87516,-0.17335,0.11628,0.43649,-48.483,20.98,-3.9203
0.87518,-0.1735,0.1162,0.43641,-48.565,20.984,-3.9157
0.8752,-0.17364,0.11613,0.43633,-48.646,20.989,-3.911
0.87523,-0.17379,0.11605,0.43625,-48.727,20.993,-3.9063
0.87525,-0.17394,0.11597,0.43617,-48.808,20.997,-3.9016
0.87527,-0.17408,0.11589,0.43608,-48.889,21.002,-3.8969
0.87529,-0.17423,0.11581,0.436,-48.969,21.006,-3.8922
0.87531,-0.17438,0.11573,0.43592,-49.049,21.01,-3.8875
0.87533,-0.17453,0.11565,0.43584,-49.13,21.015,-3.8828
0.87536,-0.17467,0.11557,0.43576,-49.21,21.019,-3.8781
0.87538,-0.17482,0.11549,0.43568,-49.289,21.024,-3.8733
0.8754,-0.17497,0.11541,0.43559,-49.369,21.028,-3.8686
0.87542,-0.17511,0.11534,0.43551,-49.448,21.032,-3.8638
0.87544,-0.17526,0.11526,0.43543,-49.528,21.037,-3.8591
0.87546,-0.17541,0.11518,0.43535,-49.607,21.041,-3.8543
0.87548,-0.17556,0.1151,0.43527,-49.686,21.046,-3.8495
0.87551,-0.1757,0.11502,0.43519,-49.764,21.05,-3.8447
0.87553,-0.17585,0.11494,0.43511,-49.843,21.055,-3.8399
0.87555,-0.176,0.11486,0.43502,-49.921,21.059,-3.8351
0.87557,-0.17614,0.11478,0.43494,-49.999,21.064,-3.8303
0.87559,-0.17629,0.1147,0.43486,-50.077,21.068,-3.8255
0.87561,-0.17644,0.11462,0.43478,-50.154,21.073,-3.8206
0.87563,-0.17659,0.11455,0.4347,-50.232,21.077,-3.8158
0.87566,-0.17673,0.11447,0.43461,-50.309,21.082,-3.8109
0.87568,-0.17688,0.11439,0.43453,-50.386,21.086,-3.8061
0.8757,-0.17703,0.11431,0.43445,-50.463,21.091,-3.8012
0.87572,-0.17717,0.11423,0.43437,-50.539,21.095,-3.7963
0.87574,-0.17732,0.11415,0.43429,-50.616,21.1,-3.7914
0.87576,-0.17747,0.11407,0.43421,-50.692,21.104,-3.7866
0.87578,-0.17761,0.11399,0.43412,-50.768,21.109,-3.7817
0.8758,-0.17776,0.11391,0.43404,-50.844,21.114,-3.7767
0.87582,-0.17791,0.11383,0.43396,-50.919,21.118,-3.7718
0.87585,-0.17806,0.11375,0.43388,-50.995,21.123,-3.7669
0.87587,-0.1782,0.11368,0.4338,-51.07,21.127,-3.762
0.87589,-0.17835,0.1136,0.43371,-51.144,21.132,-3.757
0.87591,-0.1785,0.11352,0.43363,-51.219,21.137,-3.7521
0.87593,-0.17864,0.11344,0.43355,-51.293,21.141,-3.7471
0.87595,-0.17879,0.11336,0.43347,-51.368,21.146,-3.7421
0.87597,-0.17894,0.11328,0.43339,-51.442,21.15,-3.7372
0.87599,-0.17908,0.1132,0.43331,-51.515,21.155,-3.7322
0.87601,-0.17923,0.11312,0.43322,-51.589,21.16,-3.7272
0.87603,-0.17938,0.11304,0.43314,-51.662,21.164,-3.7222
0.87605,-0.17953,0.11296,0.43306,-51.735,21.169,-3.7172
0.87607,-0.17967,0.11288,0.43298,-51.808,21.174,-3.7121
0.87609,-0.17982,0.11281,0.43289,-51.88,21.179,-3.7071
0.87612,-0.17997,0.11273,0.43281,-51.953,21.183,-3.7021
0.87614,-0.18011,0.11265,0.43273,-52.025,21.188,-3.697
0.87616,-0.18026,0.11257,0.43265,-52.096,21.193,-3.692
0.87618,-0.18041,0.11249,0.43257,-52.168,21.197,-3.6869
0.8762,-0.18055,0.11241,0.43248,-52.239,21.202,-3.6818
0.87622,-0.1807,0.11233,0.4324,-52.31,21.207,-3.6768
0.87624,-0.18085,0.11225,0.43232,-52.381,21.212,-3.6717
0.87626,-0.18099,0.11217,0.43224,-52.452,21.217,-3.6666
0.87628,-0.18114,0.11209,0.43216,-52.522,21.221,-3.6615
0.8763,-0.18129,0.11201,0.43207,-52.592,21.226,-3.6564
0.87632,-0.18143,0.11193,0.43199,-52.662,21.231,-3.6512
0.87634,-0.18158,0.11186,0.43191,-52.731,21.236,-3.6461
0.87636,-0.18173,0.11178,0.43183,-52.801,21.241,-3.641
0.87638,-0.18187,0.1117,0.43174,-52.87,21.245,-3.6358
0.8764,-0.18202,0.11162,0.43166,-52.938,21.25,-3.6307
0.87642,-0.18217,0.11154,0.43158,-53.007,21.255,-3.6255
0.87644,-0.18232,0.11146,0.4315,-53.075,21.26,-3.6204
0.87646,-0.18246,0.11138,0.43142,-53.143,21.265,-3.6152
0.87648,-0.18261,0.1113,0.43133,-53.211,21.27,-3.61
0.8765,-0.18276,0.11122,0.43125,-53.278,21.275,-3.6048
0.87652,-0.1829,0.11114,0.43117,-53.345,21.279,-3.5996
0.87654,-0.18305,0.11106,0.43109,-53.412,21.284,-3.5944
0.87656,-0.1832,0.11098,0.431,-53.479,21.289,-3.5892
0.87658,-0.18334,0.11091,0.43092,-53.545,21.294,-3.5839
0.8766,-0.18349,0.11083,0.43084,-53.611,21.299,-3.5787
0.87662,-0.18364,0.11075,0.43076,-53.677,21.304,-3.5735
0.87664,-0.18378,0.11067,0.43067,-53.743,21.309,-3.5682
0.87666,-0.18393,0.11059,0.43059,-53.808,21.314,-3.563
0.87668,-0.18408,0.11051,0.43051,-53.873,21.319,-3.5577
0.8767,-0.18422,0.11043,0.43043,-53.938,21.324,-3.5524
0.87672,-0.18437,0.11035,0.43034,-54.002,21.329,-3.5471
0.87674,-0.18452,0.11027,0.43026,-54.066,21.334,-3.5418
0.87676,-0.18466,0.11019,0.43018,-54.13,21.339,-3.5365
0.87678,-0.18481,0.11011,0.4301,-54.193,21.344,-3.5312
0.8768,-0.18496,0.11003,0.43001,-54.257,21.349,-3.5259
0.87682,-0.1851,0.10995,0.42993,-54.32,21.354,-3.5206
0.87684,-0.18525,0.10987,0.42985,-54.382,21.359,-3.5153
0.87685,-0.1854,0.1098,0.42977,-54.445,21.364,-3.5099
0.87687,-0.18554,0.10972,0.42968,-54.507,21.369,-3.5046
0.87689,-0.18569,0.10964,0.4296,-54.569,21.374,-3.4992
0.87691,-0.18584,0.10956,0.42952,-54.63,21.379,-3.4939
0.87693,-0.18598,0.10948,0.42944,-54.691,21.384,-3.4885
0.87695,-0.18613,0.1094,0.42935,-54.752,21.389,-3.4831
0.87697,-0.18628,0.10932,0.42927,-54.813,21.394,-3.4778
0.87699,-0.18642,0.10924,0.42919,-54.873,21.399,-3.4724
0.87701,-0.18657,0.10916,0.4291,-54.933,21.404,-3.467
0.87703,-0.18672,0.10908,0.42902,-54.993,21.41,-3.4615
0.87705,-0.18686,0.109,0.42894,-55.052,21.415,-3.4561
0.87707,-0.18701,0.10892,0.42886,-55.112,21.42,-3.4507
0.87709,-0.18716,0.10884,0.42877,-55.17,21.425,-3.4453
0.8771,-0.1873,0.10876,0.42869,-55.229,21.43,-3.4398
0.87712,-0.18745,0.10869,0.42861,-55.287,21.435,-3.4344
0.87714,-0.1876,0.10861,0.42852,-55.345,21.44,-3.4289
0.87716,-0.18774,0.10853,0.42844,-55.402,21.446,-3.4235
0.87718,-0.18789,0.10845,0.42836,-55.46,21.451,-3.418
0.8772,-0.18804,0.10837,0.42828,-55.517,21.456,-3.4125
0.87722,-0.18818,0.10829,0.42819,-55.573,21.461,-3.407
0.87724,-0.18833,0.10821,0.42811,-55.63,21.466,-3.4015
0.87726,-0.18848,0.10813,0.42803,-55.686,21.472,-3.396
0.87727,-0.18862,0.10805,0.42794,-55.741,21.477,-3.3905
0.87729,-0.18877,0.10797,0.42786,-55.797,21.482,-3.385
0.87731,-0.18891,0.10789,0.42778,-55.852,21.487,-3.3795
0.87733,-0.18906,0.10781,0.4277,-55.906,21.493,-3.374
0.87735,-0.18921,0.10773,0.42761,-55.961,21.498,-3.3684
0.87737,-0.18935,0.10765,0.42753,-56.015,21.503,-3.3629
0.87739,-0.1895,0.10757,0.42745,-56.069,21.508,-3.3573
0.8774,-0.18965,0.10749,0.42736,-56.122,21.514,-3.3518
0.87742,-0.18979,0.10742,0.42728,-56.175,21.519,-3.3462
0.87744,-0.18994,0.10734,0.4272,-56.228,21.524,-3.3406
0.87746,-0.19009,0.10726,0.42711,-56.28,21.53,-3.335
0.87748,-0.19023,0.10718,0.42703,-56.332,21.535,-3.3294
0.8775,-0.19038,0.1071,0.42695,-56.384,21.54,-3.3238
0.87752,-0.19053,0.10702,0.42686,-56.436,21.546,-3.3182
0.87753,-0.19067,0.10694,0.42678,-56.487,21.551,-3.3126
0.87755,-0.19082,0.10686,0.4267,-56.538,21.556,-3.307
0.87757,-0.19096,0.10678,0.42662,-56.588,21.562,-3.3014
0.87759,-0.19111,0.1067,0.42653,-56.638,21.567,-3.2957
0.87761,-0.19126,0.10662,0.42645,-56.688,21.572,-3.2901
0.87763,-0.1914,0.10654,0.42637,-56.737,21.578,-3.2844
0.87764,-0.19155,0.10646,0.42628,-56.786,21.583,-3.2788
0.87766,-0.1917,0.10638,0.4262,-56.835,21.589,-3.2731
0.87768,-0.19184,0.1063,0.42612,-56.884,21.594,-3.2674
0.8777,-0.19199,0.10622,0.42603,-56.932,21.599,-3.2618
0.87772,-0.19214,0.10614,0.42595,-56.979,21.605,-3.2561
0.87773,-0.19228,0.10607,0.42587,-57.027,21.61,-3.2504
0.87775,-0.19243,0.10599,0.42578,-57.074,21.616,-3.2447
0.87777,-0.19258,0.10591,0.4257,-57.121,21.621,-3.239
0.87779,-0.19272,0.10583,0.42562,-57.167,21.627,-3.2333
0.87781,-0.19287,0.10575,0.42553,-57.213,21.632,-3.2275
0.87782,-0.19301,0.10567,0.42545,-57.259,21.638,-3.2218
0.87784,-0.19316,0.10559,0.42537,-57.304,21.643,-3.2161
0.87786,-0.19331,0.10551,0.42528,-57.349,21.649,-3.2103
0.87788,-0.19345,0.10543,0.4252,-57.393,21.654,-3.2046
0.87789,-0.1936,0.10535,0.42511,-57.438,21.66,-3.1988
0.87791,-0.19375,0.10527,0.42503,-57.482,21.665,-3.193
0.87793,-0.19389,0.10519,0.42495,-57.525,21.671,-3.1873
0.87795,-0.19404,0.10511,0.42486,-57.568,21.676,-3.1815
0.87796,-0.19418,0.10503,0.42478,-57.611,21.682,-3.1757
0.87798,-0.19433,0.10495,0.4247,-57.654,21.687,-3.1699
0.878,-0.19448,0.10487,0.42461,-57.696,21.693,-3.1641
0.87802,-0.19462,0.10479,0.42453,-57.738,21.698,-3.1583
0.87803,-0.19477,0.10471,0.42445,-57.779,21.704,-3.1525
0.87805,-0.19492,0.10463,0.42436,-57.82,21.71,-3.1466
0.87807,-0.19506,0.10455,0.42428,-57.861,21.715,-3.1408
0.87809,-0.19521,0.10448,0.4242,-57.901,21.721,-3.135
0.8781,-0.19535,0.1044,0.42411,-57.941,21.726,-3.1291
0.87812,-0.1955,0.10432,0.42403,-57.98,21.732,-3.1233
0.87814,-0.19565,0.10424,0.42394,-58.02,21.738,-3.1174
0.87816,-0.19579,0.10416,0.42386,-58.059,21.743,-3.1115
0.87817,-0.19594,0.10408,0.42378,-58.097,21.749,-3.1057
0.87819,-0.19609,0.104,0.42369,-58.135,21.755,-3.0998
0.87821,-0.19623,0.10392,0.42361,-58.173,21.76,-3.0939
0.87822,-0.19638,0.10384,0.42353,-58.21,21.766,-3.088
0.87824,-0.19652,0.10376,0.42344,-58.247,21.772,-3.0821
0.87826,-0.19667,0.10368,0.42336,-58.284,21.777,-3.0762
0.87828,-0.19682,0.1036,0.42328,-58.32,21.783,-3.0703
0.87829,-0.19696,0.10352,0.42319,-58.356,21.789,-3.0643
0.87831,-0.19711,0.10344,0.42311,-58.392,21.794,-3.0584
0.87833,-0.19725,0.10336,0.42302,-58.427,21.8,-3.0525
0.87834,-0.1974,0.10328,0.42294,-58.462,21.806,-3.0465
0.87836,-0.19755,0.1032,0.42286,-58.496,21.812,-3.0406
0.87838,-0.19769,0.10312,0.42277,-58.53,21.817,-3.0346
0.87839,-0.19784,0.10304,0.42269,-58.564,21.823,-3.0287
0.87841,-0.19798,0.10296,0.4226,-58.597,21.829,-3.0227
0.87843,-0.19813,0.10288,0.42252,-58.63,21.835,-3.0167
0.87844,-0.19828,0.1028,0.42244,-58.663,21.84,-3.0107
0.87846,-0.19842,0.10272,0.42235,-58.695,21.846,-3.0047
0.87848,-0.19857,0.10265,0.42227,-58.727,21.852,-2.9987
0.87849,-0.19872,0.10257,0.42218,-58.758,21.858,-2.9927
0.87851,-0.19886,0.10249,0.4221,-58.789,21.864,-2.9867
0.87853,-0.19901,0.10241,0.42202,-58.82,21.869,-2.9807
0.87854,-0.19915,0.10233,0.42193,-58.85,21.875,-2.9747
0.87856,-0.1993,0.10225,0.42185,-58.88,21.881,-2.9686
0.87858,-0.19945,0.10217,0.42176,-58.909,21.887,-2.9626
0.87859,-0.19959,0.10209,0.42168,-58.939,21.893,-2.9566
0.87861,-0.19974,0.10201,0.4216,-58.967,21.899,-2.9505
0.87863,-0.19988,0.10193,0.42151,-58.996,21.904,-2.9445
0.87864,-0.20003,0.10185,0.42143,-59.024,21.91,-2.9384
0.87866,-0.20018,0.10177,0.42134,-59.051,21.916,-2.9323
0.87868,-0.20032,0.10169,0.42126,-59.078,21.922,-2.9262
0.87869,-0.20047,0.10161,0.42118,-59.105,21.928,-2.9202
0.87871,-0.20061,0.10153,0.42109,-59.132,21.934,-2.9141
0.87872,-0.20076,0.10145,0.42101,-59.158,21.94,-2.908
0.87874,-0.20091,0.10137,0.42092,-59.183,21.946,-2.9019
0.87876,-0.20105,0.10129,0.42084,-59.209,21.952,-2.8957
0.87877,-0.2012,0.10121,0.42075,-59.233,21.958,-2.8896
0.87879,-0.20134,0.10113,0.42067,-59.258,21.964,-2.8835
0.8788,-0.20149,0.10105,0.42059,-59.282,21.97,-2.8774
0.87882,-0.20163,0.10097,0.4205,-59.306,21.976,-2.8712
0.87884,-0.20178,0.10089,0.42042,-59.329,21.981,-2.8651
0.87885,-0.20193,0.10081,0.42033,-59.352,21.987,-2.8589
0.87887,-0.20207,0.10073,0.42025,-59.374,21.993,-2.8528
0.87888,-0.20222,0.10065,0.42016,-59.397,21.999,-2.8466
0.8789,-0.20236,0.10057,0.42008,-59.418,22.005,-2.8405
0.87892,-0.20251,0.10049,0.42,-59.44,22.011,-2.8343
0.87893,-0.20266,0.10041,0.41991,-59.461,22.017,-2.8281
0.87895,-0.2028,0.10033,0.41983,-59.481,22.023,-2.8219
0.87896,-0.20295,0.10025,0.41974,-59.501,22.03,-2.8157
0.87898,-0.20309,0.10018,0.41966,-59.521,22.036,-2.8095
0.879,-0.20324,0.1001,0.41957,-59.541,22.042,-2.8033
0.87901,-0.20339,0.10002,0.41949,-59.56,22.048,-2.7971
0.87903,-0.20353,0.099936,0.4194,-59.578,22.054,-2.7909
0.87904,-0.20368,0.099856,0.41932,-59.596,22.06,-2.7847
0.87906,-0.20382,0.099777,0.41924,-59.614,22.066,-2.7784
0.87907,-0.20397,0.099697,0.41915,-59.631,22.072,-2.7722
0.87909,-0.20411,0.099617,0.41907,-59.648,22.078,-2.7659
0.8791,-0.20426,0.099537,0.41898,-59.665,22.084,-2.7597
0.87912,-0.20441,0.099458,0.4189,-59.681,22.09,-2.7534
0.87913,-0.20455,0.099378,0.41881,-59.697,22.096,-2.7472
0.87915,-0.2047,0.099298,0.41873,-59.713,22.103,-2.7409
0.87917,-0.20484,0.099218,0.41864,-59.728,22.109,-2.7346
0.87918,-0.20499,0.099139,0.41856,-59.742,22.115,-2.7283
0.8792,-0.20513,0.099059,0.41847,-59.756,22.121,-2.722
0.87921,-0.20528,0.098979,0.41839,-59.77,22.127,-2.7158
0.87923,-0.20543,0.098899,0.41831,-59.784,22.133,-2.7095
0.87924,-0.20557,0.098819,0.41822,-59.797,22.14,-2.7031
0.87926,-0.20572,0.09874,0.41814,-59.809,22.146,-2.6968
0.87927,-0.20586,0.09866,0.41805,-59.821,22.152,-2.6905
0.87929,-0.20601,0.09858,0.41797,-59.833,22.158,-2.6842
0.8793,-0.20615,0.0985,0.41788,-59.845,22.164,-2.6779
0.87932,-0.2063,0.09842,0.4178,-59.856,22.171,-2.6715
0.87933,-0.20645,0.098341,0.41771,-59.866,22.177,-2.6652
0.87935,-0.20659,0.098261,0.41763,-59.876,22.183,-2.6588
0.87936,-0.20674,0.098181,0.41754,-59.886,22.189,-2.6525
0.87938,-0.20688,0.098101,0.41746,-59.896,22.195,-2.6461
0.87939,-0.20703,0.098021,0.41737,-59.905,22.202,-2.6398
0.87941,-0.20717,0.097942,0.41729,-59.913,22.208,-2.6334
0.87942,-0.20732,0.097862,0.4172,-59.921,22.214,-2.627
0.87944,-0.20747,0.097782,0.41712,-59.929,22.221,-2.6206
0.87945,-0.20761,0.097702,0.41703,-59.936,22.227,-2.6142
0.87947,-0.20776,0.097622,0.41695,-59.943,22.233,-2.6078
0.87948,-0.2079,0.097542,0.41686,-59.95,22.239,-2.6014
0.8795,-0.20805,0.097463,0.41678,-59.956,22.246,-2.595
0.87951,-0.20819,0.097383,0.41669,-59.962,22.252,-2.5886
0.87952,-0.20834,0.097303,0.41661,-59.967,22.258,-2.5822
0.87954,-0.20848,0.097223,0.41652,-59.972,22.265,-2.5758
0.87955,-0.20863,0.097143,0.41644,-59.977,22.271,-2.5693
0.87957,-0.20878,0.097063,0.41635,-59.981,22.277,-2.5629
0.87958,-0.20892,0.096983,0.41627,-59.985,22.284,-2.5565
0.8796,-0.20907,0.096904,0.41618,-59.988,22.29,-2.55
0.87961,-0.20921,0.096824,0.4161,-59.991,22.297,-2.5435
0.87963,-0.20936,0.096744,0.41601,-59.993,22.303,-2.5371
0.87964,-0.2095,0.096664,0.41593,-59.995,22.309,-2.5306
0.87965,-0.20965,0.096584,0.41584,-59.997,22.316,-2.5242
0.87967,-0.20979,0.096504,0.41576,-59.998,22.322,-2.5177
0.87968,-0.20994,0.096424,0.41567,-59.999,22.328,-2.5112
0.8797,-0.21009,0.096344,0.41559,-60,22.335,-2.5047
0.87971,-0.21023,0.096264,0.4155,-60,22.341,-2.4982
0.87973,-0.21038,0.096185,0.41542,-60,22.348,-2.4917
0.87974,-0.21052,0.096105,0.41533,-59.999,22.354,-2.4852
0.87975,-0.21067,0.096025,0.41525,-59.998,22.361,-2.4787
0.87977,-0.21081,0.095945,0.41516,-59.996,22.367,-2.4722
0.87978,-0.21096,0.095865,0.41508,-59.994,22.374,-2.4657
0.8798,-0.2111,0.095785,0.41499,-59.992,22.38,-2.4591
0.87981,-0.21125,0.095705,0.41491,-59.989,22.387,-2.4526
0.87982,-0.21139,0.095625,0.41482,-59.986,22.393,-2.4461
0.87984,-0.21154,0.095545,0.41474,-59.983,22.4,-2.4395
0.87985,-0.21169,0.095465,0.41465,-59.979,22.406,-2.433
0.87987,-0.21183,0.095385,0.41457,-59.974,22.413,-2.4264
0.87988,-0.21198,0.095306,0.41448,-59.969,22.419,-2.4198
0.87989,-0.21212,0.095226,0.4144,-59.964,22.426,-2.4133
0.87991,-0.21227,0.095146,0.41431,-59.959,22.432,-2.4067
0.87992,-0.21241,0.095066,0.41422,-59.953,22.439,-2.4001
0.87993,-0.21256,0.094986,0.41414,-59.946,22.445,-2.3936
0.87995,-0.2127,0.094906,0.41405,-59.94,22.452,-2.387
0.87996,-0.21285,0.094826,0.41397,-59.932,22.458,-2.3804
0.87998,-0.21299,0.094746,0.41388,-59.925,22.465,-2.3738
0.87999,-0.21314,0.094666,0.4138,-59.917,22.471,-2.3672
0.88,-0.21328,0.094586,0.41371,-59.908,22.478,-2.3606
0.88002,-0.21343,0.094506,0.41363,-59.9,22.485,-2.3539
0.88003,-0.21358,0.094426,0.41354,-59.89,22.491,-2.3473
0.88004,-0.21372,0.094346,0.41346,-59.881,22.498,-2.3407
0.88006,-0.21387,0.094266,0.41337,-59.871,22.504,-2.3341
0.88007,-0.21401,0.094186,0.41328,-59.86,22.511,-2.3274
0.88008,-0.21416,0.094106,0.4132,-59.85,22.518,-2.3208
0.8801,-0.2143,0.094026,0.41311,-59.838,22.524,-2.3142
0.88011,-0.21445,0.093946,0.41303,-59.827,22.531,-2.3075
0.88012,-0.21459,0.093866,0.41294,-59.815,22.538,-2.3008
0.88014,-0.21474,0.093786,0.41286,-59.802,22.544,-2.2942
0.88015,-0.21488,0.093706,0.41277,-59.789,22.551,-2.2875
0.88016,-0.21503,0.093626,0.41269,-59.776,22.558,-2.2808
0.88018,-0.21517,0.093546,0.4126,-59.763,22.564,-2.2742
0.88019,-0.21532,0.093466,0.41251,-59.749,22.571,-2.2675
0.8802,-0.21546,0.093386,0.41243,-59.734,22.578,-2.2608
0.88022,-0.21561,0.093306,0.41234,-59.719,22.584,-2.2541
0.88023,-0.21575,0.093226,0.41226,-59.704,22.591,-2.2474
0.88024,-0.2159,0.093146,0.41217,-59.688,22.598,-2.2407
0.88025,-0.21604,0.093066,0.41209,-59.672,22.605,-2.234
0.88027,-0.21619,0.092986,0.412,-59.656,22.611,-2.2273
0.88028,-0.21633,0.092906,0.41191,-59.639,22.618,-2.2206
0.88029,-0.21648,0.092826,0.41183,-59.622,22.625,-2.2138
0.88031,-0.21663,0.092746,0.41174,-59.604,22.632,-2.2071
0.88032,-0.21677,0.092666,0.41166,-59.586,22.638,-2.2004
0.88033,-0.21692,0.092586,0.41157,-59.568,22.645,-2.1937
0.88034,-0.21706,0.092506,0.41149,-59.549,22.652,-2.1869
0.88036,-0.21721,0.092426,0.4114,-59.53,22.659,-2.1802
0.88037,-0.21735,0.092346,0.41131,-59.51,22.665,-2.1734
0.88038,-0.2175,0.092266,0.41123,-59.49,22.672,-2.1667
0.8804,-0.21764,0.092186,0.41114,-59.47,22.679,-2.1599
0.88041,-0.21779,0.092105,0.41106,-59.449,22.686,-2.1531
0.88042,-0.21793,0.092025,0.41097,-59.428,22.693,-2.1464
0.88043,-0.21808,0.091945,0.41088,-59.406,22.7,-2.1396
0.88045,-0.21822,0.091865,0.4108,-59.384,22.706,-2.1328
0.88046,-0.21837,0.091785,0.41071,-59.362,22.713,-2.126
0.88047,-0.21851,0.091705,0.41063,-59.339,22.72,-2.1192
0.88048,-0.21866,0.091625,0.41054,-59.316,22.727,-2.1124
0.8805,-0.2188,0.091545,0.41045,-59.293,22.734,-2.1056
0.88051,-0.21895,0.091465,0.41037,-59.269,22.741,-2.0988
0.88052,-0.21909,0.091385,0.41028,-59.244,22.748,-2.092
0.88053,-0.21924,0.091305,0.4102,-59.22,22.754,-2.0852
0.88054,-0.21938,0.091225,0.41011,-59.195,22.761,-2.0784
0.88056,-0.21953,0.091144,0.41002,-59.169,22.768,-2.0716
0.88057,-0.21967,0.091064,0.40994,-59.143,22.775,-2.0647
0.88058,-0.21982,0.090984,0.40985,-59.117,22.782,-2.0579
0.88059,-0.21996,0.090904,0.40977,-59.09,22.789,-2.0511
0.88061,-0.22011,0.090824,0.40968,-59.063,22.796,-2.0442
0.88062,-0.22025,0.090744,0.40959,-59.036,22.803,-2.0374
0.88063,-0.2204,0.090664,0.40951,-59.008,22.81,-2.0305
0.88064,-0.22054,0.090584,0.40942,-58.98,22.817,-2.0237
0.88065,-0.22069,0.090504,0.40934,-58.951,22.824,-2.0168
0.88067,-0.22083,0.090423,0.40925,-58.923,22.831,-2.0099
0.88068,-0.22098,0.090343,0.40916,-58.893,22.838,-2.0031
0.88069,-0.22112,0.090263,0.40908,-58.863,22.845,-1.9962
0.8807,-0.22127,0.090183,0.40899,-58.833,22.852,-1.9893
0.88071,-0.22141,0.090103,0.4089,-58.803,22.859,-1.9824
0.88073,-0.22156,0.090023,0.40882,-58.772,22.866,-1.9755
0.88074,-0.2217,0.089943,0.40873,-58.741,22.873,-1.9686
0.88075,-0.22185,0.089862,0.40865,-58.709,22.88,-1.9618
0.88076,-0.22199,0.089782,0.40856,-58.677,22.887,-1.9549
0.88077,-0.22214,0.089702,0.40847,-58.645,22.894,-1.9479
0.88078,-0.22228,0.089622,0.40839,-58.612,22.901,-1.941
0.8808,-0.22243,0.089542,0.4083,-58.579,22.908,-1.9341
0.88081,-0.22257,0.089462,0.40821,-58.545,22.915,-1.9272
0.88082,-0.22271,0.089381,0.40813,-58.512,22.922,-1.9203
0.88083,-0.22286,0.089301,0.40804,-58.477,22.929,-1.9134
0.88084,-0.223,0.089221,0.40795,-58.443,22.936,-1.9064
0.88085,-0.22315,0.089141,0.40787,-58.408,22.943,-1.8995
0.88086,-0.22329,0.089061,0.40778,-58.372,22.95,-1.8925
0.88088,-0.22344,0.08898,0.4077,-58.337,22.957,-1.8856
0.88089,-0.22358,0.0889,0.40761,-58.3,22.964,-1.8787
0.8809,-0.22373,0.08882,0.40752,-58.264,22.972,-1.8717
0.88091,-0.22387,0.08874,0.40744,-58.227,22.979,-1.8647
0.88092,-0.22402,0.08866,0.40735,-58.19,22.986,-1.8578
0.88093,-0.22416,0.088579,0.40726,-58.152,22.993,-1.8508
0.88094,-0.22431,0.088499,0.40718,-58.114,23,-1.8438
0.88095,-0.22445,0.088419,0.40709,-58.076,23.007,-1.8369
0.88097,-0.2246,0.088339,0.407,-58.037,23.014,-1.8299
0.88098,-0.22474,0.088259,0.40692,-57.998,23.022,-1.8229
0.88099,-0.22489,0.088178,0.40683,-57.959,23.029,-1.8159
0.881,-0.22503,0.088098,0.40674,-57.919,23.036,-1.8089
0.88101,-0.22518,0.088018,0.40666,-57.879,23.043,-1.8019
0.88102,-0.22532,0.087938,0.40657,-57.838,23.05,-1.7949
0.88103,-0.22547,0.087857,0.40648,-57.797,23.057,-1.7879
0.88104,-0.22561,0.087777,0.4064,-57.756,23.065,-1.7809
0.88105,-0.22575,0.087697,0.40631,-57.715,23.072,-1.7739
0.88106,-0.2259,0.087617,0.40622,-57.673,23.079,-1.7669
0.88108,-0.22604,0.087537,0.40614,-57.63,23.086,-1.7599
0.88109,-0.22619,0.087456,0.40605,-57.588,23.093,-1.7529
0.8811,-0.22633,0.087376,0.40596,-57.545,23.101,-1.7459
0.88111,-0.22648,0.087296,0.40588,-57.501,23.108,-1.7388
0.88112,-0.22662,0.087216,0.40579,-57.457,23.115,-1.7318
0.88113,-0.22677,0.087135,0.4057,-57.413,23.122,-1.7247
0.88114,-0.22691,0.087055,0.40562,-57.369,23.13,-1.7177
0.88115,-0.22706,0.086975,0.40553,-57.324,23.137,-1.7107
0.88116,-0.2272,0.086894,0.40544,-57.279,23.144,-1.7036
0.88117,-0.22735,0.086814,0.40536,-57.233,23.152,-1.6966
0.88118,-0.22749,0.086734,0.40527,-57.188,23.159,-1.6895
0.88119,-0.22763,0.086654,0.40518,-57.141,23.166,-1.6824
0.8812,-0.22778,0.086573,0.4051,-57.095,23.173,-1.6754
0.88121,-0.22792,0.086493,0.40501,-57.048,23.181,-1.6683
0.88122,-0.22807,0.086413,0.40492,-57.001,23.188,-1.6612
0.88123,-0.22821,0.086333,0.40483,-56.953,23.195,-1.6542
0.88125,-0.22836,0.086252,0.40475,-56.905,23.203,-1.6471
0.88126,-0.2285,0.086172,0.40466,-56.857,23.21,-1.64
0.88127,-0.22865,0.086092,0.40457,-56.808,23.217,-1.6329
0.88128,-0.22879,0.086011,0.40449,-56.759,23.225,-1.6258
0.88129,-0.22894,0.085931,0.4044,-56.71,23.232,-1.6187
0.8813,-0.22908,0.085851,0.40431,-56.661,23.239,-1.6116
0.88131,-0.22922,0.08577,0.40423,-56.611,23.247,-1.6045
0.88132,-0.22937,0.08569,0.40414,-56.56,23.254,-1.5974
0.88133,-0.22951,0.08561,0.40405,-56.51,23.262,-1.5903
0.88134,-0.22966,0.085529,0.40396,-56.459,23.269,-1.5832
0.88135,-0.2298,0.085449,0.40388,-56.407,23.276,-1.5761
0.88136,-0.22995,0.085369,0.40379,-56.356,23.284,-1.569
0.88137,-0.23009,0.085288,0.4037,-56.304,23.291,-1.5618
0.88138,-0.23024,0.085208,0.40362,-56.251,23.299,-1.5547
0.88139,-0.23038,0.085128,0.40353,-56.199,23.306,-1.5476
0.8814,-0.23052,0.085047,0.40344,-56.146,23.314,-1.5405
0.88141,-0.23067,0.084967,0.40335,-56.093,23.321,-1.5333
0.88142,-0.23081,0.084887,0.40327,-56.039,23.328,-1.5262
0.88143,-0.23096,0.084806,0.40318,-55.985,23.336,-1.519
0.88144,-0.2311,0.084726,0.40309,-55.931,23.343,-1.5119
0.88145,-0.23125,0.084646,0.40301,-55.876,23.351,-1.5047
0.88146,-0.23139,0.084565,0.40292,-55.821,23.358,-1.4976
0.88147,-0.23153,0.084485,0.40283,-55.766,23.366,-1.4904
0.88147,-0.23168,0.084405,0.40274,-55.711,23.373,-1.4833
0.88148,-0.23182,0.084324,0.40266,-55.655,23.381,-1.4761
0.88149,-0.23197,0.084244,0.40257,-55.599,23.388,-1.4689
0.8815,-0.23211,0.084164,0.40248,-55.542,23.396,-1.4618
0.88151,-0.23226,0.084083,0.40239,-55.485,23.403,-1.4546
0.88152,-0.2324,0.084003,0.40231,-55.428,23.411,-1.4474
0.88153,-0.23255,0.083922,0.40222,-55.371,23.418,-1.4402
0.88154,-0.23269,0.083842,0.40213,-55.313,23.426,-1.433
0.88155,-0.23283,0.083762,0.40205,-55.255,23.433,-1.4259
0.88156,-0.23298,0.083681,0.40196,-55.197,23.441,-1.4187
0.88157,-0.23312,0.083601,0.40187,-55.138,23.448,-1.4115
0.88158,-0.23327,0.08352,0.40178,-55.079,23.456,-1.4043
0.88159,-0.23341,0.08344,0.4017,-55.02,23.464,-1.3971
0.8816,-0.23355,0.08336,0.40161,-54.96,23.471,-1.3899
0.88161,-0.2337,0.083279,0.40152,-54.9,23.479,-1.3827
0.88162,-0.23384,0.083199,0.40143,-54.84,23.486,-1.3755
0.88162,-0.23399,0.083118,0.40135,-54.78,23.494,-1.3682
0.88163,-0.23413,0.083038,0.40126,-54.719,23.501,-1.361
0.88164,-0.23428,0.082958,0.40117,-54.658,23.509,-1.3538
0.88165,-0.23442,0.082877,0.40108,-54.596,23.517,-1.3466
0.88166,-0.23456,0.082797,0.401,-54.535,23.524,-1.3394
0.88167,-0.23471,0.082716,0.40091,-54.473,23.532,-1.3321
0.88168,-0.23485,0.082636,0.40082,-54.41,23.54,-1.3249
0.88169,-0.235,0.082556,0.40073,-54.348,23.547,-1.3177
0.8817,-0.23514,0.082475,0.40065,-54.285,23.555,-1.3104
0.88171,-0.23529,0.082395,0.40056,-54.222,23.562,-1.3032
0.88171,-0.23543,0.082314,0.40047,-54.158,23.57,-1.296
0.88172,-0.23557,0.082234,0.40038,-54.095,23.578,-1.2887
0.88173,-0.23572,0.082153,0.4003,-54.031,23.585,-1.2815
0.88174,-0.23586,0.082073,0.40021,-53.967,23.593,-1.2742
0.88175,-0.23601,0.081992,0.40012,-53.902,23.601,-1.267
0.88176,-0.23615,0.081912,0.40003,-53.837,23.609,-1.2597
0.88177,-0.23629,0.081832,0.39994,-53.772,23.616,-1.2524
0.88178,-0.23644,0.081751,0.39986,-53.707,23.624,-1.2452
0.88178,-0.23658,0.081671,0.39977,-53.641,23.632,-1.2379
0.88179,-0.23673,0.08159,0.39968,-53.575,23.639,-1.2306
0.8818,-0.23687,0.08151,0.39959,-53.509,23.647,-1.2234
0.88181,-0.23701,0.081429,0.39951,-53.442,23.655,-1.2161
0.88182,-0.23716,0.081349,0.39942,-53.375,23.663,-1.2088
0.88183,-0.2373,0.081268,0.39933,-53.308,23.67,-1.2016
0.88184,-0.23745,0.081188,0.39924,-53.241,23.678,-1.1943
0.88184,-0.23759,0.081107,0.39915,-53.173,23.686,-1.187
0.88185,-0.23773,0.081027,0.39907,-53.106,23.694,-1.1797
0.88186,-0.23788,0.080946,0.39898,-53.038,23.701,-1.1724
0.88187,-0.23802,0.080866,0.39889,-52.969,23.709,-1.1651
0.88188,-0.23817,0.080785,0.3988,-52.9,23.717,-1.1578
0.88189,-0.23831,0.080705,0.39872,-52.832,23.725,-1.1505
0.88189,-0.23845,0.080624,0.39863,-52.762,23.732,-1.1432
0.8819,-0.2386,0.080544,0.39854,-52.693,23.74,-1.1359
0.88191,-0.23874,0.080463,0.39845,-52.623,23.748,-1.1286
0.88192,-0.23889,0.080383,0.39836,-52.553,23.756,-1.1213
0.88193,-0.23903,0.080302,0.39828,-52.483,23.764,-1.114
0.88193,-0.23917,0.080222,0.39819,-52.413,23.771,-1.1067
0.88194,-0.23932,0.080141,0.3981,-52.342,23.779,-1.0994
0.88195,-0.23946,0.080061,0.39801,-52.271,23.787,-1.0921
0.88196,-0.23961,0.07998,0.39792,-52.2,23.795,-1.0847
0.88197,-0.23975,0.0799,0.39784,-52.128,23.803,-1.0774
0.88197,-0.23989,0.079819,0.39775,-52.057,23.811,-1.0701
0.88198,-0.24004,0.079739,0.39766,-51.985,23.818,-1.0628
0.88199,-0.24018,0.079658,0.39757,-51.913,23.826,-1.0554
0.882,-0.24032,0.079578,0.39748,-51.84,23.834,-1.0481
0.882,-0.24047,0.079497,0.39739,-51.768,23.842,-1.0408
0.88201,-0.24061,0.079417,0.39731,-51.695,23.85,-1.0334
0.88202,-0.24076,0.079336,0.39722,-51.622,23.858,-1.0261
0.88203,-0.2409,0.079256,0.39713,-51.548,23.866,-1.0187
0.88204,-0.24104,0.079175,0.39704,-51.475,23.874,-1.0114
0.88204,-0.24119,0.079094,0.39695,-51.401,23.882,-1.0041
0.88205,-0.24133,0.079014,0.39687,-51.327,23.889,-0.9967
0.88206,-0.24148,0.078933,0.39678,-51.252,23.897,-0.98935
0.88207,-0.24162,0.078853,0.39669,-51.178,23.905,-0.982
0.88207,-0.24176,0.078772,0.3966,-51.103,23.913,-0.97465
0.88208,-0.24191,0.078692,0.39651,-51.028,23.921,-0.96729
0.88209,-0.24205,0.078611,0.39642,-50.953,23.929,-0.95993
0.8821,-0.24219,0.07853,0.39634,-50.878,23.937,-0.95257
0.8821,-0.24234,0.07845,0.39625,-50.802,23.945,-0.9452
0.88211,-0.24248,0.078369,0.39616,-50.726,23.953,-0.93784
0.88212,-0.24263,0.078289,0.39607,-50.65,23.961,-0.93047
0.88212,-0.24277,0.078208,0.39598,-50.574,23.969,-0.9231
0.88213,-0.24291,0.078128,0.39589,-50.497,23.977,-0.91573
0.88214,-0.24306,0.078047,0.39581,-50.421,23.985,-0.90835
0.88215,-0.2432,0.077966,0.39572,-50.344,23.993,-0.90098
0.88215,-0.24334,0.077886,0.39563,-50.267,24.001,-0.8936
0.88216,-0.24349,0.077805,0.39554,-50.189,24.009,-0.88622
0.88217,-0.24363,0.077725,0.39545,-50.112,24.017,-0.87884
0.88217,-0.24377,0.077644,0.39536,-50.034,24.025,-0.87145
0.88218,-0.24392,0.077563,0.39528,-49.956,24.033,-0.86407
0.88219,-0.24406,0.077483,0.39519,-49.878,24.041,-0.85668
0.8822,-0.24421,0.077402,0.3951,-49.799,24.049,-0.84929
0.8822,-0.24435,0.077322,0.39501,-49.721,24.057,-0.8419
0.88221,-0.24449,0.077241,0.39492,-49.642,24.065,-0.8345
0.88222,-0.24464,0.07716,0.39483,-49.563,24.073,-0.82711
0.88222,-0.24478,0.07708,0.39474,-49.484,24.081,-0.81971
0.88223,-0.24492,0.076999,0.39466,-49.405,24.089,-0.81231
0.88224,-0.24507,0.076919,0.39457,-49.325,24.097,-0.80491
0.88224,-0.24521,0.076838,0.39448,-49.245,24.105,-0.79751
0.88225,-0.24535,0.076757,0.39439,-49.166,24.113,-0.7901
0.88226,-0.2455,0.076677,0.3943,-49.085,24.122,-0.78269
0.88226,-0.24564,0.076596,0.39421,-49.005,24.13,-0.77529
0.88227,-0.24578,0.076515,0.39412,-48.925,24.138,-0.76788
0.88228,-0.24593,0.076435,0.39404,-48.844,24.146,-0.76046
0.88228,-0.24607,0.076354,0.39395,-48.763,24.154,-0.75305
0.88229,-0.24622,0.076273,0.39386,-48.682,24.162,-0.74563
0.8823,-0.24636,0.076193,0.39377,-48.601,24.17,-0.73822
0.8823,-0.2465,0.076112,0.39368,-48.52,24.178,-0.7308
0.88231,-0.24665,0.076031,0.39359,-48.438,24.186,-0.72338
0.88232,-0.24679,0.075951,0.3935,-48.357,24.195,-0.71596
0.88232,-0.24693,0.07587,0.39342,-48.275,24.203,-0.70853
0.88233,-0.24708,0.07579,0.39333,-48.193,24.211,-0.70111
0.88233,-0.24722,0.075709,0.39324,-48.111,24.219,-0.69368
0.88234,-0.24736,0.075628,0.39315,-48.028,24.227,-0.68625
0.88235,-0.24751,0.075548,0.39306,-47.946,24.235,-0.67882
0.88235,-0.24765,0.075467,0.39297,-47.863,24.244,-0.67139
0.88236,-0.24779,0.075386,0.39288,-47.78,24.252,-0.66396
0.88237,-0.24794,0.075305,0.39279,-47.697,24.26,-0.65653
0.88237,-0.24808,0.075225,0.3927,-47.614,24.268,-0.64909
0.88238,-0.24822,0.075144,0.39262,-47.531,24.276,-0.64165
0.88238,-0.24837,0.075063,0.39253,-47.447,24.285,-0.63421
0.88239,-0.24851,0.074983,0.39244,-47.364,24.293,-0.62677
0.8824,-0.24865,0.074902,0.39235,-47.28,24.301,-0.61933
0.8824,-0.2488,0.074821,0.39226,-47.196,24.309,-0.61189
0.88241,-0.24894,0.074741,0.39217,-47.112,24.317,-0.60444
0.88241,-0.24908,0.07466,0.39208,-47.028,24.326,-0.597
0.88242,-0.24923,0.074579,0.39199,-46.943,24.334,-0.58955
0.88243,-0.24937,0.074499,0.3919,-46.859,24.342,-0.5821
0.88243,-0.24951,0.074418,0.39182,-46.774,24.35,-0.57465
0.88244,-0.24966,0.074337,0.39173,-46.69,24.359,-0.5672
0.88244,-0.2498,0.074256,0.39164,-46.605,24.367,-0.55975
0.88245,-0.24994,0.074176,0.39155,-46.52,24.375,-0.5523
0.88245,-0.25009,0.074095,0.39146,-46.435,24.383,-0.54484
0.88246,-0.25023,0.074014,0.39137,-46.349,24.392,-0.53739
0.88247,-0.25037,0.073934,0.39128,-46.264,24.4,-0.52993
0.88247,-0.25052,0.073853,0.39119,-46.178,24.408,-0.52247
0.88248,-0.25066,0.073772,0.3911,-46.093,24.417,-0.51501
0.88248,-0.2508,0.073691,0.39101,-46.007,24.425,-0.50755
0.88249,-0.25095,0.073611,0.39093,-45.921,24.433,-0.50009
0.88249,-0.25109,0.07353,0.39084,-45.835,24.441,-0.49263
0.8825,-0.25123,0.073449,0.39075,-45.749,24.45,-0.48516
0.8825,-0.25138,0.073368,0.39066,-45.663,24.458,-0.4777
0.88251,-0.25152,0.073288,0.39057,-45.576,24.466,-0.47023
0.88252,-0.25166,0.073207,0.39048,-45.49,24.475,-0.46276
0.88252,-0.2518,0.073126,0.39039,-45.403,24.483,-0.45529
0.88253,-0.25195,0.073045,0.3903,-45.316,24.491,-0.44783
0.88253,-0.25209,0.072965,0.39021,-45.23,24.5,-0.44036
0.88254,-0.25223,0.072884,0.39012,-45.143,24.508,-0.43288
0.88254,-0.25238,0.072803,0.39003,-45.056,24.517,-0.42541
0.88255,-0.25252,0.072722,0.38994,-44.969,24.525,-0.41794
0.88255,-0.25266,0.072642,0.38985,-44.881,24.533,-0.41046
0.88256,-0.25281,0.072561,0.38977,-44.794,24.542,-0.40299
0.88256,-0.25295,0.07248,0.38968,-44.707,24.55,-0.39551
0.88257,-0.25309,0.072399,0.38959,-44.619,24.558,-0.38804
0.88257,-0.25324,0.072319,0.3895,-44.531,24.567,-0.38056
0.88258,-0.25338,0.072238,0.38941,-44.444,24.575,-0.37308
0.88258,-0.25352,0.072157,0.38932,-44.356,24.584,-0.3656
0.88259,-0.25367,0.072076,0.38923,-44.268,24.592,-0.35812
0.88259,-0.25381,0.071995,0.38914,-44.18,24.6,-0.35064
0.8826,-0.25395,0.071915,0.38905,-44.092,24.609,-0.34316
0.8826,-0.25409,0.071834,0.38896,-44.004,24.617,-0.33567
0.88261,-0.25424,0.071753,0.38887,-43.916,24.626,-0.32819
0.88261,-0.25438,0.071672,0.38878,-43.827,24.634,-0.32071
0.88262,-0.25452,0.071592,0.38869,-43.739,24.643,-0.31322
0.88262,-0.25467,0.071511,0.3886,-43.651,24.651,-0.30574
0.88263,-0.25481,0.07143,0.38851,-43.562,24.659,-0.29825
0.88263,-0.25495,0.071349,0.38842,-43.473,24.668,-0.29076
0.88263,-0.2551,0.071268,0.38833,-43.385,24.676,-0.28327
0.88264,-0.25524,0.071188,0.38825,-43.296,24.685,-0.27579
0.88264,-0.25538,0.071107,0.38816,-43.207,24.693,-0.2683
0.88265,-0.25552,0.071026,0.38807,-43.118,24.702,-0.26081
0.88265,-0.25567,0.070945,0.38798,-43.029,24.71,-0.25332
0.88266,-0.25581,0.070864,0.38789,-42.94,24.719,-0.24583
0.88266,-0.25595,0.070783,0.3878,-42.851,24.727,-0.23834
0.88267,-0.2561,0.070703,0.38771,-42.762,24.736,-0.23084
0.88267,-0.25624,0.070622,0.38762,-42.673,24.744,-0.22335
0.88267,-0.25638,0.070541,0.38753,-42.584,24.753,-0.21586
0.88268,-0.25652,0.07046,0.38744,-42.495,24.761,-0.20837
0.88268,-0.25667,0.070379,0.38735,-42.405,24.77,-0.20087
0.88269,-0.25681,0.070298,0.38726,-42.316,24.778,-0.19338
0.88269,-0.25695,0.070218,0.38717,-42.226,24.787,-0.18588
0.8827,-0.2571,0.070137,0.38708,-42.137,24.795,-0.17839
0.8827,-0.25724,0.070056,0.38699,-42.048,24.804,-0.17089
0.8827,-0.25738,0.069975,0.3869,-41.958,24.812,-0.1634
0.88271,-0.25752,0.069894,0.38681,-41.868,24.821,-0.1559
0.88271,-0.25767,0.069813,0.38672,-41.779,24.83,-0.1484
0.88272,-0.25781,0.069733,0.38663,-41.689,24.838,-0.14091
0.88272,-0.25795,0.069652,0.38654,-41.599,24.847,-0.13341
0.88272,-0.2581,0.069571,0.38645,-41.51,24.855,-0.12591
0.88273,-0.25824,0.06949,0.38636,-41.42,24.864,-0.11842
0.88273,-0.25838,0.069409,0.38627,-41.33,24.872,-0.11092
0.88274,-0.25852,0.069328,0.38618,-41.24,24.881,-0.10342
0.88274,-0.25867,0.069247,0.38609,-41.15,24.89,-0.095921
0.88274,-0.25881,0.069166,0.386,-41.061,24.898,-0.088422
0.88275,-0.25895,0.069086,0.38591,-40.971,24.907,-0.080923
0.88275,-0.25909,0.069005,0.38582,-40.881,24.915,-0.073424
0.88275,-0.25924,0.068924,0.38573,-40.791,24.924,-0.065925
0.88276,-0.25938,0.068843,0.38564,-40.701,24.933,-0.058425
0.88276,-0.25952,0.068762,0.38555,-40.611,24.941,-0.050926
0.88277,-0.25966,0.068681,0.38546,-40.521,24.95,-0.043426
0.88277,-0.25981,0.0686,0.38537,-40.431,24.959,-0.035926
0.88277,-0.25995,0.068519,0.38528,-40.341,24.967,-0.028426
0.88278,-0.26009,0.068439,0.38519,-40.251,24.976,-0.020926
0.88278,-0.26024,0.068358,0.3851,-40.161,24.985,-0.013427
0.88278,-0.26038,0.068277,0.38501,-40.071,24.993,-0.0059265
0.88279,-0.26052,0.068196,0.38492,-39.981,25.002,0.0015735
0.88279,-0.26066,0.068115,0.38483,-39.891,25.01,0.0090735
0.88279,-0.26081,0.068034,0.38474,-39.801,25.019,0.016573
0.8828,-0.26095,0.067953,0.38465,-39.711,25.028,0.024073
0.8828,-0.26109,0.067872,0.38456,-39.621,25.037,0.031573
0.8828,-0.26123,0.067791,0.38447,-39.531,25.045,0.039073
0.88281,-0.26138,0.06771,0.38438,-39.441,25.054,0.046573
0.88281,-0.26152,0.06763,0.38429,-39.351,25.063,0.054072
0.88281,-0.26166,0.067549,0.3842,-39.261,25.071,0.061572
0.88282,-0.2618,0.067468,0.38411,-39.171,25.08,0.069071
0.88282,-0.26195,0.067387,0.38402,-39.081,25.089,0.07657
0.88282,-0.26209,0.067306,0.38393,-38.992,25.097,0.08407
0.88283,-0.26223,0.067225,0.38384,-38.902,25.106,0.091568
0.88283,-0.26237,0.067144,0.38375,-38.812,25.115,0.099067
0.88283,-0.26252,0.067063,0.38366,-38.722,25.124,0.10657
0.88283,-0.26266,0.066982,0.38357,-38.632,25.132,0.11406
0.88284,-0.2628,0.066901,0.38348,-38.542,25.141,0.12156
0.88284,-0.26294,0.06682,0.38339,-38.453,25.15,0.12906
0.88284,-0.26309,0.066739,0.3833,-38.363,25.159,0.13656
0.88285,-0.26323,0.066658,0.38321,-38.273,25.167,0.14405
0.88285,-0.26337,0.066577,0.38312,-38.184,25.176,0.15155
0.88285,-0.26351,0.066496,0.38303,-38.094,25.185,0.15905
0.88285,-0.26366,0.066416,0.38294,-38.004,25.194,0.16654
0.88286,-0.2638,0.066335,0.38285,-37.915,25.202,0.17404
0.88286,-0.26394,0.066254,0.38276,-37.825,25.211,0.18153
0.88286,-0.26408,0.066173,0.38267,-37.736,25.22,0.18903
0.88287,-0.26423,0.066092,0.38258,-37.647,25.229,0.19652
0.88287,-0.26437,0.066011,0.38249,-37.557,25.237,0.20402
0.88287,-0.26451,0.06593,0.3824,-37.468,25.246,0.21151
0.88287,-0.26465,0.065849,0.38231,-37.379,25.255,0.219
0.88288,-0.26479,0.065768,0.38222,-37.289,25.264,0.2265
0.88288,-0.26494,0.065687,0.38213,-37.2,25.273,0.23399
0.88288,-0.26508,0.065606,0.38204,-37.111,25.281,0.24148
0.88288,-0.26522,0.065525,0.38194,-37.022,25.29,0.24897
0.88289,-0.26536,0.065444,0.38185,-36.933,25.299,0.25646
0.88289,-0.26551,0.065363,0.38176,-36.844,25.308,0.26395
0.88289,-0.26565,0.065282,0.38167,-36.756,25.317,0.27144
0.88289,-0.26579,0.065201,0.38158,-36.667,25.326,0.27893
0.88289,-0.26593,0.06512,0.38149,-36.578,25.334,0.28642
0.8829,-0.26608,0.065039,0.3814,-36.489,25.343,0.2939
0.8829,-0.26622,0.064958,0.38131,-36.401,25.352,0.30139
0.8829,-0.26636,0.064877,0.38122,-36.312,25.361,0.30888
0.8829,-0.2665,0.064796,0.38113,-36.224,25.37,0.31636
0.88291,-0.26664,0.064715,0.38104,-36.136,25.379,0.32385
0.88291,-0.26679,0.064634,0.38095,-36.047,25.388,0.33133
0.88291,-0.26693,0.064553,0.38086,-35.959,25.397,0.33881
0.88291,-0.26707,0.064472,0.38077,-35.871,25.405,0.3463
0.88291,-0.26721,0.064391,0.38068,-35.783,25.414,0.35378
0.88292,-0.26736,0.06431,0.38059,-35.695,25.423,0.36126
0.88292,-0.2675,0.064229,0.3805,-35.607,25.432,0.36874
0.88292,-0.26764,0.064148,0.3804,-35.519,25.441,0.37622
0.88292,-0.26778,0.064067,0.38031,-35.432,25.45,0.3837
0.88292,-0.26792,0.063986,0.38022,-35.344,25.459,0.39117
0.88292,-0.26807,0.063905,0.38013,-35.257,25.468,0.39865
0.88293,-0.26821,0.063824,0.38004,-35.169,25.477,0.40613
0.88293,-0.26835,0.063743,0.37995,-35.082,25.486,0.4136
0.88293,-0.26849,0.063662,0.37986,-34.995,25.494,0.42107
0.88293,-0.26863,0.063581,0.37977,-34.908,25.503,0.42855
0.88293,-0.26878,0.0635,0.37968,-34.821,25.512,0.43602
0.88294,-0.26892,0.063419,0.37959,-34.734,25.521,0.44349
0.88294,-0.26906,0.063338,0.3795,-34.647,25.53,0.45096
0.88294,-0.2692,0.063257,0.37941,-34.561,25.539,0.45843
0.88294,-0.26934,0.063176,0.37932,-34.474,25.548,0.4659
0.88294,-0.26949,0.063095,0.37922,-34.388,25.557,0.47336
0.88294,-0.26963,0.063014,0.37913,-34.301,25.566,0.48083
0.88294,-0.26977,0.062932,0.37904,-34.215,25.575,0.48829
0.88295,-0.26991,0.062851,0.37895,-34.129,25.584,0.49576
0.88295,-0.27005,0.06277,0.37886,-34.043,25.593,0.50322
0.88295,-0.2702,0.062689,0.37877,-33.957,25.602,0.51068
0.88295,-0.27034,0.062608,0.37868,-33.871,25.611,0.51814
0.88295,-0.27048,0.062527,0.37859,-33.786,25.62,0.5256
0.88295,-0.27062,0.062446,0.3785,-33.7,25.629,0.53306
0.88295,-0.27076,0.062365,0.37841,-33.615,25.638,0.54052
0.88295,-0.27091,0.062284,0.37831,-33.53,25.647,0.54797
0.88296,-0.27105,0.062203,0.37822,-33.445,25.656,0.55542
0.88296,-0.27119,0.062122,0.37813,-33.36,25.665,0.56288
0.88296,-0.27133,0.062041,0.37804,-33.275,25.674,0.57033
0.88296,-0.27147,0.06196,0.37795,-33.19,25.683,0.57778
0.88296,-0.27162,0.061879,0.37786,-33.106,25.692,0.58523
0.88296,-0.27176,0.061798,0.37777,-33.021,25.701,0.59268
0.88296,-0.2719,0.061717,0.37768,-32.937,25.71,0.60012
0.88296,-0.27204,0.061635,0.37759,-32.853,25.719,0.60757
0.88296,-0.27218,0.061554,0.3775,-32.769,25.728,0.61501
0.88296,-0.27233,0.061473,0.3774,-32.685,25.737,0.62245
0.88297,-0.27247,0.061392,0.37731,-32.601,25.746,0.6299
0.88297,-0.27261,0.061311,0.37722,-32.518,25.755,0.63733
0.88297,-0.27275,0.06123,0.37713,-32.434,25.764,0.64477
0.88297,-0.27289,0.061149,0.37704,-32.351,25.773,0.65221
0.88297,-0.27303,0.061068,0.37695,-32.268,25.782,0.65964
0.88297,-0.27318,0.060987,0.37686,-32.185,25.791,0.66708
0.88297,-0.27332,0.060906,0.37677,-32.102,25.801,0.67451
0.88297,-0.27346,0.060824,0.37667,-32.02,25.81,0.68194
0.88297,-0.2736,0.060743,0.37658,-31.937,25.819,0.68937
0.88297,-0.27374,0.060662,0.37649,-31.855,25.828,0.6968
0.88297,-0.27388,0.060581,0.3764,-31.773,25.837,0.70422
0.88297,-0.27403,0.0605,0.37631,-31.691,25.846,0.71165
0.88297,-0.27417,0.060419,0.37622,-31.609,25.855,0.71907
0.88297,-0.27431,0.060338,0.37613,-31.527,25.864,0.72649
0.88297,-0.27445,0.060257,0.37604,-31.446,25.873,0.73391
0.88297,-0.27459,0.060176,0.37594,-31.365,25.882,0.74133
0.88297,-0.27473,0.060094,0.37585,-31.284,25.891,0.74875
0.88297,-0.27488,0.060013,0.37576,-31.203,25.901,0.75616
0.88298,-0.27502,0.059932,0.37567,-31.122,25.91,0.76357
0.88298,-0.27516,0.059851,0.37558,-31.041,25.919,0.77099
0.88298,-0.2753,0.05977,0.37549,-30.961,25.928,0.77839
0.88298,-0.27544,0.059689,0.3754,-30.881,25.937,0.7858
0.88298,-0.27558,0.059608,0.3753,-30.801,25.946,0.79321
0.88298,-0.27573,0.059527,0.37521,-30.721,25.955,0.80061
0.88298,-0.27587,0.059445,0.37512,-30.641,25.965,0.80801
0.88298,-0.27601,0.059364,0.37503,-30.562,25.974,0.81542
0.88298,-0.27615,0.059283,0.37494,-30.483,25.983,0.82281
0.88298,-0.27629,0.059202,0.37485,-30.404,25.992,0.83021
0.88298,-0.27643,0.059121,0.37476,-30.325,26.001,0.83761
0.88298,-0.27658,0.05904,0.37466,-30.246,26.01,0.845
0.88298,-0.27672,0.058958,0.37457,-30.168,26.02,0.85239
0.88298,-0.27686,0.058877,0.37448,-30.089,26.029,0.85978
0.88298,-0.277,0.058796,0.37439,-30.011,26.038,0.86717
0.88298,-0.27714,0.058715,0.3743,-29.933,26.047,0.87455
0.88298,-0.27728,0.058634,0.37421,-29.856,26.056,0.88194
0.88298,-0.27742,0.058553,0.37411,-29.778,26.065,0.88932
0.88298,-0.27757,0.058472,0.37402,-29.701,26.075,0.8967
0.88297,-0.27771,0.05839,0.37393,-29.624,26.084,0.90407
0.88297,-0.27785,0.058309,0.37384,-29.547,26.093,0.91145
0.88297,-0.27799,0.058228,0.37375,-29.471,26.102,0.91882
0.88297,-0.27813,0.058147,0.37366,-29.394,26.111,0.92619
0.88297,-0.27827,0.058066,0.37356,-29.318,26.121,0.93356
0.88297,-0.27842,0.057985,0.37347,-29.242,26.13,0.94093
0.88297,-0.27856,0.057903,0.37338,-29.166,26.139,0.94829
0.88297,-0.2787,0.057822,0.37329,-29.091,26.148,0.95566
0.88297,-0.27884,0.057741,0.3732,-29.015,26.158,0.96302
0.88297,-0.27898,0.05766,0.37311,-28.94,26.167,0.97038
0.88297,-0.27912,0.057579,0.37301,-28.865,26.176,0.97773
0.88297,-0.27926,0.057497,0.37292,-28.791,26.185,0.98509
0.88297,-0.2794,0.057416,0.37283,-28.716,26.195,0.99244
0.88297,-0.27955,0.057335,0.37274,-28.642,26.204,0.99979
0.88297,-0.27969,0.057254,0.37265,-28.568,26.213,1.0071
0.88297,-0.27983,0.057173,0.37255,-28.494,26.222,1.0145
0.88297,-0.27997,0.057091,0.37246,-28.421,26.232,1.0218
0.88296,-0.28011,0.05701,0.37237,-28.348,26.241,1.0292
0.88296,-0.28025,0.056929,0.37228,-28.275,26.25,1.0365
0.88296,-0.28039,0.056848,0.37219,-28.202,26.259,1.0438
0.88296,-0.28054,0.056767,0.3721,-28.129,26.269,1.0512
0.88296,-0.28068,0.056685,0.372,-28.057,26.278,1.0585
0.88296,-0.28082,0.056604,0.37191,-27.985,26.287,1.0658
0.88296,-0.28096,0.056523,0.37182,-27.913,26.296,1.0732
0.88296,-0.2811,0.056442,0.37173,-27.842,26.306,1.0805
0.88296,-0.28124,0.056361,0.37164,-27.77,26.315,1.0878
0.88296,-0.28138,0.056279,0.37154,-27.699,26.324,1.0951
0.88296,-0.28152,0.056198,0.37145,-27.628,26.334,1.1024
0.88295,-0.28167,0.056117,0.37136,-27.558,26.343,1.1098
0.88295,-0.28181,0.056036,0.37127,-27.487,26.352,1.1171
0.88295,-0.28195,0.055954,0.37118,-27.417,26.362,1.1244
0.88295,-0.28209,0.055873,0.37108,-27.347,26.371,1.1317
0.88295,-0.28223,0.055792,0.37099,-27.278,26.38,1.139
0.88295,-0.28237,0.055711,0.3709,-27.209,26.39,1.1463
0.88295,-0.28251,0.05563,0.37081,-27.139,26.399,1.1536
0.88294,-0.28265,0.055548,0.37072,-27.071,26.408,1.1609
0.88294,-0.28279,0.055467,0.37062,-27.002,26.418,1.1682
0.88294,-0.28294,0.055386,0.37053,-26.934,26.427,1.1755
0.88294,-0.28308,0.055305,0.37044,-26.866,26.436,1.1828
0.88294,-0.28322,0.055223,0.37035,-26.798,26.446,1.19
0.88294,-0.28336,0.055142,0.37025,-26.731,26.455,1.1973
0.88294,-0.2835,0.055061,0.37016,-26.663,26.464,1.2046
0.88293,-0.28364,0.05498,0.37007,-26.597,26.474,1.2119
0.88293,-0.28378,0.054898,0.36998,-26.53,26.483,1.2192
0.88293,-0.28392,0.054817,0.36989,-26.463,26.492,1.2264
0.88293,-0.28406,0.054736,0.36979,-26.397,26.502,1.2337
0.88293,-0.28421,0.054655,0.3697,-26.331,26.511,1.241
0.88293,-0.28435,0.054573,0.36961,-26.266,26.52,1.2482
0.88292,-0.28449,0.054492,0.36952,-26.201,26.53,1.2555
0.88292,-0.28463,0.054411,0.36942,-26.136,26.539,1.2627
0.88292,-0.28477,0.054329,0.36933,-26.071,26.549,1.27
0.88292,-0.28491,0.054248,0.36924,-26.006,26.558,1.2773
0.88292,-0.28505,0.054167,0.36915,-25.942,26.567,1.2845
0.88291,-0.28519,0.054086,0.36906,-25.878,26.577,1.2918
0.88291,-0.28533,0.054004,0.36896,-25.815,26.586,1.299
0.88291,-0.28547,0.053923,0.36887,-25.752,26.596,1.3062
0.88291,-0.28561,0.053842,0.36878,-25.689,26.605,1.3135
0.88291,-0.28576,0.053761,0.36869,-25.626,26.614,1.3207
0.8829,-0.2859,0.053679,0.36859,-25.563,26.624,1.3279
0.8829,-0.28604,0.053598,0.3685,-25.501,26.633,1.3352
0.8829,-0.28618,0.053517,0.36841,-25.439,26.643,1.3424
0.8829,-0.28632,0.053435,0.36832,-25.378,26.652,1.3496
0.8829,-0.28646,0.053354,0.36822,-25.317,26.661,1.3568
0.88289,-0.2866,0.053273,0.36813,-25.256,26.671,1.3641
0.88289,-0.28674,0.053192,0.36804,-25.195,26.68,1.3713
0.88289,-0.28688,0.05311,0.36795,-25.135,26.69,1.3785
0.88289,-0.28702,0.053029,0.36785,-25.075,26.699,1.3857
0.88288,-0.28716,0.052948,0.36776,-25.015,26.709,1.3929
0.88288,-0.2873,0.052866,0.36767,-24.955,26.718,1.4001
0.88288,-0.28745,0.052785,0.36758,-24.896,26.728,1.4073
0.88288,-0.28759,0.052704,0.36748,-24.837,26.737,1.4145
0.88287,-0.28773,0.052622,0.36739,-24.779,26.746,1.4217
0.88287,-0.28787,0.052541,0.3673,-24.721,26.756,1.4289
0.88287,-0.28801,0.05246,0.36721,-24.663,26.765,1.4361
0.88287,-0.28815,0.052379,0.36711,-24.605,26.775,1.4432
0.88286,-0.28829,0.052297,0.36702,-24.548,26.784,1.4504
0.88286,-0.28843,0.052216,0.36693,-24.491,26.794,1.4576
0.88286,-0.28857,0.052135,0.36684,-24.434,26.803,1.4648
0.88286,-0.28871,0.052053,0.36674,-24.378,26.813,1.4719
0.88285,-0.28885,0.051972,0.36665,-24.322,26.822,1.4791
0.88285,-0.28899,0.051891,0.36656,-24.266,26.832,1.4863
0.88285,-0.28913,0.051809,0.36647,-24.211,26.841,1.4934
0.88285,-0.28928,0.051728,0.36637,-24.156,26.851,1.5006
0.88284,-0.28942,0.051647,0.36628,-24.101,26.86,1.5077
0.88284,-0.28956,0.051565,0.36619,-24.046,26.87,1.5149
0.88284,-0.2897,0.051484,0.36609,-23.992,26.879,1.522
0.88283,-0.28984,0.051403,0.366,-23.938,26.889,1.5292
0.88283,-0.28998,0.051321,0.36591,-23.885,26.898,1.5363
0.88283,-0.29012,0.05124,0.36582,-23.832,26.908,1.5434
0.88282,-0.29026,0.051159,0.36572,-23.779,26.917,1.5506
0.88282,-0.2904,0.051077,0.36563,-23.727,26.927,1.5577
0.88282,-0.29054,0.050996,0.36554,-23.674,26.936,1.5648
0.88282,-0.29068,0.050915,0.36544,-23.623,26.946,1.572
0.88281,-0.29082,0.050833,0.36535,-23.571,26.955,1.5791
0.88281,-0.29096,0.050752,0.36526,-23.52,26.965,1.5862
0.88281,-0.2911,0.050671,0.36517,-23.469,26.974,1.5933
0.8828,-0.29124,0.050589,0.36507,-23.419,26.984,1.6004
0.8828,-0.29138,0.050508,0.36498,-23.368,26.993,1.6075
0.8828,-0.29152,0.050427,0.36489,-23.319,27.003,1.6146
0.88279,-0.29166,0.050345,0.36479,-23.269,27.012,1.6217
0.88279,-0.29181,0.050264,0.3647,-23.22,27.022,1.6288
0.88279,-0.29195,0.050182,0.36461,-23.171,27.032,1.6359
0.88278,-0.29209,0.050101,0.36452,-23.123,27.041,1.643
0.88278,-0.29223,0.05002,0.36442,-23.075,27.051,1.6501
0.88277,-0.29237,0.049938,0.36433,-23.027,27.06,1.6571
0.88277,-0.29251,0.049857,0.36424,-22.979,27.07,1.6642
0.88277,-0.29265,0.049776,0.36414,-22.932,27.079,1.6713
0.88276,-0.29279,0.049694,0.36405,-22.886,27.089,1.6783
0.88276,-0.29293,0.049613,0.36396,-22.839,27.098,1.6854
0.88276,-0.29307,0.049532,0.36386,-22.793,27.108,1.6925
0.88275,-0.29321,0.04945,0.36377,-22.747,27.118,1.6995
0.88275,-0.29335,0.049369,0.36368,-22.702,27.127,1.7066
0.88275,-0.29349,0.049287,0.36359,-22.657,27.137,1.7136
0.88274,-0.29363,0.049206,0.36349,-22.612,27.146,1.7207
0.88274,-0.29377,0.049125,0.3634,-22.568,27.156,1.7277
0.88273,-0.29391,0.049043,0.36331,-22.524,27.166,1.7347
0.88273,-0.29405,0.048962,0.36321,-22.481,27.175,1.7418
0.88273,-0.29419,0.048881,0.36312,-22.437,27.185,1.7488
0.88272,-0.29433,0.048799,0.36303,-22.394,27.194,1.7558
0.88272,-0.29447,0.048718,0.36293,-22.352,27.204,1.7628
0.88271,-0.29461,0.048636,0.36284,-22.31,27.213,1.7699
0.88271,-0.29475,0.048555,0.36275,-22.268,27.223,1.7769
0.88271,-0.29489,0.048474,0.36265,-22.227,27.233,1.7839
0.8827,-0.29503,0.048392,0.36256,-22.185,27.242,1.7909
0.8827,-0.29517,0.048311,0.36247,-22.145,27.252,1.7979
0.88269,-0.29531,0.048229,0.36237,-22.104,27.262,1.8049
0.88269,-0.29545,0.048148,0.36228,-22.064,27.271,1.8119
0.88269,-0.29559,0.048067,0.36219,-22.025,27.281,1.8189
0.88268,-0.29573,0.047985,0.36209,-21.985,27.29,1.8258
0.88268,-0.29587,0.047904,0.362,-21.947,27.3,1.8328
0.88267,-0.29601,0.047822,0.36191,-21.908,27.31,1.8398
0.88267,-0.29615,0.047741,0.36181,-21.87,27.319,1.8468
0.88266,-0.2963,0.04766,0.36172,-21.832,27.329,1.8537
0.88266,-0.29644,0.047578,0.36163,-21.795,27.339,1.8607
0.88266,-0.29658,0.047497,0.36153,-21.757,27.348,1.8677
0.88265,-0.29672,0.047415,0.36144,-21.721,27.358,1.8746
0.88265,-0.29686,0.047334,0.36135,-21.684,27.368,1.8816
0.88264,-0.297,0.047252,0.36125,-21.648,27.377,1.8885
0.88264,-0.29714,0.047171,0.36116,-21.613,27.387,1.8955
0.88263,-0.29728,0.04709,0.36107,-21.578,27.396,1.9024
0.88263,-0.29742,0.047008,0.36097,-21.543,27.406,1.9093
0.88262,-0.29756,0.046927,0.36088,-21.508,27.416,1.9163
0.88262,-0.2977,0.046845,0.36079,-21.474,27.425,1.9232
0.88261,-0.29784,0.046764,0.36069,-21.44,27.435,1.9301
0.88261,-0.29798,0.046682,0.3606,-21.407,27.445,1.937
0.8826,-0.29812,0.046601,0.36051,-21.374,27.454,1.9439
0.8826,-0.29826,0.04652,0.36041,-21.342,27.464,1.9508
0.88259,-0.2984,0.046438,0.36032,-21.309,27.474,1.9577
0.88259,-0.29854,0.046357,0.36023,-21.278,27.483,1.9646
0.88258,-0.29868,0.046275,0.36013,-21.246,27.493,1.9715
0.88258,-0.29882,0.046194,0.36004,-21.215,27.503,1.9784
0.88257,-0.29896,0.046112,0.35995,-21.184,27.513,1.9853
0.88257,-0.2991,0.046031,0.35985,-21.154,27.522,1.9922
0.88256,-0.29924,0.045949,0.35976,-21.124,27.532,1.9991
0.88256,-0.29938,0.045868,0.35966,-21.094,27.542,2.0059
0.88255,-0.29952,0.045787,0.35957,-21.065,27.551,2.0128
0.88255,-0.29966,0.045705,0.35948,-21.036,27.561,2.0197
0.88254,-0.2998,0.045624,0.35938,-21.008,27.571,2.0265
0.88254,-0.29994,0.045542,0.35929,-20.98,27.58,2.0334
0.88253,-0.30008,0.045461,0.3592,-20.952,27.59,2.0402
0.88253,-0.30021,0.045379,0.3591,-20.925,27.6,2.0471
0.88252,-0.30035,0.045298,0.35901,-20.898,27.609,2.0539
0.88252,-0.30049,0.045216,0.35892,-20.872,27.619,2.0608
0.88251,-0.30063,0.045135,0.35882,-20.846,27.629,2.0676
0.88251,-0.30077,0.045053,0.35873,-20.82,27.639,2.0744
0.8825,-0.30091,0.044972,0.35863,-20.795,27.648,2.0812
0.8825,-0.30105,0.044891,0.35854,-20.77,27.658,2.0881
0.88249,-0.30119,0.044809,0.35845,-20.745,27.668,2.0949
0.88249,-0.30133,0.044728,0.35835,-20.721,27.678,2.1017
0.88248,-0.30147,0.044646,0.35826,-20.697,27.687,2.1085
0.88247,-0.30161,0.044565,0.35816,-20.674,27.697,2.1153
0.88247,-0.30175,0.044483,0.35807,-20.651,27.707,2.1221
0.88246,-0.30189,0.044402,0.35798,-20.628,27.716,2.1289
0.88246,-0.30203,0.04432,0.35788,-20.606,27.726,2.1356
0.88245,-0.30217,0.044239,0.35779,-20.584,27.736,2.1424
0.88245,-0.30231,0.044157,0.3577,-20.563,27.746,2.1492
0.88244,-0.30245,0.044076,0.3576,-20.542,27.755,2.156
0.88243,-0.30259,0.043994,0.35751,-20.521,27.765,2.1627
0.88243,-0.30273,0.043913,0.35741,-20.501,27.775,2.1695
0.88242,-0.30287,0.043831,0.35732,-20.481,27.785,2.1762
0.88242,-0.30301,0.04375,0.35723,-20.462,27.794,2.183
0.88241,-0.30315,0.043668,0.35713,-20.443,27.804,2.1897
0.88241,-0.30329,0.043587,0.35704,-20.424,27.814,2.1965
0.8824,-0.30343,0.043505,0.35694,-20.406,27.824,2.2032
0.88239,-0.30357,0.043424,0.35685,-20.388,27.833,2.2099
0.88239,-0.30371,0.043342,0.35676,-20.371,27.843,2.2167
0.88238,-0.30385,0.043261,0.35666,-20.354,27.853,2.2234
0.88238,-0.30399,0.043179,0.35657,-20.337,27.863,2.2301
0.88237,-0.30413,0.043098,0.35647,-20.321,27.872,2.2368
0.88236,-0.30427,0.043016,0.35638,-20.305,27.882,2.2435
0.88236,-0.30441,0.042935,0.35629,-20.289,27.892,2.2502
0.88235,-0.30455,0.042853,0.35619,-20.274,27.902,2.2569
0.88234,-0.30468,0.042772,0.3561,-20.26,27.912,2.2636
0.88234,-0.30482,0.04269,0.356,-20.246,27.921,2.2703
0.88233,-0.30496,0.042609,0.35591,-20.232,27.931,2.277
0.88233,-0.3051,0.042527,0.35582,-20.218,27.941,2.2836
0.88232,-0.30524,0.042446,0.35572,-20.205,27.951,2.2903
0.88231,-0.30538,0.042364,0.35563,-20.192,27.961,2.297
0.88231,-0.30552,0.042283,0.35553,-20.18,27.97,2.3036
0.8823,-0.30566,0.042201,0.35544,-20.168,27.98,2.3103
0.88229,-0.3058,0.04212,0.35534,-20.157,27.99,2.3169
0.88229,-0.30594,0.042038,0.35525,-20.146,28,2.3236
0.88228,-0.30608,0.041957,0.35516,-20.135,28.009,2.3302
0.88227,-0.30622,0.041875,0.35506,-20.125,28.019,2.3369
0.88227,-0.30636,0.041794,0.35497,-20.115,28.029,2.3435
0.88226,-0.3065,0.041712,0.35487,-20.106,28.039,2.3501
0.88225,-0.30664,0.041631,0.35478,-20.097,28.049,2.3567
0.88225,-0.30678,0.041549,0.35468,-20.088,28.059,2.3633
0.88224,-0.30692,0.041468,0.35459,-20.08,28.068,2.3699
0.88223,-0.30705,0.041386,0.3545,-20.072,28.078,2.3765
0.88223,-0.30719,0.041304,0.3544,-20.065,28.088,2.3831
0.88222,-0.30733,0.041223,0.35431,-20.058,28.098,2.3897
0.88221,-0.30747,0.041141,0.35421,-20.051,28.108,2.3963
0.88221,-0.30761,0.04106,0.35412,-20.045,28.117,2.4029
0.8822,-0.30775,0.040978,0.35402,-20.039,28.127,2.4095
0.88219,-0.30789,0.040897,0.35393,-20.033,28.137,2.416
0.88219,-0.30803,0.040815,0.35384,-20.028,28.147,2.4226
0.88218,-0.30817,0.040734,0.35374,-20.024,28.157,2.4292
0.88217,-0.30831,0.040652,0.35365,-20.02,28.167,2.4357
0.88216,-0.30845,0.040571,0.35355,-20.016,28.176,2.4423
0.88216,-0.30859,0.040489,0.35346,-20.012,28.186,2.4488
0.88215,-0.30873,0.040408,0.35336,-20.01,28.196,2.4553
0.88214,-0.30887,0.040326,0.35327,-20.007,28.206,2.4619
0.88214,-0.309,0.040244,0.35317,-20.005,28.216,2.4684
0.88213,-0.30914,0.040163,0.35308,-20.003,28.226,2.4749
0.88212,-0.30928,0.040081,0.35299,-20.002,28.235,2.4814
0.88211,-0.30942,0.04,0.35289,-20.001,28.245,2.4879
0.88211,-0.30956,0.039918,0.3528,-20,28.255,2.4944
0.8821,-0.3097,0.039837,0.3527,-20,28.265,2.5009
0.88209,-0.30984,0.039755,0.35261,-20,28.275,2.5074
0.88208,-0.30998,0.039674,0.35251,-20.001,28.285,2.5139
0.88208,-0.31012,0.039592,0.35242,-20.002,28.294,2.5204
0.88207,-0.31026,0.03951,0.35232,-20.003,28.304,2.5269
0.88206,-0.3104,0.039429,0.35223,-20.005,28.314,2.5333
0.88206,-0.31053,0.039347,0.35213,-20.008,28.324,2.5398
0.88205,-0.31067,0.039266,0.35204,-20.01,28.334,2.5463
0.88204,-0.31081,0.039184,0.35195,-20.013,28.344,2.5527
0.88203,-0.31095,0.039103,0.35185,-20.017,28.354,2.5592
0.88202,-0.31109,0.039021,0.35176,-20.021,28.364,2.5656
0.88202,-0.31123,0.038939,0.35166,-20.025,28.373,2.572
0.88201,-0.31137,0.038858,0.35157,-20.03,28.383,2.5785
0.882,-0.31151,0.038776,0.35147,-20.035,28.393,2.5849
0.88199,-0.31165,0.038695,0.35138,-20.04,28.403,2.5913
0.88199,-0.31179,0.038613,0.35128,-20.046,28.413,2.5977
0.88198,-0.31192,0.038531,0.35119,-20.053,28.423,2.6041
0.88197,-0.31206,0.03845,0.35109,-20.059,28.433,2.6105
0.88196,-0.3122,0.038368,0.351,-20.067,28.442,2.6169
0.88195,-0.31234,0.038287,0.3509,-20.074,28.452,2.6233
0.88195,-0.31248,0.038205,0.35081,-20.082,28.462,2.6297
0.88194,-0.31262,0.038124,0.35071,-20.09,28.472,2.6361
0.88193,-0.31276,0.038042,0.35062,-20.099,28.482,2.6424
0.88192,-0.3129,0.03796,0.35052,-20.108,28.492,2.6488
0.88191,-0.31304,0.037879,0.35043,-20.118,28.502,2.6551
0.88191,-0.31317,0.037797,0.35033,-20.128,28.512,2.6615
0.8819,-0.31331,0.037716,0.35024,-20.138,28.522,2.6678
0.88189,-0.31345,0.037634,0.35015,-20.149,28.531,2.6742
0.88188,-0.31359,0.037552,0.35005,-20.16,28.541,2.6805
0.88187,-0.31373,0.037471,0.34996,-20.172,28.551,2.6868
0.88187,-0.31387,0.037389,0.34986,-20.184,28.561,2.6932
0.88186,-0.31401,0.037308,0.34977,-20.196,28.571,2.6995
0.88185,-0.31415,0.037226,0.34967,-20.209,28.581,2.7058
0.88184,-0.31429,0.037144,0.34958,-20.222,28.591,2.7121
0.88183,-0.31442,0.037063,0.34948,-20.236,28.601,2.7184
0.88182,-0.31456,0.036981,0.34939,-20.25,28.611,2.7247
0.88181,-0.3147,0.0369,0.34929,-20.264,28.621,2.731
0.88181,-0.31484,0.036818,0.3492,-20.279,28.63,2.7373
0.8818,-0.31498,0.036736,0.3491,-20.294,28.64,2.7435
0.88179,-0.31512,0.036655,0.34901,-20.309,28.65,2.7498
0.88178,-0.31526,0.036573,0.34891,-20.325,28.66,2.7561
0.88177,-0.3154,0.036492,0.34882,-20.342,28.67,2.7623
0.88176,-0.31553,0.03641,0.34872,-20.359,28.68,2.7686
0.88175,-0.31567,0.036328,0.34863,-20.376,28.69,2.7748
0.88175,-0.31581,0.036247,0.34853,-20.393,28.7,2.781
0.88174,-0.31595,0.036165,0.34844,-20.411,28.71,2.7873
0.88173,-0.31609,0.036083,0.34834,-20.43,28.72,2.7935
0.88172,-0.31623,0.036002,0.34825,-20.448,28.73,2.7997
0.88171,-0.31637,0.03592,0.34815,-20.468,28.739,2.8059
0.8817,-0.3165,0.035839,0.34805,-20.487,28.749,2.8121
0.88169,-0.31664,0.035757,0.34796,-20.507,28.759,2.8183
0.88168,-0.31678,0.035675,0.34786,-20.527,28.769,2.8245
0.88168,-0.31692,0.035594,0.34777,-20.548,28.779,2.8307
0.88167,-0.31706,0.035512,0.34767,-20.569,28.789,2.8369
0.88166,-0.3172,0.03543,0.34758,-20.591,28.799,2.843
0.88165,-0.31734,0.035349,0.34748,-20.613,28.809,2.8492
0.88164,-0.31747,0.035267,0.34739,-20.635,28.819,2.8554
0.88163,-0.31761,0.035186,0.34729,-20.658,28.829,2.8615
0.88162,-0.31775,0.035104,0.3472,-20.681,28.839,2.8677
0.88161,-0.31789,0.035022,0.3471,-20.704,28.849,2.8738
0.8816,-0.31803,0.034941,0.34701,-20.728,28.859,2.8799
0.88159,-0.31817,0.034859,0.34691,-20.752,28.869,2.8861
0.88158,-0.3183,0.034777,0.34682,-20.777,28.878,2.8922
0.88157,-0.31844,0.034696,0.34672,-20.802,28.888,2.8983
0.88157,-0.31858,0.034614,0.34663,-20.827,28.898,2.9044
0.88156,-0.31872,0.034532,0.34653,-20.853,28.908,2.9105
0.88155,-0.31886,0.034451,0.34644,-20.879,28.918,2.9166
0.88154,-0.319,0.034369,0.34634,-20.906,28.928,2.9227
0.88153,-0.31914,0.034287,0.34624,-20.933,28.938,2.9288
0.88152,-0.31927,0.034206,0.34615,-20.96,28.948,2.9349
0.88151,-0.31941,0.034124,0.34605,-20.988,28.958,2.9409
0.8815,-0.31955,0.034043,0.34596,-21.016,28.968,2.947
0.88149,-0.31969,0.033961,0.34586,-21.045,28.978,2.9531
0.88148,-0.31983,0.033879,0.34577,-21.074,28.988,2.9591
0.88147,-0.31997,0.033798,0.34567,-21.103,28.998,2.9651
0.88146,-0.3201,0.033716,0.34558,-21.133,29.008,2.9712
0.88145,-0.32024,0.033634,0.34548,-21.163,29.018,2.9772
0.88144,-0.32038,0.033553,0.34539,-21.193,29.028,2.9832
0.88143,-0.32052,0.033471,0.34529,-21.224,29.038,2.9892
0.88142,-0.32066,0.033389,0.3452,-21.255,29.048,2.9953
0.88141,-0.32079,0.033308,0.3451,-21.287,29.058,3.0013
0.8814,-0.32093,0.033226,0.345,-21.319,29.067,3.0072
0.88139,-0.32107,0.033144,0.34491,-21.351,29.077,3.0132
0.88138,-0.32121,0.033063,0.34481,-21.384,29.087,3.0192
0.88137,-0.32135,0.032981,0.34472,-21.417,29.097,3.0252
0.88136,-0.32149,0.032899,0.34462,-21.45,29.107,3.0312
0.88135,-0.32162,0.032818,0.34453,-21.484,29.117,3.0371
0.88134,-0.32176,0.032736,0.34443,-21.518,29.127,3.0431
0.88133,-0.3219,0.032654,0.34434,-21.553,29.137,3.049
0.88132,-0.32204,0.032573,0.34424,-21.588,29.147,3.055
0.88131,-0.32218,0.032491,0.34414,-21.623,29.157,3.0609
0.8813,-0.32231,0.032409,0.34405,-21.659,29.167,3.0668
0.88129,-0.32245,0.032328,0.34395,-21.695,29.177,3.0727
0.88128,-0.32259,0.032246,0.34386,-21.731,29.187,3.0787
0.88127,-0.32273,0.032164,0.34376,-21.768,29.197,3.0846
0.88126,-0.32287,0.032083,0.34367,-21.805,29.207,3.0905
0.88125,-0.32301,0.032001,0.34357,-21.843,29.217,3.0964
0.88124,-0.32314,0.031919,0.34347,-21.881,29.227,3.1022
0.88123,-0.32328,0.031838,0.34338,-21.919,29.237,3.1081
0.88122,-0.32342,0.031756,0.34328,-21.958,29.247,3.114
0.88121,-0.32356,0.031674,0.34319,-21.997,29.257,3.1199
0.8812,-0.3237,0.031592,0.34309,-22.036,29.267,3.1257
0.88119,-0.32383,0.031511,0.343,-22.076,29.277,3.1316
0.88118,-0.32397,0.031429,0.3429,-22.116,29.287,3.1374
0.88117,-0.32411,0.031347,0.3428,-22.156,29.297,3.1432
0.88116,-0.32425,0.031266,0.34271,-22.197,29.307,3.1491
0.88115,-0.32439,0.031184,0.34261,-22.238,29.317,3.1549
0.88114,-0.32452,0.031102,0.34252,-22.28,29.327,3.1607
0.88112,-0.32466,0.031021,0.34242,-22.322,29.337,3.1665
0.88111,-0.3248,0.030939,0.34232,-22.364,29.347,3.1723
0.8811,-0.32494,0.030857,0.34223,-22.407,29.357,3.1781
0.88109,-0.32507,0.030776,0.34213,-22.45,29.367,3.1839
0.88108,-0.32521,0.030694,0.34204,-22.493,29.377,3.1897
0.88107,-0.32535,0.030612,0.34194,-22.537,29.386,3.1955
0.88106,-0.32549,0.03053,0.34184,-22.581,29.396,3.2012
0.88105,-0.32563,0.030449,0.34175,-22.625,29.406,3.207
0.88104,-0.32576,0.030367,0.34165,-22.67,29.416,3.2127
0.88103,-0.3259,0.030285,0.34156,-22.715,29.426,3.2185
0.88102,-0.32604,0.030204,0.34146,-22.761,29.436,3.2242
0.88101,-0.32618,0.030122,0.34137,-22.806,29.446,3.2299
0.88099,-0.32632,0.03004,0.34127,-22.852,29.456,3.2357
0.88098,-0.32645,0.029959,0.34117,-22.899,29.466,3.2414
0.88097,-0.32659,0.029877,0.34108,-22.946,29.476,3.2471
0.88096,-0.32673,0.029795,0.34098,-22.993,29.486,3.2528
0.88095,-0.32687,0.029713,0.34089,-23.041,29.496,3.2585
0.88094,-0.327,0.029632,0.34079,-23.088,29.506,3.2642
0.88093,-0.32714,0.02955,0.34069,-23.137,29.516,3.2698
0.88092,-0.32728,0.029468,0.3406,-23.185,29.526,3.2755
0.8809,-0.32742,0.029387,0.3405,-23.234,29.536,3.2812
0.88089,-0.32756,0.029305,0.3404,-23.283,29.546,3.2868
0.88088,-0.32769,0.029223,0.34031,-23.333,29.556,3.2925
0.88087,-0.32783,0.029141,0.34021,-23.383,29.566,3.2981
0.88086,-0.32797,0.02906,0.34012,-23.433,29.576,3.3037
0.88085,-0.32811,0.028978,0.34002,-23.484,29.586,3.3094
0.88084,-0.32824,0.028896,0.33992,-23.535,29.596,3.315
0.88082,-0.32838,0.028815,0.33983,-23.586,29.606,3.3206
0.88081,-0.32852,0.028733,0.33973,-23.637,29.616,3.3262
0.8808,-0.32866,0.028651,0.33964,-23.689,29.626,3.3318
0.88079,-0.32879,0.028569,0.33954,-23.742,29.636,3.3374
0.88078,-0.32893,0.028488,0.33944,-23.794,29.646,3.343
0.88077,-0.32907,0.028406,0.33935,-23.847,29.656,3.3485
0.88076,-0.32921,0.028324,0.33925,-23.9,29.666,3.3541
0.88074,-0.32934,0.028242,0.33915,-23.954,29.676,3.3597
0.88073,-0.32948,0.028161,0.33906,-24.008,29.686,3.3652
0.88072,-0.32962,0.028079,0.33896,-24.062,29.696,3.3708
0.88071,-0.32976,0.027997,0.33887,-24.117,29.706,3.3763
0.8807,-0.32989,0.027916,0.33877,-24.171,29.716,3.3818
0.88068,-0.33003,0.027834,0.33867,-24.227,29.726,3.3873
0.88067,-0.33017,0.027752,0.33858,-24.282,29.736,3.3929
0.88066,-0.33031,0.02767,0.33848,-24.338,29.746,3.3984
0.88065,-0.33044,0.027589,0.33838,-24.394,29.756,3.4039
0.88064,-0.33058,0.027507,0.33829,-24.45,29.766,3.4093
0.88062,-0.33072,0.027425,0.33819,-24.507,29.776,3.4148
0.88061,-0.33086,0.027343,0.33809,-24.564,29.786,3.4203
0.8806,-0.33099,0.027262,0.338,-24.622,29.796,3.4258
0.88059,-0.33113,0.02718,0.3379,-24.679,29.806,3.4312
0.88058,-0.33127,0.027098,0.33781,-24.737,29.816,3.4367
0.88056,-0.33141,0.027016,0.33771,-24.796,29.826,3.4421
0.88055,-0.33154,0.026935,0.33761,-24.854,29.836,3.4476
0.88054,-0.33168,0.026853,0.33752,-24.913,29.846,3.453
0.88053,-0.33182,0.026771,0.33742,-24.972,29.856,3.4584
0.88051,-0.33196,0.026689,0.33732,-25.032,29.866,3.4638
0.8805,-0.33209,0.026608,0.33723,-25.092,29.876,3.4692
0.88049,-0.33223,0.026526,0.33713,-25.152,29.886,3.4746
0.88048,-0.33237,0.026444,0.33703,-25.212,29.896,3.48
0.88047,-0.3325,0.026362,0.33694,-25.273,29.906,3.4854
0.88045,-0.33264,0.026281,0.33684,-25.334,29.916,3.4908
0.88044,-0.33278,0.026199,0.33674,-25.396,29.926,3.4961
0.88043,-0.33292,0.026117,0.33665,-25.457,29.936,3.5015
0.88042,-0.33305,0.026035,0.33655,-25.519,29.946,3.5068
0.8804,-0.33319,0.025954,0.33645,-25.581,29.956,3.5122
0.88039,-0.33333,0.025872,0.33636,-25.644,29.966,3.5175
0.88038,-0.33346,0.02579,0.33626,-25.707,29.976,3.5228
0.88036,-0.3336,0.025708,0.33616,-25.77,29.986,3.5282
0.88035,-0.33374,0.025627,0.33607,-25.833,29.996,3.5335
0.88034,-0.33388,0.025545,0.33597,-25.897,30.006,3.5388
0.88033,-0.33401,0.025463,0.33587,-25.961,30.016,3.5441
0.88031,-0.33415,0.025381,0.33578,-26.025,30.026,3.5494
0.8803,-0.33429,0.0253,0.33568,-26.09,30.036,3.5546
0.88029,-0.33442,0.025218,0.33558,-26.154,30.046,3.5599
0.88028,-0.33456,0.025136,0.33549,-26.219,30.056,3.5652
0.88026,-0.3347,0.025054,0.33539,-26.285,30.066,3.5704
0.88025,-0.33484,0.024973,0.33529,-26.35,30.076,3.5757
0.88024,-0.33497,0.024891,0.3352,-26.416,30.086,3.5809
0.88022,-0.33511,0.024809,0.3351,-26.483,30.096,3.5861
0.88021,-0.33525,0.024727,0.335,-26.549,30.106,3.5914
0.8802,-0.33538,0.024645,0.33491,-26.616,30.116,3.5966
0.88018,-0.33552,0.024564,0.33481,-26.683,30.126,3.6018
0.88017,-0.33566,0.024482,0.33471,-26.75,30.136,3.607
0.88016,-0.3358,0.0244,0.33462,-26.818,30.146,3.6122
0.88014,-0.33593,0.024318,0.33452,-26.885,30.156,3.6173
0.88013,-0.33607,0.024237,0.33442,-26.953,30.166,3.6225
0.88012,-0.33621,0.024155,0.33433,-27.022,30.176,3.6277
0.8801,-0.33634,0.024073,0.33423,-27.09,30.186,3.6328
0.88009,-0.33648,0.023991,0.33413,-27.159,30.196,3.638
0.88008,-0.33662,0.02391,0.33404,-27.228,30.206,3.6431
0.88006,-0.33675,0.023828,0.33394,-27.298,30.216,3.6483
0.88005,-0.33689,0.023746,0.33384,-27.367,30.226,3.6534
0.88004,-0.33703,0.023664,0.33374,-27.437,30.236,3.6585
0.88002,-0.33716,0.023582,0.33365,-27.508,30.246,3.6636
0.88001,-0.3373,0.023501,0.33355,-27.578,30.256,3.6687
0.88,-0.33744,0.023419,0.33345,-27.649,30.266,3.6738
0.87998,-0.33758,0.023337,0.33336,-27.72,30.276,3.6789
0.87997,-0.33771,0.023255,0.33326,-27.791,30.286,3.684
0.87996,-0.33785,0.023173,0.33316,-27.862,30.296,3.689
0.87994,-0.33799,0.023092,0.33307,-27.934,30.306,3.6941
0.87993,-0.33812,0.02301,0.33297,-28.006,30.316,3.6991
0.87992,-0.33826,0.022928,0.33287,-28.078,30.326,3.7042
0.8799,-0.3384,0.022846,0.33278,-28.15,30.336,3.7092
0.87989,-0.33853,0.022765,0.33268,-28.223,30.346,3.7142
0.87987,-0.33867,0.022683,0.33258,-28.296,30.356,3.7193
0.87986,-0.33881,0.022601,0.33248,-28.369,30.366,3.7243
0.87985,-0.33894,0.022519,0.33239,-28.442,30.376,3.7293
0.87983,-0.33908,0.022437,0.33229,-28.516,30.386,3.7343
0.87982,-0.33922,0.022356,0.33219,-28.589,30.396,3.7392
0.8798,-0.33935,0.022274,0.3321,-28.663,30.406,3.7442
0.87979,-0.33949,0.022192,0.332,-28.738,30.416,3.7492
0.87978,-0.33963,0.02211,0.3319,-28.812,30.426,3.7541
0.87976,-0.33976,0.022028,0.3318,-28.887,30.436,3.7591
0.87975,-0.3399,0.021947,0.33171,-28.962,30.446,3.764
0.87973,-0.34004,0.021865,0.33161,-29.037,30.456,3.769
0.87972,-0.34017,0.021783,0.33151,-29.112,30.466,3.7739
0.87971,-0.34031,0.021701,0.33142,-29.188,30.476,3.7788
0.87969,-0.34045,0.021619,0.33132,-29.264,30.486,3.7837
0.87968,-0.34058,0.021538,0.33122,-29.34,30.496,3.7886
0.87966,-0.34072,0.021456,0.33112,-29.416,30.506,3.7935
0.87965,-0.34086,0.021374,0.33103,-29.493,30.516,3.7984
0.87963,-0.34099,0.021292,0.33093,-29.569,30.526,3.8033
0.87962,-0.34113,0.02121,0.33083,-29.646,30.536,3.8081
0.87961,-0.34127,0.021129,0.33073,-29.723,30.546,3.813
0.87959,-0.3414,0.021047,0.33064,-29.801,30.556,3.8178
0.87958,-0.34154,0.020965,0.33054,-29.878,30.566,3.8227
0.87956,-0.34168,0.020883,0.33044,-29.956,30.576,3.8275
0.87955,-0.34181,0.020801,0.33035,-30.034,30.586,3.8323
0.87953,-0.34195,0.02072,0.33025,-30.112,30.596,3.8371
0.87952,-0.34208,0.020638,0.33015,-30.19,30.606,3.8419
0.8795,-0.34222,0.020556,0.33005,-30.269,30.616,3.8467
0.87949,-0.34236,0.020474,0.32996,-30.348,30.626,3.8515
0.87947,-0.34249,0.020392,0.32986,-30.426,30.636,3.8563
0.87946,-0.34263,0.020311,0.32976,-30.506,30.646,3.8611
0.87945,-0.34277,0.020229,0.32966,-30.585,30.656,3.8658
0.87943,-0.3429,0.020147,0.32957,-30.664,30.666,3.8706
0.87942,-0.34304,0.020065,0.32947,-30.744,30.676,3.8753
0.8794,-0.34318,0.019983,0.32937,-30.824,30.686,3.88
0.87939,-0.34331,0.019901,0.32927,-30.904,30.696,3.8848
0.87937,-0.34345,0.01982,0.32918,-30.984,30.706,3.8895
0.87936,-0.34358,0.019738,0.32908,-31.065,30.715,3.8942
0.87934,-0.34372,0.019656,0.32898,-31.145,30.725,3.8989
0.87933,-0.34386,0.019574,0.32888,-31.226,30.735,3.9036
0.87931,-0.34399,0.019492,0.32879,-31.307,30.745,3.9083
0.8793,-0.34413,0.019411,0.32869,-31.388,30.755,3.9129
0.87928,-0.34427,0.019329,0.32859,-31.469,30.765,3.9176
0.87927,-0.3444,0.019247,0.32849,-31.551,30.775,3.9223
0.87925,-0.34454,0.019165,0.3284,-31.633,30.785,3.9269
0.87924,-0.34467,0.019083,0.3283,-31.714,30.795,3.9316
0.87922,-0.34481,0.019001,0.3282,-31.796,30.805,3.9362
0.8792,-0.34495,0.01892,0.3281,-31.879,30.815,3.9408
0.87919,-0.34508,0.018838,0.32801,-31.961,30.825,3.9454
0.87917,-0.34522,0.018756,0.32791,-32.043,30.835,3.95
0.87916,-0.34536,0.018674,0.32781,-32.126,30.845,3.9546
0.87914,-0.34549,0.018592,0.32771,-32.209,30.855,3.9592
0.87913,-0.34563,0.018511,0.32762,-32.292,30.865,3.9638
0.87911,-0.34576,0.018429,0.32752,-32.375,30.875,3.9683
0.8791,-0.3459,0.018347,0.32742,-32.458,30.885,3.9729
0.87908,-0.34604,0.018265,0.32732,-32.542,30.895,3.9774
0.87907,-0.34617,0.018183,0.32723,-32.625,30.905,3.982
0.87905,-0.34631,0.018101,0.32713,-32.709,30.915,3.9865
0.87904,-0.34644,0.01802,0.32703,-32.793,30.925,3.991
0.87902,-0.34658,0.017938,0.32693,-32.877,30.935,3.9956
0.879,-0.34672,0.017856,0.32683,-32.961,30.945,4.0001
0.87899,-0.34685,0.017774,0.32674,-33.045,30.955,4.0046
0.87897,-0.34699,0.017692,0.32664,-33.13,30.965,4.009
0.87896,-0.34712,0.01761,0.32654,-33.214,30.975,4.0135
0.87894,-0.34726,0.017529,0.32644,-33.299,30.985,4.018
0.87893,-0.3474,0.017447,0.32635,-33.384,30.994,4.0224
0.87891,-0.34753,0.017365,0.32625,-33.469,31.004,4.0269
0.87889,-0.34767,0.017283,0.32615,-33.554,31.014,4.0313
0.87888,-0.3478,0.017201,0.32605,-33.639,31.024,4.0358
0.87886,-0.34794,0.017119,0.32595,-33.725,31.034,4.0402
0.87885,-0.34808,0.017038,0.32586,-33.81,31.044,4.0446
0.87883,-0.34821,0.016956,0.32576,-33.896,31.054,4.049
0.87881,-0.34835,0.016874,0.32566,-33.982,31.064,4.0534
0.8788,-0.34848,0.016792,0.32556,-34.068,31.074,4.0578
0.87878,-0.34862,0.01671,0.32546,-34.154,31.084,4.0622
0.87877,-0.34876,0.016628,0.32537,-34.24,31.094,4.0665
0.87875,-0.34889,0.016547,0.32527,-34.326,31.104,4.0709
0.87873,-0.34903,0.016465,0.32517,-34.412,31.114,4.0752
0.87872,-0.34916,0.016383,0.32507,-34.499,31.124,4.0796
0.8787,-0.3493,0.016301,0.32498,-34.585,31.134,4.0839
0.87868,-0.34943,0.016219,0.32488,-34.672,31.144,4.0882
0.87867,-0.34957,0.016137,0.32478,-34.759,31.154,4.0926
0.87865,-0.34971,0.016055,0.32468,-34.846,31.163,4.0969
0.87864,-0.34984,0.015974,0.32458,-34.933,31.173,4.1012
0.87862,-0.34998,0.015892,0.32449,-35.02,31.183,4.1054
0.8786,-0.35011,0.01581,0.32439,-35.107,31.193,4.1097
0.87859,-0.35025,0.015728,0.32429,-35.195,31.203,4.114
0.87857,-0.35038,0.015646,0.32419,-35.282,31.213,4.1182
0.87855,-0.35052,0.015564,0.32409,-35.369,31.223,4.1225
0.87854,-0.35066,0.015483,0.32399,-35.457,31.233,4.1267
0.87852,-0.35079,0.015401,0.3239,-35.545,31.243,4.131
0.8785,-0.35093,0.015319,0.3238,-35.633,31.253,4.1352
0.87849,-0.35106,0.015237,0.3237,-35.72,31.263,4.1394
0.87847,-0.3512,0.015155,0.3236,-35.808,31.273,4.1436
0.87845,-0.35133,0.015073,0.3235,-35.896,31.283,4.1478
0.87844,-0.35147,0.014991,0.32341,-35.985,31.292,4.152
0.87842,-0.35161,0.01491,0.32331,-36.073,31.302,4.1561
0.8784,-0.35174,0.014828,0.32321,-36.161,31.312,4.1603
0.87839,-0.35188,0.014746,0.32311,-36.249,31.322,4.1645
0.87837,-0.35201,0.014664,0.32301,-36.338,31.332,4.1686
0.87835,-0.35215,0.014582,0.32292,-36.426,31.342,4.1727
0.87834,-0.35228,0.0145,0.32282,-36.515,31.352,4.1769
0.87832,-0.35242,0.014418,0.32272,-36.604,31.362,4.181
0.8783,-0.35255,0.014337,0.32262,-36.692,31.372,4.1851
0.87829,-0.35269,0.014255,0.32252,-36.781,31.382,4.1892
0.87827,-0.35283,0.014173,0.32242,-36.87,31.392,4.1933
0.87825,-0.35296,0.014091,0.32233,-36.959,31.401,4.1974
0.87823,-0.3531,0.014009,0.32223,-37.048,31.411,4.2014
0.87822,-0.35323,0.013927,0.32213,-37.137,31.421,4.2055
0.8782,-0.35337,0.013845,0.32203,-37.226,31.431,4.2096
0.87818,-0.3535,0.013764,0.32193,-37.315,31.441,4.2136
0.87817,-0.35364,0.013682,0.32183,-37.404,31.451,4.2176
0.87815,-0.35377,0.0136,0.32174,-37.494,31.461,4.2217
0.87813,-0.35391,0.013518,0.32164,-37.583,31.471,4.2257
0.87811,-0.35404,0.013436,0.32154,-37.672,31.481,4.2297
0.8781,-0.35418,0.013354,0.32144,-37.762,31.491,4.2337
0.87808,-0.35432,0.013272,0.32134,-37.851,31.5,4.2377
0.87806,-0.35445,0.013191,0.32124,-37.941,31.51,4.2416
0.87804,-0.35459,0.013109,0.32115,-38.03,31.52,4.2456
0.87803,-0.35472,0.013027,0.32105,-38.12,31.53,4.2496
0.87801,-0.35486,0.012945,0.32095,-38.209,31.54,4.2535
0.87799,-0.35499,0.012863,0.32085,-38.299,31.55,4.2574
0.87797,-0.35513,0.012781,0.32075,-38.389,31.56,4.2614
0.87796,-0.35526,0.012699,0.32065,-38.478,31.57,4.2653
0.87794,-0.3554,0.012618,0.32056,-38.568,31.579,4.2692
0.87792,-0.35553,0.012536,0.32046,-38.658,31.589,4.2731
0.8779,-0.35567,0.012454,0.32036,-38.748,31.599,4.277
0.87789,-0.3558,0.012372,0.32026,-38.838,31.609,4.2809
0.87787,-0.35594,0.01229,0.32016,-38.928,31.619,4.2847
0.87785,-0.35607,0.012208,0.32006,-39.017,31.629,4.2886
0.87783,-0.35621,0.012126,0.31996,-39.107,31.639,4.2924
0.87782,-0.35634,0.012044,0.31987,-39.197,31.649,4.2963
0.8778,-0.35648,0.011963,0.31977,-39.287,31.658,4.3001
0.87778,-0.35661,0.011881,0.31967,-39.377,31.668,4.3039
0.87776,-0.35675,0.011799,0.31957,-39.467,31.678,4.3077
0.87774,-0.35688,0.011717,0.31947,-39.557,31.688,4.3116
0.87773,-0.35702,0.011635,0.31937,-39.647,31.698,4.3153
0.87771,-0.35715,0.011553,0.31927,-39.737,31.708,4.3191
0.87769,-0.35729,0.011471,0.31918,-39.827,31.718,4.3229
0.87767,-0.35742,0.011389,0.31908,-39.917,31.727,4.3267
0.87765,-0.35756,0.011308,0.31898,-40.007,31.737,4.3304
0.87764,-0.35769,0.011226,0.31888,-40.097,31.747,4.3342
0.87762,-0.35783,0.011144,0.31878,-40.187,31.757,4.3379
0.8776,-0.35796,0.011062,0.31868,-40.277,31.767,4.3416
0.87758,-0.3581,0.01098,0.31858,-40.367,31.777,4.3453
0.87756,-0.35823,0.010898,0.31849,-40.457,31.786,4.349
0.87754,-0.35837,0.010816,0.31839,-40.547,31.796,4.3527
0.87753,-0.3585,0.010735,0.31829,-40.637,31.806,4.3564
0.87751,-0.35864,0.010653,0.31819,-40.727,31.816,4.3601
0.87749,-0.35877,0.010571,0.31809,-40.817,31.826,4.3638
0.87747,-0.35891,0.010489,0.31799,-40.907,31.836,4.3674
0.87745,-0.35904,0.010407,0.31789,-40.997,31.845,4.3711
0.87743,-0.35918,0.010325,0.31779,-41.086,31.855,4.3747
0.87742,-0.35931,0.010243,0.3177,-41.176,31.865,4.3783
0.8774,-0.35945,0.010161,0.3176,-41.266,31.875,4.382
0.87738,-0.35958,0.010079,0.3175,-41.356,31.885,4.3856
0.87736,-0.35972,0.0099976,0.3174,-41.446,31.895,4.3892
0.87734,-0.35985,0.0099157,0.3173,-41.536,31.904,4.3927
0.87732,-0.35999,0.0098339,0.3172,-41.625,31.914,4.3963
0.8773,-0.36012,0.009752,0.3171,-41.715,31.924,4.3999
0.87729,-0.36026,0.0096701,0.317,-41.805,31.934,4.4034
0.87727,-0.36039,0.0095882,0.3169,-41.894,31.944,4.407
0.87725,-0.36053,0.0095063,0.31681,-41.984,31.953,4.4105
0.87723,-0.36066,0.0094245,0.31671,-42.073,31.963,4.4141
0.87721,-0.3608,0.0093426,0.31661,-42.163,31.973,4.4176
0.87719,-0.36093,0.0092607,0.31651,-42.252,31.983,4.4211
0.87717,-0.36107,0.0091788,0.31641,-42.342,31.993,4.4246
0.87715,-0.3612,0.0090969,0.31631,-42.431,32.002,4.4281
0.87713,-0.36134,0.0090151,0.31621,-42.52,32.012,4.4315
0.87712,-0.36147,0.0089332,0.31611,-42.61,32.022,4.435
0.8771,-0.36161,0.0088513,0.31601,-42.699,32.032,4.4385
0.87708,-0.36174,0.0087694,0.31592,-42.788,32.042,4.4419
0.87706,-0.36187,0.0086875,0.31582,-42.877,32.051,4.4454
0.87704,-0.36201,0.0086056,0.31572,-42.966,32.061,4.4488
0.87702,-0.36214,0.0085238,0.31562,-43.055,32.071,4.4522
0.877,-0.36228,0.0084419,0.31552,-43.144,32.081,4.4556
0.87698,-0.36241,0.00836,0.31542,-43.233,32.091,4.459
0.87696,-0.36255,0.0082781,0.31532,-43.322,32.1,4.4624
0.87694,-0.36268,0.0081962,0.31522,-43.41,32.11,4.4658
0.87692,-0.36282,0.0081143,0.31512,-43.499,32.12,4.4691
0.8769,-0.36295,0.0080325,0.31502,-43.588,32.13,4.4725
0.87689,-0.36309,0.0079506,0.31492,-43.676,32.139,4.4759
0.87687,-0.36322,0.0078687,0.31483,-43.764,32.149,4.4792
0.87685,-0.36336,0.0077868,0.31473,-43.853,32.159,4.4825
0.87683,-0.36349,0.0077049,0.31463,-43.941,32.169,4.4858
0.87681,-0.36362,0.007623,0.31453,-44.029,32.179,4.4891
0.87679,-0.36376,0.0075411,0.31443,-44.117,32.188,4.4924
0.87677,-0.36389,0.0074592,0.31433,-44.205,32.198,4.4957
0.87675,-0.36403,0.0073774,0.31423,-44.293,32.208,4.499
0.87673,-0.36416,0.0072955,0.31413,-44.381,32.218,4.5023
0.87671,-0.3643,0.0072136,0.31403,-44.469,32.227,4.5055
0.87669,-0.36443,0.0071317,0.31393,-44.557,32.237,4.5088
0.87667,-0.36457,0.0070498,0.31383,-44.644,32.247,4.512
0.87665,-0.3647,0.0069679,0.31373,-44.732,32.257,4.5152
0.87663,-0.36483,0.006886,0.31364,-44.819,32.266,4.5185
0.87661,-0.36497,0.0068041,0.31354,-44.906,32.276,4.5217
0.87659,-0.3651,0.0067222,0.31344,-44.994,32.286,4.5249
0.87657,-0.36524,0.0066404,0.31334,-45.081,32.295,4.528
0.87655,-0.36537,0.0065585,0.31324,-45.168,32.305,4.5312
0.87653,-0.36551,0.0064766,0.31314,-45.255,32.315,4.5344
0.87651,-0.36564,0.0063947,0.31304,-45.341,32.325,4.5375
0.87649,-0.36577,0.0063128,0.31294,-45.428,32.334,4.5407
0.87647,-0.36591,0.0062309,0.31284,-45.515,32.344,4.5438
0.87645,-0.36604,0.006149,0.31274,-45.601,32.354,4.5469
0.87643,-0.36618,0.0060671,0.31264,-45.687,32.364,4.5501
0.87641,-0.36631,0.0059852,0.31254,-45.774,32.373,4.5532
0.87639,-0.36645,0.0059033,0.31244,-45.86,32.383,4.5563
0.87637,-0.36658,0.0058214,0.31234,-45.946,32.393,4.5593
0.87635,-0.36671,0.0057396,0.31224,-46.032,32.402,4.5624
0.87633,-0.36685,0.0056577,0.31215,-46.117,32.412,4.5655
0.87631,-0.36698,0.0055758,0.31205,-46.203,32.422,4.5685
0.87629,-0.36712,0.0054939,0.31195,-46.289,32.431,4.5716
0.87627,-0.36725,0.005412,0.31185,-46.374,32.441,4.5746
0.87625,-0.36738,0.0053301,0.31175,-46.459,32.451,4.5776
0.87623,-0.36752,0.0052482,0.31165,-46.544,32.461,4.5806
0.87621,-0.36765,0.0051663,0.31155,-46.629,32.47,4.5836
0.87619,-0.36779,0.0050844,0.31145,-46.714,32.48,4.5866
0.87617,-0.36792,0.0050025,0.31135,-46.799,32.49,4.5896
0.87615,-0.36806,0.0049206,0.31125,-46.883,32.499,4.5926
0.87613,-0.36819,0.0048387,0.31115,-46.968,32.509,4.5955
0.87611,-0.36832,0.0047568,0.31105,-47.052,32.519,4.5985
0.87609,-0.36846,0.0046749,0.31095,-47.136,32.528,4.6014
0.87607,-0.36859,0.004593,0.31085,-47.22,32.538,4.6044
0.87604,-0.36873,0.0045111,0.31075,-47.304,32.548,4.6073
0.87602,-0.36886,0.0044292,0.31065,-47.388,32.557,4.6102
0.876,-0.36899,0.0043474,0.31055,-47.471,32.567,4.6131
0.87598,-0.36913,0.0042655,0.31045,-47.555,32.577,4.616
0.87596,-0.36926,0.0041836,0.31035,-47.638,32.586,4.6189
0.87594,-0.36939,0.0041017,0.31025,-47.721,32.596,4.6217
0.87592,-0.36953,0.0040198,0.31016,-47.804,32.606,4.6246
0.8759,-0.36966,0.0039379,0.31006,-47.887,32.615,4.6274
0.87588,-0.3698,0.003856,0.30996,-47.969,32.625,4.6303
0.87586,-0.36993,0.0037741,0.30986,-48.052,32.635,4.6331
0.87584,-0.37006,0.0036922,0.30976,-48.134,32.644,4.6359
0.87582,-0.3702,0.0036103,0.30966,-48.216,32.654,4.6387
0.87579,-0.37033,0.0035284,0.30956,-48.298,32.664,4.6415
0.87577,-0.37047,0.0034465,0.30946,-48.38,32.673,4.6443
0.87575,-0.3706,0.0033646,0.30936,-48.462,32.683,4.6471
0.87573,-0.37073,0.0032827,0.30926,-48.543,32.692,4.6498
0.87571,-0.37087,0.0032008,0.30916,-48.625,32.702,4.6526
0.87569,-0.371,0.0031189,0.30906,-48.706,32.712,4.6553
0.87567,-0.37113,0.003037,0.30896,-48.787,32.721,4.658
0.87565,-0.37127,0.0029551,0.30886,-48.867,32.731,4.6608
0.87563,-0.3714,0.0028732,0.30876,-48.948,32.741,4.6635
0.8756,-0.37154,0.0027913,0.30866,-49.028,32.75,4.6662
0.87558,-0.37167,0.0027094,0.30856,-49.109,32.76,4.6689
0.87556,-0.3718,0.0026275,0.30846,-49.189,32.769,4.6715
0.87554,-0.37194,0.0025456,0.30836,-49.268,32.779,4.6742
0.87552,-0.37207,0.0024637,0.30826,-49.348,32.789,4.6769
0.8755,-0.3722,0.0023818,0.30816,-49.428,32.798,4.6795
0.87548,-0.37234,0.0022999,0.30806,-49.507,32.808,4.6822
0.87545,-0.37247,0.002218,0.30796,-49.586,32.817,4.6848
0.87543,-0.37261,0.0021361,0.30786,-49.665,32.827,4.6874
0.87541,-0.37274,0.0020542,0.30776,-49.743,32.837,4.69
0.87539,-0.37287,0.0019723,0.30766,-49.822,32.846,4.6926
0.87537,-0.37301,0.0018904,0.30756,-49.9,32.856,4.6952
0.87535,-0.37314,0.0018085,0.30746,-49.978,32.865,4.6978
0.87532,-0.37327,0.0017266,0.30736,-50.056,32.875,4.7003
0.8753,-0.37341,0.0016447,0.30726,-50.134,32.885,4.7029
0.87528,-0.37354,0.0015628,0.30716,-50.211,32.894,4.7054
0.87526,-0.37367,0.0014809,0.30706,-50.289,32.904,4.7079
0.87524,-0.37381,0.001399,0.30696,-50.366,32.913,4.7105
0.87522,-0.37394,0.0013171,0.30686,-50.443,32.923,4.713
0.87519,-0.37407,0.0012352,0.30676,-50.519,32.932,4.7155
0.87517,-0.37421,0.0011533,0.30666,-50.596,32.942,4.718
0.87515,-0.37434,0.0010714,0.30656,-50.672,32.951,4.7204
0.87513,-0.37447,0.00098954,0.30646,-50.748,32.961,4.7229
0.87511,-0.37461,0.00090764,0.30636,-50.824,32.971,4.7254
0.87508,-0.37474,0.00082574,0.30626,-50.899,32.98,4.7278
0.87506,-0.37488,0.00074384,0.30616,-50.975,32.99,4.7302
0.87504,-0.37501,0.00066194,0.30606,-51.05,32.999,4.7327
0.87502,-0.37514,0.00058005,0.30596,-51.125,33.009,4.7351
0.875,-0.37528,0.00049815,0.30586,-51.199,33.018,4.7375
0.87497,-0.37541,0.00041625,0.30576,-51.274,33.028,4.7399
0.87495,-0.37554,0.00033435,0.30566,-51.348,33.037,4.7423
0.87493,-0.37568,0.00025245,0.30556,-51.422,33.047,4.7446
0.87491,-0.37581,0.00017055,0.30546,-51.496,33.056,4.747
0.87488,-0.37594,8.8648e-05,0.30536,-51.569,33.066,4.7493
0.87486,-0.37608,6.749e-06,0.30526,-51.643,33.075,4.7517
0.87484,-0.37621,-7.5151e-05,0.30516,-51.716,33.085,4.754
0.87482,-0.37634,-0.00015705,0.30506,-51.789,33.094,4.7563
0.87479,-0.37647,-0.00023895,0.30496,-51.861,33.104,4.7586
0.87477,-0.37661,-0.00032085,0.30486,-51.934,33.113,4.7609
0.87475,-0.37674,-0.00040275,0.30476,-52.006,33.123,4.7632
0.87473,-0.37687,-0.00048465,0.30466,-52.077,33.132,4.7655
0.8747,-0.37701,-0.00056655,0.30456,-52.149,33.142,4.7678
0.87468,-0.37714,-0.00064845,0.30446,-52.22,33.151,4.77
0.87466,-0.37727,-0.00073035,0.30436,-52.292,33.161,4.7723
0.87464,-0.37741,-0.00081225,0.30426,-52.362,33.17,4.7745
0.87461,-0.37754,-0.00089415,0.30416,-52.433,33.18,4.7767
0.87459,-0.37767,-0.00097604,0.30406,-52.503,33.189,4.7789
0.87457,-0.37781,-0.0010579,0.30396,-52.574,33.199,4.7811
0.87455,-0.37794,-0.0011398,0.30386,-52.643,33.208,4.7833
0.87452,-0.37807,-0.0012217,0.30376,-52.713,33.218,4.7855
0.8745,-0.37821,-0.0013036,0.30366,-52.782,33.227,4.7877
0.87448,-0.37834,-0.0013855,0.30356,-52.851,33.237,4.7898
0.87445,-0.37847,-0.0014674,0.30346,-52.92,33.246,4.792
0.87443,-0.3786,-0.0015493,0.30336,-52.989,33.256,4.7941
0.87441,-0.37874,-0.0016312,0.30326,-53.057,33.265,4.7962
0.87439,-0.37887,-0.0017131,0.30315,-53.125,33.275,4.7983
0.87436,-0.379,-0.001795,0.30305,-53.193,33.284,4.8004
0.87434,-0.37914,-0.0018769,0.30295,-53.26,33.293,4.8025
0.87432,-0.37927,-0.0019588,0.30285,-53.328,33.303,4.8046
0.87429,-0.3794,-0.0020407,0.30275,-53.395,33.312,4.8067
0.87427,-0.37954,-0.0021226,0.30265,-53.461,33.322,4.8087
0.87425,-0.37967,-0.0022045,0.30255,-53.528,33.331,4.8108
0.87422,-0.3798,-0.0022864,0.30245,-53.594,33.341,4.8128
0.8742,-0.37993,-0.0023683,0.30235,-53.66,33.35,4.8149
0.87418,-0.38007,-0.0024502,0.30225,-53.725,33.359,4.8169
0.87415,-0.3802,-0.0025321,0.30215,-53.791,33.369,4.8189
0.87413,-0.38033,-0.002614,0.30205,-53.856,33.378,4.8209
0.87411,-0.38047,-0.0026959,0.30195,-53.921,33.388,4.8229
0.87408,-0.3806,-0.0027778,0.30185,-53.985,33.397,4.8248
0.87406,-0.38073,-0.0028597,0.30175,-54.049,33.407,4.8268
0.87404,-0.38086,-0.0029416,0.30165,-54.113,33.416,4.8287
0.87401,-0.381,-0.0030235,0.30155,-54.177,33.425,4.8307
0.87399,-0.38113,-0.0031054,0.30145,-54.24,33.435,4.8326
0.87397,-0.38126,-0.0031873,0.30135,-54.303,33.444,4.8345
0.87394,-0.3814,-0.0032692,0.30125,-54.366,33.453,4.8364
0.87392,-0.38153,-0.0033511,0.30115,-54.428,33.463,4.8383
0.8739,-0.38166,-0.003433,0.30104,-54.491,33.472,4.8402
0.87387,-0.38179,-0.0035149,0.30094,-54.552,33.482,4.8421
0.87385,-0.38193,-0.0035968,0.30084,-54.614,33.491,4.844
0.87383,-0.38206,-0.0036787,0.30074,-54.675,33.5,4.8458
0.8738,-0.38219,-0.0037606,0.30064,-54.736,33.51,4.8477
0.87378,-0.38232,-0.0038425,0.30054,-54.797,33.519,4.8495
0.87375,-0.38246,-0.0039244,0.30044,-54.857,33.528,4.8513
0.87373,-0.38259,-0.0040063,0.30034,-54.918,33.538,4.8531
0.87371,-0.38272,-0.0040882,0.30024,-54.977,33.547,4.8549
0.87368,-0.38285,-0.0041701,0.30014,-55.037,33.557,4.8567
0.87366,-0.38299,-0.004252,0.30004,-55.096,33.566,4.8585
0.87363,-0.38312,-0.0043339,0.29994,-55.155,33.575,4.8603
0.87361,-0.38325,-0.0044158,0.29984,-55.213,33.585,4.862
0.87359,-0.38339,-0.0044976,0.29974,-55.272,33.594,4.8638
0.87356,-0.38352,-0.0045795,0.29964,-55.33,33.603,4.8655
0.87354,-0.38365,-0.0046614,0.29953,-55.387,33.613,4.8672
0.87351,-0.38378,-0.0047433,0.29943,-55.445,33.622,4.8689
0.87349,-0.38392,-0.0048252,0.29933,-55.502,33.631,4.8706
0.87347,-0.38405,-0.0049071,0.29923,-55.558,33.64,4.8723
0.87344,-0.38418,-0.004989,0.29913,-55.615,33.65,4.874
0.87342,-0.38431,-0.0050709,0.29903,-55.671,33.659,4.8757
0.87339,-0.38445,-0.0051528,0.29893,-55.727,33.668,4.8773
0.87337,-0.38458,-0.0052347,0.29883,-55.782,33.678,4.879
0.87335,-0.38471,-0.0053166,0.29873,-55.837,33.687,4.8806
0.87332,-0.38484,-0.0053985,0.29863,-55.892,33.696,4.8822
0.8733,-0.38497,-0.0054804,0.29853,-55.947,33.706,4.8838
0.87327,-0.38511,-0.0055623,0.29843,-56.001,33.715,4.8854
0.87325,-0.38524,-0.0056442,0.29832,-56.055,33.724,4.887
0.87322,-0.38537,-0.0057261,0.29822,-56.108,33.733,4.8886
0.8732,-0.3855,-0.0058079,0.29812,-56.161,33.743,4.8902
0.87317,-0.38564,-0.0058898,0.29802,-56.214,33.752,4.8917
0.87315,-0.38577,-0.0059717,0.29792,-56.267,33.761,4.8933
0.87312,-0.3859,-0.0060536,0.29782,-56.319,33.771,4.8948
0.8731,-0.38603,-0.0061355,0.29772,-56.371,33.78,4.8963
0.87308,-0.38617,-0.0062174,0.29762,-56.422,33.789,4.8979
0.87305,-0.3863,-0.0062993,0.29752,-56.473,33.798,4.8994
0.87303,-0.38643,-0.0063812,0.29742,-56.524,33.808,4.9008
0.873,-0.38656,-0.0064631,0.29732,-56.575,33.817,4.9023
0.87298,-0.38669,-0.006545,0.29721,-56.625,33.826,4.9038
0.87295,-0.38683,-0.0066269,0.29711,-56.675,33.835,4.9053
0.87293,-0.38696,-0.0067087,0.29701,-56.724,33.844,4.9067
0.8729,-0.38709,-0.0067906,0.29691,-56.774,33.854,4.9081
0.87288,-0.38722,-0.0068725,0.29681,-56.822,33.863,4.9096
0.87285,-0.38736,-0.0069544,0.29671,-56.871,33.872,4.911
0.87283,-0.38749,-0.0070363,0.29661,-56.919,33.881,4.9124
0.8728,-0.38762,-0.0071182,0.29651,-56.967,33.891,4.9138
0.87278,-0.38775,-0.0072001,0.29641,-57.014,33.9,4.9152
0.87275,-0.38788,-0.007282,0.2963,-57.062,33.909,4.9165
0.87273,-0.38802,-0.0073639,0.2962,-57.108,33.918,4.9179
0.8727,-0.38815,-0.0074457,0.2961,-57.155,33.927,4.9192
0.87268,-0.38828,-0.0075276,0.296,-57.201,33.937,4.9206
0.87265,-0.38841,-0.0076095,0.2959,-57.247,33.946,4.9219
0.87263,-0.38854,-0.0076914,0.2958,-57.292,33.955,4.9232
0.8726,-0.38868,-0.0077733,0.2957,-57.337,33.964,4.9245
0.87258,-0.38881,-0.0078552,0.2956,-57.382,33.973,4.9258
0.87255,-0.38894,-0.0079371,0.2955,-57.426,33.983,4.9271
0.87253,-0.38907,-0.008019,0.29539,-57.47,33.992,4.9284
0.8725,-0.3892,-0.0081008,0.29529,-57.514,34.001,4.9296
0.87247,-0.38934,-0.0081827,0.29519,-57.557,34.01,4.9309
0.87245,-0.38947,-0.0082646,0.29509,-57.6,34.019,4.9321
0.87242,-0.3896,-0.0083465,0.29499,-57.642,34.028,4.9333
0.8724,-0.38973,-0.0084284,0.29489,-57.685,34.037,4.9345
0.87237,-0.38986,-0.0085103,0.29479,-57.727,34.047,4.9358
0.87235,-0.39,-0.0085921,0.29469,-57.768,34.056,4.9369
0.87232,-0.39013,-0.008674,0.29458,-57.809,34.065,4.9381
0.8723,-0.39026,-0.0087559,0.29448,-57.85,34.074,4.9393
0.87227,-0.39039,-0.0088378,0.29438,-57.89,34.083,4.9405
0.87224,-0.39052,-0.0089197,0.29428,-57.93,34.092,4.9416
0.87222,-0.39065,-0.0090016,0.29418,-57.97,34.101,4.9427
0.87219,-0.39079,-0.0090834,0.29408,-58.009,34.111,4.9439
0.87217,-0.39092,-0.0091653,0.29398,-58.048,34.12,4.945
0.87214,-0.39105,-0.0092472,0.29388,-58.087,34.129,4.9461
0.87212,-0.39118,-0.0093291,0.29377,-58.125,34.138,4.9472
0.87209,-0.39131,-0.009411,0.29367,-58.163,34.147,4.9483
0.87206,-0.39145,-0.0094929,0.29357,-58.201,34.156,4.9493
0.87204,-0.39158,-0.0095747,0.29347,-58.238,34.165,4.9504
0.87201,-0.39171,-0.0096566,0.29337,-58.274,34.174,4.9514
0.87199,-0.39184,-0.0097385,0.29327,-58.311,34.183,4.9525
0.87196,-0.39197,-0.0098204,0.29317,-58.347,34.192,4.9535
0.87193,-0.3921,-0.0099022,0.29306,-58.382,34.202,4.9545
0.87191,-0.39224,-0.0099841,0.29296,-58.418,34.211,4.9555
0.87188,-0.39237,-0.010066,0.29286,-58.453,34.22,4.9565
0.87186,-0.3925,-0.010148,0.29276,-58.487,34.229,4.9575
0.87183,-0.39263,-0.01023,0.29266,-58.521,34.238,4.9585
0.8718,-0.39276,-0.010312,0.29256,-58.555,34.247,4.9594
0.87178,-0.39289,-0.010394,0.29246,-58.588,34.256,4.9604
0.87175,-0.39302,-0.010475,0.29235,-58.622,34.265,4.9613
0.87173,-0.39316,-0.010557,0.29225,-58.654,34.274,4.9622
0.8717,-0.39329,-0.010639,0.29215,-58.686,34.283,4.9632
0.87167,-0.39342,-0.010721,0.29205,-58.718,34.292,4.9641
0.87165,-0.39355,-0.010803,0.29195,-58.75,34.301,4.9649
0.87162,-0.39368,-0.010885,0.29185,-58.781,34.31,4.9658
0.87159,-0.39381,-0.010967,0.29175,-58.812,34.319,4.9667
0.87157,-0.39395,-0.011049,0.29164,-58.842,34.328,4.9676
0.87154,-0.39408,-0.01113,0.29154,-58.872,34.337,4.9684
0.87151,-0.39421,-0.011212,0.29144,-58.902,34.346,4.9692
0.87149,-0.39434,-0.011294,0.29134,-58.931,34.355,4.9701
0.87146,-0.39447,-0.011376,0.29124,-58.96,34.364,4.9709
0.87143,-0.3946,-0.011458,0.29114,-58.988,34.373,4.9717
0.87141,-0.39473,-0.01154,0.29103,-59.016,34.382,4.9725
0.87138,-0.39487,-0.011622,0.29093,-59.044,34.391,4.9733
0.87135,-0.395,-0.011703,0.29083,-59.071,34.4,4.974
0.87133,-0.39513,-0.011785,0.29073,-59.098,34.409,4.9748
0.8713,-0.39526,-0.011867,0.29063,-59.125,34.418,4.9755
0.87127,-0.39539,-0.011949,0.29053,-59.151,34.427,4.9763
0.87125,-0.39552,-0.012031,0.29042,-59.177,34.436,4.977
0.87122,-0.39565,-0.012113,0.29032,-59.202,34.445,4.9777
0.87119,-0.39578,-0.012195,0.29022,-59.227,34.454,4.9784
0.87117,-0.39592,-0.012277,0.29012,-59.252,34.463,4.9791
0.87114,-0.39605,-0.012358,0.29002,-59.276,34.472,4.9798
0.87111,-0.39618,-0.01244,0.28992,-59.3,34.481,4.9804
0.87109,-0.39631,-0.012522,0.28981,-59.323,34.49,4.9811
0.87106,-0.39644,-0.012604,0.28971,-59.346,34.499,4.9817
0.87103,-0.39657,-0.012686,0.28961,-59.369,34.508,4.9824
0.871,-0.3967,-0.012768,0.28951,-59.391,34.516,4.983
0.87098,-0.39683,-0.01285,0.28941,-59.413,34.525,4.9836
0.87095,-0.39697,-0.012931,0.2893,-59.434,34.534,4.9842
0.87092,-0.3971,-0.013013,0.2892,-59.455,34.543,4.9848
0.8709,-0.39723,-0.013095,0.2891,-59.476,34.552,4.9854
0.87087,-0.39736,-0.013177,0.289,-59.496,34.561,4.986
0.87084,-0.39749,-0.013259,0.2889,-59.516,34.57,4.9865
0.87081,-0.39762,-0.013341,0.2888,-59.535,34.579,4.9871
0.87079,-0.39775,-0.013423,0.28869,-59.555,34.588,4.9876
0.87076,-0.39788,-0.013505,0.28859,-59.573,34.597,4.9881
0.87073,-0.39801,-0.013586,0.28849,-59.592,34.605,4.9886
0.8707,-0.39814,-0.013668,0.28839,-59.609,34.614,4.9891
0.87068,-0.39828,-0.01375,0.28829,-59.627,34.623,4.9896
0.87065,-0.39841,-0.013832,0.28818,-59.644,34.632,4.9901
0.87062,-0.39854,-0.013914,0.28808,-59.661,34.641,4.9906
0.87059,-0.39867,-0.013996,0.28798,-59.677,34.65,4.991
0.87057,-0.3988,-0.014078,0.28788,-59.693,34.659,4.9915
0.87054,-0.39893,-0.014159,0.28778,-59.708,34.667,4.9919
0.87051,-0.39906,-0.014241,0.28767,-59.724,34.676,4.9923
0.87048,-0.39919,-0.014323,0.28757,-59.738,34.685,4.9927
0.87046,-0.39932,-0.014405,0.28747,-59.753,34.694,4.9931
0.87043,-0.39945,-0.014487,0.28737,-59.767,34.703,4.9935
0.8704,-0.39959,-0.014569,0.28727,-59.78,34.712,4.9939
0.87037,-0.39972,-0.014651,0.28716,-59.793,34.72,4.9942
0.87035,-0.39985,-0.014732,0.28706,-59.806,34.729,4.9946
0.87032,-0.39998,-0.014814,0.28696,-59.818,34.738,4.9949
0.87029,-0.40011,-0.014896,0.28686,-59.83,34.747,4.9953
0.87026,-0.40024,-0.014978,0.28676,-59.842,34.756,4.9956
0.87023,-0.40037,-0.01506,0.28665,-59.853,34.764,4.9959
0.87021,-0.4005,-0.015142,0.28655,-59.863,34.773,4.9962
0.87018,-0.40063,-0.015223,0.28645,-59.874,34.782,4.9965
0.87015,-0.40076,-0.015305,0.28635,-59.884,34.791,4.9968
0.87012,-0.40089,-0.015387,0.28625,-59.893,34.8,4.997
0.87009,-0.40102,-0.015469,0.28614,-59.902,34.808,4.9973
0.87007,-0.40115,-0.015551,0.28604,-59.911,34.817,4.9975
0.87004,-0.40129,-0.015633,0.28594,-59.919,34.826,4.9978
0.87001,-0.40142,-0.015715,0.28584,-59.927,34.835,4.998
0.86998,-0.40155,-0.015796,0.28574,-59.935,34.843,4.9982
0.86995,-0.40168,-0.015878,0.28563,-59.942,34.852,4.9984
0.86992,-0.40181,-0.01596,0.28553,-59.948,34.861,4.9986
0.8699,-0.40194,-0.016042,0.28543,-59.955,34.87,4.9987
0.86987,-0.40207,-0.016124,0.28533,-59.96,34.878,4.9989
0.86984,-0.4022,-0.016206,0.28522,-59.966,34.887,4.9991
0.86981,-0.40233,-0.016287,0.28512,-59.971,34.896,4.9992
0.86978,-0.40246,-0.016369,0.28502,-59.976,34.905,4.9993
0.86975,-0.40259,-0.016451,0.28492,-59.98,34.913,4.9994
0.86973,-0.40272,-0.016533,0.28482,-59.984,34.922,4.9995
0.8697,-0.40285,-0.016615,0.28471,-59.987,34.931,4.9996
0.86967,-0.40298,-0.016697,0.28461,-59.99,34.939,4.9997
0.86964,-0.40311,-0.016779,0.28451,-59.993,34.948,4.9998
0.86961,-0.40324,-0.01686,0.28441,-59.995,34.957,4.9999
0.86958,-0.40337,-0.016942,0.2843,-59.997,34.965,4.9999
0.86955,-0.4035,-0.017024,0.2842,-59.998,34.974,4.9999
0.86952,-0.40364,-0.017106,0.2841,-59.999,34.983,5
0.8695,-0.40377,-0.017188,0.284,-60,34.991,5
0.86947,-0.4039,-0.01727,0.2839,-60,35,5
0.86944,-0.40403,-0.017351,0.28379,-60,35.009,5
0.86941,-0.40416,-0.017433,0.28369,-59.999,35.017,5
0.86938,-0.40429,-0.017515,0.28359,-59.998,35.026,4.9999
0.86935,-0.40442,-0.017597,0.28349,-59.997,35.035,4.9999
0.86932,-0.40455,-0.017679,0.28338,-59.995,35.043,4.9999
0.86929,-0.40468,-0.017761,0.28328,-59.993,35.052,4.9998
0.86927,-0.40481,-0.017842,0.28318,-59.99,35.061,4.9997
0.86924,-0.40494,-0.017924,0.28308,-59.987,35.069,4.9996
0.86921,-0.40507,-0.018006,0.28297,-59.984,35.078,4.9995
0.86918,-0.4052,-0.018088,0.28287,-59.98,35.086,4.9994
0.86915,-0.40533,-0.01817,0.28277,-59.975,35.095,4.9993
0.86912,-0.40546,-0.018252,0.28267,-59.971,35.104,4.9992
0.86909,-0.40559,-0.018333,0.28256,-59.966,35.112,4.999
0.86906,-0.40572,-0.018415,0.28246,-59.96,35.121,4.9989
0.86903,-0.40585,-0.018497,0.28236,-59.954,35.129,4.9987
0.869,-0.40598,-0.018579,0.28226,-59.948,35.138,4.9986
0.86897,-0.40611,-0.018661,0.28215,-59.941,35.147,4.9984
0.86894,-0.40624,-0.018743,0.28205,-59.934,35.155,4.9982
0.86891,-0.40637,-0.018824,0.28195,-59.927,35.164,4.998
0.86889,-0.4065,-0.018906,0.28185,-59.919,35.172,4.9977
0.86886,-0.40663,-0.018988,0.28174,-59.911,35.181,4.9975
0.86883,-0.40676,-0.01907,0.28164,-59.902,35.189,4.9973
0.8688,-0.40689,-0.019152,0.28154,-59.893,35.198,4.997
0.86877,-0.40702,-0.019233,0.28144,-59.883,35.206,4.9968
0.86874,-0.40715,-0.019315,0.28133,-59.873,35.215,4.9965
0.86871,-0.40728,-0.019397,0.28123,-59.863,35.224,4.9962
0.86868,-0.40741,-0.019479,0.28113,-59.852,35.232,4.9959
0.86865,-0.40754,-0.019561,0.28103,-59.841,35.241,4.9956
0.86862,-0.40767,-0.019643,0.28092,-59.83,35.249,4.9953
0.86859,-0.4078,-0.019724,0.28082,-59.818,35.258,4.9949
0.86856,-0.40793,-0.019806,0.28072,-59.806,35.266,4.9946
0.86853,-0.40806,-0.019888,0.28062,-59.793,35.275,4.9942
0.8685,-0.40819,-0.01997,0.28051,-59.78,35.283,4.9939
0.86847,-0.40832,-0.020052,0.28041,-59.766,35.292,4.9935
0.86844,-0.40845,-0.020133,0.28031,-59.752,35.3,4.9931
0.86841,-0.40858,-0.020215,0.2802,-59.738,35.309,4.9927
0.86838,-0.40871,-0.020297,0.2801,-59.723,35.317,4.9923
0.86835,-0.40884,-0.020379,0.28,-59.708,35.326,4.9919
0.86832,-0.40897,-0.020461,0.2799,-59.693,35.334,4.9914
0.86829,-0.4091,-0.020542,0.27979,-59.677,35.342,4.991
0.86826,-0.40923,-0.020624,0.27969,-59.66,35.351,4.9905
0.86823,-0.40936,-0.020706,0.27959,-59.644,35.359,4.9901
0.8682,-0.40949,-0.020788,0.27949,-59.627,35.368,4.9896
0.86817,-0.40962,-0.02087,0.27938,-59.609,35.376,4.9891
0.86814,-0.40975,-0.020952,0.27928,-59.591,35.385,4.9886
0.86811,-0.40988,-0.021033,0.27918,-59.573,35.393,4.9881
0.86808,-0.41001,-0.021115,0.27907,-59.554,35.401,4.9876
0.86805,-0.41014,-0.021197,0.27897,-59.535,35.41,4.987
0.86802,-0.41027,-0.021279,0.27887,-59.516,35.418,4.9865
0.86799,-0.4104,-0.021361,0.27877,-59.496,35.427,4.9859
0.86796,-0.41053,-0.021442,0.27866,-59.475,35.435,4.9854
0.86793,-0.41066,-0.021524,0.27856,-59.455,35.443,4.9848
0.8679,-0.41079,-0.021606,0.27846,-59.434,35.452,4.9842
0.86787,-0.41092,-0.021688,0.27836,-59.412,35.46,4.9836
0.86784,-0.41105,-0.02177,0.27825,-59.39,35.469,4.983
0.86781,-0.41118,-0.021851,0.27815,-59.368,35.477,4.9824
0.86778,-0.41131,-0.021933,0.27805,-59.345,35.485,4.9817
0.86775,-0.41143,-0.022015,0.27794,-59.322,35.494,4.9811
0.86772,-0.41156,-0.022097,0.27784,-59.299,35.502,4.9804
0.86769,-0.41169,-0.022179,0.27774,-59.275,35.51,4.9798
0.86765,-0.41182,-0.02226,0.27763,-59.251,35.519,4.9791
0.86762,-0.41195,-0.022342,0.27753,-59.226,35.527,4.9784
0.86759,-0.41208,-0.022424,0.27743,-59.201,35.535,4.9777
0.86756,-0.41221,-0.022506,0.27733,-59.176,35.544,4.977
0.86753,-0.41234,-0.022587,0.27722,-59.15,35.552,4.9762
0.8675,-0.41247,-0.022669,0.27712,-59.124,35.56,4.9755
0.86747,-0.4126,-0.022751,0.27702,-59.098,35.569,4.9748
0.86744,-0.41273,-0.022833,0.27691,-59.071,35.577,4.974
0.86741,-0.41286,-0.022915,0.27681,-59.043,35.585,4.9732
0.86738,-0.41299,-0.022996,0.27671,-59.016,35.594,4.9725
0.86735,-0.41312,-0.023078,0.2766,-58.988,35.602,4.9717
0.86732,-0.41325,-0.02316,0.2765,-58.959,35.61,4.9709
0.86728,-0.41338,-0.023242,0.2764,-58.93,35.618,4.97
0.86725,-0.41351,-0.023324,0.2763,-58.901,35.627,4.9692
0.86722,-0.41364,-0.023405,0.27619,-58.871,35.635,4.9684
0.86719,-0.41376,-0.023487,0.27609,-58.841,35.643,4.9675
0.86716,-0.41389,-0.023569,0.27599,-58.811,35.651,4.9667
0.86713,-0.41402,-0.023651,0.27588,-58.78,35.66,4.9658
0.8671,-0.41415,-0.023732,0.27578,-58.749,35.668,4.9649
0.86707,-0.41428,-0.023814,0.27568,-58.718,35.676,4.964
0.86704,-0.41441,-0.023896,0.27557,-58.686,35.684,4.9631
0.867,-0.41454,-0.023978,0.27547,-58.653,35.693,4.9622
0.86697,-0.41467,-0.02406,0.27537,-58.621,35.701,4.9613
0.86694,-0.4148,-0.024141,0.27526,-58.588,35.709,4.9604
0.86691,-0.41493,-0.024223,0.27516,-58.554,35.717,4.9594
0.86688,-0.41506,-0.024305,0.27506,-58.52,35.725,4.9584
0.86685,-0.41519,-0.024387,0.27496,-58.486,35.734,4.9575
0.86682,-0.41532,-0.024468,0.27485,-58.452,35.742,4.9565
0.86679,-0.41544,-0.02455,0.27475,-58.417,35.75,4.9555
0.86675,-0.41557,-0.024632,0.27465,-58.382,35.758,4.9545
0.86672,-0.4157,-0.024714,0.27454,-58.346,35.766,4.9535
0.86669,-0.41583,-0.024796,0.27444,-58.31,35.775,4.9525
0.86666,-0.41596,-0.024877,0.27434,-58.274,35.783,4.9514
0.86663,-0.41609,-0.024959,0.27423,-58.237,35.791,4.9504
0.8666,-0.41622,-0.025041,0.27413,-58.2,35.799,4.9493
0.86656,-0.41635,-0.025123,0.27403,-58.162,35.807,4.9482
0.86653,-0.41648,-0.025204,0.27392,-58.124,35.815,4.9472
0.8665,-0.41661,-0.025286,0.27382,-58.086,35.823,4.9461
0.86647,-0.41673,-0.025368,0.27372,-58.047,35.832,4.945
0.86644,-0.41686,-0.02545,0.27361,-58.008,35.84,4.9438
0.8664,-0.41699,-0.025531,0.27351,-57.969,35.848,4.9427
0.86637,-0.41712,-0.025613,0.27341,-57.929,35.856,4.9416
0.86634,-0.41725,-0.025695,0.2733,-57.889,35.864,4.9404
0.86631,-0.41738,-0.025777,0.2732,-57.849,35.872,4.9393
0.86628,-0.41751,-0.025858,0.2731,-57.808,35.88,4.9381
0.86625,-0.41764,-0.02594,0.27299,-57.767,35.888,4.9369
0.86621,-0.41777,-0.026022,0.27289,-57.726,35.896,4.9357
0.86618,-0.4179,-0.026104,0.27279,-57.684,35.904,4.9345
0.86615,-0.41802,-0.026185,0.27268,-57.641,35.913,4.9333
0.86612,-0.41815,-0.026267,0.27258,-57.599,35.921,4.9321
0.86608,-0.41828,-0.026349,0.27248,-57.556,35.929,4.9308
0.86605,-0.41841,-0.026431,0.27237,-57.513,35.937,4.9296
0.86602,-0.41854,-0.026512,0.27227,-57.469,35.945,4.9283
0.86599,-0.41867,-0.026594,0.27217,-57.425,35.953,4.9271
0.86596,-0.4188,-0.026676,0.27206,-57.381,35.961,4.9258
0.86592,-0.41893,-0.026758,0.27196,-57.336,35.969,4.9245
0.86589,-0.41905,-0.026839,0.27186,-57.291,35.977,4.9232
0.86586,-0.41918,-0.026921,0.27175,-57.245,35.985,4.9219
0.86583,-0.41931,-0.027003,0.27165,-57.2,35.993,4.9205
0.86579,-0.41944,-0.027085,0.27155,-57.154,36.001,4.9192
0.86576,-0.41957,-0.027166,0.27144,-57.107,36.009,4.9179
0.86573,-0.4197,-0.027248,0.27134,-57.06,36.017,4.9165
0.8657,-0.41983,-0.02733,0.27123,-57.013,36.025,4.9151
0.86566,-0.41995,-0.027412,0.27113,-56.966,36.033,4.9137
0.86563,-0.42008,-0.027493,0.27103,-56.918,36.041,4.9123
0.8656,-0.42021,-0.027575,0.27092,-56.87,36.049,4.9109
0.86557,-0.42034,-0.027657,0.27082,-56.821,36.057,4.9095
0.86553,-0.42047,-0.027739,0.27072,-56.772,36.065,4.9081
0.8655,-0.4206,-0.02782,0.27061,-56.723,36.073,4.9067
0.86547,-0.42073,-0.027902,0.27051,-56.674,36.081,4.9052
0.86544,-0.42085,-0.027984,0.27041,-56.624,36.089,4.9038
0.8654,-0.42098,-0.028066,0.2703,-56.574,36.096,4.9023
0.86537,-0.42111,-0.028147,0.2702,-56.523,36.104,4.9008
0.86534,-0.42124,-0.028229,0.2701,-56.472,36.112,4.8993
0.8653,-0.42137,-0.028311,0.26999,-56.421,36.12,4.8978
0.86527,-0.4215,-0.028392,0.26989,-56.369,36.128,4.8963
0.86524,-0.42163,-0.028474,0.26978,-56.318,36.136,4.8948
0.86521,-0.42175,-0.028556,0.26968,-56.265,36.144,4.8932
0.86517,-0.42188,-0.028638,0.26958,-56.213,36.152,4.8917
0.86514,-0.42201,-0.028719,0.26947,-56.16,36.16,4.8901
0.86511,-0.42214,-0.028801,0.26937,-56.107,36.168,4.8886
0.86507,-0.42227,-0.028883,0.26927,-56.053,36.175,4.887
0.86504,-0.4224,-0.028965,0.26916,-55.999,36.183,4.8854
0.86501,-0.42252,-0.029046,0.26906,-55.945,36.191,4.8838
0.86497,-0.42265,-0.029128,0.26895,-55.891,36.199,4.8822
0.86494,-0.42278,-0.02921,0.26885,-55.836,36.207,4.8806
0.86491,-0.42291,-0.029291,0.26875,-55.781,36.215,4.8789
0.86487,-0.42304,-0.029373,0.26864,-55.725,36.222,4.8773
0.86484,-0.42317,-0.029455,0.26854,-55.67,36.23,4.8756
0.86481,-0.42329,-0.029537,0.26844,-55.613,36.238,4.874
0.86477,-0.42342,-0.029618,0.26833,-55.557,36.246,4.8723
0.86474,-0.42355,-0.0297,0.26823,-55.5,36.254,4.8706
0.86471,-0.42368,-0.029782,0.26812,-55.443,36.262,4.8689
0.86467,-0.42381,-0.029863,0.26802,-55.386,36.269,4.8672
0.86464,-0.42393,-0.029945,0.26792,-55.328,36.277,4.8654
0.86461,-0.42406,-0.030027,0.26781,-55.27,36.285,4.8637
0.86457,-0.42419,-0.030108,0.26771,-55.212,36.293,4.862
0.86454,-0.42432,-0.03019,0.26761,-55.153,36.3,4.8602
0.86451,-0.42445,-0.030272,0.2675,-55.095,36.308,4.8584
0.86447,-0.42457,-0.030354,0.2674,-55.035,36.316,4.8567
0.86444,-0.4247,-0.030435,0.26729,-54.976,36.324,4.8549
0.86441,-0.42483,-0.030517,0.26719,-54.916,36.331,4.8531
0.86437,-0.42496,-0.030599,0.26709,-54.856,36.339,4.8513
0.86434,-0.42509,-0.03068,0.26698,-54.796,36.347,4.8494
0.8643,-0.42522,-0.030762,0.26688,-54.735,36.355,4.8476
0.86427,-0.42534,-0.030844,0.26677,-54.674,36.362,4.8458
0.86424,-0.42547,-0.030925,0.26667,-54.613,36.37,4.8439
0.8642,-0.4256,-0.031007,0.26657,-54.551,36.378,4.8421
0.86417,-0.42573,-0.031089,0.26646,-54.489,36.385,4.8402
0.86413,-0.42585,-0.031171,0.26636,-54.427,36.393,4.8383
0.8641,-0.42598,-0.031252,0.26625,-54.364,36.401,4.8364
0.86407,-0.42611,-0.031334,0.26615,-54.302,36.409,4.8345
0.86403,-0.42624,-0.031416,0.26605,-54.239,36.416,4.8326
0.864,-0.42637,-0.031497,0.26594,-54.175,36.424,4.8306
0.86396,-0.42649,-0.031579,0.26584,-54.112,36.432,4.8287
0.86393,-0.42662,-0.031661,0.26573,-54.048,36.439,4.8267
0.8639,-0.42675,-0.031742,0.26563,-53.983,36.447,4.8248
0.86386,-0.42688,-0.031824,0.26553,-53.919,36.454,4.8228
0.86383,-0.42701,-0.031906,0.26542,-53.854,36.462,4.8208
0.86379,-0.42713,-0.031987,0.26532,-53.789,36.47,4.8188
0.86376,-0.42726,-0.032069,0.26521,-53.724,36.477,4.8168
0.86373,-0.42739,-0.032151,0.26511,-53.658,36.485,4.8148
0.86369,-0.42752,-0.032232,0.26501,-53.592,36.493,4.8128
0.86366,-0.42764,-0.032314,0.2649,-53.526,36.5,4.8107
0.86362,-0.42777,-0.032396,0.2648,-53.46,36.508,4.8087
0.86359,-0.4279,-0.032477,0.26469,-53.393,36.515,4.8066
0.86355,-0.42803,-0.032559,0.26459,-53.326,36.523,4.8046
0.86352,-0.42816,-0.032641,0.26449,-53.259,36.531,4.8025
0.86348,-0.42828,-0.032723,0.26438,-53.191,36.538,4.8004
0.86345,-0.42841,-0.032804,0.26428,-53.124,36.546,4.7983
0.86342,-0.42854,-0.032886,0.26417,-53.055,36.553,4.7962
0.86338,-0.42867,-0.032968,0.26407,-52.987,36.561,4.794
0.86335,-0.42879,-0.033049,0.26396,-52.919,36.568,4.7919
0.86331,-0.42892,-0.033131,0.26386,-52.85,36.576,4.7898
0.86328,-0.42905,-0.033213,0.26376,-52.781,36.583,4.7876
0.86324,-0.42918,-0.033294,0.26365,-52.711,36.591,4.7854
0.86321,-0.4293,-0.033376,0.26355,-52.642,36.598,4.7833
0.86317,-0.42943,-0.033457,0.26344,-52.572,36.606,4.7811
0.86314,-0.42956,-0.033539,0.26334,-52.502,36.613,4.7789
0.8631,-0.42969,-0.033621,0.26324,-52.431,36.621,4.7767
0.86307,-0.42981,-0.033702,0.26313,-52.361,36.628,4.7744
0.86303,-0.42994,-0.033784,0.26303,-52.29,36.636,4.7722
0.863,-0.43007,-0.033866,0.26292,-52.219,36.643,4.77
0.86296,-0.4302,-0.033947,0.26282,-52.147,36.651,4.7677
0.86293,-0.43032,-0.034029,0.26271,-52.076,36.658,4.7654
0.86289,-0.43045,-0.034111,0.26261,-52.004,36.666,4.7632
0.86286,-0.43058,-0.034192,0.26251,-51.932,36.673,4.7609
0.86282,-0.43071,-0.034274,0.2624,-51.859,36.681,4.7586
0.86279,-0.43083,-0.034356,0.2623,-51.787,36.688,4.7563
0.86275,-0.43096,-0.034437,0.26219,-51.714,36.696,4.754
0.86272,-0.43109,-0.034519,0.26209,-51.641,36.703,4.7516
0.86268,-0.43121,-0.034601,0.26198,-51.568,36.71,4.7493
0.86265,-0.43134,-0.034682,0.26188,-51.494,36.718,4.7469
0.86261,-0.43147,-0.034764,0.26177,-51.42,36.725,4.7446
0.86258,-0.4316,-0.034846,0.26167,-51.346,36.733,4.7422
0.86254,-0.43172,-0.034927,0.26157,-51.272,36.74,4.7398
0.86251,-0.43185,-0.035009,0.26146,-51.198,36.747,4.7374
0.86247,-0.43198,-0.03509,0.26136,-51.123,36.755,4.735
0.86244,-0.43211,-0.035172,0.26125,-51.048,36.762,4.7326
0.8624,-0.43223,-0.035254,0.26115,-50.973,36.77,4.7302
0.86236,-0.43236,-0.035335,0.26104,-50.898,36.777,4.7277
0.86233,-0.43249,-0.035417,0.26094,-50.822,36.784,4.7253
0.86229,-0.43261,-0.035499,0.26084,-50.746,36.792,4.7228
0.86226,-0.43274,-0.03558,0.26073,-50.67,36.799,4.7204
0.86222,-0.43287,-0.035662,0.26063,-50.594,36.806,4.7179
0.86219,-0.433,-0.035744,0.26052,-50.517,36.814,4.7154
0.86215,-0.43312,-0.035825,0.26042,-50.441,36.821,4.7129
0.86212,-0.43325,-0.035907,0.26031,-50.364,36.828,4.7104
0.86208,-0.43338,-0.035988,0.26021,-50.287,36.835,4.7079
0.86204,-0.4335,-0.03607,0.2601,-50.21,36.843,4.7053
0.86201,-0.43363,-0.036152,0.26,-50.132,36.85,4.7028
0.86197,-0.43376,-0.036233,0.25989,-50.054,36.857,4.7003
0.86194,-0.43388,-0.036315,0.25979,-49.976,36.865,4.6977
0.8619,-0.43401,-0.036396,0.25969,-49.898,36.872,4.6951
0.86186,-0.43414,-0.036478,0.25958,-49.82,36.879,4.6925
0.86183,-0.43427,-0.03656,0.25948,-49.742,36.886,4.6899
0.86179,-0.43439,-0.036641,0.25937,-49.663,36.894,4.6873
0.86176,-0.43452,-0.036723,0.25927,-49.584,36.901,4.6847
0.86172,-0.43465,-0.036805,0.25916,-49.505,36.908,4.6821
0.86168,-0.43477,-0.036886,0.25906,-49.426,36.915,4.6795
0.86165,-0.4349,-0.036968,0.25895,-49.346,36.923,4.6768
0.86161,-0.43503,-0.037049,0.25885,-49.266,36.93,4.6741
0.86158,-0.43515,-0.037131,0.25874,-49.187,36.937,4.6715
0.86154,-0.43528,-0.037213,0.25864,-49.107,36.944,4.6688
0.8615,-0.43541,-0.037294,0.25853,-49.026,36.951,4.6661
0.86147,-0.43553,-0.037376,0.25843,-48.946,36.959,4.6634
0.86143,-0.43566,-0.037457,0.25833,-48.865,36.966,4.6607
0.8614,-0.43579,-0.037539,0.25822,-48.785,36.973,4.658
0.86136,-0.43591,-0.037621,0.25812,-48.704,36.98,4.6552
0.86132,-0.43604,-0.037702,0.25801,-48.623,36.987,4.6525
0.86129,-0.43617,-0.037784,0.25791,-48.541,36.994,4.6498
0.86125,-0.43629,-0.037865,0.2578,-48.46,37.002,4.647
0.86121,-0.43642,-0.037947,0.2577,-48.378,37.009,4.6442
0.86118,-0.43655,-0.038029,0.25759,-48.296,37.016,4.6414
0.86114,-0.43667,-0.03811,0.25749,-48.214,37.023,4.6386
0.8611,-0.4368,-0.038192,0.25738,-48.132,37.03,4.6358
0.86107,-0.43693,-0.038273,0.25728,-48.05,37.037,4.633
0.86103,-0.43705,-0.038355,0.25717,-47.967,37.044,4.6302
0.86099,-0.43718,-0.038436,0.25707,-47.885,37.051,4.6274
0.86096,-0.43731,-0.038518,0.25696,-47.802,37.058,4.6245
0.86092,-0.43743,-0.0386,0.25686,-47.719,37.065,4.6217
0.86088,-0.43756,-0.038681,0.25675,-47.636,37.073,4.6188
0.86085,-0.43769,-0.038763,0.25665,-47.553,37.08,4.6159
0.86081,-0.43781,-0.038844,0.25654,-47.469,37.087,4.613
0.86077,-0.43794,-0.038926,0.25644,-47.386,37.094,4.6101
0.86074,-0.43807,-0.039008,0.25634,-47.302,37.101,4.6072
0.8607,-0.43819,-0.039089,0.25623,-47.218,37.108,4.6043
0.86066,-0.43832,-0.039171,0.25613,-47.134,37.115,4.6014
0.86063,-0.43845,-0.039252,0.25602,-47.05,37.122,4.5984
0.86059,-0.43857,-0.039334,0.25592,-46.966,37.129,4.5955
0.86055,-0.4387,-0.039415,0.25581,-46.881,37.136,4.5925
0.86052,-0.43883,-0.039497,0.25571,-46.797,37.143,4.5895
0.86048,-0.43895,-0.039579,0.2556,-46.712,37.15,4.5866
0.86044,-0.43908,-0.03966,0.2555,-46.627,37.157,4.5836
0.8604,-0.4392,-0.039742,0.25539,-46.542,37.164,4.5806
0.86037,-0.43933,-0.039823,0.25529,-46.457,37.171,4.5776
0.86033,-0.43946,-0.039905,0.25518,-46.372,37.178,4.5745
0.86029,-0.43958,-0.039986,0.25508,-46.286,37.185,4.5715
0.86026,-0.43971,-0.040068,0.25497,-46.201,37.192,4.5685
0.86022,-0.43984,-0.040149,0.25487,-46.115,37.199,4.5654
0.86018,-0.43996,-0.040231,0.25476,-46.03,37.206,4.5623
0.86014,-0.44009,-0.040313,0.25466,-45.944,37.213,4.5593
0.86011,-0.44021,-0.040394,0.25455,-45.858,37.219,4.5562
0.86007,-0.44034,-0.040476,0.25445,-45.772,37.226,4.5531
0.86003,-0.44047,-0.040557,0.25434,-45.685,37.233,4.55
0.85999,-0.44059,-0.040639,0.25424,-45.599,37.24,4.5469
0.85996,-0.44072,-0.04072,0.25413,-45.513,37.247,4.5437
0.85992,-0.44085,-0.040802,0.25403,-45.426,37.254,4.5406
0.85988,-0.44097,-0.040883,0.25392,-45.339,37.261,4.5375
0.85984,-0.4411,-0.040965,0.25382,-45.252,37.268,4.5343
0.85981,-0.44122,-0.041046,0.25371,-45.166,37.275,4.5311
0.85977,-0.44135,-0.041128,0.25361,-45.079,37.281,4.528
0.85973,-0.44148,-0.04121,0.2535,-44.991,37.288,4.5248
0.85969,-0.4416,-0.041291,0.2534,-44.904,37.295,4.5216
0.85966,-0.44173,-0.041373,0.25329,-44.817,37.302,4.5184
0.85962,-0.44185,-0.041454,0.25319,-44.73,37.309,4.5152
0.85958,-0.44198,-0.041536,0.25308,-44.642,37.316,4.5119
0.85954,-0.44211,-0.041617,0.25298,-44.555,37.322,4.5087
0.85951,-0.44223,-0.041699,0.25287,-44.467,37.329,4.5055
0.85947,-0.44236,-0.04178,0.25277,-44.379,37.336,4.5022
0.85943,-0.44248,-0.041862,0.25266,-44.291,37.343,4.4989
0.85939,-0.44261,-0.041943,0.25255,-44.203,37.35,4.4957
0.85935,-0.44274,-0.042025,0.25245,-44.115,37.356,4.4924
0.85932,-0.44286,-0.042106,0.25234,-44.027,37.363,4.4891
0.85928,-0.44299,-0.042188,0.25224,-43.939,37.37,4.4858
0.85924,-0.44311,-0.042269,0.25213,-43.851,37.377,4.4824
0.8592,-0.44324,-0.042351,0.25203,-43.762,37.383,4.4791
0.85916,-0.44336,-0.042432,0.25192,-43.674,37.39,4.4758
0.85913,-0.44349,-0.042514,0.25182,-43.585,37.397,4.4724
0.85909,-0.44362,-0.042595,0.25171,-43.497,37.404,4.4691
0.85905,-0.44374,-0.042677,0.25161,-43.408,37.41,4.4657
0.85901,-0.44387,-0.042758,0.2515,-43.319,37.417,4.4623
0.85897,-0.44399,-0.04284,0.2514,-43.231,37.424,4.4589
0.85893,-0.44412,-0.042921,0.25129,-43.142,37.43,4.4555
0.8589,-0.44425,-0.043003,0.25119,-43.053,37.437,4.4521
0.85886,-0.44437,-0.043084,0.25108,-42.964,37.444,4.4487
0.85882,-0.4445,-0.043166,0.25098,-42.875,37.451,4.4453
0.85878,-0.44462,-0.043247,0.25087,-42.786,37.457,4.4418
0.85874,-0.44475,-0.043329,0.25077,-42.697,37.464,4.4384
0.8587,-0.44487,-0.04341,0.25066,-42.607,37.47,4.4349
0.85867,-0.445,-0.043492,0.25056,-42.518,37.477,4.4315
0.85863,-0.44512,-0.043573,0.25045,-42.429,37.484,4.428
0.85859,-0.44525,-0.043655,0.25034,-42.339,37.49,4.4245
0.85855,-0.44538,-0.043736,0.25024,-42.25,37.497,4.421
0.85851,-0.4455,-0.043818,0.25013,-42.161,37.504,4.4175
0.85847,-0.44563,-0.043899,0.25003,-42.071,37.51,4.414
0.85843,-0.44575,-0.043981,0.24992,-41.982,37.517,4.4104
0.8584,-0.44588,-0.044062,0.24982,-41.892,37.523,4.4069
0.85836,-0.446,-0.044144,0.24971,-41.802,37.53,4.4034
0.85832,-0.44613,-0.044225,0.24961,-41.713,37.537,4.3998
0.85828,-0.44625,-0.044307,0.2495,-41.623,37.543,4.3962
0.85824,-0.44638,-0.044388,0.2494,-41.533,37.55,4.3927
0.8582,-0.44651,-0.04447,0.24929,-41.444,37.556,4.3891
0.85816,-0.44663,-0.044551,0.24919,-41.354,37.563,4.3855
0.85812,-0.44676,-0.044633,0.24908,-41.264,37.569,4.3819
0.85808,-0.44688,-0.044714,0.24897,-41.174,37.576,4.3782
0.85805,-0.44701,-0.044796,0.24887,-41.084,37.582,4.3746
0.85801,-0.44713,-0.044877,0.24876,-40.994,37.589,4.371
0.85797,-0.44726,-0.044959,0.24866,-40.905,37.595,4.3673
0.85793,-0.44738,-0.04504,0.24855,-40.815,37.602,4.3637
0.85789,-0.44751,-0.045122,0.24845,-40.725,37.608,4.36
0.85785,-0.44763,-0.045203,0.24834,-40.635,37.615,4.3563
0.85781,-0.44776,-0.045284,0.24824,-40.545,37.621,4.3526
0.85777,-0.44788,-0.045366,0.24813,-40.455,37.628,4.349
0.85773,-0.44801,-0.045447,0.24802,-40.365,37.634,4.3452
0.85769,-0.44813,-0.045529,0.24792,-40.275,37.641,4.3415
0.85765,-0.44826,-0.04561,0.24781,-40.185,37.647,4.3378
0.85762,-0.44839,-0.045692,0.24771,-40.095,37.654,4.3341
0.85758,-0.44851,-0.045773,0.2476,-40.005,37.66,4.3303
0.85754,-0.44864,-0.045855,0.2475,-39.915,37.667,4.3266
0.8575,-0.44876,-0.045936,0.24739,-39.825,37.673,4.3228
0.85746,-0.44889,-0.046018,0.24729,-39.735,37.679,4.319
0.85742,-0.44901,-0.046099,0.24718,-39.645,37.686,4.3153
0.85738,-0.44914,-0.04618,0.24707,-39.555,37.692,4.3115
0.85734,-0.44926,-0.046262,0.24697,-39.465,37.699,4.3077
0.8573,-0.44939,-0.046343,0.24686,-39.375,37.705,4.3038
0.85726,-0.44951,-0.046425,0.24676,-39.285,37.711,4.3
0.85722,-0.44964,-0.046506,0.24665,-39.195,37.718,4.2962
0.85718,-0.44976,-0.046588,0.24655,-39.105,37.724,4.2923
0.85714,-0.44989,-0.046669,0.24644,-39.015,37.73,4.2885
0.8571,-0.45001,-0.04675,0.24633,-38.925,37.737,4.2846
0.85706,-0.45014,-0.046832,0.24623,-38.835,37.743,4.2808
0.85702,-0.45026,-0.046913,0.24612,-38.746,37.749,4.2769
0.85698,-0.45039,-0.046995,0.24602,-38.656,37.756,4.273
0.85694,-0.45051,-0.047076,0.24591,-38.566,37.762,4.2691
0.8569,-0.45064,-0.047158,0.24581,-38.476,37.768,4.2652
0.85686,-0.45076,-0.047239,0.2457,-38.387,37.775,4.2613
0.85682,-0.45089,-0.04732,0.24559,-38.297,37.781,4.2573
0.85678,-0.45101,-0.047402,0.24549,-38.207,37.787,4.2534
0.85674,-0.45114,-0.047483,0.24538,-38.118,37.793,4.2495
0.8567,-0.45126,-0.047565,0.24528,-38.028,37.8,4.2455
0.85666,-0.45139,-0.047646,0.24517,-37.938,37.806,4.2415
0.85662,-0.45151,-0.047728,0.24507,-37.849,37.812,4.2376
0.85658,-0.45164,-0.047809,0.24496,-37.76,37.818,4.2336
0.85654,-0.45176,-0.04789,0.24485,-37.67,37.825,4.2296
0.8565,-0.45188,-0.047972,0.24475,-37.581,37.831,4.2256
0.85646,-0.45201,-0.048053,0.24464,-37.491,37.837,4.2216
0.85642,-0.45213,-0.048135,0.24454,-37.402,37.843,4.2175
0.85638,-0.45226,-0.048216,0.24443,-37.313,37.849,4.2135
0.85634,-0.45238,-0.048297,0.24433,-37.224,37.856,4.2095
0.8563,-0.45251,-0.048379,0.24422,-37.135,37.862,4.2054
0.85626,-0.45263,-0.04846,0.24411,-37.046,37.868,4.2013
0.85622,-0.45276,-0.048542,0.24401,-36.957,37.874,4.1973
0.85618,-0.45288,-0.048623,0.2439,-36.868,37.88,4.1932
0.85614,-0.45301,-0.048704,0.2438,-36.779,37.887,4.1891
0.8561,-0.45313,-0.048786,0.24369,-36.69,37.893,4.185
0.85606,-0.45326,-0.048867,0.24358,-36.601,37.899,4.1809
0.85602,-0.45338,-0.048948,0.24348,-36.513,37.905,4.1768
0.85598,-0.45351,-0.04903,0.24337,-36.424,37.911,4.1726
0.85594,-0.45363,-0.049111,0.24327,-36.336,37.917,4.1685
0.8559,-0.45375,-0.049193,0.24316,-36.247,37.923,4.1644
0.85586,-0.45388,-0.049274,0.24305,-36.159,37.929,4.1602
0.85582,-0.454,-0.049355,0.24295,-36.071,37.935,4.156
0.85578,-0.45413,-0.049437,0.24284,-35.982,37.942,4.1519
0.85573,-0.45425,-0.049518,0.24274,-35.894,37.948,4.1477
0.85569,-0.45438,-0.0496,0.24263,-35.806,37.954,4.1435
0.85565,-0.4545,-0.049681,0.24252,-35.718,37.96,4.1393
0.85561,-0.45463,-0.049762,0.24242,-35.63,37.966,4.1351
0.85557,-0.45475,-0.049844,0.24231,-35.543,37.972,4.1309
0.85553,-0.45487,-0.049925,0.24221,-35.455,37.978,4.1266
0.85549,-0.455,-0.050006,0.2421,-35.367,37.984,4.1224
0.85545,-0.45512,-0.050088,0.24199,-35.28,37.99,4.1181
0.85541,-0.45525,-0.050169,0.24189,-35.192,37.996,4.1139
0.85537,-0.45537,-0.05025,0.24178,-35.105,38.002,4.1096
0.85533,-0.4555,-0.050332,0.24168,-35.018,38.008,4.1053
0.85528,-0.45562,-0.050413,0.24157,-34.931,38.014,4.101
0.85524,-0.45574,-0.050495,0.24146,-34.844,38.02,4.0968
0.8552,-0.45587,-0.050576,0.24136,-34.757,38.026,4.0925
0.85516,-0.45599,-0.050657,0.24125,-34.67,38.032,4.0881
0.85512,-0.45612,-0.050739,0.24115,-34.583,38.038,4.0838
0.85508,-0.45624,-0.05082,0.24104,-34.497,38.044,4.0795
0.85504,-0.45637,-0.050901,0.24093,-34.41,38.05,4.0751
0.855,-0.45649,-0.050983,0.24083,-34.324,38.056,4.0708
0.85496,-0.45661,-0.051064,0.24072,-34.238,38.061,4.0664
0.85491,-0.45674,-0.051145,0.24062,-34.152,38.067,4.0621
0.85487,-0.45686,-0.051227,0.24051,-34.066,38.073,4.0577
0.85483,-0.45699,-0.051308,0.2404,-33.98,38.079,4.0533
0.85479,-0.45711,-0.051389,0.2403,-33.894,38.085,4.0489
0.85475,-0.45723,-0.051471,0.24019,-33.808,38.091,4.0445
0.85471,-0.45736,-0.051552,0.24008,-33.723,38.097,4.0401
0.85467,-0.45748,-0.051633,0.23998,-33.637,38.103,4.0357
0.85462,-0.45761,-0.051715,0.23987,-33.552,38.109,4.0312
0.85458,-0.45773,-0.051796,0.23977,-33.467,38.114,4.0268
0.85454,-0.45786,-0.051877,0.23966,-33.382,38.12,4.0223
0.8545,-0.45798,-0.051959,0.23955,-33.297,38.126,4.0179
0.85446,-0.4581,-0.05204,0.23945,-33.212,38.132,4.0134
0.85442,-0.45823,-0.052121,0.23934,-33.128,38.138,4.0089
0.85437,-0.45835,-0.052203,0.23923,-33.043,38.144,4.0044
0.85433,-0.45847,-0.052284,0.23913,-32.959,38.149,3.9999
0.85429,-0.4586,-0.052365,0.23902,-32.875,38.155,3.9954
0.85425,-0.45872,-0.052446,0.23892,-32.791,38.161,3.9909
0.85421,-0.45885,-0.052528,0.23881,-32.707,38.167,3.9864
0.85417,-0.45897,-0.052609,0.2387,-32.623,38.172,3.9819
0.85412,-0.45909,-0.05269,0.2386,-32.54,38.178,3.9773
0.85408,-0.45922,-0.052772,0.23849,-32.456,38.184,3.9728
0.85404,-0.45934,-0.052853,0.23838,-32.373,38.19,3.9682
0.854,-0.45947,-0.052934,0.23828,-32.29,38.195,3.9637
0.85396,-0.45959,-0.053016,0.23817,-32.207,38.201,3.9591
0.85391,-0.45971,-0.053097,0.23807,-32.124,38.207,3.9545
0.85387,-0.45984,-0.053178,0.23796,-32.041,38.213,3.9499
0.85383,-0.45996,-0.053259,0.23785,-31.959,38.218,3.9453
0.85379,-0.46008,-0.053341,0.23775,-31.877,38.224,3.9407
0.85375,-0.46021,-0.053422,0.23764,-31.794,38.23,3.9361
0.8537,-0.46033,-0.053503,0.23753,-31.712,38.235,3.9314
0.85366,-0.46046,-0.053585,0.23743,-31.631,38.241,3.9268
0.85362,-0.46058,-0.053666,0.23732,-31.549,38.247,3.9222
0.85358,-0.4607,-0.053747,0.23721,-31.467,38.252,3.9175
0.85353,-0.46083,-0.053828,0.23711,-31.386,38.258,3.9128
0.85349,-0.46095,-0.05391,0.237,-31.305,38.264,3.9082
0.85345,-0.46107,-0.053991,0.2369,-31.224,38.269,3.9035
0.85341,-0.4612,-0.054072,0.23679,-31.143,38.275,3.8988
0.85337,-0.46132,-0.054154,0.23668,-31.063,38.28,3.8941
0.85332,-0.46144,-0.054235,0.23658,-30.982,38.286,3.8894
0.85328,-0.46157,-0.054316,0.23647,-30.902,38.292,3.8847
0.85324,-0.46169,-0.054397,0.23636,-30.822,38.297,3.8799
0.8532,-0.46181,-0.054479,0.23626,-30.742,38.303,3.8752
0.85315,-0.46194,-0.05456,0.23615,-30.662,38.308,3.8705
0.85311,-0.46206,-0.054641,0.23604,-30.583,38.314,3.8657
0.85307,-0.46219,-0.054722,0.23594,-30.504,38.319,3.8609
0.85302,-0.46231,-0.054804,0.23583,-30.425,38.325,3.8562
0.85298,-0.46243,-0.054885,0.23572,-30.346,38.331,3.8514
0.85294,-0.46256,-0.054966,0.23562,-30.267,38.336,3.8466
0.8529,-0.46268,-0.055047,0.23551,-30.188,38.342,3.8418
0.85285,-0.4628,-0.055129,0.2354,-30.11,38.347,3.837
0.85281,-0.46293,-0.05521,0.2353,-30.032,38.353,3.8322
0.85277,-0.46305,-0.055291,0.23519,-29.954,38.358,3.8274
0.85273,-0.46317,-0.055372,0.23508,-29.876,38.364,3.8225
0.85268,-0.4633,-0.055454,0.23498,-29.799,38.369,3.8177
0.85264,-0.46342,-0.055535,0.23487,-29.721,38.375,3.8129
0.8526,-0.46354,-0.055616,0.23477,-29.644,38.38,3.808
0.85255,-0.46367,-0.055697,0.23466,-29.567,38.385,3.8031
0.85251,-0.46379,-0.055779,0.23455,-29.491,38.391,3.7983
0.85247,-0.46391,-0.05586,0.23445,-29.414,38.396,3.7934
0.85242,-0.46403,-0.055941,0.23434,-29.338,38.402,3.7885
0.85238,-0.46416,-0.056022,0.23423,-29.262,38.407,3.7836
0.85234,-0.46428,-0.056104,0.23413,-29.186,38.413,3.7787
0.8523,-0.4644,-0.056185,0.23402,-29.111,38.418,3.7738
0.85225,-0.46453,-0.056266,0.23391,-29.035,38.423,3.7688
0.85221,-0.46465,-0.056347,0.23381,-28.96,38.429,3.7639
0.85217,-0.46477,-0.056428,0.2337,-28.885,38.434,3.759
0.85212,-0.4649,-0.05651,0.23359,-28.81,38.44,3.754
0.85208,-0.46502,-0.056591,0.23349,-28.736,38.445,3.7491
0.85204,-0.46514,-0.056672,0.23338,-28.662,38.45,3.7441
0.85199,-0.46527,-0.056753,0.23327,-28.588,38.456,3.7391
0.85195,-0.46539,-0.056834,0.23317,-28.514,38.461,3.7341
0.85191,-0.46551,-0.056916,0.23306,-28.44,38.466,3.7291
0.85186,-0.46563,-0.056997,0.23295,-28.367,38.472,3.7241
0.85182,-0.46576,-0.057078,0.23284,-28.294,38.477,3.7191
0.85178,-0.46588,-0.057159,0.23274,-28.221,38.482,3.7141
0.85173,-0.466,-0.05724,0.23263,-28.148,38.487,3.7091
0.85169,-0.46613,-0.057322,0.23252,-28.076,38.493,3.7041
0.85164,-0.46625,-0.057403,0.23242,-28.004,38.498,3.699
0.8516,-0.46637,-0.057484,0.23231,-27.932,38.503,3.694
0.85156,-0.4665,-0.057565,0.2322,-27.86,38.509,3.6889
0.85151,-0.46662,-0.057646,0.2321,-27.789,38.514,3.6838
0.85147,-0.46674,-0.057728,0.23199,-27.718,38.519,3.6788
0.85143,-0.46686,-0.057809,0.23188,-27.647,38.524,3.6737
0.85138,-0.46699,-0.05789,0.23178,-27.576,38.53,3.6686
0.85134,-0.46711,-0.057971,0.23167,-27.506,38.535,3.6635
0.85129,-0.46723,-0.058052,0.23156,-27.436,38.54,3.6584
0.85125,-0.46736,-0.058133,0.23146,-27.366,38.545,3.6533
0.85121,-0.46748,-0.058215,0.23135,-27.296,38.55,3.6481
0.85116,-0.4676,-0.058296,0.23124,-27.227,38.555,3.643
0.85112,-0.46772,-0.058377,0.23114,-27.158,38.561,3.6379
0.85107,-0.46785,-0.058458,0.23103,-27.089,38.566,3.6327
0.85103,-0.46797,-0.058539,0.23092,-27.02,38.571,3.6276
0.85099,-0.46809,-0.05862,0.23082,-26.952,38.576,3.6224
0.85094,-0.46821,-0.058702,0.23071,-26.884,38.581,3.6172
0.8509,-0.46834,-0.058783,0.2306,-26.816,38.586,3.612
0.85085,-0.46846,-0.058864,0.23049,-26.748,38.592,3.6068
0.85081,-0.46858,-0.058945,0.23039,-26.681,38.597,3.6017
0.85077,-0.4687,-0.059026,0.23028,-26.614,38.602,3.5964
0.85072,-0.46883,-0.059107,0.23017,-26.547,38.607,3.5912
0.85068,-0.46895,-0.059189,0.23007,-26.481,38.612,3.586
0.85063,-0.46907,-0.05927,0.22996,-26.415,38.617,3.5808
0.85059,-0.46919,-0.059351,0.22985,-26.349,38.622,3.5755
0.85054,-0.46932,-0.059432,0.22975,-26.283,38.627,3.5703
0.8505,-0.46944,-0.059513,0.22964,-26.218,38.632,3.565
0.85046,-0.46956,-0.059594,0.22953,-26.153,38.637,3.5598
0.85041,-0.46968,-0.059675,0.22942,-26.088,38.642,3.5545
0.85037,-0.46981,-0.059757,0.22932,-26.023,38.647,3.5492
0.85032,-0.46993,-0.059838,0.22921,-25.959,38.652,3.5439
0.85028,-0.47005,-0.059919,0.2291,-25.895,38.657,3.5386
0.85023,-0.47017,-0.06,0.229,-25.832,38.662,3.5333
0.85019,-0.4703,-0.060081,0.22889,-25.768,38.667,3.528
0.85014,-0.47042,-0.060162,0.22878,-25.705,38.672,3.5227
0.8501,-0.47054,-0.060243,0.22868,-25.642,38.677,3.5174
0.85005,-0.47066,-0.060324,0.22857,-25.58,38.682,3.5121
0.85001,-0.47079,-0.060406,0.22846,-25.518,38.687,3.5067
0.84997,-0.47091,-0.060487,0.22835,-25.456,38.692,3.5014
0.84992,-0.47103,-0.060568,0.22825,-25.394,38.697,3.496
0.84988,-0.47115,-0.060649,0.22814,-25.333,38.702,3.4906
0.84983,-0.47127,-0.06073,0.22803,-25.272,38.707,3.4853
0.84979,-0.4714,-0.060811,0.22793,-25.211,38.712,3.4799
0.84974,-0.47152,-0.060892,0.22782,-25.15,38.717,3.4745
0.8497,-0.47164,-0.060973,0.22771,-25.09,38.722,3.4691
0.84965,-0.47176,-0.061054,0.2276,-25.031,38.727,3.4637
0.84961,-0.47189,-0.061136,0.2275,-24.971,38.731,3.4583
0.84956,-0.47201,-0.061217,0.22739,-24.912,38.736,3.4529
0.84952,-0.47213,-0.061298,0.22728,-24.853,38.741,3.4474
0.84947,-0.47225,-0.061379,0.22718,-24.794,38.746,3.442
0.84943,-0.47237,-0.06146,0.22707,-24.736,38.751,3.4365
0.84938,-0.4725,-0.061541,0.22696,-24.678,38.756,3.4311
0.84934,-0.47262,-0.061622,0.22685,-24.62,38.761,3.4256
0.84929,-0.47274,-0.061703,0.22675,-24.563,38.765,3.4202
0.84925,-0.47286,-0.061784,0.22664,-24.506,38.77,3.4147
0.8492,-0.47298,-0.061865,0.22653,-24.449,38.775,3.4092
0.84916,-0.47311,-0.061946,0.22643,-24.393,38.78,3.4037
0.84911,-0.47323,-0.062027,0.22632,-24.336,38.785,3.3982
0.84906,-0.47335,-0.062109,0.22621,-24.281,38.789,3.3927
0.84902,-0.47347,-0.06219,0.2261,-24.225,38.794,3.3872
0.84897,-0.47359,-0.062271,0.226,-24.17,38.799,3.3817
0.84893,-0.47372,-0.062352,0.22589,-24.115,38.804,3.3762
0.84888,-0.47384,-0.062433,0.22578,-24.061,38.808,3.3706
0.84884,-0.47396,-0.062514,0.22567,-24.006,38.813,3.3651
0.84879,-0.47408,-0.062595,0.22557,-23.953,38.818,3.3595
0.84875,-0.4742,-0.062676,0.22546,-23.899,38.822,3.354
0.8487,-0.47433,-0.062757,0.22535,-23.846,38.827,3.3484
0.84866,-0.47445,-0.062838,0.22525,-23.793,38.832,3.3428
0.84861,-0.47457,-0.062919,0.22514,-23.74,38.837,3.3372
0.84856,-0.47469,-0.063,0.22503,-23.688,38.841,3.3317
0.84852,-0.47481,-0.063081,0.22492,-23.636,38.846,3.3261
0.84847,-0.47493,-0.063162,0.22482,-23.585,38.851,3.3205
0.84843,-0.47506,-0.063243,0.22471,-23.533,38.855,3.3148
0.84838,-0.47518,-0.063324,0.2246,-23.482,38.86,3.3092
0.84834,-0.4753,-0.063405,0.22449,-23.432,38.864,3.3036
0.84829,-0.47542,-0.063486,0.22439,-23.382,38.869,3.298
0.84824,-0.47554,-0.063567,0.22428,-23.332,38.874,3.2923
0.8482,-0.47566,-0.063648,0.22417,-23.282,38.878,3.2867
0.84815,-0.47579,-0.06373,0.22406,-23.233,38.883,3.281
0.84811,-0.47591,-0.063811,0.22396,-23.184,38.888,3.2754
0.84806,-0.47603,-0.063892,0.22385,-23.135,38.892,3.2697
0.84801,-0.47615,-0.063973,0.22374,-23.087,38.897,3.264
0.84797,-0.47627,-0.064054,0.22363,-23.039,38.901,3.2583
0.84792,-0.47639,-0.064135,0.22353,-22.992,38.906,3.2526
0.84788,-0.47652,-0.064216,0.22342,-22.945,38.91,3.2469
0.84783,-0.47664,-0.064297,0.22331,-22.898,38.915,3.2412
0.84778,-0.47676,-0.064378,0.22321,-22.851,38.919,3.2355
0.84774,-0.47688,-0.064459,0.2231,-22.805,38.924,3.2298
0.84769,-0.477,-0.06454,0.22299,-22.759,38.928,3.2241
0.84764,-0.47712,-0.064621,0.22288,-22.714,38.933,3.2183
0.8476,-0.47724,-0.064702,0.22278,-22.669,38.937,3.2126
0.84755,-0.47737,-0.064783,0.22267,-22.624,38.942,3.2068
0.84751,-0.47749,-0.064864,0.22256,-22.58,38.946,3.2011
0.84746,-0.47761,-0.064945,0.22245,-22.536,38.951,3.1953
0.84741,-0.47773,-0.065026,0.22235,-22.492,38.955,3.1895
0.84737,-0.47785,-0.065107,0.22224,-22.449,38.96,3.1838
0.84732,-0.47797,-0.065188,0.22213,-22.406,38.964,3.178
0.84727,-0.47809,-0.065269,0.22202,-22.363,38.969,3.1722
0.84723,-0.47821,-0.06535,0.22192,-22.321,38.973,3.1664
0.84718,-0.47834,-0.065431,0.22181,-22.279,38.977,3.1606
0.84713,-0.47846,-0.065512,0.2217,-22.237,38.982,3.1548
0.84709,-0.47858,-0.065593,0.22159,-22.196,38.986,3.1489
0.84704,-0.4787,-0.065674,0.22148,-22.155,38.991,3.1431
0.84699,-0.47882,-0.065754,0.22138,-22.115,38.995,3.1373
0.84695,-0.47894,-0.065835,0.22127,-22.075,38.999,3.1314
0.8469,-0.47906,-0.065916,0.22116,-22.035,39.004,3.1256
0.84685,-0.47918,-0.065997,0.22105,-21.996,39.008,3.1197
0.84681,-0.47931,-0.066078,0.22095,-21.957,39.012,3.1138
0.84676,-0.47943,-0.066159,0.22084,-21.918,39.017,3.108
0.84671,-0.47955,-0.06624,0.22073,-21.88,39.021,3.1021
0.84667,-0.47967,-0.066321,0.22062,-21.842,39.025,3.0962
0.84662,-0.47979,-0.066402,0.22052,-21.804,39.03,3.0903
0.84657,-0.47991,-0.066483,0.22041,-21.767,39.034,3.0844
0.84653,-0.48003,-0.066564,0.2203,-21.73,39.038,3.0785
0.84648,-0.48015,-0.066645,0.22019,-21.694,39.042,3.0726
0.84643,-0.48027,-0.066726,0.22009,-21.658,39.047,3.0667
0.84638,-0.48039,-0.066807,0.21998,-21.622,39.051,3.0608
0.84634,-0.48052,-0.066888,0.21987,-21.587,39.055,3.0548
0.84629,-0.48064,-0.066969,0.21976,-21.552,39.059,3.0489
0.84624,-0.48076,-0.06705,0.21965,-21.517,39.064,3.0429
0.8462,-0.48088,-0.067131,0.21955,-21.483,39.068,3.037
0.84615,-0.481,-0.067212,0.21944,-21.449,39.072,3.031
0.8461,-0.48112,-0.067292,0.21933,-21.416,39.076,3.025
0.84605,-0.48124,-0.067373,0.21922,-21.383,39.081,3.0191
0.84601,-0.48136,-0.067454,0.21912,-21.35,39.085,3.0131
0.84596,-0.48148,-0.067535,0.21901,-21.318,39.089,3.0071
0.84591,-0.4816,-0.067616,0.2189,-21.286,39.093,3.0011
0.84587,-0.48172,-0.067697,0.21879,-21.254,39.097,2.9951
0.84582,-0.48185,-0.067778,0.21868,-21.223,39.101,2.9891
0.84577,-0.48197,-0.067859,0.21858,-21.192,39.105,2.9831
0.84572,-0.48209,-0.06794,0.21847,-21.162,39.11,2.9771
0.84568,-0.48221,-0.068021,0.21836,-21.132,39.114,2.971
0.84563,-0.48233,-0.068102,0.21825,-21.102,39.118,2.965
0.84558,-0.48245,-0.068183,0.21815,-21.073,39.122,2.959
0.84553,-0.48257,-0.068263,0.21804,-21.044,39.126,2.9529
0.84549,-0.48269,-0.068344,0.21793,-21.016,39.13,2.9468
0.84544,-0.48281,-0.068425,0.21782,-20.987,39.134,2.9408
0.84539,-0.48293,-0.068506,0.21771,-20.96,39.138,2.9347
0.84534,-0.48305,-0.068587,0.21761,-20.932,39.142,2.9286
0.84529,-0.48317,-0.068668,0.2175,-20.905,39.146,2.9226
0.84525,-0.48329,-0.068749,0.21739,-20.879,39.15,2.9165
0.8452,-0.48341,-0.06883,0.21728,-20.853,39.154,2.9104
0.84515,-0.48353,-0.068911,0.21717,-20.827,39.158,2.9043
0.8451,-0.48366,-0.068991,0.21707,-20.801,39.162,2.8982
0.84506,-0.48378,-0.069072,0.21696,-20.776,39.166,2.892
0.84501,-0.4839,-0.069153,0.21685,-20.752,39.17,2.8859
0.84496,-0.48402,-0.069234,0.21674,-20.727,39.174,2.8798
0.84491,-0.48414,-0.069315,0.21664,-20.704,39.178,2.8737
0.84486,-0.48426,-0.069396,0.21653,-20.68,39.182,2.8675
0.84482,-0.48438,-0.069477,0.21642,-20.657,39.186,2.8614
0.84477,-0.4845,-0.069557,0.21631,-20.634,39.19,2.8552
0.84472,-0.48462,-0.069638,0.2162,-20.612,39.194,2.8491
0.84467,-0.48474,-0.069719,0.2161,-20.59,39.198,2.8429
0.84462,-0.48486,-0.0698,0.21599,-20.569,39.202,2.8367
0.84458,-0.48498,-0.069881,0.21588,-20.548,39.206,2.8305
0.84453,-0.4851,-0.069962,0.21577,-20.527,39.21,2.8244
0.84448,-0.48522,-0.070043,0.21566,-20.507,39.214,2.8182
0.84443,-0.48534,-0.070123,0.21556,-20.487,39.218,2.812
0.84438,-0.48546,-0.070204,0.21545,-20.467,39.222,2.8058
0.84433,-0.48558,-0.070285,0.21534,-20.448,39.225,2.7996
0.84429,-0.4857,-0.070366,0.21523,-20.429,39.229,2.7933
0.84424,-0.48582,-0.070447,0.21512,-20.411,39.233,2.7871
0.84419,-0.48594,-0.070528,0.21502,-20.393,39.237,2.7809
0.84414,-0.48606,-0.070608,0.21491,-20.375,39.241,2.7746
0.84409,-0.48618,-0.070689,0.2148,-20.358,39.245,2.7684
0.84404,-0.4863,-0.07077,0.21469,-20.341,39.248,2.7622
0.84399,-0.48642,-0.070851,0.21458,-20.325,39.252,2.7559
0.84395,-0.48654,-0.070932,0.21448,-20.309,39.256,2.7496
0.8439,-0.48666,-0.071013,0.21437,-20.294,39.26,2.7434
0.84385,-0.48678,-0.071093,0.21426,-20.278,39.264,2.7371
0.8438,-0.4869,-0.071174,0.21415,-20.264,39.267,2.7308
0.84375,-0.48702,-0.071255,0.21404,-20.249,39.271,2.7245
0.8437,-0.48714,-0.071336,0.21393,-20.235,39.275,2.7182
0.84365,-0.48726,-0.071417,0.21383,-20.222,39.279,2.7119
0.84361,-0.48738,-0.071497,0.21372,-20.209,39.282,2.7056
0.84356,-0.4875,-0.071578,0.21361,-20.196,39.286,2.6993
0.84351,-0.48762,-0.071659,0.2135,-20.183,39.29,2.693
0.84346,-0.48774,-0.07174,0.21339,-20.171,39.293,2.6867
0.84341,-0.48786,-0.071821,0.21329,-20.16,39.297,2.6804
0.84336,-0.48798,-0.071901,0.21318,-20.149,39.301,2.674
0.84331,-0.4881,-0.071982,0.21307,-20.138,39.304,2.6677
0.84326,-0.48822,-0.072063,0.21296,-20.128,39.308,2.6613
0.84321,-0.48834,-0.072144,0.21285,-20.118,39.312,2.655
0.84317,-0.48846,-0.072225,0.21274,-20.108,39.315,2.6486
0.84312,-0.48858,-0.072305,0.21264,-20.099,39.319,2.6423
0.84307,-0.4887,-0.072386,0.21253,-20.09,39.323,2.6359
0.84302,-0.48882,-0.072467,0.21242,-20.082,39.326,2.6295
0.84297,-0.48894,-0.072548,0.21231,-20.074,39.33,2.6231
0.84292,-0.48906,-0.072628,0.2122,-20.066,39.333,2.6168
0.84287,-0.48918,-0.072709,0.2121,-20.059,39.337,2.6104
0.84282,-0.4893,-0.07279,0.21199,-20.053,39.341,2.604
0.84277,-0.48942,-0.072871,0.21188,-20.046,39.344,2.5976
0.84272,-0.48954,-0.072951,0.21177,-20.04,39.348,2.5911
0.84267,-0.48966,-0.073032,0.21166,-20.035,39.351,2.5847
0.84262,-0.48978,-0.073113,0.21155,-20.03,39.355,2.5783
0.84257,-0.4899,-0.073194,0.21145,-20.025,39.358,2.5719
0.84253,-0.49002,-0.073274,0.21134,-20.021,39.362,2.5654
0.84248,-0.49014,-0.073355,0.21123,-20.017,39.365,2.559
0.84243,-0.49026,-0.073436,0.21112,-20.013,39.369,2.5526
0.84238,-0.49038,-0.073517,0.21101,-20.01,39.372,2.5461
0.84233,-0.4905,-0.073597,0.2109,-20.008,39.376,2.5396
0.84228,-0.49062,-0.073678,0.2108,-20.005,39.379,2.5332
0.84223,-0.49074,-0.073759,0.21069,-20.003,39.383,2.5267
0.84218,-0.49086,-0.07384,0.21058,-20.002,39.386,2.5202
0.84213,-0.49098,-0.07392,0.21047,-20.001,39.39,2.5138
0.84208,-0.49109,-0.074001,0.21036,-20,39.393,2.5073
0.84203,-0.49121,-0.074082,0.21025,-20,39.397,2.5008
0.84198,-0.49133,-0.074162,0.21015,-20,39.4,2.4943
0.84193,-0.49145,-0.074243,0.21004,-20.001,39.403,2.4878
0.84188,-0.49157,-0.074324,0.20993,-20.002,39.407,2.4813
0.84183,-0.49169,-0.074405,0.20982,-20.003,39.41,2.4748
0.84178,-0.49181,-0.074485,0.20971,-20.005,39.414,2.4682
0.84173,-0.49193,-0.074566,0.2096,-20.007,39.417,2.4617
0.84168,-0.49205,-0.074647,0.2095,-20.01,39.42,2.4552
0.84163,-0.49217,-0.074727,0.20939,-20.013,39.424,2.4486
0.84158,-0.49229,-0.074808,0.20928,-20.016,39.427,2.4421
0.84153,-0.49241,-0.074889,0.20917,-20.02,39.43,2.4356
0.84148,-0.49253,-0.074969,0.20906,-20.024,39.434,2.429
0.84143,-0.49265,-0.07505,0.20895,-20.029,39.437,2.4224
0.84138,-0.49277,-0.075131,0.20884,-20.034,39.44,2.4159
0.84133,-0.49288,-0.075212,0.20874,-20.039,39.443,2.4093
0.84128,-0.493,-0.075292,0.20863,-20.045,39.447,2.4027
0.84123,-0.49312,-0.075373,0.20852,-20.051,39.45,2.3962
0.84118,-0.49324,-0.075454,0.20841,-20.058,39.453,2.3896
0.84113,-0.49336,-0.075534,0.2083,-20.065,39.457,2.383
0.84108,-0.49348,-0.075615,0.20819,-20.072,39.46,2.3764
0.84103,-0.4936,-0.075696,0.20809,-20.08,39.463,2.3698
0.84098,-0.49372,-0.075776,0.20798,-20.088,39.466,2.3632
0.84093,-0.49384,-0.075857,0.20787,-20.097,39.47,2.3566
0.84088,-0.49396,-0.075938,0.20776,-20.106,39.473,2.3499
0.84083,-0.49408,-0.076018,0.20765,-20.115,39.476,2.3433
0.84078,-0.49419,-0.076099,0.20754,-20.125,39.479,2.3367
0.84073,-0.49431,-0.076179,0.20743,-20.135,39.482,2.3301
0.84068,-0.49443,-0.07626,0.20733,-20.146,39.485,2.3234
0.84063,-0.49455,-0.076341,0.20722,-20.157,39.489,2.3168
0.84058,-0.49467,-0.076421,0.20711,-20.169,39.492,2.3101
0.84052,-0.49479,-0.076502,0.207,-20.181,39.495,2.3035
0.84047,-0.49491,-0.076583,0.20689,-20.193,39.498,2.2968
0.84042,-0.49503,-0.076663,0.20678,-20.205,39.501,2.2902
0.84037,-0.49515,-0.076744,0.20667,-20.219,39.504,2.2835
0.84032,-0.49527,-0.076825,0.20657,-20.232,39.507,2.2768
0.84027,-0.49538,-0.076905,0.20646,-20.246,39.51,2.2701
0.84022,-0.4955,-0.076986,0.20635,-20.26,39.514,2.2634
0.84017,-0.49562,-0.077066,0.20624,-20.275,39.517,2.2568
0.84012,-0.49574,-0.077147,0.20613,-20.29,39.52,2.2501
0.84007,-0.49586,-0.077228,0.20602,-20.305,39.523,2.2434
0.84002,-0.49598,-0.077308,0.20591,-20.321,39.526,2.2367
0.83997,-0.4961,-0.077389,0.2058,-20.337,39.529,2.2299
0.83992,-0.49622,-0.07747,0.2057,-20.354,39.532,2.2232
0.83986,-0.49633,-0.07755,0.20559,-20.371,39.535,2.2165
0.83981,-0.49645,-0.077631,0.20548,-20.389,39.538,2.2098
0.83976,-0.49657,-0.077711,0.20537,-20.407,39.541,2.203
0.83971,-0.49669,-0.077792,0.20526,-20.425,39.544,2.1963
0.83966,-0.49681,-0.077873,0.20515,-20.443,39.547,2.1896
0.83961,-0.49693,-0.077953,0.20504,-20.462,39.55,2.1828
0.83956,-0.49705,-0.078034,0.20494,-20.482,39.553,2.1761
0.83951,-0.49716,-0.078114,0.20483,-20.502,39.556,2.1693
0.83946,-0.49728,-0.078195,0.20472,-20.522,39.559,2.1626
0.8394,-0.4974,-0.078275,0.20461,-20.543,39.562,2.1558
0.83935,-0.49752,-0.078356,0.2045,-20.564,39.565,2.149
0.8393,-0.49764,-0.078437,0.20439,-20.585,39.567,2.1423
0.83925,-0.49776,-0.078517,0.20428,-20.607,39.57,2.1355
0.8392,-0.49788,-0.078598,0.20417,-20.629,39.573,2.1287
0.83915,-0.49799,-0.078678,0.20406,-20.652,39.576,2.1219
0.8391,-0.49811,-0.078759,0.20396,-20.675,39.579,2.1151
0.83904,-0.49823,-0.078839,0.20385,-20.698,39.582,2.1083
0.83899,-0.49835,-0.07892,0.20374,-20.722,39.585,2.1015
0.83894,-0.49847,-0.079001,0.20363,-20.746,39.588,2.0947
0.83889,-0.49859,-0.079081,0.20352,-20.77,39.59,2.0879
0.83884,-0.4987,-0.079162,0.20341,-20.795,39.593,2.0811
0.83879,-0.49882,-0.079242,0.2033,-20.821,39.596,2.0743
0.83874,-0.49894,-0.079323,0.20319,-20.846,39.599,2.0674
0.83868,-0.49906,-0.079403,0.20309,-20.872,39.602,2.0606
0.83863,-0.49918,-0.079484,0.20298,-20.899,39.604,2.0538
0.83858,-0.4993,-0.079564,0.20287,-20.926,39.607,2.0469
0.83853,-0.49941,-0.079645,0.20276,-20.953,39.61,2.0401
0.83848,-0.49953,-0.079725,0.20265,-20.981,39.613,2.0332
0.83843,-0.49965,-0.079806,0.20254,-21.009,39.616,2.0264
0.83837,-0.49977,-0.079887,0.20243,-21.037,39.618,2.0195
0.83832,-0.49989,-0.079967,0.20232,-21.066,39.621,2.0126
0.83827,-0.50001,-0.080048,0.20221,-21.095,39.624,2.0058
0.83822,-0.50012,-0.080128,0.20211,-21.125,39.626,1.9989
0.83817,-0.50024,-0.080209,0.202,-21.155,39.629,1.992
0.83811,-0.50036,-0.080289,0.20189,-21.185,39.632,1.9851
0.83806,-0.50048,-0.08037,0.20178,-21.216,39.635,1.9783
0.83801,-0.5006,-0.08045,0.20167,-21.247,39.637,1.9714
0.83796,-0.50071,-0.080531,0.20156,-21.278,39.64,1.9645
0.83791,-0.50083,-0.080611,0.20145,-21.31,39.643,1.9576
0.83785,-0.50095,-0.080692,0.20134,-21.342,39.645,1.9507
0.8378,-0.50107,-0.080772,0.20123,-21.375,39.648,1.9438
0.83775,-0.50119,-0.080853,0.20113,-21.408,39.65,1.9369
0.8377,-0.5013,-0.080933,0.20102,-21.441,39.653,1.9299
0.83764,-0.50142,-0.081014,0.20091,-21.475,39.656,1.923
0.83759,-0.50154,-0.081094,0.2008,-21.509,39.658,1.9161
0.83754,-0.50166,-0.081175,0.20069,-21.544,39.661,1.9092
0.83749,-0.50178,-0.081255,0.20058,-21.578,39.663,1.9022
0.83744,-0.50189,-0.081336,0.20047,-21.614,39.666,1.8953
0.83738,-0.50201,-0.081416,0.20036,-21.649,39.669,1.8883
0.83733,-0.50213,-0.081496,0.20025,-21.685,39.671,1.8814
0.83728,-0.50225,-0.081577,0.20014,-21.722,39.674,1.8744
0.83723,-0.50237,-0.081657,0.20003,-21.758,39.676,1.8675
0.83717,-0.50248,-0.081738,0.19993,-21.795,39.679,1.8605
0.83712,-0.5026,-0.081818,0.19982,-21.833,39.681,1.8536
0.83707,-0.50272,-0.081899,0.19971,-21.871,39.684,1.8466
0.83702,-0.50284,-0.081979,0.1996,-21.909,39.686,1.8396
0.83696,-0.50295,-0.08206,0.19949,-21.947,39.689,1.8327
0.83691,-0.50307,-0.08214,0.19938,-21.986,39.691,1.8257
0.83686,-0.50319,-0.082221,0.19927,-22.026,39.694,1.8187
0.83681,-0.50331,-0.082301,0.19916,-22.065,39.696,1.8117
0.83675,-0.50342,-0.082381,0.19905,-22.105,39.698,1.8047
0.8367,-0.50354,-0.082462,0.19894,-22.146,39.701,1.7977
0.83665,-0.50366,-0.082542,0.19883,-22.186,39.703,1.7907
0.83659,-0.50378,-0.082623,0.19873,-22.228,39.706,1.7837
0.83654,-0.5039,-0.082703,0.19862,-22.269,39.708,1.7767
0.83649,-0.50401,-0.082784,0.19851,-22.311,39.711,1.7697
0.83644,-0.50413,-0.082864,0.1984,-22.353,39.713,1.7627
0.83638,-0.50425,-0.082944,0.19829,-22.396,39.715,1.7557
0.83633,-0.50437,-0.083025,0.19818,-22.438,39.718,1.7486
0.83628,-0.50448,-0.083105,0.19807,-22.482,39.72,1.7416
0.83622,-0.5046,-0.083186,0.19796,-22.525,39.722,1.7346
0.83617,-0.50472,-0.083266,0.19785,-22.569,39.725,1.7275
0.83612,-0.50484,-0.083346,0.19774,-22.614,39.727,1.7205
0.83606,-0.50495,-0.083427,0.19763,-22.658,39.729,1.7134
0.83601,-0.50507,-0.083507,0.19752,-22.703,39.732,1.7064
0.83596,-0.50519,-0.083588,0.19742,-22.749,39.734,1.6993
0.8359,-0.50531,-0.083668,0.19731,-22.794,39.736,1.6923
0.83585,-0.50542,-0.083748,0.1972,-22.84,39.739,1.6852
0.8358,-0.50554,-0.083829,0.19709,-22.887,39.741,1.6782
0.83574,-0.50566,-0.083909,0.19698,-22.933,39.743,1.6711
0.83569,-0.50577,-0.08399,0.19687,-22.981,39.745,1.664
0.83564,-0.50589,-0.08407,0.19676,-23.028,39.748,1.657
0.83558,-0.50601,-0.08415,0.19665,-23.076,39.75,1.6499
0.83553,-0.50613,-0.084231,0.19654,-23.124,39.752,1.6428
0.83548,-0.50624,-0.084311,0.19643,-23.172,39.754,1.6357
0.83542,-0.50636,-0.084391,0.19632,-23.221,39.756,1.6286
0.83537,-0.50648,-0.084472,0.19621,-23.27,39.759,1.6215
0.83532,-0.5066,-0.084552,0.1961,-23.32,39.761,1.6144
0.83526,-0.50671,-0.084632,0.196,-23.37,39.763,1.6073
0.83521,-0.50683,-0.084713,0.19589,-23.42,39.765,1.6002
0.83516,-0.50695,-0.084793,0.19578,-23.47,39.767,1.5931
0.8351,-0.50706,-0.084874,0.19567,-23.521,39.769,1.586
0.83505,-0.50718,-0.084954,0.19556,-23.572,39.771,1.5789
0.835,-0.5073,-0.085034,0.19545,-23.624,39.774,1.5718
0.83494,-0.50741,-0.085115,0.19534,-23.676,39.776,1.5647
0.83489,-0.50753,-0.085195,0.19523,-23.728,39.778,1.5575
0.83483,-0.50765,-0.085275,0.19512,-23.78,39.78,1.5504
0.83478,-0.50777,-0.085356,0.19501,-23.833,39.782,1.5433
0.83473,-0.50788,-0.085436,0.1949,-23.886,39.784,1.5361
0.83467,-0.508,-0.085516,0.19479,-23.94,39.786,1.529
0.83462,-0.50812,-0.085597,0.19468,-23.994,39.788,1.5219
0.83457,-0.50823,-0.085677,0.19457,-24.048,39.79,1.5147
0.83451,-0.50835,-0.085757,0.19446,-24.102,39.792,1.5076
0.83446,-0.50847,-0.085837,0.19435,-24.157,39.794,1.5004
0.8344,-0.50858,-0.085918,0.19425,-24.212,39.796,1.4933
0.83435,-0.5087,-0.085998,0.19414,-24.267,39.798,1.4861
0.8343,-0.50882,-0.086078,0.19403,-24.323,39.8,1.4789
0.83424,-0.50894,-0.086159,0.19392,-24.379,39.802,1.4718
0.83419,-0.50905,-0.086239,0.19381,-24.436,39.804,1.4646
0.83413,-0.50917,-0.086319,0.1937,-24.492,39.806,1.4574
0.83408,-0.50929,-0.0864,0.19359,-24.549,39.808,1.4502
0.83402,-0.5094,-0.08648,0.19348,-24.606,39.81,1.4431
0.83397,-0.50952,-0.08656,0.19337,-24.664,39.812,1.4359
0.83392,-0.50964,-0.08664,0.19326,-24.722,39.814,1.4287
0.83386,-0.50975,-0.086721,0.19315,-24.78,39.816,1.4215
0.83381,-0.50987,-0.086801,0.19304,-24.839,39.818,1.4143
0.83375,-0.50999,-0.086881,0.19293,-24.898,39.82,1.4071
0.8337,-0.5101,-0.086962,0.19282,-24.957,39.822,1.3999
0.83364,-0.51022,-0.087042,0.19271,-25.016,39.823,1.3927
0.83359,-0.51034,-0.087122,0.1926,-25.076,39.825,1.3855
0.83353,-0.51045,-0.087202,0.19249,-25.136,39.827,1.3783
0.83348,-0.51057,-0.087283,0.19238,-25.196,39.829,1.3711
0.83343,-0.51069,-0.087363,0.19227,-25.257,39.831,1.3639
0.83337,-0.5108,-0.087443,0.19217,-25.318,39.833,1.3567
0.83332,-0.51092,-0.087523,0.19206,-25.379,39.835,1.3494
0.83326,-0.51103,-0.087604,0.19195,-25.441,39.836,1.3422
0.83321,-0.51115,-0.087684,0.19184,-25.503,39.838,1.335
0.83315,-0.51127,-0.087764,0.19173,-25.565,39.84,1.3278
0.8331,-0.51138,-0.087844,0.19162,-25.627,39.842,1.3205
0.83304,-0.5115,-0.087925,0.19151,-25.69,39.843,1.3133
0.83299,-0.51162,-0.088005,0.1914,-25.753,39.845,1.3061
0.83293,-0.51173,-0.088085,0.19129,-25.816,39.847,1.2988
0.83288,-0.51185,-0.088165,0.19118,-25.88,39.849,1.2916
0.83282,-0.51197,-0.088245,0.19107,-25.944,39.85,1.2843
0.83277,-0.51208,-0.088326,0.19096,-26.008,39.852,1.2771
0.83271,-0.5122,-0.088406,0.19085,-26.073,39.854,1.2698
0.83266,-0.51232,-0.088486,0.19074,-26.137,39.856,1.2626
0.8326,-0.51243,-0.088566,0.19063,-26.202,39.857,1.2553
0.83255,-0.51255,-0.088646,0.19052,-26.268,39.859,1.2481
0.83249,-0.51266,-0.088727,0.19041,-26.333,39.861,1.2408
0.83244,-0.51278,-0.088807,0.1903,-26.399,39.862,1.2335
0.83238,-0.5129,-0.088887,0.19019,-26.465,39.864,1.2263
0.83233,-0.51301,-0.088967,0.19008,-26.531,39.866,1.219
0.83227,-0.51313,-0.089047,0.18997,-26.598,39.867,1.2117
0.83222,-0.51325,-0.089128,0.18986,-26.665,39.869,1.2044
0.83216,-0.51336,-0.089208,0.18975,-26.732,39.87,1.1971
0.83211,-0.51348,-0.089288,0.18964,-26.8,39.872,1.1899
0.83205,-0.51359,-0.089368,0.18953,-26.868,39.874,1.1826
0.832,-0.51371,-0.089448,0.18942,-26.936,39.875,1.1753
0.83194,-0.51383,-0.089529,0.18931,-27.004,39.877,1.168
0.83189,-0.51394,-0.089609,0.18921,-27.072,39.878,1.1607
0.83183,-0.51406,-0.089689,0.1891,-27.141,39.88,1.1534
0.83178,-0.51417,-0.089769,0.18899,-27.21,39.881,1.1461
0.83172,-0.51429,-0.089849,0.18888,-27.28,39.883,1.1388
0.83167,-0.51441,-0.089929,0.18877,-27.349,39.884,1.1315
0.83161,-0.51452,-0.090009,0.18866,-27.419,39.886,1.1242
0.83155,-0.51464,-0.09009,0.18855,-27.489,39.887,1.1169
0.8315,-0.51475,-0.09017,0.18844,-27.559,39.889,1.1096
0.83144,-0.51487,-0.09025,0.18833,-27.63,39.89,1.1023
0.83139,-0.51499,-0.09033,0.18822,-27.701,39.892,1.0949
0.83133,-0.5151,-0.09041,0.18811,-27.772,39.893,1.0876
0.83128,-0.51522,-0.09049,0.188,-27.843,39.895,1.0803
0.83122,-0.51533,-0.09057,0.18789,-27.915,39.896,1.073
0.83116,-0.51545,-0.090651,0.18778,-27.987,39.898,1.0657
0.83111,-0.51556,-0.090731,0.18767,-28.059,39.899,1.0583
0.83105,-0.51568,-0.090811,0.18756,-28.131,39.9,1.051
0.831,-0.5158,-0.090891,0.18745,-28.204,39.902,1.0437
0.83094,-0.51591,-0.090971,0.18734,-28.276,39.903,1.0363
0.83089,-0.51603,-0.091051,0.18723,-28.349,39.905,1.029
0.83083,-0.51614,-0.091131,0.18712,-28.423,39.906,1.0216
0.83077,-0.51626,-0.091211,0.18701,-28.496,39.907,1.0143
0.83072,-0.51637,-0.091291,0.1869,-28.57,39.909,1.007
0.83066,-0.51649,-0.091372,0.18679,-28.644,39.91,0.99961
0.83061,-0.51661,-0.091452,0.18668,-28.718,39.911,0.99226
0.83055,-0.51672,-0.091532,0.18657,-28.793,39.913,0.98491
0.83049,-0.51684,-0.091612,0.18646,-28.867,39.914,0.97755
0.83044,-0.51695,-0.091692,0.18635,-28.942,39.915,0.9702
0.83038,-0.51707,-0.091772,0.18624,-29.017,39.917,0.96284
0.83032,-0.51718,-0.091852,0.18613,-29.093,39.918,0.95548
0.83027,-0.5173,-0.091932,0.18602,-29.168,39.919,0.94811
0.83021,-0.51742,-0.092012,0.18591,-29.244,39.92,0.94075
0.83016,-0.51753,-0.092092,0.1858,-29.32,39.922,0.93338
0.8301,-0.51765,-0.092172,0.18569,-29.396,39.923,0.92601
0.83004,-0.51776,-0.092252,0.18558,-29.472,39.924,0.91864
0.82999,-0.51788,-0.092332,0.18547,-29.549,39.925,0.91127
0.82993,-0.51799,-0.092413,0.18536,-29.626,39.927,0.90389
0.82987,-0.51811,-0.092493,0.18525,-29.703,39.928,0.89652
0.82982,-0.51822,-0.092573,0.18514,-29.78,39.929,0.88914
0.82976,-0.51834,-0.092653,0.18503,-29.858,39.93,0.88175
0.8297,-0.51845,-0.092733,0.18492,-29.935,39.931,0.87437
0.82965,-0.51857,-0.092813,0.18481,-30.013,39.933,0.86699
0.82959,-0.51868,-0.092893,0.1847,-30.091,39.934,0.8596
0.82954,-0.5188,-0.092973,0.18459,-30.17,39.935,0.85221
0.82948,-0.51892,-0.093053,0.18448,-30.248,39.936,0.84482
0.82942,-0.51903,-0.093133,0.18437,-30.327,39.937,0.83742
0.82937,-0.51915,-0.093213,0.18426,-30.406,39.938,0.83003
0.82931,-0.51926,-0.093293,0.18415,-30.485,39.939,0.82263
0.82925,-0.51938,-0.093373,0.18404,-30.564,39.94,0.81523
0.8292,-0.51949,-0.093453,0.18393,-30.643,39.942,0.80783
0.82914,-0.51961,-0.093533,0.18382,-30.723,39.943,0.80043
0.82908,-0.51972,-0.093613,0.18371,-30.803,39.944,0.79303
0.82902,-0.51984,-0.093693,0.1836,-30.883,39.945,0.78562
0.82897,-0.51995,-0.093773,0.18349,-30.963,39.946,0.77821
0.82891,-0.52007,-0.093853,0.18338,-31.043,39.947,0.7708
0.82885,-0.52018,-0.093933,0.18327,-31.124,39.948,0.76339
0.8288,-0.5203,-0.094013,0.18316,-31.205,39.949,0.75598
0.82874,-0.52041,-0.094093,0.18305,-31.286,39.95,0.74856
0.82868,-0.52053,-0.094173,0.18294,-31.367,39.951,0.74115
0.82863,-0.52064,-0.094253,0.18283,-31.448,39.952,0.73373
0.82857,-0.52076,-0.094333,0.18272,-31.529,39.953,0.72631
0.82851,-0.52087,-0.094413,0.18261,-31.611,39.954,0.71889
0.82845,-0.52099,-0.094493,0.1825,-31.693,39.955,0.71147
0.8284,-0.5211,-0.094573,0.18239,-31.775,39.956,0.70404
0.82834,-0.52122,-0.094653,0.18228,-31.857,39.957,0.69662
0.82828,-0.52133,-0.094733,0.18217,-31.939,39.958,0.68919
0.82823,-0.52145,-0.094813,0.18206,-32.022,39.958,0.68176
0.82817,-0.52156,-0.094893,0.18195,-32.104,39.959,0.67433
0.82811,-0.52168,-0.094973,0.18184,-32.187,39.96,0.6669
0.82805,-0.52179,-0.095053,0.18173,-32.27,39.961,0.65946
0.828,-0.52191,-0.095132,0.18162,-32.353,39.962,0.65203
0.82794,-0.52202,-0.095212,0.18151,-32.436,39.963,0.64459
0.82788,-0.52214,-0.095292,0.1814,-32.52,39.964,0.63715
0.82782,-0.52225,-0.095372,0.18129,-32.603,39.965,0.62971
0.82777,-0.52237,-0.095452,0.18118,-32.687,39.965,0.62227
0.82771,-0.52248,-0.095532,0.18107,-32.771,39.966,0.61483
0.82765,-0.52259,-0.095612,0.18096,-32.855,39.967,0.60739
0.82759,-0.52271,-0.095692,0.18085,-32.939,39.968,0.59994
0.82754,-0.52282,-0.095772,0.18074,-33.023,39.969,0.59249
0.82748,-0.52294,-0.095852,0.18063,-33.108,39.969,0.58505
0.82742,-0.52305,-0.095932,0.18052,-33.192,39.97,0.5776
0.82736,-0.52317,-0.096012,0.18041,-33.277,39.971,0.57015
0.82731,-0.52328,-0.096092,0.1803,-33.362,39.972,0.5627
0.82725,-0.5234,-0.096171,0.18019,-33.447,39.972,0.55524
0.82719,-0.52351,-0.096251,0.18008,-33.532,39.973,0.54779
0.82713,-0.52363,-0.096331,0.17997,-33.617,39.974,0.54033
0.82707,-0.52374,-0.096411,0.17986,-33.702,39.975,0.53288
0.82702,-0.52386,-0.096491,0.17974,-33.788,39.975,0.52542
0.82696,-0.52397,-0.096571,0.17963,-33.873,39.976,0.51796
0.8269,-0.52408,-0.096651,0.17952,-33.959,39.977,0.5105
0.82684,-0.5242,-0.096731,0.17941,-34.045,39.977,0.50304
0.82679,-0.52431,-0.096811,0.1793,-34.131,39.978,0.49557
0.82673,-0.52443,-0.09689,0.17919,-34.217,39.979,0.48811
0.82667,-0.52454,-0.09697,0.17908,-34.303,39.979,0.48065
0.82661,-0.52466,-0.09705,0.17897,-34.39,39.98,0.47318
0.82655,-0.52477,-0.09713,0.17886,-34.476,39.981,0.46571
0.82649,-0.52488,-0.09721,0.17875,-34.563,39.981,0.45825
0.82644,-0.525,-0.09729,0.17864,-34.649,39.982,0.45078
0.82638,-0.52511,-0.09737,0.17853,-34.736,39.982,0.44331
0.82632,-0.52523,-0.097449,0.17842,-34.823,39.983,0.43584
0.82626,-0.52534,-0.097529,0.17831,-34.91,39.984,0.42836
0.8262,-0.52546,-0.097609,0.1782,-34.997,39.984,0.42089
0.82615,-0.52557,-0.097689,0.17809,-35.084,39.985,0.41342
0.82609,-0.52568,-0.097769,0.17798,-35.172,39.985,0.40594
0.82603,-0.5258,-0.097849,0.17787,-35.259,39.986,0.39847
0.82597,-0.52591,-0.097928,0.17776,-35.346,39.986,0.39099
0.82591,-0.52603,-0.098008,0.17765,-35.434,39.987,0.38351
0.82585,-0.52614,-0.098088,0.17754,-35.522,39.987,0.37603
0.8258,-0.52626,-0.098168,0.17743,-35.609,39.988,0.36856
0.82574,-0.52637,-0.098248,0.17732,-35.697,39.988,0.36108
0.82568,-0.52648,-0.098327,0.17721,-35.785,39.989,0.35359
0.82562,-0.5266,-0.098407,0.1771,-35.873,39.989,0.34611
0.82556,-0.52671,-0.098487,0.17699,-35.961,39.99,0.33863
0.8255,-0.52683,-0.098567,0.17688,-36.049,39.99,0.33115
0.82544,-0.52694,-0.098647,0.17676,-36.138,39.991,0.32366
0.82539,-0.52705,-0.098726,0.17665,-36.226,39.991,0.31618
0.82533,-0.52717,-0.098806,0.17654,-36.315,39.992,0.30869
0.82527,-0.52728,-0.098886,0.17643,-36.403,39.992,0.30121
0.82521,-0.5274,-0.098966,0.17632,-36.492,39.992,0.29372
0.82515,-0.52751,-0.099046,0.17621,-36.58,39.993,0.28623
0.82509,-0.52762,-0.099125,0.1761,-36.669,39.993,0.27875
0.82503,-0.52774,-0.099205,0.17599,-36.758,39.993,0.27126
0.82497,-0.52785,-0.099285,0.17588,-36.847,39.994,0.26377
0.82491,-0.52796,-0.099365,0.17577,-36.935,39.994,0.25628
0.82486,-0.52808,-0.099444,0.17566,-37.024,39.994,0.24879
0.8248,-0.52819,-0.099524,0.17555,-37.113,39.995,0.2413
0.82474,-0.52831,-0.099604,0.17544,-37.203,39.995,0.2338
0.82468,-0.52842,-0.099684,0.17533,-37.292,39.995,0.22631
0.82462,-0.52853,-0.099763,0.17522,-37.381,39.996,0.21882
0.82456,-0.52865,-0.099843,0.17511,-37.47,39.996,0.21133
0.8245,-0.52876,-0.099923,0.175,-37.559,39.996,0.20383
0.82444,-0.52887,-0.1,0.17489,-37.649,39.997,0.19634
0.82438,-0.52899,-0.10008,0.17478,-37.738,39.997,0.18884
0.82432,-0.5291,-0.10016,0.17467,-37.828,39.997,0.18135
0.82427,-0.52922,-0.10024,0.17455,-37.917,39.997,0.17385
0.82421,-0.52933,-0.10032,0.17444,-38.007,39.998,0.16636
0.82415,-0.52944,-0.1004,0.17433,-38.096,39.998,0.15886
0.82409,-0.52956,-0.10048,0.17422,-38.186,39.998,0.15137
0.82403,-0.52967,-0.10056,0.17411,-38.275,39.998,0.14387
0.82397,-0.52978,-0.10064,0.174,-38.365,39.998,0.13637
0.82391,-0.5299,-0.10072,0.17389,-38.455,39.999,0.12888
0.82385,-0.53001,-0.1008,0.17378,-38.545,39.999,0.12138
0.82379,-0.53012,-0.10088,0.17367,-38.634,39.999,0.11388
0.82373,-0.53024,-0.10096,0.17356,-38.724,39.999,0.10638
0.82367,-0.53035,-0.10104,0.17345,-38.814,39.999,0.098883
0.82361,-0.53046,-0.10112,0.17334,-38.904,39.999,0.091385
0.82355,-0.53058,-0.1012,0.17323,-38.994,39.999,0.083886
0.82349,-0.53069,-0.10128,0.17312,-39.084,39.999,0.076387
0.82343,-0.5308,-0.10136,0.17301,-39.174,40,0.068888
0.82337,-0.53092,-0.10144,0.1729,-39.263,40,0.061388
0.82331,-0.53103,-0.10152,0.17278,-39.353,40,0.053889
0.82325,-0.53114,-0.1016,0.17267,-39.443,40,0.046389
0.82319,-0.53126,-0.10168,0.17256,-39.533,40,0.038889
0.82313,-0.53137,-0.10176,0.17245,-39.623,40,0.03139
0.82307,-0.53148,-0.10184,0.17234,-39.713,40,0.02389
0.82301,-0.5316,-0.10192,0.17223,-39.803,40,0.01639
0.82296,-0.53171,-0.10199,0.17212,-39.893,40,0.0088898
0.8229,-0.53182,-0.10207,0.17201,-39.983,40,0.0013898
0.82284,-0.53194,-0.10215,0.1719,-40.073,40,-0.0061102
0.82278,-0.53205,-0.10223,0.17179,-40.163,40,-0.01361
0.82272,-0.53216,-0.10231,0.17168,-40.253,40,-0.02111
0.82266,-0.53228,-0.10239,0.17157,-40.343,40,-0.02861
0.8226,-0.53239,-0.10247,0.17146,-40.433,40,-0.03611
0.82254,-0.5325,-0.10255,0.17135,-40.523,40,-0.04361
0.82248,-0.53262,-0.10263,0.17123,-40.613,40,-0.051109
0.82242,-0.53273,-0.10271,0.17112,-40.703,40,-0.058609
0.82235,-0.53284,-0.10279,0.17101,-40.793,40,-0.066108
0.82229,-0.53296,-0.10287,0.1709,-40.883,40,-0.073608
0.82223,-0.53307,-0.10295,0.17079,-40.973,39.999,-0.081107
0.82217,-0.53318,-0.10303,0.17068,-41.063,39.999,-0.088606
0.82211,-0.53329,-0.10311,0.17057,-41.153,39.999,-0.096104
0.82205,-0.53341,-0.10319,0.17046,-41.243,39.999,-0.1036
0.82199,-0.53352,-0.10327,0.17035,-41.332,39.999,-0.1111
0.82193,-0.53363,-0.10335,0.17024,-41.422,39.999,-0.1186
0.82187,-0.53375,-0.10343,0.17013,-41.512,39.999,-0.1261
0.82181,-0.53386,-0.10351,0.17002,-41.602,39.998,-0.13359
0.82175,-0.53397,-0.10359,0.16991,-41.691,39.998,-0.14109
0.82169,-0.53408,-0.10367,0.16979,-41.781,39.998,-0.14859
0.82163,-0.5342,-0.10375,0.16968,-41.871,39.998,-0.15608
0.82157,-0.53431,-0.10383,0.16957,-41.96,39.998,-0.16358
0.82151,-0.53442,-0.10391,0.16946,-42.05,39.997,-0.17108
0.82145,-0.53454,-0.10398,0.16935,-42.139,39.997,-0.17857
0.82139,-0.53465,-0.10406,0.16924,-42.229,39.997,-0.18607
0.82133,-0.53476,-0.10414,0.16913,-42.318,39.997,-0.19356
0.82127,-0.53487,-0.10422,0.16902,-42.407,39.996,-0.20106
0.82121,-0.53499,-0.1043,0.16891,-42.497,39.996,-0.20855
0.82115,-0.5351,-0.10438,0.1688,-42.586,39.996,-0.21604
0.82109,-0.53521,-0.10446,0.16869,-42.675,39.996,-0.22354
0.82102,-0.53532,-0.10454,0.16858,-42.764,39.995,-0.23103
0.82096,-0.53544,-0.10462,0.16846,-42.854,39.995,-0.23852
0.8209,-0.53555,-0.1047,0.16835,-42.943,39.995,-0.24601
0.82084,-0.53566,-0.10478,0.16824,-43.032,39.994,-0.2535
0.82078,-0.53577,-0.10486,0.16813,-43.121,39.994,-0.26099
0.82072,-0.53589,-0.10494,0.16802,-43.209,39.994,-0.26848
0.82066,-0.536,-0.10502,0.16791,-43.298,39.993,-0.27597
0.8206,-0.53611,-0.1051,0.1678,-43.387,39.993,-0.28346
0.82054,-0.53622,-0.10518,0.16769,-43.476,39.992,-0.29095
0.82048,-0.53634,-0.10526,0.16758,-43.564,39.992,-0.29843
0.82042,-0.53645,-0.10534,0.16747,-43.653,39.992,-0.30592
0.82035,-0.53656,-0.10542,0.16735,-43.741,39.991,-0.3134
0.82029,-0.53667,-0.1055,0.16724,-43.83,39.991,-0.32089
0.82023,-0.53679,-0.10558,0.16713,-43.918,39.99,-0.32837
0.82017,-0.5369,-0.10565,0.16702,-44.006,39.99,-0.33586
0.82011,-0.53701,-0.10573,0.16691,-44.094,39.99,-0.34334
0.82005,-0.53712,-0.10581,0.1668,-44.182,39.989,-0.35082
0.81999,-0.53724,-0.10589,0.16669,-44.27,39.989,-0.3583
0.81993,-0.53735,-0.10597,0.16658,-44.358,39.988,-0.36578
0.81986,-0.53746,-0.10605,0.16647,-44.446,39.988,-0.37326
0.8198,-0.53757,-0.10613,0.16636,-44.534,39.987,-0.38074
0.81974,-0.53768,-0.10621,0.16625,-44.621,39.987,-0.38822
0.81968,-0.5378,-0.10629,0.16613,-44.709,39.986,-0.3957
0.81962,-0.53791,-0.10637,0.16602,-44.796,39.986,-0.40317
0.81956,-0.53802,-0.10645,0.16591,-44.883,39.985,-0.41065
0.8195,-0.53813,-0.10653,0.1658,-44.971,39.984,-0.41812
0.81943,-0.53825,-0.10661,0.16569,-45.058,39.984,-0.42559
0.81937,-0.53836,-0.10669,0.16558,-45.145,39.983,-0.43307
0.81931,-0.53847,-0.10677,0.16547,-45.232,39.983,-0.44054
0.81925,-0.53858,-0.10685,0.16536,-45.319,39.982,-0.44801
0.81919,-0.53869,-0.10693,0.16525,-45.405,39.982,-0.45548
0.81913,-0.53881,-0.10701,0.16513,-45.492,39.981,-0.46295
0.81906,-0.53892,-0.10708,0.16502,-45.578,39.98,-0.47041
0.819,-0.53903,-0.10716,0.16491,-45.665,39.98,-0.47788
0.81894,-0.53914,-0.10724,0.1648,-45.751,39.979,-0.48534
0.81888,-0.53925,-0.10732,0.16469,-45.837,39.978,-0.49281
0.81882,-0.53937,-0.1074,0.16458,-45.923,39.978,-0.50027
0.81876,-0.53948,-0.10748,0.16447,-46.009,39.977,-0.50773
0.81869,-0.53959,-0.10756,0.16436,-46.095,39.976,-0.51519
0.81863,-0.5397,-0.10764,0.16425,-46.18,39.976,-0.52265
0.81857,-0.53981,-0.10772,0.16413,-46.266,39.975,-0.53011
0.81851,-0.53993,-0.1078,0.16402,-46.351,39.974,-0.53757
0.81845,-0.54004,-0.10788,0.16391,-46.437,39.974,-0.54503
0.81838,-0.54015,-0.10796,0.1638,-46.522,39.973,-0.55248
0.81832,-0.54026,-0.10804,0.16369,-46.607,39.972,-0.55993
0.81826,-0.54037,-0.10812,0.16358,-46.692,39.971,-0.56739
0.8182,-0.54048,-0.1082,0.16347,-46.776,39.971,-0.57484
0.81814,-0.5406,-0.10828,0.16336,-46.861,39.97,-0.58229
0.81807,-0.54071,-0.10835,0.16325,-46.946,39.969,-0.58973
0.81801,-0.54082,-0.10843,0.16313,-47.03,39.968,-0.59718
0.81795,-0.54093,-0.10851,0.16302,-47.114,39.967,-0.60463
0.81789,-0.54104,-0.10859,0.16291,-47.198,39.967,-0.61207
0.81783,-0.54115,-0.10867,0.1628,-47.282,39.966,-0.61951
0.81776,-0.54127,-0.10875,0.16269,-47.366,39.965,-0.62696
0.8177,-0.54138,-0.10883,0.16258,-47.449,39.964,-0.6344
0.81764,-0.54149,-0.10891,0.16247,-47.533,39.963,-0.64183
0.81758,-0.5416,-0.10899,0.16236,-47.616,39.962,-0.64927
0.81751,-0.54171,-0.10907,0.16224,-47.699,39.961,-0.65671
0.81745,-0.54182,-0.10915,0.16213,-47.782,39.961,-0.66414
0.81739,-0.54194,-0.10923,0.16202,-47.865,39.96,-0.67157
0.81733,-0.54205,-0.10931,0.16191,-47.948,39.959,-0.67901
0.81726,-0.54216,-0.10939,0.1618,-48.03,39.958,-0.68644
0.8172,-0.54227,-0.10947,0.16169,-48.113,39.957,-0.69386
0.81714,-0.54238,-0.10954,0.16158,-48.195,39.956,-0.70129
0.81708,-0.54249,-0.10962,0.16147,-48.277,39.955,-0.70872
0.81701,-0.5426,-0.1097,0.16135,-48.359,39.954,-0.71614
0.81695,-0.54272,-0.10978,0.16124,-48.44,39.953,-0.72356
0.81689,-0.54283,-0.10986,0.16113,-48.522,39.952,-0.73098
0.81682,-0.54294,-0.10994,0.16102,-48.603,39.951,-0.7384
0.81676,-0.54305,-0.11002,0.16091,-48.684,39.95,-0.74582
0.8167,-0.54316,-0.1101,0.1608,-48.765,39.949,-0.75323
0.81664,-0.54327,-0.11018,0.16069,-48.846,39.948,-0.76065
0.81657,-0.54338,-0.11026,0.16058,-48.927,39.947,-0.76806
0.81651,-0.54349,-0.11034,0.16046,-49.007,39.946,-0.77547
0.81645,-0.54361,-0.11042,0.16035,-49.087,39.945,-0.78288
0.81639,-0.54372,-0.1105,0.16024,-49.168,39.944,-0.79028
0.81632,-0.54383,-0.11058,0.16013,-49.247,39.943,-0.79769
0.81626,-0.54394,-0.11065,0.16002,-49.327,39.942,-0.80509
0.8162,-0.54405,-0.11073,0.15991,-49.407,39.941,-0.81249
0.81613,-0.54416,-0.11081,0.1598,-49.486,39.94,-0.81989
0.81607,-0.54427,-0.11089,0.15968,-49.565,39.939,-0.82729
0.81601,-0.54438,-0.11097,0.15957,-49.644,39.938,-0.83468
0.81594,-0.5445,-0.11105,0.15946,-49.723,39.936,-0.84208
0.81588,-0.54461,-0.11113,0.15935,-49.801,39.935,-0.84947
0.81582,-0.54472,-0.11121,0.15924,-49.88,39.934,-0.85686
0.81575,-0.54483,-0.11129,0.15913,-49.958,39.933,-0.86425
0.81569,-0.54494,-0.11137,0.15902,-50.036,39.932,-0.87163
0.81563,-0.54505,-0.11145,0.15891,-50.114,39.931,-0.87902
0.81556,-0.54516,-0.11153,0.15879,-50.191,39.929,-0.8864
0.8155,-0.54527,-0.11161,0.15868,-50.268,39.928,-0.89378
0.81544,-0.54538,-0.11168,0.15857,-50.346,39.927,-0.90116
0.81537,-0.54549,-0.11176,0.15846,-50.422,39.926,-0.90853
0.81531,-0.54561,-0.11184,0.15835,-50.499,39.925,-0.91591
0.81525,-0.54572,-0.11192,0.15824,-50.576,39.923,-0.92328
0.81518,-0.54583,-0.112,0.15813,-50.652,39.922,-0.93065
0.81512,-0.54594,-0.11208,0.15801,-50.728,39.921,-0.93802
0.81506,-0.54605,-0.11216,0.1579,-50.804,39.92,-0.94538
0.81499,-0.54616,-0.11224,0.15779,-50.879,39.918,-0.95275
0.81493,-0.54627,-0.11232,0.15768,-50.955,39.917,-0.96011
0.81487,-0.54638,-0.1124,0.15757,-51.03,39.916,-0.96747
0.8148,-0.54649,-0.11248,0.15746,-51.105,39.915,-0.97483
0.81474,-0.5466,-0.11256,0.15735,-51.18,39.913,-0.98218
0.81468,-0.54671,-0.11263,0.15723,-51.254,39.912,-0.98953
0.81461,-0.54682,-0.11271,0.15712,-51.329,39.911,-0.99688
0.81455,-0.54693,-0.11279,0.15701,-51.403,39.909,-1.0042
0.81448,-0.54704,-0.11287,0.1569,-51.476,39.908,-1.0116
0.81442,-0.54716,-0.11295,0.15679,-51.55,39.907,-1.0189
0.81436,-0.54727,-0.11303,0.15668,-51.623,39.905,-1.0263
0.81429,-0.54738,-0.11311,0.15656,-51.697,39.904,-1.0336
0.81423,-0.54749,-0.11319,0.15645,-51.769,39.902,-1.0409
0.81416,-0.5476,-0.11327,0.15634,-51.842,39.901,-1.0483
0.8141,-0.54771,-0.11335,0.15623,-51.914,39.9,-1.0556
0.81404,-0.54782,-0.11343,0.15612,-51.987,39.898,-1.0629
0.81397,-0.54793,-0.1135,0.15601,-52.059,39.897,-1.0703
0.81391,-0.54804,-0.11358,0.1559,-52.13,39.895,-1.0776
0.81384,-0.54815,-0.11366,0.15578,-52.202,39.894,-1.0849
0.81378,-0.54826,-0.11374,0.15567,-52.273,39.892,-1.0922
0.81372,-0.54837,-0.11382,0.15556,-52.344,39.891,-1.0995
0.81365,-0.54848,-0.1139,0.15545,-52.414,39.889,-1.1069
0.81359,-0.54859,-0.11398,0.15534,-52.485,39.888,-1.1142
0.81352,-0.5487,-0.11406,0.15523,-52.555,39.886,-1.1215
0.81346,-0.54881,-0.11414,0.15511,-52.625,39.885,-1.1288
0.8134,-0.54892,-0.11422,0.155,-52.695,39.883,-1.1361
0.81333,-0.54903,-0.1143,0.15489,-52.764,39.882,-1.1434
0.81327,-0.54914,-0.11437,0.15478,-52.833,39.88,-1.1507
0.8132,-0.54925,-0.11445,0.15467,-52.902,39.879,-1.158
0.81314,-0.54936,-0.11453,0.15456,-52.971,39.877,-1.1653
0.81307,-0.54947,-0.11461,0.15445,-53.039,39.876,-1.1726
0.81301,-0.54958,-0.11469,0.15433,-53.107,39.874,-1.1799
0.81295,-0.54969,-0.11477,0.15422,-53.175,39.873,-1.1872
0.81288,-0.5498,-0.11485,0.15411,-53.243,39.871,-1.1944
0.81282,-0.54991,-0.11493,0.154,-53.31,39.869,-1.2017
0.81275,-0.55002,-0.11501,0.15389,-53.377,39.868,-1.209
0.81269,-0.55013,-0.11509,0.15378,-53.444,39.866,-1.2163
0.81262,-0.55024,-0.11516,0.15366,-53.51,39.864,-1.2236
0.81256,-0.55035,-0.11524,0.15355,-53.577,39.863,-1.2308
0.81249,-0.55046,-0.11532,0.15344,-53.643,39.861,-1.2381
0.81243,-0.55058,-0.1154,0.15333,-53.708,39.86,-1.2454
0.81236,-0.55069,-0.11548,0.15322,-53.774,39.858,-1.2526
0.8123,-0.5508,-0.11556,0.15311,-53.839,39.856,-1.2599
0.81223,-0.5509,-0.11564,0.15299,-53.904,39.854,-1.2671
0.81217,-0.55101,-0.11572,0.15288,-53.968,39.853,-1.2744
0.8121,-0.55112,-0.1158,0.15277,-54.032,39.851,-1.2816
0.81204,-0.55123,-0.11588,0.15266,-54.096,39.849,-1.2889
0.81197,-0.55134,-0.11595,0.15255,-54.16,39.848,-1.2961
0.81191,-0.55145,-0.11603,0.15244,-54.223,39.846,-1.3034
0.81184,-0.55156,-0.11611,0.15232,-54.287,39.844,-1.3106
0.81178,-0.55167,-0.11619,0.15221,-54.349,39.842,-1.3179
0.81171,-0.55178,-0.11627,0.1521,-54.412,39.841,-1.3251
0.81165,-0.55189,-0.11635,0.15199,-54.474,39.839,-1.3323
0.81158,-0.552,-0.11643,0.15188,-54.536,39.837,-1.3395
0.81152,-0.55211,-0.11651,0.15176,-54.598,39.835,-1.3468
0.81145,-0.55222,-0.11659,0.15165,-54.659,39.833,-1.354
0.81139,-0.55233,-0.11667,0.15154,-54.72,39.832,-1.3612
0.81132,-0.55244,-0.11674,0.15143,-54.781,39.83,-1.3684
0.81126,-0.55255,-0.11682,0.15132,-54.842,39.828,-1.3756
0.81119,-0.55266,-0.1169,0.15121,-54.902,39.826,-1.3828
0.81113,-0.55277,-0.11698,0.15109,-54.962,39.824,-1.3901
0.81106,-0.55288,-0.11706,0.15098,-55.021,39.822,-1.3973
0.811,-0.55299,-0.11714,0.15087,-55.08,39.82,-1.4045
0.81093,-0.5531,-0.11722,0.15076,-55.139,39.819,-1.4116
0.81087,-0.55321,-0.1173,0.15065,-55.198,39.817,-1.4188
0.8108,-0.55332,-0.11738,0.15054,-55.256,39.815,-1.426
0.81074,-0.55343,-0.11745,0.15042,-55.314,39.813,-1.4332
0.81067,-0.55354,-0.11753,0.15031,-55.372,39.811,-1.4404
0.81061,-0.55365,-0.11761,0.1502,-55.43,39.809,-1.4476
0.81054,-0.55376,-0.11769,0.15009,-55.487,39.807,-1.4548
0.81047,-0.55387,-0.11777,0.14998,-55.544,39.805,-1.4619
0.81041,-0.55398,-0.11785,0.14986,-55.6,39.803,-1.4691
0.81034,-0.55409,-0.11793,0.14975,-55.656,39.801,-1.4763
0.81028,-0.55419,-0.11801,0.14964,-55.712,39.799,-1.4834
0.81021,-0.5543,-0.11809,0.14953,-55.768,39.797,-1.4906
0.81015,-0.55441,-0.11816,0.14942,-55.823,39.795,-1.4978
0.81008,-0.55452,-0.11824,0.14931,-55.878,39.793,-1.5049
0.81001,-0.55463,-0.11832,0.14919,-55.932,39.791,-1.5121
0.80995,-0.55474,-0.1184,0.14908,-55.986,39.789,-1.5192
0.80988,-0.55485,-0.11848,0.14897,-56.04,39.787,-1.5264
0.80982,-0.55496,-0.11856,0.14886,-56.094,39.785,-1.5335
0.80975,-0.55507,-0.11864,0.14875,-56.147,39.783,-1.5406
0.80969,-0.55518,-0.11872,0.14863,-56.2,39.781,-1.5478
0.80962,-0.55529,-0.1188,0.14852,-56.253,39.779,-1.5549
0.80955,-0.5554,-0.11887,0.14841,-56.305,39.777,-1.562
0.80949,-0.55551,-0.11895,0.1483,-56.357,39.774,-1.5691
0.80942,-0.55562,-0.11903,0.14819,-56.409,39.772,-1.5763
0.80936,-0.55572,-0.11911,0.14807,-56.46,39.77,-1.5834
0.80929,-0.55583,-0.11919,0.14796,-56.511,39.768,-1.5905
0.80922,-0.55594,-0.11927,0.14785,-56.562,39.766,-1.5976
0.80916,-0.55605,-0.11935,0.14774,-56.612,39.764,-1.6047
0.80909,-0.55616,-0.11943,0.14763,-56.662,39.762,-1.6118
0.80903,-0.55627,-0.1195,0.14751,-56.711,39.759,-1.6189
0.80896,-0.55638,-0.11958,0.1474,-56.761,39.757,-1.626
0.80889,-0.55649,-0.11966,0.14729,-56.81,39.755,-1.6331
0.80883,-0.5566,-0.11974,0.14718,-56.858,39.753,-1.6402
0.80876,-0.55671,-0.11982,0.14707,-56.906,39.751,-1.6473
0.80869,-0.55681,-0.1199,0.14696,-56.954,39.748,-1.6543
0.80863,-0.55692,-0.11998,0.14684,-57.002,39.746,-1.6614
0.80856,-0.55703,-0.12006,0.14673,-57.049,39.744,-1.6685
0.8085,-0.55714,-0.12013,0.14662,-57.096,39.742,-1.6756
0.80843,-0.55725,-0.12021,0.14651,-57.143,39.739,-1.6826
0.80836,-0.55736,-0.12029,0.1464,-57.189,39.737,-1.6897
0.8083,-0.55747,-0.12037,0.14628,-57.235,39.735,-1.6967
0.80823,-0.55758,-0.12045,0.14617,-57.28,39.733,-1.7038
0.80816,-0.55768,-0.12053,0.14606,-57.325,39.73,-1.7108
0.8081,-0.55779,-0.12061,0.14595,-57.37,39.728,-1.7179
0.80803,-0.5579,-0.12069,0.14584,-57.414,39.726,-1.7249
0.80796,-0.55801,-0.12076,0.14572,-57.458,39.723,-1.732
0.8079,-0.55812,-0.12084,0.14561,-57.502,39.721,-1.739
0.80783,-0.55823,-0.12092,0.1455,-57.546,39.719,-1.746
0.80776,-0.55834,-0.121,0.14539,-57.589,39.716,-1.753
0.8077,-0.55845,-0.12108,0.14527,-57.631,39.714,-1.7601
0.80763,-0.55855,-0.12116,0.14516,-57.674,39.711,-1.7671
0.80756,-0.55866,-0.12124,0.14505,-57.716,39.709,-1.7741
0.8075,-0.55877,-0.12132,0.14494,-57.757,39.707,-1.7811
0.80743,-0.55888,-0.12139,0.14483,-57.798,39.704,-1.7881
0.80736,-0.55899,-0.12147,0.14471,-57.839,39.702,-1.7951
0.8073,-0.5591,-0.12155,0.1446,-57.88,39.699,-1.8021
0.80723,-0.55921,-0.12163,0.14449,-57.92,39.697,-1.8091
0.80716,-0.55931,-0.12171,0.14438,-57.96,39.695,-1.8161
0.80709,-0.55942,-0.12179,0.14427,-57.999,39.692,-1.8231
0.80703,-0.55953,-0.12187,0.14415,-58.038,39.69,-1.8301
0.80696,-0.55964,-0.12194,0.14404,-58.077,39.687,-1.837
0.80689,-0.55975,-0.12202,0.14393,-58.115,39.685,-1.844
0.80683,-0.55986,-0.1221,0.14382,-58.153,39.682,-1.851
0.80676,-0.55996,-0.12218,0.14371,-58.191,39.68,-1.858
0.80669,-0.56007,-0.12226,0.14359,-58.228,39.677,-1.8649
0.80662,-0.56018,-0.12234,0.14348,-58.265,39.675,-1.8719
0.80656,-0.56029,-0.12242,0.14337,-58.301,39.672,-1.8788
0.80649,-0.5604,-0.1225,0.14326,-58.337,39.669,-1.8858
0.80642,-0.56051,-0.12257,0.14315,-58.373,39.667,-1.8927
0.80636,-0.56061,-0.12265,0.14303,-58.408,39.664,-1.8997
0.80629,-0.56072,-0.12273,0.14292,-58.443,39.662,-1.9066
0.80622,-0.56083,-0.12281,0.14281,-58.478,39.659,-1.9135
0.80615,-0.56094,-0.12289,0.1427,-58.512,39.657,-1.9205
0.80609,-0.56105,-0.12297,0.14258,-58.546,39.654,-1.9274
0.80602,-0.56115,-0.12305,0.14247,-58.58,39.651,-1.9343
0.80595,-0.56126,-0.12312,0.14236,-58.613,39.649,-1.9412
0.80588,-0.56137,-0.1232,0.14225,-58.646,39.646,-1.9481
0.80582,-0.56148,-0.12328,0.14214,-58.678,39.644,-1.955
0.80575,-0.56159,-0.12336,0.14202,-58.71,39.641,-1.9619
0.80568,-0.5617,-0.12344,0.14191,-58.742,39.638,-1.9688
0.80561,-0.5618,-0.12352,0.1418,-58.773,39.636,-1.9757
0.80555,-0.56191,-0.1236,0.14169,-58.804,39.633,-1.9826
0.80548,-0.56202,-0.12367,0.14157,-58.834,39.63,-1.9895
0.80541,-0.56213,-0.12375,0.14146,-58.864,39.627,-1.9964
0.80534,-0.56224,-0.12383,0.14135,-58.894,39.625,-2.0032
0.80528,-0.56234,-0.12391,0.14124,-58.923,39.622,-2.0101
0.80521,-0.56245,-0.12399,0.14113,-58.952,39.619,-2.017
0.80514,-0.56256,-0.12407,0.14101,-58.981,39.617,-2.0238
0.80507,-0.56267,-0.12415,0.1409,-59.009,39.614,-2.0307
0.805,-0.56277,-0.12422,0.14079,-59.037,39.611,-2.0375
0.80494,-0.56288,-0.1243,0.14068,-59.064,39.608,-2.0444
0.80487,-0.56299,-0.12438,0.14056,-59.091,39.606,-2.0512
0.8048,-0.5631,-0.12446,0.14045,-59.118,39.603,-2.0581
0.80473,-0.56321,-0.12454,0.14034,-59.144,39.6,-2.0649
0.80466,-0.56331,-0.12462,0.14023,-59.17,39.597,-2.0717
0.8046,-0.56342,-0.1247,0.14012,-59.195,39.594,-2.0785
0.80453,-0.56353,-0.12477,0.14,-59.22,39.591,-2.0854
0.80446,-0.56364,-0.12485,0.13989,-59.245,39.589,-2.0922
0.80439,-0.56374,-0.12493,0.13978,-59.269,39.586,-2.099
0.80432,-0.56385,-0.12501,0.13967,-59.293,39.583,-2.1058
0.80426,-0.56396,-0.12509,0.13955,-59.317,39.58,-2.1126
0.80419,-0.56407,-0.12517,0.13944,-59.34,39.577,-2.1194
0.80412,-0.56417,-0.12524,0.13933,-59.363,39.574,-2.1262
0.80405,-0.56428,-0.12532,0.13922,-59.385,39.571,-2.133
0.80398,-0.56439,-0.1254,0.1391,-59.407,39.569,-2.1397
0.80391,-0.5645,-0.12548,0.13899,-59.429,39.566,-2.1465
0.80385,-0.5646,-0.12556,0.13888,-59.45,39.563,-2.1533
0.80378,-0.56471,-0.12564,0.13877,-59.47,39.56,-2.1601
0.80371,-0.56482,-0.12572,0.13866,-59.491,39.557,-2.1668
0.80364,-0.56493,-0.12579,0.13854,-59.511,39.554,-2.1736
0.80357,-0.56503,-0.12587,0.13843,-59.53,39.551,-2.1803
0.8035,-0.56514,-0.12595,0.13832,-59.55,39.548,-2.1871
0.80344,-0.56525,-0.12603,0.13821,-59.568,39.545,-2.1938
0.80337,-0.56536,-0.12611,0.13809,-59.587,39.542,-2.2006
0.8033,-0.56546,-0.12619,0.13798,-59.605,39.539,-2.2073
0.80323,-0.56557,-0.12626,0.13787,-59.622,39.536,-2.214
0.80316,-0.56568,-0.12634,0.13776,-59.64,39.533,-2.2207
0.80309,-0.56579,-0.12642,0.13764,-59.656,39.53,-2.2275
0.80302,-0.56589,-0.1265,0.13753,-59.673,39.527,-2.2342
0.80296,-0.566,-0.12658,0.13742,-59.689,39.524,-2.2409
0.80289,-0.56611,-0.12666,0.13731,-59.704,39.521,-2.2476
0.80282,-0.56622,-0.12673,0.13719,-59.72,39.518,-2.2543
0.80275,-0.56632,-0.12681,0.13708,-59.734,39.515,-2.261
0.80268,-0.56643,-0.12689,0.13697,-59.749,39.512,-2.2676
0.80261,-0.56654,-0.12697,0.13686,-59.763,39.509,-2.2743
0.80254,-0.56664,-0.12705,0.13675,-59.777,39.505,-2.281
0.80247,-0.56675,-0.12713,0.13663,-59.79,39.502,-2.2877
0.8024,-0.56686,-0.12721,0.13652,-59.803,39.499,-2.2943
0.80234,-0.56696,-0.12728,0.13641,-59.815,39.496,-2.301
0.80227,-0.56707,-0.12736,0.1363,-59.827,39.493,-2.3077
0.8022,-0.56718,-0.12744,0.13618,-59.839,39.49,-2.3143
0.80213,-0.56729,-0.12752,0.13607,-59.85,39.487,-2.321
0.80206,-0.56739,-0.1276,0.13596,-59.861,39.483,-2.3276
0.80199,-0.5675,-0.12768,0.13585,-59.871,39.48,-2.3342
0.80192,-0.56761,-0.12775,0.13573,-59.881,39.477,-2.3409
0.80185,-0.56771,-0.12783,0.13562,-59.891,39.474,-2.3475
0.80178,-0.56782,-0.12791,0.13551,-59.9,39.471,-2.3541
0.80171,-0.56793,-0.12799,0.1354,-59.909,39.467,-2.3607
0.80164,-0.56803,-0.12807,0.13528,-59.917,39.464,-2.3673
0.80158,-0.56814,-0.12815,0.13517,-59.925,39.461,-2.3739
0.80151,-0.56825,-0.12822,0.13506,-59.933,39.458,-2.3805
0.80144,-0.56836,-0.1283,0.13495,-59.94,39.455,-2.3871
0.80137,-0.56846,-0.12838,0.13483,-59.947,39.451,-2.3937
0.8013,-0.56857,-0.12846,0.13472,-59.953,39.448,-2.4003
0.80123,-0.56868,-0.12854,0.13461,-59.959,39.445,-2.4069
0.80116,-0.56878,-0.12862,0.1345,-59.964,39.441,-2.4134
0.80109,-0.56889,-0.12869,0.13438,-59.97,39.438,-2.42
0.80102,-0.569,-0.12877,0.13427,-59.974,39.435,-2.4266
0.80095,-0.5691,-0.12885,0.13416,-59.979,39.431,-2.4331
0.80088,-0.56921,-0.12893,0.13405,-59.983,39.428,-2.4397
0.80081,-0.56932,-0.12901,0.13393,-59.986,39.425,-2.4462
0.80074,-0.56942,-0.12908,0.13382,-59.989,39.421,-2.4528
0.80067,-0.56953,-0.12916,0.13371,-59.992,39.418,-2.4593
0.8006,-0.56964,-0.12924,0.1336,-59.994,39.415,-2.4658
0.80053,-0.56974,-0.12932,0.13348,-59.996,39.411,-2.4723
0.80046,-0.56985,-0.1294,0.13337,-59.998,39.408,-2.4789
0.80039,-0.56995,-0.12948,0.13326,-59.999,39.405,-2.4854
0.80032,-0.57006,-0.12955,0.13315,-60,39.401,-2.4919
0.80025,-0.57017,-0.12963,0.13303,-60,39.398,-2.4984
0.80018,-0.57027,-0.12971,0.13292,-60,39.394,-2.5049
0.80011,-0.57038,-0.12979,0.13281,-59.999,39.391,-2.5114
0.80004,-0.57049,-0.12987,0.1327,-59.998,39.387,-2.5178
0.79997,-0.57059,-0.12995,0.13258,-59.997,39.384,-2.5243
0.7999,-0.5707,-0.13002,0.13247,-59.995,39.381,-2.5308
0.79983,-0.57081,-0.1301,0.13236,-59.993,39.377,-2.5372
0.79976,-0.57091,-0.13018,0.13224,-59.991,39.374,-2.5437
0.79969,-0.57102,-0.13026,0.13213,-59.988,39.37,-2.5502
0.79962,-0.57113,-0.13034,0.13202,-59.985,39.367,-2.5566
0.79955,-0.57123,-0.13041,0.13191,-59.981,39.363,-2.5631
0.79948,-0.57134,-0.13049,0.13179,-59.977,39.36,-2.5695
0.79941,-0.57144,-0.13057,0.13168,-59.972,39.356,-2.5759
0.79934,-0.57155,-0.13065,0.13157,-59.967,39.353,-2.5823
0.79927,-0.57166,-0.13073,0.13146,-59.962,39.349,-2.5888
0.7992,-0.57176,-0.13081,0.13134,-59.956,39.345,-2.5952
0.79913,-0.57187,-0.13088,0.13123,-59.95,39.342,-2.6016
0.79906,-0.57197,-0.13096,0.13112,-59.943,39.338,-2.608
0.79899,-0.57208,-0.13104,0.13101,-59.936,39.335,-2.6144
0.79892,-0.57219,-0.13112,0.13089,-59.929,39.331,-2.6208
0.79885,-0.57229,-0.1312,0.13078,-59.921,39.328,-2.6272
0.79878,-0.5724,-0.13127,0.13067,-59.913,39.324,-2.6335
0.79871,-0.57251,-0.13135,0.13056,-59.904,39.32,-2.6399
0.79864,-0.57261,-0.13143,0.13044,-59.895,39.317,-2.6463
0.79857,-0.57272,-0.13151,0.13033,-59.886,39.313,-2.6526
0.7985,-0.57282,-0.13159,0.13022,-59.876,39.309,-2.659
0.79843,-0.57293,-0.13166,0.1301,-59.866,39.306,-2.6653
0.79836,-0.57303,-0.13174,0.12999,-59.855,39.302,-2.6717
0.79829,-0.57314,-0.13182,0.12988,-59.844,39.298,-2.678
0.79822,-0.57325,-0.1319,0.12977,-59.833,39.295,-2.6843
0.79815,-0.57335,-0.13198,0.12965,-59.821,39.291,-2.6907
0.79808,-0.57346,-0.13206,0.12954,-59.809,39.287,-2.697
0.79801,-0.57356,-0.13213,0.12943,-59.796,39.284,-2.7033
0.79793,-0.57367,-0.13221,0.12932,-59.783,39.28,-2.7096
0.79786,-0.57378,-0.13229,0.1292,-59.77,39.276,-2.7159
0.79779,-0.57388,-0.13237,0.12909,-59.756,39.272,-2.7222
0.79772,-0.57399,-0.13245,0.12898,-59.742,39.269,-2.7285
0.79765,-0.57409,-0.13252,0.12886,-59.727,39.265,-2.7348
0.79758,-0.5742,-0.1326,0.12875,-59.712,39.261,-2.741
0.79751,-0.5743,-0.13268,0.12864,-59.697,39.257,-2.7473
0.79744,-0.57441,-0.13276,0.12853,-59.681,39.254,-2.7536
0.79737,-0.57452,-0.13284,0.12841,-59.665,39.25,-2.7598
0.7973,-0.57462,-0.13291,0.1283,-59.648,39.246,-2.7661
0.79723,-0.57473,-0.13299,0.12819,-59.631,39.242,-2.7723
0.79716,-0.57483,-0.13307,0.12808,-59.614,39.238,-2.7786
0.79708,-0.57494,-0.13315,0.12796,-59.596,39.235,-2.7848
0.79701,-0.57504,-0.13323,0.12785,-59.578,39.231,-2.791
0.79694,-0.57515,-0.1333,0.12774,-59.559,39.227,-2.7972
0.79687,-0.57525,-0.13338,0.12762,-59.54,39.223,-2.8035
0.7968,-0.57536,-0.13346,0.12751,-59.521,39.219,-2.8097
0.79673,-0.57547,-0.13354,0.1274,-59.501,39.215,-2.8159
0.79666,-0.57557,-0.13362,0.12729,-59.481,39.211,-2.8221
0.79659,-0.57568,-0.13369,0.12717,-59.46,39.207,-2.8283
0.79651,-0.57578,-0.13377,0.12706,-59.439,39.204,-2.8344
0.79644,-0.57589,-0.13385,0.12695,-59.418,39.2,-2.8406
0.79637,-0.57599,-0.13393,0.12683,-59.396,39.196,-2.8468
0.7963,-0.5761,-0.13401,0.12672,-59.374,39.192,-2.8529
0.79623,-0.5762,-0.13408,0.12661,-59.351,39.188,-2.8591
0.79616,-0.57631,-0.13416,0.1265,-59.328,39.184,-2.8652
0.79609,-0.57641,-0.13424,0.12638,-59.305,39.18,-2.8714
0.79602,-0.57652,-0.13432,0.12627,-59.281,39.176,-2.8775
0.79594,-0.57662,-0.1344,0.12616,-59.257,39.172,-2.8837
0.79587,-0.57673,-0.13447,0.12604,-59.233,39.168,-2.8898
0.7958,-0.57684,-0.13455,0.12593,-59.208,39.164,-2.8959
0.79573,-0.57694,-0.13463,0.12582,-59.183,39.16,-2.902
0.79566,-0.57705,-0.13471,0.12571,-59.157,39.156,-2.9081
0.79559,-0.57715,-0.13479,0.12559,-59.131,39.152,-2.9142
0.79551,-0.57726,-0.13486,0.12548,-59.105,39.148,-2.9203
0.79544,-0.57736,-0.13494,0.12537,-59.078,39.144,-2.9264
0.79537,-0.57747,-0.13502,0.12525,-59.051,39.14,-2.9325
0.7953,-0.57757,-0.1351,0.12514,-59.023,39.136,-2.9385
0.79523,-0.57768,-0.13517,0.12503,-58.995,39.132,-2.9446
0.79516,-0.57778,-0.13525,0.12492,-58.967,39.128,-2.9507
0.79508,-0.57789,-0.13533,0.1248,-58.938,39.123,-2.9567
0.79501,-0.57799,-0.13541,0.12469,-58.909,39.119,-2.9628
0.79494,-0.5781,-0.13549,0.12458,-58.879,39.115,-2.9688
0.79487,-0.5782,-0.13556,0.12446,-58.849,39.111,-2.9748
0.7948,-0.57831,-0.13564,0.12435,-58.819,39.107,-2.9808
0.79472,-0.57841,-0.13572,0.12424,-58.788,39.103,-2.9869
0.79465,-0.57852,-0.1358,0.12413,-58.757,39.099,-2.9929
0.79458,-0.57862,-0.13588,0.12401,-58.726,39.095,-2.9989
0.79451,-0.57873,-0.13595,0.1239,-58.694,39.09,-3.0049
0.79444,-0.57883,-0.13603,0.12379,-58.662,39.086,-3.0109
0.79436,-0.57894,-0.13611,0.12367,-58.629,39.082,-3.0169
0.79429,-0.57904,-0.13619,0.12356,-58.596,39.078,-3.0228
0.79422,-0.57914,-0.13626,0.12345,-58.563,39.074,-3.0288
0.79415,-0.57925,-0.13634,0.12333,-58.529,39.069,-3.0348
0.79407,-0.57935,-0.13642,0.12322,-58.495,39.065,-3.0407
0.794,-0.57946,-0.1365,0.12311,-58.461,39.061,-3.0467
0.79393,-0.57956,-0.13658,0.123,-58.426,39.057,-3.0526
0.79386,-0.57967,-0.13665,0.12288,-58.391,39.053,-3.0586
0.79379,-0.57977,-0.13673,0.12277,-58.355,39.048,-3.0645
0.79371,-0.57988,-0.13681,0.12266,-58.319,39.044,-3.0704
0.79364,-0.57998,-0.13689,0.12254,-58.283,39.04,-3.0763
0.79357,-0.58009,-0.13697,0.12243,-58.246,39.035,-3.0822
0.7935,-0.58019,-0.13704,0.12232,-58.209,39.031,-3.0881
0.79342,-0.5803,-0.13712,0.1222,-58.172,39.027,-3.094
0.79335,-0.5804,-0.1372,0.12209,-58.134,39.023,-3.0999
0.79328,-0.5805,-0.13728,0.12198,-58.096,39.018,-3.1058
0.79321,-0.58061,-0.13735,0.12187,-58.058,39.014,-3.1117
0.79313,-0.58071,-0.13743,0.12175,-58.019,39.01,-3.1175
0.79306,-0.58082,-0.13751,0.12164,-57.98,39.005,-3.1234
0.79299,-0.58092,-0.13759,0.12153,-57.94,39.001,-3.1293
0.79292,-0.58103,-0.13767,0.12141,-57.9,38.997,-3.1351
0.79284,-0.58113,-0.13774,0.1213,-57.86,38.992,-3.1409
0.79277,-0.58124,-0.13782,0.12119,-57.819,38.988,-3.1468
0.7927,-0.58134,-0.1379,0.12107,-57.778,38.983,-3.1526
0.79262,-0.58144,-0.13798,0.12096,-57.736,38.979,-3.1584
0.79255,-0.58155,-0.13805,0.12085,-57.695,38.975,-3.1642
0.79248,-0.58165,-0.13813,0.12074,-57.653,38.97,-3.17
0.79241,-0.58176,-0.13821,0.12062,-57.61,38.966,-3.1758
0.79233,-0.58186,-0.13829,0.12051,-57.567,38.961,-3.1816
0.79226,-0.58197,-0.13836,0.1204,-57.524,38.957,-3.1874
0.79219,-0.58207,-0.13844,0.12028,-57.481,38.952,-3.1932
0.79211,-0.58217,-0.13852,0.12017,-57.437,38.948,-3.1989
0.79204,-0.58228,-0.1386,0.12006,-57.392,38.944,-3.2047
0.79197,-0.58238,-0.13868,0.11994,-57.348,38.939,-3.2105
0.7919,-0.58249,-0.13875,0.11983,-57.303,38.935,-3.2162
0.79182,-0.58259,-0.13883,0.11972,-57.257,38.93,-3.2219
0.79175,-0.58269,-0.13891,0.1196,-57.212,38.926,-3.2277
0.79168,-0.5828,-0.13899,0.11949,-57.166,38.921,-3.2334
0.7916,-0.5829,-0.13906,0.11938,-57.119,38.917,-3.2391
0.79153,-0.58301,-0.13914,0.11927,-57.073,38.912,-3.2448
0.79146,-0.58311,-0.13922,0.11915,-57.026,38.907,-3.2505
0.79138,-0.58321,-0.1393,0.11904,-56.978,38.903,-3.2562
0.79131,-0.58332,-0.13937,0.11893,-56.931,38.898,-3.2619
0.79124,-0.58342,-0.13945,0.11881,-56.882,38.894,-3.2676
0.79116,-0.58353,-0.13953,0.1187,-56.834,38.889,-3.2733
0.79109,-0.58363,-0.13961,0.11859,-56.785,38.885,-3.2789
0.79102,-0.58373,-0.13968,0.11847,-56.736,38.88,-3.2846
0.79094,-0.58384,-0.13976,0.11836,-56.687,38.875,-3.2902
0.79087,-0.58394,-0.13984,0.11825,-56.637,38.871,-3.2959
0.7908,-0.58405,-0.13992,0.11813,-56.587,38.866,-3.3015
0.79072,-0.58415,-0.14,0.11802,-56.536,38.862,-3.3071
0.79065,-0.58425,-0.14007,0.11791,-56.486,38.857,-3.3128
0.79058,-0.58436,-0.14015,0.11779,-56.434,38.852,-3.3184
0.7905,-0.58446,-0.14023,0.11768,-56.383,38.848,-3.324
0.79043,-0.58456,-0.14031,0.11757,-56.331,38.843,-3.3296
0.79035,-0.58467,-0.14038,0.11745,-56.279,38.838,-3.3352
0.79028,-0.58477,-0.14046,0.11734,-56.227,38.834,-3.3408
0.79021,-0.58488,-0.14054,0.11723,-56.174,38.829,-3.3463
0.79013,-0.58498,-0.14062,0.11712,-56.121,38.824,-3.3519
0.79006,-0.58508,-0.14069,0.117,-56.067,38.819,-3.3575
0.78999,-0.58519,-0.14077,0.11689,-56.014,38.815,-3.363
0.78991,-0.58529,-0.14085,0.11678,-55.959,38.81,-3.3686
0.78984,-0.58539,-0.14093,0.11666,-55.905,38.805,-3.3741
0.78976,-0.5855,-0.141,0.11655,-55.85,38.801,-3.3796
0.78969,-0.5856,-0.14108,0.11644,-55.795,38.796,-3.3852
0.78962,-0.5857,-0.14116,0.11632,-55.74,38.791,-3.3907
0.78954,-0.58581,-0.14124,0.11621,-55.684,38.786,-3.3962
0.78947,-0.58591,-0.14131,0.1161,-55.628,38.782,-3.4017
0.78939,-0.58601,-0.14139,0.11598,-55.572,38.777,-3.4072
0.78932,-0.58612,-0.14147,0.11587,-55.515,38.772,-3.4127
0.78925,-0.58622,-0.14155,0.11576,-55.458,38.767,-3.4181
0.78917,-0.58632,-0.14162,0.11564,-55.401,38.762,-3.4236
0.7891,-0.58643,-0.1417,0.11553,-55.344,38.757,-3.4291
0.78902,-0.58653,-0.14178,0.11542,-55.286,38.753,-3.4345
0.78895,-0.58663,-0.14186,0.1153,-55.227,38.748,-3.44
0.78888,-0.58674,-0.14193,0.11519,-55.169,38.743,-3.4454
0.7888,-0.58684,-0.14201,0.11508,-55.11,38.738,-3.4508
0.78873,-0.58694,-0.14209,0.11496,-55.051,38.733,-3.4563
0.78865,-0.58705,-0.14217,0.11485,-54.992,38.728,-3.4617
0.78858,-0.58715,-0.14224,0.11474,-54.932,38.723,-3.4671
0.7885,-0.58725,-0.14232,0.11462,-54.872,38.719,-3.4725
0.78843,-0.58736,-0.1424,0.11451,-54.812,38.714,-3.4779
0.78836,-0.58746,-0.14248,0.1144,-54.751,38.709,-3.4833
0.78828,-0.58756,-0.14255,0.11428,-54.69,38.704,-3.4886
0.78821,-0.58767,-0.14263,0.11417,-54.629,38.699,-3.494
0.78813,-0.58777,-0.14271,0.11406,-54.567,38.694,-3.4994
0.78806,-0.58787,-0.14279,0.11394,-54.505,38.689,-3.5047
0.78798,-0.58797,-0.14286,0.11383,-54.443,38.684,-3.5101
0.78791,-0.58808,-0.14294,0.11372,-54.381,38.679,-3.5154
0.78783,-0.58818,-0.14302,0.1136,-54.318,38.674,-3.5207
0.78776,-0.58828,-0.1431,0.11349,-54.255,38.669,-3.5261
0.78769,-0.58839,-0.14317,0.11338,-54.192,38.664,-3.5314
0.78761,-0.58849,-0.14325,0.11326,-54.128,38.659,-3.5367
0.78754,-0.58859,-0.14333,0.11315,-54.065,38.654,-3.542
0.78746,-0.5887,-0.1434,0.11304,-54,38.649,-3.5473
0.78739,-0.5888,-0.14348,0.11292,-53.936,38.644,-3.5525
0.78731,-0.5889,-0.14356,0.11281,-53.871,38.639,-3.5578
0.78724,-0.589,-0.14364,0.1127,-53.806,38.634,-3.5631
0.78716,-0.58911,-0.14371,0.11258,-53.741,38.629,-3.5683
0.78709,-0.58921,-0.14379,0.11247,-53.676,38.624,-3.5736
0.78701,-0.58931,-0.14387,0.11236,-53.61,38.619,-3.5788
0.78694,-0.58942,-0.14395,0.11224,-53.544,38.614,-3.5841
0.78686,-0.58952,-0.14402,0.11213,-53.477,38.609,-3.5893
0.78679,-0.58962,-0.1441,0.11202,-53.411,38.604,-3.5945
0.78671,-0.58972,-0.14418,0.1119,-53.344,38.599,-3.5997
0.78664,-0.58983,-0.14426,0.11179,-53.277,38.593,-3.6049
0.78656,-0.58993,-0.14433,0.11168,-53.209,38.588,-3.6101
0.78649,-0.59003,-0.14441,0.11156,-53.141,38.583,-3.6153
0.78641,-0.59013,-0.14449,0.11145,-53.073,38.578,-3.6205
0.78634,-0.59024,-0.14457,0.11134,-53.005,38.573,-3.6256
0.78626,-0.59034,-0.14464,0.11122,-52.937,38.568,-3.6308
0.78619,-0.59044,-0.14472,0.11111,-52.868,38.563,-3.636
0.78611,-0.59054,-0.1448,0.111,-52.799,38.557,-3.6411
0.78604,-0.59065,-0.14487,0.11088,-52.73,38.552,-3.6462
0.78596,-0.59075,-0.14495,0.11077,-52.66,38.547,-3.6514
0.78589,-0.59085,-0.14503,0.11066,-52.59,38.542,-3.6565
0.78581,-0.59095,-0.14511,0.11054,-52.52,38.537,-3.6616
0.78574,-0.59106,-0.14518,0.11043,-52.45,38.531,-3.6667
0.78566,-0.59116,-0.14526,0.11032,-52.379,38.526,-3.6718
0.78558,-0.59126,-0.14534,0.1102,-52.309,38.521,-3.6769
0.78551,-0.59136,-0.14542,0.11009,-52.237,38.516,-3.682
0.78543,-0.59147,-0.14549,0.10998,-52.166,38.51,-3.687
0.78536,-0.59157,-0.14557,0.10986,-52.095,38.505,-3.6921
0.78528,-0.59167,-0.14565,0.10975,-52.023,38.5,-3.6971
0.78521,-0.59177,-0.14572,0.10964,-51.951,38.495,-3.7022
0.78513,-0.59187,-0.1458,0.10952,-51.878,38.489,-3.7072
0.78506,-0.59198,-0.14588,0.10941,-51.806,38.484,-3.7123
0.78498,-0.59208,-0.14596,0.1093,-51.733,38.479,-3.7173
0.7849,-0.59218,-0.14603,0.10918,-51.66,38.474,-3.7223
0.78483,-0.59228,-0.14611,0.10907,-51.587,38.468,-3.7273
0.78475,-0.59239,-0.14619,0.10896,-51.513,38.463,-3.7323
0.78468,-0.59249,-0.14626,0.10884,-51.44,38.458,-3.7373
0.7846,-0.59259,-0.14634,0.10873,-51.366,38.452,-3.7423
0.78453,-0.59269,-0.14642,0.10861,-51.292,38.447,-3.7472
0.78445,-0.59279,-0.1465,0.1085,-51.217,38.442,-3.7522
0.78437,-0.5929,-0.14657,0.10839,-51.143,38.436,-3.7571
0.7843,-0.593,-0.14665,0.10827,-51.068,38.431,-3.7621
0.78422,-0.5931,-0.14673,0.10816,-50.993,38.425,-3.767
0.78415,-0.5932,-0.1468,0.10805,-50.917,38.42,-3.7719
0.78407,-0.5933,-0.14688,0.10793,-50.842,38.415,-3.7769
0.78399,-0.59341,-0.14696,0.10782,-50.766,38.409,-3.7818
0.78392,-0.59351,-0.14704,0.10771,-50.69,38.404,-3.7867
0.78384,-0.59361,-0.14711,0.10759,-50.614,38.398,-3.7916
0.78377,-0.59371,-0.14719,0.10748,-50.538,38.393,-3.7965
0.78369,-0.59381,-0.14727,0.10737,-50.461,38.387,-3.8013
0.78361,-0.59392,-0.14734,0.10725,-50.384,38.382,-3.8062
0.78354,-0.59402,-0.14742,0.10714,-50.307,38.377,-3.8111
0.78346,-0.59412,-0.1475,0.10703,-50.23,38.371,-3.8159
0.78339,-0.59422,-0.14758,0.10691,-50.153,38.366,-3.8207
0.78331,-0.59432,-0.14765,0.1068,-50.075,38.36,-3.8256
0.78323,-0.59442,-0.14773,0.10668,-49.997,38.355,-3.8304
0.78316,-0.59453,-0.14781,0.10657,-49.919,38.349,-3.8352
0.78308,-0.59463,-0.14788,0.10646,-49.841,38.344,-3.84
0.783,-0.59473,-0.14796,0.10634,-49.762,38.338,-3.8448
0.78293,-0.59483,-0.14804,0.10623,-49.684,38.333,-3.8496
0.78285,-0.59493,-0.14812,0.10612,-49.605,38.327,-3.8544
0.78278,-0.59503,-0.14819,0.106,-49.526,38.322,-3.8592
0.7827,-0.59514,-0.14827,0.10589,-49.446,38.316,-3.8639
0.78262,-0.59524,-0.14835,0.10578,-49.367,38.31,-3.8687
0.78255,-0.59534,-0.14842,0.10566,-49.287,38.305,-3.8734
0.78247,-0.59544,-0.1485,0.10555,-49.208,38.299,-3.8782
0.78239,-0.59554,-0.14858,0.10544,-49.128,38.294,-3.8829
0.78232,-0.59564,-0.14865,0.10532,-49.047,38.288,-3.8876
0.78224,-0.59574,-0.14873,0.10521,-48.967,38.283,-3.8923
0.78216,-0.59585,-0.14881,0.10509,-48.887,38.277,-3.897
0.78209,-0.59595,-0.14889,0.10498,-48.806,38.271,-3.9017
0.78201,-0.59605,-0.14896,0.10487,-48.725,38.266,-3.9064
0.78193,-0.59615,-0.14904,0.10475,-48.644,38.26,-3.9111
0.78186,-0.59625,-0.14912,0.10464,-48.563,38.254,-3.9158
0.78178,-0.59635,-0.14919,0.10453,-48.481,38.249,-3.9204
0.7817,-0.59645,-0.14927,0.10441,-48.4,38.243,-3.9251
0.78163,-0.59656,-0.14935,0.1043,-48.318,38.237,-3.9297
0.78155,-0.59666,-0.14943,0.10419,-48.236,38.232,-3.9344
0.78147,-0.59676,-0.1495,0.10407,-48.154,38.226,-3.939
0.78139,-0.59686,-0.14958,0.10396,-48.072,38.22,-3.9436
0.78132,-0.59696,-0.14966,0.10384,-47.989,38.215,-3.9482
0.78124,-0.59706,-0.14973,0.10373,-47.907,38.209,-3.9528
0.78116,-0.59716,-0.14981,0.10362,-47.824,38.203,-3.9574
0.78109,-0.59726,-0.14989,0.1035,-47.741,38.198,-3.962
0.78101,-0.59736,-0.14996,0.10339,-47.658,38.192,-3.9665
0.78093,-0.59747,-0.15004,0.10328,-47.575,38.186,-3.9711
0.78086,-0.59757,-0.15012,0.10316,-47.491,38.18,-3.9757
0.78078,-0.59767,-0.15019,0.10305,-47.408,38.175,-3.9802
0.7807,-0.59777,-0.15027,0.10294,-47.324,38.169,-3.9847
0.78062,-0.59787,-0.15035,0.10282,-47.24,38.163,-3.9893
0.78055,-0.59797,-0.15043,0.10271,-47.156,38.157,-3.9938
0.78047,-0.59807,-0.1505,0.10259,-47.072,38.151,-3.9983
0.78039,-0.59817,-0.15058,0.10248,-46.988,38.146,-4.0028
0.78032,-0.59827,-0.15066,0.10237,-46.904,38.14,-4.0073
0.78024,-0.59837,-0.15073,0.10225,-46.819,38.134,-4.0117
0.78016,-0.59848,-0.15081,0.10214,-46.734,38.128,-4.0162
0.78008,-0.59858,-0.15089,0.10203,-46.649,38.122,-4.0207
0.78001,-0.59868,-0.15096,0.10191,-46.565,38.117,-4.0251
0.77993,-0.59878,-0.15104,0.1018,-46.479,38.111,-4.0296
0.77985,-0.59888,-0.15112,0.10169,-46.394,38.105,-4.034
0.77977,-0.59898,-0.15119,0.10157,-46.309,38.099,-4.0384
0.7797,-0.59908,-0.15127,0.10146,-46.223,38.093,-4.0429
0.77962,-0.59918,-0.15135,0.10134,-46.138,38.087,-4.0473
0.77954,-0.59928,-0.15142,0.10123,-46.052,38.081,-4.0517
0.77946,-0.59938,-0.1515,0.10112,-45.966,38.075,-4.0561
0.77939,-0.59948,-0.15158,0.101,-45.88,38.07,-4.0604
0.77931,-0.59958,-0.15166,0.10089,-45.794,38.064,-4.0648
0.77923,-0.59968,-0.15173,0.10078,-45.708,38.058,-4.0692
0.77915,-0.59979,-0.15181,0.10066,-45.622,38.052,-4.0735
0.77907,-0.59989,-0.15189,0.10055,-45.535,38.046,-4.0779
0.779,-0.59999,-0.15196,0.10043,-45.449,38.04,-4.0822
0.77892,-0.60009,-0.15204,0.10032,-45.362,38.034,-4.0865
0.77884,-0.60019,-0.15212,0.10021,-45.275,38.028,-4.0909
0.77876,-0.60029,-0.15219,0.10009,-45.188,38.022,-4.0952
0.77869,-0.60039,-0.15227,0.099979,-45.102,38.016,-4.0995
0.77861,-0.60049,-0.15235,0.099865,-45.014,38.01,-4.1037
0.77853,-0.60059,-0.15242,0.099751,-44.927,38.004,-4.108
0.77845,-0.60069,-0.1525,0.099638,-44.84,37.998,-4.1123
0.77837,-0.60079,-0.15258,0.099524,-44.753,37.992,-4.1166
0.7783,-0.60089,-0.15265,0.09941,-44.665,37.986,-4.1208
0.77822,-0.60099,-0.15273,0.099296,-44.578,37.98,-4.1251
0.77814,-0.60109,-0.15281,0.099183,-44.49,37.974,-4.1293
0.77806,-0.60119,-0.15288,0.099069,-44.402,37.968,-4.1335
0.77798,-0.60129,-0.15296,0.098955,-44.314,37.962,-4.1377
0.77791,-0.60139,-0.15304,0.098841,-44.226,37.956,-4.1419
0.77783,-0.60149,-0.15311,0.098727,-44.138,37.95,-4.1461
0.77775,-0.60159,-0.15319,0.098614,-44.05,37.944,-4.1503
0.77767,-0.60169,-0.15327,0.0985,-43.962,37.938,-4.1545
0.77759,-0.60179,-0.15334,0.098386,-43.874,37.932,-4.1587
0.77751,-0.60189,-0.15342,0.098272,-43.786,37.926,-4.1628
0.77744,-0.60199,-0.1535,0.098158,-43.697,37.919,-4.167
0.77736,-0.60209,-0.15357,0.098044,-43.609,37.913,-4.1711
0.77728,-0.60219,-0.15365,0.097931,-43.52,37.907,-4.1752
0.7772,-0.60229,-0.15373,0.097817,-43.431,37.901,-4.1794
0.77712,-0.60239,-0.1538,0.097703,-43.343,37.895,-4.1835
0.77704,-0.60249,-0.15388,0.097589,-43.254,37.889,-4.1876
0.77697,-0.60259,-0.15396,0.097475,-43.165,37.883,-4.1917
0.77689,-0.60269,-0.15403,0.097361,-43.076,37.876,-4.1958
0.77681,-0.60279,-0.15411,0.097248,-42.987,37.87,-4.1998
0.77673,-0.60289,-0.15419,0.097134,-42.898,37.864,-4.2039
0.77665,-0.60299,-0.15426,0.09702,-42.809,37.858,-4.208
0.77657,-0.60309,-0.15434,0.096906,-42.72,37.852,-4.212
0.77649,-0.60319,-0.15442,0.096792,-42.631,37.846,-4.216
0.77642,-0.60329,-0.15449,0.096678,-42.542,37.839,-4.2201
0.77634,-0.60339,-0.15457,0.096564,-42.452,37.833,-4.2241
0.77626,-0.60349,-0.15465,0.096451,-42.363,37.827,-4.2281
0.77618,-0.60359,-0.15472,0.096337,-42.274,37.821,-4.2321
0.7761,-0.60369,-0.1548,0.096223,-42.184,37.814,-4.2361
0.77602,-0.60379,-0.15488,0.096109,-42.095,37.808,-4.2401
0.77594,-0.60389,-0.15495,0.095995,-42.005,37.802,-4.244
0.77586,-0.60399,-0.15503,0.095881,-41.916,37.796,-4.248
0.77579,-0.60409,-0.15511,0.095767,-41.826,37.789,-4.2519
0.77571,-0.60419,-0.15518,0.095653,-41.736,37.783,-4.2559
0.77563,-0.60429,-0.15526,0.095539,-41.647,37.777,-4.2598
0.77555,-0.60439,-0.15534,0.095426,-41.557,37.771,-4.2637
0.77547,-0.60449,-0.15541,0.095312,-41.467,37.764,-4.2676
0.77539,-0.60459,-0.15549,0.095198,-41.377,37.758,-4.2716
0.77531,-0.60469,-0.15557,0.095084,-41.288,37.752,-4.2754
0.77523,-0.60479,-0.15564,0.09497,-41.198,37.745,-4.2793
0.77515,-0.60489,-0.15572,0.094856,-41.108,37.739,-4.2832
0.77507,-0.60499,-0.1558,0.094742,-41.018,37.733,-4.2871
0.775,-0.60509,-0.15587,0.094628,-40.928,37.726,-4.2909
0.77492,-0.60519,-0.15595,0.094514,-40.838,37.72,-4.2948
0.77484,-0.60529,-0.15603,0.0944,-40.748,37.714,-4.2986
0.77476,-0.60539,-0.1561,0.094286,-40.658,37.707,-4.3024
0.77468,-0.60549,-0.15618,0.094172,-40.568,37.701,-4.3062
0.7746,-0.60559,-0.15626,0.094058,-40.478,37.695,-4.3101
0.77452,-0.60568,-0.15633,0.093945,-40.389,37.688,-4.3138
0.77444,-0.60578,-0.15641,0.093831,-40.299,37.682,-4.3176
0.77436,-0.60588,-0.15648,0.093717,-40.209,37.675,-4.3214
0.77428,-0.60598,-0.15656,0.093603,-40.119,37.669,-4.3252
0.7742,-0.60608,-0.15664,0.093489,-40.029,37.662,-4.3289
0.77412,-0.60618,-0.15671,0.093375,-39.939,37.656,-4.3327
0.77404,-0.60628,-0.15679,0.093261,-39.849,37.65,-4.3364
0.77396,-0.60638,-0.15687,0.093147,-39.759,37.643,-4.3402
0.77388,-0.60648,-0.15694,0.093033,-39.669,37.637,-4.3439
0.7738,-0.60658,-0.15702,0.092919,-39.579,37.63,-4.3476
0.77373,-0.60668,-0.1571,0.092805,-39.489,37.624,-4.3513
0.77365,-0.60678,-0.15717,0.092691,-39.399,37.617,-4.355
0.77357,-0.60688,-0.15725,0.092577,-39.309,37.611,-4.3587
0.77349,-0.60697,-0.15733,0.092463,-39.219,37.604,-4.3623
0.77341,-0.60707,-0.1574,0.092349,-39.129,37.598,-4.366
0.77333,-0.60717,-0.15748,0.092235,-39.039,37.591,-4.3696
0.77325,-0.60727,-0.15756,0.092121,-38.949,37.585,-4.3733
0.77317,-0.60737,-0.15763,0.092007,-38.859,37.578,-4.3769
0.77309,-0.60747,-0.15771,0.091893,-38.769,37.572,-4.3805
0.77301,-0.60757,-0.15778,0.091779,-38.679,37.565,-4.3841
0.77293,-0.60767,-0.15786,0.091665,-38.59,37.559,-4.3877
0.77285,-0.60777,-0.15794,0.091551,-38.5,37.552,-4.3913
0.77277,-0.60787,-0.15801,0.091437,-38.41,37.546,-4.3949
0.77269,-0.60796,-0.15809,0.091323,-38.321,37.539,-4.3985
0.77261,-0.60806,-0.15817,0.091209,-38.231,37.532,-4.402
0.77253,-0.60816,-0.15824,0.091095,-38.141,37.526,-4.4056
0.77245,-0.60826,-0.15832,0.090981,-38.052,37.519,-4.4091
0.77237,-0.60836,-0.1584,0.090867,-37.962,37.513,-4.4127
0.77229,-0.60846,-0.15847,0.090753,-37.873,37.506,-4.4162
0.77221,-0.60856,-0.15855,0.090639,-37.783,37.499,-4.4197
0.77213,-0.60866,-0.15862,0.090525,-37.694,37.493,-4.4232
0.77205,-0.60875,-0.1587,0.090411,-37.604,37.486,-4.4267
0.77197,-0.60885,-0.15878,0.090297,-37.515,37.48,-4.4302
0.77189,-0.60895,-0.15885,0.090183,-37.426,37.473,-4.4336
0.77181,-0.60905,-0.15893,0.090069,-37.336,37.466,-4.4371
0.77173,-0.60915,-0.15901,0.089954,-37.247,37.46,-4.4406
0.77165,-0.60925,-0.15908,0.08984,-37.158,37.453,-4.444
0.77157,-0.60935,-0.15916,0.089726,-37.069,37.446,-4.4474
0.77149,-0.60944,-0.15923,0.089612,-36.98,37.44,-4.4509
0.77141,-0.60954,-0.15931,0.089498,-36.891,37.433,-4.4543
0.77133,-0.60964,-0.15939,0.089384,-36.802,37.426,-4.4577
0.77125,-0.60974,-0.15946,0.08927,-36.714,37.42,-4.4611
0.77116,-0.60984,-0.15954,0.089156,-36.625,37.413,-4.4644
0.77108,-0.60994,-0.15962,0.089042,-36.536,37.406,-4.4678
0.771,-0.61004,-0.15969,0.088928,-36.447,37.399,-4.4712
0.77092,-0.61013,-0.15977,0.088814,-36.359,37.393,-4.4745
0.77084,-0.61023,-0.15984,0.0887,-36.27,37.386,-4.4779
0.77076,-0.61033,-0.15992,0.088586,-36.182,37.379,-4.4812
0.77068,-0.61043,-0.16,0.088471,-36.094,37.372,-4.4845
0.7706,-0.61053,-0.16007,0.088357,-36.006,37.366,-4.4878
0.77052,-0.61063,-0.16015,0.088243,-35.917,37.359,-4.4911
0.77044,-0.61072,-0.16023,0.088129,-35.829,37.352,-4.4944
0.77036,-0.61082,-0.1603,0.088015,-35.741,37.345,-4.4977
0.77028,-0.61092,-0.16038,0.087901,-35.653,37.339,-4.501
0.7702,-0.61102,-0.16045,0.087787,-35.566,37.332,-4.5042
0.77012,-0.61112,-0.16053,0.087673,-35.478,37.325,-4.5075
0.77004,-0.61122,-0.16061,0.087559,-35.39,37.318,-4.5107
0.76995,-0.61131,-0.16068,0.087444,-35.303,37.311,-4.514
0.76987,-0.61141,-0.16076,0.08733,-35.215,37.305,-4.5172
0.76979,-0.61151,-0.16084,0.087216,-35.128,37.298,-4.5204
0.76971,-0.61161,-0.16091,0.087102,-35.041,37.291,-4.5236
0.76963,-0.61171,-0.16099,0.086988,-34.954,37.284,-4.5268
0.76955,-0.6118,-0.16106,0.086874,-34.867,37.277,-4.53
0.76947,-0.6119,-0.16114,0.08676,-34.78,37.27,-4.5331
0.76939,-0.612,-0.16122,0.086645,-34.693,37.263,-4.5363
0.76931,-0.6121,-0.16129,0.086531,-34.606,37.257,-4.5394
0.76923,-0.6122,-0.16137,0.086417,-34.52,37.25,-4.5426
0.76914,-0.61229,-0.16144,0.086303,-34.433,37.243,-4.5457
0.76906,-0.61239,-0.16152,0.086189,-34.347,37.236,-4.5488
0.76898,-0.61249,-0.1616,0.086075,-34.26,37.229,-4.5519
0.7689,-0.61259,-0.16167,0.085961,-34.174,37.222,-4.555
0.76882,-0.61269,-0.16175,0.085846,-34.088,37.215,-4.5581
0.76874,-0.61278,-0.16183,0.085732,-34.002,37.208,-4.5612
0.76866,-0.61288,-0.1619,0.085618,-33.916,37.201,-4.5643
0.76858,-0.61298,-0.16198,0.085504,-33.831,37.194,-4.5673
0.76849,-0.61308,-0.16205,0.08539,-33.745,37.187,-4.5704
0.76841,-0.61317,-0.16213,0.085275,-33.66,37.18,-4.5734
0.76833,-0.61327,-0.16221,0.085161,-33.575,37.173,-4.5764
0.76825,-0.61337,-0.16228,0.085047,-33.489,37.166,-4.5795
0.76817,-0.61347,-0.16236,0.084933,-33.404,37.159,-4.5825
0.76809,-0.61357,-0.16243,0.084819,-33.319,37.152,-4.5855
0.76801,-0.61366,-0.16251,0.084705,-33.235,37.146,-4.5884
0.76792,-0.61376,-0.16259,0.08459,-33.15,37.139,-4.5914
0.76784,-0.61386,-0.16266,0.084476,-33.066,37.132,-4.5944
0.76776,-0.61396,-0.16274,0.084362,-32.981,37.124,-4.5973
0.76768,-0.61405,-0.16281,0.084248,-32.897,37.117,-4.6003
0.7676,-0.61415,-0.16289,0.084134,-32.813,37.11,-4.6032
0.76752,-0.61425,-0.16297,0.084019,-32.729,37.103,-4.6061
0.76744,-0.61435,-0.16304,0.083905,-32.645,37.096,-4.609
0.76735,-0.61444,-0.16312,0.083791,-32.562,37.089,-4.6119
0.76727,-0.61454,-0.16319,0.083677,-32.478,37.082,-4.6148
0.76719,-0.61464,-0.16327,0.083562,-32.395,37.075,-4.6177
0.76711,-0.61474,-0.16335,0.083448,-32.312,37.068,-4.6206
0.76703,-0.61483,-0.16342,0.083334,-32.229,37.061,-4.6235
0.76694,-0.61493,-0.1635,0.08322,-32.146,37.054,-4.6263
0.76686,-0.61503,-0.16357,0.083105,-32.063,37.047,-4.6291
0.76678,-0.61512,-0.16365,0.082991,-31.981,37.04,-4.632
0.7667,-0.61522,-0.16373,0.082877,-31.898,37.033,-4.6348
0.76662,-0.61532,-0.1638,0.082763,-31.816,37.026,-4.6376
0.76653,-0.61542,-0.16388,0.082648,-31.734,37.018,-4.6404
0.76645,-0.61551,-0.16395,0.082534,-31.652,37.011,-4.6432
0.76637,-0.61561,-0.16403,0.08242,-31.57,37.004,-4.646
0.76629,-0.61571,-0.16411,0.082306,-31.489,36.997,-4.6487
0.76621,-0.61581,-0.16418,0.082191,-31.408,36.99,-4.6515
0.76612,-0.6159,-0.16426,0.082077,-31.326,36.983,-4.6542
0.76604,-0.616,-0.16433,0.081963,-31.245,36.976,-4.657
0.76596,-0.6161,-0.16441,0.081849,-31.165,36.968,-4.6597
0.76588,-0.61619,-0.16449,0.081734,-31.084,36.961,-4.6624
0.7658,-0.61629,-0.16456,0.08162,-31.003,36.954,-4.6651
0.76571,-0.61639,-0.16464,0.081506,-30.923,36.947,-4.6678
0.76563,-0.61649,-0.16471,0.081392,-30.843,36.94,-4.6705
0.76555,-0.61658,-0.16479,0.081277,-30.763,36.932,-4.6732
0.76547,-0.61668,-0.16486,0.081163,-30.683,36.925,-4.6758
0.76538,-0.61678,-0.16494,0.081049,-30.604,36.918,-4.6785
0.7653,-0.61687,-0.16502,0.080934,-30.524,36.911,-4.6811
0.76522,-0.61697,-0.16509,0.08082,-30.445,36.904,-4.6837
0.76514,-0.61707,-0.16517,0.080706,-30.366,36.896,-4.6864
0.76505,-0.61716,-0.16524,0.080591,-30.288,36.889,-4.689
0.76497,-0.61726,-0.16532,0.080477,-30.209,36.882,-4.6916
0.76489,-0.61736,-0.1654,0.080363,-30.131,36.875,-4.6942
0.76481,-0.61745,-0.16547,0.080249,-30.052,36.867,-4.6967
0.76472,-0.61755,-0.16555,0.080134,-29.974,36.86,-4.6993
0.76464,-0.61765,-0.16562,0.08002,-29.897,36.853,-4.7019
0.76456,-0.61774,-0.1657,0.079906,-29.819,36.845,-4.7044
0.76448,-0.61784,-0.16577,0.079791,-29.742,36.838,-4.7069
0.76439,-0.61794,-0.16585,0.079677,-29.665,36.831,-4.7095
0.76431,-0.61803,-0.16593,0.079563,-29.588,36.824,-4.712
0.76423,-0.61813,-0.166,0.079448,-29.511,36.816,-4.7145
0.76415,-0.61823,-0.16608,0.079334,-29.434,36.809,-4.717
0.76406,-0.61832,-0.16615,0.07922,-29.358,36.802,-4.7195
0.76398,-0.61842,-0.16623,0.079105,-29.282,36.794,-4.7219
0.7639,-0.61852,-0.16631,0.078991,-29.206,36.787,-4.7244
0.76381,-0.61861,-0.16638,0.078877,-29.13,36.78,-4.7268
0.76373,-0.61871,-0.16646,0.078762,-29.055,36.772,-4.7293
0.76365,-0.61881,-0.16653,0.078648,-28.98,36.765,-4.7317
0.76357,-0.6189,-0.16661,0.078534,-28.905,36.757,-4.7341
0.76348,-0.619,-0.16668,0.078419,-28.83,36.75,-4.7365
0.7634,-0.6191,-0.16676,0.078305,-28.756,36.743,-4.7389
0.76332,-0.61919,-0.16684,0.078191,-28.681,36.735,-4.7413
0.76323,-0.61929,-0.16691,0.078076,-28.607,36.728,-4.7437
0.76315,-0.61939,-0.16699,0.077962,-28.533,36.721,-4.7461
0.76307,-0.61948,-0.16706,0.077847,-28.46,36.713,-4.7484
0.76298,-0.61958,-0.16714,0.077733,-28.386,36.706,-4.7508
0.7629,-0.61967,-0.16721,0.077619,-28.313,36.698,-4.7531
0.76282,-0.61977,-0.16729,0.077504,-28.24,36.691,-4.7554
0.76273,-0.61987,-0.16737,0.07739,-28.167,36.683,-4.7577
0.76265,-0.61996,-0.16744,0.077276,-28.095,36.676,-4.76
0.76257,-0.62006,-0.16752,0.077161,-28.023,36.669,-4.7623
0.76249,-0.62016,-0.16759,0.077047,-27.951,36.661,-4.7646
0.7624,-0.62025,-0.16767,0.076932,-27.879,36.654,-4.7669
0.76232,-0.62035,-0.16774,0.076818,-27.808,36.646,-4.7691
0.76224,-0.62044,-0.16782,0.076704,-27.737,36.639,-4.7714
0.76215,-0.62054,-0.16789,0.076589,-27.666,36.631,-4.7736
0.76207,-0.62064,-0.16797,0.076475,-27.595,36.624,-4.7758
0.76198,-0.62073,-0.16805,0.07636,-27.524,36.616,-4.778
0.7619,-0.62083,-0.16812,0.076246,-27.454,36.609,-4.7803
0.76182,-0.62092,-0.1682,0.076132,-27.384,36.601,-4.7824
0.76173,-0.62102,-0.16827,0.076017,-27.314,36.594,-4.7846
0.76165,-0.62112,-0.16835,0.075903,-27.245,36.586,-4.7868
0.76157,-0.62121,-0.16842,0.075788,-27.176,36.579,-4.789
0.76148,-0.62131,-0.1685,0.075674,-27.107,36.571,-4.7911
0.7614,-0.6214,-0.16858,0.075559,-27.038,36.564,-4.7933
0.76132,-0.6215,-0.16865,0.075445,-26.97,36.556,-4.7954
0.76123,-0.6216,-0.16873,0.075331,-26.902,36.548,-4.7975
0.76115,-0.62169,-0.1688,0.075216,-26.834,36.541,-4.7996
0.76107,-0.62179,-0.16888,0.075102,-26.766,36.533,-4.8017
0.76098,-0.62188,-0.16895,0.074987,-26.699,36.526,-4.8038
0.7609,-0.62198,-0.16903,0.074873,-26.632,36.518,-4.8059
0.76081,-0.62208,-0.1691,0.074758,-26.565,36.511,-4.8079
0.76073,-0.62217,-0.16918,0.074644,-26.498,36.503,-4.81
0.76065,-0.62227,-0.16926,0.07453,-26.432,36.495,-4.812
0.76056,-0.62236,-0.16933,0.074415,-26.366,36.488,-4.8141
0.76048,-0.62246,-0.16941,0.074301,-26.3,36.48,-4.8161
0.76039,-0.62255,-0.16948,0.074186,-26.235,36.473,-4.8181
0.76031,-0.62265,-0.16956,0.074072,-26.17,36.465,-4.8201
0.76023,-0.62274,-0.16963,0.073957,-26.105,36.457,-4.8221
0.76014,-0.62284,-0.16971,0.073843,-26.04,36.45,-4.8241
0.76006,-0.62294,-0.16978,0.073728,-25.976,36.442,-4.826
0.75997,-0.62303,-0.16986,0.073614,-25.912,36.434,-4.828
0.75989,-0.62313,-0.16994,0.073499,-25.848,36.427,-4.8299
0.75981,-0.62322,-0.17001,0.073385,-25.785,36.419,-4.8319
0.75972,-0.62332,-0.17009,0.073271,-25.722,36.411,-4.8338
0.75964,-0.62341,-0.17016,0.073156,-25.659,36.404,-4.8357
0.75955,-0.62351,-0.17024,0.073042,-25.596,36.396,-4.8376
0.75947,-0.6236,-0.17031,0.072927,-25.534,36.388,-4.8395
0.75938,-0.6237,-0.17039,0.072813,-25.472,36.381,-4.8414
0.7593,-0.6238,-0.17046,0.072698,-25.41,36.373,-4.8432
0.75922,-0.62389,-0.17054,0.072584,-25.349,36.365,-4.8451
0.75913,-0.62399,-0.17061,0.072469,-25.288,36.358,-4.8469
0.75905,-0.62408,-0.17069,0.072355,-25.227,36.35,-4.8488
0.75896,-0.62418,-0.17076,0.07224,-25.166,36.342,-4.8506
0.75888,-0.62427,-0.17084,0.072126,-25.106,36.334,-4.8524
0.75879,-0.62437,-0.17092,0.072011,-25.046,36.327,-4.8542
0.75871,-0.62446,-0.17099,0.071897,-24.987,36.319,-4.856
0.75862,-0.62456,-0.17107,0.071782,-24.927,36.311,-4.8578
0.75854,-0.62465,-0.17114,0.071668,-24.868,36.303,-4.8596
0.75846,-0.62475,-0.17122,0.071553,-24.81,36.296,-4.8613
0.75837,-0.62484,-0.17129,0.071439,-24.751,36.288,-4.8631
0.75829,-0.62494,-0.17137,0.071324,-24.693,36.28,-4.8648
0.7582,-0.62503,-0.17144,0.07121,-24.635,36.272,-4.8665
0.75812,-0.62513,-0.17152,0.071095,-24.578,36.264,-4.8682
0.75803,-0.62522,-0.17159,0.07098,-24.521,36.257,-4.87
0.75795,-0.62532,-0.17167,0.070866,-24.464,36.249,-4.8716
0.75786,-0.62541,-0.17174,0.070751,-24.407,36.241,-4.8733
0.75778,-0.62551,-0.17182,0.070637,-24.351,36.233,-4.875
0.75769,-0.6256,-0.1719,0.070522,-24.295,36.225,-4.8767
0.75761,-0.6257,-0.17197,0.070408,-24.24,36.218,-4.8783
0.75752,-0.62579,-0.17205,0.070293,-24.185,36.21,-4.88
0.75744,-0.62589,-0.17212,0.070179,-24.13,36.202,-4.8816
0.75735,-0.62598,-0.1722,0.070064,-24.075,36.194,-4.8832
0.75727,-0.62608,-0.17227,0.06995,-24.021,36.186,-4.8848
0.75718,-0.62617,-0.17235,0.069835,-23.967,36.178,-4.8864
0.7571,-0.62627,-0.17242,0.069721,-23.913,36.17,-4.888
0.75701,-0.62636,-0.1725,0.069606,-23.86,36.163,-4.8896
0.75693,-0.62646,-0.17257,0.069491,-23.807,36.155,-4.8911
0.75684,-0.62655,-0.17265,0.069377,-23.754,36.147,-4.8927
0.75676,-0.62665,-0.17272,0.069262,-23.702,36.139,-4.8942
0.75667,-0.62674,-0.1728,0.069148,-23.65,36.131,-4.8957
0.75659,-0.62684,-0.17287,0.069033,-23.598,36.123,-4.8973
0.7565,-0.62693,-0.17295,0.068919,-23.547,36.115,-4.8988
0.75642,-0.62702,-0.17302,0.068804,-23.496,36.107,-4.9003
0.75633,-0.62712,-0.1731,0.068689,-23.445,36.099,-4.9017
0.75625,-0.62721,-0.17317,0.068575,-23.395,36.091,-4.9032
0.75616,-0.62731,-0.17325,0.06846,-23.345,36.084,-4.9047
0.75608,-0.6274,-0.17333,0.068346,-23.295,36.076,-4.9061
0.75599,-0.6275,-0.1734,0.068231,-23.246,36.068,-4.9076
0.75591,-0.62759,-0.17348,0.068117,-23.197,36.06,-4.909
0.75582,-0.62769,-0.17355,0.068002,-23.148,36.052,-4.9104
0.75574,-0.62778,-0.17363,0.067887,-23.1,36.044,-4.9118
0.75565,-0.62788,-0.1737,0.067773,-23.052,36.036,-4.9132
0.75556,-0.62797,-0.17378,0.067658,-23.004,36.028,-4.9146
0.75548,-0.62806,-0.17385,0.067544,-22.957,36.02,-4.916
0.75539,-0.62816,-0.17393,0.067429,-22.91,36.012,-4.9174
0.75531,-0.62825,-0.174,0.067314,-22.864,36.004,-4.9187
0.75522,-0.62835,-0.17408,0.0672,-22.817,35.996,-4.92
0.75514,-0.62844,-0.17415,0.067085,-22.771,35.988,-4.9214
0.75505,-0.62854,-0.17423,0.066971,-22.726,35.98,-4.9227
0.75497,-0.62863,-0.1743,0.066856,-22.681,35.972,-4.924
0.75488,-0.62872,-0.17438,0.066741,-22.636,35.964,-4.9253
0.75479,-0.62882,-0.17445,0.066627,-22.591,35.956,-4.9266
0.75471,-0.62891,-0.17453,0.066512,-22.547,35.948,-4.9279
0.75462,-0.62901,-0.1746,0.066398,-22.504,35.94,-4.9291
0.75454,-0.6291,-0.17468,0.066283,-22.46,35.932,-4.9304
0.75445,-0.62919,-0.17475,0.066168,-22.417,35.924,-4.9316
0.75437,-0.62929,-0.17483,0.066054,-22.374,35.916,-4.9328
0.75428,-0.62938,-0.1749,0.065939,-22.332,35.907,-4.9341
0.75419,-0.62948,-0.17498,0.065824,-22.29,35.899,-4.9353
0.75411,-0.62957,-0.17505,0.06571,-22.248,35.891,-4.9365
0.75402,-0.62967,-0.17513,0.065595,-22.207,35.883,-4.9377
0.75394,-0.62976,-0.1752,0.06548,-22.166,35.875,-4.9388
0.75385,-0.62985,-0.17528,0.065366,-22.126,35.867,-4.94
0.75376,-0.62995,-0.17535,0.065251,-22.085,35.859,-4.9412
0.75368,-0.63004,-0.17543,0.065137,-22.046,35.851,-4.9423
0.75359,-0.63013,-0.1755,0.065022,-22.006,35.843,-4.9434
0.75351,-0.63023,-0.17558,0.064907,-21.967,35.835,-4.9445
0.75342,-0.63032,-0.17565,0.064793,-21.928,35.826,-4.9457
0.75333,-0.63042,-0.17573,0.064678,-21.89,35.818,-4.9468
0.75325,-0.63051,-0.1758,0.064563,-21.852,35.81,-4.9478
0.75316,-0.6306,-0.17588,0.064449,-21.814,35.802,-4.9489
0.75307,-0.6307,-0.17595,0.064334,-21.777,35.794,-4.95
0.75299,-0.63079,-0.17603,0.064219,-21.74,35.786,-4.951
0.7529,-0.63089,-0.1761,0.064105,-21.704,35.778,-4.9521
0.75282,-0.63098,-0.17618,0.06399,-21.667,35.769,-4.9531
0.75273,-0.63107,-0.17625,0.063875,-21.632,35.761,-4.9541
0.75264,-0.63117,-0.17633,0.063761,-21.596,35.753,-4.9551
0.75256,-0.63126,-0.1764,0.063646,-21.561,35.745,-4.9561
0.75247,-0.63135,-0.17648,0.063531,-21.526,35.737,-4.9571
0.75238,-0.63145,-0.17655,0.063417,-21.492,35.729,-4.9581
0.7523,-0.63154,-0.17663,0.063302,-21.458,35.72,-4.959
0.75221,-0.63163,-0.1767,0.063187,-21.425,35.712,-4.96
0.75212,-0.63173,-0.17678,0.063073,-21.391,35.704,-4.9609
0.75204,-0.63182,-0.17685,0.062958,-21.359,35.696,-4.9619
0.75195,-0.63191,-0.17693,0.062843,-21.326,35.687,-4.9628
0.75186,-0.63201,-0.177,0.062728,-21.294,35.679,-4.9637
0.75178,-0.6321,-0.17708,0.062614,-21.263,35.671,-4.9646
0.75169,-0.6322,-0.17715,0.062499,-21.231,35.663,-4.9655
0.7516,-0.63229,-0.17723,0.062384,-21.2,35.655,-4.9664
0.75152,-0.63238,-0.1773,0.06227,-21.17,35.646,-4.9672
0.75143,-0.63248,-0.17738,0.062155,-21.14,35.638,-4.9681
0.75134,-0.63257,-0.17745,0.06204,-21.11,35.63,-4.9689
0.75126,-0.63266,-0.17753,0.061926,-21.081,35.621,-4.9697
0.75117,-0.63276,-0.1776,0.061811,-21.052,35.613,-4.9706
0.75108,-0.63285,-0.17768,0.061696,-21.023,35.605,-4.9714
0.751,-0.63294,-0.17775,0.061581,-20.995,35.597,-4.9722
0.75091,-0.63303,-0.17783,0.061467,-20.967,35.588,-4.9729
0.75082,-0.63313,-0.1779,0.061352,-20.939,35.58,-4.9737
0.75074,-0.63322,-0.17798,0.061237,-20.912,35.572,-4.9745
0.75065,-0.63331,-0.17805,0.061123,-20.886,35.563,-4.9752
0.75056,-0.63341,-0.17813,0.061008,-20.859,35.555,-4.976
0.75048,-0.6335,-0.1782,0.060893,-20.834,35.547,-4.9767
0.75039,-0.63359,-0.17828,0.060778,-20.808,35.539,-4.9774
0.7503,-0.63369,-0.17835,0.060664,-20.783,35.53,-4.9781
0.75021,-0.63378,-0.17843,0.060549,-20.758,35.522,-4.9788
0.75013,-0.63387,-0.1785,0.060434,-20.734,35.514,-4.9795
0.75004,-0.63397,-0.17857,0.060319,-20.71,35.505,-4.9802
0.74995,-0.63406,-0.17865,0.060205,-20.686,35.497,-4.9808
0.74987,-0.63415,-0.17872,0.06009,-20.663,35.488,-4.9815
0.74978,-0.63424,-0.1788,0.059975,-20.64,35.48,-4.9821
0.74969,-0.63434,-0.17887,0.05986,-20.618,35.472,-4.9828
0.7496,-0.63443,-0.17895,0.059746,-20.596,35.463,-4.9834
0.74952,-0.63452,-0.17902,0.059631,-20.574,35.455,-4.984
0.74943,-0.63462,-0.1791,0.059516,-20.553,35.447,-4.9846
0.74934,-0.63471,-0.17917,0.059401,-20.532,35.438,-4.9852
0.74925,-0.6348,-0.17925,0.059287,-20.512,35.43,-4.9857
0.74917,-0.63489,-0.17932,0.059172,-20.492,35.421,-4.9863
0.74908,-0.63499,-0.1794,0.059057,-20.472,35.413,-4.9868
0.74899,-0.63508,-0.17947,0.058942,-20.453,35.405,-4.9874
0.7489,-0.63517,-0.17955,0.058828,-20.434,35.396,-4.9879
0.74882,-0.63527,-0.17962,0.058713,-20.416,35.388,-4.9884
0.74873,-0.63536,-0.1797,0.058598,-20.398,35.379,-4.9889
0.74864,-0.63545,-0.17977,0.058483,-20.38,35.371,-4.9894
0.74855,-0.63554,-0.17985,0.058369,-20.363,35.362,-4.9899
0.74847,-0.63564,-0.17992,0.058254,-20.346,35.354,-4.9904
0.74838,-0.63573,-0.17999,0.058139,-20.329,35.346,-4.9908
0.74829,-0.63582,-0.18007,0.058024,-20.313,35.337,-4.9913
0.7482,-0.63591,-0.18014,0.057909,-20.298,35.329,-4.9917
0.74812,-0.63601,-0.18022,0.057795,-20.282,35.32,-4.9921
0.74803,-0.6361,-0.18029,0.05768,-20.267,35.312,-4.9926
0.74794,-0.63619,-0.18037,0.057565,-20.253,35.303,-4.993
0.74785,-0.63628,-0.18044,0.05745,-20.239,35.295,-4.9934
0.74776,-0.63638,-0.18052,0.057335,-20.225,35.286,-4.9937
0.74768,-0.63647,-0.18059,0.057221,-20.212,35.278,-4.9941
0.74759,-0.63656,-0.18067,0.057106,-20.199,35.269,-4.9945
0.7475,-0.63665,-0.18074,0.056991,-20.187,35.261,-4.9948
0.74741,-0.63675,-0.18082,0.056876,-20.175,35.252,-4.9951
0.74733,-0.63684,-0.18089,0.056761,-20.163,35.244,-4.9955
0.74724,-0.63693,-0.18096,0.056647,-20.152,35.235,-4.9958
0.74715,-0.63702,-0.18104,0.056532,-20.141,35.227,-4.9961
0.74706,-0.63711,-0.18111,0.056417,-20.13,35.218,-4.9964
0.74697,-0.63721,-0.18119,0.056302,-20.12,35.21,-4.9967
0.74689,-0.6373,-0.18126,0.056187,-20.111,35.201,-4.9969
0.7468,-0.63739,-0.18134,0.056073,-20.101,35.193,-4.9972
0.74671,-0.63748,-0.18141,0.055958,-20.093,35.184,-4.9974
0.74662,-0.63758,-0.18149,0.055843,-20.084,35.175,-4.9977
0.74653,-0.63767,-0.18156,0.055728,-20.076,35.167,-4.9979
0.74644,-0.63776,-0.18164,0.055613,-20.068,35.158,-4.9981
0.74636,-0.63785,-0.18171,0.055499,-20.061,35.15,-4.9983
0.74627,-0.63794,-0.18178,0.055384,-20.054,35.141,-4.9985
0.74618,-0.63804,-0.18186,0.055269,-20.048,35.133,-4.9987
0.74609,-0.63813,-0.18193,0.055154,-20.042,35.124,-4.9988
0.746,-0.63822,-0.18201,0.055039,-20.036,35.115,-4.999
0.74591,-0.63831,-0.18208,0.054924,-20.031,35.107,-4.9991
0.74583,-0.6384,-0.18216,0.05481,-20.026,35.098,-4.9993
0.74574,-0.6385,-0.18223,0.054695,-20.022,35.09,-4.9994
0.74565,-0.63859,-0.18231,0.05458,-20.018,35.081,-4.9995
0.74556,-0.63868,-0.18238,0.054465,-20.014,35.072,-4.9996
0.74547,-0.63877,-0.18245,0.05435,-20.011,35.064,-4.9997
0.74538,-0.63886,-0.18253,0.054235,-20.008,35.055,-4.9998
0.74529,-0.63895,-0.1826,0.054121,-20.006,35.047,-4.9998
0.74521,-0.63905,-0.18268,0.054006,-20.004,35.038,-4.9999
0.74512,-0.63914,-0.18275,0.053891,-20.002,35.029,-4.9999
0.74503,-0.63923,-0.18283,0.053776,-20.001,35.021,-5
0.74494,-0.63932,-0.1829,0.053661,-20,35.012,-5
0.74485,-0.63941,-0.18298,0.053546,-20,35.003,-5
0.74476,-0.6395,-0.18305,0.053431,-20,34.995,-5
0.74467,-0.6396,-0.18312,0.053317,-20.001,34.986,-5
0.74459,-0.63969,-0.1832,0.053202,-20.001,34.977,-5
0.7445,-0.63978,-0.18327,0.053087,-20.003,34.969,-4.9999
0.74441,-0.63987,-0.18335,0.052972,-20.004,34.96,-4.9999
0.74432,-0.63996,-0.18342,0.052857,-20.006,34.951,-4.9998
0.74423,-0.64005,-0.1835,0.052742,-20.009,34.943,-4.9998
0.74414,-0.64015,-0.18357,0.052627,-20.012,34.934,-4.9997
0.74405,-0.64024,-0.18365,0.052512,-20.015,34.925,-4.9996
0.74396,-0.64033,-0.18372,0.052398,-20.019,34.916,-4.9995
0.74387,-0.64042,-0.18379,0.052283,-20.023,34.908,-4.9994
0.74379,-0.64051,-0.18387,0.052168,-20.027,34.899,-4.9992
0.7437,-0.6406,-0.18394,0.052053,-20.032,34.89,-4.9991
0.74361,-0.64069,-0.18402,0.051938,-20.038,34.882,-4.999
0.74352,-0.64079,-0.18409,0.051823,-20.043,34.873,-4.9988
0.74343,-0.64088,-0.18417,0.051708,-20.049,34.864,-4.9986
0.74334,-0.64097,-0.18424,0.051593,-20.056,34.855,-4.9984
0.74325,-0.64106,-0.18431,0.051479,-20.063,34.847,-4.9983
0.74316,-0.64115,-0.18439,0.051364,-20.07,34.838,-4.9981
0.74307,-0.64124,-0.18446,0.051249,-20.078,34.829,-4.9978
0.74298,-0.64133,-0.18454,0.051134,-20.086,34.82,-4.9976
0.74289,-0.64142,-0.18461,0.051019,-20.095,34.812,-4.9974
0.7428,-0.64152,-0.18469,0.050904,-20.103,34.803,-4.9971
0.74272,-0.64161,-0.18476,0.050789,-20.113,34.794,-4.9969
0.74263,-0.6417,-0.18483,0.050674,-20.123,34.785,-4.9966
0.74254,-0.64179,-0.18491,0.050559,-20.133,34.777,-4.9963
0.74245,-0.64188,-0.18498,0.050444,-20.143,34.768,-4.996
0.74236,-0.64197,-0.18506,0.05033,-20.154,34.759,-4.9957
0.74227,-0.64206,-0.18513,0.050215,-20.166,34.75,-4.9954
0.74218,-0.64215,-0.1852,0.0501,-20.177,34.741,-4.9951
0.74209,-0.64224,-0.18528,0.049985,-20.19,34.733,-4.9947
0.742,-0.64233,-0.18535,0.04987,-20.202,34.724,-4.9944
0.74191,-0.64243,-0.18543,0.049755,-20.215,34.715,-4.994
0.74182,-0.64252,-0.1855,0.04964,-20.228,34.706,-4.9936
0.74173,-0.64261,-0.18558,0.049525,-20.242,34.697,-4.9933
0.74164,-0.6427,-0.18565,0.04941,-20.256,34.688,-4.9929
0.74155,-0.64279,-0.18572,0.049295,-20.271,34.68,-4.9925
0.74146,-0.64288,-0.1858,0.04918,-20.286,34.671,-4.992
0.74137,-0.64297,-0.18587,0.049065,-20.301,34.662,-4.9916
0.74128,-0.64306,-0.18595,0.048951,-20.317,34.653,-4.9912
0.74119,-0.64315,-0.18602,0.048836,-20.333,34.644,-4.9907
0.7411,-0.64324,-0.18609,0.048721,-20.35,34.635,-4.9903
0.74101,-0.64333,-0.18617,0.048606,-20.367,34.626,-4.9898
0.74092,-0.64342,-0.18624,0.048491,-20.384,34.618,-4.9893
0.74083,-0.64352,-0.18632,0.048376,-20.402,34.609,-4.9888
0.74074,-0.64361,-0.18639,0.048261,-20.42,34.6,-4.9883
0.74065,-0.6437,-0.18647,0.048146,-20.438,34.591,-4.9878
0.74056,-0.64379,-0.18654,0.048031,-20.457,34.582,-4.9873
0.74047,-0.64388,-0.18661,0.047916,-20.477,34.573,-4.9867
0.74038,-0.64397,-0.18669,0.047801,-20.496,34.564,-4.9862
0.74029,-0.64406,-0.18676,0.047686,-20.517,34.555,-4.9856
0.7402,-0.64415,-0.18684,0.047571,-20.537,34.547,-4.985
0.74011,-0.64424,-0.18691,0.047456,-20.558,34.538,-4.9844
0.74002,-0.64433,-0.18698,0.047341,-20.579,34.529,-4.9838
0.73993,-0.64442,-0.18706,0.047226,-20.601,34.52,-4.9832
0.73984,-0.64451,-0.18713,0.047111,-20.623,34.511,-4.9826
0.73975,-0.6446,-0.18721,0.046996,-20.646,34.502,-4.982
0.73966,-0.64469,-0.18728,0.046882,-20.668,34.493,-4.9813
0.73957,-0.64478,-0.18735,0.046767,-20.692,34.484,-4.9807
0.73948,-0.64487,-0.18743,0.046652,-20.715,34.475,-4.98
0.73939,-0.64496,-0.1875,0.046537,-20.739,34.466,-4.9793
0.7393,-0.64505,-0.18758,0.046422,-20.764,34.457,-4.9787
0.73921,-0.64514,-0.18765,0.046307,-20.789,34.448,-4.978
0.73912,-0.64523,-0.18772,0.046192,-20.814,34.439,-4.9773
0.73903,-0.64532,-0.1878,0.046077,-20.84,34.43,-4.9765
0.73894,-0.64541,-0.18787,0.045962,-20.866,34.421,-4.9758
0.73885,-0.6455,-0.18795,0.045847,-20.892,34.412,-4.9751
0.73876,-0.64559,-0.18802,0.045732,-20.919,34.403,-4.9743
0.73867,-0.64568,-0.18809,0.045617,-20.946,34.394,-4.9735
0.73858,-0.64577,-0.18817,0.045502,-20.973,34.385,-4.9728
0.73849,-0.64586,-0.18824,0.045387,-21.001,34.376,-4.972
0.7384,-0.64595,-0.18832,0.045272,-21.03,34.367,-4.9712
0.73831,-0.64604,-0.18839,0.045157,-21.058,34.358,-4.9704
0.73822,-0.64613,-0.18846,0.045042,-21.087,34.349,-4.9695
0.73813,-0.64622,-0.18854,0.044927,-21.117,34.34,-4.9687
0.73803,-0.64631,-0.18861,0.044812,-21.147,34.331,-4.9679
0.73794,-0.6464,-0.18869,0.044697,-21.177,34.322,-4.967
0.73785,-0.64649,-0.18876,0.044582,-21.208,34.313,-4.9662
0.73776,-0.64658,-0.18883,0.044467,-21.239,34.304,-4.9653
0.73767,-0.64667,-0.18891,0.044352,-21.27,34.295,-4.9644
0.73758,-0.64676,-0.18898,0.044237,-21.302,34.286,-4.9635
0.73749,-0.64685,-0.18905,0.044122,-21.334,34.277,-4.9626
0.7374,-0.64694,-0.18913,0.044007,-21.366,34.268,-4.9617
0.73731,-0.64703,-0.1892,0.043892,-21.399,34.259,-4.9607
0.73722,-0.64712,-0.18928,0.043777,-21.432,34.25,-4.9598
0.73713,-0.64721,-0.18935,0.043662,-21.466,34.241,-4.9588
0.73704,-0.6473,-0.18942,0.043547,-21.5,34.232,-4.9579
0.73694,-0.64739,-0.1895,0.043432,-21.535,34.223,-4.9569
0.73685,-0.64748,-0.18957,0.043317,-21.569,34.214,-4.9559
0.73676,-0.64757,-0.18965,0.043202,-21.604,34.205,-4.9549
0.73667,-0.64766,-0.18972,0.043087,-21.64,34.196,-4.9539
0.73658,-0.64775,-0.18979,0.042972,-21.676,34.187,-4.9529
0.73649,-0.64784,-0.18987,0.042857,-21.712,34.178,-4.9518
0.7364,-0.64793,-0.18994,0.042742,-21.749,34.169,-4.9508
0.73631,-0.64802,-0.19001,0.042627,-21.786,34.159,-4.9497
0.73622,-0.64811,-0.19009,0.042512,-21.823,34.15,-4.9487
0.73612,-0.6482,-0.19016,0.042397,-21.861,34.141,-4.9476
0.73603,-0.64829,-0.19024,0.042282,-21.899,34.132,-4.9465
0.73594,-0.64838,-0.19031,0.042167,-21.937,34.123,-4.9454
0.73585,-0.64847,-0.19038,0.042052,-21.976,34.114,-4.9443
0.73576,-0.64856,-0.19046,0.041937,-22.015,34.105,-4.9432
0.73567,-0.64865,-0.19053,0.041822,-22.055,34.096,-4.942
0.73558,-0.64874,-0.1906,0.041707,-22.095,34.087,-4.9409
0.73549,-0.64882,-0.19068,0.041592,-22.135,34.077,-4.9397
0.73539,-0.64891,-0.19075,0.041477,-22.176,34.068,-4.9386
0.7353,-0.649,-0.19083,0.041362,-22.217,34.059,-4.9374
0.73521,-0.64909,-0.1909,0.041247,-22.258,34.05,-4.9362
0.73512,-0.64918,-0.19097,0.041132,-22.3,34.041,-4.935
0.73503,-0.64927,-0.19105,0.041017,-22.342,34.032,-4.9338
0.73494,-0.64936,-0.19112,0.040902,-22.384,34.023,-4.9326
0.73484,-0.64945,-0.19119,0.040786,-22.427,34.013,-4.9313
0.73475,-0.64954,-0.19127,0.040671,-22.47,34.004,-4.9301
0.73466,-0.64963,-0.19134,0.040556,-22.514,33.995,-4.9288
0.73457,-0.64972,-0.19142,0.040441,-22.558,33.986,-4.9276
0.73448,-0.64981,-0.19149,0.040326,-22.602,33.977,-4.9263
0.73439,-0.64989,-0.19156,0.040211,-22.646,33.968,-4.925
0.73429,-0.64998,-0.19164,0.040096,-22.691,33.958,-4.9237
0.7342,-0.65007,-0.19171,0.039981,-22.737,33.949,-4.9224
0.73411,-0.65016,-0.19178,0.039866,-22.782,33.94,-4.9211
0.73402,-0.65025,-0.19186,0.039751,-22.828,33.931,-4.9197
0.73393,-0.65034,-0.19193,0.039636,-22.874,33.922,-4.9184
0.73384,-0.65043,-0.192,0.039521,-22.921,33.912,-4.917
0.73374,-0.65052,-0.19208,0.039406,-22.968,33.903,-4.9157
0.73365,-0.65061,-0.19215,0.039291,-23.015,33.894,-4.9143
0.73356,-0.6507,-0.19223,0.039176,-23.063,33.885,-4.9129
0.73347,-0.65078,-0.1923,0.039061,-23.111,33.876,-4.9115
0.73338,-0.65087,-0.19237,0.038946,-23.16,33.866,-4.9101
0.73328,-0.65096,-0.19245,0.038831,-23.208,33.857,-4.9087
0.73319,-0.65105,-0.19252,0.038716,-23.257,33.848,-4.9072
0.7331,-0.65114,-0.19259,0.0386,-23.307,33.839,-4.9058
0.73301,-0.65123,-0.19267,0.038485,-23.356,33.829,-4.9043
0.73292,-0.65132,-0.19274,0.03837,-23.407,33.82,-4.9029
0.73282,-0.65141,-0.19281,0.038255,-23.457,33.811,-4.9014
0.73273,-0.65149,-0.19289,0.03814,-23.508,33.802,-4.8999
0.73264,-0.65158,-0.19296,0.038025,-23.559,33.792,-4.8984
0.73255,-0.65167,-0.19303,0.03791,-23.61,33.783,-4.8969
0.73245,-0.65176,-0.19311,0.037795,-23.662,33.774,-4.8954
0.73236,-0.65185,-0.19318,0.03768,-23.714,33.765,-4.8938
0.73227,-0.65194,-0.19325,0.037565,-23.766,33.755,-4.8923
0.73218,-0.65203,-0.19333,0.03745,-23.819,33.746,-4.8908
0.73209,-0.65211,-0.1934,0.037335,-23.872,33.737,-4.8892
0.73199,-0.6522,-0.19348,0.03722,-23.926,33.728,-4.8876
0.7319,-0.65229,-0.19355,0.037105,-23.979,33.718,-4.886
0.73181,-0.65238,-0.19362,0.036989,-24.033,33.709,-4.8844
0.73172,-0.65247,-0.1937,0.036874,-24.088,33.7,-4.8828
0.73162,-0.65256,-0.19377,0.036759,-24.142,33.69,-4.8812
0.73153,-0.65264,-0.19384,0.036644,-24.197,33.681,-4.8796
0.73144,-0.65273,-0.19392,0.036529,-24.253,33.672,-4.8779
0.73135,-0.65282,-0.19399,0.036414,-24.308,33.663,-4.8763
0.73125,-0.65291,-0.19406,0.036299,-24.364,33.653,-4.8746
0.73116,-0.653,-0.19414,0.036184,-24.421,33.644,-4.8729
0.73107,-0.65309,-0.19421,0.036069,-24.477,33.635,-4.8713
0.73098,-0.65317,-0.19428,0.035954,-24.534,33.625,-4.8696
0.73088,-0.65326,-0.19436,0.035839,-24.591,33.616,-4.8678
0.73079,-0.65335,-0.19443,0.035723,-24.649,33.607,-4.8661
0.7307,-0.65344,-0.1945,0.035608,-24.707,33.597,-4.8644
0.7306,-0.65353,-0.19458,0.035493,-24.765,33.588,-4.8627
0.73051,-0.65361,-0.19465,0.035378,-24.823,33.579,-4.8609
0.73042,-0.6537,-0.19472,0.035263,-24.882,33.569,-4.8591
0.73033,-0.65379,-0.1948,0.035148,-24.941,33.56,-4.8574
0.73023,-0.65388,-0.19487,0.035033,-25.001,33.551,-4.8556
0.73014,-0.65397,-0.19494,0.034918,-25.06,33.541,-4.8538
0.73005,-0.65405,-0.19502,0.034803,-25.12,33.532,-4.852
0.72995,-0.65414,-0.19509,0.034687,-25.181,33.523,-4.8502
0.72986,-0.65423,-0.19516,0.034572,-25.241,33.513,-4.8483
0.72977,-0.65432,-0.19524,0.034457,-25.302,33.504,-4.8465
0.72968,-0.65441,-0.19531,0.034342,-25.363,33.494,-4.8447
0.72958,-0.65449,-0.19538,0.034227,-25.425,33.485,-4.8428
0.72949,-0.65458,-0.19546,0.034112,-25.486,33.476,-4.8409
0.7294,-0.65467,-0.19553,0.033997,-25.549,33.466,-4.839
0.7293,-0.65476,-0.1956,0.033882,-25.611,33.457,-4.8371
0.72921,-0.65485,-0.19568,0.033767,-25.674,33.448,-4.8352
0.72912,-0.65493,-0.19575,0.033651,-25.736,33.438,-4.8333
0.72902,-0.65502,-0.19582,0.033536,-25.8,33.429,-4.8314
0.72893,-0.65511,-0.1959,0.033421,-25.863,33.419,-4.8295
0.72884,-0.6552,-0.19597,0.033306,-25.927,33.41,-4.8275
0.72874,-0.65528,-0.19604,0.033191,-25.991,33.401,-4.8256
0.72865,-0.65537,-0.19612,0.033076,-26.055,33.391,-4.8236
0.72856,-0.65546,-0.19619,0.032961,-26.12,33.382,-4.8216
0.72846,-0.65555,-0.19626,0.032846,-26.185,33.372,-4.8196
0.72837,-0.65563,-0.19634,0.03273,-26.25,33.363,-4.8176
0.72828,-0.65572,-0.19641,0.032615,-26.316,33.354,-4.8156
0.72818,-0.65581,-0.19648,0.0325,-26.382,33.344,-4.8136
0.72809,-0.6559,-0.19655,0.032385,-26.448,33.335,-4.8115
0.728,-0.65598,-0.19663,0.03227,-26.514,33.325,-4.8095
0.7279,-0.65607,-0.1967,0.032155,-26.581,33.316,-4.8074
0.72781,-0.65616,-0.19677,0.03204,-26.647,33.306,-4.8054
0.72772,-0.65625,-0.19685,0.031924,-26.715,33.297,-4.8033
0.72762,-0.65633,-0.19692,0.031809,-26.782,33.288,-4.8012
0.72753,-0.65642,-0.19699,0.031694,-26.85,33.278,-4.7991
0.72744,-0.65651,-0.19707,0.031579,-26.918,33.269,-4.797
0.72734,-0.6566,-0.19714,0.031464,-26.986,33.259,-4.7949
0.72725,-0.65668,-0.19721,0.031349,-27.054,33.25,-4.7928
0.72716,-0.65677,-0.19729,0.031234,-27.123,33.24,-4.7906
0.72706,-0.65686,-0.19736,0.031118,-27.192,33.231,-4.7885
0.72697,-0.65695,-0.19743,0.031003,-27.261,33.221,-4.7863
0.72687,-0.65703,-0.19751,0.030888,-27.331,33.212,-4.7841
0.72678,-0.65712,-0.19758,0.030773,-27.401,33.202,-4.7819
0.72669,-0.65721,-0.19765,0.030658,-27.471,33.193,-4.7797
0.72659,-0.65729,-0.19772,0.030543,-27.541,33.183,-4.7775
0.7265,-0.65738,-0.1978,0.030428,-27.611,33.174,-4.7753
0.7264,-0.65747,-0.19787,0.030312,-27.682,33.164,-4.7731
0.72631,-0.65756,-0.19794,0.030197,-27.753,33.155,-4.7708
0.72622,-0.65764,-0.19802,0.030082,-27.824,33.145,-4.7686
0.72612,-0.65773,-0.19809,0.029967,-27.896,33.136,-4.7663
0.72603,-0.65782,-0.19816,0.029852,-27.968,33.127,-4.7641
0.72593,-0.6579,-0.19824,0.029737,-28.04,33.117,-4.7618
0.72584,-0.65799,-0.19831,0.029621,-28.112,33.107,-4.7595
0.72575,-0.65808,-0.19838,0.029506,-28.184,33.098,-4.7572
0.72565,-0.65816,-0.19845,0.029391,-28.257,33.088,-4.7549
0.72556,-0.65825,-0.19853,0.029276,-28.33,33.079,-4.7525
0.72546,-0.65834,-0.1986,0.029161,-28.403,33.069,-4.7502
0.72537,-0.65842,-0.19867,0.029046,-28.477,33.06,-4.7479
0.72528,-0.65851,-0.19875,0.028931,-28.551,33.05,-4.7455
0.72518,-0.6586,-0.19882,0.028815,-28.624,33.041,-4.7431
0.72509,-0.65869,-0.19889,0.0287,-28.699,33.031,-4.7408
0.72499,-0.65877,-0.19897,0.028585,-28.773,33.022,-4.7384
0.7249,-0.65886,-0.19904,0.02847,-28.848,33.012,-4.736
0.7248,-0.65895,-0.19911,0.028355,-28.922,33.003,-4.7336
0.72471,-0.65903,-0.19918,0.02824,-28.997,32.993,-4.7311
0.72462,-0.65912,-0.19926,0.028124,-29.073,32.984,-4.7287
0.72452,-0.65921,-0.19933,0.028009,-29.148,32.974,-4.7263
0.72443,-0.65929,-0.1994,0.027894,-29.224,32.965,-4.7238
0.72433,-0.65938,-0.19948,0.027779,-29.3,32.955,-4.7214
0.72424,-0.65947,-0.19955,0.027664,-29.376,32.945,-4.7189
0.72414,-0.65955,-0.19962,0.027548,-29.452,32.936,-4.7164
0.72405,-0.65964,-0.19969,0.027433,-29.529,32.926,-4.7139
0.72395,-0.65972,-0.19977,0.027318,-29.606,32.917,-4.7114
0.72386,-0.65981,-0.19984,0.027203,-29.683,32.907,-4.7089
0.72377,-0.6599,-0.19991,0.027088,-29.76,32.898,-4.7063
0.72367,-0.65998,-0.19999,0.026973,-29.837,32.888,-4.7038
0.72358,-0.66007,-0.20006,0.026857,-29.915,32.879,-4.7013
0.72348,-0.66016,-0.20013,0.026742,-29.993,32.869,-4.6987
0.72339,-0.66024,-0.2002,0.026627,-30.071,32.859,-4.6961
0.72329,-0.66033,-0.20028,0.026512,-30.149,32.85,-4.6936
0.7232,-0.66042,-0.20035,0.026397,-30.227,32.84,-4.691
0.7231,-0.6605,-0.20042,0.026281,-30.306,32.831,-4.6884
0.72301,-0.66059,-0.2005,0.026166,-30.385,32.821,-4.6857
0.72291,-0.66067,-0.20057,0.026051,-30.464,32.811,-4.6831
0.72282,-0.66076,-0.20064,0.025936,-30.543,32.802,-4.6805
0.72272,-0.66085,-0.20071,0.025821,-30.622,32.792,-4.6779
0.72263,-0.66093,-0.20079,0.025705,-30.702,32.783,-4.6752
0.72253,-0.66102,-0.20086,0.02559,-30.782,32.773,-4.6725
0.72244,-0.66111,-0.20093,0.025475,-30.862,32.763,-4.6699
0.72234,-0.66119,-0.20101,0.02536,-30.942,32.754,-4.6672
0.72225,-0.66128,-0.20108,0.025245,-31.022,32.744,-4.6645
0.72215,-0.66136,-0.20115,0.02513,-31.103,32.735,-4.6618
0.72206,-0.66145,-0.20122,0.025014,-31.183,32.725,-4.6591
0.72196,-0.66154,-0.2013,0.024899,-31.264,32.715,-4.6563
0.72187,-0.66162,-0.20137,0.024784,-31.345,32.706,-4.6536
0.72177,-0.66171,-0.20144,0.024669,-31.427,32.696,-4.6508
0.72168,-0.66179,-0.20151,0.024554,-31.508,32.686,-4.6481
0.72158,-0.66188,-0.20159,0.024438,-31.59,32.677,-4.6453
0.72149,-0.66197,-0.20166,0.024323,-31.671,32.667,-4.6425
0.72139,-0.66205,-0.20173,0.024208,-31.753,32.657,-4.6397
0.7213,-0.66214,-0.20181,0.024093,-31.835,32.648,-4.6369
0.7212,-0.66222,-0.20188,0.023978,-31.918,32.638,-4.6341
0.72111,-0.66231,-0.20195,0.023862,-32,32.629,-4.6313
0.72101,-0.66239,-0.20202,0.023747,-32.083,32.619,-4.6285
0.72092,-0.66248,-0.2021,0.023632,-32.165,32.609,-4.6256
0.72082,-0.66257,-0.20217,0.023517,-32.248,32.6,-4.6228
0.72072,-0.66265,-0.20224,0.023401,-32.331,32.59,-4.6199
0.72063,-0.66274,-0.20231,0.023286,-32.414,32.58,-4.617
0.72053,-0.66282,-0.20239,0.023171,-32.498,32.571,-4.6142
0.72044,-0.66291,-0.20246,0.023056,-32.581,32.561,-4.6113
0.72034,-0.66299,-0.20253,0.022941,-32.665,32.551,-4.6084
0.72025,-0.66308,-0.2026,0.022825,-32.749,32.542,-4.6054
0.72015,-0.66317,-0.20268,0.02271,-32.833,32.532,-4.6025
0.72006,-0.66325,-0.20275,0.022595,-32.917,32.522,-4.5996
0.71996,-0.66334,-0.20282,0.02248,-33.001,32.513,-4.5966
0.71986,-0.66342,-0.2029,0.022365,-33.085,32.503,-4.5937
0.71977,-0.66351,-0.20297,0.022249,-33.17,32.493,-4.5907
0.71967,-0.66359,-0.20304,0.022134,-33.255,32.484,-4.5877
0.71958,-0.66368,-0.20311,0.022019,-33.339,32.474,-4.5848
0.71948,-0.66376,-0.20319,0.021904,-33.424,32.464,-4.5818
0.71939,-0.66385,-0.20326,0.021788,-33.509,32.454,-4.5787
0.71929,-0.66393,-0.20333,0.021673,-33.595,32.445,-4.5757
0.71919,-0.66402,-0.2034,0.021558,-33.68,32.435,-4.5727
0.7191,-0.66411,-0.20348,0.021443,-33.765,32.425,-4.5697
0.719,-0.66419,-0.20355,0.021328,-33.851,32.416,-4.5666
0.71891,-0.66428,-0.20362,0.021212,-33.937,32.406,-4.5636
0.71881,-0.66436,-0.20369,0.021097,-34.022,32.396,-4.5605
0.71871,-0.66445,-0.20377,0.020982,-34.108,32.387,-4.5574
0.71862,-0.66453,-0.20384,0.020867,-34.194,32.377,-4.5543
0.71852,-0.66462,-0.20391,0.020751,-34.281,32.367,-4.5512
0.71843,-0.6647,-0.20398,0.020636,-34.367,32.357,-4.5481
0.71833,-0.66479,-0.20406,0.020521,-34.453,32.348,-4.545
0.71823,-0.66487,-0.20413,0.020406,-34.54,32.338,-4.5419
0.71814,-0.66496,-0.2042,0.020291,-34.626,32.328,-4.5387
0.71804,-0.66504,-0.20427,0.020175,-34.713,32.319,-4.5356
0.71795,-0.66513,-0.20435,0.02006,-34.8,32.309,-4.5324
0.71785,-0.66521,-0.20442,0.019945,-34.887,32.299,-4.5292
0.71775,-0.6653,-0.20449,0.01983,-34.974,32.289,-4.526
0.71766,-0.66538,-0.20456,0.019714,-35.061,32.28,-4.5229
0.71756,-0.66547,-0.20463,0.019599,-35.149,32.27,-4.5196
0.71746,-0.66555,-0.20471,0.019484,-35.236,32.26,-4.5164
0.71737,-0.66564,-0.20478,0.019369,-35.323,32.25,-4.5132
0.71727,-0.66572,-0.20485,0.019253,-35.411,32.241,-4.51
0.71718,-0.66581,-0.20492,0.019138,-35.499,32.231,-4.5067
0.71708,-0.66589,-0.205,0.019023,-35.586,32.221,-4.5035
0.71698,-0.66598,-0.20507,0.018908,-35.674,32.211,-4.5002
0.71689,-0.66606,-0.20514,0.018792,-35.762,32.202,-4.4969
0.71679,-0.66615,-0.20521,0.018677,-35.85,32.192,-4.4937
0.71669,-0.66623,-0.20529,0.018562,-35.938,32.182,-4.4904
0.7166,-0.66632,-0.20536,0.018447,-36.026,32.172,-4.4871
0.7165,-0.6664,-0.20543,0.018331,-36.114,32.163,-4.4838
0.7164,-0.66648,-0.2055,0.018216,-36.203,32.153,-4.4804
0.71631,-0.66657,-0.20558,0.018101,-36.291,32.143,-4.4771
0.71621,-0.66665,-0.20565,0.017986,-36.38,32.133,-4.4737
0.71611,-0.66674,-0.20572,0.017871,-36.468,32.124,-4.4704
0.71602,-0.66682,-0.20579,0.017755,-36.557,32.114,-4.467
0.71592,-0.66691,-0.20586,0.01764,-36.646,32.104,-4.4637
0.71582,-0.66699,-0.20594,0.017525,-36.734,32.094,-4.4603
0.71573,-0.66708,-0.20601,0.01741,-36.823,32.084,-4.4569
0.71563,-0.66716,-0.20608,0.017294,-36.912,32.075,-4.4535
0.71553,-0.66725,-0.20615,0.017179,-37.001,32.065,-4.4501
0.71544,-0.66733,-0.20623,0.017064,-37.09,32.055,-4.4466
0.71534,-0.66741,-0.2063,0.016949,-37.179,32.045,-4.4432
0.71524,-0.6675,-0.20637,0.016833,-37.268,32.035,-4.4398
0.71515,-0.66758,-0.20644,0.016718,-37.357,32.026,-4.4363
0.71505,-0.66767,-0.20651,0.016603,-37.447,32.016,-4.4328
0.71495,-0.66775,-0.20659,0.016488,-37.536,32.006,-4.4294
0.71486,-0.66784,-0.20666,0.016372,-37.625,31.996,-4.4259
0.71476,-0.66792,-0.20673,0.016257,-37.715,31.987,-4.4224
0.71466,-0.668,-0.2068,0.016142,-37.804,31.977,-4.4189
0.71457,-0.66809,-0.20688,0.016027,-37.894,31.967,-4.4154
0.71447,-0.66817,-0.20695,0.015911,-37.983,31.957,-4.4118
0.71437,-0.66826,-0.20702,0.015796,-38.073,31.947,-4.4083
0.71427,-0.66834,-0.20709,0.015681,-38.162,31.937,-4.4048
0.71418,-0.66843,-0.20716,0.015566,-38.252,31.928,-4.4012
0.71408,-0.66851,-0.20724,0.01545,-38.342,31.918,-4.3976
0.71398,-0.66859,-0.20731,0.015335,-38.431,31.908,-4.3941
0.71389,-0.66868,-0.20738,0.01522,-38.521,31.898,-4.3905
0.71379,-0.66876,-0.20745,0.015104,-38.611,31.888,-4.3869
0.71369,-0.66885,-0.20752,0.014989,-38.701,31.879,-4.3833
0.71359,-0.66893,-0.2076,0.014874,-38.79,31.869,-4.3797
0.7135,-0.66901,-0.20767,0.014759,-38.88,31.859,-4.3761
0.7134,-0.6691,-0.20774,0.014643,-38.97,31.849,-4.3724
0.7133,-0.66918,-0.20781,0.014528,-39.06,31.839,-4.3688
0.7132,-0.66927,-0.20789,0.014413,-39.15,31.829,-4.3651
0.71311,-0.66935,-0.20796,0.014298,-39.24,31.82,-4.3615
0.71301,-0.66943,-0.20803,0.014182,-39.33,31.81,-4.3578
0.71291,-0.66952,-0.2081,0.014067,-39.42,31.8,-4.3541
0.71281,-0.6696,-0.20817,0.013952,-39.51,31.79,-4.3504
0.71272,-0.66968,-0.20825,0.013837,-39.6,31.78,-4.3467
0.71262,-0.66977,-0.20832,0.013721,-39.69,31.77,-4.343
0.71252,-0.66985,-0.20839,0.013606,-39.78,31.761,-4.3393
0.71242,-0.66994,-0.20846,0.013491,-39.87,31.751,-4.3355
0.71233,-0.67002,-0.20853,0.013376,-39.96,31.741,-4.3318
0.71223,-0.6701,-0.20861,0.01326,-40.05,31.731,-4.3281
0.71213,-0.67019,-0.20868,0.013145,-40.14,31.721,-4.3243
0.71203,-0.67027,-0.20875,0.01303,-40.23,31.711,-4.3205
0.71194,-0.67035,-0.20882,0.012914,-40.32,31.701,-4.3167
0.71184,-0.67044,-0.20889,0.012799,-40.41,31.692,-4.313
0.71174,-0.67052,-0.20897,0.012684,-40.5,31.682,-4.3092
0.71164,-0.6706,-0.20904,0.012569,-40.59,31.672,-4.3054
0.71154,-0.67069,-0.20911,0.012453,-40.679,31.662,-4.3015
0.71145,-0.67077,-0.20918,0.012338,-40.769,31.652,-4.2977
0.71135,-0.67085,-0.20925,0.012223,-40.859,31.642,-4.2939
0.71125,-0.67094,-0.20933,0.012108,-40.949,31.632,-4.29
0.71115,-0.67102,-0.2094,0.011992,-41.039,31.623,-4.2862
0.71106,-0.6711,-0.20947,0.011877,-41.129,31.613,-4.2823
0.71096,-0.67119,-0.20954,0.011762,-41.219,31.603,-4.2784
0.71086,-0.67127,-0.20961,0.011647,-41.309,31.593,-4.2745
0.71076,-0.67135,-0.20969,0.011531,-41.398,31.583,-4.2706
0.71066,-0.67144,-0.20976,0.011416,-41.488,31.573,-4.2667
0.71057,-0.67152,-0.20983,0.011301,-41.578,31.563,-4.2628
0.71047,-0.6716,-0.2099,0.011185,-41.668,31.553,-4.2589
0.71037,-0.67169,-0.20997,0.01107,-41.757,31.544,-4.255
0.71027,-0.67177,-0.21004,0.010955,-41.847,31.534,-4.251
0.71017,-0.67185,-0.21012,0.01084,-41.937,31.524,-4.2471
0.71007,-0.67194,-0.21019,0.010724,-42.026,31.514,-4.2431
0.70998,-0.67202,-0.21026,0.010609,-42.116,31.504,-4.2391
0.70988,-0.6721,-0.21033,0.010494,-42.205,31.494,-4.2351
0.70978,-0.67219,-0.2104,0.010378,-42.295,31.484,-4.2312
0.70968,-0.67227,-0.21048,0.010263,-42.384,31.474,-4.2272
0.70958,-0.67235,-0.21055,0.010148,-42.473,31.465,-4.2231
0.70949,-0.67244,-0.21062,0.010033,-42.563,31.455,-4.2191
0.70939,-0.67252,-0.21069,0.0099174,-42.652,31.445,-4.2151
0.70929,-0.6726,-0.21076,0.0098021,-42.741,31.435,-4.2111
0.70919,-0.67268,-0.21083,0.0096868,-42.83,31.425,-4.207
0.70909,-0.67277,-0.21091,0.0095716,-42.919,31.415,-4.2029
0.70899,-0.67285,-0.21098,0.0094563,-43.008,31.405,-4.1989
0.70889,-0.67293,-0.21105,0.009341,-43.097,31.395,-4.1948
0.7088,-0.67302,-0.21112,0.0092257,-43.186,31.385,-4.1907
0.7087,-0.6731,-0.21119,0.0091104,-43.275,31.375,-4.1866
0.7086,-0.67318,-0.21126,0.0089952,-43.364,31.366,-4.1825
0.7085,-0.67326,-0.21134,0.0088799,-43.452,31.356,-4.1784
0.7084,-0.67335,-0.21141,0.0087646,-43.541,31.346,-4.1743
0.7083,-0.67343,-0.21148,0.0086493,-43.629,31.336,-4.1701
0.7082,-0.67351,-0.21155,0.008534,-43.718,31.326,-4.166
0.70811,-0.67359,-0.21162,0.0084187,-43.806,31.316,-4.1619
0.70801,-0.67368,-0.2117,0.0083035,-43.895,31.306,-4.1577
0.70791,-0.67376,-0.21177,0.0081882,-43.983,31.296,-4.1535
0.70781,-0.67384,-0.21184,0.0080729,-44.071,31.286,-4.1493
0.70771,-0.67393,-0.21191,0.0079576,-44.159,31.276,-4.1451
0.70761,-0.67401,-0.21198,0.0078423,-44.247,31.266,-4.141
0.70751,-0.67409,-0.21205,0.007727,-44.335,31.256,-4.1367
0.70741,-0.67417,-0.21213,0.0076118,-44.423,31.247,-4.1325
0.70732,-0.67426,-0.2122,0.0074965,-44.51,31.237,-4.1283
0.70722,-0.67434,-0.21227,0.0073812,-44.598,31.227,-4.1241
0.70712,-0.67442,-0.21234,0.0072659,-44.686,31.217,-4.1198
0.70702,-0.6745,-0.21241,0.0071506,-44.773,31.207,-4.1156
0.70692,-0.67459,-0.21248,0.0070353,-44.86,31.197,-4.1113
0.70682,-0.67467,-0.21255,0.0069201,-44.948,31.187,-4.107
0.70672,-0.67475,-0.21263,0.0068048,-45.035,31.177,-4.1027
0.70662,-0.67483,-0.2127,0.0066895,-45.122,31.167,-4.0985
0.70652,-0.67491,-0.21277,0.0065742,-45.209,31.157,-4.0942
0.70643,-0.675,-0.21284,0.0064589,-45.296,31.147,-4.0898
0.70633,-0.67508,-0.21291,0.0063436,-45.382,31.137,-4.0855
0.70623,-0.67516,-0.21298,0.0062283,-45.469,31.127,-4.0812
0.70613,-0.67524,-0.21306,0.006113,-45.556,31.117,-4.0769
0.70603,-0.67533,-0.21313,0.0059978,-45.642,31.108,-4.0725
0.70593,-0.67541,-0.2132,0.0058825,-45.728,31.098,-4.0682
0.70583,-0.67549,-0.21327,0.0057672,-45.814,31.088,-4.0638
0.70573,-0.67557,-0.21334,0.0056519,-45.9,31.078,-4.0594
0.70563,-0.67565,-0.21341,0.0055366,-45.986,31.068,-4.055
0.70553,-0.67574,-0.21349,0.0054213,-46.072,31.058,-4.0506
0.70543,-0.67582,-0.21356,0.005306,-46.158,31.048,-4.0462
0.70533,-0.6759,-0.21363,0.0051907,-46.243,31.038,-4.0418
0.70523,-0.67598,-0.2137,0.0050755,-46.329,31.028,-4.0374
0.70513,-0.67606,-0.21377,0.0049602,-46.414,31.018,-4.033
0.70504,-0.67615,-0.21384,0.0048449,-46.499,31.008,-4.0285
0.70494,-0.67623,-0.21391,0.0047296,-46.584,30.998,-4.0241
0.70484,-0.67631,-0.21399,0.0046143,-46.669,30.988,-4.0196
0.70474,-0.67639,-0.21406,0.004499,-46.754,30.978,-4.0152
0.70464,-0.67647,-0.21413,0.0043837,-46.839,30.968,-4.0107
0.70454,-0.67656,-0.2142,0.0042684,-46.923,30.958,-4.0062
0.70444,-0.67664,-0.21427,0.0041531,-47.008,30.948,-4.0017
0.70434,-0.67672,-0.21434,0.0040378,-47.092,30.938,-3.9972
0.70424,-0.6768,-0.21441,0.0039226,-47.176,30.928,-3.9927
0.70414,-0.67688,-0.21449,0.0038073,-47.26,30.919,-3.9882
0.70404,-0.67696,-0.21456,0.003692,-47.344,30.909,-3.9837
0.70394,-0.67705,-0.21463,0.0035767,-47.427,30.899,-3.9791
0.70384,-0.67713,-0.2147,0.0034614,-47.511,30.889,-3.9746
0.70374,-0.67721,-0.21477,0.0033461,-47.594,30.879,-3.97
0.70364,-0.67729,-0.21484,0.0032308,-47.677,30.869,-3.9655
0.70354,-0.67737,-0.21491,0.0031155,-47.76,30.859,-3.9609
0.70344,-0.67745,-0.21498,0.0030002,-47.843,30.849,-3.9563
0.70334,-0.67754,-0.21506,0.0028849,-47.926,30.839,-3.9517
0.70324,-0.67762,-0.21513,0.0027696,-48.009,30.829,-3.9471
0.70314,-0.6777,-0.2152,0.0026544,-48.091,30.819,-3.9425
0.70304,-0.67778,-0.21527,0.0025391,-48.173,30.809,-3.9379
0.70294,-0.67786,-0.21534,0.0024238,-48.255,30.799,-3.9333
0.70284,-0.67794,-0.21541,0.0023085,-48.337,30.789,-3.9286
0.70274,-0.67802,-0.21548,0.0021932,-48.419,30.779,-3.924
0.70264,-0.67811,-0.21556,0.0020779,-48.5,30.769,-3.9193
0.70254,-0.67819,-0.21563,0.0019626,-48.582,30.759,-3.9147
0.70244,-0.67827,-0.2157,0.0018473,-48.663,30.749,-3.91
0.70234,-0.67835,-0.21577,0.001732,-48.744,30.739,-3.9053
0.70224,-0.67843,-0.21584,0.0016167,-48.825,30.729,-3.9006
0.70214,-0.67851,-0.21591,0.0015014,-48.905,30.719,-3.8959
0.70204,-0.67859,-0.21598,0.0013861,-48.986,30.709,-3.8912
0.70194,-0.67867,-0.21605,0.0012708,-49.066,30.699,-3.8865
0.70184,-0.67876,-0.21613,0.0011555,-49.146,30.689,-3.8818
0.70174,-0.67884,-0.2162,0.0010403,-49.226,30.679,-3.8771
0.70164,-0.67892,-0.21627,0.00092496,-49.306,30.669,-3.8723
0.70154,-0.679,-0.21634,0.00080967,-49.386,30.659,-3.8676
0.70144,-0.67908,-0.21641,0.00069438,-49.465,30.649,-3.8628
0.70134,-0.67916,-0.21648,0.00057908,-49.544,30.639,-3.8581
0.70124,-0.67924,-0.21655,0.00046379,-49.623,30.629,-3.8533
0.70114,-0.67932,-0.21662,0.0003485,-49.702,30.619,-3.8485
0.70104,-0.6794,-0.21669,0.00023321,-49.781,30.609,-3.8437
0.70094,-0.67948,-0.21677,0.00011791,-49.859,30.599,-3.8389
0.70084,-0.67957,-0.21684,2.6202e-06,-49.937,30.589,-3.8341
0.70074,-0.67965,-0.21691,-0.00011267,-50.015,30.579,-3.8293
0.70064,-0.67973,-0.21698,-0.00022797,-50.093,30.57,-3.8245
0.70054,-0.67981,-0.21705,-0.00034326,-50.171,30.56,-3.8196
0.70043,-0.67989,-0.21712,-0.00045855,-50.248,30.55,-3.8148
0.70033,-0.67997,-0.21719,-0.00057384,-50.325,30.54,-3.8099
0.70023,-0.68005,-0.21726,-0.00068914,-50.402,30.53,-3.8051
0.70013,-0.68013,-0.21734,-0.00080443,-50.479,30.52,-3.8002
0.70003,-0.68021,-0.21741,-0.00091972,-50.556,30.51,-3.7953
0.69993,-0.68029,-0.21748,-0.001035,-50.632,30.5,-3.7904
0.69983,-0.68037,-0.21755,-0.0011503,-50.708,30.49,-3.7855
0.69973,-0.68045,-0.21762,-0.0012656,-50.784,30.48,-3.7806
0.69963,-0.68054,-0.21769,-0.0013809,-50.86,30.47,-3.7757
0.69953,-0.68062,-0.21776,-0.0014962,-50.935,30.46,-3.7708
0.69943,-0.6807,-0.21783,-0.0016115,-51.01,30.45,-3.7659
0.69933,-0.68078,-0.2179,-0.0017268,-51.085,30.44,-3.7609
0.69923,-0.68086,-0.21797,-0.0018421,-51.16,30.43,-3.756
0.69912,-0.68094,-0.21805,-0.0019574,-51.235,30.42,-3.751
0.69902,-0.68102,-0.21812,-0.0020726,-51.309,30.41,-3.7461
0.69892,-0.6811,-0.21819,-0.0021879,-51.383,30.4,-3.7411
0.69882,-0.68118,-0.21826,-0.0023032,-51.457,30.39,-3.7361
0.69872,-0.68126,-0.21833,-0.0024185,-51.531,30.38,-3.7311
0.69862,-0.68134,-0.2184,-0.0025338,-51.604,30.37,-3.7261
0.69852,-0.68142,-0.21847,-0.0026491,-51.677,30.36,-3.7211
0.69842,-0.6815,-0.21854,-0.0027644,-51.75,30.35,-3.7161
0.69832,-0.68158,-0.21861,-0.0028797,-51.823,30.34,-3.7111
0.69822,-0.68166,-0.21868,-0.002995,-51.895,30.33,-3.706
0.69811,-0.68174,-0.21876,-0.0031103,-51.968,30.32,-3.701
0.69801,-0.68182,-0.21883,-0.0032256,-52.04,30.31,-3.696
0.69791,-0.6819,-0.2189,-0.0033409,-52.111,30.3,-3.6909
0.69781,-0.68198,-0.21897,-0.0034562,-52.183,30.29,-3.6858
0.69771,-0.68206,-0.21904,-0.0035714,-52.254,30.28,-3.6808
0.69761,-0.68214,-0.21911,-0.0036867,-52.325,30.27,-3.6757
0.69751,-0.68222,-0.21918,-0.003802,-52.396,30.26,-3.6706
0.69741,-0.6823,-0.21925,-0.0039173,-52.466,30.25,-3.6655
0.6973,-0.68238,-0.21932,-0.0040326,-52.537,30.24,-3.6604
0.6972,-0.68246,-0.21939,-0.0041479,-52.607,30.23,-3.6553
0.6971,-0.68254,-0.21946,-0.0042632,-52.676,30.22,-3.6502
0.697,-0.68262,-0.21954,-0.0043785,-52.746,30.21,-3.645
0.6969,-0.6827,-0.21961,-0.0044938,-52.815,30.2,-3.6399
0.6968,-0.68278,-0.21968,-0.0046091,-52.884,30.19,-3.6348
0.6967,-0.68286,-0.21975,-0.0047243,-52.953,30.18,-3.6296
0.69659,-0.68294,-0.21982,-0.0048396,-53.021,30.17,-3.6244
0.69649,-0.68302,-0.21989,-0.0049549,-53.089,30.16,-3.6193
0.69639,-0.6831,-0.21996,-0.0050702,-53.157,30.15,-3.6141
0.69629,-0.68318,-0.22003,-0.0051855,-53.225,30.14,-3.6089
0.69619,-0.68326,-0.2201,-0.0053008,-53.292,30.13,-3.6037
0.69609,-0.68334,-0.22017,-0.0054161,-53.359,30.12,-3.5985
0.69599,-0.68342,-0.22024,-0.0055314,-53.426,30.11,-3.5933
0.69588,-0.6835,-0.22031,-0.0056467,-53.493,30.1,-3.5881
0.69578,-0.68358,-0.22039,-0.0057619,-53.559,30.09,-3.5828
0.69568,-0.68366,-0.22046,-0.0058772,-53.625,30.08,-3.5776
0.69558,-0.68374,-0.22053,-0.0059925,-53.691,30.07,-3.5724
0.69548,-0.68382,-0.2206,-0.0061078,-53.756,30.06,-3.5671
0.69537,-0.6839,-0.22067,-0.0062231,-53.822,30.05,-3.5619
0.69527,-0.68398,-0.22074,-0.0063384,-53.886,30.04,-3.5566
0.69517,-0.68406,-0.22081,-0.0064537,-53.951,30.03,-3.5513
0.69507,-0.68414,-0.22088,-0.006569,-54.015,30.02,-3.546
0.69497,-0.68422,-0.22095,-0.0066842,-54.08,30.01,-3.5407
0.69487,-0.6843,-0.22102,-0.0067995,-54.143,30,-3.5354
0.69476,-0.68438,-0.22109,-0.0069148,-54.207,29.99,-3.5301
0.69466,-0.68446,-0.22116,-0.0070301,-54.27,29.98,-3.5248
0.69456,-0.68454,-0.22123,-0.0071454,-54.333,29.97,-3.5195
0.69446,-0.68462,-0.2213,-0.0072607,-54.396,29.96,-3.5142
0.69436,-0.6847,-0.22138,-0.007376,-54.458,29.95,-3.5088
0.69425,-0.68478,-0.22145,-0.0074912,-54.52,29.94,-3.5035
0.69415,-0.68485,-0.22152,-0.0076065,-54.582,29.93,-3.4981
0.69405,-0.68493,-0.22159,-0.0077218,-54.643,29.92,-3.4928
0.69395,-0.68501,-0.22166,-0.0078371,-54.704,29.91,-3.4874
0.69385,-0.68509,-0.22173,-0.0079524,-54.765,29.9,-3.482
0.69374,-0.68517,-0.2218,-0.0080677,-54.826,29.89,-3.4766
0.69364,-0.68525,-0.22187,-0.0081829,-54.886,29.88,-3.4712
0.69354,-0.68533,-0.22194,-0.0082982,-54.946,29.87,-3.4658
0.69344,-0.68541,-0.22201,-0.0084135,-55.006,29.86,-3.4604
0.69333,-0.68549,-0.22208,-0.0085288,-55.065,29.85,-3.455
0.69323,-0.68557,-0.22215,-0.0086441,-55.124,29.84,-3.4496
0.69313,-0.68565,-0.22222,-0.0087594,-55.183,29.83,-3.4441
0.69303,-0.68573,-0.22229,-0.0088746,-55.241,29.82,-3.4387
0.69292,-0.68581,-0.22236,-0.0089899,-55.299,29.81,-3.4332
0.69282,-0.68588,-0.22243,-0.0091052,-55.357,29.8,-3.4278
0.69272,-0.68596,-0.2225,-0.0092205,-55.415,29.79,-3.4223
0.69262,-0.68604,-0.22258,-0.0093358,-55.472,29.78,-3.4169
0.69251,-0.68612,-0.22265,-0.009451,-55.529,29.77,-3.4114
0.69241,-0.6862,-0.22272,-0.0095663,-55.585,29.76,-3.4059
0.69231,-0.68628,-0.22279,-0.0096816,-55.641,29.75,-3.4004
0.69221,-0.68636,-0.22286,-0.0097969,-55.697,29.74,-3.3949
0.6921,-0.68644,-0.22293,-0.0099121,-55.753,29.73,-3.3894
0.692,-0.68652,-0.223,-0.010027,-55.808,29.72,-3.3839
0.6919,-0.68659,-0.22307,-0.010143,-55.863,29.71,-3.3783
0.6918,-0.68667,-0.22314,-0.010258,-55.918,29.7,-3.3728
0.69169,-0.68675,-0.22321,-0.010373,-55.972,29.69,-3.3673
0.69159,-0.68683,-0.22328,-0.010489,-56.026,29.68,-3.3617
0.69149,-0.68691,-0.22335,-0.010604,-56.08,29.67,-3.3562
0.69139,-0.68699,-0.22342,-0.010719,-56.133,29.66,-3.3506
0.69128,-0.68707,-0.22349,-0.010834,-56.186,29.65,-3.345
0.69118,-0.68715,-0.22356,-0.01095,-56.239,29.64,-3.3395
0.69108,-0.68722,-0.22363,-0.011065,-56.291,29.63,-3.3339
0.69098,-0.6873,-0.2237,-0.01118,-56.343,29.62,-3.3283
0.69087,-0.68738,-0.22377,-0.011295,-56.395,29.61,-3.3227
0.69077,-0.68746,-0.22384,-0.011411,-56.446,29.6,-3.3171
0.69067,-0.68754,-0.22391,-0.011526,-56.497,29.59,-3.3114
0.69056,-0.68762,-0.22398,-0.011641,-56.548,29.58,-3.3058
0.69046,-0.6877,-0.22405,-0.011757,-56.599,29.57,-3.3002
0.69036,-0.68777,-0.22412,-0.011872,-56.649,29.56,-3.2946
0.69025,-0.68785,-0.2242,-0.011987,-56.698,29.55,-3.2889
0.69015,-0.68793,-0.22427,-0.012102,-56.748,29.54,-3.2833
0.69005,-0.68801,-0.22434,-0.012218,-56.797,29.53,-3.2776
0.68995,-0.68809,-0.22441,-0.012333,-56.845,29.52,-3.2719
0.68984,-0.68817,-0.22448,-0.012448,-56.894,29.51,-3.2663
0.68974,-0.68824,-0.22455,-0.012563,-56.942,29.5,-3.2606
0.68964,-0.68832,-0.22462,-0.012679,-56.989,29.49,-3.2549
0.68953,-0.6884,-0.22469,-0.012794,-57.037,29.48,-3.2492
0.68943,-0.68848,-0.22476,-0.012909,-57.084,29.47,-3.2435
0.68933,-0.68856,-0.22483,-0.013025,-57.13,29.46,-3.2378
0.68922,-0.68864,-0.2249,-0.01314,-57.177,29.45,-3.2321
0.68912,-0.68871,-0.22497,-0.013255,-57.223,29.44,-3.2263
0.68902,-0.68879,-0.22504,-0.01337,-57.268,29.43,-3.2206
0.68891,-0.68887,-0.22511,-0.013486,-57.313,29.42,-3.2149
0.68881,-0.68895,-0.22518,-0.013601,-57.358,29.41,-3.2091
0.68871,-0.68903,-0.22525,-0.013716,-57.403,29.4,-3.2034
0.6886,-0.6891,-0.22532,-0.013831,-57.447,29.39,-3.1976
0.6885,-0.68918,-0.22539,-0.013947,-57.491,29.38,-3.1918
0.6884,-0.68926,-0.22546,-0.014062,-57.534,29.37,-3.186
0.68829,-0.68934,-0.22553,-0.014177,-57.577,29.36,-3.1803
0.68819,-0.68942,-0.2256,-0.014292,-57.62,29.35,-3.1745
0.68809,-0.68949,-0.22567,-0.014408,-57.662,29.34,-3.1687
0.68798,-0.68957,-0.22574,-0.014523,-57.705,29.33,-3.1629
0.68788,-0.68965,-0.22581,-0.014638,-57.746,29.32,-3.1571
0.68778,-0.68973,-0.22588,-0.014753,-57.788,29.31,-3.1512
0.68767,-0.68981,-0.22595,-0.014869,-57.829,29.3,-3.1454
0.68757,-0.68988,-0.22602,-0.014984,-57.869,29.29,-3.1396
0.68746,-0.68996,-0.22609,-0.015099,-57.909,29.28,-3.1337
0.68736,-0.69004,-0.22616,-0.015215,-57.949,29.27,-3.1279
0.68726,-0.69012,-0.22623,-0.01533,-57.989,29.26,-3.122
0.68715,-0.6902,-0.2263,-0.015445,-58.028,29.251,-3.1162
0.68705,-0.69027,-0.22637,-0.01556,-58.067,29.241,-3.1103
0.68695,-0.69035,-0.22644,-0.015676,-58.105,29.231,-3.1044
0.68684,-0.69043,-0.22651,-0.015791,-58.143,29.221,-3.0985
0.68674,-0.69051,-0.22658,-0.015906,-58.181,29.211,-3.0927
0.68663,-0.69058,-0.22665,-0.016021,-58.218,29.201,-3.0868
0.68653,-0.69066,-0.22672,-0.016137,-58.255,29.191,-3.0809
0.68643,-0.69074,-0.22679,-0.016252,-58.292,29.181,-3.0749
0.68632,-0.69082,-0.22686,-0.016367,-58.328,29.171,-3.069
0.68622,-0.69089,-0.22693,-0.016482,-58.364,29.161,-3.0631
0.68611,-0.69097,-0.227,-0.016598,-58.399,29.151,-3.0572
0.68601,-0.69105,-0.22707,-0.016713,-58.434,29.141,-3.0512
0.68591,-0.69113,-0.22714,-0.016828,-58.469,29.131,-3.0453
0.6858,-0.6912,-0.22721,-0.016943,-58.503,29.121,-3.0393
0.6857,-0.69128,-0.22728,-0.017059,-58.537,29.111,-3.0334
0.68559,-0.69136,-0.22735,-0.017174,-58.571,29.101,-3.0274
0.68549,-0.69144,-0.22742,-0.017289,-58.604,29.091,-3.0214
0.68539,-0.69151,-0.22749,-0.017404,-58.637,29.081,-3.0155
0.68528,-0.69159,-0.22756,-0.01752,-58.669,29.071,-3.0095
0.68518,-0.69167,-0.22763,-0.017635,-58.702,29.061,-3.0035
0.68507,-0.69174,-0.2277,-0.01775,-58.733,29.051,-2.9975
0.68497,-0.69182,-0.22777,-0.017865,-58.765,29.041,-2.9915
0.68487,-0.6919,-0.22784,-0.017981,-58.796,29.031,-2.9855
0.68476,-0.69198,-0.22791,-0.018096,-58.826,29.021,-2.9794
0.68466,-0.69205,-0.22798,-0.018211,-58.856,29.011,-2.9734
0.68455,-0.69213,-0.22805,-0.018326,-58.886,29.001,-2.9674
0.68445,-0.69221,-0.22812,-0.018442,-58.916,28.992,-2.9613
0.68434,-0.69228,-0.22819,-0.018557,-58.945,28.982,-2.9553
0.68424,-0.69236,-0.22826,-0.018672,-58.973,28.972,-2.9492
0.68413,-0.69244,-0.22833,-0.018787,-59.002,28.962,-2.9432
0.68403,-0.69252,-0.2284,-0.018902,-59.029,28.952,-2.9371
0.68393,-0.69259,-0.22847,-0.019018,-59.057,28.942,-2.931
0.68382,-0.69267,-0.22854,-0.019133,-59.084,28.932,-2.925
0.68372,-0.69275,-0.22861,-0.019248,-59.111,28.922,-2.9189
0.68361,-0.69282,-0.22868,-0.019363,-59.137,28.912,-2.9128
0.68351,-0.6929,-0.22875,-0.019479,-59.163,28.902,-2.9067
0.6834,-0.69298,-0.22882,-0.019594,-59.189,28.892,-2.9006
0.6833,-0.69305,-0.22889,-0.019709,-59.214,28.882,-2.8945
0.68319,-0.69313,-0.22896,-0.019824,-59.239,28.872,-2.8883
0.68309,-0.69321,-0.22903,-0.01994,-59.263,28.862,-2.8822
0.68298,-0.69328,-0.2291,-0.020055,-59.287,28.852,-2.8761
0.68288,-0.69336,-0.22917,-0.02017,-59.311,28.842,-2.87
0.68278,-0.69344,-0.22924,-0.020285,-59.334,28.832,-2.8638
0.68267,-0.69351,-0.22931,-0.020401,-59.357,28.823,-2.8577
0.68257,-0.69359,-0.22938,-0.020516,-59.379,28.813,-2.8515
0.68246,-0.69367,-0.22945,-0.020631,-59.401,28.803,-2.8453
0.68236,-0.69374,-0.22952,-0.020746,-59.423,28.793,-2.8392
0.68225,-0.69382,-0.22959,-0.020861,-59.444,28.783,-2.833
0.68215,-0.6939,-0.22966,-0.020977,-59.465,28.773,-2.8268
0.68204,-0.69397,-0.22973,-0.021092,-59.485,28.763,-2.8206
0.68194,-0.69405,-0.2298,-0.021207,-59.506,28.753,-2.8144
0.68183,-0.69413,-0.22987,-0.021322,-59.525,28.743,-2.8082
0.68173,-0.6942,-0.22994,-0.021438,-59.545,28.733,-2.802
0.68162,-0.69428,-0.23001,-0.021553,-59.563,28.723,-2.7958
0.68152,-0.69436,-0.23008,-0.021668,-59.582,28.713,-2.7896
0.68141,-0.69443,-0.23015,-0.021783,-59.6,28.703,-2.7833
0.68131,-0.69451,-0.23022,-0.021898,-59.618,28.694,-2.7771
0.6812,-0.69459,-0.23029,-0.022014,-59.635,28.684,-2.7709
0.6811,-0.69466,-0.23035,-0.022129,-59.652,28.674,-2.7646
0.68099,-0.69474,-0.23042,-0.022244,-59.669,28.664,-2.7584
0.68089,-0.69481,-0.23049,-0.022359,-59.685,28.654,-2.7521
0.68078,-0.69489,-0.23056,-0.022475,-59.7,28.644,-2.7458
0.68068,-0.69497,-0.23063,-0.02259,-59.716,28.634,-2.7396
0.68057,-0.69504,-0.2307,-0.022705,-59.731,28.624,-2.7333
0.68046,-0.69512,-0.23077,-0.02282,-59.745,28.614,-2.727
0.68036,-0.6952,-0.23084,-0.022935,-59.759,28.604,-2.7207
0.68025,-0.69527,-0.23091,-0.023051,-59.773,28.594,-2.7144
0.68015,-0.69535,-0.23098,-0.023166,-59.786,28.585,-2.7081
0.68004,-0.69542,-0.23105,-0.023281,-59.799,28.575,-2.7018
0.67994,-0.6955,-0.23112,-0.023396,-59.812,28.565,-2.6955
0.67983,-0.69558,-0.23119,-0.023511,-59.824,28.555,-2.6892
0.67973,-0.69565,-0.23126,-0.023627,-59.836,28.545,-2.6829
0.67962,-0.69573,-0.23133,-0.023742,-59.847,28.535,-2.6765
0.67952,-0.6958,-0.2314,-0.023857,-59.858,28.525,-2.6702
0.67941,-0.69588,-0.23147,-0.023972,-59.868,28.515,-2.6639
0.67931,-0.69596,-0.23154,-0.024087,-59.878,28.505,-2.6575
0.6792,-0.69603,-0.23161,-0.024203,-59.888,28.496,-2.6511
0.67909,-0.69611,-0.23168,-0.024318,-59.897,28.486,-2.6448
0.67899,-0.69618,-0.23175,-0.024433,-59.906,28.476,-2.6384
0.67888,-0.69626,-0.23182,-0.024548,-59.915,28.466,-2.632
0.67878,-0.69633,-0.23188,-0.024663,-59.923,28.456,-2.6257
0.67867,-0.69641,-0.23195,-0.024779,-59.931,28.446,-2.6193
0.67857,-0.69649,-0.23202,-0.024894,-59.938,28.436,-2.6129
0.67846,-0.69656,-0.23209,-0.025009,-59.945,28.426,-2.6065
0.67835,-0.69664,-0.23216,-0.025124,-59.951,28.417,-2.6001
0.67825,-0.69671,-0.23223,-0.025239,-59.957,28.407,-2.5937
0.67814,-0.69679,-0.2323,-0.025355,-59.963,28.397,-2.5873
0.67804,-0.69686,-0.23237,-0.02547,-59.968,28.387,-2.5808
0.67793,-0.69694,-0.23244,-0.025585,-59.973,28.377,-2.5744
0.67783,-0.69702,-0.23251,-0.0257,-59.978,28.367,-2.568
0.67772,-0.69709,-0.23258,-0.025815,-59.982,28.357,-2.5615
0.67761,-0.69717,-0.23265,-0.025931,-59.985,28.347,-2.5551
0.67751,-0.69724,-0.23272,-0.026046,-59.989,28.338,-2.5486
0.6774,-0.69732,-0.23279,-0.026161,-59.991,28.328,-2.5422
0.6773,-0.69739,-0.23286,-0.026276,-59.994,28.318,-2.5357
0.67719,-0.69747,-0.23293,-0.026391,-59.996,28.308,-2.5293
0.67708,-0.69754,-0.233,-0.026507,-59.997,28.298,-2.5228
0.67698,-0.69762,-0.23306,-0.026622,-59.999,28.288,-2.5163
0.67687,-0.69769,-0.23313,-0.026737,-60,28.278,-2.5098
0.67677,-0.69777,-0.2332,-0.026852,-60,28.269,-2.5033
0.67666,-0.69785,-0.23327,-0.026967,-60,28.259,-2.4968
0.67655,-0.69792,-0.23334,-0.027083,-60,28.249,-2.4903
0.67645,-0.698,-0.23341,-0.027198,-59.999,28.239,-2.4838
0.67634,-0.69807,-0.23348,-0.027313,-59.998,28.229,-2.4773
0.67624,-0.69815,-0.23355,-0.027428,-59.996,28.219,-2.4708
0.67613,-0.69822,-0.23362,-0.027543,-59.994,28.21,-2.4643
0.67602,-0.6983,-0.23369,-0.027658,-59.991,28.2,-2.4578
0.67592,-0.69837,-0.23376,-0.027774,-59.989,28.19,-2.4512
0.67581,-0.69845,-0.23383,-0.027889,-59.985,28.18,-2.4447
0.6757,-0.69852,-0.2339,-0.028004,-59.982,28.17,-2.4381
0.6756,-0.6986,-0.23397,-0.028119,-59.978,28.16,-2.4316
0.67549,-0.69867,-0.23403,-0.028234,-59.973,28.151,-2.425
0.67538,-0.69875,-0.2341,-0.028349,-59.968,28.141,-2.4185
0.67528,-0.69882,-0.23417,-0.028465,-59.963,28.131,-2.4119
0.67517,-0.6989,-0.23424,-0.02858,-59.958,28.121,-2.4053
0.67507,-0.69897,-0.23431,-0.028695,-59.951,28.111,-2.3988
0.67496,-0.69905,-0.23438,-0.02881,-59.945,28.101,-2.3922
0.67485,-0.69912,-0.23445,-0.028925,-59.938,28.092,-2.3856
0.67475,-0.6992,-0.23452,-0.02904,-59.931,28.082,-2.379
0.67464,-0.69927,-0.23459,-0.029156,-59.923,28.072,-2.3724
0.67453,-0.69935,-0.23466,-0.029271,-59.915,28.062,-2.3658
0.67443,-0.69942,-0.23473,-0.029386,-59.907,28.052,-2.3592
0.67432,-0.6995,-0.2348,-0.029501,-59.898,28.043,-2.3526
0.67421,-0.69957,-0.23486,-0.029616,-59.888,28.033,-2.3459
0.67411,-0.69965,-0.23493,-0.029731,-59.879,28.023,-2.3393
0.674,-0.69972,-0.235,-0.029847,-59.869,28.013,-2.3327
0.67389,-0.69979,-0.23507,-0.029962,-59.858,28.003,-2.326
0.67379,-0.69987,-0.23514,-0.030077,-59.847,27.994,-2.3194
0.67368,-0.69994,-0.23521,-0.030192,-59.836,27.984,-2.3128
0.67357,-0.70002,-0.23528,-0.030307,-59.824,27.974,-2.3061
0.67347,-0.70009,-0.23535,-0.030422,-59.812,27.964,-2.2994
0.67336,-0.70017,-0.23542,-0.030538,-59.8,27.954,-2.2928
0.67325,-0.70024,-0.23549,-0.030653,-59.787,27.945,-2.2861
0.67314,-0.70032,-0.23556,-0.030768,-59.773,27.935,-2.2794
0.67304,-0.70039,-0.23562,-0.030883,-59.76,27.925,-2.2728
0.67293,-0.70047,-0.23569,-0.030998,-59.746,27.915,-2.2661
0.67282,-0.70054,-0.23576,-0.031113,-59.731,27.905,-2.2594
0.67272,-0.70061,-0.23583,-0.031228,-59.716,27.896,-2.2527
0.67261,-0.70069,-0.2359,-0.031344,-59.701,27.886,-2.246
0.6725,-0.70076,-0.23597,-0.031459,-59.685,27.876,-2.2393
0.6724,-0.70084,-0.23604,-0.031574,-59.669,27.866,-2.2326
0.67229,-0.70091,-0.23611,-0.031689,-59.653,27.857,-2.2259
0.67218,-0.70099,-0.23618,-0.031804,-59.636,27.847,-2.2192
0.67207,-0.70106,-0.23625,-0.031919,-59.618,27.837,-2.2124
0.67197,-0.70113,-0.23631,-0.032034,-59.601,27.827,-2.2057
0.67186,-0.70121,-0.23638,-0.03215,-59.583,27.818,-2.199
0.67175,-0.70128,-0.23645,-0.032265,-59.564,27.808,-2.1922
0.67165,-0.70136,-0.23652,-0.03238,-59.545,27.798,-2.1855
0.67154,-0.70143,-0.23659,-0.032495,-59.526,27.788,-2.1787
0.67143,-0.7015,-0.23666,-0.03261,-59.506,27.779,-2.172
0.67132,-0.70158,-0.23673,-0.032725,-59.486,27.769,-2.1652
0.67122,-0.70165,-0.2368,-0.03284,-59.466,27.759,-2.1585
0.67111,-0.70173,-0.23687,-0.032955,-59.445,27.749,-2.1517
0.671,-0.7018,-0.23693,-0.033071,-59.424,27.74,-2.1449
0.67089,-0.70187,-0.237,-0.033186,-59.402,27.73,-2.1382
0.67079,-0.70195,-0.23707,-0.033301,-59.38,27.72,-2.1314
0.67068,-0.70202,-0.23714,-0.033416,-59.357,27.71,-2.1246
0.67057,-0.7021,-0.23721,-0.033531,-59.335,27.701,-2.1178
0.67046,-0.70217,-0.23728,-0.033646,-59.311,27.691,-2.111
0.67036,-0.70224,-0.23735,-0.033761,-59.288,27.681,-2.1042
0.67025,-0.70232,-0.23742,-0.033876,-59.264,27.671,-2.0974
0.67014,-0.70239,-0.23748,-0.033992,-59.239,27.662,-2.0906
0.67003,-0.70247,-0.23755,-0.034107,-59.215,27.652,-2.0838
0.66993,-0.70254,-0.23762,-0.034222,-59.189,27.642,-2.0769
0.66982,-0.70261,-0.23769,-0.034337,-59.164,27.633,-2.0701
0.66971,-0.70269,-0.23776,-0.034452,-59.138,27.623,-2.0633
0.6696,-0.70276,-0.23783,-0.034567,-59.112,27.613,-2.0565
0.6695,-0.70283,-0.2379,-0.034682,-59.085,27.603,-2.0496
0.66939,-0.70291,-0.23797,-0.034797,-59.058,27.594,-2.0428
0.66928,-0.70298,-0.23803,-0.034912,-59.03,27.584,-2.0359
0.66917,-0.70306,-0.2381,-0.035028,-59.002,27.574,-2.0291
0.66907,-0.70313,-0.23817,-0.035143,-58.974,27.565,-2.0222
0.66896,-0.7032,-0.23824,-0.035258,-58.945,27.555,-2.0154
0.66885,-0.70328,-0.23831,-0.035373,-58.916,27.545,-2.0085
0.66874,-0.70335,-0.23838,-0.035488,-58.887,27.535,-2.0016
0.66863,-0.70342,-0.23845,-0.035603,-58.857,27.526,-1.9947
0.66853,-0.7035,-0.23852,-0.035718,-58.827,27.516,-1.9879
0.66842,-0.70357,-0.23858,-0.035833,-58.796,27.506,-1.981
0.66831,-0.70364,-0.23865,-0.035948,-58.766,27.497,-1.9741
0.6682,-0.70372,-0.23872,-0.036063,-58.734,27.487,-1.9672
0.66809,-0.70379,-0.23879,-0.036179,-58.703,27.477,-1.9603
0.66799,-0.70386,-0.23886,-0.036294,-58.67,27.468,-1.9534
0.66788,-0.70394,-0.23893,-0.036409,-58.638,27.458,-1.9465
0.66777,-0.70401,-0.239,-0.036524,-58.605,27.448,-1.9396
0.66766,-0.70408,-0.23907,-0.036639,-58.572,27.439,-1.9327
0.66755,-0.70416,-0.23913,-0.036754,-58.538,27.429,-1.9258
0.66745,-0.70423,-0.2392,-0.036869,-58.504,27.419,-1.9188
0.66734,-0.7043,-0.23927,-0.036984,-58.47,27.41,-1.9119
0.66723,-0.70438,-0.23934,-0.037099,-58.435,27.4,-1.905
0.66712,-0.70445,-0.23941,-0.037214,-58.4,27.39,-1.898
0.66701,-0.70452,-0.23948,-0.037329,-58.365,27.381,-1.8911
0.66691,-0.70459,-0.23955,-0.037445,-58.329,27.371,-1.8841
0.6668,-0.70467,-0.23961,-0.03756,-58.293,27.361,-1.8772
0.66669,-0.70474,-0.23968,-0.037675,-58.256,27.352,-1.8702
0.66658,-0.70481,-0.23975,-0.03779,-58.219,27.342,-1.8633
0.66647,-0.70489,-0.23982,-0.037905,-58.182,27.333,-1.8563
0.66636,-0.70496,-0.23989,-0.03802,-58.144,27.323,-1.8494
0.66626,-0.70503,-0.23996,-0.038135,-58.106,27.313,-1.8424
0.66615,-0.70511,-0.24002,-0.03825,-58.068,27.304,-1.8354
0.66604,-0.70518,-0.24009,-0.038365,-58.029,27.294,-1.8284
0.66593,-0.70525,-0.24016,-0.03848,-57.99,27.284,-1.8215
0.66582,-0.70532,-0.24023,-0.038595,-57.95,27.275,-1.8145
0.66571,-0.7054,-0.2403,-0.03871,-57.911,27.265,-1.8075
0.6656,-0.70547,-0.24037,-0.038825,-57.87,27.255,-1.8005
0.6655,-0.70554,-0.24044,-0.03894,-57.83,27.246,-1.7935
0.66539,-0.70562,-0.2405,-0.039056,-57.789,27.236,-1.7865
0.66528,-0.70569,-0.24057,-0.039171,-57.747,27.227,-1.7795
0.66517,-0.70576,-0.24064,-0.039286,-57.706,27.217,-1.7725
0.66506,-0.70583,-0.24071,-0.039401,-57.664,27.207,-1.7654
0.66495,-0.70591,-0.24078,-0.039516,-57.621,27.198,-1.7584
0.66484,-0.70598,-0.24085,-0.039631,-57.579,27.188,-1.7514
0.66474,-0.70605,-0.24091,-0.039746,-57.535,27.179,-1.7444
0.66463,-0.70612,-0.24098,-0.039861,-57.492,27.169,-1.7373
0.66452,-0.7062,-0.24105,-0.039976,-57.448,27.159,-1.7303
0.66441,-0.70627,-0.24112,-0.040091,-57.404,27.15,-1.7233
0.6643,-0.70634,-0.24119,-0.040206,-57.36,27.14,-1.7162
0.66419,-0.70641,-0.24126,-0.040321,-57.315,27.131,-1.7092
0.66408,-0.70649,-0.24132,-0.040436,-57.269,27.121,-1.7021
0.66397,-0.70656,-0.24139,-0.040551,-57.224,27.112,-1.6951
0.66386,-0.70663,-0.24146,-0.040666,-57.178,27.102,-1.688
0.66376,-0.7067,-0.24153,-0.040781,-57.132,27.092,-1.681
0.66365,-0.70678,-0.2416,-0.040896,-57.085,27.083,-1.6739
0.66354,-0.70685,-0.24167,-0.041011,-57.038,27.073,-1.6668
0.66343,-0.70692,-0.24173,-0.041126,-56.991,27.064,-1.6598
0.66332,-0.70699,-0.2418,-0.041241,-56.943,27.054,-1.6527
0.66321,-0.70706,-0.24187,-0.041356,-56.895,27.045,-1.6456
0.6631,-0.70714,-0.24194,-0.041471,-56.847,27.035,-1.6385
0.66299,-0.70721,-0.24201,-0.041587,-56.798,27.026,-1.6314
0.66288,-0.70728,-0.24208,-0.041702,-56.749,27.016,-1.6243
0.66277,-0.70735,-0.24214,-0.041817,-56.7,27.006,-1.6172
0.66267,-0.70742,-0.24221,-0.041932,-56.65,26.997,-1.6101
0.66256,-0.7075,-0.24228,-0.042047,-56.6,26.987,-1.603
0.66245,-0.70757,-0.24235,-0.042162,-56.55,26.978,-1.5959
0.66234,-0.70764,-0.24242,-0.042277,-56.499,26.968,-1.5888
0.66223,-0.70771,-0.24248,-0.042392,-56.448,26.959,-1.5817
0.66212,-0.70779,-0.24255,-0.042507,-56.397,26.949,-1.5746
0.66201,-0.70786,-0.24262,-0.042622,-56.345,26.94,-1.5675
0.6619,-0.70793,-0.24269,-0.042737,-56.293,26.93,-1.5603
0.66179,-0.708,-0.24276,-0.042852,-56.24,26.921,-1.5532
0.66168,-0.70807,-0.24283,-0.042967,-56.188,26.911,-1.5461
0.66157,-0.70814,-0.24289,-0.043082,-56.135,26.902,-1.539
0.66146,-0.70822,-0.24296,-0.043197,-56.081,26.892,-1.5318
0.66135,-0.70829,-0.24303,-0.043312,-56.028,26.883,-1.5247
0.66124,-0.70836,-0.2431,-0.043427,-55.974,26.873,-1.5175
0.66113,-0.70843,-0.24317,-0.043542,-55.919,26.864,-1.5104
0.66102,-0.7085,-0.24323,-0.043657,-55.865,26.854,-1.5032
0.66092,-0.70858,-0.2433,-0.043772,-55.81,26.845,-1.4961
0.66081,-0.70865,-0.24337,-0.043887,-55.755,26.835,-1.4889
0.6607,-0.70872,-0.24344,-0.044002,-55.699,26.826,-1.4818
0.66059,-0.70879,-0.24351,-0.044117,-55.643,26.816,-1.4746
0.66048,-0.70886,-0.24357,-0.044232,-55.587,26.807,-1.4674
0.66037,-0.70893,-0.24364,-0.044347,-55.53,26.797,-1.4603
0.66026,-0.709,-0.24371,-0.044462,-55.473,26.788,-1.4531
0.66015,-0.70908,-0.24378,-0.044577,-55.416,26.778,-1.4459
0.66004,-0.70915,-0.24385,-0.044692,-55.359,26.769,-1.4387
0.65993,-0.70922,-0.24392,-0.044807,-55.301,26.759,-1.4315
0.65982,-0.70929,-0.24398,-0.044922,-55.243,26.75,-1.4243
0.65971,-0.70936,-0.24405,-0.045037,-55.184,26.74,-1.4172
0.6596,-0.70943,-0.24412,-0.045152,-55.126,26.731,-1.41
0.65949,-0.70951,-0.24419,-0.045267,-55.067,26.722,-1.4028
0.65938,-0.70958,-0.24426,-0.045382,-55.007,26.712,-1.3956
0.65927,-0.70965,-0.24432,-0.045497,-54.948,26.703,-1.3884
0.65916,-0.70972,-0.24439,-0.045612,-54.888,26.693,-1.3812
0.65905,-0.70979,-0.24446,-0.045727,-54.827,26.684,-1.3739
0.65894,-0.70986,-0.24453,-0.045842,-54.767,26.674,-1.3667
0.65883,-0.70993,-0.24459,-0.045957,-54.706,26.665,-1.3595
0.65872,-0.71,-0.24466,-0.046072,-54.645,26.656,-1.3523
0.65861,-0.71008,-0.24473,-0.046187,-54.583,26.646,-1.3451
0.6585,-0.71015,-0.2448,-0.046301,-54.522,26.637,-1.3379
0.65839,-0.71022,-0.24487,-0.046416,-54.46,26.627,-1.3306
0.65828,-0.71029,-0.24493,-0.046531,-54.397,26.618,-1.3234
0.65817,-0.71036,-0.245,-0.046646,-54.335,26.608,-1.3162
0.65806,-0.71043,-0.24507,-0.046761,-54.272,26.599,-1.3089
0.65795,-0.7105,-0.24514,-0.046876,-54.209,26.59,-1.3017
0.65784,-0.71057,-0.24521,-0.046991,-54.145,26.58,-1.2944
0.65773,-0.71064,-0.24527,-0.047106,-54.081,26.571,-1.2872
0.65762,-0.71071,-0.24534,-0.047221,-54.017,26.561,-1.2799
0.65751,-0.71079,-0.24541,-0.047336,-53.953,26.552,-1.2727
0.6574,-0.71086,-0.24548,-0.047451,-53.888,26.543,-1.2654
0.65729,-0.71093,-0.24554,-0.047566,-53.823,26.533,-1.2582
0.65718,-0.711,-0.24561,-0.047681,-53.758,26.524,-1.2509
0.65707,-0.71107,-0.24568,-0.047796,-53.693,26.515,-1.2437
0.65696,-0.71114,-0.24575,-0.047911,-53.627,26.505,-1.2364
0.65685,-0.71121,-0.24582,-0.048026,-53.561,26.496,-1.2291
0.65674,-0.71128,-0.24588,-0.048141,-53.495,26.486,-1.2219
0.65663,-0.71135,-0.24595,-0.048256,-53.428,26.477,-1.2146
0.65652,-0.71142,-0.24602,-0.048371,-53.361,26.468,-1.2073
0.6564,-0.71149,-0.24609,-0.048486,-53.294,26.458,-1.2
0.65629,-0.71156,-0.24615,-0.0486,-53.227,26.449,-1.1927
0.65618,-0.71163,-0.24622,-0.048715,-53.159,26.44,-1.1855
0.65607,-0.71171,-0.24629,-0.04883,-53.091,26.43,-1.1782
0.65596,-0.71178,-0.24636,-0.048945,-53.023,26.421,-1.1709
0.65585,-0.71185,-0.24643,-0.04906,-52.955,26.412,-1.1636
0.65574,-0.71192,-0.24649,-0.049175,-52.886,26.402,-1.1563
0.65563,-0.71199,-0.24656,-0.04929,-52.817,26.393,-1.149
0.65552,-0.71206,-0.24663,-0.049405,-52.748,26.384,-1.1417
0.65541,-0.71213,-0.2467,-0.04952,-52.678,26.374,-1.1344
0.6553,-0.7122,-0.24676,-0.049635,-52.609,26.365,-1.1271
0.65519,-0.71227,-0.24683,-0.04975,-52.539,26.356,-1.1198
0.65508,-0.71234,-0.2469,-0.049865,-52.468,26.346,-1.1125
0.65497,-0.71241,-0.24697,-0.04998,-52.398,26.337,-1.1052
0.65486,-0.71248,-0.24703,-0.050094,-52.327,26.328,-1.0978
0.65474,-0.71255,-0.2471,-0.050209,-52.256,26.319,-1.0905
0.65463,-0.71262,-0.24717,-0.050324,-52.185,26.309,-1.0832
0.65452,-0.71269,-0.24724,-0.050439,-52.113,26.3,-1.0759
0.65441,-0.71276,-0.2473,-0.050554,-52.042,26.291,-1.0685
0.6543,-0.71283,-0.24737,-0.050669,-51.97,26.281,-1.0612
0.65419,-0.7129,-0.24744,-0.050784,-51.898,26.272,-1.0539
0.65408,-0.71297,-0.24751,-0.050899,-51.825,26.263,-1.0466
0.65397,-0.71304,-0.24758,-0.051014,-51.752,26.254,-1.0392
0.65386,-0.71311,-0.24764,-0.051129,-51.679,26.244,-1.0319
0.65375,-0.71318,-0.24771,-0.051244,-51.606,26.235,-1.0245
0.65364,-0.71325,-0.24778,-0.051358,-51.533,26.226,-1.0172
0.65352,-0.71332,-0.24785,-0.051473,-51.459,26.216,-1.0099
0.65341,-0.71339,-0.24791,-0.051588,-51.385,26.207,-1.0025
0.6533,-0.71346,-0.24798,-0.051703,-51.311,26.198,-0.99516
0.65319,-0.71353,-0.24805,-0.051818,-51.237,26.189,-0.98781
0.65308,-0.7136,-0.24812,-0.051933,-51.162,26.179,-0.98046
0.65297,-0.71367,-0.24818,-0.052048,-51.088,26.17,-0.9731
0.65286,-0.71374,-0.24825,-0.052163,-51.012,26.161,-0.96575
0.65275,-0.71381,-0.24832,-0.052277,-50.937,26.152,-0.95839
0.65263,-0.71388,-0.24838,-0.052392,-50.862,26.143,-0.95102
0.65252,-0.71395,-0.24845,-0.052507,-50.786,26.133,-0.94366
0.65241,-0.71402,-0.24852,-0.052622,-50.71,26.124,-0.93629
0.6523,-0.71409,-0.24859,-0.052737,-50.634,26.115,-0.92892
0.65219,-0.71416,-0.24865,-0.052852,-50.558,26.106,-0.92155
0.65208,-0.71423,-0.24872,-0.052967,-50.481,26.096,-0.91418
0.65197,-0.7143,-0.24879,-0.053082,-50.404,26.087,-0.90681
0.65186,-0.71437,-0.24886,-0.053196,-50.327,26.078,-0.89943
0.65174,-0.71444,-0.24892,-0.053311,-50.25,26.069,-0.89205
0.65163,-0.71451,-0.24899,-0.053426,-50.173,26.06,-0.88467
0.65152,-0.71458,-0.24906,-0.053541,-50.095,26.05,-0.87729
0.65141,-0.71465,-0.24913,-0.053656,-50.018,26.041,-0.8699
0.6513,-0.71472,-0.24919,-0.053771,-49.94,26.032,-0.86252
0.65119,-0.71479,-0.24926,-0.053886,-49.861,26.023,-0.85513
0.65107,-0.71486,-0.24933,-0.054,-49.783,26.014,-0.84774
0.65096,-0.71493,-0.2494,-0.054115,-49.704,26.005,-0.84035
0.65085,-0.715,-0.24946,-0.05423,-49.626,25.995,-0.83295
0.65074,-0.71507,-0.24953,-0.054345,-49.547,25.986,-0.82556
0.65063,-0.71513,-0.2496,-0.05446,-49.467,25.977,-0.81816
0.65052,-0.7152,-0.24966,-0.054575,-49.388,25.968,-0.81076
0.65041,-0.71527,-0.24973,-0.05469,-49.308,25.959,-0.80336
0.65029,-0.71534,-0.2498,-0.054804,-49.229,25.95,-0.79595
0.65018,-0.71541,-0.24987,-0.054919,-49.149,25.94,-0.78855
0.65007,-0.71548,-0.24993,-0.055034,-49.069,25.931,-0.78114
0.64996,-0.71555,-0.25,-0.055149,-48.988,25.922,-0.77373
0.64985,-0.71562,-0.25007,-0.055264,-48.908,25.913,-0.76632
0.64973,-0.71569,-0.25014,-0.055378,-48.827,25.904,-0.75891
0.64962,-0.71576,-0.2502,-0.055493,-48.746,25.895,-0.75149
0.64951,-0.71583,-0.25027,-0.055608,-48.665,25.886,-0.74408
0.6494,-0.7159,-0.25034,-0.055723,-48.584,25.877,-0.73666
0.64929,-0.71597,-0.2504,-0.055838,-48.503,25.868,-0.72924
0.64917,-0.71603,-0.25047,-0.055953,-48.421,25.858,-0.72182
0.64906,-0.7161,-0.25054,-0.056067,-48.339,25.849,-0.7144
0.64895,-0.71617,-0.25061,-0.056182,-48.258,25.84,-0.70698
0.64884,-0.71624,-0.25067,-0.056297,-48.176,25.831,-0.69955
0.64873,-0.71631,-0.25074,-0.056412,-48.093,25.822,-0.69212
0.64861,-0.71638,-0.25081,-0.056527,-48.011,25.813,-0.68469
0.6485,-0.71645,-0.25087,-0.056641,-47.928,25.804,-0.67726
0.64839,-0.71652,-0.25094,-0.056756,-47.846,25.795,-0.66983
0.64828,-0.71659,-0.25101,-0.056871,-47.763,25.786,-0.6624
0.64817,-0.71666,-0.25108,-0.056986,-47.68,25.777,-0.65497
0.64805,-0.71672,-0.25114,-0.057101,-47.597,25.768,-0.64753
0.64794,-0.71679,-0.25121,-0.057215,-47.513,25.759,-0.64009
0.64783,-0.71686,-0.25128,-0.05733,-47.43,25.749,-0.63265
0.64772,-0.71693,-0.25134,-0.057445,-47.346,25.74,-0.62521
0.6476,-0.717,-0.25141,-0.05756,-47.262,25.731,-0.61777
0.64749,-0.71707,-0.25148,-0.057675,-47.178,25.722,-0.61033
0.64738,-0.71714,-0.25155,-0.057789,-47.094,25.713,-0.60288
0.64727,-0.7172,-0.25161,-0.057904,-47.01,25.704,-0.59544
0.64716,-0.71727,-0.25168,-0.058019,-46.926,25.695,-0.58799
0.64704,-0.71734,-0.25175,-0.058134,-46.841,25.686,-0.58054
0.64693,-0.71741,-0.25181,-0.058249,-46.757,25.677,-0.57309
0.64682,-0.71748,-0.25188,-0.058363,-46.672,25.668,-0.56564
0.64671,-0.71755,-0.25195,-0.058478,-46.587,25.659,-0.55819
0.64659,-0.71762,-0.25201,-0.058593,-46.502,25.65,-0.55073
0.64648,-0.71768,-0.25208,-0.058708,-46.417,25.641,-0.54328
0.64637,-0.71775,-0.25215,-0.058822,-46.331,25.632,-0.53582
0.64626,-0.71782,-0.25221,-0.058937,-46.246,25.623,-0.52836
0.64614,-0.71789,-0.25228,-0.059052,-46.16,25.614,-0.52091
0.64603,-0.71796,-0.25235,-0.059167,-46.075,25.605,-0.51345
0.64592,-0.71803,-0.25242,-0.059281,-45.989,25.596,-0.50599
0.64581,-0.71809,-0.25248,-0.059396,-45.903,25.587,-0.49852
0.64569,-0.71816,-0.25255,-0.059511,-45.817,25.578,-0.49106
0.64558,-0.71823,-0.25262,-0.059626,-45.731,25.569,-0.4836
0.64547,-0.7183,-0.25268,-0.05974,-45.644,25.56,-0.47613
0.64535,-0.71837,-0.25275,-0.059855,-45.558,25.551,-0.46866
0.64524,-0.71844,-0.25282,-0.05997,-45.472,25.542,-0.4612
0.64513,-0.7185,-0.25288,-0.060085,-45.385,25.533,-0.45373
0.64502,-0.71857,-0.25295,-0.060199,-45.298,25.525,-0.44626
0.6449,-0.71864,-0.25302,-0.060314,-45.211,25.516,-0.43879
0.64479,-0.71871,-0.25308,-0.060429,-45.124,25.507,-0.43132
0.64468,-0.71878,-0.25315,-0.060544,-45.037,25.498,-0.42384
0.64456,-0.71884,-0.25322,-0.060658,-44.95,25.489,-0.41637
0.64445,-0.71891,-0.25328,-0.060773,-44.863,25.48,-0.4089
0.64434,-0.71898,-0.25335,-0.060888,-44.776,25.471,-0.40142
0.64423,-0.71905,-0.25342,-0.061003,-44.688,25.462,-0.39394
0.64411,-0.71912,-0.25349,-0.061117,-44.601,25.453,-0.38647
0.644,-0.71918,-0.25355,-0.061232,-44.513,25.444,-0.37899
0.64389,-0.71925,-0.25362,-0.061347,-44.425,25.435,-0.37151
0.64377,-0.71932,-0.25369,-0.061461,-44.337,25.426,-0.36403
0.64366,-0.71939,-0.25375,-0.061576,-44.25,25.418,-0.35655
0.64355,-0.71946,-0.25382,-0.061691,-44.162,25.409,-0.34907
0.64343,-0.71952,-0.25389,-0.061806,-44.074,25.4,-0.34159
0.64332,-0.71959,-0.25395,-0.06192,-43.985,25.391,-0.3341
0.64321,-0.71966,-0.25402,-0.062035,-43.897,25.382,-0.32662
0.6431,-0.71973,-0.25409,-0.06215,-43.809,25.373,-0.31914
0.64298,-0.71979,-0.25415,-0.062264,-43.72,25.364,-0.31165
0.64287,-0.71986,-0.25422,-0.062379,-43.632,25.355,-0.30417
0.64276,-0.71993,-0.25429,-0.062494,-43.543,25.347,-0.29668
0.64264,-0.72,-0.25435,-0.062609,-43.455,25.338,-0.28919
0.64253,-0.72006,-0.25442,-0.062723,-43.366,25.329,-0.2817
0.64242,-0.72013,-0.25449,-0.062838,-43.277,25.32,-0.27422
0.6423,-0.7202,-0.25455,-0.062953,-43.189,25.311,-0.26673
0.64219,-0.72027,-0.25462,-0.063067,-43.1,25.302,-0.25924
0.64208,-0.72033,-0.25469,-0.063182,-43.011,25.294,-0.25175
0.64196,-0.7204,-0.25475,-0.063297,-42.922,25.285,-0.24426
0.64185,-0.72047,-0.25482,-0.063411,-42.833,25.276,-0.23676
0.64174,-0.72054,-0.25489,-0.063526,-42.744,25.267,-0.22927
0.64162,-0.7206,-0.25495,-0.063641,-42.654,25.258,-0.22178
0.64151,-0.72067,-0.25502,-0.063755,-42.565,25.25,-0.21429
0.64139,-0.72074,-0.25509,-0.06387,-42.476,25.241,-0.20679
0.64128,-0.72081,-0.25515,-0.063985,-42.387,25.232,-0.1993
0.64117,-0.72087,-0.25522,-0.064099,-42.297,25.223,-0.19181
0.64105,-0.72094,-0.25528,-0.064214,-42.208,25.214,-0.18431
0.64094,-0.72101,-0.25535,-0.064329,-42.118,25.206,-0.17682
0.64083,-0.72108,-0.25542,-0.064443,-42.029,25.197,-0.16932
0.64071,-0.72114,-0.25548,-0.064558,-41.939,25.188,-0.16182
0.6406,-0.72121,-0.25555,-0.064673,-41.85,25.179,-0.15433
0.64049,-0.72128,-0.25562,-0.064787,-41.76,25.171,-0.14683
0.64037,-0.72134,-0.25568,-0.064902,-41.67,25.162,-0.13934
0.64026,-0.72141,-0.25575,-0.065017,-41.581,25.153,-0.13184
0.64014,-0.72148,-0.25582,-0.065131,-41.491,25.144,-0.12434
0.64003,-0.72155,-0.25588,-0.065246,-41.401,25.136,-0.11684
0.63992,-0.72161,-0.25595,-0.065361,-41.311,25.127,-0.10934
0.6398,-0.72168,-0.25602,-0.065475,-41.221,25.118,-0.10185
0.63969,-0.72175,-0.25608,-0.06559,-41.132,25.109,-0.094347
0.63958,-0.72181,-0.25615,-0.065705,-41.042,25.101,-0.086849
0.63946,-0.72188,-0.25622,-0.065819,-40.952,25.092,-0.07935
0.63935,-0.72195,-0.25628,-0.065934,-40.862,25.083,-0.071851
0.63923,-0.72201,-0.25635,-0.066048,-40.772,25.074,-0.064351
0.63912,-0.72208,-0.25641,-0.066163,-40.682,25.066,-0.056852
0.63901,-0.72215,-0.25648,-0.066278,-40.592,25.057,-0.049352
0.63889,-0.72221,-0.25655,-0.066392,-40.502,25.048,-0.041853
0.63878,-0.72228,-0.25661,-0.066507,-40.412,25.04,-0.034353
0.63866,-0.72235,-0.25668,-0.066622,-40.322,25.031,-0.026853
0.63855,-0.72241,-0.25675,-0.066736,-40.232,25.022,-0.019353
0.63844,-0.72248,-0.25681,-0.066851,-40.142,25.014,-0.011853
0.63832,-0.72255,-0.25688,-0.066965,-40.052,25.005,-0.0043531
0.63821,-0.72261,-0.25695,-0.06708,-39.962,24.996,0.0031469
0.63809,-0.72268,-0.25701,-0.067195,-39.872,24.988,0.010647
0.63798,-0.72275,-0.25708,-0.067309,-39.782,24.979,0.018147
0.63786,-0.72281,-0.25714,-0.067424,-39.692,24.97,0.025647
0.63775,-0.72288,-0.25721,-0.067538,-39.602,24.962,0.033147
0.63764,-0.72295,-0.25728,-0.067653,-39.512,24.953,0.040646
0.63752,-0.72301,-0.25734,-0.067768,-39.422,24.945,0.048146
0.63741,-0.72308,-0.25741,-0.067882,-39.332,24.936,0.055646
0.63729,-0.72315,-0.25748,-0.067997,-39.242,24.927,0.063145
0.63718,-0.72321,-0.25754,-0.068111,-39.152,24.919,0.070645
0.63706,-0.72328,-0.25761,-0.068226,-39.063,24.91,0.078144
0.63695,-0.72335,-0.25767,-0.068341,-38.973,24.901,0.085643
0.63684,-0.72341,-0.25774,-0.068455,-38.883,24.893,0.093142
0.63672,-0.72348,-0.25781,-0.06857,-38.793,24.884,0.10064
0.63661,-0.72354,-0.25787,-0.068684,-38.703,24.876,0.10814
0.63649,-0.72361,-0.25794,-0.068799,-38.613,24.867,0.11564
0.63638,-0.72368,-0.25801,-0.068913,-38.524,24.858,0.12313
0.63626,-0.72374,-0.25807,-0.069028,-38.434,24.85,0.13063
0.63615,-0.72381,-0.25814,-0.069143,-38.344,24.841,0.13813
0.63603,-0.72387,-0.2582,-0.069257,-38.254,24.833,0.14563
0.63592,-0.72394,-0.25827,-0.069372,-38.165,24.824,0.15312
0.6358,-0.72401,-0.25834,-0.069486,-38.075,24.816,0.16062
0.63569,-0.72407,-0.2584,-0.069601,-37.986,24.807,0.16812
0.63558,-0.72414,-0.25847,-0.069715,-37.896,24.799,0.17561
0.63546,-0.72421,-0.25853,-0.06983,-37.807,24.79,0.18311
0.63535,-0.72427,-0.2586,-0.069944,-37.717,24.781,0.1906
0.63523,-0.72434,-0.25867,-0.070059,-37.628,24.773,0.1981
0.63512,-0.7244,-0.25873,-0.070174,-37.538,24.764,0.20559
0.635,-0.72447,-0.2588,-0.070288,-37.449,24.756,0.21308
0.63489,-0.72453,-0.25886,-0.070403,-37.36,24.747,0.22058
0.63477,-0.7246,-0.25893,-0.070517,-37.271,24.739,0.22807
0.63466,-0.72467,-0.259,-0.070632,-37.182,24.73,0.23556
0.63454,-0.72473,-0.25906,-0.070746,-37.093,24.722,0.24305
0.63443,-0.7248,-0.25913,-0.070861,-37.004,24.713,0.25054
0.63431,-0.72486,-0.25919,-0.070975,-36.915,24.705,0.25803
0.6342,-0.72493,-0.25926,-0.07109,-36.826,24.696,0.26552
0.63408,-0.725,-0.25933,-0.071204,-36.737,24.688,0.27301
0.63397,-0.72506,-0.25939,-0.071319,-36.648,24.68,0.2805
0.63385,-0.72513,-0.25946,-0.071433,-36.559,24.671,0.28799
0.63374,-0.72519,-0.25952,-0.071548,-36.471,24.663,0.29547
0.63362,-0.72526,-0.25959,-0.071662,-36.382,24.654,0.30296
0.63351,-0.72532,-0.25966,-0.071777,-36.294,24.646,0.31045
0.63339,-0.72539,-0.25972,-0.071891,-36.205,24.637,0.31793
0.63328,-0.72545,-0.25979,-0.072006,-36.117,24.629,0.32542
0.63316,-0.72552,-0.25985,-0.07212,-36.029,24.62,0.3329
0.63305,-0.72559,-0.25992,-0.072235,-35.941,24.612,0.34038
0.63293,-0.72565,-0.25999,-0.072349,-35.853,24.604,0.34787
0.63282,-0.72572,-0.26005,-0.072464,-35.765,24.595,0.35535
0.6327,-0.72578,-0.26012,-0.072578,-35.677,24.587,0.36283
0.63259,-0.72585,-0.26018,-0.072693,-35.589,24.578,0.37031
0.63247,-0.72591,-0.26025,-0.072807,-35.501,24.57,0.37779
0.63236,-0.72598,-0.26032,-0.072922,-35.413,24.561,0.38526
0.63224,-0.72604,-0.26038,-0.073036,-35.326,24.553,0.39274
0.63213,-0.72611,-0.26045,-0.073151,-35.238,24.545,0.40022
0.63201,-0.72617,-0.26051,-0.073265,-35.151,24.536,0.40769
0.63189,-0.72624,-0.26058,-0.07338,-35.064,24.528,0.41517
0.63178,-0.7263,-0.26064,-0.073494,-34.977,24.52,0.42264
0.63166,-0.72637,-0.26071,-0.073609,-34.89,24.511,0.43011
0.63155,-0.72643,-0.26078,-0.073723,-34.803,24.503,0.43759
0.63143,-0.7265,-0.26084,-0.073838,-34.716,24.495,0.44506
0.63132,-0.72656,-0.26091,-0.073952,-34.629,24.486,0.45253
0.6312,-0.72663,-0.26097,-0.074067,-34.542,24.478,0.46
0.63109,-0.72669,-0.26104,-0.074181,-34.456,24.47,0.46746
0.63097,-0.72676,-0.2611,-0.074295,-34.369,24.461,0.47493
0.63086,-0.72682,-0.26117,-0.07441,-34.283,24.453,0.4824
0.63074,-0.72689,-0.26124,-0.074524,-34.197,24.445,0.48986
0.63062,-0.72695,-0.2613,-0.074639,-34.111,24.436,0.49732
0.63051,-0.72702,-0.26137,-0.074753,-34.025,24.428,0.50479
0.63039,-0.72708,-0.26143,-0.074868,-33.939,24.42,0.51225
0.63028,-0.72715,-0.2615,-0.074982,-33.853,24.411,0.51971
0.63016,-0.72721,-0.26156,-0.075097,-33.768,24.403,0.52717
0.63005,-0.72728,-0.26163,-0.075211,-33.682,24.395,0.53462
0.62993,-0.72734,-0.2617,-0.075325,-33.597,24.386,0.54208
0.62981,-0.72741,-0.26176,-0.07544,-33.512,24.378,0.54953
0.6297,-0.72747,-0.26183,-0.075554,-33.427,24.37,0.55699
0.62958,-0.72754,-0.26189,-0.075669,-33.342,24.362,0.56444
0.62947,-0.7276,-0.26196,-0.075783,-33.257,24.353,0.57189
0.62935,-0.72767,-0.26202,-0.075898,-33.172,24.345,0.57934
0.62924,-0.72773,-0.26209,-0.076012,-33.088,24.337,0.58679
0.62912,-0.7278,-0.26216,-0.076126,-33.003,24.329,0.59424
0.629,-0.72786,-0.26222,-0.076241,-32.919,24.32,0.60169
0.62889,-0.72793,-0.26229,-0.076355,-32.835,24.312,0.60913
0.62877,-0.72799,-0.26235,-0.07647,-32.751,24.304,0.61657
0.62866,-0.72805,-0.26242,-0.076584,-32.667,24.296,0.62402
0.62854,-0.72812,-0.26248,-0.076698,-32.584,24.288,0.63146
0.62842,-0.72818,-0.26255,-0.076813,-32.5,24.279,0.6389
0.62831,-0.72825,-0.26261,-0.076927,-32.417,24.271,0.64633
0.62819,-0.72831,-0.26268,-0.077042,-32.334,24.263,0.65377
0.62808,-0.72838,-0.26275,-0.077156,-32.251,24.255,0.6612
0.62796,-0.72844,-0.26281,-0.07727,-32.168,24.247,0.66864
0.62784,-0.72851,-0.26288,-0.077385,-32.085,24.238,0.67607
0.62773,-0.72857,-0.26294,-0.077499,-32.002,24.23,0.6835
0.62761,-0.72863,-0.26301,-0.077613,-31.92,24.222,0.69093
0.62749,-0.7287,-0.26307,-0.077728,-31.838,24.214,0.69836
0.62738,-0.72876,-0.26314,-0.077842,-31.756,24.206,0.70578
0.62726,-0.72883,-0.2632,-0.077957,-31.674,24.198,0.71321
0.62715,-0.72889,-0.26327,-0.078071,-31.592,24.189,0.72063
0.62703,-0.72896,-0.26333,-0.078185,-31.51,24.181,0.72805
0.62691,-0.72902,-0.2634,-0.0783,-31.429,24.173,0.73547
0.6268,-0.72908,-0.26347,-0.078414,-31.348,24.165,0.74289
0.62668,-0.72915,-0.26353,-0.078528,-31.267,24.157,0.7503
0.62656,-0.72921,-0.2636,-0.078643,-31.186,24.149,0.75772
0.62645,-0.72928,-0.26366,-0.078757,-31.105,24.141,0.76513
0.62633,-0.72934,-0.26373,-0.078871,-31.025,24.133,0.77254
0.62621,-0.7294,-0.26379,-0.078986,-30.944,24.125,0.77995
0.6261,-0.72947,-0.26386,-0.0791,-30.864,24.116,0.78736
0.62598,-0.72953,-0.26392,-0.079214,-30.784,24.108,0.79476
0.62587,-0.7296,-0.26399,-0.079329,-30.704,24.1,0.80217
0.62575,-0.72966,-0.26405,-0.079443,-30.625,24.092,0.80957
0.62563,-0.72972,-0.26412,-0.079557,-30.545,24.084,0.81697
0.62552,-0.72979,-0.26418,-0.079672,-30.466,24.076,0.82437
0.6254,-0.72985,-0.26425,-0.079786,-30.387,24.068,0.83176
0.62528,-0.72991,-0.26431,-0.0799,-30.308,24.06,0.83916
0.62517,-0.72998,-0.26438,-0.080015,-30.23,24.052,0.84655
0.62505,-0.73004,-0.26445,-0.080129,-30.151,24.044,0.85394
0.62493,-0.73011,-0.26451,-0.080243,-30.073,24.036,0.86133
0.62482,-0.73017,-0.26458,-0.080358,-29.995,24.028,0.86872
0.6247,-0.73023,-0.26464,-0.080472,-29.917,24.02,0.8761
0.62458,-0.7303,-0.26471,-0.080586,-29.84,24.012,0.88348
0.62447,-0.73036,-0.26477,-0.080701,-29.762,24.004,0.89086
0.62435,-0.73042,-0.26484,-0.080815,-29.685,23.996,0.89824
0.62423,-0.73049,-0.2649,-0.080929,-29.608,23.988,0.90562
0.62411,-0.73055,-0.26497,-0.081043,-29.531,23.98,0.913
0.624,-0.73061,-0.26503,-0.081158,-29.455,23.972,0.92037
0.62388,-0.73068,-0.2651,-0.081272,-29.378,23.964,0.92774
0.62376,-0.73074,-0.26516,-0.081386,-29.302,23.956,0.93511
0.62365,-0.7308,-0.26523,-0.081501,-29.226,23.948,0.94247
0.62353,-0.73087,-0.26529,-0.081615,-29.15,23.94,0.94984
0.62341,-0.73093,-0.26536,-0.081729,-29.075,23.932,0.9572
0.6233,-0.73099,-0.26542,-0.081843,-29,23.924,0.96456
0.62318,-0.73106,-0.26549,-0.081958,-28.925,23.916,0.97192
0.62306,-0.73112,-0.26555,-0.082072,-28.85,23.908,0.97928
0.62295,-0.73118,-0.26562,-0.082186,-28.775,23.9,0.98663
0.62283,-0.73125,-0.26568,-0.082301,-28.701,23.892,0.99398
0.62271,-0.73131,-0.26575,-0.082415,-28.627,23.884,1.0013
0.62259,-0.73137,-0.26581,-0.082529,-28.553,23.877,1.0087
0.62248,-0.73144,-0.26588,-0.082643,-28.479,23.869,1.016
0.62236,-0.7315,-0.26594,-0.082758,-28.406,23.861,1.0234
0.62224,-0.73156,-0.26601,-0.082872,-28.332,23.853,1.0307
0.62213,-0.73163,-0.26607,-0.082986,-28.259,23.845,1.038
0.62201,-0.73169,-0.26614,-0.0831,-28.187,23.837,1.0454
0.62189,-0.73175,-0.2662,-0.083215,-28.114,23.829,1.0527
0.62177,-0.73182,-0.26627,-0.083329,-28.042,23.821,1.06
0.62166,-0.73188,-0.26633,-0.083443,-27.97,23.814,1.0674
0.62154,-0.73194,-0.2664,-0.083557,-27.898,23.806,1.0747
0.62142,-0.732,-0.26646,-0.083671,-27.827,23.798,1.082
0.6213,-0.73207,-0.26653,-0.083786,-27.755,23.79,1.0893
0.62119,-0.73213,-0.26659,-0.0839,-27.684,23.782,1.0967
0.62107,-0.73219,-0.26666,-0.084014,-27.613,23.774,1.104
0.62095,-0.73226,-0.26672,-0.084128,-27.543,23.767,1.1113
0.62083,-0.73232,-0.26679,-0.084243,-27.473,23.759,1.1186
0.62072,-0.73238,-0.26685,-0.084357,-27.403,23.751,1.1259
0.6206,-0.73244,-0.26692,-0.084471,-27.333,23.743,1.1332
0.62048,-0.73251,-0.26698,-0.084585,-27.263,23.735,1.1405
0.62036,-0.73257,-0.26705,-0.084699,-27.194,23.727,1.1478
0.62025,-0.73263,-0.26711,-0.084814,-27.125,23.72,1.1551
0.62013,-0.7327,-0.26718,-0.084928,-27.056,23.712,1.1624
0.62001,-0.73276,-0.26724,-0.085042,-26.988,23.704,1.1697
0.61989,-0.73282,-0.26731,-0.085156,-26.92,23.696,1.177
0.61978,-0.73288,-0.26737,-0.08527,-26.852,23.689,1.1843
0.61966,-0.73295,-0.26744,-0.085384,-26.784,23.681,1.1916
0.61954,-0.73301,-0.2675,-0.085499,-26.717,23.673,1.1989
0.61942,-0.73307,-0.26757,-0.085613,-26.649,23.665,1.2061
0.61931,-0.73313,-0.26763,-0.085727,-26.582,23.658,1.2134
0.61919,-0.7332,-0.2677,-0.085841,-26.516,23.65,1.2207
0.61907,-0.73326,-0.26776,-0.085955,-26.45,23.642,1.228
0.61895,-0.73332,-0.26783,-0.08607,-26.384,23.634,1.2352
0.61883,-0.73338,-0.26789,-0.086184,-26.318,23.627,1.2425
0.61872,-0.73345,-0.26796,-0.086298,-26.252,23.619,1.2498
0.6186,-0.73351,-0.26802,-0.086412,-26.187,23.611,1.257
0.61848,-0.73357,-0.26809,-0.086526,-26.122,23.604,1.2643
0.61836,-0.73363,-0.26815,-0.08664,-26.057,23.596,1.2715
0.61825,-0.73369,-0.26822,-0.086754,-25.993,23.588,1.2788
0.61813,-0.73376,-0.26828,-0.086869,-25.929,23.581,1.286
0.61801,-0.73382,-0.26834,-0.086983,-25.865,23.573,1.2933
0.61789,-0.73388,-0.26841,-0.087097,-25.802,23.565,1.3005
0.61777,-0.73394,-0.26847,-0.087211,-25.738,23.558,1.3078
0.61766,-0.734,-0.26854,-0.087325,-25.675,23.55,1.315
0.61754,-0.73407,-0.2686,-0.087439,-25.613,23.542,1.3222
0.61742,-0.73413,-0.26867,-0.087553,-25.55,23.535,1.3295
0.6173,-0.73419,-0.26873,-0.087668,-25.488,23.527,1.3367
0.61718,-0.73425,-0.2688,-0.087782,-25.426,23.52,1.3439
0.61706,-0.73432,-0.26886,-0.087896,-25.365,23.512,1.3511
0.61695,-0.73438,-0.26893,-0.08801,-25.304,23.504,1.3584
0.61683,-0.73444,-0.26899,-0.088124,-25.243,23.497,1.3656
0.61671,-0.7345,-0.26906,-0.088238,-25.182,23.489,1.3728
0.61659,-0.73456,-0.26912,-0.088352,-25.122,23.482,1.38
0.61647,-0.73462,-0.26919,-0.088466,-25.062,23.474,1.3872
0.61636,-0.73469,-0.26925,-0.08858,-25.002,23.466,1.3944
0.61624,-0.73475,-0.26931,-0.088694,-24.943,23.459,1.4016
0.61612,-0.73481,-0.26938,-0.088809,-24.884,23.451,1.4088
0.616,-0.73487,-0.26944,-0.088923,-24.825,23.444,1.416
0.61588,-0.73493,-0.26951,-0.089037,-24.767,23.436,1.4232
0.61576,-0.735,-0.26957,-0.089151,-24.708,23.429,1.4304
0.61565,-0.73506,-0.26964,-0.089265,-24.651,23.421,1.4376
0.61553,-0.73512,-0.2697,-0.089379,-24.593,23.414,1.4447
0.61541,-0.73518,-0.26977,-0.089493,-24.536,23.406,1.4519
0.61529,-0.73524,-0.26983,-0.089607,-24.479,23.399,1.4591
0.61517,-0.7353,-0.2699,-0.089721,-24.422,23.391,1.4663
0.61505,-0.73536,-0.26996,-0.089835,-24.366,23.383,1.4734
0.61493,-0.73543,-0.27002,-0.089949,-24.31,23.376,1.4806
0.61482,-0.73549,-0.27009,-0.090063,-24.254,23.369,1.4878
0.6147,-0.73555,-0.27015,-0.090177,-24.199,23.361,1.4949
0.61458,-0.73561,-0.27022,-0.090291,-24.144,23.354,1.5021
0.61446,-0.73567,-0.27028,-0.090406,-24.089,23.346,1.5092
0.61434,-0.73573,-0.27035,-0.09052,-24.035,23.339,1.5164
0.61422,-0.73579,-0.27041,-0.090634,-23.981,23.331,1.5235
0.6141,-0.73586,-0.27048,-0.090748,-23.927,23.324,1.5307
0.61399,-0.73592,-0.27054,-0.090862,-23.874,23.316,1.5378
0.61387,-0.73598,-0.2706,-0.090976,-23.821,23.309,1.5449
0.61375,-0.73604,-0.27067,-0.09109,-23.768,23.301,1.5521
0.61363,-0.7361,-0.27073,-0.091204,-23.716,23.294,1.5592
0.61351,-0.73616,-0.2708,-0.091318,-23.663,23.287,1.5663
0.61339,-0.73622,-0.27086,-0.091432,-23.612,23.279,1.5734
0.61327,-0.73628,-0.27093,-0.091546,-23.56,23.272,1.5806
0.61315,-0.73635,-0.27099,-0.09166,-23.509,23.264,1.5877
0.61303,-0.73641,-0.27105,-0.091774,-23.458,23.257,1.5948
0.61292,-0.73647,-0.27112,-0.091888,-23.408,23.25,1.6019
0.6128,-0.73653,-0.27118,-0.092002,-23.358,23.242,1.609
0.61268,-0.73659,-0.27125,-0.092116,-23.308,23.235,1.6161
0.61256,-0.73665,-0.27131,-0.09223,-23.259,23.228,1.6232
0.61244,-0.73671,-0.27138,-0.092344,-23.21,23.22,1.6303
0.61232,-0.73677,-0.27144,-0.092458,-23.161,23.213,1.6374
0.6122,-0.73683,-0.2715,-0.092572,-23.113,23.205,1.6445
0.61208,-0.73689,-0.27157,-0.092686,-23.065,23.198,1.6515
0.61196,-0.73696,-0.27163,-0.0928,-23.017,23.191,1.6586
0.61184,-0.73702,-0.2717,-0.092914,-22.969,23.183,1.6657
0.61173,-0.73708,-0.27176,-0.093028,-22.922,23.176,1.6728
0.61161,-0.73714,-0.27183,-0.093142,-22.876,23.169,1.6798
0.61149,-0.7372,-0.27189,-0.093256,-22.829,23.162,1.6869
0.61137,-0.73726,-0.27195,-0.09337,-22.784,23.154,1.6939
0.61125,-0.73732,-0.27202,-0.093484,-22.738,23.147,1.701
0.61113,-0.73738,-0.27208,-0.093598,-22.693,23.14,1.708
0.61101,-0.73744,-0.27215,-0.093711,-22.648,23.132,1.7151
0.61089,-0.7375,-0.27221,-0.093825,-22.603,23.125,1.7221
0.61077,-0.73756,-0.27227,-0.093939,-22.559,23.118,1.7292
0.61065,-0.73762,-0.27234,-0.094053,-22.515,23.111,1.7362
0.61053,-0.73768,-0.2724,-0.094167,-22.471,23.103,1.7432
0.61041,-0.73774,-0.27247,-0.094281,-22.428,23.096,1.7503
0.61029,-0.73781,-0.27253,-0.094395,-22.386,23.089,1.7573
0.61018,-0.73787,-0.27259,-0.094509,-22.343,23.082,1.7643
0.61006,-0.73793,-0.27266,-0.094623,-22.301,23.074,1.7713
0.60994,-0.73799,-0.27272,-0.094737,-22.259,23.067,1.7783
0.60982,-0.73805,-0.27279,-0.094851,-22.218,23.06,1.7854
0.6097,-0.73811,-0.27285,-0.094965,-22.177,23.053,1.7924
0.60958,-0.73817,-0.27292,-0.095079,-22.136,23.046,1.7994
0.60946,-0.73823,-0.27298,-0.095193,-22.096,23.039,1.8063
0.60934,-0.73829,-0.27304,-0.095306,-22.056,23.031,1.8133
0.60922,-0.73835,-0.27311,-0.09542,-22.016,23.024,1.8203
0.6091,-0.73841,-0.27317,-0.095534,-21.977,23.017,1.8273
0.60898,-0.73847,-0.27324,-0.095648,-21.938,23.01,1.8343
0.60886,-0.73853,-0.2733,-0.095762,-21.9,23.003,1.8413
0.60874,-0.73859,-0.27336,-0.095876,-21.862,22.996,1.8482
0.60862,-0.73865,-0.27343,-0.09599,-21.824,22.988,1.8552
0.6085,-0.73871,-0.27349,-0.096104,-21.787,22.981,1.8622
0.60838,-0.73877,-0.27356,-0.096218,-21.75,22.974,1.8691
0.60826,-0.73883,-0.27362,-0.096332,-21.713,22.967,1.8761
0.60814,-0.73889,-0.27368,-0.096445,-21.677,22.96,1.883
0.60802,-0.73895,-0.27375,-0.096559,-21.641,22.953,1.89
0.6079,-0.73901,-0.27381,-0.096673,-21.605,22.946,1.8969
0.60778,-0.73907,-0.27387,-0.096787,-21.57,22.939,1.9039
0.60766,-0.73913,-0.27394,-0.096901,-21.536,22.932,1.9108
0.60754,-0.73919,-0.274,-0.097015,-21.501,22.925,1.9177
0.60742,-0.73925,-0.27407,-0.097129,-21.467,22.917,1.9246
0.6073,-0.73931,-0.27413,-0.097242,-21.433,22.91,1.9316
0.60718,-0.73937,-0.27419,-0.097356,-21.4,22.903,1.9385
0.60706,-0.73943,-0.27426,-0.09747,-21.367,22.896,1.9454
0.60694,-0.73949,-0.27432,-0.097584,-21.335,22.889,1.9523
0.60682,-0.73955,-0.27439,-0.097698,-21.303,22.882,1.9592
0.6067,-0.73961,-0.27445,-0.097812,-21.271,22.875,1.9661
0.60658,-0.73967,-0.27451,-0.097925,-21.239,22.868,1.973
0.60646,-0.73973,-0.27458,-0.098039,-21.208,22.861,1.9799
0.60634,-0.73979,-0.27464,-0.098153,-21.178,22.854,1.9868
0.60622,-0.73985,-0.2747,-0.098267,-21.148,22.847,1.9936
0.6061,-0.73991,-0.27477,-0.098381,-21.118,22.84,2.0005
0.60598,-0.73997,-0.27483,-0.098495,-21.088,22.833,2.0074
0.60586,-0.74003,-0.2749,-0.098608,-21.059,22.826,2.0143
0.60574,-0.74009,-0.27496,-0.098722,-21.03,22.819,2.0211
0.60562,-0.74015,-0.27502,-0.098836,-21.002,22.812,2.028
0.6055,-0.7402,-0.27509,-0.09895,-20.974,22.805,2.0348
0.60538,-0.74026,-0.27515,-0.099064,-20.947,22.799,2.0417
0.60526,-0.74032,-0.27521,-0.099177,-20.92,22.792,2.0485
0.60514,-0.74038,-0.27528,-0.099291,-20.893,22.785,2.0554
0.60502,-0.74044,-0.27534,-0.099405,-20.866,22.778,2.0622
0.6049,-0.7405,-0.27541,-0.099519,-20.84,22.771,2.069
0.60478,-0.74056,-0.27547,-0.099632,-20.815,22.764,2.0758
0.60466,-0.74062,-0.27553,-0.099746,-20.789,22.757,2.0827
0.60454,-0.74068,-0.2756,-0.09986,-20.765,22.75,2.0895
0.60442,-0.74074,-0.27566,-0.099974,-20.74,22.743,2.0963
0.6043,-0.7408,-0.27572,-0.10009,-20.716,22.736,2.1031
0.60418,-0.74086,-0.27579,-0.1002,-20.692,22.729,2.1099
0.60406,-0.74092,-0.27585,-0.10032,-20.669,22.723,2.1167
0.60394,-0.74098,-0.27591,-0.10043,-20.646,22.716,2.1235
0.60382,-0.74103,-0.27598,-0.10054,-20.624,22.709,2.1303
0.6037,-0.74109,-0.27604,-0.10066,-20.602,22.702,2.1371
0.60358,-0.74115,-0.27611,-0.10077,-20.58,22.695,2.1438
0.60346,-0.74121,-0.27617,-0.10088,-20.559,22.688,2.1506
0.60334,-0.74127,-0.27623,-0.101,-20.538,22.682,2.1574
0.60321,-0.74133,-0.2763,-0.10111,-20.517,22.675,2.1641
0.60309,-0.74139,-0.27636,-0.10122,-20.497,22.668,2.1709
0.60297,-0.74145,-0.27642,-0.10134,-20.477,22.661,2.1777
0.60285,-0.74151,-0.27649,-0.10145,-20.458,22.654,2.1844
0.60273,-0.74157,-0.27655,-0.10157,-20.439,22.648,2.1912
0.60261,-0.74162,-0.27661,-0.10168,-20.42,22.641,2.1979
0.60249,-0.74168,-0.27668,-0.10179,-20.402,22.634,2.2046
0.60237,-0.74174,-0.27674,-0.10191,-20.385,22.627,2.2114
0.60225,-0.7418,-0.2768,-0.10202,-20.367,22.621,2.2181
0.60213,-0.74186,-0.27687,-0.10213,-20.35,22.614,2.2248
0.60201,-0.74192,-0.27693,-0.10225,-20.334,22.607,2.2315
0.60189,-0.74198,-0.27699,-0.10236,-20.317,22.6,2.2382
0.60177,-0.74204,-0.27706,-0.10248,-20.302,22.594,2.2449
0.60164,-0.74209,-0.27712,-0.10259,-20.286,22.587,2.2516
0.60152,-0.74215,-0.27718,-0.1027,-20.271,22.58,2.2583
0.6014,-0.74221,-0.27725,-0.10282,-20.257,22.574,2.265
0.60128,-0.74227,-0.27731,-0.10293,-20.243,22.567,2.2717
0.60116,-0.74233,-0.27737,-0.10304,-20.229,22.56,2.2784
0.60104,-0.74239,-0.27744,-0.10316,-20.215,22.553,2.285
0.60092,-0.74245,-0.2775,-0.10327,-20.202,22.547,2.2917
0.6008,-0.7425,-0.27756,-0.10339,-20.19,22.54,2.2984
0.60068,-0.74256,-0.27763,-0.1035,-20.178,22.533,2.305
0.60056,-0.74262,-0.27769,-0.10361,-20.166,22.527,2.3117
0.60043,-0.74268,-0.27775,-0.10373,-20.155,22.52,2.3183
0.60031,-0.74274,-0.27782,-0.10384,-20.144,22.514,2.325
0.60019,-0.7428,-0.27788,-0.10395,-20.133,22.507,2.3316
0.60007,-0.74285,-0.27794,-0.10407,-20.123,22.5,2.3382
0.59995,-0.74291,-0.27801,-0.10418,-20.113,22.494,2.3449
0.59983,-0.74297,-0.27807,-0.10429,-20.104,22.487,2.3515
0.59971,-0.74303,-0.27813,-0.10441,-20.095,22.48,2.3581
0.59959,-0.74309,-0.2782,-0.10452,-20.086,22.474,2.3647
0.59946,-0.74315,-0.27826,-0.10464,-20.078,22.467,2.3713
0.59934,-0.7432,-0.27832,-0.10475,-20.07,22.461,2.3779
0.59922,-0.74326,-0.27839,-0.10486,-20.063,22.454,2.3845
0.5991,-0.74332,-0.27845,-0.10498,-20.056,22.448,2.3911
0.59898,-0.74338,-0.27851,-0.10509,-20.05,22.441,2.3977
0.59886,-0.74344,-0.27858,-0.1052,-20.043,22.435,2.4043
0.59874,-0.74349,-0.27864,-0.10532,-20.038,22.428,2.4108
0.59862,-0.74355,-0.2787,-0.10543,-20.032,22.421,2.4174
0.59849,-0.74361,-0.27877,-0.10554,-20.027,22.415,2.424
0.59837,-0.74367,-0.27883,-0.10566,-20.023,22.408,2.4305
0.59825,-0.74373,-0.27889,-0.10577,-20.019,22.402,2.4371
0.59813,-0.74378,-0.27896,-0.10588,-20.015,22.395,2.4436
0.59801,-0.74384,-0.27902,-0.106,-20.012,22.389,2.4502
0.59789,-0.7439,-0.27908,-0.10611,-20.009,22.382,2.4567
0.59776,-0.74396,-0.27914,-0.10623,-20.006,22.376,2.4632
0.59764,-0.74401,-0.27921,-0.10634,-20.004,22.37,2.4698
0.59752,-0.74407,-0.27927,-0.10645,-20.003,22.363,2.4763
0.5974,-0.74413,-0.27933,-0.10657,-20.001,22.357,2.4828
0.59728,-0.74419,-0.2794,-0.10668,-20.001,22.35,2.4893
0.59716,-0.74425,-0.27946,-0.10679,-20,22.344,2.4958
0.59703,-0.7443,-0.27952,-0.10691,-20,22.337,2.5023
0.59691,-0.74436,-0.27959,-0.10702,-20,22.331,2.5088
0.59679,-0.74442,-0.27965,-0.10713,-20.001,22.324,2.5153
0.59667,-0.74448,-0.27971,-0.10725,-20.002,22.318,2.5218
0.59655,-0.74453,-0.27978,-0.10736,-20.004,22.312,2.5282
0.59643,-0.74459,-0.27984,-0.10747,-20.006,22.305,2.5347
0.5963,-0.74465,-0.2799,-0.10759,-20.008,22.299,2.5412
0.59618,-0.74471,-0.27996,-0.1077,-20.011,22.292,2.5476
0.59606,-0.74476,-0.28003,-0.10782,-20.014,22.286,2.5541
0.59594,-0.74482,-0.28009,-0.10793,-20.018,22.28,2.5605
0.59582,-0.74488,-0.28015,-0.10804,-20.022,22.273,2.5669
0.59569,-0.74494,-0.28022,-0.10816,-20.026,22.267,2.5734
0.59557,-0.74499,-0.28028,-0.10827,-20.031,22.261,2.5798
0.59545,-0.74505,-0.28034,-0.10838,-20.036,22.254,2.5862
0.59533,-0.74511,-0.2804,-0.1085,-20.042,22.248,2.5926
0.59521,-0.74516,-0.28047,-0.10861,-20.048,22.242,2.5991
0.59508,-0.74522,-0.28053,-0.10872,-20.054,22.235,2.6055
0.59496,-0.74528,-0.28059,-0.10884,-20.061,22.229,2.6119
0.59484,-0.74534,-0.28066,-0.10895,-20.068,22.223,2.6182
0.59472,-0.74539,-0.28072,-0.10906,-20.076,22.217,2.6246
0.5946,-0.74545,-0.28078,-0.10918,-20.084,22.21,2.631
0.59447,-0.74551,-0.28084,-0.10929,-20.092,22.204,2.6374
0.59435,-0.74557,-0.28091,-0.1094,-20.101,22.198,2.6438
0.59423,-0.74562,-0.28097,-0.10952,-20.11,22.192,2.6501
0.59411,-0.74568,-0.28103,-0.10963,-20.12,22.185,2.6565
0.59399,-0.74574,-0.2811,-0.10974,-20.13,22.179,2.6628
0.59386,-0.74579,-0.28116,-0.10986,-20.14,22.173,2.6692
0.59374,-0.74585,-0.28122,-0.10997,-20.151,22.167,2.6755
0.59362,-0.74591,-0.28128,-0.11008,-20.163,22.16,2.6818
0.5935,-0.74596,-0.28135,-0.1102,-20.174,22.154,2.6882
0.59337,-0.74602,-0.28141,-0.11031,-20.186,22.148,2.6945
0.59325,-0.74608,-0.28147,-0.11042,-20.199,22.142,2.7008
0.59313,-0.74613,-0.28153,-0.11054,-20.212,22.136,2.7071
0.59301,-0.74619,-0.2816,-0.11065,-20.225,22.129,2.7134
0.59288,-0.74625,-0.28166,-0.11077,-20.239,22.123,2.7197
0.59276,-0.7463,-0.28172,-0.11088,-20.253,22.117,2.726
0.59264,-0.74636,-0.28179,-0.11099,-20.267,22.111,2.7323
0.59252,-0.74642,-0.28185,-0.11111,-20.282,22.105,2.7386
0.59239,-0.74647,-0.28191,-0.11122,-20.297,22.099,2.7448
0.59227,-0.74653,-0.28197,-0.11133,-20.313,22.093,2.7511
0.59215,-0.74659,-0.28204,-0.11145,-20.329,22.086,2.7574
0.59203,-0.74664,-0.2821,-0.11156,-20.345,22.08,2.7636
0.5919,-0.7467,-0.28216,-0.11167,-20.362,22.074,2.7699
0.59178,-0.74676,-0.28222,-0.11179,-20.379,22.068,2.7761
0.59166,-0.74681,-0.28229,-0.1119,-20.397,22.062,2.7823
0.59154,-0.74687,-0.28235,-0.11201,-20.415,22.056,2.7886
0.59141,-0.74693,-0.28241,-0.11213,-20.434,22.05,2.7948
0.59129,-0.74698,-0.28247,-0.11224,-20.452,22.044,2.801
0.59117,-0.74704,-0.28254,-0.11235,-20.472,22.038,2.8072
0.59105,-0.7471,-0.2826,-0.11247,-20.491,22.032,2.8134
0.59092,-0.74715,-0.28266,-0.11258,-20.511,22.026,2.8196
0.5908,-0.74721,-0.28272,-0.11269,-20.532,22.02,2.8258
0.59068,-0.74727,-0.28279,-0.11281,-20.552,22.014,2.832
0.59056,-0.74732,-0.28285,-0.11292,-20.574,22.008,2.8382
0.59043,-0.74738,-0.28291,-0.11303,-20.595,22.002,2.8443
0.59031,-0.74743,-0.28297,-0.11315,-20.617,21.996,2.8505
0.59019,-0.74749,-0.28304,-0.11326,-20.64,21.99,2.8567
0.59006,-0.74755,-0.2831,-0.11337,-20.662,21.984,2.8628
0.58994,-0.7476,-0.28316,-0.11349,-20.686,21.978,2.869
0.58982,-0.74766,-0.28322,-0.1136,-20.709,21.972,2.8751
0.5897,-0.74771,-0.28329,-0.11371,-20.733,21.966,2.8812
0.58957,-0.74777,-0.28335,-0.11383,-20.757,21.96,2.8874
0.58945,-0.74783,-0.28341,-0.11394,-20.782,21.954,2.8935
0.58933,-0.74788,-0.28347,-0.11405,-20.807,21.948,2.8996
0.5892,-0.74794,-0.28354,-0.11417,-20.833,21.942,2.9057
0.58908,-0.74799,-0.2836,-0.11428,-20.859,21.936,2.9118
0.58896,-0.74805,-0.28366,-0.11439,-20.885,21.93,2.9179
0.58883,-0.74811,-0.28372,-0.11451,-20.912,21.924,2.924
0.58871,-0.74816,-0.28379,-0.11462,-20.939,21.918,2.9301
0.58859,-0.74822,-0.28385,-0.11473,-20.966,21.913,2.9361
0.58846,-0.74827,-0.28391,-0.11485,-20.994,21.907,2.9422
0.58834,-0.74833,-0.28397,-0.11496,-21.022,21.901,2.9483
0.58822,-0.74839,-0.28404,-0.11507,-21.051,21.895,2.9543
0.58809,-0.74844,-0.2841,-0.11519,-21.08,21.889,2.9604
0.58797,-0.7485,-0.28416,-0.1153,-21.109,21.883,2.9664
0.58785,-0.74855,-0.28422,-0.11541,-21.139,21.877,2.9724
0.58773,-0.74861,-0.28428,-0.11553,-21.169,21.872,2.9785
0.5876,-0.74866,-0.28435,-0.11564,-21.199,21.866,2.9845
0.58748,-0.74872,-0.28441,-0.11575,-21.23,21.86,2.9905
0.58736,-0.74878,-0.28447,-0.11586,-21.262,21.854,2.9965
0.58723,-0.74883,-0.28453,-0.11598,-21.293,21.848,3.0025
0.58711,-0.74889,-0.2846,-0.11609,-21.325,21.843,3.0085
0.58699,-0.74894,-0.28466,-0.1162,-21.358,21.837,3.0145
0.58686,-0.749,-0.28472,-0.11632,-21.391,21.831,3.0205
0.58674,-0.74905,-0.28478,-0.11643,-21.424,21.825,3.0264
0.58661,-0.74911,-0.28485,-0.11654,-21.457,21.819,3.0324
0.58649,-0.74916,-0.28491,-0.11666,-21.491,21.814,3.0384
0.58637,-0.74922,-0.28497,-0.11677,-21.525,21.808,3.0443
0.58624,-0.74927,-0.28503,-0.11688,-21.56,21.802,3.0503
0.58612,-0.74933,-0.28509,-0.117,-21.595,21.797,3.0562
0.586,-0.74939,-0.28516,-0.11711,-21.631,21.791,3.0621
0.58587,-0.74944,-0.28522,-0.11722,-21.666,21.785,3.0681
0.58575,-0.7495,-0.28528,-0.11734,-21.702,21.779,3.074
0.58563,-0.74955,-0.28534,-0.11745,-21.739,21.774,3.0799
0.5855,-0.74961,-0.2854,-0.11756,-21.776,21.768,3.0858
0.58538,-0.74966,-0.28547,-0.11768,-21.813,21.762,3.0917
0.58526,-0.74972,-0.28553,-0.11779,-21.851,21.757,3.0976
0.58513,-0.74977,-0.28559,-0.1179,-21.889,21.751,3.1035
0.58501,-0.74983,-0.28565,-0.11802,-21.927,21.745,3.1094
0.58488,-0.74988,-0.28571,-0.11813,-21.966,21.74,3.1152
0.58476,-0.74994,-0.28578,-0.11824,-22.005,21.734,3.1211
0.58464,-0.74999,-0.28584,-0.11836,-22.044,21.728,3.1269
0.58451,-0.75005,-0.2859,-0.11847,-22.084,21.723,3.1328
0.58439,-0.7501,-0.28596,-0.11858,-22.124,21.717,3.1386
0.58427,-0.75016,-0.28602,-0.11869,-22.165,21.712,3.1445
0.58414,-0.75021,-0.28609,-0.11881,-22.206,21.706,3.1503
0.58402,-0.75027,-0.28615,-0.11892,-22.247,21.7,3.1561
0.58389,-0.75032,-0.28621,-0.11903,-22.289,21.695,3.1619
0.58377,-0.75038,-0.28627,-0.11915,-22.331,21.689,3.1677
0.58365,-0.75043,-0.28633,-0.11926,-22.373,21.684,3.1735
0.58352,-0.75049,-0.2864,-0.11937,-22.416,21.678,3.1793
0.5834,-0.75054,-0.28646,-0.11949,-22.459,21.673,3.1851
0.58327,-0.7506,-0.28652,-0.1196,-22.502,21.667,3.1909
0.58315,-0.75065,-0.28658,-0.11971,-22.546,21.662,3.1967
0.58303,-0.7507,-0.28664,-0.11983,-22.59,21.656,3.2024
0.5829,-0.75076,-0.28671,-0.11994,-22.635,21.651,3.2082
0.58278,-0.75081,-0.28677,-0.12005,-22.679,21.645,3.2139
0.58265,-0.75087,-0.28683,-0.12016,-22.725,21.64,3.2197
0.58253,-0.75092,-0.28689,-0.12028,-22.77,21.634,3.2254
0.58241,-0.75098,-0.28695,-0.12039,-22.816,21.629,3.2311
0.58228,-0.75103,-0.28702,-0.1205,-22.862,21.623,3.2369
0.58216,-0.75109,-0.28708,-0.12062,-22.909,21.618,3.2426
0.58203,-0.75114,-0.28714,-0.12073,-22.956,21.612,3.2483
0.58191,-0.7512,-0.2872,-0.12084,-23.003,21.607,3.254
0.58178,-0.75125,-0.28726,-0.12096,-23.051,21.601,3.2597
0.58166,-0.7513,-0.28732,-0.12107,-23.099,21.596,3.2653
0.58154,-0.75136,-0.28739,-0.12118,-23.147,21.591,3.271
0.58141,-0.75141,-0.28745,-0.1213,-23.195,21.585,3.2767
0.58129,-0.75147,-0.28751,-0.12141,-23.244,21.58,3.2823
0.58116,-0.75152,-0.28757,-0.12152,-23.294,21.574,3.288
0.58104,-0.75158,-0.28763,-0.12163,-23.343,21.569,3.2936
0.58091,-0.75163,-0.2877,-0.12175,-23.393,21.564,3.2993
0.58079,-0.75168,-0.28776,-0.12186,-23.444,21.558,3.3049
0.58066,-0.75174,-0.28782,-0.12197,-23.494,21.553,3.3105
0.58054,-0.75179,-0.28788,-0.12209,-23.545,21.548,3.3162
0.58042,-0.75185,-0.28794,-0.1222,-23.597,21.542,3.3218
0.58029,-0.7519,-0.288,-0.12231,-23.648,21.537,3.3274
0.58017,-0.75196,-0.28807,-0.12243,-23.7,21.532,3.333
0.58004,-0.75201,-0.28813,-0.12254,-23.753,21.526,3.3386
0.57992,-0.75206,-0.28819,-0.12265,-23.805,21.521,3.3441
0.57979,-0.75212,-0.28825,-0.12276,-23.858,21.516,3.3497
0.57967,-0.75217,-0.28831,-0.12288,-23.912,21.51,3.3553
0.57954,-0.75223,-0.28837,-0.12299,-23.965,21.505,3.3608
0.57942,-0.75228,-0.28844,-0.1231,-24.019,21.5,3.3664
0.57929,-0.75233,-0.2885,-0.12322,-24.073,21.495,3.3719
0.57917,-0.75239,-0.28856,-0.12333,-24.128,21.489,3.3775
0.57905,-0.75244,-0.28862,-0.12344,-24.183,21.484,3.383
0.57892,-0.75249,-0.28868,-0.12356,-24.238,21.479,3.3885
0.5788,-0.75255,-0.28874,-0.12367,-24.294,21.474,3.394
0.57867,-0.7526,-0.2888,-0.12378,-24.35,21.468,3.3995
0.57855,-0.75266,-0.28887,-0.12389,-24.406,21.463,3.405
0.57842,-0.75271,-0.28893,-0.12401,-24.462,21.458,3.4105
0.5783,-0.75276,-0.28899,-0.12412,-24.519,21.453,3.416
0.57817,-0.75282,-0.28905,-0.12423,-24.576,21.448,3.4214
0.57805,-0.75287,-0.28911,-0.12435,-24.634,21.442,3.4269
0.57792,-0.75292,-0.28917,-0.12446,-24.691,21.437,3.4324
0.5778,-0.75298,-0.28924,-0.12457,-24.75,21.432,3.4378
0.57767,-0.75303,-0.2893,-0.12468,-24.808,21.427,3.4433
0.57755,-0.75308,-0.28936,-0.1248,-24.867,21.422,3.4487
0.57742,-0.75314,-0.28942,-0.12491,-24.926,21.417,3.4541
0.5773,-0.75319,-0.28948,-0.12502,-24.985,21.412,3.4595
0.57717,-0.75324,-0.28954,-0.12514,-25.045,21.406,3.465
0.57705,-0.7533,-0.2896,-0.12525,-25.104,21.401,3.4704
0.57692,-0.75335,-0.28967,-0.12536,-25.165,21.396,3.4758
0.5768,-0.75341,-0.28973,-0.12547,-25.225,21.391,3.4811
0.57667,-0.75346,-0.28979,-0.12559,-25.286,21.386,3.4865
0.57655,-0.75351,-0.28985,-0.1257,-25.347,21.381,3.4919
0.57642,-0.75356,-0.28991,-0.12581,-25.408,21.376,3.4973
0.5763,-0.75362,-0.28997,-0.12593,-25.47,21.371,3.5026
0.57617,-0.75367,-0.29003,-0.12604,-25.532,21.366,3.508
0.57605,-0.75372,-0.2901,-0.12615,-25.594,21.361,3.5133
0.57592,-0.75378,-0.29016,-0.12626,-25.657,21.356,3.5186
0.5758,-0.75383,-0.29022,-0.12638,-25.72,21.351,3.524
0.57567,-0.75388,-0.29028,-0.12649,-25.783,21.346,3.5293
0.57555,-0.75394,-0.29034,-0.1266,-25.846,21.341,3.5346
0.57542,-0.75399,-0.2904,-0.12672,-25.91,21.336,3.5399
0.5753,-0.75404,-0.29046,-0.12683,-25.974,21.331,3.5452
0.57517,-0.7541,-0.29052,-0.12694,-26.039,21.326,3.5505
0.57504,-0.75415,-0.29059,-0.12705,-26.103,21.321,3.5557
0.57492,-0.7542,-0.29065,-0.12717,-26.168,21.316,3.561
0.57479,-0.75426,-0.29071,-0.12728,-26.233,21.311,3.5663
0.57467,-0.75431,-0.29077,-0.12739,-26.299,21.306,3.5715
0.57454,-0.75436,-0.29083,-0.12751,-26.364,21.301,3.5768
0.57442,-0.75441,-0.29089,-0.12762,-26.43,21.296,3.582
0.57429,-0.75447,-0.29095,-0.12773,-26.496,21.291,3.5872
0.57417,-0.75452,-0.29101,-0.12784,-26.563,21.286,3.5925
0.57404,-0.75457,-0.29108,-0.12796,-26.63,21.281,3.5977
0.57392,-0.75462,-0.29114,-0.12807,-26.697,21.276,3.6029
0.57379,-0.75468,-0.2912,-0.12818,-26.764,21.271,3.6081
0.57366,-0.75473,-0.29126,-0.1283,-26.832,21.267,3.6133
0.57354,-0.75478,-0.29132,-0.12841,-26.9,21.262,3.6184
0.57341,-0.75484,-0.29138,-0.12852,-26.968,21.257,3.6236
0.57329,-0.75489,-0.29144,-0.12863,-27.036,21.252,3.6288
0.57316,-0.75494,-0.2915,-0.12875,-27.105,21.247,3.6339
0.57304,-0.75499,-0.29156,-0.12886,-27.174,21.242,3.6391
0.57291,-0.75505,-0.29163,-0.12897,-27.243,21.238,3.6442
0.57278,-0.7551,-0.29169,-0.12908,-27.312,21.233,3.6493
0.57266,-0.75515,-0.29175,-0.1292,-27.382,21.228,3.6545
0.57253,-0.7552,-0.29181,-0.12931,-27.452,21.223,3.6596
0.57241,-0.75526,-0.29187,-0.12942,-27.522,21.218,3.6647
0.57228,-0.75531,-0.29193,-0.12954,-27.593,21.214,3.6698
0.57216,-0.75536,-0.29199,-0.12965,-27.663,21.209,3.6749
0.57203,-0.75541,-0.29205,-0.12976,-27.734,21.204,3.68
0.5719,-0.75547,-0.29211,-0.12987,-27.806,21.199,3.685
0.57178,-0.75552,-0.29217,-0.12999,-27.877,21.195,3.6901
0.57165,-0.75557,-0.29224,-0.1301,-27.949,21.19,3.6952
0.57153,-0.75562,-0.2923,-0.13021,-28.021,21.185,3.7002
0.5714,-0.75567,-0.29236,-0.13032,-28.093,21.18,3.7052
0.57127,-0.75573,-0.29242,-0.13044,-28.165,21.176,3.7103
0.57115,-0.75578,-0.29248,-0.13055,-28.238,21.171,3.7153
0.57102,-0.75583,-0.29254,-0.13066,-28.311,21.166,3.7203
0.5709,-0.75588,-0.2926,-0.13078,-28.384,21.162,3.7253
0.57077,-0.75594,-0.29266,-0.13089,-28.457,21.157,3.7303
0.57064,-0.75599,-0.29272,-0.131,-28.531,21.152,3.7353
0.57052,-0.75604,-0.29278,-0.13111,-28.605,21.148,3.7403
0.57039,-0.75609,-0.29284,-0.13123,-28.679,21.143,3.7453
0.57027,-0.75614,-0.29291,-0.13134,-28.753,21.138,3.7502
0.57014,-0.7562,-0.29297,-0.13145,-28.828,21.134,3.7552
0.57001,-0.75625,-0.29303,-0.13156,-28.903,21.129,3.7601
0.56989,-0.7563,-0.29309,-0.13168,-28.978,21.124,3.7651
0.56976,-0.75635,-0.29315,-0.13179,-29.053,21.12,3.77
0.56964,-0.7564,-0.29321,-0.1319,-29.128,21.115,3.7749
0.56951,-0.75645,-0.29327,-0.13201,-29.204,21.111,3.7798
0.56938,-0.75651,-0.29333,-0.13213,-29.28,21.106,3.7847
0.56926,-0.75656,-0.29339,-0.13224,-29.356,21.101,3.7896
0.56913,-0.75661,-0.29345,-0.13235,-29.432,21.097,3.7945
0.569,-0.75666,-0.29351,-0.13246,-29.509,21.092,3.7994
0.56888,-0.75671,-0.29357,-0.13258,-29.585,21.088,3.8043
0.56875,-0.75677,-0.29364,-0.13269,-29.662,21.083,3.8091
0.56863,-0.75682,-0.2937,-0.1328,-29.74,21.079,3.814
0.5685,-0.75687,-0.29376,-0.13292,-29.817,21.074,3.8188
0.56837,-0.75692,-0.29382,-0.13303,-29.894,21.07,3.8237
0.56825,-0.75697,-0.29388,-0.13314,-29.972,21.065,3.8285
0.56812,-0.75702,-0.29394,-0.13325,-30.05,21.061,3.8333
0.56799,-0.75707,-0.294,-0.13337,-30.128,21.056,3.8381
0.56787,-0.75713,-0.29406,-0.13348,-30.207,21.052,3.8429
0.56774,-0.75718,-0.29412,-0.13359,-30.285,21.047,3.8477
0.56761,-0.75723,-0.29418,-0.1337,-30.364,21.043,3.8525
0.56749,-0.75728,-0.29424,-0.13382,-30.443,21.038,3.8573
0.56736,-0.75733,-0.2943,-0.13393,-30.522,21.034,3.8621
0.56723,-0.75738,-0.29436,-0.13404,-30.602,21.03,3.8668
0.56711,-0.75743,-0.29442,-0.13415,-30.681,21.025,3.8716
0.56698,-0.75749,-0.29448,-0.13427,-30.761,21.021,3.8763
0.56685,-0.75754,-0.29455,-0.13438,-30.841,21.016,3.881
0.56673,-0.75759,-0.29461,-0.13449,-30.921,21.012,3.8858
0.5666,-0.75764,-0.29467,-0.1346,-31.001,21.008,3.8905
0.56647,-0.75769,-0.29473,-0.13472,-31.082,21.003,3.8952
0.56635,-0.75774,-0.29479,-0.13483,-31.162,20.999,3.8999
0.56622,-0.75779,-0.29485,-0.13494,-31.243,20.995,3.9046
0.56609,-0.75784,-0.29491,-0.13505,-31.324,20.99,3.9093
0.56597,-0.75789,-0.29497,-0.13517,-31.405,20.986,3.9139
0.56584,-0.75795,-0.29503,-0.13528,-31.487,20.982,3.9186
0.56571,-0.758,-0.29509,-0.13539,-31.568,20.977,3.9232
0.56559,-0.75805,-0.29515,-0.1355,-31.65,20.973,3.9279
0.56546,-0.7581,-0.29521,-0.13562,-31.732,20.969,3.9325
0.56533,-0.75815,-0.29527,-0.13573,-31.814,20.964,3.9372
0.56521,-0.7582,-0.29533,-0.13584,-31.896,20.96,3.9418
0.56508,-0.75825,-0.29539,-0.13595,-31.978,20.956,3.9464
0.56495,-0.7583,-0.29545,-0.13607,-32.061,20.952,3.951
0.56482,-0.75835,-0.29551,-0.13618,-32.143,20.947,3.9556
0.5647,-0.7584,-0.29557,-0.13629,-32.226,20.943,3.9602
0.56457,-0.75846,-0.29563,-0.1364,-32.309,20.939,3.9647
0.56444,-0.75851,-0.29569,-0.13652,-32.392,20.935,3.9693
0.56432,-0.75856,-0.29576,-0.13663,-32.476,20.93,3.9739
0.56419,-0.75861,-0.29582,-0.13674,-32.559,20.926,3.9784
0.56406,-0.75866,-0.29588,-0.13685,-32.643,20.922,3.9829
0.56394,-0.75871,-0.29594,-0.13696,-32.727,20.918,3.9875
0.56381,-0.75876,-0.296,-0.13708,-32.811,20.914,3.992
0.56368,-0.75881,-0.29606,-0.13719,-32.895,20.909,3.9965
0.56355,-0.75886,-0.29612,-0.1373,-32.979,20.905,4.001
0.56343,-0.75891,-0.29618,-0.13741,-33.063,20.901,4.0055
0.5633,-0.75896,-0.29624,-0.13753,-33.148,20.897,4.01
0.56317,-0.75901,-0.2963,-0.13764,-33.232,20.893,4.0145
0.56305,-0.75906,-0.29636,-0.13775,-33.317,20.889,4.0189
0.56292,-0.75911,-0.29642,-0.13786,-33.402,20.885,4.0234
0.56279,-0.75916,-0.29648,-0.13798,-33.487,20.88,4.0278
