0.61237,0.35355,0.35355,0.61237,12.5,47.5,1.5,0
0.6131,0.35274,0.35325,0.61229,12.8,47.5,1.635,0.05
0.61279,0.3548,0.35451,0.61067,13.053,47.512,1.3795,0.1
0.61527,0.3459,0.35106,0.61526,13.287,47.474,2.4838,0.15
0.61675,0.34857,0.34897,0.61346,13.556,47.478,2.3746,0.2
0.61502,0.35003,0.35285,0.61215,13.798,47.498,2.0652,0.25
0.61763,0.35284,0.34889,0.61017,14.073,47.495,2.0353,0.3
0.61647,0.35003,0.35177,0.61132,14.306,47.497,2.1969,0.35
0.61709,0.34867,0.35143,0.61165,14.552,47.492,2.3851,0.4
0.61595,0.34681,0.35396,0.6124,14.785,47.497,2.4513,0.45
0.61774,0.3462,0.35203,0.61206,15.04,47.487,2.6622,0.5
0.61816,0.34582,0.35198,0.61187,15.288,47.488,2.7099,0.55
0.61953,0.34524,0.35069,0.61156,15.541,47.483,2.8383,0.6
0.6204,0.34465,0.35023,0.61128,15.79,47.476,2.9822,0.65
0.62095,0.34404,0.34962,0.61141,16.037,47.473,3.0844,0.7
0.62148,0.34331,0.3495,0.61135,16.283,47.47,3.1793,0.75
0.62212,0.34261,0.34923,0.61125,16.528,47.467,3.2803,0.8
0.62237,0.34201,0.34929,0.61129,16.772,47.464,3.372,0.85
0.62304,0.34154,0.34899,0.61104,17.017,47.459,3.4811,0.9
0.62368,0.3406,0.34893,0.61095,17.261,47.454,3.5869,0.95
0.62434,0.34024,0.34833,0.61083,17.504,47.45,3.6758,1
0.62503,0.33925,0.34816,0.61077,17.746,47.443,3.7949,1.05
0.62561,0.33867,0.34774,0.61072,17.987,47.438,3.8913,1.1
0.62616,0.33766,0.34757,0.61082,18.226,47.432,3.9942,1.15
0.62674,0.33698,0.34741,0.6107,18.465,47.426,4.0979,1.2
0.62718,0.33694,0.34716,0.61041,18.704,47.422,4.1764,1.25
0.62777,0.33612,0.34692,0.61039,18.941,47.416,4.2664,1.3
0.6287,0.33546,0.34685,0.60984,19.177,47.41,4.3556,1.35
0.62903,0.33488,0.34679,0.60985,19.413,47.404,4.4389,1.4
0.6295,0.33436,0.34659,0.60976,19.647,47.397,4.5307,1.45
0.62995,0.33375,0.34619,0.60985,19.881,47.39,4.6167,1.5
0.63064,0.33294,0.34587,0.60977,20.113,47.382,4.7098,1.55
0.63139,0.33203,0.34547,0.60972,20.345,47.374,4.7979,1.6
0.63204,0.33124,0.3452,0.60962,20.574,47.366,4.8835,1.65
0.63271,0.33055,0.34516,0.60933,20.802,47.357,4.97,1.7
0.63317,0.32978,0.3448,0.60947,21.029,47.348,5.0543,1.75
0.63376,0.32926,0.34465,0.60923,21.255,47.34,5.1323,1.8
0.63433,0.3283,0.34441,0.60929,21.48,47.332,5.2039,1.85
0.63503,0.32749,0.34408,0.60917,21.703,47.322,5.2822,1.9
0.63548,0.32694,0.34389,0.60911,21.924,47.313,5.3545,1.95
0.63584,0.32628,0.34369,0.6092,22.145,47.303,5.4243,2
0.63658,0.32578,0.34319,0.60897,22.363,47.293,5.4978,2.05
0.63721,0.32499,0.34292,0.60889,22.58,47.282,5.5685,2.1
0.63774,0.32404,0.34271,0.60897,22.795,47.271,5.6359,2.15
0.63838,0.3233,0.34233,0.6089,23.009,47.261,5.6969,2.2
0.63874,0.3231,0.34203,0.6088,23.221,47.25,5.7594,2.25
0.63932,0.32233,0.34215,0.60854,23.432,47.239,5.8155,2.3
0.64,0.32168,0.3416,0.60847,23.641,47.227,5.8726,2.35
0.64039,0.32082,0.34139,0.60864,23.848,47.215,5.9282,2.4
0.64102,0.32026,0.34091,0.60853,24.054,47.204,5.9779,2.45
0.64152,0.31957,0.34067,0.60849,24.258,47.191,6.0294,2.5
0.64232,0.3188,0.34024,0.6083,24.459,47.179,6.0778,2.55
0.64276,0.3183,0.34021,0.60811,24.66,47.166,6.1219,2.6
0.6434,0.31744,0.34008,0.60796,24.858,47.153,6.1664,2.65
0.64395,0.31672,0.33981,0.6079,25.054,47.14,6.2065,2.7
0.64449,0.31614,0.33943,0.60784,25.248,47.127,6.2429,2.75
0.64505,0.31555,0.33925,0.60765,25.44,47.112,6.2835,2.8
0.64553,0.31467,0.3393,0.60758,25.63,47.099,6.3159,2.85
0.64615,0.31386,0.33909,0.60745,25.818,47.084,6.3473,2.9
0.64692,0.31309,0.33849,0.60737,26.004,47.07,6.3757,2.95
0.64761,0.31265,0.33815,0.60705,26.188,47.055,6.4006,3
0.6481,0.3117,0.33788,0.60716,26.37,47.04,6.425,3.05
0.64854,0.31122,0.33776,0.60701,26.55,47.025,6.4462,3.1
0.64911,0.31039,0.33782,0.60679,26.727,47.011,6.4623,3.15
0.64944,0.30968,0.33743,0.60701,26.903,46.995,6.4786,3.2
0.6498,0.30922,0.33723,0.60698,27.076,46.98,6.4902,3.25
0.65055,0.30843,0.337,0.6067,27.246,46.964,6.5029,3.3
0.65108,0.30748,0.33682,0.60671,27.414,46.947,6.5142,3.35
0.65153,0.30691,0.33635,0.60678,27.581,46.93,6.5206,3.4
0.65238,0.30585,0.33583,0.60668,27.744,46.913,6.5243,3.45
0.65271,0.30523,0.33587,0.60662,27.906,46.896,6.5239,3.5
0.65329,0.30434,0.33563,0.60659,28.065,46.879,6.5224,3.55
0.65396,0.30408,0.33529,0.60617,28.222,46.862,6.5176,3.6
0.65453,0.30351,0.33504,0.60599,28.376,46.844,6.5096,3.65
0.65531,0.30259,0.3345,0.6059,28.528,46.826,6.5008,3.7
0.65585,0.30176,0.33427,0.60587,28.677,46.808,6.4888,3.75
0.65628,0.30096,0.33413,0.60588,28.824,46.79,6.4729,3.8
0.65672,0.30057,0.33387,0.60572,28.968,46.772,6.4559,3.85
0.65736,0.29992,0.33358,0.60552,29.11,46.753,6.4361,3.9
0.65793,0.29932,0.33323,0.60539,29.249,46.734,6.414,3.95
0.65861,0.29826,0.33292,0.60534,29.385,46.715,6.3897,4
0.65906,0.2975,0.33259,0.6054,29.52,46.695,6.3613,4.05
0.65961,0.29688,0.33249,0.60517,29.651,46.676,6.3311,4.1
0.66027,0.29632,0.33225,0.60486,29.779,46.657,6.2994,4.15
0.66087,0.29561,0.33231,0.60451,29.904,46.636,6.2657,4.2
0.66125,0.29502,0.33201,0.60455,30.027,46.616,6.2293,4.25
0.66187,0.29414,0.33177,0.60443,30.148,46.596,6.1896,4.3
0.66224,0.29324,0.33164,0.60453,30.265,46.575,6.1486,4.35
0.66286,0.29261,0.331,0.60451,30.38,46.554,6.1048,4.4
0.66356,0.29214,0.33089,0.60404,30.492,46.533,6.0587,4.45
0.66384,0.29176,0.33041,0.60417,30.601,46.511,6.0107,4.5
0.66456,0.29076,0.33013,0.60402,30.708,46.49,5.9602,4.55
0.66529,0.28988,0.32981,0.60381,30.811,46.468,5.9072,4.6
0.66575,0.28903,0.32976,0.60373,30.912,46.445,5.853,4.65
0.66639,0.28844,0.32914,0.60365,31.01,46.423,5.7961,4.7
0.6667,0.28791,0.3291,0.60358,31.105,46.4,5.7365,4.75
0.66713,0.2872,0.32903,0.60349,31.197,46.377,5.6751,4.8
0.66785,0.28647,0.32869,0.60322,31.286,46.354,5.6122,4.85
0.66835,0.28567,0.32849,0.60315,31.372,46.33,5.5468,4.9
0.66888,0.28501,0.3281,0.60309,31.455,46.306,5.4804,4.95
0.66943,0.2844,0.32773,0.60297,31.535,46.282,5.411,5
0.66982,0.28378,0.32754,0.60293,31.612,46.259,5.3392,5.05
0.67027,0.28276,0.32722,0.60308,31.687,46.234,5.265,5.1
0.67082,0.28207,0.3272,0.6028,31.758,46.21,5.19,5.15
0.67128,0.28142,0.32714,0.60263,31.826,46.185,5.1127,5.2
0.67208,0.28075,0.32662,0.60233,31.892,46.16,5.0337,5.25
0.67276,0.2798,0.3263,0.60219,31.954,46.135,4.9521,5.3
0.67318,0.27932,0.32599,0.60211,32.013,46.11,4.8697,5.35
0.67392,0.27857,0.32574,0.60177,32.069,46.085,4.7849,5.4
0.67428,0.27795,0.32551,0.60177,32.123,46.059,4.6986,5.45
0.67486,0.27687,0.32525,0.60177,32.173,46.033,4.6102,5.5
0.67532,0.27642,0.32492,0.60163,32.22,46.007,4.521,5.55
0.67597,0.27581,0.32467,0.60132,32.264,45.981,4.4307,5.6
0.67628,0.27515,0.32442,0.6014,32.305,45.954,4.338,5.65
0.67686,0.27438,0.32417,0.60124,32.342,45.928,4.2448,5.7
0.67727,0.27372,0.32399,0.60117,32.377,45.901,4.1492,5.75
0.6779,0.27288,0.32353,0.6011,32.409,45.873,4.0529,5.8
0.67854,0.27236,0.3232,0.60079,32.438,45.846,3.9543,5.85
0.67922,0.27153,0.32296,0.60053,32.464,45.818,3.8558,5.9
0.67968,0.27045,0.32261,0.60067,32.486,45.79,3.7567,5.95
0.68015,0.27,0.32225,0.60054,32.505,45.762,3.6558,6
0.68075,0.26918,0.32206,0.60033,32.521,45.734,3.5534,6.05
0.68117,0.26855,0.32174,0.60031,32.534,45.705,3.45,6.1
0.68165,0.26785,0.32125,0.60034,32.544,45.677,3.3457,6.15
0.6822,0.26711,0.32104,0.60016,32.551,45.648,3.2408,6.2
0.68271,0.26648,0.32068,0.60005,32.554,45.619,3.1358,6.25
0.68315,0.26605,0.32053,0.59982,32.555,45.589,3.0288,6.3
0.68374,0.265,0.31996,0.59992,32.552,45.559,2.9225,6.35
0.68428,0.2644,0.31983,0.59963,32.546,45.529,2.814,6.4
0.68491,0.26364,0.31951,0.59941,32.537,45.499,2.705,6.45
0.68533,0.26307,0.31924,0.59933,32.525,45.469,2.5956,6.5
0.68593,0.26244,0.31884,0.59914,32.51,45.439,2.4846,6.55
0.68642,0.26161,0.31889,0.59891,32.492,45.409,2.3738,6.6
0.68709,0.26109,0.31854,0.59856,32.471,45.378,2.2618,6.65
0.68767,0.26033,0.31828,0.59836,32.447,45.348,2.1503,6.7
0.6881,0.25959,0.31802,0.59833,32.419,45.317,2.0384,6.75
0.6884,0.25892,0.31768,0.59846,32.388,45.285,1.927,6.8
0.68894,0.2582,0.31737,0.5983,32.355,45.254,1.8143,6.85
0.68935,0.25732,0.31699,0.59841,32.318,45.222,1.7026,6.9
0.6898,0.25668,0.31671,0.59832,32.278,45.19,1.5901,6.95
0.69045,0.25571,0.3167,0.59799,32.235,45.158,1.4769,7
0.691,0.255,0.31625,0.5979,32.189,45.126,1.3647,7.05
0.69149,0.25435,0.31607,0.59771,32.14,45.093,1.2523,7.1
0.69212,0.25357,0.31588,0.59741,32.088,45.06,1.1409,7.15
0.69257,0.253,0.31553,0.59731,32.032,45.027,1.0294,7.2
0.69308,0.25239,0.31509,0.59721,31.974,44.994,0.91839,7.25
0.6936,0.25186,0.31478,0.59699,31.913,44.961,0.80584,7.3
0.69404,0.25111,0.31457,0.59691,31.848,44.927,0.69729,7.35
0.69432,0.25041,0.3145,0.59691,31.78,44.892,0.58845,7.4
0.69492,0.2495,0.31411,0.5968,31.71,44.858,0.47873,7.45
0.69537,0.24886,0.31393,0.59664,31.636,44.824,0.36923,7.5
0.69616,0.24803,0.31368,0.59619,31.56,44.79,0.26009,7.55
0.69635,0.24732,0.31339,0.59642,31.48,44.756,0.15155,7.6
0.69699,0.24652,0.31314,0.59614,31.398,44.721,0.044436,7.65
0.6976,0.24566,0.31273,0.59599,31.312,44.686,-0.061638,7.7
0.69807,0.24537,0.31249,0.59568,31.224,44.651,-0.16773,7.75
0.69855,0.2443,0.31215,0.59574,31.133,44.616,-0.27349,7.8
0.69899,0.24355,0.31211,0.59555,31.039,44.581,-0.37823,7.85
0.69976,0.24279,0.31164,0.59521,30.942,44.545,-0.48098,7.9
0.7002,0.24209,0.31121,0.59521,30.842,44.51,-0.58434,7.95
0.70063,0.24138,0.31109,0.59504,30.74,44.474,-0.6858,8
0.70118,0.2408,0.3107,0.59483,30.634,44.438,-0.78511,8.05
0.7016,0.24016,0.31041,0.59475,30.526,44.402,-0.88508,8.1
0.70226,0.23938,0.30999,0.5945,30.415,44.366,-0.98316,8.15
0.7026,0.23882,0.30971,0.59447,30.301,44.329,-1.0795,8.2
0.7032,0.23781,0.30952,0.59427,30.184,44.293,-1.1746,8.25
0.70362,0.23716,0.30915,0.59423,30.065,44.256,-1.2688,8.3
0.70415,0.23664,0.30872,0.59402,29.942,44.219,-1.3612,8.35
0.70473,0.23582,0.30874,0.59365,29.817,44.181,-1.4523,8.4
0.70501,0.23496,0.3084,0.59384,29.69,44.144,-1.5423,8.45
0.70551,0.23438,0.30829,0.59353,29.56,44.107,-1.6301,8.5
0.70621,0.23367,0.30782,0.59322,29.427,44.069,-1.7159,8.55
0.70656,0.23301,0.30761,0.59318,29.292,44.032,-1.8005,8.6
0.70704,0.23224,0.30723,0.5931,29.153,43.993,-1.8835,8.65
0.70757,0.23159,0.307,0.59285,29.013,43.955,-1.965,8.7
0.7081,0.23109,0.30622,0.59281,28.869,43.917,-2.0444,8.75
0.70856,0.23027,0.30627,0.59256,28.724,43.878,-2.1227,8.8
0.70916,0.22928,0.30591,0.59241,28.575,43.84,-2.1981,8.85
0.70946,0.22872,0.30589,0.59228,28.424,43.801,-2.2717,8.9
0.70996,0.22778,0.30543,0.59228,28.271,43.762,-2.3438,8.95
0.71046,0.22731,0.30535,0.59189,28.115,43.722,-2.4135,9
0.71109,0.22659,0.30484,0.59167,27.957,43.683,-2.482,9.05
0.71162,0.22577,0.3044,0.59158,27.796,43.644,-2.5479,9.1
0.7121,0.2249,0.30436,0.59136,27.633,43.604,-2.6121,9.15
0.71253,0.22434,0.3041,0.59118,27.468,43.564,-2.674,9.2
0.71303,0.22343,0.30372,0.59112,27.3,43.524,-2.7337,9.25
0.71348,0.22284,0.30337,0.59098,27.13,43.484,-2.7912,9.3
0.71404,0.22202,0.3031,0.59075,26.958,43.444,-2.8474,9.35
0.71453,0.22113,0.30273,0.59068,26.784,43.404,-2.9002,9.4
0.71488,0.22038,0.30233,0.59074,26.607,43.364,-2.9515,9.45
0.71547,0.21982,0.302,0.5904,26.428,43.323,-3.0003,9.5
0.71584,0.21929,0.30173,0.59029,26.247,43.282,-3.0464,9.55
0.71627,0.21844,0.30133,0.59029,26.064,43.241,-3.091,9.6
0.7168,0.2177,0.30132,0.58992,25.878,43.2,-3.1322,9.65
0.71731,0.21689,0.30116,0.58968,25.691,43.159,-3.1725,9.7
0.71779,0.21623,0.30088,0.58949,25.501,43.117,-3.2092,9.75
0.71826,0.21549,0.30053,0.58936,25.309,43.076,-3.2437,9.8
0.71869,0.21465,0.3002,0.58931,25.116,43.034,-3.2763,9.85
0.71922,0.21407,0.29993,0.58902,24.92,42.992,-3.3057,9.9
0.71985,0.21339,0.29963,0.58864,24.722,42.949,-3.331,9.95
0.72022,0.21263,0.29911,0.58873,24.522,42.905,-3.3538,10
0.72057,0.21198,0.29884,0.58867,24.321,42.862,-3.375,10.05
0.72116,0.21116,0.2984,0.58847,24.118,42.819,-3.3947,10.1
0.72151,0.21036,0.29837,0.58834,23.913,42.777,-3.4125,10.15
0.72192,0.20967,0.29805,0.58824,23.706,42.734,-3.4274,10.2
0.7223,0.20897,0.29785,0.58813,23.498,42.691,-3.4398,10.25
0.72299,0.20827,0.29743,0.58774,23.288,42.648,-3.4496,10.3
0.72338,0.20741,0.29692,0.58783,23.076,42.606,-3.4577,10.35
0.72394,0.20675,0.29666,0.5875,22.863,42.562,-3.4623,10.4
0.72427,0.20623,0.29658,0.58732,22.648,42.519,-3.4643,10.45
0.72459,0.20535,0.29622,0.58741,22.431,42.476,-3.4645,10.5
0.72511,0.20477,0.29591,0.58712,22.213,42.433,-3.4618,10.55
0.72572,0.20392,0.29569,0.58678,21.994,42.389,-3.4562,10.6
0.72606,0.20312,0.29549,0.58674,21.772,42.346,-3.4486,10.65
0.72664,0.20246,0.29515,0.58642,21.55,42.302,-3.4382,10.7
0.7272,0.20173,0.29474,0.58619,21.326,42.258,-3.4252,10.75
0.72747,0.20105,0.29473,0.58609,21.101,42.214,-3.4098,10.8
0.72801,0.20015,0.29406,0.58606,20.874,42.17,-3.3917,10.85
0.72864,0.1995,0.29371,0.58568,20.646,42.126,-3.3711,10.9
0.72891,0.19895,0.2934,0.58569,20.416,42.081,-3.3481,10.95
0.7295,0.19837,0.2933,0.5852,20.186,42.036,-3.3222,11
0.73006,0.1974,0.29271,0.58512,19.954,41.992,-3.295,11.05
0.73053,0.19664,0.29267,0.58481,19.722,41.947,-3.265,11.1
0.73101,0.19604,0.29208,0.58471,19.488,41.902,-3.2322,11.15
0.73133,0.1953,0.29191,0.58463,19.253,41.857,-3.1973,11.2
0.73185,0.19433,0.29182,0.58435,19.017,41.812,-3.1598,11.25
0.73232,0.19391,0.29145,0.5841,18.78,41.767,-3.1205,11.3
0.73265,0.19311,0.29116,0.58409,18.542,41.722,-3.0782,11.35
0.73318,0.19237,0.29064,0.58393,18.303,41.677,-3.0339,11.4
0.73361,0.19142,0.29053,0.58375,18.063,41.631,-2.9872,11.45
0.73399,0.19051,0.29011,0.58379,17.822,41.585,-2.9379,11.5
0.73447,0.18996,0.28989,0.58347,17.581,41.54,-2.8866,11.55
0.73506,0.18925,0.2894,0.5832,17.338,41.494,-2.8332,11.6
0.7355,0.18868,0.28934,0.58285,17.095,41.448,-2.777,11.65
0.73578,0.18788,0.28923,0.58282,16.851,41.402,-2.7188,11.7
0.73619,0.18721,0.28866,0.5828,16.607,41.356,-2.6591,11.75
0.7367,0.18624,0.28838,0.5826,16.362,41.31,-2.5969,11.8
0.73742,0.18539,0.28792,0.58219,16.116,41.263,-2.5319,11.85
0.73774,0.18472,0.28783,0.58204,15.87,41.217,-2.4655,11.9
0.73821,0.18427,0.28741,0.58179,15.623,41.17,-2.3976,11.95
0.73882,0.18358,0.28726,0.58132,15.376,41.124,-2.3268,12
0.73913,0.18263,0.28711,0.5813,15.128,41.077,-2.2546,12.05
0.73946,0.18185,0.28657,0.58138,14.88,41.03,-2.1801,12.1
0.74003,0.18104,0.2864,0.58099,14.631,40.983,-2.1039,12.15
0.74058,0.18069,0.28587,0.58067,14.382,40.937,-2.0265,12.2
0.74107,0.1798,0.28532,0.58059,14.133,40.89,-1.9462,12.25
0.74159,0.17885,0.28497,0.58039,13.884,40.842,-1.8647,12.3
0.74192,0.1783,0.28491,0.58016,13.635,40.795,-1.7811,12.35
0.74222,0.17777,0.28439,0.5802,13.385,40.748,-1.6961,12.4
0.7426,0.1768,0.28426,0.58007,13.135,40.701,-1.6097,12.45
0.74324,0.17603,0.28377,0.57972,12.885,40.653,-1.5213,12.5
0.74374,0.17537,0.28355,0.57939,12.635,40.606,-1.432,12.55
0.74392,0.17481,0.28347,0.57937,12.386,40.558,-1.3407,12.6
0.74438,0.17397,0.28312,0.5792,12.136,40.51,-1.2478,12.65
0.74486,0.17306,0.2832,0.57882,11.886,40.463,-1.1538,12.7
0.74544,0.1725,0.2825,0.57859,11.636,40.415,-1.0583,12.75
0.74568,0.17187,0.28228,0.57856,11.386,40.367,-0.96133,12.8
0.74631,0.17087,0.28177,0.5783,11.136,40.319,-0.86326,12.85
0.74664,0.17034,0.28137,0.57822,10.887,40.271,-0.76409,12.9
0.74705,0.16935,0.28132,0.57802,10.638,40.223,-0.66383,12.95
0.74749,0.16858,0.28109,0.57778,10.389,40.175,-0.5622,13
0.74792,0.16779,0.28063,0.57767,10.141,40.126,-0.45968,13.05
0.74841,0.16727,0.28044,0.57728,9.8923,40.078,-0.35529,13.1
0.74878,0.16642,0.28013,0.5772,9.6447,40.03,-0.25127,13.15
0.74957,0.16561,0.27938,0.57678,9.3975,39.981,-0.14559,13.2
0.7498,0.16512,0.2792,0.57669,9.1509,39.933,-0.03955,13.25
0.75032,0.16466,0.2789,0.5763,8.905,39.885,0.067481,13.3
0.75081,0.16376,0.27852,0.5761,8.6595,39.836,0.17569,13.35
0.75119,0.16285,0.27828,0.57598,8.4145,39.787,0.28475,13.4
0.75168,0.16207,0.27776,0.57582,8.1704,39.738,0.39402,13.45
0.75218,0.1613,0.27755,0.57547,7.9271,39.689,0.50341,13.5
0.75261,0.16041,0.27714,0.57536,7.6841,39.641,0.6136,13.55
0.7528,0.15979,0.27697,0.57536,7.442,39.592,0.72433,13.6
0.75334,0.1592,0.27666,0.57497,7.2007,39.543,0.83584,13.65
0.75359,0.15848,0.2764,0.57497,6.9603,39.494,0.94747,13.7
0.75417,0.15772,0.27591,0.57466,6.7206,39.444,1.0593,13.75
0.7545,0.15701,0.27572,0.5745,6.4819,39.395,1.1715,13.8
0.75495,0.1561,0.27538,0.57433,6.244,39.346,1.2838,13.85
0.75541,0.15544,0.27498,0.57409,6.0071,39.297,1.3961,13.9
0.75579,0.15474,0.2749,0.57382,5.7712,39.247,1.5084,13.95
0.7562,0.15388,0.2745,0.5737,5.5367,39.199,1.6205,14
0.75653,0.15313,0.27406,0.57368,5.3032,39.15,1.7325,14.05
0.75701,0.15254,0.27392,0.57326,5.0708,39.1,1.8449,14.1
0.75732,0.1516,0.27358,0.57327,4.8397,39.051,1.957,14.15
0.7579,0.15104,0.27313,0.57287,4.61,39.002,2.0688,14.2
0.75826,0.15026,0.27277,0.57277,4.3813,38.953,2.1809,14.25
0.75873,0.14964,0.27284,0.57227,4.1537,38.903,2.2926,14.3
0.75923,0.14881,0.2721,0.57218,3.9274,38.854,2.4033,14.35
0.75963,0.14796,0.27206,0.57188,3.7026,38.805,2.5137,14.4
0.75988,0.14718,0.27193,0.57181,3.4789,38.755,2.6243,14.45
0.76053,0.14625,0.27143,0.57143,3.2566,38.705,2.7343,14.5
0.76097,0.14583,0.27109,0.57111,3.0359,38.656,2.8432,14.55
0.76142,0.14494,0.27033,0.57109,2.8168,38.606,2.9515,14.6
0.76176,0.14429,0.27034,0.5708,2.5992,38.556,3.0588,14.65
0.76205,0.14369,0.27011,0.57068,2.3833,38.506,3.1657,14.7
0.76238,0.14281,0.26988,0.57057,2.1688,38.457,3.2719,14.75
0.76275,0.14209,0.26966,0.57035,1.9559,38.406,3.3772,14.8
0.76324,0.14118,0.26944,0.57002,1.7451,38.357,3.4808,14.85
0.76369,0.14064,0.26878,0.56987,1.5354,38.307,3.5846,14.9
0.76407,0.13987,0.2687,0.56959,1.3276,38.257,3.6868,14.95
0.76457,0.13906,0.26794,0.56948,1.1216,38.207,3.7876,15
0.76494,0.13836,0.26766,0.56929,0.91722,38.157,3.8874,15.05
0.76529,0.13756,0.26747,0.56909,0.71472,38.108,3.9858,15.1
0.76561,0.13687,0.26707,0.56901,0.51394,38.057,4.0836,15.15
0.76631,0.13597,0.26677,0.56844,0.31528,38.008,4.1799,15.2
0.76654,0.1355,0.26636,0.56843,0.11817,37.958,4.2747,15.25
0.767,0.13475,0.26625,0.56804,-0.076651,37.907,4.3679,15.3
0.76756,0.13425,0.26592,0.56755,-0.26951,37.858,4.4595,15.35
0.76812,0.13317,0.26543,0.56727,-0.46016,37.808,4.5501,15.4
0.76833,0.13254,0.26546,0.56712,-0.64907,37.758,4.6391,15.45
0.76863,0.13213,0.2651,0.56698,-0.83597,37.708,4.7267,15.5
0.7692,0.13125,0.2647,0.56661,-1.0204,37.658,4.8126,15.55
0.7695,0.13037,0.26434,0.56656,-1.2029,37.607,4.8966,15.6
0.76999,0.12986,0.2639,0.56623,-1.3834,37.557,4.9793,15.65
0.77034,0.12892,0.26365,0.56609,-1.5616,37.507,5.0598,15.7
0.77071,0.12811,0.2633,0.56592,-1.7378,37.457,5.1386,15.75
0.77121,0.12727,0.26284,0.56564,-1.9113,37.407,5.216,15.8
0.77146,0.12646,0.26253,0.56562,-2.0828,37.357,5.291,15.85
0.77211,0.12572,0.26203,0.56513,-2.252,37.307,5.3642,15.9
0.77224,0.12519,0.2619,0.56514,-2.4187,37.257,5.4355,15.95
0.77266,0.12458,0.26156,0.56485,-2.5833,37.207,5.5052,16
0.7733,0.12333,0.26082,0.56459,-2.7458,37.157,5.5725,16.05
0.77356,0.12255,0.26086,0.56439,-2.9056,37.107,5.638,16.1
0.77387,0.12212,0.26075,0.56412,-3.0629,37.057,5.7014,16.15
0.77439,0.12135,0.26019,0.56382,-3.2178,37.007,5.7626,16.2
0.7747,0.12055,0.25997,0.56367,-3.3704,36.957,5.8219,16.25
0.77501,0.11987,0.25965,0.56354,-3.5207,36.907,5.8786,16.3
0.77549,0.11918,0.25914,0.56325,-3.6683,36.858,5.9332,16.35
0.77594,0.11868,0.25893,0.56284,-3.8132,36.808,5.9857,16.4
0.77636,0.11798,0.25867,0.56252,-3.9554,36.758,6.0363,16.45
0.77676,0.11706,0.25839,0.5623,-4.0949,36.708,6.0841,16.5
0.77697,0.11621,0.25795,0.56237,-4.232,36.658,6.1297,16.55
0.77748,0.1156,0.25787,0.56184,-4.3667,36.608,6.173,16.6
0.77784,0.11448,0.25734,0.56181,-4.4987,36.558,6.2137,16.65
0.7782,0.11407,0.25679,0.56166,-4.628,36.509,6.2523,16.7
0.77843,0.11333,0.25652,0.5616,-4.7545,36.459,6.2887,16.75
0.77877,0.11248,0.2562,0.56145,-4.8784,36.41,6.3223,16.8
0.77934,0.11162,0.25582,0.56101,-4.9996,36.36,6.3539,16.85
0.77981,0.11099,0.25563,0.56056,-5.1184,36.31,6.383,16.9
0.78022,0.11036,0.25529,0.56028,-5.2343,36.261,6.4092,16.95
0.78082,0.10948,0.25479,0.55983,-5.3471,36.211,6.4333,17
0.78101,0.1085,0.25482,0.55975,-5.4574,36.162,6.4548,17.05
0.78129,0.10781,0.2543,0.55973,-5.5645,36.112,6.4738,17.1
0.78169,0.10708,0.2539,0.5595,-5.669,36.063,6.4904,17.15
0.78222,0.10627,0.25362,0.55903,-5.7704,36.013,6.5047,17.2
0.78261,0.10534,0.25319,0.55886,-5.8691,35.963,6.5163,17.25
0.78301,0.10483,0.25305,0.55846,-5.9649,35.914,6.5252,17.3
0.78335,0.10409,0.25252,0.55835,-6.0579,35.865,6.5313,17.35
0.78364,0.10348,0.25211,0.55825,-6.148,35.815,6.5352,17.4
0.78399,0.10281,0.25215,0.55787,-6.2354,35.766,6.5368,17.45
0.78443,0.10193,0.25154,0.55769,-6.3196,35.717,6.5355,17.5
0.78468,0.10129,0.25122,0.55759,-6.4009,35.667,6.5317,17.55
0.78509,0.1004,0.25088,0.55732,-6.4791,35.618,6.5257,17.6
0.78553,0.099821,0.25046,0.557,-6.5546,35.57,6.517,17.65
0.78612,0.098876,0.24998,0.55655,-6.6269,35.52,6.5063,17.7
0.78639,0.098056,0.24976,0.55641,-6.6964,35.471,6.4928,17.75
0.78672,0.097248,0.24973,0.5561,-6.7627,35.422,6.4763,17.8
0.78701,0.096594,0.24957,0.55588,-6.8263,35.374,6.4578,17.85
0.78752,0.095758,0.24905,0.55553,-6.8868,35.325,6.4364,17.9
0.78771,0.095304,0.24842,0.55562,-6.9438,35.276,6.4127,17.95
0.78797,0.09445,0.24817,0.55551,-6.9982,35.227,6.3868,18
0.78844,0.093617,0.24806,0.55504,-7.0494,35.179,6.3582,18.05
0.78878,0.092912,0.24768,0.55485,-7.0973,35.13,6.3272,18.1
0.78915,0.092187,0.24728,0.55461,-7.1422,35.081,6.2934,18.15
0.78956,0.091459,0.24695,0.5543,-7.1841,35.033,6.2576,18.2
0.79001,0.090864,0.24675,0.55384,-7.2231,34.985,6.2194,18.25
0.79051,0.089975,0.24651,0.55338,-7.259,34.936,6.1784,18.3
0.7908,0.089164,0.24619,0.55325,-7.2919,34.888,6.1354,18.35
0.79101,0.088128,0.24603,0.55318,-7.3212,34.84,6.09,18.4
0.79148,0.087445,0.24555,0.55283,-7.3477,34.792,6.0421,18.45
0.79191,0.086795,0.24496,0.55258,-7.371,34.744,5.9924,18.5
0.7923,0.086173,0.24465,0.55226,-7.3913,34.696,5.9403,18.55
0.79263,0.085411,0.24432,0.55205,-7.4084,34.648,5.8858,18.6
0.79301,0.084699,0.24401,0.55175,-7.4227,34.6,5.8293,18.65
0.79333,0.083933,0.24357,0.5516,-7.4333,34.552,5.7709,18.7
0.7936,0.083319,0.24328,0.55142,-7.4413,34.504,5.7101,18.75
0.79391,0.082732,0.24318,0.55112,-7.4459,34.457,5.647,18.8
0.79439,0.081967,0.24255,0.55082,-7.4474,34.409,5.5817,18.85
0.79479,0.08114,0.24216,0.55054,-7.4459,34.361,5.5143,18.9
0.79525,0.080152,0.24151,0.5503,-7.4413,34.314,5.445,18.95
0.79552,0.079328,0.24125,0.55014,-7.4334,34.266,5.3741,19
0.7959,0.078548,0.24087,0.54987,-7.4224,34.219,5.301,19.05
0.7961,0.077771,0.24079,0.54972,-7.4083,34.172,5.2258,19.1
0.79649,0.077126,0.24036,0.54944,-7.3912,34.125,5.1491,19.15
0.79708,0.076458,0.23991,0.54888,-7.371,34.078,5.0705,19.2
0.79743,0.075639,0.23967,0.54858,-7.3477,34.031,4.9902,19.25
0.79772,0.074832,0.23946,0.54836,-7.3213,33.984,4.9078,19.3
0.79804,0.074195,0.23921,0.54809,-7.2917,33.938,4.8241,19.35
0.79828,0.073434,0.23895,0.54796,-7.2591,33.891,4.7382,19.4
0.79866,0.072694,0.23847,0.54771,-7.2232,33.844,4.6508,19.45
0.79907,0.071953,0.23793,0.54744,-7.1841,33.798,4.562,19.5
0.79945,0.071171,0.23759,0.54715,-7.1419,33.751,4.4715,19.55
0.79978,0.07043,0.23746,0.54681,-7.0969,33.705,4.3797,19.6
0.80013,0.069634,0.23711,0.54656,-7.0487,33.659,4.2865,19.65
0.80037,0.06919,0.23685,0.54637,-6.9974,33.613,4.1917,19.7
0.80064,0.068335,0.23652,0.54623,-6.9432,33.567,4.0958,19.75
0.80111,0.067258,0.23593,0.54592,-6.8858,33.521,3.9988,19.8
0.80144,0.06695,0.23564,0.54561,-6.8254,33.475,3.9004,19.85
0.80185,0.066176,0.23516,0.54531,-6.762,33.43,3.8004,19.9
0.80216,0.065427,0.23498,0.54502,-6.6956,33.384,3.6996,19.95
0.80246,0.064463,0.2346,0.54485,-6.6261,33.339,3.5974,20
0.80272,0.063778,0.23431,0.54468,-6.5538,33.293,3.494,20.05
0.80307,0.0631,0.23377,0.54448,-6.4784,33.248,3.3905,20.1
0.80349,0.062155,0.23355,0.54405,-6.4001,33.203,3.2855,20.15
0.80402,0.061408,0.23312,0.54354,-6.3189,33.157,3.1797,20.2
0.80433,0.06066,0.23274,0.54333,-6.2344,33.113,3.073,20.25
0.80456,0.060179,0.2326,0.5431,-6.1473,33.068,2.9654,20.3
0.80495,0.059293,0.23213,0.54283,-6.0573,33.023,2.8567,20.35
0.80515,0.0587,0.23204,0.54263,-5.9642,32.979,2.748,20.4
0.80559,0.057636,0.23148,0.54233,-5.8682,32.934,2.6386,20.45
0.80588,0.056971,0.23138,0.54201,-5.7692,32.89,2.529,20.5
0.80618,0.056181,0.23098,0.54182,-5.6675,32.846,2.4185,20.55
0.80645,0.055495,0.23046,0.54171,-5.563,32.801,2.3074,20.6
0.80677,0.054833,0.22991,0.54153,-5.4557,32.757,2.1959,20.65
0.80714,0.054052,0.2298,0.5411,-5.3454,32.713,2.0844,20.7
0.80754,0.053211,0.22915,0.54086,-5.2324,32.669,1.9726,20.75
0.80799,0.052151,0.22904,0.54035,-5.1166,32.626,1.8603,20.8
0.80827,0.051639,0.22856,0.54018,-4.9982,32.582,1.7477,20.85
0.80862,0.050578,0.22798,0.54,-4.877,32.538,1.6352,20.9
0.80893,0.050133,0.2279,0.53962,-4.753,32.495,1.5229,20.95
0.80919,0.049355,0.22758,0.53943,-4.6263,32.452,1.4103,21
0.80977,0.048569,0.22697,0.53889,-4.4969,32.409,1.2975,21.05
0.81007,0.048049,0.22659,0.53864,-4.3648,32.366,1.1854,21.1
0.8103,0.047462,0.22649,0.5384,-4.2304,32.323,1.0733,21.15
0.8105,0.046289,0.22636,0.53825,-4.093,32.28,0.96118,21.2
0.81087,0.045598,0.22597,0.53791,-3.9531,32.238,0.84959,21.25
0.81137,0.04504,0.22542,0.53743,-3.8108,32.196,0.73839,21.3
0.81163,0.044279,0.22514,0.53723,-3.6657,32.153,0.62751,21.35
0.81185,0.043351,0.22486,0.53709,-3.5182,32.111,0.51708,21.4
0.81217,0.04276,0.22462,0.53674,-3.3683,32.069,0.40693,21.45
0.81237,0.041939,0.22419,0.53669,-3.2158,32.027,0.29766,21.5
0.8126,0.041111,0.22391,0.53652,-3.0608,31.986,0.18902,21.55
0.81302,0.040501,0.22368,0.53603,-2.9035,31.944,0.081208,21.6
0.81345,0.039525,0.22342,0.53556,-2.7436,31.902,-0.025944,21.65
0.81375,0.038787,0.22295,0.53535,-2.5813,31.861,-0.13239,21.7
0.8141,0.037978,0.22235,0.53513,-2.4167,31.82,-0.23806,21.75
0.81436,0.036949,0.22195,0.53497,-2.2496,31.779,-0.3424,21.8
0.81466,0.036558,0.22165,0.53466,-2.0804,31.738,-0.44612,21.85
0.81501,0.035852,0.22135,0.5343,-1.9088,31.697,-0.54909,21.9
0.81549,0.035109,0.22108,0.53373,-1.735,31.657,-0.65102,21.95
0.81566,0.034263,0.22071,0.53368,-1.559,31.616,-0.75141,22
0.81603,0.033586,0.22039,0.53328,-1.3806,31.576,-0.85102,22.05
0.81635,0.032949,0.22006,0.53298,-1.2003,31.535,-0.9491,22.1
0.81677,0.032172,0.21967,0.53254,-1.0178,31.495,-1.0465,22.15
0.81714,0.031458,0.21917,0.53222,-0.83327,31.455,-1.1425,22.2
0.81724,0.030651,0.21896,0.5322,-0.64644,31.416,-1.2368,22.25
0.81753,0.029914,0.21861,0.53194,-0.45762,31.376,-1.3298,22.3
0.81787,0.029334,0.21825,0.5316,-0.26656,31.337,-1.4214,22.35
0.81822,0.028593,0.21767,0.53133,-0.073421,31.297,-1.5112,22.4
0.81862,0.027692,0.21704,0.53102,0.12132,31.258,-1.5997,22.45
0.81892,0.026921,0.21691,0.53066,0.31826,31.22,-1.6867,22.5
0.81917,0.026286,0.21674,0.53037,0.51691,31.181,-1.772,22.55
0.81951,0.025488,0.2162,0.53011,0.71777,31.142,-1.8555,22.6
0.81978,0.024639,0.21589,0.52985,0.92021,31.104,-1.9373,22.65
0.81998,0.023737,0.21559,0.52971,1.1243,31.065,-2.0172,22.7
0.82045,0.02321,0.21511,0.5292,1.3304,31.027,-2.0954,22.75
0.82075,0.022443,0.21511,0.52877,1.5382,30.989,-2.1718,22.8
0.8209,0.021796,0.2146,0.52876,1.7476,30.951,-2.2464,22.85
0.82121,0.020614,0.21419,0.52851,1.9589,30.914,-2.3191,22.9
0.82163,0.019913,0.21382,0.52802,2.1717,30.876,-2.3895,22.95
0.82206,0.019168,0.21338,0.52755,2.3861,30.839,-2.4585,23
0.82246,0.018367,0.21303,0.52711,2.6023,30.801,-2.5249,23.05
0.82266,0.017722,0.21267,0.52696,2.8199,30.764,-2.5899,23.1
0.82296,0.017044,0.21213,0.52674,3.0389,30.727,-2.6525,23.15
0.82307,0.016329,0.21224,0.52654,3.2595,30.691,-2.7129,23.2
0.82324,0.015569,0.21171,0.52651,3.4815,30.654,-2.7709,23.25
0.82368,0.014814,0.21143,0.52596,3.705,30.618,-2.8272,23.3
0.82383,0.013965,0.21112,0.52587,3.9298,30.582,-2.8808,23.35
0.82437,0.013263,0.2107,0.52522,4.1562,30.546,-2.9325,23.4
0.8245,0.012899,0.21014,0.52524,4.3836,30.51,-2.9823,23.45
0.82482,0.011747,0.20984,0.52489,4.6125,30.474,-3.0293,23.5
0.82515,0.010953,0.20963,0.52446,4.8428,30.439,-3.0745,23.55
0.82534,0.01008,0.20915,0.52437,5.0743,30.403,-3.117,23.6
0.82568,0.009411,0.20875,0.52401,5.3067,30.368,-3.1573,23.65
0.82606,0.0086517,0.20863,0.52347,5.5403,30.333,-3.1952,23.7
0.82645,0.0080972,0.20806,0.5231,5.7751,30.298,-3.2306,23.75
0.82661,0.0073795,0.2075,0.52307,6.011,30.263,-3.2636,23.8
0.82693,0.0068181,0.20739,0.52262,6.2478,30.229,-3.2941,23.85
0.82737,0.0058239,0.2069,0.52212,6.4855,30.195,-3.3223,23.9
0.82758,0.005177,0.20651,0.52195,6.7243,30.161,-3.3481,23.95
0.82772,0.0042172,0.20632,0.52182,6.964,30.127,-3.3714,24
0.82807,0.0035347,0.20616,0.52133,7.2044,30.093,-3.3921,24.05
0.8284,0.002814,0.20554,0.52105,7.4458,30.06,-3.4101,24.1
0.82872,0.0018779,0.20541,0.5206,7.6879,30.027,-3.4258,24.15
0.82885,0.0011699,0.2051,0.52052,7.9306,29.994,-3.439,24.2
0.82924,0.00033353,0.20446,0.52015,8.1743,29.961,-3.4496,24.25
0.82953,-0.00042822,0.20407,0.51984,8.4185,29.928,-3.4577,24.3
0.82985,-0.00088712,0.20385,0.51941,8.6633,29.895,-3.463,24.35
0.83012,-0.0016473,0.20344,0.51914,8.9088,29.863,-3.4658,24.4
0.83031,-0.0023965,0.20309,0.51897,9.155,29.831,-3.4667,24.45
0.83068,-0.0029754,0.20262,0.51857,9.4016,29.799,-3.4648,24.5
0.83087,-0.0040238,0.20232,0.51836,9.6486,29.767,-3.4602,24.55
0.83124,-0.0047837,0.20196,0.51792,9.8963,29.735,-3.4529,24.6
0.83163,-0.0057668,0.2017,0.51737,10.144,29.704,-3.4435,24.65
0.83184,-0.0064326,0.20147,0.51711,10.393,29.673,-3.4315,24.7
0.83207,-0.007171,0.20085,0.51698,10.641,29.642,-3.4168,24.75
0.83236,-0.0077109,0.20047,0.51665,10.89,29.611,-3.3997,24.8
0.83252,-0.008574,0.20013,0.51651,11.14,29.58,-3.3799,24.85
0.8329,-0.0093918,0.19987,0.51599,11.389,29.55,-3.3575,24.9
0.83314,-0.010176,0.19956,0.51569,11.639,29.52,-3.3328,24.95
0.83348,-0.010904,0.19904,0.51534,11.889,29.49,-3.3058,25
0.8337,-0.011682,0.19869,0.5151,12.139,29.46,-3.2763,25.05
0.83387,-0.012501,0.19821,0.51499,12.389,29.43,-3.2443,25.1
0.83413,-0.013253,0.19783,0.51471,12.639,29.401,-3.21,25.15
0.83443,-0.013843,0.19758,0.5143,12.889,29.372,-3.1732,25.2
0.83478,-0.01459,0.19705,0.51391,13.139,29.343,-3.1344,25.25
0.83512,-0.015233,0.19672,0.51346,13.389,29.314,-3.0927,25.3
0.83534,-0.01604,0.19656,0.51314,13.638,29.285,-3.0489,25.35
0.83543,-0.016915,0.19625,0.51309,13.888,29.257,-3.0027,25.4
0.83578,-0.017754,0.19572,0.51268,14.137,29.229,-2.9543,25.45
0.83594,-0.01826,0.19521,0.51261,14.386,29.201,-2.9036,25.5
0.83638,-0.019061,0.1948,0.51202,14.635,29.173,-2.8506,25.55
0.83653,-0.019769,0.19457,0.51183,14.883,29.145,-2.7951,25.6
0.83692,-0.020665,0.19427,0.51127,15.131,29.118,-2.7381,25.65
0.83722,-0.021207,0.19407,0.51083,15.379,29.091,-2.6786,25.7
0.83741,-0.022298,0.19377,0.51059,15.626,29.063,-2.6169,25.75
0.83768,-0.022716,0.19328,0.51032,15.873,29.036,-2.5535,25.8
0.83784,-0.02392,0.19302,0.51009,16.119,29.01,-2.4873,25.85
0.83829,-0.024241,0.19264,0.50949,16.365,28.984,-2.4196,25.9
0.83856,-0.024991,0.19225,0.50916,16.61,28.958,-2.3498,25.95
0.83877,-0.025946,0.192,0.50885,16.855,28.932,-2.2781,26
0.8389,-0.026718,0.19156,0.50876,17.099,28.906,-2.2042,26.05
0.8392,-0.027378,0.19097,0.50845,17.342,28.88,-2.1282,26.1
0.8395,-0.028072,0.19063,0.50805,17.584,28.855,-2.0506,26.15
0.83987,-0.028939,0.19005,0.50761,17.825,28.83,-1.9709,26.2
0.84011,-0.029741,0.18977,0.50726,18.066,28.805,-1.8901,26.25
0.84028,-0.0306,0.18974,0.50695,18.306,28.781,-1.8074,26.3
0.84055,-0.031424,0.18929,0.50662,18.545,28.757,-1.7229,26.35
0.84088,-0.032051,0.18881,0.5062,18.783,28.732,-1.6368,26.4
0.84103,-0.032733,0.18841,0.50605,19.02,28.708,-1.5488,26.45
0.84118,-0.033544,0.18814,0.50587,19.256,28.684,-1.4594,26.5
0.84145,-0.034176,0.18743,0.50563,19.491,28.661,-1.3685,26.55
0.84185,-0.035049,0.18713,0.50502,19.725,28.638,-1.2762,26.6
0.84204,-0.035778,0.18672,0.50481,19.958,28.615,-1.1827,26.65
0.84226,-0.036652,0.18687,0.50432,20.189,28.592,-1.0871,26.7
0.84249,-0.037407,0.18621,0.50412,20.42,28.569,-0.99057,26.75
0.84271,-0.038229,0.18569,0.50388,20.649,28.547,-0.89299,26.8
0.84299,-0.038838,0.18542,0.50347,20.877,28.525,-0.7941,26.85
0.84326,-0.039321,0.18523,0.50305,21.104,28.503,-0.69406,26.9
0.84352,-0.040237,0.18481,0.50269,21.33,28.481,-0.59281,26.95
0.84374,-0.041067,0.18448,0.50238,21.554,28.46,-0.49047,27
0.84395,-0.041551,0.18415,0.5021,21.776,28.438,-0.38706,27.05
0.84427,-0.042407,0.18372,0.50166,21.997,28.417,-0.28277,27.1
0.84443,-0.043348,0.18323,0.50149,22.217,28.396,-0.17726,27.15
0.84472,-0.043968,0.18299,0.50103,22.435,28.375,-0.070963,27.2
0.84488,-0.044668,0.18256,0.50085,22.651,28.355,0.036199,27.25
0.84522,-0.045835,0.18236,0.50024,22.866,28.335,0.14407,27.3
0.84539,-0.046708,0.18183,0.50008,23.08,28.315,0.25241,27.35
0.84567,-0.047259,0.18135,0.49972,23.291,28.295,0.3609,27.4
0.84599,-0.047794,0.18102,0.49924,23.501,28.276,0.47051,27.45
0.84606,-0.048604,0.18061,0.49919,23.71,28.257,0.58055,27.5
0.84629,-0.049458,0.18021,0.49887,23.916,28.237,0.69125,27.55
0.84648,-0.050058,0.17994,0.49859,24.121,28.218,0.80236,27.6
0.84686,-0.05073,0.17961,0.498,24.324,28.2,0.91376,27.65
0.84709,-0.051353,0.17911,0.49772,24.525,28.182,1.0257,27.7
0.84744,-0.052,0.17884,0.49715,24.725,28.164,1.1375,27.75
0.84757,-0.053012,0.1783,0.49702,24.922,28.146,1.2497,27.8
0.84777,-0.053725,0.17808,0.49667,25.117,28.128,1.3621,27.85
0.84798,-0.054523,0.17754,0.49642,25.311,28.111,1.4744,27.9
0.84833,-0.055328,0.17723,0.49585,25.503,28.094,1.5869,27.95
0.84853,-0.056064,0.17678,0.49559,25.692,28.077,1.6994,28
0.84868,-0.056814,0.17629,0.49541,25.88,28.06,1.8116,28.05
0.84893,-0.057359,0.17615,0.49497,26.065,28.044,1.9242,28.1
0.84906,-0.058315,0.17577,0.49477,26.249,28.027,2.0361,28.15
0.84931,-0.058866,0.17569,0.4943,26.43,28.011,2.1478,28.2
0.84952,-0.059847,0.17518,0.49402,26.609,27.996,2.2592,28.25
0.84988,-0.060648,0.17473,0.49345,26.786,27.98,2.3704,28.3
0.84999,-0.061613,0.17422,0.49333,26.96,27.965,2.4808,28.35
0.8502,-0.061948,0.17393,0.49302,27.132,27.95,2.5913,28.4
0.85048,-0.062722,0.17348,0.4926,27.302,27.935,2.701,28.45
0.85067,-0.06376,0.17334,0.49218,27.47,27.921,2.8103,28.5
0.85097,-0.064592,0.17274,0.49178,27.635,27.906,2.9185,28.55
0.8512,-0.065343,0.17233,0.49143,27.798,27.892,3.0261,28.6
0.8513,-0.066083,0.17202,0.49125,27.958,27.878,3.1334,28.65
0.85156,-0.066641,0.17153,0.4909,28.117,27.865,3.2396,28.7
0.85174,-0.067408,0.17118,0.49061,28.273,27.852,3.3445,28.75
0.85196,-0.068158,0.17093,0.49021,28.426,27.839,3.4489,28.8
0.85225,-0.06875,0.17041,0.4898,28.577,27.826,3.552,28.85
0.85241,-0.069395,0.1702,0.4895,28.725,27.814,3.6545,28.9
0.85272,-0.070399,0.16975,0.48897,28.871,27.801,3.7556,28.95
0.85284,-0.071185,0.16932,0.4888,29.014,27.789,3.8558,29
0.8531,-0.071888,0.16897,0.48836,29.155,27.777,3.955,29.05
0.85344,-0.072589,0.16841,0.48786,29.293,27.766,4.0529,29.1
0.85361,-0.073294,0.16813,0.48755,29.428,27.754,4.1494,29.15
0.85387,-0.074026,0.16777,0.48712,29.561,27.743,4.2441,29.2
0.85399,-0.07476,0.16745,0.4869,29.692,27.732,4.3379,29.25
0.85419,-0.075484,0.16724,0.48651,29.819,27.722,4.4302,29.3
0.8544,-0.076217,0.16683,0.48618,29.944,27.711,4.5211,29.35
0.85454,-0.076948,0.16642,0.48595,30.066,27.701,4.6105,29.4
0.85474,-0.077898,0.16607,0.48556,30.186,27.691,4.6984,29.45
0.85486,-0.078777,0.16563,0.48537,30.302,27.681,4.7851,29.5
0.85516,-0.07947,0.16539,0.4848,30.416,27.672,4.8694,29.55
0.85533,-0.079987,0.16476,0.48463,30.527,27.663,4.9522,29.6
0.85559,-0.080781,0.16443,0.48415,30.635,27.654,5.0334,29.65
0.85577,-0.081694,0.16383,0.48389,30.741,27.645,5.1128,29.7
0.85603,-0.082381,0.16374,0.48333,30.843,27.637,5.1902,29.75
0.85627,-0.08313,0.16338,0.4829,30.943,27.628,5.266,29.8
0.85638,-0.083815,0.16306,0.4827,31.04,27.621,5.3399,29.85
0.85655,-0.084602,0.16255,0.48243,31.134,27.613,5.4118,29.9
0.85669,-0.085384,0.16213,0.48219,31.225,27.606,5.4817,29.95
0.85706,-0.085815,0.16175,0.48158,31.313,27.599,5.5497,30
0.85722,-0.086732,0.16149,0.48121,31.398,27.592,5.6155,30.05
0.85747,-0.087481,0.16118,0.48074,31.48,27.585,5.6793,30.1
0.85761,-0.088284,0.16053,0.48056,31.559,27.578,5.7411,30.15
0.85794,-0.08889,0.16042,0.47991,31.636,27.572,5.8008,30.2
0.85812,-0.089697,0.15967,0.47968,31.709,27.566,5.8582,30.25
0.85825,-0.090514,0.15938,0.47938,31.78,27.56,5.9136,30.3
0.85829,-0.091291,0.15888,0.47933,31.847,27.555,5.9665,30.35
0.85854,-0.09222,0.15858,0.47882,31.911,27.55,6.0173,30.4
0.85871,-0.092857,0.15824,0.47849,31.973,27.545,6.0657,30.45
0.85896,-0.09355,0.15777,0.47807,32.031,27.54,6.1119,30.5
0.85917,-0.094593,0.15738,0.4776,32.086,27.535,6.1558,30.55
0.85933,-0.094937,0.15704,0.47737,32.138,27.531,6.1974,30.6
0.8595,-0.095622,0.15656,0.47709,32.187,27.527,6.2364,30.65
0.85977,-0.096593,0.15644,0.47644,32.234,27.523,6.2732,30.7
0.8599,-0.097322,0.15614,0.47615,32.276,27.52,6.3076,30.75
0.86013,-0.098072,0.15566,0.47574,32.316,27.517,6.3395,30.8
0.86024,-0.098711,0.15522,0.47555,32.353,27.514,6.3691,30.85
0.86036,-0.099481,0.15498,0.47524,32.387,27.511,6.3965,30.9
0.86068,-0.10004,0.15478,0.47462,32.417,27.509,6.421,30.95
0.86084,-0.10079,0.15419,0.47436,32.444,27.508,6.4426,31
0.86102,-0.10174,0.15391,0.47392,32.468,27.507,6.4622,31.05
0.86121,-0.10251,0.15356,0.47354,32.489,27.506,6.4791,31.1
0.86145,-0.10314,0.15313,0.47309,32.507,27.505,6.4936,31.15
0.86157,-0.10405,0.15252,0.47287,32.522,27.504,6.5056,31.2
0.86169,-0.10464,0.15242,0.47256,32.534,27.503,6.5153,31.25
0.86187,-0.10567,0.15194,0.47215,32.542,27.503,6.5225,31.3
0.86207,-0.10634,0.15166,0.47172,32.548,27.502,6.5272,31.35
0.86233,-0.10711,0.15127,0.4712,32.55,27.502,6.5295,31.4
0.86251,-0.10791,0.15075,0.47086,32.549,27.502,6.529,31.45
0.8626,-0.10862,0.15041,0.47064,32.545,27.503,6.5261,31.5
0.86272,-0.10918,0.15012,0.47038,32.538,27.503,6.5206,31.55
0.86301,-0.10976,0.14971,0.46985,32.528,27.504,6.5124,31.6
0.86326,-0.11062,0.14933,0.4693,32.516,27.505,6.5015,31.65
0.86343,-0.11151,0.14895,0.46889,32.499,27.506,6.4886,31.7
0.86356,-0.11235,0.1485,0.4686,32.48,27.508,6.4731,31.75
0.86368,-0.11315,0.14802,0.46833,32.458,27.51,6.4551,31.8
0.86379,-0.11366,0.14755,0.46816,32.433,27.511,6.4347,31.85
0.86397,-0.11443,0.14712,0.46777,32.405,27.512,6.412,31.9
0.86407,-0.11513,0.14674,0.46755,32.374,27.514,6.3869,31.95
0.86435,-0.11597,0.14631,0.46695,32.34,27.516,6.3591,32
0.86458,-0.11675,0.1459,0.46645,32.302,27.519,6.3287,32.05
0.86473,-0.11761,0.14596,0.46595,32.261,27.522,6.2959,32.1
0.86477,-0.11831,0.14571,0.46578,32.217,27.525,6.2605,32.15
0.86497,-0.11894,0.14489,0.46549,32.17,27.529,6.2228,32.2
0.8652,-0.11956,0.14459,0.465,32.12,27.533,6.1826,32.25
0.86526,-0.12052,0.14439,0.46471,32.067,27.537,6.1404,32.3
0.86548,-0.12105,0.14389,0.46432,32.01,27.542,6.0955,32.35
0.86563,-0.12214,0.14341,0.46389,31.951,27.546,6.0487,32.4
0.86579,-0.12268,0.14314,0.46355,31.889,27.551,5.9992,32.45
0.86598,-0.12347,0.14278,0.46308,31.823,27.557,5.9476,32.5
0.86622,-0.12431,0.14233,0.46256,31.755,27.562,5.8937,32.55
0.8664,-0.12524,0.14174,0.46214,31.683,27.568,5.8374,32.6
0.86658,-0.1257,0.14128,0.46181,31.609,27.574,5.7795,32.65
0.86674,-0.12632,0.14088,0.46148,31.531,27.58,5.7188,32.7
0.86673,-0.12719,0.14056,0.46135,31.451,27.587,5.6564,32.75
0.86691,-0.1279,0.14023,0.46091,31.368,27.594,5.5918,32.8
0.86711,-0.12883,0.13983,0.4604,31.282,27.601,5.525,32.85
0.86728,-0.1294,0.13967,0.45996,31.192,27.608,5.4563,32.9
0.86747,-0.13015,0.13897,0.45961,31.1,27.616,5.3857,32.95
0.86759,-0.13086,0.13862,0.45929,31.005,27.623,5.3129,33
0.86781,-0.13163,0.13807,0.45881,30.907,27.632,5.2382,33.05
0.86788,-0.13234,0.13802,0.4585,30.806,27.64,5.1615,33.1
0.86799,-0.13308,0.13777,0.45816,30.703,27.648,5.0836,33.15
0.8682,-0.13375,0.13709,0.45776,30.596,27.657,5.0039,33.2
0.86834,-0.13452,0.13682,0.45735,30.487,27.666,4.9219,33.25
0.86839,-0.13529,0.1363,0.45718,30.375,27.675,4.8384,33.3
0.86875,-0.13592,0.1359,0.45644,30.26,27.685,4.753,33.35
0.86874,-0.13678,0.13543,0.45633,30.143,27.695,4.6662,33.4
0.86887,-0.13767,0.13501,0.45595,30.022,27.705,4.5778,33.45
0.86915,-0.13811,0.13465,0.45539,29.899,27.715,4.4881,33.5
0.86918,-0.13911,0.13424,0.45515,29.774,27.726,4.3962,33.55
0.86936,-0.13966,0.13415,0.45465,29.645,27.736,4.3036,33.6
0.86943,-0.14039,0.13391,0.45438,29.514,27.747,4.2094,33.65
0.86964,-0.14132,0.13341,0.45382,29.38,27.758,4.1141,33.7
0.86977,-0.14199,0.13318,0.45344,29.244,27.77,4.017,33.75
0.86995,-0.14273,0.13244,0.45308,29.105,27.781,3.9187,33.8
0.87011,-0.14341,0.13214,0.45264,28.963,27.793,3.8192,33.85
0.87023,-0.14448,0.13169,0.45219,28.819,27.805,3.7185,33.9
0.87036,-0.14499,0.13136,0.45188,28.672,27.818,3.6168,33.95
0.87036,-0.1458,0.13092,0.45174,28.523,27.831,3.5141,34
0.87053,-0.14651,0.13051,0.45132,28.371,27.844,3.4102,34.05
0.8707,-0.14721,0.13034,0.4508,28.217,27.857,3.3056,34.1
0.87086,-0.14793,0.12991,0.45038,28.06,27.87,3.1999,34.15
0.87106,-0.14855,0.12947,0.44992,27.901,27.884,3.0934,34.2
0.87115,-0.1493,0.12902,0.44962,27.74,27.898,2.9861,34.25
0.87128,-0.15016,0.12873,0.44916,27.576,27.912,2.8781,34.3
0.87147,-0.15096,0.12825,0.44868,27.41,27.926,2.7697,34.35
0.87162,-0.1516,0.12775,0.4483,27.241,27.941,2.6603,34.4
0.87165,-0.15249,0.12737,0.44804,27.07,27.956,2.5505,34.45
0.87178,-0.15311,0.12696,0.4477,26.897,27.971,2.4401,34.5
0.87186,-0.15373,0.12678,0.44739,26.722,27.986,2.3291,34.55
0.87194,-0.15478,0.12661,0.44691,26.544,28.002,2.218,34.6
0.87212,-0.15528,0.12605,0.44655,26.365,28.018,2.1066,34.65
0.87218,-0.15617,0.12556,0.44626,26.183,28.034,1.9944,34.7
0.87242,-0.15683,0.12517,0.44567,25.998,28.05,1.8827,34.75
0.87248,-0.1575,0.12475,0.44542,25.812,28.066,1.7703,34.8
0.87275,-0.15822,0.12422,0.44479,25.624,28.083,1.6581,34.85
0.87292,-0.15889,0.12395,0.4443,25.434,28.1,1.5455,34.9
0.87292,-0.15986,0.12337,0.44412,25.241,28.117,1.4329,34.95
0.87299,-0.16066,0.12331,0.44371,25.047,28.135,1.3203,35
0.87323,-0.16131,0.12266,0.44318,24.851,28.152,1.2081,35.05
0.87316,-0.16191,0.12251,0.44313,24.653,28.17,1.0959,35.1
0.87347,-0.16244,0.12205,0.44246,24.453,28.188,0.98386,35.15
0.87359,-0.16354,0.12173,0.44191,24.251,28.207,0.8721,35.2
0.87359,-0.16433,0.12146,0.44169,24.047,28.225,0.76104,35.25
0.8738,-0.16487,0.12079,0.44126,23.842,28.244,0.64998,35.3
0.87392,-0.1656,0.12057,0.44081,23.635,28.264,0.53916,35.35
0.87401,-0.16631,0.12023,0.44045,23.426,28.283,0.42935,35.4
0.87408,-0.16708,0.11976,0.44014,23.215,28.303,0.31984,35.45
0.87429,-0.16774,0.11932,0.43959,23.003,28.322,0.21118,35.5
0.87433,-0.16867,0.11879,0.43929,22.789,28.342,0.10332,35.55
0.87437,-0.16939,0.11828,0.43909,22.573,28.363,-0.0042272,35.6
0.87462,-0.16997,0.11792,0.43845,22.356,28.383,-0.1109,35.65
0.8748,-0.17077,0.11744,0.43793,22.138,28.403,-0.21665,35.7
0.87497,-0.1714,0.11719,0.43739,21.918,28.425,-0.32165,35.75
0.87508,-0.17218,0.11665,0.43701,21.696,28.445,-0.42571,35.8
0.87509,-0.17319,0.11646,0.43664,21.473,28.467,-0.52901,35.85
0.87528,-0.17383,0.11577,0.4362,21.248,28.488,-0.63086,35.9
0.87538,-0.17443,0.11533,0.43587,21.023,28.51,-0.73167,35.95
0.87543,-0.17521,0.11513,0.43552,20.795,28.532,-0.83134,36
0.87546,-0.17608,0.11494,0.43516,20.567,28.554,-0.92989,36.05
0.87561,-0.1767,0.1145,0.43471,20.337,28.577,-1.027,36.1
0.87566,-0.17757,0.11411,0.43435,20.107,28.6,-1.1232,36.15
0.87571,-0.17835,0.11373,0.43405,19.874,28.623,-1.2176,36.2
0.87592,-0.179,0.11349,0.43341,19.641,28.646,-1.311,36.25
0.876,-0.17965,0.11297,0.43311,19.407,28.669,-1.4026,36.3
0.87604,-0.18036,0.11276,0.4328,19.171,28.693,-1.4927,36.35
0.87618,-0.18107,0.11237,0.43231,18.935,28.717,-1.5816,36.4
0.87629,-0.18177,0.1117,0.43196,18.697,28.741,-1.669,36.45
0.87645,-0.18242,0.11123,0.4315,18.459,28.765,-1.7546,36.5
0.87655,-0.18324,0.11053,0.43111,18.22,28.789,-1.8387,36.55
0.87661,-0.18413,0.11059,0.4306,17.979,28.814,-1.9208,36.6
0.87676,-0.18474,0.11002,0.43018,17.739,28.839,-2.0012,36.65
0.87687,-0.1856,0.10984,0.42964,17.497,28.864,-2.0799,36.7
0.877,-0.18635,0.10911,0.42924,17.254,28.889,-2.1567,36.75
0.87698,-0.18725,0.109,0.4289,17.011,28.915,-2.2317,36.8
0.87718,-0.18764,0.10858,0.42843,16.767,28.94,-2.3048,36.85
0.87727,-0.18845,0.1083,0.42797,16.522,28.966,-2.3759,36.9
0.87724,-0.18925,0.10785,0.42778,16.277,28.993,-2.4452,36.95
0.87739,-0.18997,0.10734,0.42728,16.031,29.019,-2.5122,37
0.87742,-0.19077,0.10709,0.42693,15.784,29.046,-2.5775,37.05
0.8776,-0.19145,0.10646,0.42642,15.537,29.073,-2.6405,37.1
0.87777,-0.19223,0.10602,0.42583,15.29,29.1,-2.7014,37.15
0.87786,-0.19265,0.10553,0.42557,15.042,29.127,-2.7604,37.2
0.87786,-0.1937,0.10518,0.42518,14.794,29.154,-2.817,37.25
0.8779,-0.19435,0.10501,0.42484,14.545,29.182,-2.8714,37.3
0.87803,-0.1952,0.10448,0.42431,14.296,29.21,-2.9237,37.35
0.87805,-0.19579,0.10428,0.42405,14.047,29.238,-2.9735,37.4
0.87813,-0.19663,0.10392,0.42358,13.798,29.266,-3.021,37.45
0.87815,-0.19748,0.10347,0.42326,13.548,29.295,-3.0665,37.5
0.87825,-0.19807,0.10287,0.42291,13.298,29.323,-3.1096,37.55
0.87838,-0.19868,0.10257,0.42244,13.048,29.352,-3.1501,37.6
0.87851,-0.19926,0.10209,0.42201,12.798,29.382,-3.1884,37.65
0.8786,-0.2003,0.10168,0.42142,12.548,29.411,-3.2245,37.7
0.87867,-0.20097,0.10139,0.42103,12.298,29.44,-3.258,37.75
0.87877,-0.20162,0.10114,0.42059,12.048,29.47,-3.2892,37.8
0.87886,-0.20247,0.10041,0.42016,11.799,29.5,-3.3179,37.85
0.87893,-0.203,0.10009,0.41983,11.549,29.53,-3.3439,37.9
0.87901,-0.20365,0.099687,0.41944,11.299,29.56,-3.3674,37.95
0.87916,-0.20449,0.099378,0.4188,11.05,29.59,-3.3885,38
0.87926,-0.2053,0.099205,0.41822,10.801,29.621,-3.4071,38.05
0.87933,-0.206,0.098586,0.41788,10.552,29.652,-3.4234,38.1
0.87939,-0.20659,0.098045,0.41759,10.303,29.683,-3.4373,38.15
0.87941,-0.20741,0.097759,0.41722,10.055,29.714,-3.4485,38.2
0.87947,-0.20813,0.097431,0.41679,9.8073,29.746,-3.4572,38.25
0.87955,-0.2088,0.097046,0.41639,9.5598,29.778,-3.4633,38.3
0.87972,-0.20955,0.096554,0.41577,9.313,29.81,-3.4673,38.35
0.87966,-0.21029,0.096098,0.41561,9.0666,29.842,-3.4684,38.4
0.87975,-0.21107,0.095805,0.4151,8.8207,29.874,-3.467,38.45
0.87969,-0.21175,0.09531,0.41499,8.5754,29.907,-3.4628,38.5
0.87987,-0.21262,0.094798,0.41428,8.3307,29.939,-3.4561,38.55
0.88006,-0.21355,0.094449,0.41348,8.0866,29.972,-3.4471,38.6
0.88006,-0.2141,0.094329,0.41323,7.8432,30.005,-3.4356,38.65
0.87997,-0.21483,0.093925,0.41313,7.6005,30.037,-3.4214,38.7
0.88016,-0.21573,0.093421,0.41237,7.3584,30.071,-3.405,38.75
0.88024,-0.21643,0.092952,0.41195,7.1175,30.104,-3.3861,38.8
0.88024,-0.21715,0.092573,0.41165,6.8772,30.138,-3.3645,38.85
0.88038,-0.21763,0.092318,0.41115,6.638,30.173,-3.3404,38.9
0.88046,-0.21822,0.091657,0.41081,6.3997,30.207,-3.3138,38.95
0.88051,-0.21919,0.091334,0.41027,6.1624,30.241,-3.2848,39
0.88047,-0.21983,0.091054,0.41007,5.9261,30.275,-3.2534,39.05
0.88063,-0.22034,0.090677,0.40953,5.6908,30.31,-3.2199,39.1
0.88065,-0.22132,0.090043,0.40911,5.4566,30.345,-3.1836,39.15
0.88084,-0.22186,0.089699,0.40848,5.2235,30.38,-3.1448,39.2
0.88081,-0.22272,0.089568,0.4081,4.9914,30.415,-3.1039,39.25
0.88087,-0.22339,0.089095,0.40771,4.7606,30.45,-3.0605,39.3
0.8809,-0.22428,0.088665,0.40725,4.531,30.486,-3.0144,39.35
0.88096,-0.2251,0.088113,0.40679,4.3028,30.522,-2.9665,39.4
0.88104,-0.22553,0.08768,0.40646,4.0759,30.558,-2.9159,39.45
0.88101,-0.22647,0.087276,0.40609,3.8502,30.594,-2.8633,39.5
0.88117,-0.22718,0.086915,0.40542,3.6259,30.63,-2.8085,39.55
0.88119,-0.22772,0.086442,0.40519,3.4031,30.667,-2.7515,39.6
0.8812,-0.22836,0.086029,0.40489,3.1815,30.704,-2.6927,39.65
0.88112,-0.22922,0.086079,0.40457,2.9614,30.74,-2.6317,39.7
0.88133,-0.22977,0.085395,0.40395,2.7428,30.777,-2.5684,39.75
0.88126,-0.23068,0.085127,0.40362,2.526,30.814,-2.5031,39.8
0.88138,-0.23152,0.084671,0.40299,2.3105,30.852,-2.4357,39.85
0.88146,-0.23217,0.084312,0.40252,2.0966,30.889,-2.366,39.9
0.88145,-0.23291,0.083704,0.40223,1.8845,30.926,-2.2945,39.95
0.88144,-0.23349,0.083419,0.40197,1.6738,30.964,-2.2211,40
0.8814,-0.23439,0.083155,0.4016,1.465,31.002,-2.1458,40.05
0.88157,-0.23478,0.082818,0.40108,1.2579,31.04,-2.0689,40.1
0.8816,-0.23557,0.081994,0.4007,1.0525,31.078,-1.9898,40.15
0.88168,-0.23657,0.081616,0.40001,0.84893,31.116,-1.9091,40.2
0.8818,-0.23723,0.081392,0.39941,0.64706,31.155,-1.8266,40.25
0.88183,-0.238,0.081084,0.39893,0.4469,31.194,-1.7425,40.3
0.88201,-0.23857,0.080491,0.39833,0.249,31.232,-1.6566,40.35
0.88183,-0.23936,0.080113,0.39832,0.052958,31.272,-1.5694,40.4
0.88198,-0.23973,0.079922,0.39781,-0.14119,31.311,-1.4803,40.45
0.88202,-0.24031,0.079634,0.39744,-0.33337,31.35,-1.3899,40.5
0.88204,-0.24091,0.079235,0.39711,-0.52358,31.39,-1.2976,40.55
0.88212,-0.24195,0.078401,0.39647,-0.71185,31.43,-1.2043,40.6
0.88215,-0.24278,0.077917,0.39598,-0.89783,31.469,-1.1092,40.65
0.88221,-0.24363,0.077586,0.39538,-1.0816,31.51,-1.0131,40.7
0.88226,-0.24419,0.077283,0.395,-1.2633,31.55,-0.9156,40.75
0.88226,-0.24492,0.076989,0.39458,-1.443,31.59,-0.81697,40.8
0.88214,-0.24582,0.076501,0.39439,-1.6205,31.631,-0.71727,40.85
0.88217,-0.2464,0.076107,0.39406,-1.7956,31.671,-0.61655,40.9
0.88233,-0.24712,0.075458,0.39336,-1.9685,31.711,-0.51435,40.95
0.88234,-0.24782,0.075081,0.39298,-2.1392,31.752,-0.41109,41
0.88238,-0.24877,0.074832,0.39232,-2.3076,31.793,-0.307,41.05
0.88234,-0.24929,0.074562,0.39214,-2.4737,31.834,-0.20204,41.1
0.88245,-0.25004,0.073907,0.39153,-2.6374,31.876,-0.096117,41.15
0.88235,-0.251,0.073804,0.39117,-2.7987,31.917,0.010959,41.2
0.88245,-0.25157,0.073072,0.39072,-2.9576,31.959,0.11855,41.25
0.88251,-0.25223,0.072633,0.39023,-3.114,32,0.22683,41.3
0.88252,-0.25306,0.072364,0.38972,-3.2682,32.042,0.33588,41.35
0.88256,-0.2537,0.072204,0.38924,-3.4199,32.083,0.44521,41.4
0.88264,-0.25438,0.071778,0.3887,-3.569,32.126,0.55523,41.45
0.88248,-0.25537,0.071302,0.38851,-3.7158,32.168,0.66593,41.5
0.88261,-0.256,0.070658,0.3879,-3.8599,32.21,0.77692,41.55
0.88262,-0.25662,0.070451,0.38752,-4.0015,32.253,0.88843,41.6
0.88263,-0.25736,0.069783,0.38712,-4.1407,32.295,1.0005,41.65
0.88266,-0.25786,0.069482,0.38678,-4.2771,32.338,1.1125,41.7
0.88257,-0.25874,0.069322,0.38641,-4.4109,32.381,1.2247,41.75
0.88268,-0.25941,0.068977,0.38578,-4.542,32.424,1.3369,41.8
0.88272,-0.25992,0.068509,0.38544,-4.6705,32.467,1.4494,41.85
0.88264,-0.26076,0.067823,0.38516,-4.7962,32.51,1.5621,41.9
0.88276,-0.26155,0.067386,0.38443,-4.9192,32.553,1.6746,41.95
0.88273,-0.26233,0.067329,0.38396,-5.0394,32.597,1.7868,42
0.88278,-0.26315,0.066967,0.38338,-5.157,32.64,1.899,42.05
0.88277,-0.26375,0.066572,0.38304,-5.2718,32.684,2.0111,42.1
0.88292,-0.26426,0.065861,0.38247,-5.3838,32.728,2.1228,42.15
0.88281,-0.26519,0.065322,0.38217,-5.493,32.772,2.2342,42.2
0.88289,-0.26576,0.065026,0.38165,-5.5993,32.817,2.3455,42.25
0.88291,-0.26623,0.064876,0.3813,-5.7028,32.861,2.4559,42.3
0.88287,-0.26695,0.064284,0.38098,-5.8033,32.905,2.5661,42.35
0.88285,-0.26796,0.06388,0.38038,-5.9011,32.949,2.676,42.4
0.88278,-0.26861,0.063606,0.38013,-5.9959,32.994,2.7853,42.45
0.88274,-0.26941,0.063117,0.37975,-6.0877,33.038,2.894,42.5
0.88274,-0.27023,0.06269,0.37924,-6.1767,33.083,3.0021,42.55
0.88293,-0.27088,0.062342,0.37837,-6.2628,33.128,3.1093,42.6
0.8829,-0.27162,0.061873,0.37801,-6.3459,33.173,3.2155,42.65
0.88286,-0.27229,0.061548,0.37766,-6.4262,33.218,3.3211,42.7
0.88291,-0.27288,0.061075,0.37718,-6.5035,33.263,3.4258,42.75
0.8829,-0.27356,0.060717,0.37679,-6.5778,33.309,3.5295,42.8
0.88288,-0.27445,0.060337,0.37624,-6.6492,33.354,3.6322,42.85
0.88291,-0.27532,0.059686,0.37564,-6.7175,33.4,3.734,42.9
0.88291,-0.27584,0.059321,0.37532,-6.7827,33.445,3.8344,42.95
0.883,-0.27624,0.05921,0.37483,-6.8449,33.491,3.9341,43
0.88293,-0.27689,0.058784,0.37459,-6.9041,33.537,4.0322,43.05
0.88291,-0.27789,0.058416,0.37394,-6.9604,33.583,4.1288,43.1
0.88299,-0.27861,0.058058,0.37327,-7.0136,33.629,4.2242,43.15
0.88295,-0.2796,0.057425,0.37272,-7.0639,33.675,4.3183,43.2
0.88298,-0.28015,0.056981,0.37232,-7.1109,33.721,4.4111,43.25
0.88306,-0.28062,0.056776,0.37179,-7.1548,33.768,4.5023,43.3
0.88296,-0.28156,0.056257,0.37141,-7.1958,33.814,4.592,43.35
0.88286,-0.28211,0.055807,0.3713,-7.2336,33.86,4.6803,43.4
0.88284,-0.28271,0.05551,0.37092,-7.2684,33.907,4.7669,43.45
0.883,-0.2835,0.05491,0.37004,-7.3,33.954,4.8522,43.5
0.88296,-0.28421,0.054762,0.36961,-7.3286,34.001,4.9356,43.55
0.88304,-0.28465,0.054239,0.36916,-7.354,34.048,5.0172,43.6
0.8829,-0.28557,0.053684,0.36886,-7.376,34.095,5.0968,43.65
0.88289,-0.2862,0.053435,0.36843,-7.3952,34.142,5.1748,43.7
0.88274,-0.28704,0.053072,0.36819,-7.4111,34.189,5.251,43.75
0.88273,-0.28776,0.052717,0.36769,-7.4239,34.236,5.3255,43.8
0.88282,-0.28838,0.05237,0.36704,-7.4337,34.283,5.398,43.85
0.88269,-0.28926,0.052189,0.3667,-7.4404,34.33,5.4686,43.9
0.88274,-0.29014,0.051606,0.36597,-7.4439,34.378,5.5372,43.95
0.88289,-0.29066,0.051151,0.36526,-7.4446,34.425,5.6034,44
0.88275,-0.29133,0.050503,0.36514,-7.4419,34.473,5.6676,44.05
0.88283,-0.29177,0.050146,0.36464,-7.4361,34.521,5.73,44.1
0.88282,-0.29248,0.049949,0.36414,-7.4272,34.568,5.7902,44.15
0.88284,-0.29306,0.049402,0.36369,-7.4152,34.616,5.8487,44.2
0.88271,-0.29408,0.049044,0.36322,-7.4002,34.664,5.9043,44.25
0.88268,-0.29478,0.048542,0.36281,-7.3821,34.712,5.9579,44.3
0.88261,-0.29551,0.048163,0.36244,-7.3607,34.76,6.0088,44.35
0.88252,-0.29613,0.047866,0.36218,-7.3361,34.808,6.0578,44.4
0.8825,-0.29697,0.047577,0.36158,-7.3084,34.856,6.1047,44.45
0.88257,-0.29755,0.046837,0.36102,-7.2776,34.905,6.1492,44.5
0.88262,-0.29805,0.046565,0.36054,-7.2438,34.953,6.1913,44.55
0.88251,-0.29892,0.046188,0.36012,-7.207,35.001,6.2313,44.6
0.88254,-0.29962,0.045982,0.3595,-7.1669,35.05,6.2687,44.65
0.88251,-0.30029,0.045365,0.35908,-7.1239,35.098,6.3036,44.7
0.88245,-0.30125,0.045009,0.35847,-7.0779,35.146,6.3363,44.75
0.8824,-0.30171,0.04465,0.35825,-7.0287,35.195,6.3663,44.8
0.88235,-0.30244,0.044142,0.35783,-6.9763,35.244,6.3941,44.85
0.88237,-0.30322,0.043705,0.35717,-6.9209,35.293,6.4195,44.9
0.88233,-0.30378,0.043154,0.35685,-6.8624,35.341,6.4423,44.95
0.88223,-0.30464,0.042795,0.35642,-6.8011,35.391,6.4627,45
0.8822,-0.3053,0.042547,0.35595,-6.7366,35.439,6.4808,45.05
0.88213,-0.30587,0.041958,0.35572,-6.669,35.488,6.4957,45.1
0.88213,-0.30656,0.041791,0.35513,-6.5985,35.537,6.5087,45.15
0.88211,-0.30746,0.041384,0.35444,-6.5251,35.586,6.5191,45.2
0.882,-0.30827,0.040894,0.35409,-6.4487,35.635,6.5271,45.25
0.88204,-0.30882,0.040425,0.35356,-6.3693,35.684,6.5323,45.3
0.88209,-0.30938,0.039714,0.35302,-6.2869,35.733,6.5349,45.35
0.88214,-0.31005,0.039124,0.35237,-6.2017,35.783,6.5349,45.4
0.88204,-0.31079,0.038971,0.35198,-6.1135,35.832,6.5322,45.45
0.88197,-0.31157,0.038785,0.35149,-6.0222,35.881,6.5276,45.5
0.88198,-0.31217,0.038606,0.35095,-5.9281,35.93,6.52,45.55
0.88187,-0.31292,0.038149,0.35062,-5.8312,35.98,6.5104,45.6
0.88191,-0.31354,0.037368,0.35004,-5.7313,36.03,6.4978,45.65
0.8818,-0.31412,0.037183,0.34983,-5.6286,36.079,6.4827,45.7
0.88176,-0.3149,0.036538,0.34929,-5.5231,36.129,6.4657,45.75
0.88169,-0.31568,0.036001,0.34881,-5.4148,36.178,6.4458,45.8
0.88165,-0.31626,0.035746,0.34841,-5.3035,36.228,6.4236,45.85
0.88153,-0.31713,0.035488,0.34794,-5.1896,36.277,6.3987,45.9
0.88166,-0.31752,0.035172,0.34731,-5.073,36.327,6.3714,45.95
0.88159,-0.31821,0.034861,0.34687,-4.9534,36.376,6.3414,46
0.8815,-0.31918,0.034388,0.34626,-4.8312,36.426,6.3091,46.05
0.88141,-0.31978,0.03377,0.346,-4.7064,36.476,6.2745,46.1
0.88135,-0.32041,0.033557,0.3456,-4.5787,36.526,6.2374,46.15
0.88131,-0.32114,0.033071,0.34507,-4.4485,36.575,6.198,46.2
0.88132,-0.32176,0.032695,0.34448,-4.3156,36.625,6.1562,46.25
0.88121,-0.32269,0.032216,0.34396,-4.1799,36.675,6.1117,46.3
0.88123,-0.32332,0.031738,0.34336,-4.0419,36.725,6.0649,46.35
0.8812,-0.32401,0.031202,0.34282,-3.9012,36.775,6.016,46.4
0.88121,-0.32451,0.031094,0.34235,-3.7579,36.825,5.9651,46.45
0.88109,-0.32516,0.030537,0.34207,-3.6118,36.875,5.9119,46.5
0.88104,-0.32583,0.029623,0.34165,-3.4634,36.924,5.8563,46.55
0.88096,-0.32655,0.029923,0.34114,-3.3125,36.974,5.7991,46.6
0.88087,-0.32727,0.029763,0.34069,-3.159,37.024,5.7391,46.65
0.88084,-0.32803,0.029042,0.34011,-3.0032,37.074,5.6774,46.7
0.88068,-0.32875,0.028452,0.33987,-2.8448,37.124,5.6129,46.75
0.88065,-0.32933,0.02821,0.33942,-2.684,37.174,5.547,46.8
0.88061,-0.33016,0.027688,0.33876,-2.521,37.224,5.4791,46.85
0.88056,-0.3308,0.027325,0.33828,-2.3557,37.274,5.4086,46.9
0.88045,-0.33173,0.027023,0.33768,-2.1879,37.324,5.3368,46.95
0.88045,-0.33203,0.026522,0.33744,-2.0179,37.374,5.2624,47
0.88039,-0.3328,0.026199,0.33686,-1.8456,37.424,5.1863,47.05
0.8803,-0.33363,0.025587,0.33631,-1.671,37.474,5.1089,47.1
0.88021,-0.3343,0.025243,0.33591,-1.4942,37.524,5.0296,47.15
0.88015,-0.33494,0.024983,0.33546,-1.3153,37.574,4.9481,47.2
0.88008,-0.33579,0.024554,0.3348,-1.1341,37.624,4.8651,47.25
0.88001,-0.33617,0.024245,0.33464,-0.9508,37.674,4.7804,47.3
0.88005,-0.33687,0.023706,0.33386,-0.76545,37.724,4.6941,47.35
0.87995,-0.33768,0.023322,0.33335,-0.57786,37.775,4.606,47.4
0.87988,-0.33823,0.023005,0.33298,-0.38827,37.825,4.5165,47.45
0.87971,-0.33896,0.022368,0.33274,-0.19663,37.875,4.4251,47.5
0.8796,-0.33986,0.021927,0.33215,-0.0029798,37.925,4.3326,47.55
0.87969,-0.3405,0.021645,0.33127,0.19268,37.975,4.2386,47.6
0.87956,-0.34115,0.021214,0.33098,0.39016,38.024,4.1433,47.65
0.87956,-0.34174,0.020761,0.3304,0.58958,38.074,4.0464,47.7
0.87942,-0.34246,0.020319,0.33004,0.79086,38.124,3.9484,47.75
0.87937,-0.3431,0.019729,0.32955,0.99389,38.174,3.8492,47.8
0.8793,-0.34393,0.019249,0.32889,1.1987,38.224,3.749,47.85
0.8792,-0.3447,0.019195,0.32836,1.4054,38.274,3.6479,47.9
0.87912,-0.34526,0.018795,0.32801,1.6138,38.324,3.5458,47.95
0.8791,-0.34592,0.018459,0.32738,1.8239,38.374,3.4426,48
0.87909,-0.34648,0.018017,0.32685,2.0355,38.423,3.3377,48.05
0.87897,-0.34713,0.017627,0.32649,2.2489,38.473,3.232,48.1
0.87891,-0.34781,0.01719,0.32597,2.4639,38.523,3.1255,48.15
0.8787,-0.3486,0.016698,0.32572,2.6806,38.573,3.0183,48.2
0.8785,-0.34956,0.01648,0.32522,2.899,38.622,2.9106,48.25
0.87848,-0.35029,0.016064,0.32452,3.1186,38.672,2.8023,48.3
0.87847,-0.35073,0.015517,0.3241,3.3398,38.722,2.693,48.35
0.87834,-0.3514,0.015143,0.32375,3.5625,38.771,2.5832,48.4
0.87834,-0.352,0.014709,0.32311,3.7864,38.821,2.473,48.45
0.87825,-0.35254,0.014199,0.32278,4.0118,38.87,2.3625,48.5
0.87809,-0.35344,0.013788,0.32225,4.2385,38.92,2.2513,48.55
0.87812,-0.354,0.013482,0.32158,4.4665,38.969,2.1398,48.6
0.87802,-0.35469,0.013031,0.32109,4.6959,39.019,2.028,48.65
0.878,-0.35528,0.01267,0.32052,4.9264,39.068,1.9161,48.7
0.87797,-0.35598,0.012122,0.31984,5.158,39.118,1.8036,48.75
0.87772,-0.35683,0.011666,0.31959,5.3908,39.167,1.6912,48.8
0.87757,-0.35754,0.011155,0.31925,5.6249,39.216,1.5787,48.85
0.87751,-0.35828,0.011012,0.31856,5.8595,39.265,1.4668,48.9
0.87752,-0.35879,0.010231,0.31799,6.0952,39.314,1.3545,48.95
0.87733,-0.35941,0.0099279,0.31785,6.3318,39.363,1.2418,49
0.8772,-0.36003,0.0096703,0.31749,6.5695,39.412,1.1296,49.05
0.87711,-0.36081,0.0094796,0.31688,6.8081,39.461,1.0177,49.1
0.87702,-0.36148,0.0090419,0.31635,7.0476,39.51,0.90586,49.15
0.87703,-0.36206,0.0087373,0.31568,7.2881,39.559,0.7947,49.2
0.87681,-0.36292,0.0082046,0.31531,7.5294,39.608,0.68317,49.25
0.8767,-0.36356,0.0077439,0.3149,7.7716,39.657,0.57254,49.3
0.87675,-0.36415,0.0072631,0.31408,8.0145,39.706,0.46266,49.35
0.87664,-0.36482,0.0068064,0.31362,8.2583,39.755,0.35312,49.4
0.87651,-0.36557,0.0063795,0.31311,8.5028,39.804,0.2439,49.45
0.87634,-0.36639,0.0059288,0.31265,8.7479,39.852,0.13548,49.5
0.87624,-0.36714,0.0054477,0.31205,8.9937,39.901,0.027946,49.55
0.87623,-0.3674,0.0050002,0.31178,9.24,39.949,-0.079207,49.6
0.87618,-0.36803,0.0046939,0.31118,9.487,39.998,-0.18537,49.65
0.87597,-0.36904,0.0044035,0.31059,9.7345,40.046,-0.28989,49.7
0.87592,-0.36938,0.0039546,0.31032,9.9824,40.094,-0.39443,49.75
0.87583,-0.37006,0.0035702,0.30979,10.231,40.143,-0.49778,49.8
0.87561,-0.37084,0.003123,0.30946,10.479,40.191,-0.60013,49.85
0.87553,-0.37152,0.002802,0.30888,10.728,40.239,-0.70139,49.9
0.87536,-0.37227,0.0024655,0.30848,10.977,40.287,-0.80158,49.95
0.87532,-0.37298,0.0020084,0.30774,11.227,40.336,-0.90051,50
0.87526,-0.37351,0.0015282,0.30726,11.476,40.384,-0.99798,50.05
0.87499,-0.37429,0.0012171,0.30708,11.726,40.432,-1.0943,50.1
0.87505,-0.37488,0.00070325,0.3062,11.976,40.479,-1.1891,50.15
0.87497,-0.37538,0.00016666,0.30579,12.226,40.527,-1.2825,50.2
0.87478,-0.37619,-0.00032802,0.30536,12.476,40.575,-1.3748,50.25
0.87472,-0.37679,-0.00075836,0.30478,12.726,40.622,-1.4655,50.3
0.87458,-0.3774,-0.00097777,0.30441,12.976,40.67,-1.5545,50.35
0.87434,-0.3783,-0.0013687,0.304,13.226,40.717,-1.6424,50.4
0.87431,-0.37882,-0.0018792,0.30342,13.476,40.765,-1.7286,50.45
0.87425,-0.37948,-0.0021624,0.30277,13.725,40.812,-1.8128,50.5
0.87419,-0.38015,-0.0023943,0.3021,13.975,40.859,-1.8953,50.55
0.87399,-0.38084,-0.0029076,0.30181,14.224,40.906,-1.9762,50.6
0.87379,-0.38182,-0.0032084,0.30117,14.473,40.953,-2.0556,50.65
0.87378,-0.38221,-0.0037388,0.30067,14.721,41,-2.1329,50.7
0.87368,-0.38278,-0.0043039,0.30024,14.97,41.047,-2.2087,50.75
0.87355,-0.38352,-0.0048549,0.29967,15.218,41.094,-2.2823,50.8
0.87336,-0.38429,-0.0051643,0.29923,15.465,41.14,-2.3537,50.85
0.87313,-0.38507,-0.0055697,0.2989,15.712,41.187,-2.4232,50.9
0.87317,-0.38546,-0.0058683,0.29826,15.959,41.233,-2.4907,50.95
0.87309,-0.38615,-0.0062303,0.29761,16.205,41.279,-2.5566,51
0.87304,-0.38671,-0.0066691,0.29701,16.45,41.326,-2.62,51.05
0.87278,-0.38752,-0.0070631,0.29671,16.695,41.372,-2.6814,51.1
0.87269,-0.38825,-0.0072022,0.29602,16.94,41.418,-2.7413,51.15
0.87256,-0.38882,-0.0077922,0.29563,17.183,41.464,-2.7981,51.2
0.87237,-0.38961,-0.0080958,0.29513,17.426,41.51,-2.8531,51.25
0.87229,-0.39012,-0.0085035,0.29468,17.668,41.556,-2.906,51.3
0.87218,-0.39065,-0.0090567,0.2943,17.909,41.601,-2.9565,51.35
0.87198,-0.39153,-0.0091206,0.29373,18.15,41.647,-3.0048,51.4
0.87183,-0.39229,-0.009794,0.29315,18.389,41.692,-3.0509,51.45
0.87177,-0.39288,-0.010145,0.29251,18.628,41.738,-3.0948,51.5
0.87168,-0.39335,-0.011006,0.29213,18.866,41.783,-3.1361,51.55
0.87153,-0.39399,-0.011404,0.29168,19.102,41.829,-3.175,51.6
0.87134,-0.39473,-0.011742,0.29125,19.338,41.874,-3.2113,51.65
0.87113,-0.3955,-0.012097,0.29081,19.573,41.918,-3.2453,51.7
0.87123,-0.3959,-0.012316,0.28995,19.806,41.963,-3.2772,51.75
0.87108,-0.3966,-0.012943,0.28942,20.039,42.008,-3.3065,51.8
0.87102,-0.39718,-0.013292,0.28877,20.27,42.052,-3.3332,51.85
0.87077,-0.39789,-0.013791,0.28853,20.501,42.097,-3.3576,51.9
0.87063,-0.39857,-0.014078,0.28802,20.729,42.141,-3.3793,51.95
0.87041,-0.3993,-0.014462,0.28763,20.957,42.186,-3.3985,52
0.87031,-0.39985,-0.015036,0.28713,21.183,42.23,-3.4156,52.05
0.87006,-0.40082,-0.015346,0.28653,21.408,42.274,-3.4298,52.1
0.86997,-0.40132,-0.015866,0.28608,21.631,42.318,-3.4418,52.15
0.86977,-0.40202,-0.016199,0.28567,21.853,42.361,-3.4512,52.2
0.86965,-0.40259,-0.016517,0.28523,22.074,42.405,-3.4579,52.25
0.86954,-0.40326,-0.017098,0.2846,22.293,42.448,-3.4621,52.3
0.86933,-0.40389,-0.017487,0.28431,22.511,42.491,-3.4639,52.35
0.86934,-0.4045,-0.017548,0.28341,22.727,42.535,-3.463,52.4
0.8691,-0.4054,-0.017924,0.28283,22.941,42.578,-3.4597,52.45
0.86888,-0.40603,-0.01856,0.28258,23.154,42.621,-3.4537,52.5
0.8688,-0.40657,-0.01906,0.28201,23.365,42.664,-3.4457,52.55
0.86872,-0.40714,-0.019469,0.28141,23.574,42.706,-3.4349,52.6
0.86859,-0.40782,-0.019818,0.2808,23.782,42.749,-3.4216,52.65
0.86841,-0.40835,-0.020051,0.28055,23.988,42.792,-3.4059,52.7
0.86834,-0.40894,-0.020728,0.27988,24.192,42.834,-3.3873,52.75
0.86805,-0.40977,-0.021024,0.27953,24.395,42.877,-3.3666,52.8
0.86809,-0.41039,-0.021435,0.27845,24.595,42.919,-3.3443,52.85
0.86785,-0.41107,-0.021655,0.27817,24.792,42.961,-3.3193,52.9
0.8677,-0.41166,-0.022271,0.27774,24.988,43.004,-3.2902,52.95
0.86751,-0.41253,-0.022519,0.27702,25.182,43.046,-3.2587,53
0.86732,-0.41328,-0.022892,0.27647,25.374,43.088,-3.2254,53.05
0.86724,-0.41367,-0.023313,0.27611,25.564,43.13,-3.1896,53.1
0.86702,-0.4145,-0.023566,0.27553,25.752,43.171,-3.1511,53.15
0.86689,-0.4152,-0.024189,0.27483,25.938,43.213,-3.1106,53.2
0.86668,-0.41559,-0.024727,0.27486,26.122,43.255,-3.0679,53.25
0.86646,-0.41644,-0.024897,0.27425,26.304,43.296,-3.0226,53.3
0.86627,-0.41711,-0.025455,0.27377,26.484,43.337,-2.9754,53.35
0.8661,-0.41778,-0.025747,0.27327,26.662,43.377,-2.9257,53.4
0.86621,-0.41803,-0.025923,0.27249,26.838,43.418,-2.8736,53.45
0.86602,-0.41868,-0.026339,0.27207,27.011,43.458,-2.8198,53.5
0.86563,-0.41971,-0.026972,0.27167,27.183,43.499,-2.7637,53.55
0.86557,-0.42007,-0.027736,0.27122,27.352,43.539,-2.7051,53.6
0.86539,-0.42093,-0.028044,0.27044,27.518,43.578,-2.6445,53.65
0.86532,-0.42143,-0.028391,0.26984,27.682,43.618,-2.5822,53.7
0.86514,-0.42211,-0.028779,0.26931,27.844,43.658,-2.5179,53.75
0.86509,-0.4226,-0.029352,0.26863,28.003,43.698,-2.4511,53.8
0.86485,-0.42339,-0.029798,0.2681,28.16,43.737,-2.3824,53.85
0.86462,-0.42405,-0.03008,0.2678,28.315,43.777,-2.3116,53.9
0.86449,-0.42458,-0.030446,0.26732,28.467,43.816,-2.2387,53.95
0.86423,-0.42538,-0.030987,0.26684,28.617,43.855,-2.1641,54
0.86411,-0.42604,-0.031257,0.26614,28.764,43.893,-2.0875,54.05
0.86406,-0.42644,-0.031595,0.26562,28.909,43.932,-2.0093,54.1
0.8639,-0.42714,-0.03193,0.26497,29.052,43.97,-1.929,54.15
0.86369,-0.42773,-0.032396,0.26466,29.191,44.008,-1.8472,54.2
0.86353,-0.4284,-0.032932,0.26401,29.329,44.046,-1.763,54.25
0.86341,-0.42887,-0.033286,0.26359,29.463,44.084,-1.6773,54.3
0.86324,-0.42948,-0.033638,0.26311,29.595,44.122,-1.5906,54.35
0.86296,-0.43036,-0.034021,0.26255,29.725,44.159,-1.502,54.4
0.86273,-0.43108,-0.034224,0.26209,29.851,44.196,-1.4114,54.45
0.86256,-0.43169,-0.034938,0.26154,29.975,44.233,-1.32,54.5
0.86244,-0.43219,-0.035316,0.26107,30.097,44.27,-1.2267,54.55
0.86218,-0.43286,-0.035788,0.26077,30.215,44.306,-1.1324,54.6
0.86199,-0.43356,-0.036153,0.26018,30.331,44.343,-1.0362,54.65
0.86187,-0.43415,-0.036447,0.25955,30.444,44.38,-0.93908,54.7
0.86169,-0.43492,-0.036963,0.25878,30.554,44.416,-0.84083,54.75
0.86161,-0.43536,-0.037089,0.25829,30.661,44.452,-0.74127,54.8
0.86131,-0.43617,-0.037542,0.25786,30.766,44.488,-0.64075,54.85
0.86124,-0.43663,-0.038341,0.25719,30.867,44.523,-0.5392,54.9
0.86095,-0.43745,-0.03855,0.25673,30.966,44.559,-0.43592,54.95
0.86083,-0.43803,-0.038943,0.25611,31.061,44.594,-0.33182,55
0.86064,-0.4385,-0.03907,0.25591,31.154,44.629,-0.22663,55.05
0.86036,-0.4393,-0.039445,0.25541,31.244,44.664,-0.12074,55.1
0.86025,-0.43981,-0.040124,0.2548,31.331,44.699,-0.014423,55.15
0.86005,-0.44051,-0.040587,0.2542,31.415,44.734,0.092484,55.2
0.85993,-0.44104,-0.040914,0.25364,31.496,44.768,0.20079,55.25
0.85961,-0.44195,-0.041414,0.25306,31.575,44.803,0.30949,55.3
0.85948,-0.44257,-0.041706,0.25238,31.65,44.837,0.41901,55.35
0.85927,-0.44301,-0.042266,0.2522,31.722,44.871,0.52881,55.4
0.85906,-0.44372,-0.042768,0.25159,31.791,44.905,0.6394,55.45
0.85901,-0.44412,-0.042889,0.25104,31.858,44.938,0.75007,55.5
0.85862,-0.44514,-0.043496,0.25045,31.921,44.972,0.86136,55.55
0.85861,-0.44544,-0.043748,0.24992,31.98,45.005,0.97326,55.6
0.85851,-0.44599,-0.044015,0.24923,32.037,45.039,1.0855,55.65
0.85822,-0.4467,-0.044515,0.24889,32.091,45.072,1.1975,55.7
0.85809,-0.4471,-0.045,0.24849,32.141,45.105,1.3099,55.75
0.85792,-0.44776,-0.045258,0.24786,32.189,45.138,1.4223,55.8
0.85772,-0.44834,-0.045543,0.24746,32.233,45.17,1.535,55.85
0.85743,-0.44901,-0.046136,0.24712,32.275,45.203,1.6475,55.9
0.85707,-0.45004,-0.046546,0.24646,32.313,45.235,1.7601,55.95
0.85682,-0.45071,-0.047064,0.24598,32.349,45.266,1.8721,56
0.85673,-0.45118,-0.047291,0.24537,32.381,45.298,1.9843,56.05
0.8565,-0.45188,-0.04782,0.24481,32.411,45.33,2.0965,56.1
0.85636,-0.45236,-0.048293,0.24433,32.437,45.361,2.2078,56.15
0.85625,-0.453,-0.04872,0.24344,32.46,45.392,2.319,56.2
0.85588,-0.45387,-0.049068,0.24302,32.48,45.423,2.43,56.25
0.85578,-0.45425,-0.049409,0.24258,32.497,45.453,2.5404,56.3
0.85546,-0.45499,-0.049915,0.24223,32.512,45.484,2.6504,56.35
0.85533,-0.45561,-0.050288,0.24144,32.523,45.513,2.76,56.4
0.85505,-0.45625,-0.051014,0.24109,32.53,45.543,2.8686,56.45
0.85507,-0.4565,-0.051157,0.24051,32.535,45.572,2.9768,56.5
0.85479,-0.45722,-0.051522,0.24006,32.537,45.602,3.084,56.55
0.85466,-0.45783,-0.051876,0.23928,32.535,45.631,3.1906,56.6
0.85441,-0.45839,-0.052272,0.23901,32.53,45.66,3.2965,56.65
0.8542,-0.4589,-0.052529,0.23872,32.523,45.688,3.4018,56.7
0.85397,-0.45963,-0.052859,0.23808,32.511,45.717,3.5054,56.75
0.85372,-0.46053,-0.053351,0.23712,32.498,45.745,3.6085,56.8
0.85349,-0.46103,-0.053914,0.23683,32.48,45.774,3.7105,56.85
0.85352,-0.46138,-0.054261,0.23599,32.46,45.801,3.8112,56.9
0.85319,-0.46212,-0.054726,0.23563,32.436,45.829,3.9112,56.95
0.85302,-0.46279,-0.055003,0.23484,32.41,45.857,4.0091,57
0.85274,-0.46347,-0.055396,0.23442,32.38,45.884,4.1061,57.05
0.85247,-0.46419,-0.055463,0.23398,32.347,45.911,4.2016,57.1
0.85227,-0.46464,-0.055999,0.23369,32.311,45.938,4.2956,57.15
0.85203,-0.46535,-0.056631,0.23298,32.272,45.965,4.3891,57.2
0.85184,-0.46576,-0.057332,0.2327,32.23,45.992,4.4808,57.25
0.85159,-0.46658,-0.057551,0.23194,32.185,46.018,4.5709,57.3
0.8513,-0.46724,-0.058273,0.23146,32.137,46.045,4.6596,57.35
0.85121,-0.4677,-0.05845,0.23083,32.086,46.07,4.7465,57.4
0.85096,-0.46823,-0.05861,0.23061,32.031,46.096,4.8323,57.45
0.85078,-0.46884,-0.058822,0.22999,31.974,46.122,4.9163,57.5
0.8504,-0.46955,-0.059438,0.22981,31.914,46.147,4.9984,57.55
0.85014,-0.47029,-0.059623,0.22919,31.85,46.172,5.0788,57.6
0.84984,-0.47106,-0.060249,0.22859,31.784,46.197,5.1574,57.65
0.84973,-0.47159,-0.060687,0.22778,31.714,46.221,5.2341,57.7
0.84952,-0.47222,-0.06107,0.22714,31.642,46.245,5.3088,57.75
0.84942,-0.47259,-0.061622,0.22661,31.566,46.27,5.3816,57.8
0.84902,-0.47348,-0.062187,0.22608,31.488,46.293,5.4525,57.85
0.84883,-0.47407,-0.062402,0.22551,31.407,46.317,5.521,57.9
0.84872,-0.4745,-0.062714,0.22492,31.322,46.34,5.5878,57.95
0.84839,-0.47517,-0.063332,0.22458,31.235,46.364,5.6528,58
0.8482,-0.47579,-0.063653,0.22392,31.145,46.387,5.7157,58.05
0.84787,-0.47641,-0.064097,0.2237,31.052,46.409,5.7763,58.1
0.84764,-0.47713,-0.0643,0.22297,30.956,46.432,5.835,58.15
0.84749,-0.47744,-0.064794,0.22273,30.857,46.455,5.8913,58.2
0.84717,-0.47842,-0.065097,0.22176,30.756,46.477,5.9457,58.25
0.84705,-0.4788,-0.065492,0.22128,30.651,46.499,5.9973,58.3
0.84679,-0.47937,-0.06631,0.22081,30.544,46.52,6.0471,58.35
0.84668,-0.47985,-0.066589,0.22012,30.433,46.542,6.0947,58.4
0.84644,-0.48035,-0.066879,0.21983,30.321,46.563,6.1399,58.45
0.84614,-0.48111,-0.067326,0.21919,30.205,46.584,6.1825,58.5
0.84563,-0.48215,-0.067928,0.21871,30.086,46.605,6.2228,58.55
0.84547,-0.48268,-0.068368,0.21801,29.965,46.625,6.2608,58.6
0.84524,-0.48324,-0.068675,0.21754,29.841,46.645,6.2966,58.65
0.84503,-0.48372,-0.068977,0.2172,29.714,46.665,6.33,58.7
0.84476,-0.48443,-0.069391,0.21655,29.585,46.685,6.3607,58.75
0.84447,-0.48506,-0.069805,0.21613,29.453,46.705,6.3893,58.8
0.84432,-0.48557,-0.070241,0.21542,29.318,46.725,6.4151,58.85
0.84405,-0.48631,-0.070618,0.21471,29.181,46.744,6.4385,58.9
0.84377,-0.48674,-0.071053,0.21467,29.042,46.762,6.4592,58.95
0.8436,-0.48723,-0.071338,0.21415,28.9,46.781,6.4779,59
0.84351,-0.4877,-0.071671,0.21333,28.756,46.799,6.4936,59.05
0.84325,-0.48831,-0.072093,0.2128,28.609,46.817,6.5072,59.1
0.84304,-0.48886,-0.072546,0.21222,28.46,46.834,6.5179,59.15
0.84266,-0.48971,-0.073074,0.21159,28.308,46.851,6.5263,59.2
0.84227,-0.49048,-0.073456,0.21123,28.153,46.869,6.5325,59.25
0.84217,-0.49086,-0.074014,0.21057,27.996,46.886,6.536,59.3
0.84179,-0.49162,-0.074127,0.21023,27.837,46.902,6.5367,59.35
0.84164,-0.49209,-0.074719,0.20955,27.675,46.919,6.5353,59.4
0.84145,-0.49267,-0.074689,0.20895,27.511,46.935,6.5311,59.45
0.84124,-0.49319,-0.075209,0.20837,27.345,46.952,6.5226,59.5
0.84102,-0.49369,-0.075693,0.20789,27.176,46.968,6.5127,59.55
0.84069,-0.49432,-0.076309,0.20752,27.005,46.984,6.5001,59.6
0.8403,-0.49517,-0.076562,0.207,26.832,46.999,6.4854,59.65
0.84,-0.49586,-0.077273,0.20627,26.656,47.015,6.4685,59.7
0.83987,-0.49636,-0.077509,0.20553,26.478,47.029,6.4492,59.75
0.83962,-0.497,-0.077844,0.20485,26.298,47.044,6.4275,59.8
0.83939,-0.49747,-0.078132,0.20455,26.116,47.059,6.4027,59.85
0.83902,-0.49803,-0.078888,0.20441,25.931,47.073,6.376,59.9
0.83876,-0.49871,-0.079288,0.20366,25.744,47.087,6.3472,59.95
0.83844,-0.49949,-0.079298,0.20308,25.556,47.101,6.3151,60
0.83837,-0.49984,-0.079539,0.20241,25.365,47.115,6.2809,60.05
0.83806,-0.50046,-0.080076,0.20196,25.172,47.128,6.2444,60.1
0.83785,-0.50095,-0.080631,0.20137,24.977,47.142,6.2056,60.15
0.83752,-0.50163,-0.081063,0.20091,24.78,47.155,6.1647,60.2
0.83734,-0.50209,-0.081678,0.20026,24.582,47.168,6.1213,60.25
0.83688,-0.50299,-0.081812,0.19984,24.381,47.18,6.0757,60.3
0.83689,-0.50325,-0.082414,0.19893,24.179,47.193,6.0273,60.35
0.83649,-0.50392,-0.08304,0.19863,23.975,47.204,5.9769,60.4
0.8363,-0.50441,-0.083394,0.19803,23.769,47.216,5.9245,60.45
0.8361,-0.50494,-0.083371,0.19755,23.562,47.228,5.8695,60.5
0.83568,-0.50576,-0.084117,0.19691,23.352,47.239,5.8124,60.55
0.83543,-0.50624,-0.084556,0.19653,23.141,47.25,5.7529,60.6
0.83506,-0.50698,-0.084734,0.19612,22.929,47.261,5.6913,60.65
0.83497,-0.5073,-0.08505,0.19552,22.714,47.271,5.6281,60.7
0.83473,-0.50795,-0.08546,0.19472,22.498,47.282,5.5624,60.75
0.83434,-0.50869,-0.085898,0.19425,22.281,47.292,5.4947,60.8
0.83406,-0.50924,-0.086415,0.19379,22.062,47.302,5.4254,60.85
0.8337,-0.50991,-0.086872,0.19337,21.841,47.312,5.3535,60.9
0.83345,-0.51049,-0.087177,0.19279,21.619,47.321,5.2801,60.95
0.83329,-0.51097,-0.087429,0.19207,21.395,47.331,5.2049,61
0.83301,-0.5115,-0.08796,0.19163,21.17,47.34,5.1276,61.05
0.83268,-0.51231,-0.088408,0.1907,20.944,47.348,5.0484,61.1
0.83242,-0.51291,-0.088557,0.19016,20.716,47.357,4.9674,61.15
0.83223,-0.51337,-0.088816,0.18962,20.487,47.365,4.8847,61.2
0.83199,-0.51387,-0.089252,0.18912,20.256,47.373,4.8005,61.25
0.83166,-0.51445,-0.08992,0.18869,20.025,47.381,4.7145,61.3
0.83142,-0.51485,-0.090471,0.18838,19.792,47.389,4.6267,61.35
0.83104,-0.51559,-0.090978,0.1878,19.558,47.396,4.5375,61.4
0.83094,-0.51595,-0.09106,0.18722,19.323,47.403,4.4464,61.45
0.8306,-0.51662,-0.091441,0.18665,19.088,47.41,4.3544,61.5
0.83035,-0.51721,-0.091685,0.18603,18.851,47.416,4.262,61.55
0.82988,-0.51807,-0.092459,0.18534,18.614,47.422,4.1678,61.6
0.82957,-0.51866,-0.092907,0.18485,18.377,47.428,4.072,61.65
0.82939,-0.51911,-0.093089,0.18434,18.138,47.434,3.975,61.7
0.82908,-0.51964,-0.093542,0.18396,17.898,47.439,3.8763,61.75
0.8288,-0.52025,-0.093873,0.18332,17.658,47.444,3.7762,61.8
0.82853,-0.52079,-0.094278,0.18285,17.417,47.448,3.6751,61.85
0.82826,-0.52134,-0.094959,0.18215,17.175,47.453,3.573,61.9
0.82803,-0.52183,-0.095017,0.18176,16.932,47.457,3.4696,61.95
0.82765,-0.52253,-0.095467,0.18122,16.688,47.461,3.3656,62
0.82751,-0.52294,-0.095853,0.18051,16.443,47.465,3.2604,62.05
0.82711,-0.52366,-0.09627,0.18,16.198,47.469,3.1545,62.1
0.82681,-0.52425,-0.096801,0.17939,15.952,47.472,3.0474,62.15
0.82667,-0.52464,-0.097067,0.17875,15.706,47.476,2.9398,62.2
0.82613,-0.5255,-0.097756,0.17833,15.459,47.479,2.8318,62.25
0.82593,-0.52596,-0.097984,0.17775,15.211,47.482,2.7228,62.3
0.82568,-0.5264,-0.098395,0.17742,14.963,47.484,2.6132,62.35
0.82527,-0.52714,-0.098752,0.17693,14.715,47.486,2.5032,62.4
0.82514,-0.52752,-0.098957,0.1763,14.466,47.488,2.3928,62.45
0.82473,-0.52827,-0.099629,0.17559,14.217,47.49,2.2817,62.5
0.82453,-0.5287,-0.099989,0.17502,13.968,47.492,2.1703,62.55
0.8242,-0.52934,-0.10019,0.17452,13.718,47.493,2.0585,62.6
0.82392,-0.52986,-0.10076,0.17392,13.469,47.494,1.9463,62.65
0.82361,-0.53047,-0.10115,0.17332,13.219,47.495,1.8338,62.7
0.82321,-0.53112,-0.10161,0.17295,12.969,47.496,1.7214,62.75
0.82292,-0.53172,-0.10213,0.17219,12.718,47.496,1.6093,62.8
0.82291,-0.53191,-0.1021,0.17166,12.468,47.496,1.4968,62.85
0.82237,-0.5328,-0.10261,0.17118,12.218,47.496,1.3842,62.9
0.82202,-0.53336,-0.10321,0.17072,11.968,47.496,1.2721,62.95
0.82167,-0.53398,-0.1035,0.17029,11.718,47.495,1.16,63
0.82154,-0.53435,-0.10393,0.16951,11.468,47.495,1.0479,63.05
0.82115,-0.535,-0.10441,0.16905,11.219,47.493,0.93615,63.1
0.82088,-0.53551,-0.10473,0.16856,10.969,47.492,0.82461,63.15
0.82061,-0.53604,-0.10511,0.16796,10.72,47.49,0.71319,63.2
0.8202,-0.53676,-0.10538,0.16751,10.472,47.488,0.6023,63.25
0.82,-0.53722,-0.10568,0.16682,10.223,47.486,0.49194,63.3
0.81956,-0.53793,-0.10615,0.16642,9.9754,47.483,0.38234,63.35
0.81929,-0.53848,-0.10656,0.1657,9.7278,47.481,0.27322,63.4
0.81899,-0.53899,-0.10716,0.16512,9.4807,47.478,0.16473,63.45
0.81878,-0.53939,-0.10745,0.16464,9.234,47.475,0.056579,63.5
0.81845,-0.54004,-0.10768,0.164,8.9881,47.471,-0.051572,63.55
0.81821,-0.54045,-0.10834,0.16341,8.743,47.468,-0.15848,63.6
0.8177,-0.54126,-0.10875,0.16305,8.4985,47.463,-0.26437,63.65
0.81754,-0.5416,-0.10899,0.16254,8.2547,47.459,-0.36938,63.7
0.8172,-0.54224,-0.10949,0.16177,8.0117,47.455,-0.47349,63.75
0.81675,-0.54303,-0.10977,0.16121,7.7693,47.45,-0.57626,63.8
0.81653,-0.54339,-0.1103,0.16076,7.5275,47.445,-0.67794,63.85
0.81626,-0.54384,-0.1106,0.16035,7.2865,47.44,-0.77856,63.9
0.81579,-0.54461,-0.11126,0.15972,7.0462,47.434,-0.87763,63.95
0.81547,-0.54517,-0.11175,0.15906,6.8067,47.428,-0.97557,64
0.81526,-0.54563,-0.11185,0.15853,6.5681,47.423,-1.0723,64.05
0.81477,-0.54641,-0.11214,0.15815,6.3304,47.416,-1.1676,64.1
0.81454,-0.54682,-0.11262,0.15758,6.0936,47.41,-1.2615,64.15
0.81422,-0.54738,-0.11295,0.15702,5.8578,47.403,-1.3539,64.2
0.81398,-0.54789,-0.11349,0.15611,5.6229,47.396,-1.4448,64.25
0.8136,-0.54851,-0.11378,0.15571,5.3891,47.389,-1.5344,64.3
0.81337,-0.54893,-0.11416,0.15516,5.1564,47.382,-1.6221,64.35
0.8131,-0.54937,-0.11467,0.15464,4.9248,47.374,-1.7087,64.4
0.8127,-0.54998,-0.11485,0.15442,4.6943,47.367,-1.7934,64.45
0.81222,-0.55082,-0.11511,0.15379,4.4651,47.359,-1.8766,64.5
0.81202,-0.55124,-0.1156,0.15292,4.2372,47.35,-1.9577,64.55
0.81172,-0.5517,-0.11606,0.1525,4.0105,47.341,-2.0375,64.6
0.81143,-0.55215,-0.11665,0.15202,3.7852,47.333,-2.1155,64.65
0.81105,-0.55285,-0.11688,0.15134,3.5612,47.323,-2.1915,64.7
0.81081,-0.55327,-0.1172,0.1508,3.3386,47.314,-2.2656,64.75
0.81047,-0.55387,-0.11758,0.15016,3.1175,47.305,-2.3379,64.8
0.81008,-0.55452,-0.11801,0.14951,2.8978,47.295,-2.4081,64.85
0.80989,-0.55485,-0.11858,0.14889,2.6796,47.285,-2.4762,64.9
0.80945,-0.5556,-0.11882,0.14824,2.463,47.274,-2.5421,64.95
0.80918,-0.5561,-0.11914,0.14761,2.2479,47.263,-2.6063,65
0.80905,-0.5564,-0.1191,0.1472,2.0345,47.252,-2.6684,65.05
0.80848,-0.55715,-0.1199,0.14687,1.8227,47.242,-2.7282,65.1
0.80804,-0.55779,-0.12044,0.14639,1.6127,47.231,-2.7861,65.15
0.80778,-0.55818,-0.12085,0.14601,1.4044,47.219,-2.8415,65.2
0.80746,-0.55881,-0.12113,0.14514,1.1978,47.207,-2.8947,65.25
0.80714,-0.55932,-0.12178,0.14443,0.99313,47.195,-2.9455,65.3
0.80681,-0.55991,-0.12165,0.14408,0.79021,47.182,-2.9944,65.35
0.80657,-0.56027,-0.12229,0.14348,0.58916,47.17,-3.0407,65.4
0.80616,-0.56086,-0.12294,0.14292,0.38995,47.157,-3.0853,65.45
0.80575,-0.56158,-0.12326,0.14213,0.19265,47.144,-3.127,65.5
0.80561,-0.56174,-0.12382,0.1418,-0.0027075,47.131,-3.1665,65.55
0.80516,-0.56247,-0.12406,0.14125,-0.19608,47.118,-3.2035,65.6
0.80483,-0.563,-0.12446,0.14066,-0.38741,47.104,-3.2383,65.65
0.80433,-0.56376,-0.12494,0.14003,-0.57672,47.09,-3.2705,65.7
0.80413,-0.56413,-0.1252,0.1395,-0.764,47.076,-3.3007,65.75
0.80382,-0.56462,-0.12562,0.13889,-0.94919,47.061,-3.3282,65.8
0.80349,-0.56508,-0.12623,0.13839,-1.1323,47.047,-3.3531,65.85
0.80304,-0.56579,-0.1265,0.13788,-1.3134,47.032,-3.3755,65.9
0.80269,-0.56648,-0.12661,0.13697,-1.4923,47.017,-3.3954,65.95
0.80252,-0.56673,-0.12695,0.13657,-1.669,47.001,-3.4129,66
0.80211,-0.56738,-0.1272,0.13609,-1.8436,46.986,-3.4279,66.05
0.80183,-0.56782,-0.12755,0.13557,-2.0159,46.97,-3.4409,66.1
0.8014,-0.56843,-0.12833,0.13482,-2.1859,46.954,-3.451,66.15
0.801,-0.56895,-0.12896,0.1344,-2.3536,46.937,-3.4582,66.2
0.80055,-0.56968,-0.12909,0.13386,-2.5189,46.921,-3.4635,66.25
0.80035,-0.57006,-0.12921,0.13335,-2.6819,46.904,-3.4657,66.3
0.80005,-0.57044,-0.1296,0.1331,-2.8425,46.887,-3.4656,66.35
0.79965,-0.57105,-0.12992,0.13265,-3.0007,46.869,-3.4628,66.4
0.79932,-0.57153,-0.13055,0.13194,-3.1564,46.852,-3.4574,66.45
0.79887,-0.57221,-0.13107,0.13115,-3.3097,46.834,-3.4497,66.5
0.79849,-0.57276,-0.13151,0.13065,-3.4605,46.816,-3.4397,66.55
0.79819,-0.57322,-0.13201,0.12996,-3.6088,46.798,-3.4268,66.6
0.79793,-0.57362,-0.13234,0.12944,-3.7545,46.779,-3.4117,66.65
0.79742,-0.57436,-0.13257,0.12905,-3.8977,46.761,-3.3939,66.7
0.79717,-0.57468,-0.13312,0.12864,-4.0383,46.742,-3.3735,66.75
0.79677,-0.57533,-0.13337,0.12793,-4.1763,46.722,-3.3509,66.8
0.79633,-0.57598,-0.13376,0.12731,-4.3118,46.703,-3.3258,66.85
0.79598,-0.57647,-0.13422,0.12684,-4.4446,46.683,-3.2981,66.9
0.79566,-0.57707,-0.13427,0.12605,-4.5749,46.663,-3.268,66.95
0.79536,-0.57744,-0.13492,0.12551,-4.7024,46.643,-3.2353,67
0.79509,-0.57795,-0.13513,0.12471,-4.8273,46.623,-3.2002,67.05
0.79473,-0.57843,-0.13546,0.12439,-4.9495,46.602,-3.1626,67.1
0.79427,-0.57907,-0.13612,0.12361,-5.0689,46.581,-3.1227,67.15
0.79384,-0.57961,-0.1367,0.12325,-5.1856,46.56,-3.0806,67.2
0.79349,-0.58016,-0.13701,0.1225,-5.2994,46.539,-3.0364,67.25
0.79308,-0.58074,-0.13733,0.12204,-5.4105,46.518,-2.9896,67.3
0.79285,-0.58109,-0.13761,0.1216,-5.5187,46.496,-2.9407,67.35
0.79235,-0.58182,-0.13799,0.12093,-5.6241,46.474,-2.8897,67.4
0.79218,-0.58205,-0.13849,0.12035,-5.7267,46.451,-2.8356,67.45
0.79163,-0.58278,-0.13901,0.11986,-5.8264,46.429,-2.7795,67.5
0.79138,-0.5832,-0.13928,0.11914,-5.9232,46.407,-2.7218,67.55
0.79105,-0.58371,-0.13957,0.11849,-6.017,46.384,-2.6621,67.6
0.79052,-0.58446,-0.13983,0.11805,-6.108,46.361,-2.5999,67.65
0.7902,-0.58492,-0.14036,0.11729,-6.196,46.337,-2.5354,67.7
0.78992,-0.5853,-0.14082,0.11674,-6.281,46.314,-2.4691,67.75
0.78948,-0.58586,-0.14115,0.11643,-6.3632,46.29,-2.4009,67.8
0.78926,-0.58616,-0.14155,0.11598,-6.4424,46.267,-2.3304,67.85
0.78885,-0.58672,-0.14206,0.11527,-6.5187,46.242,-2.258,67.9
0.78854,-0.5873,-0.14189,0.11464,-6.5919,46.218,-2.1837,67.95
0.78798,-0.58802,-0.1425,0.11409,-6.6621,46.193,-2.1075,68
0.78768,-0.58844,-0.14293,0.11347,-6.7294,46.169,-2.0298,68.05
0.78735,-0.5889,-0.14321,0.11298,-6.7937,46.144,-1.9502,68.1
0.78682,-0.5896,-0.14365,0.11243,-6.8549,46.118,-1.8688,68.15
0.78645,-0.59004,-0.14423,0.11202,-6.9132,46.093,-1.7855,68.2
0.78614,-0.59049,-0.14456,0.11136,-6.9683,46.067,-1.7005,68.25
0.78582,-0.59091,-0.14504,0.11076,-7.0205,46.041,-1.6138,68.3
0.78533,-0.59149,-0.14557,0.11043,-7.0695,46.015,-1.5259,68.35
0.78493,-0.59211,-0.14577,0.10974,-7.1156,45.989,-1.4358,68.4
0.78463,-0.59252,-0.14634,0.1089,-7.1586,45.962,-1.3443,68.45
0.78426,-0.59301,-0.14666,0.10848,-7.1984,45.936,-1.2518,68.5
0.78374,-0.59378,-0.14684,0.10776,-7.2353,45.909,-1.1575,68.55
0.78349,-0.59406,-0.14724,0.10753,-7.2691,45.882,-1.0617,68.6
0.78309,-0.59457,-0.14779,0.10682,-7.2997,45.854,-0.96507,68.65
0.78292,-0.59478,-0.14804,0.10654,-7.3272,45.827,-0.86705,68.7
0.7825,-0.59534,-0.14857,0.10577,-7.3516,45.799,-0.76813,68.75
0.78191,-0.5961,-0.14905,0.10525,-7.3729,45.771,-0.66779,68.8
0.78171,-0.59637,-0.14959,0.10436,-7.391,45.743,-0.56624,68.85
0.78132,-0.59698,-0.14959,0.10383,-7.4059,45.714,-0.46377,68.9
0.78062,-0.59794,-0.14987,0.10314,-7.4178,45.685,-0.36019,68.95
0.78041,-0.59816,-0.1504,0.10269,-7.4266,45.657,-0.25553,69
0.77992,-0.59882,-0.15069,0.10214,-7.4323,45.627,-0.14993,69.05
0.77969,-0.59907,-0.15118,0.10168,-7.4349,45.598,-0.043616,69.1
0.77924,-0.59974,-0.15132,0.10098,-7.4344,45.568,0.063693,69.15
0.77893,-0.60017,-0.15166,0.10034,-7.4307,45.538,0.17171,69.2
0.77858,-0.60057,-0.15232,0.099635,-7.424,45.508,0.28049,69.25
0.77791,-0.60133,-0.15291,0.09943,-7.414,45.478,0.38938,69.3
0.77762,-0.60175,-0.15321,0.098647,-7.401,45.448,0.49924,69.35
0.77746,-0.60199,-0.15333,0.098239,-7.3848,45.418,0.60974,69.4
0.77703,-0.60253,-0.15377,0.097699,-7.3656,45.387,0.7204,69.45
0.7767,-0.60292,-0.15433,0.096962,-7.3431,45.356,0.83147,69.5
0.77622,-0.60355,-0.15469,0.096313,-7.3176,45.325,0.94294,69.55
0.77578,-0.60412,-0.15494,0.095904,-7.2889,45.294,1.055,69.6
0.77547,-0.60447,-0.15546,0.09537,-7.2572,45.262,1.1671,69.65
0.77493,-0.60513,-0.1559,0.09487,-7.2224,45.231,1.2792,69.7
0.7746,-0.60555,-0.15648,0.093896,-7.1845,45.199,1.3915,69.75
0.77415,-0.60608,-0.15678,0.093668,-7.1435,45.167,1.5037,69.8
0.7737,-0.60665,-0.15708,0.093225,-7.0994,45.135,1.6162,69.85
0.77345,-0.60701,-0.15727,0.092634,-7.0522,45.102,1.7288,69.9
0.77282,-0.60773,-0.15777,0.092292,-7.002,45.07,1.8411,69.95
0.77261,-0.608,-0.15824,0.091467,-6.9487,45.037,1.9537,70
0.77237,-0.60837,-0.15835,0.090864,-6.8923,45.004,2.0655,70.05
0.77205,-0.60886,-0.15855,0.089976,-6.8329,44.97,2.1767,70.1
0.77153,-0.60942,-0.15917,0.089511,-6.7704,44.937,2.2885,70.15
0.77104,-0.61002,-0.1596,0.088934,-6.7049,44.904,2.3994,70.2
0.77069,-0.61048,-0.15978,0.088432,-6.6364,44.87,2.5098,70.25
0.77012,-0.61117,-0.16022,0.08781,-6.5649,44.836,2.62,70.3
0.76968,-0.61171,-0.16053,0.087378,-6.4904,44.802,2.7295,70.35
0.76942,-0.61202,-0.16098,0.086627,-6.4129,44.768,2.8385,70.4
0.7691,-0.61236,-0.16141,0.086311,-6.3324,44.733,2.9467,70.45
0.76845,-0.61311,-0.16186,0.085905,-6.249,44.699,3.0542,70.5
0.76812,-0.61344,-0.16253,0.085191,-6.1628,44.664,3.1609,70.55
0.76761,-0.61405,-0.16296,0.084621,-6.0736,44.629,3.2668,70.6
0.76747,-0.6143,-0.16283,0.084347,-5.9816,44.594,3.3716,70.65
0.76696,-0.61494,-0.16316,0.08366,-5.8866,44.559,3.4757,70.7
0.76669,-0.61526,-0.16364,0.082881,-5.7888,44.523,3.5791,70.75
0.76625,-0.61577,-0.16406,0.082275,-5.688,44.487,3.6814,70.8
0.76577,-0.61636,-0.16448,0.0815,-5.5845,44.452,3.7821,70.85
0.76541,-0.61678,-0.16477,0.081129,-5.478,44.416,3.8819,70.9
0.76502,-0.61719,-0.16528,0.080566,-5.3688,44.379,3.9804,70.95
0.76464,-0.61769,-0.16558,0.079827,-5.2567,44.343,4.078,71
0.76408,-0.61839,-0.16583,0.079177,-5.1419,44.306,4.1743,71.05
0.7637,-0.61881,-0.16624,0.078761,-5.0244,44.269,4.2692,71.1
0.76323,-0.61934,-0.16682,0.07797,-4.904,44.232,4.3627,71.15
0.76272,-0.61986,-0.16734,0.077641,-4.7809,44.195,4.455,71.2
0.76244,-0.62023,-0.16756,0.076979,-4.6551,44.158,4.5454,71.25
0.76209,-0.6206,-0.168,0.076518,-4.5266,44.12,4.6344,71.3
0.76154,-0.62123,-0.16851,0.075733,-4.3954,44.083,4.7217,71.35
0.76101,-0.62191,-0.16873,0.075009,-4.2615,44.045,4.8076,71.4
0.7608,-0.62216,-0.16904,0.074371,-4.1251,44.007,4.8914,71.45
0.76025,-0.62274,-0.16959,0.073823,-3.9861,43.969,4.9741,71.5
0.75981,-0.62332,-0.16953,0.073613,-3.8444,43.93,5.0546,71.55
0.75939,-0.62372,-0.17018,0.073093,-3.7003,43.892,5.1333,71.6
0.75915,-0.624,-0.17047,0.072481,-3.5536,43.854,5.2105,71.65
0.75853,-0.62474,-0.17085,0.071791,-3.4044,43.815,5.286,71.7
0.75802,-0.62532,-0.17113,0.071451,-3.2527,43.776,5.3597,71.75
0.75772,-0.62563,-0.17163,0.070679,-3.0985,43.737,5.431,71.8
0.75722,-0.62619,-0.17194,0.070214,-2.9419,43.698,5.5004,71.85
0.75693,-0.62644,-0.1725,0.06976,-2.7828,43.659,5.5678,71.9
0.75654,-0.62693,-0.17275,0.069016,-2.6213,43.619,5.6333,71.95
0.75622,-0.62728,-0.17314,0.068378,-2.4574,43.579,5.6964,72
0.75567,-0.6279,-0.17352,0.067768,-2.2912,43.54,5.7578,72.05
0.75519,-0.6284,-0.17398,0.067341,-2.1227,43.5,5.8172,72.1
0.75488,-0.62873,-0.17436,0.06669,-1.9518,43.46,5.874,72.15
0.75459,-0.62905,-0.1747,0.066099,-1.7787,43.42,5.9285,72.2
0.75393,-0.62984,-0.17484,0.065777,-1.6034,43.379,5.9811,72.25
0.75349,-0.63032,-0.17529,0.065038,-1.4257,43.339,6.0313,72.3
0.75316,-0.63064,-0.17567,0.06462,-1.2459,43.298,6.079,72.35
0.75258,-0.63118,-0.17648,0.064014,-1.0638,43.257,6.1245,72.4
0.75226,-0.63162,-0.17656,0.063114,-0.87976,43.216,6.1679,72.45
0.75185,-0.63197,-0.17728,0.062577,-0.69358,43.175,6.209,72.5
0.75146,-0.63252,-0.17712,0.062039,-0.50533,43.134,6.2476,72.55
0.75109,-0.63287,-0.17756,0.061726,-0.31507,43.093,6.2836,72.6
0.75052,-0.63349,-0.17797,0.061105,-0.12274,43.051,6.3175,72.65
0.7502,-0.63382,-0.1784,0.060468,0.071516,43.009,6.349,72.7
0.74966,-0.63437,-0.17882,0.060082,0.26774,42.967,6.3775,72.75
0.74917,-0.63486,-0.17923,0.059763,0.46589,42.926,6.4038,72.8
0.7488,-0.63525,-0.17965,0.058925,0.66591,42.884,6.4282,72.85
0.74843,-0.63561,-0.18017,0.05819,0.86782,42.841,6.45,72.9
0.74801,-0.63607,-0.18052,0.057481,1.0716,42.799,6.4692,72.95
0.74739,-0.63677,-0.18078,0.057049,1.2771,42.756,6.4855,73
0.74705,-0.63709,-0.18123,0.056457,1.4843,42.714,6.4996,73.05
0.74658,-0.63761,-0.18146,0.056067,1.6933,42.671,6.5113,73.1
0.746,-0.63821,-0.18191,0.055434,1.9039,42.628,6.5203,73.15
0.74574,-0.63842,-0.18238,0.054966,2.1163,42.585,6.5265,73.2
0.74528,-0.63897,-0.18258,0.054181,2.3303,42.541,6.5306,73.25
0.7448,-0.63951,-0.18277,0.053758,2.5458,42.498,6.532,73.3
0.74427,-0.64007,-0.18323,0.052998,2.7629,42.455,6.531,73.35
0.74364,-0.64062,-0.18398,0.052428,2.9816,42.411,6.5273,73.4
0.74347,-0.64076,-0.1844,0.051769,3.2018,42.368,6.521,73.45
0.74305,-0.64124,-0.18453,0.051395,3.4234,42.324,6.5124,73.5
0.74253,-0.64181,-0.18485,0.050693,3.6465,42.28,6.5012,73.55
0.74209,-0.64229,-0.18509,0.049989,3.871,42.236,6.4876,73.6
0.74162,-0.64275,-0.18561,0.04931,4.0969,42.192,6.4712,73.65
0.74101,-0.64332,-0.18615,0.048915,4.3242,42.148,6.4529,73.7
0.74058,-0.64379,-0.18641,0.048181,4.5527,42.103,6.4315,73.75
0.74025,-0.64411,-0.18673,0.047752,4.7824,42.059,6.4077,73.8
0.73984,-0.6445,-0.18714,0.047208,5.0134,42.015,6.3816,73.85
0.73931,-0.64511,-0.18734,0.046483,5.2456,41.97,6.353,73.9
0.73895,-0.64533,-0.1881,0.046057,5.4789,41.925,6.322,73.95
0.73833,-0.64589,-0.18865,0.045912,5.7133,41.881,6.2885,74
0.73782,-0.64644,-0.18895,0.045145,5.9488,41.835,6.2527,74.05
0.73747,-0.64684,-0.18912,0.04438,6.1853,41.79,6.2144,74.1
0.73702,-0.64735,-0.18923,0.043937,6.4227,41.745,6.1739,74.15
0.73662,-0.64779,-0.18946,0.043294,6.661,41.7,6.1309,74.2
0.73614,-0.64821,-0.18992,0.042961,6.9003,41.654,6.0856,74.25
0.73571,-0.64855,-0.19055,0.042383,7.1404,41.609,6.0377,74.3
0.7354,-0.64885,-0.19093,0.041559,7.3812,41.563,5.9888,74.35
0.73495,-0.64936,-0.19106,0.040964,7.6227,41.517,5.9375,74.4
0.73456,-0.64974,-0.1914,0.040163,7.8649,41.471,5.8836,74.45
0.73399,-0.65034,-0.19166,0.039728,8.1077,41.426,5.8275,74.5
0.73346,-0.65088,-0.19195,0.039365,8.3513,41.379,5.769,74.55
0.73321,-0.65108,-0.19237,0.038627,8.5955,41.333,5.7082,74.6
0.73264,-0.65157,-0.19302,0.037902,8.8403,41.287,5.6451,74.65
0.73218,-0.65197,-0.19349,0.037618,9.0858,41.241,5.58,74.7
0.73166,-0.65251,-0.19379,0.036894,9.3318,41.195,5.5128,74.75
0.73116,-0.65298,-0.19421,0.036171,9.5785,41.148,5.4436,74.8
0.73066,-0.65351,-0.19437,0.035732,9.8256,41.102,5.3721,74.85
0.73042,-0.65364,-0.19493,0.035228,10.073,41.055,5.2993,74.9
0.72998,-0.65408,-0.19519,0.034729,10.321,41.008,5.2243,74.95
0.72958,-0.65455,-0.19529,0.033733,10.57,40.961,5.1473,75
0.72876,-0.65527,-0.19603,0.033288,10.819,40.915,5.0683,75.05
0.72825,-0.65583,-0.19611,0.032868,11.068,40.867,4.9882,75.1
0.72768,-0.65633,-0.19664,0.032222,11.317,40.821,4.9056,75.15
0.72736,-0.65658,-0.19709,0.031588,11.567,40.774,4.8215,75.2
0.72688,-0.657,-0.19755,0.031052,11.817,40.726,4.7363,75.25
0.72643,-0.65749,-0.19767,0.030431,12.067,40.679,4.6493,75.3
0.72603,-0.65789,-0.19795,0.029787,12.317,40.631,4.5605,75.35
0.72536,-0.65854,-0.19831,0.029329,12.567,40.584,4.4698,75.4
0.72503,-0.65877,-0.19881,0.02886,12.817,40.536,4.3779,75.45
0.72445,-0.65935,-0.19908,0.028076,13.067,40.488,4.2847,75.5
0.72402,-0.6597,-0.19958,0.027558,13.317,40.44,4.1904,75.55
0.7235,-0.66027,-0.19965,0.027024,13.567,40.392,4.0941,75.6
0.72311,-0.66052,-0.20033,0.026411,13.817,40.345,3.997,75.65
0.72278,-0.66083,-0.20055,0.025927,14.066,40.297,3.8984,75.7
0.72238,-0.66122,-0.2008,0.025276,14.315,40.249,3.7983,75.75
0.72178,-0.6617,-0.20142,0.024779,14.564,40.201,3.6976,75.8
0.72121,-0.66218,-0.20196,0.024155,14.813,40.153,3.5956,75.85
0.72076,-0.66262,-0.20221,0.023517,15.061,40.105,3.4929,75.9
0.72037,-0.66289,-0.20277,0.022899,15.309,40.056,3.3886,75.95
0.71961,-0.66371,-0.20283,0.02259,15.556,40.007,3.2839,76
0.71925,-0.66401,-0.20317,0.022169,15.803,39.959,3.1781,76.05
0.71901,-0.66421,-0.20346,0.021335,16.05,39.911,3.0717,76.1
0.71841,-0.66477,-0.20382,0.02083,16.295,39.862,2.964,76.15
0.71803,-0.66502,-0.20437,0.020182,16.541,39.814,2.8557,76.2
0.71738,-0.66563,-0.20474,0.019508,16.785,39.765,2.7469,76.25
0.71696,-0.66596,-0.20519,0.019112,17.029,39.716,2.6374,76.3
0.71647,-0.66645,-0.20536,0.01863,17.273,39.668,2.5272,76.35
0.71602,-0.66679,-0.2059,0.017765,17.515,39.619,2.4168,76.4
0.71557,-0.66714,-0.20641,0.016981,17.757,39.57,2.3061,76.45
0.71505,-0.66767,-0.20649,0.016711,17.998,39.521,2.1947,76.5
0.71458,-0.66809,-0.20678,0.016236,18.238,39.472,2.0829,76.55
0.71397,-0.66867,-0.20707,0.01588,18.478,39.423,1.9712,76.6
0.71354,-0.66905,-0.20737,0.015087,18.716,39.374,1.859,76.65
0.71308,-0.66954,-0.20745,0.014294,18.954,39.325,1.7469,76.7
0.71255,-0.66997,-0.2079,0.013852,19.19,39.275,1.6346,76.75
0.71217,-0.67018,-0.20856,0.013337,19.426,39.226,1.5219,76.8
0.71146,-0.67078,-0.20907,0.012918,19.66,39.176,1.4094,76.85
0.71115,-0.67112,-0.20907,0.012065,19.893,39.127,1.2966,76.9
0.71067,-0.6715,-0.20951,0.011452,20.125,39.078,1.1841,76.95
0.71007,-0.67194,-0.21016,0.011187,20.356,39.029,1.072,77
0.70973,-0.67226,-0.21031,0.010592,20.585,38.98,0.96009,77.05
0.70927,-0.67256,-0.21094,0.0099408,20.814,38.93,0.84834,77.1
0.70864,-0.67313,-0.21129,0.0091212,21.041,38.88,0.73692,77.15
0.70809,-0.67356,-0.21177,0.0088451,21.267,38.831,0.62612,77.2
0.70766,-0.67392,-0.2121,0.0082446,21.491,38.781,0.51591,77.25
0.70722,-0.67431,-0.21233,0.0079286,21.715,38.732,0.40584,77.3
0.70691,-0.6746,-0.21248,0.0069913,21.936,38.682,0.29647,77.35
0.70618,-0.67524,-0.2129,0.0064313,22.157,38.632,0.18802,77.4
0.70578,-0.67558,-0.21316,0.0056799,22.375,38.582,0.080317,77.45
0.70508,-0.67618,-0.21359,0.00509,22.592,38.533,-0.026922,77.5
0.70469,-0.6765,-0.21386,0.0046081,22.808,38.483,-0.13324,77.55
0.70421,-0.67687,-0.21428,0.0041033,23.022,38.433,-0.2392,77.6
0.70373,-0.67729,-0.21455,0.003541,23.234,38.383,-0.34414,77.65
0.70319,-0.67766,-0.21515,0.0028834,23.445,38.333,-0.44795,77.7
0.70255,-0.67825,-0.2154,0.0021928,23.654,38.284,-0.55098,77.75
0.70216,-0.67862,-0.21549,0.0017622,23.861,38.233,-0.65264,77.8
0.70178,-0.67887,-0.21598,0.0011749,24.067,38.183,-0.75334,77.85
0.70129,-0.67923,-0.21641,0.00055834,24.271,38.133,-0.85281,77.9
0.7007,-0.67971,-0.21682,4.4421e-05,24.473,38.083,-0.95117,77.95
0.70017,-0.6802,-0.21699,-0.0005429,24.673,38.033,-1.0481,78
0.69967,-0.68061,-0.21732,-0.0011126,24.871,37.983,-1.1437,78.05
0.69922,-0.68089,-0.21788,-0.0015328,25.067,37.933,-1.2383,78.1
0.69855,-0.68151,-0.2181,-0.0024743,25.261,37.883,-1.3313,78.15
0.6983,-0.68173,-0.21823,-0.0028795,25.454,37.833,-1.4223,78.2
0.69792,-0.68183,-0.21909,-0.0033568,25.644,37.783,-1.5124,78.25
0.69756,-0.68207,-0.21949,-0.0040977,25.832,37.733,-1.6007,78.3
0.69685,-0.68265,-0.21994,-0.0043664,26.019,37.682,-1.6875,78.35
0.69627,-0.68319,-0.22007,-0.0051698,26.203,37.632,-1.7729,78.4
0.69572,-0.68362,-0.22047,-0.0058912,26.385,37.583,-1.8561,78.45
0.69513,-0.68407,-0.22094,-0.0061417,26.565,37.533,-1.9382,78.5
0.69486,-0.68428,-0.22108,-0.0069062,26.742,37.482,-2.0181,78.55
0.69419,-0.68481,-0.22155,-0.0075097,26.918,37.432,-2.0966,78.6
0.69352,-0.68539,-0.2218,-0.0081487,27.091,37.382,-2.1731,78.65
0.69295,-0.68587,-0.22211,-0.0087527,27.262,37.332,-2.2474,78.7
0.69258,-0.68608,-0.22256,-0.0090329,27.431,37.281,-2.3202,78.75
0.69213,-0.68644,-0.22286,-0.0098275,27.597,37.231,-2.391,78.8
0.69153,-0.68695,-0.22312,-0.010309,27.761,37.181,-2.4596,78.85
0.69105,-0.68738,-0.22326,-0.010929,27.923,37.13,-2.5265,78.9
0.69065,-0.68765,-0.22363,-0.011462,28.082,37.08,-2.5913,78.95
0.6901,-0.68804,-0.22408,-0.012103,28.239,37.031,-2.6537,79
0.68959,-0.68841,-0.22449,-0.012683,28.393,36.98,-2.714,79.05
0.68907,-0.68882,-0.22479,-0.013343,28.545,36.93,-2.7723,79.1
0.68864,-0.68916,-0.22505,-0.013875,28.694,36.88,-2.8285,79.15
0.68801,-0.68965,-0.22546,-0.013927,28.841,36.83,-2.8824,79.2
0.68737,-0.69013,-0.22588,-0.014765,28.985,36.78,-2.9338,79.25
0.68699,-0.69037,-0.22624,-0.015602,29.127,36.73,-2.9832,79.3
0.6865,-0.69064,-0.22688,-0.016065,29.266,36.679,-3.0301,79.35
0.68595,-0.69113,-0.227,-0.016598,29.402,36.63,-3.0779,79.4
0.6856,-0.69136,-0.22732,-0.017335,29.535,36.58,-3.123,79.45
0.68493,-0.69186,-0.22774,-0.018109,29.666,36.531,-3.162,79.5
0.68443,-0.69238,-0.22762,-0.018682,29.793,36.481,-3.1989,79.55
0.68378,-0.69279,-0.22829,-0.019198,29.918,36.432,-3.2339,79.6
0.68328,-0.6931,-0.2288,-0.019915,30.04,36.383,-3.2662,79.65
0.68273,-0.69355,-0.22905,-0.020199,30.16,36.334,-3.2961,79.7
0.68216,-0.694,-0.22931,-0.020905,30.277,36.284,-3.3236,79.75
0.68152,-0.69444,-0.22984,-0.02141,30.391,36.235,-3.349,79.8
0.68101,-0.69476,-0.23031,-0.022054,30.503,36.185,-3.372,79.85
0.68063,-0.69497,-0.23075,-0.022609,30.611,36.136,-3.3926,79.9
0.68018,-0.69535,-0.2309,-0.023067,30.718,36.087,-3.4109,79.95
0.67962,-0.69581,-0.23112,-0.023495,30.821,36.037,-3.4263,80
0.67895,-0.69624,-0.23169,-0.024297,30.922,35.988,-3.4396,80.05
0.67842,-0.69667,-0.23192,-0.024713,31.019,35.938,-3.4504,80.1
0.67808,-0.69687,-0.23228,-0.025153,31.114,35.889,-3.4583,80.15
0.67746,-0.69738,-0.23247,-0.025941,31.207,35.839,-3.464,80.2
0.67702,-0.69762,-0.23296,-0.026391,31.296,35.79,-3.4672,80.25
0.67635,-0.69813,-0.23332,-0.02708,31.382,35.74,-3.4682,80.3
0.67573,-0.69866,-0.23344,-0.027867,31.465,35.691,-3.4661,80.35
0.6753,-0.69893,-0.23381,-0.028333,31.546,35.642,-3.4616,80.4
0.67463,-0.6994,-0.23426,-0.028945,31.623,35.592,-3.4546,80.45
0.67421,-0.69959,-0.23481,-0.029557,31.698,35.543,-3.4447,80.5
0.6737,-0.69996,-0.2351,-0.030086,31.769,35.494,-3.4324,80.55
0.67319,-0.70031,-0.23546,-0.030666,31.838,35.445,-3.4176,80.6
0.67279,-0.70055,-0.23586,-0.030821,31.903,35.396,-3.4005,80.65
0.6723,-0.70091,-0.23614,-0.031234,31.965,35.347,-3.3808,80.7
0.67169,-0.70134,-0.23646,-0.032128,32.024,35.298,-3.3588,80.75
0.6711,-0.70182,-0.23666,-0.032687,32.08,35.249,-3.3344,80.8
0.67042,-0.70237,-0.23685,-0.033425,32.133,35.201,-3.3073,80.85
0.66979,-0.70279,-0.23728,-0.034199,32.183,35.152,-3.2778,80.9
0.66944,-0.70303,-0.23751,-0.034585,32.23,35.104,-3.2459,80.95
0.66888,-0.70341,-0.23785,-0.035315,32.274,35.055,-3.2117,81
0.66826,-0.70383,-0.23828,-0.035749,32.315,35.007,-3.175,81.05
0.66777,-0.70417,-0.23857,-0.036121,32.353,34.958,-3.1357,81.1
0.66734,-0.70444,-0.2389,-0.036874,32.387,34.91,-3.094,81.15
0.66676,-0.70485,-0.23922,-0.037296,32.419,34.862,-3.0502,81.2
0.66641,-0.70508,-0.23945,-0.037815,32.447,34.814,-3.0042,81.25
0.66578,-0.70548,-0.23991,-0.038491,32.473,34.765,-2.9558,81.3
0.66498,-0.70606,-0.24032,-0.039047,32.495,34.717,-2.9052,81.35
0.66427,-0.70654,-0.24075,-0.039775,32.514,34.669,-2.852,81.4
0.66384,-0.70672,-0.2413,-0.040427,32.53,34.621,-2.7971,81.45
0.66355,-0.70692,-0.24145,-0.040937,32.543,34.574,-2.7396,81.5
0.66287,-0.70733,-0.24202,-0.041401,32.553,34.526,-2.6799,81.55
0.66239,-0.70767,-0.24223,-0.041911,32.56,34.478,-2.6183,81.6
0.66184,-0.70812,-0.24234,-0.04238,32.563,34.43,-2.5545,81.65
0.66127,-0.70843,-0.24286,-0.043179,32.564,34.382,-2.4885,81.7
0.66063,-0.70884,-0.24327,-0.043904,32.561,34.335,-2.4206,81.75
0.66011,-0.70918,-0.24359,-0.044595,32.555,34.287,-2.3507,81.8
0.65971,-0.7094,-0.24396,-0.044812,32.546,34.24,-2.2789,81.85
0.65931,-0.70963,-0.24427,-0.045545,32.534,34.192,-2.2057,81.9
0.65857,-0.71007,-0.24485,-0.046167,32.519,34.146,-2.1296,81.95
0.65801,-0.71049,-0.24503,-0.046807,32.5,34.098,-2.0521,82
0.65768,-0.71077,-0.24497,-0.047386,32.479,34.052,-1.9727,82.05
0.65713,-0.71104,-0.2456,-0.047791,32.454,34.005,-1.8917,82.1
0.65646,-0.71153,-0.24588,-0.04835,32.426,33.958,-1.809,82.15
0.65581,-0.71197,-0.24625,-0.048749,32.396,33.911,-1.7245,82.2
0.6554,-0.71219,-0.24654,-0.049583,32.362,33.864,-1.6384,82.25
0.65496,-0.71241,-0.24697,-0.050089,32.325,33.818,-1.5506,82.3
0.65416,-0.71307,-0.24708,-0.050515,32.285,33.772,-1.4613,82.35
0.65367,-0.71332,-0.24757,-0.051024,32.241,33.725,-1.3703,82.4
0.65291,-0.71371,-0.24829,-0.051666,32.195,33.679,-1.2779,82.45
0.65262,-0.71395,-0.24817,-0.052625,32.146,33.633,-1.1843,82.5
0.65211,-0.71427,-0.24849,-0.053166,32.094,33.587,-1.093,82.55
0.65141,-0.71473,-0.24896,-0.053362,32.039,33.54,-0.99842,82.6
0.65095,-0.71491,-0.24944,-0.054239,31.98,33.494,-0.90217,82.65
0.65028,-0.71547,-0.24951,-0.054622,31.919,33.449,-0.80421,82.7
0.64983,-0.71576,-0.24972,-0.055216,31.855,33.403,-0.70466,82.75
0.64935,-0.71606,-0.24998,-0.055801,31.787,33.357,-0.60403,82.8
0.64879,-0.7164,-0.25035,-0.05628,31.717,33.312,-0.50197,82.85
0.64798,-0.7169,-0.25085,-0.056938,31.644,33.266,-0.39864,82.9
0.64739,-0.71724,-0.25131,-0.057384,31.567,33.22,-0.2941,82.95
0.64685,-0.71754,-0.25174,-0.057872,31.488,33.175,-0.18872,83
0.64632,-0.71782,-0.25213,-0.058562,31.406,33.129,-0.082692,83.05
0.64573,-0.71818,-0.25246,-0.059325,31.321,33.084,0.028045,83.1
0.64536,-0.7184,-0.25262,-0.059992,31.234,33.038,0.13791,83.15
0.64489,-0.71869,-0.25286,-0.060463,31.144,32.993,0.248,83.2
0.6441,-0.71918,-0.2533,-0.061238,31.051,32.947,0.35805,83.25
0.64348,-0.71954,-0.25378,-0.061643,30.955,32.902,0.46837,83.3
0.64294,-0.71993,-0.25393,-0.062063,30.856,32.857,0.57931,83.35
0.64247,-0.72029,-0.25397,-0.062568,30.754,32.812,0.68994,83.4
0.64206,-0.7205,-0.25426,-0.063212,30.649,32.767,0.80133,83.45
0.64138,-0.72092,-0.25467,-0.063676,30.541,32.723,0.9128,83.5
0.64074,-0.72128,-0.255,-0.064712,30.43,32.678,1.0244,83.55
0.6401,-0.72161,-0.25558,-0.065056,30.317,32.633,1.1366,83.6
0.63942,-0.72199,-0.25603,-0.065647,30.201,32.589,1.2488,83.65
0.63911,-0.72212,-0.25637,-0.066049,30.082,32.546,1.361,83.7
0.63831,-0.72263,-0.25671,-0.066841,29.96,32.502,1.4735,83.75
0.63785,-0.72296,-0.25679,-0.067403,29.835,32.458,1.586,83.8
0.63711,-0.72339,-0.25726,-0.067896,29.708,32.415,1.6983,83.85
0.63644,-0.7239,-0.25735,-0.068425,29.579,32.37,1.8103,83.9
0.63621,-0.72387,-0.2579,-0.068809,29.448,32.326,1.9224,83.95
0.63558,-0.72424,-0.2583,-0.069249,29.313,32.283,2.0341,84
0.63493,-0.72464,-0.25861,-0.069906,29.176,32.239,2.146,84.05
0.63453,-0.72486,-0.25877,-0.070599,29.036,32.196,2.257,84.1
0.63396,-0.72519,-0.25907,-0.071272,28.895,32.152,2.3682,84.15
0.63317,-0.72569,-0.25946,-0.071769,28.749,32.109,2.4787,84.2
0.63244,-0.72612,-0.25987,-0.07233,28.601,32.066,2.5889,84.25
0.63214,-0.72626,-0.26013,-0.072718,28.451,32.023,2.6986,84.3
0.63156,-0.72661,-0.26039,-0.073313,28.298,31.981,2.8077,84.35
0.63109,-0.72691,-0.26051,-0.073837,28.143,31.939,2.9165,84.4
0.6304,-0.72728,-0.26093,-0.074612,27.985,31.897,3.0243,84.45
0.62979,-0.72768,-0.26118,-0.07507,27.826,31.855,3.1312,84.5
0.62909,-0.72809,-0.26157,-0.075539,27.663,31.813,3.2374,84.55
0.62875,-0.72822,-0.26185,-0.076158,27.498,31.771,3.3424,84.6
0.62786,-0.72871,-0.26244,-0.076812,27.331,31.73,3.4466,84.65
0.62753,-0.72884,-0.2627,-0.077387,27.161,31.689,3.5503,84.7
0.62704,-0.72911,-0.26297,-0.077862,26.989,31.647,3.6524,84.75
0.62648,-0.72944,-0.26325,-0.078334,26.815,31.607,3.7536,84.8
0.62602,-0.72967,-0.26358,-0.078772,26.639,31.566,3.8541,84.85
0.62531,-0.73012,-0.26386,-0.079279,26.46,31.525,3.9534,84.9
0.62456,-0.73052,-0.26425,-0.080203,26.279,31.485,4.0509,84.95
0.62399,-0.73085,-0.26455,-0.080639,26.096,31.445,4.1476,85
0.62368,-0.73096,-0.26478,-0.081392,25.911,31.405,4.2426,85.05
0.62285,-0.73141,-0.26528,-0.08201,25.723,31.365,4.3366,85.1
0.62225,-0.73175,-0.26559,-0.082502,25.535,31.325,4.4286,85.15
0.62176,-0.73207,-0.26572,-0.082928,25.344,31.286,4.5192,85.2
0.62085,-0.7326,-0.26616,-0.083707,25.151,31.246,4.6082,85.25
0.62049,-0.73275,-0.26643,-0.0842,24.956,31.207,4.6958,85.3
0.61977,-0.73317,-0.26676,-0.08478,24.759,31.168,4.7822,85.35
0.61921,-0.73343,-0.26715,-0.085392,24.56,31.129,4.867,85.4
0.61875,-0.73368,-0.26734,-0.086007,24.359,31.09,4.9499,85.45
0.61803,-0.73406,-0.26784,-0.086396,24.157,31.051,5.0309,85.5
0.61752,-0.73434,-0.26808,-0.086912,23.952,31.013,5.1103,85.55
0.61695,-0.73467,-0.26832,-0.087416,23.746,30.975,5.1879,85.6
0.61625,-0.73506,-0.26866,-0.08803,23.538,30.936,5.264,85.65
0.61574,-0.73519,-0.26929,-0.088533,23.328,30.899,5.3377,85.7
0.6152,-0.73547,-0.26955,-0.089192,23.116,30.861,5.4096,85.75
0.61467,-0.73576,-0.26973,-0.089923,22.903,30.824,5.4796,85.8
0.61397,-0.73618,-0.27008,-0.090177,22.688,30.786,5.5479,85.85
0.61342,-0.73656,-0.27003,-0.090954,22.472,30.749,5.6136,85.9
0.61296,-0.73669,-0.27055,-0.091478,22.254,30.713,5.6775,85.95
0.61217,-0.73715,-0.2709,-0.092055,22.034,30.676,5.739,86
0.61147,-0.73756,-0.27116,-0.09263,21.813,30.639,5.7986,86.05
0.611,-0.73772,-0.27158,-0.093247,21.59,30.603,5.8559,86.1
0.6104,-0.73794,-0.27217,-0.09374,21.366,30.567,5.9114,86.15
0.60985,-0.73829,-0.2722,-0.094424,21.141,30.531,5.9644,86.2
0.60925,-0.73865,-0.27238,-0.09498,20.914,30.496,6.0153,86.25
0.60865,-0.73896,-0.27267,-0.095612,20.686,30.46,6.064,86.3
0.6081,-0.73921,-0.273,-0.096171,20.456,30.426,6.1098,86.35
0.60746,-0.73952,-0.27345,-0.096523,20.225,30.39,6.154,86.4
0.60696,-0.73971,-0.27387,-0.097024,19.994,30.355,6.1954,86.45
0.60648,-0.73999,-0.27395,-0.097764,19.761,30.32,6.2345,86.5
0.60585,-0.74027,-0.27432,-0.098454,19.526,30.286,6.2713,86.55
0.60514,-0.74062,-0.27477,-0.098905,19.291,30.252,6.3057,86.6
0.6046,-0.74086,-0.27524,-0.099142,19.054,30.218,6.3379,86.65
0.60381,-0.7413,-0.27551,-0.099848,18.817,30.184,6.3674,86.7
0.60328,-0.74156,-0.27582,-0.10034,18.579,30.15,6.3946,86.75
0.60275,-0.74177,-0.27604,-0.10136,18.34,30.117,6.4192,86.8
0.60215,-0.74206,-0.27643,-0.10174,18.1,30.084,6.4415,86.85
0.60154,-0.74237,-0.27661,-0.10258,17.859,30.051,6.4613,86.9
0.60092,-0.7426,-0.27716,-0.10304,17.618,30.017,6.4785,86.95
0.6003,-0.74301,-0.27724,-0.10348,17.375,29.984,6.4932,87
0.59963,-0.74339,-0.27754,-0.10384,17.132,29.952,6.5054,87.05
0.59899,-0.74363,-0.27802,-0.10454,16.888,29.919,6.5152,87.1
0.59845,-0.74387,-0.27834,-0.10507,16.644,29.887,6.5222,87.15
0.59805,-0.74401,-0.27855,-0.10584,16.399,29.854,6.5267,87.2
0.59732,-0.74439,-0.27893,-0.10626,16.153,29.823,6.5287,87.25
0.59651,-0.74483,-0.27924,-0.10686,15.906,29.791,6.5283,87.3
0.59591,-0.74517,-0.27947,-0.10732,15.66,29.759,6.5255,87.35
0.59511,-0.74556,-0.27988,-0.10793,15.412,29.728,6.5201,87.4
0.59474,-0.74572,-0.28003,-0.10851,15.164,29.696,6.5122,87.45
0.59412,-0.74605,-0.28022,-0.10912,14.916,29.666,6.5015,87.5
0.59363,-0.74617,-0.28064,-0.10985,14.667,29.635,6.4889,87.55
0.59293,-0.74657,-0.28087,-0.11034,14.419,29.605,6.4732,87.6
0.59233,-0.74673,-0.28156,-0.11072,14.169,29.574,6.4551,87.65
0.59179,-0.747,-0.2817,-0.11142,13.92,29.544,6.4346,87.7
0.59112,-0.74732,-0.28208,-0.11191,13.67,29.514,6.4117,87.75
0.59043,-0.74765,-0.28237,-0.11259,13.421,29.484,6.3861,87.8
0.59005,-0.74773,-0.2827,-0.11321,13.171,29.454,6.358,87.85
0.58932,-0.74812,-0.28302,-0.11365,12.92,29.425,6.3276,87.9
0.58868,-0.74841,-0.2834,-0.11412,12.67,29.396,6.2946,87.95
0.58794,-0.74876,-0.28377,-0.11477,12.42,29.367,6.2595,88
0.58747,-0.74905,-0.28382,-0.11514,12.17,29.338,6.2217,88.05
0.58677,-0.74939,-0.28404,-0.11593,11.92,29.309,6.1818,88.1
0.58608,-0.74967,-0.28453,-0.11639,11.67,29.281,6.1395,88.15
0.58573,-0.74971,-0.28484,-0.11713,11.421,29.253,6.0946,88.2
0.58492,-0.75012,-0.28509,-0.11791,11.171,29.225,6.0478,88.25
0.58458,-0.75018,-0.28546,-0.11837,10.922,29.198,5.9986,88.3
0.58369,-0.75062,-0.28588,-0.11891,10.673,29.17,5.9468,88.35
0.58313,-0.75091,-0.28602,-0.11948,10.424,29.142,5.8932,88.4
0.58264,-0.7511,-0.28632,-0.12002,10.176,29.115,5.8371,88.45
0.58196,-0.75135,-0.2869,-0.12039,9.9276,29.088,5.779,88.5
0.5814,-0.75159,-0.2871,-0.1211,9.6799,29.062,5.7185,88.55
0.5807,-0.75196,-0.28732,-0.12161,9.4328,29.035,5.6561,88.6
0.58009,-0.75222,-0.28748,-0.12252,9.1862,29.009,5.5915,88.65
0.57951,-0.75251,-0.28772,-0.12293,8.9399,28.983,5.5249,88.7
0.57885,-0.75293,-0.28788,-0.1231,8.6943,28.957,5.456,88.75
0.57815,-0.75312,-0.2884,-0.12406,8.4492,28.931,5.3854,88.8
0.57756,-0.7534,-0.28865,-0.12447,8.2049,28.906,5.3127,88.85
0.57687,-0.75368,-0.2891,-0.12491,7.9612,28.88,5.2384,88.9
0.57617,-0.75402,-0.28935,-0.12553,7.7183,28.856,5.1619,88.95
0.57563,-0.75418,-0.28983,-0.12598,7.4761,28.831,5.0837,89
0.57499,-0.75448,-0.29006,-0.12651,7.2345,28.807,5.0037,89.05
0.57438,-0.75473,-0.29034,-0.12717,6.9941,28.782,4.922,89.1
0.57384,-0.75496,-0.29052,-0.1278,6.7547,28.758,4.8385,89.15
0.57305,-0.75524,-0.291,-0.12863,6.5162,28.734,4.7536,89.2
0.57248,-0.75547,-0.29131,-0.12912,6.2786,28.711,4.6669,89.25
0.57184,-0.75575,-0.29159,-0.1297,6.0419,28.687,4.5786,89.3
0.57114,-0.75603,-0.292,-0.13019,5.8063,28.664,4.4885,89.35
0.57073,-0.75618,-0.2922,-0.13069,5.5716,28.641,4.3973,89.4
0.5701,-0.75654,-0.29226,-0.13126,5.338,28.618,4.3043,89.45
0.5693,-0.75677,-0.29288,-0.13199,5.1056,28.595,4.2099,89.5
0.56866,-0.75705,-0.29318,-0.13248,4.8745,28.572,4.1142,89.55
0.56809,-0.75721,-0.29365,-0.13297,4.6444,28.55,4.0172,89.6
0.56742,-0.75761,-0.29363,-0.1336,4.4156,28.528,3.9189,89.65
0.56662,-0.75799,-0.29406,-0.13385,4.1881,28.507,3.8193,89.7
0.56614,-0.75806,-0.29448,-0.1346,3.9619,28.485,3.7189,89.75
0.56574,-0.75824,-0.29462,-0.13495,3.7371,28.464,3.6172,89.8
0.56506,-0.75854,-0.29494,-0.13542,3.5136,28.443,3.5146,89.85
0.56427,-0.75892,-0.29515,-0.13611,3.2917,28.422,3.4108,89.9
0.56372,-0.75908,-0.29553,-0.13669,3.0712,28.402,3.3058,89.95
0.56312,-0.75935,-0.29572,-0.13724,2.8522,28.381,3.2005,90
