0.24382,0.47977,0.14077,0.83099,-40,40,0,0
0.24445,0.47897,0.141,0.83123,-39.46,40,0.044945,0.05
0.24509,0.47847,0.14112,0.83131,-39.01,40.001,0.082326,0.1
0.35782,0.56408,-0.064345,0.74138,-33.038,34.227,28.368,0.15
0.34486,0.53592,-0.030522,0.77002,-35.212,35.29,23.586,0.2
0.43346,0.25316,-0.057005,0.863,-45.301,27.902,13.161,0.25
0.51615,0.17391,-0.086658,0.83417,-49.551,18.962,11.731,0.3
0.5382,-0.080055,-0.168,0.82202,-50.618,17.796,2.7426,0.35
0.5385,-0.082764,-0.15313,0.82445,-50.296,17.534,2.6888,0.4
0.52779,0.052905,-0.15091,0.83418,-48.397,17.866,11.943,0.45
0.55346,0.011324,-0.19437,0.8098,-49.439,13.42,12.624,0.5
0.56986,0.04359,-0.19711,0.79656,-49.173,10.959,14.946,0.55
0.57732,0.082241,-0.17567,0.79314,-48.785,10.138,16.113,0.6
0.58032,0.11219,-0.15366,0.79185,-48.338,9.9521,16.666,0.65
0.58206,0.13903,-0.13386,0.78991,-47.796,9.8503,17.139,0.7
0.58372,0.1656,-0.11263,0.78687,-47.316,9.778,17.251,0.75
0.59698,0.19834,-0.087537,0.77241,-46.938,8.1359,17.772,0.8
0.60277,0.21797,-0.063844,0.7649,-46.518,7.9015,17.658,0.85
0.60368,0.23652,-0.044609,0.76003,-45.991,8.1403,17.497,0.9
0.61329,0.26199,-0.01936,0.74489,-45.574,6.7561,17.694,0.95
0.61502,0.27635,0.00025646,0.7385,-45.068,7.1335,17.405,1
0.61942,0.29129,0.021238,0.72871,-44.633,6.5793,17.156,1.05
0.62166,0.29076,0.022378,0.72698,-44.269,6.1767,17.014,1.1
0.61892,0.30981,0.056596,0.71955,-43.683,7.1066,16.322,1.15
0.6209,0.31853,0.069485,0.71288,-43.085,7.6589,16.051,1.2
0.61868,0.33005,0.085861,0.70776,-42.453,8.1467,15.848,1.25
0.61814,0.33967,0.10262,0.70142,-41.953,7.9244,15.54,1.3
0.61737,0.34611,0.11988,0.6962,-41.505,8.0423,15.026,1.35
0.62411,0.34491,0.12477,0.68989,-41.193,7.2221,14.879,1.4
0.61374,0.35276,0.14915,0.69039,-40.786,7.948,13.858,1.45
0.61679,0.35177,0.15857,0.68607,-40.44,8.274,13.245,1.5
0.61538,0.3525,0.16951,0.68434,-40.111,8.0652,12.763,1.55
0.61353,0.35336,0.1828,0.68213,-39.763,8.0716,12.265,1.6
0.61297,0.35384,0.19442,0.67916,-39.447,8.1545,11.712,1.65
0.61045,0.35423,0.20478,0.67818,-39.095,8.3123,11.284,1.7
0.60882,0.35422,0.21342,0.67699,-38.767,8.4458,10.854,1.75
0.60684,0.35455,0.22268,0.67561,-38.464,8.2606,10.452,1.8
0.60815,0.35297,0.23203,0.67211,-38.159,7.89,10.106,1.85
0.60835,0.35247,0.2395,0.66957,-37.849,7.9023,9.8394,1.9
0.60852,0.35213,0.24652,0.66704,-37.557,7.9498,9.5918,1.95
0.60627,0.35162,0.25156,0.66747,-37.255,7.9999,9.4108,2
0.60609,0.34934,0.25781,0.66644,-36.98,7.8136,9.215,2.05
0.60579,0.34856,0.26127,0.66578,-36.714,7.717,9.0732,2.1
0.60555,0.34859,0.2638,0.66498,-36.446,7.6821,8.9642,2.15
0.60651,0.34665,0.26618,0.66417,-36.191,7.6847,8.8724,2.2
0.60647,0.34765,0.26806,0.66293,-35.942,7.6711,8.819,2.25
0.61055,0.34404,0.27133,0.65973,-35.693,7.2909,8.6883,2.3
0.6103,0.34347,0.27376,0.65926,-35.462,7.1916,8.6434,2.35
0.61055,0.34326,0.27522,0.65853,-35.241,7.138,8.6032,2.4
0.61241,0.34179,0.2771,0.65677,-35.03,7.1167,8.5794,2.45
0.61207,0.34023,0.2788,0.65718,-34.827,7.0997,8.5578,2.5
0.61445,0.33858,0.28122,0.65477,-34.631,6.9361,8.5086,2.55
0.61511,0.33831,0.28152,0.65417,-34.445,6.8474,8.4792,2.6
0.61476,0.33787,0.2809,0.65499,-34.263,6.8025,8.4688,2.65
0.61532,0.33639,0.28283,0.65439,-34.102,6.7857,8.4507,2.7
0.61826,0.33604,0.28454,0.65105,-33.904,6.6588,8.4105,2.75
0.61918,0.33453,0.28649,0.6501,-33.746,6.5336,8.3769,2.8
0.62009,0.33338,0.28753,0.64936,-33.601,6.4687,8.3612,2.85
0.62021,0.33156,0.2893,0.6494,-33.467,6.4376,8.3558,2.9
0.62186,0.33065,0.2896,0.64815,-33.349,6.4264,8.358,2.95
0.62139,0.32931,0.29053,0.64885,-33.246,6.4177,8.3511,3
0.62328,0.32895,0.2905,0.64725,-33.13,6.3132,8.3337,3.05
0.62473,0.32965,0.29236,0.64465,-33.031,6.2579,8.3324,3.1
0.62547,0.32645,0.2934,0.64509,-32.949,6.2295,8.3347,3.15
0.6274,0.32525,0.29409,0.6435,-32.83,6.1673,8.3067,3.2
0.6271,0.32435,0.29482,0.64391,-32.773,6.1638,8.3161,3.25
0.62865,0.32337,0.29482,0.6429,-32.701,6.0816,8.315,3.3
0.63016,0.32287,0.29583,0.6412,-32.651,6.0414,8.3196,3.35
0.63002,0.3227,0.29638,0.64117,-32.618,6.0186,8.3302,3.4
0.63034,0.32209,0.2963,0.6412,-32.602,6.0156,8.3429,3.45
0.6306,0.3215,0.29768,0.6406,-32.6,6.0051,8.356,3.5
0.63195,0.32031,0.2969,0.64023,-32.579,5.9359,8.3531,3.55
0.63289,0.31923,0.29837,0.63916,-32.58,5.9005,8.3637,3.6
0.63449,0.31805,0.30021,0.63729,-32.539,5.86,8.3412,3.65
0.63469,0.31719,0.30019,0.63753,-32.573,5.8569,8.3635,3.7
0.63498,0.3163,0.30058,0.6375,-32.615,5.856,8.388,3.75
0.63671,0.31552,0.30105,0.63594,-32.644,5.7967,8.3903,3.8
0.63815,0.31227,0.30234,0.63548,-32.696,5.77,8.3977,3.85
0.64045,0.3107,0.30165,0.63427,-32.763,5.7535,8.4179,3.9
0.64064,0.31101,0.30103,0.63421,-32.851,5.7487,8.4357,3.95
0.63861,0.31195,0.30257,0.63507,-32.946,5.748,8.4598,4
0.64156,0.30992,0.30302,0.63288,-33.022,5.6975,8.4647,4.05
0.64399,0.30822,0.30243,0.63151,-33.053,5.6818,8.4504,4.1
0.64355,0.30811,0.3034,0.63155,-33.169,5.674,8.4717,4.15
0.64457,0.307,0.30331,0.63109,-33.303,5.6734,8.4981,4.2
0.64446,0.30791,0.30431,0.63029,-33.448,5.6699,8.5249,4.25
0.6454,0.30588,0.3042,0.63036,-33.569,5.6356,8.5329,4.3
0.64662,0.30482,0.30397,0.62974,-33.716,5.6162,8.5496,4.35
0.64845,0.30331,0.30428,0.62844,-33.882,5.6067,8.5685,4.4
0.64753,0.30356,0.30471,0.62905,-34.062,5.6041,8.5989,4.45
0.64654,0.30253,0.30606,0.62991,-34.255,5.6037,8.6225,4.5
0.65061,0.30102,0.30379,0.62754,-34.349,5.5916,8.603,4.55
0.65092,0.29984,0.30408,0.62764,-34.54,5.5796,8.6237,4.6
0.65073,0.29968,0.30578,0.62709,-34.749,5.5723,8.6459,4.65
0.65167,0.2984,0.3045,0.62735,-34.974,5.5705,8.6764,4.7
0.65143,0.29882,0.30529,0.62701,-35.208,5.5666,8.705,4.75
0.65336,0.2978,0.30618,0.62506,-35.417,5.5405,8.7146,4.8
0.65287,0.29661,0.3069,0.62578,-35.653,5.5281,8.7307,4.85
0.65419,0.29621,0.30648,0.62479,-35.905,5.5186,8.7531,4.9
0.65475,0.29554,0.30589,0.62481,-36.174,5.5174,8.7812,4.95
0.65654,0.29341,0.30661,0.62359,-36.375,5.551,8.777,5
0.65803,0.29112,0.30606,0.62336,-36.624,5.53,8.7869,5.05
0.6586,0.29038,0.30684,0.62271,-36.901,5.518,8.8022,5.1
0.6596,0.28932,0.30676,0.62218,-37.192,5.5148,8.8261,5.15
0.66036,0.28868,0.30594,0.62209,-37.5,5.5126,8.8517,5.2
0.6596,0.2892,0.30604,0.62259,-37.816,5.5132,8.878,5.25
0.66135,0.28793,0.30632,0.6212,-38.1,5.493,8.8913,5.3
0.66257,0.2858,0.30606,0.621,-38.41,5.4804,8.9115,5.35
0.66186,0.28538,0.30726,0.62136,-38.736,5.4728,8.9362,5.4
0.66353,0.28491,0.3066,0.62011,-38.993,5.5238,8.9413,5.45
0.66443,0.28336,0.30658,0.61988,-39.341,5.5213,8.9689,5.5
0.66506,0.28397,0.30638,0.61902,-39.658,5.5059,8.9786,5.55
0.66558,0.28274,0.30624,0.6191,-39.999,5.4961,8.9968,5.6
0.66668,0.2826,0.30584,0.61817,-40.355,5.4889,9.0209,5.65
0.66634,0.2813,0.30655,0.61878,-40.728,5.4861,9.0455,5.7
0.66718,0.28049,0.30519,0.61892,-41.106,5.4831,9.0722,5.75
0.66865,0.27939,0.30672,0.61706,-41.448,5.4687,9.0853,5.8
0.6686,0.27892,0.30588,0.61775,-41.817,5.4579,9.1033,5.85
0.66927,0.27843,0.30627,0.61705,-42.113,5.5147,9.1011,5.9
0.6704,0.27844,0.30503,0.61644,-42.511,5.5105,9.1275,5.95
0.6705,0.27694,0.30454,0.61724,-42.917,5.5028,9.1499,6
0.67215,0.27568,0.30548,0.61555,-43.282,5.4888,9.161,6.05
0.67261,0.27475,0.30798,0.61421,-43.671,5.4791,9.1812,6.1
0.67365,0.27484,0.30604,0.614,-44.077,5.4713,9.2021,6.15
0.67399,0.27417,0.30492,0.61449,-44.497,5.4634,9.2257,6.2
0.67328,0.27342,0.30619,0.61497,-44.921,5.4557,9.2485,6.25
0.67438,0.27248,0.30531,0.61462,-45.302,5.4418,9.2639,6.3
0.67552,0.27089,0.30614,0.61366,-45.621,5.5085,9.2569,6.35
0.67577,0.2699,0.30601,0.61388,-46.044,5.4965,9.2736,6.4
0.67689,0.26902,0.30495,0.61356,-46.477,5.4861,9.3003,6.45
0.67712,0.26934,0.30521,0.61304,-46.915,5.4735,9.3237,6.5
0.67876,0.26829,0.30458,0.612,-47.31,5.4577,9.3339,6.55
0.67984,0.26612,0.30608,0.611,-47.729,5.4452,9.3497,6.6
0.68013,0.2662,0.30547,0.61095,-48.162,5.4331,9.3683,6.65
0.67935,0.26598,0.30541,0.61193,-48.609,5.4195,9.3875,6.7
0.68077,0.26398,0.30326,0.6123,-49.056,5.406,9.4085,6.75
0.68223,0.26331,0.30472,0.61022,-49.366,5.4768,9.3948,6.8
0.68312,0.26221,0.30382,0.61016,-49.79,5.4679,9.4127,6.85
0.68309,0.26289,0.30356,0.61002,-50.228,5.4528,9.4305,6.9
0.68251,0.26088,0.30455,0.61104,-50.677,5.4392,9.4497,6.95
0.68357,0.26036,0.30467,0.61002,-51.124,5.4268,9.4726,7
0.68418,0.26044,0.30446,0.60941,-51.528,5.4122,9.4796,7.05
0.68527,0.25851,0.30373,0.60937,-51.954,5.3992,9.4925,7.1
0.68664,0.25856,0.30432,0.6075,-52.391,5.3822,9.5086,7.15
0.68741,0.25671,0.30327,0.60794,-52.839,5.3667,9.5272,7.2
0.68771,0.25717,0.3028,0.60765,-53.191,5.4452,9.5235,7.25
0.68788,0.25562,0.30315,0.60793,-53.59,5.4313,9.5299,7.3
0.68837,0.25603,0.30277,0.60739,-54.011,5.4163,9.5416,7.35
0.68871,0.2545,0.30284,0.60762,-54.443,5.3984,9.5546,7.4
0.68926,0.25215,0.30271,0.60804,-54.88,5.3823,9.5772,7.45
0.68997,0.25241,0.30173,0.60762,-55.317,5.3656,9.5968,7.5
0.6901,0.25295,0.30072,0.60774,-55.706,5.3532,9.6014,7.55
0.69109,0.25244,0.30199,0.60619,-56.116,5.3345,9.6113,7.6
0.69179,0.25023,0.30217,0.60622,-56.532,5.3178,9.6281,7.65
0.69189,0.24963,0.30272,0.60608,-56.862,5.402,9.623,7.7
0.6932,0.24987,0.30173,0.60498,-57.289,5.3799,9.6352,7.75
0.69432,0.24892,0.30154,0.60418,-57.661,5.3739,9.6416,7.8
0.69531,0.24676,0.30096,0.60422,-58.053,5.3572,9.6524,7.85
0.6953,0.24589,0.30149,0.60432,-58.455,5.3361,9.6611,7.9
0.69463,0.24634,0.3024,0.60445,-58.866,5.3124,9.6731,7.95
0.69531,0.2456,0.30169,0.60432,-59.271,5.2889,9.6868,8
0.69705,0.2426,0.30067,0.60404,-59.622,5.2814,9.6912,8.05
0.69662,0.2449,0.30084,0.60352,-59.991,5.2686,9.7029,8.1
0.69814,0.24322,0.30014,0.6028,-60.272,5.3676,9.6921,8.15
0.69788,0.24247,0.3018,0.60256,-60.657,5.3459,9.7082,8.2
0.69803,0.24144,0.30052,0.60345,-61.035,5.3257,9.7257,8.25
0.69934,0.24162,0.30002,0.6021,-61.359,5.3206,9.7311,8.3
0.70025,0.24085,0.29967,0.60153,-61.701,5.3056,9.7417,8.35
0.70041,0.23896,0.29964,0.60211,-62.054,5.2844,9.7506,8.4
0.70067,0.23773,0.30058,0.60183,-62.414,5.2557,9.7588,8.45
0.70034,0.23687,0.30008,0.6028,-62.767,5.2288,9.7672,8.5
0.70164,0.23594,0.29899,0.6022,-63.063,5.2212,9.7693,8.55
0.70207,0.23514,0.2987,0.60215,-63.276,5.3294,9.7553,8.6
0.70413,0.23502,0.29848,0.59989,-63.596,5.3061,9.7636,8.65
0.70429,0.23429,0.2969,0.60078,-63.921,5.2741,9.7713,8.7
0.70421,0.23328,0.29837,0.60053,-64.239,5.2421,9.7812,8.75
0.70478,0.23331,0.29863,0.59973,-64.499,5.2355,9.7786,8.8
0.70554,0.23279,0.29673,0.59997,-64.777,5.2156,9.7832,8.85
0.70602,0.23128,0.29811,0.59932,-65.062,5.1903,9.7854,8.9
0.7061,0.23163,0.2973,0.59949,-65.351,5.1579,9.7902,8.95
0.707,0.23089,0.29699,0.59886,-65.63,5.1267,9.8001,9
0.70888,0.22992,0.29679,0.59711,-65.75,5.2565,9.7799,9.05
0.70838,0.22919,0.29558,0.59859,-65.989,5.2397,9.7826,9.1
0.70871,0.22651,0.29642,0.59879,-66.234,5.2113,9.7844,9.15
0.70997,0.22623,0.29536,0.59794,-66.482,5.1768,9.789,9.2
0.70956,0.22604,0.29614,0.5981,-66.721,5.1423,9.7945,9.25
0.7112,0.22564,0.29496,0.59689,-66.899,5.1396,9.7925,9.3
0.71123,0.22329,0.29558,0.59743,-67.096,5.1173,9.7893,9.35
0.71183,0.22385,0.29461,0.59699,-67.298,5.0894,9.7893,9.4
0.71151,0.22314,0.29464,0.59762,-67.502,5.053,9.7908,9.45
0.71103,0.22349,0.2966,0.59709,-67.594,5.1653,9.7747,9.5
0.71189,0.22235,0.29573,0.59693,-67.728,5.1631,9.7692,9.55
0.71244,0.22072,0.29477,0.59735,-67.88,5.1414,9.7654,9.6
0.7131,0.21984,0.29419,0.59717,-68.034,5.1134,9.7649,9.65
0.71363,0.22129,0.29314,0.59652,-68.191,5.0768,9.7677,9.7
0.71486,0.21934,0.29421,0.59523,-68.34,5.0411,9.7686,9.75
0.71468,0.21744,0.29432,0.5961,-68.425,5.0378,9.7659,9.8
0.71506,0.2165,0.29457,0.59586,-68.527,5.0186,9.7641,9.85
0.71639,0.21584,0.29376,0.5949,-68.634,4.9888,9.7624,9.9
0.71686,0.21666,0.29304,0.59439,-68.638,5.1043,9.7486,9.95
0.71747,0.21599,0.29228,0.59427,-68.736,5.0679,9.7521,10
0.71716,0.21528,0.29253,0.59478,-68.773,5.0687,9.7473,10.05
0.71834,0.21414,0.29152,0.59427,-68.825,5.0491,9.7435,10.1
0.71827,0.2128,0.29194,0.59462,-68.881,5.0205,9.7408,10.15
0.7185,0.21334,0.29274,0.59376,-68.939,4.9821,9.7421,10.2
0.71912,0.2133,0.2914,0.59368,-68.99,4.943,9.7385,10.25
0.72062,0.21177,0.28939,0.5934,-68.977,4.944,9.7291,10.3
0.72136,0.21032,0.28896,0.59321,-68.98,4.9244,9.7241,10.35
0.72129,0.20972,0.28893,0.59353,-68.881,5.0496,9.7057,10.4
0.72204,0.20835,0.28937,0.59288,-68.891,5.0103,9.7013,10.45
0.72154,0.20737,0.28917,0.59393,-68.891,4.967,9.6973,10.5
0.72219,0.20631,0.29004,0.59309,-68.827,4.9675,9.6873,10.55
0.723,0.20666,0.28937,0.59231,-68.78,4.946,9.6804,10.6
0.72409,0.20481,0.28878,0.59191,-68.734,4.915,9.6746,10.65
0.72328,0.20393,0.28942,0.59289,-68.693,4.8721,9.6705,10.7
0.72408,0.20438,0.28843,0.59224,-68.641,4.8311,9.6677,10.75
0.72508,0.20174,0.28709,0.59257,-68.526,4.8315,9.6566,10.8
0.72541,0.2012,0.2878,0.59201,-68.323,4.9736,9.6347,10.85
0.72436,0.20181,0.2876,0.59318,-68.228,4.9429,9.6278,10.9
0.72504,0.20179,0.28777,0.59227,-68.139,4.8984,9.617,10.95
0.72672,0.20029,0.28691,0.59113,-68.038,4.853,9.6116,11
0.7264,0.20072,0.28731,0.59119,-67.875,4.855,9.5969,11.05
0.7261,0.19913,0.28852,0.59151,-67.727,4.8339,9.5869,11.1
0.72749,0.19809,0.28736,0.59071,-67.581,4.8033,9.5822,11.15
0.72848,0.19781,0.28711,0.5897,-67.441,4.7578,9.5743,11.2
0.72797,0.19654,0.2877,0.59048,-67.29,4.7128,9.5695,11.25
0.7293,0.19591,0.2886,0.5886,-66.974,4.882,9.5413,11.3
0.73044,0.19481,0.28708,0.58829,-66.779,4.8607,9.5302,11.35
0.73021,0.19568,0.28614,0.58875,-66.586,4.8297,9.5239,11.4
0.73054,0.19333,0.28496,0.58969,-66.396,4.7834,9.521,11.45
0.7308,0.19274,0.28473,0.58967,-66.198,4.7359,9.5136,11.5
0.73135,0.19249,0.28353,0.58965,-65.937,4.7414,9.4994,11.55
0.73128,0.19246,0.28392,0.58956,-65.695,4.7199,9.4874,11.6
0.73266,0.19056,0.28279,0.58901,-65.459,4.6874,9.4761,11.65
0.73282,0.19003,0.28333,0.58872,-65.226,4.6418,9.4672,11.7
0.73225,0.19068,0.28362,0.58908,-64.878,4.7618,9.4433,11.75
0.73385,0.18939,0.28213,0.58822,-64.577,4.7666,9.4238,11.8
0.73363,0.18878,0.28158,0.58895,-64.294,4.7427,9.4048,11.85
0.73437,0.18739,0.28254,0.58801,-64.014,4.7091,9.3939,11.9
0.73398,0.18752,0.28114,0.58913,-63.741,4.6592,9.3811,11.95
0.73504,0.18515,0.28197,0.58815,-63.459,4.6096,9.3697,12
0.73541,0.18462,0.28193,0.58788,-63.115,4.6146,9.3512,12.05
0.73582,0.18365,0.28185,0.58772,-62.793,4.5927,9.3336,12.1
0.73658,0.18404,0.28152,0.58679,-62.461,4.5757,9.3195,12.15
0.73782,0.18299,0.27987,0.58634,-62.058,4.6747,9.2949,12.2
0.73823,0.18296,0.27942,0.58606,-61.737,4.6241,9.2833,12.25
0.73898,0.18222,0.27862,0.58572,-61.357,4.6311,9.2648,12.3
0.73965,0.18079,0.27919,0.58505,-60.996,4.61,9.249,12.35
0.73927,0.17971,0.27834,0.58626,-60.628,4.5878,9.2326,12.4
0.73962,0.1784,0.27953,0.58566,-60.281,4.5352,9.219,12.45
0.73922,0.17742,0.2794,0.58653,-59.928,4.4817,9.2003,12.5
0.73982,0.17743,0.27947,0.58573,-59.518,4.4866,9.1731,12.55
0.74044,0.17632,0.27768,0.58614,-59.126,4.4631,9.1533,12.6
0.74059,0.17745,0.27754,0.58567,-58.638,4.5861,9.1202,12.65
0.74085,0.17568,0.2775,0.5859,-58.261,4.5349,9.1035,12.7
0.74172,0.17635,0.27695,0.58485,-57.879,4.4816,9.0877,12.75
0.74243,0.17471,0.27617,0.58481,-57.438,4.4862,9.0651,12.8
0.74339,0.17445,0.27503,0.58421,-57.018,4.4631,9.0441,12.85
0.7435,0.17405,0.27489,0.58425,-56.593,4.4392,9.0252,12.9
0.74363,0.17244,0.27634,0.58388,-56.191,4.386,9.0087,12.95
0.74448,0.17048,0.27508,0.58397,-55.782,4.3362,8.9942,13
0.7445,0.17007,0.27557,0.58383,-55.317,4.3389,8.9708,13.05
0.74532,0.16919,0.27398,0.58379,-54.785,4.4566,8.9361,13.1
0.74474,0.16866,0.27419,0.58458,-54.338,4.4299,8.9167,13.15
0.74494,0.16759,0.27514,0.58418,-53.915,4.3766,8.8981,13.2
0.74627,0.1675,0.27414,0.58298,-53.49,4.3212,8.8781,13.25
0.74712,0.16596,0.27435,0.58225,-53.008,4.3306,8.8554,13.3
0.74753,0.16546,0.27437,0.58184,-52.549,4.3058,8.8322,13.35
0.74795,0.16459,0.27334,0.58204,-52.088,4.2828,8.8106,13.4
0.74864,0.16392,0.27201,0.58196,-51.649,4.2282,8.7927,13.45
0.74969,0.16313,0.27103,0.58129,-51.209,4.1755,8.7744,13.5
0.74948,0.16288,0.27175,0.58129,-50.623,4.323,8.7349,13.55
0.75026,0.16145,0.27127,0.58091,-50.152,4.2975,8.7111,13.6
0.75018,0.16148,0.27097,0.58114,-49.681,4.2726,8.686,13.65
0.74975,0.16224,0.27089,0.58152,-49.235,4.2174,8.6647,13.7
0.75032,0.16058,0.27152,0.58096,-48.788,4.1618,8.6433,13.75
0.75115,0.15929,0.27142,0.58028,-48.286,4.1717,8.6171,13.8
0.75209,0.15794,0.26988,0.58015,-47.812,4.1478,8.5913,13.85
0.75137,0.15797,0.27176,0.58021,-47.336,4.1236,8.5672,13.9
0.75259,0.15663,0.27028,0.57968,-46.885,4.0698,8.5466,13.95
0.75222,0.15587,0.27112,0.57997,-46.345,4.1548,8.5107,14
0.75118,0.15622,0.27049,0.58152,-45.84,4.1612,8.485,14.05
0.75199,0.15491,0.2698,0.58114,-45.362,4.1379,8.4613,14.1
0.75381,0.1542,0.26969,0.57902,-44.886,4.1149,8.4373,14.15
0.75332,0.15214,0.26975,0.58017,-44.438,4.0606,8.4154,14.2
0.75416,0.15272,0.26804,0.57971,-43.977,4.0212,8.391,14.25
0.75492,0.15148,0.2668,0.57962,-43.467,4.0442,8.3607,14.3
0.75548,0.15114,0.26684,0.57897,-42.995,4.0198,8.3365,14.35
0.7559,0.15082,0.26675,0.57855,-42.525,3.999,8.3121,14.4
0.75616,0.15004,0.26639,0.57857,-42.017,4.0446,8.2794,14.45
0.7562,0.14812,0.26576,0.5793,-41.567,4.0045,8.2542,14.5
0.75571,0.14751,0.26581,0.58008,-41.068,4.027,8.2232,14.55
0.75645,0.14721,0.26496,0.57958,-40.608,4.0033,8.1963,14.6
0.75684,0.14615,0.26664,0.57856,-40.153,3.9793,8.17,14.65
0.75692,0.14701,0.2657,0.57868,-39.725,3.9223,8.1451,14.7
0.75754,0.1452,0.26499,0.57865,-39.277,3.8963,8.1166,14.75
0.75796,0.14439,0.26553,0.57805,-38.793,3.9183,8.0854,14.8
0.75819,0.14396,0.26421,0.57846,-38.35,3.8961,8.0587,14.85
0.75825,0.14292,0.26503,0.57827,-37.843,3.9703,8.0244,14.9
0.75924,0.14217,0.2629,0.57812,-37.434,3.9143,7.9997,14.95
0.76025,0.14177,0.26315,0.57678,-37.003,3.8908,7.9711,15
0.7599,0.14008,0.26276,0.57783,-36.538,3.9126,7.94,15.05
0.76085,0.14056,0.2618,0.5769,-36.119,3.8873,7.9086,15.1
0.76148,0.13924,0.26232,0.57615,-35.692,3.8768,7.8785,15.15
0.7606,0.13879,0.2629,0.57716,-35.305,3.8223,7.8523,15.2
0.76183,0.13779,0.26165,0.57634,-34.898,3.7986,7.8238,15.25
0.76191,0.13669,0.26217,0.57625,-34.461,3.8198,7.7905,15.3
0.76235,0.13635,0.26203,0.57581,-34.014,3.8742,7.7535,15.35
0.76342,0.13579,0.26052,0.57522,-33.613,3.8662,7.7224,15.4
0.7629,0.13561,0.26088,0.57578,-33.256,3.8098,7.6939,15.45
0.76336,0.13509,0.26092,0.57529,-32.88,3.7856,7.6649,15.5
0.76343,0.1337,0.26137,0.57531,-32.473,3.8075,7.6308,15.55
0.76449,0.13329,0.25994,0.57464,-32.111,3.7824,7.6011,15.6
0.76521,0.13172,0.25938,0.57431,-31.734,3.7888,7.5676,15.65
0.76481,0.13122,0.25943,0.57493,-31.397,3.7484,7.5372,15.7
0.76517,0.13048,0.25915,0.57475,-31.056,3.7231,7.5063,15.75
0.76527,0.13032,0.25836,0.57501,-30.654,3.7904,7.4661,15.8
0.7659,0.12984,0.25842,0.57425,-30.327,3.769,7.4362,15.85
0.76629,0.12914,0.25799,0.57408,-29.983,3.775,7.4026,15.9
0.76665,0.12822,0.25768,0.57394,-29.685,3.7349,7.3724,15.95
0.76691,0.12691,0.25753,0.57395,-29.373,3.7271,7.3378,16
0.76805,0.12737,0.25732,0.57242,-29.039,3.749,7.3038,16.05
0.76796,0.12618,0.25757,0.5727,-28.752,3.7271,7.2715,16.1
0.76797,0.12508,0.25674,0.57329,-28.424,3.7631,7.2347,16.15
0.76793,0.12475,0.25757,0.57304,-28.157,3.7402,7.202,16.2
0.76888,0.12303,0.25625,0.57273,-27.873,3.7474,7.1654,16.25
0.76869,0.12238,0.25504,0.57366,-27.585,3.7681,7.129,16.3
0.76912,0.12068,0.25459,0.57365,-27.34,3.7459,7.0967,16.35
0.76921,0.12034,0.25477,0.57352,-27.047,3.7972,7.0581,16.4
0.76981,0.12007,0.25395,0.57313,-26.821,3.774,7.025,16.45
0.76949,0.12063,0.25386,0.57349,-26.593,3.7657,6.9897,16.5
0.77045,0.11914,0.25309,0.57286,-26.349,3.7888,6.954,16.55
0.77204,0.11789,0.2522,0.57135,-26.15,3.7664,6.9216,16.6
0.77208,0.11704,0.25343,0.57093,-25.914,3.8048,6.8846,16.65
0.77262,0.11545,0.25232,0.57102,-25.725,3.7967,6.8499,16.7
0.77252,0.11574,0.25292,0.57083,-25.546,3.7886,6.8148,16.75
0.77287,0.11392,0.25183,0.5712,-25.351,3.8111,6.7779,16.8
0.77293,0.11291,0.25174,0.57137,-25.192,3.8027,6.7436,16.85
0.7738,0.11294,0.25088,0.57056,-25.004,3.8411,6.7056,16.9
0.77391,0.11286,0.2515,0.57015,-24.874,3.8203,6.6715,16.95
0.7736,0.112,0.25183,0.5706,-24.743,3.8135,6.6365,17
0.77391,0.11196,0.25106,0.57052,-24.597,3.8376,6.6004,17.05
0.77401,0.11189,0.25124,0.57032,-24.486,3.831,6.5651,17.1
0.77431,0.1099,0.2502,0.57076,-24.348,3.869,6.5273,17.15
0.77425,0.10994,0.25024,0.57082,-24.269,3.8501,6.4923,17.2
0.77522,0.10796,0.24844,0.57066,-24.186,3.8448,6.4566,17.25
0.77436,0.1071,0.25038,0.57114,-24.081,3.8832,6.419,17.3
0.77603,0.10743,0.24728,0.57016,-24.021,3.8788,6.3827,17.35
0.77647,0.10674,0.2466,0.56999,-23.934,3.9171,6.3437,17.4
0.77633,0.10635,0.24745,0.56989,-23.906,3.8976,6.3079,17.45
0.77675,0.10607,0.24697,0.56957,-23.876,3.8943,6.272,17.5
0.77669,0.10477,0.24718,0.56981,-23.833,3.9185,6.2336,17.55
0.77716,0.10253,0.24727,0.56954,-23.824,3.9143,6.1984,17.6
0.77821,0.10299,0.24576,0.56867,-23.79,3.9527,6.1594,17.65
0.77795,0.10188,0.2458,0.56921,-23.813,3.9345,6.1237,17.7
0.7784,0.10234,0.24578,0.56851,-23.823,3.9456,6.0871,17.75
0.77827,0.1015,0.24659,0.5685,-23.833,3.9702,6.0484,17.8
0.77949,0.10088,0.24536,0.56747,-23.872,3.9685,6.0117,17.85
0.77975,0.10115,0.24517,0.56714,-23.889,4.0088,5.972,17.9
0.77924,0.099866,0.24491,0.56819,-23.96,3.9923,5.9366,17.95
0.77948,0.097862,0.24544,0.56797,-24.032,3.9898,5.8996,18
0.77967,0.096916,0.24441,0.56832,-24.089,4.0172,5.862,18.05
0.78051,0.095815,0.24374,0.56765,-24.181,4.017,5.826,18.1
0.78101,0.094075,0.24398,0.56714,-24.249,4.0596,5.7864,18.15
0.78219,0.09453,0.24291,0.5659,-24.361,4.0594,5.7499,18.2
0.78249,0.094857,0.24225,0.56571,-24.481,4.0584,5.7126,18.25
0.78135,0.094175,0.24265,0.56723,-24.587,4.0857,5.6745,18.3
0.7816,0.093782,0.2417,0.56735,-24.725,4.0872,5.6381,18.35
0.78181,0.092623,0.24129,0.56743,-24.839,4.1295,5.5978,18.4
0.78254,0.091774,0.24059,0.56685,-25.01,4.1162,5.56,18.45
0.7833,0.0905,0.23953,0.56646,-25.177,4.1166,5.5222,18.5
0.78337,0.09041,0.23991,0.56622,-25.332,4.1441,5.482,18.55
0.78329,0.08962,0.23987,0.56647,-25.518,4.1471,5.445,18.6
0.78307,0.08848,0.23994,0.56692,-25.67,4.2028,5.4043,18.65
0.78383,0.087522,0.23898,0.56642,-25.885,4.1931,5.3676,18.7
0.78469,0.087591,0.23846,0.56545,-26.097,4.1962,5.3309,18.75
0.78387,0.087599,0.23797,0.56679,-26.294,4.2266,5.2911,18.8
0.78437,0.086901,0.23886,0.56582,-26.523,4.2302,5.2515,18.85
0.78536,0.086795,0.23783,0.5649,-26.728,4.2759,5.2108,18.9
0.78571,0.084747,0.23715,0.56501,-26.984,4.2681,5.1756,18.95
0.78513,0.084672,0.23842,0.5653,-27.237,4.2744,5.1378,19
0.78542,0.084523,0.2374,0.56535,-27.476,4.3065,5.098,19.05
0.78607,0.082628,0.23573,0.56542,-27.736,4.3257,5.0584,19.1
0.78598,0.081774,0.23632,0.56543,-27.98,4.3726,5.0165,19.15
0.78675,0.082113,0.2345,0.56505,-28.273,4.3661,4.98,19.2
0.78729,0.080504,0.23542,0.56416,-28.564,4.3723,4.9411,19.25
0.78778,0.079572,0.23596,0.56338,-28.841,4.4061,4.9011,19.3
0.7877,0.078836,0.23516,0.56393,-29.145,4.4158,4.8645,19.35
0.78796,0.078178,0.23503,0.56371,-29.417,4.4775,4.8222,19.4
0.78827,0.077587,0.23535,0.56322,-29.745,4.4734,4.7851,19.45
0.78831,0.075655,0.23412,0.56393,-30.07,4.4835,4.7474,19.5
0.7887,0.074999,0.23521,0.56303,-30.372,4.5338,4.7059,19.55
0.78858,0.075522,0.2338,0.56371,-30.71,4.5443,4.6679,19.6
0.78955,0.076092,0.23151,0.56323,-31.021,4.5955,4.6271,19.65
0.78969,0.074586,0.23253,0.56281,-31.38,4.5941,4.5891,19.7
0.78928,0.072673,0.23177,0.56396,-31.735,4.6052,4.5507,19.75
0.79006,0.072481,0.23193,0.56281,-32.073,4.6443,4.5113,19.8
0.79027,0.07217,0.23223,0.56244,-32.429,4.6689,4.4721,19.85
0.78965,0.071096,0.23174,0.56364,-32.767,4.7211,4.4311,19.9
0.79015,0.070134,0.23094,0.56339,-33.15,4.7203,4.3941,19.95
0.79084,0.06999,0.23093,0.56245,-33.518,4.748,4.3545,20
0.79144,0.069235,0.23019,0.562,-33.881,4.7866,4.3141,20.05
0.79159,0.067909,0.22979,0.56211,-34.268,4.7996,4.2749,20.1
0.79225,0.0673,0.22981,0.56125,-34.63,4.8528,4.2328,20.15
0.79203,0.06591,0.22958,0.56182,-35.033,4.8547,4.1943,20.2
0.7916,0.065002,0.22931,0.56263,-35.431,4.8699,4.1551,20.25
0.7915,0.064031,0.23001,0.56261,-35.803,4.923,4.1119,20.3
0.79283,0.062702,0.22806,0.56167,-36.206,4.9394,4.0735,20.35
0.79267,0.063443,0.22964,0.56118,-36.582,4.9944,4.0312,20.4
0.79311,0.062892,0.22841,0.56111,-36.993,5.01,3.9916,20.45
0.79391,0.062398,0.22816,0.56014,-37.396,5.039,3.9516,20.5
0.7942,0.061237,0.22675,0.56043,-37.79,5.0828,3.911,20.55
0.79421,0.061115,0.22782,0.55999,-38.206,5.1003,3.8723,20.6
0.79505,0.058092,0.22623,0.55977,-38.594,5.1565,3.8316,20.65
0.79452,0.059402,0.22684,0.56014,-39.02,5.1629,3.7939,20.7
0.79481,0.058943,0.22676,0.5598,-39.431,5.1944,3.7542,20.75
0.79455,0.059228,0.22757,0.55982,-39.833,5.2382,3.7126,20.8
0.795,0.057012,0.22657,0.55982,-40.254,5.2572,3.6745,20.85
0.79549,0.055092,0.22601,0.55954,-40.639,5.3281,3.6315,20.9
0.79613,0.054917,0.224,0.55945,-41.063,5.3452,3.591,20.95
0.79573,0.053601,0.22377,0.56024,-41.487,5.3623,3.5501,21
0.79613,0.05351,0.22448,0.55939,-41.889,5.4085,3.5112,21.05
0.79584,0.053126,0.22524,0.55954,-42.311,5.4289,3.4736,21.1
0.79711,0.051865,0.22327,0.55864,-42.705,5.4882,3.4329,21.15
0.79767,0.051787,0.22423,0.55746,-43.126,5.5078,3.393,21.2
0.7973,0.049988,0.22294,0.55866,-43.545,5.5289,3.3538,21.25
0.79699,0.049541,0.22256,0.55931,-43.939,5.5873,3.3119,21.3
0.7977,0.049802,0.22171,0.5586,-44.347,5.6214,3.2722,21.35
0.7979,0.049005,0.22159,0.55844,-44.727,5.6952,3.2326,21.4
0.79826,0.047712,0.22147,0.55808,-45.149,5.7037,3.1969,21.45
0.79894,0.048733,0.22208,0.55678,-45.561,5.7234,3.1587,21.5
0.79874,0.047327,0.22216,0.55716,-45.952,5.7702,3.1197,21.55
0.79884,0.045981,0.22129,0.55747,-46.356,5.7945,3.0838,21.6
0.79879,0.046189,0.22141,0.55748,-46.725,5.8683,3.0425,21.65
0.79992,0.044836,0.21969,0.55664,-47.126,5.89,3.0055,21.7
0.79934,0.0452,0.22021,0.55725,-47.514,5.9264,2.9667,21.75
0.80003,0.044241,0.22026,0.55631,-47.889,5.9748,2.929,21.8
0.79975,0.043132,0.2193,0.55718,-48.272,6.0082,2.8884,21.85
0.80011,0.04193,0.21835,0.55712,-48.63,6.0678,2.8474,21.9
0.79955,0.041309,0.21852,0.55791,-49.012,6.09,2.8085,21.95
0.80004,0.040632,0.21728,0.55774,-49.388,6.1126,2.7699,22
0.80083,0.039027,0.21822,0.55635,-49.742,6.1588,2.7307,22.05
0.80064,0.039603,0.21768,0.5568,-50.102,6.1924,2.6914,22.1
0.80165,0.038868,0.2163,0.55594,-50.438,6.2515,2.6506,22.15
0.80153,0.037001,0.21651,0.55615,-50.788,6.283,2.6103,22.2
0.80147,0.037512,0.21717,0.55595,-51.14,6.3047,2.5726,22.25
0.80193,0.036385,0.21705,0.55541,-51.46,6.3645,2.5342,22.3
0.80247,0.035034,0.21672,0.55484,-51.799,6.3856,2.4955,22.35
0.80279,0.035511,0.21613,0.55457,-52.109,6.4437,2.4536,22.4
0.80281,0.035813,0.21709,0.55416,-52.438,6.4636,2.414,22.45
0.80344,0.03304,0.21582,0.55391,-52.76,6.4832,2.3756,22.5
0.80378,0.03287,0.21371,0.55425,-53.053,6.5419,2.3342,22.55
0.80343,0.03242,0.21202,0.55542,-53.361,6.5609,2.2961,22.6
0.80374,0.031297,0.21179,0.55514,-53.632,6.6307,2.2526,22.65
0.80437,0.029947,0.21341,0.55367,-53.929,6.6516,2.2141,22.7
0.80535,0.028589,0.21196,0.55287,-54.21,6.6819,2.1744,22.75
0.80462,0.02887,0.2121,0.55387,-54.475,6.726,2.1358,22.8
0.8044,0.027931,0.21386,0.55355,-54.749,6.7457,2.0998,22.85
0.80527,0.026615,0.21157,0.55324,-54.989,6.8011,2.0603,22.9
0.8056,0.026684,0.21199,0.5526,-55.247,6.819,2.0238,22.95
0.8058,0.026514,0.21214,0.55225,-55.49,6.8499,1.9855,23
0.80566,0.026449,0.21198,0.55252,-55.717,6.8914,1.9449,23.05
0.80604,0.026218,0.21166,0.55209,-55.945,6.9206,1.9069,23.1
0.8058,0.024956,0.20924,0.55342,-56.147,6.9747,1.8681,23.15
0.80618,0.023908,0.2081,0.55335,-56.359,7.0028,1.8297,23.2
0.80651,0.022207,0.20805,0.55296,-56.569,7.0192,1.7933,23.25
0.8067,0.020995,0.20907,0.55234,-56.754,7.0591,1.7551,23.3
0.80776,0.020934,0.20929,0.5507,-56.945,7.076,1.7192,23.35
0.80729,0.020824,0.20875,0.55161,-57.102,7.1279,1.6801,23.4
0.80781,0.019637,0.20817,0.55111,-57.268,7.1546,1.6427,23.45
0.80825,0.018507,0.20856,0.55035,-57.434,7.1678,1.6047,23.5
0.80884,0.016971,0.2074,0.54998,-57.569,7.2169,1.5644,23.55
0.80924,0.016341,0.20495,0.55033,-57.715,7.2299,1.5273,23.6
0.80947,0.016953,0.20531,0.54984,-57.821,7.2904,1.4869,23.65
0.8092,0.015935,0.20583,0.55006,-57.952,7.3019,1.4479,23.7
0.80929,0.016246,0.20469,0.55036,-58.07,7.3138,1.4119,23.75
0.80939,0.015874,0.20461,0.55025,-58.164,7.3471,1.3725,23.8
0.80906,0.012344,0.20608,0.55027,-58.265,7.357,1.3349,23.85
0.80945,0.01211,0.20586,0.54979,-58.324,7.4164,1.2964,23.9
0.80993,0.011466,0.20424,0.54969,-58.404,7.4243,1.2601,23.95
0.81113,0.011586,0.20397,0.54803,-58.468,7.4443,1.2228,24
0.81007,0.0098184,0.20418,0.54955,-58.513,7.4764,1.1863,24.05
0.81038,0.0098174,0.2041,0.54912,-58.556,7.4962,1.1504,24.1
0.81053,0.0076698,0.20266,0.54946,-58.574,7.5359,1.1117,24.15
0.8116,0.0089862,0.20203,0.54809,-58.605,7.5424,1.0772,24.2
0.8107,0.0089478,0.20201,0.54944,-58.626,7.5479,1.0412,24.25
0.81125,0.0081977,0.20176,0.54873,-58.622,7.5777,1.0061,24.3
0.81179,0.0065975,0.20213,0.54781,-58.616,7.594,0.96953,24.35
0.81195,0.0064061,0.20231,0.54751,-58.585,7.6335,0.93121,24.4
0.81181,0.0051434,0.20247,0.54767,-58.56,7.6478,0.89462,24.45
0.8125,0.0041334,0.20076,0.54729,-58.532,7.651,0.85872,24.5
0.81286,0.002896,0.20114,0.54661,-58.472,7.6855,0.82129,24.55
0.81287,0.00079184,0.2018,0.54636,-58.424,7.6868,0.78779,24.6
0.81292,0.00096195,0.20161,0.54637,-58.342,7.7216,0.7507,24.65
0.81283,0.0023937,0.19972,0.54719,-58.273,7.7211,0.71571,24.7
0.8131,0.001306,0.19952,0.54686,-58.194,7.7212,0.6815,24.75
0.81342,-0.00057463,0.20012,0.54617,-58.084,7.7551,0.64557,24.8
0.81316,-0.0010875,0.19988,0.54664,-57.987,7.7528,0.60988,24.85
0.81387,-0.0023031,0.19769,0.54638,-57.849,7.7938,0.5747,24.9
0.81386,-0.0031576,0.19765,0.5464,-57.732,7.7898,0.53942,24.95
0.81428,-0.003332,0.19855,0.54545,-57.597,7.7979,0.50494,25
0.81485,-0.0027997,0.19817,0.54474,-57.444,7.8139,0.47098,25.05
0.81556,-0.0039118,0.19762,0.54387,-57.296,7.8085,0.43954,25.1
0.81527,-0.0056449,0.19743,0.54436,-57.117,7.8344,0.40466,25.15
0.81412,-0.0058116,0.19608,0.54657,-56.95,7.8269,0.37111,25.2
0.81535,-0.0066572,0.19577,0.54483,-56.769,7.8302,0.33612,25.25
0.81538,-0.0077159,0.1957,0.5448,-56.568,7.8444,0.30322,25.3
0.8157,-0.0089015,0.19498,0.54455,-56.368,7.8438,0.26812,25.35
0.81573,-0.0111,0.19635,0.54398,-56.144,7.8663,0.23295,25.4
0.81688,-0.011613,0.19476,0.54281,-55.924,7.8674,0.20103,25.45
0.81721,-0.010619,0.19508,0.54221,-55.702,7.8566,0.17081,25.5
0.81714,-0.011668,0.19493,0.54235,-55.457,7.8673,0.13698,25.55
0.81761,-0.01201,0.19391,0.542,-55.218,7.8548,0.10505,25.6
0.81705,-0.014359,0.19384,0.54281,-54.949,7.873,0.071054,25.65
0.81736,-0.014515,0.19359,0.54243,-54.687,7.8685,0.038869,25.7
0.8166,-0.013247,0.19317,0.54376,-54.421,7.8531,0.0068329,25.75
0.81792,-0.013829,0.19157,0.54232,-54.128,7.8695,-0.026185,25.8
0.8179,-0.015465,0.19323,0.54173,-53.845,7.8543,-0.057273,25.85
0.81817,-0.016201,0.19123,0.54201,-53.529,7.8777,-0.090629,25.9
0.81894,-0.01747,0.19157,0.54068,-53.232,7.8605,-0.12114,25.95
0.81816,-0.017705,0.19215,0.54165,-52.926,7.8434,-0.15089,26
0.81886,-0.017886,0.19122,0.54091,-52.601,7.8453,-0.18397,26.05
0.81869,-0.019587,0.19129,0.54109,-52.279,7.8252,-0.21618,26.1
0.81862,-0.020139,0.19188,0.54096,-51.924,7.8442,-0.2501,26.15
0.81912,-0.020166,0.19011,0.54082,-51.589,7.8243,-0.2803,26.2
0.81925,-0.019367,0.1898,0.54077,-51.241,7.8139,-0.31072,26.25
0.82002,-0.022188,0.1896,0.53956,-50.879,7.812,-0.34113,26.3
0.81992,-0.022603,0.19001,0.53956,-50.518,7.7985,-0.37177,26.35
0.8206,-0.023902,0.18875,0.5389,-50.137,7.8054,-0.40345,26.4
0.8206,-0.023705,0.18743,0.53937,-49.768,7.7825,-0.43331,26.45
0.82036,-0.025064,0.18735,0.53971,-49.393,7.7595,-0.46167,26.5
0.82046,-0.025421,0.18776,0.53939,-49,7.7554,-0.49128,26.55
0.82054,-0.027977,0.18704,0.5394,-48.608,7.7396,-0.52064,26.6
0.8213,-0.027832,0.18786,0.53796,-48.198,7.7447,-0.55039,26.65
0.82075,-0.028105,0.18605,0.53941,-47.794,7.7286,-0.57836,26.7
0.82154,-0.029512,0.1865,0.53797,-47.393,7.7023,-0.60532,26.75
0.82181,-0.029329,0.1867,0.5375,-46.967,7.7032,-0.63468,26.8
0.82222,-0.031037,0.18643,0.53688,-46.555,7.6779,-0.66075,26.85
0.82194,-0.031852,0.18481,0.53782,-46.117,7.6789,-0.6895,26.9
0.82214,-0.032468,0.18487,0.53745,-45.697,7.652,-0.71855,26.95
0.82311,-0.033145,0.18398,0.53623,-45.27,7.6244,-0.74431,27
0.82244,-0.034457,0.18318,0.53745,-44.823,7.622,-0.7724,27.05
0.82281,-0.03633,0.1835,0.53665,-44.389,7.5948,-0.79736,27.1
0.8223,-0.03634,0.18365,0.53738,-43.929,7.6,-0.82731,27.15
0.82319,-0.036142,0.18352,0.53607,-43.489,7.5704,-0.85212,27.2
0.82342,-0.036472,0.18304,0.53585,-43.04,7.5491,-0.87741,27.25
0.82419,-0.038298,0.18211,0.53487,-42.583,7.5368,-0.90415,27.3
0.82335,-0.037525,0.18207,0.53622,-42.134,7.5054,-0.92993,27.35
0.82369,-0.039265,0.18132,0.53583,-41.663,7.502,-0.95507,27.4
0.82382,-0.041501,0.18103,0.53556,-41.208,7.4709,-0.97999,27.45
0.82468,-0.04098,0.18065,0.5344,-40.747,7.4508,-1.0049,27.5
0.82498,-0.04269,0.17949,0.53419,-40.275,7.436,-1.0314,27.55
0.825,-0.042645,0.17959,0.53414,-39.808,7.413,-1.0594,27.6
0.82503,-0.043221,0.18053,0.53373,-39.328,7.4075,-1.0855,27.65
0.82504,-0.043973,0.17962,0.53396,-38.86,7.3843,-1.1114,27.7
0.82599,-0.044359,0.17928,0.53257,-38.396,7.3531,-1.1353,27.75
0.82622,-0.045408,0.17952,0.53205,-37.919,7.3386,-1.1601,27.8
0.82614,-0.045779,0.17885,0.53235,-37.454,7.3074,-1.1845,27.85
0.82579,-0.045507,0.1783,0.53311,-36.971,7.3007,-1.2092,27.9
0.82565,-0.046655,0.17958,0.5328,-36.501,7.276,-1.2337,27.95
0.82654,-0.048197,0.17768,0.53192,-36.036,7.2446,-1.2567,28
0.82634,-0.047829,0.17798,0.53217,-35.556,7.237,-1.28,28.05
0.8264,-0.050479,0.17828,0.53172,-35.093,7.2047,-1.3023,28.1
0.82608,-0.05226,0.17855,0.53196,-34.608,7.2051,-1.3262,28.15
0.82643,-0.05164,0.17752,0.53183,-34.147,7.1737,-1.3467,28.2
0.82651,-0.052096,0.17649,0.532,-33.687,7.1436,-1.3665,28.25
0.82832,-0.052266,0.17303,0.5303,-33.215,7.1279,-1.3878,28.3
0.82806,-0.053266,0.17527,0.52987,-32.759,7.0972,-1.4064,28.35
0.82895,-0.054254,0.17492,0.52849,-32.283,7.0969,-1.4279,28.4
0.82809,-0.055889,0.17497,0.52965,-31.829,7.0656,-1.4463,28.45
0.82875,-0.056419,0.17478,0.52863,-31.373,7.042,-1.4664,28.5
0.8289,-0.056543,0.1742,0.52857,-30.914,7.0275,-1.4856,28.55
0.8286,-0.056544,0.17346,0.52928,-30.465,7.0044,-1.5039,28.6
0.82931,-0.057157,0.17318,0.52819,-30.006,6.9979,-1.5231,28.65
0.82977,-0.057279,0.17405,0.52718,-29.568,6.9696,-1.5406,28.7
0.83037,-0.059298,0.17342,0.52622,-29.133,6.9402,-1.5593,28.75
0.83006,-0.060102,0.17244,0.52692,-28.69,6.9262,-1.5773,28.8
0.83067,-0.06062,0.17081,0.52643,-28.257,6.9044,-1.595,28.85
0.83028,-0.061716,0.17108,0.52684,-27.815,6.8985,-1.613,28.9
0.83006,-0.062393,0.1708,0.5272,-27.391,6.8775,-1.6313,28.95
0.82951,-0.063231,0.17109,0.52787,-26.978,6.85,-1.6491,29
0.8304,-0.063974,0.17056,0.52654,-26.553,6.844,-1.6665,29.05
0.82993,-0.064379,0.17181,0.52683,-26.15,6.8185,-1.682,29.1
0.83023,-0.064914,0.17153,0.52638,-25.733,6.8142,-1.6988,29.15
0.83035,-0.066371,0.17149,0.52603,-25.339,6.7898,-1.7132,29.2
0.8312,-0.068488,0.17044,0.52475,-24.95,6.7651,-1.7291,29.25
0.83083,-0.067308,0.17006,0.52562,-24.553,6.7609,-1.7452,29.3
0.83097,-0.068497,0.16986,0.5253,-24.175,6.7388,-1.759,29.35
0.83084,-0.069765,0.16982,0.52535,-23.785,6.742,-1.7756,29.4
0.83077,-0.070486,0.16922,0.52556,-23.42,6.7201,-1.7902,29.45
0.83185,-0.070924,0.16831,0.52408,-23.058,6.7062,-1.8035,29.5
0.83213,-0.070324,0.16768,0.52393,-22.696,6.6981,-1.8177,29.55
0.83254,-0.071938,0.1666,0.52339,-22.35,6.6782,-1.8301,29.6
0.83267,-0.073027,0.16635,0.52311,-21.996,6.6792,-1.8448,29.65
0.83307,-0.073226,0.1655,0.52272,-21.664,6.6621,-1.8554,29.7
0.83269,-0.074403,0.16622,0.52294,-21.337,6.65,-1.8681,29.75
0.83287,-0.074615,0.16544,0.52287,-21.011,6.6461,-1.8808,29.8
0.83321,-0.074811,0.16444,0.52262,-20.697,6.6371,-1.8936,29.85
0.83274,-0.074923,0.16547,0.52302,-20.381,6.6402,-1.907,29.9
0.83337,-0.076775,0.16467,0.522,-20.083,6.6318,-1.9193,29.95
0.83362,-0.077842,0.16474,0.52142,-19.797,6.6188,-1.9292,30
0.83344,-0.077928,0.16443,0.52179,-19.509,6.6182,-1.9405,30.05
0.8336,-0.080212,0.16412,0.52129,-19.241,6.6058,-1.9508,30.1
0.83421,-0.080518,0.1633,0.52052,-18.966,6.6135,-1.963,30.15
0.83478,-0.08045,0.16175,0.52011,-18.709,6.6094,-1.9745,30.2
0.83496,-0.08179,0.16173,0.51961,-18.466,6.5999,-1.9841,30.25
0.83506,-0.082987,0.16198,0.51919,-18.217,6.6081,-1.9944,30.3
0.83484,-0.083801,0.16201,0.51939,-17.992,6.6015,-2.0033,30.35
0.83498,-0.084333,0.16135,0.51929,-17.757,6.6185,-2.015,30.4
0.83485,-0.084577,0.16267,0.51904,-17.55,6.6141,-2.0225,30.45
0.83593,-0.085479,0.16113,0.51764,-17.35,6.6098,-2.03,30.5
0.83497,-0.08665,0.16161,0.51884,-17.151,6.6195,-2.0371,30.55
0.83585,-0.086917,0.16121,0.51751,-16.972,6.6174,-2.0428,30.6
0.83636,-0.088342,0.1598,0.51688,-16.783,6.64,-2.0521,30.65
0.83596,-0.088564,0.15911,0.51769,-16.622,6.6396,-2.0582,30.7
0.8361,-0.090468,0.16008,0.51684,-16.467,6.6454,-2.0653,30.75
0.83625,-0.090502,0.15912,0.51689,-16.316,6.6582,-2.0722,30.8
0.83669,-0.091354,0.15852,0.51622,-16.178,6.6665,-2.0781,30.85
0.83674,-0.092895,0.1581,0.51599,-16.042,6.6877,-2.0841,30.9
0.83666,-0.09415,0.15703,0.51621,-15.929,6.6942,-2.0893,30.95
0.83671,-0.093726,0.15638,0.51641,-15.827,6.6992,-2.0952,31
0.83662,-0.094794,0.15764,0.51598,-15.724,6.7201,-2.0995,31.05
0.83635,-0.095278,0.15779,0.51629,-15.637,6.7337,-2.1049,31.1
0.83756,-0.095465,0.15562,0.51494,-15.551,6.7615,-2.1097,31.15
0.8381,-0.095882,0.15552,0.51401,-15.483,6.7793,-2.1148,31.2
0.83783,-0.096857,0.15587,0.51417,-15.431,6.7915,-2.1173,31.25
0.83731,-0.098577,0.15521,0.51489,-15.375,6.8203,-2.1215,31.3
0.8383,-0.098381,0.15437,0.51356,-15.343,6.8344,-2.1245,31.35
0.83835,-0.09915,0.15435,0.51334,-15.308,6.8668,-2.1281,31.4
0.83808,-0.10162,0.1553,0.51301,-15.296,6.8825,-2.1305,31.45
0.83856,-0.10082,0.15486,0.51252,-15.295,6.8993,-2.1322,31.5
0.83797,-0.10064,0.15444,0.51364,-15.291,6.934,-2.136,31.55
0.8383,-0.10289,0.1541,0.51275,-15.309,6.9556,-2.1369,31.6
0.83799,-0.1035,0.15502,0.51286,-15.321,6.9991,-2.1384,31.65
0.83806,-0.10412,0.15348,0.51309,-15.359,7.0239,-2.1367,31.7
0.83876,-0.10412,0.15311,0.51205,-15.402,7.0533,-2.1366,31.75
0.83933,-0.10552,0.1525,0.51101,-15.451,7.0892,-2.1383,31.8
0.83906,-0.10612,0.15152,0.51162,-15.519,7.1149,-2.1372,31.85
0.83894,-0.10768,0.15141,0.51153,-15.585,7.1593,-2.1376,31.9
0.83942,-0.10746,0.15109,0.51088,-15.674,7.1889,-2.1368,31.95
0.84036,-0.10767,0.15151,0.50916,-15.768,7.224,-2.1373,32
0.84,-0.10887,0.15081,0.50972,-15.866,7.2652,-2.136,32.05
0.84009,-0.10924,0.15156,0.50925,-15.979,7.3017,-2.1351,32.1
0.84021,-0.11001,0.15029,0.50928,-16.093,7.352,-2.1339,32.15
0.83979,-0.11223,0.15054,0.50941,-16.226,7.3915,-2.1321,32.2
0.84021,-0.1121,0.15032,0.50881,-16.37,7.4278,-2.129,32.25
0.84085,-0.11207,0.14993,0.50788,-16.517,7.4762,-2.1261,32.3
0.84064,-0.11397,0.14878,0.50813,-16.682,7.5146,-2.1222,32.35
0.84065,-0.11586,0.14801,0.50792,-16.842,7.5705,-2.1189,32.4
0.84126,-0.11582,0.14733,0.50711,-17.022,7.616,-2.1158,32.45
0.84138,-0.11576,0.14638,0.5072,-17.215,7.658,-2.112,32.5
0.84151,-0.11697,0.14669,0.50661,-17.404,7.7176,-2.1085,32.55
0.84169,-0.11706,0.14622,0.50644,-17.614,7.7625,-2.1032,32.6
0.84204,-0.11733,0.14582,0.50591,-17.816,7.8289,-2.0999,32.65
0.84231,-0.11696,0.14647,0.50535,-18.042,7.8758,-2.0932,32.7
0.84173,-0.11838,0.1463,0.50604,-18.278,7.9241,-2.0874,32.75
0.84202,-0.11908,0.14577,0.50554,-18.511,7.9838,-2.0825,32.8
0.84276,-0.12109,0.14517,0.50401,-18.761,8.0334,-2.0752,32.85
0.84292,-0.1215,0.14595,0.50341,-19.005,8.1051,-2.0704,32.9
0.84299,-0.12174,0.14608,0.5032,-19.273,8.1572,-2.0634,32.95
0.84331,-0.12343,0.14372,0.50293,-19.544,8.2141,-2.0572,33
0.84225,-0.12447,0.14426,0.5043,-19.819,8.2791,-2.0512,33.05
0.8431,-0.1258,0.14312,0.50287,-20.106,8.339,-2.0439,33.1
0.8424,-0.12572,0.14292,0.50412,-20.391,8.4125,-2.0373,33.15
0.8424,-0.12628,0.14372,0.50374,-20.696,8.4697,-2.0283,33.2
0.84276,-0.12793,0.14265,0.50302,-21.009,8.5285,-2.0198,33.25
0.84393,-0.12794,0.14127,0.50145,-21.32,8.5968,-2.0109,33.3
0.84392,-0.12789,0.14146,0.50144,-21.642,8.6612,-2.0019,33.35
0.8435,-0.12997,0.14237,0.50134,-21.962,8.7377,-1.9942,33.4
0.84353,-0.13095,0.14231,0.50105,-22.298,8.8057,-1.985,33.45
0.84322,-0.13193,0.14306,0.5011,-22.643,8.8695,-1.9744,33.5
0.84389,-0.13141,0.14125,0.50063,-22.981,8.9485,-1.9649,33.55
0.84458,-0.13234,0.13999,0.49958,-23.336,9.014,-1.9536,33.6
0.84449,-0.13271,0.13912,0.49987,-23.686,9.0969,-1.9441,33.65
0.84439,-0.13286,0.13859,0.50014,-24.053,9.1642,-1.9328,33.7
0.84499,-0.13588,0.1383,0.4984,-24.425,9.231,-1.9205,33.75
0.84518,-0.13633,0.13975,0.49755,-24.79,9.3142,-1.9111,33.8
0.84506,-0.13642,0.13902,0.49794,-25.172,9.3844,-1.8984,33.85
0.84506,-0.13785,0.13875,0.49762,-25.544,9.4746,-1.89,33.9
0.84543,-0.13793,0.13712,0.49742,-25.936,9.5457,-1.8771,33.95
0.84455,-0.1383,0.13774,0.49863,-26.33,9.6216,-1.8654,34
0.84462,-0.14001,0.13697,0.49824,-26.722,9.7035,-1.8529,34.05
0.84506,-0.14033,0.13731,0.49732,-27.124,9.776,-1.8396,34.1
0.84603,-0.1411,0.13662,0.49564,-27.518,9.8652,-1.8271,34.15
0.84516,-0.14258,0.13589,0.4969,-27.927,9.9399,-1.8129,34.2
0.84585,-0.1419,0.136,0.49588,-28.337,10.019,-1.7992,34.25
0.84571,-0.14211,0.13448,0.49648,-28.745,10.105,-1.7849,34.3
0.8467,-0.14303,0.13377,0.49471,-29.161,10.187,-1.772,34.35
0.84583,-0.14425,0.13457,0.49563,-29.572,10.278,-1.7591,34.4
0.84654,-0.14418,0.13469,0.49441,-29.993,10.359,-1.746,34.45
0.84653,-0.14742,0.13443,0.49355,-30.419,10.438,-1.7306,34.5
0.84656,-0.1462,0.13299,0.49424,-30.838,10.526,-1.7164,34.55
0.84656,-0.1487,0.13331,0.49342,-31.268,10.605,-1.6998,34.6
0.84623,-0.14746,0.13303,0.49443,-31.685,10.7,-1.6834,34.65
0.84576,-0.14867,0.1348,0.49439,-32.113,10.784,-1.6683,34.7
0.84594,-0.14921,0.1332,0.49435,-32.547,10.864,-1.6526,34.75
0.84664,-0.15067,0.1321,0.493,-32.97,10.96,-1.6358,34.8
0.84683,-0.15263,0.13171,0.49218,-33.404,11.04,-1.6189,34.85
0.84751,-0.15226,0.13129,0.49123,-33.824,11.14,-1.603,34.9
0.84738,-0.15219,0.12977,0.49188,-34.258,11.22,-1.5856,34.95
0.84743,-0.15249,0.13064,0.49147,-34.692,11.302,-1.5679,35
0.8474,-0.15338,0.13097,0.49116,-35.117,11.394,-1.55,35.05
0.84771,-0.1553,0.13024,0.4902,-35.551,11.477,-1.5304,35.1
0.84763,-0.15665,0.12966,0.49008,-35.968,11.578,-1.5134,35.15
0.84825,-0.15644,0.13029,0.4889,-36.399,11.662,-1.4938,35.2
0.84844,-0.15502,0.12949,0.48924,-36.826,11.749,-1.4754,35.25
0.8484,-0.1566,0.12942,0.48882,-37.246,11.842,-1.455,35.3
0.84771,-0.15756,0.12903,0.48981,-37.669,11.932,-1.4349,35.35
0.84779,-0.15826,0.12952,0.48931,-38.084,12.029,-1.4154,35.4
0.84846,-0.15963,0.12952,0.48771,-38.508,12.112,-1.395,35.45
0.84892,-0.16023,0.12792,0.48713,-38.928,12.196,-1.3724,35.5
0.84843,-0.16073,0.12784,0.48784,-39.339,12.291,-1.3516,35.55
0.84853,-0.16152,0.12664,0.48772,-39.751,12.379,-1.3299,35.6
0.8489,-0.1631,0.12692,0.48648,-40.152,12.476,-1.3102,35.65
0.84912,-0.16463,0.12608,0.48579,-40.555,12.562,-1.2898,35.7
0.84938,-0.16411,0.12505,0.48578,-40.959,12.645,-1.2677,35.75
0.84901,-0.16594,0.12518,0.48577,-41.349,12.743,-1.2464,35.8
0.84847,-0.16564,0.12484,0.4869,-41.744,12.826,-1.2253,35.85
0.84972,-0.16616,0.12398,0.48477,-42.126,12.922,-1.2044,35.9
0.84979,-0.16751,0.12466,0.48401,-42.513,13.003,-1.1824,35.95
0.84894,-0.16859,0.12454,0.48514,-42.896,13.085,-1.1598,36
0.84982,-0.16884,0.12446,0.48355,-43.265,13.182,-1.1387,36.05
0.84961,-0.1685,0.12466,0.48397,-43.638,13.264,-1.1148,36.1
0.85009,-0.16876,0.1238,0.48326,-43.993,13.362,-1.0945,36.15
0.84984,-0.17083,0.12309,0.48316,-44.355,13.443,-1.0689,36.2
0.85016,-0.17052,0.12205,0.48297,-44.709,13.529,-1.0445,36.25
0.85043,-0.17126,0.12131,0.48241,-45.054,13.617,-1.0227,36.3
0.85039,-0.17264,0.12069,0.48214,-45.4,13.696,-0.99863,36.35
0.85003,-0.17408,0.12167,0.48203,-45.73,13.789,-0.97608,36.4
0.85027,-0.1739,0.12123,0.48177,-46.063,13.868,-0.95113,36.45
0.85063,-0.17478,0.1222,0.48057,-46.388,13.951,-0.92748,36.5
0.85076,-0.17657,0.1194,0.4804,-46.7,14.038,-0.9029,36.55
0.85064,-0.17609,0.11902,0.48088,-47.011,14.12,-0.8809,36.6
0.85166,-0.17729,0.11783,0.47892,-47.308,14.21,-0.85755,36.65
0.85124,-0.17923,0.11901,0.47866,-47.604,14.291,-0.83307,36.7
0.85084,-0.17991,0.11939,0.47902,-47.897,14.365,-0.80926,36.75
0.85089,-0.1808,0.11924,0.47863,-48.176,14.448,-0.78321,36.8
0.85116,-0.18169,0.11818,0.47806,-48.454,14.521,-0.75725,36.85
0.85146,-0.18345,0.11784,0.47694,-48.714,14.607,-0.73215,36.9
0.85113,-0.18344,0.11818,0.47746,-48.975,14.683,-0.7063,36.95
0.85109,-0.18365,0.11676,0.4778,-49.228,14.756,-0.67935,37
0.85163,-0.1829,0.11772,0.47687,-49.464,14.842,-0.65361,37.05
0.85162,-0.18307,0.11758,0.47687,-49.7,14.912,-0.62531,37.1
0.85129,-0.18462,0.11703,0.477,-49.917,15.001,-0.59978,37.15
0.85181,-0.18471,0.11605,0.47627,-50.137,15.07,-0.57193,37.2
0.85191,-0.18643,0.11494,0.4757,-50.35,15.138,-0.54426,37.25
0.85229,-0.18644,0.11436,0.47514,-50.546,15.215,-0.51799,37.3
0.85211,-0.18772,0.11584,0.47461,-50.741,15.281,-0.49091,37.35
0.85204,-0.18963,0.11421,0.47437,-50.913,15.365,-0.4643,37.4
0.85195,-0.19061,0.11298,0.47443,-51.089,15.43,-0.43767,37.45
0.85239,-0.19127,0.11364,0.47321,-51.254,15.497,-0.41078,37.5
0.85248,-0.19199,0.1141,0.47265,-51.405,15.57,-0.38448,37.55
0.85258,-0.19187,0.11287,0.47281,-51.552,15.636,-0.35613,37.6
0.85247,-0.19185,0.11298,0.473,-51.68,15.712,-0.32993,37.65
0.85257,-0.19368,0.11287,0.4721,-51.81,15.772,-0.30121,37.7
0.85265,-0.19435,0.11141,0.47203,-51.93,15.83,-0.27081,37.75
0.85276,-0.19568,0.11168,0.47121,-52.033,15.897,-0.24299,37.8
0.85279,-0.19605,0.11156,0.47102,-52.13,15.96,-0.21369,37.85
0.85198,-0.19708,0.11179,0.47201,-52.211,16.03,-0.18474,37.9
0.85247,-0.19713,0.10993,0.47155,-52.288,16.089,-0.15507,37.95
0.85211,-0.19936,0.10985,0.47127,-52.359,16.143,-0.12654,38
0.85263,-0.1994,0.10827,0.47069,-52.411,16.21,-0.098493,38.05
0.85291,-0.20038,0.10869,0.46966,-52.463,16.262,-0.067392,38.1
0.8528,-0.20102,0.1078,0.46979,-52.495,16.325,-0.039458,38.15
0.85389,-0.2006,0.10919,0.46765,-52.523,16.375,-0.0094381,38.2
0.85338,-0.20067,0.11003,0.46836,-52.544,16.426,0.021297,38.25
0.85404,-0.20159,0.1084,0.46715,-52.548,16.487,0.05017,38.3
0.85453,-0.2024,0.10784,0.46602,-52.55,16.535,0.081316,38.35
0.85433,-0.20333,0.10773,0.46602,-52.531,16.599,0.10993,38.4
0.85364,-0.20414,0.10918,0.46658,-52.512,16.645,0.13961,38.45
0.8536,-0.20571,0.10802,0.46624,-52.48,16.693,0.1699,38.5
0.85384,-0.20757,0.10557,0.46553,-52.434,16.744,0.20159,38.55
0.85404,-0.20695,0.10644,0.46526,-52.385,16.787,0.23261,38.6
0.85445,-0.20702,0.10631,0.46449,-52.317,16.841,0.26128,38.65
0.85488,-0.20773,0.10467,0.46376,-52.248,16.881,0.293,38.7
0.85461,-0.20817,0.10421,0.46416,-52.168,16.924,0.32388,38.75
0.85401,-0.21027,0.10459,0.46424,-52.072,16.971,0.35504,38.8
0.85431,-0.21054,0.1044,0.4636,-51.973,17.012,0.38585,38.85
0.85435,-0.21101,0.10404,0.4634,-51.856,17.059,0.41452,38.9
0.85426,-0.21427,0.10337,0.46221,-51.735,17.098,0.44652,38.95
0.85502,-0.21436,0.10421,0.46058,-51.605,17.132,0.479,39
0.85572,-0.21349,0.1028,0.46,-51.461,17.174,0.51011,39.05
0.85533,-0.21326,0.10232,0.46094,-51.314,17.206,0.54109,39.1
0.85547,-0.21525,0.10175,0.45988,-51.148,17.248,0.57247,39.15
0.85512,-0.21595,0.10216,0.46011,-50.978,17.281,0.60546,39.2
0.85521,-0.21723,0.10236,0.45929,-50.803,17.309,0.63598,39.25
0.85512,-0.21818,0.10147,0.45921,-50.608,17.349,0.66742,39.3
0.85582,-0.21786,0.10024,0.45832,-50.415,17.375,0.6989,39.35
0.85631,-0.21828,0.099936,0.45728,-50.201,17.418,0.73118,39.4
0.85626,-0.21788,0.098536,0.45787,-49.989,17.441,0.76296,39.45
0.85577,-0.2189,0.099329,0.45811,-49.767,17.464,0.79632,39.5
0.8553,-0.21995,0.098934,0.45857,-49.531,17.494,0.83067,39.55
0.8553,-0.22118,0.099804,0.45779,-49.292,17.518,0.8656,39.6
0.85507,-0.22173,0.0989,0.45816,-49.033,17.554,0.89572,39.65
0.85624,-0.22175,0.096948,0.45638,-48.779,17.574,0.92838,39.7
0.85597,-0.22407,0.098162,0.4555,-48.512,17.597,0.96165,39.75
0.85596,-0.22486,0.097897,0.45517,-48.233,17.623,0.9943,39.8
0.85657,-0.22517,0.09796,0.45386,-47.951,17.644,1.0282,39.85
0.85549,-0.22624,0.09776,0.4554,-47.652,17.671,1.0606,39.9
0.85588,-0.22681,0.097564,0.45444,-47.354,17.686,1.0948,39.95
0.85637,-0.22766,0.096138,0.45338,-47.05,17.699,1.1274,40
0.85633,-0.22952,0.095747,0.4526,-46.733,17.721,1.1616,40.05
0.85705,-0.22967,0.095409,0.45125,-46.411,17.738,1.1929,40.1
0.85632,-0.22984,0.095695,0.45248,-46.076,17.761,1.2263,40.15
0.85539,-0.23139,0.095037,0.45358,-45.74,17.774,1.259,40.2
0.85536,-0.23284,0.094527,0.453,-45.399,17.785,1.2922,40.25
0.85602,-0.23314,0.094831,0.45153,-45.044,17.805,1.3246,40.3
0.8561,-0.23234,0.093236,0.45213,-44.69,17.813,1.3577,40.35
0.85659,-0.23348,0.092441,0.45078,-44.322,17.832,1.3909,40.4
0.85677,-0.23346,0.092842,0.45035,-43.954,17.84,1.4256,40.45
0.85642,-0.2348,0.093227,0.45025,-43.583,17.846,1.4584,40.5
0.85615,-0.23563,0.092143,0.45055,-43.197,17.864,1.4926,40.55
0.85672,-0.23558,0.091481,0.44963,-42.813,17.867,1.5264,40.6
0.85628,-0.23757,0.091777,0.44936,-42.412,17.888,1.5587,40.65
0.85642,-0.23809,0.092767,0.44862,-42.017,17.892,1.5924,40.7
0.85691,-0.23861,0.091357,0.44769,-41.615,17.9,1.6257,40.75
0.85674,-0.23844,0.092013,0.44797,-41.205,17.91,1.6605,40.8
0.85688,-0.23906,0.090387,0.44771,-40.795,17.913,1.6958,40.85
0.85606,-0.24049,0.089996,0.44859,-40.372,17.926,1.7289,40.9
0.85677,-0.24082,0.089857,0.44707,-39.953,17.929,1.7631,40.95
0.85691,-0.24259,0.087775,0.44626,-39.529,17.932,1.7965,41
0.85613,-0.24388,0.089524,0.44671,-39.097,17.939,1.8313,41.05
0.85666,-0.24455,0.088692,0.44549,-38.665,17.944,1.8656,41.1
0.85706,-0.24493,0.088399,0.44456,-38.224,17.954,1.8988,41.15
0.85663,-0.24659,0.088793,0.4444,-37.785,17.956,1.9341,41.2
0.85694,-0.24693,0.087402,0.44389,-37.343,17.954,1.9702,41.25
0.85716,-0.24663,0.087359,0.44365,-36.896,17.959,2.0055,41.3
0.85708,-0.24805,0.088594,0.44275,-36.45,17.958,2.0412,41.35
0.85625,-0.24855,0.08724,0.44435,-35.995,17.964,2.0742,41.4
0.85672,-0.24947,0.086978,0.44299,-35.543,17.964,2.1076,41.45
0.85703,-0.24992,0.086235,0.44227,-35.092,17.962,2.1412,41.5
0.85654,-0.25014,0.084804,0.44336,-34.631,17.968,2.1743,41.55
0.8569,-0.25096,0.086369,0.4419,-34.175,17.966,2.2103,41.6
0.85667,-0.25142,0.086469,0.44207,-33.708,17.977,2.2418,41.65
0.85689,-0.25193,0.086331,0.44139,-33.25,17.974,2.2751,41.7
0.8562,-0.25367,0.085139,0.44196,-32.792,17.97,2.3097,41.75
0.85679,-0.25488,0.085283,0.44009,-32.328,17.973,2.3446,41.8
0.85762,-0.25545,0.083131,0.43855,-31.87,17.971,2.3797,41.85
0.85795,-0.25693,0.082293,0.43718,-31.401,17.982,2.4131,41.9
0.85802,-0.2571,0.081895,0.43703,-30.94,17.98,2.4483,41.95
0.85727,-0.25644,0.082965,0.43869,-30.478,17.979,2.4828,42
0.85681,-0.2594,0.082844,0.43787,-30.015,17.985,2.5183,42.05
0.85714,-0.25997,0.082479,0.43694,-29.556,17.985,2.5525,42.1
0.85688,-0.26124,0.081361,0.4369,-29.09,17.993,2.588,42.15
0.85738,-0.26081,0.080485,0.43635,-28.635,17.99,2.6237,42.2
0.85759,-0.26169,0.080426,0.43541,-28.18,17.989,2.659,42.25
0.8571,-0.26213,0.081807,0.43586,-27.721,17.992,2.6941,42.3
0.8574,-0.26262,0.080079,0.4353,-27.269,17.994,2.7291,42.35
0.85719,-0.26276,0.080244,0.43561,-26.812,18.002,2.7641,42.4
0.85783,-0.26278,0.079045,0.43453,-26.365,18.004,2.7981,42.45
0.8575,-0.2647,0.078988,0.43403,-25.92,18.004,2.834,42.5
0.8578,-0.26602,0.079733,0.43249,-25.473,18.014,2.8683,42.55
0.85736,-0.26739,0.079992,0.43248,-25.034,18.013,2.9038,42.6
0.85735,-0.26754,0.078652,0.43265,-24.592,18.023,2.9388,42.65
0.8574,-0.2679,0.076672,0.43269,-24.16,18.024,2.9737,42.7
0.85724,-0.27005,0.076978,0.43161,-23.731,18.027,3.0102,42.75
0.85696,-0.27079,0.077136,0.43167,-23.3,18.039,3.044,42.8
0.85724,-0.27012,0.076144,0.43172,-22.879,18.041,3.08,42.85
0.85771,-0.27037,0.075355,0.43075,-22.454,18.055,3.113,42.9
0.85824,-0.27143,0.074519,0.42917,-22.043,18.06,3.148,42.95
0.85718,-0.27269,0.076007,0.43025,-21.634,18.067,3.1819,43
0.8572,-0.27213,0.075375,0.43067,-21.228,18.078,3.2163,43.05
0.85759,-0.27373,0.075775,0.4288,-20.83,18.084,3.2514,43.1
0.85808,-0.27407,0.074667,0.42779,-20.432,18.1,3.2845,43.15
0.85792,-0.27507,0.073967,0.4276,-20.045,18.107,3.3197,43.2
0.85825,-0.27683,0.073548,0.42587,-19.664,18.118,3.3541,43.25
0.85813,-0.27574,0.073676,0.4268,-19.284,18.132,3.3872,43.3
0.85824,-0.27625,0.072586,0.42644,-18.913,18.143,3.4212,43.35
0.85755,-0.27813,0.071461,0.42679,-18.544,18.161,3.4543,43.4
0.85757,-0.27871,0.0716,0.42634,-18.185,18.175,3.489,43.45
0.8575,-0.27836,0.071232,0.42677,-17.835,18.185,3.5233,43.5
0.85832,-0.27871,0.071165,0.42491,-17.485,18.204,3.5577,43.55
0.85782,-0.28093,0.070937,0.4245,-17.149,18.217,3.5926,43.6
0.85764,-0.28178,0.071556,0.42419,-16.813,18.24,3.6276,43.65
0.8576,-0.28322,0.069754,0.4236,-16.488,18.258,3.6618,43.7
0.85752,-0.28424,0.069521,0.42313,-16.172,18.275,3.6963,43.75
0.85739,-0.28477,0.068705,0.42317,-15.857,18.301,3.7292,43.8
0.85733,-0.28522,0.069312,0.42289,-15.557,18.319,3.7643,43.85
0.85769,-0.28522,0.068113,0.42234,-15.255,18.349,3.7955,43.9
0.85824,-0.28563,0.068858,0.42082,-14.973,18.37,3.83,43.95
0.85827,-0.28644,0.069432,0.42014,-14.696,18.392,3.8642,44
0.85841,-0.287,0.068631,0.41958,-14.424,18.421,3.8974,44.05
0.85755,-0.2875,0.068409,0.42103,-14.165,18.444,3.9308,44.1
0.85802,-0.28834,0.067479,0.41965,-13.906,18.48,3.9623,44.15
0.85836,-0.28972,0.067554,0.41799,-13.663,18.506,3.9954,44.2
0.85801,-0.29098,0.067801,0.41779,-13.428,18.537,4.0276,44.25
0.85754,-0.29207,0.066796,0.41816,-13.197,18.569,4.0595,44.3
0.85821,-0.29175,0.066523,0.41706,-12.978,18.601,4.094,44.35
0.85781,-0.29247,0.066009,0.41746,-12.763,18.638,4.1276,44.4
0.85782,-0.29437,0.06599,0.41609,-12.565,18.67,4.1613,44.45
0.85741,-0.29493,0.065514,0.41661,-12.375,18.704,4.1946,44.5
0.85724,-0.29554,0.065294,0.41656,-12.191,18.743,4.2265,44.55
0.85742,-0.29574,0.063904,0.41627,-12.019,18.781,4.2592,44.6
0.85747,-0.29658,0.064234,0.41553,-11.851,18.825,4.2908,44.65
0.8576,-0.29671,0.063754,0.41524,-11.698,18.864,4.323,44.7
0.85722,-0.29792,0.063586,0.41518,-11.555,18.904,4.3563,44.75
0.85739,-0.29848,0.062892,0.41454,-11.417,18.952,4.3884,44.8
0.85727,-0.2999,0.061361,0.41398,-11.294,18.993,4.4218,44.85
0.8575,-0.2999,0.061005,0.41357,-11.175,19.043,4.4535,44.9
0.85755,-0.30096,0.061348,0.41263,-11.072,19.087,4.4864,44.95
0.85757,-0.30121,0.061968,0.41232,-10.979,19.133,4.5182,45
0.85696,-0.30225,0.059817,0.41315,-10.889,19.187,4.5488,45.05
0.85761,-0.30133,0.060567,0.41236,-10.816,19.235,4.5808,45.1
0.8574,-0.30324,0.059991,0.41148,-10.744,19.295,4.6109,45.15
0.85767,-0.30456,0.058393,0.41018,-10.691,19.346,4.6423,45.2
0.8575,-0.30581,0.059966,0.40937,-10.646,19.402,4.674,45.25
0.8576,-0.3055,0.059208,0.40949,-10.608,19.459,4.7037,45.3
0.85723,-0.30685,0.059429,0.40922,-10.584,19.514,4.7344,45.35
0.85771,-0.3074,0.057815,0.40803,-10.564,19.577,4.7652,45.4
0.85754,-0.30806,0.057354,0.40797,-10.56,19.635,4.7965,45.45
0.85781,-0.30881,0.058092,0.40673,-10.565,19.696,4.8269,45.5
0.85694,-0.30976,0.057085,0.40798,-10.578,19.761,4.8563,45.55
0.85636,-0.31158,0.05522,0.40806,-10.603,19.825,4.8851,45.6
0.85658,-0.31142,0.055684,0.40765,-10.635,19.895,4.9154,45.65
0.85671,-0.31296,0.056221,0.40613,-10.68,19.962,4.9456,45.7
0.85665,-0.31316,0.056857,0.40603,-10.737,20.026,4.9759,45.75
0.85742,-0.31305,0.056703,0.40449,-10.8,20.097,5.0061,45.8
0.85762,-0.31425,0.055745,0.40328,-10.876,20.164,5.036,45.85
0.85796,-0.31405,0.054344,0.4029,-10.955,20.242,5.0647,45.9
0.85672,-0.31704,0.054999,0.4031,-11.05,20.314,5.0942,45.95
0.85668,-0.31663,0.054552,0.40357,-11.156,20.388,5.1246,46
0.85656,-0.3169,0.053306,0.40379,-11.266,20.468,5.1526,46.05
0.85673,-0.31756,0.051951,0.40307,-11.391,20.544,5.1822,46.1
0.85691,-0.3185,0.053148,0.40178,-11.518,20.629,5.2095,46.15
0.8565,-0.3198,0.053539,0.40158,-11.661,20.706,5.2385,46.2
0.85719,-0.31922,0.052333,0.40073,-11.815,20.785,5.2674,46.25
0.85726,-0.31926,0.052114,0.40057,-11.974,20.868,5.2944,46.3
0.85691,-0.32021,0.05192,0.4006,-12.145,20.949,5.3227,46.35
0.85709,-0.32054,0.053003,0.39981,-12.317,21.041,5.3487,46.4
0.85682,-0.32225,0.051941,0.39915,-12.507,21.123,5.3766,46.45
0.85727,-0.3213,0.052297,0.39889,-12.704,21.21,5.4052,46.5
0.85661,-0.32373,0.051485,0.39846,-12.908,21.3,5.4325,46.55
0.85675,-0.3238,0.051408,0.39811,-13.123,21.389,5.4597,46.6
0.85632,-0.32492,0.050913,0.39819,-13.343,21.483,5.4854,46.65
0.85635,-0.32579,0.049221,0.39761,-13.576,21.572,5.5124,46.7
0.85662,-0.32648,0.049091,0.39648,-13.817,21.663,5.5404,46.75
0.85689,-0.32727,0.048145,0.39537,-14.064,21.76,5.5665,46.8
0.85677,-0.3278,0.048541,0.39515,-14.32,21.855,5.593,46.85
0.857,-0.32821,0.048841,0.39427,-14.58,21.957,5.6185,46.9
0.85641,-0.32938,0.048209,0.39465,-14.852,22.053,5.6444,46.95
0.85642,-0.32999,0.049009,0.39402,-15.133,22.149,5.6707,47
0.85641,-0.32934,0.049003,0.39459,-15.418,22.252,5.6959,47.05
0.85591,-0.33194,0.048519,0.39355,-15.715,22.35,5.7223,47.1
0.85653,-0.3318,0.046958,0.3925,-16.012,22.456,5.7465,47.15
0.85711,-0.33122,0.046321,0.39181,-16.321,22.555,5.7719,47.2
0.85603,-0.33309,0.045346,0.39271,-16.638,22.656,5.7973,47.25
0.85543,-0.33426,0.045823,0.39294,-16.956,22.764,5.8211,47.3
0.85601,-0.33506,0.045226,0.39108,-17.287,22.866,5.8457,47.35
0.85626,-0.33596,0.044579,0.38982,-17.616,22.977,5.8681,47.4
0.85643,-0.33576,0.044038,0.38968,-17.958,23.082,5.8921,47.45
0.856,-0.33701,0.04482,0.38947,-18.305,23.189,5.9162,47.5
0.85588,-0.33738,0.044139,0.38948,-18.657,23.299,5.9385,47.55
0.85568,-0.33827,0.043291,0.38924,-19.018,23.406,5.9624,47.6
0.85539,-0.33887,0.043393,0.38935,-19.377,23.521,5.9859,47.65
0.85575,-0.33983,0.04155,0.38791,-19.749,23.628,6.0092,47.7
0.85546,-0.34121,0.041772,0.38732,-20.123,23.738,6.0314,47.75
0.85501,-0.34206,0.041695,0.38757,-20.501,23.851,6.054,47.8
0.8552,-0.34253,0.040346,0.38687,-20.885,23.962,6.0756,47.85
0.85549,-0.34297,0.040892,0.38579,-21.27,24.079,6.0971,47.9
0.85533,-0.34362,0.039134,0.38575,-21.663,24.191,6.1192,47.95
0.85515,-0.34569,0.03862,0.38434,-22.06,24.302,6.1413,48
0.85588,-0.34446,0.040023,0.38369,-22.458,24.418,6.163,48.05
0.8554,-0.34531,0.039957,0.384,-22.863,24.528,6.1846,48.1
0.85457,-0.34709,0.039641,0.38428,-23.267,24.648,6.2056,48.15
0.85528,-0.34682,0.038948,0.38301,-23.678,24.762,6.2272,48.2
0.85477,-0.34704,0.039114,0.38394,-24.094,24.877,6.2483,48.25
0.85395,-0.34841,0.039398,0.38447,-24.506,24.998,6.268,48.3
0.85449,-0.34907,0.039235,0.38269,-24.927,25.112,6.2884,48.35
0.8545,-0.3487,0.03815,0.38312,-25.344,25.236,6.3074,48.4
0.85457,-0.34962,0.037733,0.38217,-25.767,25.35,6.3279,48.45
0.85451,-0.35052,0.036675,0.38157,-26.194,25.465,6.3478,48.5
0.85415,-0.35184,0.037203,0.38112,-26.62,25.585,6.3658,48.55
0.85504,-0.3521,0.035714,0.37903,-27.05,25.701,6.3849,48.6
0.85405,-0.35308,0.036579,0.38025,-27.474,25.826,6.4039,48.65
0.85411,-0.35357,0.035545,0.37976,-27.906,25.942,6.423,48.7
0.85414,-0.35466,0.036204,0.37862,-28.337,26.06,6.4416,48.75
0.85393,-0.35627,0.034503,0.37774,-28.768,26.181,6.4597,48.8
0.85354,-0.35663,0.033957,0.37832,-29.201,26.299,6.478,48.85
0.85415,-0.35577,0.033692,0.37777,-29.632,26.421,6.4938,48.9
0.85395,-0.35797,0.032405,0.37627,-30.066,26.537,6.5113,48.95
0.85343,-0.35915,0.032975,0.37628,-30.499,26.652,6.5302,49
0.85381,-0.35937,0.032783,0.37522,-30.928,26.773,6.5476,49.05
0.85327,-0.36104,0.032617,0.37486,-31.358,26.891,6.5642,49.1
0.85365,-0.3613,0.033316,0.37367,-31.784,27.014,6.579,49.15
0.85434,-0.36083,0.03252,0.37262,-32.213,27.132,6.5941,49.2
0.85392,-0.36153,0.031338,0.37301,-32.64,27.247,6.6101,49.25
0.85372,-0.36144,0.031367,0.37356,-33.061,27.37,6.6254,49.3
0.85339,-0.36326,0.03231,0.37245,-33.487,27.485,6.6412,49.35
0.85478,-0.36178,0.030604,0.37084,-33.905,27.607,6.656,49.4
0.85371,-0.36347,0.030395,0.37166,-34.324,27.721,6.6725,49.45
0.8531,-0.36521,0.031752,0.37126,-34.742,27.835,6.6887,49.5
0.85304,-0.36545,0.031613,0.37116,-35.152,27.954,6.7032,49.55
0.85294,-0.36638,0.030534,0.37059,-35.565,28.067,6.7186,49.6
0.85294,-0.3677,0.02927,0.36937,-35.967,28.187,6.7313,49.65
0.85324,-0.36704,0.02908,0.36934,-36.371,28.298,6.7447,49.7
0.85289,-0.3675,0.027606,0.36981,-36.772,28.411,6.7582,49.75
0.8527,-0.36808,0.02674,0.36973,-37.166,28.524,6.7701,49.8
0.8529,-0.36872,0.026726,0.36864,-37.561,28.637,6.7834,49.85
0.85295,-0.36896,0.02569,0.36835,-37.944,28.755,6.7956,49.9
0.85246,-0.37094,0.027176,0.3674,-38.329,28.866,6.8077,49.95
0.85223,-0.37239,0.026555,0.36651,-38.706,28.977,6.8201,50
0.85261,-0.3733,0.025852,0.36474,-39.077,29.091,6.8319,50.05
0.85184,-0.37316,0.025461,0.3667,-39.446,29.199,6.8444,50.1
0.85247,-0.37285,0.02383,0.36566,-39.805,29.311,6.8554,50.15
0.85222,-0.37443,0.024563,0.36459,-40.164,29.418,6.8644,50.2
0.85186,-0.37582,0.023977,0.36404,-40.518,29.521,6.8761,50.25
0.85199,-0.37577,0.023386,0.36381,-40.863,29.628,6.8865,50.3
0.85216,-0.37626,0.024765,0.36281,-41.204,29.731,6.8976,50.35
0.85172,-0.37773,0.024449,0.36233,-41.536,29.841,6.9079,50.4
0.85199,-0.37756,0.024724,0.36188,-41.865,29.944,6.9155,50.45
0.85191,-0.37827,0.023303,0.36142,-42.187,30.044,6.9262,50.5
0.85265,-0.37789,0.022395,0.36012,-42.498,30.149,6.9331,50.55
0.8515,-0.37982,0.022419,0.36081,-42.808,30.246,6.943,50.6
0.85162,-0.38079,0.022369,0.35949,-43.104,30.353,6.9501,50.65
0.85119,-0.3811,0.020959,0.36028,-43.399,30.447,6.9592,50.7
0.85096,-0.38198,0.020906,0.35989,-43.688,30.542,6.9667,50.75
0.85106,-0.38318,0.020658,0.35839,-43.965,30.638,6.9744,50.8
0.85108,-0.38338,0.021698,0.35807,-44.239,30.733,6.9811,50.85
0.85127,-0.38456,0.020803,0.3564,-44.499,30.833,6.9863,50.9
0.85087,-0.38529,0.019869,0.35663,-44.756,30.922,6.993,50.95
0.85123,-0.38441,0.020877,0.35666,-45.004,31.013,6.9997,51
0.85133,-0.38561,0.017574,0.35529,-45.242,31.104,7.0074,51.05
0.85096,-0.38612,0.017611,0.35561,-45.474,31.192,7.0137,51.1
0.85053,-0.38768,0.019071,0.35488,-45.693,31.284,7.0188,51.15
0.85062,-0.38758,0.019524,0.35475,-45.908,31.367,7.0231,51.2
0.85027,-0.38906,0.017434,0.35408,-46.115,31.449,7.0302,51.25
0.85037,-0.38903,0.015078,0.35398,-46.31,31.536,7.034,51.3
0.85051,-0.38944,0.015708,0.35315,-46.498,31.617,7.0387,51.35
0.85006,-0.3914,0.017673,0.35197,-46.673,31.702,7.043,51.4
0.84998,-0.39198,0.016907,0.35156,-46.843,31.782,7.0463,51.45
0.84968,-0.3937,0.015518,0.35043,-47.005,31.857,7.0498,51.5
0.84955,-0.39396,0.015971,0.35043,-47.155,31.938,7.051,51.55
0.84978,-0.3933,0.015915,0.35063,-47.3,32.01,7.053,51.6
0.8495,-0.39374,0.016448,0.35077,-47.428,32.086,7.0547,51.65
0.84899,-0.39495,0.015987,0.35067,-47.553,32.156,7.0588,51.7
0.8494,-0.39544,0.016325,0.34912,-47.668,32.224,7.0613,51.75
0.84943,-0.39699,0.015419,0.3473,-47.769,32.298,7.0627,51.8
0.84941,-0.3967,0.014051,0.34776,-47.864,32.364,7.0659,51.85
0.84913,-0.39684,0.013482,0.34831,-47.944,32.437,7.0662,51.9
0.84924,-0.3977,0.012509,0.34708,-48.019,32.501,7.0672,51.95
0.8498,-0.39831,0.01158,0.34505,-48.083,32.562,7.0683,52
0.84919,-0.39854,0.011294,0.34628,-48.134,32.627,7.0686,52.05
0.84922,-0.39867,0.01184,0.34604,-48.181,32.687,7.0682,52.1
0.84883,-0.4005,0.012143,0.34487,-48.213,32.75,7.0674,52.15
0.84825,-0.40185,0.012841,0.34472,-48.24,32.806,7.0667,52.2
0.84821,-0.402,0.01062,0.3447,-48.255,32.862,7.0669,52.25
0.84827,-0.4036,0.0091425,0.34271,-48.261,32.917,7.0648,52.3
0.84809,-0.40444,0.0088681,0.34219,-48.256,32.97,7.0636,52.35
0.84794,-0.4045,0.0091446,0.34248,-48.238,33.024,7.0612,52.4
0.84827,-0.40438,0.0092746,0.3418,-48.213,33.074,7.0593,52.45
0.84811,-0.40616,0.0086524,0.34011,-48.18,33.119,7.0575,52.5
0.84735,-0.40646,0.0079354,0.34166,-48.132,33.169,7.0554,52.55
0.84757,-0.40718,0.0078419,0.34025,-48.08,33.213,7.053,52.6
0.84742,-0.40813,0.0071921,0.33948,-48.013,33.26,7.0482,52.65
0.84763,-0.40804,0.007902,0.33907,-47.939,33.303,7.0442,52.7
0.84738,-0.40896,0.0066222,0.33861,-47.856,33.341,7.0413,52.75
0.84744,-0.40889,0.0064437,0.33856,-47.759,33.384,7.037,52.8
0.84778,-0.40808,0.0069503,0.33866,-47.655,33.418,7.033,52.85
0.84723,-0.40971,0.0065558,0.33808,-47.537,33.46,7.0286,52.9
0.84656,-0.41134,0.0071107,0.33776,-47.416,33.492,7.0239,52.95
0.84612,-0.41279,0.00587,0.33712,-47.283,33.522,7.0188,53
0.84609,-0.41271,0.005488,0.33729,-47.138,33.554,7.0136,53.05
0.84627,-0.41432,0.0036876,0.3349,-46.989,33.582,7.0074,53.1
0.84696,-0.41341,0.0032104,0.33428,-46.822,33.617,6.9997,53.15
0.84567,-0.4163,0.0038274,0.33394,-46.65,33.642,6.9951,53.2
0.84582,-0.41502,0.0040974,0.33517,-46.469,33.667,6.9886,53.25
0.84495,-0.41678,0.0030213,0.33518,-46.277,33.694,6.9813,53.3
0.84512,-0.41728,0.0019044,0.33415,-46.081,33.716,6.9737,53.35
0.84488,-0.41892,0.0018149,0.33268,-45.87,33.742,6.9653,53.4
0.84532,-0.41881,0.0017171,0.33171,-45.655,33.759,6.9581,53.45
0.84507,-0.42,0.00091607,0.33085,-45.432,33.775,6.9504,53.5
0.84568,-0.41955,0.00039034,0.32986,-45.195,33.795,6.9398,53.55
0.84508,-0.42014,0.0015351,0.33063,-44.953,33.811,6.9314,53.6
0.84448,-0.4215,0.0008115,0.33045,-44.698,33.829,6.9222,53.65
0.84499,-0.42225,0.00071011,0.32816,-44.438,33.842,6.9141,53.7
0.84443,-0.42251,0.0016316,0.32928,-44.171,33.852,6.9041,53.75
0.8445,-0.42288,0.00047762,0.32862,-43.894,33.866,6.8928,53.8
0.84417,-0.42284,0.00029226,0.32952,-43.611,33.871,6.884,53.85
0.84377,-0.42421,-0.001516,0.32877,-43.316,33.883,6.8741,53.9
0.84329,-0.42621,-0.0014881,0.32742,-43.02,33.886,6.8631,53.95
0.84416,-0.42547,-0.00090154,0.32614,-42.713,33.889,6.8519,54
0.84382,-0.4257,-0.0019471,0.32671,-42.398,33.896,6.8397,54.05
0.84395,-0.42557,-0.0014685,0.32654,-42.078,33.897,6.8282,54.1
0.84342,-0.42732,-0.0027088,0.32564,-41.745,33.906,6.8155,54.15
0.84311,-0.42845,-0.0023169,0.32494,-41.411,33.904,6.8045,54.2
0.84217,-0.43021,-0.0034085,0.32504,-41.069,33.902,6.7921,54.25
0.84227,-0.431,-0.0032099,0.32374,-40.718,33.903,6.7787,54.3
0.84214,-0.43155,-0.0030867,0.32335,-40.364,33.898,6.7665,54.35
0.84222,-0.43196,-0.0048148,0.32259,-39.999,33.898,6.7528,54.4
0.84285,-0.43189,-0.0047798,0.32101,-39.633,33.89,6.7389,54.45
0.84202,-0.43381,-0.0055352,0.3206,-39.262,33.883,6.7253,54.5
0.84168,-0.43449,-0.0073632,0.32054,-38.883,33.877,6.7116,54.55
0.84131,-0.43534,-0.0058047,0.32037,-38.499,33.868,6.6973,54.6
0.8406,-0.43654,-0.0071979,0.32057,-38.107,33.859,6.6824,54.65
0.84071,-0.43609,-0.007145,0.32091,-37.712,33.849,6.6685,54.7
0.84112,-0.43695,-0.0069425,0.31866,-37.312,33.837,6.6542,54.75
0.84175,-0.43638,-0.0080935,0.31774,-36.906,33.826,6.6388,54.8
0.8414,-0.43638,-0.0087514,0.31866,-36.5,33.809,6.6233,54.85
0.84142,-0.4372,-0.009592,0.31745,-36.086,33.796,6.6076,54.9
0.84055,-0.4391,-0.0068864,0.31721,-35.669,33.78,6.5916,54.95
0.84033,-0.44016,-0.0087145,0.31629,-35.249,33.761,6.5761,55
0.84061,-0.44082,-0.010094,0.31457,-34.821,33.748,6.5592,55.05
0.84088,-0.44139,-0.011322,0.31299,-34.393,33.728,6.5429,55.1
0.84003,-0.44241,-0.009728,0.31391,-33.957,33.715,6.5257,55.15
0.84037,-0.44191,-0.011394,0.31362,-33.523,33.696,6.5101,55.2
0.84009,-0.44221,-0.010933,0.31397,-33.086,33.676,6.4924,55.25
0.83998,-0.44297,-0.010231,0.31323,-32.645,33.66,6.4733,55.3
0.84007,-0.44334,-0.010984,0.31242,-32.203,33.639,6.455,55.35
0.84054,-0.44298,-0.01135,0.31166,-31.755,33.625,6.4358,55.4
0.83932,-0.44535,-0.011235,0.31157,-31.31,33.601,6.4171,55.45
0.83923,-0.44605,-0.011917,0.31079,-30.86,33.579,6.3983,55.5
0.83916,-0.4467,-0.012363,0.31002,-30.409,33.559,6.3763,55.55
0.83935,-0.44623,-0.013242,0.31016,-29.956,33.536,6.3569,55.6
0.83854,-0.44866,-0.011972,0.30888,-29.501,33.517,6.3379,55.65
0.83771,-0.44958,-0.012388,0.30978,-29.05,33.493,6.3176,55.7
0.83838,-0.44946,-0.012552,0.30813,-28.596,33.468,6.3,55.75
0.83812,-0.45071,-0.013578,0.30696,-28.141,33.447,6.2796,55.8
0.83812,-0.45056,-0.013868,0.30718,-27.686,33.422,6.2596,55.85
0.83818,-0.45131,-0.015429,0.30583,-27.228,33.401,6.2377,55.9
0.83779,-0.45195,-0.015567,0.30595,-26.775,33.376,6.2171,55.95
0.83816,-0.45163,-0.015007,0.30544,-26.323,33.35,6.1963,56
0.83745,-0.45265,-0.017216,0.30576,-25.868,33.329,6.1753,56.05
0.83722,-0.45406,-0.01571,0.30437,-25.418,33.302,6.1542,56.1
0.83647,-0.45603,-0.016149,0.30346,-24.964,33.28,6.1313,56.15
0.83599,-0.45622,-0.017045,0.30445,-24.515,33.253,6.1102,56.2
0.83669,-0.45599,-0.01719,0.30287,-24.068,33.227,6.088,56.25
0.83597,-0.45734,-0.018999,0.3027,-23.619,33.206,6.0643,56.3
0.83545,-0.45768,-0.018726,0.30364,-23.175,33.179,6.0411,56.35
0.83579,-0.45821,-0.018351,0.30193,-22.73,33.158,6.0175,56.4
0.83587,-0.45842,-0.018918,0.30135,-22.292,33.132,5.9944,56.45
0.83627,-0.4581,-0.019787,0.30068,-21.856,33.108,5.9708,56.5
0.83525,-0.4601,-0.019681,0.30046,-21.42,33.087,5.9486,56.55
0.83529,-0.46121,-0.020834,0.29857,-20.989,33.06,5.9253,56.6
0.83525,-0.46082,-0.022237,0.29917,-20.559,33.04,5.9005,56.65
0.83545,-0.46084,-0.021717,0.29862,-20.136,33.015,5.8759,56.7
0.8358,-0.46089,-0.021104,0.29762,-19.716,32.991,5.8514,56.75
0.83459,-0.4637,-0.022309,0.29656,-19.3,32.969,5.8261,56.8
0.83474,-0.46433,-0.022918,0.29512,-18.888,32.946,5.8005,56.85
0.83465,-0.4648,-0.022808,0.29463,-18.477,32.929,5.7734,56.9
0.83366,-0.46613,-0.023941,0.29522,-18.074,32.909,5.7479,56.95
0.83433,-0.46602,-0.022964,0.29358,-17.676,32.886,5.7231,57
0.83444,-0.46579,-0.023182,0.29362,-17.282,32.866,5.6964,57.05
0.83473,-0.46599,-0.02357,0.29245,-16.894,32.845,5.6705,57.1
0.8342,-0.46692,-0.022763,0.29253,-16.509,32.828,5.6437,57.15
0.83338,-0.46783,-0.025282,0.29321,-16.133,32.808,5.6183,57.2
0.83395,-0.46789,-0.024534,0.29155,-15.763,32.788,5.5919,57.25
0.83355,-0.46924,-0.024914,0.2905,-15.397,32.772,5.5644,57.3
0.83248,-0.47072,-0.026426,0.29103,-15.037,32.754,5.5381,57.35
0.83198,-0.47128,-0.025931,0.2916,-14.681,32.741,5.512,57.4
0.83209,-0.4712,-0.026403,0.29137,-14.337,32.723,5.4857,57.45
0.83233,-0.47214,-0.027258,0.28908,-13.998,32.705,5.459,57.5
0.83201,-0.47255,-0.02849,0.28921,-13.665,32.69,5.4316,57.55
0.83245,-0.4725,-0.029357,0.28794,-13.342,32.675,5.4041,57.6
0.83211,-0.47355,-0.028228,0.2873,-13.021,32.665,5.3737,57.65
0.83216,-0.47373,-0.028595,0.28682,-12.71,32.652,5.3458,57.7
0.83145,-0.4757,-0.029314,0.28555,-12.407,32.64,5.3171,57.75
0.83058,-0.47741,-0.030102,0.28513,-12.109,32.631,5.2875,57.8
0.8308,-0.47683,-0.028654,0.28562,-11.819,32.621,5.2582,57.85
0.83051,-0.47775,-0.029292,0.28487,-11.537,32.615,5.2277,57.9
0.83079,-0.47729,-0.02981,0.28479,-11.266,32.607,5.1985,57.95
0.8306,-0.47804,-0.029012,0.28414,-11.003,32.597,5.1693,58
0.83008,-0.47935,-0.030677,0.2833,-10.747,32.592,5.1395,58.05
0.8295,-0.48039,-0.03024,0.28328,-10.498,32.587,5.1101,58.1
0.82861,-0.48199,-0.030758,0.28309,-10.256,32.585,5.0796,58.15
0.82847,-0.48274,-0.029595,0.28234,-10.027,32.581,5.0499,58.2
0.82836,-0.48314,-0.030792,0.28186,-9.8054,32.578,5.02,58.25
0.82925,-0.48247,-0.032091,0.28026,-9.5906,32.579,4.9887,58.3
0.8296,-0.48215,-0.03216,0.27977,-9.3868,32.576,4.957,58.35
0.82874,-0.48418,-0.032709,0.27874,-9.1906,32.579,4.9247,58.4
0.82807,-0.48496,-0.033225,0.2793,-9.0052,32.58,4.8954,58.45
0.82816,-0.48532,-0.033173,0.27841,-8.8304,32.582,4.8656,58.5
0.82836,-0.48545,-0.034382,0.27744,-8.6613,32.588,4.8326,58.55
0.82742,-0.48672,-0.034852,0.27798,-8.5063,32.59,4.8001,58.6
0.82749,-0.48672,-0.034503,0.27781,-8.3548,32.6,4.7669,58.65
0.82686,-0.48772,-0.03524,0.27784,-8.2173,32.606,4.7365,58.7
0.8272,-0.48783,-0.036064,0.27652,-8.0885,32.613,4.7041,58.75
0.82695,-0.48872,-0.036569,0.27564,-7.9695,32.624,4.6727,58.8
0.82677,-0.48935,-0.037032,0.27499,-7.8598,32.632,4.64,58.85
0.82756,-0.48852,-0.036898,0.27411,-7.7581,32.646,4.6073,58.9
0.8275,-0.48859,-0.036936,0.27415,-7.6688,32.658,4.5754,58.95
0.82684,-0.49007,-0.03778,0.27339,-7.5892,32.672,4.5433,59
0.82621,-0.49123,-0.038487,0.2731,-7.5185,32.689,4.51,59.05
0.8257,-0.49226,-0.039354,0.27268,-7.4583,32.706,4.4759,59.1
0.82644,-0.49167,-0.039088,0.27154,-7.4063,32.725,4.4419,59.15
0.82533,-0.49443,-0.038814,0.26993,-7.3673,32.744,4.409,59.2
0.8246,-0.49565,-0.039449,0.26983,-7.3388,32.763,4.375,59.25
0.82462,-0.49582,-0.04003,0.26936,-7.3175,32.785,4.3422,59.3
0.82404,-0.4962,-0.041576,0.27021,-7.3079,32.806,4.3106,59.35
0.82485,-0.4954,-0.041557,0.26922,-7.3065,32.833,4.2768,59.4
0.82429,-0.4973,-0.041179,0.26747,-7.3171,32.858,4.2424,59.45
0.82397,-0.49796,-0.041615,0.26719,-7.3394,32.882,4.2079,59.5
0.82322,-0.49977,-0.041997,0.26603,-7.3691,32.91,4.1727,59.55
0.82334,-0.49981,-0.041819,0.26563,-7.4104,32.935,4.1376,59.6
0.82357,-0.49998,-0.042293,0.26451,-7.4585,32.968,4.1026,59.65
0.82298,-0.50074,-0.043186,0.26477,-7.52,32.996,4.0674,59.7
0.82284,-0.50133,-0.042499,0.26421,-7.5915,33.027,4.0328,59.75
0.82308,-0.50167,-0.042448,0.26278,-7.6706,33.06,3.9975,59.8
0.82284,-0.50154,-0.043886,0.26355,-7.7613,33.093,3.9627,59.85
0.82206,-0.50233,-0.044276,0.26442,-7.8586,33.132,3.9265,59.9
0.82196,-0.50296,-0.044956,0.26342,-7.969,33.167,3.8914,59.95
0.82193,-0.50354,-0.045298,0.26235,-8.0897,33.203,3.8567,60
0.82142,-0.50453,-0.043908,0.2623,-8.2182,33.245,3.8217,60.05
0.82164,-0.50439,-0.045051,0.26164,-8.3581,33.284,3.787,60.1
0.82106,-0.50604,-0.044231,0.26045,-8.5037,33.327,3.7513,60.15
0.82118,-0.50614,-0.045535,0.25965,-8.6606,33.367,3.7163,60.2
0.82176,-0.50578,-0.044943,0.25861,-8.828,33.407,3.6811,60.25
0.8214,-0.50672,-0.045304,0.25786,-9.004,33.453,3.6452,60.3
0.82107,-0.50726,-0.045539,0.25779,-9.1902,33.499,3.609,60.35
0.8206,-0.50806,-0.046993,0.25747,-9.3834,33.549,3.5715,60.4
0.82014,-0.50897,-0.04741,0.25703,-9.5877,33.596,3.5344,60.45
0.8193,-0.51121,-0.047692,0.25521,-9.8003,33.643,3.4993,60.5
0.81823,-0.51219,-0.048649,0.25649,-10.02,33.694,3.4612,60.55
0.81854,-0.51209,-0.047699,0.25591,-10.25,33.742,3.4254,60.6
0.81845,-0.51234,-0.048827,0.25546,-10.487,33.795,3.3891,60.65
0.81866,-0.51251,-0.050311,0.25416,-10.734,33.846,3.3539,60.7
0.81785,-0.51342,-0.049812,0.25504,-10.99,33.899,3.3172,60.75
0.81691,-0.51536,-0.049369,0.25421,-11.252,33.955,3.28,60.8
0.81784,-0.51423,-0.049801,0.25342,-11.524,34.008,3.2437,60.85
0.81762,-0.51448,-0.051292,0.25333,-11.799,34.066,3.2053,60.9
0.81748,-0.51513,-0.051662,0.25239,-12.087,34.122,3.1686,60.95
0.81674,-0.51657,-0.052429,0.25167,-12.379,34.177,3.1324,61
0.81718,-0.51654,-0.051256,0.25056,-12.679,34.235,3.094,61.05
0.81727,-0.51636,-0.052757,0.25033,-12.99,34.293,3.0578,61.1
0.81702,-0.51723,-0.051725,0.24956,-13.303,34.355,3.0192,61.15
0.8163,-0.51866,-0.051855,0.24891,-13.628,34.415,2.9807,61.2
0.81603,-0.51952,-0.051707,0.24802,-13.956,34.476,2.941,61.25
0.81577,-0.52045,-0.053709,0.24651,-14.291,34.54,2.9031,61.3
0.81625,-0.51968,-0.054087,0.24649,-14.635,34.602,2.8641,61.35
0.81581,-0.52055,-0.055413,0.24577,-14.981,34.668,2.8259,61.4
0.81475,-0.52223,-0.056165,0.24555,-15.336,34.733,2.7878,61.45
0.81476,-0.52292,-0.055767,0.24416,-15.696,34.796,2.7506,61.5
0.81446,-0.52253,-0.054976,0.24617,-16.061,34.862,2.7132,61.55
0.81471,-0.52283,-0.05496,0.2447,-16.432,34.928,2.6757,61.6
0.81471,-0.52331,-0.055541,0.24355,-16.808,34.997,2.6382,61.65
0.81374,-0.52499,-0.056086,0.24303,-17.191,35.062,2.6011,61.7
0.81306,-0.52609,-0.055081,0.24314,-17.578,35.127,2.5639,61.75
0.81379,-0.52535,-0.056026,0.24212,-17.97,35.197,2.5263,61.8
0.81376,-0.52533,-0.056134,0.24224,-18.367,35.263,2.4875,61.85
0.81295,-0.52643,-0.058482,0.24201,-18.765,35.337,2.4494,61.9
0.81303,-0.52682,-0.05867,0.24085,-19.17,35.404,2.4121,61.95
0.81233,-0.52835,-0.058672,0.23985,-19.58,35.471,2.3735,62
0.81192,-0.52958,-0.058767,0.23851,-19.992,35.541,2.3347,62.05
0.81177,-0.53018,-0.060131,0.23731,-20.409,35.609,2.2969,62.1
0.81195,-0.53008,-0.05965,0.23704,-20.827,35.683,2.2571,62.15
0.81111,-0.53139,-0.058866,0.2372,-21.248,35.751,2.2204,62.2
0.81061,-0.53196,-0.06014,0.23731,-21.674,35.822,2.1827,62.25
0.81025,-0.53303,-0.060007,0.23617,-22.101,35.893,2.1445,62.3
0.81135,-0.53204,-0.059966,0.23461,-22.532,35.964,2.1056,62.35
0.81086,-0.53242,-0.061388,0.2351,-22.961,36.036,2.0674,62.4
0.81004,-0.53402,-0.062913,0.23388,-23.397,36.104,2.0291,62.45
0.80986,-0.5343,-0.06091,0.23438,-23.834,36.173,1.9905,62.5
0.80946,-0.53546,-0.061519,0.23296,-24.27,36.243,1.9525,62.55
0.80913,-0.53602,-0.062287,0.23262,-24.71,36.313,1.9139,62.6
0.80915,-0.53656,-0.061736,0.23144,-25.149,36.385,1.8742,62.65
0.80891,-0.53649,-0.063093,0.23207,-25.59,36.454,1.8366,62.7
0.8092,-0.53684,-0.062753,0.23036,-26.032,36.524,1.7984,62.75
0.8088,-0.5373,-0.063677,0.23042,-26.473,36.598,1.7603,62.8
0.80802,-0.5381,-0.065226,0.23086,-26.916,36.667,1.7229,62.85
0.80856,-0.53764,-0.06454,0.23022,-27.356,36.738,1.6836,62.9
0.8076,-0.53879,-0.066595,0.23031,-27.799,36.807,1.6461,62.95
0.80773,-0.53881,-0.064936,0.2303,-28.241,36.876,1.6073,63
0.80699,-0.54027,-0.064846,0.22949,-28.681,36.947,1.5684,63.05
0.80683,-0.54079,-0.065821,0.22854,-29.12,37.013,1.5306,63.1
0.80634,-0.54174,-0.066177,0.22793,-29.557,37.084,1.4909,63.15
0.80645,-0.542,-0.067007,0.22667,-29.995,37.149,1.4519,63.2
0.80666,-0.5418,-0.066345,0.22662,-30.43,37.216,1.4129,63.25
0.80613,-0.54288,-0.066947,0.22574,-30.863,37.284,1.3753,63.3
0.80601,-0.54302,-0.067467,0.22567,-31.296,37.348,1.3383,63.35
0.805,-0.54468,-0.06799,0.22512,-31.724,37.416,1.299,63.4
0.8042,-0.54581,-0.0706,0.22442,-32.15,37.479,1.2641,63.45
0.80394,-0.54642,-0.068535,0.22452,-32.575,37.543,1.2262,63.5
0.80414,-0.54655,-0.069066,0.22333,-32.994,37.608,1.1887,63.55
0.80414,-0.5468,-0.069948,0.22244,-33.413,37.67,1.1505,63.6
0.80426,-0.54688,-0.070411,0.22164,-33.825,37.735,1.1127,63.65
0.80405,-0.54706,-0.071709,0.22155,-34.236,37.795,1.0751,63.7
0.80284,-0.5491,-0.072248,0.22072,-34.644,37.854,1.0378,63.75
0.80265,-0.5494,-0.072877,0.22045,-35.046,37.914,0.99853,63.8
0.80297,-0.5493,-0.071995,0.21982,-35.446,37.972,0.96191,63.85
0.80222,-0.55031,-0.072706,0.21982,-35.838,38.033,0.92325,63.9
0.802,-0.55101,-0.073241,0.21867,-36.228,38.091,0.88429,63.95
0.80117,-0.55214,-0.074182,0.21855,-36.611,38.146,0.84693,64
0.8013,-0.55248,-0.075235,0.21686,-36.99,38.204,0.80776,64.05
0.80131,-0.55283,-0.074003,0.21633,-37.368,38.257,0.77036,64.1
0.80103,-0.5535,-0.07349,0.21584,-37.735,38.314,0.73143,64.15
0.80132,-0.55356,-0.072093,0.21506,-38.101,38.364,0.6946,64.2
0.80072,-0.55454,-0.072382,0.21469,-38.46,38.415,0.65862,64.25
0.80013,-0.55536,-0.073306,0.21447,-38.813,38.466,0.62037,64.3
0.79958,-0.55618,-0.073507,0.21431,-39.16,38.515,0.58378,64.35
0.80001,-0.5558,-0.07535,0.21307,-39.499,38.566,0.54668,64.4
0.8003,-0.55593,-0.075002,0.21176,-39.832,38.613,0.50931,64.45
0.79965,-0.55694,-0.075949,0.2112,-40.161,38.657,0.47209,64.5
0.79947,-0.55727,-0.075039,0.21134,-40.483,38.701,0.43485,64.55
0.79923,-0.55776,-0.076477,0.21041,-40.796,38.742,0.39729,64.6
0.79865,-0.5589,-0.077054,0.20939,-41.101,38.787,0.36058,64.65
0.7983,-0.55944,-0.077744,0.20906,-41.402,38.824,0.32411,64.7
0.79818,-0.55977,-0.076904,0.20894,-41.694,38.861,0.2877,64.75
0.79717,-0.56116,-0.078176,0.20859,-41.978,38.899,0.25028,64.8
0.79781,-0.56029,-0.078108,0.20851,-42.254,38.936,0.21437,64.85
0.79827,-0.55991,-0.078172,0.20776,-42.521,38.971,0.1772,64.9
0.79743,-0.56149,-0.078342,0.20665,-42.782,39.002,0.1406,64.95
0.79684,-0.56224,-0.079292,0.20651,-43.035,39.032,0.10404,65
0.79666,-0.56289,-0.079307,0.20541,-43.279,39.065,0.066995,65.05
0.79575,-0.56431,-0.08033,0.20466,-43.516,39.092,0.029956,65.1
0.79578,-0.56459,-0.079346,0.20417,-43.742,39.12,-0.0056664,65.15
0.79464,-0.5661,-0.080178,0.20407,-43.962,39.144,-0.042013,65.2
0.79457,-0.56625,-0.081053,0.2036,-44.171,39.166,-0.078733,65.25
0.79412,-0.56662,-0.081659,0.20409,-44.372,39.19,-0.11533,65.3
0.79472,-0.56629,-0.081632,0.20266,-44.565,39.21,-0.15129,65.35
0.79519,-0.56581,-0.08186,0.20204,-44.747,39.234,-0.18818,65.4
0.79372,-0.56776,-0.082096,0.20229,-44.922,39.251,-0.224,65.45
0.79337,-0.56867,-0.081564,0.2013,-45.086,39.268,-0.26127,65.5
0.79314,-0.5692,-0.082563,0.20031,-45.241,39.284,-0.29579,65.55
0.792,-0.5706,-0.083455,0.20047,-45.388,39.295,-0.33244,65.6
0.79199,-0.57081,-0.084479,0.19948,-45.521,39.309,-0.36882,65.65
0.79166,-0.57143,-0.083885,0.19925,-45.651,39.316,-0.40399,65.7
0.7921,-0.57141,-0.082623,0.19812,-45.77,39.325,-0.43887,65.75
0.79189,-0.57174,-0.08378,0.1975,-45.878,39.333,-0.47318,65.8
0.79214,-0.5716,-0.084685,0.19653,-45.977,39.338,-0.50745,65.85
0.79053,-0.57389,-0.085022,0.19618,-46.065,39.344,-0.54188,65.9
0.79026,-0.57418,-0.086193,0.19592,-46.144,39.345,-0.57676,65.95
0.78988,-0.57463,-0.087757,0.19544,-46.212,39.345,-0.61092,66
0.78955,-0.5749,-0.088295,0.19572,-46.27,39.344,-0.64511,66.05
0.7897,-0.57559,-0.089118,0.19268,-46.32,39.338,-0.67827,66.1
0.78912,-0.57612,-0.088263,0.19387,-46.356,39.335,-0.71205,66.15
0.78854,-0.57717,-0.088128,0.19317,-46.386,39.327,-0.74586,66.2
0.78868,-0.57703,-0.088426,0.19288,-46.407,39.317,-0.77984,66.25
0.789,-0.57689,-0.089064,0.19169,-46.414,39.309,-0.81318,66.3
0.78836,-0.57829,-0.087824,0.19068,-46.413,39.295,-0.84856,66.35
0.78869,-0.5775,-0.090434,0.19046,-46.402,39.285,-0.88261,66.4
0.78826,-0.57848,-0.089945,0.18954,-46.382,39.269,-0.91495,66.45
0.78773,-0.57959,-0.089829,0.18838,-46.351,39.252,-0.94893,66.5
0.78707,-0.5805,-0.090393,0.18806,-46.31,39.233,-0.98204,66.55
0.78632,-0.58146,-0.092192,0.18738,-46.26,39.212,-1.014,66.6
0.78638,-0.58134,-0.091852,0.18766,-46.198,39.193,-1.0485,66.65
0.78649,-0.58142,-0.092573,0.18661,-46.128,39.167,-1.0799,66.7
0.78563,-0.58276,-0.092092,0.18628,-46.047,39.14,-1.1129,66.75
0.78579,-0.58306,-0.091545,0.18491,-45.957,39.114,-1.1448,66.8
0.78492,-0.58406,-0.092125,0.18515,-45.86,39.085,-1.1767,66.85
0.78471,-0.58498,-0.091186,0.1836,-45.748,39.056,-1.2085,66.9
0.78426,-0.58537,-0.092606,0.18358,-45.631,39.023,-1.2409,66.95
0.78423,-0.58542,-0.0938,0.18296,-45.503,38.987,-1.2726,67
0.78384,-0.586,-0.0934,0.183,-45.365,38.953,-1.3046,67.05
0.78272,-0.58767,-0.093728,0.18223,-45.219,38.915,-1.3371,67.1
0.78314,-0.5873,-0.095721,0.18058,-45.061,38.877,-1.368,67.15
0.7823,-0.58848,-0.09554,0.1805,-44.896,38.836,-1.3988,67.2
0.78215,-0.58831,-0.096704,0.18106,-44.721,38.792,-1.4294,67.25
0.78275,-0.58744,-0.097993,0.18058,-44.536,38.752,-1.4608,67.3
0.78245,-0.58816,-0.097375,0.1799,-44.343,38.705,-1.4916,67.35
0.78188,-0.5895,-0.095898,0.17877,-44.138,38.661,-1.5222,67.4
0.78204,-0.5898,-0.094987,0.17756,-43.928,38.611,-1.5533,67.45
0.78184,-0.58994,-0.096225,0.17731,-43.709,38.56,-1.5827,67.5
0.78149,-0.59074,-0.096485,0.17603,-43.481,38.511,-1.6132,67.55
0.78177,-0.59037,-0.098095,0.17515,-43.244,38.457,-1.6435,67.6
0.78084,-0.59195,-0.097209,0.17444,-42.998,38.405,-1.6738,67.65
0.77964,-0.59348,-0.098262,0.174,-42.745,38.349,-1.7028,67.7
0.77927,-0.59391,-0.099813,0.17337,-42.484,38.293,-1.7324,67.75
0.77912,-0.59415,-0.10063,0.17268,-42.213,38.236,-1.7607,67.8
0.77944,-0.59371,-0.098943,0.17376,-41.937,38.174,-1.7884,67.85
0.77864,-0.5947,-0.1003,0.1732,-41.65,38.115,-1.817,67.9
0.77791,-0.59605,-0.10014,0.17191,-41.358,38.051,-1.8446,67.95
0.77661,-0.59728,-0.10062,0.17322,-41.058,37.987,-1.8742,68
0.7774,-0.59656,-0.10115,0.17187,-40.75,37.923,-1.9035,68.05
0.77702,-0.59763,-0.10048,0.17021,-40.436,37.856,-1.9313,68.1
0.77622,-0.59847,-0.10111,0.17056,-40.113,37.79,-1.9611,68.15
0.77674,-0.59776,-0.10236,0.16994,-39.784,37.722,-1.9874,68.2
0.77638,-0.59885,-0.1006,0.16877,-39.451,37.65,-2.0137,68.25
0.77562,-0.5996,-0.10169,0.16898,-39.11,37.58,-2.0411,68.3
0.77474,-0.60134,-0.1017,0.1668,-38.764,37.506,-2.0691,68.35
0.77425,-0.60222,-0.10281,0.16525,-38.409,37.435,-2.0959,68.4
0.77497,-0.60127,-0.10378,0.1647,-38.05,37.36,-2.1221,68.45
0.77502,-0.60097,-0.10397,0.16543,-37.686,37.281,-2.1488,68.5
0.77481,-0.60207,-0.10311,0.16292,-37.315,37.207,-2.1757,68.55
0.77397,-0.60298,-0.10393,0.16308,-36.937,37.127,-2.2014,68.6
0.77357,-0.60371,-0.10483,0.16165,-36.555,37.051,-2.228,68.65
0.77323,-0.60365,-0.10523,0.16321,-36.171,36.97,-2.2544,68.7
0.77322,-0.60431,-0.10517,0.16084,-35.781,36.889,-2.2769,68.75
0.7726,-0.60481,-0.10579,0.16155,-35.386,36.806,-2.3023,68.8
0.77169,-0.60564,-0.10723,0.16184,-34.987,36.72,-2.3266,68.85
0.77226,-0.60529,-0.1062,0.16113,-34.583,36.64,-2.3521,68.9
0.77132,-0.60638,-0.10682,0.16108,-34.175,36.554,-2.3761,68.95
0.77127,-0.60659,-0.10787,0.15988,-33.763,36.469,-2.4001,69
0.77112,-0.60718,-0.107,0.1589,-33.348,36.384,-2.4243,69.05
0.77061,-0.60799,-0.10783,0.15776,-32.929,36.299,-2.4474,69.1
0.76978,-0.60935,-0.10696,0.15716,-32.503,36.214,-2.4708,69.15
0.76983,-0.60929,-0.10811,0.15631,-32.08,36.125,-2.4962,69.2
0.76882,-0.61042,-0.10784,0.1571,-31.654,36.034,-2.5192,69.25
0.76852,-0.61116,-0.10839,0.15529,-31.223,35.947,-2.5408,69.3
0.7688,-0.61033,-0.10925,0.15658,-30.791,35.856,-2.5641,69.35
0.76831,-0.61138,-0.11028,0.1541,-30.356,35.769,-2.5885,69.4
0.76762,-0.61195,-0.11083,0.1549,-29.921,35.678,-2.6122,69.45
0.76723,-0.61233,-0.11116,0.15509,-29.484,35.587,-2.634,69.5
0.76669,-0.61327,-0.11225,0.15326,-29.043,35.499,-2.6562,69.55
0.76668,-0.61362,-0.11198,0.15214,-28.604,35.407,-2.6773,69.6
0.76741,-0.61279,-0.11084,0.15262,-28.162,35.317,-2.6988,69.65
0.76592,-0.61475,-0.11177,0.1515,-27.721,35.224,-2.7192,69.7
0.7652,-0.61577,-0.11266,0.15036,-27.279,35.129,-2.7401,69.75
0.76508,-0.61614,-0.11239,0.14965,-26.836,35.039,-2.7608,69.8
0.76421,-0.61706,-0.11412,0.149,-26.394,34.944,-2.7824,69.85
0.7647,-0.61661,-0.11347,0.1488,-25.95,34.854,-2.802,69.9
0.76396,-0.61772,-0.11364,0.1479,-25.508,34.76,-2.8215,69.95
0.76292,-0.61911,-0.11339,0.14762,-25.067,34.666,-2.8406,70
0.76271,-0.61953,-0.11404,0.14645,-24.624,34.573,-2.8602,70.05
0.76242,-0.61986,-0.11443,0.14626,-24.185,34.478,-2.8789,70.1
0.76193,-0.62011,-0.11687,0.14587,-23.746,34.386,-2.8985,70.15
0.76216,-0.61992,-0.11673,0.14556,-23.311,34.292,-2.9166,70.2
0.76252,-0.62006,-0.11561,0.14399,-22.877,34.199,-2.9342,70.25
0.76238,-0.62009,-0.11566,0.14452,-22.445,34.107,-2.9525,70.3
0.76122,-0.62146,-0.11632,0.14426,-22.014,34.014,-2.9696,70.35
0.76087,-0.62257,-0.11545,0.14199,-21.586,33.923,-2.9867,70.4
0.76042,-0.62305,-0.11591,0.14186,-21.162,33.83,-3.0047,70.45
0.75967,-0.62414,-0.11687,0.14034,-20.74,33.735,-3.0221,70.5
0.75968,-0.62377,-0.1192,0.14,-20.319,33.645,-3.038,70.55
0.75872,-0.62518,-0.11865,0.13936,-19.903,33.551,-3.0542,70.6
0.75913,-0.62511,-0.11736,0.13849,-19.491,33.461,-3.0706,70.65
0.75804,-0.62603,-0.11878,0.13914,-19.082,33.37,-3.0871,70.7
0.75763,-0.62656,-0.11844,0.13927,-18.678,33.279,-3.102,70.75
0.7577,-0.6264,-0.12009,0.13819,-18.277,33.19,-3.1192,70.8
0.75747,-0.62673,-0.12036,0.13771,-17.88,33.1,-3.1338,70.85
0.75615,-0.62855,-0.12057,0.1365,-17.487,33.014,-3.1476,70.9
0.75627,-0.62898,-0.11973,0.13452,-17.1,32.924,-3.1608,70.95
0.75628,-0.62881,-0.12013,0.13496,-16.72,32.834,-3.1744,71
0.75576,-0.62922,-0.12167,0.1346,-16.343,32.747,-3.1892,71.05
0.75561,-0.62945,-0.12135,0.13461,-15.972,32.658,-3.2026,71.1
0.75459,-0.63046,-0.1234,0.13373,-15.605,32.575,-3.2169,71.15
0.75428,-0.63117,-0.1216,0.13383,-15.245,32.487,-3.2303,71.2
0.75493,-0.63048,-0.12278,0.1323,-14.89,32.402,-3.2434,71.25
0.75438,-0.63103,-0.12385,0.13178,-14.54,32.318,-3.2562,71.3
0.75425,-0.63134,-0.12399,0.13098,-14.198,32.234,-3.2688,71.35
0.75331,-0.63247,-0.1241,0.13078,-13.862,32.152,-3.2819,71.4
0.75275,-0.63313,-0.1235,0.13142,-13.533,32.068,-3.2927,71.45
0.75278,-0.63325,-0.12393,0.13024,-13.21,31.984,-3.3036,71.5
0.75281,-0.63357,-0.12349,0.12891,-12.895,31.904,-3.3145,71.55
0.75172,-0.63482,-0.12335,0.12925,-12.586,31.824,-3.3261,71.6
0.75135,-0.63506,-0.12495,0.12865,-12.284,31.747,-3.3373,71.65
0.7514,-0.63513,-0.12601,0.12696,-11.989,31.67,-3.3468,71.7
0.75151,-0.63535,-0.12573,0.12552,-11.704,31.592,-3.3568,71.75
0.75043,-0.63667,-0.12549,0.12554,-11.425,31.517,-3.3662,71.8
0.74952,-0.63751,-0.12664,0.12553,-11.155,31.44,-3.3764,71.85
0.7495,-0.63762,-0.12711,0.12463,-10.891,31.368,-3.3858,71.9
0.74924,-0.63789,-0.12742,0.12452,-10.636,31.293,-3.3952,71.95
0.74946,-0.63767,-0.1279,0.12381,-10.39,31.22,-3.4032,72
0.74856,-0.63892,-0.12761,0.12316,-10.15,31.151,-3.4119,72.05
0.74763,-0.63993,-0.12882,0.12224,-9.9207,31.08,-3.4203,72.1
0.74765,-0.6401,-0.12924,0.12075,-9.6984,31.013,-3.4298,72.15
0.74747,-0.64012,-0.12982,0.12117,-9.4857,30.946,-3.4366,72.2
0.74708,-0.64054,-0.1307,0.12044,-9.2824,30.881,-3.4435,72.25
0.74651,-0.64167,-0.12934,0.11936,-9.0884,30.816,-3.4518,72.3
0.74641,-0.64179,-0.13014,0.11849,-8.903,30.751,-3.4579,72.35
0.74573,-0.64256,-0.13036,0.11842,-8.7263,30.688,-3.4648,72.4
0.74559,-0.64296,-0.12978,0.11772,-8.5596,30.625,-3.471,72.45
0.74527,-0.64356,-0.12972,0.11654,-8.4026,30.564,-3.477,72.5
0.74364,-0.64489,-0.13189,0.11715,-8.2523,30.505,-3.4836,72.55
0.74436,-0.64408,-0.13235,0.11654,-8.113,30.447,-3.488,72.6
0.74367,-0.64493,-0.13267,0.11588,-7.9817,30.392,-3.4923,72.65
0.74346,-0.64539,-0.13235,0.11503,-7.8621,30.335,-3.4952,72.7
0.74301,-0.64598,-0.13294,0.11394,-7.7529,30.28,-3.4988,72.75
0.74202,-0.64699,-0.13419,0.11312,-7.6522,30.227,-3.5018,72.8
0.74301,-0.64597,-0.13371,0.11306,-7.563,30.174,-3.5052,72.85
0.74131,-0.648,-0.1346,0.1115,-7.481,30.126,-3.5091,72.9
0.74157,-0.64754,-0.13535,0.11156,-7.4099,30.077,-3.5135,72.95
0.74153,-0.64777,-0.13477,0.11117,-7.3485,30.028,-3.5162,73
0.7407,-0.64891,-0.13446,0.11042,-7.297,29.983,-3.5185,73.05
0.73964,-0.65,-0.13549,0.10987,-7.257,29.937,-3.5201,73.1
0.73978,-0.65,-0.13522,0.10927,-7.2241,29.896,-3.524,73.15
0.73956,-0.65048,-0.13525,0.10787,-7.2033,29.852,-3.5257,73.2
0.73807,-0.65185,-0.13585,0.10901,-7.194,29.809,-3.5268,73.25
0.73931,-0.65064,-0.1352,0.10863,-7.1936,29.77,-3.5289,73.3
0.73871,-0.65123,-0.13711,0.10685,-7.2018,29.73,-3.5286,73.35
0.73746,-0.65239,-0.13878,0.10623,-7.2204,29.696,-3.5297,73.4
0.737,-0.65329,-0.1377,0.10528,-7.2505,29.658,-3.5288,73.45
0.73743,-0.65278,-0.13753,0.10566,-7.2898,29.622,-3.5288,73.5
0.73599,-0.65424,-0.13878,0.10507,-7.3399,29.59,-3.529,73.55
0.73641,-0.65417,-0.13856,0.10279,-7.3987,29.557,-3.529,73.6
0.73579,-0.65462,-0.1398,0.10269,-7.4677,29.527,-3.5287,73.65
0.73557,-0.65524,-0.13929,0.10099,-7.5473,29.496,-3.5278,73.7
0.73419,-0.65639,-0.14059,0.10174,-7.636,29.467,-3.5264,73.75
0.73428,-0.65656,-0.1406,0.1,-7.7345,29.442,-3.5246,73.8
0.73423,-0.65652,-0.14008,0.10133,-7.8433,29.415,-3.5232,73.85
0.7343,-0.65648,-0.13955,0.10183,-7.9606,29.392,-3.5217,73.9
0.73451,-0.65626,-0.14013,0.10091,-8.0891,29.369,-3.5195,73.95
0.73404,-0.65695,-0.14016,0.09982,-8.2261,29.347,-3.516,74
0.73317,-0.65797,-0.14097,0.098287,-8.3738,29.328,-3.5137,74.05
0.7326,-0.65846,-0.14182,0.098027,-8.5305,29.308,-3.5104,74.1
0.73237,-0.65872,-0.14204,0.097722,-8.6952,29.293,-3.506,74.15
0.73135,-0.65987,-0.14249,0.096908,-8.8706,29.275,-3.5027,74.2
0.73117,-0.65996,-0.14305,0.096874,-9.0553,29.259,-3.4984,74.25
0.73045,-0.66073,-0.1437,0.096074,-9.249,29.247,-3.495,74.3
0.73015,-0.66112,-0.1438,0.095483,-9.4522,29.234,-3.4899,74.35
0.72951,-0.66202,-0.14355,0.094511,-9.6624,29.225,-3.4851,74.4
0.7292,-0.66214,-0.14525,0.09351,-9.883,29.213,-3.4792,74.45
0.72955,-0.66183,-0.14485,0.093637,-10.113,29.204,-3.4738,74.5
0.72885,-0.66314,-0.14346,0.091874,-10.35,29.195,-3.4687,74.55
0.72807,-0.6637,-0.14504,0.091536,-10.597,29.187,-3.4617,74.6
0.72816,-0.66373,-0.14465,0.091277,-10.852,29.184,-3.4553,74.65
0.72766,-0.66419,-0.14498,0.091327,-11.117,29.178,-3.4471,74.7
0.72762,-0.66414,-0.14516,0.091776,-11.388,29.175,-3.4389,74.75
0.72673,-0.66495,-0.14605,0.091515,-11.667,29.173,-3.4316,74.8
0.72532,-0.66657,-0.14628,0.090504,-11.955,29.171,-3.425,74.85
0.72614,-0.66559,-0.14846,0.087601,-12.248,29.172,-3.4178,74.9
0.72525,-0.66696,-0.14714,0.08672,-12.55,29.172,-3.4091,74.95
0.72447,-0.66787,-0.14753,0.085607,-12.859,29.173,-3.3996,75
0.7235,-0.66856,-0.1489,0.086029,-13.176,29.178,-3.391,75.05
0.72408,-0.66797,-0.1494,0.084872,-13.5,29.18,-3.3817,75.1
0.72371,-0.66846,-0.14934,0.084309,-13.83,29.186,-3.373,75.15
0.72269,-0.6695,-0.14968,0.084223,-14.168,29.191,-3.3637,75.2
0.72264,-0.66955,-0.14947,0.084584,-14.513,29.196,-3.3535,75.25
0.72166,-0.67034,-0.15081,0.084324,-14.864,29.203,-3.3431,75.3
0.72191,-0.67058,-0.14933,0.082864,-15.22,29.21,-3.331,75.35
0.72113,-0.67133,-0.14996,0.082493,-15.583,29.219,-3.3202,75.4
0.71994,-0.67228,-0.15135,0.082602,-15.953,29.228,-3.3091,75.45
0.72015,-0.67238,-0.15073,0.081076,-16.328,29.238,-3.298,75.5
0.72068,-0.67174,-0.15144,0.080352,-16.706,29.25,-3.2858,75.55
0.71983,-0.67245,-0.15197,0.080935,-17.093,29.26,-3.2743,75.6
0.71885,-0.67356,-0.15198,0.080518,-17.482,29.275,-3.2635,75.65
0.71859,-0.67373,-0.15257,0.08025,-17.878,29.286,-3.2505,75.7
0.71763,-0.67448,-0.15383,0.080098,-18.278,29.3,-3.2381,75.75
0.71727,-0.67494,-0.15428,0.078589,-18.682,29.315,-3.227,75.8
0.71678,-0.67595,-0.15268,0.077551,-19.092,29.331,-3.2138,75.85
0.71761,-0.6748,-0.15454,0.07614,-19.504,29.347,-3.2006,75.9
0.71711,-0.67527,-0.15548,0.074793,-19.922,29.361,-3.186,75.95
0.71662,-0.67604,-0.1542,0.075175,-20.344,29.377,-3.1726,76
0.71641,-0.67648,-0.15419,0.073237,-20.767,29.395,-3.1591,76.05
0.71559,-0.67722,-0.1548,0.0731,-21.196,29.411,-3.1444,76.1
0.71478,-0.67775,-0.15615,0.073176,-21.625,29.429,-3.129,76.15
0.71427,-0.67855,-0.15553,0.072114,-22.059,29.448,-3.113,76.2
0.71503,-0.67787,-0.15504,0.072038,-22.496,29.466,-3.0975,76.25
0.71486,-0.67795,-0.15536,0.07225,-22.935,29.487,-3.0835,76.3
0.71357,-0.67913,-0.15728,0.069706,-23.377,29.504,-3.0655,76.35
0.71347,-0.67916,-0.15733,0.070375,-23.821,29.525,-3.0505,76.4
0.71249,-0.68004,-0.15819,0.069868,-24.266,29.543,-3.0348,76.45
0.7118,-0.68065,-0.15956,0.067811,-24.714,29.559,-3.0184,76.5
0.71068,-0.68238,-0.15758,0.066805,-25.162,29.578,-3.0025,76.55
0.71127,-0.68166,-0.15769,0.067562,-25.611,29.598,-2.9848,76.6
0.71073,-0.68193,-0.15921,0.066976,-26.061,29.621,-2.968,76.65
0.71045,-0.68209,-0.15991,0.06658,-26.51,29.64,-2.9496,76.7
0.70992,-0.68288,-0.15902,0.066361,-26.962,29.659,-2.9305,76.75
0.70891,-0.68391,-0.15925,0.06602,-27.413,29.679,-2.9117,76.8
0.70803,-0.68476,-0.16009,0.064502,-27.865,29.696,-2.8929,76.85
0.70825,-0.68437,-0.16097,0.064097,-28.315,29.716,-2.874,76.9
0.7087,-0.68406,-0.16054,0.063544,-28.767,29.736,-2.8549,76.95
0.70753,-0.68551,-0.15957,0.063421,-29.218,29.755,-2.8363,77
0.70729,-0.68599,-0.15917,0.061855,-29.667,29.777,-2.8183,77.05
0.70714,-0.68626,-0.15919,0.060401,-30.116,29.796,-2.7994,77.1
0.7077,-0.68571,-0.15955,0.059295,-30.562,29.815,-2.7798,77.15
0.70611,-0.6873,-0.16008,0.058299,-31.007,29.833,-2.7595,77.2
0.70448,-0.68841,-0.1622,0.059078,-31.45,29.851,-2.7373,77.25
0.70427,-0.68862,-0.16214,0.059315,-31.891,29.87,-2.7164,77.3
0.7038,-0.68883,-0.16351,0.058701,-32.33,29.887,-2.6955,77.35
0.70306,-0.68985,-0.1628,0.057526,-32.766,29.904,-2.6766,77.4
0.70273,-0.68997,-0.16347,0.058202,-33.198,29.921,-2.6559,77.45
0.70283,-0.69004,-0.16285,0.057927,-33.63,29.936,-2.6318,77.5
0.70276,-0.68971,-0.16481,0.057167,-34.057,29.953,-2.6089,77.55
0.70256,-0.69016,-0.16451,0.054921,-34.481,29.967,-2.5851,77.6
0.70149,-0.69073,-0.16582,0.05751,-34.902,29.984,-2.5625,77.65
0.70095,-0.69141,-0.16596,0.055516,-35.32,29.998,-2.5402,77.7
0.7005,-0.69227,-0.1648,0.053917,-35.734,30.012,-2.518,77.75
0.69996,-0.69246,-0.16651,0.053211,-36.141,30.027,-2.4927,77.8
0.70062,-0.69235,-0.16429,0.052764,-36.546,30.038,-2.4695,77.85
0.70024,-0.69219,-0.16688,0.051865,-36.945,30.053,-2.4455,77.9
0.69902,-0.69352,-0.16693,0.050338,-37.341,30.063,-2.4216,77.95
0.69809,-0.6944,-0.16743,0.04941,-37.731,30.074,-2.3985,78
0.69739,-0.69474,-0.16874,0.050018,-38.116,30.084,-2.3747,78.05
0.69696,-0.69555,-0.16789,0.047675,-38.496,30.092,-2.3508,78.1
0.69583,-0.69649,-0.16827,0.049076,-38.869,30.101,-2.3272,78.15
0.69558,-0.69669,-0.16869,0.048298,-39.236,30.107,-2.3019,78.2
0.69536,-0.69718,-0.16809,0.046576,-39.599,30.112,-2.279,78.25
0.69557,-0.69667,-0.16946,0.046047,-39.955,30.118,-2.2524,78.3
0.69517,-0.69689,-0.1704,0.045254,-40.305,30.121,-2.2263,78.35
0.69504,-0.69714,-0.16999,0.045038,-40.649,30.125,-2.2013,78.4
0.69472,-0.69753,-0.16943,0.046049,-40.984,30.127,-2.1745,78.45
0.69383,-0.69823,-0.17053,0.044659,-41.315,30.128,-2.1465,78.5
0.69248,-0.69955,-0.17093,0.043439,-41.638,30.129,-2.1212,78.55
0.69215,-0.69948,-0.17253,0.043404,-41.954,30.128,-2.0933,78.6
0.69166,-0.70016,-0.17183,0.043005,-42.261,30.13,-2.0664,78.65
0.69223,-0.69942,-0.17297,0.041477,-42.564,30.126,-2.0399,78.7
0.69205,-0.69967,-0.17253,0.042107,-42.859,30.12,-2.0128,78.75
0.69242,-0.69957,-0.1718,0.040649,-43.145,30.118,-1.9871,78.8
0.69064,-0.70101,-0.17298,0.040864,-43.424,30.111,-1.9607,78.85
0.68904,-0.70279,-0.17276,0.038141,-43.693,30.106,-1.9345,78.9
0.68983,-0.70175,-0.17362,0.039226,-43.955,30.097,-1.906,78.95
0.68957,-0.70177,-0.17465,0.038819,-44.208,30.085,-1.8794,79
0.68948,-0.70211,-0.17377,0.038198,-44.454,30.074,-1.8522,79.05
0.68894,-0.70272,-0.17351,0.037906,-44.691,30.061,-1.8225,79.1
0.68789,-0.70351,-0.17487,0.036216,-44.918,30.049,-1.7948,79.15
0.68789,-0.70339,-0.17519,0.036815,-45.139,30.033,-1.7667,79.2
0.68752,-0.70343,-0.17667,0.035846,-45.35,30.016,-1.7398,79.25
0.68807,-0.70309,-0.17637,0.033436,-45.551,29.999,-1.7106,79.3
0.68766,-0.70327,-0.17733,0.033104,-45.746,29.981,-1.6815,79.35
0.6864,-0.70449,-0.17737,0.033093,-45.928,29.964,-1.6527,79.4
0.68606,-0.70461,-0.17835,0.032152,-46.102,29.944,-1.6241,79.45
0.68599,-0.70495,-0.17736,0.031855,-46.267,29.92,-1.5947,79.5
0.68538,-0.70559,-0.17732,0.030755,-46.424,29.895,-1.5655,79.55
0.68432,-0.70671,-0.17725,0.029318,-46.569,29.868,-1.5347,79.6
0.68379,-0.7072,-0.17708,0.030762,-46.704,29.841,-1.5057,79.65
0.68288,-0.70803,-0.17747,0.029553,-46.832,29.812,-1.4769,79.7
0.68258,-0.70801,-0.17871,0.029489,-46.949,29.78,-1.4463,79.75
0.68219,-0.70851,-0.17835,0.028682,-47.055,29.751,-1.4167,79.8
0.68148,-0.70897,-0.17915,0.029129,-47.154,29.717,-1.3852,79.85
0.68021,-0.71008,-0.17994,0.026799,-47.243,29.684,-1.3552,79.9
0.68022,-0.70984,-0.18081,0.027058,-47.322,29.648,-1.3234,79.95
0.67951,-0.71055,-0.18086,0.025957,-47.39,29.612,-1.2923,80
0.67845,-0.71155,-0.18094,0.025653,-47.449,29.576,-1.2624,80.05
0.67706,-0.71284,-0.18094,0.026716,-47.497,29.535,-1.2304,80.1
0.67729,-0.71248,-0.18178,0.024581,-47.535,29.494,-1.1993,80.15
0.67684,-0.71282,-0.18213,0.024349,-47.564,29.45,-1.1682,80.2
0.6763,-0.71337,-0.18212,0.023394,-47.582,29.405,-1.1378,80.25
0.67549,-0.71406,-0.18261,0.022092,-47.591,29.36,-1.1055,80.3
0.67545,-0.71414,-0.18256,0.021145,-47.589,29.313,-1.0746,80.35
0.67451,-0.71514,-0.18226,0.019906,-47.577,29.266,-1.0438,80.4
0.67445,-0.71501,-0.1828,0.021409,-47.555,29.215,-1.0103,80.45
0.67545,-0.71412,-0.18269,0.02083,-47.523,29.164,-0.97865,80.5
0.67498,-0.71438,-0.18346,0.02014,-47.482,29.112,-0.94741,80.55
0.67298,-0.71607,-0.18437,0.01847,-47.432,29.059,-0.91493,80.6
0.67286,-0.71633,-0.18395,0.017346,-47.37,29.005,-0.88277,80.65
0.67378,-0.71563,-0.1833,0.017372,-47.3,28.948,-0.85016,80.7
0.67237,-0.71651,-0.18509,0.016303,-47.218,28.89,-0.81664,80.75
0.67153,-0.71718,-0.1857,0.01478,-47.128,28.83,-0.78459,80.8
0.67148,-0.71737,-0.18511,0.014843,-47.027,28.768,-0.7508,80.85
0.67073,-0.7178,-0.18615,0.015243,-46.915,28.705,-0.71742,80.9
0.67006,-0.71784,-0.18847,0.014309,-46.795,28.641,-0.68345,80.95
0.66972,-0.71859,-0.18679,0.014257,-46.664,28.574,-0.65043,81
0.66984,-0.71852,-0.18672,0.013335,-46.525,28.509,-0.61695,81.05
0.66849,-0.71957,-0.18756,0.01243,-46.377,28.441,-0.58341,81.1
0.66819,-0.71997,-0.18715,0.011604,-46.218,28.374,-0.55017,81.15
0.66797,-0.72039,-0.18633,0.011374,-46.051,28.304,-0.516,81.2
0.66831,-0.71941,-0.18897,0.010324,-45.873,28.23,-0.48207,81.25
0.66675,-0.7206,-0.18997,0.0096699,-45.687,28.158,-0.44935,81.3
0.6669,-0.72069,-0.18907,0.0096412,-45.493,28.084,-0.41535,81.35
0.66565,-0.72199,-0.18864,0.0078018,-45.291,28.012,-0.38128,81.4
0.66504,-0.72208,-0.19044,0.0072421,-45.081,27.935,-0.34723,81.45
0.66429,-0.72275,-0.19058,0.0054481,-44.861,27.857,-0.3126,81.5
0.66334,-0.72351,-0.19096,0.0069274,-44.63,27.78,-0.27901,81.55
0.66303,-0.72385,-0.19074,0.0070543,-44.391,27.7,-0.2458,81.6
0.66298,-0.72402,-0.1903,0.0064369,-44.145,27.619,-0.21209,81.65
0.66224,-0.7244,-0.19144,0.0062105,-43.89,27.536,-0.17859,81.7
0.66194,-0.72453,-0.19198,0.0056042,-43.629,27.451,-0.14407,81.75
0.66189,-0.72486,-0.19096,0.0046739,-43.359,27.367,-0.10897,81.8
0.66206,-0.72457,-0.19144,0.005055,-43.08,27.279,-0.074392,81.85
0.66125,-0.72502,-0.19257,0.0035611,-42.792,27.192,-0.040551,81.9
0.6609,-0.7255,-0.19197,0.0027181,-42.499,27.105,-0.0071792,81.95
0.66028,-0.72576,-0.19313,0.0022314,-42.199,27.016,0.027349,82
0.65918,-0.72653,-0.19398,0.0013466,-41.891,26.927,0.061204,82.05
0.65809,-0.72722,-0.19512,-0.00055451,-41.576,26.835,0.096102,82.1
0.6586,-0.72709,-0.19385,-0.00035038,-41.254,26.745,0.13007,82.15
0.65782,-0.72777,-0.19397,-0.0010676,-40.926,26.652,0.16656,82.2
0.65669,-0.72896,-0.19334,0.00052328,-40.591,26.557,0.20202,82.25
0.65651,-0.72906,-0.19356,-0.0006033,-40.247,26.465,0.23798,82.3
0.65633,-0.72886,-0.1949,-0.0025614,-39.899,26.369,0.2742,82.35
0.65597,-0.72921,-0.1948,-0.0026144,-39.546,26.273,0.30861,82.4
0.65446,-0.73037,-0.19554,-0.0028915,-39.186,26.176,0.34547,82.45
0.65459,-0.73022,-0.19565,-0.0038973,-38.822,26.078,0.38148,82.5
0.6539,-0.73056,-0.19667,-0.0050435,-38.451,25.981,0.41687,82.55
0.65415,-0.73029,-0.19686,-0.0046745,-38.076,25.882,0.45165,82.6
0.65381,-0.73055,-0.19695,-0.0064636,-37.696,25.784,0.48612,82.65
0.65329,-0.73106,-0.19676,-0.0076211,-37.31,25.684,0.5223,82.7
0.65303,-0.73115,-0.19723,-0.0082695,-36.921,25.582,0.55869,82.75
0.65197,-0.73161,-0.19901,-0.0086834,-36.525,25.483,0.59461,82.8
0.65147,-0.73172,-0.20024,-0.0086153,-36.126,25.381,0.63062,82.85
0.65088,-0.73269,-0.19854,-0.0099649,-35.722,25.281,0.66605,82.9
0.65144,-0.73217,-0.19862,-0.010065,-35.314,25.176,0.7009,82.95
0.64922,-0.73422,-0.19834,-0.0098649,-34.904,25.073,0.73642,83
0.64788,-0.73536,-0.19842,-0.011019,-34.49,24.97,0.77076,83.05
0.64754,-0.73558,-0.19869,-0.01208,-34.073,24.864,0.80598,83.1
0.64785,-0.73519,-0.19904,-0.012915,-33.651,24.76,0.84312,83.15
0.64596,-0.73635,-0.20087,-0.013167,-33.227,24.655,0.87928,83.2
0.64577,-0.73651,-0.20088,-0.013481,-32.801,24.548,0.91472,83.25
0.64663,-0.73574,-0.20089,-0.014249,-32.372,24.442,0.95018,83.3
0.64569,-0.7362,-0.20225,-0.013727,-31.941,24.336,0.98381,83.35
0.64568,-0.73644,-0.20138,-0.014239,-31.509,24.231,1.0177,83.4
0.64331,-0.73803,-0.20299,-0.016087,-31.076,24.126,1.0518,83.45
0.64407,-0.73748,-0.20247,-0.017312,-30.641,24.019,1.0874,83.5
0.64344,-0.7379,-0.20286,-0.018586,-30.205,23.914,1.1233,83.55
0.64302,-0.73825,-0.20277,-0.020001,-29.768,23.807,1.1596,83.6
0.64183,-0.73929,-0.20279,-0.019611,-29.329,23.703,1.1939,83.65
0.64198,-0.73896,-0.2036,-0.018811,-28.889,23.597,1.2301,83.7
0.64164,-0.73906,-0.20429,-0.018999,-28.449,23.492,1.2665,83.75
0.64074,-0.73948,-0.20549,-0.019864,-28.009,23.386,1.3024,83.8
0.64064,-0.73967,-0.20506,-0.020148,-27.569,23.281,1.3369,83.85
0.64021,-0.74007,-0.20495,-0.020465,-27.13,23.178,1.3728,83.9
0.63989,-0.73999,-0.2061,-0.021916,-26.691,23.073,1.4099,83.95
0.63915,-0.74079,-0.20539,-0.02305,-26.253,22.967,1.4463,84
0.63845,-0.74167,-0.2044,-0.022815,-25.818,22.864,1.4823,84.05
0.63834,-0.74145,-0.20554,-0.02306,-25.383,22.76,1.5188,84.1
0.63765,-0.74179,-0.20633,-0.024141,-24.948,22.657,1.5557,84.15
0.63786,-0.74199,-0.20491,-0.02456,-24.515,22.552,1.5924,84.2
0.63655,-0.74246,-0.20705,-0.026164,-24.083,22.449,1.6278,84.25
0.63516,-0.74336,-0.20785,-0.027957,-23.655,22.349,1.6627,84.3
0.63515,-0.74358,-0.20713,-0.02778,-23.23,22.247,1.6996,84.35
0.63457,-0.74386,-0.20766,-0.029624,-22.805,22.147,1.7348,84.4
0.63437,-0.7442,-0.20702,-0.029681,-22.384,22.045,1.7714,84.45
0.63271,-0.74534,-0.20784,-0.030772,-21.966,21.945,1.8084,84.5
0.63277,-0.74525,-0.20801,-0.030542,-21.552,21.845,1.8451,84.55
0.63148,-0.74594,-0.20932,-0.031308,-21.14,21.746,1.8818,84.6
0.63156,-0.74584,-0.20948,-0.031219,-20.733,21.648,1.9177,84.65
0.63036,-0.74629,-0.21123,-0.032786,-20.329,21.55,1.9534,84.7
0.63079,-0.74593,-0.21125,-0.032534,-19.929,21.454,1.9902,84.75
0.63013,-0.74665,-0.21052,-0.033653,-19.533,21.357,2.0261,84.8
0.63077,-0.74602,-0.21091,-0.033315,-19.142,21.262,2.0622,84.85
0.6297,-0.74714,-0.20995,-0.034536,-18.755,21.169,2.0977,84.9
0.62904,-0.74747,-0.21064,-0.035135,-18.374,21.075,2.1345,84.95
0.62809,-0.74784,-0.21215,-0.035152,-17.997,20.98,2.1696,85
0.62744,-0.74882,-0.21068,-0.034659,-17.626,20.889,2.2061,85.05
0.62691,-0.74897,-0.2114,-0.036484,-17.26,20.798,2.2415,85.1
0.62704,-0.7486,-0.21238,-0.036214,-16.899,20.708,2.2765,85.15
0.62573,-0.74926,-0.21373,-0.037267,-16.545,20.619,2.3115,85.2
0.62613,-0.74907,-0.21305,-0.038281,-16.197,20.531,2.3472,85.25
0.62459,-0.75072,-0.2116,-0.03916,-15.854,20.443,2.3827,85.3
0.62368,-0.751,-0.21309,-0.040175,-15.517,20.356,2.4175,85.35
0.62329,-0.75103,-0.2141,-0.040351,-15.188,20.273,2.4513,85.4
0.62361,-0.75061,-0.21428,-0.042237,-14.864,20.189,2.4874,85.45
0.62255,-0.75154,-0.21417,-0.041826,-14.549,20.105,2.5221,85.5
0.62143,-0.75229,-0.21463,-0.042754,-14.239,20.024,2.5565,85.55
0.62121,-0.75216,-0.21569,-0.042761,-13.937,19.943,2.5924,85.6
0.62101,-0.75201,-0.21636,-0.044844,-13.641,19.866,2.627,85.65
0.62043,-0.75254,-0.21635,-0.044066,-13.353,19.788,2.6627,85.7
0.61882,-0.75383,-0.21645,-0.044126,-13.073,19.711,2.6972,85.75
0.61823,-0.75427,-0.21674,-0.043543,-12.8,19.636,2.7318,85.8
0.61862,-0.75353,-0.21788,-0.045128,-12.536,19.562,2.7657,85.85
0.61719,-0.75459,-0.2178,-0.047283,-12.279,19.491,2.8,85.9
0.61705,-0.75457,-0.21828,-0.047247,-12.031,19.419,2.8355,85.95
0.61799,-0.75407,-0.21711,-0.048245,-11.792,19.35,2.8701,86
0.61704,-0.75485,-0.21746,-0.046619,-11.56,19.283,2.9045,86.05
0.61545,-0.75587,-0.2183,-0.047223,-11.338,19.216,2.9394,86.1
0.61515,-0.75592,-0.21866,-0.048647,-11.123,19.152,2.9736,86.15
0.61514,-0.75569,-0.21923,-0.049807,-10.919,19.088,3.0075,86.2
0.61442,-0.75592,-0.22045,-0.049718,-10.722,19.025,3.0419,86.25
0.61419,-0.75608,-0.22034,-0.05064,-10.535,18.965,3.0759,86.3
0.61266,-0.75734,-0.22032,-0.050404,-10.357,18.906,3.1102,86.35
0.61339,-0.75668,-0.22006,-0.052602,-10.188,18.849,3.1441,86.4
0.61249,-0.75722,-0.22065,-0.052781,-10.027,18.793,3.1772,86.45
0.61151,-0.75789,-0.22109,-0.052685,-9.8761,18.736,3.2101,86.5
0.61174,-0.75748,-0.22147,-0.054423,-9.7346,18.683,3.2432,86.55
0.61096,-0.75824,-0.22055,-0.056102,-9.604,18.63,3.2764,86.6
0.60956,-0.75905,-0.22193,-0.054987,-9.4818,18.581,3.3085,86.65
0.60986,-0.75852,-0.22258,-0.056321,-9.3692,18.531,3.3408,86.7
0.60921,-0.75915,-0.22216,-0.056554,-9.2669,18.483,3.373,86.75
0.60821,-0.75999,-0.22186,-0.057238,-9.1726,18.438,3.4059,86.8
0.60761,-0.76029,-0.22219,-0.058356,-9.0889,18.394,3.4391,86.85
0.60842,-0.75958,-0.22233,-0.058642,-9.016,18.353,3.4711,86.9
0.60701,-0.76083,-0.2219,-0.058707,-8.9528,18.314,3.5035,86.95
0.60589,-0.76108,-0.22405,-0.058732,-8.8983,18.275,3.5357,87
0.60565,-0.76109,-0.22415,-0.060688,-8.8545,18.239,3.5682,87.05
0.60534,-0.76123,-0.22436,-0.061258,-8.8206,18.202,3.5999,87.1
0.60391,-0.76239,-0.2242,-0.061503,-8.7966,18.169,3.6317,87.15
0.60317,-0.76286,-0.22456,-0.061623,-8.7828,18.136,3.6643,87.2
0.60277,-0.76277,-0.22591,-0.061715,-8.7795,18.106,3.6962,87.25
0.60191,-0.7636,-0.22507,-0.062881,-8.7846,18.078,3.7272,87.3
0.60027,-0.76472,-0.22538,-0.063942,-8.8014,18.05,3.7593,87.35
0.60048,-0.76448,-0.22533,-0.06489,-8.8268,18.025,3.7915,87.4
0.60073,-0.7643,-0.22521,-0.065252,-8.8637,18.001,3.8222,87.45
0.59948,-0.76497,-0.22602,-0.065941,-8.9094,17.977,3.8539,87.5
0.59908,-0.76462,-0.22829,-0.065898,-8.9632,17.957,3.8846,87.55
0.59877,-0.76515,-0.22696,-0.067177,-9.0295,17.936,3.9159,87.6
0.59837,-0.76524,-0.2276,-0.067578,-9.1049,17.921,3.9465,87.65
0.59715,-0.7662,-0.22726,-0.068542,-9.1907,17.904,3.977,87.7
0.59622,-0.76664,-0.22809,-0.068945,-9.2868,17.89,4.0079,87.75
0.59727,-0.76575,-0.22782,-0.070721,-9.3918,17.878,4.0376,87.8
0.59673,-0.76623,-0.22756,-0.070825,-9.508,17.866,4.0668,87.85
0.59382,-0.76829,-0.22808,-0.071322,-9.6321,17.858,4.0978,87.9
0.5935,-0.76823,-0.22903,-0.071608,-9.7659,17.85,4.1277,87.95
0.59328,-0.76809,-0.22969,-0.072823,-9.9081,17.844,4.157,88
0.59233,-0.76895,-0.2296,-0.071711,-10.06,17.839,4.1854,88.05
0.59258,-0.76861,-0.22995,-0.072112,-10.223,17.835,4.2148,88.1
0.59294,-0.76812,-0.2303,-0.073355,-10.394,17.835,4.2431,88.15
0.59123,-0.76946,-0.23024,-0.073273,-10.574,17.834,4.2728,88.2
0.59075,-0.76963,-0.23083,-0.073457,-10.764,17.835,4.3021,88.25
0.58992,-0.76961,-0.23239,-0.075448,-10.963,17.84,4.3305,88.3
0.58985,-0.76978,-0.23206,-0.075261,-11.171,17.845,4.3598,88.35
0.58921,-0.77014,-0.23207,-0.076526,-11.386,17.852,4.3884,88.4
0.58934,-0.77022,-0.23168,-0.075877,-11.611,17.859,4.4168,88.45
0.5885,-0.77036,-0.23266,-0.077963,-11.845,17.867,4.4444,88.5
0.58838,-0.77039,-0.23278,-0.078276,-12.088,17.879,4.4717,88.55
0.58638,-0.7721,-0.23185,-0.079123,-12.34,17.89,4.5005,88.6
0.5858,-0.77206,-0.23324,-0.079736,-12.599,17.904,4.528,88.65
0.58558,-0.77199,-0.2334,-0.081535,-12.867,17.92,4.5558,88.7
0.58581,-0.77174,-0.23294,-0.083585,-13.142,17.935,4.5821,88.75
0.58546,-0.7719,-0.23362,-0.082622,-13.424,17.952,4.6091,88.8
0.58436,-0.77276,-0.2333,-0.083301,-13.715,17.97,4.6364,88.85
0.58331,-0.77329,-0.23407,-0.083583,-14.013,17.992,4.6621,88.9
0.58391,-0.77233,-0.23565,-0.083777,-14.319,18.012,4.6897,88.95
0.58289,-0.77322,-0.23521,-0.083965,-14.632,18.035,4.7165,89
0.58276,-0.77299,-0.23608,-0.084523,-14.952,18.059,4.7427,89.05
0.582,-0.77345,-0.23582,-0.086246,-15.281,18.084,4.7695,89.1
0.58246,-0.77318,-0.23571,-0.085904,-15.614,18.112,4.7943,89.15
0.58044,-0.7746,-0.23606,-0.085832,-15.954,18.139,4.8203,89.2
0.57936,-0.77528,-0.23642,-0.085913,-16.3,18.168,4.8457,89.25
0.57932,-0.77525,-0.2361,-0.087328,-16.653,18.198,4.8719,89.3
0.57871,-0.77498,-0.2383,-0.087797,-17.012,18.229,4.8964,89.35
0.57886,-0.7748,-0.23819,-0.088736,-17.377,18.262,4.9201,89.4
0.57894,-0.77465,-0.23819,-0.089522,-17.748,18.296,4.9447,89.45
0.57781,-0.77553,-0.23785,-0.090098,-18.124,18.33,4.969,89.5
0.57762,-0.77535,-0.23869,-0.090635,-18.505,18.365,4.9934,89.55
0.57583,-0.77699,-0.23721,-0.091899,-18.892,18.402,5.0165,89.6
0.5746,-0.77791,-0.23717,-0.09188,-19.284,18.441,5.0393,89.65
0.57515,-0.77742,-0.23738,-0.092032,-19.681,18.479,5.0626,89.7
0.57355,-0.77785,-0.23939,-0.09316,-20.083,18.518,5.0863,89.75
0.57428,-0.77756,-0.23856,-0.093226,-20.489,18.559,5.1093,89.8
0.57252,-0.77868,-0.23868,-0.094425,-20.898,18.6,5.1325,89.85
0.57215,-0.77878,-0.23888,-0.095275,-21.312,18.642,5.1558,89.9
0.57158,-0.77881,-0.23989,-0.095894,-21.729,18.684,5.1773,89.95
0.57085,-0.77877,-0.24153,-0.096531,-22.149,18.727,5.1998,90
