0.61237,0.35355,0.35355,0.61237,60,-65,-1,0
0.61305,0.35276,0.35353,0.61217,60.54,-65.002,-0.89501,0.05
0.61362,0.35211,0.35366,0.6119,60.99,-65.006,-0.7338,0.1
0.61416,0.35252,0.35335,0.61129,61.438,-65.013,-0.62036,0.15
0.6145,0.35349,0.35316,0.61051,61.887,-65.021,-0.46488,0.2
0.6148,0.35106,0.35343,0.61145,62.334,-65.031,-0.27228,0.25
0.61566,0.35145,0.35297,0.61063,62.781,-65.042,-0.21435,0.3
0.61632,0.35013,0.35282,0.61079,63.226,-65.056,-0.16715,0.35
0.61709,0.35074,0.35207,0.6101,63.67,-65.072,-0.16985,0.4
0.61791,0.34882,0.35139,0.61077,64.112,-65.091,-0.15993,0.45
0.6185,0.34792,0.351,0.61091,64.552,-65.113,-0.1074,0.5
0.61892,0.34748,0.35081,0.61084,64.99,-65.136,0.0049829,0.55
0.61941,0.34722,0.3505,0.61067,65.425,-65.161,0.062768,0.6
0.62043,0.34608,0.34984,0.61065,65.858,-65.189,0.082002,0.65
0.62098,0.34515,0.34998,0.61054,66.287,-65.219,0.21233,0.7
0.6215,0.34408,0.34948,0.61091,66.713,-65.252,0.25316,0.75
0.6221,0.34401,0.34916,0.61052,67.137,-65.286,0.31489,0.8
0.62305,0.34231,0.34858,0.61084,67.557,-65.325,0.33033,0.85
0.62344,0.34226,0.34858,0.61047,67.972,-65.362,0.46922,0.9
0.62374,0.34135,0.34835,0.6108,68.384,-65.404,0.52876,0.95
0.62472,0.34071,0.34772,0.61051,68.791,-65.446,0.63597,1
0.62521,0.34023,0.34764,0.61033,69.195,-65.491,0.70205,1.05
0.62579,0.33934,0.34739,0.61037,69.593,-65.539,0.78952,1.1
0.62641,0.33867,0.34714,0.61026,69.987,-65.589,0.86592,1.15
0.62705,0.33805,0.34649,0.6103,70.376,-65.642,0.91826,1.2
0.62768,0.3374,0.3467,0.60991,70.759,-65.695,1.0161,1.25
0.62822,0.33646,0.34645,0.61001,71.137,-65.751,1.0865,1.3
0.62899,0.3355,0.34618,0.6099,71.509,-65.811,1.1603,1.35
0.62925,0.33456,0.34589,0.6103,71.876,-65.871,1.2214,1.4
0.63006,0.33414,0.34551,0.60992,72.236,-65.933,1.3136,1.45
0.63042,0.33338,0.34497,0.61026,72.591,-65.999,1.3726,1.5
0.63118,0.33304,0.34546,0.60938,72.94,-66.062,1.4629,1.55
0.63176,0.33235,0.34457,0.60967,73.283,-66.132,1.5136,1.6
0.63217,0.33177,0.34423,0.60975,73.618,-66.202,1.5878,1.65
0.63306,0.33074,0.34398,0.60953,73.946,-66.275,1.6662,1.7
0.63344,0.32988,0.34418,0.60949,74.266,-66.349,1.7428,1.75
0.63394,0.32962,0.3435,0.60948,74.58,-66.426,1.8123,1.8
0.63466,0.32876,0.34352,0.6092,74.887,-66.501,1.8901,1.85
0.63533,0.32798,0.34326,0.60906,75.186,-66.584,1.9554,1.9
0.63567,0.32764,0.34303,0.60902,75.478,-66.665,2.0196,1.95
0.63634,0.32697,0.34318,0.6086,75.762,-66.745,2.1131,2
0.63635,0.32659,0.34281,0.609,76.038,-66.832,2.1721,2.05
0.63726,0.32601,0.34245,0.60855,76.307,-66.92,2.2245,2.1
0.6377,0.32535,0.34211,0.60864,76.564,-67.008,2.309,2.15
0.6384,0.32434,0.34198,0.60852,76.816,-67.1,2.3607,2.2
0.63901,0.32366,0.34137,0.60858,77.059,-67.192,2.426,2.25
0.63954,0.32285,0.3413,0.6085,77.293,-67.288,2.4832,2.3
0.6402,0.32213,0.34124,0.60821,77.519,-67.384,2.5455,2.35
0.64073,0.32124,0.34098,0.60827,77.734,-67.482,2.6065,2.4
0.64112,0.32068,0.34058,0.60839,77.943,-67.584,2.6516,2.45
0.64155,0.31988,0.34056,0.60837,78.141,-67.683,2.7203,2.5
0.64212,0.31934,0.34033,0.60818,78.33,-67.788,2.775,2.55
0.64311,0.31812,0.34031,0.60778,78.51,-67.895,2.8198,2.6
0.64348,0.31845,0.34,0.60739,78.681,-67.998,2.8878,2.65
0.64396,0.31773,0.33949,0.60754,78.843,-68.105,2.9397,2.7
0.64463,0.31623,0.33941,0.60766,78.994,-68.216,2.9886,2.75
0.64531,0.31591,0.33876,0.60746,79.138,-68.326,3.0376,2.8
0.64587,0.31489,0.33867,0.60746,79.27,-68.438,3.0895,2.85
0.64662,0.31422,0.33821,0.60726,79.394,-68.554,3.1259,2.9
0.64716,0.31372,0.33816,0.60697,79.507,-68.669,3.1746,2.95
0.6474,0.31293,0.33821,0.60709,79.61,-68.786,3.2241,3
0.64782,0.31237,0.33803,0.60703,79.703,-68.906,3.2635,3.05
0.64823,0.31223,0.3375,0.60696,79.787,-69.023,3.313,3.1
0.64846,0.31095,0.33758,0.60733,79.861,-69.146,3.3439,3.15
0.64948,0.31071,0.33735,0.60649,79.923,-69.268,3.3946,3.2
0.64992,0.31032,0.33717,0.60632,79.976,-69.392,3.4349,3.25
0.65053,0.30897,0.33687,0.60653,80.02,-69.518,3.4672,3.3
0.65133,0.30818,0.33666,0.60618,80.053,-69.644,3.5021,3.35
0.65121,0.30808,0.33662,0.60638,80.078,-69.772,3.5301,3.4
0.65209,0.30693,0.33615,0.60628,80.09,-69.899,3.5726,3.45
0.65256,0.30649,0.33582,0.60618,80.093,-70.028,3.6034,3.5
0.65349,0.30605,0.33571,0.60546,80.087,-70.162,3.6248,3.55
0.65313,0.30527,0.33531,0.60646,80.068,-70.292,3.6606,3.6
0.65427,0.30409,0.33549,0.60573,80.041,-70.425,3.6854,3.65
0.65489,0.30382,0.33486,0.60554,80.005,-70.558,3.7092,3.7
0.65533,0.30343,0.33411,0.60568,79.957,-70.695,3.7284,3.75
0.65588,0.30229,0.33348,0.60599,79.9,-70.829,3.7541,3.8
0.65624,0.30187,0.3332,0.60597,79.833,-70.968,3.7709,3.85
0.65705,0.30124,0.3338,0.60507,79.753,-71.106,3.796,3.9
0.65746,0.30032,0.33328,0.60537,79.665,-71.244,3.8147,3.95
0.65793,0.29936,0.33325,0.60536,79.568,-71.384,3.8296,4
0.65861,0.29863,0.33295,0.60514,79.46,-71.524,3.8454,4.05
0.65893,0.29758,0.33195,0.60586,79.343,-71.664,3.8586,4.1
0.65961,0.29697,0.33213,0.60533,79.217,-71.805,3.8713,4.15
0.65988,0.29673,0.33256,0.60491,79.08,-71.95,3.8792,4.2
0.66111,0.29621,0.33152,0.60438,78.934,-72.093,3.888,4.25
0.66132,0.29537,0.33115,0.60477,78.779,-72.237,3.8928,4.3
0.66196,0.2945,0.33104,0.60456,78.613,-72.382,3.9002,4.35
0.66246,0.29392,0.33068,0.60448,78.438,-72.526,3.9075,4.4
0.66314,0.29268,0.33058,0.6044,78.253,-72.671,3.9105,4.45
0.66344,0.29245,0.32972,0.60466,78.061,-72.816,3.9112,4.5
0.66419,0.29176,0.32957,0.60425,77.858,-72.965,3.9109,4.55
0.66462,0.29092,0.3299,0.604,77.647,-73.112,3.9083,4.6
0.66519,0.29011,0.32953,0.60397,77.426,-73.26,3.904,4.65
0.66593,0.28925,0.32957,0.60354,77.199,-73.408,3.8978,4.7
0.66641,0.28825,0.32878,0.60391,76.961,-73.555,3.8938,4.75
0.66697,0.28743,0.32828,0.60396,76.718,-73.707,3.8649,4.8
0.66736,0.28648,0.3284,0.60392,76.463,-73.856,3.8574,4.85
0.66774,0.28604,0.32809,0.60388,76.198,-74.005,3.8509,4.9
0.66854,0.28528,0.32771,0.60356,75.928,-74.154,3.8412,4.95
0.66948,0.28437,0.32749,0.60306,75.648,-74.304,3.8277,5
0.66972,0.28418,0.32688,0.60321,75.361,-74.454,3.8127,5.05
0.67037,0.28326,0.32696,0.60289,75.067,-74.603,3.7953,5.1
0.67056,0.28283,0.32675,0.60299,74.765,-74.753,3.7773,5.15
0.67121,0.28184,0.32614,0.60306,74.456,-74.902,3.7582,5.2
0.67222,0.28086,0.32572,0.60262,74.139,-75.053,3.7388,5.25
0.67242,0.28018,0.32589,0.60262,73.816,-75.202,3.7178,5.3
0.67296,0.27945,0.32556,0.60254,73.485,-75.352,3.6943,5.35
0.67354,0.27891,0.32504,0.60241,73.147,-75.502,3.6705,5.4
0.67397,0.27783,0.32533,0.60228,72.803,-75.655,3.6331,5.45
0.67445,0.2772,0.32478,0.60232,72.452,-75.804,3.606,5.5
0.67531,0.27651,0.32433,0.60191,72.096,-75.952,3.5765,5.55
0.67571,0.27598,0.32433,0.60172,71.733,-76.1,3.5473,5.6
0.67646,0.27502,0.32371,0.60164,71.366,-76.249,3.5136,5.65
0.67683,0.27408,0.3232,0.60194,70.991,-76.398,3.4803,5.7
0.67722,0.27367,0.32329,0.60164,70.611,-76.546,3.4475,5.75
0.67773,0.27328,0.32292,0.60143,70.224,-76.694,3.4153,5.8
0.67831,0.27224,0.32268,0.60138,69.835,-76.842,3.3746,5.85
0.67878,0.27143,0.32256,0.60128,69.437,-76.99,3.3372,5.9
0.67952,0.27081,0.32233,0.60085,69.037,-77.137,3.2963,5.95
0.6801,0.26963,0.32202,0.60089,68.632,-77.282,3.255,6
0.68057,0.26945,0.3218,0.60056,68.224,-77.429,3.2103,6.05
0.68111,0.26876,0.32131,0.60051,67.811,-77.574,3.166,6.1
0.68131,0.26813,0.32113,0.60067,67.394,-77.719,3.1208,6.15
0.68219,0.26735,0.32094,0.60011,66.974,-77.863,3.0742,6.2
0.68256,0.26655,0.32036,0.60036,66.549,-78.006,3.0282,6.25
0.68328,0.26589,0.32045,0.59979,66.122,-78.148,2.978,6.3
0.68372,0.26511,0.32012,0.59981,65.689,-78.292,2.9284,6.35
0.68397,0.26421,0.3198,0.60008,65.255,-78.433,2.8773,6.4
0.68469,0.26356,0.31986,0.59952,64.819,-78.574,2.8252,6.45
0.68513,0.26268,0.31975,0.59946,64.382,-78.714,2.7657,6.5
0.68559,0.26212,0.31906,0.59955,63.942,-78.853,2.7094,6.55
0.68615,0.26161,0.31885,0.59925,63.498,-78.99,2.6555,6.6
0.68634,0.26074,0.31862,0.59953,63.052,-79.126,2.6014,6.65
0.68704,0.26013,0.31814,0.59925,62.605,-79.263,2.5427,6.7
0.68777,0.2592,0.31802,0.59887,62.158,-79.398,2.481,6.75
0.68815,0.25828,0.31773,0.59899,61.708,-79.534,2.4185,6.8
0.68863,0.25787,0.31731,0.59883,61.259,-79.668,2.354,6.85
0.68911,0.25728,0.3172,0.5986,60.809,-79.799,2.2919,6.9
0.6896,0.25652,0.31701,0.59846,60.359,-79.931,2.2269,6.95
0.69009,0.25582,0.31699,0.59821,59.91,-80.06,2.1597,7
0.69093,0.25496,0.31626,0.59799,59.46,-80.189,2.0929,7.05
0.69132,0.25438,0.31611,0.59786,59.01,-80.316,2.0261,7.1
0.69162,0.2537,0.31602,0.59786,58.561,-80.443,1.9565,7.15
0.69234,0.25286,0.31514,0.59784,58.113,-80.568,1.8871,7.2
0.69294,0.25203,0.3151,0.59752,57.663,-80.695,1.8168,7.25
0.69329,0.25147,0.31493,0.59744,57.216,-80.817,1.7456,7.3
0.694,0.25062,0.31461,0.59714,56.772,-80.938,1.6734,7.35
0.69448,0.24955,0.31428,0.59721,56.329,-81.058,1.6,7.4
0.69494,0.24903,0.31382,0.59712,55.888,-81.177,1.5254,7.45
0.69529,0.24858,0.31367,0.59698,55.449,-81.295,1.4507,7.5
0.69579,0.2476,0.31345,0.59692,55.013,-81.41,1.3754,7.55
0.69651,0.24727,0.31324,0.59634,54.579,-81.524,1.2999,7.6
0.6967,0.24619,0.313,0.59668,54.148,-81.638,1.2213,7.65
0.69737,0.24558,0.31251,0.59641,53.714,-81.752,1.1448,7.7
0.69796,0.24494,0.31247,0.59601,53.29,-81.862,1.0653,7.75
0.69845,0.24385,0.31222,0.59601,52.868,-81.97,0.98716,7.8
0.69882,0.24348,0.31171,0.59599,52.451,-82.077,0.90602,7.85
0.69934,0.24263,0.31174,0.59571,52.037,-82.183,0.82573,7.9
0.69992,0.24181,0.31141,0.59554,51.627,-82.286,0.74508,7.95
0.70049,0.24111,0.31111,0.59531,51.221,-82.389,0.66271,8
0.70082,0.24035,0.31082,0.59538,50.82,-82.489,0.58176,8.05
0.7014,0.23982,0.31053,0.59506,50.423,-82.587,0.49926,8.1
0.70163,0.23915,0.31046,0.59509,50.026,-82.687,0.41801,8.15
0.70217,0.23833,0.31007,0.59498,49.639,-82.783,0.33174,8.2
0.70279,0.23771,0.30936,0.59488,49.257,-82.875,0.25046,8.25
0.70313,0.23677,0.30934,0.59486,48.881,-82.968,0.16598,8.3
0.70382,0.2362,0.30903,0.59442,48.511,-83.058,0.080128,8.35
0.704,0.23542,0.309,0.59455,48.146,-83.146,-0.0037046,8.4
0.70429,0.23472,0.30886,0.59455,47.789,-83.233,-0.089744,8.45
0.70534,0.23405,0.30821,0.5939,47.436,-83.317,-0.17478,8.5
0.70579,0.23329,0.30798,0.59379,47.09,-83.399,-0.26025,8.55
0.70618,0.23243,0.30752,0.5939,46.745,-83.484,-0.34628,8.6
0.70666,0.232,0.3072,0.59367,46.412,-83.563,-0.43299,8.65
0.70723,0.23126,0.30687,0.59344,46.086,-83.639,-0.51891,8.7
0.7077,0.23052,0.30685,0.59318,45.767,-83.715,-0.60587,8.75
0.70834,0.22977,0.30616,0.59307,45.456,-83.788,-0.69331,8.8
0.7085,0.22907,0.30628,0.59308,45.152,-83.859,-0.78042,8.85
0.70905,0.22815,0.30609,0.59287,44.856,-83.928,-0.86821,8.9
0.70982,0.22723,0.30562,0.59256,44.568,-83.995,-0.95523,8.95
0.7103,0.22653,0.30516,0.59248,44.287,-84.06,-1.0425,9
0.71057,0.22613,0.30511,0.59234,44.007,-84.127,-1.1293,9.05
0.71118,0.22547,0.30437,0.59224,43.742,-84.188,-1.2159,9.1
0.71159,0.22477,0.30455,0.59191,43.486,-84.247,-1.3033,9.15
0.71212,0.22373,0.30419,0.59187,43.237,-84.305,-1.391,9.2
0.71248,0.22328,0.30364,0.59188,42.997,-84.359,-1.4772,9.25
0.71316,0.22233,0.30377,0.59135,42.767,-84.412,-1.5639,9.3
0.71347,0.2217,0.30318,0.59151,42.544,-84.462,-1.6507,9.35
0.71395,0.2211,0.3029,0.59131,42.331,-84.511,-1.7371,9.4
0.71423,0.22048,0.30264,0.59133,42.127,-84.557,-1.8238,9.45
0.71494,0.21983,0.30228,0.5909,41.924,-84.605,-1.9098,9.5
0.71553,0.21882,0.30223,0.59058,41.737,-84.647,-1.9959,9.55
0.71572,0.21827,0.30186,0.59074,41.56,-84.687,-2.0811,9.6
0.71642,0.21747,0.30149,0.59038,41.391,-84.725,-2.1655,9.65
0.71694,0.21657,0.30115,0.59025,41.233,-84.76,-2.2501,9.7
0.71727,0.21621,0.30077,0.59018,41.085,-84.795,-2.3346,9.75
0.71791,0.21511,0.30067,0.58985,40.946,-84.825,-2.4186,9.8
0.71838,0.21441,0.30037,0.58969,40.818,-84.854,-2.5026,9.85
0.7187,0.21389,0.30021,0.58957,40.698,-84.881,-2.5857,9.9
0.71931,0.21305,0.29974,0.58937,40.579,-84.91,-2.668,9.95
0.71968,0.21256,0.29965,0.58914,40.478,-84.933,-2.7513,10
0.72036,0.21146,0.29901,0.58904,40.388,-84.953,-2.8319,10.05
0.72085,0.2107,0.29875,0.58883,40.307,-84.971,-2.9136,10.1
0.72138,0.21018,0.29822,0.58865,40.237,-84.986,-2.993,10.15
0.72171,0.20927,0.29793,0.58871,40.177,-85.001,-3.0732,10.2
0.72219,0.20868,0.29804,0.58827,40.128,-85.011,-3.152,10.25
0.72239,0.20826,0.29783,0.58829,40.088,-85.02,-3.2312,10.3
0.723,0.20715,0.29753,0.58807,40.058,-85.027,-3.3087,10.35
0.7235,0.20646,0.29711,0.58792,40.028,-85.036,-3.3851,10.4
0.72413,0.20545,0.29663,0.58773,40.017,-85.038,-3.4611,10.45
0.72461,0.20501,0.29648,0.58738,40.017,-85.038,-3.5359,10.5
0.72486,0.20427,0.29606,0.58754,40.026,-85.037,-3.6115,10.55
0.72532,0.20384,0.29583,0.58724,40.047,-85.032,-3.6858,10.6
0.72591,0.20301,0.29545,0.58698,40.078,-85.025,-3.7583,10.65
0.72636,0.20221,0.29514,0.58686,40.12,-85.016,-3.8308,10.7
0.72679,0.20151,0.29491,0.58669,40.171,-85.005,-3.9022,10.75
0.72723,0.20077,0.29464,0.58653,40.232,-84.992,-3.973,10.8
0.72749,0.19998,0.29429,0.58665,40.292,-84.981,-4.0421,10.85
0.72806,0.19914,0.29396,0.58639,40.371,-84.964,-4.1106,10.9
0.72862,0.19857,0.2936,0.58608,40.462,-84.943,-4.1788,10.95
0.72913,0.19776,0.29345,0.58579,40.561,-84.922,-4.2454,11
0.72968,0.19706,0.29305,0.58554,40.672,-84.898,-4.311,11.05
0.73004,0.19641,0.29258,0.58554,40.793,-84.871,-4.3759,11.1
0.73046,0.19571,0.29248,0.5853,40.923,-84.842,-4.4393,11.15
0.73095,0.19496,0.29215,0.58511,41.063,-84.81,-4.5017,11.2
0.73124,0.19429,0.29208,0.585,41.212,-84.777,-4.5632,11.25
0.7318,0.19359,0.29158,0.58479,41.358,-84.748,-4.6238,11.3
0.73234,0.19276,0.29097,0.58468,41.525,-84.712,-4.6836,11.35
0.73283,0.19178,0.29101,0.58438,41.702,-84.672,-4.7412,11.4
0.7333,0.19143,0.29027,0.58427,41.888,-84.63,-4.7985,11.45
0.73365,0.19041,0.29019,0.58421,42.084,-84.586,-4.8538,11.5
0.73387,0.18992,0.29007,0.58414,42.29,-84.54,-4.909,11.55
0.73456,0.18927,0.28971,0.58367,42.504,-84.491,-4.9621,11.6
0.7351,0.18838,0.28926,0.5835,42.727,-84.441,-5.0147,11.65
0.73554,0.18811,0.28895,0.58318,42.959,-84.388,-5.0649,11.7
0.73599,0.18698,0.28881,0.58305,43.184,-84.341,-5.1155,11.75
0.73619,0.18626,0.2883,0.58328,43.431,-84.286,-5.164,11.8
0.73693,0.18556,0.28791,0.58276,43.688,-84.227,-5.2109,11.85
0.73749,0.18458,0.28778,0.58243,43.951,-84.167,-5.2571,11.9
0.73763,0.18404,0.28735,0.58264,44.225,-84.104,-5.3014,11.95
0.73798,0.18343,0.28737,0.58237,44.507,-84.04,-5.3453,12
0.73868,0.18268,0.28683,0.58199,44.797,-83.973,-5.387,12.05
0.73882,0.1824,0.28652,0.58205,45.093,-83.903,-5.4278,12.1
0.73952,0.18109,0.28606,0.58179,45.398,-83.832,-5.4673,12.15
0.73996,0.18052,0.28566,0.58162,45.693,-83.769,-5.5043,12.2
0.7403,0.17958,0.28598,0.58131,46.01,-83.696,-5.5416,12.25
0.74075,0.17897,0.28555,0.58114,46.337,-83.619,-5.5764,12.3
0.74128,0.17806,0.28515,0.58093,46.667,-83.542,-5.6104,12.35
0.74172,0.17758,0.28457,0.5808,47.007,-83.462,-5.6425,12.4
0.74209,0.17672,0.28437,0.58069,47.354,-83.379,-5.6734,12.45
0.74262,0.17595,0.28398,0.58045,47.706,-83.295,-5.7031,12.5
0.74302,0.17532,0.28365,0.58028,48.066,-83.209,-5.7309,12.55
0.74354,0.17467,0.28333,0.57997,48.431,-83.122,-5.7577,12.6
0.74383,0.17376,0.28307,0.58,48.784,-83.043,-5.7828,12.65
0.74421,0.17288,0.28277,0.57992,49.158,-82.954,-5.8064,12.7
0.74476,0.17249,0.28265,0.57939,49.54,-82.86,-5.8284,12.75
0.74528,0.17175,0.28202,0.57925,49.924,-82.767,-5.8489,12.8
0.74551,0.17102,0.28197,0.57918,50.317,-82.671,-5.8684,12.85
0.74607,0.17056,0.28144,0.57886,50.714,-82.573,-5.8856,12.9
0.7464,0.16949,0.28116,0.57889,51.117,-82.473,-5.9025,12.95
0.74693,0.16877,0.28114,0.57842,51.523,-82.372,-5.9178,13
0.74728,0.16816,0.28038,0.57851,51.934,-82.269,-5.9306,13.05
0.74778,0.16766,0.28007,0.57817,52.328,-82.177,-5.9419,13.1
0.74834,0.16647,0.28,0.57782,52.744,-82.073,-5.9528,13.15
0.7487,0.16585,0.27974,0.57766,53.166,-81.965,-5.9617,13.2
0.74909,0.16537,0.27902,0.57764,53.589,-81.858,-5.9684,13.25
0.74964,0.16457,0.27901,0.57715,54.018,-81.747,-5.9736,13.3
0.74983,0.16384,0.27875,0.57724,54.449,-81.635,-5.9783,13.35
0.7501,0.16316,0.27864,0.57714,54.884,-81.521,-5.9805,13.4
0.75067,0.16214,0.27794,0.57702,55.32,-81.406,-5.9827,13.45
0.75129,0.16141,0.27775,0.57652,55.76,-81.29,-5.9821,13.5
0.75149,0.16094,0.27733,0.57659,56.18,-81.186,-5.9799,13.55
0.75195,0.16008,0.27711,0.57633,56.62,-81.07,-5.9762,13.6
0.75231,0.15945,0.27664,0.57626,57.065,-80.949,-5.9712,13.65
0.75274,0.15873,0.27669,0.57587,57.509,-80.83,-5.9651,13.7
0.75311,0.15802,0.27617,0.57584,57.956,-80.707,-5.9575,13.75
0.75383,0.15731,0.27571,0.5753,58.405,-80.583,-5.9477,13.8
0.75418,0.15648,0.27543,0.57521,58.854,-80.458,-5.9369,13.85
0.75452,0.15584,0.27501,0.57514,59.304,-80.33,-5.9237,13.9
0.75487,0.15472,0.27498,0.57499,59.754,-80.203,-5.9096,13.95
0.75539,0.15394,0.27467,0.57466,60.182,-80.092,-5.8947,14
0.75607,0.15371,0.27433,0.57399,60.628,-79.964,-5.8767,14.05
0.75604,0.15253,0.274,0.57451,61.078,-79.832,-5.8584,14.1
0.75666,0.15202,0.27339,0.57412,61.524,-79.704,-5.8388,14.15
0.75698,0.15118,0.27351,0.57386,61.972,-79.571,-5.8174,14.2
0.7574,0.15078,0.27313,0.57359,62.419,-79.437,-5.7943,14.25
0.75775,0.14985,0.2726,0.57363,62.864,-79.3,-5.7695,14.3
0.75817,0.14895,0.27196,0.57362,63.309,-79.165,-5.745,14.35
0.75863,0.14849,0.27198,0.57311,63.752,-79.028,-5.7184,14.4
0.75905,0.14811,0.27136,0.57295,64.168,-78.91,-5.6885,14.45
0.75951,0.14666,0.27109,0.57284,64.603,-78.775,-5.6595,14.5
0.75971,0.14605,0.27112,0.57271,65.039,-78.636,-5.628,14.55
0.76014,0.1452,0.2706,0.57261,65.468,-78.499,-5.5945,14.6
0.76061,0.1448,0.27036,0.5722,65.899,-78.358,-5.5609,14.65
0.76088,0.14426,0.26994,0.57218,66.327,-78.218,-5.525,14.7
0.76144,0.14307,0.26963,0.57187,66.75,-78.075,-5.4872,14.75
0.76203,0.14258,0.26907,0.57147,67.172,-77.933,-5.4494,14.8
0.76228,0.1422,0.26867,0.57143,67.589,-77.79,-5.4085,14.85
0.76268,0.14139,0.26838,0.57123,67.976,-77.667,-5.3668,14.9
0.76297,0.14028,0.26818,0.57121,68.381,-77.527,-5.3249,14.95
0.76343,0.13958,0.26784,0.57092,68.785,-77.382,-5.2814,15
0.76411,0.13881,0.26776,0.57024,69.182,-77.241,-5.2355,15.05
0.76413,0.13808,0.26761,0.57045,69.577,-77.095,-5.1886,15.1
0.76477,0.13739,0.26713,0.56999,69.967,-76.95,-5.1426,15.15
0.76509,0.1367,0.26681,0.56988,70.348,-76.807,-5.0919,15.2
0.76543,0.13565,0.2665,0.56982,70.728,-76.661,-5.0427,15.25
0.76598,0.13557,0.26605,0.56931,71.102,-76.512,-4.9903,15.3
0.76602,0.13449,0.26598,0.56954,71.444,-76.389,-4.9369,15.35
0.76646,0.13337,0.2655,0.56944,71.803,-76.247,-4.8843,15.4
0.76684,0.13312,0.26501,0.56922,72.159,-76.099,-4.8288,15.45
0.76737,0.13237,0.26456,0.56888,72.505,-75.956,-4.7729,15.5
0.76775,0.13168,0.26402,0.56878,72.849,-75.807,-4.7152,15.55
0.76806,0.13104,0.26372,0.56865,73.187,-75.659,-4.657,15.6
0.76849,0.13032,0.26388,0.56816,73.513,-75.515,-4.597,15.65
0.76889,0.12924,0.26354,0.56802,73.837,-75.366,-4.5368,15.7
0.76926,0.1287,0.26339,0.56771,74.152,-75.218,-4.4732,15.75
0.76953,0.128,0.26288,0.56774,74.434,-75.096,-4.4116,15.8
0.77011,0.12704,0.26244,0.56737,74.731,-74.952,-4.3459,15.85
0.7704,0.1262,0.26219,0.56728,75.026,-74.804,-4.2815,15.9
0.77079,0.12616,0.26159,0.56704,75.308,-74.66,-4.2156,15.95
0.77151,0.12467,0.2611,0.56661,75.586,-74.512,-4.1477,16
0.77171,0.12442,0.26108,0.5664,75.857,-74.364,-4.0798,16.05
0.77207,0.12316,0.2607,0.56637,76.114,-74.22,-4.011,16.1
0.77263,0.12275,0.26061,0.56574,76.368,-74.073,-3.9424,16.15
0.77266,0.12164,0.2602,0.56612,76.615,-73.927,-3.8673,16.2
0.77315,0.12164,0.25939,0.56583,76.824,-73.811,-3.7982,16.25
0.77355,0.12101,0.25995,0.56517,77.047,-73.67,-3.7251,16.3
0.77412,0.12036,0.25879,0.56504,77.267,-73.524,-3.6521,16.35
0.7742,0.1197,0.25938,0.5648,77.473,-73.383,-3.5768,16.4
0.77428,0.11833,0.25941,0.56497,77.675,-73.237,-3.5021,16.45
0.77488,0.11738,0.25858,0.56472,77.867,-73.091,-3.4263,16.5
0.77571,0.11761,0.25752,0.56402,78.047,-72.953,-3.3505,16.55
0.77587,0.11572,0.25762,0.56415,78.221,-72.809,-3.2731,16.6
0.77615,0.11548,0.25736,0.56393,78.385,-72.664,-3.1958,16.65
0.77583,0.11566,0.2578,0.56414,78.511,-72.552,-3.1156,16.7
0.77679,0.11447,0.25704,0.5634,78.652,-72.416,-3.0384,16.75
0.77705,0.11363,0.25657,0.56343,78.788,-72.274,-2.9584,16.8
0.7774,0.11223,0.25655,0.56324,78.91,-72.138,-2.8761,16.85
0.77794,0.11142,0.25603,0.56289,79.026,-71.998,-2.7951,16.9
0.778,0.11103,0.25546,0.56315,79.133,-71.858,-2.7146,16.95
0.77891,0.11055,0.25459,0.56238,79.226,-71.725,-2.6306,17
0.77899,0.10979,0.25504,0.56221,79.314,-71.588,-2.5519,17.05
0.77954,0.10854,0.25508,0.56167,79.389,-71.45,-2.4669,17.1
0.77906,0.10796,0.25442,0.56274,79.426,-71.349,-2.3842,17.15
0.78038,0.10698,0.25366,0.56145,79.479,-71.219,-2.3003,17.2
0.78052,0.10657,0.25329,0.56149,79.525,-71.084,-2.215,17.25
0.78088,0.10595,0.25291,0.56129,79.557,-70.956,-2.1309,17.3
0.78126,0.10552,0.25248,0.56103,79.584,-70.824,-2.0464,17.35
0.78121,0.1049,0.2525,0.56121,79.6,-70.692,-1.9608,17.4
0.78188,0.10379,0.25142,0.56097,79.602,-70.567,-1.8737,17.45
0.78244,0.10323,0.25147,0.56026,79.599,-70.438,-1.7901,17.5
0.78253,0.10255,0.25112,0.56041,79.586,-70.309,-1.7035,17.55
0.78292,0.10207,0.25111,0.55996,79.531,-70.216,-1.616,17.6
0.78367,0.10098,0.25045,0.55941,79.492,-70.095,-1.5292,17.65
0.7839,0.10005,0.25007,0.55942,79.449,-69.971,-1.4435,17.7
0.78407,0.099454,0.24984,0.5594,79.39,-69.853,-1.3554,17.75
0.78458,0.098466,0.24962,0.55895,79.324,-69.73,-1.2686,17.8
0.78496,0.097368,0.24915,0.55882,79.25,-69.609,-1.1823,17.85
0.78518,0.097471,0.24881,0.55864,79.163,-69.496,-1.0959,17.9
0.78557,0.096653,0.24863,0.55833,79.068,-69.376,-1.0074,17.95
0.7863,0.095192,0.24808,0.55779,78.963,-69.255,-0.92067,18
0.78638,0.094496,0.24729,0.55815,78.818,-69.174,-0.83376,18.05
0.78663,0.093721,0.24723,0.55795,78.69,-69.064,-0.74422,18.1
0.78722,0.093135,0.24616,0.55769,78.557,-68.953,-0.65931,18.15
0.78741,0.092468,0.24706,0.55713,78.409,-68.846,-0.57229,18.2
0.78777,0.091801,0.2464,0.55702,78.257,-68.735,-0.48459,18.25
0.78803,0.091521,0.24621,0.55679,78.096,-68.627,-0.4001,18.3
0.78857,0.089587,0.24537,0.5567,77.92,-68.525,-0.31315,18.35
0.78912,0.088983,0.245,0.55619,77.739,-68.419,-0.22579,18.4
0.78905,0.088271,0.24457,0.55659,77.55,-68.314,-0.1396,18.45
0.78943,0.088059,0.2445,0.55611,77.318,-68.248,-0.052727,18.5
0.78986,0.08712,0.24405,0.55585,77.106,-68.152,0.03294,18.55
0.79014,0.086799,0.24396,0.55555,76.889,-68.052,0.11742,18.6
0.79056,0.085829,0.2433,0.55538,76.659,-67.96,0.20281,18.65
0.79083,0.084822,0.24322,0.55519,76.424,-67.863,0.28839,18.7
0.79115,0.083932,0.24284,0.55504,76.181,-67.769,0.37274,18.75
0.79164,0.083526,0.24242,0.55458,75.925,-67.681,0.45633,18.8
0.79201,0.082762,0.24205,0.55433,75.666,-67.59,0.53961,18.85
0.79236,0.081992,0.24183,0.55404,75.398,-67.501,0.62256,18.9
0.79216,0.081595,0.24205,0.55428,75.089,-67.449,0.70529,18.95
0.79283,0.080518,0.24109,0.55391,74.8,-67.369,0.78733,19
0.7934,0.079444,0.24042,0.55353,74.508,-67.286,0.86803,19.05
0.7937,0.078617,0.24007,0.55338,74.203,-67.208,0.94857,19.1
0.79413,0.078042,0.24025,0.55276,73.897,-67.128,1.0294,19.15
0.79421,0.077366,0.23977,0.55295,73.583,-67.049,1.1091,19.2
0.79468,0.07637,0.23923,0.55265,73.256,-66.977,1.1887,19.25
0.79511,0.075823,0.23859,0.55238,72.928,-66.902,1.2668,19.3
0.79534,0.074958,0.23839,0.55226,72.593,-66.829,1.344,19.35
0.79556,0.074115,0.23829,0.55209,72.218,-66.794,1.4213,19.4
0.79608,0.073521,0.23767,0.5517,71.864,-66.73,1.4984,19.45
0.79629,0.072754,0.23773,0.55146,71.51,-66.664,1.5728,19.5
0.79659,0.071858,0.23714,0.5514,71.144,-66.604,1.6486,19.55
0.79698,0.071497,0.23646,0.55118,70.777,-66.54,1.7225,19.6
0.7974,0.070526,0.23656,0.55066,70.404,-66.478,1.7952,19.65
0.7975,0.070165,0.23583,0.55087,70.021,-66.423,1.867,19.7
0.79781,0.069173,0.23584,0.55054,69.638,-66.366,1.9394,19.75
0.79836,0.068437,0.23552,0.54997,69.25,-66.311,2.0095,19.8
0.79848,0.067539,0.23518,0.55005,68.821,-66.293,2.0792,19.85
0.79878,0.066857,0.23491,0.54981,68.418,-66.247,2.1481,19.9
0.79927,0.066197,0.23445,0.54938,68.015,-66.198,2.2148,19.95
0.7994,0.065406,0.23435,0.54934,67.603,-66.157,2.2818,20
0.79981,0.064604,0.23367,0.54911,67.191,-66.111,2.3473,20.05
0.80021,0.064343,0.23353,0.54862,66.775,-66.068,2.4123,20.1
0.80049,0.062956,0.2329,0.54864,66.35,-66.033,2.4756,20.15
0.80102,0.06243,0.23282,0.54796,65.927,-65.994,2.539,20.2
0.80122,0.06196,0.23235,0.54792,65.5,-65.956,2.6003,20.25
0.80139,0.060965,0.23195,0.54796,65.036,-65.956,2.6603,20.3
0.80153,0.060724,0.23175,0.54786,64.598,-65.929,2.7191,20.35
0.80198,0.059884,0.23151,0.5474,64.164,-65.899,2.7768,20.4
0.80232,0.059054,0.23117,0.54713,63.719,-65.874,2.8344,20.45
0.80266,0.058449,0.23082,0.54685,63.28,-65.848,2.8896,20.5
0.80302,0.05759,0.23028,0.54664,62.838,-65.824,2.9447,20.55
0.80336,0.056351,0.23008,0.54635,62.39,-65.808,2.9982,20.6
0.80391,0.056024,0.22956,0.5458,61.944,-65.788,3.0503,20.65
0.80391,0.054976,0.22935,0.54599,61.498,-65.77,3.1013,20.7
0.80417,0.05449,0.22899,0.54581,61.015,-65.789,3.1504,20.75
0.80457,0.053691,0.22832,0.54557,60.56,-65.78,3.1999,20.8
0.8049,0.052864,0.22826,0.5452,60.111,-65.769,3.2458,20.85
0.80509,0.052054,0.22816,0.54504,59.655,-65.766,3.2916,20.9
0.80553,0.051105,0.22782,0.54462,59.205,-65.759,3.3365,20.95
0.80586,0.050495,0.22736,0.54437,58.755,-65.755,3.3803,21
0.80617,0.050047,0.22685,0.54417,58.3,-65.757,3.4227,21.05
0.8065,0.048977,0.22652,0.54392,57.851,-65.757,3.4619,21.1
0.80689,0.048397,0.2263,0.54348,57.403,-65.76,3.5013,21.15
0.80693,0.04778,0.2262,0.54352,56.918,-65.797,3.5391,21.2
0.80732,0.047003,0.22556,0.54328,56.466,-65.808,3.5759,21.25
0.80772,0.046447,0.22518,0.54289,56.021,-65.817,3.6104,21.3
0.80801,0.045547,0.22489,0.54265,55.572,-65.833,3.6448,21.35
0.80833,0.04467,0.22456,0.54238,55.13,-65.846,3.6758,21.4
0.80845,0.044049,0.22421,0.54241,54.69,-65.862,3.7067,21.45
0.80877,0.043112,0.22385,0.54215,54.247,-65.885,3.7359,21.5
0.80917,0.042346,0.22347,0.54177,53.813,-65.906,3.763,21.55
0.80938,0.04164,0.22317,0.54163,53.38,-65.928,3.7903,21.6
0.80968,0.041083,0.22285,0.54136,52.913,-65.982,3.8154,21.65
0.80995,0.040306,0.22267,0.54108,52.481,-66.013,3.8388,21.7
0.81027,0.039458,0.22208,0.54091,52.058,-66.042,3.8603,21.75
0.81052,0.038735,0.22195,0.54064,51.633,-66.078,3.8809,21.8
0.81095,0.037936,0.22148,0.54024,51.217,-66.11,3.8997,21.85
0.81135,0.037132,0.22125,0.53979,50.806,-66.147,3.9165,21.9
0.8116,0.036349,0.22083,0.53965,50.392,-66.189,3.9329,21.95
0.8118,0.035817,0.2203,0.5396,49.982,-66.233,3.9476,22
0.81225,0.034972,0.21977,0.53919,49.585,-66.276,3.9601,22.05
0.81218,0.034317,0.21977,0.53934,49.153,-66.348,3.9716,22.1
0.81253,0.033633,0.21966,0.5389,48.758,-66.399,3.9816,22.15
0.81293,0.032701,0.21904,0.5386,48.374,-66.447,3.99,22.2
0.81328,0.031832,0.21862,0.5383,47.99,-66.502,3.9968,22.25
0.81347,0.031497,0.21837,0.53814,47.618,-66.555,4.0011,22.3
0.81388,0.030622,0.21789,0.53776,47.251,-66.609,4.0053,22.35
0.81417,0.029601,0.21756,0.53752,46.884,-66.671,4.0077,22.4
0.81442,0.029044,0.21728,0.53728,46.524,-66.734,4.0084,22.45
0.8147,0.028286,0.21693,0.53704,46.176,-66.796,4.0071,22.5
0.8148,0.027668,0.21663,0.53703,45.794,-66.885,4.0047,22.55
0.81503,0.026811,0.21633,0.53685,45.453,-66.954,4.0008,22.6
0.81539,0.026014,0.21584,0.53655,45.125,-67.022,3.9952,22.65
0.81565,0.025344,0.2154,0.53636,44.797,-67.095,3.9875,22.7
0.81602,0.024323,0.21525,0.5359,44.483,-67.167,3.9792,22.75
0.81632,0.024007,0.21473,0.53566,44.176,-67.24,3.9692,22.8
0.81665,0.022967,0.21469,0.53523,43.87,-67.32,3.9573,22.85
0.81684,0.022271,0.21422,0.53515,43.572,-67.401,3.9439,22.9
0.81718,0.021592,0.21408,0.53472,43.288,-67.481,3.9289,22.95
0.81731,0.020706,0.21342,0.53482,42.972,-67.587,3.9126,23
0.81781,0.019941,0.213,0.53425,42.697,-67.674,3.8946,23.05
0.8179,0.019674,0.21296,0.53414,42.437,-67.759,3.8758,23.1
0.81811,0.018591,0.21219,0.53416,42.179,-67.85,3.8544,23.15
0.8186,0.018016,0.21191,0.53354,41.936,-67.939,3.8321,23.2
0.81889,0.017128,0.21171,0.5332,41.701,-68.03,3.8085,23.25
0.81922,0.016431,0.21117,0.53293,41.469,-68.127,3.7832,23.3
0.81939,0.015552,0.2108,0.53285,41.245,-68.225,3.756,23.35
0.81971,0.014873,0.21052,0.53248,41.037,-68.322,3.7281,23.4
0.81987,0.014343,0.2102,0.53238,40.797,-68.444,3.6984,23.45
0.8201,0.013286,0.21009,0.5321,40.6,-68.548,3.6671,23.5
0.82055,0.012716,0.20948,0.53166,40.419,-68.65,3.6348,23.55
0.8207,0.011725,0.2092,0.53155,40.241,-68.757,3.6011,23.6
0.82099,0.011159,0.20854,0.53138,40.079,-68.862,3.5652,23.65
0.82122,0.01031,0.20838,0.53111,39.926,-68.969,3.529,23.7
0.82152,0.0096034,0.2081,0.53075,39.776,-69.081,3.4908,23.75
0.8217,0.0090381,0.20767,0.53065,39.636,-69.195,3.4514,23.8
0.82206,0.0081817,0.20745,0.53021,39.512,-69.307,3.4102,23.85
0.82224,0.0075218,0.20711,0.53007,39.356,-69.444,3.3682,23.9
0.82248,0.0065574,0.20674,0.52986,39.245,-69.563,3.3243,23.95
0.82283,0.0060269,0.20623,0.52951,39.151,-69.68,3.2797,24
0.82309,0.0051565,0.20599,0.52921,39.059,-69.801,3.2338,24.05
0.82339,0.0045133,0.20567,0.52887,38.984,-69.921,3.1857,24.1
0.82362,0.0038432,0.20535,0.52865,38.919,-70.042,3.1371,24.15
0.82394,0.0030258,0.20491,0.52832,38.858,-70.169,3.0874,24.2
0.82402,0.0023437,0.20477,0.52826,38.806,-70.296,3.0359,24.25
0.82459,0.001576,0.20404,0.52766,38.772,-70.422,2.9838,24.3
0.82443,0.00070848,0.20408,0.52788,38.704,-70.572,2.9301,24.35
0.82486,0.0001837,0.20348,0.52744,38.683,-70.704,2.8753,24.4
0.825,-0.00085577,0.20328,0.5273,38.672,-70.837,2.8189,24.45
0.82534,-0.0014402,0.20287,0.52692,38.671,-70.972,2.7617,24.5
0.82565,-0.0020028,0.20255,0.52657,38.686,-71.104,2.7033,24.55
0.82586,-0.0032219,0.20221,0.52636,38.712,-71.238,2.6443,24.6
0.82611,-0.0038398,0.20182,0.52611,38.741,-71.376,2.5832,24.65
0.82646,-0.0043852,0.20158,0.52565,38.774,-71.519,2.5218,24.7
0.82669,-0.005386,0.20109,0.52546,38.83,-71.656,2.459,24.75
0.82666,-0.0059571,0.20064,0.52567,38.852,-71.818,2.3948,24.8
0.82707,-0.0067146,0.20047,0.52509,38.921,-71.961,2.3302,24.85
0.8273,-0.007708,0.20012,0.52486,39,-72.105,2.264,24.9
0.82753,-0.0081703,0.19965,0.52466,39.088,-72.25,2.1969,24.95
0.82785,-0.0088417,0.1994,0.52424,39.194,-72.392,2.1298,25
0.82812,-0.0097098,0.19897,0.52396,39.309,-72.537,2.061,25.05
0.82834,-0.010549,0.19853,0.52376,39.427,-72.685,1.9907,25.1
0.82854,-0.011216,0.1982,0.52356,39.548,-72.838,1.92,25.15
0.82888,-0.011849,0.19783,0.52315,39.692,-72.984,1.8482,25.2
0.8289,-0.012575,0.19737,0.52327,39.801,-73.155,1.7758,25.25
0.82915,-0.013661,0.19714,0.52293,39.957,-73.307,1.7026,25.3
0.82952,-0.014253,0.19679,0.52247,40.122,-73.46,1.6289,25.35
0.82965,-0.014888,0.19623,0.52244,40.296,-73.613,1.5541,25.4
0.82998,-0.015544,0.19623,0.5219,40.487,-73.764,1.478,25.45
0.83025,-0.016465,0.19589,0.52158,40.687,-73.915,1.4019,25.5
0.83035,-0.017104,0.19553,0.52153,40.888,-74.071,1.3244,25.55
0.83062,-0.017739,0.19505,0.52126,41.092,-74.231,1.2466,25.6
0.83087,-0.018733,0.19474,0.52094,41.318,-74.384,1.1681,25.65
0.83107,-0.019338,0.19432,0.52075,41.508,-74.563,1.0895,25.7
0.83143,-0.020151,0.19394,0.5203,41.744,-74.721,1.0093,25.75
0.83141,-0.020919,0.1935,0.52045,41.989,-74.88,0.92875,25.8
0.83192,-0.02149,0.19305,0.51979,42.242,-75.039,0.84816,25.85
0.83214,-0.022334,0.19297,0.51943,42.51,-75.195,0.76663,25.9
0.83234,-0.02314,0.19255,0.51922,42.786,-75.351,0.68471,25.95
0.83252,-0.024028,0.19227,0.519,43.063,-75.511,0.60192,26
0.83281,-0.024494,0.19165,0.51875,43.341,-75.676,0.51882,26.05
0.833,-0.025291,0.19128,0.51854,43.64,-75.833,0.43561,26.1
0.83317,-0.025869,0.19097,0.51834,43.9,-76.017,0.35126,26.15
0.83344,-0.026966,0.1906,0.518,44.207,-76.179,0.26688,26.2
0.83365,-0.027573,0.19036,0.51771,44.52,-76.342,0.18271,26.25
0.83386,-0.028353,0.18994,0.51749,44.84,-76.503,0.097379,26.3
0.83415,-0.029003,0.18957,0.51713,45.175,-76.663,0.01138,26.35
0.83447,-0.029535,0.18921,0.51671,45.515,-76.82,-0.07319,26.4
0.83473,-0.030726,0.18877,0.51638,45.856,-76.983,-0.15929,26.45
0.83481,-0.031179,0.18854,0.51631,46.196,-77.149,-0.24571,26.5
0.83516,-0.032117,0.18817,0.51582,46.556,-77.307,-0.33179,26.55
0.83519,-0.032686,0.18779,0.51587,46.874,-77.494,-0.41905,26.6
0.8354,-0.033687,0.18759,0.51554,47.238,-77.657,-0.50595,26.65
0.83554,-0.034149,0.18696,0.51551,47.607,-77.82,-0.59313,26.7
0.83569,-0.034879,0.18689,0.51524,47.981,-77.982,-0.6798,26.75
0.8361,-0.035833,0.18646,0.51467,48.369,-78.139,-0.76728,26.8
0.83624,-0.036715,0.18608,0.51451,48.761,-78.297,-0.85507,26.85
0.83651,-0.037115,0.186,0.51409,49.15,-78.458,-0.94164,26.9
0.8368,-0.038411,0.18506,0.51385,49.538,-78.624,-1.0297,26.95
0.83702,-0.038701,0.18487,0.51354,49.943,-78.78,-1.1169,27
0.8373,-0.039369,0.18466,0.5131,50.305,-78.967,-1.2042,27.05
0.83736,-0.04015,0.18428,0.51309,50.711,-79.127,-1.2911,27.1
0.8376,-0.04073,0.18372,0.51285,51.12,-79.287,-1.3783,27.15
0.83793,-0.041724,0.18341,0.51235,51.534,-79.448,-1.4635,27.2
0.83808,-0.042263,0.1833,0.51208,51.958,-79.602,-1.5507,27.25
0.83818,-0.043076,0.18307,0.51195,52.385,-79.756,-1.638,27.3
0.83852,-0.044034,0.18241,0.51154,52.807,-79.913,-1.7241,27.35
0.83859,-0.044531,0.18205,0.5115,53.225,-80.075,-1.8108,27.4
0.83907,-0.045325,0.18167,0.51079,53.659,-80.227,-1.897,27.45
0.83905,-0.046368,0.18138,0.51083,54.048,-80.41,-1.9826,27.5
0.83916,-0.047209,0.18128,0.51061,54.479,-80.566,-2.0684,27.55
0.83952,-0.047393,0.18078,0.51017,54.912,-80.72,-2.153,27.6
0.83965,-0.048532,0.18043,0.50997,55.347,-80.874,-2.2381,27.65
0.83996,-0.049099,0.18029,0.50946,55.79,-81.021,-2.3223,27.7
0.84013,-0.049668,0.17954,0.50938,56.226,-81.173,-2.4067,27.75
0.84045,-0.050483,0.17922,0.5089,56.664,-81.324,-2.4908,27.8
0.84055,-0.051379,0.17912,0.50867,57.095,-81.479,-2.5734,27.85
0.84077,-0.05215,0.1786,0.50842,57.541,-81.624,-2.6563,27.9
0.84091,-0.053104,0.17842,0.50815,57.938,-81.8,-2.7381,27.95
0.84106,-0.053609,0.1777,0.5081,58.376,-81.947,-2.8203,28
0.84122,-0.053969,0.17738,0.50792,58.814,-82.094,-2.899,28.05
0.8416,-0.054901,0.17703,0.50731,59.251,-82.24,-2.9795,28.1
0.84163,-0.055843,0.17693,0.50719,59.695,-82.378,-3.0597,28.15
0.84198,-0.056443,0.17644,0.50671,60.131,-82.52,-3.1402,28.2
0.84215,-0.057041,0.17574,0.5066,60.566,-82.661,-3.2195,28.25
0.84208,-0.057947,0.17556,0.50668,60.993,-82.806,-3.2992,28.3
0.8426,-0.059069,0.17509,0.50585,61.431,-82.939,-3.3765,28.35
0.84273,-0.059276,0.17486,0.50568,61.819,-83.107,-3.4533,28.4
0.84276,-0.060353,0.1743,0.50569,62.247,-83.244,-3.529,28.45
0.84303,-0.060764,0.17392,0.50534,62.672,-83.379,-3.6036,28.5
0.84323,-0.061734,0.17388,0.50489,63.094,-83.512,-3.6783,28.55
0.84329,-0.062593,0.17349,0.50483,63.522,-83.637,-3.7535,28.6
0.84353,-0.063317,0.17333,0.50438,63.939,-83.767,-3.8266,28.65
0.84386,-0.06398,0.17291,0.50389,64.352,-83.896,-3.8963,28.7
0.84405,-0.064816,0.17287,0.50349,64.755,-84.029,-3.967,28.75
0.8443,-0.065635,0.17238,0.50312,65.169,-84.149,-4.0372,28.8
0.84456,-0.066082,0.17171,0.50286,65.53,-84.305,-4.107,28.85
0.84465,-0.067167,0.17123,0.50273,65.928,-84.427,-4.1737,28.9
0.84463,-0.067918,0.17106,0.50271,66.322,-84.548,-4.2401,28.95
0.84518,-0.068347,0.17069,0.50186,66.712,-84.668,-4.3066,29
0.84517,-0.069257,0.16968,0.50209,67.104,-84.778,-4.3709,29.05
0.8453,-0.070056,0.1697,0.50175,67.484,-84.894,-4.4356,29.1
0.84564,-0.070212,0.1698,0.50113,67.859,-85.007,-4.4978,29.15
0.84566,-0.071411,0.16905,0.50117,68.222,-85.126,-4.5612,29.2
0.84589,-0.072347,0.16868,0.50079,68.593,-85.229,-4.6206,29.25
0.84566,-0.073655,0.16901,0.50086,68.911,-85.373,-4.6701,29.3
0.84623,-0.073569,0.16817,0.50021,69.263,-85.479,-4.7283,29.35
0.8464,-0.074307,0.16835,0.49974,69.61,-85.586,-4.7793,29.4
0.84664,-0.074762,0.16781,0.49945,69.95,-85.689,-4.8345,29.45
0.8468,-0.074644,0.16849,0.49898,70.292,-85.783,-4.8883,29.5
0.84697,-0.076395,0.16707,0.49889,70.619,-85.883,-4.9426,29.55
0.84686,-0.077031,0.16703,0.499,70.939,-85.979,-4.9961,29.6
0.84783,-0.078064,0.16583,0.49759,71.247,-86.079,-5.0461,29.65
0.84744,-0.079501,0.16616,0.49792,71.562,-86.164,-5.0958,29.7
0.84724,-0.080021,0.16633,0.49811,71.82,-86.287,-5.1468,29.75
0.84785,-0.080738,0.16448,0.49758,72.113,-86.375,-5.1939,29.8
0.84796,-0.080867,0.16426,0.49744,72.398,-86.46,-5.2411,29.85
0.84845,-0.081889,0.1643,0.49643,72.675,-86.543,-5.2852,29.9
0.84843,-0.082615,0.16355,0.49659,72.954,-86.618,-5.3285,29.95
0.84827,-0.083827,0.16437,0.49638,73.215,-86.696,-5.3724,30
0.84867,-0.084258,0.16266,0.49618,73.468,-86.772,-5.4145,30.05
0.84838,-0.084381,0.16394,0.49624,73.708,-86.852,-5.4527,30.1
0.84873,-0.084935,0.16265,0.49597,73.952,-86.917,-5.491,30.15
0.84914,-0.086065,0.16173,0.49538,74.14,-87.021,-5.5273,30.2
0.8497,-0.086688,0.16073,0.49463,74.361,-87.089,-5.5628,30.25
0.84949,-0.087404,0.16141,0.49464,74.572,-87.154,-5.5972,30.3
0.84955,-0.088523,0.16084,0.49453,74.775,-87.216,-5.6313,30.35
0.84978,-0.089159,0.16085,0.49401,74.976,-87.269,-5.6607,30.4
0.84987,-0.090241,0.15984,0.49399,75.161,-87.326,-5.6893,30.45
0.85001,-0.090513,0.16028,0.49356,75.338,-87.381,-5.7192,30.5
0.85032,-0.091941,0.16052,0.49268,75.496,-87.439,-5.7436,30.55
0.85108,-0.091603,0.15943,0.49178,75.661,-87.481,-5.7708,30.6
0.85057,-0.092947,0.15891,0.49258,75.769,-87.564,-5.7933,30.65
0.85094,-0.09433,0.15867,0.49176,75.908,-87.608,-5.8161,30.7
0.85088,-0.094759,0.15808,0.49198,76.037,-87.651,-5.8388,30.75
0.85115,-0.094968,0.15882,0.49122,76.156,-87.692,-5.8581,30.8
0.85121,-0.096426,0.15812,0.49106,76.272,-87.722,-5.8757,30.85
0.8517,-0.096477,0.1573,0.49046,76.374,-87.757,-5.8915,30.9
0.85204,-0.097321,0.15667,0.48991,76.464,-87.788,-5.9075,30.95
0.85184,-0.098015,0.15687,0.49006,76.537,-87.825,-5.922,31
0.85227,-0.098587,0.15588,0.4895,76.614,-87.845,-5.934,31.05
0.85237,-0.099514,0.15601,0.48911,76.635,-87.904,-5.9429,31.1
0.85235,-0.099899,0.1559,0.4891,76.686,-87.927,-5.9533,31.15
0.85265,-0.10112,0.15507,0.48859,76.725,-87.945,-5.9599,31.2
0.85258,-0.10169,0.15446,0.48879,76.757,-87.962,-5.9664,31.25
0.85294,-0.10275,0.15386,0.48812,76.785,-87.968,-5.9701,31.3
0.85287,-0.10322,0.15414,0.48805,76.796,-87.981,-5.9738,31.35
0.85276,-0.10384,0.15478,0.48791,76.797,-87.989,-5.9742,31.4
0.85308,-0.10435,0.1528,0.48787,76.781,-88.001,-5.9745,31.45
0.8528,-0.10619,0.15235,0.48811,76.77,-87.998,-5.974,31.5
0.85346,-0.10629,0.15213,0.48699,76.702,-88.033,-5.9697,31.55
0.8532,-0.10706,0.15283,0.48707,76.662,-88.03,-5.9653,31.6
0.85375,-0.1081,0.15158,0.48626,76.613,-88.025,-5.9578,31.65
0.85385,-0.10852,0.15108,0.48614,76.554,-88.018,-5.951,31.7
0.85345,-0.10904,0.1514,0.48664,76.492,-88.002,-5.9421,31.75
0.85402,-0.10994,0.151,0.48555,76.413,-87.989,-5.9318,31.8
0.85464,-0.11015,0.15067,0.48452,76.324,-87.974,-5.9172,31.85
0.8545,-0.1119,0.1499,0.4846,76.22,-87.962,-5.9041,31.9
0.85454,-0.11228,0.14969,0.48451,76.118,-87.934,-5.8865,31.95
0.85443,-0.11301,0.14912,0.48471,75.961,-87.945,-5.8715,32
0.85491,-0.11385,0.14843,0.48387,75.833,-87.919,-5.8511,32.05
0.85538,-0.11426,0.14858,0.4829,75.695,-87.89,-5.8324,32.1
0.85553,-0.11507,0.14798,0.48262,75.55,-87.859,-5.8113,32.15
0.85569,-0.11585,0.14665,0.48257,75.4,-87.818,-5.7892,32.2
0.85536,-0.11684,0.14704,0.4828,75.235,-87.783,-5.7656,32.25
0.85601,-0.11735,0.14684,0.48158,75.06,-87.744,-5.7375,32.3
0.8559,-0.11883,0.14629,0.48158,74.869,-87.709,-5.7103,32.35
0.85606,-0.11855,0.14628,0.48136,74.682,-87.658,-5.6823,32.4
0.8563,-0.11895,0.1463,0.48083,74.442,-87.643,-5.6523,32.45
0.85641,-0.11998,0.14526,0.48069,74.23,-87.595,-5.622,32.5
0.85639,-0.12056,0.14421,0.4809,74.009,-87.543,-5.5895,32.55
0.85675,-0.12121,0.14464,0.47996,73.78,-87.488,-5.5536,32.6
0.85658,-0.12265,0.14439,0.47998,73.549,-87.425,-5.5183,32.65
0.85657,-0.12329,0.14377,0.48002,73.303,-87.366,-5.4815,32.7
0.85682,-0.12407,0.14359,0.47943,73.049,-87.304,-5.4427,32.75
0.85722,-0.12391,0.14334,0.47882,72.781,-87.245,-5.4021,32.8
0.85713,-0.12506,0.14326,0.47872,72.517,-87.172,-5.3604,32.85
0.85758,-0.12543,0.14295,0.47791,72.201,-87.133,-5.3174,32.9
0.85747,-0.12656,0.1423,0.478,71.915,-87.061,-5.2746,32.95
0.85826,-0.12822,0.14172,0.4763,71.621,-86.987,-5.2284,33
0.85792,-0.12854,0.14051,0.47719,71.319,-86.911,-5.1824,33.05
0.85789,-0.12891,0.14049,0.47715,71.016,-86.827,-5.135,33.1
0.85776,-0.12956,0.14011,0.47732,70.7,-86.745,-5.0848,33.15
0.85824,-0.13015,0.14053,0.47617,70.376,-86.661,-5.033,33.2
0.85812,-0.13212,0.1397,0.47609,70.04,-86.58,-4.9828,33.25
0.85866,-0.13244,0.13983,0.47499,69.711,-86.487,-4.9309,33.3
0.85872,-0.133,0.13913,0.47492,69.331,-86.425,-4.8772,33.35
0.85844,-0.13472,0.13913,0.47494,68.982,-86.333,-4.8213,33.4
0.85912,-0.13435,0.13843,0.47403,68.625,-86.236,-4.7699,33.45
0.8591,-0.1348,0.138,0.47406,68.263,-86.138,-4.713,33.5
0.85914,-0.13608,0.13737,0.4738,67.902,-86.031,-4.6653,33.55
0.85906,-0.13753,0.13687,0.47367,67.53,-85.93,-4.6069,33.6
0.85952,-0.138,0.1367,0.47275,67.151,-85.825,-4.5458,33.65
0.85951,-0.13888,0.13612,0.47267,66.762,-85.724,-4.4848,33.7
0.85963,-0.13903,0.13623,0.47238,66.378,-85.612,-4.421,33.75
0.85964,-0.1401,0.13549,0.47226,65.948,-85.529,-4.3557,33.8
0.85986,-0.14022,0.13523,0.4719,65.548,-85.417,-4.2903,33.85
0.85986,-0.14123,0.13468,0.47176,65.144,-85.304,-4.2229,33.9
0.86015,-0.14243,0.1348,0.47083,64.736,-85.188,-4.1556,33.95
0.86035,-0.14258,0.13427,0.47057,64.33,-85.066,-4.0872,34
0.86064,-0.14331,0.13416,0.46985,63.914,-84.947,-4.0182,34.05
0.86056,-0.1444,0.13329,0.46992,63.494,-84.827,-3.9492,34.1
0.86072,-0.14488,0.1328,0.46962,63.065,-84.707,-3.8791,34.15
0.86075,-0.14569,0.13257,0.46937,62.645,-84.577,-3.8073,34.2
0.86078,-0.14669,0.13222,0.46909,62.182,-84.477,-3.7346,34.25
0.86075,-0.14726,0.13212,0.46901,61.749,-84.348,-3.6583,34.3
0.86106,-0.14795,0.13152,0.4684,61.313,-84.219,-3.5829,34.35
0.86117,-0.14892,0.13136,0.46793,60.875,-84.088,-3.507,34.4
0.86146,-0.14948,0.13123,0.46725,60.441,-83.95,-3.4319,34.45
0.86145,-0.15042,0.1305,0.46716,59.999,-83.816,-3.3546,34.5
0.86145,-0.15115,0.13019,0.46702,59.556,-83.681,-3.2775,34.55
0.86187,-0.15144,0.12998,0.46622,59.105,-83.547,-3.1967,34.6
0.86167,-0.15268,0.12966,0.46627,58.665,-83.403,-3.1177,34.65
0.86187,-0.15313,0.12944,0.4658,58.184,-83.287,-3.0365,34.7
0.86201,-0.15399,0.12862,0.4655,57.735,-83.145,-2.9556,34.75
0.86201,-0.15459,0.12832,0.46538,57.287,-83.001,-2.8774,34.8
0.86225,-0.15507,0.12797,0.46486,56.838,-82.857,-2.7956,34.85
0.86225,-0.15633,0.12776,0.4645,56.395,-82.707,-2.7136,34.9
0.86248,-0.15683,0.12713,0.46409,55.945,-82.56,-2.632,34.95
0.86269,-0.15758,0.12675,0.46354,55.496,-82.412,-2.5485,35
0.86272,-0.15824,0.12649,0.46334,55.042,-82.267,-2.4659,35.05
0.86277,-0.15931,0.12618,0.46296,54.6,-82.112,-2.3812,35.1
0.86286,-0.15981,0.12578,0.46272,54.122,-81.982,-2.2977,35.15
0.86285,-0.16054,0.12569,0.46251,53.676,-81.829,-2.2118,35.2
0.86305,-0.16125,0.12532,0.46199,53.232,-81.676,-2.1268,35.25
0.86332,-0.16169,0.12483,0.46147,52.789,-81.522,-2.0416,35.3
0.86332,-0.16267,0.12409,0.46131,52.354,-81.364,-1.9562,35.35
0.86346,-0.16376,0.12385,0.46075,51.916,-81.208,-1.8708,35.4
0.86356,-0.16457,0.12351,0.46036,51.479,-81.051,-1.784,35.45
0.8636,-0.1649,0.12328,0.46022,51.04,-80.896,-1.6974,35.5
0.86386,-0.1658,0.1229,0.45951,50.614,-80.735,-1.6107,35.55
0.86383,-0.16647,0.12236,0.45947,50.156,-80.595,-1.5235,35.6
0.86397,-0.16725,0.12195,0.45904,49.73,-80.435,-1.4381,35.65
0.86404,-0.16791,0.12154,0.45877,49.308,-80.275,-1.3504,35.7
0.86405,-0.16866,0.12122,0.45855,48.89,-80.114,-1.2627,35.75
0.8643,-0.16947,0.12068,0.45793,48.481,-79.949,-1.1752,35.8
0.86426,-0.17031,0.12063,0.4577,48.072,-79.788,-1.0874,35.85
0.86436,-0.17094,0.1203,0.45738,47.665,-79.626,-0.99926,35.9
0.86447,-0.17175,0.1197,0.45701,47.259,-79.466,-0.91224,35.95
0.86468,-0.17262,0.11932,0.45639,46.867,-79.3,-0.82462,36
0.86468,-0.17336,0.11905,0.45618,46.446,-79.155,-0.73627,36.05
0.86476,-0.17407,0.11866,0.45587,46.059,-78.991,-0.64849,36.1
0.86495,-0.1747,0.11831,0.45535,45.677,-78.828,-0.56173,36.15
0.86501,-0.17551,0.11765,0.45509,45.301,-78.664,-0.47399,36.2
0.86507,-0.17609,0.11763,0.45477,44.936,-78.497,-0.38651,36.25
0.86516,-0.17684,0.11709,0.45444,44.571,-78.334,-0.30009,36.3
0.86521,-0.17762,0.11704,0.45406,44.212,-78.17,-0.21342,36.35
0.86534,-0.17843,0.11646,0.45363,43.854,-78.009,-0.12726,36.4
0.86537,-0.17938,0.11619,0.45328,43.514,-77.843,-0.041452,36.45
0.86554,-0.17996,0.11583,0.45281,43.146,-77.694,0.044372,36.5
0.86543,-0.18063,0.11565,0.45279,42.813,-77.531,0.12993,36.55
0.86569,-0.18128,0.11525,0.45214,42.486,-77.368,0.2157,36.6
0.86586,-0.1821,0.11463,0.45164,42.167,-77.205,0.30061,36.65
0.8659,-0.18275,0.11439,0.45138,41.86,-77.039,0.38525,36.7
0.86588,-0.18349,0.11413,0.45117,41.556,-76.877,0.46884,36.75
0.86607,-0.18438,0.11354,0.4506,41.258,-76.716,0.55219,36.8
0.866,-0.18507,0.11318,0.45054,40.964,-76.557,0.63573,36.85
0.86627,-0.18566,0.11264,0.44991,40.687,-76.393,0.71827,36.9
0.86622,-0.18649,0.11246,0.44972,40.387,-76.247,0.80014,36.95
0.86637,-0.18731,0.11194,0.4492,40.121,-76.087,0.88172,37
0.86635,-0.18791,0.11155,0.44909,39.863,-75.928,0.96236,37.05
0.86653,-0.18869,0.11136,0.44847,39.614,-75.768,1.0423,37.1
0.86656,-0.18964,0.11104,0.44809,39.378,-75.607,1.1227,37.15
0.86673,-0.19023,0.11055,0.44763,39.146,-75.451,1.2015,37.2
0.86682,-0.19088,0.11026,0.44725,38.922,-75.294,1.2795,37.25
0.8668,-0.19169,0.11001,0.447,38.703,-75.14,1.3574,37.3
0.86696,-0.19241,0.10943,0.44654,38.502,-74.983,1.4344,37.35
0.86688,-0.19319,0.10925,0.44638,38.28,-74.842,1.5099,37.4
0.86718,-0.19394,0.10881,0.44559,38.093,-74.69,1.5854,37.45
0.86707,-0.19468,0.10855,0.44554,37.914,-74.537,1.6604,37.5
0.86725,-0.19524,0.10805,0.44507,37.745,-74.386,1.734,37.55
0.86736,-0.19612,0.10776,0.44453,37.59,-74.234,1.8074,37.6
0.86746,-0.19684,0.10732,0.44413,37.439,-74.085,1.8791,37.65
0.86745,-0.19759,0.1069,0.44391,37.298,-73.937,1.9503,37.7
0.86748,-0.19803,0.10654,0.44376,37.163,-73.792,2.0204,37.75
0.86761,-0.19891,0.10612,0.4432,37.046,-73.644,2.0902,37.8
0.86753,-0.19978,0.10604,0.44299,36.911,-73.513,2.1593,37.85
0.86768,-0.20047,0.10554,0.44251,36.809,-73.37,2.2265,37.9
0.86777,-0.2011,0.10531,0.44208,36.716,-73.228,2.2933,37.95
0.86776,-0.202,0.10463,0.44186,36.634,-73.088,2.3585,38
0.86787,-0.20279,0.10462,0.44128,36.566,-72.946,2.4239,38.05
0.86807,-0.2034,0.10386,0.44079,36.505,-72.809,2.4867,38.1
0.86794,-0.20434,0.10374,0.44064,36.452,-72.673,2.5492,38.15
0.86809,-0.20479,0.10333,0.44024,36.406,-72.54,2.6102,38.2
0.86826,-0.20573,0.1028,0.43959,36.379,-72.405,2.6705,38.25
0.86828,-0.20609,0.10249,0.43944,36.333,-72.286,2.7296,38.3
0.86835,-0.20713,0.10215,0.43889,36.321,-72.156,2.7875,38.35
0.86845,-0.20763,0.10199,0.4385,36.319,-72.028,2.8445,38.4
0.86842,-0.20828,0.10136,0.43839,36.327,-71.901,2.9002,38.45
0.86849,-0.20929,0.10084,0.4379,36.35,-71.774,2.9544,38.5
0.86858,-0.21011,0.10046,0.43742,36.378,-71.651,3.0081,38.55
0.86859,-0.21081,0.10026,0.43711,36.417,-71.53,3.0595,38.6
0.86865,-0.21148,0.099914,0.43674,36.461,-71.411,3.1112,38.65
0.86879,-0.21229,0.099709,0.43612,36.524,-71.292,3.1603,38.7
0.8688,-0.21285,0.099106,0.43595,36.57,-71.187,3.2087,38.75
0.86879,-0.21362,0.098851,0.43566,36.648,-71.073,3.2558,38.8
0.86887,-0.21442,0.09832,0.43523,36.736,-70.961,3.3008,38.85
0.86894,-0.21509,0.098212,0.43477,36.834,-70.85,3.3457,38.9
0.86898,-0.21585,0.097812,0.43441,36.946,-70.739,3.3885,38.95
0.86898,-0.21682,0.097487,0.43399,37.064,-70.633,3.43,39
0.869,-0.21742,0.09682,0.4338,37.191,-70.528,3.4708,39.05
0.86927,-0.2179,0.096263,0.43316,37.324,-70.428,3.5094,39.1
0.8694,-0.2188,0.096288,0.43242,37.475,-70.325,3.5473,39.15
0.86919,-0.21951,0.095802,0.43261,37.609,-70.239,3.5832,39.2
0.86918,-0.22035,0.095553,0.43224,37.775,-70.142,3.618,39.25
0.86948,-0.22119,0.095085,0.43132,37.95,-70.048,3.6518,39.3
0.86934,-0.22181,0.094789,0.43136,38.133,-69.956,3.6834,39.35
0.8695,-0.22236,0.094223,0.43086,38.33,-69.864,3.7141,39.4
0.86951,-0.22314,0.093876,0.43052,38.533,-69.776,3.7432,39.45
0.86966,-0.22381,0.093584,0.42994,38.744,-69.691,3.7709,39.5
0.86954,-0.22477,0.093327,0.42972,38.96,-69.609,3.7968,39.55
0.86975,-0.22556,0.092823,0.429,39.192,-69.526,3.8217,39.6
0.86969,-0.22589,0.092534,0.42901,39.409,-69.459,3.8453,39.65
0.86972,-0.22699,0.092024,0.42848,39.654,-69.383,3.867,39.7
0.86982,-0.22747,0.091625,0.42811,39.909,-69.308,3.887,39.75
0.86979,-0.22855,0.091396,0.42764,40.171,-69.236,3.9065,39.8
0.86988,-0.22904,0.091073,0.42726,40.445,-69.164,3.9237,39.85
0.86999,-0.2296,0.090607,0.42683,40.723,-69.096,3.9391,39.9
0.87006,-0.23048,0.090136,0.42632,41.009,-69.032,3.9536,39.95
0.87,-0.23128,0.089851,0.42606,41.298,-68.971,3.9661,40
0.87015,-0.23168,0.089504,0.42561,41.604,-68.908,3.9778,40.05
0.87007,-0.23261,0.089128,0.42535,41.892,-68.862,3.9873,40.1
0.87016,-0.23334,0.088825,0.42484,42.209,-68.806,3.9956,40.15
0.87021,-0.23396,0.088285,0.42452,42.531,-68.753,4.0027,40.2
0.87019,-0.23488,0.088199,0.42405,42.861,-68.702,4.0074,40.25
0.87031,-0.23553,0.087596,0.42357,43.2,-68.651,4.0111,40.3
0.87023,-0.23646,0.087347,0.42326,43.543,-68.605,4.0128,40.35
0.87035,-0.23708,0.086776,0.42279,43.892,-68.561,4.0141,40.4
0.87059,-0.23776,0.086301,0.42201,44.245,-68.522,4.0134,40.45
0.87049,-0.23851,0.086135,0.42182,44.61,-68.48,4.0106,40.5
0.87034,-0.23956,0.085912,0.42159,44.958,-68.457,4.0069,40.55
0.87041,-0.24002,0.085388,0.42129,45.331,-68.423,4.0011,40.6
0.87058,-0.2404,0.08503,0.42079,45.709,-68.391,3.9941,40.65
0.87038,-0.24146,0.084551,0.42071,46.092,-68.362,3.9852,40.7
0.87066,-0.24214,0.084264,0.41979,46.485,-68.333,3.975,40.75
0.87066,-0.24287,0.083811,0.41946,46.877,-68.308,3.9635,40.8
0.87068,-0.24361,0.083313,0.41908,47.276,-68.287,3.9501,40.85
0.87068,-0.24432,0.083172,0.41869,47.675,-68.27,3.9362,40.9
0.87079,-0.24503,0.082613,0.41816,48.085,-68.249,3.9192,40.95
0.87074,-0.2457,0.082432,0.4179,48.478,-68.247,3.9019,41
0.87074,-0.24652,0.082072,0.41749,48.893,-68.236,3.8818,41.05
0.87085,-0.24712,0.081717,0.41698,49.311,-68.225,3.8616,41.1
0.87078,-0.24798,0.081382,0.41668,49.733,-68.218,3.8397,41.15
0.87079,-0.24884,0.080886,0.41624,50.161,-68.211,3.8161,41.2
0.87093,-0.24925,0.080836,0.41572,50.588,-68.209,3.7916,41.25
0.87096,-0.25012,0.080388,0.41521,51.019,-68.209,3.764,41.3
0.87094,-0.25071,0.079879,0.41499,51.449,-68.214,3.7365,41.35
0.87092,-0.25161,0.079291,0.41461,51.888,-68.216,3.7068,41.4
0.87104,-0.25226,0.078934,0.41403,52.306,-68.236,3.6759,41.45
0.8709,-0.25293,0.078795,0.41394,52.746,-68.246,3.644,41.5
0.8711,-0.25349,0.078307,0.41327,53.187,-68.258,3.6096,41.55
0.87104,-0.25447,0.077706,0.41292,53.629,-68.272,3.5748,41.6
0.871,-0.25494,0.077613,0.41271,54.076,-68.286,3.5383,41.65
0.87118,-0.25577,0.076843,0.41197,54.521,-68.306,3.5003,41.7
0.87127,-0.25657,0.076532,0.41134,54.966,-68.327,3.4608,41.75
0.87111,-0.25727,0.076663,0.41122,55.409,-68.353,3.4203,41.8
0.87117,-0.25805,0.075907,0.41074,55.858,-68.376,3.3785,41.85
0.8711,-0.2589,0.075652,0.4104,56.286,-68.419,3.3352,41.9
0.87101,-0.25974,0.075039,0.41019,56.732,-68.45,3.2902,41.95
0.87121,-0.26005,0.075075,0.40954,57.177,-68.483,3.2446,42
0.87121,-0.26101,0.07447,0.40904,57.622,-68.518,3.1975,42.05
0.87108,-0.26177,0.074203,0.4089,58.069,-68.552,3.1481,42.1
0.87127,-0.26258,0.073373,0.40812,58.512,-68.592,3.0987,42.15
0.8712,-0.26327,0.073259,0.40785,58.953,-68.633,3.0478,42.2
0.87122,-0.26402,0.073022,0.40736,59.391,-68.68,2.9951,42.25
0.87134,-0.26419,0.072423,0.40708,59.832,-68.724,2.942,42.3
0.87123,-0.26526,0.072441,0.40663,60.251,-68.787,2.8871,42.35
0.8713,-0.26597,0.072265,0.40606,60.686,-68.838,2.8301,42.4
0.87131,-0.26658,0.071411,0.40579,61.117,-68.89,2.773,42.45
0.87135,-0.26763,0.07094,0.40508,61.546,-68.945,2.7154,42.5
0.87122,-0.26813,0.070748,0.40506,61.975,-68.999,2.6556,42.55
0.8713,-0.26879,0.070211,0.40454,62.397,-69.058,2.5954,42.6
0.87143,-0.26969,0.069904,0.40372,62.817,-69.119,2.5341,42.65
0.87146,-0.27018,0.069488,0.40341,63.23,-69.185,2.4718,42.7
0.87133,-0.27104,0.06923,0.40315,63.646,-69.246,2.4079,42.75
0.87125,-0.27188,0.068755,0.40285,64.038,-69.329,2.3436,42.8
0.87125,-0.27261,0.068881,0.40232,64.442,-69.398,2.2771,42.85
0.87125,-0.27307,0.068303,0.40212,64.842,-69.468,2.2101,42.9
0.87132,-0.27383,0.067679,0.40155,65.237,-69.541,2.1414,42.95
0.87131,-0.27495,0.067004,0.40091,65.631,-69.612,2.0727,43
0.87133,-0.27548,0.06675,0.40055,66.017,-69.689,2.0024,43.05
0.87132,-0.27575,0.066552,0.40041,66.397,-69.766,1.9327,43.1
0.87116,-0.27692,0.066266,0.40001,66.77,-69.848,1.8607,43.15
0.8714,-0.27753,0.066137,0.39908,67.142,-69.927,1.7893,43.2
0.87144,-0.27804,0.065232,0.39879,67.49,-70.027,1.7158,43.25
0.87124,-0.27901,0.065075,0.39857,67.848,-70.113,1.6415,43.3
0.87124,-0.27991,0.064378,0.39805,68.198,-70.2,1.5671,43.35
0.87119,-0.28052,0.064122,0.39777,68.544,-70.289,1.4914,43.4
0.87133,-0.28125,0.063634,0.39703,68.886,-70.376,1.415,43.45
0.87138,-0.28173,0.063787,0.39654,69.219,-70.469,1.3374,43.5
0.87124,-0.28257,0.063,0.39639,69.544,-70.562,1.2598,43.55
0.87131,-0.28346,0.062962,0.39561,69.86,-70.66,1.1808,43.6
0.87122,-0.28419,0.062355,0.39538,70.174,-70.753,1.1016,43.65
0.87101,-0.28521,0.062118,0.39515,70.462,-70.868,1.0218,43.7
0.87127,-0.28515,0.061619,0.3947,70.758,-70.968,0.94254,43.75
0.87111,-0.28611,0.061365,0.39439,71.047,-71.069,0.86076,43.8
0.87125,-0.28639,0.060931,0.39395,71.329,-71.172,0.7821,43.85
0.87127,-0.28748,0.06044,0.39319,71.605,-71.273,0.70007,43.9
0.8712,-0.28827,0.060322,0.39277,71.87,-71.378,0.61771,43.95
0.87124,-0.28878,0.059914,0.39237,72.127,-71.484,0.53409,44
0.87114,-0.28959,0.059837,0.392,72.373,-71.594,0.45093,44.05
0.87096,-0.29026,0.05921,0.392,72.616,-71.702,0.36568,44.1
0.87126,-0.29116,0.058668,0.39075,72.832,-71.828,0.28196,44.15
0.87119,-0.29186,0.058294,0.39044,73.054,-71.94,0.19741,44.2
0.87112,-0.29234,0.058213,0.39025,73.269,-72.054,0.11211,44.25
0.87102,-0.29331,0.057599,0.38984,73.473,-72.168,0.026122,44.3
0.8711,-0.29341,0.057566,0.3896,73.672,-72.28,-0.05916,44.35
0.87091,-0.29455,0.056835,0.38926,73.86,-72.397,-0.14503,44.4
0.87109,-0.29531,0.056342,0.38836,74.037,-72.515,-0.23158,44.45
0.87106,-0.29608,0.05583,0.3879,74.203,-72.636,-0.31833,44.5
0.87104,-0.29697,0.055345,0.38735,74.364,-72.753,-0.40267,44.55
0.87092,-0.29745,0.05535,0.38724,74.498,-72.89,-0.48996,44.6
0.87092,-0.29815,0.055205,0.38672,74.638,-73.013,-0.57736,44.65
0.87098,-0.29889,0.054548,0.38611,74.768,-73.135,-0.66467,44.7
0.87083,-0.29986,0.053974,0.38577,74.888,-73.258,-0.75188,44.75
0.87066,-0.30038,0.054321,0.38571,75.002,-73.379,-0.83921,44.8
0.87067,-0.30081,0.053846,0.38542,75.102,-73.508,-0.91918,44.85
0.87087,-0.30156,0.053068,0.38448,75.192,-73.637,-1.006,44.9
0.87094,-0.302,0.052384,0.38407,75.267,-73.767,-1.0936,44.95
0.87086,-0.30276,0.052613,0.38363,75.34,-73.893,-1.182,45
0.87073,-0.30338,0.05203,0.38353,75.387,-74.038,-1.2694,45.05
0.87088,-0.30442,0.051621,0.38241,75.436,-74.167,-1.3568,45.1
0.87068,-0.30525,0.051019,0.38228,75.477,-74.296,-1.4447,45.15
0.87098,-0.30517,0.050884,0.38167,75.508,-74.427,-1.5318,45.2
0.87053,-0.30651,0.051051,0.38161,75.531,-74.555,-1.6178,45.25
0.87031,-0.3077,0.050367,0.38124,75.541,-74.686,-1.704,45.3
0.87037,-0.30768,0.050238,0.38113,75.54,-74.817,-1.7908,45.35
0.87045,-0.3088,0.048946,0.38022,75.528,-74.952,-1.8769,45.4
0.87037,-0.30969,0.048804,0.37969,75.512,-75.083,-1.9636,45.45
0.87053,-0.31065,0.049241,0.37849,75.466,-75.231,-2.0491,45.5
0.87038,-0.31099,0.048195,0.37867,75.425,-75.365,-2.1349,45.55
0.87029,-0.31096,0.048234,0.37891,75.374,-75.498,-2.2182,45.6
0.87055,-0.31191,0.048013,0.37756,75.313,-75.633,-2.3047,45.65
0.87031,-0.31263,0.047207,0.37762,75.245,-75.765,-2.3883,45.7
0.87028,-0.31404,0.046993,0.37654,75.164,-75.9,-2.4666,45.75
0.87014,-0.31488,0.046829,0.37619,75.074,-76.037,-2.5508,45.8
0.87005,-0.3156,0.045725,0.37593,74.97,-76.173,-2.6346,45.85
0.87007,-0.31602,0.045466,0.37555,74.862,-76.307,-2.7151,45.9
0.87023,-0.31665,0.045641,0.37463,74.725,-76.456,-2.7969,45.95
0.87018,-0.31694,0.04476,0.37461,74.594,-76.591,-2.8773,46
0.8703,-0.31721,0.04368,0.37422,74.454,-76.727,-2.9584,46.05
0.86977,-0.3184,0.044424,0.37435,74.304,-76.864,-3.04,46.1
0.86982,-0.31934,0.043505,0.37355,74.148,-76.998,-3.1189,46.15
0.86995,-0.31997,0.043292,0.37275,73.977,-77.133,-3.1962,46.2
0.86979,-0.32092,0.04372,0.37225,73.799,-77.271,-3.276,46.25
0.86989,-0.32168,0.042897,0.37146,73.608,-77.408,-3.3528,46.3
0.8699,-0.32114,0.04321,0.37185,73.414,-77.542,-3.4301,46.35
0.86953,-0.32234,0.042245,0.37179,73.193,-77.692,-3.505,46.4
0.86982,-0.32326,0.042928,0.37023,72.977,-77.828,-3.5798,46.45
0.86968,-0.3236,0.04164,0.3704,72.753,-77.963,-3.6562,46.5
0.8696,-0.3248,0.040502,0.36968,72.518,-78.098,-3.7317,46.55
0.86959,-0.32561,0.040379,0.36899,72.279,-78.231,-3.8087,46.6
0.86947,-0.32665,0.0396,0.36845,72.027,-78.365,-3.8797,46.65
0.86966,-0.32667,0.039614,0.36797,71.769,-78.499,-3.9561,46.7
0.86936,-0.32755,0.039036,0.36797,71.499,-78.635,-4.0256,46.75
0.86942,-0.32812,0.039029,0.36732,71.226,-78.767,-4.0948,46.8
0.86912,-0.32925,0.03821,0.36712,70.927,-78.913,-4.1639,46.85
0.86928,-0.32963,0.038204,0.36639,70.635,-79.047,-4.2304,46.9
0.86926,-0.33051,0.037494,0.36572,70.335,-79.181,-4.2965,46.95
0.8692,-0.33086,0.037191,0.36557,70.027,-79.313,-4.3617,47
0.86909,-0.33214,0.037272,0.36466,69.714,-79.443,-4.4258,47.05
0.86902,-0.33282,0.037018,0.36423,69.392,-79.575,-4.4883,47.1
0.86905,-0.33342,0.036022,0.36371,69.062,-79.706,-4.5509,47.15
0.86891,-0.33409,0.035637,0.36346,68.723,-79.839,-4.6124,47.2
0.86898,-0.33487,0.03525,0.36263,68.382,-79.967,-4.6714,47.25
0.86861,-0.33561,0.035271,0.36281,68.017,-80.109,-4.7306,47.3
0.86872,-0.33593,0.034515,0.36234,67.66,-80.239,-4.7865,47.35
0.86876,-0.33667,0.034232,0.36159,67.297,-80.367,-4.8433,47.4
0.8686,-0.33731,0.034378,0.36134,66.927,-80.494,-4.8985,47.45
0.86852,-0.3381,0.033422,0.36088,66.554,-80.619,-4.9544,47.5
0.86848,-0.33861,0.033386,0.3605,66.172,-80.746,-5.006,47.55
0.86864,-0.33925,0.033056,0.35957,65.785,-80.872,-5.0589,47.6
0.86829,-0.34036,0.032684,0.35938,65.391,-80.999,-5.1086,47.65
0.8685,-0.34081,0.031749,0.35854,64.995,-81.121,-5.1571,47.7
0.86799,-0.34173,0.031687,0.3589,64.578,-81.255,-5.2043,47.75
0.86842,-0.34194,0.031083,0.35772,64.17,-81.378,-5.2517,47.8
0.86796,-0.34278,0.031043,0.35803,63.758,-81.501,-5.296,47.85
0.86803,-0.34377,0.03078,0.35693,63.342,-81.621,-5.3416,47.9
0.86804,-0.34437,0.030085,0.35638,62.924,-81.74,-5.3844,47.95
0.8681,-0.34486,0.029553,0.3558,62.498,-81.86,-5.4248,48
0.86779,-0.346,0.029106,0.35549,62.069,-81.978,-5.4651,48.05
0.86777,-0.34651,0.029094,0.35506,61.635,-82.099,-5.5036,48.1
0.86776,-0.34718,0.028434,0.35448,61.201,-82.214,-5.5395,48.15
0.86771,-0.34795,0.028357,0.35385,60.749,-82.34,-5.5757,48.2
0.86749,-0.34886,0.027834,0.35353,60.307,-82.455,-5.6102,48.25
0.86742,-0.34958,0.027472,0.353,59.862,-82.569,-5.642,48.3
0.8675,-0.35001,0.026829,0.35245,59.415,-82.683,-5.6737,48.35
0.86728,-0.3508,0.026484,0.35222,58.968,-82.793,-5.7039,48.4
0.86724,-0.35141,0.026309,0.35172,58.516,-82.903,-5.7322,48.45
0.86709,-0.35223,0.025758,0.35131,58.062,-83.015,-5.7596,48.5
0.86721,-0.35275,0.02552,0.35052,57.606,-83.125,-5.7843,48.55
0.86708,-0.35315,0.025377,0.35044,57.151,-83.232,-5.8059,48.6
0.86698,-0.35399,0.024843,0.34988,56.681,-83.349,-5.8291,48.65
0.86693,-0.35495,0.024518,0.34907,56.222,-83.454,-5.85,48.7
0.86677,-0.35532,0.023854,0.34912,55.763,-83.559,-5.8694,48.75
0.86673,-0.35602,0.023754,0.34851,55.303,-83.663,-5.8878,48.8
0.86664,-0.35687,0.02347,0.34789,54.845,-83.763,-5.905,48.85
0.86654,-0.35755,0.022865,0.34748,54.386,-83.865,-5.9203,48.9
0.86657,-0.35815,0.022588,0.34679,53.925,-83.965,-5.9344,48.95
0.86643,-0.35896,0.022111,0.34635,53.464,-84.066,-5.9465,49
0.86626,-0.35944,0.021771,0.34629,53.007,-84.162,-5.9571,49.05
0.86626,-0.36023,0.021488,0.34551,52.537,-84.267,-5.966,49.1
0.86618,-0.36088,0.021126,0.34504,52.081,-84.362,-5.9735,49.15
0.86607,-0.36193,0.020837,0.34424,51.625,-84.456,-5.9797,49.2
0.86584,-0.36252,0.020193,0.34422,51.172,-84.549,-5.9837,49.25
0.86586,-0.36323,0.019929,0.34345,50.723,-84.64,-5.9866,49.3
0.86578,-0.36389,0.019641,0.34297,50.273,-84.73,-5.9877,49.35
0.86568,-0.36451,0.019119,0.34258,49.826,-84.82,-5.9888,49.4
0.86564,-0.36504,0.018446,0.34216,49.378,-84.909,-5.9865,49.45
0.86556,-0.36597,0.018411,0.34136,48.938,-84.993,-5.9828,49.5
0.86539,-0.36639,0.018035,0.34138,48.487,-85.086,-5.9786,49.55
0.8655,-0.36698,0.017602,0.34049,48.05,-85.169,-5.9714,49.6
0.86509,-0.36803,0.017458,0.34039,47.617,-85.252,-5.9647,49.65
0.86511,-0.36877,0.016948,0.33957,47.188,-85.333,-5.9549,49.7
0.86498,-0.36921,0.016566,0.33944,46.765,-85.412,-5.9448,49.75
0.86471,-0.37024,0.016235,0.33904,46.343,-85.491,-5.9317,49.8
0.86494,-0.37033,0.015908,0.33834,45.926,-85.568,-5.9181,49.85
0.86476,-0.37132,0.015422,0.33775,45.511,-85.645,-5.903,49.9
0.86464,-0.37194,0.014912,0.3374,45.105,-85.717,-5.8876,49.95
0.86463,-0.37251,0.014437,0.33681,44.69,-85.797,-5.8704,50
0.86459,-0.37318,0.014245,0.33619,44.292,-85.868,-5.8498,50.05
0.8644,-0.37409,0.013632,0.33568,43.899,-85.939,-5.8288,50.1
0.86438,-0.37468,0.01337,0.3351,43.511,-86.007,-5.8062,50.15
0.86414,-0.37539,0.012902,0.33493,43.131,-86.073,-5.7813,50.2
0.86409,-0.37605,0.012704,0.33433,42.755,-86.139,-5.7551,50.25
0.86389,-0.37677,0.012269,0.33406,42.385,-86.204,-5.7287,50.3
0.8638,-0.37768,0.012008,0.33327,42.019,-86.267,-5.6995,50.35
0.86371,-0.37802,0.01131,0.33314,41.663,-86.328,-5.6699,50.4
0.86372,-0.37868,0.011056,0.33236,41.301,-86.393,-5.6384,50.45
0.86355,-0.37946,0.010892,0.33192,40.957,-86.452,-5.6051,50.5
0.86342,-0.38007,0.010346,0.33159,40.619,-86.509,-5.5712,50.55
0.86332,-0.38082,0.0098905,0.331,40.289,-86.564,-5.5346,50.6
0.86319,-0.38169,0.0096628,0.33034,39.968,-86.617,-5.4975,50.65
0.86325,-0.38205,0.0092585,0.32978,39.653,-86.671,-5.4593,50.7
0.86294,-0.38282,0.0086242,0.3297,39.344,-86.722,-5.4192,50.75
0.86294,-0.38343,0.0084015,0.32901,39.042,-86.772,-5.3781,50.8
0.86281,-0.38409,0.0081209,0.32859,38.751,-86.819,-5.3351,50.85
0.86272,-0.38477,0.0079229,0.32803,38.455,-86.871,-5.291,50.9
0.8626,-0.38549,0.0072844,0.3275,38.179,-86.916,-5.2461,50.95
0.86253,-0.38618,0.0068714,0.32689,37.911,-86.96,-5.1994,51
0.86226,-0.38703,0.0062895,0.32661,37.651,-87.002,-5.1516,51.05
0.86214,-0.38767,0.0064921,0.32616,37.402,-87.042,-5.1018,51.1
0.86218,-0.38827,0.0056431,0.32536,37.16,-87.081,-5.0522,51.15
0.86205,-0.38868,0.0055011,0.32521,36.926,-87.118,-5,51.2
0.862,-0.38953,0.005093,0.32434,36.7,-87.154,-4.949,51.25
0.86174,-0.39032,0.0044693,0.32408,36.486,-87.188,-4.8948,51.3
0.8617,-0.39086,0.0039551,0.32356,36.268,-87.226,-4.8399,51.35
0.86151,-0.39155,0.0038258,0.32322,36.071,-87.257,-4.7829,51.4
0.86137,-0.39234,0.003379,0.32264,35.883,-87.287,-4.7257,51.45
0.86134,-0.39286,0.0029108,0.32209,35.704,-87.315,-4.6667,51.5
0.86123,-0.39348,0.0027561,0.32164,35.537,-87.341,-4.6073,51.55
0.86119,-0.39392,0.002182,0.3212,35.377,-87.366,-4.5457,51.6
0.86094,-0.39496,0.0021079,0.32061,35.227,-87.39,-4.4833,51.65
0.86074,-0.39578,0.0013914,0.32012,35.085,-87.413,-4.4206,51.7
0.86081,-0.39607,0.0010793,0.31958,34.957,-87.433,-4.3569,51.75
0.86064,-0.39734,0.001046,0.31847,34.826,-87.456,-4.2914,51.8
0.86036,-0.39782,0.00023851,0.31864,34.715,-87.473,-4.2253,51.85
0.86031,-0.39839,0.00020755,0.31805,34.615,-87.489,-4.1575,51.9
0.86021,-0.39888,-0.0003071,0.31769,34.524,-87.504,-4.0898,51.95
0.86011,-0.39964,-0.0010664,0.31702,34.446,-87.515,-4.0199,52
0.86001,-0.40018,-0.00091815,0.31661,34.375,-87.527,-3.9507,52.05
0.85979,-0.40099,-0.0013709,0.31617,34.314,-87.536,-3.8792,52.1
0.85962,-0.40152,-0.0017636,0.31595,34.263,-87.544,-3.8082,52.15
0.85955,-0.40235,-0.0022696,0.31509,34.225,-87.551,-3.7347,52.2
0.85946,-0.40288,-0.0023187,0.31467,34.186,-87.559,-3.6606,52.25
0.8593,-0.4036,-0.0027714,0.31418,34.166,-87.563,-3.5867,52.3
0.85912,-0.40444,-0.0033457,0.31357,34.157,-87.564,-3.5114,52.35
0.85927,-0.40463,-0.0040393,0.31291,34.159,-87.565,-3.4353,52.4
0.85905,-0.4054,-0.0038932,0.31253,34.172,-87.563,-3.3587,52.45
0.85884,-0.40626,-0.0044132,0.31198,34.194,-87.56,-3.2813,52.5
0.85874,-0.40694,-0.0049021,0.31137,34.226,-87.556,-3.2028,52.55
0.85848,-0.40757,-0.0051125,0.31124,34.267,-87.55,-3.124,52.6
0.85841,-0.40826,-0.0054662,0.31052,34.321,-87.542,-3.0445,52.65
0.85824,-0.40882,-0.0058944,0.31026,34.374,-87.537,-2.9645,52.7
0.85814,-0.40945,-0.0061632,0.3097,34.447,-87.526,-2.8844,52.75
0.85781,-0.41051,-0.0067847,0.30919,34.53,-87.514,-2.8026,52.8
0.85779,-0.41121,-0.0070477,0.30832,34.623,-87.5,-2.7207,52.85
0.85767,-0.41171,-0.0079918,0.30796,34.728,-87.485,-2.6386,52.9
0.85756,-0.41244,-0.0080324,0.30729,34.841,-87.468,-2.5558,52.95
0.85753,-0.41267,-0.0083084,0.30705,34.964,-87.45,-2.4724,53
0.85733,-0.41358,-0.0085744,0.30637,35.095,-87.431,-2.3883,53.05
0.85703,-0.41436,-0.0090221,0.30615,35.239,-87.408,-2.3042,53.1
0.85689,-0.41498,-0.009563,0.30568,35.381,-87.389,-2.2177,53.15
0.85694,-0.4154,-0.0099614,0.30496,35.543,-87.365,-2.1321,53.2
0.8566,-0.41646,-0.010209,0.30445,35.714,-87.34,-2.0467,53.25
0.8565,-0.417,-0.010545,0.30397,35.895,-87.312,-1.9609,53.3
0.85634,-0.41761,-0.010714,0.30358,36.087,-87.283,-1.8751,53.35
0.85626,-0.41835,-0.011434,0.30277,36.286,-87.252,-1.7892,53.4
0.85618,-0.41885,-0.011434,0.30232,36.495,-87.22,-1.7027,53.45
0.85584,-0.41975,-0.011951,0.30199,36.711,-87.187,-1.6156,53.5
0.85585,-0.42026,-0.012542,0.30124,36.939,-87.151,-1.5275,53.55
0.85584,-0.42067,-0.012905,0.30068,37.166,-87.119,-1.4416,53.6
0.85545,-0.42161,-0.013421,0.30044,37.41,-87.081,-1.3543,53.65
0.85532,-0.42212,-0.013548,0.30011,37.663,-87.042,-1.267,53.7
0.85523,-0.42285,-0.014203,0.29931,37.924,-87.001,-1.1798,53.75
0.85497,-0.42355,-0.014085,0.29906,38.195,-86.957,-1.092,53.8
0.85487,-0.42415,-0.014767,0.29845,38.473,-86.914,-1.0043,53.85
0.85477,-0.42488,-0.015042,0.29768,38.759,-86.869,-0.91655,53.9
0.85455,-0.42552,-0.015628,0.29739,39.051,-86.823,-0.82882,53.95
0.85434,-0.42635,-0.015864,0.29679,39.355,-86.774,-0.74144,54
0.85437,-0.42656,-0.016111,0.29639,39.655,-86.728,-0.65426,54.05
0.85418,-0.42738,-0.016541,0.29572,39.972,-86.677,-0.56699,54.1
0.85394,-0.42805,-0.016776,0.29541,40.296,-86.624,-0.4794,54.15
0.85376,-0.42889,-0.017175,0.2947,40.627,-86.571,-0.39255,54.2
0.85377,-0.42938,-0.017635,0.29395,40.967,-86.515,-0.30607,54.25
0.85359,-0.42983,-0.018317,0.29374,41.311,-86.458,-0.21866,54.3
0.85338,-0.43063,-0.018537,0.29317,41.663,-86.4,-0.13243,54.35
0.85319,-0.43127,-0.019119,0.29277,42.02,-86.34,-0.046739,54.4
0.85295,-0.43213,-0.019274,0.29216,42.385,-86.28,0.039621,54.45
0.85295,-0.43247,-0.019867,0.29164,42.746,-86.222,0.12494,54.5
0.8528,-0.43315,-0.020085,0.29104,43.122,-86.157,0.20997,54.55
0.85244,-0.43406,-0.020426,0.29072,43.504,-86.092,0.29532,54.6
0.85233,-0.43453,-0.020984,0.29031,43.892,-86.026,0.37894,54.65
0.85231,-0.43509,-0.02149,0.2895,44.286,-85.957,0.46228,54.7
0.85205,-0.43599,-0.021826,0.28887,44.685,-85.888,0.54583,54.75
0.85191,-0.43659,-0.021843,0.28838,45.087,-85.817,0.63126,54.8
0.85165,-0.4374,-0.022433,0.28786,45.492,-85.747,0.71412,54.85
0.85162,-0.43748,-0.022795,0.2878,45.906,-85.673,0.79591,54.9
0.85138,-0.43849,-0.023075,0.28695,46.315,-85.603,0.87785,54.95
0.85116,-0.43921,-0.023368,0.28649,46.734,-85.526,0.95918,55
0.85107,-0.43967,-0.023735,0.28602,47.159,-85.449,1.0392,55.05
0.85088,-0.44039,-0.024203,0.28545,47.587,-85.371,1.119,55.1
0.85073,-0.44101,-0.02471,0.28488,48.019,-85.29,1.1983,55.15
0.8504,-0.44182,-0.024978,0.28459,48.454,-85.21,1.2767,55.2
0.85046,-0.44223,-0.025481,0.28374,48.892,-85.128,1.3541,55.25
0.85026,-0.44273,-0.025683,0.28353,49.331,-85.045,1.4317,55.3
0.85027,-0.44325,-0.026195,0.28265,49.775,-84.959,1.5077,55.35
0.85003,-0.44389,-0.026375,0.28234,50.214,-84.878,1.5836,55.4
0.84974,-0.44487,-0.026826,0.28162,50.661,-84.79,1.6588,55.45
0.84943,-0.44563,-0.027402,0.28132,51.111,-84.702,1.7318,55.5
0.84943,-0.44597,-0.027768,0.28075,51.562,-84.612,1.805,55.55
0.84914,-0.44688,-0.02798,0.28013,52.017,-84.521,1.8777,55.6
0.84894,-0.44761,-0.028462,0.27952,52.47,-84.429,1.9496,55.65
0.84877,-0.44806,-0.029031,0.27925,52.926,-84.336,2.0196,55.7
0.84862,-0.44866,-0.029085,0.27875,53.38,-84.242,2.0896,55.75
0.84839,-0.44947,-0.029505,0.2781,53.838,-84.146,2.1583,55.8
0.84815,-0.45021,-0.029951,0.27759,54.288,-84.054,2.2254,55.85
0.84818,-0.45048,-0.030664,0.27697,54.744,-83.957,2.2922,55.9
0.84798,-0.45123,-0.03065,0.27638,55.201,-83.858,2.3575,55.95
0.84782,-0.45178,-0.031187,0.2759,55.657,-83.757,2.4226,56
0.84749,-0.4526,-0.031547,0.27554,56.114,-83.656,2.4857,56.05
0.8472,-0.45349,-0.032062,0.2749,56.568,-83.554,2.5483,56.1
0.84714,-0.45385,-0.032371,0.27444,57.022,-83.451,2.6099,56.15
0.84695,-0.45467,-0.03266,0.27364,57.474,-83.348,2.6736,56.2
0.84686,-0.45503,-0.033269,0.27328,57.928,-83.241,2.7295,56.25
0.84665,-0.45584,-0.033461,0.27252,58.372,-83.139,2.7872,56.3
0.84625,-0.45664,-0.033925,0.27236,58.819,-83.033,2.8388,56.35
0.84615,-0.45709,-0.033721,0.27196,59.262,-82.924,2.8939,56.4
0.84597,-0.45772,-0.034513,0.27136,59.706,-82.816,2.9481,56.45
0.84591,-0.45829,-0.035142,0.2705,60.146,-82.705,3.0029,56.5
0.84559,-0.45899,-0.03535,0.27028,60.584,-82.595,3.0541,56.55
0.84545,-0.45965,-0.03581,0.26954,61.017,-82.483,3.1056,56.6
0.84528,-0.46015,-0.036032,0.2692,61.447,-82.372,3.1549,56.65
0.84506,-0.46078,-0.036303,0.26877,61.876,-82.257,3.2036,56.7
0.84484,-0.46154,-0.036905,0.26807,62.293,-82.148,3.2498,56.75
0.84457,-0.46222,-0.037119,0.26772,62.713,-82.032,3.2964,56.8
0.84453,-0.46244,-0.037698,0.26739,63.128,-81.917,3.346,56.85
0.84409,-0.4637,-0.037984,0.26654,63.538,-81.8,3.3894,56.9
0.84401,-0.46394,-0.038132,0.26636,63.946,-81.682,3.4313,56.95
0.84385,-0.46472,-0.038681,0.26542,64.349,-81.564,3.472,57
0.84357,-0.46552,-0.039405,0.26481,64.745,-81.445,3.5107,57.05
0.84356,-0.46595,-0.039441,0.2641,65.136,-81.326,3.5486,57.1
0.84334,-0.46649,-0.039844,0.26378,65.523,-81.204,3.5851,57.15
0.84317,-0.46692,-0.040145,0.26352,65.898,-81.088,3.62,57.2
0.84283,-0.46798,-0.04059,0.26264,66.273,-80.967,3.6537,57.25
0.84267,-0.46853,-0.040698,0.26218,66.643,-80.844,3.6853,57.3
0.84239,-0.46914,-0.041109,0.2619,67.006,-80.722,3.719,57.35
0.8425,-0.46937,-0.041828,0.26103,67.363,-80.597,3.7482,57.4
0.84206,-0.47045,-0.042279,0.26044,67.711,-80.474,3.784,57.45
0.8417,-0.47118,-0.04252,0.26023,68.054,-80.35,3.8096,57.5
0.84174,-0.47165,-0.042991,0.25916,68.389,-80.226,3.8351,57.55
0.84137,-0.47248,-0.043309,0.25882,68.72,-80.1,3.8573,57.6
0.84115,-0.47299,-0.043329,0.25859,69.037,-79.978,3.8804,57.65
0.8413,-0.47318,-0.043894,0.25766,69.352,-79.852,3.9002,57.7
0.84109,-0.47373,-0.044646,0.25722,69.661,-79.725,3.9202,57.75
0.84064,-0.47477,-0.044994,0.2567,69.962,-79.597,3.9373,57.8
0.84032,-0.47555,-0.045182,0.25626,70.256,-79.468,3.9532,57.85
0.84016,-0.47614,-0.045229,0.25569,70.54,-79.339,3.9673,57.9
0.8402,-0.47633,-0.045965,0.25507,70.816,-79.211,3.9796,57.95
0.83965,-0.4774,-0.045894,0.25491,71.084,-79.082,3.9911,58
0.83981,-0.47751,-0.046431,0.25408,71.343,-78.953,4.0373,58.05
0.83952,-0.47825,-0.04646,0.25363,71.588,-78.829,4.05,58.1
0.83896,-0.47925,-0.046799,0.25353,71.831,-78.7,4.0567,58.15
0.83896,-0.47963,-0.047577,0.25267,72.065,-78.57,4.0629,58.2
0.83914,-0.47966,-0.04829,0.25186,72.291,-78.44,4.0655,58.25
0.83886,-0.48033,-0.047826,0.25161,72.508,-78.308,4.069,58.3
0.83825,-0.48135,-0.048633,0.25152,72.716,-78.178,4.0693,58.35
0.83828,-0.48199,-0.049108,0.25012,72.913,-78.046,4.0683,58.4
0.83802,-0.48239,-0.049956,0.25006,73.102,-77.917,4.0657,58.45
0.83779,-0.48312,-0.050061,0.2494,73.283,-77.784,4.0616,58.5
0.8374,-0.48421,-0.049957,0.24859,73.448,-77.656,4.0568,58.55
0.83732,-0.48445,-0.050706,0.24826,73.609,-77.525,4.0496,58.6
0.837,-0.48518,-0.050584,0.24792,73.762,-77.393,4.042,58.65
0.83681,-0.48572,-0.051316,0.24737,73.904,-77.262,4.0314,58.7
0.83651,-0.48641,-0.051722,0.24694,74.037,-77.13,4.018,58.75
0.8362,-0.48723,-0.052016,0.24631,74.16,-76.997,4.0063,58.8
0.83618,-0.48764,-0.052897,0.24539,74.273,-76.867,3.9909,58.85
0.83606,-0.48817,-0.052444,0.24485,74.374,-76.737,3.9762,58.9
0.83564,-0.48885,-0.053643,0.24467,74.466,-76.604,3.958,58.95
0.83544,-0.48931,-0.054084,0.2443,74.545,-76.479,3.938,59
0.83525,-0.49014,-0.053702,0.2434,74.618,-76.348,3.9172,59.05
0.83509,-0.49057,-0.053866,0.24301,74.679,-76.216,3.8969,59.1
0.83477,-0.49128,-0.055513,0.24233,74.732,-76.087,3.8721,59.15
0.83416,-0.49274,-0.054907,0.24158,74.775,-75.956,3.8466,59.2
0.83443,-0.492,-0.056274,0.24187,74.807,-75.827,3.8198,59.25
0.83404,-0.49305,-0.055899,0.24113,74.829,-75.698,3.792,59.3
0.83397,-0.49368,-0.056273,0.24,74.841,-75.57,3.763,59.35
0.83349,-0.49467,-0.056773,0.23953,74.843,-75.44,3.7328,59.4
0.8333,-0.49519,-0.057393,0.23897,74.83,-75.317,3.7004,59.45
0.83339,-0.49539,-0.057882,0.23812,74.81,-75.189,3.6675,59.5
0.83287,-0.4964,-0.058039,0.2378,74.783,-75.063,3.6314,59.55
0.83262,-0.49708,-0.057979,0.23729,74.743,-74.935,3.5959,59.6
0.83238,-0.49756,-0.058873,0.23687,74.696,-74.809,3.5561,59.65
0.83216,-0.49821,-0.059181,0.23621,74.64,-74.679,3.4926,59.7
0.83175,-0.49887,-0.059723,0.23614,74.572,-74.552,3.4516,59.75
0.83166,-0.49951,-0.060063,0.235,74.493,-74.426,3.4092,59.8
0.8314,-0.50009,-0.060428,0.23457,74.405,-74.301,3.3651,59.85
0.8312,-0.50036,-0.060529,0.23469,74.302,-74.182,3.3209,59.9
0.83112,-0.50117,-0.061281,0.23307,74.193,-74.061,3.2759,59.95
0.83081,-0.50167,-0.061142,0.23311,74.074,-73.939,3.2286,60
0.8306,-0.50221,-0.062031,0.23245,73.946,-73.819,3.1803,60.05
0.83009,-0.50318,-0.062049,0.23217,73.808,-73.698,3.1298,60.1
0.83013,-0.50359,-0.062135,0.23111,73.66,-73.578,3.0792,60.15
0.82976,-0.50417,-0.062962,0.23097,73.502,-73.46,3.0271,60.2
0.82973,-0.5044,-0.063375,0.23047,73.336,-73.343,2.9518,60.25
0.82949,-0.5051,-0.063921,0.22964,73.16,-73.226,2.8943,60.3
0.82907,-0.5061,-0.064109,0.22892,72.97,-73.114,2.839,60.35
0.82869,-0.5067,-0.064659,0.22878,72.776,-72.999,2.7843,60.4
0.82862,-0.50711,-0.064956,0.22805,72.573,-72.886,2.7264,60.45
0.82843,-0.50756,-0.06543,0.22761,72.361,-72.773,2.6671,60.5
0.82818,-0.50837,-0.065439,0.22671,72.14,-72.661,2.6065,60.55
0.82777,-0.50913,-0.066005,0.22633,71.911,-72.55,2.5447,60.6
0.82761,-0.50942,-0.066389,0.22614,71.672,-72.441,2.4828,60.65
0.82744,-0.51009,-0.066615,0.22518,71.423,-72.334,2.4186,60.7
0.82716,-0.51065,-0.066929,0.22487,71.168,-72.226,2.3542,60.75
0.82679,-0.51138,-0.067365,0.22443,70.9,-72.124,2.2886,60.8
0.82673,-0.5118,-0.067732,0.2236,70.629,-72.02,2.2209,60.85
0.82627,-0.51269,-0.068266,0.22309,70.348,-71.917,2.1492,60.9
0.82591,-0.51349,-0.068369,0.22252,70.06,-71.815,2.081,60.95
0.82582,-0.51387,-0.068928,0.22181,69.765,-71.715,2.0112,61
0.82552,-0.51478,-0.069279,0.22072,69.463,-71.616,1.9406,61.05
0.82527,-0.51505,-0.069452,0.22097,69.152,-71.518,1.8692,61.1
0.825,-0.51563,-0.070291,0.22037,68.833,-71.422,1.7979,61.15
0.82468,-0.51631,-0.070819,0.21981,68.509,-71.327,1.7248,61.2
0.8243,-0.51715,-0.070694,0.21927,68.173,-71.237,1.651,61.25
0.82422,-0.51738,-0.071134,0.21893,67.835,-71.145,1.5754,61.3
0.82407,-0.51797,-0.071421,0.21796,67.49,-71.054,1.5003,61.35
0.8237,-0.51869,-0.071638,0.21761,67.139,-70.965,1.4231,61.4
0.82343,-0.51916,-0.0725,0.2172,66.781,-70.877,1.3466,61.45
0.82326,-0.51966,-0.072871,0.21654,66.418,-70.791,1.2673,61.5
0.82297,-0.52041,-0.072929,0.21579,66.049,-70.706,1.1836,61.55
0.82287,-0.52071,-0.073555,0.21524,65.673,-70.625,1.1045,61.6
0.82243,-0.52162,-0.074094,0.21457,65.292,-70.544,1.0214,61.65
0.82231,-0.52201,-0.074329,0.21398,64.903,-70.469,0.94056,61.7
0.82176,-0.52288,-0.074558,0.21389,64.511,-70.392,0.85985,61.75
0.82139,-0.52371,-0.075136,0.21308,64.115,-70.318,0.7824,61.8
0.82118,-0.52424,-0.075425,0.21246,63.715,-70.244,0.70072,61.85
0.82113,-0.52448,-0.07551,0.21208,63.31,-70.172,0.61785,61.9
0.82097,-0.52497,-0.076059,0.21126,62.901,-70.103,0.53451,61.95
0.82057,-0.52568,-0.076478,0.21089,62.487,-70.034,0.4508,62
0.82012,-0.52657,-0.076808,0.2103,62.069,-69.969,0.36661,62.05
0.8201,-0.52677,-0.07732,0.20968,61.649,-69.905,0.28228,62.1
0.81976,-0.52737,-0.07774,0.20933,61.221,-69.847,0.19676,62.15
0.81947,-0.52807,-0.078013,0.20863,60.794,-69.786,0.11199,62.2
0.8192,-0.52861,-0.078441,0.20814,60.363,-69.728,0.026625,62.25
0.81916,-0.52891,-0.078656,0.20749,59.931,-69.671,-0.059797,62.3
0.8188,-0.52962,-0.079059,0.20695,59.495,-69.617,-0.14568,62.35
0.81832,-0.5306,-0.079262,0.20624,59.058,-69.564,-0.22892,62.4
0.81799,-0.53119,-0.079979,0.20574,58.618,-69.514,-0.3156,62.45
0.81782,-0.53156,-0.080198,0.20536,58.175,-69.466,-0.40283,62.5
0.81759,-0.53209,-0.080467,0.20482,57.732,-69.42,-0.48946,62.55
0.81729,-0.53273,-0.080782,0.20422,57.283,-69.379,-0.57622,62.6
0.81707,-0.53317,-0.081425,0.20371,56.837,-69.338,-0.66391,62.65
0.81676,-0.53385,-0.081842,0.20302,56.39,-69.298,-0.75138,62.7
0.81649,-0.53448,-0.082052,0.20235,55.942,-69.262,-0.83854,62.75
0.81613,-0.53505,-0.082548,0.20209,55.494,-69.226,-0.92639,62.8
0.81601,-0.53544,-0.082933,0.20139,55.045,-69.193,-1.0138,62.85
0.81581,-0.53602,-0.083233,0.20051,54.596,-69.163,-1.1015,62.9
0.81526,-0.53692,-0.083552,0.20021,54.146,-69.135,-1.1898,62.95
0.81507,-0.53727,-0.084144,0.19979,53.698,-69.109,-1.2764,63
0.81487,-0.53776,-0.084297,0.19925,53.246,-69.088,-1.3636,63.05
0.8145,-0.53845,-0.084735,0.19868,52.799,-69.067,-1.4511,63.1
0.81411,-0.53918,-0.085133,0.19815,52.354,-69.048,-1.5385,63.15
0.814,-0.53944,-0.08558,0.19769,51.909,-69.031,-1.6245,63.2
0.8137,-0.54018,-0.085924,0.19675,51.466,-69.017,-1.7121,63.25
0.81319,-0.54105,-0.086277,0.19634,51.024,-69.005,-1.7984,63.3
0.81308,-0.54132,-0.086768,0.19583,50.585,-68.995,-1.8841,63.35
0.81282,-0.54197,-0.086895,0.19502,50.147,-68.989,-1.9706,63.4
0.81239,-0.54271,-0.087162,0.19466,49.712,-68.983,-2.0562,63.45
0.81225,-0.5431,-0.087807,0.19388,49.277,-68.984,-2.1418,63.5
0.81192,-0.54364,-0.088078,0.19362,48.848,-68.983,-2.2263,63.55
0.81176,-0.54414,-0.088551,0.19265,48.421,-68.986,-2.3108,63.6
0.8113,-0.54483,-0.089069,0.19239,47.998,-68.991,-2.3956,63.65
0.811,-0.54541,-0.089259,0.19195,47.578,-68.997,-2.4783,63.7
0.81072,-0.54601,-0.089881,0.19111,47.162,-69.007,-2.5619,63.75
0.81043,-0.54654,-0.090224,0.19066,46.75,-69.019,-2.6449,63.8
0.81009,-0.5472,-0.090332,0.19015,46.341,-69.034,-2.7276,63.85
0.80986,-0.54767,-0.090941,0.1895,45.937,-69.051,-2.8086,63.9
0.80964,-0.54818,-0.091121,0.1889,45.535,-69.072,-2.8907,63.95
0.80922,-0.54902,-0.091438,0.18811,45.141,-69.095,-2.9712,64
0.80905,-0.54934,-0.091788,0.1877,44.752,-69.119,-3.0508,64.05
0.80862,-0.55001,-0.092175,0.18744,44.368,-69.146,-3.1311,64.1
0.80834,-0.55056,-0.092765,0.18672,43.988,-69.176,-3.2095,64.15
0.80799,-0.55115,-0.093029,0.18638,43.615,-69.207,-3.2869,64.2
0.80782,-0.55155,-0.093541,0.18568,43.248,-69.241,-3.365,64.25
0.80754,-0.55209,-0.093825,0.18515,42.885,-69.278,-3.442,64.3
0.80715,-0.55282,-0.094223,0.18444,42.529,-69.318,-3.5174,64.35
0.80688,-0.55337,-0.094557,0.1838,42.177,-69.361,-3.5926,64.4
0.80663,-0.55384,-0.095058,0.18326,41.833,-69.405,-3.6664,64.45
0.80632,-0.5544,-0.095196,0.18286,41.496,-69.452,-3.7404,64.5
0.80587,-0.55513,-0.095522,0.18243,41.166,-69.502,-3.8136,64.55
0.80562,-0.5557,-0.095903,0.18158,40.843,-69.553,-3.8851,64.6
0.8054,-0.55625,-0.096148,0.18075,40.527,-69.607,-3.956,64.65
0.80505,-0.55676,-0.09682,0.1804,40.219,-69.664,-4.0262,64.7
0.8046,-0.55748,-0.097037,0.18004,39.916,-69.723,-4.0951,64.75
0.80458,-0.55765,-0.097615,0.17932,39.623,-69.785,-4.1634,64.8
0.80406,-0.55852,-0.097915,0.17876,39.333,-69.85,-4.2297,64.85
0.80373,-0.55911,-0.098246,0.17824,39.055,-69.917,-4.2963,64.9
0.80369,-0.55937,-0.098502,0.17745,38.784,-69.985,-4.3614,64.95
0.80309,-0.56025,-0.098925,0.17715,38.522,-70.056,-4.4259,65
0.80293,-0.56062,-0.099162,0.17659,38.268,-70.13,-4.4884,65.05
0.80254,-0.56124,-0.099783,0.17602,38.022,-70.206,-4.5508,65.1
0.80235,-0.56162,-0.10045,0.17529,37.785,-70.284,-4.6115,65.15
0.80187,-0.5624,-0.10037,0.17502,37.555,-70.365,-4.6716,65.2
0.80148,-0.56306,-0.10092,0.17435,37.335,-70.448,-4.7297,65.25
0.8013,-0.56353,-0.10109,0.17361,37.122,-70.535,-4.7873,65.3
0.80105,-0.56404,-0.10153,0.17285,36.919,-70.623,-4.8437,65.35
0.80077,-0.5645,-0.10188,0.17245,36.726,-70.713,-4.8983,65.4
0.80038,-0.56515,-0.1023,0.17184,36.542,-70.805,-4.9534,65.45
0.79998,-0.56577,-0.10267,0.17142,36.367,-70.9,-5.0055,65.5
0.79989,-0.5661,-0.10309,0.17054,36.202,-70.996,-5.0566,65.55
0.79934,-0.56691,-0.10342,0.1702,36.046,-71.095,-5.1071,65.6
0.79902,-0.56734,-0.10418,0.16978,35.898,-71.196,-5.1562,65.65
0.79876,-0.56791,-0.10421,0.16913,35.761,-71.3,-5.2042,65.7
0.79856,-0.56838,-0.10451,0.16832,35.63,-71.407,-5.2497,65.75
0.79812,-0.56907,-0.10504,0.16773,35.512,-71.515,-5.2955,65.8
0.79778,-0.56962,-0.10527,0.16733,35.404,-71.624,-5.3387,65.85
0.7974,-0.57018,-0.10587,0.16683,35.306,-71.737,-5.3812,65.9
0.79714,-0.57074,-0.10584,0.16619,35.217,-71.85,-5.4226,65.95
0.79665,-0.57145,-0.1065,0.16567,35.138,-71.966,-5.4621,66
0.79647,-0.57176,-0.10659,0.16542,35.069,-72.085,-5.5007,66.05
0.79615,-0.57239,-0.10707,0.16449,35.01,-72.205,-5.5375,66.1
0.79585,-0.57287,-0.10757,0.16392,34.96,-72.327,-5.5731,66.15
0.79565,-0.57327,-0.10792,0.1633,34.919,-72.452,-5.607,66.2
0.7951,-0.5742,-0.10816,0.16255,34.89,-72.578,-5.6403,66.25
0.79483,-0.57455,-0.10859,0.16232,34.872,-72.706,-5.6712,66.3
0.79457,-0.575,-0.10913,0.16162,34.862,-72.836,-5.7009,66.35
0.79425,-0.57554,-0.10932,0.16113,34.863,-72.967,-5.7296,66.4
0.79383,-0.57618,-0.10987,0.16054,34.874,-73.101,-5.7566,66.45
0.79341,-0.57693,-0.10999,0.15984,34.895,-73.236,-5.7825,66.5
0.79327,-0.57722,-0.11045,0.15921,34.926,-73.372,-5.8065,66.55
0.7929,-0.57776,-0.11091,0.15877,34.967,-73.512,-5.8295,66.6
0.79245,-0.57847,-0.11139,0.15809,35.016,-73.653,-5.8497,66.65
0.79216,-0.579,-0.11166,0.15739,35.077,-73.795,-5.8698,66.7
0.7919,-0.57944,-0.11188,0.15694,35.147,-73.938,-5.8878,66.75
0.79154,-0.57998,-0.11244,0.15635,35.228,-74.084,-5.9042,66.8
0.79126,-0.5805,-0.11246,0.15581,35.319,-74.23,-5.9193,66.85
0.791,-0.58086,-0.1131,0.15534,35.419,-74.378,-5.9327,66.9
0.79054,-0.58159,-0.11332,0.1548,35.528,-74.528,-5.9452,66.95
0.79038,-0.58195,-0.11382,0.15389,35.648,-74.679,-5.9557,67
0.7897,-0.58283,-0.11425,0.1537,35.777,-74.832,-5.9647,67.05
0.7896,-0.58319,-0.11445,0.15276,35.913,-74.987,-5.972,67.1
0.78915,-0.58377,-0.11484,0.15253,36.061,-75.143,-5.9779,67.15
0.7888,-0.5844,-0.11524,0.15165,36.219,-75.299,-5.9826,67.2
0.78838,-0.58497,-0.11571,0.15129,36.385,-75.457,-5.9859,67.25
0.78807,-0.58547,-0.11608,0.15063,36.561,-75.616,-5.987,67.3
0.78776,-0.58596,-0.1164,0.15015,36.746,-75.776,-5.9866,67.35
0.78744,-0.58649,-0.11681,0.14941,36.94,-75.938,-5.9851,67.4
0.7871,-0.58697,-0.11741,0.14884,37.143,-76.1,-5.9818,67.45
0.78674,-0.58755,-0.11738,0.14848,37.355,-76.264,-5.9766,67.5
0.78646,-0.58803,-0.11791,0.14766,37.573,-76.429,-5.9711,67.55
0.78619,-0.58844,-0.11829,0.14716,37.802,-76.595,-5.9632,67.6
0.7858,-0.58907,-0.11846,0.14657,38.04,-76.762,-5.9535,67.65
0.78537,-0.58966,-0.11904,0.14604,38.285,-76.928,-5.9426,67.7
0.78508,-0.59007,-0.11921,0.14579,38.539,-77.097,-5.9303,67.75
0.78476,-0.59061,-0.11975,0.14488,38.801,-77.266,-5.9163,67.8
0.78433,-0.5913,-0.11988,0.14426,39.07,-77.436,-5.9009,67.85
0.78396,-0.5918,-0.12019,0.14398,39.348,-77.606,-5.8839,67.9
0.78384,-0.59209,-0.12061,0.14307,39.634,-77.778,-5.8656,67.95
0.78324,-0.59287,-0.12108,0.14272,39.924,-77.951,-5.8447,68
0.78291,-0.59339,-0.12148,0.1421,40.224,-78.123,-5.8236,68.05
0.78262,-0.59376,-0.12204,0.1416,40.531,-78.296,-5.8013,68.1
0.78229,-0.59429,-0.12233,0.14098,40.846,-78.469,-5.7762,68.15
0.78205,-0.59475,-0.12254,0.14022,41.167,-78.643,-5.7493,68.2
0.78148,-0.59548,-0.12334,0.13958,41.495,-78.817,-5.7222,68.25
0.78129,-0.5958,-0.1233,0.13934,41.83,-78.992,-5.6942,68.3
0.78091,-0.59636,-0.1237,0.13868,42.171,-79.167,-5.6636,68.35
0.78058,-0.59683,-0.12419,0.13808,42.518,-79.342,-5.632,68.4
0.78006,-0.59759,-0.12447,0.13745,42.869,-79.519,-5.5981,68.45
0.77973,-0.59809,-0.12488,0.13679,43.228,-79.695,-5.564,68.5
0.77946,-0.59849,-0.12546,0.13602,43.593,-79.871,-5.5284,68.55
0.77903,-0.59916,-0.12563,0.13543,43.962,-80.046,-5.4912,68.6
0.77867,-0.59963,-0.12604,0.13505,44.338,-80.222,-5.453,68.65
0.77836,-0.60009,-0.12633,0.1345,44.717,-80.398,-5.4127,68.7
0.77798,-0.60061,-0.12684,0.13386,45.103,-80.573,-5.3715,68.75
0.77756,-0.60125,-0.12692,0.13336,45.493,-80.749,-5.3286,68.8
0.77736,-0.60157,-0.12742,0.13263,45.888,-80.924,-5.2845,68.85
0.77681,-0.60232,-0.12775,0.13213,46.284,-81.101,-5.2364,68.9
0.77644,-0.60289,-0.12807,0.13142,46.687,-81.276,-5.1889,68.95
0.77634,-0.60304,-0.12821,0.13117,47.094,-81.451,-5.1413,69
0.77576,-0.60386,-0.1288,0.13021,47.505,-81.625,-5.0918,69.05
0.77552,-0.60423,-0.12905,0.12969,47.918,-81.799,-5.0415,69.1
0.77491,-0.6049,-0.12988,0.12942,48.336,-81.972,-4.9905,69.15
0.77465,-0.60536,-0.1298,0.12887,48.756,-82.145,-4.9375,69.2
0.77431,-0.60589,-0.13019,0.12806,49.179,-82.317,-4.8825,69.25
0.77389,-0.6065,-0.13046,0.1274,49.604,-82.489,-4.8276,69.3
0.7736,-0.60684,-0.13124,0.12673,50.03,-82.662,-4.7711,69.35
0.77319,-0.60737,-0.13147,0.12647,50.459,-82.833,-4.7134,69.4
0.77284,-0.6079,-0.13182,0.12569,50.891,-83.002,-4.6551,69.45
0.77261,-0.60826,-0.1319,0.12528,51.325,-83.171,-4.5953,69.5
0.77223,-0.60873,-0.13262,0.12456,51.761,-83.339,-4.5332,69.55
0.77181,-0.6093,-0.13296,0.12408,52.196,-83.507,-4.4715,69.6
0.77118,-0.61006,-0.13359,0.12351,52.634,-83.672,-4.4082,69.65
0.77115,-0.61024,-0.13365,0.1228,53.072,-83.838,-4.3437,69.7
0.77059,-0.61093,-0.13401,0.12246,53.511,-84.002,-4.2788,69.75
0.77024,-0.61155,-0.13409,0.12152,53.948,-84.167,-4.2128,69.8
0.76986,-0.61195,-0.13483,0.12107,54.387,-84.329,-4.1452,69.85
0.76933,-0.61263,-0.13522,0.12056,54.826,-84.491,-4.0727,69.9
0.76885,-0.61332,-0.13535,0.11996,55.265,-84.651,-4.0026,69.95
0.76895,-0.61327,-0.13553,0.11938,55.703,-84.809,-3.9324,70
0.7684,-0.61394,-0.13614,0.11876,56.141,-84.966,-3.8636,70.05
0.76798,-0.61444,-0.13668,0.11824,56.578,-85.121,-3.7914,70.1
0.76752,-0.61514,-0.13685,0.11743,57.013,-85.276,-3.7216,70.15
0.76716,-0.61548,-0.13734,0.11741,57.447,-85.429,-3.6478,70.2
0.76667,-0.61608,-0.13783,0.11686,57.877,-85.582,-3.574,70.25
0.76651,-0.61654,-0.13776,0.11562,58.307,-85.733,-3.4986,70.3
0.76597,-0.61709,-0.13869,0.11513,58.736,-85.882,-3.422,70.35
0.76587,-0.61737,-0.13833,0.11477,59.162,-86.028,-3.3454,70.4
0.76542,-0.61793,-0.13909,0.1138,59.587,-86.173,-3.2677,70.45
0.76514,-0.61825,-0.13953,0.11344,60.009,-86.316,-3.1944,70.5
0.76484,-0.61883,-0.13935,0.1125,60.427,-86.457,-3.1151,70.55
0.76386,-0.61985,-0.14032,0.11231,60.841,-86.598,-3.0323,70.6
0.76366,-0.62012,-0.14076,0.11163,61.252,-86.736,-2.952,70.65
0.76332,-0.62056,-0.14082,0.11144,61.658,-86.875,-2.8721,70.7
0.76298,-0.62087,-0.14162,0.11098,62.062,-87.01,-2.7905,70.75
0.76256,-0.62151,-0.14185,0.11006,62.461,-87.142,-2.707,70.8
0.76241,-0.62172,-0.14189,0.10982,62.857,-87.273,-2.6258,70.85
0.76168,-0.62276,-0.14208,0.10874,63.248,-87.402,-2.5424,70.9
0.76154,-0.62294,-0.14257,0.10804,63.634,-87.529,-2.4592,70.95
0.76119,-0.62341,-0.14293,0.1073,64.016,-87.653,-2.3751,71
0.76086,-0.6238,-0.14327,0.10697,64.393,-87.776,-2.2913,71.05
0.76031,-0.62446,-0.14356,0.10657,64.764,-87.897,-2.2072,71.1
0.75971,-0.62531,-0.14381,0.10561,65.127,-88.017,-2.1194,71.15
0.75939,-0.62558,-0.14462,0.10515,65.488,-88.134,-2.0336,71.2
0.75911,-0.6259,-0.14523,0.10443,65.842,-88.248,-1.9309,71.25
0.75894,-0.62645,-0.14431,0.10361,66.191,-88.362,-1.8322,71.3
0.75858,-0.62686,-0.14471,0.10322,66.532,-88.474,-1.743,71.35
0.75829,-0.62711,-0.14533,0.10299,66.866,-88.579,-1.6534,71.4
0.75767,-0.62764,-0.14675,0.10236,67.197,-88.684,-1.5675,71.45
0.75719,-0.62838,-0.14681,0.10124,67.52,-88.786,-1.4809,71.5
0.75673,-0.6289,-0.1472,0.10087,67.837,-88.885,-1.3948,71.55
0.75632,-0.6292,-0.14784,0.10116,68.144,-88.985,-1.3065,71.6
0.75615,-0.62956,-0.14778,0.10026,68.447,-89.079,-1.219,71.65
0.75587,-0.63015,-0.14749,0.099088,68.741,-89.172,-1.13,71.7
0.75523,-0.63071,-0.14835,0.099119,69.03,-89.263,-1.0436,71.75
0.75472,-0.6315,-0.148,0.098469,69.31,-89.35,-0.95586,71.8
0.7545,-0.63156,-0.14896,0.09837,69.583,-89.434,-0.86738,71.85
0.75388,-0.63237,-0.14944,0.097159,69.847,-89.515,-0.77978,71.9
0.7536,-0.63254,-0.15002,0.097353,70.103,-89.594,-0.69362,71.95
0.75291,-0.63356,-0.14981,0.096404,70.352,-89.671,-0.60494,72
0.75246,-0.63411,-0.15031,0.095485,70.59,-89.747,-0.5177,72.05
0.75224,-0.63436,-0.15113,0.09427,70.822,-89.819,-0.43106,72.1
0.75168,-0.63492,-0.15109,0.095023,71.045,-89.887,-0.34259,72.15
0.75142,-0.63527,-0.152,0.093236,71.26,-89.952,-0.25659,72.2
0.75107,-0.63577,-0.15187,0.092924,71.466,-90.016,-0.16937,72.25
0.75065,-0.63625,-0.15224,0.092407,71.662,-90.075,-0.084222,72.3
0.75018,-0.63652,-0.15346,0.092341,71.85,-90.132,0.0002705,72.35
0.74961,-0.63744,-0.15323,0.090983,72.029,-90.186,0.088308,72.4
0.74969,-0.6372,-0.15349,0.091513,72.2,-90.24,0.17414,72.45
0.74905,-0.63798,-0.15434,0.08994,72.359,-90.289,0.2586,72.5
0.74876,-0.63851,-0.15388,0.089335,72.511,-90.335,0.34421,72.55
0.74813,-0.63939,-0.15406,0.088066,72.653,-90.378,0.42761,72.6
0.74785,-0.63968,-0.15437,0.087752,72.786,-90.419,0.51151,72.65
0.74714,-0.64039,-0.15513,0.08727,72.908,-90.457,0.59714,72.7
0.74689,-0.6408,-0.15479,0.087021,73.022,-90.491,0.67889,72.75
0.74656,-0.641,-0.15547,0.087198,73.125,-90.522,0.76261,72.8
0.74647,-0.64113,-0.15591,0.086243,73.219,-90.55,0.84416,72.85
0.74558,-0.64201,-0.15702,0.085335,73.303,-90.577,0.92444,72.9
0.74521,-0.64263,-0.15684,0.084217,73.378,-90.601,1.0037,72.95
0.74494,-0.64299,-0.15665,0.084148,73.443,-90.621,1.0851,73
0.74465,-0.64334,-0.15734,0.082724,73.497,-90.636,1.1654,73.05
0.74432,-0.64375,-0.15733,0.082583,73.543,-90.65,1.2437,73.1
0.74349,-0.64461,-0.15788,0.082272,73.578,-90.66,1.3229,73.15
0.74297,-0.6451,-0.15877,0.081448,73.605,-90.669,1.4002,73.2
0.74256,-0.64545,-0.15935,0.081317,73.62,-90.674,1.477,73.25
0.74243,-0.64571,-0.15905,0.080954,73.624,-90.675,1.5541,73.3
0.74172,-0.64631,-0.16035,0.080173,73.621,-90.674,1.6288,73.35
0.7415,-0.64681,-0.15984,0.07914,73.605,-90.672,1.7047,73.4
0.74143,-0.64692,-0.16016,0.078293,73.581,-90.665,1.7785,73.45
0.74041,-0.64804,-0.1607,0.077591,73.547,-90.655,1.8523,73.5
0.74,-0.64823,-0.16159,0.078013,73.503,-90.642,1.9235,73.55
0.73974,-0.64861,-0.16156,0.077392,73.449,-90.625,1.9946,73.6
0.739,-0.64958,-0.16174,0.075907,73.385,-90.606,2.0662,73.65
0.73874,-0.64961,-0.16281,0.075956,73.312,-90.584,2.1348,73.7
0.73859,-0.64983,-0.16259,0.076023,73.229,-90.559,2.2028,73.75
0.73793,-0.65076,-0.16218,0.07531,73.136,-90.532,2.2711,73.8
0.7375,-0.65122,-0.16297,0.073799,73.031,-90.501,2.3363,73.85
0.73723,-0.6516,-0.16321,0.072604,72.921,-90.469,2.4027,73.9
0.73669,-0.65215,-0.16371,0.072009,72.797,-90.432,2.4672,73.95
0.73652,-0.65211,-0.1643,0.072797,72.667,-90.393,2.5332,74
0.73647,-0.65224,-0.16439,0.071896,72.526,-90.349,2.5932,74.05
0.73522,-0.6537,-0.16448,0.071276,72.376,-90.303,2.654,74.1
0.73484,-0.65393,-0.16576,0.070143,72.216,-90.255,2.7156,74.15
0.73473,-0.65386,-0.16648,0.070175,72.047,-90.203,2.7741,74.2
0.7348,-0.6539,-0.16614,0.069831,71.869,-90.15,2.8314,74.25
0.73391,-0.65489,-0.16637,0.069395,71.681,-90.094,2.8882,74.3
0.73326,-0.65589,-0.16597,0.067809,71.486,-90.036,2.9434,74.35
0.73268,-0.65631,-0.16702,0.067442,71.281,-89.973,2.9983,74.4
0.73232,-0.65669,-0.16729,0.066874,71.067,-89.907,3.0523,74.45
0.73241,-0.65661,-0.1675,0.066196,70.845,-89.839,3.1047,74.5
0.73142,-0.65761,-0.16806,0.06584,70.615,-89.77,3.1544,74.55
0.73109,-0.65793,-0.16833,0.065657,70.376,-89.695,3.2037,74.6
0.73063,-0.6583,-0.16895,0.065425,70.129,-89.619,3.2516,74.65
0.73037,-0.6588,-0.16867,0.063986,69.873,-89.541,3.2987,74.7
0.72938,-0.6599,-0.16892,0.063317,69.609,-89.461,3.346,74.75
0.72969,-0.65952,-0.16929,0.062716,69.337,-89.377,3.3899,74.8
0.72915,-0.65989,-0.17009,0.062869,69.058,-89.29,3.4326,74.85
0.72837,-0.66041,-0.17152,0.062529,68.771,-89.201,3.4746,74.9
0.72819,-0.66114,-0.16984,0.061539,68.477,-89.109,3.513,74.95
0.72772,-0.66118,-0.17178,0.0613,68.175,-89.014,3.5522,75
0.72728,-0.66194,-0.1715,0.059068,67.867,-88.917,3.5903,75.05
0.72678,-0.66245,-0.17149,0.059525,67.552,-88.819,3.6271,75.1
0.72661,-0.66256,-0.17182,0.059477,67.229,-88.716,3.663,75.15
0.72578,-0.66331,-0.17293,0.057919,66.899,-88.614,3.6943,75.2
0.72536,-0.6638,-0.17299,0.057458,66.563,-88.507,3.7269,75.25
0.72475,-0.66431,-0.1733,0.058262,66.223,-88.399,3.7567,75.3
0.72454,-0.66458,-0.17379,0.05627,65.874,-88.287,3.7847,75.35
0.72405,-0.66516,-0.17386,0.055531,65.52,-88.173,3.8132,75.4
0.72326,-0.6659,-0.17442,0.055189,65.164,-88.057,3.8084,75.45
0.72321,-0.66586,-0.17494,0.054676,64.801,-87.937,3.8285,75.5
0.72252,-0.66657,-0.17523,0.054184,64.431,-87.816,3.8511,75.55
0.72214,-0.66695,-0.17576,0.052938,64.056,-87.693,3.8719,75.6
0.72176,-0.66737,-0.17583,0.052603,63.674,-87.57,3.8933,75.65
0.72117,-0.66777,-0.17679,0.052389,63.287,-87.444,3.9123,75.7
0.72059,-0.66849,-0.17667,0.051621,62.897,-87.316,3.9292,75.75
0.72028,-0.66874,-0.17711,0.051123,62.501,-87.185,3.945,75.8
0.72019,-0.66885,-0.17721,0.050587,62.102,-87.052,3.96,75.85
0.71948,-0.66956,-0.17762,0.049888,61.699,-86.919,3.9727,75.9
0.71911,-0.66975,-0.17857,0.04921,61.291,-86.782,3.9849,75.95
0.71852,-0.67046,-0.17847,0.048683,60.879,-86.645,3.9975,76
0.71805,-0.6708,-0.17912,0.04839,60.465,-86.505,4.0032,76.05
0.71754,-0.67148,-0.17873,0.047964,60.047,-86.364,4.0086,76.1
0.71703,-0.67197,-0.1792,0.047088,59.627,-86.222,4.0144,76.15
0.7167,-0.6722,-0.17989,0.046162,59.203,-86.076,4.0179,76.2
0.71621,-0.67256,-0.1806,0.045652,58.778,-85.929,4.0205,76.25
0.7159,-0.673,-0.18043,0.04492,58.35,-85.78,4.021,76.3
0.7153,-0.67353,-0.18085,0.044617,57.92,-85.631,4.0202,76.35
0.71476,-0.67409,-0.18101,0.044135,57.489,-85.479,4.0212,76.4
0.71458,-0.67415,-0.18175,0.043252,57.055,-85.325,4.0172,76.45
0.71403,-0.67471,-0.18196,0.04262,56.621,-85.17,4.0085,76.5
0.71358,-0.67509,-0.1824,0.042153,56.183,-85.016,4.0016,76.55
0.713,-0.67573,-0.18244,0.041744,55.745,-84.859,3.9944,76.6
0.71215,-0.67646,-0.18321,0.040942,55.306,-84.702,3.9828,76.65
0.71197,-0.67667,-0.1833,0.040274,54.866,-84.542,3.9718,76.7
0.71169,-0.67697,-0.18336,0.039853,54.427,-84.381,3.9586,76.75
0.71126,-0.6773,-0.18396,0.039284,53.987,-84.219,3.9442,76.8
0.71063,-0.67791,-0.18426,0.038672,53.548,-84.057,3.9285,76.85
0.71028,-0.67818,-0.18474,0.038048,53.109,-83.892,3.9103,76.9
0.70974,-0.67879,-0.18475,0.037126,52.671,-83.727,3.8916,76.95
0.7094,-0.67906,-0.18514,0.036846,52.232,-83.562,3.8712,77
0.70882,-0.67953,-0.18574,0.036121,51.797,-83.394,3.8488,77.05
0.7084,-0.67995,-0.18594,0.03562,51.361,-83.226,3.8247,77.1
0.708,-0.68035,-0.18614,0.034855,50.927,-83.058,3.7999,77.15
0.70728,-0.68103,-0.18652,0.03417,50.495,-82.888,3.7736,77.2
0.70705,-0.68122,-0.18668,0.034135,50.065,-82.718,3.7454,77.25
0.70653,-0.68156,-0.18759,0.033285,49.637,-82.547,3.7164,77.3
0.70594,-0.68221,-0.18752,0.032671,49.211,-82.375,3.6858,77.35
0.70549,-0.6825,-0.18826,0.03215,48.787,-82.203,3.6531,77.4
0.70507,-0.68291,-0.18842,0.031692,48.366,-82.031,3.6161,77.45
0.70444,-0.68356,-0.18855,0.030971,47.948,-81.858,3.5809,77.5
0.70418,-0.68366,-0.1893,0.030149,47.534,-81.684,3.5448,77.55
0.70355,-0.68433,-0.18928,0.029714,47.123,-81.51,3.5078,77.6
0.70294,-0.68482,-0.18986,0.02916,46.715,-81.336,3.4686,77.65
0.70265,-0.6851,-0.19005,0.028461,46.312,-81.161,3.4279,77.7
0.70217,-0.68544,-0.19063,0.028109,45.913,-80.985,3.3864,77.75
0.70168,-0.68595,-0.19074,0.027124,45.517,-80.81,3.3429,77.8
0.70106,-0.68643,-0.19132,0.026787,45.127,-80.635,3.2986,77.85
0.70074,-0.68681,-0.19128,0.025881,44.74,-80.459,3.2531,77.9
0.7003,-0.68707,-0.192,0.025432,44.359,-80.283,3.206,77.95
0.69972,-0.68762,-0.19219,0.024968,43.983,-80.108,3.1577,78
0.6993,-0.68804,-0.1923,0.024551,43.612,-79.932,3.1084,78.05
0.69879,-0.68847,-0.1927,0.023779,43.247,-79.756,3.0573,78.1
0.69839,-0.68876,-0.19321,0.023116,42.888,-79.58,3.0054,78.15
0.6978,-0.68932,-0.19339,0.022715,42.533,-79.405,2.9522,78.2
0.69737,-0.6896,-0.19401,0.021929,42.185,-79.23,2.8972,78.25
0.69689,-0.69008,-0.19409,0.021262,41.843,-79.055,2.8414,78.3
0.69634,-0.69053,-0.19454,0.020862,41.507,-78.881,2.7847,78.35
0.69576,-0.69103,-0.19492,0.020059,41.178,-78.707,2.7255,78.4
0.69542,-0.69132,-0.19514,0.019558,40.856,-78.533,2.6667,78.45
0.69483,-0.69179,-0.19565,0.019112,40.541,-78.359,2.606,78.5
0.69449,-0.69213,-0.19567,0.018657,40.231,-78.186,2.5453,78.55
0.69379,-0.69265,-0.1964,0.017861,39.93,-78.014,2.482,78.6
0.69364,-0.69275,-0.19664,0.01703,39.636,-77.842,2.4184,78.65
0.69294,-0.6934,-0.19687,0.016684,39.35,-77.671,2.3543,78.7
0.69258,-0.69366,-0.19726,0.015976,39.071,-77.5,2.2884,78.75
0.69208,-0.69406,-0.19768,0.015256,38.799,-77.33,2.2218,78.8
0.69142,-0.6947,-0.19776,0.014749,38.536,-77.162,2.1543,78.85
0.69106,-0.69497,-0.19813,0.014191,38.28,-76.993,2.0854,78.9
0.69058,-0.69534,-0.19852,0.013772,38.034,-76.826,2.0157,78.95
0.68993,-0.69582,-0.19914,0.013185,37.795,-76.659,1.9454,79
0.68937,-0.69635,-0.19927,0.012463,37.565,-76.494,1.8736,79.05
0.68908,-0.69666,-0.19923,0.011874,37.343,-76.329,1.8018,79.1
0.68854,-0.69698,-0.19999,0.011334,37.13,-76.166,1.7286,79.15
0.68787,-0.69761,-0.20014,0.010804,36.926,-76.003,1.655,79.2
0.68745,-0.69788,-0.20069,0.0099461,36.73,-75.842,1.5807,79.25
0.68706,-0.69824,-0.20081,0.0092446,36.544,-75.681,1.5049,79.3
0.68653,-0.69861,-0.20133,0.0087811,36.367,-75.522,1.428,79.35
0.68589,-0.69914,-0.2017,0.0086297,36.199,-75.364,1.3511,79.4
0.68556,-0.69944,-0.20184,0.007702,36.04,-75.207,1.273,79.45
0.68499,-0.69987,-0.20232,0.0069911,35.89,-75.051,1.1948,79.5
0.68447,-0.70027,-0.20271,0.0064673,35.75,-74.898,1.1159,79.55
0.68412,-0.70052,-0.20303,0.0059486,35.619,-74.745,1.0359,79.6
0.68353,-0.70095,-0.20354,0.0052253,35.498,-74.593,0.9563,79.65
0.68293,-0.70153,-0.20355,0.0046527,35.387,-74.444,0.8746,79.7
0.68241,-0.70187,-0.20417,0.0038916,35.285,-74.295,0.7937,79.75
0.68197,-0.70218,-0.20455,0.0035573,35.194,-74.149,0.71101,79.8
0.68152,-0.70263,-0.20451,0.002999,35.111,-74.004,0.62898,79.85
0.68087,-0.70308,-0.20515,0.0023046,35.039,-73.86,0.54564,79.9
0.68055,-0.70331,-0.20544,0.0017805,34.977,-73.717,0.462,79.95
0.68001,-0.7038,-0.20553,0.0012536,34.924,-73.577,0.3782,80
0.67958,-0.70411,-0.20593,0.00053953,34.881,-73.438,0.29376,80.05
0.67916,-0.70447,-0.20604,0.00010476,34.849,-73.301,0.209,80.1
0.67851,-0.705,-0.20641,-0.00071965,34.826,-73.167,0.12418,80.15
0.6779,-0.70544,-0.20692,-0.0012808,34.813,-73.033,0.038675,80.2
0.67736,-0.70588,-0.20713,-0.001823,34.811,-72.901,-0.047023,80.25
0.67685,-0.70621,-0.20769,-0.0023795,34.818,-72.771,-0.13331,80.3
0.67633,-0.70661,-0.20801,-0.0031344,34.836,-72.643,-0.21962,80.35
0.67591,-0.70692,-0.20833,-0.0035363,34.864,-72.517,-0.30591,80.4
0.67546,-0.70728,-0.20854,-0.0042002,34.901,-72.393,-0.39301,80.45
0.67491,-0.70767,-0.20896,-0.0049336,34.948,-72.27,-0.4793,80.5
0.67457,-0.70791,-0.20928,-0.005234,35.005,-72.15,-0.56683,80.55
0.67392,-0.70843,-0.20956,-0.0062363,35.073,-72.032,-0.65378,80.6
0.67343,-0.70876,-0.21001,-0.0065842,35.15,-71.916,-0.74101,80.65
0.67258,-0.70941,-0.21052,-0.0073129,35.237,-71.802,-0.82825,80.7
0.6722,-0.7097,-0.21076,-0.0077554,35.334,-71.69,-0.91599,80.75
0.67183,-0.70996,-0.21101,-0.0084612,35.441,-71.58,-1.0032,80.8
0.67137,-0.71036,-0.21113,-0.0090036,35.557,-71.472,-1.0906,80.85
0.67077,-0.71079,-0.21156,-0.009448,35.683,-71.366,-1.1778,80.9
0.67042,-0.71101,-0.21188,-0.010058,35.819,-71.263,-1.2654,80.95
0.66965,-0.71155,-0.21253,-0.010301,35.964,-71.161,-1.3527,81
0.66933,-0.71179,-0.21266,-0.011326,36.119,-71.063,-1.44,81.05
0.66871,-0.71227,-0.21296,-0.011699,36.283,-70.965,-1.5269,81.1
0.66824,-0.71259,-0.21333,-0.012405,36.456,-70.871,-1.6133,81.15
0.66761,-0.71308,-0.21363,-0.013285,36.638,-70.778,-1.7001,81.2
0.66726,-0.7133,-0.21395,-0.0136,36.83,-70.688,-1.7865,81.25
0.66673,-0.71367,-0.21434,-0.014361,37.031,-70.601,-1.8727,81.3
0.66616,-0.71413,-0.21453,-0.014679,37.241,-70.515,-1.9583,81.35
0.6656,-0.71448,-0.21505,-0.015694,37.459,-70.432,-2.0441,81.4
0.66496,-0.71506,-0.21508,-0.016041,37.687,-70.351,-2.1294,81.45
0.66446,-0.71535,-0.21563,-0.016627,37.923,-70.273,-2.2138,81.5
0.66398,-0.71568,-0.21595,-0.017116,38.167,-70.198,-2.2983,81.55
0.66348,-0.71596,-0.21648,-0.017942,38.419,-70.123,-2.3823,81.6
0.6629,-0.71648,-0.21652,-0.018374,38.681,-70.052,-2.4662,81.65
0.66248,-0.71676,-0.21679,-0.019192,38.95,-69.983,-2.5492,81.7
0.66201,-0.7171,-0.21709,-0.019717,39.227,-69.916,-2.6323,81.75
0.66141,-0.71745,-0.21768,-0.020369,39.512,-69.853,-2.7138,81.8
0.66076,-0.71798,-0.21785,-0.021021,39.805,-69.791,-2.796,81.85
0.66043,-0.71812,-0.21834,-0.021447,40.106,-69.732,-2.8773,81.9
0.65983,-0.71862,-0.21842,-0.022221,40.413,-69.675,-2.9576,81.95
0.6592,-0.71899,-0.21909,-0.022571,40.728,-69.622,-3.0375,82
0.65885,-0.71925,-0.21924,-0.023104,41.049,-69.569,-3.1164,82.05
0.6583,-0.71964,-0.21952,-0.023802,41.378,-69.52,-3.1953,82.1
0.65759,-0.72015,-0.21993,-0.024399,41.714,-69.473,-3.2733,82.15
0.65725,-0.72037,-0.22015,-0.025074,42.056,-69.429,-3.3508,82.2
0.65669,-0.72078,-0.22038,-0.025756,42.405,-69.387,-3.4269,82.25
0.65618,-0.72111,-0.22079,-0.026281,42.76,-69.348,-3.5032,82.3
0.65552,-0.72159,-0.2211,-0.02677,43.121,-69.311,-3.5778,82.35
0.65476,-0.72209,-0.22162,-0.027545,43.488,-69.277,-3.6514,82.4
0.65453,-0.72226,-0.22168,-0.028222,43.861,-69.245,-3.7251,82.45
0.65378,-0.72278,-0.22212,-0.028573,44.239,-69.216,-3.7979,82.5
0.65349,-0.72297,-0.22229,-0.029155,44.623,-69.189,-3.8691,82.55
0.65299,-0.72326,-0.22273,-0.029818,45.012,-69.164,-3.94,82.6
0.65203,-0.72395,-0.22324,-0.03029,45.405,-69.142,-4.0101,82.65
0.65183,-0.72405,-0.22343,-0.030648,45.804,-69.122,-4.0794,82.7
0.65128,-0.72443,-0.22368,-0.031466,46.206,-69.106,-4.1474,82.75
0.65074,-0.72479,-0.22401,-0.032193,46.613,-69.091,-4.2138,82.8
0.6502,-0.7251,-0.22447,-0.032866,47.025,-69.079,-4.2801,82.85
0.64971,-0.72544,-0.22473,-0.033299,47.44,-69.07,-4.3451,82.9
0.64907,-0.72586,-0.22518,-0.033652,47.858,-69.062,-4.4089,82.95
0.64854,-0.72618,-0.22554,-0.034548,48.281,-69.057,-4.4727,83
0.64811,-0.72653,-0.22555,-0.035211,48.707,-69.055,-4.5344,83.05
0.64744,-0.72694,-0.22607,-0.035763,49.136,-69.055,-4.5939,83.1
0.64689,-0.72734,-0.22629,-0.036156,49.568,-69.058,-4.654,83.15
0.64656,-0.72755,-0.22645,-0.036906,50.003,-69.063,-4.7138,83.2
0.64597,-0.72798,-0.22666,-0.037444,50.44,-69.07,-4.7709,83.25
0.6455,-0.72823,-0.22707,-0.038032,50.878,-69.081,-4.8272,83.3
0.64486,-0.7286,-0.22757,-0.038742,51.319,-69.093,-4.8827,83.35
0.64439,-0.72887,-0.22794,-0.039351,51.762,-69.107,-4.9357,83.4
0.64378,-0.72939,-0.22794,-0.039658,52.206,-69.124,-4.9891,83.45
0.64314,-0.72972,-0.22854,-0.040642,52.652,-69.144,-5.0403,83.5
0.64277,-0.7299,-0.22894,-0.041065,53.099,-69.165,-5.0905,83.55
0.6421,-0.73042,-0.22907,-0.041537,53.546,-69.189,-5.1394,83.6
0.6415,-0.73074,-0.22962,-0.04206,53.994,-69.215,-5.1863,83.65
0.64105,-0.73099,-0.22992,-0.042989,54.443,-69.243,-5.2329,83.7
0.64027,-0.7315,-0.23044,-0.043226,54.892,-69.275,-5.2782,83.75
0.63983,-0.7318,-0.2305,-0.044227,55.341,-69.307,-5.3218,83.8
0.63961,-0.73189,-0.2308,-0.044254,55.789,-69.342,-5.3641,83.85
0.63891,-0.73235,-0.23108,-0.045362,56.238,-69.38,-5.4054,83.9
0.63837,-0.73274,-0.23127,-0.04567,56.685,-69.42,-5.4452,83.95
0.63767,-0.73318,-0.23173,-0.046088,57.131,-69.461,-5.4835,84
0.63709,-0.73357,-0.23191,-0.046949,57.576,-69.505,-5.5208,84.05
0.6367,-0.73368,-0.23253,-0.047578,58.019,-69.55,-5.5555,84.1
0.63565,-0.73452,-0.23266,-0.048045,58.461,-69.599,-5.5908,84.15
0.63545,-0.73455,-0.23294,-0.048677,58.901,-69.649,-5.6236,84.2
0.63473,-0.73498,-0.23342,-0.049381,59.339,-69.702,-5.655,84.25
0.63429,-0.7353,-0.23342,-0.050286,59.775,-69.757,-5.6849,84.3
0.63364,-0.7357,-0.23389,-0.050436,60.208,-69.813,-5.7128,84.35
0.63317,-0.73594,-0.23425,-0.051047,60.638,-69.871,-5.74,84.4
0.63264,-0.73616,-0.23485,-0.051711,61.066,-69.932,-5.7656,84.45
0.63231,-0.7364,-0.23485,-0.05236,61.49,-69.994,-5.7896,84.5
0.63158,-0.73692,-0.23508,-0.052837,61.911,-70.059,-5.8123,84.55
0.63087,-0.73725,-0.23575,-0.053722,62.329,-70.125,-5.8338,84.6
0.63025,-0.73771,-0.23591,-0.053945,62.743,-70.194,-5.853,84.65
0.63006,-0.73779,-0.23601,-0.054669,63.152,-70.264,-5.8703,84.7
0.62935,-0.73823,-0.2364,-0.05524,63.558,-70.336,-5.8876,84.75
0.62866,-0.73877,-0.23645,-0.055622,63.959,-70.409,-5.9039,84.8
0.62809,-0.73903,-0.237,-0.056381,64.355,-70.484,-5.9175,84.85
0.6277,-0.7392,-0.23734,-0.056965,64.747,-70.561,-5.9301,84.9
0.62688,-0.73981,-0.23741,-0.05771,65.133,-70.64,-5.9403,84.95
0.62642,-0.7399,-0.2382,-0.058442,65.514,-70.721,-5.9494,85
0.62591,-0.74015,-0.23863,-0.058897,65.891,-70.805,-5.9559,85.05
0.6252,-0.74063,-0.23885,-0.059485,66.26,-70.89,-5.9609,85.1
0.62469,-0.74096,-0.23905,-0.060044,66.624,-70.976,-5.9666,85.15
0.62421,-0.74133,-0.23901,-0.060533,66.981,-71.064,-5.9694,85.2
0.6236,-0.74182,-0.23879,-0.061679,67.334,-71.153,-5.9706,85.25
0.62308,-0.74193,-0.23973,-0.061913,67.679,-71.244,-5.9698,85.3
0.62243,-0.74222,-0.24036,-0.062604,68.018,-71.336,-5.9683,85.35
0.62218,-0.74232,-0.24055,-0.063049,68.351,-71.431,-5.966,85.4
0.62149,-0.74284,-0.24075,-0.06303,68.677,-71.525,-5.9582,85.45
0.62088,-0.74304,-0.24147,-0.063942,68.996,-71.621,-5.9509,85.5
0.62037,-0.74343,-0.24138,-0.06468,69.307,-71.72,-5.9431,85.55
0.61988,-0.74363,-0.24193,-0.065057,69.612,-71.82,-5.9342,85.6
0.61902,-0.74417,-0.24217,-0.066139,69.908,-71.921,-5.923,85.65
0.61858,-0.74456,-0.24194,-0.066772,70.197,-72.023,-5.9115,85.7
0.61806,-0.74466,-0.24286,-0.067152,70.478,-72.127,-5.8966,85.75
0.61756,-0.74508,-0.24268,-0.067668,70.75,-72.231,-5.882,85.8
0.61672,-0.74544,-0.24353,-0.068326,71.015,-72.338,-5.8647,85.85
0.61638,-0.74556,-0.24374,-0.069307,71.271,-72.445,-5.847,85.9
0.61593,-0.74592,-0.24372,-0.069554,71.519,-72.553,-5.8262,85.95
0.61476,-0.74661,-0.24445,-0.069914,71.759,-72.664,-5.805,86
0.61415,-0.74703,-0.24447,-0.070694,71.99,-72.775,-5.782,86.05
0.61415,-0.74686,-0.24477,-0.071485,72.212,-72.887,-5.7584,86.1
0.6136,-0.7471,-0.24535,-0.071618,72.425,-73,-5.7321,86.15
0.6131,-0.74738,-0.24541,-0.072865,72.63,-73.115,-5.7054,86.2
0.6125,-0.74769,-0.24601,-0.072615,72.825,-73.23,-5.6766,86.25
0.61195,-0.7482,-0.24559,-0.073507,73.011,-73.346,-5.6462,86.3
0.61109,-0.74853,-0.24645,-0.074414,73.188,-73.463,-5.614,86.35
0.61084,-0.74871,-0.24635,-0.074979,73.355,-73.584,-5.5701,86.4
0.61046,-0.74868,-0.24706,-0.075975,73.512,-73.705,-5.5295,86.45
0.60961,-0.74934,-0.24698,-0.076666,73.659,-73.826,-5.492,86.5
0.60914,-0.74954,-0.24751,-0.076673,73.797,-73.949,-5.4549,86.55
0.60838,-0.74986,-0.24806,-0.077768,73.926,-74.071,-5.4173,86.6
0.60799,-0.75036,-0.2475,-0.077763,74.045,-74.193,-5.376,86.65
0.60734,-0.75052,-0.2484,-0.078448,74.154,-74.316,-5.3361,86.7
0.60654,-0.75091,-0.24897,-0.07909,74.255,-74.439,-5.2934,86.75
0.60609,-0.751,-0.24948,-0.080101,74.345,-74.564,-5.2497,86.8
0.60522,-0.75183,-0.24927,-0.079498,74.424,-74.689,-5.2042,86.85
0.60462,-0.75198,-0.25003,-0.080295,74.494,-74.815,-5.1578,86.9
0.60377,-0.75257,-0.24993,-0.081478,74.555,-74.942,-5.1106,86.95
0.60332,-0.75272,-0.25051,-0.081603,74.604,-75.068,-5.0604,87
0.60319,-0.75261,-0.2509,-0.082351,74.643,-75.196,-5.0098,87.05
0.60291,-0.75298,-0.25032,-0.082883,74.672,-75.323,-4.9573,87.1
0.60181,-0.7535,-0.2511,-0.083746,74.692,-75.452,-4.9056,87.15
0.60123,-0.75373,-0.25162,-0.084218,74.702,-75.581,-4.8462,87.2
0.60093,-0.7537,-0.25212,-0.085165,74.702,-75.71,-4.7888,87.25
0.60004,-0.75446,-0.25178,-0.085722,74.691,-75.839,-4.7316,87.3
0.59922,-0.75468,-0.2533,-0.085025,74.67,-75.969,-4.6749,87.35
0.59892,-0.75478,-0.25322,-0.0865,74.638,-76.099,-4.6157,87.4
0.59825,-0.75527,-0.2532,-0.086887,74.596,-76.23,-4.5561,87.45
0.59794,-0.75532,-0.25336,-0.08815,74.544,-76.361,-4.4944,87.5
0.59658,-0.75593,-0.25445,-0.088911,74.482,-76.492,-4.4335,87.55
0.59675,-0.75596,-0.25394,-0.089058,74.409,-76.623,-4.3701,87.6
0.59619,-0.75638,-0.25375,-0.089749,74.327,-76.754,-4.3053,87.65
0.59557,-0.75681,-0.2539,-0.089848,74.235,-76.886,-4.2412,87.7
0.59452,-0.75745,-0.25422,-0.090455,74.133,-77.018,-4.1757,87.75
0.59405,-0.75735,-0.25531,-0.091354,74.021,-77.151,-4.1078,87.8
0.59379,-0.75728,-0.25569,-0.092517,73.899,-77.283,-4.039,87.85
0.59314,-0.7576,-0.25592,-0.093441,73.766,-77.414,-3.9712,87.9
0.59232,-0.75816,-0.25614,-0.093475,73.625,-77.547,-3.9013,87.95
0.59161,-0.75863,-0.25631,-0.093704,73.474,-77.68,-3.8304,88
0.59118,-0.75895,-0.25628,-0.093951,73.313,-77.813,-3.7587,88.05
0.59126,-0.75861,-0.25689,-0.094495,73.142,-77.945,-3.6864,88.1
0.59037,-0.75876,-0.25811,-0.095519,72.962,-78.077,-3.6124,88.15
0.5899,-0.75932,-0.25738,-0.09591,72.773,-78.209,-3.5377,88.2
0.58898,-0.7598,-0.25788,-0.096525,72.574,-78.34,-3.4619,88.25
0.58863,-0.75982,-0.25816,-0.097638,72.368,-78.473,-3.3861,88.3
0.58762,-0.76032,-0.25906,-0.097488,72.15,-78.605,-3.3158,88.35
0.58685,-0.76075,-0.25914,-0.098583,71.925,-78.736,-3.2393,88.4
0.58661,-0.76085,-0.25925,-0.098889,71.69,-78.867,-3.1618,88.45
0.58594,-0.76121,-0.25923,-0.10016,71.447,-78.997,-3.087,88.5
0.58533,-0.76145,-0.25991,-0.10016,71.196,-79.125,-3.0168,88.55
0.5847,-0.76171,-0.26034,-0.1007,70.936,-79.255,-2.9384,88.6
0.58384,-0.76225,-0.26055,-0.1011,70.669,-79.384,-2.8571,88.65
0.58332,-0.76247,-0.26061,-0.10232,70.392,-79.514,-2.7767,88.7
0.58301,-0.76254,-0.26101,-0.10251,70.107,-79.644,-2.6955,88.75
0.5824,-0.76276,-0.26158,-0.10284,69.814,-79.772,-2.6123,88.8
0.58159,-0.7632,-0.26149,-0.10439,69.513,-79.9,-2.5292,88.85
0.58117,-0.7634,-0.26179,-0.10452,69.205,-80.028,-2.4463,88.9
0.58038,-0.76395,-0.26189,-0.10468,68.889,-80.155,-2.3624,88.95
0.5796,-0.76434,-0.26239,-0.10488,68.566,-80.283,-2.2787,89
0.57943,-0.76408,-0.26297,-0.10628,68.235,-80.409,-2.1935,89.05
0.57834,-0.76475,-0.26319,-0.10684,67.898,-80.534,-2.1089,89.1
0.57783,-0.76518,-0.26282,-0.10743,67.553,-80.659,-2.0233,89.15
0.57773,-0.76484,-0.26386,-0.10783,67.204,-80.785,-1.9377,89.2
0.57665,-0.7654,-0.26427,-0.10857,66.846,-80.909,-1.8514,89.25
0.57646,-0.76555,-0.26397,-0.10934,66.482,-81.032,-1.7679,89.3
0.57544,-0.76614,-0.26441,-0.10943,66.113,-81.154,-1.6817,89.35
0.57513,-0.76623,-0.26456,-0.11006,65.737,-81.276,-1.5947,89.4
0.5742,-0.76659,-0.26524,-0.11085,65.356,-81.397,-1.5084,89.45
0.57351,-0.76688,-0.26549,-0.11177,64.97,-81.518,-1.4215,89.5
0.57338,-0.76703,-0.26532,-0.11185,64.577,-81.637,-1.3344,89.55
0.57259,-0.76737,-0.26572,-0.11255,64.179,-81.757,-1.2467,89.6
0.57187,-0.76772,-0.26635,-0.11243,63.778,-81.874,-1.1633,89.65
0.57131,-0.76796,-0.26638,-0.11353,63.371,-81.992,-1.0758,89.7
0.57048,-0.76832,-0.26675,-0.11436,62.959,-82.108,-0.99049,89.75
0.56989,-0.7686,-0.26717,-0.1144,62.543,-82.224,-0.90334,89.8
0.56941,-0.76867,-0.26748,-0.11562,62.123,-82.339,-0.81573,89.85
0.5687,-0.76911,-0.26767,-0.11579,61.698,-82.453,-0.72825,89.9
0.56818,-0.76919,-0.26819,-0.11661,61.27,-82.568,-0.64175,89.95
0.56753,-0.76962,-0.2681,-0.11706,60.838,-82.68,-0.55456,90
