0.61237,0.35355,0.35355,0.61237,20,0,1.5,0
0.61312,0.35295,0.35303,0.61227,20.015,-7.3465e-05,1.515,0.05
0.61406,0.35298,0.35196,0.61193,20.029,-0.00041662,1.5076,0.1
0.61314,0.35328,0.35449,0.61122,20.037,0.0089884,1.5755,0.15
0.61423,0.34885,0.35345,0.61327,20.044,-0.0058626,1.6444,0.2
0.61588,0.35299,0.35171,0.61023,20.074,0.0049334,1.4522,0.25
0.61682,0.34687,0.35053,0.61346,20.073,-0.010848,1.625,0.3
0.6148,0.34817,0.35475,0.61232,20.075,0.0063109,1.7494,0.35
0.61698,0.34736,0.35144,0.61251,20.097,-0.0016516,1.6554,0.4
0.61782,0.34788,0.35048,0.61192,20.115,-0.0035632,1.5997,0.45
0.61816,0.34731,0.35115,0.61151,20.124,-0.0012063,1.6492,0.5
0.61923,0.34708,0.3501,0.61117,20.14,-0.0011125,1.6246,0.55
0.62009,0.34584,0.34986,0.61113,20.153,-0.0021552,1.6399,0.6
0.62058,0.34535,0.34961,0.61106,20.165,-0.0035824,1.6597,0.65
0.62088,0.34356,0.34958,0.61178,20.176,-0.0051148,1.6858,0.7
0.62118,0.34294,0.34993,0.61162,20.186,-0.005425,1.7156,0.75
0.6224,0.34258,0.34893,0.61116,20.2,-0.0068953,1.713,0.8
0.62299,0.34172,0.34899,0.611,20.213,-0.0078041,1.7184,0.85
0.62381,0.34076,0.34864,0.61089,20.224,-0.0080383,1.7378,0.9
0.62319,0.34021,0.3492,0.61152,20.233,-0.008711,1.7726,0.95
0.62409,0.33876,0.34874,0.61166,20.244,-0.011507,1.7946,1
0.62513,0.33947,0.34777,0.61077,20.261,-0.012173,1.7673,1.05
0.62513,0.33874,0.34746,0.61134,20.272,-0.012296,1.7833,1.1
0.62635,0.33726,0.34751,0.61088,20.284,-0.013877,1.7974,1.15
0.62649,0.3371,0.34717,0.61102,20.296,-0.014074,1.8064,1.2
0.62722,0.33614,0.34673,0.61105,20.309,-0.016278,1.8148,1.25
0.62823,0.33555,0.34668,0.61037,20.32,-0.016859,1.8289,1.3
0.62841,0.33505,0.34653,0.61054,20.33,-0.019049,1.8491,1.35
0.62898,0.33396,0.34625,0.61071,20.342,-0.021022,1.8578,1.4
0.62943,0.33373,0.34661,0.61017,20.355,-0.021565,1.8605,1.45
0.63012,0.33229,0.34618,0.61049,20.366,-0.023055,1.8715,1.5
0.63089,0.33183,0.3463,0.60988,20.376,-0.024126,1.8854,1.55
0.63121,0.33172,0.34556,0.61002,20.389,-0.025323,1.8875,1.6
0.63205,0.33055,0.34527,0.60995,20.401,-0.027227,1.8956,1.65
0.63295,0.32969,0.34496,0.60966,20.412,-0.028593,1.9038,1.7
0.63304,0.32957,0.34465,0.6098,20.424,-0.030277,1.909,1.75
0.6333,0.3289,0.34448,0.61,20.436,-0.031912,1.9171,1.8
0.63438,0.32787,0.34347,0.60999,20.447,-0.03385,1.9249,1.85
0.63476,0.32746,0.34411,0.60946,20.458,-0.035763,1.9358,1.9
0.63582,0.32653,0.3433,0.60931,20.469,-0.038835,1.9412,1.95
0.63604,0.32609,0.34343,0.60924,20.48,-0.040399,1.9491,2
0.63645,0.32617,0.34338,0.60879,20.492,-0.041716,1.9517,2.05
0.63718,0.32372,0.34303,0.60953,20.501,-0.042984,1.9618,2.1
0.63723,0.32373,0.3431,0.60945,20.513,-0.046362,1.9661,2.15
0.63799,0.32315,0.34295,0.60904,20.523,-0.048208,1.9744,2.2
0.63825,0.32307,0.34249,0.60906,20.532,-0.050136,1.9839,2.25
0.63931,0.32176,0.34252,0.60863,20.544,-0.052772,1.9871,2.3
0.63961,0.32067,0.34184,0.60928,20.554,-0.055136,1.9916,2.35
0.64067,0.31989,0.34129,0.60887,20.565,-0.057711,1.994,2.4
0.64102,0.31986,0.34106,0.60865,20.574,-0.060127,2.0015,2.45
0.64154,0.31982,0.3409,0.60822,20.585,-0.06214,2.0038,2.5
0.64242,0.31813,0.34055,0.60838,20.596,-0.06468,2.0039,2.55
0.64213,0.31791,0.34096,0.60856,20.606,-0.06714,2.0093,2.6
0.64333,0.3168,0.34015,0.60833,20.615,-0.069906,2.0127,2.65
0.64316,0.31643,0.34051,0.6085,20.625,-0.072883,2.0167,2.7
0.64419,0.31574,0.33966,0.60824,20.634,-0.075582,2.0197,2.75
0.64484,0.31546,0.3394,0.60785,20.646,-0.077979,2.0174,2.8
0.64516,0.31502,0.33871,0.60812,20.654,-0.080803,2.0212,2.85
0.64608,0.31366,0.33886,0.60776,20.663,-0.083077,2.0248,2.9
0.6467,0.31284,0.33861,0.60766,20.672,-0.086087,2.0268,2.95
0.64688,0.31243,0.33859,0.60769,20.681,-0.088789,2.0263,3
0.648,0.31156,0.33812,0.60721,20.692,-0.093178,2.0252,3.05
0.64854,0.31112,0.33724,0.60735,20.701,-0.095338,2.0247,3.1
0.64837,0.31074,0.33799,0.60731,20.709,-0.098748,2.0266,3.15
0.64962,0.30926,0.33754,0.60698,20.718,-0.10143,2.0272,3.2
0.65013,0.30918,0.33665,0.60696,20.727,-0.10513,2.0261,3.25
0.6507,0.3085,0.33697,0.60653,20.736,-0.10798,2.0252,3.3
0.6514,0.30737,0.3361,0.60683,20.743,-0.11108,2.0252,3.35
0.65161,0.30672,0.33609,0.60693,20.751,-0.11413,2.0247,3.4
0.65257,0.30617,0.33567,0.60642,20.76,-0.11763,2.0214,3.45
0.65261,0.30492,0.33574,0.60696,20.768,-0.12074,2.0201,3.5
0.65343,0.30431,0.33533,0.60662,20.776,-0.12458,2.0178,3.55
0.65373,0.30395,0.33551,0.60638,20.782,-0.12752,2.0172,3.6
0.65437,0.30332,0.33525,0.60614,20.79,-0.13118,2.0138,3.65
0.65518,0.30244,0.33471,0.60601,20.798,-0.13552,2.0105,3.7
0.65518,0.30172,0.33448,0.60649,20.805,-0.13876,2.0065,3.75
0.65581,0.30131,0.33445,0.60602,20.812,-0.14295,2.0025,3.8
0.65617,0.30024,0.33463,0.60607,20.819,-0.14656,1.9995,3.85
0.65703,0.29975,0.3337,0.60589,20.827,-0.15029,1.9935,3.9
0.65759,0.29934,0.33359,0.60555,20.835,-0.15445,1.9872,3.95
0.65832,0.2986,0.33355,0.60514,20.841,-0.15845,1.9826,4
0.6586,0.29764,0.33325,0.60548,20.848,-0.16237,1.9765,4.05
0.65946,0.29745,0.3329,0.60482,20.855,-0.16589,1.9696,4.1
0.66002,0.29674,0.33213,0.60499,20.862,-0.16961,1.9644,4.15
0.66103,0.29534,0.33168,0.60482,20.869,-0.17436,1.9577,4.2
0.6611,0.2947,0.33194,0.60491,20.874,-0.17805,1.9515,4.25
0.66111,0.29498,0.33119,0.60517,20.88,-0.18229,1.9449,4.3
0.66253,0.29297,0.33155,0.60439,20.887,-0.18649,1.9369,4.35
0.66258,0.29277,0.33073,0.60489,20.891,-0.19021,1.9314,4.4
0.66301,0.29243,0.33058,0.60466,20.897,-0.19449,1.9254,4.45
0.66399,0.29132,0.33047,0.60418,20.903,-0.19887,1.9164,4.5
0.66413,0.29085,0.33047,0.60426,20.907,-0.20367,1.9096,4.55
0.66454,0.29008,0.33023,0.60431,20.913,-0.20807,1.9008,4.6
0.66544,0.28933,0.32956,0.60404,20.918,-0.21214,1.8916,4.65
0.66604,0.28838,0.32922,0.60402,20.924,-0.21702,1.8827,4.7
0.66607,0.28776,0.32916,0.60432,20.928,-0.22147,1.8738,4.75
0.66685,0.28697,0.32876,0.60405,20.933,-0.22629,1.8641,4.8
0.66751,0.28589,0.32834,0.60406,20.936,-0.23113,1.8571,4.85
0.66777,0.28545,0.32821,0.60405,20.941,-0.23554,1.8474,4.9
0.66883,0.2846,0.3282,0.60329,20.946,-0.24056,1.8371,4.95
0.66917,0.28413,0.32788,0.6033,20.95,-0.24518,1.8267,5
0.66967,0.28381,0.32766,0.60302,20.953,-0.25025,1.8177,5.05
0.67044,0.2827,0.32764,0.6027,20.956,-0.25483,1.8085,5.1
0.67082,0.282,0.32756,0.60264,20.96,-0.25967,1.7963,5.15
0.67165,0.28166,0.32657,0.60242,20.965,-0.26445,1.7847,5.2
0.67215,0.28069,0.32657,0.60232,20.966,-0.26966,1.7756,5.25
0.67277,0.27975,0.32614,0.60229,20.97,-0.27461,1.7626,5.3
0.6728,0.27964,0.32569,0.60255,20.974,-0.27923,1.7511,5.35
0.67322,0.27835,0.3257,0.60267,20.977,-0.28411,1.7399,5.4
0.67393,0.27786,0.3251,0.60243,20.979,-0.28932,1.7286,5.45
0.67456,0.27701,0.32517,0.60207,20.981,-0.2948,1.7183,5.5
0.67483,0.27681,0.3244,0.60228,20.984,-0.29937,1.7058,5.55
0.67546,0.27645,0.32446,0.60171,20.986,-0.30517,1.6938,5.6
0.67625,0.27507,0.32445,0.60146,20.988,-0.31057,1.6829,5.65
0.67621,0.27443,0.32367,0.60222,20.989,-0.31619,1.6712,5.7
0.67705,0.27394,0.32371,0.60148,20.992,-0.32176,1.6588,5.75
0.67749,0.2729,0.32377,0.60142,20.992,-0.32691,1.6476,5.8
0.67841,0.27225,0.32307,0.60105,20.994,-0.33275,1.6349,5.85
0.67887,0.27109,0.32275,0.60122,20.995,-0.33871,1.6219,5.9
0.67974,0.27086,0.32222,0.60064,20.996,-0.34396,1.6097,5.95
0.68001,0.26989,0.32243,0.60066,20.997,-0.34991,1.5987,6
0.6805,0.26942,0.32193,0.60058,20.999,-0.3553,1.5849,6.05
0.68124,0.26895,0.32118,0.60035,20.999,-0.36072,1.5735,6.1
0.68167,0.26781,0.32173,0.60008,20.999,-0.36656,1.5609,6.15
0.6815,0.26765,0.32161,0.60041,21.001,-0.37255,1.5468,6.2
0.6822,0.26648,0.32126,0.60032,21.001,-0.37847,1.5342,6.25
0.68288,0.26616,0.32066,0.60001,21,-0.38452,1.522,6.3
0.68354,0.26529,0.32043,0.59977,21,-0.39056,1.511,6.35
0.68389,0.2644,0.3202,0.59988,21,-0.39621,1.4981,6.4
0.68452,0.26408,0.31955,0.59966,20.998,-0.40167,1.4867,6.45
0.68534,0.26268,0.31939,0.59942,20.998,-0.40796,1.4727,6.5
0.68566,0.26226,0.31894,0.59947,20.998,-0.41342,1.4616,6.55
0.68616,0.26163,0.31905,0.59912,20.997,-0.41994,1.4483,6.6
0.6865,0.2612,0.31919,0.59884,20.995,-0.42603,1.4369,6.65
0.68697,0.26015,0.31885,0.59894,20.995,-0.43224,1.4237,6.7
0.68797,0.25936,0.31831,0.59843,20.994,-0.43858,1.411,6.75
0.68837,0.25847,0.31779,0.59862,20.992,-0.4454,1.3981,6.8
0.6887,0.2576,0.3177,0.59867,20.989,-0.45147,1.387,6.85
0.68944,0.25732,0.31696,0.59833,20.988,-0.45804,1.3748,6.9
0.68975,0.25713,0.3164,0.59835,20.986,-0.46385,1.3623,6.95
0.68988,0.25643,0.31685,0.59827,20.985,-0.47058,1.3498,7
0.69104,0.25515,0.31586,0.598,20.982,-0.47812,1.3393,7.05
0.69115,0.25491,0.31625,0.59776,20.98,-0.48527,1.3279,7.1
0.69121,0.25408,0.3165,0.59792,20.977,-0.49185,1.3166,7.15
0.69242,0.25333,0.31525,0.59749,20.974,-0.49853,1.3055,7.2
0.69264,0.25252,0.31541,0.59749,20.971,-0.50551,1.2941,7.25
0.69371,0.25161,0.31486,0.59693,20.969,-0.51276,1.2826,7.3
0.69344,0.25151,0.31444,0.5975,20.964,-0.52019,1.2734,7.35
0.69425,0.25055,0.31433,0.59702,20.961,-0.52699,1.261,7.4
0.69478,0.24937,0.31431,0.59692,20.958,-0.53383,1.2503,7.45
0.69546,0.24844,0.31353,0.59692,20.954,-0.54111,1.2408,7.5
0.69569,0.24785,0.31299,0.59718,20.95,-0.54849,1.2305,7.55
0.69633,0.24739,0.31325,0.59649,20.947,-0.55512,1.2198,7.6
0.69679,0.24616,0.31285,0.59667,20.943,-0.56266,1.2105,7.65
0.69685,0.24577,0.31316,0.59659,20.938,-0.56965,1.2011,7.7
0.69764,0.24461,0.31244,0.59652,20.933,-0.57655,1.1908,7.75
0.69837,0.24448,0.31196,0.59598,20.929,-0.58385,1.1824,7.8
0.69883,0.24391,0.3123,0.59549,20.925,-0.59155,1.1728,7.85
0.69919,0.2427,0.31203,0.5957,20.92,-0.59898,1.1636,7.9
0.69958,0.24274,0.31106,0.59574,20.914,-0.60614,1.1561,7.95
0.70025,0.24135,0.31156,0.59525,20.909,-0.61353,1.1465,8
0.70092,0.2412,0.31073,0.59496,20.905,-0.62108,1.1388,8.05
0.70146,0.24008,0.30991,0.59521,20.899,-0.62877,1.1312,8.1
0.7018,0.23907,0.30977,0.59528,20.893,-0.63649,1.124,8.15
0.70232,0.23883,0.30991,0.59469,20.888,-0.64465,1.1171,8.2
0.70276,0.23802,0.30929,0.59483,20.882,-0.65228,1.1096,8.25
0.70335,0.23711,0.30866,0.59482,20.876,-0.66025,1.1028,8.3
0.70306,0.237,0.30947,0.59478,20.869,-0.66788,1.0959,8.35
0.70404,0.23587,0.30901,0.59431,20.863,-0.67612,1.089,8.4
0.70466,0.23524,0.30774,0.59449,20.856,-0.68373,1.0837,8.45
0.70518,0.23451,0.30806,0.59399,20.85,-0.69118,1.0773,8.5
0.70623,0.23397,0.30676,0.59363,20.843,-0.69977,1.0728,8.55
0.70625,0.23275,0.30766,0.59362,20.837,-0.70828,1.0663,8.6
0.70693,0.23226,0.30743,0.59313,20.83,-0.71604,1.0623,8.65
0.70702,0.23158,0.30707,0.59347,20.823,-0.72418,1.0567,8.7
0.70792,0.23074,0.30646,0.59304,20.816,-0.73163,1.0532,8.75
0.70797,0.23047,0.3064,0.59311,20.808,-0.74035,1.0497,8.8
0.70868,0.22904,0.3063,0.59287,20.801,-0.74852,1.0456,8.85
0.70939,0.22856,0.30534,0.5927,20.794,-0.75668,1.0406,8.9
0.70961,0.2277,0.30487,0.59301,20.786,-0.76464,1.0374,8.95
0.71044,0.2272,0.30538,0.59194,20.777,-0.77251,1.0358,9
0.71069,0.22649,0.30472,0.59225,20.77,-0.78114,1.033,9.05
0.71107,0.22569,0.30452,0.59221,20.761,-0.78967,1.0316,9.1
0.7122,0.22483,0.30372,0.59159,20.754,-0.79827,1.0288,9.15
0.71197,0.22415,0.30429,0.59183,20.744,-0.80695,1.0285,9.2
0.71243,0.22395,0.30335,0.59183,20.736,-0.8155,1.0264,9.25
0.71276,0.22288,0.304,0.59151,20.728,-0.82405,1.025,9.3
0.71295,0.22267,0.30315,0.59179,20.719,-0.83185,1.0251,9.35
0.71391,0.22157,0.30282,0.59123,20.71,-0.84008,1.0252,9.4
0.71451,0.22064,0.30239,0.59106,20.703,-0.84877,1.0227,9.45
0.7151,0.22002,0.3016,0.59098,20.694,-0.85755,1.0231,9.5
0.71555,0.21946,0.30185,0.59052,20.684,-0.8662,1.0245,9.55
0.71577,0.21774,0.30169,0.59097,20.676,-0.87537,1.0246,9.6
0.71631,0.21772,0.30085,0.59075,20.666,-0.88487,1.0263,9.65
0.71662,0.21746,0.30094,0.59042,20.656,-0.89402,1.0287,9.7
0.71774,0.21582,0.30083,0.58972,20.647,-0.90283,1.0292,9.75
0.718,0.21544,0.30025,0.58984,20.637,-0.91207,1.0327,9.8
0.71824,0.215,0.30003,0.58982,20.627,-0.92093,1.0338,9.85
0.71878,0.21406,0.30026,0.58938,20.618,-0.9294,1.0358,9.9
0.71913,0.21375,0.29879,0.58982,20.608,-0.93816,1.0398,9.95
0.72003,0.21333,0.29865,0.58894,20.598,-0.94764,1.044,10
0.71995,0.21231,0.29887,0.5893,20.588,-0.95649,1.0473,10.05
0.72086,0.21131,0.29817,0.58891,20.577,-0.96503,1.0509,10.1
0.72144,0.21035,0.29788,0.58869,20.567,-0.97434,1.055,10.15
0.7216,0.20923,0.29807,0.58878,20.557,-0.98355,1.0592,10.2
0.72145,0.20958,0.2977,0.58904,20.547,-0.99244,1.064,10.25
0.72251,0.20816,0.29724,0.58846,20.535,-1.0017,1.0697,10.3
0.72322,0.20775,0.29695,0.58789,20.525,-1.0114,1.0752,10.35
0.72338,0.20698,0.29672,0.58808,20.515,-1.021,1.0806,10.4
0.72365,0.20618,0.29665,0.58806,20.504,-1.0311,1.0869,10.45
0.7246,0.20483,0.29591,0.58775,20.493,-1.0407,1.0926,10.5
0.72476,0.20485,0.29577,0.5876,20.481,-1.0504,1.0988,10.55
0.72527,0.20422,0.29502,0.58758,20.469,-1.0593,1.1065,10.6
0.72548,0.2035,0.29537,0.58738,20.458,-1.0689,1.1135,10.65
0.72621,0.20281,0.29485,0.58698,20.448,-1.0788,1.1207,10.7
0.72653,0.20211,0.29446,0.58703,20.437,-1.0888,1.1285,10.75
0.72702,0.20097,0.29392,0.58708,20.426,-1.0984,1.1357,10.8
0.72732,0.20027,0.2941,0.58686,20.415,-1.1071,1.1438,10.85
0.72809,0.19965,0.2935,0.58641,20.404,-1.1169,1.1523,10.9
0.72869,0.19855,0.29298,0.58631,20.391,-1.1269,1.1606,10.95
0.72821,0.1984,0.29305,0.58691,20.379,-1.1366,1.1694,11
0.72885,0.19776,0.29269,0.58651,20.368,-1.1467,1.1791,11.05
0.72969,0.19702,0.29247,0.58584,20.357,-1.1571,1.1875,11.1
0.72963,0.19678,0.293,0.58572,20.344,-1.1668,1.1969,11.15
0.73061,0.19556,0.29173,0.58554,20.332,-1.1763,1.2061,11.2
0.73089,0.19484,0.29206,0.58526,20.32,-1.1861,1.215,11.25
0.73162,0.19378,0.2911,0.58519,20.308,-1.1962,1.2253,11.3
0.73217,0.19313,0.29066,0.58493,20.296,-1.2068,1.2348,11.35
0.73226,0.19243,0.29061,0.58508,20.284,-1.2165,1.2455,11.4
0.73298,0.19199,0.29014,0.58455,20.273,-1.2266,1.2559,11.45
0.73319,0.19094,0.29053,0.58444,20.26,-1.2365,1.2662,11.5
0.73379,0.19021,0.28968,0.58434,20.249,-1.2471,1.2762,11.55
0.73459,0.1894,0.28939,0.58374,20.236,-1.2569,1.2873,11.6
0.73464,0.18956,0.28924,0.58371,20.225,-1.2678,1.299,11.65
0.73484,0.18835,0.28889,0.58402,20.212,-1.2778,1.3107,11.7
0.73543,0.18727,0.28866,0.58374,20.2,-1.2875,1.3217,11.75
0.73604,0.18653,0.28855,0.58326,20.187,-1.2978,1.3334,11.8
0.73636,0.18601,0.28849,0.58306,20.173,-1.3079,1.3459,11.85
0.73711,0.18574,0.28783,0.58251,20.162,-1.3177,1.3563,11.9
0.73733,0.18503,0.28715,0.5828,20.15,-1.3285,1.3676,11.95
0.73763,0.1839,0.28703,0.58283,20.138,-1.3386,1.3799,12
0.73812,0.1826,0.28652,0.58287,20.124,-1.3492,1.3925,12.05
0.73849,0.18293,0.28585,0.58262,20.112,-1.3596,1.4041,12.1
0.73893,0.18094,0.28575,0.58274,20.1,-1.3706,1.4167,12.15
0.73975,0.1807,0.28549,0.58191,20.087,-1.3814,1.4285,12.2
0.73999,0.18022,0.28517,0.58191,20.076,-1.3921,1.4406,12.25
0.74016,0.17974,0.2853,0.58178,20.062,-1.4022,1.4532,12.3
0.74065,0.17883,0.28499,0.58159,20.05,-1.4139,1.466,12.35
0.74144,0.17751,0.28432,0.58131,20.037,-1.4243,1.4781,12.4
0.74181,0.17736,0.28368,0.58119,20.024,-1.435,1.4901,12.45
0.74203,0.17695,0.28359,0.58108,20.012,-1.4456,1.5016,12.5
0.74256,0.17584,0.28345,0.58081,20,-1.456,1.5142,12.55
0.74289,0.17507,0.28343,0.58063,19.987,-1.4659,1.5264,12.6
0.74327,0.17506,0.28288,0.58041,19.974,-1.4768,1.5397,12.65
0.744,0.17299,0.28219,0.58044,19.961,-1.488,1.5519,12.7
0.74403,0.17322,0.28239,0.58023,19.949,-1.4986,1.5644,12.75
0.74476,0.17217,0.28154,0.58002,19.936,-1.5101,1.5762,12.8
0.74503,0.17168,0.28175,0.57972,19.924,-1.5217,1.588,12.85
0.74533,0.17093,0.28075,0.58003,19.911,-1.5327,1.6012,12.9
0.74561,0.17019,0.2807,0.57993,19.899,-1.5435,1.6139,12.95
0.74642,0.16944,0.28065,0.57912,19.886,-1.5538,1.6258,13
0.74658,0.1694,0.28009,0.5792,19.873,-1.5655,1.6383,13.05
0.74712,0.16808,0.27933,0.57926,19.86,-1.5761,1.6503,13.1
0.74752,0.16721,0.27966,0.57883,19.847,-1.5876,1.6619,13.15
0.748,0.16615,0.27966,0.57852,19.836,-1.598,1.6735,13.2
0.7487,0.16581,0.27828,0.57837,19.823,-1.6088,1.6848,13.25
0.74866,0.16492,0.27891,0.57838,19.81,-1.62,1.6966,13.3
0.74893,0.16478,0.27836,0.57833,19.798,-1.6314,1.7089,13.35
0.74967,0.16322,0.27838,0.57781,19.785,-1.6425,1.7189,13.4
0.74988,0.16278,0.27751,0.57807,19.773,-1.6539,1.7316,13.45
0.75042,0.16209,0.27737,0.57764,19.761,-1.6652,1.7436,13.5
0.75046,0.1614,0.27733,0.5778,19.749,-1.6758,1.7548,13.55
0.75119,0.16104,0.2767,0.57725,19.736,-1.6873,1.7659,13.6
0.7516,0.16008,0.27638,0.57713,19.724,-1.6983,1.7747,13.65
0.75189,0.15969,0.27605,0.57702,19.712,-1.7095,1.7852,13.7
0.75257,0.15874,0.27568,0.57658,19.7,-1.7214,1.7959,13.75
0.75268,0.15796,0.27565,0.57666,19.688,-1.7325,1.8056,13.8
0.75311,0.15752,0.27536,0.57636,19.676,-1.7442,1.8157,13.85
0.7537,0.15656,0.27499,0.57603,19.662,-1.7554,1.8261,13.9
0.75365,0.15566,0.27467,0.57649,19.65,-1.7659,1.8354,13.95
0.75451,0.15448,0.27358,0.5762,19.639,-1.7779,1.8451,14
0.75496,0.15387,0.27366,0.57574,19.627,-1.7893,1.8544,14.05
0.75497,0.15332,0.27322,0.57607,19.615,-1.8015,1.8627,14.1
0.75583,0.15244,0.27339,0.5751,19.603,-1.8132,1.8725,14.15
0.75591,0.152,0.27296,0.57532,19.592,-1.8247,1.8812,14.2
0.75651,0.15156,0.27241,0.5749,19.58,-1.8363,1.8903,14.25
0.75719,0.15084,0.27174,0.57452,19.569,-1.8475,1.8971,14.3
0.75702,0.14926,0.27235,0.57486,19.556,-1.859,1.9053,14.35
0.75737,0.14893,0.27156,0.57487,19.545,-1.8717,1.9122,14.4
0.75767,0.14868,0.27158,0.57452,19.534,-1.8839,1.9194,14.45
0.75876,0.14807,0.26997,0.574,19.523,-1.8957,1.9266,14.5
0.75885,0.14638,0.27039,0.57412,19.512,-1.9074,1.9339,14.55
0.75904,0.14651,0.26989,0.57407,19.5,-1.9186,1.9411,14.6
0.75985,0.1454,0.26991,0.57327,19.489,-1.9295,1.9473,14.65
0.76065,0.14497,0.26909,0.5727,19.478,-1.9411,1.9535,14.7
0.76019,0.14466,0.26893,0.57347,19.467,-1.9523,1.9586,14.75
0.76095,0.14305,0.26866,0.57298,19.456,-1.9644,1.9641,14.8
0.76133,0.14291,0.26819,0.57274,19.446,-1.9762,1.9705,14.85
0.76172,0.14204,0.26795,0.57255,19.435,-1.9879,1.9761,14.9
0.76199,0.14174,0.26679,0.57281,19.424,-1.9998,1.981,14.95
0.76212,0.14051,0.26696,0.57286,19.412,-2.0115,1.9858,15
0.76331,0.14007,0.26606,0.5718,19.402,-2.0234,1.9906,15.05
0.76328,0.13881,0.2657,0.5723,19.393,-2.0358,1.9921,15.1
0.76381,0.13788,0.26613,0.57162,19.383,-2.0484,1.995,15.15
0.76403,0.13704,0.26592,0.57163,19.372,-2.0599,1.9985,15.2
0.76427,0.13652,0.26546,0.57165,19.362,-2.072,2.002,15.25
0.76478,0.13591,0.2651,0.57129,19.352,-2.084,2.0043,15.3
0.7648,0.13536,0.26439,0.57171,19.342,-2.0963,2.0065,15.35
0.76557,0.13405,0.26443,0.57098,19.331,-2.1077,2.009,15.4
0.7658,0.13384,0.26419,0.57083,19.322,-2.1194,2.0106,15.45
0.76609,0.13248,0.26456,0.57059,19.313,-2.132,2.013,15.5
0.7669,0.13208,0.26391,0.56989,19.303,-2.1439,2.0134,15.55
0.76686,0.13169,0.26269,0.5706,19.293,-2.1561,2.0153,15.6
0.76755,0.13005,0.26293,0.56993,19.285,-2.1683,2.015,15.65
0.76763,0.13094,0.26291,0.56963,19.275,-2.1811,2.0149,15.7
0.76746,0.12956,0.26245,0.57038,19.266,-2.1937,2.0146,15.75
0.76812,0.12897,0.26195,0.56986,19.256,-2.2054,2.0151,15.8
0.76868,0.12733,0.26255,0.56919,19.248,-2.2168,2.0131,15.85
0.76953,0.12693,0.26098,0.56885,19.239,-2.2292,2.012,15.9
0.76966,0.12699,0.26117,0.56858,19.231,-2.2413,2.0108,15.95
0.7695,0.12531,0.26102,0.56924,19.222,-2.253,2.0085,16
0.77001,0.12517,0.26022,0.56894,19.213,-2.2653,2.0063,16.05
0.77044,0.12409,0.26088,0.5683,19.204,-2.2777,2.0051,16.1
0.77102,0.124,0.25969,0.56808,19.196,-2.2903,2.0021,16.15
0.77147,0.12334,0.25935,0.56777,19.187,-2.3036,1.9996,16.2
0.77138,0.12256,0.25973,0.56789,19.18,-2.3158,1.9957,16.25
0.77239,0.1209,0.25799,0.56766,19.173,-2.3284,1.9921,16.3
0.7725,0.12016,0.25805,0.56764,19.164,-2.3409,1.9878,16.35
0.7725,0.11934,0.2588,0.56747,19.157,-2.3524,1.9845,16.4
0.77369,0.1192,0.25725,0.56658,19.149,-2.3643,1.9804,16.45
0.77369,0.11893,0.25757,0.56649,19.141,-2.3765,1.9756,16.5
0.77373,0.11797,0.25729,0.56677,19.133,-2.3893,1.971,16.55
0.77389,0.11784,0.257,0.56671,19.126,-2.4019,1.9651,16.6
0.77428,0.11669,0.25751,0.56619,19.119,-2.4151,1.9603,16.65
0.77497,0.11484,0.25651,0.56607,19.112,-2.4269,1.9543,16.7
0.77509,0.11495,0.25542,0.56638,19.106,-2.4388,1.948,16.75
0.77516,0.11442,0.25605,0.5661,19.098,-2.4512,1.9412,16.8
0.77608,0.1134,0.25511,0.56547,19.093,-2.463,1.9338,16.85
0.77586,0.11272,0.25413,0.56634,19.087,-2.4764,1.9252,16.9
0.77684,0.11108,0.25436,0.56523,19.081,-2.489,1.9192,16.95
0.77726,0.11037,0.25411,0.5649,19.074,-2.5013,1.9124,17
0.77772,0.11034,0.25419,0.56424,19.069,-2.514,1.9036,17.05
0.77735,0.10934,0.25344,0.56529,19.063,-2.5271,1.8969,17.1
0.77784,0.10909,0.25336,0.56469,19.058,-2.5397,1.8883,17.15
0.77867,0.10857,0.25236,0.56409,19.051,-2.5522,1.8807,17.2
0.77915,0.10785,0.25212,0.56368,19.045,-2.5641,1.8725,17.25
0.77898,0.10632,0.25186,0.56431,19.04,-2.5767,1.8634,17.3
0.77907,0.10597,0.25189,0.56424,19.036,-2.5895,1.8519,17.35
0.78022,0.10478,0.25127,0.56316,19.031,-2.602,1.8435,17.4
0.78009,0.1045,0.25115,0.56344,19.026,-2.6148,1.8339,17.45
0.78036,0.10358,0.25119,0.56321,19.02,-2.6276,1.8251,17.5
0.78077,0.10396,0.25013,0.56305,19.016,-2.6402,1.8149,17.55
0.78097,0.10265,0.24959,0.56326,19.012,-2.6532,1.8048,17.6
0.78189,0.10206,0.24885,0.56242,19.007,-2.6653,1.7945,17.65
0.78181,0.1002,0.2491,0.56274,19.003,-2.6771,1.7839,17.7
0.78242,0.10105,0.24793,0.56227,18.999,-2.6893,1.7734,17.75
0.78244,0.099527,0.24872,0.56216,18.995,-2.7021,1.7623,17.8
0.78279,0.098351,0.24802,0.56219,18.991,-2.715,1.7515,17.85
0.78319,0.098056,0.24731,0.56199,18.988,-2.7281,1.74,17.9
0.78288,0.097431,0.24813,0.56217,18.985,-2.7413,1.728,17.95
0.78412,0.097241,0.24701,0.56097,18.982,-2.7542,1.717,18
0.78372,0.095841,0.24667,0.56192,18.979,-2.7665,1.7056,18.05
0.78435,0.095282,0.24705,0.56097,18.975,-2.7792,1.6953,18.1
0.78474,0.093747,0.24683,0.56078,18.973,-2.7924,1.6836,18.15
0.78479,0.093339,0.24602,0.56113,18.969,-2.8053,1.6724,18.2
0.78524,0.092824,0.24527,0.56092,18.968,-2.8178,1.6601,18.25
0.78565,0.091722,0.24549,0.56043,18.964,-2.8308,1.6491,18.3
0.78588,0.091091,0.24518,0.56034,18.963,-2.8443,1.6352,18.35
0.7863,0.090529,0.2446,0.56009,18.961,-2.8571,1.6221,18.4
0.78638,0.091295,0.24353,0.56033,18.957,-2.8697,1.6101,18.45
0.7869,0.088939,0.24424,0.55966,18.957,-2.8821,1.5977,18.5
0.78746,0.088346,0.24356,0.55926,18.955,-2.8942,1.5855,18.55
0.78765,0.087622,0.24339,0.55918,18.954,-2.907,1.5732,18.6
0.78776,0.086754,0.24328,0.55921,18.952,-2.9205,1.5612,18.65
0.78848,0.086482,0.2427,0.55849,18.95,-2.9338,1.5489,18.7
0.78888,0.085554,0.24254,0.55814,18.948,-2.9469,1.5353,18.75
0.78911,0.084602,0.24167,0.55834,18.947,-2.9601,1.5236,18.8
0.78933,0.083965,0.24094,0.55844,18.947,-2.9733,1.5107,18.85
0.7891,0.083372,0.24101,0.55883,18.946,-2.9864,1.4968,18.9
0.79002,0.08144,0.24052,0.55802,18.946,-2.9984,1.4843,18.95
0.79032,0.08209,0.24051,0.55751,18.945,-3.0114,1.4723,19
0.79103,0.08108,0.24059,0.55661,18.946,-3.0245,1.4591,19.05
0.79065,0.080056,0.24005,0.55753,18.946,-3.0377,1.4487,19.1
0.79087,0.079624,0.23934,0.55758,18.946,-3.0508,1.4361,19.15
0.79144,0.079,0.23932,0.55688,18.946,-3.0635,1.4233,19.2
0.79129,0.078484,0.23874,0.55741,18.947,-3.0764,1.4109,19.25
0.79171,0.07718,0.2385,0.5571,18.947,-3.0889,1.3985,19.3
0.79211,0.076544,0.23836,0.55667,18.947,-3.102,1.3872,19.35
0.79279,0.076953,0.23725,0.55612,18.948,-3.1149,1.3754,19.4
0.79266,0.07592,0.23759,0.55631,18.95,-3.1275,1.3626,19.45
0.79288,0.074356,0.23703,0.55645,18.951,-3.1403,1.3503,19.5
0.79332,0.073725,0.236,0.55634,18.953,-3.153,1.3378,19.55
0.79381,0.072989,0.23586,0.55579,18.955,-3.1657,1.3258,19.6
0.7939,0.07277,0.23596,0.55565,18.955,-3.179,1.3147,19.65
0.79395,0.071745,0.23539,0.55596,18.957,-3.1927,1.3032,19.7
0.79447,0.071275,0.23529,0.55531,18.959,-3.2058,1.2922,19.75
0.79461,0.070728,0.2358,0.55496,18.962,-3.2192,1.281,19.8
0.79504,0.069323,0.23504,0.55485,18.963,-3.2317,1.2695,19.85
0.79582,0.068867,0.23459,0.55398,18.966,-3.2445,1.2587,19.9
0.7957,0.068573,0.23391,0.55448,18.967,-3.2576,1.2481,19.95
0.79588,0.067989,0.23332,0.55454,18.97,-3.2705,1.2373,20
0.79628,0.066115,0.23333,0.55419,18.973,-3.2836,1.2272,20.05
0.79633,0.065269,0.23374,0.55405,18.976,-3.2967,1.2161,20.1
0.79725,0.064956,0.23223,0.55339,18.979,-3.3097,1.2062,20.15
0.7971,0.0644,0.23208,0.55374,18.982,-3.3231,1.1965,20.2
0.79751,0.063704,0.23113,0.55363,18.985,-3.3361,1.1862,20.25
0.79777,0.062513,0.23069,0.55357,18.988,-3.3489,1.1775,20.3
0.7978,0.062634,0.23171,0.55308,18.992,-3.362,1.1675,20.35
0.79846,0.061285,0.23035,0.55285,18.995,-3.3753,1.1574,20.4
0.79873,0.060633,0.23095,0.55229,18.999,-3.3884,1.1491,20.45
0.79846,0.059834,0.23049,0.55295,19.003,-3.401,1.1417,20.5
0.79949,0.059129,0.22927,0.55205,19.007,-3.414,1.1335,20.55
0.79961,0.058949,0.22995,0.55161,19.011,-3.4283,1.1253,20.6
0.79985,0.058057,0.22933,0.55162,19.016,-3.4416,1.1166,20.65
0.80026,0.056502,0.22869,0.55144,19.02,-3.4541,1.1093,20.7
0.80047,0.056335,0.22807,0.55141,19.025,-3.4672,1.1017,20.75
0.80104,0.056478,0.22752,0.5508,19.029,-3.48,1.0952,20.8
0.80098,0.05508,0.22796,0.55085,19.034,-3.4931,1.0876,20.85
0.80108,0.05395,0.22722,0.55111,19.04,-3.5064,1.0804,20.9
0.80127,0.053338,0.22752,0.55078,19.045,-3.5207,1.073,20.95
0.80183,0.052971,0.2264,0.55046,19.049,-3.5339,1.0686,21
0.80183,0.052036,0.22664,0.55045,19.056,-3.5469,1.0618,21.05
0.80227,0.051637,0.22685,0.54976,19.062,-3.5597,1.055,21.1
0.80225,0.05046,0.22637,0.5501,19.067,-3.5729,1.0506,21.15
0.80249,0.049198,0.22578,0.55011,19.073,-3.5863,1.0457,21.2
0.80304,0.04856,0.22577,0.54936,19.078,-3.5996,1.0417,21.25
0.80342,0.047302,0.22522,0.54914,19.083,-3.6129,1.0371,21.3
0.80368,0.047619,0.22384,0.5493,19.089,-3.6261,1.0323,21.35
0.80398,0.046716,0.22369,0.549,19.096,-3.6391,1.0284,21.4
0.80372,0.046246,0.22353,0.54948,19.103,-3.6525,1.0248,21.45
0.80421,0.044973,0.2236,0.54884,19.11,-3.6661,1.0215,21.5
0.80454,0.04519,0.2225,0.54878,19.116,-3.6795,1.0197,21.55
0.80487,0.043801,0.22221,0.54854,19.122,-3.6927,1.0162,21.6
0.80514,0.043637,0.22279,0.54791,19.129,-3.7056,1.0135,21.65
0.80551,0.042388,0.22325,0.54729,19.137,-3.7185,1.0114,21.7
0.80583,0.040874,0.22246,0.54724,19.144,-3.7321,1.009,21.75
0.80597,0.040566,0.22161,0.5474,19.15,-3.7457,1.0082,21.8
0.806,0.04025,0.22091,0.54767,19.158,-3.7588,1.007,21.85
0.80645,0.03918,0.22014,0.5474,19.165,-3.7719,1.0069,21.9
0.80682,0.03846,0.21991,0.547,19.173,-3.7854,1.0054,21.95
0.80653,0.037397,0.22017,0.54739,19.18,-3.7994,1.0053,22
0.80705,0.036132,0.21869,0.54731,19.188,-3.8119,1.0053,22.05
0.80777,0.036538,0.2184,0.54633,19.196,-3.8257,1.0056,22.1
0.80815,0.035979,0.21809,0.54592,19.203,-3.8386,1.0076,22.15
0.80781,0.034892,0.21834,0.5464,19.211,-3.852,1.0084,22.2
0.80806,0.033752,0.21844,0.54607,19.22,-3.8654,1.0096,22.25
0.80835,0.033325,0.21879,0.54552,19.228,-3.8788,1.0112,22.3
0.80845,0.032662,0.21762,0.54588,19.236,-3.8917,1.013,22.35
0.80904,0.031223,0.21738,0.54518,19.243,-3.9049,1.0158,22.4
0.80906,0.03158,0.21745,0.5451,19.252,-3.9182,1.0174,22.45
0.80923,0.03066,0.21623,0.54539,19.26,-3.9313,1.0198,22.5
0.80992,0.029749,0.21541,0.54474,19.269,-3.9451,1.0241,22.55
0.80993,0.028589,0.21584,0.54462,19.277,-3.9586,1.0269,22.6
0.8103,0.028575,0.2149,0.54444,19.285,-3.9722,1.0315,22.65
0.81005,0.027831,0.21502,0.5448,19.294,-3.9859,1.035,22.7
0.81021,0.027464,0.21482,0.54466,19.303,-3.9999,1.0386,22.75
0.81073,0.025857,0.21432,0.54417,19.314,-4.0132,1.0428,22.8
0.81091,0.025645,0.21404,0.54401,19.324,-4.0264,1.048,22.85
0.81093,0.024774,0.2141,0.54401,19.332,-4.0396,1.0536,22.9
0.81166,0.023405,0.21279,0.54348,19.341,-4.0528,1.0598,22.95
0.81215,0.023625,0.21315,0.54261,19.35,-4.0661,1.0662,23
0.81193,0.022308,0.21265,0.54318,19.358,-4.0793,1.0726,23.05
0.81204,0.021948,0.21181,0.54336,19.368,-4.0931,1.0786,23.1
0.81186,0.022125,0.21252,0.54335,19.378,-4.107,1.0847,23.15
0.81292,0.020882,0.212,0.54202,19.388,-4.1209,1.091,23.2
0.81287,0.019801,0.2109,0.54257,19.398,-4.1331,1.0982,23.25
0.81305,0.01956,0.21059,0.54242,19.407,-4.1465,1.1059,23.3
0.81361,0.018511,0.21026,0.54175,19.416,-4.1604,1.113,23.35
0.81334,0.017555,0.21074,0.54199,19.427,-4.1739,1.1214,23.4
0.81358,0.016432,0.2099,0.542,19.436,-4.1869,1.1287,23.45
0.81375,0.015519,0.20967,0.54186,19.446,-4.2002,1.1373,23.5
0.81456,0.01417,0.20905,0.54091,19.456,-4.2137,1.1458,23.55
0.81392,0.014241,0.20946,0.54172,19.467,-4.2274,1.1543,23.6
0.81449,0.013651,0.20867,0.54119,19.477,-4.2399,1.1646,23.65
0.81502,0.013555,0.20846,0.54046,19.486,-4.2531,1.1734,23.7
0.8146,0.011937,0.20837,0.54116,19.496,-4.266,1.1839,23.75
0.81565,0.011213,0.207,0.54013,19.505,-4.279,1.1927,23.8
0.81556,0.011446,0.2074,0.54011,19.516,-4.2928,1.2019,23.85
0.81576,0.010809,0.20704,0.53995,19.528,-4.3068,1.2099,23.9
0.81594,0.0099444,0.20631,0.53998,19.537,-4.3202,1.2202,23.95
0.81585,0.0088981,0.20578,0.54034,19.548,-4.3337,1.2303,24
0.81585,0.0077326,0.20557,0.54043,19.558,-4.3473,1.2421,24.05
0.81622,0.0072287,0.20508,0.54007,19.567,-4.3607,1.253,24.1
0.81679,0.007169,0.20531,0.53912,19.576,-4.3742,1.264,24.15
0.81694,0.005733,0.20503,0.53902,19.587,-4.3881,1.2752,24.2
0.81727,0.005177,0.20348,0.53911,19.598,-4.4022,1.2862,24.25
0.81714,0.0040361,0.20402,0.53911,19.609,-4.416,1.2975,24.3
0.81752,0.0033136,0.20386,0.5386,19.62,-4.4293,1.309,24.35
0.81744,0.0024523,0.20253,0.53922,19.63,-4.4426,1.3201,24.4
0.8176,0.0014404,0.20208,0.53916,19.642,-4.4548,1.3322,24.45
0.81754,0.0016482,0.20218,0.53921,19.652,-4.4675,1.3429,24.5
0.81827,0.00057845,0.20202,0.53817,19.662,-4.4809,1.3548,24.55
0.81874,-0.00082944,0.20196,0.53747,19.673,-4.4947,1.3671,24.6
0.81864,-0.00026428,0.20083,0.53804,19.683,-4.5083,1.3798,24.65
0.81902,-0.0014885,0.20024,0.53769,19.694,-4.5222,1.3924,24.7
0.81922,-0.0019588,0.20039,0.53733,19.705,-4.5361,1.4036,24.75
0.81932,-0.0032563,0.19984,0.53738,19.715,-4.5496,1.4159,24.8
0.81952,-0.0033502,0.20064,0.53676,19.725,-4.5635,1.4279,24.85
0.81945,-0.0038411,0.20015,0.53706,19.737,-4.5767,1.4401,24.9
0.81971,-0.0056026,0.19995,0.53672,19.747,-4.5901,1.4523,24.95
0.81992,-0.0057222,0.19848,0.53694,19.756,-4.6027,1.4655,25
0.8205,-0.0057777,0.19842,0.53608,19.767,-4.6156,1.4766,25.05
0.82046,-0.007072,0.19866,0.53603,19.778,-4.6291,1.4893,25.1
0.82033,-0.0081444,0.19818,0.5364,19.789,-4.6428,1.5015,25.15
0.82094,-0.0084677,0.19749,0.53571,19.8,-4.6559,1.5144,25.2
0.8205,-0.0093833,0.19797,0.53619,19.81,-4.6695,1.5266,25.25
0.82119,-0.010526,0.19735,0.53534,19.821,-4.6825,1.5397,25.3
0.82106,-0.010762,0.1977,0.53541,19.831,-4.6956,1.552,25.35
0.8216,-0.010834,0.19624,0.53511,19.842,-4.708,1.5635,25.4
0.82159,-0.012475,0.19632,0.53507,19.852,-4.7218,1.576,25.45
0.82163,-0.012969,0.19569,0.53522,19.863,-4.7354,1.5879,25.5
0.82258,-0.013783,0.19501,0.53399,19.873,-4.7485,1.6007,25.55
0.8228,-0.014556,0.19431,0.53388,19.884,-4.7618,1.6127,25.6
0.82226,-0.015385,0.19507,0.53441,19.894,-4.7755,1.6249,25.65
0.82241,-0.015956,0.19483,0.53425,19.904,-4.7894,1.6361,25.7
0.82273,-0.017136,0.19357,0.53418,19.913,-4.803,1.6483,25.75
0.82289,-0.017593,0.19416,0.53371,19.925,-4.8162,1.6603,25.8
0.8231,-0.017915,0.19348,0.53362,19.934,-4.8289,1.6715,25.85
0.82393,-0.01882,0.19287,0.53253,19.944,-4.8417,1.6835,25.9
0.82336,-0.018784,0.19279,0.53345,19.954,-4.8547,1.694,25.95
0.82403,-0.019988,0.19203,0.53263,19.964,-4.8679,1.7058,26
0.82393,-0.019865,0.19181,0.53288,19.975,-4.8804,1.716,26.05
0.82363,-0.02158,0.19114,0.53352,19.985,-4.8933,1.727,26.1
0.82396,-0.022709,0.19092,0.53303,19.995,-4.9064,1.7383,26.15
0.82387,-0.02337,0.19132,0.533,20.005,-4.9198,1.7497,26.2
0.82438,-0.023443,0.19038,0.53254,20.014,-4.9333,1.7607,26.25
0.82457,-0.024595,0.18984,0.5324,20.024,-4.9475,1.7713,26.3
0.82441,-0.025016,0.19015,0.53251,20.034,-4.9611,1.7817,26.35
0.82475,-0.025389,0.18975,0.53211,20.043,-4.9732,1.7916,26.4
0.82486,-0.027236,0.18851,0.53229,20.053,-4.987,1.8011,26.45
0.82496,-0.02747,0.18851,0.53211,20.063,-5,1.8105,26.5
0.82564,-0.028255,0.1879,0.53124,20.073,-5.0132,1.8203,26.55
0.8255,-0.029878,0.18752,0.53151,20.083,-5.0263,1.8288,26.6
0.82576,-0.030144,0.18821,0.53083,20.092,-5.0392,1.837,26.65
0.8262,-0.030271,0.18709,0.53054,20.101,-5.0519,1.8469,26.7
0.82637,-0.03129,0.18656,0.53041,20.111,-5.0647,1.8561,26.75
0.82621,-0.031517,0.18656,0.53064,20.119,-5.0782,1.8643,26.8
0.82629,-0.032193,0.18662,0.53046,20.128,-5.0912,1.8728,26.85
0.82665,-0.033315,0.18658,0.52983,20.138,-5.1038,1.8812,26.9
0.82653,-0.033828,0.18595,0.53022,20.147,-5.1167,1.8894,26.95
0.82682,-0.0347,0.18567,0.52981,20.155,-5.1306,1.8966,27
0.82692,-0.035551,0.18549,0.52966,20.164,-5.1434,1.9038,27.05
0.82728,-0.036586,0.18425,0.52946,20.173,-5.1567,1.9104,27.1
0.82731,-0.037254,0.18389,0.52949,20.182,-5.1694,1.9165,27.15
0.82707,-0.037354,0.18475,0.52955,20.19,-5.1827,1.9237,27.2
0.82759,-0.038634,0.18336,0.52913,20.199,-5.1957,1.9295,27.25
0.82783,-0.039089,0.18377,0.52859,20.207,-5.2084,1.935,27.3
0.82777,-0.039492,0.18295,0.52893,20.215,-5.2216,1.9402,27.35
0.82777,-0.041118,0.18261,0.52892,20.223,-5.2347,1.9453,27.4
0.8281,-0.041738,0.18269,0.52832,20.231,-5.2477,1.9502,27.45
0.82808,-0.042119,0.18227,0.52848,20.238,-5.261,1.9554,27.5
0.82825,-0.041888,0.18191,0.52836,20.246,-5.2741,1.9601,27.55
0.82847,-0.043158,0.1812,0.52816,20.254,-5.2864,1.9654,27.6
0.82845,-0.043528,0.18049,0.5284,20.261,-5.2989,1.9681,27.65
0.82889,-0.045691,0.18022,0.52761,20.269,-5.3114,1.9719,27.7
0.82884,-0.045083,0.17954,0.52797,20.277,-5.3245,1.9748,27.75
0.82869,-0.046263,0.17982,0.52801,20.285,-5.3375,1.9773,27.8
0.8287,-0.047264,0.18005,0.52783,20.291,-5.3497,1.98,27.85
0.82919,-0.047094,0.18022,0.52701,20.298,-5.363,1.9825,27.9
0.82917,-0.049274,0.18002,0.52692,20.305,-5.3763,1.9847,27.95
0.82931,-0.049762,0.17915,0.52694,20.312,-5.3893,1.9861,28
0.82982,-0.050373,0.1787,0.52625,20.318,-5.4016,1.9874,28.05
0.82988,-0.050094,0.17817,0.52635,20.325,-5.4147,1.989,28.1
0.82977,-0.051723,0.1776,0.52657,20.331,-5.4271,1.9897,28.15
0.83001,-0.05237,0.17795,0.526,20.338,-5.4395,1.9903,28.2
0.83002,-0.053089,0.1769,0.52626,20.345,-5.4534,1.9907,28.25
0.83045,-0.053636,0.17641,0.52569,20.351,-5.4658,1.9907,28.3
0.83057,-0.053935,0.17577,0.52569,20.356,-5.4786,1.9909,28.35
0.83041,-0.055361,0.1762,0.52565,20.362,-5.4919,1.9907,28.4
0.83065,-0.056199,0.17555,0.52541,20.368,-5.5037,1.99,28.45
0.83085,-0.056547,0.17531,0.52512,20.373,-5.5166,1.9874,28.5
0.83093,-0.057427,0.17529,0.52491,20.378,-5.5296,1.9858,28.55
0.8309,-0.057956,0.17415,0.52528,20.384,-5.5416,1.9835,28.6
0.83125,-0.058618,0.17405,0.52469,20.39,-5.5543,1.9817,28.65
0.83144,-0.059212,0.17375,0.52442,20.395,-5.5667,1.9791,28.7
0.83138,-0.060613,0.17311,0.52457,20.4,-5.5788,1.976,28.75
0.83148,-0.060982,0.17347,0.52425,20.404,-5.5918,1.9726,28.8
0.83114,-0.062158,0.1724,0.525,20.41,-5.6043,1.97,28.85
0.83161,-0.062397,0.17206,0.52433,20.415,-5.6164,1.9657,28.9
0.83163,-0.062546,0.17195,0.52433,20.419,-5.6285,1.9617,28.95
0.83203,-0.064158,0.17152,0.52363,20.424,-5.641,1.9567,29
0.83229,-0.064908,0.17211,0.52294,20.428,-5.6526,1.9517,29.05
0.83214,-0.065385,0.17156,0.52329,20.433,-5.6651,1.9467,29.1
0.8321,-0.066356,0.17162,0.52321,20.436,-5.6782,1.942,29.15
0.83244,-0.066302,0.17067,0.52299,20.439,-5.69,1.9377,29.2
0.83242,-0.066714,0.17028,0.5231,20.442,-5.7025,1.9311,29.25
0.83247,-0.067982,0.17014,0.5229,20.446,-5.7153,1.9243,29.3
0.83275,-0.068046,0.17001,0.52249,20.449,-5.7277,1.9181,29.35
0.83255,-0.070476,0.16961,0.52262,20.452,-5.7396,1.9112,29.4
0.83246,-0.071254,0.16881,0.52292,20.456,-5.7524,1.9045,29.45
0.8328,-0.071379,0.1692,0.52223,20.459,-5.7644,1.898,29.5
0.83254,-0.072611,0.16865,0.52265,20.461,-5.7753,1.8906,29.55
0.83274,-0.073576,0.16878,0.52216,20.464,-5.7869,1.8823,29.6
0.83296,-0.073631,0.16828,0.52197,20.467,-5.7991,1.8753,29.65
0.83325,-0.073855,0.16724,0.5218,20.468,-5.8113,1.8662,29.7
0.83331,-0.074885,0.16755,0.52146,20.469,-5.8234,1.8596,29.75
0.8331,-0.074509,0.16686,0.52207,20.472,-5.835,1.8507,29.8
0.83347,-0.075519,0.16604,0.52159,20.474,-5.8471,1.842,29.85
0.83341,-0.076574,0.16604,0.52154,20.476,-5.8588,1.8324,29.9
0.83365,-0.077522,0.16598,0.52103,20.478,-5.8703,1.8231,29.95
0.83362,-0.077598,0.16598,0.52107,20.479,-5.8821,1.8136,30
0.83402,-0.079662,0.16485,0.52047,20.48,-5.894,1.8044,30.05
0.83442,-0.079619,0.16495,0.5198,20.48,-5.9059,1.7936,30.1
0.83426,-0.080911,0.16459,0.51998,20.482,-5.9173,1.7831,30.15
0.8344,-0.080894,0.16462,0.51975,20.483,-5.9298,1.773,30.2
0.83457,-0.081891,0.16264,0.51995,20.483,-5.9404,1.7626,30.25
0.83448,-0.083182,0.16352,0.5196,20.484,-5.9526,1.7516,30.3
0.83448,-0.083418,0.16314,0.51968,20.483,-5.965,1.7407,30.35
0.83427,-0.084426,0.16264,0.52001,20.484,-5.9762,1.7297,30.4
0.83474,-0.085301,0.16204,0.5193,20.484,-5.9879,1.719,30.45
0.83473,-0.085959,0.16236,0.51911,20.483,-5.9991,1.7076,30.5
0.83508,-0.085616,0.16199,0.51871,20.483,-6.0107,1.696,30.55
0.83458,-0.087372,0.16145,0.51941,20.483,-6.0222,1.6852,30.6
0.83481,-0.088285,0.16137,0.51891,20.482,-6.034,1.6732,30.65
0.83499,-0.088962,0.16055,0.51874,20.48,-6.0451,1.6622,30.7
0.83519,-0.089379,0.1604,0.5184,20.479,-6.0564,1.65,30.75
0.83466,-0.09093,0.1611,0.51878,20.479,-6.0673,1.6379,30.8
0.83447,-0.091554,0.16037,0.5192,20.478,-6.0788,1.6248,30.85
0.83516,-0.091747,0.15989,0.51819,20.475,-6.0895,1.613,30.9
0.83549,-0.092013,0.15975,0.51767,20.475,-6.1014,1.6007,30.95
0.83501,-0.092445,0.15934,0.51848,20.473,-6.1127,1.588,31
0.83561,-0.093541,0.15835,0.51762,20.471,-6.1235,1.5765,31.05
0.83559,-0.093974,0.15867,0.51748,20.468,-6.134,1.5639,31.1
0.83568,-0.094833,0.15793,0.51741,20.467,-6.146,1.5504,31.15
0.83567,-0.095969,0.15775,0.51726,20.464,-6.1566,1.5377,31.2
0.83604,-0.096201,0.15723,0.51678,20.461,-6.1673,1.5268,31.25
0.83552,-0.097434,0.15741,0.51733,20.458,-6.1781,1.5148,31.3
0.83606,-0.09855,0.15673,0.51646,20.455,-6.1885,1.5012,31.35
0.83641,-0.098528,0.15605,0.51609,20.452,-6.1992,1.4883,31.4
0.8361,-0.099643,0.15561,0.51653,20.449,-6.2099,1.4757,31.45
0.83586,-0.099576,0.15626,0.51673,20.445,-6.221,1.4641,31.5
0.83616,-0.10066,0.15497,0.51642,20.441,-6.2317,1.4524,31.55
0.83585,-0.10186,0.15545,0.51655,20.436,-6.2424,1.4402,31.6
0.83628,-0.10256,0.15457,0.51597,20.432,-6.2529,1.4255,31.65
0.83594,-0.10317,0.15443,0.51644,20.429,-6.264,1.4131,31.7
0.83616,-0.10395,0.15438,0.51594,20.425,-6.2746,1.4009,31.75
0.83636,-0.10416,0.15376,0.51576,20.42,-6.285,1.3889,31.8
0.83621,-0.10482,0.15402,0.51579,20.415,-6.2955,1.3769,31.85
0.8364,-0.10574,0.15309,0.51557,20.411,-6.3062,1.3646,31.9
0.83667,-0.10657,0.15273,0.51507,20.405,-6.3162,1.3513,31.95
0.83614,-0.10746,0.15303,0.51566,20.401,-6.3258,1.3386,32
0.83617,-0.10848,0.15302,0.5154,20.395,-6.3357,1.3271,32.05
0.83643,-0.10849,0.1522,0.51521,20.39,-6.3459,1.3162,32.1
0.83627,-0.10938,0.15144,0.51552,20.385,-6.3565,1.3045,32.15
0.83622,-0.11032,0.15114,0.51548,20.379,-6.3674,1.292,32.2
0.83678,-0.11082,0.15112,0.51447,20.372,-6.3771,1.2808,32.25
0.83692,-0.11216,0.15034,0.51418,20.366,-6.3873,1.2695,32.3
0.83663,-0.11266,0.15048,0.5145,20.36,-6.3979,1.2582,32.35
0.83674,-0.11344,0.15059,0.51412,20.354,-6.4077,1.2468,32.4
0.8372,-0.11335,0.15015,0.51352,20.347,-6.4166,1.237,32.45
0.83684,-0.11503,0.14968,0.51386,20.341,-6.4264,1.2253,32.5
0.83652,-0.11583,0.14929,0.51433,20.334,-6.4366,1.2142,32.55
0.83735,-0.1164,0.14755,0.51334,20.327,-6.4458,1.2045,32.6
0.8369,-0.11739,0.14818,0.51367,20.319,-6.4562,1.1944,32.65
0.83701,-0.11805,0.14787,0.51344,20.311,-6.4655,1.1839,32.7
0.83735,-0.11891,0.14847,0.5125,20.304,-6.4764,1.1738,32.75
0.83684,-0.12006,0.14822,0.51313,20.296,-6.4859,1.1636,32.8
0.83724,-0.11995,0.14757,0.51271,20.289,-6.4955,1.1536,32.85
0.83697,-0.12002,0.14755,0.51313,20.281,-6.5051,1.1448,32.9
0.83696,-0.12113,0.14646,0.5132,20.272,-6.5149,1.1364,32.95
0.83715,-0.1222,0.14681,0.51253,20.263,-6.5239,1.1266,33
0.83759,-0.12222,0.14623,0.51198,20.254,-6.5337,1.1179,33.05
0.83711,-0.1231,0.14631,0.51253,20.246,-6.5416,1.1096,33.1
0.83676,-0.12425,0.1459,0.51295,20.239,-6.5505,1.1005,33.15
0.83717,-0.1253,0.14528,0.51219,20.23,-6.5604,1.0919,33.2
0.83752,-0.12536,0.14466,0.51177,20.221,-6.569,1.0842,33.25
0.83737,-0.12633,0.14462,0.5118,20.211,-6.5784,1.0766,33.3
0.83726,-0.12729,0.14443,0.51179,20.201,-6.5874,1.0695,33.35
0.83775,-0.12689,0.14328,0.51141,20.194,-6.597,1.0619,33.4
0.83726,-0.12868,0.14355,0.5117,20.184,-6.6056,1.0563,33.45
0.83697,-0.12881,0.14324,0.51222,20.173,-6.6142,1.0496,33.5
0.83761,-0.12999,0.14311,0.51091,20.163,-6.6233,1.0429,33.55
0.83755,-0.13059,0.14309,0.51086,20.154,-6.6319,1.0363,33.6
0.83758,-0.13066,0.14256,0.51094,20.144,-6.6408,1.0304,33.65
0.83751,-0.13207,0.14269,0.51066,20.133,-6.6488,1.0262,33.7
0.83716,-0.13274,0.1426,0.51108,20.122,-6.658,1.021,33.75
0.83748,-0.13296,0.14156,0.51079,20.111,-6.6671,1.0162,33.8
0.83728,-0.1339,0.14099,0.51104,20.1,-6.6763,1.0117,33.85
0.83788,-0.13431,0.14115,0.5099,20.09,-6.6843,1.0078,33.9
0.83757,-0.13613,0.14126,0.50989,20.08,-6.6933,1.0021,33.95
0.83743,-0.13685,0.14077,0.51006,20.068,-6.701,0.99858,34
0.83803,-0.1376,0.1392,0.50931,20.058,-6.7101,0.99606,34.05
0.83725,-0.13872,0.14002,0.51006,20.047,-6.7179,0.99363,34.1
0.83759,-0.13899,0.13989,0.50946,20.035,-6.7261,0.99053,34.15
0.83776,-0.13974,0.13927,0.50914,20.023,-6.7342,0.98795,34.2
0.83757,-0.13977,0.13947,0.5094,20.011,-6.7426,0.98441,34.25
0.83772,-0.14006,0.13793,0.50949,19.999,-6.7507,0.9826,34.3
0.83811,-0.14138,0.13859,0.50831,19.987,-6.7586,0.98159,34.35
0.83752,-0.14165,0.13856,0.50922,19.975,-6.7669,0.981,34.4
0.83743,-0.14275,0.13846,0.50908,19.963,-6.7743,0.98007,34.45
0.8375,-0.14318,0.13785,0.50901,19.951,-6.7819,0.97948,34.5
0.83755,-0.14501,0.13744,0.50851,19.939,-6.7895,0.97864,34.55
0.83732,-0.14554,0.13777,0.50866,19.926,-6.7978,0.97834,34.6
0.83799,-0.14576,0.13657,0.50781,19.913,-6.8048,0.97909,34.65
0.83803,-0.14661,0.13653,0.50751,19.901,-6.8126,0.97927,34.7
0.83805,-0.14745,0.13571,0.50746,19.888,-6.8198,0.98009,34.75
0.83737,-0.14759,0.13615,0.50842,19.875,-6.8273,0.98213,34.8
0.83726,-0.14847,0.13562,0.5085,19.862,-6.835,0.98423,34.85
0.83797,-0.1494,0.13483,0.50725,19.848,-6.8429,0.98696,34.9
0.83788,-0.15017,0.13482,0.50718,19.836,-6.8503,0.98833,34.95
0.83762,-0.15107,0.13483,0.50734,19.823,-6.8586,0.99068,35
0.83781,-0.15155,0.13459,0.50695,19.809,-6.8654,0.993,35.05
0.83807,-0.15228,0.13311,0.50668,19.796,-6.8729,0.99661,35.1
0.83768,-0.15364,0.13372,0.50676,19.783,-6.8798,0.99886,35.15
0.83748,-0.154,0.13438,0.50681,19.768,-6.8874,1.0032,35.2
0.83792,-0.15452,0.13263,0.50638,19.754,-6.8949,1.0058,35.25
0.83755,-0.15489,0.13348,0.50666,19.74,-6.9022,1.0106,35.3
0.83767,-0.15516,0.13295,0.50652,19.726,-6.9095,1.0147,35.35
0.83726,-0.15697,0.13169,0.50696,19.711,-6.9167,1.0203,35.4
0.83743,-0.15804,0.13226,0.50621,19.697,-6.923,1.0259,35.45
0.83733,-0.15815,0.13112,0.50662,19.684,-6.9306,1.0311,35.5
0.83767,-0.15925,0.13144,0.50565,19.669,-6.9371,1.0366,35.55
0.83764,-0.15925,0.13117,0.50577,19.655,-6.9437,1.0429,35.6
0.83748,-0.16058,0.13062,0.50574,19.64,-6.9494,1.0486,35.65
0.83765,-0.16138,0.13022,0.50532,19.626,-6.9558,1.0556,35.7
0.83759,-0.16173,0.13065,0.50519,19.61,-6.962,1.0625,35.75
0.83749,-0.16265,0.1302,0.50517,19.596,-6.9692,1.069,35.8
0.83746,-0.16378,0.13032,0.50483,19.58,-6.9765,1.0763,35.85
0.83758,-0.16408,0.12935,0.50479,19.566,-6.9834,1.0835,35.9
0.837,-0.16392,0.12984,0.50568,19.55,-6.9892,1.0919,35.95
0.83742,-0.16533,0.12899,0.50474,19.535,-6.9953,1.1014,36
0.83743,-0.16643,0.12912,0.50432,19.52,-7.0016,1.1094,36.05
0.83709,-0.16665,0.12857,0.50496,19.504,-7.0083,1.1172,36.1
0.83738,-0.16685,0.1277,0.50463,19.489,-7.0149,1.1259,36.15
0.83721,-0.16907,0.12749,0.50423,19.474,-7.0209,1.1351,36.2
0.83729,-0.16925,0.12797,0.50392,19.458,-7.027,1.1432,36.25
0.8372,-0.16949,0.12803,0.50396,19.443,-7.0335,1.1536,36.3
0.83754,-0.17009,0.12714,0.50341,19.428,-7.0396,1.1637,36.35
0.83724,-0.17191,0.12628,0.50351,19.412,-7.0453,1.1722,36.4
0.83752,-0.17205,0.12635,0.50299,19.396,-7.0507,1.1824,36.45
0.83727,-0.17306,0.12558,0.50324,19.382,-7.0571,1.1931,36.5
0.83722,-0.17341,0.1253,0.50329,19.366,-7.0622,1.203,36.55
0.83663,-0.17448,0.12555,0.50384,19.35,-7.0679,1.2134,36.6
0.83662,-0.17452,0.12556,0.50382,19.335,-7.074,1.2243,36.65
0.83703,-0.17531,0.12463,0.5031,19.318,-7.0795,1.2351,36.7
0.83709,-0.17593,0.12502,0.5027,19.303,-7.0857,1.2456,36.75
0.83711,-0.17663,0.12455,0.50253,19.287,-7.0915,1.2565,36.8
0.83714,-0.17637,0.12444,0.50261,19.272,-7.097,1.2687,36.85
0.83664,-0.17899,0.12357,0.50272,19.256,-7.1022,1.2789,36.9
0.83657,-0.17963,0.1235,0.50263,19.24,-7.1074,1.2913,36.95
0.83708,-0.17992,0.12361,0.50164,19.223,-7.1127,1.3036,37
0.83668,-0.17993,0.12275,0.50251,19.207,-7.1184,1.3147,37.05
0.83605,-0.18159,0.12323,0.50286,19.191,-7.1234,1.3265,37.1
0.83676,-0.1827,0.12266,0.50141,19.176,-7.1287,1.3376,37.15
0.83672,-0.18316,0.12256,0.50132,19.16,-7.1344,1.3497,37.2
0.83664,-0.18328,0.12239,0.50147,19.143,-7.14,1.3624,37.25
0.83657,-0.18458,0.12155,0.50131,19.127,-7.1451,1.3757,37.3
0.83649,-0.1846,0.12132,0.50148,19.111,-7.1491,1.3872,37.35
0.83618,-0.18578,0.12087,0.50167,19.096,-7.1546,1.3991,37.4
0.8363,-0.18645,0.12132,0.50112,19.079,-7.1589,1.41,37.45
0.83628,-0.187,0.12084,0.50107,19.063,-7.1648,1.4227,37.5
0.83598,-0.18701,0.12105,0.50152,19.046,-7.1698,1.4351,37.55
0.83607,-0.18858,0.12047,0.50092,19.03,-7.1751,1.4472,37.6
0.8362,-0.18886,0.11962,0.5008,19.014,-7.1797,1.4599,37.65
0.83617,-0.1895,0.11992,0.50053,18.998,-7.1854,1.4724,37.7
0.83608,-0.19084,0.11971,0.50021,18.981,-7.1906,1.4852,37.75
0.83605,-0.1913,0.11989,0.50005,18.966,-7.1951,1.4982,37.8
0.83585,-0.19191,0.11858,0.50046,18.95,-7.2003,1.5108,37.85
0.83588,-0.19319,0.11843,0.49995,18.933,-7.2049,1.523,37.9
0.83608,-0.19261,0.11791,0.49997,18.917,-7.2099,1.5352,37.95
0.83597,-0.19307,0.11788,0.49998,18.901,-7.215,1.5475,38
0.83577,-0.19404,0.11814,0.49988,18.886,-7.2193,1.5594,38.05
0.83562,-0.19626,0.11685,0.49956,18.87,-7.2227,1.5709,38.1
0.83582,-0.19682,0.11731,0.49891,18.853,-7.2276,1.5836,38.15
0.8358,-0.19691,0.11707,0.49896,18.838,-7.2326,1.5965,38.2
0.83581,-0.19787,0.11644,0.49872,18.821,-7.2365,1.607,38.25
0.83517,-0.1992,0.11572,0.49943,18.805,-7.241,1.6192,38.3
0.83492,-0.1997,0.11609,0.49956,18.79,-7.245,1.6304,38.35
0.83534,-0.20014,0.11589,0.49871,18.774,-7.2495,1.6431,38.4
0.83529,-0.20073,0.1164,0.49845,18.757,-7.2534,1.6553,38.45
0.83536,-0.20204,0.11586,0.49793,18.741,-7.2577,1.6665,38.5
0.83521,-0.20233,0.11535,0.49817,18.725,-7.2625,1.678,38.55
0.83495,-0.20322,0.11437,0.49847,18.709,-7.2669,1.6896,38.6
0.83486,-0.20388,0.11453,0.49833,18.693,-7.2713,1.7005,38.65
0.83468,-0.20421,0.11512,0.49835,18.677,-7.2755,1.7115,38.7
0.83468,-0.20517,0.1141,0.49819,18.662,-7.2797,1.7221,38.75
0.83475,-0.2055,0.11468,0.4978,18.647,-7.2836,1.7326,38.8
0.83488,-0.20692,0.1137,0.49722,18.632,-7.2877,1.7425,38.85
0.83465,-0.20646,0.11333,0.49789,18.615,-7.2917,1.7536,38.9
0.83471,-0.20806,0.11386,0.49699,18.599,-7.2958,1.7634,38.95
0.83447,-0.209,0.11291,0.49722,18.585,-7.3002,1.7735,39
0.83426,-0.20927,0.11303,0.49743,18.569,-7.3049,1.7831,39.05
0.8342,-0.2106,0.11299,0.49697,18.553,-7.3094,1.793,39.1
0.83423,-0.21151,0.11155,0.49687,18.538,-7.3134,1.8023,39.15
0.8347,-0.21109,0.11145,0.49628,18.522,-7.3166,1.8115,39.2
0.8344,-0.21285,0.11165,0.49599,18.508,-7.3206,1.8199,39.25
0.83449,-0.21321,0.11119,0.49579,18.491,-7.3239,1.8293,39.3
0.83424,-0.21363,0.11156,0.49594,18.477,-7.328,1.8393,39.35
0.83386,-0.21423,0.11075,0.49651,18.461,-7.3318,1.8473,39.4
0.83354,-0.21506,0.111,0.49663,18.447,-7.336,1.8553,39.45
0.83381,-0.21591,0.11051,0.49591,18.432,-7.3398,1.8621,39.5
0.83371,-0.21644,0.10969,0.49603,18.417,-7.3438,1.8696,39.55
0.83298,-0.21713,0.11028,0.49682,18.403,-7.348,1.8774,39.6
0.83381,-0.21749,0.10977,0.49539,18.388,-7.3521,1.8844,39.65
0.83392,-0.21821,0.10931,0.49499,18.372,-7.3554,1.8908,39.7
0.83335,-0.21882,0.10937,0.49566,18.358,-7.3596,1.8982,39.75
0.83365,-0.21959,0.10893,0.49492,18.343,-7.364,1.9044,39.8
0.83341,-0.22066,0.10867,0.49491,18.33,-7.368,1.9103,39.85
0.83302,-0.22184,0.10888,0.49499,18.315,-7.3709,1.9157,39.9
0.83291,-0.22226,0.10812,0.49515,18.302,-7.3751,1.9213,39.95
0.83248,-0.22307,0.1087,0.49539,18.287,-7.3782,1.9259,40
0.83291,-0.22416,0.10743,0.49445,18.273,-7.3821,1.9305,40.05
0.83251,-0.22549,0.10775,0.49443,18.259,-7.3865,1.9351,40.1
0.83297,-0.22537,0.10706,0.49386,18.245,-7.3905,1.9392,40.15
0.83196,-0.2263,0.10747,0.49506,18.232,-7.3948,1.9438,40.2
0.83261,-0.22665,0.10629,0.49406,18.218,-7.398,1.9483,40.25
0.83229,-0.22663,0.10716,0.49441,18.205,-7.4015,1.9514,40.3
0.83173,-0.22881,0.10628,0.49454,18.19,-7.4049,1.9545,40.35
0.83217,-0.22861,0.10627,0.4939,18.177,-7.4093,1.9579,40.4
0.83237,-0.23,0.10591,0.49299,18.163,-7.4131,1.9609,40.45
0.83187,-0.23112,0.1055,0.4934,18.149,-7.417,1.9625,40.5
0.83195,-0.23074,0.10676,0.49318,18.137,-7.4206,1.9637,40.55
0.83211,-0.23148,0.10544,0.49284,18.124,-7.4243,1.9641,40.6
0.83182,-0.23232,0.10397,0.49325,18.112,-7.4279,1.965,40.65
0.83151,-0.23334,0.10484,0.49311,18.098,-7.4315,1.9671,40.7
0.83145,-0.23435,0.10497,0.49271,18.086,-7.4352,1.9678,40.75
0.83159,-0.23445,0.10413,0.4926,18.073,-7.4384,1.969,40.8
0.83153,-0.23594,0.10377,0.49206,18.06,-7.4416,1.9693,40.85
0.8307,-0.23686,0.10386,0.493,18.048,-7.445,1.9682,40.9
0.83091,-0.23624,0.10323,0.49307,18.036,-7.449,1.9674,40.95
0.83104,-0.23763,0.10403,0.49201,18.024,-7.4524,1.9663,41
0.8305,-0.23854,0.10295,0.49272,18.013,-7.4566,1.9644,41.05
0.83096,-0.23866,0.10269,0.49194,18,-7.4606,1.9636,41.1
0.83017,-0.23986,0.10329,0.49256,17.989,-7.4641,1.9621,41.15
0.83062,-0.24009,0.10336,0.49168,17.977,-7.468,1.9607,41.2
0.83051,-0.24093,0.10258,0.49162,17.965,-7.472,1.9576,41.25
0.83032,-0.24132,0.10244,0.49178,17.954,-7.4758,1.9544,41.3
0.82987,-0.24268,0.10111,0.49213,17.942,-7.4786,1.9507,41.35
0.8299,-0.24379,0.1014,0.49147,17.932,-7.4823,1.9476,41.4
0.82979,-0.24393,0.10152,0.49157,17.921,-7.4866,1.9438,41.45
0.83038,-0.24381,0.10123,0.49069,17.909,-7.4901,1.9394,41.5
0.82973,-0.24499,0.10089,0.49128,17.898,-7.4938,1.9365,41.55
0.82972,-0.2457,0.1003,0.49105,17.888,-7.4981,1.9317,41.6
0.82936,-0.24626,0.10034,0.49137,17.877,-7.502,1.9269,41.65
0.82952,-0.24761,0.099872,0.49052,17.867,-7.507,1.9218,41.7
0.82949,-0.24835,0.10016,0.49014,17.856,-7.5101,1.9172,41.75
0.82868,-0.24934,0.10053,0.49094,17.847,-7.5139,1.9109,41.8
0.82863,-0.25066,0.099966,0.49046,17.837,-7.5176,1.9055,41.85
0.82875,-0.25058,0.098919,0.49051,17.826,-7.5213,1.8992,41.9
0.82859,-0.25186,0.098672,0.49017,17.817,-7.5247,1.8928,41.95
0.82872,-0.25179,0.099728,0.48978,17.807,-7.5287,1.886,42
0.82851,-0.25236,0.098998,0.48999,17.797,-7.533,1.8791,42.05
0.82816,-0.25333,0.09979,0.48991,17.789,-7.5374,1.8721,42.1
0.82809,-0.25441,0.097471,0.48994,17.779,-7.5416,1.8643,42.15
0.82815,-0.2548,0.098416,0.48945,17.769,-7.546,1.8564,42.2
0.82815,-0.25596,0.098139,0.48889,17.76,-7.5498,1.8469,42.25
0.82811,-0.25501,0.097742,0.48953,17.753,-7.5537,1.8381,42.3
0.82772,-0.25651,0.096942,0.48957,17.744,-7.558,1.8302,42.35
0.8273,-0.25835,0.097523,0.4892,17.734,-7.5624,1.8214,42.4
0.82759,-0.2583,0.097074,0.48882,17.726,-7.5666,1.8122,42.45
0.82729,-0.25904,0.097103,0.48894,17.718,-7.5704,1.8027,42.5
0.82753,-0.26044,0.096128,0.48797,17.711,-7.5745,1.7938,42.55
0.82695,-0.26028,0.097025,0.48887,17.704,-7.5788,1.784,42.6
0.82718,-0.26095,0.095931,0.48834,17.696,-7.5823,1.7741,42.65
0.82656,-0.2614,0.096394,0.48906,17.688,-7.5862,1.7646,42.7
0.82669,-0.26321,0.095071,0.48812,17.681,-7.5905,1.7544,42.75
0.82657,-0.26327,0.095353,0.48823,17.673,-7.5946,1.7448,42.8
0.8267,-0.26399,0.095139,0.48767,17.665,-7.5993,1.7358,42.85
0.82656,-0.26486,0.094994,0.48747,17.658,-7.6033,1.7256,42.9
0.82616,-0.26593,0.094784,0.4876,17.651,-7.6077,1.7138,42.95
0.82596,-0.2673,0.094767,0.48719,17.643,-7.6124,1.7017,43
0.8255,-0.26717,0.095039,0.48799,17.638,-7.6159,1.6906,43.05
0.8258,-0.26728,0.09499,0.48744,17.631,-7.6206,1.6779,43.1
0.82557,-0.26797,0.094043,0.48763,17.625,-7.6254,1.6663,43.15
0.82573,-0.26889,0.093808,0.4869,17.619,-7.6301,1.6558,43.2
0.82533,-0.27077,0.093505,0.48659,17.612,-7.6341,1.6447,43.25
0.82536,-0.27029,0.094322,0.48665,17.607,-7.6391,1.6323,43.3
0.82523,-0.27091,0.094263,0.48653,17.601,-7.644,1.6201,43.35
0.82508,-0.2721,0.093743,0.48624,17.596,-7.6485,1.6079,43.4
0.82495,-0.27275,0.092671,0.48629,17.591,-7.6537,1.5959,43.45
0.82472,-0.27319,0.092383,0.48649,17.585,-7.6586,1.5843,43.5
0.82478,-0.27364,0.092762,0.48606,17.58,-7.6629,1.5716,43.55
0.82446,-0.27512,0.092458,0.48583,17.575,-7.6678,1.5583,43.6
0.82395,-0.27614,0.091679,0.48626,17.57,-7.6727,1.5465,43.65
0.82396,-0.27594,0.092121,0.48626,17.566,-7.6775,1.5343,43.7
0.82361,-0.2777,0.091495,0.48598,17.561,-7.682,1.5228,43.75
0.82388,-0.27832,0.09138,0.4852,17.557,-7.6872,1.5101,43.8
0.82315,-0.27916,0.09147,0.48593,17.552,-7.6925,1.4972,43.85
0.8233,-0.27983,0.091457,0.48528,17.547,-7.6976,1.4844,43.9
0.82364,-0.27982,0.091536,0.4847,17.544,-7.7033,1.4715,43.95
0.82388,-0.28031,0.09082,0.48416,17.54,-7.7082,1.4587,44
0.8232,-0.28132,0.090103,0.48486,17.536,-7.7135,1.447,44.05
0.82311,-0.28237,0.09038,0.48434,17.533,-7.7189,1.4339,44.1
0.82276,-0.28313,0.090945,0.4844,17.53,-7.724,1.4211,44.15
0.82237,-0.28327,0.090076,0.48512,17.526,-7.7297,1.4085,44.2
0.82249,-0.2839,0.089818,0.48461,17.524,-7.7354,1.3951,44.25
0.82195,-0.28561,0.090106,0.48446,17.521,-7.7406,1.3828,44.3
0.82173,-0.28567,0.089987,0.48482,17.519,-7.7457,1.3709,44.35
0.82218,-0.28564,0.088868,0.48428,17.517,-7.7507,1.3588,44.4
0.82168,-0.28725,0.089065,0.48415,17.513,-7.7557,1.3471,44.45
0.82187,-0.28766,0.089623,0.48348,17.511,-7.7616,1.335,44.5
0.82204,-0.28739,0.088999,0.48347,17.509,-7.7682,1.3228,44.55
0.82104,-0.2889,0.089086,0.48425,17.508,-7.7735,1.3103,44.6
0.82105,-0.28936,0.08907,0.48396,17.506,-7.7789,1.2977,44.65
0.82112,-0.29041,0.088658,0.48329,17.503,-7.7841,1.2871,44.7
0.82071,-0.292,0.088203,0.4831,17.501,-7.79,1.2752,44.75
0.82062,-0.29241,0.088048,0.48303,17.5,-7.7962,1.2625,44.8
0.8207,-0.29303,0.087462,0.48264,17.499,-7.8024,1.2516,44.85
0.82062,-0.29322,0.087177,0.48271,17.498,-7.8089,1.2412,44.9
0.82018,-0.29425,0.086894,0.48287,17.497,-7.8151,1.2303,44.95
0.81983,-0.29466,0.087267,0.48315,17.497,-7.8217,1.219,45
0.8193,-0.29602,0.087361,0.48321,17.496,-7.8282,1.207,45.05
0.82012,-0.29602,0.087441,0.4818,17.495,-7.8347,1.1972,45.1
0.81935,-0.2974,0.087688,0.48221,17.495,-7.8405,1.1873,45.15
0.81976,-0.29723,0.086049,0.48191,17.495,-7.8469,1.1767,45.2
0.81915,-0.29824,0.086897,0.48217,17.494,-7.8524,1.1655,45.25
0.8191,-0.29884,0.086032,0.48205,17.494,-7.8588,1.1558,45.3
0.81876,-0.29997,0.085866,0.48194,17.495,-7.8649,1.1458,45.35
0.8186,-0.30022,0.086053,0.48204,17.495,-7.872,1.1365,45.4
0.81825,-0.3013,0.085296,0.48209,17.496,-7.8786,1.1272,45.45
0.81842,-0.30168,0.085929,0.48144,17.495,-7.8851,1.1184,45.5
0.81804,-0.30255,0.085711,0.48158,17.496,-7.8921,1.11,45.55
0.81817,-0.30321,0.08495,0.48109,17.498,-7.8993,1.1002,45.6
0.81773,-0.30409,0.085262,0.48122,17.499,-7.9063,1.0917,45.65
0.81767,-0.30481,0.084081,0.48109,17.498,-7.9133,1.084,45.7
0.81769,-0.30637,0.084312,0.48001,17.5,-7.9214,1.0755,45.75
0.8177,-0.30608,0.083532,0.48032,17.501,-7.9282,1.0687,45.8
0.81745,-0.30665,0.084276,0.48026,17.502,-7.9351,1.0595,45.85
0.81738,-0.30766,0.083831,0.47981,17.505,-7.9424,1.052,45.9
0.81702,-0.30805,0.0839,0.48015,17.506,-7.9504,1.0444,45.95
0.81667,-0.30949,0.083903,0.47982,17.508,-7.958,1.0375,46
0.81645,-0.30964,0.084034,0.48008,17.51,-7.9649,1.0301,46.05
0.81608,-0.31049,0.084122,0.48014,17.512,-7.9722,1.0241,46.1
0.81614,-0.31127,0.083895,0.47958,17.515,-7.9799,1.0178,46.15
0.81599,-0.3123,0.083444,0.47923,17.518,-7.9876,1.0118,46.2
0.81549,-0.31296,0.083642,0.47963,17.52,-7.995,1.0064,46.25
0.81543,-0.31352,0.083318,0.47942,17.522,-8.0029,1.0016,46.3
0.81574,-0.31367,0.082783,0.47888,17.525,-8.0103,0.99605,46.35
0.81515,-0.31539,0.082952,0.47873,17.528,-8.0178,0.99176,46.4
0.81499,-0.31561,0.082486,0.47894,17.531,-8.026,0.9875,46.45
0.81485,-0.31566,0.082862,0.47908,17.534,-8.034,0.98398,46.5
0.81458,-0.31689,0.082376,0.4788,17.537,-8.0423,0.97984,46.55
0.81459,-0.31765,0.08195,0.47836,17.54,-8.0505,0.97641,46.6
0.81463,-0.31795,0.081948,0.47809,17.543,-8.0592,0.97373,46.65
0.81422,-0.3188,0.081866,0.47824,17.547,-8.067,0.97061,46.7
0.81407,-0.31987,0.082348,0.47769,17.551,-8.0754,0.9682,46.75
0.81381,-0.32086,0.082068,0.47751,17.554,-8.0834,0.96618,46.8
0.81366,-0.32133,0.081932,0.47748,17.558,-8.0924,0.96434,46.85
0.8132,-0.32206,0.081401,0.47787,17.562,-8.1008,0.96301,46.9
0.81321,-0.32289,0.081204,0.47732,17.566,-8.1093,0.96093,46.95
0.81302,-0.32353,0.081055,0.47725,17.57,-8.118,0.95984,47
0.81291,-0.32374,0.081594,0.47719,17.574,-8.1267,0.96027,47.05
0.81276,-0.32436,0.080912,0.47714,17.578,-8.1349,0.9595,47.1
0.81243,-0.3255,0.080981,0.47691,17.583,-8.1438,0.95909,47.15
0.81223,-0.32608,0.080601,0.47693,17.588,-8.1527,0.95948,47.2
0.81236,-0.3267,0.080406,0.4763,17.592,-8.1616,0.9602,47.25
0.81157,-0.32779,0.080071,0.47697,17.596,-8.1703,0.96134,47.3
0.81155,-0.3283,0.080472,0.47658,17.601,-8.1794,0.96208,47.35
0.81138,-0.32895,0.080884,0.47635,17.607,-8.1888,0.963,47.4
0.8116,-0.32948,0.079289,0.47589,17.611,-8.1978,0.96478,47.45
0.81082,-0.33035,0.079658,0.47655,17.617,-8.207,0.96679,47.5
0.81056,-0.33117,0.07912,0.4765,17.621,-8.2161,0.96925,47.55
0.81053,-0.33158,0.079815,0.47615,17.627,-8.2254,0.97159,47.6
0.81055,-0.33242,0.079511,0.4756,17.633,-8.235,0.97458,47.65
0.81023,-0.33325,0.079391,0.47557,17.638,-8.2449,0.97799,47.7
0.81004,-0.33372,0.077717,0.47584,17.643,-8.2545,0.9818,47.75
0.80989,-0.33469,0.078227,0.47533,17.648,-8.2642,0.98627,47.8
0.80966,-0.33587,0.078371,0.47486,17.654,-8.2747,0.99046,47.85
0.8092,-0.33594,0.078686,0.47555,17.659,-8.2837,0.99457,47.9
0.8093,-0.33648,0.078498,0.47502,17.665,-8.2933,0.99907,47.95
0.80937,-0.33701,0.07817,0.47459,17.671,-8.3026,1.0046,48
0.80855,-0.33782,0.078066,0.47543,17.677,-8.3127,1.0109,48.05
0.80867,-0.33953,0.077258,0.47414,17.683,-8.3227,1.017,48.1
0.80804,-0.34002,0.077651,0.47479,17.689,-8.3327,1.0227,48.15
0.80837,-0.34024,0.077445,0.4741,17.695,-8.3433,1.0285,48.2
0.80794,-0.34144,0.077408,0.47399,17.701,-8.3536,1.0343,48.25
0.80772,-0.34188,0.077634,0.47399,17.707,-8.3634,1.0407,48.3
0.80763,-0.34263,0.077252,0.47367,17.714,-8.3736,1.0481,48.35
0.80751,-0.34277,0.077258,0.47378,17.72,-8.3838,1.0542,48.4
0.80708,-0.3436,0.077213,0.47391,17.727,-8.3944,1.062,48.45
0.80723,-0.34359,0.076892,0.47372,17.734,-8.4053,1.071,48.5
0.80672,-0.3452,0.076386,0.47349,17.74,-8.4165,1.0777,48.55
0.80622,-0.34605,0.076411,0.47372,17.745,-8.427,1.0867,48.6
0.8063,-0.34665,0.07679,0.47308,17.752,-8.4376,1.0955,48.65
0.80636,-0.34694,0.076397,0.47284,17.759,-8.4483,1.104,48.7
0.80605,-0.34725,0.075973,0.47321,17.765,-8.4593,1.113,48.75
0.806,-0.34881,0.07646,0.47206,17.772,-8.4704,1.1219,48.8
0.80571,-0.34925,0.076047,0.4723,17.779,-8.4817,1.1314,48.85
0.80523,-0.35046,0.075302,0.47235,17.785,-8.4924,1.1411,48.9
0.805,-0.35108,0.075502,0.47225,17.792,-8.5037,1.1507,48.95
0.80472,-0.35172,0.07597,0.47217,17.799,-8.5151,1.1607,49
0.80471,-0.35265,0.075417,0.47158,17.806,-8.526,1.1706,49.05
0.80434,-0.3522,0.07553,0.47254,17.813,-8.5365,1.1814,49.1
0.80416,-0.35347,0.075454,0.4719,17.82,-8.5469,1.1914,49.15
0.80417,-0.35439,0.074712,0.47131,17.826,-8.5582,1.2023,49.2
0.80383,-0.35501,0.074734,0.47142,17.833,-8.5696,1.2132,49.25
0.80364,-0.35547,0.074779,0.47139,17.84,-8.5811,1.2247,49.3
0.80345,-0.35623,0.074797,0.47114,17.847,-8.5929,1.2355,49.35
0.80277,-0.35743,0.075126,0.47134,17.853,-8.6056,1.2466,49.4
0.80275,-0.35794,0.074559,0.47107,17.86,-8.6176,1.2575,49.45
0.80229,-0.35894,0.074728,0.47107,17.868,-8.6294,1.2696,49.5
0.8023,-0.35936,0.074808,0.47072,17.875,-8.6411,1.2811,49.55
0.80247,-0.35958,0.074125,0.47036,17.882,-8.6528,1.2927,49.6
0.80217,-0.36011,0.074476,0.47042,17.889,-8.6647,1.3052,49.65
0.80173,-0.36129,0.074268,0.47031,17.897,-8.6763,1.317,49.7
0.80164,-0.36175,0.073969,0.47014,17.903,-8.6886,1.328,49.75
0.80124,-0.36254,0.074318,0.47017,17.911,-8.7013,1.3409,49.8
0.80111,-0.36415,0.07376,0.46922,17.917,-8.713,1.3521,49.85
0.80047,-0.36444,0.073658,0.47012,17.924,-8.7258,1.3637,49.9
0.80056,-0.36489,0.072903,0.46972,17.931,-8.7382,1.3762,49.95
0.80049,-0.36535,0.073289,0.46943,17.938,-8.7501,1.389,50
0.80027,-0.36572,0.073366,0.4695,17.945,-8.7623,1.4015,50.05
0.80017,-0.36732,0.072729,0.46852,17.952,-8.775,1.4138,50.1
0.79941,-0.36804,0.07277,0.46925,17.959,-8.7878,1.4258,50.15
0.79945,-0.36834,0.073392,0.46884,17.966,-8.8004,1.4386,50.2
0.79921,-0.36878,0.073391,0.46891,17.972,-8.8132,1.4514,50.25
0.79864,-0.37027,0.072772,0.4688,17.98,-8.8258,1.4637,50.3
0.79878,-0.37018,0.072842,0.46862,17.986,-8.8382,1.4763,50.35
0.79869,-0.37097,0.072784,0.46816,17.992,-8.8512,1.4888,50.4
0.7981,-0.37208,0.072309,0.46836,18,-8.8634,1.501,50.45
0.79825,-0.37233,0.072454,0.46789,18.006,-8.8765,1.5133,50.5
0.79749,-0.37312,0.072504,0.46855,18.013,-8.8899,1.5262,50.55
0.79766,-0.37379,0.072332,0.46774,18.02,-8.9026,1.5373,50.6
0.7973,-0.37453,0.072475,0.46775,18.027,-8.9156,1.55,50.65
0.79696,-0.37535,0.072445,0.46768,18.034,-8.9289,1.5625,50.7
0.79654,-0.37609,0.072099,0.46784,18.041,-8.9426,1.5742,50.75
0.79652,-0.37654,0.071868,0.46756,18.047,-8.9557,1.5867,50.8
0.79624,-0.37748,0.071762,0.46729,18.053,-8.9683,1.5988,50.85
0.79616,-0.37799,0.071542,0.46705,18.06,-8.9818,1.611,50.9
0.79593,-0.37873,0.07203,0.46676,18.066,-8.9954,1.6226,50.95
0.79582,-0.37878,0.071627,0.46698,18.072,-9.0089,1.6341,51
0.79541,-0.38021,0.07153,0.46654,18.078,-9.0222,1.6453,51.05
0.79519,-0.38094,0.071487,0.46632,18.085,-9.0358,1.6569,51.1
0.79478,-0.38199,0.071361,0.46617,18.091,-9.0497,1.6685,51.15
0.79464,-0.38222,0.071266,0.46624,18.097,-9.0638,1.6791,51.2
0.79467,-0.38253,0.071344,0.46591,18.103,-9.0765,1.6908,51.25
0.7945,-0.38367,0.071284,0.46528,18.109,-9.0901,1.7017,51.3
0.79382,-0.38454,0.070958,0.46577,18.115,-9.1036,1.7124,51.35
0.79348,-0.38506,0.070711,0.46597,18.121,-9.1167,1.7222,51.4
0.79347,-0.38617,0.070548,0.46509,18.126,-9.1311,1.732,51.45
0.79299,-0.38659,0.070988,0.46549,18.131,-9.1452,1.743,51.5
0.7927,-0.3871,0.070972,0.46556,18.137,-9.1596,1.7526,51.55
0.79278,-0.38791,0.070832,0.46476,18.142,-9.1741,1.7628,51.6
0.79231,-0.38881,0.070099,0.46492,18.148,-9.1879,1.7727,51.65
0.79194,-0.38929,0.070779,0.46505,18.154,-9.2015,1.782,51.7
0.79189,-0.39023,0.070368,0.46441,18.159,-9.2155,1.7908,51.75
0.79139,-0.39092,0.070401,0.46468,18.165,-9.2292,1.8001,51.8
0.79157,-0.39149,0.070041,0.46395,18.17,-9.2433,1.8097,51.85
0.79119,-0.3923,0.069488,0.464,18.174,-9.2572,1.8181,51.9
0.79052,-0.39289,0.069477,0.46464,18.18,-9.2716,1.8263,51.95
0.79082,-0.39351,0.069583,0.46359,18.184,-9.285,1.8345,52
0.79043,-0.39425,0.069555,0.46363,18.19,-9.2998,1.8424,52.05
0.78999,-0.39505,0.069969,0.46362,18.194,-9.3141,1.8498,52.1
0.79003,-0.39524,0.070013,0.46339,18.198,-9.3281,1.8579,52.15
0.78941,-0.39615,0.069273,0.46379,18.204,-9.3425,1.8645,52.2
0.78935,-0.39669,0.070025,0.46331,18.208,-9.357,1.8708,52.25
0.78917,-0.3977,0.069985,0.46276,18.212,-9.3711,1.8771,52.3
0.78903,-0.39799,0.069467,0.46283,18.217,-9.386,1.8836,52.35
0.78885,-0.39867,0.069321,0.46258,18.22,-9.4,1.8902,52.4
0.78843,-0.39937,0.069059,0.46271,18.224,-9.4143,1.8958,52.45
0.78797,-0.40001,0.069363,0.4629,18.229,-9.4299,1.9017,52.5
0.78788,-0.40078,0.069185,0.46241,18.232,-9.4439,1.907,52.55
0.78786,-0.40175,0.069931,0.46151,18.236,-9.4588,1.9118,52.6
0.7872,-0.4027,0.069837,0.46182,18.239,-9.4725,1.9164,52.65
0.78698,-0.40299,0.06944,0.46199,18.243,-9.4873,1.9206,52.7
0.7868,-0.40354,0.068848,0.46191,18.246,-9.5019,1.9249,52.75
0.78667,-0.40443,0.068592,0.46139,18.249,-9.5161,1.9287,52.8
0.78622,-0.40551,0.068803,0.46118,18.253,-9.531,1.9319,52.85
0.7859,-0.40607,0.069002,0.46121,18.255,-9.5459,1.9356,52.9
0.78582,-0.40629,0.068878,0.46117,18.258,-9.5611,1.9387,52.95
0.78574,-0.4067,0.068657,0.46098,18.261,-9.5763,1.9403,53
0.78526,-0.40777,0.068879,0.46081,18.264,-9.5912,1.9432,53.05
0.7847,-0.40865,0.068673,0.46102,18.267,-9.6054,1.9458,53.1
0.78473,-0.40937,0.068468,0.46036,18.269,-9.6196,1.9473,53.15
0.78404,-0.41022,0.06818,0.46082,18.272,-9.6341,1.9484,53.2
0.78388,-0.41098,0.068089,0.46042,18.274,-9.649,1.9499,53.25
0.78377,-0.41161,0.068458,0.46,18.276,-9.664,1.9506,53.3
0.78394,-0.41152,0.068219,0.45982,18.278,-9.6784,1.9505,53.35
0.7835,-0.4124,0.068085,0.45981,18.279,-9.6926,1.9504,53.4
0.783,-0.41349,0.068144,0.45966,18.281,-9.7078,1.9503,53.45
0.78281,-0.41407,0.068206,0.45946,18.283,-9.7228,1.9501,53.5
0.78262,-0.41469,0.068785,0.45913,18.284,-9.7377,1.9497,53.55
0.78219,-0.41568,0.067903,0.45911,18.286,-9.7528,1.9482,53.6
0.78205,-0.41556,0.06824,0.4594,18.286,-9.7673,1.9461,53.65
0.78184,-0.41644,0.068377,0.45895,18.287,-9.7823,1.9452,53.7
0.78147,-0.41718,0.068204,0.45892,18.288,-9.797,1.9424,53.75
0.78098,-0.41811,0.067921,0.45896,18.288,-9.8118,1.9408,53.8
0.78067,-0.41883,0.068275,0.45877,18.289,-9.8265,1.9387,53.85
0.77999,-0.41953,0.067979,0.45933,18.29,-9.8416,1.935,53.9
0.78019,-0.42008,0.067469,0.45856,18.289,-9.8561,1.9318,53.95
0.7798,-0.42101,0.067614,0.45835,18.29,-9.8711,1.9274,54
0.77954,-0.42168,0.067611,0.45819,18.29,-9.8865,1.9243,54.05
0.77951,-0.42221,0.068413,0.45763,18.29,-9.9015,1.9209,54.1
0.77911,-0.4232,0.067668,0.4575,18.289,-9.9162,1.9165,54.15
0.77936,-0.42353,0.067908,0.45673,18.289,-9.9311,1.9113,54.2
0.77875,-0.42422,0.068181,0.4571,18.288,-9.9459,1.9065,54.25
0.77861,-0.42468,0.06837,0.45688,18.287,-9.9607,1.9001,54.3
0.77839,-0.42508,0.068102,0.45692,18.286,-9.9754,1.8945,54.35
0.77754,-0.42595,0.067621,0.45762,18.285,-9.99,1.889,54.4
0.77772,-0.42686,0.067434,0.4565,18.283,-10.005,1.8837,54.45
0.77683,-0.42812,0.067635,0.4568,18.282,-10.02,1.8774,54.5
0.77705,-0.42839,0.067425,0.45622,18.28,-10.034,1.8702,54.55
0.77682,-0.42838,0.067174,0.45665,18.279,-10.05,1.8626,54.6
0.77597,-0.43001,0.067243,0.45655,18.277,-10.065,1.8553,54.65
0.77632,-0.43053,0.067104,0.45549,18.275,-10.08,1.8481,54.7
0.77578,-0.43115,0.067917,0.45571,18.272,-10.095,1.8397,54.75
0.77597,-0.43128,0.067603,0.4553,18.27,-10.11,1.8328,54.8
0.7751,-0.43222,0.06751,0.45591,18.268,-10.124,1.8246,54.85
0.77433,-0.43354,0.067245,0.45599,18.265,-10.138,1.8159,54.9
0.77438,-0.43413,0.067357,0.45534,18.262,-10.152,1.808,54.95
0.77426,-0.43463,0.066827,0.45514,18.259,-10.167,1.799,55
0.77416,-0.43516,0.067343,0.45472,18.256,-10.182,1.7897,55.05
0.77362,-0.43597,0.066712,0.45497,18.252,-10.197,1.7799,55.1
0.77355,-0.43651,0.066648,0.45457,18.25,-10.212,1.7703,55.15
0.7729,-0.437,0.067453,0.4551,18.245,-10.226,1.7607,55.2
0.77286,-0.43759,0.067438,0.45459,18.241,-10.241,1.7501,55.25
0.77286,-0.43841,0.067197,0.45384,18.237,-10.255,1.7399,55.3
0.77203,-0.43948,0.066899,0.45426,18.233,-10.271,1.7291,55.35
0.77206,-0.43997,0.067556,0.45363,18.229,-10.286,1.7197,55.4
0.77176,-0.44095,0.067042,0.45327,18.225,-10.3,1.7088,55.45
0.77176,-0.44128,0.066684,0.453,18.219,-10.315,1.6973,55.5
0.77114,-0.44194,0.067347,0.45331,18.214,-10.329,1.6866,55.55
0.77112,-0.44257,0.067015,0.45278,18.209,-10.343,1.6756,55.6
0.77008,-0.4438,0.06734,0.45331,18.203,-10.358,1.6649,55.65
0.77009,-0.44375,0.067555,0.4533,18.198,-10.372,1.654,55.7
0.7698,-0.44497,0.06702,0.45268,18.193,-10.387,1.6423,55.75
0.76943,-0.44583,0.067178,0.45244,18.188,-10.401,1.6302,55.8
0.76906,-0.44592,0.06736,0.45295,18.182,-10.415,1.6188,55.85
0.7687,-0.44659,0.067383,0.45289,18.175,-10.43,1.6068,55.9
0.76862,-0.44766,0.067026,0.45203,18.169,-10.444,1.595,55.95
0.76835,-0.44798,0.066751,0.45222,18.163,-10.459,1.5824,56
0.76792,-0.44933,0.066617,0.45163,18.156,-10.472,1.5707,56.05
0.76758,-0.44938,0.067307,0.45205,18.15,-10.487,1.5579,56.1
0.76769,-0.44935,0.066858,0.45196,18.142,-10.502,1.5459,56.15
0.7672,-0.45074,0.067173,0.45137,18.135,-10.516,1.5336,56.2
0.76679,-0.451,0.067061,0.45181,18.127,-10.53,1.5221,56.25
0.76668,-0.4516,0.067,0.45141,18.12,-10.544,1.5093,56.3
0.76623,-0.45288,0.067266,0.45086,18.112,-10.558,1.4973,56.35
0.76626,-0.45301,0.067669,0.45061,18.104,-10.573,1.4846,56.4
0.76547,-0.45426,0.067624,0.45071,18.097,-10.587,1.4723,56.45
0.76543,-0.4546,0.067654,0.45042,18.088,-10.601,1.4595,56.5
0.76523,-0.45554,0.06714,0.44989,18.08,-10.615,1.4461,56.55
0.76479,-0.45584,0.067064,0.45035,18.071,-10.629,1.433,56.6
0.76447,-0.45643,0.067451,0.45024,18.063,-10.643,1.4204,56.65
0.7643,-0.45701,0.067196,0.44997,18.054,-10.657,1.4087,56.7
0.76391,-0.45799,0.067463,0.4496,18.045,-10.67,1.3966,56.75
0.76347,-0.45886,0.0669,0.44954,18.035,-10.684,1.384,56.8
0.76317,-0.45954,0.06759,0.44925,18.026,-10.698,1.3712,56.85
0.76301,-0.45968,0.067205,0.44944,18.017,-10.712,1.3594,56.9
0.76263,-0.46032,0.067684,0.44936,18.007,-10.726,1.3468,56.95
0.76241,-0.46111,0.067642,0.44893,17.997,-10.738,1.3348,57
0.76181,-0.46229,0.067595,0.44874,17.986,-10.752,1.3232,57.05
0.7617,-0.46277,0.066941,0.44852,17.976,-10.766,1.3109,57.1
0.76097,-0.46366,0.067122,0.44882,17.966,-10.78,1.2984,57.15
0.76081,-0.4642,0.066729,0.44858,17.955,-10.793,1.2859,57.2
0.76075,-0.4644,0.067522,0.44836,17.944,-10.808,1.274,57.25
0.76058,-0.46537,0.067012,0.44773,17.933,-10.821,1.2619,57.3
0.75967,-0.46678,0.067158,0.44778,17.921,-10.834,1.2498,57.35
0.75956,-0.46667,0.067228,0.44807,17.91,-10.849,1.2386,57.4
0.75956,-0.46706,0.067242,0.44766,17.898,-10.862,1.2282,57.45
0.7592,-0.4683,0.067187,0.44699,17.887,-10.876,1.216,57.5
0.75907,-0.46877,0.067184,0.44672,17.875,-10.889,1.205,57.55
0.75836,-0.46964,0.06734,0.44698,17.863,-10.902,1.1937,57.6
0.75834,-0.46998,0.067644,0.44662,17.85,-10.915,1.1837,57.65
0.75823,-0.47011,0.067869,0.44663,17.839,-10.928,1.1724,57.7
0.75772,-0.47171,0.067341,0.44589,17.826,-10.941,1.1628,57.75
0.75708,-0.4722,0.067441,0.44644,17.814,-10.954,1.153,57.8
0.75706,-0.47236,0.06749,0.4463,17.801,-10.967,1.1422,57.85
0.75694,-0.47314,0.067187,0.44571,17.788,-10.98,1.1329,57.9
0.75601,-0.47422,0.067617,0.44609,17.775,-10.993,1.1226,57.95
0.75594,-0.47464,0.067787,0.44574,17.761,-11.007,1.1133,58
0.7559,-0.47497,0.067324,0.44551,17.747,-11.019,1.1042,58.05
0.75547,-0.47602,0.067639,0.44509,17.734,-11.033,1.0949,58.1
0.7552,-0.47682,0.067495,0.4447,17.72,-11.046,1.0854,58.15
0.75471,-0.47755,0.068121,0.44466,17.706,-11.059,1.0771,58.2
0.75431,-0.47796,0.067898,0.44493,17.691,-11.071,1.0682,58.25
0.754,-0.47847,0.067266,0.44501,17.677,-11.084,1.0609,58.3
0.75373,-0.47908,0.068137,0.44467,17.663,-11.097,1.053,58.35
0.75359,-0.47967,0.067325,0.44439,17.648,-11.109,1.0452,58.4
0.75303,-0.48024,0.068366,0.44457,17.634,-11.122,1.0369,58.45
0.75312,-0.48065,0.068068,0.44403,17.619,-11.134,1.0298,58.5
0.75242,-0.48116,0.067911,0.44467,17.604,-11.146,1.0232,58.55
0.75217,-0.48215,0.068082,0.44399,17.588,-11.159,1.0172,58.6
0.75168,-0.48314,0.068978,0.44362,17.572,-11.171,1.0108,58.65
0.75151,-0.48397,0.068446,0.44308,17.556,-11.183,1.0047,58.7
0.75092,-0.48467,0.068615,0.44328,17.541,-11.196,0.9981,58.75
0.75115,-0.48469,0.067805,0.44299,17.525,-11.208,0.99279,58.8
0.75077,-0.48556,0.068542,0.44258,17.509,-11.22,0.98762,58.85
0.75045,-0.48621,0.068681,0.44239,17.493,-11.232,0.98236,58.9
0.74989,-0.48742,0.068176,0.44209,17.476,-11.245,0.97816,58.95
0.7495,-0.48739,0.068611,0.44272,17.46,-11.257,0.97347,59
0.74912,-0.48838,0.068878,0.44222,17.443,-11.269,0.96985,59.05
0.74891,-0.48901,0.069183,0.44183,17.427,-11.282,0.96546,59.1
0.74848,-0.48998,0.068858,0.44155,17.409,-11.294,0.96183,59.15
0.74818,-0.49039,0.068382,0.44166,17.393,-11.306,0.95772,59.2
0.74768,-0.49087,0.068904,0.4419,17.374,-11.318,0.95542,59.25
0.74739,-0.49168,0.068443,0.44156,17.357,-11.33,0.95296,59.3
0.74709,-0.49233,0.068434,0.44135,17.34,-11.342,0.95073,59.35
0.74721,-0.49263,0.068572,0.44078,17.322,-11.354,0.94852,59.4
0.74679,-0.49328,0.068974,0.4407,17.304,-11.365,0.94744,59.45
0.74579,-0.49434,0.069058,0.44119,17.287,-11.377,0.9462,59.5
0.74601,-0.49462,0.069289,0.44048,17.269,-11.39,0.94486,59.55
0.74572,-0.49535,0.068885,0.44022,17.25,-11.401,0.94449,59.6
0.74514,-0.49581,0.069288,0.44061,17.232,-11.413,0.94332,59.65
0.74489,-0.49659,0.069622,0.4401,17.213,-11.424,0.9439,59.7
0.74464,-0.49709,0.069372,0.44001,17.195,-11.436,0.94379,59.75
0.74425,-0.4979,0.069379,0.43975,17.176,-11.447,0.94431,59.8
0.74364,-0.49897,0.06921,0.43959,17.158,-11.459,0.94512,59.85
0.7435,-0.49936,0.069739,0.4393,17.138,-11.471,0.94584,59.9
0.74337,-0.49944,0.069896,0.43939,17.12,-11.483,0.94831,59.95
0.7431,-0.50014,0.069531,0.43913,17.101,-11.494,0.94884,60
0.74263,-0.50096,0.07043,0.43884,17.081,-11.505,0.94978,60.05
0.74216,-0.50179,0.070292,0.43872,17.06,-11.517,0.95319,60.1
0.74183,-0.50271,0.070462,0.43819,17.042,-11.528,0.95573,60.15
0.74161,-0.50293,0.070407,0.43832,17.022,-11.539,0.95831,60.2
0.74145,-0.50342,0.070355,0.43802,17.001,-11.55,0.96216,60.25
0.74098,-0.50444,0.070285,0.43766,16.982,-11.562,0.96484,60.3
0.74011,-0.50568,0.070813,0.43761,16.962,-11.573,0.96978,60.35
0.7404,-0.50558,0.070158,0.43736,16.941,-11.585,0.97361,60.4
0.74017,-0.5062,0.070343,0.43699,16.92,-11.596,0.97827,60.45
0.73967,-0.50667,0.070911,0.4372,16.9,-11.608,0.98233,60.5
0.7393,-0.50805,0.070445,0.4363,16.879,-11.618,0.98806,60.55
0.73882,-0.50789,0.070821,0.43724,16.858,-11.629,0.9938,60.6
0.73839,-0.5092,0.070666,0.43646,16.838,-11.64,0.99981,60.65
0.73816,-0.50982,0.07072,0.43612,16.817,-11.652,1.0055,60.7
0.73787,-0.50979,0.070582,0.43667,16.797,-11.663,1.0116,60.75
0.73763,-0.51051,0.07071,0.4362,16.775,-11.674,1.0168,60.8
0.73703,-0.51155,0.071514,0.43587,16.753,-11.685,1.0242,60.85
0.73694,-0.51201,0.071806,0.43544,16.732,-11.696,1.0311,60.9
0.73647,-0.51279,0.071233,0.43542,16.711,-11.707,1.0381,60.95
0.73596,-0.51341,0.070979,0.43559,16.689,-11.717,1.0452,61
0.73595,-0.51383,0.071402,0.43504,16.668,-11.729,1.0535,61.05
0.7357,-0.51417,0.072108,0.43494,16.645,-11.74,1.0617,61.1
0.73496,-0.51534,0.072001,0.43482,16.623,-11.751,1.0691,61.15
0.73488,-0.51592,0.071861,0.43429,16.602,-11.762,1.0774,61.2
0.7348,-0.51654,0.071972,0.43369,16.58,-11.772,1.0864,61.25
0.73433,-0.5169,0.071708,0.43409,16.558,-11.783,1.0955,61.3
0.73365,-0.51774,0.071821,0.43422,16.536,-11.794,1.1043,61.35
0.73345,-0.51843,0.07172,0.43375,16.514,-11.805,1.1142,61.4
0.73318,-0.51941,0.072227,0.43295,16.492,-11.816,1.1234,61.45
0.73236,-0.51963,0.072152,0.43409,16.469,-11.826,1.1331,61.5
0.73191,-0.52043,0.072914,0.43374,16.447,-11.837,1.143,61.55
0.73129,-0.52195,0.072492,0.43305,16.425,-11.848,1.1527,61.6
0.73129,-0.52187,0.07275,0.43309,16.402,-11.859,1.1624,61.65
0.73107,-0.52244,0.073081,0.43272,16.38,-11.869,1.1728,61.7
0.73092,-0.52279,0.072709,0.43262,16.356,-11.88,1.1837,61.75
0.73035,-0.52399,0.07275,0.43213,16.333,-11.891,1.1938,61.8
0.73003,-0.5245,0.072387,0.43211,16.309,-11.901,1.2047,61.85
0.72954,-0.52494,0.072803,0.43234,16.286,-11.912,1.2171,61.9
0.72957,-0.52536,0.073048,0.43173,16.263,-11.924,1.2279,61.95
0.72905,-0.52611,0.074127,0.43151,16.24,-11.934,1.2392,62
0.72883,-0.52717,0.073371,0.43072,16.217,-11.945,1.2503,62.05
0.7284,-0.52737,0.073666,0.43115,16.194,-11.954,1.2624,62.1
0.7281,-0.52752,0.074148,0.43139,16.17,-11.965,1.2737,62.15
0.72753,-0.52877,0.073883,0.43086,16.146,-11.976,1.2861,62.2
0.72752,-0.52913,0.074489,0.43034,16.122,-11.987,1.2978,62.25
0.72706,-0.52981,0.073765,0.43039,16.1,-11.998,1.309,62.3
0.72656,-0.53022,0.073302,0.43081,16.076,-12.008,1.3214,62.35
0.7269,-0.53052,0.073865,0.42978,16.054,-12.019,1.3338,62.4
0.72567,-0.53197,0.074093,0.43003,16.029,-12.03,1.3455,62.45
0.72529,-0.5328,0.074171,0.42962,16.005,-12.04,1.3582,62.5
0.72557,-0.53242,0.074671,0.42953,15.981,-12.051,1.3704,62.55
0.72494,-0.53334,0.074604,0.42946,15.957,-12.061,1.3826,62.6
0.72438,-0.53402,0.074908,0.42953,15.933,-12.072,1.3951,62.65
0.72433,-0.5349,0.074782,0.42853,15.909,-12.083,1.4077,62.7
0.72403,-0.53524,0.075281,0.42852,15.885,-12.094,1.4204,62.75
0.72361,-0.53622,0.07521,0.42801,15.86,-12.105,1.4326,62.8
0.72277,-0.53686,0.074954,0.42869,15.836,-12.116,1.4454,62.85
0.72284,-0.53699,0.07563,0.42828,15.812,-12.126,1.4586,62.9
0.72286,-0.53779,0.074842,0.42738,15.788,-12.137,1.4709,62.95
0.72209,-0.5386,0.075611,0.42753,15.764,-12.147,1.4826,63
0.72133,-0.53946,0.075608,0.42772,15.74,-12.158,1.4955,63.05
0.72123,-0.54001,0.075899,0.42715,15.715,-12.168,1.5089,63.1
0.72075,-0.54059,0.075418,0.42731,15.69,-12.178,1.5208,63.15
0.72079,-0.54095,0.075909,0.4267,15.667,-12.19,1.5321,63.2
0.72025,-0.54153,0.076194,0.42682,15.642,-12.201,1.5443,63.25
0.72008,-0.54217,0.07684,0.42618,15.617,-12.213,1.5559,63.3
0.7194,-0.5429,0.077254,0.42633,15.593,-12.223,1.5682,63.35
0.71916,-0.54372,0.076936,0.42574,15.569,-12.234,1.5806,63.4
0.71903,-0.54396,0.076291,0.42579,15.544,-12.246,1.5922,63.45
0.7185,-0.54471,0.077091,0.42557,15.52,-12.257,1.6043,63.5
0.71833,-0.54527,0.076784,0.4252,15.495,-12.268,1.6158,63.55
0.71793,-0.54586,0.076834,0.42509,15.47,-12.279,1.6269,63.6
0.71748,-0.54651,0.07767,0.42487,15.445,-12.289,1.6389,63.65
0.71686,-0.54738,0.077572,0.42481,15.42,-12.3,1.6504,63.7
0.7166,-0.54796,0.077969,0.42444,15.395,-12.311,1.662,63.75
0.71601,-0.54832,0.077838,0.42499,15.371,-12.323,1.6732,63.8
0.7159,-0.54888,0.077779,0.42445,15.346,-12.334,1.6831,63.85
0.71577,-0.54933,0.078087,0.42404,15.322,-12.345,1.6934,63.9
0.71487,-0.55039,0.078217,0.42416,15.296,-12.356,1.7045,63.95
0.71461,-0.55095,0.077951,0.42392,15.273,-12.367,1.7151,64
0.71471,-0.55177,0.078533,0.42257,15.247,-12.378,1.7255,64.05
0.71413,-0.55224,0.078408,0.42297,15.223,-12.389,1.736,64.1
0.71372,-0.55245,0.078033,0.42345,15.198,-12.401,1.7465,64.15
0.71329,-0.55279,0.078887,0.42357,15.173,-12.412,1.7554,64.2
0.71317,-0.55401,0.079071,0.42214,15.149,-12.424,1.7653,64.25
0.71299,-0.55394,0.079265,0.42251,15.123,-12.435,1.7746,64.3
0.71249,-0.55497,0.079542,0.42195,15.098,-12.446,1.7844,64.35
0.712,-0.55562,0.079608,0.42191,15.073,-12.458,1.7931,64.4
0.7119,-0.55615,0.07979,0.42134,15.049,-12.47,1.8021,64.45
0.71149,-0.55634,0.079672,0.4218,15.024,-12.481,1.8097,64.5
0.71047,-0.55771,0.079409,0.42175,14.999,-12.493,1.8178,64.55
0.70982,-0.5587,0.080114,0.42142,14.975,-12.505,1.8262,64.6
0.71002,-0.55822,0.079965,0.42175,14.95,-12.517,1.8341,64.65
0.70971,-0.5592,0.079845,0.421,14.925,-12.529,1.8413,64.7
0.70964,-0.55965,0.080388,0.42041,14.9,-12.54,1.8481,64.75
0.70931,-0.56051,0.080712,0.41976,14.875,-12.551,1.8559,64.8
0.70897,-0.56077,0.080365,0.42004,14.85,-12.564,1.8618,64.85
0.70847,-0.56146,0.080838,0.41987,14.826,-12.576,1.8683,64.9
0.70819,-0.56218,0.081361,0.41929,14.801,-12.588,1.8747,64.95
0.70744,-0.56326,0.081118,0.41916,14.777,-12.601,1.8805,65
0.70699,-0.56364,0.081741,0.41927,14.752,-12.613,1.885,65.05
0.70711,-0.56355,0.08169,0.41921,14.727,-12.625,1.8907,65.1
0.70655,-0.56474,0.082483,0.4184,14.702,-12.637,1.8961,65.15
0.70609,-0.56532,0.082056,0.41847,14.678,-12.649,1.9016,65.2
0.70579,-0.56557,0.082572,0.41854,14.653,-12.662,1.9068,65.25
0.70537,-0.56653,0.082133,0.41803,14.629,-12.675,1.9103,65.3
0.70502,-0.56694,0.082591,0.41797,14.604,-12.686,1.9139,65.35
0.70451,-0.56732,0.083011,0.41824,14.579,-12.699,1.9173,65.4
0.70386,-0.56868,0.082579,0.41756,14.554,-12.712,1.9215,65.45
0.70363,-0.56897,0.082578,0.41756,14.53,-12.725,1.9246,65.5
0.70355,-0.56912,0.083258,0.41735,14.505,-12.738,1.9267,65.55
0.70322,-0.56957,0.083028,0.41734,14.48,-12.751,1.9294,65.6
0.70267,-0.57082,0.083794,0.41642,14.456,-12.763,1.9327,65.65
0.70236,-0.57091,0.083272,0.41691,14.431,-12.777,1.934,65.7
0.70182,-0.57178,0.083958,0.41649,14.407,-12.789,1.9352,65.75
0.7014,-0.57262,0.083919,0.41607,14.383,-12.803,1.9368,65.8
0.70074,-0.57363,0.083622,0.41584,14.359,-12.815,1.9378,65.85
0.70094,-0.57345,0.084088,0.41565,14.336,-12.829,1.9374,65.9
0.7006,-0.57403,0.084284,0.41538,14.312,-12.842,1.9376,65.95
0.70017,-0.57464,0.084463,0.41524,14.288,-12.855,1.9374,66
0.69973,-0.5753,0.084793,0.41499,14.264,-12.869,1.937,66.05
0.6993,-0.57601,0.084813,0.41473,14.24,-12.882,1.9362,66.1
0.69889,-0.57666,0.084895,0.4145,14.216,-12.896,1.9351,66.15
0.69845,-0.57726,0.085326,0.41431,14.192,-12.909,1.9337,66.2
0.69798,-0.57793,0.085624,0.41412,14.168,-12.923,1.932,66.25
0.69753,-0.57851,0.085774,0.41403,14.145,-12.937,1.93,66.3
0.69714,-0.57904,0.086027,0.4139,14.121,-12.951,1.9277,66.35
0.69685,-0.57953,0.086171,0.41368,14.097,-12.965,1.9251,66.4
0.69655,-0.57993,0.086593,0.41352,14.074,-12.979,1.9222,66.45
0.69615,-0.58045,0.086755,0.41342,14.05,-12.993,1.919,66.5
0.69587,-0.5809,0.087029,0.41322,14.026,-13.007,1.9155,66.55
0.69548,-0.5815,0.08729,0.41298,14.003,-13.021,1.9116,66.6
0.69508,-0.58203,0.087437,0.41287,13.979,-13.036,1.9075,66.65
0.69461,-0.58269,0.087759,0.41265,13.956,-13.05,1.903,66.7
0.69404,-0.58397,0.087705,0.41182,13.926,-13.068,1.899,66.75
0.69399,-0.5843,0.088025,0.41136,13.903,-13.082,1.8947,66.8
0.69333,-0.58541,0.08852,0.41079,13.879,-13.097,1.8902,66.85
0.69305,-0.5858,0.087756,0.41088,13.856,-13.112,1.8837,66.9
0.69302,-0.58601,0.08706,0.41077,13.832,-13.128,1.8789,66.95
0.69271,-0.5864,0.087955,0.41055,13.809,-13.142,1.8727,67
0.69269,-0.58639,0.088094,0.41057,13.786,-13.157,1.867,67.05
0.69186,-0.58772,0.087875,0.41012,13.764,-13.173,1.8608,67.1
0.69121,-0.58851,0.089449,0.40974,13.74,-13.188,1.8539,67.15
0.69122,-0.5884,0.089631,0.40983,13.716,-13.203,1.8469,67.2
0.69058,-0.58939,0.089255,0.40958,13.692,-13.219,1.8392,67.25
0.68993,-0.59037,0.089822,0.40914,13.669,-13.235,1.8313,67.3
0.69059,-0.59015,0.089145,0.40847,13.646,-13.251,1.8232,67.35
0.68964,-0.59109,0.08936,0.40868,13.623,-13.267,1.8151,67.4
0.68909,-0.59211,0.089849,0.40804,13.6,-13.282,1.808,67.45
0.68861,-0.59221,0.090559,0.40853,13.576,-13.298,1.7993,67.5
0.68862,-0.59332,0.090018,0.40703,13.554,-13.316,1.7895,67.55
0.68733,-0.59417,0.090688,0.40782,13.531,-13.331,1.7808,67.6
0.68771,-0.59381,0.091008,0.40762,13.509,-13.348,1.7718,67.65
0.68709,-0.59481,0.09074,0.40727,13.486,-13.364,1.7618,67.7
0.68727,-0.59501,0.091151,0.40659,13.462,-13.38,1.7529,67.75
0.68627,-0.59562,0.091822,0.40724,13.438,-13.397,1.7425,67.8
0.68595,-0.59545,0.091785,0.40802,13.417,-13.416,1.7315,67.85
0.68587,-0.59673,0.091639,0.40633,13.395,-13.433,1.7219,67.9
0.68514,-0.59744,0.091184,0.40661,13.372,-13.449,1.7108,67.95
0.68524,-0.59816,0.092161,0.40515,13.349,-13.467,1.7003,68
0.68464,-0.59848,0.093131,0.40548,13.326,-13.483,1.6899,68.05
0.68409,-0.59902,0.093067,0.40563,13.304,-13.501,1.6798,68.1
0.68373,-0.59986,0.093348,0.40493,13.281,-13.518,1.6682,68.15
0.6833,-0.60042,0.093064,0.40489,13.258,-13.536,1.6576,68.2
0.6832,-0.60086,0.093132,0.40439,13.236,-13.553,1.6453,68.25
0.68277,-0.60142,0.094165,0.40404,13.215,-13.571,1.6337,68.3
0.68252,-0.60164,0.093351,0.40434,13.193,-13.589,1.6226,68.35
0.68157,-0.60237,0.093794,0.40473,13.171,-13.607,1.6107,68.4
0.6819,-0.60248,0.094426,0.40387,13.148,-13.626,1.5997,68.45
0.6811,-0.60389,0.094784,0.40305,13.126,-13.644,1.5885,68.5
0.6809,-0.60434,0.095107,0.40262,13.104,-13.662,1.5762,68.55
0.68118,-0.60439,0.094078,0.40232,13.082,-13.681,1.5644,68.6
0.6805,-0.60493,0.094244,0.4026,13.06,-13.699,1.5517,68.65
0.67955,-0.60625,0.095649,0.4019,13.037,-13.717,1.5389,68.7
0.67922,-0.6066,0.095958,0.40185,13.016,-13.737,1.5271,68.75
0.67884,-0.60697,0.096318,0.40186,12.994,-13.756,1.5148,68.8
0.67886,-0.60728,0.095796,0.40148,12.972,-13.775,1.5023,68.85
0.67847,-0.60771,0.096359,0.40136,12.951,-13.794,1.4901,68.9
0.67771,-0.60876,0.096379,0.40102,12.929,-13.813,1.478,68.95
0.67764,-0.60887,0.096681,0.40092,12.908,-13.833,1.4655,69
0.67715,-0.60937,0.096659,0.40099,12.886,-13.852,1.4534,69.05
0.67631,-0.61065,0.096425,0.40051,12.864,-13.872,1.44,69.1
0.6765,-0.61039,0.09743,0.40034,12.842,-13.891,1.4282,69.15
0.67584,-0.61145,0.097485,0.39984,12.821,-13.911,1.4151,69.2
0.67513,-0.61227,0.097426,0.39979,12.8,-13.931,1.4021,69.25
0.67511,-0.61239,0.097882,0.39952,12.778,-13.951,1.3902,69.3
0.67465,-0.61336,0.097688,0.39887,12.756,-13.971,1.3778,69.35
0.67399,-0.6139,0.098195,0.39904,12.735,-13.991,1.3655,69.4
0.67426,-0.61418,0.09792,0.3982,12.714,-14.011,1.3527,69.45
0.67349,-0.61442,0.099012,0.39886,12.694,-14.032,1.3405,69.5
0.67314,-0.61517,0.099036,0.39829,12.673,-14.053,1.3272,69.55
0.67289,-0.61552,0.098899,0.39821,12.652,-14.073,1.3157,69.6
0.67255,-0.61626,0.099158,0.39758,12.63,-14.094,1.3045,69.65
0.67191,-0.61689,0.1,0.39748,12.609,-14.116,1.2928,69.7
0.67186,-0.61741,0.10017,0.39671,12.587,-14.136,1.2803,69.75
0.6716,-0.61776,0.10046,0.39653,12.567,-14.158,1.2682,69.8
0.6714,-0.6183,0.099923,0.39615,12.546,-14.179,1.2566,69.85
0.6705,-0.6194,0.10042,0.39585,12.525,-14.2,1.2452,69.9
0.67036,-0.61948,0.10148,0.39568,12.505,-14.222,1.2335,69.95
0.6697,-0.62003,0.10128,0.39599,12.484,-14.243,1.2218,70
0.67003,-0.61999,0.10186,0.39535,12.463,-14.265,1.2113,70.05
0.66884,-0.62144,0.10116,0.39526,12.442,-14.287,1.1993,70.1
0.66887,-0.62171,0.10184,0.39461,12.421,-14.309,1.1891,70.15
0.66805,-0.62261,0.10218,0.3945,12.4,-14.331,1.1785,70.2
0.66782,-0.62269,0.10288,0.39457,12.379,-14.354,1.1679,70.25
0.66741,-0.62358,0.10241,0.39398,12.359,-14.376,1.1574,70.3
0.6669,-0.62407,0.10284,0.39396,12.338,-14.398,1.1463,70.35
0.667,-0.62393,0.10305,0.39395,12.318,-14.421,1.1366,70.4
0.66648,-0.62516,0.10349,0.39277,12.298,-14.444,1.126,70.45
0.66595,-0.62588,0.10379,0.39245,12.277,-14.466,1.1168,70.5
0.66549,-0.62666,0.10377,0.39197,12.256,-14.489,1.1065,70.55
0.66516,-0.62686,0.10386,0.3922,12.235,-14.512,1.0969,70.6
0.66508,-0.62718,0.10384,0.39183,12.215,-14.535,1.0888,70.65
0.66436,-0.62766,0.10449,0.39211,12.195,-14.559,1.08,70.7
0.66415,-0.62819,0.10474,0.39155,12.175,-14.582,1.0717,70.75
0.66422,-0.62842,0.10457,0.3911,12.155,-14.606,1.0629,70.8
0.66336,-0.62932,0.1054,0.39089,12.135,-14.629,1.0548,70.85
0.66316,-0.6298,0.10545,0.39045,12.114,-14.652,1.0471,70.9
0.66239,-0.63052,0.10547,0.39058,12.094,-14.676,1.0395,70.95
0.66209,-0.63112,0.10683,0.38975,12.073,-14.7,1.0319,71
0.66191,-0.63121,0.1068,0.38993,12.053,-14.724,1.0238,71.05
0.66135,-0.63209,0.10621,0.3896,12.032,-14.748,1.0167,71.1
0.6606,-0.6326,0.10714,0.38981,12.012,-14.771,1.0103,71.15
0.66056,-0.63302,0.10689,0.38926,11.991,-14.797,1.0034,71.2
0.66019,-0.63342,0.10745,0.38909,11.971,-14.821,0.9971,71.25
0.6601,-0.63403,0.10691,0.38839,11.95,-14.846,0.99119,71.3
0.65948,-0.6348,0.10784,0.38792,11.93,-14.87,0.98621,71.35
0.65903,-0.63525,0.10811,0.38788,11.91,-14.895,0.98099,71.4
0.65855,-0.63558,0.10817,0.38813,11.89,-14.92,0.97595,71.45
0.65852,-0.63611,0.10798,0.38737,11.87,-14.946,0.97127,71.5
0.65813,-0.63645,0.10894,0.38721,11.85,-14.97,0.96663,71.55
0.65745,-0.63738,0.10934,0.38671,11.829,-14.995,0.96232,71.6
0.65738,-0.6374,0.1095,0.38676,11.809,-15.02,0.95869,71.65
0.65668,-0.6383,0.10921,0.38654,11.789,-15.046,0.95461,71.7
0.65655,-0.63867,0.11024,0.38586,11.768,-15.071,0.9511,71.75
0.65576,-0.63944,0.11036,0.38589,11.749,-15.097,0.94824,71.8
0.656,-0.63942,0.1103,0.38554,11.729,-15.123,0.94538,71.85
0.65505,-0.64082,0.11094,0.38464,11.709,-15.148,0.94253,71.9
0.65493,-0.64089,0.1112,0.38465,11.688,-15.175,0.9409,71.95
0.6545,-0.64158,0.11113,0.38427,11.668,-15.2,0.93941,72
0.6546,-0.6416,0.11174,0.38389,11.647,-15.226,0.93828,72.05
0.65381,-0.64228,0.11122,0.38423,11.627,-15.252,0.93754,72.1
0.65377,-0.64275,0.1118,0.38335,11.606,-15.278,0.93679,72.15
0.65334,-0.64302,0.11266,0.38338,11.586,-15.305,0.93543,72.2
0.65263,-0.64346,0.11316,0.3837,11.565,-15.332,0.9353,72.25
0.65233,-0.64416,0.11261,0.3832,11.544,-15.357,0.93538,72.3
0.65145,-0.64516,0.11298,0.38289,11.524,-15.384,0.93592,72.35
0.65146,-0.64541,0.11312,0.38243,11.504,-15.411,0.9372,72.4
0.65123,-0.64586,0.11367,0.38189,11.483,-15.437,0.93807,72.45
0.65018,-0.64648,0.11375,0.38261,11.463,-15.465,0.93972,72.5
0.65028,-0.64685,0.11484,0.38149,11.442,-15.491,0.94102,72.55
0.64972,-0.64725,0.11482,0.38178,11.422,-15.518,0.94307,72.6
0.64988,-0.64748,0.11454,0.38119,11.401,-15.544,0.94526,72.65
0.64885,-0.64864,0.11559,0.38065,11.38,-15.571,0.94752,72.7
0.64866,-0.64892,0.11567,0.38048,11.359,-15.599,0.95051,72.75
0.64844,-0.64915,0.11625,0.38029,11.339,-15.627,0.95341,72.8
0.64783,-0.65014,0.11575,0.37979,11.317,-15.655,0.95735,72.85
0.64732,-0.65061,0.1164,0.37965,11.296,-15.682,0.96081,72.9
0.64757,-0.65036,0.11614,0.37973,11.276,-15.709,0.96477,72.95
0.64621,-0.65184,0.11725,0.37917,11.256,-15.737,0.9691,73
0.64612,-0.65232,0.11738,0.37845,11.235,-15.765,0.97358,73.05
0.64594,-0.65253,0.11757,0.37835,11.214,-15.793,0.97821,73.1
0.64578,-0.65289,0.11767,0.37796,11.192,-15.821,0.98448,73.15
0.64527,-0.65367,0.11796,0.37739,11.171,-15.849,0.98891,73.2
0.64438,-0.65417,0.11841,0.3779,11.149,-15.877,0.99507,73.25
0.64476,-0.65413,0.11836,0.37735,11.129,-15.905,1.002,73.3
0.64369,-0.65506,0.11912,0.37731,11.108,-15.933,1.0082,73.35
0.64367,-0.65528,0.11922,0.37693,11.086,-15.96,1.015,73.4
0.64343,-0.65592,0.11889,0.37633,11.065,-15.989,1.0215,73.45
0.64311,-0.65621,0.11972,0.37612,11.044,-16.017,1.0286,73.5
0.6428,-0.65646,0.12005,0.3761,11.022,-16.045,1.0364,73.55
0.6426,-0.65697,0.12007,0.37554,11.001,-16.075,1.0437,73.6
0.64186,-0.65782,0.12076,0.3751,10.979,-16.103,1.0522,73.65
0.64151,-0.65799,0.12121,0.37525,10.957,-16.131,1.06,73.7
0.64075,-0.65905,0.12122,0.37469,10.936,-16.16,1.0683,73.75
0.6402,-0.65975,0.12198,0.37416,10.914,-16.189,1.0765,73.8
0.64005,-0.6597,0.12244,0.37435,10.892,-16.217,1.085,73.85
0.63914,-0.66071,0.12251,0.3741,10.871,-16.246,1.0942,73.9
0.63888,-0.66131,0.12228,0.37357,10.849,-16.275,1.1038,73.95
0.63882,-0.66156,0.12235,0.3732,10.827,-16.303,1.1135,74
0.63804,-0.66208,0.12315,0.37334,10.805,-16.332,1.124,74.05
0.63832,-0.66213,0.12342,0.37269,10.783,-16.36,1.1337,74.1
0.6377,-0.66273,0.12375,0.37258,10.761,-16.389,1.1436,74.15
0.63765,-0.66286,0.12405,0.37233,10.739,-16.418,1.1543,74.2
0.63701,-0.6638,0.12487,0.37147,10.716,-16.447,1.1647,74.25
0.63668,-0.66415,0.12512,0.37133,10.694,-16.477,1.1746,74.3
0.63607,-0.66476,0.12542,0.37118,10.672,-16.506,1.1853,74.35
0.63583,-0.66493,0.12577,0.37118,10.65,-16.535,1.1962,74.4
0.63547,-0.6656,0.12618,0.37045,10.627,-16.564,1.2069,74.45
0.63463,-0.66634,0.1267,0.37039,10.605,-16.593,1.2184,74.5
0.63467,-0.66689,0.12703,0.36922,10.582,-16.622,1.2306,74.55
0.63409,-0.66698,0.12686,0.37011,10.558,-16.651,1.2419,74.6
0.63321,-0.66782,0.12726,0.36995,10.535,-16.68,1.2537,74.65
0.63367,-0.6679,0.12754,0.36893,10.512,-16.71,1.2651,74.7
0.63303,-0.66842,0.12802,0.36891,10.49,-16.739,1.2765,74.75
0.63256,-0.66946,0.12774,0.36793,10.467,-16.768,1.2883,74.8
0.63208,-0.66949,0.12827,0.36852,10.443,-16.797,1.3005,74.85
0.63205,-0.66992,0.12908,0.3675,10.42,-16.826,1.3117,74.9
0.63145,-0.67046,0.1293,0.36748,10.396,-16.855,1.3244,74.95
0.63109,-0.67115,0.12984,0.36663,10.373,-16.884,1.3368,75
0.63077,-0.67128,0.12945,0.3671,10.349,-16.914,1.3492,75.05
0.63002,-0.67204,0.13053,0.36662,10.326,-16.943,1.3614,75.1
0.62975,-0.67238,0.13087,0.36632,10.302,-16.972,1.3739,75.15
0.62976,-0.67266,0.13082,0.36582,10.278,-17.002,1.3859,75.2
0.62887,-0.6732,0.13115,0.36623,10.255,-17.031,1.399,75.25
0.6289,-0.67363,0.13143,0.36528,10.231,-17.06,1.4115,75.3
0.62796,-0.67422,0.13197,0.36562,10.207,-17.09,1.4239,75.35
0.62839,-0.67396,0.13247,0.36518,10.183,-17.12,1.4359,75.4
0.62769,-0.67496,0.13306,0.36432,10.158,-17.149,1.448,75.45
0.6271,-0.67536,0.13309,0.36458,10.134,-17.178,1.4613,75.5
0.62697,-0.67585,0.134,0.36356,10.11,-17.207,1.4732,75.55
0.6261,-0.67688,0.13338,0.36338,10.085,-17.235,1.4859,75.6
0.62535,-0.67741,0.13424,0.36337,10.06,-17.265,1.4974,75.65
0.62507,-0.67773,0.1348,0.36305,10.035,-17.294,1.5098,75.7
0.62524,-0.67749,0.13503,0.36312,10.011,-17.323,1.5222,75.75
0.62471,-0.67808,0.13498,0.36294,9.9855,-17.351,1.5355,75.8
0.62475,-0.67835,0.1355,0.36216,9.9605,-17.38,1.5487,75.85
0.6236,-0.67947,0.13548,0.36205,9.9355,-17.409,1.5606,75.9
0.62326,-0.68,0.13558,0.36162,9.9102,-17.438,1.5725,75.95
0.62335,-0.68001,0.13594,0.36132,9.8851,-17.467,1.584,76
0.62267,-0.68062,0.13745,0.36076,9.8594,-17.496,1.5956,76.05
0.62221,-0.68118,0.13693,0.36069,9.8343,-17.525,1.6077,76.1
0.62172,-0.68145,0.13803,0.3606,9.8089,-17.554,1.6195,76.15
0.62112,-0.68234,0.13751,0.36016,9.7825,-17.582,1.6312,76.2
0.62062,-0.68298,0.13856,0.3594,9.7566,-17.611,1.6415,76.25
0.62107,-0.68245,0.13868,0.35958,9.731,-17.64,1.6531,76.3
0.61988,-0.68365,0.1389,0.35927,9.7049,-17.668,1.6648,76.35
0.61993,-0.6839,0.13962,0.35844,9.6788,-17.696,1.6762,76.4
0.6195,-0.6841,0.13973,0.35875,9.6528,-17.725,1.6868,76.45
0.61867,-0.68484,0.14003,0.35865,9.626,-17.753,1.6976,76.5
0.61858,-0.68501,0.14036,0.35836,9.5995,-17.781,1.7083,76.55
0.61823,-0.6856,0.14109,0.35755,9.5734,-17.81,1.7182,76.6
0.61773,-0.68605,0.14055,0.35775,9.546,-17.839,1.7284,76.65
0.61774,-0.6861,0.14161,0.35724,9.5186,-17.866,1.7386,76.7
0.61741,-0.68658,0.14211,0.35667,9.4923,-17.894,1.7483,76.75
0.61643,-0.68757,0.14255,0.35629,9.4656,-17.922,1.7583,76.8
0.6162,-0.68788,0.14251,0.35609,9.4385,-17.95,1.7683,76.85
0.61615,-0.68804,0.14268,0.35582,9.4116,-17.978,1.7769,76.9
0.615,-0.68909,0.14338,0.35549,9.3842,-18.005,1.7863,76.95
0.61521,-0.68916,0.14406,0.35471,9.3561,-18.033,1.7956,77
0.61552,-0.68886,0.14456,0.35455,9.3284,-18.061,1.804,77.05
0.61451,-0.6897,0.14468,0.35463,9.3009,-18.088,1.8124,77.1
0.61359,-0.69071,0.14476,0.35421,9.2732,-18.116,1.8206,77.15
0.61345,-0.69082,0.1446,0.3543,9.2453,-18.143,1.8284,77.2
0.61306,-0.6914,0.14606,0.35324,9.2167,-18.17,1.836,77.25
0.61308,-0.69166,0.14573,0.35284,9.1882,-18.197,1.8439,77.3
0.61242,-0.69204,0.14667,0.35286,9.1601,-18.225,1.8513,77.35
0.61182,-0.69237,0.14684,0.35318,9.1314,-18.251,1.8573,77.4
0.61171,-0.6928,0.14718,0.35238,9.1028,-18.279,1.8633,77.45
0.61086,-0.69369,0.14718,0.3521,9.074,-18.305,1.8698,77.5
0.6108,-0.69368,0.14827,0.35177,9.0451,-18.332,1.8762,77.55
0.61034,-0.69403,0.14841,0.35184,9.0154,-18.359,1.8818,77.6
0.60969,-0.69494,0.14851,0.35111,8.9866,-18.385,1.8879,77.65
0.60931,-0.69517,0.14877,0.35121,8.9576,-18.412,1.8926,77.7
0.60906,-0.69564,0.14868,0.35074,8.9287,-18.438,1.8984,77.75
0.60841,-0.69618,0.1492,0.35058,8.8995,-18.465,1.9034,77.8
0.60801,-0.6964,0.15021,0.35041,8.8693,-18.49,1.9078,77.85
0.60779,-0.69694,0.15042,0.34962,8.8394,-18.516,1.9112,77.9
0.60771,-0.69725,0.15069,0.34904,8.8089,-18.542,1.9151,77.95
0.60725,-0.69782,0.15122,0.34845,8.7787,-18.568,1.9193,78
0.60677,-0.69821,0.15167,0.34833,8.7488,-18.594,1.9216,78.05
0.60635,-0.69874,0.15226,0.34774,8.7179,-18.619,1.9249,78.1
0.60588,-0.69875,0.15229,0.34852,8.6874,-18.645,1.9275,78.15
0.60582,-0.69889,0.15318,0.34795,8.6566,-18.669,1.93,78.2
0.60547,-0.69946,0.15335,0.34736,8.626,-18.695,1.9303,78.25
0.60476,-0.70033,0.15369,0.34666,8.5949,-18.72,1.9323,78.3
0.60431,-0.70071,0.1543,0.34642,8.564,-18.745,1.9344,78.35
0.60386,-0.70085,0.15459,0.34679,8.5332,-18.77,1.936,78.4
0.60383,-0.70117,0.15475,0.34612,8.5017,-18.795,1.9368,78.45
0.60301,-0.7019,0.15527,0.34585,8.4702,-18.819,1.937,78.5
0.60261,-0.70232,0.15576,0.34546,8.4384,-18.844,1.9364,78.55
0.60173,-0.70319,0.15596,0.34513,8.4066,-18.867,1.9363,78.6
0.60201,-0.70311,0.15631,0.34464,8.3752,-18.892,1.9359,78.65
0.60185,-0.70338,0.15686,0.34413,8.3429,-18.916,1.9354,78.7
0.60092,-0.70426,0.15694,0.34392,8.3106,-18.94,1.9336,78.75
0.601,-0.70426,0.15706,0.34374,8.2781,-18.963,1.9329,78.8
0.60037,-0.70484,0.15869,0.34289,8.2455,-18.987,1.9316,78.85
0.59972,-0.70529,0.15847,0.34321,8.2128,-19.01,1.9296,78.9
0.59954,-0.70537,0.15866,0.34329,8.1801,-19.033,1.927,78.95
0.59887,-0.70621,0.15953,0.34232,8.1484,-19.056,1.9237,79
0.59856,-0.7063,0.15998,0.34245,8.1158,-19.078,1.9209,79.05
0.59856,-0.70663,0.15989,0.34181,8.0824,-19.101,1.9182,79.1
0.59768,-0.70721,0.16055,0.34183,8.0493,-19.124,1.9147,79.15
0.59807,-0.70709,0.16074,0.34132,8.0158,-19.147,1.9108,79.2
0.59697,-0.70796,0.16122,0.34123,7.9825,-19.17,1.9071,79.25
0.59656,-0.70842,0.16162,0.34079,7.9489,-19.192,1.9022,79.3
0.59674,-0.70845,0.16184,0.3403,7.9157,-19.214,1.8973,79.35
0.5958,-0.70916,0.16213,0.34034,7.8825,-19.236,1.8917,79.4
0.59566,-0.70935,0.16308,0.33972,7.8488,-19.257,1.8868,79.45
0.59531,-0.70973,0.16366,0.33927,7.8147,-19.278,1.8817,79.5
0.59478,-0.71007,0.16385,0.33938,7.7802,-19.299,1.8751,79.55
0.59487,-0.71017,0.16402,0.33895,7.7463,-19.32,1.8696,79.6
0.59422,-0.71095,0.16463,0.33816,7.7121,-19.341,1.8637,79.65
0.59355,-0.71154,0.16479,0.33801,7.6777,-19.362,1.8568,79.7
0.59282,-0.71208,0.16552,0.3378,7.6432,-19.383,1.8489,79.75
0.59261,-0.71261,0.16598,0.33681,7.6079,-19.404,1.8416,79.8
0.59225,-0.71276,0.16673,0.33678,7.5738,-19.423,1.8338,79.85
0.59214,-0.7127,0.16711,0.3369,7.5385,-19.443,1.8258,79.9
0.59118,-0.71371,0.16724,0.33638,7.5036,-19.462,1.818,79.95
0.59129,-0.71391,0.16799,0.33539,7.4678,-19.482,1.811,80
0.5907,-0.71414,0.16883,0.33553,7.433,-19.501,1.8017,80.05
0.59045,-0.71445,0.16876,0.33532,7.3968,-19.52,1.7932,80.1
0.59029,-0.71484,0.16867,0.33482,7.3613,-19.54,1.7842,80.15
0.5892,-0.71565,0.1695,0.3346,7.3262,-19.559,1.775,80.2
0.58927,-0.71567,0.16985,0.33425,7.2905,-19.578,1.7663,80.25
0.58919,-0.71576,0.17055,0.33386,7.2549,-19.597,1.7566,80.3
0.58865,-0.71636,0.17047,0.33355,7.2194,-19.615,1.7471,80.35
0.58817,-0.71644,0.17179,0.33355,7.1831,-19.633,1.7373,80.4
0.58807,-0.71642,0.17204,0.33365,7.1468,-19.65,1.7273,80.45
0.58774,-0.71717,0.17214,0.33254,7.1106,-19.669,1.7164,80.5
0.58681,-0.7176,0.17259,0.33304,7.0735,-19.686,1.7064,80.55
0.58652,-0.71816,0.17348,0.33187,7.0367,-19.704,1.6958,80.6
0.58619,-0.71851,0.17328,0.33181,6.9997,-19.721,1.6853,80.65
0.58556,-0.71897,0.17424,0.33143,6.9634,-19.738,1.6741,80.7
0.58547,-0.71928,0.17381,0.33115,6.9267,-19.755,1.6627,80.75
0.5844,-0.71994,0.17548,0.33071,6.8903,-19.771,1.6515,80.8
0.58466,-0.72026,0.17541,0.32959,6.8526,-19.787,1.6405,80.85
0.5844,-0.72032,0.17605,0.32958,6.815,-19.803,1.6293,80.9
0.58362,-0.72117,0.17622,0.32903,6.7774,-19.82,1.6174,80.95
0.58293,-0.72145,0.17664,0.32939,6.74,-19.835,1.6057,81
0.58275,-0.72171,0.17667,0.32912,6.7027,-19.851,1.5929,81.05
0.58225,-0.7222,0.17722,0.32864,6.6656,-19.866,1.5813,81.1
0.58238,-0.72211,0.17756,0.32842,6.6273,-19.881,1.5699,81.15
0.5819,-0.72233,0.1783,0.3284,6.5892,-19.896,1.5579,81.2
0.58153,-0.72277,0.17858,0.32791,6.552,-19.911,1.5457,81.25
0.58127,-0.723,0.17938,0.32744,6.5139,-19.925,1.5332,81.3
0.5807,-0.72354,0.17998,0.32693,6.4757,-19.939,1.5213,81.35
0.58009,-0.7242,0.18035,0.32635,6.4372,-19.953,1.5092,81.4
0.58011,-0.72435,0.18042,0.32595,6.3994,-19.967,1.4964,81.45
0.57997,-0.72456,0.18076,0.32554,6.3605,-19.981,1.4842,81.5
0.57928,-0.72512,0.18052,0.32565,6.3222,-19.994,1.472,81.55
0.57863,-0.72522,0.18227,0.32561,6.2838,-20.008,1.4595,81.6
0.57842,-0.72574,0.18199,0.32498,6.2453,-20.02,1.4473,81.65
0.5778,-0.72624,0.18303,0.32438,6.2069,-20.033,1.4354,81.7
0.5775,-0.72661,0.1836,0.32376,6.1678,-20.046,1.4237,81.75
0.5769,-0.72704,0.18355,0.3239,6.1291,-20.058,1.4111,81.8
0.57647,-0.72742,0.18414,0.32349,6.0895,-20.07,1.3981,81.85
0.57636,-0.72718,0.1844,0.32406,6.0501,-20.082,1.3851,81.9
0.57629,-0.72774,0.18518,0.32247,6.0107,-20.093,1.3722,81.95
0.57527,-0.72845,0.18554,0.32248,5.9723,-20.105,1.3601,82
0.57549,-0.72826,0.18618,0.32215,5.9328,-20.116,1.3482,82.05
0.57472,-0.72918,0.1859,0.32161,5.8932,-20.127,1.3356,82.1
0.57417,-0.7294,0.18699,0.32146,5.853,-20.138,1.323,82.15
0.57396,-0.72978,0.18781,0.3205,5.8128,-20.148,1.3114,82.2
0.57349,-0.73015,0.18757,0.32065,5.7732,-20.159,1.2997,82.25
0.57304,-0.73032,0.18869,0.32041,5.7341,-20.17,1.2888,82.3
0.57216,-0.73085,0.18906,0.32054,5.6944,-20.179,1.2769,82.35
0.57236,-0.73083,0.18956,0.31995,5.6545,-20.188,1.2651,82.4
0.57218,-0.73124,0.18938,0.31942,5.6155,-20.197,1.2534,82.45
0.5717,-0.73164,0.1905,0.31872,5.5757,-20.207,1.2413,82.5
0.57129,-0.7322,0.19021,0.31833,5.5357,-20.216,1.2303,82.55
0.57058,-0.73238,0.19124,0.31858,5.4953,-20.225,1.2188,82.6
0.57059,-0.73276,0.1914,0.31757,5.4546,-20.234,1.2077,82.65
0.5706,-0.7327,0.19216,0.31724,5.414,-20.242,1.1965,82.7
0.56985,-0.73328,0.19226,0.31718,5.3735,-20.25,1.1855,82.75
0.56924,-0.73366,0.19286,0.31706,5.333,-20.258,1.1747,82.8
0.5685,-0.73419,0.19377,0.31658,5.2927,-20.266,1.1647,82.85
0.56878,-0.73409,0.19444,0.3159,5.2525,-20.273,1.1541,82.9
0.56766,-0.73485,0.19539,0.31558,5.2118,-20.281,1.144,82.95
0.56781,-0.73477,0.1957,0.31528,5.171,-20.288,1.1342,83
0.56764,-0.73509,0.19565,0.31487,5.13,-20.295,1.1243,83.05
0.56681,-0.7356,0.19612,0.3149,5.0888,-20.301,1.1142,83.1
0.56632,-0.73597,0.19703,0.31434,5.0482,-20.308,1.1052,83.15
0.56607,-0.73653,0.19704,0.31346,5.007,-20.313,1.0968,83.2
0.56627,-0.73622,0.19755,0.31351,4.9657,-20.319,1.0876,83.25
0.56591,-0.73643,0.19789,0.31347,4.9246,-20.325,1.0793,83.3
0.56523,-0.73711,0.19887,0.31246,4.8833,-20.331,1.07,83.35
0.56481,-0.73706,0.19913,0.31318,4.8424,-20.337,1.0617,83.4
0.56425,-0.73765,0.19983,0.31236,4.8009,-20.341,1.0539,83.45
0.56402,-0.73801,0.19996,0.31181,4.7599,-20.346,1.046,83.5
0.56344,-0.73848,0.2003,0.31155,4.7185,-20.352,1.0383,83.55
0.56377,-0.73817,0.20087,0.31131,4.6768,-20.356,1.0312,83.6
0.56307,-0.73879,0.20152,0.31071,4.6358,-20.36,1.0246,83.65
0.56238,-0.73911,0.20191,0.31092,4.5942,-20.363,1.0186,83.7
0.56207,-0.73934,0.20282,0.31035,4.5526,-20.367,1.0126,83.75
0.56124,-0.74025,0.20233,0.31001,4.511,-20.371,1.0063,83.8
0.56096,-0.74037,0.20338,0.30953,4.4693,-20.375,0.99997,83.85
0.56069,-0.74061,0.20432,0.30883,4.428,-20.378,0.9944,83.9
0.56084,-0.74091,0.20405,0.30802,4.3863,-20.381,0.98896,83.95
0.56034,-0.7411,0.2049,0.30792,4.3452,-20.384,0.98354,84
0.55965,-0.74173,0.20513,0.30749,4.3035,-20.387,0.97925,84.05
0.55935,-0.74178,0.20544,0.3077,4.2619,-20.389,0.97428,84.1
0.55899,-0.74204,0.20632,0.30713,4.2208,-20.39,0.96982,84.15
0.55859,-0.74245,0.20674,0.30661,4.1783,-20.392,0.96578,84.2
0.55791,-0.74276,0.20751,0.30656,4.1366,-20.394,0.96208,84.25
0.55829,-0.74285,0.20783,0.30544,4.0952,-20.396,0.95877,84.3
0.55733,-0.74344,0.20839,0.30538,4.0531,-20.397,0.95632,84.35
0.55681,-0.74371,0.20858,0.30553,4.0113,-20.398,0.9541,84.4
0.55703,-0.74354,0.20979,0.30472,3.9699,-20.399,0.95082,84.45
0.55646,-0.74392,0.21014,0.30459,3.9277,-20.4,0.94843,84.5
0.55655,-0.74395,0.21051,0.3041,3.8858,-20.4,0.94698,84.55
0.55526,-0.74499,0.21086,0.30366,3.8437,-20.401,0.94516,84.6
0.55566,-0.74502,0.21117,0.30264,3.8017,-20.401,0.94352,84.65
0.55522,-0.7451,0.21141,0.30311,3.7593,-20.401,0.94261,84.7
0.55468,-0.74536,0.21187,0.30313,3.7171,-20.401,0.94246,84.75
0.5542,-0.74585,0.21224,0.30253,3.6753,-20.4,0.94242,84.8
0.5542,-0.74613,0.21323,0.30116,3.6334,-20.4,0.94263,84.85
0.55315,-0.74671,0.21357,0.30138,3.5918,-20.398,0.94296,84.9
0.55275,-0.747,0.21474,0.30058,3.5496,-20.398,0.94335,84.95
0.55277,-0.74695,0.21458,0.30077,3.5075,-20.396,0.94371,85
0.55234,-0.74726,0.2147,0.3007,3.4656,-20.394,0.94561,85.05
0.55216,-0.74739,0.21554,0.30012,3.4236,-20.392,0.94728,85.1
0.55214,-0.74763,0.21588,0.2993,3.3817,-20.391,0.94974,85.15
0.55141,-0.748,0.21645,0.29933,3.3405,-20.389,0.95158,85.2
0.55109,-0.74798,0.21766,0.29909,3.2984,-20.387,0.95401,85.25
0.55068,-0.74837,0.21796,0.29864,3.2561,-20.385,0.95717,85.3
0.55083,-0.74863,0.21782,0.29783,3.2139,-20.382,0.9614,85.35
0.55013,-0.74889,0.21895,0.29763,3.1718,-20.38,0.96424,85.4
0.5491,-0.74948,0.21987,0.29737,3.1298,-20.377,0.96741,85.45
0.54922,-0.74972,0.21984,0.29657,3.088,-20.373,0.97226,85.5
0.54895,-0.74994,0.21998,0.29641,3.0466,-20.37,0.97684,85.55
0.54868,-0.74995,0.22103,0.29609,3.0049,-20.367,0.98116,85.6
0.548,-0.75052,0.22117,0.2958,2.9632,-20.363,0.9856,85.65
0.54751,-0.75083,0.22138,0.29576,2.9216,-20.359,0.991,85.7
0.54673,-0.75126,0.22205,0.29562,2.8793,-20.356,0.99625,85.75
0.5467,-0.75088,0.22387,0.29526,2.8375,-20.351,1.0015,85.8
0.54591,-0.75136,0.22446,0.29503,2.7954,-20.346,1.0084,85.85
0.54552,-0.7522,0.22358,0.29428,2.7535,-20.342,1.0154,85.9
0.54533,-0.75253,0.22396,0.29352,2.7121,-20.337,1.0221,85.95
0.54475,-0.75301,0.22448,0.29296,2.6706,-20.333,1.029,86
0.54486,-0.75269,0.22529,0.29296,2.6292,-20.328,1.0362,86.05
0.54452,-0.75311,0.2257,0.29221,2.5872,-20.322,1.0431,86.1
0.54434,-0.7531,0.22623,0.29214,2.5449,-20.317,1.0505,86.15
0.54378,-0.75332,0.22655,0.29239,2.5033,-20.311,1.0585,86.2
0.54303,-0.75366,0.22761,0.29208,2.4621,-20.305,1.0664,86.25
0.54296,-0.75377,0.22834,0.29134,2.4215,-20.301,1.0742,86.3
0.54306,-0.75397,0.22818,0.29078,2.3803,-20.294,1.0834,86.35
0.54232,-0.75436,0.22913,0.29039,2.3378,-20.288,1.0915,86.4
0.54204,-0.75465,0.22944,0.28991,2.2968,-20.283,1.1004,86.45
0.5414,-0.75496,0.22971,0.29009,2.256,-20.277,1.11,86.5
0.54108,-0.75558,0.22943,0.2893,2.215,-20.27,1.1197,86.55
0.54092,-0.75561,0.23096,0.28828,2.174,-20.264,1.1297,86.6
0.54111,-0.75527,0.23222,0.28781,2.1324,-20.258,1.1394,86.65
0.53984,-0.75641,0.23195,0.28743,2.0911,-20.251,1.1497,86.7
0.53972,-0.7564,0.23268,0.28709,2.0501,-20.244,1.1595,86.75
0.53902,-0.75665,0.23343,0.28715,2.0084,-20.237,1.1692,86.8
0.53929,-0.75677,0.23318,0.28651,1.9675,-20.229,1.1801,86.85
0.53901,-0.75699,0.23442,0.28544,1.9263,-20.222,1.191,86.9
0.53844,-0.757,0.23483,0.28615,1.8858,-20.215,1.2027,86.95
0.53852,-0.75732,0.23486,0.28513,1.8445,-20.207,1.2137,87
0.53792,-0.75775,0.23602,0.28418,1.8036,-20.199,1.224,87.05
0.5376,-0.75765,0.2358,0.28522,1.7631,-20.191,1.236,87.1
0.53685,-0.75824,0.23633,0.28462,1.7229,-20.183,1.2473,87.15
0.53658,-0.75811,0.23801,0.28408,1.6819,-20.174,1.2594,87.2
0.53587,-0.75888,0.23764,0.28366,1.6417,-20.167,1.2715,87.25
0.53645,-0.75853,0.23815,0.28308,1.6008,-20.158,1.2826,87.3
0.53518,-0.7591,0.23895,0.28327,1.5605,-20.149,1.2947,87.35
0.53505,-0.75947,0.23951,0.28208,1.5203,-20.141,1.3066,87.4
0.5349,-0.75957,0.23941,0.28217,1.4804,-20.132,1.3184,87.45
0.53386,-0.76035,0.24014,0.28141,1.4404,-20.123,1.3306,87.5
0.53399,-0.76015,0.24037,0.2815,1.4003,-20.115,1.3439,87.55
0.53397,-0.7602,0.24111,0.2808,1.3592,-20.106,1.3557,87.6
0.5341,-0.76002,0.24231,0.27999,1.3191,-20.096,1.3672,87.65
0.53349,-0.76066,0.24198,0.2797,1.2799,-20.087,1.3801,87.7
0.53277,-0.76095,0.2427,0.27965,1.2402,-20.077,1.3931,87.75
0.53214,-0.76091,0.24419,0.27966,1.2004,-20.068,1.4051,87.8
0.53167,-0.76176,0.24397,0.27843,1.161,-20.059,1.4172,87.85
0.5319,-0.76146,0.2448,0.27809,1.1209,-20.049,1.4301,87.9
0.53128,-0.76159,0.24556,0.27826,1.0812,-20.039,1.443,87.95
0.53075,-0.76214,0.24577,0.27758,1.0414,-20.029,1.4562,88
0.53026,-0.76274,0.2458,0.27683,1.0023,-20.02,1.4685,88.05
0.53004,-0.76283,0.24623,0.27661,0.96256,-20.01,1.4808,88.1
0.5301,-0.76282,0.24706,0.27579,0.92322,-20,1.4938,88.15
0.53031,-0.76255,0.2475,0.27573,0.88382,-19.99,1.5052,88.2
0.52911,-0.76318,0.24891,0.27504,0.84494,-19.98,1.5187,88.25
0.52893,-0.76336,0.2492,0.27463,0.80526,-19.97,1.531,88.3
0.5287,-0.76332,0.25,0.27443,0.76592,-19.961,1.5432,88.35
0.5294,-0.76292,0.24998,0.27423,0.72796,-19.95,1.5559,88.4
0.52772,-0.764,0.25039,0.27408,0.6891,-19.939,1.5676,88.45
0.52698,-0.76448,0.2508,0.2738,0.65132,-19.929,1.5798,88.5
0.52655,-0.76501,0.25085,0.27309,0.6123,-19.918,1.5915,88.55
0.52622,-0.76527,0.25136,0.27254,0.57323,-19.908,1.6032,88.6
0.5265,-0.7651,0.25224,0.27167,0.5347,-19.897,1.6151,88.65
0.52618,-0.76495,0.25348,0.27155,0.49629,-19.886,1.6275,88.7
0.52547,-0.76534,0.25419,0.27115,0.45803,-19.876,1.6395,88.75
0.52508,-0.76569,0.25452,0.27062,0.41911,-19.865,1.6509,88.8
0.52549,-0.76548,0.25462,0.2703,0.38085,-19.854,1.6632,88.85
0.5249,-0.76604,0.25519,0.26934,0.34258,-19.843,1.6742,88.9
0.52501,-0.76604,0.25583,0.26851,0.30423,-19.833,1.6851,88.95
0.52452,-0.76614,0.25635,0.2687,0.26688,-19.821,1.6964,89
0.52422,-0.76635,0.25686,0.26819,0.22901,-19.81,1.7074,89.05
0.52397,-0.76677,0.25597,0.26834,0.19149,-19.799,1.7172,89.1
0.52295,-0.76718,0.25725,0.26792,0.15479,-19.788,1.7282,89.15
0.52337,-0.76709,0.25783,0.2668,0.11723,-19.776,1.7388,89.2
0.52284,-0.76727,0.25817,0.26699,0.079822,-19.766,1.7488,89.25
0.52208,-0.76796,0.2586,0.26606,0.041845,-19.755,1.7588,89.3
0.52198,-0.76822,0.25834,0.26576,0.0045679,-19.744,1.7683,89.35
0.52149,-0.76812,0.26019,0.26524,-0.032758,-19.733,1.7786,89.4
0.52152,-0.76812,0.26036,0.26499,-0.070476,-19.721,1.7875,89.45
0.52128,-0.76797,0.26146,0.2648,-0.1072,-19.711,1.7965,89.5
0.52055,-0.7687,0.26153,0.26406,-0.14458,-19.699,1.8053,89.55
0.52057,-0.7684,0.26272,0.2637,-0.18188,-19.687,1.814,89.6
0.51986,-0.76883,0.26337,0.26322,-0.21877,-19.676,1.8225,89.65
0.51948,-0.76925,0.26373,0.26238,-0.25583,-19.664,1.8311,89.7
0.51913,-0.7693,0.2638,0.26286,-0.29247,-19.653,1.8397,89.75
0.5187,-0.76959,0.26442,0.26222,-0.32865,-19.642,1.8479,89.8
0.51838,-0.76955,0.26532,0.26209,-0.36458,-19.63,1.8548,89.85
0.51859,-0.76954,0.26581,0.26118,-0.40157,-19.619,1.8621,89.9
0.51806,-0.77004,0.26605,0.26053,-0.43815,-19.608,1.8688,89.95
0.51762,-0.77029,0.26634,0.26036,-0.47409,-19.597,1.8762,90
