0.61237,0.35355,0.35355,0.61237,12,0.03,1,0
0.61363,0.3522,0.35303,0.6122,12.022,0.029856,1.0011,0
0.61477,0.35087,0.35252,0.61212,12.044,0.029567,1.0022,0.01
0.61602,0.34952,0.35198,0.61194,12.066,0.029133,1.0033,0.02
0.61722,0.34818,0.35145,0.6118,12.088,0.028556,1.0044,0.03
0.61839,0.34687,0.35094,0.61164,12.11,0.027835,1.0055,0.04
0.61958,0.34555,0.35043,0.61149,12.132,0.026972,1.0066,0.05
0.61958,0.34555,0.35042,0.61149,12.134,0.026923,1.0066,0.05
0.62073,0.34417,0.34998,0.61136,12.156,0.025916,1.0077,0.06
0.62192,0.34277,0.34945,0.61123,12.178,0.024767,1.0088,0.07
0.62312,0.34144,0.34896,0.61104,12.2,0.023477,1.0099,0.08
0.62429,0.34001,0.34844,0.61093,12.222,0.022044,1.011,0.09
0.62546,0.3386,0.34797,0.6108,12.243,0.020468,1.0121,0.1
0.6235,0.34292,0.35127,0.60849,12.247,0.034883,0.99704,0.1
0.62468,0.34146,0.3508,0.60837,12.268,0.033464,0.99811,0.11
0.62587,0.34009,0.35031,0.6082,12.29,0.031915,0.99918,0.12
0.62715,0.33877,0.34982,0.60791,12.312,0.030235,1.0003,0.13
0.62833,0.33744,0.34928,0.60773,12.334,0.028426,1.0013,0.14
0.62948,0.33611,0.3487,0.60762,12.356,0.026486,1.0024,0.15
0.63031,0.33475,0.34697,0.60849,12.358,0.02126,0.99332,0.15
0.63144,0.33341,0.3465,0.60833,12.38,0.019128,0.99436,0.16
0.63258,0.33209,0.34598,0.60817,12.401,0.016863,0.9954,0.17
0.6337,0.33072,0.34544,0.60804,12.423,0.014464,0.99645,0.18
0.6348,0.3294,0.34488,0.60793,12.445,0.011933,0.99749,0.19
0.63599,0.32804,0.34435,0.60773,12.466,0.0092684,0.99853,0.2
0.63692,0.32671,0.3428,0.60833,12.469,0.0047871,0.98882,0.2
0.63808,0.32528,0.34227,0.60819,12.49,0.0019284,0.98983,0.21
0.63931,0.32387,0.34175,0.60794,12.512,-0.0010671,0.99083,0.22
0.64044,0.32248,0.3412,0.60781,12.533,-0.0041992,0.99184,0.23
0.64153,0.32108,0.34071,0.60767,12.555,-0.0074684,0.99284,0.24
0.64271,0.31965,0.34016,0.60749,12.576,-0.010875,0.99383,0.25
0.64289,0.31938,0.33967,0.60771,12.578,-0.012457,0.99111,0.25
0.64399,0.318,0.33919,0.60754,12.599,-0.016022,0.99209,0.26
0.6451,0.31667,0.3387,0.60733,12.62,-0.019724,0.99307,0.27
0.64619,0.3152,0.33817,0.60723,12.641,-0.023562,0.99405,0.28
0.64729,0.31386,0.33772,0.607,12.662,-0.027535,0.99502,0.29
0.64847,0.31248,0.33714,0.60677,12.683,-0.031645,0.99599,0.3
0.64849,0.31244,0.33708,0.60681,12.685,-0.031734,0.99582,0.3
0.64957,0.31103,0.33661,0.60664,12.706,-0.03598,0.99679,0.31
0.65075,0.30968,0.33604,0.60638,12.727,-0.040361,0.99775,0.32
0.65185,0.30832,0.33552,0.60619,12.748,-0.044876,0.99872,0.33
0.65299,0.30691,0.33495,0.60599,12.769,-0.049523,0.99968,0.34
0.65417,0.30549,0.33438,0.60574,12.789,-0.054302,1.0006,0.35
0.65429,0.3051,0.33403,0.60601,12.791,-0.055617,0.99955,0.35
0.65548,0.30365,0.33348,0.60575,12.811,-0.060549,1.0005,0.36
0.6566,0.30223,0.33287,0.60559,12.832,-0.065615,1.0014,0.37
0.65771,0.30089,0.33236,0.60533,12.853,-0.070813,1.0024,0.38
0.65882,0.29945,0.33179,0.60515,12.873,-0.076144,1.0033,0.39
0.65987,0.29799,0.3313,0.60499,12.893,-0.081608,1.0042,0.4
0.6599,0.29779,0.33116,0.60514,12.895,-0.082654,1.0053,0.4
0.66102,0.29641,0.33054,0.60493,12.915,-0.08826,1.0062,0.41
0.66202,0.29509,0.32998,0.60479,12.935,-0.093999,1.0071,0.42
0.6631,0.29371,0.3294,0.60458,12.955,-0.09987,1.0081,0.43
0.66417,0.29233,0.32891,0.60435,12.975,-0.10587,1.009,0.44
0.66528,0.29097,0.32838,0.60407,12.995,-0.112,1.0099,0.45
0.66539,0.29065,0.32836,0.60412,12.996,-0.11264,1.0091,0.45
0.66647,0.28911,0.32786,0.60393,13.016,-0.1189,1.01,0.46
0.6675,0.28772,0.32735,0.60374,13.036,-0.12528,1.0109,0.47
0.6686,0.28632,0.32689,0.60344,13.055,-0.1318,1.0117,0.48
0.66967,0.2849,0.32632,0.60323,13.075,-0.13845,1.0126,0.49
0.6708,0.28349,0.32573,0.60297,13.094,-0.14522,1.0135,0.5
0.67081,0.28348,0.32559,0.60303,13.095,-0.14576,1.0134,0.5
0.67188,0.28204,0.32508,0.60279,13.115,-0.15266,1.0143,0.51
0.67292,0.28059,0.32453,0.6026,13.134,-0.15968,1.0151,0.52
0.67394,0.27918,0.32397,0.60242,13.153,-0.16682,1.016,0.53
0.67503,0.27777,0.32337,0.60217,13.172,-0.17409,1.0169,0.54
0.67609,0.27626,0.32282,0.60197,13.191,-0.18148,1.0177,0.55
0.67618,0.27634,0.32275,0.60188,13.192,-0.18203,1.0156,0.55
0.6772,0.27491,0.32218,0.60169,13.211,-0.18955,1.0165,0.56
0.67826,0.27345,0.32165,0.60144,13.229,-0.19718,1.0173,0.57
0.67933,0.27206,0.32104,0.60119,13.248,-0.20494,1.0181,0.58
0.6804,0.27057,0.32049,0.60094,13.266,-0.21281,1.019,0.59
0.68146,0.26921,0.31989,0.60068,13.285,-0.22081,1.0198,0.6
0.68148,0.26917,0.31991,0.60066,13.286,-0.22134,1.0179,0.6
0.68253,0.26777,0.31927,0.60043,13.304,-0.22945,1.0187,0.61
0.6836,0.26634,0.3187,0.60016,13.322,-0.23767,1.0195,0.62
0.68467,0.26492,0.31812,0.59987,13.34,-0.24602,1.0203,0.63
0.6857,0.26354,0.31754,0.59961,13.358,-0.25448,1.021,0.64
0.6868,0.26205,0.31703,0.59928,13.375,-0.26306,1.0218,0.65
0.68672,0.262,0.31701,0.5994,13.377,-0.26366,1.019,0.65
0.68779,0.2606,0.31649,0.59906,13.394,-0.27235,1.0198,0.66
0.68884,0.25919,0.31594,0.59875,13.411,-0.28115,1.0206,0.67
0.68982,0.25773,0.31547,0.5985,13.429,-0.29007,1.0213,0.68
0.69076,0.25638,0.31493,0.59828,13.446,-0.2991,1.0221,0.69
0.69179,0.25486,0.31431,0.59806,13.463,-0.30824,1.0228,0.7
0.69189,0.25482,0.31413,0.59806,13.464,-0.30885,1.0205,0.7
0.69291,0.25339,0.3136,0.59776,13.481,-0.31811,1.0212,0.71
0.69397,0.25197,0.31303,0.59744,13.498,-0.32747,1.022,0.72
0.69497,0.2505,0.31245,0.5972,13.514,-0.33695,1.0227,0.73
0.696,0.24894,0.31193,0.59691,13.53,-0.34653,1.0234,0.74
0.69698,0.24757,0.31137,0.59663,13.547,-0.35622,1.0241,0.75
0.69698,0.24766,0.31126,0.59666,13.548,-0.35667,1.0217,0.75
0.69793,0.24624,0.31077,0.5964,13.564,-0.36646,1.0224,0.76
0.69899,0.24476,0.31018,0.59607,13.58,-0.37634,1.0231,0.77
0.69999,0.24337,0.30959,0.59577,13.596,-0.38634,1.0238,0.78
0.70099,0.24196,0.309,0.59548,13.611,-0.39643,1.0245,0.79
0.70197,0.24049,0.30841,0.59521,13.627,-0.40662,1.0251,0.8
0.70202,0.2404,0.30835,0.59523,13.628,-0.40724,1.0241,0.8
0.70303,0.23898,0.30772,0.59493,13.643,-0.41753,1.0247,0.81
0.70403,0.23755,0.30711,0.59463,13.658,-0.42792,1.0254,0.82
0.70503,0.2361,0.30651,0.59434,13.673,-0.43842,1.026,0.83
0.70603,0.23471,0.30594,0.59401,13.688,-0.44901,1.0267,0.84
0.70703,0.23338,0.30534,0.59364,13.703,-0.4597,1.0273,0.85
0.70699,0.23319,0.30542,0.59372,13.704,-0.46015,1.0263,0.85
0.70802,0.23176,0.30477,0.59339,13.718,-0.47092,1.0269,0.86
0.70905,0.23024,0.3042,0.59305,13.733,-0.48179,1.0275,0.87
0.70999,0.22881,0.30363,0.59277,13.747,-0.49276,1.0281,0.88
0.711,0.22735,0.30308,0.5924,13.761,-0.50381,1.0287,0.89
0.712,0.22588,0.30253,0.59204,13.775,-0.51496,1.0293,0.9
0.71189,0.22592,0.3025,0.59218,13.776,-0.51543,1.0292,0.9
0.71278,0.22451,0.30196,0.59191,13.79,-0.52667,1.0297,0.91
0.71374,0.22308,0.30144,0.59156,13.803,-0.53799,1.0303,0.92
0.71477,0.22164,0.30079,0.59119,13.816,-0.54941,1.0308,0.93
0.71573,0.22019,0.30024,0.59085,13.829,-0.56091,1.0314,0.94
0.71673,0.21875,0.29965,0.59047,13.842,-0.57249,1.0319,0.95
0.71671,0.21866,0.29957,0.59056,13.844,-0.57279,1.0322,0.95
0.71774,0.21722,0.29896,0.59016,13.856,-0.58445,1.0327,0.96
0.71868,0.21576,0.29833,0.58987,13.869,-0.59619,1.0332,0.97
0.71961,0.21423,0.29776,0.58958,13.881,-0.60801,1.0337,0.98
0.72055,0.21278,0.29719,0.58924,13.893,-0.61991,1.0342,0.99
0.72149,0.21142,0.29663,0.58887,13.905,-0.63189,1.0347,1
0.72149,0.21133,0.29659,0.58892,13.907,-0.63227,1.0356,1
0.72249,0.20982,0.29593,0.58857,13.918,-0.64434,1.0361,1.01
0.72339,0.20828,0.29539,0.58828,13.93,-0.65648,1.0366,1.02
0.72435,0.20677,0.29473,0.58796,13.942,-0.66869,1.037,1.03
0.72525,0.20526,0.29413,0.58767,13.953,-0.68098,1.0375,1.04
0.72618,0.20386,0.29353,0.58732,13.964,-0.69335,1.0379,1.05
0.72619,0.20403,0.29362,0.5872,13.965,-0.69347,1.0389,1.05
0.72709,0.2026,0.29298,0.58691,13.976,-0.7059,1.0393,1.06
0.728,0.20105,0.29228,0.58665,13.987,-0.7184,1.0398,1.07
0.72889,0.19969,0.29164,0.58633,13.997,-0.73097,1.0402,1.08
0.72981,0.19828,0.29109,0.58594,14.007,-0.7436,1.0406,1.09
0.73071,0.19678,0.29049,0.58562,14.018,-0.75631,1.041,1.1
0.73083,0.1967,0.29061,0.58544,14.019,-0.75638,1.0422,1.1
0.73178,0.19526,0.29009,0.585,14.029,-0.76915,1.0425,1.11
0.73274,0.19374,0.28948,0.5846,14.038,-0.78198,1.0429,1.12
0.7336,0.19235,0.28891,0.58427,14.048,-0.79488,1.0433,1.13
0.7345,0.19081,0.28832,0.58392,14.057,-0.80784,1.0437,1.14
0.73541,0.18937,0.28771,0.58355,14.066,-0.82086,1.044,1.15
0.73541,0.18935,0.28759,0.58362,14.067,-0.82083,1.0452,1.15
0.73628,0.18792,0.28704,0.58325,14.076,-0.83391,1.0456,1.16
0.73719,0.18642,0.2863,0.58294,14.085,-0.84704,1.0459,1.17
0.73811,0.18495,0.2856,0.5826,14.094,-0.86023,1.0462,1.18
0.73902,0.1835,0.28493,0.58224,14.102,-0.87348,1.0466,1.19
0.73992,0.18198,0.28427,0.58189,14.11,-0.88678,1.0469,1.2
0.73993,0.182,0.28453,0.58174,14.111,-0.88678,1.0479,1.2
0.74091,0.18054,0.28386,0.58127,14.119,-0.90013,1.0482,1.21
0.74185,0.17893,0.28328,0.58086,14.127,-0.91353,1.0484,1.22
0.74272,0.17741,0.28265,0.58052,14.135,-0.92698,1.0487,1.23
0.74364,0.17599,0.28202,0.58008,14.142,-0.94049,1.049,1.24
0.74451,0.17457,0.28145,0.57966,14.149,-0.95404,1.0492,1.25
0.74437,0.17467,0.28147,0.5798,14.15,-0.95397,1.0501,1.25
0.74528,0.17326,0.28079,0.5794,14.157,-0.96756,1.0503,1.26
0.74614,0.17188,0.28017,0.579,14.164,-0.98119,1.0506,1.27
0.74701,0.17038,0.27962,0.57859,14.17,-0.99486,1.0508,1.28
0.74788,0.16888,0.27902,0.57819,14.177,-1.0086,1.051,1.29
0.74872,0.16742,0.27835,0.57785,14.183,-1.0223,1.0512,1.3
0.74876,0.16727,0.27836,0.57784,14.184,-1.0222,1.0523,1.3
0.74964,0.16575,0.2777,0.57745,14.19,-1.036,1.0525,1.31
0.75049,0.16426,0.27711,0.57706,14.195,-1.0499,1.0527,1.32
0.75131,0.16277,0.27641,0.57674,14.201,-1.0637,1.0529,1.33
0.75218,0.16129,0.27582,0.57631,14.206,-1.0776,1.0531,1.34
0.75302,0.15991,0.27516,0.57591,14.211,-1.0916,1.0532,1.35
0.75308,0.15988,0.27526,0.5758,14.212,-1.0913,1.0546,1.35
0.75395,0.15849,0.27458,0.57536,14.217,-1.1053,1.0547,1.36
0.75484,0.15699,0.27398,0.5749,14.221,-1.1193,1.0549,1.37
0.75575,0.1555,0.27328,0.57444,14.225,-1.1333,1.055,1.38
0.75658,0.15407,0.2727,0.57401,14.23,-1.1474,1.0551,1.39
0.75744,0.15257,0.27208,0.57357,14.234,-1.1614,1.0552,1.4
0.75733,0.15248,0.27213,0.57371,14.235,-1.1612,1.0565,1.4
0.75817,0.1511,0.27152,0.57326,14.238,-1.1753,1.0566,1.41
0.75906,0.14965,0.27092,0.57274,14.242,-1.1895,1.0567,1.42
0.7599,0.14822,0.27025,0.57232,14.245,-1.2036,1.0568,1.43
0.76075,0.1467,0.26963,0.57187,14.248,-1.2178,1.0568,1.44
0.76164,0.14533,0.26897,0.57134,14.251,-1.232,1.0569,1.45
0.76163,0.14536,0.269,0.57135,14.252,-1.2318,1.0572,1.45
0.76241,0.14387,0.26841,0.57095,14.255,-1.246,1.0572,1.46
0.76327,0.14231,0.26777,0.5705,14.257,-1.2603,1.0572,1.47
0.76408,0.14088,0.26709,0.57009,14.259,-1.2745,1.0573,1.48
0.76486,0.13945,0.26655,0.56964,14.261,-1.2887,1.0573,1.49
0.76566,0.13796,0.2659,0.56923,14.263,-1.303,1.0573,1.5
0.76565,0.13758,0.26575,0.56942,14.264,-1.3029,1.0598,1.5
0.7665,0.13606,0.26503,0.56897,14.265,-1.3172,1.0598,1.51
0.7673,0.13457,0.26445,0.56852,14.266,-1.3315,1.0598,1.52
0.76812,0.13307,0.26385,0.56804,14.267,-1.3458,1.0598,1.53
0.76901,0.13159,0.26315,0.5675,14.268,-1.3601,1.0597,1.54
0.76984,0.13006,0.26245,0.56706,14.269,-1.3744,1.0597,1.55
0.7697,0.13013,0.26254,0.56718,14.27,-1.3743,1.0611,1.55
0.77052,0.1287,0.26191,0.56669,14.27,-1.3886,1.061,1.56
0.77133,0.12717,0.26124,0.56624,14.27,-1.4029,1.0609,1.57
0.77215,0.12571,0.2607,0.5657,14.27,-1.4172,1.0608,1.58
0.77296,0.12424,0.26003,0.56523,14.27,-1.4315,1.0608,1.59
0.77377,0.12282,0.25935,0.56474,14.27,-1.4458,1.0606,1.6
0.77369,0.12265,0.2593,0.56491,14.271,-1.4458,1.0621,1.6
0.7745,0.12118,0.25867,0.5644,14.27,-1.4601,1.062,1.61
0.77526,0.11972,0.25799,0.56399,14.269,-1.4744,1.0619,1.62
0.77607,0.1182,0.2573,0.56351,14.268,-1.4887,1.0618,1.63
0.77682,0.11669,0.25679,0.56302,14.266,-1.503,1.0616,1.64
0.7776,0.1152,0.2561,0.56256,14.265,-1.5172,1.0614,1.65
0.77761,0.11515,0.25603,0.56259,14.266,-1.5174,1.0629,1.65
0.77839,0.11368,0.25536,0.56211,14.264,-1.5316,1.0627,1.66
0.7791,0.1122,0.25483,0.56167,14.262,-1.5459,1.0625,1.67
0.77985,0.11069,0.25418,0.56123,14.26,-1.5601,1.0623,1.68
0.78061,0.10921,0.25351,0.56076,14.257,-1.5743,1.0621,1.69
0.78144,0.10776,0.2528,0.56021,14.255,-1.5885,1.0619,1.7
0.78146,0.10764,0.25275,0.56022,14.256,-1.5885,1.0634,1.7
0.78221,0.10612,0.25205,0.55978,14.253,-1.6027,1.0632,1.71
0.78298,0.10454,0.25142,0.55929,14.25,-1.6169,1.063,1.72
0.78377,0.103,0.25075,0.55877,14.246,-1.631,1.0627,1.73
0.78451,0.10146,0.25011,0.55829,14.243,-1.6451,1.0625,1.74
0.78523,0.099961,0.24946,0.55784,14.239,-1.6592,1.0622,1.75
0.78525,0.10013,0.24944,0.5578,14.24,-1.6594,1.0635,1.75
0.78593,0.098616,0.2488,0.55739,14.236,-1.6734,1.0632,1.76
0.78669,0.097161,0.24805,0.55691,14.232,-1.6875,1.0629,1.77
0.78741,0.095664,0.24733,0.55647,14.227,-1.7015,1.0626,1.78
0.78814,0.094176,0.24664,0.556,14.223,-1.7155,1.0623,1.79
0.78888,0.092702,0.24595,0.55551,14.218,-1.7294,1.062,1.8
0.78897,0.092606,0.2461,0.55532,14.219,-1.7296,1.063,1.8
0.78967,0.091128,0.24544,0.55487,14.214,-1.7436,1.0627,1.81
0.79036,0.089609,0.24477,0.55443,14.208,-1.7574,1.0623,1.82
0.79112,0.088097,0.24407,0.5539,14.203,-1.7713,1.062,1.83
0.79184,0.08655,0.24334,0.55343,14.197,-1.7851,1.0616,1.84
0.79257,0.085082,0.24268,0.5529,14.191,-1.7989,1.0613,1.85
0.79262,0.085075,0.24276,0.5528,14.192,-1.7991,1.0623,1.85
0.7933,0.083603,0.24209,0.55234,14.186,-1.8128,1.0619,1.86
0.79399,0.082071,0.24142,0.55187,14.18,-1.8265,1.0615,1.87
0.79468,0.080557,0.24077,0.55138,14.173,-1.8402,1.0611,1.88
0.79541,0.079018,0.2401,0.55084,14.166,-1.8538,1.0607,1.89
0.79614,0.077563,0.23943,0.55029,14.16,-1.8674,1.0603,1.9
0.7962,0.077548,0.23938,0.55023,14.16,-1.8676,1.0611,1.9
0.79691,0.075995,0.23869,0.54971,14.153,-1.8811,1.0607,1.91
0.79762,0.074495,0.23798,0.54919,14.146,-1.8946,1.0602,1.92
0.79837,0.072992,0.23731,0.5486,14.138,-1.908,1.0598,1.93
0.79907,0.071447,0.23653,0.54812,14.13,-1.9214,1.0593,1.94
0.79979,0.069935,0.23588,0.54754,14.123,-1.9347,1.0588,1.95
0.79971,0.07001,0.23599,0.54761,14.123,-1.935,1.0596,1.95
0.80042,0.068419,0.2353,0.54707,14.115,-1.9482,1.0591,1.96
0.8011,0.066889,0.23463,0.54655,14.107,-1.9615,1.0586,1.97
0.80178,0.065356,0.23396,0.54602,14.098,-1.9746,1.0581,1.98
0.80246,0.06386,0.23332,0.54547,14.089,-1.9877,1.0576,1.99
0.80313,0.062461,0.23257,0.54497,14.08,-2.0008,1.0571,2
0.80315,0.062464,0.23256,0.54494,14.081,-2.001,1.0578,2
0.80386,0.060891,0.23176,0.54442,14.072,-2.014,1.0573,2.01
0.8045,0.059387,0.23102,0.54396,14.062,-2.027,1.0567,2.02
0.80514,0.057876,0.23028,0.54348,14.053,-2.0398,1.0562,2.03
0.80579,0.056363,0.22964,0.54295,14.043,-2.0526,1.0557,2.04
0.80648,0.05484,0.22889,0.54239,14.033,-2.0654,1.0551,2.05
0.80652,0.054916,0.22913,0.54222,14.034,-2.0656,1.0559,2.05
0.80715,0.053461,0.22842,0.54173,14.024,-2.0783,1.0553,2.06
0.80787,0.051903,0.22771,0.54111,14.013,-2.0909,1.0547,2.07
0.80849,0.050418,0.22709,0.54058,14.003,-2.1034,1.0541,2.08
0.80915,0.048899,0.22633,0.54006,13.992,-2.1159,1.0535,2.09
0.80982,0.047332,0.22566,0.53947,13.981,-2.1283,1.0529,2.1
0.80982,0.047355,0.22568,0.53946,13.982,-2.1285,1.0538,2.1
0.81043,0.045848,0.22496,0.53897,13.97,-2.1408,1.0532,2.11
0.81112,0.044373,0.22437,0.53831,13.959,-2.1531,1.0526,2.12
0.81174,0.042851,0.22373,0.53777,13.948,-2.1653,1.052,2.13
0.81233,0.041383,0.22299,0.53729,13.936,-2.1774,1.0513,2.14
0.81303,0.039898,0.22221,0.53667,13.924,-2.1894,1.0507,2.15
0.81305,0.0398,0.22221,0.53665,13.925,-2.1896,1.0516,2.15
0.81372,0.038241,0.22154,0.53603,13.913,-2.2015,1.051,2.16
0.81441,0.036761,0.22082,0.53538,13.9,-2.2134,1.0503,2.17
0.81506,0.035223,0.22004,0.5348,13.888,-2.2252,1.0496,2.18
0.8157,0.033757,0.21935,0.53421,13.875,-2.2369,1.0489,2.19
0.81632,0.032169,0.2186,0.53366,13.863,-2.2485,1.0482,2.2
0.81621,0.032256,0.21872,0.53378,13.863,-2.2487,1.0492,2.2
0.81677,0.030748,0.21802,0.5333,13.85,-2.2602,1.0485,2.21
0.81739,0.029296,0.21734,0.53271,13.837,-2.2717,1.0478,2.22
0.81798,0.027808,0.21666,0.53215,13.824,-2.283,1.0471,2.23
0.81863,0.026346,0.21595,0.53152,13.81,-2.2943,1.0463,2.24
0.81921,0.024844,0.21519,0.53101,13.796,-2.3055,1.0456,2.25
0.8193,0.0247,0.21521,0.53087,13.797,-2.3056,1.0467,2.25
0.81987,0.023174,0.21449,0.53035,13.783,-2.3167,1.0459,2.26
0.82045,0.021649,0.21381,0.52979,13.769,-2.3277,1.0452,2.27
0.82106,0.020187,0.21309,0.52919,13.755,-2.3387,1.0444,2.28
0.82169,0.018641,0.2124,0.52854,13.741,-2.3495,1.0436,2.29
0.82234,0.017203,0.21171,0.52787,13.726,-2.3602,1.0428,2.3
0.82232,0.017189,0.21171,0.52789,13.727,-2.3601,1.044,2.3
0.8229,0.01558,0.21102,0.52732,13.712,-2.3707,1.0432,2.31
0.82351,0.014017,0.21037,0.52667,13.697,-2.3812,1.0424,2.32
0.82406,0.012481,0.20964,0.52614,13.682,-2.3916,1.0416,2.33
0.82467,0.011063,0.20891,0.5255,13.667,-2.402,1.0408,2.34
0.82528,0.0095168,0.20815,0.52488,13.652,-2.4122,1.04,2.35
0.82527,0.0096302,0.20817,0.52488,13.653,-2.4122,1.0413,2.35
0.8259,0.0081863,0.20742,0.52422,13.637,-2.4223,1.0404,2.36
0.82646,0.0067854,0.20674,0.52362,13.622,-2.4324,1.0396,2.37
0.82705,0.0052709,0.20595,0.52301,13.606,-2.4423,1.0388,2.38
0.82762,0.0037566,0.20526,0.5224,13.59,-2.4521,1.0379,2.39
0.82817,0.002227,0.2046,0.5218,13.574,-2.4618,1.0371,2.4
0.82815,0.0020576,0.2046,0.52183,13.574,-2.4619,1.0383,2.4
0.82872,0.00057706,0.20395,0.52118,13.558,-2.4715,1.0375,2.41
0.82933,-0.00088046,0.2032,0.5205,13.541,-2.481,1.0366,2.42
0.82991,-0.0023656,0.2025,0.51984,13.525,-2.4904,1.0357,2.43
0.8305,-0.0038601,0.20173,0.51919,13.508,-2.4997,1.0349,2.44
0.83106,-0.0053678,0.20102,0.51856,13.492,-2.5089,1.034,2.45
0.83096,-0.0054831,0.20103,0.51872,13.492,-2.5087,1.0352,2.45
0.83149,-0.0070925,0.2003,0.51813,13.475,-2.5178,1.0343,2.46
0.83204,-0.008496,0.19957,0.5175,13.458,-2.5268,1.0335,2.47
0.83258,-0.0099491,0.1989,0.51686,13.441,-2.5356,1.0325,2.48
0.83309,-0.011403,0.19816,0.51629,13.424,-2.5444,1.0316,2.49
0.83359,-0.012938,0.1974,0.51575,13.406,-2.553,1.0307,2.5
0.83368,-0.013075,0.19743,0.51558,13.407,-2.553,1.032,2.5
0.83419,-0.014586,0.19675,0.51497,13.389,-2.5615,1.0311,2.51
0.83471,-0.016103,0.19596,0.51439,13.371,-2.5699,1.0301,2.52
0.83528,-0.017704,0.19529,0.51367,13.353,-2.5782,1.0292,2.53
0.83578,-0.019206,0.19456,0.51308,13.335,-2.5864,1.0283,2.54
0.8363,-0.020791,0.19382,0.51246,13.317,-2.5945,1.0273,2.55
0.83634,-0.020609,0.19383,0.51238,13.318,-2.5942,1.0285,2.55
0.83683,-0.022128,0.19299,0.51184,13.299,-2.6022,1.0276,2.56
0.83737,-0.023681,0.19224,0.51117,13.281,-2.61,1.0266,2.57
0.83789,-0.025272,0.19153,0.5105,13.263,-2.6177,1.0257,2.58
0.83834,-0.026842,0.19084,0.50994,13.244,-2.6253,1.0247,2.59
0.83886,-0.028307,0.19012,0.50928,13.225,-2.6327,1.0237,2.6
0.83893,-0.028152,0.19022,0.50914,13.226,-2.6325,1.025,2.6
0.83947,-0.029713,0.18944,0.50844,13.207,-2.6398,1.024,2.61
0.83996,-0.031203,0.18875,0.50781,13.188,-2.647,1.023,2.62
0.84048,-0.032677,0.188,0.50712,13.169,-2.6541,1.022,2.63
0.84098,-0.034191,0.18732,0.50645,13.15,-2.6611,1.021,2.64
0.84147,-0.035707,0.18653,0.50583,13.131,-2.6679,1.02,2.65
0.84144,-0.035699,0.18658,0.50585,13.131,-2.6677,1.0213,2.65
0.84191,-0.037173,0.18589,0.50522,13.112,-2.6744,1.0203,2.66
0.84238,-0.03859,0.18513,0.5046,13.092,-2.681,1.0192,2.67
0.84287,-0.040161,0.18444,0.50392,13.073,-2.6875,1.0182,2.68
0.84337,-0.041736,0.18366,0.50325,13.053,-2.6938,1.0172,2.69
0.84387,-0.043159,0.18299,0.50253,13.033,-2.7,1.0162,2.7
0.84388,-0.043265,0.18291,0.50253,13.034,-2.6999,1.0174,2.7
0.84439,-0.044763,0.18215,0.50181,13.014,-2.706,1.0163,2.71
0.84491,-0.046295,0.18138,0.50109,12.994,-2.7119,1.0153,2.72
0.84538,-0.047822,0.18064,0.50041,12.974,-2.7177,1.0143,2.73
0.84587,-0.049307,0.17984,0.49973,12.954,-2.7234,1.0132,2.74
0.84636,-0.0508,0.17916,0.499,12.933,-2.729,1.0122,2.75
0.84625,-0.050776,0.17925,0.49914,12.934,-2.7287,1.0134,2.75
0.84671,-0.052236,0.17849,0.4985,12.914,-2.7341,1.0124,2.76
0.84715,-0.053779,0.17776,0.49784,12.893,-2.7394,1.0113,2.77
0.84763,-0.055327,0.17699,0.49713,12.873,-2.7445,1.0102,2.78
0.84808,-0.056891,0.17624,0.49644,12.852,-2.7495,1.0092,2.79
0.84857,-0.058332,0.17558,0.49568,12.832,-2.7544,1.0081,2.8
0.84856,-0.058325,0.17559,0.49569,12.832,-2.7544,1.0083,2.8
0.84902,-0.059825,0.17476,0.49503,12.812,-2.7592,1.0072,2.81
0.84949,-0.061301,0.17398,0.49431,12.791,-2.7638,1.0061,2.82
0.84995,-0.062663,0.17318,0.49362,12.77,-2.7683,1.005,2.83
0.8504,-0.064174,0.17236,0.49294,12.749,-2.7726,1.004,2.84
0.85086,-0.065709,0.17161,0.49221,12.728,-2.7768,1.0029,2.85
0.85085,-0.065715,0.17162,0.49222,12.729,-2.7768,1.003,2.85
0.8513,-0.067262,0.17091,0.49148,12.708,-2.7809,1.0019,2.86
0.85177,-0.068787,0.17012,0.49074,12.687,-2.7849,1.0008,2.87
0.85219,-0.070216,0.1693,0.49008,12.666,-2.7887,0.99974,2.88
0.85263,-0.071751,0.16853,0.48935,12.645,-2.7923,0.99865,2.89
0.85303,-0.073282,0.16782,0.48867,12.624,-2.7959,0.99756,2.9
0.85289,-0.073349,0.16814,0.4888,12.623,-2.7953,1.0002,2.9
0.8533,-0.074747,0.16736,0.48813,12.601,-2.7987,0.99915,2.91
0.8537,-0.076258,0.16661,0.48747,12.58,-2.8019,0.99805,2.92
0.8541,-0.077709,0.16578,0.48682,12.559,-2.805,0.99695,2.93
0.85455,-0.079227,0.16495,0.48607,12.537,-2.808,0.99586,2.94
0.85494,-0.080711,0.16428,0.48536,12.516,-2.8108,0.99476,2.95
0.85497,-0.08085,0.1644,0.48524,12.516,-2.8107,0.99564,2.95
0.85538,-0.082329,0.16364,0.48453,12.495,-2.8134,0.99454,2.96
0.85573,-0.083884,0.16293,0.48388,12.473,-2.8159,0.99344,2.97
0.85609,-0.0853,0.16217,0.48325,12.451,-2.8183,0.99233,2.98
0.85647,-0.086771,0.16145,0.48256,12.43,-2.8205,0.99122,2.99
0.85685,-0.088178,0.16059,0.48191,12.408,-2.8226,0.99012,3
0.85696,-0.088387,0.16065,0.48166,12.408,-2.8227,0.99098,3
0.85732,-0.0899,0.15987,0.48101,12.387,-2.8247,0.98987,3.01
0.85771,-0.09144,0.15914,0.48025,12.365,-2.8266,0.98876,3.02
0.85813,-0.092924,0.15833,0.47948,12.343,-2.8283,0.98765,3.03
0.8585,-0.094496,0.15756,0.47878,12.321,-2.8298,0.98654,3.04
0.85885,-0.095979,0.15682,0.47809,12.299,-2.8312,0.98543,3.05
0.85889,-0.095895,0.15687,0.47802,12.3,-2.8313,0.98617,3.05
0.85929,-0.09739,0.15617,0.47722,12.278,-2.8325,0.98505,3.06
0.85968,-0.098917,0.15545,0.47644,12.256,-2.8337,0.98394,3.07
0.86005,-0.10037,0.15467,0.47573,12.234,-2.8347,0.98283,3.08
0.86042,-0.10195,0.15388,0.47497,12.212,-2.8355,0.98172,3.09
0.86078,-0.10346,0.15311,0.47424,12.19,-2.8362,0.98061,3.1
0.86074,-0.10337,0.1531,0.47435,12.191,-2.8362,0.9813,3.1
0.86106,-0.10501,0.15233,0.47366,12.169,-2.8367,0.98018,3.11
0.86144,-0.10661,0.15153,0.47285,12.147,-2.8372,0.97907,3.12
0.8618,-0.10809,0.15069,0.47213,12.125,-2.8374,0.97796,3.13
0.86217,-0.10961,0.1499,0.47135,12.103,-2.8376,0.97685,3.14
0.86258,-0.11109,0.14912,0.4705,12.081,-2.8376,0.97574,3.15
0.86251,-0.11084,0.1493,0.47064,12.082,-2.8376,0.9763,3.15
0.86287,-0.11227,0.14852,0.46989,12.06,-2.8374,0.97519,3.16
0.86322,-0.11367,0.14773,0.46916,12.038,-2.8371,0.97408,3.17
0.86359,-0.11513,0.14693,0.46836,12.016,-2.8367,0.97297,3.18
0.86392,-0.11672,0.14617,0.46761,11.994,-2.8361,0.97187,3.19
0.86426,-0.11822,0.14538,0.46685,11.972,-2.8354,0.97076,3.2
0.86421,-0.11831,0.1455,0.46688,11.972,-2.8354,0.97131,3.2
0.86456,-0.11982,0.14478,0.46606,11.95,-2.8346,0.9702,3.21
0.8649,-0.12124,0.14407,0.46528,11.929,-2.8336,0.96909,3.22
0.86524,-0.1227,0.14326,0.46452,11.907,-2.8324,0.96798,3.23
0.86557,-0.12419,0.14244,0.46377,11.885,-2.8311,0.96687,3.24
0.8659,-0.12569,0.14169,0.46297,11.863,-2.8297,0.96577,3.25
0.86583,-0.12576,0.14168,0.46308,11.863,-2.8297,0.96631,3.25
0.86614,-0.12728,0.14087,0.46235,11.842,-2.8281,0.96521,3.26
0.86643,-0.12875,0.14006,0.46163,11.82,-2.8264,0.9641,3.27
0.86677,-0.13016,0.13932,0.46083,11.798,-2.8245,0.963,3.28
0.86708,-0.13157,0.13857,0.46007,11.776,-2.8225,0.96191,3.29
0.86738,-0.13306,0.13778,0.45931,11.755,-2.8204,0.96081,3.3
0.86738,-0.1332,0.13785,0.45924,11.755,-2.8204,0.96133,3.3
0.86768,-0.1347,0.13711,0.45847,11.733,-2.8181,0.96024,3.31
0.86799,-0.13619,0.13637,0.45766,11.712,-2.8157,0.95915,3.32
0.86829,-0.13763,0.13563,0.45687,11.69,-2.8131,0.95806,3.33
0.8686,-0.1391,0.13485,0.45608,11.669,-2.8104,0.95698,3.34
0.86887,-0.14063,0.13405,0.45533,11.647,-2.8076,0.9559,3.35
0.86886,-0.14063,0.134,0.45536,11.648,-2.8076,0.95642,3.35
0.8691,-0.14219,0.13324,0.45463,11.626,-2.8046,0.95534,3.36
0.8694,-0.14366,0.13242,0.45383,11.605,-2.8015,0.95427,3.37
0.86968,-0.14509,0.1316,0.45308,11.583,-2.7982,0.9532,3.38
0.86995,-0.14651,0.13089,0.45232,11.562,-2.7948,0.95213,3.39
0.87019,-0.148,0.13015,0.45158,11.541,-2.7913,0.95106,3.4
0.87026,-0.14803,0.13015,0.45144,11.541,-2.7913,0.95159,3.4
0.8705,-0.14954,0.12933,0.45071,11.52,-2.7876,0.95053,3.41
0.87077,-0.151,0.12853,0.44994,11.499,-2.7838,0.94947,3.42
0.87107,-0.15247,0.12768,0.44909,11.478,-2.7798,0.94842,3.43
0.87135,-0.154,0.12693,0.44825,11.457,-2.7757,0.94737,3.44
0.87161,-0.15555,0.12611,0.44743,11.436,-2.7715,0.94632,3.45
0.87158,-0.15544,0.12628,0.44748,11.436,-2.7715,0.94692,3.45
0.87186,-0.15693,0.12552,0.44663,11.415,-2.7671,0.94587,3.46
0.87211,-0.15835,0.12473,0.44585,11.395,-2.7626,0.94483,3.47
0.8724,-0.15972,0.12385,0.44505,11.374,-2.758,0.94379,3.48
0.87265,-0.16116,0.12307,0.44425,11.353,-2.7532,0.94276,3.49
0.87291,-0.16267,0.12235,0.4434,11.333,-2.7483,0.94173,3.5
0.87284,-0.16279,0.12241,0.44347,11.333,-2.7481,0.94232,3.5
0.87312,-0.16419,0.12154,0.44264,11.313,-2.7431,0.94129,3.51
0.87334,-0.16566,0.12071,0.44189,11.292,-2.7379,0.94028,3.52
0.8736,-0.16707,0.11992,0.44106,11.272,-2.7326,0.93926,3.53
0.87381,-0.16855,0.11914,0.44028,11.252,-2.7271,0.93825,3.54
0.87401,-0.16998,0.11842,0.43953,11.231,-2.7215,0.93725,3.55
0.87401,-0.16999,0.11842,0.43953,11.232,-2.7216,0.93725,3.55
0.87423,-0.17145,0.11762,0.43873,11.212,-2.7159,0.93626,3.56
0.87443,-0.17291,0.11693,0.43795,11.192,-2.7101,0.93526,3.57
0.87465,-0.17445,0.1162,0.4371,11.172,-2.7041,0.93428,3.58
0.87488,-0.1759,0.1154,0.43625,11.152,-2.698,0.9333,3.59
0.87511,-0.17736,0.11464,0.43542,11.133,-2.6918,0.93232,3.6
0.87511,-0.17751,0.11461,0.43535,11.133,-2.6914,0.9336,3.6
0.8753,-0.17894,0.11387,0.43459,11.113,-2.6851,0.93262,3.61
0.87552,-0.1803,0.11313,0.43378,11.093,-2.6786,0.93165,3.62
0.87572,-0.18173,0.11234,0.43298,11.074,-2.672,0.93068,3.63
0.87591,-0.18323,0.11153,0.43217,11.055,-2.6652,0.92973,3.64
0.87613,-0.18464,0.11069,0.43134,11.035,-2.6584,0.92877,3.65
0.87614,-0.18484,0.1107,0.43123,11.036,-2.6582,0.92941,3.65
0.87634,-0.18631,0.10994,0.43039,11.017,-2.6512,0.92846,3.66
0.87658,-0.18774,0.10915,0.42949,10.998,-2.6441,0.92752,3.67
0.87675,-0.18924,0.10834,0.42867,10.979,-2.6368,0.92659,3.68
0.87694,-0.1907,0.10756,0.42783,10.96,-2.6295,0.92566,3.69
0.87715,-0.19216,0.1068,0.42694,10.941,-2.622,0.92473,3.7
0.87709,-0.19215,0.10678,0.42707,10.942,-2.6219,0.92529,3.7
0.87727,-0.19358,0.10594,0.42626,10.923,-2.6142,0.92438,3.71
0.87742,-0.19504,0.10514,0.42549,10.905,-2.6065,0.92347,3.72
0.87756,-0.19649,0.10441,0.4247,10.887,-2.5986,0.92256,3.73
0.87771,-0.19799,0.10367,0.42388,10.868,-2.5907,0.92167,3.74
0.87789,-0.19949,0.10287,0.42301,10.85,-2.5826,0.92078,3.75
0.87796,-0.19946,0.10284,0.42288,10.851,-2.5824,0.92124,3.75
0.87814,-0.20086,0.102,0.42205,10.833,-2.5742,0.92035,3.76
0.87831,-0.20222,0.10121,0.42123,10.815,-2.5659,0.91947,3.77
0.87848,-0.2037,0.1004,0.42036,10.797,-2.5575,0.9186,3.78
0.87863,-0.20521,0.099621,0.4195,10.78,-2.5489,0.91774,3.79
0.87875,-0.20674,0.098798,0.41868,10.762,-2.5402,0.91688,3.8
0.87876,-0.20673,0.098889,0.41865,10.763,-2.5401,0.91733,3.8
0.87889,-0.20822,0.09803,0.41785,10.745,-2.5313,0.91648,3.81
0.87903,-0.20967,0.097244,0.417,10.728,-2.5224,0.91564,3.82
0.87916,-0.21114,0.096372,0.41618,10.711,-2.5134,0.9148,3.83
0.87931,-0.21261,0.095536,0.41532,10.694,-2.5042,0.91397,3.84
0.87949,-0.21396,0.094662,0.41444,10.678,-2.495,0.91315,3.85
0.87948,-0.21399,0.094928,0.41438,10.678,-2.4948,0.91354,3.85
0.87956,-0.2155,0.094105,0.41362,10.661,-2.4854,0.91272,3.86
0.87968,-0.21698,0.093382,0.41275,10.645,-2.476,0.91192,3.87
0.87982,-0.21842,0.092559,0.41188,10.629,-2.4664,0.91113,3.88
0.87996,-0.21982,0.091803,0.41099,10.613,-2.4568,0.91034,3.89
0.88006,-0.2213,0.091014,0.41017,10.597,-2.447,0.90956,3.9
0.88006,-0.22128,0.091027,0.41018,10.597,-2.447,0.90961,3.9
0.88017,-0.22265,0.09031,0.40936,10.581,-2.4371,0.90884,3.91
0.88026,-0.2241,0.089505,0.40854,10.566,-2.4272,0.90807,3.92
0.88034,-0.22555,0.088694,0.40775,10.55,-2.4171,0.90732,3.93
0.88044,-0.22698,0.087942,0.40691,10.535,-2.407,0.90658,3.94
0.88051,-0.22843,0.087171,0.40611,10.519,-2.3967,0.90584,3.95
0.88069,-0.22846,0.086986,0.40574,10.52,-2.3963,0.90657,3.95
0.88076,-0.22989,0.086185,0.40494,10.505,-2.386,0.90584,3.96
0.88085,-0.23138,0.085335,0.4041,10.49,-2.3755,0.90512,3.97
0.88092,-0.23282,0.084516,0.40328,10.475,-2.365,0.9044,3.98
0.881,-0.23433,0.083713,0.40239,10.46,-2.3543,0.90369,3.99
0.88108,-0.23574,0.082939,0.40155,10.446,-2.3436,0.903,4
0.88118,-0.23566,0.083001,0.40137,10.446,-2.3433,0.90338,4
0.88128,-0.23717,0.08224,0.40042,10.432,-2.3324,0.90269,4.01
0.88137,-0.2386,0.081504,0.39953,10.418,-2.3215,0.90201,4.02
0.88146,-0.24005,0.080725,0.39862,10.404,-2.3105,0.90134,4.03
0.88154,-0.24151,0.079892,0.39771,10.39,-2.2993,0.90068,4.04
0.88163,-0.24295,0.07907,0.39681,10.377,-2.2881,0.90003,4.05
0.88159,-0.24286,0.079002,0.39697,10.377,-2.288,0.90039,4.05
0.88167,-0.24427,0.078197,0.39608,10.364,-2.2767,0.89975,4.06
0.88176,-0.24569,0.077333,0.39517,10.35,-2.2654,0.89911,4.07
0.88182,-0.24713,0.076435,0.39431,10.337,-2.2539,0.89849,4.08
0.88186,-0.24864,0.075602,0.39342,10.325,-2.2424,0.89787,4.09
0.88189,-0.25005,0.074799,0.39262,10.312,-2.2307,0.89727,4.1
0.88192,-0.25002,0.075002,0.39253,10.312,-2.2306,0.89766,4.1
0.88195,-0.25139,0.0743,0.39172,10.3,-2.2189,0.89706,4.11
0.88198,-0.25292,0.073472,0.39083,10.287,-2.2071,0.89648,4.12
0.88205,-0.25427,0.072655,0.38995,10.275,-2.1952,0.89591,4.13
0.88216,-0.25567,0.071936,0.38892,10.263,-2.1832,0.89534,4.14
0.88221,-0.2571,0.071085,0.38801,10.251,-2.1712,0.89479,4.15
0.8822,-0.25711,0.071087,0.38802,10.252,-2.1712,0.89487,4.15
0.88224,-0.25855,0.070361,0.38711,10.24,-2.1591,0.89433,4.16
0.88227,-0.25995,0.069496,0.38625,10.229,-2.1469,0.89379,4.17
0.88233,-0.26135,0.068673,0.38533,10.218,-2.1347,0.89327,4.18
0.88236,-0.2628,0.067888,0.38441,10.207,-2.1224,0.89276,4.19
0.88236,-0.26426,0.067082,0.38356,10.196,-2.11,0.89225,4.2
0.88236,-0.26428,0.066973,0.38356,10.196,-2.1097,0.8927,4.2
0.88238,-0.26569,0.066129,0.38268,10.186,-2.0972,0.8922,4.21
0.88241,-0.26716,0.065307,0.38172,10.175,-2.0847,0.89171,4.22
0.88242,-0.26856,0.064491,0.38084,10.165,-2.0721,0.89123,4.23
0.88245,-0.27004,0.063611,0.37988,10.155,-2.0594,0.89077,4.24
0.8825,-0.27142,0.062833,0.37892,10.145,-2.0467,0.89031,4.25
0.88246,-0.27136,0.062947,0.37902,10.145,-2.0466,0.89054,4.25
0.88249,-0.27278,0.062118,0.37807,10.136,-2.0338,0.89009,4.26
0.88247,-0.2742,0.061365,0.37723,10.126,-2.0209,0.88966,4.27
0.88244,-0.27565,0.060546,0.37637,10.117,-2.008,0.88923,4.28
0.88246,-0.27708,0.059722,0.37539,10.108,-1.995,0.88882,4.29
0.88245,-0.27848,0.058926,0.3745,10.099,-1.9819,0.88841,4.3
0.88249,-0.27843,0.058919,0.37445,10.099,-1.9818,0.88856,4.3
0.8825,-0.2799,0.058134,0.37345,10.091,-1.9687,0.88817,4.31
0.88251,-0.28127,0.057328,0.37252,10.082,-1.9556,0.88778,4.32
0.88249,-0.28274,0.056592,0.37156,10.074,-1.9424,0.88741,4.33
0.8825,-0.28417,0.055732,0.3706,10.066,-1.9291,0.88704,4.34
0.88253,-0.28546,0.054948,0.36963,10.058,-1.9158,0.88669,4.35
0.88252,-0.2855,0.054943,0.36964,10.058,-1.9158,0.88664,4.35
0.88253,-0.28691,0.054159,0.36864,10.051,-1.9025,0.8863,4.36
0.88247,-0.28828,0.053353,0.36784,10.043,-1.8891,0.88597,4.37
0.88243,-0.28966,0.052569,0.36694,10.036,-1.8756,0.88565,4.38
0.8824,-0.2911,0.051701,0.36601,10.029,-1.8621,0.88534,4.39
0.88236,-0.2925,0.050792,0.36511,10.022,-1.8486,0.88504,4.4
0.88232,-0.29249,0.050837,0.36521,10.022,-1.8483,0.88525,4.4
0.88227,-0.29388,0.049961,0.36433,10.016,-1.8347,0.88496,4.41
0.88222,-0.29528,0.049154,0.36342,10.009,-1.8211,0.88468,4.42
0.8822,-0.2967,0.048312,0.36244,10.003,-1.8074,0.88441,4.43
0.88215,-0.29804,0.04741,0.36156,9.9971,-1.7937,0.88415,4.44
0.8821,-0.29949,0.04657,0.3606,9.9913,-1.7799,0.8839,4.45
0.88212,-0.29947,0.046791,0.36055,9.9919,-1.7798,0.88393,4.45
0.88208,-0.30081,0.046022,0.35963,9.9863,-1.766,0.88369,4.46
0.882,-0.30217,0.045224,0.35877,9.9809,-1.7522,0.88346,4.47
0.88196,-0.30357,0.044371,0.3578,9.9757,-1.7383,0.88325,4.48
0.88191,-0.30497,0.043594,0.35684,9.9708,-1.7244,0.88304,4.49
0.88183,-0.30632,0.04286,0.35596,9.966,-1.7105,0.88284,4.5
0.88184,-0.30644,0.04274,0.35585,9.9666,-1.7104,0.88286,4.5
0.88178,-0.30782,0.041888,0.3549,9.9621,-1.6965,0.88268,4.51
0.88168,-0.30931,0.041054,0.35395,9.9578,-1.6825,0.8825,4.52
0.88163,-0.31062,0.040205,0.35302,9.9537,-1.6684,0.88234,4.53
0.88156,-0.31205,0.039354,0.35203,9.9498,-1.6544,0.88219,4.54
0.88148,-0.31343,0.038524,0.3511,9.9461,-1.6403,0.88205,4.55
0.88148,-0.31337,0.038678,0.35113,9.9467,-1.6403,0.88209,4.55
0.88139,-0.31475,0.037888,0.35021,9.9433,-1.6262,0.88196,4.56
0.88131,-0.31612,0.03699,0.34927,9.94,-1.612,0.88184,4.57
0.88121,-0.31753,0.036219,0.34834,9.937,-1.5979,0.88174,4.58
0.88112,-0.31892,0.035375,0.34738,9.9342,-1.5837,0.88165,4.59
0.88101,-0.32031,0.034591,0.34644,9.9316,-1.5696,0.88156,4.6
0.88105,-0.32028,0.034614,0.34637,9.9323,-1.5696,0.88158,4.6
0.88093,-0.32165,0.033744,0.34548,9.9299,-1.5554,0.88151,4.61
0.8808,-0.32305,0.032944,0.34459,9.9278,-1.5412,0.88146,4.62
0.88071,-0.32439,0.032199,0.34362,9.9258,-1.5269,0.88141,4.63
0.88057,-0.3258,0.031262,0.34273,9.9241,-1.5127,0.88137,4.64
0.88047,-0.32718,0.030459,0.34175,9.9226,-1.4985,0.88134,4.65
0.88054,-0.32716,0.030548,0.34158,9.9233,-1.4985,0.88137,4.65
0.88045,-0.32855,0.029694,0.34055,9.922,-1.4842,0.88135,4.66
0.88032,-0.32994,0.028995,0.33961,9.9209,-1.4699,0.88135,4.67
0.88016,-0.33141,0.02812,0.33867,9.9201,-1.4557,0.88135,4.68
0.88002,-0.33284,0.027332,0.33769,9.9195,-1.4414,0.88137,4.69
0.87987,-0.33427,0.026495,0.33674,9.9191,-1.4271,0.8814,4.7
0.87996,-0.33402,0.026475,0.33676,9.9197,-1.4271,0.88145,4.7
0.87982,-0.33537,0.025649,0.33584,9.9195,-1.4128,0.88149,4.71
0.87969,-0.3367,0.024909,0.33491,9.9196,-1.3985,0.88154,4.72
0.87954,-0.33814,0.023968,0.33391,9.9198,-1.3842,0.8816,4.73
0.87941,-0.33955,0.02315,0.33286,9.9203,-1.37,0.88167,4.74
0.87923,-0.34105,0.022338,0.33188,9.921,-1.3557,0.88175,4.75
0.8793,-0.34083,0.022394,0.33192,9.9217,-1.3556,0.88181,4.75
0.87916,-0.34218,0.021565,0.33094,9.9226,-1.3414,0.88191,4.76
0.87902,-0.34356,0.020788,0.32993,9.9237,-1.3271,0.88202,4.77
0.87888,-0.34485,0.019865,0.32901,9.9251,-1.3128,0.88214,4.78
0.87876,-0.34616,0.018969,0.32802,9.9267,-1.2986,0.88227,4.79
0.8786,-0.34753,0.018153,0.32703,9.9285,-1.2844,0.88241,4.8
0.87855,-0.34763,0.018317,0.32704,9.9291,-1.2843,0.88245,4.8
0.87841,-0.34897,0.017453,0.32604,9.9312,-1.2701,0.8826,4.81
0.87821,-0.35036,0.016661,0.32513,9.9334,-1.2559,0.88277,4.82
0.87802,-0.35181,0.015865,0.32413,9.9358,-1.2417,0.88294,4.83
0.87789,-0.3531,0.015048,0.32312,9.9385,-1.2275,0.88313,4.84
0.87768,-0.35456,0.014174,0.32213,9.9414,-1.2134,0.88333,4.85
0.87774,-0.35439,0.014235,0.32214,9.9421,-1.2133,0.88337,4.85
0.87759,-0.35573,0.013383,0.32112,9.9452,-1.1992,0.88358,4.86
0.87741,-0.35701,0.012495,0.32022,9.9485,-1.185,0.8838,4.87
0.8772,-0.35836,0.011664,0.31931,9.952,-1.1709,0.88403,4.88
0.87701,-0.35979,0.010863,0.31824,9.9558,-1.1569,0.88427,4.89
0.87683,-0.36116,0.010122,0.31722,9.9597,-1.1428,0.88453,4.9
0.87685,-0.36113,0.010149,0.31722,9.9604,-1.1427,0.88456,4.9
0.87667,-0.36245,0.0092579,0.31623,9.9646,-1.1287,0.88482,4.91
0.87644,-0.3638,0.0084431,0.31533,9.969,-1.1147,0.8851,4.92
0.87623,-0.3652,0.007615,0.31433,9.9736,-1.1007,0.88538,4.93
0.87604,-0.36653,0.006772,0.31331,9.9784,-1.0868,0.88568,4.94
0.87583,-0.36789,0.0059877,0.31231,9.9835,-1.0729,0.88598,4.95
0.87588,-0.36783,0.0060646,0.31225,9.9842,-1.0728,0.88596,4.95
0.87567,-0.36919,0.0052535,0.31124,9.9894,-1.0589,0.88628,4.96
0.87543,-0.37063,0.0044969,0.31023,9.9949,-1.0451,0.8866,4.97
0.87523,-0.37195,0.0037003,0.30921,10.001,-1.0313,0.88694,4.98
0.87504,-0.37323,0.00281,0.30822,10.006,-1.0175,0.88729,4.99
0.87486,-0.37446,0.0020338,0.30725,10.013,-1.0038,0.88765,5
0.87483,-0.3745,0.0019716,0.30727,10.013,-1.0037,0.8876,5
0.87469,-0.37573,0.0011345,0.30619,10.02,-0.99002,0.88797,5.01
0.87445,-0.37708,0.00041524,0.30519,10.026,-0.97638,0.88835,5.02
0.87424,-0.37842,-0.0004295,0.30414,10.033,-0.96279,0.88874,5.03
0.87402,-0.37974,-0.0012724,0.30312,10.04,-0.94924,0.88914,5.04
0.8738,-0.38108,-0.0020709,0.30207,10.047,-0.93574,0.88955,5.05
0.87371,-0.38113,-0.0021187,0.30227,10.048,-0.93558,0.88949,5.05
0.87348,-0.38243,-0.0028709,0.30128,10.055,-0.92211,0.88991,5.06
0.87327,-0.38373,-0.0037229,0.30023,10.063,-0.9087,0.89034,5.07
0.87305,-0.38501,-0.0045314,0.29922,10.07,-0.89534,0.89079,5.08
0.87278,-0.38639,-0.0053095,0.29822,10.078,-0.88203,0.89124,5.09
0.8725,-0.38777,-0.0061706,0.29722,10.086,-0.86878,0.8917,5.1
0.87251,-0.38774,-0.0062127,0.29724,10.087,-0.86865,0.8916,5.1
0.87225,-0.38901,-0.0070002,0.29632,10.096,-0.85545,0.89207,5.11
0.87201,-0.39032,-0.0078782,0.29528,10.104,-0.8423,0.89256,5.12
0.87171,-0.39167,-0.0086875,0.29435,10.113,-0.82921,0.89305,5.13
0.87146,-0.39297,-0.009441,0.29332,10.122,-0.81618,0.89356,5.14
0.87121,-0.39425,-0.010257,0.29232,10.131,-0.80321,0.89407,5.15
0.87123,-0.39431,-0.010306,0.29217,10.132,-0.80306,0.89398,5.15
0.87101,-0.39554,-0.011169,0.29113,10.141,-0.79014,0.8945,5.16
0.87075,-0.39685,-0.012002,0.2901,10.151,-0.77728,0.89504,5.17
0.87048,-0.39814,-0.012894,0.28909,10.161,-0.76449,0.89559,5.18
0.87021,-0.39942,-0.013758,0.2881,10.171,-0.75177,0.89614,5.19
0.86994,-0.40075,-0.01447,0.28705,10.181,-0.73911,0.89671,5.2
0.86988,-0.40085,-0.014391,0.28709,10.181,-0.73898,0.89659,5.2
0.86963,-0.40219,-0.01523,0.28593,10.192,-0.72639,0.89716,5.21
0.86938,-0.40345,-0.016087,0.28486,10.202,-0.71386,0.89775,5.22
0.86906,-0.4048,-0.016882,0.28389,10.213,-0.70141,0.89835,5.23
0.86872,-0.40623,-0.017685,0.28283,10.224,-0.68903,0.89895,5.24
0.86839,-0.40752,-0.018509,0.28193,10.235,-0.67672,0.89957,5.25
0.86845,-0.40735,-0.018479,0.28198,10.236,-0.67657,0.89948,5.25
0.86814,-0.40873,-0.019259,0.28089,10.247,-0.66432,0.90011,5.26
0.86782,-0.41006,-0.020134,0.27988,10.259,-0.65216,0.90074,5.27
0.86753,-0.41133,-0.020938,0.27885,10.27,-0.64007,0.90138,5.28
0.8672,-0.41268,-0.021733,0.27784,10.282,-0.62807,0.90204,5.29
0.8669,-0.41397,-0.022567,0.27677,10.294,-0.61614,0.9027,5.3
0.86695,-0.41382,-0.022569,0.27684,10.295,-0.61601,0.90257,5.3
0.86662,-0.41511,-0.023401,0.27587,10.307,-0.60415,0.90325,5.31
0.86628,-0.41647,-0.024264,0.27481,10.32,-0.59238,0.90393,5.32
0.86599,-0.4177,-0.025099,0.27378,10.332,-0.58069,0.90462,5.33
0.86563,-0.41901,-0.025924,0.27284,10.345,-0.56908,0.90532,5.34
0.8653,-0.42034,-0.026789,0.27176,10.358,-0.55757,0.90603,5.35
0.86537,-0.42025,-0.026653,0.27169,10.359,-0.55742,0.90586,5.35
0.86503,-0.42151,-0.027503,0.27073,10.372,-0.54598,0.90658,5.36
0.8647,-0.42282,-0.028268,0.26965,10.385,-0.53463,0.90731,5.37
0.8644,-0.42407,-0.029092,0.26856,10.399,-0.52336,0.90804,5.38
0.86411,-0.42531,-0.029983,0.26745,10.412,-0.51219,0.90879,5.39
0.86373,-0.42664,-0.030733,0.26647,10.426,-0.50111,0.90954,5.4
0.86373,-0.42664,-0.030728,0.26648,10.427,-0.50106,0.90959,5.4
0.8634,-0.42792,-0.031405,0.26542,10.441,-0.49007,0.91035,5.41
0.86307,-0.42916,-0.032223,0.26439,10.455,-0.47918,0.91113,5.42
0.86271,-0.43044,-0.033008,0.26336,10.469,-0.46838,0.91191,5.43
0.86235,-0.43177,-0.033793,0.26227,10.484,-0.45768,0.9127,5.44
0.86199,-0.43303,-0.034569,0.26129,10.498,-0.44707,0.91349,5.45
0.86198,-0.43301,-0.034822,0.2613,10.499,-0.44682,0.913,5.45
0.86165,-0.43427,-0.035609,0.26021,10.514,-0.43629,0.91379,5.46
0.86128,-0.43556,-0.036374,0.25916,10.529,-0.42585,0.9146,5.47
0.86096,-0.43679,-0.037159,0.25804,10.544,-0.41552,0.91541,5.48
0.86067,-0.43794,-0.037963,0.25695,10.56,-0.40529,0.91624,5.49
0.86027,-0.43925,-0.03875,0.25591,10.575,-0.39516,0.91707,5.5
0.86018,-0.43933,-0.038907,0.25608,10.576,-0.39509,0.91679,5.5
0.85983,-0.44052,-0.039731,0.25505,10.591,-0.38505,0.91763,5.51
0.85946,-0.44178,-0.040551,0.254,10.607,-0.37512,0.91847,5.52
0.85908,-0.44305,-0.041315,0.25295,10.623,-0.36529,0.91932,5.53
0.85872,-0.44431,-0.042174,0.25181,10.639,-0.35557,0.92018,5.54
0.85838,-0.44544,-0.042942,0.25083,10.655,-0.34595,0.92105,5.55
0.85829,-0.44561,-0.042989,0.25083,10.656,-0.34591,0.92073,5.55
0.85794,-0.44681,-0.043862,0.24975,10.673,-0.33639,0.9216,5.56
0.85755,-0.44805,-0.044649,0.24872,10.689,-0.32698,0.92248,5.57
0.85718,-0.44929,-0.045385,0.24763,10.706,-0.31769,0.92336,5.58
0.85674,-0.45057,-0.046242,0.24665,10.723,-0.3085,0.92425,5.59
0.85634,-0.45184,-0.047021,0.24559,10.739,-0.29943,0.92515,5.6
0.85633,-0.45186,-0.047065,0.24557,10.74,-0.29939,0.92479,5.6
0.8559,-0.45316,-0.047827,0.24452,10.757,-0.29042,0.92569,5.61
0.85554,-0.45436,-0.048652,0.24342,10.775,-0.28157,0.9266,5.62
0.85517,-0.45553,-0.049544,0.24232,10.792,-0.27284,0.92751,5.63
0.85476,-0.45678,-0.050326,0.24126,10.809,-0.26422,0.92843,5.64
0.85438,-0.45794,-0.05116,0.24021,10.827,-0.25571,0.92935,5.65
0.8543,-0.45807,-0.051134,0.24028,10.828,-0.25568,0.92899,5.65
0.8539,-0.45931,-0.051927,0.23915,10.846,-0.24728,0.92992,5.66
0.85346,-0.46061,-0.052713,0.23804,10.863,-0.239,0.93086,5.67
0.85304,-0.46185,-0.053492,0.23698,10.881,-0.23084,0.9318,5.68
0.85261,-0.46309,-0.054325,0.2359,10.899,-0.22279,0.93275,5.69
0.85223,-0.46424,-0.055192,0.23481,10.918,-0.21487,0.93371,5.7
0.85219,-0.46423,-0.055207,0.23497,10.919,-0.21486,0.93332,5.7
0.85173,-0.46552,-0.056114,0.23388,10.937,-0.20704,0.93428,5.71
0.85129,-0.46678,-0.056995,0.23277,10.955,-0.19935,0.93524,5.72
0.85086,-0.46795,-0.057841,0.23176,10.974,-0.19178,0.93621,5.73
0.85046,-0.46912,-0.058571,0.23067,10.993,-0.18433,0.93719,5.74
0.85002,-0.47034,-0.059437,0.2296,11.012,-0.17701,0.93817,5.75
0.85,-0.47037,-0.059267,0.22964,11.012,-0.17703,0.93777,5.75
0.84951,-0.47169,-0.060118,0.22855,11.031,-0.16983,0.93876,5.76
0.84904,-0.47296,-0.060921,0.22744,11.05,-0.16275,0.93975,5.77
0.84858,-0.47419,-0.061732,0.22639,11.07,-0.1558,0.94075,5.78
0.84813,-0.47537,-0.062491,0.22535,11.089,-0.14898,0.94175,5.79
0.84769,-0.47652,-0.063372,0.22435,11.108,-0.14228,0.94276,5.8
0.84775,-0.47646,-0.063328,0.22429,11.109,-0.14229,0.94237,5.8
0.84724,-0.47775,-0.064103,0.22323,11.128,-0.13572,0.94338,5.81
0.84676,-0.47897,-0.06497,0.22219,11.148,-0.12927,0.9444,5.82
0.84635,-0.48006,-0.065836,0.22115,11.168,-0.12295,0.94542,5.83
0.84592,-0.48119,-0.066627,0.22008,11.187,-0.11677,0.94645,5.84
0.84544,-0.48241,-0.067307,0.21903,11.207,-0.11071,0.94748,5.85
0.84542,-0.4825,-0.067377,0.21892,11.208,-0.11072,0.9471,5.85
0.84499,-0.48358,-0.068186,0.21793,11.228,-0.10478,0.94814,5.86
0.84453,-0.48476,-0.069073,0.21678,11.248,-0.098979,0.94918,5.87
0.84406,-0.48597,-0.069868,0.21566,11.268,-0.093307,0.95022,5.88
0.84356,-0.48717,-0.070703,0.21465,11.288,-0.087769,0.95127,5.89
0.84309,-0.48833,-0.071553,0.21357,11.309,-0.082363,0.95232,5.9
0.84301,-0.48851,-0.071428,0.21354,11.31,-0.082396,0.95194,5.9
0.84254,-0.48968,-0.072235,0.21242,11.33,-0.077117,0.953,5.91
0.84209,-0.49081,-0.073011,0.21131,11.35,-0.071971,0.95406,5.92
0.8416,-0.49199,-0.073797,0.21025,11.371,-0.066959,0.95512,5.93
0.84108,-0.49321,-0.074618,0.20918,11.392,-0.062081,0.95618,5.94
0.84055,-0.49446,-0.075437,0.20806,11.412,-0.057337,0.95725,5.95
0.84053,-0.49447,-0.075465,0.20813,11.413,-0.057374,0.95693,5.95
0.84001,-0.4957,-0.076285,0.20702,11.434,-0.052761,0.958,5.96
0.8395,-0.49688,-0.077097,0.20591,11.455,-0.048285,0.95907,5.97
0.839,-0.49806,-0.077847,0.20482,11.476,-0.043946,0.96015,5.98
0.83848,-0.49924,-0.078676,0.20376,11.497,-0.039744,0.96123,5.99
0.83794,-0.50044,-0.079476,0.20272,11.518,-0.035681,0.96231,6
0.83797,-0.5004,-0.079504,0.2027,11.518,-0.035735,0.96198,6
0.83744,-0.5016,-0.080287,0.20162,11.54,-0.031811,0.96307,6.01
0.83693,-0.50277,-0.0811,0.20048,11.561,-0.028026,0.96416,6.02
0.83641,-0.50393,-0.081899,0.19943,11.582,-0.024378,0.96525,6.03
0.83592,-0.50504,-0.082625,0.19837,11.603,-0.02087,0.96635,6.04
0.83543,-0.50615,-0.083441,0.19727,11.624,-0.017501,0.96744,6.05
0.83534,-0.50628,-0.083535,0.19726,11.625,-0.017516,0.9671,6.05
0.8348,-0.50748,-0.084355,0.19611,11.647,-0.014283,0.9682,6.06
0.83427,-0.50864,-0.085099,0.19505,11.668,-0.011191,0.9693,6.07
0.83375,-0.50977,-0.085869,0.19395,11.69,-0.0082385,0.9704,6.08
0.83315,-0.51104,-0.086666,0.19285,11.711,-0.0054267,0.9715,6.09
0.83264,-0.51216,-0.087574,0.19166,11.733,-0.0027557,0.97261,6.1
0.83264,-0.51211,-0.087558,0.1918,11.733,-0.0027363,0.97231,6.1
0.83205,-0.51332,-0.088322,0.19077,11.755,-0.00020063,0.97341,6.11
0.83149,-0.5145,-0.089152,0.18962,11.777,0.0021922,0.97452,6.12
0.83094,-0.51566,-0.089855,0.18855,11.798,0.0044435,0.97564,6.13
0.83039,-0.51679,-0.090661,0.18749,11.82,0.0065527,0.97675,6.14
0.82984,-0.51794,-0.091536,0.18634,11.842,0.0085189,0.97787,6.15
0.82986,-0.5179,-0.091573,0.18633,11.843,0.0085104,0.97753,6.15
0.82933,-0.51904,-0.092329,0.18514,11.864,0.010335,0.97864,6.16
0.82873,-0.52026,-0.093179,0.18401,11.886,0.012016,0.97976,6.17
0.82813,-0.52145,-0.093992,0.18291,11.908,0.013556,0.98088,6.18
0.82757,-0.52257,-0.094874,0.18181,11.93,0.014953,0.982,6.19
0.827,-0.5237,-0.095688,0.18069,11.952,0.016208,0.98312,6.2
0.82702,-0.52365,-0.095578,0.18083,11.952,0.016259,0.98274,6.2
0.82644,-0.52478,-0.096448,0.17974,11.974,0.017379,0.98386,6.21
0.82588,-0.52589,-0.097311,0.17857,11.996,0.018357,0.98497,6.22
0.82534,-0.52696,-0.09823,0.17744,12.018,0.019192,0.98609,6.23
0.82476,-0.52807,-0.099057,0.17636,12.04,0.019883,0.98721,6.24
0.82412,-0.52922,-0.099936,0.17538,12.062,0.020432,0.98833,6.25
0.82409,-0.52935,-0.099571,0.17533,12.063,0.02045,0.98796,6.25
0.82351,-0.53048,-0.10032,0.17422,12.085,0.020854,0.98907,6.26
0.82284,-0.53169,-0.10123,0.17317,12.107,0.021115,0.99019,6.27
0.82221,-0.53282,-0.10211,0.17218,12.129,0.021235,0.99131,6.28
0.82162,-0.53393,-0.10291,0.17107,12.15,0.021212,0.99242,6.29
0.82099,-0.53509,-0.10367,0.17001,12.172,0.021047,0.99354,6.3
0.8211,-0.53501,-0.10356,0.1698,12.173,0.02106,0.99317,6.3
0.82046,-0.53619,-0.10436,0.16869,12.195,0.020746,0.99428,6.31
0.81984,-0.53732,-0.10516,0.16757,12.217,0.02029,0.99539,6.32
0.81926,-0.53839,-0.10591,0.16656,12.239,0.019692,0.9965,6.33
0.81861,-0.53955,-0.10676,0.16547,12.261,0.018951,0.99761,6.34
0.81799,-0.54067,-0.10759,0.16432,12.283,0.018067,0.99872,6.35
0.81803,-0.54062,-0.10755,0.16426,12.284,0.018124,0.99834,6.35
0.81741,-0.54173,-0.10829,0.16319,12.306,0.0171,0.99945,6.36
0.81675,-0.54289,-0.10902,0.16218,12.327,0.015936,1.0006,6.37
0.81614,-0.54399,-0.10985,0.16104,12.349,0.01463,1.0017,6.38
0.81549,-0.54513,-0.11062,0.15994,12.371,0.013181,1.0028,6.39
0.81487,-0.5462,-0.11137,0.1589,12.393,0.011589,1.0039,6.4
0.81489,-0.54619,-0.11152,0.15871,12.394,0.01164,1.0035,6.4
0.81422,-0.54734,-0.11239,0.1576,12.415,0.0099033,1.0046,6.41
0.81359,-0.54847,-0.11315,0.15638,12.437,0.0080247,1.0057,6.42
0.81303,-0.54947,-0.1139,0.1552,12.459,0.0060042,1.0068,6.43
0.81241,-0.55053,-0.11462,0.15419,12.481,0.0038416,1.0079,6.44
0.81175,-0.55167,-0.11539,0.153,12.502,0.0015368,1.009,6.45
0.81168,-0.55171,-0.11548,0.15314,12.503,0.0015651,1.0086,6.45
0.81107,-0.55276,-0.11618,0.15208,12.525,-0.0008835,1.0097,6.46
0.81038,-0.5539,-0.11701,0.15094,12.546,-0.0034728,1.0108,6.47
0.80971,-0.55502,-0.11776,0.14988,12.568,-0.0062017,1.0119,6.48
0.80906,-0.5561,-0.1185,0.14878,12.589,-0.0090693,1.013,6.49
0.80835,-0.55726,-0.11927,0.14769,12.611,-0.012075,1.014,6.5
0.8084,-0.55717,-0.11943,0.14756,12.612,-0.012018,1.0137,6.5
0.8078,-0.5582,-0.12014,0.14644,12.633,-0.01516,1.0148,6.51
0.80715,-0.55925,-0.12093,0.14535,12.654,-0.018441,1.0158,6.52
0.80644,-0.5604,-0.12161,0.14425,12.676,-0.021859,1.0169,6.53
0.80578,-0.56145,-0.12243,0.14318,12.697,-0.025416,1.018,6.54
0.80517,-0.56247,-0.12318,0.14199,12.718,-0.02911,1.019,6.55
0.80505,-0.56261,-0.12337,0.14197,12.719,-0.029113,1.0187,6.55
0.80436,-0.56366,-0.12426,0.14091,12.74,-0.032951,1.0198,6.56
0.80365,-0.5648,-0.12499,0.13976,12.761,-0.036927,1.0208,6.57
0.80296,-0.56588,-0.12574,0.13862,12.782,-0.041037,1.0219,6.58
0.80229,-0.56695,-0.12655,0.13741,12.803,-0.045284,1.0229,6.59
0.80162,-0.56797,-0.12735,0.13635,12.824,-0.049666,1.0239,6.6
0.80162,-0.56798,-0.12729,0.13637,12.825,-0.049653,1.0237,6.6
0.80095,-0.56906,-0.12796,0.1352,12.846,-0.054174,1.0247,6.61
0.80025,-0.57013,-0.12876,0.13405,12.866,-0.05883,1.0257,6.62
0.79959,-0.57114,-0.12953,0.13296,12.887,-0.063619,1.0268,6.63
0.79885,-0.57225,-0.13029,0.13187,12.907,-0.068541,1.0278,6.64
0.79817,-0.57328,-0.13105,0.13072,12.928,-0.073596,1.0288,6.65
0.79813,-0.57331,-0.13122,0.13075,12.929,-0.073623,1.0286,6.65
0.79746,-0.57429,-0.13205,0.12968,12.949,-0.078818,1.0296,6.66
0.79675,-0.57533,-0.13286,0.12857,12.97,-0.084144,1.0306,6.67
0.79607,-0.57637,-0.13356,0.12744,12.99,-0.089602,1.0316,6.68
0.7953,-0.57748,-0.13433,0.12634,13.01,-0.095191,1.0326,6.69
0.79454,-0.57859,-0.1351,0.12524,13.03,-0.10091,1.0336,6.7
0.79456,-0.57859,-0.13512,0.12512,13.031,-0.10096,1.0333,6.7
0.79385,-0.57961,-0.13593,0.12402,13.051,-0.10681,1.0343,6.71
0.79311,-0.58069,-0.13666,0.12284,13.071,-0.1128,1.0353,6.72
0.79235,-0.58177,-0.13747,0.12174,13.091,-0.11892,1.0363,6.73
0.79163,-0.58282,-0.1382,0.12056,13.11,-0.12516,1.0372,6.74
0.79092,-0.58382,-0.13903,0.11945,13.13,-0.13153,1.0382,6.75
0.79093,-0.58381,-0.13901,0.11948,13.131,-0.13155,1.0379,6.75
0.79019,-0.58484,-0.13979,0.11842,13.15,-0.13804,1.0389,6.76
0.78949,-0.58585,-0.14043,0.11733,13.17,-0.14466,1.0399,6.77
0.78879,-0.58683,-0.14121,0.11619,13.189,-0.15141,1.0408,6.78
0.7881,-0.58781,-0.14191,0.11504,13.208,-0.15828,1.0418,6.79
0.78735,-0.58887,-0.14266,0.11388,13.228,-0.16527,1.0427,6.8
0.78722,-0.58898,-0.14289,0.11383,13.228,-0.16536,1.0424,6.8
0.78647,-0.59002,-0.1437,0.11265,13.247,-0.17249,1.0434,6.81
0.78568,-0.59108,-0.14451,0.11154,13.266,-0.17974,1.0443,6.82
0.78499,-0.59201,-0.14532,0.11042,13.285,-0.18711,1.0452,6.83
0.78425,-0.59301,-0.14613,0.10925,13.304,-0.19459,1.0462,6.84
0.78351,-0.594,-0.1469,0.10812,13.322,-0.2022,1.0471,6.85
0.78345,-0.59412,-0.14676,0.10817,13.323,-0.20231,1.0468,6.85
0.7827,-0.5951,-0.14754,0.10704,13.342,-0.21004,1.0477,6.86
0.7819,-0.59616,-0.14834,0.10592,13.36,-0.2179,1.0486,6.87
0.78113,-0.59717,-0.14912,0.1048,13.378,-0.22587,1.0495,6.88
0.78039,-0.59814,-0.14991,0.10368,13.396,-0.23395,1.0504,6.89
0.77965,-0.59911,-0.15071,0.10247,13.414,-0.24216,1.0512,6.9
0.7796,-0.59919,-0.1506,0.1025,13.415,-0.24228,1.0509,6.9
0.77889,-0.60011,-0.1514,0.10136,13.433,-0.25061,1.0518,6.91
0.77812,-0.6011,-0.15227,0.10015,13.45,-0.25905,1.0526,6.92
0.77732,-0.6021,-0.15307,0.099044,13.468,-0.2676,1.0535,6.93
0.77653,-0.60311,-0.1539,0.097923,13.485,-0.27626,1.0543,6.94
0.77574,-0.6041,-0.15472,0.096736,13.503,-0.28503,1.0552,6.95
0.77569,-0.60421,-0.15445,0.096817,13.503,-0.2852,1.0549,6.95
0.77485,-0.60526,-0.15525,0.09578,13.521,-0.29409,1.0557,6.96
0.77408,-0.60622,-0.15602,0.094645,13.538,-0.30309,1.0565,6.97
0.77328,-0.60723,-0.15675,0.093448,13.555,-0.3122,1.0574,6.98
0.77249,-0.60824,-0.15744,0.092319,13.571,-0.32142,1.0582,6.99
0.77169,-0.60922,-0.15823,0.091109,13.588,-0.33075,1.059,7
0.77171,-0.60919,-0.15827,0.09113,13.589,-0.33094,1.0587,7
0.7709,-0.61019,-0.15899,0.090054,13.605,-0.34039,1.0595,7.01
0.77019,-0.61107,-0.15967,0.08892,13.621,-0.34994,1.0603,7.02
0.76933,-0.61211,-0.16046,0.087791,13.638,-0.3596,1.0611,7.03
0.76857,-0.61304,-0.16117,0.086589,13.654,-0.36936,1.0619,7.04
0.76776,-0.61399,-0.162,0.085455,13.669,-0.37922,1.0626,7.05
0.76766,-0.61411,-0.16208,0.085434,13.67,-0.37936,1.0623,7.05
0.76686,-0.61508,-0.16276,0.084345,13.686,-0.38934,1.0631,7.06
0.766,-0.6161,-0.16355,0.083182,13.701,-0.39941,1.0638,7.07
0.76524,-0.617,-0.16428,0.082034,13.717,-0.40958,1.0646,7.08
0.76442,-0.61796,-0.16503,0.080878,13.732,-0.41984,1.0653,7.09
0.76361,-0.61894,-0.16578,0.079638,13.747,-0.43021,1.0661,7.1
0.76355,-0.61897,-0.16587,0.079731,13.748,-0.43038,1.0657,7.1
0.76272,-0.61993,-0.16665,0.078616,13.763,-0.44084,1.0664,7.11
0.76192,-0.62085,-0.1674,0.077434,13.778,-0.45141,1.0672,7.12
0.76111,-0.62178,-0.16822,0.076198,13.792,-0.46206,1.0679,7.13
0.76031,-0.6227,-0.16892,0.075063,13.807,-0.47281,1.0686,7.14
0.75947,-0.62365,-0.16972,0.073879,13.821,-0.48366,1.0692,7.15
0.75937,-0.62378,-0.16966,0.074016,13.822,-0.48383,1.069,7.15
0.75849,-0.6248,-0.17032,0.072883,13.836,-0.49477,1.0697,7.16
0.75767,-0.62571,-0.17109,0.0718,13.85,-0.5058,1.0703,7.17
0.7569,-0.62655,-0.17185,0.070718,13.864,-0.51691,1.071,7.18
0.75606,-0.62745,-0.17269,0.069611,13.877,-0.52812,1.0716,7.19
0.75524,-0.62836,-0.17345,0.068484,13.891,-0.53941,1.0723,7.2
0.75512,-0.62854,-0.17341,0.068296,13.891,-0.53958,1.0721,7.2
0.75432,-0.62941,-0.17419,0.067082,13.905,-0.55097,1.0727,7.21
0.75348,-0.63032,-0.17495,0.065952,13.918,-0.56244,1.0733,7.22
0.75265,-0.63122,-0.17571,0.064776,13.93,-0.57399,1.0739,7.23
0.75174,-0.63222,-0.17645,0.063688,13.943,-0.58562,1.0745,7.24
0.75091,-0.63311,-0.17716,0.062592,13.956,-0.59734,1.0751,7.25
0.7508,-0.63324,-0.17717,0.062562,13.956,-0.59752,1.075,7.25
0.74992,-0.63419,-0.1779,0.061382,13.969,-0.60933,1.0755,7.26
0.74906,-0.63509,-0.17874,0.060257,13.981,-0.62121,1.0761,7.27
0.74813,-0.63607,-0.1795,0.059062,13.993,-0.63317,1.0767,7.28
0.74722,-0.63704,-0.18022,0.057919,14.005,-0.64521,1.0772,7.29
0.74639,-0.63792,-0.18095,0.056782,14.016,-0.65732,1.0778,7.3
0.74643,-0.63788,-0.1809,0.056835,14.017,-0.65746,1.0776,7.3
0.74558,-0.63877,-0.18158,0.05571,14.029,-0.66965,1.0782,7.31
0.74469,-0.63969,-0.18238,0.054534,14.04,-0.68192,1.0787,7.32
0.74378,-0.64065,-0.18306,0.053376,14.051,-0.69425,1.0792,7.33
0.74283,-0.64163,-0.18381,0.052247,14.062,-0.70666,1.0797,7.34
0.74194,-0.64255,-0.18451,0.051055,14.072,-0.71913,1.0802,7.35
0.74197,-0.64248,-0.18462,0.051092,14.073,-0.7193,1.0801,7.35
0.74114,-0.64333,-0.18531,0.050045,14.084,-0.73186,1.0806,7.36
0.74025,-0.64422,-0.18604,0.048931,14.094,-0.74448,1.081,7.37
0.73934,-0.64513,-0.18679,0.047869,14.104,-0.75716,1.0815,7.38
0.73839,-0.64608,-0.18756,0.046747,14.114,-0.7699,1.082,7.39
0.73747,-0.64699,-0.18829,0.045576,14.123,-0.78271,1.0824,7.4
0.73748,-0.647,-0.18831,0.045346,14.124,-0.78269,1.0822,7.4
0.73664,-0.64782,-0.18906,0.044182,14.134,-0.79554,1.0827,7.41
0.73573,-0.64869,-0.18986,0.042952,14.143,-0.80846,1.0831,7.42
0.73476,-0.64967,-0.19053,0.041814,14.152,-0.82143,1.0835,7.43
0.73384,-0.65057,-0.19129,0.040662,14.161,-0.83445,1.0839,7.44
0.73298,-0.65138,-0.19204,0.039548,14.17,-0.84754,1.0843,7.45
0.73289,-0.65149,-0.192,0.039594,14.17,-0.84778,1.0842,7.45
0.73199,-0.65235,-0.19275,0.038392,14.179,-0.86095,1.0846,7.46
0.73102,-0.65327,-0.19353,0.037281,14.187,-0.87417,1.085,7.47
0.73013,-0.65412,-0.19422,0.036187,14.195,-0.88744,1.0853,7.48
0.7292,-0.65503,-0.19488,0.035084,14.203,-0.90076,1.0857,7.49
0.72821,-0.65593,-0.19571,0.03396,14.211,-0.91413,1.086,7.5
0.72826,-0.6559,-0.19566,0.033837,14.211,-0.91411,1.0859,7.5
0.72739,-0.65671,-0.19638,0.032668,14.219,-0.92752,1.0862,7.51
0.72643,-0.65763,-0.19705,0.031456,14.226,-0.94097,1.0865,7.52
0.7255,-0.6585,-0.19773,0.030415,14.233,-0.95447,1.0869,7.53
0.72456,-0.65937,-0.19847,0.029279,14.24,-0.96801,1.0872,7.54
0.72362,-0.66024,-0.19915,0.028154,14.247,-0.98159,1.0874,7.55
0.72356,-0.66026,-0.19931,0.028074,14.247,-0.98172,1.0873,7.55
0.72263,-0.66109,-0.20008,0.027,14.254,-0.99536,1.0876,7.56
0.72163,-0.66201,-0.20082,0.02575,14.26,-1.009,1.0879,7.57
0.72071,-0.66283,-0.20157,0.024561,14.266,-1.0228,1.0881,7.58
0.71972,-0.66373,-0.2023,0.023374,14.272,-1.0365,1.0884,7.59
0.7187,-0.66465,-0.20301,0.022277,14.277,-1.0503,1.0886,7.6
0.7188,-0.66456,-0.20294,0.022317,14.278,-1.0503,1.0885,7.6
0.71785,-0.66543,-0.2036,0.021234,14.283,-1.0641,1.0887,7.61
0.71689,-0.66628,-0.20431,0.020068,14.289,-1.078,1.0889,7.62
0.71598,-0.66706,-0.20503,0.018902,14.294,-1.0919,1.0891,7.63
0.71499,-0.66795,-0.20574,0.017719,14.298,-1.1058,1.0893,7.64
0.71401,-0.6688,-0.20645,0.016561,14.303,-1.1197,1.0895,7.65
0.71397,-0.66881,-0.20655,0.016547,14.303,-1.1199,1.0894,7.65
0.71301,-0.66964,-0.20725,0.01541,14.308,-1.1338,1.0896,7.66
0.71203,-0.67048,-0.20799,0.014323,14.312,-1.1479,1.0897,7.67
0.71114,-0.67122,-0.20874,0.013157,14.316,-1.1619,1.0899,7.68
0.71012,-0.67209,-0.20949,0.012064,14.319,-1.176,1.09,7.69
0.70909,-0.67294,-0.21029,0.010893,14.323,-1.1901,1.0902,7.7
0.70907,-0.67301,-0.21014,0.010782,14.323,-1.1901,1.0901,7.7
0.70812,-0.6738,-0.21086,0.0096561,14.327,-1.2043,1.0902,7.71
0.70719,-0.67457,-0.21158,0.0085009,14.33,-1.2184,1.0903,7.72
0.70621,-0.6754,-0.21226,0.0073383,14.332,-1.2326,1.0904,7.73
0.70522,-0.67624,-0.2129,0.0061716,14.335,-1.2467,1.0905,7.74
0.70418,-0.67708,-0.2137,0.0050129,14.337,-1.2609,1.0905,7.75
0.70413,-0.67713,-0.21372,0.0050137,14.338,-1.2609,1.0905,7.75
0.7031,-0.67799,-0.21441,0.0038364,14.34,-1.2751,1.0905,7.76
0.70201,-0.67889,-0.21511,0.0027071,14.342,-1.2893,1.0906,7.77
0.70105,-0.67968,-0.21576,0.0016268,14.344,-1.3035,1.0906,7.78
0.70002,-0.68053,-0.21644,0.00049228,14.345,-1.3178,1.0906,7.79
0.69904,-0.68131,-0.21715,-0.00061905,14.346,-1.332,1.0907,7.8
0.69911,-0.68121,-0.21727,-0.00075992,14.347,-1.3321,1.0907,7.8
0.69809,-0.68203,-0.21795,-0.0019889,14.348,-1.3464,1.0907,7.81
0.69709,-0.68283,-0.21863,-0.0031666,14.349,-1.3606,1.0907,7.82
0.69599,-0.68371,-0.21936,-0.0042838,14.349,-1.3749,1.0906,7.83
0.69496,-0.68451,-0.2201,-0.0054359,14.35,-1.3892,1.0906,7.84
0.69396,-0.68528,-0.22082,-0.0066942,14.35,-1.4035,1.0906,7.85
0.69403,-0.68522,-0.22081,-0.0065267,14.35,-1.4036,1.0906,7.85
0.693,-0.686,-0.22156,-0.0076476,14.35,-1.4179,1.0905,7.86
0.69197,-0.68679,-0.22231,-0.0087711,14.35,-1.4322,1.0905,7.87
0.69098,-0.68754,-0.22302,-0.0099679,14.35,-1.4465,1.0904,7.88
0.68999,-0.68829,-0.22372,-0.011132,14.349,-1.4607,1.0903,7.89
0.68892,-0.6891,-0.22444,-0.012236,14.348,-1.475,1.0902,7.9
0.68889,-0.68918,-0.22432,-0.012292,14.348,-1.4751,1.0902,7.9
0.68783,-0.68998,-0.22502,-0.013419,14.347,-1.4894,1.0901,7.91
0.68677,-0.69079,-0.22571,-0.014563,14.346,-1.5036,1.09,7.92
0.68574,-0.69155,-0.22643,-0.015678,14.344,-1.5179,1.0898,7.93
0.68471,-0.69233,-0.22708,-0.016811,14.343,-1.5321,1.0897,7.94
0.68366,-0.69311,-0.22778,-0.017957,14.341,-1.5464,1.0896,7.95
0.68369,-0.69307,-0.22781,-0.018068,14.341,-1.5465,1.0896,7.95
0.68268,-0.69379,-0.22854,-0.019267,14.339,-1.5607,1.0894,7.96
0.68167,-0.69452,-0.22923,-0.020409,14.336,-1.5749,1.0893,7.97
0.68059,-0.69531,-0.22993,-0.021607,14.334,-1.5891,1.0891,7.98
0.67952,-0.6961,-0.23061,-0.022641,14.331,-1.6032,1.0889,7.99
0.67843,-0.6969,-0.23129,-0.023789,14.328,-1.6174,1.0887,8
0.67845,-0.69688,-0.23129,-0.023825,14.328,-1.6173,1.0887,8
0.67744,-0.6976,-0.23195,-0.024949,14.325,-1.6314,1.0885,8.01
0.6764,-0.69835,-0.23259,-0.026191,14.321,-1.6455,1.0883,8.02
0.6754,-0.69906,-0.23324,-0.027335,14.317,-1.6596,1.088,8.03
0.67435,-0.69982,-0.23387,-0.028504,14.313,-1.6736,1.0878,8.04
0.67329,-0.70055,-0.23457,-0.029738,14.309,-1.6876,1.0875,8.05
0.67314,-0.70065,-0.23474,-0.02959,14.31,-1.6877,1.0875,8.05
0.67211,-0.70135,-0.23543,-0.03084,14.305,-1.7017,1.0872,8.06
0.6711,-0.70207,-0.236,-0.032013,14.301,-1.7156,1.087,8.07
0.66998,-0.70286,-0.23665,-0.033201,14.296,-1.7296,1.0867,8.08
0.66895,-0.70359,-0.23728,-0.034298,14.291,-1.7434,1.0864,8.09
0.66792,-0.70425,-0.238,-0.03546,14.286,-1.7573,1.0861,8.1
0.66775,-0.70437,-0.23817,-0.035367,14.286,-1.7576,1.0861,8.1
0.66668,-0.70508,-0.23887,-0.036594,14.28,-1.7714,1.0858,8.11
0.66557,-0.70585,-0.2395,-0.037768,14.275,-1.7852,1.0855,8.12
0.66451,-0.70655,-0.24024,-0.038878,14.269,-1.799,1.0851,8.13
0.66337,-0.70733,-0.2409,-0.039979,14.263,-1.8127,1.0848,8.14
0.6623,-0.70805,-0.24152,-0.041116,14.256,-1.8264,1.0844,8.15
0.66233,-0.708,-0.24159,-0.041122,14.257,-1.8264,1.0845,8.15
0.66121,-0.70875,-0.24228,-0.042209,14.25,-1.84,1.0841,8.16
0.66004,-0.70952,-0.24297,-0.043437,14.243,-1.8536,1.0837,8.17
0.65892,-0.71027,-0.24363,-0.044563,14.237,-1.8671,1.0833,8.18
0.65781,-0.71101,-0.24428,-0.045692,14.229,-1.8806,1.0829,8.19
0.65672,-0.7117,-0.24496,-0.046909,14.222,-1.894,1.0825,8.2
0.65682,-0.7116,-0.24497,-0.046885,14.222,-1.8943,1.0825,8.2
0.65573,-0.71229,-0.24567,-0.048095,14.215,-1.9078,1.0821,8.21
0.65464,-0.71296,-0.2464,-0.049224,14.207,-1.9211,1.0817,8.22
0.65359,-0.71361,-0.24707,-0.05038,14.199,-1.9345,1.0812,8.23
0.65248,-0.7143,-0.24775,-0.051581,14.191,-1.9477,1.0808,8.24
0.65135,-0.71501,-0.24844,-0.052777,14.182,-1.9609,1.0803,8.25
0.65128,-0.71512,-0.24833,-0.052648,14.183,-1.9611,1.0803,8.25
0.65017,-0.71579,-0.24906,-0.053778,14.174,-1.9743,1.0799,8.26
0.64905,-0.71648,-0.24973,-0.054946,14.165,-1.9874,1.0794,8.27
0.64788,-0.71722,-0.25041,-0.056072,14.156,-2.0004,1.0789,8.28
0.64671,-0.71794,-0.2511,-0.057188,14.147,-2.0134,1.0784,8.29
0.64568,-0.71859,-0.25168,-0.058256,14.138,-2.0263,1.0778,8.3
0.6457,-0.71856,-0.25167,-0.058389,14.138,-2.0263,1.0779,8.3
0.64459,-0.71922,-0.25232,-0.059567,14.128,-2.0391,1.0774,8.31
0.64349,-0.71991,-0.25293,-0.060644,14.119,-2.0519,1.0768,8.32
0.64237,-0.72059,-0.2536,-0.061718,14.109,-2.0646,1.0763,8.33
0.64125,-0.72125,-0.25427,-0.062831,14.099,-2.0773,1.0757,8.34
0.64015,-0.7219,-0.25493,-0.063949,14.088,-2.0898,1.0752,8.35
0.64003,-0.72196,-0.255,-0.064141,14.088,-2.09,1.0753,8.35
0.6389,-0.72263,-0.25561,-0.065367,14.078,-2.1025,1.0747,8.36
0.63781,-0.72326,-0.25625,-0.066471,14.067,-2.115,1.0741,8.37
0.63664,-0.72396,-0.25692,-0.067592,14.056,-2.1273,1.0735,8.38
0.63541,-0.72467,-0.25768,-0.068651,14.045,-2.1396,1.0729,8.39
0.63424,-0.72535,-0.25832,-0.069884,14.034,-2.1519,1.0723,8.4
0.63432,-0.72528,-0.2583,-0.069887,14.034,-2.152,1.0724,8.4
0.63319,-0.72593,-0.25895,-0.071049,14.022,-2.1642,1.0718,8.41
0.63206,-0.72657,-0.25961,-0.072162,14.011,-2.1763,1.0711,8.42
0.63093,-0.72718,-0.26029,-0.073393,13.999,-2.1883,1.0705,8.43
0.62975,-0.72785,-0.26096,-0.074544,13.987,-2.2002,1.0698,8.44
0.62856,-0.7285,-0.26167,-0.075653,13.975,-2.212,1.0692,8.45
0.62855,-0.72855,-0.26158,-0.075617,13.975,-2.2122,1.0693,8.45
0.62735,-0.72922,-0.26224,-0.076743,13.962,-2.2239,1.0686,8.46
0.62619,-0.72987,-0.26289,-0.07789,13.95,-2.2356,1.0679,8.47
0.62506,-0.73045,-0.26361,-0.079071,13.937,-2.2472,1.0673,8.48
0.62393,-0.73104,-0.26428,-0.080294,13.924,-2.2587,1.0666,8.49
0.62277,-0.73169,-0.26486,-0.081413,13.911,-2.2701,1.0659,8.5
0.62273,-0.73175,-0.26483,-0.081356,13.911,-2.2703,1.066,8.5
0.62156,-0.73238,-0.26547,-0.082472,13.898,-2.2817,1.0653,8.51
0.62034,-0.73306,-0.2661,-0.083612,13.884,-2.2929,1.0646,8.52
0.61914,-0.73371,-0.26674,-0.084726,13.871,-2.3041,1.0638,8.53
0.61799,-0.73435,-0.2673,-0.08586,13.857,-2.3152,1.0631,8.54
0.61682,-0.73497,-0.26793,-0.08703,13.843,-2.3262,1.0624,8.55
0.61685,-0.73489,-0.26806,-0.08708,13.843,-2.3263,1.0625,8.55
0.6157,-0.73551,-0.26863,-0.088203,13.829,-2.3372,1.0618,8.56
0.61445,-0.73615,-0.26938,-0.089326,13.814,-2.348,1.061,8.57
0.61329,-0.73674,-0.27003,-0.090447,13.8,-2.3587,1.0602,8.58
0.61214,-0.73732,-0.27068,-0.09156,13.785,-2.3693,1.0594,8.59
0.61096,-0.73791,-0.27133,-0.092711,13.771,-2.3799,1.0587,8.6
0.6109,-0.73798,-0.27126,-0.092804,13.771,-2.38,1.0588,8.6
0.60974,-0.73855,-0.27185,-0.094068,13.756,-2.3904,1.0581,8.61
0.60863,-0.73909,-0.27251,-0.095204,13.741,-2.4008,1.0573,8.62
0.60748,-0.73962,-0.27321,-0.096361,13.725,-2.411,1.0564,8.63
0.60629,-0.7402,-0.27387,-0.097529,13.71,-2.4212,1.0556,8.64
0.60503,-0.74083,-0.27454,-0.098629,13.694,-2.4312,1.0548,8.65
0.60492,-0.74097,-0.27445,-0.098514,13.694,-2.4312,1.055,8.65
0.60362,-0.74166,-0.27506,-0.099595,13.678,-2.4412,1.0541,8.66
0.6024,-0.74227,-0.27569,-0.1007,13.663,-2.451,1.0533,8.67
0.60111,-0.74295,-0.27627,-0.10187,13.647,-2.4607,1.0525,8.68
0.59994,-0.7435,-0.27688,-0.10303,13.63,-2.4703,1.0516,8.69
0.59872,-0.7441,-0.2775,-0.10415,13.614,-2.4798,1.0508,8.7
0.59888,-0.74392,-0.2776,-0.10421,13.614,-2.4799,1.0509,8.7
0.59761,-0.74453,-0.27829,-0.1053,13.598,-2.4893,1.05,8.71
0.59646,-0.74508,-0.27885,-0.10647,13.581,-2.4986,1.0492,8.72
0.59526,-0.74566,-0.27942,-0.10766,13.564,-2.5078,1.0483,8.73
0.59401,-0.74625,-0.28007,-0.10877,13.547,-2.5169,1.0474,8.74
0.59271,-0.74689,-0.2807,-0.10982,13.53,-2.5259,1.0465,8.75
0.5928,-0.74679,-0.28074,-0.10991,13.53,-2.5259,1.0467,8.75
0.59161,-0.74732,-0.28137,-0.11109,13.513,-2.5348,1.0458,8.76
0.59037,-0.7479,-0.28199,-0.11221,13.496,-2.5436,1.0449,8.77
0.58914,-0.74848,-0.28262,-0.11323,13.478,-2.5522,1.044,8.78
0.58795,-0.749,-0.28328,-0.11429,13.461,-2.5607,1.0431,8.79
0.58661,-0.74962,-0.28396,-0.11542,13.443,-2.5691,1.0421,8.8
0.58666,-0.7496,-0.28385,-0.11559,13.443,-2.5691,1.0423,8.8
0.58543,-0.75013,-0.28451,-0.11674,13.425,-2.5774,1.0414,8.81
0.58421,-0.75065,-0.28517,-0.11791,13.407,-2.5856,1.0404,8.82
0.58294,-0.75122,-0.28577,-0.11906,13.389,-2.5936,1.0395,8.83
0.58175,-0.75175,-0.28632,-0.12021,13.371,-2.6016,1.0385,8.84
0.58049,-0.75229,-0.28698,-0.12138,13.352,-2.6094,1.0376,8.85
0.58047,-0.75234,-0.28692,-0.12127,13.352,-2.6094,1.0378,8.85
0.57925,-0.75287,-0.28756,-0.12235,13.334,-2.6171,1.0368,8.86
0.57799,-0.75346,-0.28808,-0.12343,13.315,-2.6247,1.0358,8.87
0.57673,-0.754,-0.2887,-0.12454,13.296,-2.6321,1.0348,8.88
0.57554,-0.75451,-0.28923,-0.12574,13.278,-2.6395,1.0339,8.89
0.57424,-0.75504,-0.28993,-0.1269,13.259,-2.6467,1.0329,8.9
0.57423,-0.75502,-0.28999,-0.12693,13.259,-2.6467,1.0331,8.9
0.573,-0.75551,-0.29059,-0.12819,13.24,-2.6538,1.0321,8.91
0.57171,-0.75607,-0.29113,-0.12939,13.221,-2.6608,1.0311,8.92
0.57039,-0.75661,-0.29182,-0.13052,13.201,-2.6676,1.0301,8.93
0.56916,-0.75713,-0.29244,-0.13149,13.182,-2.6743,1.0291,8.94
0.56787,-0.75767,-0.29308,-0.13255,13.162,-2.6809,1.0281,8.95
0.56794,-0.75763,-0.29302,-0.13258,13.162,-2.6809,1.0283,8.95
0.5667,-0.75811,-0.29364,-0.13376,13.143,-2.6873,1.0273,8.96
0.5654,-0.75863,-0.29425,-0.135,13.123,-2.6937,1.0263,8.97
0.56414,-0.75914,-0.29478,-0.13621,13.103,-2.6999,1.0253,8.98
0.56292,-0.75965,-0.29537,-0.13717,13.084,-2.7059,1.0242,8.99
0.56165,-0.76013,-0.29605,-0.13827,13.064,-2.7119,1.0232,9
0.5616,-0.76017,-0.29603,-0.13823,13.064,-2.7118,1.0234,9
0.56026,-0.76073,-0.29661,-0.13935,13.044,-2.7177,1.0224,9.01
0.55898,-0.76124,-0.29717,-0.14046,13.023,-2.7233,1.0214,9.02
0.55769,-0.76177,-0.29771,-0.14159,13.003,-2.7289,1.0203,9.03
0.55641,-0.76229,-0.29827,-0.14271,12.983,-2.7343,1.0193,9.04
0.55514,-0.76278,-0.29886,-0.14375,12.963,-2.7396,1.0182,9.05
0.55521,-0.76265,-0.299,-0.14386,12.962,-2.7396,1.0185,9.05
0.5539,-0.76316,-0.29958,-0.14502,12.942,-2.7448,1.0174,9.06
0.55264,-0.76365,-0.30013,-0.14614,12.921,-2.7498,1.0164,9.07
0.55143,-0.76408,-0.30074,-0.14715,12.901,-2.7547,1.0153,9.08
0.55013,-0.76457,-0.30133,-0.14829,12.88,-2.7594,1.0142,9.09
0.54889,-0.76501,-0.30192,-0.14943,12.859,-2.764,1.0132,9.1
0.54878,-0.76506,-0.30197,-0.14947,12.859,-2.764,1.0134,9.1
0.54748,-0.76555,-0.30254,-0.15056,12.839,-2.7685,1.0123,9.11
0.54617,-0.76601,-0.30324,-0.1516,12.818,-2.7728,1.0113,9.12
0.54486,-0.76647,-0.30382,-0.15281,12.797,-2.777,1.0102,9.13
0.54363,-0.76688,-0.30439,-0.15393,12.776,-2.7811,1.0091,9.14
0.54233,-0.7673,-0.30508,-0.15506,12.755,-2.7851,1.008,9.15
0.54228,-0.76741,-0.30489,-0.15508,12.754,-2.785,1.0083,9.15
0.54093,-0.76786,-0.30557,-0.15625,12.733,-2.7888,1.0072,9.16
0.53955,-0.76837,-0.30617,-0.15731,12.712,-2.7925,1.0061,9.17
0.53824,-0.76879,-0.30681,-0.15853,12.691,-2.7961,1.005,9.18
0.53688,-0.7693,-0.30734,-0.1596,12.669,-2.7995,1.0039,9.19
0.5355,-0.76979,-0.30795,-0.16068,12.648,-2.8027,1.0029,9.2
0.53576,-0.76968,-0.3078,-0.16066,12.648,-2.8026,1.0031,9.2
0.5345,-0.77011,-0.3083,-0.16181,12.627,-2.8057,1.002,9.21
0.53312,-0.77059,-0.30891,-0.16291,12.605,-2.8087,1.0009,9.22
0.53177,-0.77105,-0.3095,-0.16403,12.584,-2.8115,0.99982,9.23
0.53044,-0.7715,-0.31007,-0.16514,12.562,-2.8142,0.99872,9.24
0.52912,-0.77193,-0.3107,-0.16622,12.541,-2.8167,0.99762,9.25
0.52919,-0.77188,-0.31068,-0.16624,12.54,-2.8167,0.99789,9.25
0.5279,-0.7723,-0.31122,-0.16738,12.519,-2.8191,0.99679,9.26
0.52653,-0.77275,-0.31183,-0.16847,12.497,-2.8213,0.99568,9.27
0.52513,-0.77323,-0.31244,-0.16952,12.475,-2.8235,0.99457,9.28
0.52381,-0.77368,-0.31298,-0.17057,12.454,-2.8254,0.99346,9.29
0.52248,-0.77412,-0.31349,-0.17169,12.432,-2.8273,0.99235,9.3
0.52256,-0.77402,-0.31353,-0.17181,12.432,-2.8273,0.99262,9.3
0.52124,-0.77445,-0.31407,-0.17291,12.41,-2.829,0.99151,9.31
0.51991,-0.77485,-0.31473,-0.17392,12.388,-2.8305,0.9904,9.32
0.51857,-0.77526,-0.31532,-0.17501,12.366,-2.8319,0.98929,9.33
0.51725,-0.77564,-0.31591,-0.17617,12.345,-2.8332,0.98817,9.34
0.51593,-0.77602,-0.31652,-0.17724,12.323,-2.8343,0.98706,9.35
0.5159,-0.77609,-0.31635,-0.17734,12.323,-2.8343,0.98731,9.35
0.51463,-0.77647,-0.31689,-0.17841,12.301,-2.8353,0.9862,9.36
0.51327,-0.77691,-0.31742,-0.17949,12.279,-2.8361,0.98508,9.37
0.5119,-0.77728,-0.3181,-0.18056,12.257,-2.8368,0.98397,9.38
0.51055,-0.77768,-0.31864,-0.18172,12.235,-2.8374,0.98286,9.39
0.50918,-0.77812,-0.31913,-0.1828,12.213,-2.8378,0.98174,9.4
0.50918,-0.7781,-0.31915,-0.18288,12.213,-2.8378,0.98197,9.4
0.50781,-0.7785,-0.31972,-0.18399,12.191,-2.8381,0.98086,9.41
0.50646,-0.77888,-0.32029,-0.18509,12.169,-2.8382,0.97975,9.42
0.50513,-0.77922,-0.3209,-0.1862,12.147,-2.8382,0.97864,9.43
0.50377,-0.77966,-0.32139,-0.1872,12.125,-2.838,0.97753,9.44
0.50248,-0.78003,-0.32193,-0.18821,12.103,-2.8377,0.97642,9.45
0.50243,-0.78003,-0.32191,-0.1884,12.103,-2.8378,0.97662,9.45
0.50105,-0.78042,-0.32247,-0.18948,12.081,-2.8373,0.97551,9.46
-0.49973,0.78077,0.32301,0.19059,12.059,-2.8367,0.9744,9.47
-0.49836,0.78112,0.32359,0.19174,12.037,-2.836,0.9733,9.48
-0.49701,0.78146,0.32419,0.19287,12.016,-2.8351,0.97219,9.49
-0.49566,0.78179,0.32482,0.19392,11.994,-2.8341,0.97108,9.5
-0.49561,0.78191,0.32464,0.1939,11.993,-2.8342,0.97129,9.5
-0.49429,0.78223,0.32523,0.19498,11.972,-2.8331,0.97019,9.51
-0.49297,0.78255,0.32579,0.1961,11.95,-2.8318,0.96909,9.52
-0.49165,0.7829,0.32629,0.19718,11.928,-2.8304,0.96799,9.53
-0.49031,0.78323,0.32689,0.19823,11.906,-2.8288,0.96689,9.54
-0.48886,0.78363,0.32745,0.19927,11.884,-2.8271,0.96579,9.55
-0.48878,0.7837,0.32735,0.19938,11.884,-2.827,0.96601,9.55
-0.48739,0.78408,0.32787,0.20045,11.863,-2.8252,0.96491,9.56
-0.48596,0.78447,0.32834,0.2016,11.841,-2.8232,0.96382,9.57
-0.48458,0.78481,0.32892,0.20263,11.819,-2.821,0.96273,9.58
-0.48321,0.78518,0.3294,0.20373,11.797,-2.8187,0.96164,9.59
-0.48185,0.78552,0.32989,0.20482,11.776,-2.8163,0.96055,9.6
-0.4819,0.78542,0.33004,0.20484,11.776,-2.8163,0.96077,9.6
-0.4805,0.78577,0.33056,0.20595,11.754,-2.8138,0.95968,9.61
-0.47914,0.78609,0.33112,0.20703,11.733,-2.8111,0.9586,9.62
-0.47778,0.78636,0.33171,0.20816,11.711,-2.8082,0.95752,9.63
-0.47644,0.78666,0.33219,0.20931,11.69,-2.8052,0.95644,9.64
-0.47502,0.78704,0.33266,0.21038,11.668,-2.8021,0.95537,9.65
-0.47497,0.78708,0.3327,0.21028,11.668,-2.8021,0.95559,9.65
-0.47363,0.78737,0.33325,0.21135,11.647,-2.7988,0.95452,9.66
-0.47223,0.78771,0.33379,0.21235,11.625,-2.7954,0.95345,9.67
-0.47085,0.78803,0.33433,0.21341,11.604,-2.7919,0.95238,9.68
-0.4694,0.78835,0.33483,0.21459,11.583,-2.7882,0.95132,9.69
-0.468,0.78863,0.3354,0.21573,11.562,-2.7844,0.95027,9.7
-0.468,0.78867,0.33532,0.21571,11.562,-2.7844,0.95049,9.7
-0.46659,0.78897,0.33588,0.21682,11.541,-2.7804,0.94943,9.71
-0.46514,0.7893,0.33641,0.2179,11.52,-2.7763,0.94839,9.72
-0.46368,0.78963,0.33691,0.21903,11.499,-2.7721,0.94734,9.73
-0.46228,0.78993,0.3374,0.22018,11.478,-2.7677,0.9463,9.74
-0.46094,0.79024,0.33787,0.22114,11.457,-2.7632,0.94526,9.75
-0.461,0.79019,0.33792,0.22112,11.457,-2.7633,0.94545,9.75
-0.45955,0.79054,0.33838,0.22217,11.436,-2.7586,0.94442,9.76
-0.45817,0.79085,0.33883,0.22324,11.415,-2.7539,0.94339,9.77
-0.45679,0.79111,0.33936,0.22431,11.395,-2.7489,0.94237,9.78
-0.45539,0.79145,0.33977,0.22536,11.374,-2.7439,0.94135,9.79
-0.45392,0.79178,0.34024,0.22644,11.354,-2.7387,0.94033,9.8
-0.45394,0.79165,0.34048,0.2265,11.354,-2.7387,0.94055,9.8
-0.45253,0.79193,0.34099,0.22755,11.333,-2.7335,0.93954,9.81
-0.45111,0.79221,0.34148,0.22867,11.313,-2.728,0.93854,9.82
-0.44968,0.79248,0.342,0.22979,11.293,-2.7225,0.93753,9.83
-0.44828,0.79276,0.3425,0.23083,11.273,-2.7168,0.93654,9.84
-0.44692,0.793,0.34296,0.23191,11.253,-2.711,0.93555,9.85
-0.44685,0.79303,0.34302,0.23188,11.253,-2.7109,0.93574,9.85
-0.44543,0.7933,0.34347,0.23302,11.233,-2.7049,0.93476,9.86
-0.44395,0.79359,0.34398,0.23409,11.213,-2.6988,0.93378,9.87
-0.44245,0.79388,0.34457,0.23508,11.193,-2.6926,0.9328,9.88
-0.44106,0.79415,0.34509,0.23603,11.173,-2.6863,0.93183,9.89
-0.43966,0.7944,0.34557,0.23707,11.154,-2.6798,0.93086,9.9
-0.43973,0.79434,0.34553,0.23723,11.154,-2.6797,0.93105,9.9
-0.43825,0.79462,0.34604,0.23827,11.134,-2.6731,0.93009,9.91
-0.43678,0.79489,0.34652,0.23935,11.115,-2.6664,0.92914,9.92
-0.43533,0.79516,0.347,0.24043,11.096,-2.6595,0.92819,9.93
-0.43392,0.79539,0.3475,0.24148,11.077,-2.6526,0.92724,9.94
-0.43244,0.79568,0.34803,0.24242,11.058,-2.6455,0.9263,9.95
-0.43257,0.79558,0.34801,0.24255,11.057,-2.6454,0.92647,9.95
-0.43112,0.79587,0.34845,0.24355,11.039,-2.6382,0.92553,9.96
-0.4297,0.79612,0.34894,0.24453,11.02,-2.6308,0.9246,9.97
-0.42829,0.79633,0.34941,0.24565,11.001,-2.6233,0.92368,9.98
-0.42684,0.79659,0.34989,0.24665,10.982,-2.6157,0.92276,9.99
-0.42536,0.79682,0.35039,0.24774,10.964,-2.608,0.92185,10
-0.42536,0.79675,0.35046,0.24786,10.964,-2.608,0.92201,10
-0.42393,0.79697,0.35093,0.24893,10.945,-2.6001,0.92111,10.01
-0.4225,0.79719,0.35139,0.25002,10.927,-2.5922,0.92021,10.02
-0.4211,0.7974,0.35185,0.25108,10.909,-2.5841,0.91931,10.03
-0.41961,0.79758,0.35239,0.25221,10.891,-2.5759,0.91842,10.04
-0.41815,0.79783,0.35281,0.25326,10.873,-2.5676,0.91754,10.05
-0.41813,0.79785,0.35288,0.25313,10.873,-2.5675,0.91769,10.05
-0.41666,0.79809,0.35335,0.25415,10.856,-2.5591,0.91682,10.06
-0.4152,0.7983,0.35378,0.25528,10.838,-2.5506,0.91595,10.07
-0.41377,0.79854,0.35417,0.25631,10.82,-2.5419,0.91509,10.08
-0.41237,0.79875,0.35461,0.2573,10.803,-2.5332,0.91424,10.09
-0.41083,0.79896,0.35511,0.25841,10.786,-2.5243,0.91339,10.1
-0.41085,0.79889,0.35527,0.2584,10.786,-2.5242,0.91354,10.1
-0.40944,0.7991,0.35568,0.25941,10.769,-2.5152,0.9127,10.11
-0.40801,0.79926,0.35616,0.2605,10.752,-2.5061,0.91186,10.12
-0.4065,0.79946,0.35658,0.26166,10.735,-2.4969,0.91104,10.13
-0.40502,0.79963,0.35711,0.26271,10.719,-2.4876,0.91022,10.14
-0.40345,0.79985,0.35763,0.26376,10.702,-2.4782,0.9094,10.15
-0.40353,0.79985,0.35763,0.26363,10.702,-2.4781,0.90957,10.15
-0.4021,0.80002,0.35812,0.26466,10.686,-2.4685,0.90876,10.16
-0.40064,0.80022,0.35851,0.26573,10.669,-2.4589,0.90797,10.17
-0.39913,0.80042,0.35893,0.26682,10.653,-2.4492,0.90718,10.18
-0.3977,0.80057,0.35938,0.26787,10.637,-2.4393,0.9064,10.19
-0.39618,0.80078,0.35987,0.26886,10.622,-2.4294,0.90562,10.2
-0.39619,0.80074,0.35996,0.26885,10.622,-2.4293,0.90578,10.2
-0.39468,0.80095,0.36039,0.26985,10.606,-2.4192,0.90501,10.21
-0.39322,0.8011,0.36084,0.27094,10.591,-2.409,0.90426,10.22
-0.39174,0.80126,0.3613,0.27199,10.575,-2.3988,0.90351,10.23
-0.39024,0.80142,0.36181,0.273,10.56,-2.3884,0.90277,10.24
-0.38879,0.80154,0.36234,0.27403,10.545,-2.378,0.90204,10.25
-0.38881,0.80156,0.36226,0.27403,10.545,-2.3778,0.90221,10.25
-0.38736,0.80166,0.36282,0.27504,10.53,-2.3673,0.90148,10.26
-0.38594,0.80177,0.36332,0.27608,10.516,-2.3566,0.90077,10.27
-0.38442,0.80195,0.36377,0.27707,10.501,-2.3459,0.90007,10.28
-0.38291,0.80212,0.3642,0.27811,10.487,-2.3351,0.89937,10.29
-0.3814,0.80227,0.36462,0.2792,10.473,-2.3241,0.89868,10.3
-0.3814,0.80231,0.36452,0.27919,10.473,-2.324,0.89882,10.3
-0.37996,0.80242,0.365,0.28023,10.459,-2.313,0.89815,10.31
-0.37843,0.80253,0.36548,0.28136,10.445,-2.3019,0.89748,10.32
-0.37689,0.80266,0.36591,0.28248,10.431,-2.2907,0.89682,10.33
-0.3754,0.80278,0.36639,0.28351,10.418,-2.2794,0.89617,10.34
-0.37389,0.80293,0.36684,0.28449,10.405,-2.268,0.89553,10.35
-0.37394,0.80301,0.36675,0.28434,10.404,-2.268,0.89568,10.35
-0.37239,0.80314,0.36721,0.2854,10.391,-2.2565,0.89505,10.36
-0.371,0.80322,0.36765,0.28641,10.378,-2.245,0.89443,10.37
-0.36943,0.80331,0.36818,0.28751,10.366,-2.2334,0.89382,10.38
-0.36784,0.80342,0.36867,0.28859,10.353,-2.2217,0.89323,10.39
-0.3663,0.80358,0.36908,0.28958,10.341,-2.2099,0.89264,10.4
-0.36646,0.80362,0.36895,0.28945,10.341,-2.2098,0.89274,10.4
-0.36489,0.80378,0.36941,0.29039,10.328,-2.198,0.89216,10.41
-0.36342,0.80386,0.36987,0.29142,10.316,-2.186,0.8916,10.42
-0.36197,0.80396,0.37028,0.29245,10.305,-2.174,0.89104,10.43
-0.36041,0.80407,0.37082,0.29338,10.293,-2.1619,0.89049,10.44
-0.35888,0.80419,0.37122,0.29443,10.281,-2.1497,0.88995,10.45
-0.35895,0.80416,0.37111,0.29454,10.281,-2.1496,0.89005,10.45
-0.35747,0.80423,0.37161,0.29551,10.27,-2.1374,0.88952,10.46
-0.35597,0.80434,0.372,0.29654,10.259,-2.1251,0.88901,10.47
-0.35447,0.80441,0.37246,0.29758,10.248,-2.1127,0.8885,10.48
-0.35291,0.8045,0.37293,0.2986,10.237,-2.1002,0.888,10.49
-0.35146,0.80455,0.37342,0.29954,10.227,-2.0877,0.88751,10.5
-0.35141,0.80464,0.37325,0.29959,10.227,-2.0876,0.88757,10.5
-0.34989,0.80472,0.37365,0.30066,10.216,-2.075,0.88709,10.51
-0.34835,0.80482,0.37402,0.3017,10.206,-2.0624,0.88662,10.52
-0.34677,0.80494,0.37435,0.3028,10.196,-2.0496,0.88616,10.53
-0.34524,0.80504,0.37482,0.30369,10.187,-2.0368,0.8857,10.54
-0.34371,0.80511,0.37524,0.30473,10.177,-2.024,0.88526,10.55
-0.34383,0.80504,0.37535,0.30463,10.177,-2.0239,0.88532,10.55
-0.34233,0.80512,0.37574,0.30564,10.168,-2.011,0.88489,10.56
-0.34075,0.80519,0.37624,0.30661,10.158,-1.998,0.88446,10.57
-0.33918,0.80524,0.37671,0.30761,10.15,-1.985,0.88405,10.58
-0.33773,0.80527,0.37715,0.30861,10.141,-1.9719,0.88364,10.59
-0.33606,0.80539,0.37758,0.30959,10.132,-1.9587,0.88325,10.6
-0.33623,0.80538,0.37742,0.30963,10.132,-1.9587,0.88331,10.6
-0.33471,0.8055,0.37776,0.31053,10.124,-1.9455,0.88292,10.61
-0.33318,0.80561,0.37806,0.31154,10.116,-1.9322,0.88255,10.62
-0.33164,0.80565,0.37849,0.31255,10.108,-1.9189,0.88219,10.63
-0.33011,0.80572,0.37893,0.31347,10.1,-1.9055,0.88184,10.64
-0.32857,0.80576,0.37929,0.31452,10.092,-1.8921,0.8815,10.65
-0.3286,0.80563,0.37947,0.3146,10.092,-1.892,0.88154,10.65
-0.32705,0.8057,0.37989,0.31554,10.085,-1.8785,0.88121,10.66
-0.32558,0.80574,0.38029,0.31649,10.078,-1.865,0.88089,10.67
-0.32413,0.80577,0.38065,0.31747,10.071,-1.8514,0.88059,10.68
-0.32254,0.8058,0.38104,0.31853,10.064,-1.8378,0.88029,10.69
-0.321,0.80581,0.38146,0.31956,10.058,-1.8241,0.88,10.7
-0.32093,0.80584,0.38147,0.31956,10.058,-1.8242,0.88003,10.7
-0.31938,0.80588,0.3819,0.32048,10.052,-1.8105,0.87975,10.71
-0.31782,0.80589,0.38232,0.32151,10.046,-1.7968,0.87949,10.72
-0.31621,0.80592,0.38279,0.32245,10.04,-1.783,0.87923,10.73
-0.31469,0.80599,0.3831,0.32338,10.034,-1.7692,0.87899,10.74
-0.31311,0.80601,0.38354,0.32436,10.029,-1.7554,0.87875,10.75
-0.31324,0.80596,0.38344,0.32448,10.029,-1.7554,0.87874,10.75
-0.31162,0.806,0.38376,0.32555,10.023,-1.7415,0.87852,10.76
-0.31005,0.80603,0.38417,0.32648,10.018,-1.7276,0.8783,10.77
-0.30849,0.80603,0.38457,0.3275,10.014,-1.7137,0.8781,10.78
-0.30696,0.80606,0.38487,0.32851,10.009,-1.6997,0.87791,10.79
-0.30538,0.80608,0.38521,0.32952,10.005,-1.6857,0.87773,10.8
-0.30552,0.80602,0.38538,0.32937,10.005,-1.6857,0.87776,10.8
-0.30403,0.80606,0.38565,0.33032,10.001,-1.6717,0.87759,10.81
-0.30245,0.80607,0.38599,0.33134,9.9967,-1.6576,0.87743,10.82
-0.30091,0.80607,0.38639,0.33229,9.993,-1.6435,0.87728,10.83
-0.29925,0.80605,0.38679,0.33335,9.9895,-1.6294,0.87715,10.84
-0.2977,0.80601,0.38721,0.33434,9.9862,-1.6153,0.87702,10.85
-0.29777,0.806,0.38728,0.33423,9.9862,-1.6154,0.87705,10.85
-0.29624,0.80601,0.38758,0.33521,9.9832,-1.6012,0.87694,10.86
-0.29472,0.80596,0.38796,0.33622,9.9803,-1.587,0.87684,10.87
-0.2931,0.80599,0.38834,0.33715,9.9777,-1.5729,0.87675,10.88
-0.29158,0.80599,0.38873,0.33803,9.9753,-1.5587,0.87667,10.89
-0.29005,0.80593,0.38908,0.33907,9.9731,-1.5445,0.8766,10.9
-0.29,0.80591,0.38915,0.33906,9.9732,-1.5445,0.87662,10.9
-0.2885,0.80588,0.38951,0.34001,9.9712,-1.5302,0.87656,10.91
-0.28692,0.80583,0.38992,0.34099,9.9694,-1.516,0.87652,10.92
-0.28533,0.80583,0.39026,0.34194,9.9679,-1.5018,0.87648,10.93
-0.28377,0.80574,0.39066,0.34298,9.9666,-1.4875,0.87646,10.94
-0.28226,0.80565,0.39105,0.344,9.9655,-1.4732,0.87645,10.95
-0.28221,0.80575,0.39099,0.34387,9.9656,-1.4733,0.87648,10.95
-0.28064,0.80569,0.39133,0.3449,9.9647,-1.459,0.87648,10.96
-0.27905,0.80566,0.39163,0.34592,9.964,-1.4447,0.87649,10.97
-0.27748,0.80561,0.39202,0.34687,9.9636,-1.4304,0.87651,10.98
-0.27579,0.80559,0.39235,0.34789,9.9633,-1.4161,0.87655,10.99
-0.27417,0.80557,0.39265,0.34888,9.9633,-1.4019,0.8766,11
-0.27439,0.80552,0.3928,0.34864,9.9635,-1.4018,0.8766,11
-0.27287,0.8055,0.39315,0.34948,9.9637,-1.3875,0.87666,11.01
-0.27132,0.80548,0.39354,0.3503,9.9641,-1.3732,0.87673,11.02
-0.26973,0.8054,0.39399,0.35121,9.9648,-1.3589,0.87681,11.03
-0.26823,0.8053,0.39434,0.35218,9.9656,-1.3446,0.87691,11.04
-0.26669,0.80523,0.39468,0.35315,9.9667,-1.3303,0.87701,11.05
-0.26654,0.80523,0.39458,0.35338,9.9668,-1.3303,0.87701,11.05
-0.26501,0.80514,0.39497,0.35428,9.9682,-1.3161,0.87712,11.06
-0.26345,0.80507,0.39523,0.3553,9.9697,-1.3018,0.87725,11.07
-0.26195,0.80497,0.39554,0.3563,9.9715,-1.2875,0.87739,11.08
-0.26035,0.80493,0.39583,0.35725,9.9734,-1.2733,0.87753,11.09
-0.25883,0.80486,0.39609,0.35821,9.9756,-1.2591,0.87769,11.1
-0.25866,0.80486,0.39631,0.35809,9.9757,-1.2591,0.87769,11.1
-0.25708,0.8048,0.39661,0.35905,9.9781,-1.2449,0.87786,11.11
-0.25546,0.80472,0.397,0.35993,9.9808,-1.2307,0.87803,11.12
-0.25396,0.80459,0.39737,0.36088,9.9836,-1.2165,0.87821,11.13
-0.25236,0.80453,0.39771,0.36175,9.9867,-1.2024,0.87841,11.14
-0.25076,0.80441,0.39806,0.36275,9.9899,-1.1883,0.87861,11.15
-0.25077,0.80442,0.39802,0.36277,9.9901,-1.1882,0.87863,11.15
-0.24919,0.80434,0.39832,0.36371,9.9936,-1.174,0.87884,11.16
-0.24762,0.80427,0.39864,0.36459,9.9973,-1.1599,0.87907,11.17
-0.24607,0.80412,0.399,0.36557,10.001,-1.1459,0.87931,11.18
-0.24448,0.80397,0.39934,0.36659,10.005,-1.1318,0.87956,11.19
-0.24286,0.80387,0.39973,0.36747,10.01,-1.1178,0.87983,11.2
-0.24285,0.80391,0.39969,0.36742,10.01,-1.1179,0.87984,11.2
-0.24125,0.80383,0.40001,0.3683,10.014,-1.1039,0.88011,11.21
-0.23963,0.80371,0.40036,0.36924,10.019,-1.09,0.8804,11.22
-0.23806,0.80358,0.40066,0.3702,10.024,-1.0761,0.88069,11.23
-0.23647,0.80347,0.40099,0.37112,10.029,-1.0622,0.88099,11.24
-0.23488,0.80339,0.40123,0.37204,10.035,-1.0484,0.88131,11.25
-0.23492,0.80333,0.40132,0.37204,10.035,-1.0483,0.88127,11.25
-0.2334,0.80319,0.40164,0.37296,10.041,-1.0344,0.8816,11.26
-0.23178,0.80309,0.40193,0.37387,10.047,-1.0207,0.88194,11.27
-0.23018,0.80294,0.40223,0.37484,10.053,-1.0069,0.88229,11.28
-0.22856,0.80278,0.40265,0.37573,10.059,-0.99323,0.88264,11.29
-0.22706,0.80265,0.40291,0.37664,10.065,-0.97958,0.88301,11.3
-0.22696,0.80268,0.40293,0.37662,10.066,-0.9795,0.88298,11.3
-0.22535,0.80255,0.40326,0.37751,10.072,-0.96587,0.88336,11.31
-0.22366,0.80239,0.40362,0.37848,10.079,-0.95229,0.88375,11.32
-0.22212,0.80219,0.40397,0.37942,10.086,-0.93876,0.88415,11.33
-0.22056,0.80204,0.40433,0.38026,10.094,-0.92528,0.88456,11.34
-0.21899,0.80191,0.40462,0.38113,10.101,-0.91185,0.88499,11.35
-0.21898,0.80196,0.4045,0.38116,10.101,-0.91179,0.88493,11.35
-0.21734,0.8018,0.40484,0.38208,10.109,-0.8984,0.88537,11.36
-0.21574,0.80166,0.40514,0.38297,10.117,-0.88506,0.88581,11.37
-0.21406,0.80153,0.40543,0.38387,10.125,-0.87177,0.88627,11.38
-0.21246,0.80133,0.40572,0.38486,10.133,-0.85855,0.88673,11.39
-0.21084,0.80118,0.40606,0.3857,10.142,-0.84538,0.88721,11.4
-0.21098,0.80118,0.40602,0.38569,10.142,-0.8454,0.88715,11.4
-0.20931,0.801,0.40634,0.38661,10.151,-0.83229,0.88763,11.41
-0.20773,0.80084,0.40657,0.38757,10.16,-0.81925,0.88813,11.42
-0.20616,0.80065,0.40685,0.38848,10.169,-0.80626,0.88863,11.43
-0.20449,0.8005,0.40715,0.38937,10.178,-0.79334,0.88915,11.44
-0.20293,0.80032,0.40742,0.39026,10.188,-0.78048,0.88968,11.45
-0.20297,0.80032,0.40752,0.39016,10.188,-0.78034,0.88966,11.45
-0.20131,0.80016,0.40785,0.391,10.198,-0.76752,0.8902,11.46
-0.19976,0.79996,0.40807,0.39196,10.208,-0.75477,0.89075,11.47
-0.1981,0.79982,0.40834,0.39282,10.218,-0.74208,0.89131,11.48
-0.19651,0.79964,0.40865,0.39366,10.228,-0.72946,0.89187,11.49
-0.19485,0.79946,0.40891,0.39458,10.239,-0.71692,0.89245,11.5
-0.19493,0.7994,0.40896,0.39461,10.239,-0.71692,0.89237,11.5
-0.1933,0.79916,0.40929,0.39554,10.25,-0.70444,0.89296,11.51
-0.19175,0.79898,0.4095,0.39646,10.261,-0.69204,0.89355,11.52
-0.19013,0.79875,0.40984,0.39734,10.272,-0.67971,0.89416,11.53
-0.18852,0.79851,0.41009,0.39834,10.283,-0.66745,0.89477,11.54
-0.18687,0.79829,0.41039,0.39924,10.294,-0.65528,0.8954,11.55
-0.18687,0.7984,0.41038,0.39902,10.295,-0.65524,0.89533,11.55
-0.18536,0.79815,0.41061,0.39999,10.306,-0.64313,0.89597,11.56
-0.18379,0.79795,0.41083,0.40088,10.318,-0.6311,0.89661,11.57
-0.18208,0.79771,0.41117,0.40181,10.33,-0.61915,0.89726,11.58
-0.18045,0.79752,0.4115,0.40259,10.342,-0.60728,0.89792,11.59
-0.17874,0.79729,0.41183,0.40346,10.355,-0.5955,0.89859,11.6
-0.1788,0.79734,0.41177,0.4034,10.355,-0.59545,0.89852,11.6
-0.17717,0.79711,0.41209,0.40423,10.368,-0.58374,0.8992,11.61
-0.17553,0.79685,0.41246,0.40509,10.38,-0.57212,0.89988,11.62
-0.17388,0.7966,0.41275,0.40599,10.393,-0.56058,0.90058,11.63
-0.17231,0.79635,0.41304,0.40686,10.406,-0.54913,0.90128,11.64
-0.17069,0.79609,0.41336,0.40773,10.42,-0.53776,0.902,11.65
-0.17072,0.79621,0.41311,0.40774,10.42,-0.53769,0.90192,11.65
-0.16908,0.796,0.41336,0.40858,10.433,-0.5264,0.90264,11.66
-0.16746,0.79577,0.41363,0.40941,10.447,-0.5152,0.90337,11.67
-0.16587,0.79553,0.41393,0.41023,10.461,-0.50409,0.9041,11.68
-0.16417,0.79528,0.41419,0.41113,10.475,-0.49308,0.90485,11.69
-0.1625,0.79506,0.41445,0.41196,10.489,-0.48216,0.9056,11.7
-0.16262,0.795,0.41442,0.41204,10.489,-0.48211,0.90554,11.7
-0.16095,0.79475,0.41469,0.41293,10.503,-0.47128,0.9063,11.71
-0.15928,0.7945,0.41496,0.41377,10.518,-0.46054,0.90706,11.72
-0.15762,0.79421,0.41519,0.41472,10.532,-0.4499,0.90784,11.73
-0.15595,0.79393,0.41549,0.4156,10.547,-0.43936,0.90862,11.74
-0.15433,0.79373,0.41566,0.41641,10.562,-0.42892,0.90941,11.75
-0.1545,0.79373,0.4157,0.41631,10.562,-0.42886,0.90937,11.75
-0.15283,0.79349,0.41598,0.41711,10.578,-0.41851,0.91017,11.76
-0.15125,0.7932,0.41623,0.41797,10.593,-0.40826,0.91097,11.77
-0.14966,0.79298,0.41646,0.41875,10.608,-0.39812,0.91179,11.78
-0.14798,0.79274,0.41669,0.41956,10.624,-0.38807,0.91261,11.79
-0.14634,0.79249,0.41693,0.42037,10.64,-0.37813,0.91344,11.8
-0.14637,0.79239,0.41694,0.42054,10.64,-0.37806,0.91337,11.8
-0.14477,0.79207,0.41718,0.42146,10.656,-0.36821,0.9142,11.81
-0.14317,0.79176,0.41738,0.42238,10.672,-0.35847,0.91505,11.82
-0.1415,0.79145,0.41762,0.42329,10.688,-0.34883,0.9159,11.83
-0.13988,0.7912,0.41782,0.4241,10.704,-0.3393,0.91676,11.84
-0.13821,0.79093,0.41809,0.42489,10.721,-0.32988,0.91763,11.85
-0.13823,0.79098,0.41814,0.42473,10.721,-0.32985,0.91755,11.85
-0.13661,0.79074,0.41834,0.42551,10.738,-0.32053,0.91842,11.86
-0.13497,0.79048,0.41853,0.42633,10.755,-0.31132,0.91931,11.87
-0.13345,0.79019,0.41878,0.42709,10.771,-0.30222,0.9202,11.88
-0.13185,0.78986,0.41902,0.42797,10.789,-0.29324,0.9211,11.89
-0.1302,0.78954,0.41934,0.42875,10.806,-0.28437,0.922,11.9
-0.13008,0.78951,0.4193,0.42889,10.806,-0.28436,0.92189,11.9
-0.12848,0.78923,0.4195,0.42969,10.823,-0.27559,0.9228,11.91
-0.12683,0.78891,0.41975,0.43051,10.841,-0.26694,0.92372,11.92
-0.12521,0.7886,0.41989,0.43142,10.858,-0.2584,0.92464,11.93
-0.12361,0.78828,0.4201,0.43226,10.876,-0.24998,0.92557,11.94
-0.12204,0.78799,0.42026,0.43309,10.894,-0.24168,0.9265,11.95
-0.12191,0.78796,0.42042,0.43301,10.894,-0.2417,0.9264,11.95
-0.12026,0.78767,0.42061,0.43382,10.912,-0.23351,0.92734,11.96
-0.11864,0.78735,0.4208,0.43468,10.93,-0.22544,0.92828,11.97
-0.11693,0.78699,0.42101,0.43557,10.949,-0.21748,0.92923,11.98
-0.1153,0.78668,0.42117,0.43642,10.967,-0.20965,0.93018,11.99
-0.11362,0.78634,0.42142,0.43722,10.985,-0.20195,0.93114,12
-0.11373,0.78634,0.42152,0.4371,10.986,-0.20196,0.93104,12
-0.11215,0.78601,0.4217,0.43794,11.004,-0.19437,0.932,12.01
-0.11048,0.78568,0.42192,0.43872,11.023,-0.1869,0.93297,12.02
-0.10887,0.7853,0.42218,0.43955,11.042,-0.17955,0.93395,12.03
-0.10721,0.78499,0.4224,0.44031,11.061,-0.17233,0.93493,12.04
-0.10564,0.78463,0.42265,0.44109,11.08,-0.16524,0.93592,12.05
-0.10554,0.78466,0.42257,0.44114,11.08,-0.16525,0.93579,12.05
-0.10391,0.78431,0.42274,0.44198,11.099,-0.15828,0.93678,12.06
-0.10224,0.78398,0.42292,0.44279,11.119,-0.15142,0.93778,12.07
-0.10058,0.78369,0.42309,0.44351,11.138,-0.1447,0.93878,12.08
-0.098975,0.78334,0.42327,0.44433,11.157,-0.1381,0.93979,12.09
-0.097338,0.78297,0.42343,0.44519,11.177,-0.13163,0.9408,12.1
-0.097349,0.78291,0.42358,0.44514,11.177,-0.13167,0.94071,12.1
-0.095815,0.78249,0.42388,0.44594,11.197,-0.12532,0.94173,12.11
-0.09419,0.78211,0.42414,0.4467,11.217,-0.1191,0.94275,12.12
-0.092513,0.78176,0.42426,0.44754,11.237,-0.11302,0.94378,12.13
-0.090866,0.78142,0.42441,0.44833,11.256,-0.10706,0.94481,12.14
-0.08916,0.78103,0.42457,0.4492,11.277,-0.10123,0.94585,12.15
-0.089146,0.78109,0.42457,0.44911,11.277,-0.10127,0.94574,12.15
-0.087406,0.78069,0.42478,0.44993,11.297,-0.095566,0.94678,12.16
-0.085688,0.78035,0.42491,0.45073,11.317,-0.089997,0.94782,12.17
-0.083991,0.78006,0.42498,0.45149,11.338,-0.084561,0.94887,12.18
-0.082315,0.77971,0.42514,0.45226,11.358,-0.079258,0.94992,12.19
-0.080716,0.77934,0.42539,0.45294,11.378,-0.074088,0.95097,12.2
-0.080923,0.7792,0.4255,0.45304,11.379,-0.074161,0.95089,12.2
-0.079183,0.77881,0.42574,0.4538,11.399,-0.069125,0.95194,12.21
-0.077521,0.77842,0.42595,0.45455,11.42,-0.064225,0.95301,12.22
-0.07595,0.77798,0.42622,0.45532,11.441,-0.059462,0.95407,12.23
-0.07435,0.77763,0.42646,0.45596,11.461,-0.054838,0.95514,12.24
-0.072739,0.77725,0.42668,0.45666,11.482,-0.050349,0.95621,12.25
-0.072705,0.77724,0.42641,0.45693,11.483,-0.050384,0.9561,12.25
-0.071086,0.77683,0.42657,0.45773,11.503,-0.046023,0.95717,12.26
-0.069451,0.7764,0.42676,0.45854,11.524,-0.041799,0.95825,12.27
-0.067755,0.77598,0.42694,0.45934,11.545,-0.037713,0.95933,12.28
-0.066149,0.77559,0.42705,0.46013,11.566,-0.033766,0.96041,12.29
-0.064522,0.77518,0.42725,0.46086,11.588,-0.029957,0.96149,12.3
-0.064478,0.77522,0.42728,0.46078,11.588,-0.029997,0.9614,12.3
-0.062701,0.77479,0.42744,0.46159,11.609,-0.026322,0.96248,12.31
-0.06105,0.77432,0.42759,0.46246,11.63,-0.022785,0.96357,12.32
-0.059471,0.77389,0.4278,0.46319,11.652,-0.019388,0.96466,12.33
-0.057857,0.77345,0.42795,0.464,11.673,-0.016129,0.96575,12.34
-0.056216,0.77301,0.4281,0.46479,11.694,-0.013011,0.96685,12.35
-0.056246,0.77313,0.4281,0.46458,11.695,-0.013045,0.96675,12.35
-0.054625,0.7727,0.42828,0.46532,11.716,-0.010062,0.96784,12.36
-0.053072,0.77227,0.42837,0.46613,11.738,-0.0072208,0.96894,12.37
-0.051408,0.77187,0.42857,0.46681,11.759,-0.0045216,0.97004,12.38
-0.049824,0.77137,0.42872,0.46766,11.781,-0.0019636,0.97114,12.39
-0.048194,0.77096,0.42887,0.46837,11.803,0.00045336,0.97224,12.4
-0.048008,0.77096,0.42891,0.46835,11.803,0.00052177,0.97209,12.4
-0.046375,0.7706,0.42896,0.46906,11.825,0.0028183,0.9732,12.41
-0.044746,0.77016,0.42914,0.46978,11.846,0.0049737,0.97431,12.42
-0.043114,0.7697,0.42933,0.47051,11.868,0.0069874,0.97541,12.43
-0.041478,0.76923,0.42954,0.47123,11.89,0.0088586,0.97652,12.44
-0.039925,0.76879,0.4297,0.47194,11.912,0.010588,0.97764,12.45
-0.039762,0.76874,0.42966,0.47207,11.912,0.010552,0.9775,12.45
-0.038102,0.76833,0.42985,0.47271,11.934,0.01214,0.97861,12.46
-0.036452,0.76786,0.43001,0.47345,11.956,0.013584,0.97972,12.47
-0.034803,0.76741,0.43015,0.47417,11.977,0.014885,0.98084,12.48
-0.033131,0.76698,0.43035,0.4748,11.999,0.016044,0.98195,12.49
-0.031508,0.76652,0.43053,0.4755,12.021,0.017061,0.98307,12.5
-0.031516,0.76644,0.43039,0.47576,12.022,0.01709,0.98288,12.5
-0.029929,0.76593,0.43052,0.47656,12.044,0.017978,0.98399,12.51
-0.028196,0.76545,0.43065,0.47732,12.065,0.018724,0.9851,12.52
-0.026587,0.76493,0.43079,0.47811,12.087,0.019326,0.98622,12.53
-0.024858,0.76443,0.43096,0.47885,12.109,0.019785,0.98733,12.54
-0.023195,0.76402,0.43099,0.47957,12.131,0.020103,0.98845,12.55
-0.023251,0.76408,0.43106,0.4794,12.132,0.020044,0.98828,12.55
-0.021589,0.7636,0.4312,0.48012,12.154,0.020213,0.98939,12.56
-0.019902,0.76312,0.43142,0.48076,12.175,0.020242,0.9905,12.57
-0.018319,0.76265,0.43151,0.48148,12.197,0.02013,0.99162,12.58
-0.016685,0.76215,0.43162,0.48224,12.219,0.019875,0.99273,12.59
-0.015074,0.76168,0.43178,0.48289,12.241,0.019479,0.99384,12.6
-0.014993,0.76165,0.43171,0.483,12.242,0.019439,0.99367,12.6
-0.013336,0.76118,0.43181,0.4837,12.264,0.018896,0.99477,12.61
-0.011682,0.76063,0.43198,0.48445,12.286,0.018211,0.99588,12.62
-0.010052,0.76013,0.43219,0.48509,12.307,0.017384,0.99699,12.63
-0.0084335,0.75963,0.43234,0.48577,12.329,0.016414,0.9981,12.64
-0.0068001,0.75911,0.43242,0.48653,12.351,0.015303,0.9992,12.65
-0.006733,0.75915,0.43231,0.48657,12.352,0.015279,0.99902,12.65
-0.0050357,0.75866,0.43237,0.4873,12.373,0.014024,1.0001,12.66
-0.0034216,0.75811,0.43254,0.48803,12.395,0.012628,1.0012,12.67
-0.0017275,0.75761,0.43264,0.48871,12.417,0.01109,1.0023,12.68
-7.1661e-05,0.75709,0.43279,0.48939,12.439,0.0094106,1.0034,12.69
0.0015687,0.75658,0.43291,0.49008,12.461,0.0075902,1.0045,12.7
0.0015358,0.75659,0.43288,0.49009,12.461,0.0075414,1.0044,12.7
0.00322,0.75603,0.4331,0.49074,12.483,0.0055723,1.0054,12.71
0.0049017,0.75552,0.4332,0.49144,12.504,0.0034608,1.0065,12.72
0.0065129,0.75499,0.43325,0.49218,12.526,0.0012077,1.0076,12.73
0.0081975,0.75445,0.4334,0.49286,12.548,-0.0011858,1.0087,12.74
0.0098816,0.75387,0.43355,0.49359,12.569,-0.0037201,1.0098,12.75
0.0097994,0.75396,0.4334,0.49357,12.57,-0.0038277,1.0097,12.75
0.011523,0.75341,0.43351,0.49428,12.591,-0.0065207,1.0107,12.76
0.013212,0.75285,0.43368,0.49493,12.613,-0.0093531,1.0118,12.77
0.014848,0.75223,0.43392,0.49562,12.634,-0.012325,1.0129,12.78
0.016499,0.75167,0.43409,0.49627,12.656,-0.015438,1.014,12.79
0.018203,0.75114,0.43412,0.497,12.677,-0.01869,1.0151,12.8
0.018054,0.75127,0.43388,0.49701,12.677,-0.018727,1.0149,12.8
0.019617,0.75073,0.43405,0.49761,12.699,-0.02212,1.0159,12.81
0.021292,0.75013,0.43413,0.49837,12.72,-0.025651,1.017,12.82
0.022993,0.74958,0.43423,0.49905,12.741,-0.029319,1.0181,12.83
0.024693,0.74899,0.43435,0.49974,12.762,-0.033125,1.0191,12.84
0.026358,0.74849,0.43441,0.50035,12.783,-0.037068,1.0202,12.85
0.026306,0.74851,0.43434,0.50038,12.784,-0.036962,1.02,12.85
0.027897,0.74795,0.43448,0.50102,12.805,-0.041021,1.021,12.86
0.029616,0.74738,0.43457,0.50169,12.826,-0.045217,1.0221,12.87
0.031216,0.74689,0.43452,0.50237,12.847,-0.049547,1.0231,12.88
0.032864,0.74641,0.43452,0.50298,12.867,-0.054013,1.0242,12.89
0.034516,0.74579,0.43467,0.50366,12.888,-0.058613,1.0252,12.9
0.034562,0.74569,0.43475,0.50373,12.889,-0.058665,1.0251,12.9
0.03615,0.74512,0.43481,0.50441,12.909,-0.063409,1.0261,12.91
0.03784,0.74457,0.43481,0.50509,12.93,-0.068286,1.0271,12.92
0.039488,0.744,0.43492,0.50571,12.95,-0.073295,1.0281,12.93
0.041124,0.7434,0.43498,0.50642,12.971,-0.078435,1.0291,12.94
0.042668,0.7428,0.43508,0.50708,12.991,-0.083707,1.0302,12.95
0.04281,0.7428,0.43512,0.50704,12.992,-0.083731,1.0301,12.95
0.044436,0.74219,0.43522,0.5077,13.012,-0.089133,1.0311,12.96
0.046113,0.74162,0.43529,0.50832,13.032,-0.094666,1.0321,12.97
0.04771,0.74103,0.43532,0.509,13.052,-0.10033,1.0331,12.98
0.049354,0.74041,0.43541,0.50968,13.072,-0.10612,1.0341,12.99
0.051039,0.73979,0.43547,0.51036,13.092,-0.11204,1.035,13
0.051081,0.73985,0.43545,0.5103,13.093,-0.11225,1.035,13
0.052729,0.73926,0.43551,0.51093,13.113,-0.11834,1.036,13.01
0.054371,0.73866,0.43556,0.51158,13.132,-0.12455,1.0369,13.02
0.055925,0.73802,0.43564,0.51227,13.152,-0.13089,1.0379,13.03
0.057481,0.73743,0.43576,0.51284,13.171,-0.13735,1.0389,13.04
0.059126,0.7368,0.43583,0.5135,13.191,-0.14394,1.0398,13.05
0.059319,0.73683,0.43574,0.51352,13.191,-0.14401,1.0397,13.05
0.060951,0.73621,0.43578,0.51417,13.211,-0.15074,1.0407,13.06
0.062636,0.73563,0.4358,0.51479,13.23,-0.15758,1.0416,13.07
0.064268,0.73495,0.43589,0.51548,13.249,-0.16456,1.0425,13.08
0.065852,0.73434,0.43596,0.51609,13.268,-0.17165,1.0435,13.09
0.067443,0.7337,0.43608,0.5167,13.287,-0.17887,1.0444,13.1
0.067565,0.73374,0.43599,0.51669,13.287,-0.17896,1.0443,13.1
0.069244,0.73314,0.43605,0.51728,13.306,-0.18631,1.0452,13.11
0.070925,0.7325,0.43614,0.51788,13.325,-0.19378,1.0461,13.12
0.072551,0.73183,0.43625,0.5185,13.344,-0.20137,1.047,13.13
0.074164,0.73125,0.43623,0.51911,13.362,-0.20907,1.048,13.14
0.0758,0.7306,0.43625,0.51976,13.38,-0.2169,1.0489,13.15
0.075791,0.7306,0.43621,0.51981,13.381,-0.21699,1.0487,13.15
0.077366,0.72999,0.43621,0.52043,13.399,-0.22494,1.0496,13.16
0.079056,0.72933,0.43626,0.52107,13.417,-0.233,1.0505,13.17
0.08064,0.72866,0.43632,0.5217,13.435,-0.24118,1.0514,13.18
0.082325,0.72799,0.43638,0.52234,13.453,-0.24948,1.0523,13.19
0.083913,0.72735,0.43637,0.52298,13.471,-0.25789,1.0531,13.2
0.084012,0.72739,0.43638,0.5229,13.471,-0.25803,1.053,13.2
0.085655,0.72669,0.43645,0.52354,13.489,-0.26656,1.0538,13.21
0.087317,0.72603,0.43648,0.52415,13.506,-0.27521,1.0547,13.22
0.089049,0.72538,0.43648,0.52476,13.523,-0.28397,1.0555,13.23
0.09078,0.72467,0.43647,0.52546,13.541,-0.29284,1.0564,13.24
0.092392,0.72403,0.43648,0.52605,13.558,-0.30182,1.0572,13.25
0.09223,0.72411,0.43653,0.52593,13.558,-0.30193,1.0571,13.25
0.093834,0.72343,0.43655,0.52657,13.575,-0.31102,1.0579,13.26
0.095496,0.72273,0.43658,0.5272,13.592,-0.32022,1.0587,13.27
0.09722,0.72209,0.43655,0.52779,13.608,-0.32953,1.0595,13.28
0.098857,0.72141,0.4366,0.52838,13.625,-0.33894,1.0603,13.29
0.10051,0.72076,0.43655,0.52899,13.641,-0.34846,1.0611,13.3
0.10044,0.72077,0.43662,0.52892,13.642,-0.34864,1.061,13.3
0.10208,0.7201,0.43664,0.52951,13.658,-0.35828,1.0618,13.31
0.10377,0.71942,0.43662,0.53012,13.674,-0.36801,1.0625,13.32
0.10545,0.71874,0.43658,0.53075,13.69,-0.37785,1.0633,13.33
0.10703,0.71807,0.43658,0.53133,13.706,-0.38779,1.0641,13.34
0.10864,0.71742,0.43664,0.53185,13.721,-0.39784,1.0648,13.35
0.10864,0.71737,0.43669,0.53187,13.722,-0.398,1.0647,13.35
0.1103,0.71665,0.43672,0.53247,13.737,-0.40815,1.0654,13.36
0.11205,0.71596,0.43675,0.533,13.752,-0.4184,1.0662,13.37
0.11367,0.71526,0.43677,0.53359,13.767,-0.42874,1.0669,13.38
0.1153,0.71453,0.4368,0.53419,13.782,-0.43918,1.0676,13.39
0.11705,0.71381,0.4368,0.53477,13.797,-0.44971,1.0684,13.4
0.11684,0.7139,0.43671,0.53477,13.798,-0.44989,1.0682,13.4
0.11849,0.71322,0.43666,0.53536,13.812,-0.46053,1.0689,13.41
0.12006,0.7125,0.43666,0.53596,13.827,-0.47126,1.0696,13.42
0.12181,0.71174,0.43673,0.53653,13.841,-0.48208,1.0703,13.43
0.12343,0.71098,0.43677,0.53713,13.855,-0.49299,1.071,13.44
0.12505,0.71029,0.43673,0.5377,13.869,-0.50399,1.0717,13.45
0.12502,0.71038,0.43669,0.53762,13.869,-0.50419,1.0715,13.45
0.12668,0.7097,0.43664,0.53817,13.883,-0.51529,1.0722,13.46
0.12831,0.70891,0.43665,0.53881,13.897,-0.52648,1.0728,13.47
0.12992,0.70823,0.43657,0.53939,13.91,-0.53776,1.0735,13.48
0.13164,0.70753,0.43662,0.53985,13.924,-0.54912,1.0741,13.49
0.13327,0.70679,0.43661,0.54043,13.937,-0.56057,1.0748,13.5
0.13319,0.70679,0.43665,0.54041,13.937,-0.56061,1.0746,13.5
0.13478,0.70603,0.4367,0.54097,13.95,-0.57213,1.0752,13.51
0.1364,0.70536,0.43658,0.54153,13.963,-0.58372,1.0758,13.52
0.138,0.70463,0.43654,0.54211,13.975,-0.5954,1.0764,13.53
0.13965,0.70399,0.43644,0.5426,13.988,-0.60715,1.077,13.54
0.14128,0.70326,0.43641,0.54316,14,-0.61899,1.0776,13.55
0.14136,0.70312,0.43657,0.54318,14,-0.6192,1.0775,13.55
0.14298,0.70238,0.43652,0.54375,14.012,-0.63113,1.0781,13.56
0.14457,0.70172,0.43648,0.54423,14.024,-0.64314,1.0786,13.57
0.14627,0.70094,0.43639,0.54484,14.036,-0.65522,1.0792,13.58
0.1479,0.70025,0.43631,0.54535,14.047,-0.66738,1.0797,13.59
0.14952,0.69952,0.4363,0.54585,14.059,-0.6796,1.0802,13.6
0.14951,0.69941,0.43642,0.5459,14.059,-0.67975,1.0802,13.6
0.15105,0.69865,0.43638,0.54648,14.07,-0.69207,1.0807,13.61
0.15273,0.69791,0.43631,0.54701,14.081,-0.70446,1.0812,13.62
0.15435,0.69715,0.4363,0.54754,14.092,-0.71692,1.0817,13.63
0.15605,0.6964,0.43623,0.54807,14.102,-0.72945,1.0822,13.64
0.15764,0.69567,0.4362,0.54856,14.113,-0.74204,1.0827,13.65
0.15764,0.69563,0.43626,0.54856,14.113,-0.74212,1.0826,13.65
0.15927,0.69487,0.43626,0.54906,14.123,-0.75479,1.083,13.66
0.16091,0.69412,0.43621,0.54957,14.133,-0.76753,1.0835,13.67
0.16257,0.69325,0.43622,0.55017,14.143,-0.78033,1.084,13.68
0.16423,0.69249,0.43619,0.55066,14.152,-0.79318,1.0844,13.69
0.16578,0.69172,0.43612,0.55122,14.162,-0.8061,1.0848,13.7
0.16575,0.6918,0.43607,0.55117,14.162,-0.80612,1.0847,13.7
0.16733,0.69103,0.43595,0.55175,14.171,-0.81908,1.0851,13.71
0.16901,0.69029,0.43585,0.55224,14.18,-0.8321,1.0855,13.72
0.17052,0.68955,0.43574,0.55278,14.189,-0.84518,1.0859,13.73
0.17217,0.68872,0.43568,0.55335,14.198,-0.85832,1.0863,13.74
0.17377,0.68791,0.43566,0.55389,14.206,-0.8715,1.0867,13.75
0.17386,0.68789,0.43582,0.55374,14.206,-0.87167,1.0866,13.75
0.17549,0.68717,0.43576,0.55418,14.214,-0.88493,1.087,13.76
0.17707,0.6864,0.43567,0.55471,14.222,-0.89823,1.0873,13.77
0.17871,0.68562,0.43552,0.55526,14.23,-0.91159,1.0877,13.78
0.18039,0.68479,0.43542,0.55582,14.238,-0.92499,1.088,13.79
0.18198,0.68398,0.43538,0.55633,14.245,-0.93844,1.0883,13.8
0.18195,0.68394,0.43555,0.55625,14.245,-0.93851,1.0882,13.8
0.18359,0.68317,0.43551,0.55669,14.252,-0.952,1.0885,13.81
0.18524,0.68233,0.43548,0.55719,14.259,-0.96554,1.0888,13.82
0.18683,0.68156,0.43539,0.55768,14.266,-0.97911,1.0891,13.83
0.18839,0.6807,0.43537,0.55822,14.272,-0.99273,1.0894,13.84
0.19004,0.67984,0.43524,0.55881,14.279,-1.0064,1.0897,13.85
0.19003,0.67991,0.43523,0.55873,14.279,-1.0065,1.0896,13.85
0.19173,0.67902,0.43517,0.55929,14.285,-1.0202,1.0899,13.86
0.19344,0.67822,0.43505,0.55976,14.291,-1.034,1.0901,13.87
0.19496,0.67742,0.43502,0.56022,14.297,-1.0478,1.0904,13.88
0.19665,0.67655,0.43499,0.5607,14.302,-1.0616,1.0906,13.89
0.19835,0.67568,0.43496,0.56119,14.307,-1.0754,1.0909,13.9
0.19808,0.67583,0.43488,0.56116,14.308,-1.0755,1.0907,13.9
0.19965,0.67504,0.43477,0.56164,14.313,-1.0894,1.0909,13.91
0.20127,0.67421,0.43469,0.56213,14.317,-1.1033,1.0911,13.92
0.20292,0.67339,0.4346,0.56257,14.322,-1.1173,1.0913,13.93
0.20445,0.67255,0.43452,0.56309,14.326,-1.1312,1.0915,13.94
0.20604,0.67172,0.43446,0.56355,14.331,-1.1452,1.0916,13.95
0.20614,0.67169,0.43448,0.56353,14.331,-1.1454,1.0916,13.95
0.20778,0.6709,0.43437,0.56395,14.335,-1.1594,1.0917,13.96
0.20938,0.67004,0.43428,0.56445,14.338,-1.1735,1.0919,13.97
0.21099,0.66914,0.43422,0.56496,14.342,-1.1876,1.092,13.98
0.21259,0.66832,0.43415,0.56539,14.345,-1.2017,1.0921,13.99
0.21422,0.66751,0.43401,0.56584,14.348,-1.2158,1.0922,14
0.21416,0.66749,0.43405,0.56586,14.349,-1.2159,1.0921,14
0.2158,0.66663,0.43395,0.56632,14.351,-1.2301,1.0922,14.01
0.21738,0.66585,0.4338,0.56675,14.354,-1.2443,1.0923,14.02
0.21894,0.66506,0.43365,0.5672,14.357,-1.2584,1.0924,14.03
0.22046,0.66425,0.43358,0.56761,14.359,-1.2726,1.0925,14.04
0.22199,0.66339,0.43348,0.56809,14.361,-1.2868,1.0925,14.05
0.22217,0.66323,0.43358,0.56814,14.361,-1.2869,1.0925,14.05
0.22381,0.66238,0.43346,0.56857,14.363,-1.3012,1.0926,14.06
0.22552,0.66148,0.4334,0.56899,14.364,-1.3154,1.0926,14.07
0.22716,0.66061,0.43326,0.56946,14.366,-1.3297,1.0926,14.08
0.22873,0.6597,0.43322,0.56992,14.367,-1.3439,1.0926,14.09
0.23041,0.65885,0.4331,0.57031,14.368,-1.3582,1.0926,14.1
0.23014,0.65892,0.43308,0.57036,14.368,-1.3582,1.0926,14.1
0.23173,0.65803,0.43292,0.57086,14.368,-1.3724,1.0926,14.11
0.23332,0.6572,0.43275,0.57129,14.369,-1.3867,1.0926,14.12
0.23497,0.65625,0.43264,0.5718,14.369,-1.4009,1.0925,14.13
0.23663,0.65535,0.43246,0.57228,14.369,-1.4152,1.0925,14.14
0.23813,0.65446,0.43236,0.57275,14.369,-1.4294,1.0924,14.15
0.23811,0.65453,0.43252,0.57255,14.369,-1.4296,1.0925,14.15
0.23973,0.65363,0.4324,0.573,14.369,-1.4439,1.0925,14.16
0.24133,0.65275,0.43226,0.57344,14.368,-1.4582,1.0924,14.17
0.24301,0.65181,0.43221,0.57383,14.367,-1.4724,1.0923,14.18
0.24453,0.65093,0.43201,0.57434,14.366,-1.4867,1.0922,14.19
0.24608,0.64999,0.43202,0.57473,14.365,-1.5009,1.0921,14.2
0.24606,0.6501,0.43193,0.57469,14.365,-1.5011,1.0921,14.2
0.24759,0.64927,0.4318,0.57507,14.363,-1.5154,1.092,14.21
0.24919,0.64839,0.43165,0.57548,14.362,-1.5296,1.0919,14.22
0.25086,0.64755,0.43148,0.57583,14.36,-1.5439,1.0917,14.23
0.25244,0.64664,0.4313,0.57629,14.358,-1.5581,1.0916,14.24
0.25396,0.64579,0.43113,0.57671,14.355,-1.5723,1.0914,14.25
0.25396,0.64561,0.43132,0.57676,14.355,-1.5723,1.0914,14.25
0.25551,0.64471,0.43121,0.57717,14.353,-1.5865,1.0913,14.26
0.25712,0.64377,0.43112,0.57757,14.35,-1.6006,1.0911,14.27
0.25876,0.64284,0.43099,0.57796,14.347,-1.6148,1.0909,14.28
0.26036,0.64187,0.43092,0.57838,14.344,-1.6289,1.0907,14.29
0.26193,0.64094,0.4308,0.57879,14.34,-1.643,1.0905,14.3
0.26186,0.64106,0.43067,0.57879,14.34,-1.643,1.0905,14.3
0.26339,0.64017,0.43049,0.57921,14.337,-1.6571,1.0903,14.31
0.26495,0.63923,0.43036,0.57964,14.333,-1.6711,1.09,14.32
0.26652,0.63834,0.43023,0.58,14.329,-1.6851,1.0898,14.33
0.26802,0.63745,0.43004,0.58042,14.324,-1.6991,1.0895,14.34
0.26959,0.63656,0.42989,0.58079,14.32,-1.713,1.0892,14.35
0.26975,0.63646,0.42996,0.58077,14.32,-1.7132,1.0893,14.35
0.27137,0.63547,0.42983,0.58119,14.315,-1.7271,1.089,14.36
0.27289,0.63451,0.42975,0.58158,14.31,-1.741,1.0887,14.37
0.27446,0.63354,0.42952,0.58207,14.305,-1.7549,1.0884,14.38
0.27605,0.63258,0.42947,0.5824,14.299,-1.7687,1.0881,14.39
0.27764,0.63168,0.4293,0.58275,14.294,-1.7825,1.0878,14.4
0.27759,0.6318,0.42923,0.5827,14.294,-1.7826,1.0878,14.4
0.27917,0.63085,0.42909,0.58308,14.288,-1.7964,1.0875,14.41
0.28074,0.62988,0.42892,0.58349,14.282,-1.8101,1.0871,14.42
0.28231,0.62894,0.4288,0.58384,14.276,-1.8237,1.0868,14.43
0.28384,0.62805,0.42865,0.58417,14.269,-1.8374,1.0864,14.44
0.28535,0.62712,0.42847,0.58456,14.263,-1.8509,1.0861,14.45
0.28542,0.62708,0.42846,0.58457,14.263,-1.8511,1.0861,14.45
0.28695,0.62617,0.42832,0.58491,14.256,-1.8647,1.0857,14.46
0.28857,0.62524,0.42804,0.58531,14.249,-1.8782,1.0853,14.47
0.2901,0.62429,0.42783,0.58573,14.241,-1.8916,1.0849,14.48
0.29169,0.62334,0.42763,0.58609,14.234,-1.905,1.0844,14.49
0.29327,0.62231,0.4275,0.58649,14.226,-1.9184,1.084,14.5
0.29322,0.62231,0.42765,0.5864,14.226,-1.9185,1.0841,14.5
0.29479,0.62138,0.42747,0.58673,14.218,-1.9318,1.0836,14.51
0.2963,0.62041,0.42734,0.58709,14.21,-1.9451,1.0832,14.52
0.29785,0.61944,0.42706,0.58753,14.202,-1.9583,1.0827,14.53
0.29938,0.61846,0.42697,0.58786,14.193,-1.9714,1.0822,14.54
0.30094,0.61751,0.42681,0.58818,14.185,-1.9845,1.0818,14.55
0.30099,0.61748,0.42681,0.58818,14.185,-1.9846,1.0818,14.55
0.30265,0.61651,0.42662,0.58848,14.176,-1.9977,1.0813,14.56
0.30422,0.61556,0.42639,0.58883,14.167,-2.0106,1.0808,14.57
0.3058,0.61457,0.42623,0.58917,14.157,-2.0236,1.0803,14.58
0.3073,0.61361,0.42606,0.58952,14.148,-2.0364,1.0798,14.59
0.3088,0.61265,0.42586,0.58987,14.138,-2.0492,1.0793,14.6
0.30874,0.6126,0.42593,0.58991,14.138,-2.0494,1.0794,14.6
0.3103,0.61156,0.42585,0.59022,14.128,-2.0621,1.0788,14.61
0.3119,0.61059,0.42569,0.5905,14.118,-2.0747,1.0783,14.62
0.31345,0.60959,0.42561,0.59076,14.108,-2.0873,1.0777,14.63
0.315,0.60862,0.42542,0.59108,14.097,-2.0999,1.0772,14.64
0.31656,0.60764,0.4252,0.59141,14.087,-2.1123,1.0766,14.65
0.31647,0.60766,0.425,0.59159,14.086,-2.1126,1.0767,14.65
0.31803,0.60661,0.42488,0.59191,14.076,-2.125,1.0761,14.66
0.31957,0.6056,0.42473,0.59223,14.064,-2.1373,1.0755,14.67
0.32112,0.60456,0.42449,0.59262,14.053,-2.1496,1.0749,14.68
0.32264,0.60365,0.42422,0.59292,14.042,-2.1618,1.0743,14.69
0.32421,0.60258,0.42413,0.59321,14.03,-2.1739,1.0736,14.7
0.32415,0.60269,0.42405,0.59319,14.03,-2.1739,1.0737,14.7
0.32558,0.60168,0.4239,0.59354,14.018,-2.186,1.0731,14.71
0.32704,0.6007,0.4238,0.59379,14.006,-2.1979,1.0724,14.72
0.32856,0.59976,0.42357,0.59408,13.994,-2.2097,1.0718,14.73
0.33005,0.59877,0.42341,0.59436,13.982,-2.2215,1.0711,14.74
0.3316,0.59776,0.4232,0.59467,13.969,-2.2332,1.0704,14.75
0.33181,0.59764,0.42306,0.59477,13.969,-2.2334,1.0705,14.75
0.33326,0.59665,0.42288,0.59508,13.956,-2.245,1.0699,14.76
0.33474,0.59557,0.42266,0.59548,13.943,-2.2566,1.0692,14.77
0.33632,0.59454,0.42247,0.59576,13.93,-2.268,1.0685,14.78
0.33778,0.59357,0.42227,0.59604,13.917,-2.2794,1.0678,14.79
0.33932,0.59253,0.42213,0.5963,13.904,-2.2907,1.0671,14.8
0.33945,0.59255,0.42203,0.59629,13.904,-2.2908,1.0672,14.8
0.34099,0.59149,0.42183,0.5966,13.89,-2.302,1.0665,14.81
0.34244,0.59046,0.42162,0.59693,13.876,-2.3131,1.0657,14.82
0.34391,0.58943,0.42143,0.59724,13.862,-2.3241,1.065,14.83
0.34543,0.58839,0.42127,0.59751,13.848,-2.3351,1.0642,14.84
0.34698,0.5874,0.421,0.59776,13.834,-2.3459,1.0635,14.85
0.34706,0.5874,0.42096,0.59776,13.834,-2.346,1.0636,14.85
0.34856,0.58636,0.42075,0.59804,13.819,-2.3568,1.0628,14.86
0.35007,0.58524,0.42055,0.5984,13.805,-2.3675,1.0621,14.87
0.3516,0.58421,0.42029,0.59869,13.79,-2.378,1.0613,14.88
0.35304,0.58322,0.42005,0.59898,13.775,-2.3885,1.0605,14.89
0.3545,0.58221,0.41983,0.59926,13.76,-2.3988,1.0597,14.9
0.35463,0.5822,0.41986,0.59917,13.76,-2.3989,1.0598,14.9
0.35605,0.58116,0.41968,0.59945,13.745,-2.4092,1.059,14.91
0.35756,0.58018,0.41942,0.5997,13.729,-2.4194,1.0582,14.92
0.35908,0.57914,0.41916,0.59997,13.714,-2.4294,1.0574,14.93
0.36059,0.57813,0.4189,0.60022,13.698,-2.4394,1.0566,14.94
0.36212,0.57704,0.41868,0.6005,13.682,-2.4492,1.0557,14.95
0.36217,0.57695,0.41872,0.60053,13.682,-2.4493,1.0558,14.95
0.36369,0.57585,0.41853,0.6008,13.666,-2.4591,1.055,14.96
0.36516,0.57482,0.41832,0.60104,13.65,-2.4687,1.0541,14.97
0.36665,0.57374,0.41808,0.60133,13.633,-2.4783,1.0533,14.98
0.36825,0.57266,0.41783,0.60156,13.617,-2.4877,1.0524,14.99
0.36973,0.57158,0.41755,0.60188,13.6,-2.497,1.0516,15
0.36968,0.57165,0.41755,0.60184,13.6,-2.4971,1.0516,15
0.3712,0.57063,0.41723,0.60209,13.583,-2.5063,1.0507,15.01
0.37278,0.56954,0.41701,0.6023,13.566,-2.5154,1.0499,15.02
0.37432,0.56841,0.41671,0.60261,13.549,-2.5244,1.049,15.03
0.37575,0.56734,0.41647,0.60291,13.532,-2.5333,1.0481,15.04
0.37724,0.56628,0.41621,0.60315,13.515,-2.5421,1.0472,15.05
0.37716,0.5663,0.41633,0.60309,13.515,-2.5422,1.0472,15.05
0.37871,0.56518,0.4161,0.60334,13.497,-2.5508,1.0463,15.06
0.38021,0.56405,0.41584,0.60362,13.48,-2.5594,1.0454,15.07
0.3817,0.56304,0.41556,0.60383,13.462,-2.5678,1.0445,15.08
0.38313,0.56193,0.41534,0.60411,13.444,-2.5761,1.0436,15.09
0.38448,0.56087,0.41508,0.60441,13.426,-2.5843,1.0427,15.1
0.3846,0.56091,0.41509,0.60429,13.426,-2.5844,1.0427,15.1
0.38604,0.55983,0.41484,0.60454,13.408,-2.5925,1.0418,15.11
0.3875,0.55873,0.41458,0.6048,13.39,-2.6005,1.0408,15.12
0.38898,0.55761,0.41432,0.60507,13.371,-2.6083,1.0399,15.13
0.39039,0.5565,0.41409,0.60534,13.353,-2.616,1.039,15.14
0.39198,0.55536,0.41375,0.60559,13.334,-2.6236,1.038,15.15
0.39201,0.55546,0.41381,0.60544,13.334,-2.6237,1.038,15.15
0.3935,0.55441,0.4135,0.60564,13.315,-2.6312,1.0371,15.16
0.39501,0.55327,0.4132,0.6059,13.297,-2.6385,1.0361,15.17
0.39655,0.55217,0.41287,0.60613,13.278,-2.6458,1.0351,15.18
0.39797,0.55113,0.4126,0.60633,13.259,-2.6529,1.0342,15.19
0.3994,0.55001,0.41228,0.60662,13.24,-2.6599,1.0332,15.2
0.39939,0.54996,0.41249,0.60654,13.239,-2.6599,1.0332,15.2
0.40084,0.54886,0.41226,0.60673,13.22,-2.6668,1.0322,15.21
0.40236,0.54774,0.412,0.60691,13.201,-2.6735,1.0313,15.22
0.40384,0.54665,0.41173,0.6071,13.181,-2.6801,1.0303,15.23
0.40521,0.54558,0.4114,0.60736,13.162,-2.6866,1.0293,15.24
0.40676,0.54448,0.41105,0.60756,13.142,-2.693,1.0283,15.25
0.40673,0.54441,0.41114,0.60758,13.142,-2.693,1.0283,15.25
0.40819,0.54326,0.41081,0.60785,13.122,-2.6992,1.0273,15.26
0.40973,0.54212,0.41053,0.60802,13.102,-2.7053,1.0263,15.27
0.41121,0.54099,0.41022,0.60824,13.082,-2.7113,1.0253,15.28
0.41267,0.53988,0.40995,0.60842,13.062,-2.7171,1.0243,15.29
0.41413,0.53875,0.40968,0.60861,13.042,-2.7229,1.0232,15.3
0.41403,0.53882,0.40975,0.60857,13.042,-2.7228,1.0233,15.3
0.41541,0.5377,0.4095,0.60879,13.022,-2.7284,1.0223,15.31
0.41679,0.53658,0.40924,0.60901,13.002,-2.7339,1.0212,15.32
0.41834,0.53545,0.40894,0.60914,12.981,-2.7392,1.0202,15.33
0.41988,0.53437,0.40858,0.60927,12.961,-2.7444,1.0191,15.34
0.42134,0.53325,0.40828,0.60945,12.94,-2.7494,1.0181,15.35
0.4213,0.53318,0.40832,0.60951,12.94,-2.7494,1.0182,15.35
0.4227,0.53203,0.40812,0.60967,12.919,-2.7543,1.0171,15.36
0.42413,0.53094,0.40783,0.60983,12.899,-2.7591,1.0161,15.37
0.42561,0.52977,0.40747,0.61005,12.878,-2.7638,1.015,15.38
0.42703,0.5286,0.40723,0.61024,12.857,-2.7683,1.0139,15.39
0.42838,0.5275,0.40699,0.61041,12.836,-2.7727,1.0129,15.4
0.42853,0.52749,0.40686,0.61039,12.836,-2.7727,1.013,15.4
0.42993,0.52638,0.40652,0.6106,12.815,-2.7769,1.0119,15.41
0.43136,0.52524,0.40615,0.61081,12.794,-2.781,1.0109,15.42
0.43277,0.52414,0.40582,0.61098,12.773,-2.785,1.0098,15.43
0.43418,0.52295,0.40557,0.61117,12.752,-2.7889,1.0087,15.44
0.43563,0.52175,0.40528,0.61135,12.731,-2.7926,1.0076,15.45
0.43572,0.52176,0.40536,0.61123,12.73,-2.7925,1.0077,15.45
0.43719,0.52061,0.40508,0.61135,12.709,-2.7961,1.0067,15.46
0.43871,0.51942,0.40483,0.61143,12.688,-2.7995,1.0056,15.47
0.44018,0.5182,0.40448,0.61164,12.667,-2.8028,1.0045,15.48
0.44171,0.51703,0.40406,0.61181,12.645,-2.806,1.0034,15.49
0.44305,0.51593,0.40372,0.61199,12.624,-2.809,1.0023,15.5
0.44287,0.51598,0.40383,0.612,12.623,-2.8089,1.0024,15.5
0.44433,0.51479,0.40355,0.61213,12.602,-2.8118,1.0013,15.51
0.44574,0.51362,0.40323,0.6123,12.58,-2.8145,1.0002,15.52
0.44715,0.5125,0.40287,0.61245,12.559,-2.8171,0.99914,15.53
0.44856,0.51132,0.40259,0.61259,12.537,-2.8195,0.99804,15.54
0.45001,0.51015,0.40228,0.61271,12.516,-2.8219,0.99694,15.55
0.44999,0.51015,0.40227,0.61272,12.515,-2.8218,0.99708,15.55
0.45134,0.50903,0.40194,0.61288,12.493,-2.8239,0.99598,15.56
0.45273,0.50779,0.40169,0.61305,12.472,-2.8259,0.99488,15.57
0.45417,0.5066,0.40142,0.61314,12.45,-2.8278,0.99377,15.58
0.4555,0.50551,0.40113,0.61325,12.428,-2.8295,0.99267,15.59
0.45695,0.50434,0.40086,0.61331,12.406,-2.8311,0.99156,15.6
0.45706,0.50429,0.40068,0.61339,12.406,-2.8311,0.99168,15.6
0.45843,0.50316,0.40031,0.61353,12.384,-2.8325,0.99058,15.61
0.45988,0.50196,0.40006,0.61359,12.362,-2.8338,0.98947,15.62
0.46127,0.50081,0.39972,0.61371,12.341,-2.835,0.98836,15.63
0.46268,0.49956,0.39946,0.61384,12.319,-2.836,0.98725,15.64
0.46407,0.49841,0.3991,0.61395,12.297,-2.8369,0.98613,15.65
0.4641,0.49838,0.39904,0.614,12.296,-2.8369,0.98627,15.65
0.46546,0.4972,0.39879,0.61409,12.275,-2.8376,0.98516,15.66
0.4669,0.49606,0.39844,0.61415,12.253,-2.8382,0.98405,15.67
0.46836,0.49497,0.39803,0.61418,12.231,-2.8386,0.98293,15.68
0.46979,0.49377,0.39776,0.61423,12.209,-2.8389,0.98182,15.69
0.47128,0.49255,0.39745,0.61427,12.187,-2.8391,0.98071,15.7
0.4711,0.49241,0.39737,0.61457,12.186,-2.8392,0.98082,15.7
0.47251,0.49123,0.39709,0.61462,12.165,-2.8392,0.97971,15.71
0.47396,0.48999,0.39677,0.61469,12.143,-2.8391,0.9786,15.72
0.47534,0.48876,0.39641,0.61484,12.121,-2.8389,0.97749,15.73
0.47678,0.48754,0.39598,0.61497,12.099,-2.8385,0.97638,15.74
0.47814,0.48638,0.39569,0.61502,12.077,-2.838,0.97527,15.75
0.47805,0.48642,0.39567,0.61507,12.076,-2.8379,0.97537,15.75
0.47945,0.48522,0.39533,0.61515,12.055,-2.8372,0.97426,15.76
0.48081,0.48397,0.395,0.61528,12.033,-2.8363,0.97315,15.77
0.48214,0.48278,0.39464,0.61541,12.011,-2.8354,0.97205,15.78
0.48352,0.48161,0.39424,0.6155,11.989,-2.8342,0.97094,15.79
0.48484,0.4804,0.39389,0.61563,11.967,-2.833,0.96984,15.8
0.48495,0.48038,0.39393,0.61553,11.967,-2.833,0.96996,15.8
0.48634,0.47918,0.3935,0.61565,11.945,-2.8316,0.96886,15.81
0.48775,0.47801,0.39315,0.61566,11.923,-2.8301,0.96776,15.82
0.48908,0.47677,0.39284,0.61577,11.901,-2.8284,0.96666,15.83
0.4905,0.47547,0.3925,0.61586,11.88,-2.8266,0.96557,15.84
0.49189,0.47416,0.39217,0.61597,11.858,-2.8246,0.96447,15.85
0.49182,0.4743,0.39216,0.61592,11.857,-2.8246,0.96458,15.85
0.49317,0.47311,0.39181,0.61598,11.836,-2.8225,0.96349,15.86
0.49464,0.47186,0.39146,0.61599,11.814,-2.8202,0.9624,15.87
0.49603,0.4706,0.39112,0.61605,11.792,-2.8178,0.96131,15.88
0.49736,0.4694,0.39075,0.61613,11.771,-2.8153,0.96022,15.89
0.49864,0.46819,0.39036,0.61626,11.749,-2.8126,0.95913,15.9
0.49865,0.46818,0.39036,0.61626,11.749,-2.8126,0.95923,15.9
0.50005,0.46688,0.38997,0.61635,11.727,-2.8098,0.95815,15.91
0.50137,0.46571,0.38962,0.61638,11.706,-2.8069,0.95707,15.92
0.50277,0.46444,0.38927,0.61643,11.685,-2.8038,0.95599,15.93
0.50401,0.46332,0.38891,0.6165,11.663,-2.8005,0.95492,15.94
0.50534,0.46213,0.38848,0.61656,11.642,-2.7972,0.95385,15.95
0.50543,0.46201,0.38852,0.61656,11.642,-2.7972,0.95398,15.95
0.50682,0.46077,0.38805,0.61664,11.62,-2.7937,0.95291,15.96
0.50819,0.45949,0.38775,0.61665,11.599,-2.7901,0.95185,15.97
0.50951,0.45831,0.3874,0.61667,11.578,-2.7863,0.95079,15.98
0.51089,0.45708,0.38699,0.61669,11.557,-2.7823,0.94973,15.99
0.51218,0.45585,0.38664,0.61676,11.536,-2.7783,0.94868,16
0.51217,0.4558,0.38665,0.61679,11.535,-2.7783,0.94878,16
0.51346,0.4546,0.38621,0.61688,11.515,-2.7741,0.94773,16.01
0.51481,0.45333,0.38582,0.61693,11.494,-2.7698,0.94668,16.02
0.51617,0.4521,0.38538,0.61697,11.473,-2.7653,0.94564,16.03
0.51744,0.45089,0.38508,0.61699,11.452,-2.7607,0.9446,16.04
0.51875,0.44965,0.38467,0.61704,11.431,-2.7559,0.94357,16.05
0.51886,0.44955,0.38474,0.61698,11.431,-2.756,0.94368,16.05
0.52016,0.44835,0.38436,0.617,11.41,-2.7511,0.94266,16.06
0.52147,0.44712,0.38397,0.61703,11.39,-2.7461,0.94163,16.07
0.52283,0.44584,0.38357,0.61704,11.369,-2.741,0.94061,16.08
0.52423,0.44457,0.38312,0.61706,11.349,-2.7357,0.93959,16.09
0.5255,0.44331,0.38266,0.61717,11.329,-2.7303,0.93858,16.1
0.52551,0.44327,0.3828,0.61711,11.328,-2.7303,0.93866,16.1
0.52681,0.44197,0.38236,0.6172,11.308,-2.7247,0.93765,16.11
0.52811,0.44075,0.38207,0.61714,11.288,-2.7191,0.93664,16.12
0.52944,0.43947,0.38166,0.61717,11.268,-2.7133,0.93564,16.13
0.53073,0.43823,0.38136,0.61713,11.248,-2.7073,0.93464,16.14
0.53206,0.43695,0.38107,0.61707,11.228,-2.7013,0.93365,16.15
0.53211,0.43695,0.38083,0.61718,11.228,-2.7013,0.93377,16.15
0.53344,0.43567,0.38045,0.61717,11.208,-2.6951,0.93279,16.16
0.53474,0.43438,0.38011,0.61715,11.188,-2.6887,0.9318,16.17
0.53603,0.43322,0.3796,0.61717,11.169,-2.6823,0.93083,16.18
0.53734,0.43197,0.37919,0.61715,11.149,-2.6757,0.92986,16.19
0.53863,0.43063,0.37877,0.61723,11.13,-2.669,0.92889,16.2
0.53867,0.43058,0.37882,0.6172,11.13,-2.669,0.92897,16.2
0.53999,0.42925,0.37838,0.61724,11.11,-2.6622,0.92801,16.21
0.5413,0.42806,0.37796,0.61718,11.091,-2.6553,0.92706,16.22
0.54261,0.42683,0.37757,0.61711,11.072,-2.6482,0.92611,16.23
0.54387,0.42556,0.37712,0.61716,11.053,-2.641,0.92517,16.24
0.54517,0.42429,0.37674,0.61712,11.034,-2.6337,0.92423,16.25
0.54517,0.42419,0.37678,0.61716,11.034,-2.6336,0.92431,16.25
0.54642,0.42299,0.37635,0.61714,11.015,-2.6262,0.92338,16.26
0.54765,0.42169,0.37588,0.61722,10.997,-2.6186,0.92246,16.27
0.549,0.42044,0.37536,0.6172,10.978,-2.611,0.92155,16.28
0.55026,0.41917,0.37489,0.61722,10.96,-2.6031,0.92064,16.29
0.55152,0.41786,0.37457,0.61719,10.942,-2.5952,0.91974,16.3
0.55163,0.41775,0.37471,0.61707,10.941,-2.5952,0.91977,16.3
0.55294,0.4164,0.37432,0.61705,10.923,-2.5872,0.91888,16.31
0.5542,0.41512,0.37389,0.61704,10.905,-2.579,0.918,16.32
0.55547,0.41386,0.37344,0.61702,10.887,-2.5707,0.91712,16.33
0.55673,0.41257,0.37305,0.61699,10.869,-2.5623,0.91624,16.34
0.55798,0.41126,0.37264,0.61698,10.852,-2.5538,0.91538,16.35
0.55804,0.41128,0.3726,0.61693,10.851,-2.5538,0.9154,16.35
0.55933,0.41001,0.37219,0.61686,10.834,-2.5451,0.91455,16.36
0.56063,0.40868,0.37177,0.61682,10.817,-2.5364,0.9137,16.37
0.56196,0.40735,0.37129,0.61677,10.799,-2.5275,0.91285,16.38
0.56321,0.40603,0.37089,0.61675,10.782,-2.5186,0.91202,16.39
0.56447,0.40471,0.37042,0.61675,10.765,-2.5095,0.91119,16.4
0.56441,0.40478,0.37047,0.61673,10.765,-2.5095,0.91121,16.4
0.56565,0.40345,0.37005,0.61671,10.748,-2.5003,0.91039,16.41
0.56686,0.40208,0.36965,0.61673,10.732,-2.491,0.90957,16.42
0.56808,0.40081,0.36917,0.61673,10.715,-2.4816,0.90877,16.43
0.56938,0.39948,0.36874,0.61665,10.699,-2.4721,0.90798,16.44
0.57064,0.39821,0.36832,0.61656,10.683,-2.4624,0.90719,16.45
0.57072,0.39824,0.3683,0.61648,10.682,-2.4624,0.90717,16.45
0.57189,0.39693,0.36785,0.6165,10.666,-2.4527,0.90639,16.46
0.57311,0.39563,0.36739,0.61647,10.65,-2.4428,0.90561,16.47
0.57436,0.39439,0.36692,0.61639,10.634,-2.4329,0.90484,16.48
0.57563,0.39312,0.36641,0.61632,10.619,-2.4229,0.90408,16.49
0.57689,0.39179,0.36597,0.61625,10.603,-2.4127,0.90333,16.5
0.57698,0.39166,0.3661,0.61617,10.603,-2.4127,0.90334,16.5
0.57826,0.39035,0.3656,0.6161,10.588,-2.4025,0.90259,16.51
0.57957,0.38901,0.36517,0.61597,10.573,-2.3921,0.90186,16.52
0.58082,0.38773,0.36467,0.61589,10.558,-2.3817,0.90113,16.53
0.58205,0.38643,0.36421,0.61582,10.543,-2.3712,0.90042,16.54
0.58325,0.38511,0.36373,0.61579,10.528,-2.3606,0.89971,16.55
0.58319,0.38506,0.36386,0.61581,10.528,-2.3605,0.89974,16.55
0.58443,0.38367,0.36345,0.61575,10.513,-2.3497,0.89904,16.56
0.58567,0.38241,0.36293,0.61566,10.499,-2.3389,0.89835,16.57
0.58685,0.38118,0.36245,0.61558,10.485,-2.328,0.89766,16.58
0.5881,0.37993,0.362,0.61542,10.471,-2.317,0.89699,16.59
0.58933,0.37858,0.36157,0.61533,10.457,-2.3059,0.89633,16.6
0.58936,0.37842,0.3616,0.61539,10.457,-2.3058,0.89636,16.6
0.59056,0.37708,0.36118,0.6153,10.443,-2.2947,0.8957,16.61
0.59175,0.37574,0.36073,0.61524,10.429,-2.2834,0.89505,16.62
0.59298,0.37446,0.36027,0.61511,10.416,-2.272,0.89441,16.63
0.59418,0.37314,0.35983,0.61501,10.403,-2.2606,0.89378,16.64
0.5954,0.37176,0.35937,0.61494,10.39,-2.2491,0.89317,16.65
0.59547,0.37174,0.35931,0.61492,10.39,-2.249,0.89322,16.65
0.59665,0.37041,0.35885,0.61484,10.377,-2.2374,0.89261,16.66
0.59789,0.369,0.35832,0.61479,10.364,-2.2257,0.89201,16.67
0.59911,0.36771,0.3578,0.61468,10.352,-2.2139,0.89141,16.68
0.60029,0.36641,0.35733,0.61458,10.34,-2.2021,0.89083,16.69
0.60152,0.365,0.35691,0.61446,10.328,-2.1901,0.89026,16.7
0.60153,0.36503,0.35698,0.6144,10.327,-2.19,0.89029,16.7
0.60272,0.36374,0.35648,0.61429,10.315,-2.178,0.88973,16.71
0.60393,0.36236,0.35596,0.61421,10.304,-2.166,0.88918,16.72
0.60508,0.36098,0.35546,0.61418,10.292,-2.1538,0.88863,16.73
0.60625,0.35959,0.35499,0.61412,10.281,-2.1416,0.88809,16.74
0.6075,0.35816,0.35446,0.61402,10.27,-2.1293,0.88757,16.75
0.60754,0.35829,0.35462,0.61382,10.27,-2.1291,0.88761,16.75
0.60867,0.35698,0.35422,0.61368,10.259,-2.1168,0.8871,16.76
0.60984,0.3556,0.35376,0.6136,10.248,-2.1043,0.88659,16.77
0.61104,0.35425,0.35322,0.61349,10.237,-2.0918,0.88609,16.78
0.61231,0.35293,0.35273,0.61328,10.227,-2.0792,0.88561,16.79
0.61348,0.35145,0.35229,0.6132,10.217,-2.0666,0.88513,16.8
0.61349,0.35153,0.35223,0.61318,10.216,-2.0664,0.88519,16.8
0.61467,0.35019,0.35177,0.61303,10.206,-2.0537,0.88472,16.81
0.61586,0.34889,0.35124,0.61289,10.197,-2.0409,0.88426,16.82
0.61704,0.34752,0.35083,0.6127,10.187,-2.0281,0.88381,16.83
0.6182,0.34615,0.3504,0.61256,10.178,-2.0151,0.88337,16.84
0.61941,0.34472,0.34985,0.61245,10.168,-2.0022,0.88294,16.85
0.61939,0.34473,0.34981,0.6125,10.168,-2.0021,0.88302,16.85
0.62053,0.34344,0.34929,0.61237,10.159,-1.9891,0.8826,16.86
0.62171,0.3421,0.34884,0.61217,10.15,-1.976,0.8822,16.87
0.62289,0.34073,0.34829,0.61205,10.142,-1.9628,0.8818,16.88
0.6241,0.33936,0.34777,0.61187,10.133,-1.9496,0.88141,16.89
0.62523,0.33802,0.3473,0.61173,10.125,-1.9364,0.88104,16.9
0.62524,0.3379,0.34736,0.61175,10.125,-1.9363,0.88107,16.9
0.62645,0.33646,0.34686,0.61159,10.117,-1.923,0.8807,16.91
0.62757,0.33504,0.3464,0.61148,10.109,-1.9096,0.88035,16.92
0.62877,0.33365,0.34591,0.61129,10.102,-1.8962,0.88,16.93
0.62994,0.33224,0.34543,0.61111,10.094,-1.8827,0.87967,16.94
0.63107,0.33087,0.34486,0.61102,10.087,-1.8692,0.87934,16.95
0.63103,0.33104,0.34488,0.61096,10.087,-1.8692,0.87939,16.95
0.63222,0.3297,0.34432,0.61077,10.08,-1.8556,0.87907,16.96
0.63338,0.32833,0.34376,0.61062,10.073,-1.842,0.87878,16.97
0.63444,0.32701,0.3433,0.61049,10.067,-1.8283,0.87849,16.98
0.63561,0.3256,0.34282,0.61029,10.06,-1.8147,0.87821,16.99
0.63671,0.3242,0.34238,0.61014,10.054,-1.8009,0.87795,17
0.63677,0.32416,0.34236,0.61011,10.054,-1.8009,0.87797,17
0.63789,0.32277,0.34182,0.60998,10.048,-1.7871,0.87771,17.01
0.63905,0.32136,0.34135,0.60978,10.043,-1.7733,0.87747,17.02
0.64024,0.32,0.34085,0.60953,10.037,-1.7595,0.87723,17.03
0.64143,0.31857,0.34028,0.60933,10.032,-1.7456,0.87701,17.04
0.64263,0.31713,0.33974,0.60912,10.027,-1.7317,0.87679,17.05
0.64245,0.31724,0.33982,0.60921,10.027,-1.7317,0.87681,17.05
0.64351,0.31579,0.33925,0.60916,10.022,-1.7177,0.87661,17.06
0.64466,0.31443,0.3387,0.60896,10.017,-1.7037,0.87641,17.07
0.64578,0.31302,0.33806,0.60885,10.013,-1.6897,0.87623,17.08
0.64686,0.31164,0.33759,0.60868,10.008,-1.6757,0.87606,17.09
0.64791,0.31025,0.33716,0.60851,10.005,-1.6616,0.8759,17.1
0.64807,0.3103,0.33724,0.60826,10.004,-1.6617,0.87594,17.1
0.64924,0.30895,0.33671,0.608,10.001,-1.6476,0.87579,17.11
0.65039,0.30756,0.33623,0.60774,9.9971,-1.6335,0.87565,17.12
0.65143,0.30621,0.33574,0.60758,9.9937,-1.6193,0.87552,17.13
0.65251,0.3049,0.33527,0.60734,9.9906,-1.6052,0.8754,17.14
0.65369,0.30346,0.33477,0.60707,9.9877,-1.591,0.8753,17.15
0.65365,0.30333,0.33464,0.60725,9.9876,-1.591,0.87534,17.15
0.65476,0.30192,0.33411,0.60704,9.9849,-1.5768,0.87525,17.16
0.6559,0.30052,0.33363,0.60678,9.9824,-1.5626,0.87516,17.17
0.657,0.2991,0.33303,0.60661,9.9802,-1.5484,0.87509,17.18
0.65814,0.29769,0.33251,0.60637,9.9781,-1.5342,0.87503,17.19
0.65922,0.29625,0.33198,0.60618,9.9763,-1.5199,0.87498,17.2
0.65916,0.29634,0.33201,0.60619,9.9762,-1.5199,0.87503,17.2
0.66033,0.29496,0.33137,0.60593,9.9746,-1.5057,0.87499,17.21
0.66136,0.29359,0.33084,0.60576,9.9732,-1.4914,0.87496,17.22
0.66239,0.29227,0.33027,0.60559,9.9721,-1.4771,0.87494,17.23
0.66344,0.29092,0.32977,0.60536,9.9712,-1.4628,0.87494,17.24
0.66449,0.28962,0.32924,0.60513,9.9704,-1.4485,0.87494,17.25
0.66461,0.28931,0.32935,0.60508,9.9704,-1.4486,0.875,17.25
0.66571,0.28796,0.32884,0.60479,9.9699,-1.4343,0.87501,17.26
0.66684,0.28651,0.32824,0.60456,9.9696,-1.42,0.87504,17.27
0.66789,0.2852,0.32772,0.60431,9.9695,-1.4057,0.87508,17.28
0.66901,0.28381,0.3272,0.604,9.9697,-1.3914,0.87512,17.29
0.67013,0.28233,0.32659,0.60378,9.9701,-1.3771,0.87519,17.3
0.67001,0.28227,0.32666,0.60391,9.97,-1.3771,0.87518,17.3
0.6711,0.28089,0.32609,0.60365,9.9706,-1.3628,0.87526,17.31
0.67215,0.27952,0.32554,0.60341,9.9714,-1.3485,0.87534,17.32
0.6732,0.27814,0.32499,0.60318,9.9724,-1.3342,0.87544,17.33
0.67423,0.27669,0.32446,0.60297,9.9737,-1.3199,0.87554,17.34
0.67528,0.27526,0.32386,0.60278,9.9752,-1.3057,0.87566,17.35
0.67535,0.27519,0.32393,0.60269,9.9751,-1.3058,0.87571,17.35
0.67639,0.27378,0.32336,0.60247,9.9768,-1.2915,0.87584,17.36
0.67748,0.27235,0.32279,0.6022,9.9787,-1.2773,0.87598,17.37
0.67853,0.27092,0.32224,0.60197,9.9808,-1.263,0.87613,17.38
0.67961,0.26955,0.3216,0.60171,9.9832,-1.2488,0.8763,17.39
0.68065,0.26814,0.32109,0.60143,9.9858,-1.2347,0.87647,17.4
0.68063,0.2681,0.32118,0.60142,9.9857,-1.2346,0.87645,17.4
0.68159,0.26665,0.32071,0.60123,9.9885,-1.2204,0.87664,17.41
0.68268,0.26512,0.32008,0.601,9.9915,-1.2063,0.87683,17.42
0.68375,0.2637,0.31947,0.60073,9.9947,-1.1921,0.87704,17.43
0.68479,0.26229,0.31882,0.60051,9.9981,-1.178,0.87726,17.44
0.68584,0.2608,0.31832,0.60024,10.002,-1.1639,0.87748,17.45
0.68585,0.26099,0.3184,0.60009,10.002,-1.1639,0.87749,17.45
0.68692,0.25957,0.3179,0.59976,10.006,-1.1499,0.87773,17.46
0.68795,0.25819,0.31736,0.59945,10.01,-1.1358,0.87798,17.47
0.68898,0.25681,0.3168,0.59917,10.014,-1.1218,0.87824,17.48
0.69008,0.2554,0.31616,0.59883,10.018,-1.1078,0.87851,17.49
0.69115,0.25395,0.3156,0.59852,10.023,-1.0939,0.87879,17.5
0.69101,0.25385,0.3156,0.59871,10.023,-1.0938,0.87876,17.5
0.69205,0.2524,0.31505,0.59842,10.028,-1.0799,0.87906,17.51
0.69306,0.25098,0.31443,0.59817,10.033,-1.066,0.87936,17.52
0.6941,0.24951,0.31386,0.59788,10.039,-1.0521,0.87967,17.53
0.69505,0.24805,0.31328,0.59769,10.044,-1.0383,0.88,17.54
0.69614,0.24663,0.31269,0.59732,10.05,-1.0245,0.88033,17.55
0.69612,0.24669,0.31276,0.59728,10.05,-1.0245,0.8803,17.55
0.69706,0.24525,0.31223,0.59706,10.056,-1.0108,0.88065,17.56
0.69805,0.24377,0.31163,0.59681,10.062,-0.99705,0.881,17.57
0.69905,0.24228,0.31103,0.59657,10.069,-0.98338,0.88137,17.58
0.70002,0.24078,0.31052,0.59629,10.075,-0.96976,0.88175,17.59
0.70101,0.23936,0.30996,0.596,10.082,-0.95618,0.88214,17.6
0.70116,0.23951,0.3099,0.5958,10.082,-0.95618,0.88209,17.6
0.70217,0.23806,0.30933,0.59549,10.089,-0.94264,0.88249,17.61
0.7032,0.23662,0.3087,0.59517,10.096,-0.92915,0.8829,17.62
0.7042,0.23524,0.3081,0.59484,10.104,-0.91571,0.88332,17.63
0.70517,0.23385,0.3076,0.59451,10.112,-0.90232,0.88375,17.64
0.70618,0.2324,0.30695,0.59421,10.119,-0.88898,0.8842,17.65
0.70614,0.23231,0.30701,0.59426,10.119,-0.88893,0.88413,17.65
0.70714,0.23086,0.30647,0.59391,10.128,-0.87563,0.88458,17.66
0.70817,0.22937,0.30585,0.59359,10.136,-0.86239,0.88505,17.67
0.70915,0.22784,0.30524,0.59332,10.144,-0.8492,0.88552,17.68
0.71009,0.22644,0.30467,0.59302,10.153,-0.83607,0.886,17.69
0.71112,0.22494,0.30416,0.59262,10.162,-0.823,0.8865,17.7
0.71105,0.22509,0.3041,0.59267,10.162,-0.82295,0.88642,17.7
0.71206,0.22357,0.30355,0.59231,10.171,-0.80993,0.88692,17.71
0.71308,0.22208,0.30296,0.59196,10.18,-0.79697,0.88743,17.72
0.71403,0.22064,0.30239,0.59164,10.19,-0.78407,0.88795,17.73
0.715,0.21917,0.30167,0.59138,10.199,-0.77123,0.88848,17.74
0.71597,0.21767,0.30105,0.59108,10.209,-0.75846,0.88902,17.75
0.71591,0.21784,0.30115,0.59104,10.209,-0.75847,0.88897,17.75
0.71688,0.21647,0.30051,0.59069,10.219,-0.74576,0.88952,17.76
0.71787,0.21503,0.29992,0.59031,10.23,-0.73312,0.89008,17.77
0.71881,0.21351,0.2994,0.58999,10.24,-0.72056,0.89065,17.78
0.71975,0.21204,0.29873,0.58972,10.251,-0.70806,0.89122,17.79
0.72066,0.21063,0.29817,0.58938,10.262,-0.69564,0.89181,17.8
0.72071,0.21058,0.29818,0.58935,10.262,-0.6956,0.89182,17.8
0.72169,0.20918,0.29761,0.58892,10.273,-0.68324,0.89242,17.81
0.72266,0.20772,0.29706,0.58853,10.284,-0.67095,0.89303,17.82
0.72359,0.20632,0.29645,0.5882,10.295,-0.65874,0.89364,17.83
0.72452,0.2049,0.29587,0.58784,10.307,-0.6466,0.89427,17.84
0.7255,0.2035,0.29532,0.58739,10.319,-0.63455,0.89491,17.85
0.72544,0.2033,0.29518,0.5876,10.319,-0.63448,0.89484,17.85
0.72642,0.2018,0.29462,0.58718,10.331,-0.62249,0.89549,17.86
0.72734,0.20045,0.29399,0.58682,10.343,-0.61058,0.89614,17.87
0.72829,0.1989,0.29347,0.58643,10.355,-0.59876,0.89681,17.88
0.72925,0.19743,0.29283,0.58606,10.368,-0.58701,0.89748,17.89
0.73021,0.19595,0.29223,0.58566,10.381,-0.57535,0.89816,17.9
0.7301,0.19601,0.29216,0.58581,10.381,-0.5753,0.8981,17.9
0.73101,0.19452,0.29151,0.58551,10.394,-0.56371,0.89878,17.91
0.73195,0.19306,0.2909,0.58511,10.407,-0.5522,0.89948,17.92
0.73285,0.19158,0.29029,0.58477,10.42,-0.54079,0.90018,17.93
0.73382,0.19019,0.28957,0.58437,10.433,-0.52947,0.90089,17.94
0.73476,0.18877,0.2889,0.58397,10.447,-0.51823,0.90161,17.95
0.73471,0.18869,0.28911,0.58397,10.447,-0.51822,0.9016,17.95
0.73565,0.18724,0.28845,0.58357,10.461,-0.50707,0.90233,17.96
0.73654,0.18571,0.28784,0.58323,10.475,-0.49602,0.90307,17.97
0.73745,0.18416,0.28724,0.58288,10.489,-0.48506,0.90381,17.98
0.7384,0.18261,0.28662,0.58246,10.503,-0.47419,0.90457,17.99
0.7393,0.1811,0.286,0.58211,10.517,-0.46342,0.90534,18
0.73925,0.18136,0.28604,0.58207,10.517,-0.46335,0.90528,18
0.74021,0.17993,0.28543,0.58159,10.532,-0.45266,0.90605,18.01
0.74116,0.17842,0.28474,0.58118,10.547,-0.44207,0.90684,18.02
0.74202,0.17701,0.28413,0.58082,10.562,-0.43157,0.90763,18.03
0.74294,0.17552,0.28352,0.58039,10.577,-0.42117,0.90842,18.04
0.74387,0.17402,0.28287,0.57997,10.592,-0.41088,0.90923,18.05
0.74372,0.17402,0.28294,0.58012,10.592,-0.41085,0.90917,18.05
0.74458,0.17262,0.28235,0.57972,10.607,-0.40064,0.90998,18.06
0.74549,0.17107,0.28171,0.57933,10.623,-0.39054,0.9108,18.07
0.74641,0.16961,0.28106,0.57889,10.639,-0.38055,0.91163,18.08
0.74731,0.16818,0.28039,0.57847,10.655,-0.37065,0.91246,18.09
0.74819,0.16664,0.27967,0.57813,10.67,-0.36087,0.91331,18.1
0.74813,0.16665,0.2798,0.57813,10.671,-0.36095,0.91327,18.1
0.74898,0.16523,0.2792,0.57773,10.687,-0.35128,0.91412,18.11
0.74985,0.16374,0.27867,0.57728,10.703,-0.34172,0.91498,18.12
0.75066,0.1622,0.27819,0.57689,10.72,-0.33227,0.91584,18.13
0.7515,0.16072,0.27761,0.57649,10.736,-0.32292,0.91671,18.14
0.75231,0.15938,0.27698,0.57612,10.753,-0.31369,0.91758,18.15
0.75248,0.15928,0.27665,0.57608,10.753,-0.3136,0.9175,18.15
0.75337,0.15783,0.27599,0.57563,10.77,-0.30445,0.91839,18.16
0.75425,0.1563,0.27532,0.57522,10.787,-0.29542,0.91928,18.17
0.75511,0.15481,0.27469,0.5748,10.804,-0.28649,0.92017,18.18
0.75595,0.15333,0.27404,0.57439,10.821,-0.27769,0.92107,18.19
0.75675,0.15199,0.2734,0.57401,10.839,-0.26899,0.92198,18.2
0.75676,0.15189,0.27347,0.57399,10.839,-0.26908,0.92193,18.2
0.75756,0.15047,0.27287,0.57359,10.856,-0.2605,0.92285,18.21
0.75837,0.14902,0.27225,0.57318,10.874,-0.25205,0.92377,18.22
0.75923,0.14747,0.2716,0.57276,10.892,-0.24371,0.92469,18.23
0.76006,0.14596,0.27094,0.57236,10.91,-0.23548,0.92562,18.24
0.76093,0.14444,0.27027,0.57191,10.928,-0.22738,0.92656,18.25
0.76097,0.1445,0.27027,0.57184,10.928,-0.22734,0.92646,18.25
0.76181,0.14297,0.26962,0.57141,10.946,-0.21933,0.9274,18.26
0.76262,0.14142,0.26894,0.57104,10.965,-0.21144,0.92835,18.27
0.76343,0.13987,0.26835,0.57062,10.983,-0.20367,0.9293,18.28
0.76423,0.1384,0.26763,0.57024,11.002,-0.19603,0.93026,18.29
0.76506,0.1369,0.26703,0.56977,11.02,-0.1885,0.93122,18.3
0.76512,0.13708,0.26705,0.56964,11.02,-0.18853,0.93117,18.3
0.76595,0.13557,0.26633,0.56922,11.039,-0.18112,0.93213,18.31
0.76683,0.13411,0.26568,0.56868,11.058,-0.17384,0.93311,18.32
0.7676,0.13267,0.265,0.56829,11.077,-0.16668,0.93409,18.33
0.76843,0.13113,0.26434,0.56784,11.096,-0.15964,0.93507,18.34
0.76923,0.12963,0.26372,0.56738,11.115,-0.15274,0.93606,18.35
0.7692,0.12965,0.2638,0.56739,11.116,-0.1528,0.93602,18.35
0.77002,0.12812,0.26304,0.56698,11.135,-0.14602,0.93701,18.36
0.77078,0.12655,0.26245,0.56658,11.154,-0.13936,0.93801,18.37
0.77153,0.12498,0.26182,0.56619,11.174,-0.13284,0.93902,18.38
0.77236,0.1235,0.26115,0.56569,11.193,-0.12644,0.94003,18.39
0.77318,0.12205,0.26046,0.5652,11.213,-0.12017,0.94104,18.4
0.77321,0.12221,0.26053,0.5651,11.213,-0.12023,0.94098,18.4
0.77396,0.12073,0.25991,0.56468,11.233,-0.11408,0.942,18.41
0.77475,0.11922,0.25923,0.56422,11.253,-0.10807,0.94302,18.42
0.77562,0.11774,0.25856,0.56365,11.273,-0.10218,0.94405,18.43
0.77641,0.11632,0.25794,0.56314,11.293,-0.096426,0.94509,18.44
0.77722,0.11476,0.25725,0.56265,11.313,-0.090802,0.94613,18.45
0.77716,0.11476,0.25723,0.56275,11.314,-0.090877,0.94607,18.45
0.778,0.11328,0.25655,0.5622,11.334,-0.085381,0.94711,18.46
0.77879,0.11168,0.25591,0.56172,11.354,-0.08002,0.94816,18.47
0.77962,0.11017,0.2553,0.56113,11.375,-0.074792,0.94921,18.48
0.78037,0.10867,0.25473,0.56064,11.395,-0.069698,0.95026,18.49
0.78117,0.10715,0.25401,0.56016,11.416,-0.064739,0.95132,18.5
0.78103,0.10729,0.25391,0.56036,11.416,-0.06491,0.95127,18.5
0.7818,0.10587,0.2532,0.55989,11.437,-0.060098,0.95233,18.51
0.78258,0.10439,0.25256,0.55936,11.457,-0.055421,0.9534,18.52
0.78339,0.10288,0.2518,0.55885,11.478,-0.050879,0.95447,18.53
0.78411,0.10145,0.25114,0.5584,11.499,-0.046473,0.95554,18.54
0.78484,0.099887,0.25049,0.55795,11.52,-0.042204,0.95661,18.55
0.78484,0.099825,0.25057,0.55792,11.52,-0.042216,0.9565,18.55
0.7856,0.098297,0.24996,0.5574,11.541,-0.038065,0.95758,18.56
0.7864,0.096819,0.24926,0.55684,11.562,-0.034051,0.95866,18.57
0.78715,0.095315,0.24855,0.55635,11.583,-0.030174,0.95974,18.58
0.78794,0.093793,0.24793,0.55577,11.605,-0.026436,0.96083,18.59
0.78869,0.092383,0.24717,0.55529,11.626,-0.022837,0.96192,18.6
0.78858,0.092343,0.24721,0.55543,11.626,-0.022935,0.96183,18.6
0.78933,0.09084,0.24655,0.55491,11.647,-0.019476,0.96292,18.61
0.7901,0.089368,0.24577,0.55439,11.669,-0.016158,0.96401,18.62
0.79081,0.087847,0.24509,0.55393,11.69,-0.01298,0.9651,18.63
0.79161,0.08634,0.24436,0.55335,11.711,-0.0099428,0.9662,18.64
0.79236,0.084858,0.24368,0.55279,11.733,-0.0070458,0.9673,18.65
0.79226,0.084847,0.24381,0.55289,11.733,-0.0071184,0.96723,18.65
0.793,0.083358,0.2431,0.55236,11.755,-0.0043739,0.96833,18.66
0.79372,0.081842,0.24241,0.55186,11.776,-0.0017688,0.96943,18.67
0.79443,0.080368,0.24166,0.55138,11.798,0.00069602,0.97053,18.68
0.79517,0.078844,0.24099,0.55083,11.82,0.0030193,0.97163,18.69
0.79587,0.077311,0.24022,0.55037,11.841,0.0052009,0.97273,18.7
0.79586,0.077358,0.24041,0.5503,11.842,0.0051989,0.97261,18.7
0.79657,0.075795,0.23974,0.54978,11.863,0.0072525,0.97371,18.71
0.79729,0.074329,0.23908,0.54922,11.885,0.0091637,0.97482,18.72
0.79802,0.072908,0.23842,0.54864,11.907,0.010934,0.97592,18.73
0.79869,0.071372,0.23766,0.54819,11.929,0.012564,0.97702,18.74
0.79941,0.069839,0.23697,0.54764,11.95,0.014053,0.97813,18.75
0.79939,0.069853,0.23698,0.54766,11.951,0.014,0.97802,18.75
0.80008,0.068353,0.23628,0.54715,11.972,0.015349,0.97912,18.76
0.80075,0.066882,0.23562,0.54664,11.994,0.016555,0.98023,18.77
0.80145,0.065402,0.23499,0.54606,12.016,0.017619,0.98134,18.78
0.8021,0.063946,0.23438,0.54554,12.038,0.018539,0.98244,18.79
0.80277,0.062438,0.23363,0.54506,12.06,0.019317,0.98355,18.8
0.80285,0.062342,0.23353,0.54498,12.06,0.019218,0.98346,18.8
0.80358,0.060826,0.23275,0.54441,12.082,0.019844,0.98457,18.81
0.80425,0.059318,0.23204,0.5439,12.104,0.020328,0.98568,18.82
0.80488,0.05789,0.23135,0.54341,12.126,0.020669,0.98679,18.83
0.80555,0.056383,0.23065,0.54288,12.148,0.020868,0.9879,18.84
0.80622,0.05483,0.22985,0.54238,12.17,0.020924,0.98901,18.85
0.80625,0.054827,0.23006,0.54225,12.17,0.020885,0.98886,18.85
0.80692,0.053371,0.22937,0.54168,12.192,0.020796,0.98997,18.86
0.80762,0.051877,0.22863,0.5411,12.214,0.020563,0.99108,18.87
0.80829,0.050375,0.22792,0.54054,12.236,0.020188,0.99219,18.88
0.80902,0.048826,0.22726,0.53987,12.258,0.019671,0.99329,18.89
0.80967,0.047288,0.22665,0.53929,12.28,0.01901,0.9944,18.9
0.80957,0.04731,0.22657,0.53947,12.28,0.019026,0.99424,18.9
0.81018,0.045719,0.22592,0.53896,12.302,0.018234,0.99535,18.91
0.81087,0.044183,0.22525,0.53833,12.324,0.017301,0.99645,18.92
0.81152,0.042688,0.22449,0.53778,12.346,0.016226,0.99755,18.93
0.81219,0.041207,0.22383,0.53717,12.368,0.01501,0.99865,18.94
0.81287,0.03979,0.22317,0.53652,12.389,0.013651,0.99975,18.95
0.81282,0.039791,0.22306,0.53664,12.39,0.013589,0.99963,18.95
0.81347,0.038354,0.22231,0.53607,12.412,0.012081,1.0007,18.96
0.8141,0.03692,0.22171,0.53546,12.433,0.010433,1.0018,18.97
0.81475,0.035447,0.221,0.53486,12.455,0.0086444,1.0029,18.98
0.81546,0.033917,0.22029,0.53418,12.477,0.0067147,1.004,18.99
0.8161,0.032413,0.21962,0.53358,12.499,0.0046442,1.0051,19
0.81601,0.032262,0.21953,0.53376,12.499,0.0046174,1.005,19
0.81664,0.030848,0.21879,0.53319,12.521,0.0024078,1.006,19.01
0.81724,0.029352,0.21813,0.53262,12.542,5.8032e-05,1.0071,19.02
0.81783,0.027876,0.21748,0.53205,12.564,-0.0024317,1.0082,19.03
0.81843,0.026534,0.21676,0.53148,12.585,-0.0050614,1.0093,19.04
0.81902,0.025003,0.21599,0.53097,12.607,-0.0078302,1.0104,19.05
0.81911,0.024725,0.21597,0.53085,12.607,-0.0079257,1.0103,19.05
0.81974,0.02318,0.21516,0.53028,12.629,-0.01085,1.0113,19.06
0.82034,0.021661,0.21452,0.52968,12.65,-0.013913,1.0124,19.07
0.82093,0.020133,0.21384,0.5291,12.671,-0.017115,1.0135,19.08
0.82151,0.018636,0.21315,0.52853,12.693,-0.020455,1.0146,19.09
0.82208,0.017101,0.21249,0.52795,12.714,-0.023933,1.0156,19.1
0.82215,0.017193,0.2124,0.52788,12.714,-0.023931,1.0155,19.1
0.82275,0.015712,0.21178,0.52724,12.736,-0.027544,1.0166,19.11
0.82338,0.014154,0.21098,0.52662,12.757,-0.031294,1.0176,19.12
0.82398,0.012598,0.21027,0.52601,12.778,-0.035182,1.0187,19.13
0.82456,0.011124,0.20957,0.52542,12.799,-0.039206,1.0197,19.14
0.82515,0.0095944,0.2088,0.52482,12.82,-0.043365,1.0208,19.15
0.82511,0.0096599,0.20882,0.52487,12.82,-0.04339,1.0207,19.15
0.82574,0.0082277,0.20805,0.52422,12.841,-0.047684,1.0217,19.16
0.8263,0.0067784,0.20736,0.52362,12.862,-0.052113,1.0227,19.17
0.82687,0.0052453,0.20663,0.52302,12.883,-0.056678,1.0238,19.18
0.82745,0.0037489,0.20593,0.5224,12.903,-0.061377,1.0248,19.19
0.828,0.0021847,0.20512,0.52186,12.924,-0.06621,1.0259,19.2
0.828,0.0021056,0.2052,0.52182,12.924,-0.066279,1.0258,19.2
0.82855,0.00060915,0.20449,0.52123,12.945,-0.071276,1.0268,19.21
0.8292,-0.00086931,0.20376,0.52049,12.965,-0.076405,1.0279,19.22
0.8298,-0.0023547,0.20304,0.51982,12.986,-0.081666,1.0289,19.23
0.83033,-0.0038736,0.20241,0.51919,13.006,-0.087059,1.0299,19.24
0.83092,-0.0053413,0.20168,0.51853,13.026,-0.092583,1.0309,19.25
0.83082,-0.005428,0.20158,0.51872,13.027,-0.092631,1.0308,19.25
0.83136,-0.0069889,0.20084,0.51813,13.047,-0.098285,1.0318,19.26
0.83193,-0.0085328,0.2001,0.51748,13.067,-0.10407,1.0328,19.27
0.83248,-0.010028,0.19935,0.51685,13.087,-0.10999,1.0338,19.28
0.83303,-0.011557,0.19868,0.51619,13.107,-0.11603,1.0348,19.29
0.83355,-0.013109,0.19792,0.51561,13.126,-0.1222,1.0358,19.3
0.83357,-0.012951,0.19794,0.51557,13.127,-0.12216,1.0356,19.3
0.83407,-0.014453,0.19726,0.51498,13.146,-0.12844,1.0366,19.31
0.83462,-0.015909,0.19652,0.51433,13.166,-0.13485,1.0376,19.32
0.83517,-0.01749,0.19584,0.51364,13.185,-0.14138,1.0386,19.33
0.83568,-0.01897,0.19516,0.51302,13.205,-0.14804,1.0395,19.34
0.8362,-0.020494,0.19448,0.51237,13.224,-0.15482,1.0405,19.35
0.83624,-0.020504,0.19427,0.51239,13.224,-0.15503,1.0404,19.35
0.83677,-0.021967,0.19355,0.51174,13.244,-0.16196,1.0414,19.36
0.83728,-0.023463,0.19283,0.51111,13.263,-0.16902,1.0423,19.37
0.83786,-0.024964,0.19204,0.51039,13.282,-0.17621,1.0432,19.38
0.83836,-0.026413,0.19132,0.50975,13.3,-0.18351,1.0442,19.39
0.83883,-0.028025,0.1907,0.50913,13.319,-0.19093,1.0451,19.4
0.83884,-0.028025,0.19061,0.50914,13.32,-0.19091,1.045,19.4
0.83938,-0.029665,0.18996,0.5084,13.338,-0.19843,1.0459,19.41
0.83987,-0.03121,0.18928,0.50775,13.357,-0.20608,1.0468,19.42
0.84037,-0.03257,0.1885,0.50714,13.375,-0.21384,1.0477,19.43
0.84086,-0.034011,0.18775,0.50651,13.393,-0.22173,1.0486,19.44
0.84135,-0.035487,0.18706,0.50584,13.411,-0.22973,1.0495,19.45
0.84137,-0.035557,0.18691,0.50586,13.412,-0.22985,1.0494,19.45
0.84184,-0.036971,0.18619,0.50524,13.43,-0.23798,1.0503,19.46
0.84234,-0.038486,0.18545,0.50457,13.448,-0.24622,1.0512,19.47
0.84279,-0.040071,0.18461,0.50401,13.465,-0.25458,1.0521,19.48
0.8433,-0.041538,0.18387,0.5033,13.483,-0.26306,1.0529,19.49
0.84381,-0.043088,0.18314,0.50258,13.501,-0.27164,1.0538,19.5
0.84382,-0.043091,0.1832,0.50254,13.501,-0.27177,1.0537,19.5
0.84431,-0.044604,0.18249,0.50184,13.518,-0.28048,1.0546,19.51
0.84477,-0.046122,0.18178,0.50119,13.535,-0.28929,1.0554,19.52
0.84524,-0.047613,0.18112,0.50049,13.553,-0.29821,1.0563,19.53
0.84572,-0.049071,0.18033,0.49983,13.569,-0.30724,1.0571,19.54
0.84618,-0.050538,0.17961,0.49917,13.586,-0.31638,1.0579,19.55
0.8462,-0.050616,0.17948,0.49917,13.587,-0.31651,1.0578,19.55
0.84663,-0.052242,0.17884,0.49851,13.603,-0.32577,1.0586,19.56
0.8471,-0.053706,0.17818,0.49779,13.62,-0.33513,1.0594,19.57
0.84763,-0.055294,0.17735,0.49701,13.636,-0.3446,1.0602,19.58
0.84805,-0.056761,0.17657,0.49639,13.652,-0.35417,1.061,19.59
0.84851,-0.058182,0.17588,0.4957,13.669,-0.36384,1.0618,19.6
0.84851,-0.058143,0.17574,0.49575,13.669,-0.36399,1.0618,19.6
0.84891,-0.059697,0.17502,0.49513,13.685,-0.37378,1.0625,19.61
0.84939,-0.061157,0.17417,0.49443,13.701,-0.38367,1.0633,19.62
0.84986,-0.062687,0.17336,0.49372,13.716,-0.39365,1.0641,19.63
0.85033,-0.06423,0.17257,0.49299,13.732,-0.40374,1.0648,19.64
0.85078,-0.065685,0.17184,0.49228,13.747,-0.41392,1.0655,19.65
0.85074,-0.065661,0.17198,0.4923,13.747,-0.41411,1.0655,19.65
0.85115,-0.067176,0.17124,0.49163,13.763,-0.42441,1.0662,19.66
0.85158,-0.06866,0.17051,0.49094,13.778,-0.4348,1.067,19.67
0.85204,-0.070176,0.16988,0.49014,13.792,-0.44529,1.0677,19.68
0.85248,-0.071612,0.16911,0.48945,13.807,-0.45587,1.0684,19.69
0.85284,-0.073079,0.16842,0.48883,13.822,-0.46654,1.0691,19.7
0.85289,-0.073187,0.16821,0.4888,13.822,-0.46673,1.069,19.7
0.85335,-0.074711,0.16746,0.48802,13.836,-0.47751,1.0697,19.71
0.85377,-0.076094,0.16674,0.48733,13.85,-0.48838,1.0704,19.72
0.85419,-0.077546,0.16602,0.4866,13.864,-0.49934,1.0711,19.73
0.8546,-0.079014,0.16517,0.48593,13.878,-0.51039,1.0717,19.74
0.855,-0.080557,0.16441,0.48524,13.892,-0.52153,1.0724,19.75
0.85497,-0.080689,0.16442,0.48526,13.892,-0.52172,1.0724,19.75
0.85538,-0.082183,0.16367,0.48454,13.906,-0.53295,1.073,19.76
0.85575,-0.083741,0.16286,0.4839,13.919,-0.54428,1.0737,19.77
0.85612,-0.085263,0.16214,0.48321,13.932,-0.55569,1.0743,19.78
0.85653,-0.086791,0.16135,0.48249,13.945,-0.56718,1.0749,19.79
0.85691,-0.088239,0.16058,0.48179,13.958,-0.57875,1.0755,19.8
0.85697,-0.088197,0.16062,0.48168,13.958,-0.57892,1.0755,19.8
0.85736,-0.089746,0.15985,0.48096,13.971,-0.59058,1.0761,19.81
0.8578,-0.091185,0.15911,0.48016,13.983,-0.60232,1.0767,19.82
0.8582,-0.092751,0.15832,0.47941,13.996,-0.61414,1.0773,19.83
0.85859,-0.094297,0.15752,0.47866,14.008,-0.62603,1.0778,19.84
0.85897,-0.095735,0.15674,0.47795,14.02,-0.638,1.0784,19.85
0.85891,-0.095678,0.15681,0.47805,14.02,-0.63815,1.0783,19.85
0.85923,-0.097126,0.15619,0.47739,14.032,-0.6502,1.0789,19.86
0.85958,-0.098609,0.15535,0.47672,14.043,-0.66232,1.0794,19.87
0.85994,-0.10007,0.15471,0.47597,14.055,-0.67451,1.08,19.88
0.86035,-0.10164,0.15393,0.47515,14.066,-0.68678,1.0805,19.89
0.86068,-0.10311,0.15316,0.47449,14.077,-0.69911,1.081,19.9
0.86076,-0.10318,0.15297,0.47438,14.077,-0.69936,1.081,19.9
0.86117,-0.10468,0.15218,0.47358,14.088,-0.7118,1.0815,19.91
0.86156,-0.10621,0.15138,0.47278,14.098,-0.72431,1.082,19.92
0.86195,-0.10774,0.15054,0.47199,14.109,-0.73688,1.0825,19.93
0.86232,-0.10923,0.14976,0.47121,14.119,-0.74952,1.083,19.94
0.86265,-0.11075,0.14902,0.47049,14.129,-0.76222,1.0834,19.95
0.86255,-0.11065,0.14914,0.47067,14.129,-0.76231,1.0833,19.95
0.86291,-0.11222,0.14835,0.46988,14.139,-0.77507,1.0838,19.96
0.86322,-0.11372,0.14767,0.46916,14.149,-0.78789,1.0842,19.97
0.86351,-0.11529,0.14686,0.46849,14.158,-0.80077,1.0847,19.98
0.86389,-0.11676,0.1461,0.46767,14.167,-0.81371,1.0851,19.99
0.86421,-0.11828,0.14527,0.46696,14.176,-0.82671,1.0855,20
0.86425,-0.11812,0.14528,0.46692,14.176,-0.82687,1.0855,20
0.86462,-0.11961,0.14457,0.46608,14.185,-0.83993,1.0859,20.01
0.86491,-0.12112,0.14373,0.4654,14.194,-0.85305,1.0863,20.02
0.86521,-0.12274,0.14296,0.46465,14.202,-0.86623,1.0867,20.03
0.86557,-0.12428,0.14227,0.46379,14.211,-0.87945,1.087,20.04
0.86591,-0.12571,0.14155,0.46299,14.219,-0.89273,1.0874,20.05
0.86588,-0.12557,0.14142,0.46313,14.219,-0.89288,1.0873,20.05
0.86613,-0.12703,0.14059,0.46251,14.227,-0.90621,1.0877,20.06
0.86641,-0.12857,0.13986,0.46179,14.234,-0.91959,1.088,20.07
0.86673,-0.13004,0.13913,0.46098,14.242,-0.93303,1.0884,20.08
0.86705,-0.13153,0.13847,0.46017,14.249,-0.9465,1.0887,20.09
0.86733,-0.13299,0.13767,0.45945,14.256,-0.96002,1.089,20.1
0.86743,-0.13303,0.13754,0.45929,14.256,-0.96019,1.0889,20.1
0.86779,-0.13457,0.13678,0.4584,14.263,-0.97377,1.0892,20.11
0.86806,-0.136,0.13601,0.45768,14.269,-0.98739,1.0895,20.12
0.86835,-0.13746,0.13533,0.4569,14.276,-1.0011,1.0898,20.13
0.86869,-0.13885,0.13453,0.45608,14.282,-1.0148,1.0901,20.14
0.86897,-0.1404,0.13374,0.4553,14.288,-1.0285,1.0903,20.15
0.86891,-0.14047,0.13364,0.45542,14.288,-1.0286,1.0902,20.15
0.86921,-0.14193,0.13287,0.45462,14.294,-1.0424,1.0905,20.16
0.86949,-0.14331,0.13207,0.45389,14.299,-1.0562,1.0907,20.17
0.86973,-0.14481,0.13123,0.45319,14.304,-1.07,1.0909,20.18
0.87002,-0.14625,0.13041,0.4524,14.309,-1.0839,1.0912,20.19
0.87031,-0.14773,0.12972,0.45157,14.314,-1.0978,1.0914,20.2
0.8703,-0.14789,0.12975,0.45152,14.314,-1.098,1.0913,20.2
0.87058,-0.14934,0.12903,0.45071,14.319,-1.1119,1.0915,20.21
0.87079,-0.15085,0.12832,0.45001,14.324,-1.1259,1.0917,20.22
0.87103,-0.15242,0.12754,0.44922,14.328,-1.1399,1.0918,20.23
0.87132,-0.15386,0.12671,0.44842,14.332,-1.1539,1.092,20.24
0.87158,-0.15537,0.12592,0.44762,14.336,-1.168,1.0921,20.25
0.87163,-0.1553,0.12584,0.44756,14.336,-1.1681,1.0921,20.25
0.87193,-0.15667,0.12501,0.44673,14.339,-1.1822,1.0922,20.26
0.87217,-0.1582,0.12423,0.44593,14.343,-1.1963,1.0923,20.27
0.87241,-0.15975,0.12348,0.44512,14.346,-1.2104,1.0925,20.28
0.87264,-0.16126,0.12275,0.44433,14.349,-1.2246,1.0926,20.29
0.87289,-0.16272,0.12193,0.44352,14.351,-1.2387,1.0927,20.3
0.87288,-0.16269,0.12192,0.44357,14.351,-1.2388,1.0926,20.3
0.87312,-0.1642,0.12117,0.44274,14.354,-1.253,1.0927,20.31
0.87339,-0.16557,0.12041,0.4419,14.356,-1.2672,1.0928,20.32
0.87361,-0.16706,0.11965,0.4411,14.358,-1.2814,1.0928,20.33
0.87384,-0.16854,0.11888,0.44029,14.36,-1.2956,1.0929,20.34
0.87406,-0.17003,0.11801,0.43952,14.362,-1.3098,1.0929,20.35
0.87405,-0.17008,0.11799,0.43954,14.362,-1.31,1.093,20.35
0.87421,-0.17161,0.11725,0.43881,14.363,-1.3242,1.093,20.36
0.87446,-0.17311,0.11641,0.43794,14.364,-1.3385,1.093,20.37
0.87471,-0.17464,0.11559,0.43707,14.365,-1.3527,1.093,20.38
0.87495,-0.17611,0.11483,0.43618,14.366,-1.367,1.093,20.39
0.87518,-0.17748,0.11407,0.43536,14.367,-1.3812,1.093,20.4
0.87514,-0.17744,0.11405,0.43547,14.367,-1.3813,1.0929,20.4
0.87535,-0.17888,0.11321,0.43467,14.367,-1.3956,1.0929,20.41
0.87557,-0.18023,0.11242,0.43388,14.367,-1.4098,1.0929,20.42
0.8758,-0.18172,0.11164,0.43301,14.367,-1.4241,1.0928,20.43
0.876,-0.18316,0.1108,0.43221,14.367,-1.4383,1.0928,20.44
0.87619,-0.18461,0.10999,0.4314,14.366,-1.4526,1.0927,20.45
0.87616,-0.18481,0.11009,0.43136,14.366,-1.4527,1.0928,20.45
0.87636,-0.18624,0.10928,0.43054,14.365,-1.467,1.0927,20.46
0.87653,-0.1877,0.10843,0.42978,14.364,-1.4813,1.0926,20.47
0.87676,-0.1892,0.10764,0.42886,14.363,-1.4956,1.0925,20.48
0.87691,-0.19073,0.10689,0.42804,14.362,-1.5098,1.0924,20.49
0.87708,-0.19217,0.10613,0.42723,14.36,-1.5241,1.0923,20.5
0.87709,-0.19215,0.10613,0.42722,14.36,-1.5241,1.0923,20.5
0.8773,-0.19363,0.10531,0.42634,14.358,-1.5383,1.0921,20.51
0.87751,-0.195,0.10454,0.42546,14.356,-1.5525,1.092,20.52
0.87772,-0.1964,0.10379,0.42456,14.354,-1.5667,1.0918,20.53
0.87787,-0.19793,0.10298,0.42375,14.351,-1.5809,1.0917,20.54
0.87805,-0.19927,0.10216,0.42295,14.348,-1.5951,1.0915,20.55
0.87796,-0.19946,0.10217,0.42304,14.348,-1.5951,1.0915,20.55
0.87813,-0.201,0.10143,0.42214,14.345,-1.6092,1.0913,20.56
0.87829,-0.20247,0.10067,0.42128,14.342,-1.6234,1.0911,20.57
0.87848,-0.2039,0.099835,0.42039,14.339,-1.6375,1.0909,20.58
0.87868,-0.20527,0.098883,0.41953,14.335,-1.6515,1.0906,20.59
0.87881,-0.20679,0.098001,0.41872,14.331,-1.6656,1.0904,20.6
0.87875,-0.20676,0.098194,0.41881,14.331,-1.6657,1.0904,20.6
0.87891,-0.20821,0.097414,0.41795,14.327,-1.6797,1.0901,20.61
0.87904,-0.20969,0.096615,0.41711,14.323,-1.6937,1.0899,20.62
0.87919,-0.21108,0.095754,0.41629,14.318,-1.7076,1.0896,20.63
0.87933,-0.21256,0.094957,0.41542,14.314,-1.7216,1.0893,20.64
0.87945,-0.21399,0.094183,0.41461,14.309,-1.7354,1.0891,20.65
0.87946,-0.21406,0.094206,0.41456,14.309,-1.7356,1.0891,20.65
0.8796,-0.21549,0.093398,0.4137,14.304,-1.7495,1.0888,20.66
0.87973,-0.217,0.092544,0.41281,14.298,-1.7634,1.0885,20.67
0.87984,-0.21845,0.091764,0.412,14.293,-1.7772,1.0882,20.68
0.87998,-0.21992,0.090938,0.4111,14.287,-1.7909,1.0879,20.69
0.88006,-0.22135,0.090171,0.41033,14.281,-1.8047,1.0875,20.7
0.88009,-0.22132,0.090208,0.41027,14.281,-1.8048,1.0875,20.7
0.88017,-0.22274,0.089415,0.4095,14.275,-1.8185,1.0872,20.71
0.88027,-0.22418,0.088681,0.40865,14.268,-1.8321,1.0868,20.72
0.88039,-0.22564,0.087939,0.40776,14.262,-1.8457,1.0864,20.73
0.88053,-0.22705,0.087066,0.40686,14.255,-1.8593,1.086,20.74
0.88064,-0.2285,0.086182,0.40601,14.248,-1.8728,1.0856,20.75
0.88065,-0.22857,0.086205,0.40594,14.248,-1.8729,1.0857,20.75
0.88074,-0.23007,0.085426,0.40506,14.241,-1.8864,1.0853,20.76
0.88085,-0.23149,0.084605,0.40417,14.233,-1.8998,1.0849,20.77
0.88093,-0.23292,0.08371,0.40337,14.226,-1.9132,1.0844,20.78
0.881,-0.23443,0.082932,0.4025,14.218,-1.9265,1.084,20.79
0.88109,-0.23589,0.082209,0.4016,14.21,-1.9398,1.0835,20.8
0.88112,-0.2358,0.082201,0.40157,14.21,-1.94,1.0836,20.8
0.88121,-0.23731,0.0814,0.40066,14.201,-1.9532,1.0831,20.81
0.8813,-0.23869,0.080578,0.3998,14.193,-1.9663,1.0826,20.82
0.88138,-0.2401,0.079782,0.39894,14.184,-1.9795,1.0821,20.83
0.88144,-0.24162,0.078942,0.39805,14.175,-1.9925,1.0817,20.84
0.88156,-0.24311,0.078085,0.39706,14.166,-2.0055,1.0812,20.85
0.88153,-0.243,0.078181,0.39717,14.166,-2.0056,1.0812,20.85
0.88162,-0.24442,0.077319,0.39626,14.157,-2.0186,1.0807,20.86
0.88169,-0.24589,0.076583,0.39533,14.147,-2.0314,1.0802,20.87
0.88176,-0.24735,0.075865,0.39441,14.138,-2.0442,1.0796,20.88
0.88183,-0.24877,0.074997,0.39352,14.128,-2.057,1.0791,20.89
0.88188,-0.25018,0.074137,0.39269,14.118,-2.0697,1.0786,20.9
0.88185,-0.25018,0.074167,0.39274,14.118,-2.0698,1.0785,20.9
0.88194,-0.25152,0.073317,0.39185,14.108,-2.0825,1.078,20.91
0.88198,-0.25295,0.072505,0.39099,14.097,-2.095,1.0774,20.92
0.88208,-0.25433,0.071708,0.39002,14.086,-2.1075,1.0768,20.93
0.88215,-0.25575,0.070908,0.38908,14.076,-2.1199,1.0762,20.94
0.88215,-0.25731,0.070201,0.38818,14.065,-2.1322,1.0756,20.95
0.8821,-0.25735,0.070137,0.38827,14.064,-2.1324,1.0757,20.95
0.88213,-0.25875,0.069351,0.38741,14.053,-2.1447,1.0751,20.96
0.88213,-0.26023,0.068441,0.38657,14.042,-2.1569,1.0745,20.97
0.88215,-0.26168,0.06768,0.38569,14.03,-2.169,1.0739,20.98
0.88216,-0.26307,0.066895,0.38485,14.019,-2.181,1.0732,20.99
0.8822,-0.26444,0.066057,0.38396,14.007,-2.193,1.0726,21
0.88227,-0.2645,0.066104,0.38377,14.006,-2.1932,1.0726,21
0.88228,-0.26601,0.065218,0.38284,13.994,-2.2051,1.072,21.01
0.88228,-0.26754,0.064372,0.38191,13.982,-2.2169,1.0713,21.02
0.88228,-0.26894,0.063694,0.38105,13.97,-2.2286,1.0707,21.03
0.88231,-0.27031,0.062968,0.38012,13.957,-2.2402,1.07,21.04
0.88231,-0.27172,0.062158,0.37925,13.944,-2.2518,1.0693,21.05
0.88236,-0.27162,0.062067,0.37923,13.944,-2.2519,1.0694,21.05
0.88238,-0.27296,0.06129,0.37834,13.931,-2.2634,1.0687,21.06
0.88236,-0.27441,0.060519,0.37747,13.918,-2.2748,1.068,21.07
0.88237,-0.27578,0.059723,0.37656,13.904,-2.2861,1.0673,21.08
0.88235,-0.27729,0.058833,0.37563,13.891,-2.2973,1.0665,21.09
0.88238,-0.27869,0.058046,0.37466,13.877,-2.3085,1.0658,21.1
0.88237,-0.27871,0.058014,0.37466,13.877,-2.3086,1.0659,21.1
0.88242,-0.28003,0.05719,0.37369,13.863,-2.3197,1.0651,21.11
0.88244,-0.28141,0.056388,0.37273,13.849,-2.3307,1.0644,21.12
0.88245,-0.28279,0.055654,0.37177,13.835,-2.3415,1.0636,21.13
0.88246,-0.28411,0.054794,0.37088,13.82,-2.3523,1.0629,21.14
0.8824,-0.28555,0.054003,0.37002,13.806,-2.363,1.0621,21.15
0.88231,-0.28579,0.053975,0.37005,13.805,-2.3631,1.0622,21.15
0.88229,-0.28718,0.053117,0.36915,13.791,-2.3737,1.0614,21.16
0.88226,-0.28855,0.052335,0.36825,13.776,-2.3842,1.0606,21.17
0.88228,-0.28993,0.051441,0.36725,13.761,-2.3946,1.0598,21.18
0.88226,-0.29134,0.050628,0.36628,13.746,-2.4049,1.059,21.19
0.88221,-0.29282,0.049806,0.36536,13.73,-2.415,1.0582,21.2
0.88218,-0.29283,0.049923,0.36541,13.73,-2.4151,1.0583,21.2
0.88216,-0.29426,0.049087,0.36441,13.714,-2.4252,1.0574,21.21
0.88213,-0.29565,0.048342,0.36346,13.699,-2.4352,1.0566,21.22
0.88209,-0.29707,0.047484,0.36251,13.683,-2.4451,1.0558,21.23
0.88202,-0.29854,0.04665,0.36157,13.667,-2.4548,1.055,21.24
0.88198,-0.2999,0.045901,0.36065,13.651,-2.4645,1.0541,21.25
0.88196,-0.29985,0.045872,0.36075,13.651,-2.4646,1.0541,21.25
0.8819,-0.30125,0.045025,0.35984,13.634,-2.4742,1.0533,21.26
0.88185,-0.30257,0.04418,0.35893,13.618,-2.4836,1.0524,21.27
0.8818,-0.30396,0.043345,0.35799,13.601,-2.493,1.0516,21.28
0.8817,-0.30539,0.0426,0.35711,13.585,-2.5022,1.0507,21.29
0.88166,-0.30674,0.041851,0.35615,13.568,-2.5114,1.0498,21.3
0.88166,-0.30685,0.04181,0.35604,13.568,-2.5115,1.0499,21.3
0.88157,-0.30821,0.041086,0.35517,13.551,-2.5205,1.049,21.31
0.88149,-0.30964,0.040278,0.35423,13.534,-2.5295,1.0481,21.32
0.88142,-0.31097,0.039503,0.35331,13.516,-2.5383,1.0472,21.33
0.88137,-0.31234,0.038647,0.35233,13.499,-2.547,1.0463,21.34
0.88126,-0.3138,0.037822,0.35139,13.481,-2.5555,1.0454,21.35
0.88129,-0.31381,0.037749,0.35132,13.481,-2.5556,1.0454,21.35
0.88119,-0.31521,0.036907,0.3504,13.463,-2.5641,1.0445,21.36
0.8811,-0.31661,0.036056,0.34945,13.446,-2.5725,1.0436,21.37
0.88104,-0.31798,0.035234,0.34844,13.428,-2.5807,1.0426,21.38
0.88095,-0.31941,0.034411,0.34746,13.41,-2.5888,1.0417,21.39
0.88082,-0.32083,0.033589,0.34655,13.392,-2.5968,1.0408,21.4
0.88085,-0.32075,0.033689,0.34655,13.391,-2.5969,1.0408,21.4
0.88079,-0.32206,0.032895,0.34557,13.373,-2.6048,1.0398,21.41
0.88068,-0.32343,0.032094,0.34462,13.354,-2.6125,1.0389,21.42
0.88058,-0.32481,0.031325,0.34365,13.336,-2.6202,1.0379,21.43
0.88041,-0.32628,0.030558,0.34276,13.317,-2.6277,1.037,21.44
0.88028,-0.32767,0.029745,0.34185,13.299,-2.6351,1.036,21.45
0.88032,-0.32766,0.029618,0.34176,13.298,-2.6351,1.036,21.45
0.88017,-0.32908,0.028886,0.34084,13.279,-2.6424,1.035,21.46
0.88005,-0.33048,0.028077,0.33987,13.26,-2.6496,1.0341,21.47
0.87991,-0.33189,0.02725,0.33893,13.241,-2.6566,1.0331,21.48
0.8798,-0.33325,0.026471,0.33792,13.222,-2.6635,1.0321,21.49
0.87967,-0.33451,0.025653,0.33708,13.203,-2.6703,1.0311,21.5
0.87972,-0.33454,0.025552,0.33693,13.202,-2.6703,1.0311,21.5
0.87958,-0.33593,0.024712,0.33598,13.183,-2.677,1.0301,21.51
0.87943,-0.33731,0.023968,0.33504,13.164,-2.6835,1.0291,21.52
0.87932,-0.33862,0.023133,0.33407,13.144,-2.6899,1.0281,21.53
0.87919,-0.33994,0.022404,0.33312,13.124,-2.6962,1.0271,21.54
0.87904,-0.34132,0.021621,0.33214,13.105,-2.7023,1.0261,21.55
0.87904,-0.34139,0.021471,0.33208,13.104,-2.7024,1.0261,21.55
0.87887,-0.34278,0.020695,0.33116,13.084,-2.7084,1.0251,21.56
0.87873,-0.34417,0.019894,0.33012,13.064,-2.7143,1.0241,21.57
0.87861,-0.34543,0.019063,0.32917,13.044,-2.72,1.023,21.58
0.87843,-0.34684,0.0182,0.32821,13.024,-2.7256,1.022,21.59
0.87828,-0.34822,0.017399,0.32722,13.004,-2.7311,1.0209,21.6
0.87828,-0.34821,0.017403,0.3272,13.003,-2.7311,1.021,21.6
0.87813,-0.3496,0.016545,0.32619,12.983,-2.7365,1.02,21.61
0.87792,-0.35106,0.015775,0.3252,12.963,-2.7417,1.0189,21.62
0.87778,-0.35243,0.014936,0.32416,12.942,-2.7468,1.0179,21.63
0.87758,-0.35385,0.014114,0.32317,12.922,-2.7518,1.0168,21.64
0.87736,-0.35525,0.013344,0.32227,12.901,-2.7566,1.0157,21.65
0.87745,-0.355,0.013326,0.32229,12.901,-2.7566,1.0158,21.65
0.87726,-0.35639,0.012469,0.3213,12.88,-2.7613,1.0148,21.66
0.87714,-0.35765,0.01165,0.32028,12.859,-2.7659,1.0137,21.67
0.87693,-0.35907,0.010846,0.3193,12.838,-2.7703,1.0126,21.68
0.87674,-0.36047,0.009946,0.31825,12.817,-2.7746,1.0116,21.69
0.87659,-0.36173,0.0091795,0.31728,12.796,-2.7787,1.0105,21.7
0.87654,-0.36177,0.0092518,0.31735,12.796,-2.7787,1.0106,21.7
0.87635,-0.36312,0.008507,0.31636,12.775,-2.7827,1.0095,21.71
0.87615,-0.36449,0.0076925,0.31535,12.754,-2.7866,1.0084,21.72
0.87596,-0.36586,0.0068468,0.31433,12.733,-2.7904,1.0074,21.73
0.87577,-0.36722,0.0060506,0.31327,12.712,-2.794,1.0063,21.74
0.87555,-0.36863,0.0052638,0.31224,12.69,-2.7975,1.0052,21.75
0.87556,-0.3685,0.0051754,0.31238,12.69,-2.7974,1.0053,21.75
0.87529,-0.36996,0.0042132,0.31142,12.669,-2.8007,1.0042,21.76
0.87507,-0.37136,0.0033771,0.31037,12.647,-2.8039,1.0031,21.77
0.87488,-0.3727,0.0025001,0.30932,12.626,-2.807,1.002,21.78
0.87469,-0.37399,0.0017201,0.3083,12.604,-2.8099,1.0009,21.79
0.87452,-0.37523,0.00083194,0.30728,12.583,-2.8126,0.99981,21.8
0.8745,-0.37518,0.001104,0.30738,12.582,-2.8126,0.99992,21.8
0.87426,-0.37655,0.00029434,0.30641,12.561,-2.8152,0.99882,21.81
0.874,-0.37791,-0.00065434,0.30547,12.539,-2.8176,0.99772,21.82
0.87379,-0.3792,-0.0014423,0.30445,12.518,-2.82,0.99662,21.83
0.87356,-0.38056,-0.0022934,0.30341,12.496,-2.8222,0.99552,21.84
0.8733,-0.3819,-0.0029892,0.30247,12.474,-2.8242,0.99442,21.85
0.87336,-0.38185,-0.0029785,0.30236,12.474,-2.8242,0.99452,21.85
0.87314,-0.38319,-0.003873,0.30131,12.452,-2.8261,0.99342,21.86
0.87291,-0.38452,-0.0046823,0.30024,12.43,-2.8279,0.99232,21.87
0.87267,-0.38586,-0.0054556,0.29923,12.409,-2.8295,0.99121,21.88
0.87241,-0.38719,-0.0062925,0.29823,12.387,-2.831,0.99011,21.89
0.87214,-0.38857,-0.0071396,0.29722,12.365,-2.8324,0.989,21.9
0.87215,-0.38848,-0.0070522,0.29731,12.365,-2.8324,0.9891,21.9
0.87192,-0.38985,-0.0078872,0.29617,12.343,-2.8336,0.98799,21.91
0.87168,-0.39112,-0.0087929,0.29515,12.321,-2.8346,0.98688,21.92
0.87148,-0.39236,-0.0095668,0.29408,12.299,-2.8356,0.98577,21.93
0.8712,-0.39368,-0.010489,0.29311,12.277,-2.8363,0.98466,21.94
0.87092,-0.39503,-0.011312,0.2921,12.255,-2.837,0.98355,21.95
0.87086,-0.39507,-0.011128,0.29223,12.255,-2.837,0.98365,21.95
0.87059,-0.39638,-0.011892,0.29122,12.233,-2.8375,0.98254,21.96
0.8703,-0.3977,-0.012719,0.29026,12.211,-2.8378,0.98143,21.97
0.87004,-0.39901,-0.013547,0.28919,12.189,-2.838,0.98032,21.98
0.86973,-0.40038,-0.014355,0.28821,12.167,-2.8381,0.97922,21.99
0.86949,-0.40162,-0.015049,0.28714,12.145,-2.838,0.97811,22
0.8695,-0.40163,-0.015197,0.28713,12.145,-2.838,0.9782,22
0.86919,-0.40299,-0.016064,0.2861,12.123,-2.8378,0.97709,22.01
0.86888,-0.40431,-0.016858,0.28512,12.101,-2.8374,0.97599,22.02
0.86858,-0.40564,-0.017706,0.28409,12.079,-2.8369,0.97488,22.03
0.86829,-0.40695,-0.018475,0.28306,12.057,-2.8363,0.97378,22.04
0.86802,-0.40821,-0.019316,0.28202,12.035,-2.8355,0.97268,22.05
0.86805,-0.40815,-0.019274,0.282,12.035,-2.8355,0.97275,22.05
0.86781,-0.40941,-0.02007,0.28087,12.013,-2.8346,0.97165,22.06
0.86751,-0.41073,-0.020864,0.2798,11.991,-2.8335,0.97055,22.07
0.86719,-0.41203,-0.021688,0.27881,11.969,-2.8323,0.96945,22.08
0.8669,-0.41326,-0.022583,0.27783,11.947,-2.8309,0.96835,22.09
0.86659,-0.41455,-0.023507,0.2768,11.925,-2.8294,0.96726,22.1
0.86653,-0.41464,-0.023342,0.27686,11.925,-2.8294,0.96732,22.1
0.86618,-0.41604,-0.024179,0.27578,11.903,-2.8278,0.96622,22.11
0.86582,-0.4174,-0.02496,0.27478,11.881,-2.826,0.96513,22.12
0.86553,-0.41864,-0.025741,0.27375,11.86,-2.824,0.96404,22.13
0.86518,-0.41997,-0.026487,0.27273,11.838,-2.822,0.96296,22.14
0.86488,-0.42118,-0.027329,0.27173,11.816,-2.8197,0.96187,22.15
0.86494,-0.42109,-0.02741,0.27168,11.816,-2.8198,0.96194,22.15
0.86461,-0.42238,-0.028157,0.27063,11.794,-2.8175,0.96086,22.16
0.86432,-0.4236,-0.028965,0.26958,11.773,-2.815,0.95978,22.17
0.86395,-0.4249,-0.02981,0.26862,11.751,-2.8123,0.9587,22.18
0.86362,-0.42622,-0.030669,0.26752,11.73,-2.8095,0.95762,22.19
0.86327,-0.42749,-0.031408,0.26652,11.708,-2.8066,0.95655,22.2
0.86327,-0.42751,-0.031478,0.26648,11.708,-2.8067,0.95661,22.2
0.86292,-0.42878,-0.032344,0.26548,11.686,-2.8036,0.95555,22.21
0.86255,-0.43014,-0.03321,0.26437,11.665,-2.8004,0.95448,22.22
0.86222,-0.43139,-0.034047,0.2633,11.644,-2.7971,0.95342,22.23
0.86183,-0.4327,-0.034783,0.26232,11.622,-2.7936,0.95236,22.24
0.86149,-0.43395,-0.035618,0.26126,11.601,-2.79,0.95131,22.25
0.86153,-0.43388,-0.035538,0.26126,11.601,-2.7901,0.95135,22.25
0.86113,-0.43518,-0.036372,0.26028,11.58,-2.7863,0.9503,22.26
0.86076,-0.43645,-0.037079,0.25928,11.558,-2.7824,0.94925,22.27
0.86041,-0.43768,-0.037859,0.25825,11.537,-2.7784,0.9482,22.28
0.86,-0.43904,-0.038708,0.25719,11.516,-2.7743,0.94716,22.29
0.85967,-0.4402,-0.039549,0.25619,11.496,-2.77,0.94612,22.3
0.8597,-0.44023,-0.039604,0.25601,11.495,-2.77,0.94617,22.3
0.85935,-0.44143,-0.040419,0.255,11.474,-2.7656,0.94513,22.31
0.85896,-0.44273,-0.0412,0.25393,11.453,-2.761,0.9441,22.32
0.85858,-0.44396,-0.041993,0.25295,11.433,-2.7563,0.94307,22.33
0.85819,-0.44522,-0.042833,0.25191,11.412,-2.7515,0.94204,22.34
0.85779,-0.44649,-0.043682,0.25086,11.392,-2.7465,0.94102,22.35
0.85781,-0.44653,-0.043659,0.25074,11.391,-2.7466,0.94109,22.35
0.85741,-0.44779,-0.04457,0.2497,11.371,-2.7415,0.94007,22.36
0.85702,-0.44903,-0.045372,0.24867,11.35,-2.7362,0.93905,22.37
0.85665,-0.45026,-0.046207,0.24754,11.33,-2.7309,0.93804,22.38
0.85626,-0.45152,-0.047014,0.24646,11.31,-2.7254,0.93704,22.39
0.85582,-0.45287,-0.047844,0.24533,11.29,-2.7197,0.93604,22.4
0.85584,-0.45279,-0.047707,0.24545,11.289,-2.7197,0.93609,22.4
0.85545,-0.45402,-0.048503,0.24438,11.269,-2.7139,0.93509,22.41
0.85507,-0.45525,-0.049259,0.24327,11.249,-2.7081,0.9341,22.42
0.85473,-0.45641,-0.050027,0.24212,11.229,-2.702,0.93312,22.43
0.85428,-0.45772,-0.050831,0.24108,11.209,-2.6959,0.93213,22.44
0.85387,-0.45898,-0.051578,0.23995,11.19,-2.6896,0.93116,22.45
0.8538,-0.45901,-0.051756,0.24014,11.189,-2.6896,0.93121,22.45
0.85338,-0.46025,-0.052529,0.23907,11.17,-2.6832,0.93023,22.46
0.85294,-0.46155,-0.053308,0.23797,11.15,-2.6767,0.92927,22.47
0.85252,-0.46276,-0.054152,0.2369,11.131,-2.67,0.9283,22.48
0.85212,-0.46396,-0.05494,0.23581,11.111,-2.6632,0.92735,22.49
0.85171,-0.46517,-0.055744,0.23473,11.092,-2.6563,0.9264,22.5
0.85168,-0.46518,-0.055803,0.2348,11.092,-2.6563,0.92644,22.5
0.85126,-0.4664,-0.056691,0.2337,11.073,-2.6492,0.9255,22.51
0.85087,-0.46757,-0.057438,0.2326,11.054,-2.6421,0.92456,22.52
0.85043,-0.46879,-0.058184,0.23155,11.035,-2.6348,0.92363,22.53
0.84998,-0.47,-0.058956,0.23054,11.016,-2.6274,0.92271,22.54
0.84957,-0.47121,-0.059738,0.22938,10.998,-2.6199,0.92179,22.55
0.84949,-0.47132,-0.059844,0.22946,10.997,-2.6198,0.92181,22.55
0.84903,-0.47256,-0.060654,0.2284,10.979,-2.6122,0.92089,22.56
0.84853,-0.4738,-0.061489,0.22746,10.96,-2.6044,0.91999,22.57
0.84807,-0.47499,-0.062313,0.22645,10.942,-2.5965,0.91909,22.58
0.84759,-0.47622,-0.063062,0.22546,10.924,-2.5885,0.9182,22.59
0.84713,-0.47746,-0.063807,0.22435,10.906,-2.5804,0.91731,22.6
0.84722,-0.47741,-0.063873,0.22409,10.905,-2.5804,0.91731,22.6
0.84671,-0.47871,-0.064686,0.22301,10.887,-2.5721,0.91643,22.61
0.84627,-0.47991,-0.065496,0.22189,10.87,-2.5638,0.91556,22.62
0.84582,-0.48105,-0.066282,0.22085,10.852,-2.5553,0.91469,22.63
0.84533,-0.48229,-0.067072,0.2198,10.834,-2.5467,0.91383,22.64
0.8449,-0.48344,-0.067803,0.21869,10.817,-2.538,0.91297,22.65
0.84488,-0.48346,-0.067902,0.21869,10.817,-2.538,0.91297,22.65
0.84441,-0.48464,-0.068701,0.21766,10.799,-2.5292,0.91212,22.66
0.84395,-0.48583,-0.069488,0.21655,10.782,-2.5203,0.91128,22.67
0.84348,-0.48702,-0.070329,0.21544,10.765,-2.5112,0.91044,22.68
0.84301,-0.48823,-0.071139,0.21428,10.748,-2.5021,0.90961,22.69
0.84253,-0.48943,-0.071973,0.21315,10.732,-2.4928,0.90879,22.7
0.84247,-0.48947,-0.071928,0.21327,10.731,-2.4927,0.9088,22.7
0.84196,-0.49072,-0.072653,0.21216,10.715,-2.4834,0.90799,22.71
0.84137,-0.49204,-0.07352,0.21114,10.698,-2.4739,0.90718,22.72
0.84088,-0.49322,-0.07431,0.21006,10.682,-2.4643,0.90638,22.73
0.84039,-0.4944,-0.075057,0.20898,10.666,-2.4546,0.90559,22.74
0.83984,-0.49566,-0.07588,0.20793,10.65,-2.4448,0.90481,22.75
0.83998,-0.49544,-0.075944,0.20785,10.65,-2.4448,0.90482,22.75
0.8395,-0.49658,-0.076755,0.20678,10.634,-2.4349,0.90404,22.76
0.83896,-0.4978,-0.077572,0.20572,10.618,-2.4249,0.90328,22.77
0.83846,-0.49898,-0.078374,0.20459,10.603,-2.4148,0.90252,22.78
0.83798,-0.50011,-0.079211,0.20349,10.587,-2.4046,0.90177,22.79
0.83741,-0.50137,-0.079928,0.20247,10.572,-2.3943,0.90102,22.8
0.83742,-0.50136,-0.079955,0.2024,10.572,-2.3942,0.90103,22.8
0.8369,-0.50259,-0.080678,0.20125,10.557,-2.3838,0.90029,22.81
0.83637,-0.50379,-0.081412,0.20011,10.542,-2.3733,0.89957,22.82
0.83582,-0.50499,-0.082288,0.19904,10.527,-2.3627,0.89885,22.83
0.83533,-0.50612,-0.083014,0.19792,10.513,-2.352,0.89813,22.84
0.83485,-0.50718,-0.083923,0.19686,10.498,-2.3413,0.89743,22.85
0.83479,-0.50724,-0.08396,0.19694,10.498,-2.3412,0.89747,22.85
0.83421,-0.50844,-0.084813,0.19591,10.484,-2.3303,0.89678,22.86
0.83363,-0.50963,-0.085639,0.19495,10.469,-2.3193,0.89609,22.87
0.83303,-0.51086,-0.086463,0.19391,10.456,-2.3083,0.89542,22.88
0.83251,-0.51201,-0.087268,0.19279,10.442,-2.2971,0.89475,22.89
0.83192,-0.51327,-0.088042,0.19162,10.428,-2.2859,0.8941,22.9
0.83209,-0.51307,-0.087957,0.19145,10.428,-2.2858,0.89414,22.9
0.83154,-0.51423,-0.088746,0.19036,10.415,-2.2745,0.89349,22.91
0.83106,-0.51527,-0.089526,0.18927,10.401,-2.2631,0.89286,22.92
0.8305,-0.51644,-0.090351,0.18811,10.388,-2.2516,0.89223,22.93
0.82992,-0.51761,-0.091154,0.18709,10.376,-2.24,0.89161,22.94
0.82934,-0.51878,-0.091945,0.18602,10.363,-2.2283,0.891,22.95
0.8293,-0.51887,-0.091947,0.18595,10.362,-2.2283,0.89102,22.95
0.82873,-0.52002,-0.0928,0.18486,10.35,-2.2165,0.89042,22.96
0.82816,-0.52119,-0.093621,0.18368,10.338,-2.2047,0.88983,22.97
0.82762,-0.52231,-0.094293,0.18259,10.326,-2.1928,0.88925,22.98
0.82703,-0.52346,-0.095119,0.18155,10.314,-2.1808,0.88868,22.99
0.82649,-0.52452,-0.096032,0.18046,10.302,-2.1688,0.88812,23
0.82645,-0.52461,-0.09593,0.18043,10.302,-2.1686,0.88815,23
0.82587,-0.52574,-0.096777,0.17936,10.29,-2.1565,0.8876,23.01
0.82534,-0.52681,-0.097548,0.17827,10.279,-2.1443,0.88706,23.02
0.82471,-0.52802,-0.098299,0.17718,10.267,-2.132,0.88652,23.03
0.82409,-0.5292,-0.09913,0.17605,10.256,-2.1197,0.886,23.04
0.82351,-0.53031,-0.099928,0.17496,10.246,-2.1072,0.88548,23.05
0.82353,-0.53031,-0.099903,0.1749,10.245,-2.1071,0.88554,23.05
0.82291,-0.53147,-0.10067,0.17385,10.235,-2.0946,0.88503,23.06
0.82231,-0.53263,-0.10142,0.1727,10.224,-2.082,0.88454,23.07
0.8218,-0.53361,-0.10226,0.17161,10.214,-2.0694,0.88406,23.08
0.82121,-0.53473,-0.10313,0.17045,10.204,-2.0567,0.88358,23.09
0.8206,-0.53586,-0.10383,0.16936,10.194,-2.044,0.88312,23.1
0.82054,-0.53595,-0.10387,0.16936,10.194,-2.0439,0.88313,23.1
0.81993,-0.53706,-0.10468,0.16831,10.184,-2.031,0.88267,23.11
0.81929,-0.53825,-0.10542,0.16716,10.175,-2.0181,0.88223,23.12
0.81868,-0.53933,-0.10629,0.16608,10.165,-2.0052,0.88179,23.13
0.81807,-0.54044,-0.10716,0.16495,10.156,-1.9921,0.88137,23.14
0.81748,-0.54149,-0.10795,0.16386,10.147,-1.9791,0.88095,23.15
0.81747,-0.54155,-0.10783,0.1638,10.147,-1.979,0.88099,23.15
0.81687,-0.54264,-0.10864,0.16268,10.139,-1.9659,0.88059,23.16
0.81624,-0.54374,-0.1095,0.16158,10.13,-1.9527,0.88019,23.17
0.81559,-0.54489,-0.11035,0.16041,10.122,-1.9394,0.87981,23.18
0.81496,-0.54602,-0.11115,0.15922,10.114,-1.9261,0.87944,23.19
0.81436,-0.54711,-0.11191,0.15804,10.106,-1.9128,0.87908,23.2
0.81433,-0.54711,-0.11178,0.15822,10.106,-1.9127,0.87911,23.2
0.81367,-0.54827,-0.11255,0.15707,10.098,-1.8993,0.87876,23.21
0.81302,-0.54938,-0.11329,0.15602,10.091,-1.8859,0.87842,23.22
0.81233,-0.55054,-0.11411,0.15495,10.083,-1.8724,0.87809,23.23
0.81172,-0.55159,-0.11492,0.15379,10.076,-1.8588,0.87777,23.24
0.81106,-0.55271,-0.11567,0.1527,10.069,-1.8452,0.87746,23.25
0.81112,-0.55262,-0.11571,0.15264,10.069,-1.8452,0.87749,23.25
0.81049,-0.55368,-0.11654,0.1515,10.063,-1.8316,0.87719,23.26
0.80983,-0.55478,-0.11735,0.15038,10.056,-1.8179,0.8769,23.27
0.80918,-0.55589,-0.11813,0.14922,10.05,-1.8042,0.87662,23.28
0.80847,-0.55706,-0.11888,0.14805,10.044,-1.7904,0.87635,23.29
0.80778,-0.55816,-0.11972,0.14701,10.038,-1.7767,0.87609,23.3
0.80785,-0.55808,-0.11965,0.14704,10.038,-1.7766,0.87611,23.3
0.80718,-0.55914,-0.12045,0.14598,10.033,-1.7628,0.87587,23.31
0.80653,-0.56023,-0.12119,0.14483,10.027,-1.7489,0.87563,23.32
0.80589,-0.56128,-0.12194,0.14367,10.022,-1.735,0.8754,23.33
0.80521,-0.56237,-0.12272,0.14257,10.017,-1.7211,0.87519,23.34
0.80451,-0.56349,-0.12347,0.14142,10.012,-1.7071,0.87498,23.35
0.80449,-0.56349,-0.12357,0.14142,10.012,-1.7071,0.87501,23.35
0.80382,-0.56456,-0.12433,0.14033,10.008,-1.6931,0.87482,23.36
0.80314,-0.5656,-0.12516,0.1393,10.003,-1.6791,0.87464,23.37
0.80248,-0.56663,-0.12595,0.13816,9.9994,-1.6651,0.87447,23.38
0.80173,-0.56781,-0.12672,0.13702,9.9956,-1.651,0.87431,23.39
0.80104,-0.56888,-0.12742,0.13593,9.992,-1.6369,0.87417,23.4
0.80107,-0.56885,-0.12747,0.13579,9.9918,-1.6369,0.8742,23.4
0.80038,-0.56994,-0.12818,0.13467,9.9884,-1.6228,0.87407,23.41
0.79966,-0.57102,-0.12898,0.13361,9.9852,-1.6086,0.87394,23.42
0.79888,-0.57219,-0.1298,0.13248,9.9822,-1.5945,0.87383,23.43
0.79821,-0.57322,-0.13052,0.1313,9.9795,-1.5803,0.87373,23.44
0.79744,-0.57436,-0.13133,0.13019,9.9769,-1.5661,0.87364,23.45
0.79758,-0.57416,-0.13137,0.13016,9.9767,-1.5662,0.87365,23.45
0.79684,-0.5753,-0.13211,0.12895,9.9744,-1.5519,0.87358,23.46
0.79616,-0.57631,-0.13286,0.12784,9.9723,-1.5377,0.87351,23.47
0.79544,-0.5774,-0.13355,0.12672,9.9704,-1.5235,0.87345,23.48
0.79474,-0.5784,-0.13428,0.12574,9.9688,-1.5092,0.8734,23.49
0.79401,-0.57947,-0.13505,0.1246,9.9673,-1.495,0.87337,23.5
0.79402,-0.57943,-0.13526,0.12451,9.9672,-1.495,0.87339,23.5
0.79325,-0.58055,-0.13602,0.12337,9.9659,-1.4807,0.87337,23.51
0.79252,-0.58161,-0.13678,0.12223,9.9649,-1.4664,0.87335,23.52
0.7918,-0.58266,-0.13746,0.12112,9.9642,-1.4522,0.87335,23.53
0.79106,-0.58372,-0.1382,0.12001,9.9636,-1.4379,0.87336,23.54
0.79033,-0.58477,-0.13888,0.11894,9.9632,-1.4236,0.87338,23.55
0.79039,-0.58464,-0.13914,0.11885,9.9631,-1.4236,0.87341,23.55
0.78964,-0.58569,-0.13987,0.11773,9.963,-1.4093,0.87344,23.56
0.78887,-0.58679,-0.14067,0.11652,9.9631,-1.395,0.87349,23.57
0.78812,-0.58783,-0.1414,0.11545,9.9634,-1.3807,0.87354,23.58
0.78742,-0.58881,-0.14208,0.11437,9.9639,-1.3665,0.8736,23.59
0.78668,-0.58983,-0.14281,0.11326,9.9646,-1.3522,0.87368,23.6
0.78669,-0.5898,-0.14301,0.11318,9.9645,-1.3522,0.8737,23.6
0.78591,-0.59085,-0.14379,0.11208,9.9655,-1.3379,0.87379,23.61
0.78519,-0.59184,-0.14457,0.11094,9.9667,-1.3236,0.87389,23.62
0.78444,-0.59286,-0.14537,0.10973,9.9681,-1.3094,0.874,23.63
0.78373,-0.59381,-0.14615,0.10862,9.9697,-1.2951,0.87412,23.64
0.78297,-0.59484,-0.14694,0.10736,9.9715,-1.2809,0.87425,23.65
0.78292,-0.59491,-0.14686,0.1075,9.9714,-1.2809,0.87429,23.65
0.78214,-0.59594,-0.1477,0.10632,9.9735,-1.2667,0.87443,23.66
0.78133,-0.59701,-0.14846,0.10519,9.9758,-1.2525,0.87458,23.67
0.78057,-0.59801,-0.14928,0.10397,9.9783,-1.2383,0.87475,23.68
0.77983,-0.59898,-0.1501,0.10272,9.981,-1.2241,0.87492,23.69
0.77905,-0.6,-0.15084,0.10159,9.9839,-1.2099,0.87511,23.7
0.77908,-0.59996,-0.1507,0.10182,9.9838,-1.2099,0.87508,23.7
0.77833,-0.60092,-0.15148,0.10074,9.987,-1.1958,0.87528,23.71
0.77756,-0.60194,-0.15213,0.099606,9.9904,-1.1817,0.87549,23.72
0.77677,-0.60294,-0.15295,0.098456,9.9939,-1.1675,0.87571,23.73
0.77596,-0.60396,-0.15383,0.097253,9.9977,-1.1535,0.87594,23.74
0.77514,-0.605,-0.15456,0.096125,10.002,-1.1394,0.87618,23.75
0.77518,-0.60497,-0.15452,0.09612,10.002,-1.1395,0.87617,23.75
0.77435,-0.60599,-0.15538,0.094942,10.006,-1.1254,0.87642,23.76
0.77355,-0.60699,-0.15618,0.093775,10.01,-1.1114,0.87669,23.77
0.7728,-0.60793,-0.15693,0.092643,10.015,-1.0975,0.87696,23.78
0.77198,-0.60894,-0.15766,0.091561,10.02,-1.0835,0.87725,23.79
0.77115,-0.60997,-0.15838,0.090442,10.025,-1.0696,0.87755,23.8
0.7712,-0.60992,-0.15834,0.090416,10.025,-1.0696,0.87751,23.8
0.77041,-0.61089,-0.1591,0.089272,10.03,-1.0558,0.87782,23.81
0.76961,-0.61186,-0.1599,0.088089,10.036,-1.0419,0.87813,23.82
0.76876,-0.61288,-0.16066,0.087017,10.041,-1.0281,0.87846,23.83
0.76796,-0.61384,-0.16142,0.085912,10.047,-1.0143,0.8788,23.84
0.76714,-0.61481,-0.16222,0.084764,10.054,-1.0006,0.87915,23.85
0.76716,-0.61482,-0.16214,0.084702,10.054,-1.0006,0.8791,23.85
0.76635,-0.61581,-0.16285,0.083444,10.06,-0.98696,0.87946,23.86
0.76554,-0.61677,-0.16361,0.082379,10.066,-0.97331,0.87983,23.87
0.76474,-0.6177,-0.16442,0.081173,10.073,-0.95971,0.88021,23.88
0.76393,-0.61866,-0.16516,0.079994,10.08,-0.94616,0.8806,23.89
0.76306,-0.61966,-0.16594,0.078848,10.087,-0.93266,0.88101,23.9
0.76306,-0.61966,-0.16593,0.07898,10.087,-0.93265,0.88094,23.9
0.76225,-0.6206,-0.16665,0.077866,10.095,-0.91918,0.88135,23.91
0.76144,-0.62152,-0.16744,0.076718,10.102,-0.90576,0.88178,23.92
0.76061,-0.62246,-0.16821,0.075642,10.11,-0.8924,0.88221,23.93
0.75975,-0.62345,-0.16894,0.074459,10.118,-0.87909,0.88265,23.94
0.75892,-0.6244,-0.16968,0.073287,10.126,-0.86583,0.8831,23.95
0.75888,-0.62446,-0.1697,0.073255,10.126,-0.86586,0.88306,23.95
0.75805,-0.62539,-0.1705,0.072039,10.135,-0.85266,0.88352,23.96
0.75712,-0.6264,-0.17131,0.071014,10.143,-0.83951,0.88399,23.97
0.75624,-0.62739,-0.17207,0.069791,10.152,-0.82642,0.88447,23.98
0.75539,-0.62833,-0.17288,0.068577,10.161,-0.81339,0.88496,23.99
0.75454,-0.62926,-0.17365,0.067507,10.171,-0.80043,0.88546,24
0.75464,-0.62919,-0.17345,0.06752,10.171,-0.8004,0.88545,24
0.75375,-0.63016,-0.17422,0.066367,10.18,-0.78748,0.88596,24.01
0.75292,-0.63107,-0.17492,0.065232,10.19,-0.77462,0.88649,24.02
0.75204,-0.63204,-0.17571,0.064018,10.199,-0.76183,0.88702,24.03
0.7512,-0.63294,-0.17649,0.0628,10.209,-0.74911,0.88757,24.04
0.75027,-0.63393,-0.17727,0.06164,10.22,-0.73646,0.88812,24.05
0.75033,-0.63387,-0.1772,0.061781,10.22,-0.73644,0.88807,24.05
0.74947,-0.63478,-0.17794,0.06073,10.23,-0.72384,0.88864,24.06
0.74863,-0.63564,-0.17877,0.059611,10.241,-0.71131,0.88921,24.07
0.74771,-0.6366,-0.17957,0.058562,10.251,-0.69885,0.88979,24.08
0.74685,-0.63751,-0.18027,0.057416,10.262,-0.68647,0.89039,24.09
0.746,-0.63841,-0.18099,0.05627,10.274,-0.67416,0.89099,24.1
0.74595,-0.6385,-0.18093,0.05604,10.274,-0.67417,0.89095,24.1
0.74501,-0.63945,-0.18179,0.054899,10.285,-0.66193,0.89156,24.11
0.74414,-0.64036,-0.1825,0.05373,10.297,-0.64977,0.89218,24.12
0.74326,-0.64128,-0.18322,0.052606,10.308,-0.63769,0.89281,24.13
0.74238,-0.64216,-0.18398,0.051508,10.32,-0.62568,0.89345,24.14
0.74143,-0.64311,-0.18483,0.050337,10.332,-0.61376,0.89409,24.15
0.74152,-0.64306,-0.18464,0.05029,10.332,-0.61372,0.89405,24.15
0.74065,-0.64394,-0.18535,0.049146,10.345,-0.60186,0.8947,24.16
0.73976,-0.64481,-0.18623,0.047964,10.357,-0.59009,0.89537,24.17
0.73887,-0.64569,-0.18701,0.046746,10.37,-0.57839,0.89604,24.18
0.7379,-0.64667,-0.18772,0.045551,10.382,-0.56678,0.89672,24.19
0.73696,-0.64762,-0.18843,0.044383,10.395,-0.55526,0.89741,24.2
0.73701,-0.64758,-0.18834,0.044541,10.396,-0.55525,0.8974,24.2
0.73604,-0.64856,-0.18903,0.043389,10.409,-0.54381,0.8981,24.21
0.73519,-0.64939,-0.18972,0.042281,10.422,-0.53245,0.89881,24.22
0.73436,-0.65019,-0.19046,0.041149,10.436,-0.52117,0.89953,24.23
0.73341,-0.65113,-0.19116,0.039994,10.449,-0.51,0.90025,24.24
0.73251,-0.65199,-0.19193,0.03883,10.463,-0.49891,0.90099,24.25
0.73244,-0.65204,-0.19202,0.038785,10.463,-0.49891,0.90099,24.25
0.73147,-0.65299,-0.19272,0.03765,10.477,-0.48793,0.90173,24.26
0.73058,-0.65381,-0.19352,0.036562,10.491,-0.47704,0.90248,24.27
0.7296,-0.65476,-0.19422,0.035308,10.506,-0.46625,0.90324,24.28
0.72863,-0.65566,-0.19504,0.034199,10.52,-0.45556,0.904,24.29
0.72774,-0.6565,-0.19574,0.033123,10.535,-0.44496,0.90478,24.3
0.72781,-0.65644,-0.19568,0.03303,10.535,-0.44488,0.90475,24.3
0.72688,-0.65728,-0.19649,0.03182,10.55,-0.43435,0.90553,24.31
0.7259,-0.65821,-0.19719,0.030698,10.565,-0.42393,0.90632,24.32
0.72495,-0.6591,-0.19788,0.029573,10.58,-0.4136,0.90712,24.33
0.72403,-0.65995,-0.19859,0.028257,10.595,-0.40338,0.90793,24.34
0.72306,-0.66083,-0.19939,0.027109,10.611,-0.39325,0.90874,24.35
0.72311,-0.66079,-0.19933,0.027271,10.611,-0.39333,0.90874,24.35
0.72218,-0.66163,-0.20004,0.02615,10.627,-0.38331,0.90956,24.36
0.72119,-0.66252,-0.20079,0.024962,10.643,-0.3734,0.91039,24.37
0.72026,-0.66338,-0.20145,0.023845,10.658,-0.36359,0.91123,24.38
0.71928,-0.66428,-0.20211,0.022745,10.675,-0.35389,0.91208,24.39
0.71837,-0.66507,-0.20288,0.021649,10.691,-0.3443,0.91293,24.4
0.71835,-0.66507,-0.20296,0.021509,10.691,-0.34424,0.91289,24.4
0.71745,-0.66587,-0.20362,0.020355,10.707,-0.33474,0.91375,24.41
0.71651,-0.6667,-0.20433,0.019219,10.724,-0.32534,0.91462,24.42
0.71557,-0.66752,-0.20507,0.018066,10.741,-0.31606,0.9155,24.43
0.71459,-0.66835,-0.20585,0.016931,10.757,-0.30689,0.91638,24.44
0.71361,-0.66921,-0.20657,0.015717,10.774,-0.29782,0.91727,24.45
0.71353,-0.66929,-0.20657,0.015742,10.775,-0.29781,0.9172,24.45
0.71257,-0.6701,-0.20734,0.014665,10.792,-0.28884,0.9181,24.46
0.71164,-0.67091,-0.20802,0.013422,10.809,-0.27999,0.919,24.47
0.71066,-0.67176,-0.20867,0.012318,10.826,-0.27126,0.9199,24.48
0.70972,-0.67256,-0.20939,0.011097,10.844,-0.26264,0.92082,24.49
0.7088,-0.67331,-0.21014,0.0098766,10.861,-0.25414,0.92174,24.5
0.70864,-0.67347,-0.21017,0.0099798,10.862,-0.25426,0.92173,24.5
0.70767,-0.67427,-0.21092,0.0089293,10.879,-0.24588,0.92266,24.51
0.70669,-0.6751,-0.2116,0.0078409,10.897,-0.23762,0.92359,24.52
0.70571,-0.67593,-0.21224,0.006716,10.915,-0.22948,0.92453,24.53
0.70477,-0.67669,-0.21298,0.0055305,10.933,-0.22146,0.92547,24.54
0.70377,-0.67749,-0.21377,0.0044248,10.952,-0.21356,0.92642,24.55
0.7037,-0.67758,-0.21374,0.0042181,10.952,-0.21352,0.92635,24.55
0.70265,-0.67843,-0.21449,0.0031057,10.97,-0.20571,0.9273,24.56
0.70165,-0.67925,-0.2152,0.0019377,10.989,-0.19803,0.92826,24.57
0.70065,-0.68008,-0.21585,0.00070951,11.007,-0.19047,0.92923,24.58
0.69968,-0.68082,-0.21664,-0.00041953,11.026,-0.18303,0.9302,24.59
0.6987,-0.6816,-0.21737,-0.0015737,11.045,-0.17572,0.93118,24.6
0.69869,-0.68163,-0.21731,-0.0015476,11.045,-0.17576,0.93114,24.6
0.69768,-0.68243,-0.218,-0.0026111,11.064,-0.16856,0.93212,24.61
0.69668,-0.68321,-0.21872,-0.0037044,11.083,-0.16149,0.9331,24.62
0.69568,-0.68405,-0.21927,-0.0048374,11.102,-0.15454,0.9341,24.63
0.69466,-0.68485,-0.22001,-0.005958,11.122,-0.14771,0.93509,24.64
0.69363,-0.68565,-0.22073,-0.0070792,11.141,-0.14102,0.9361,24.65
0.69361,-0.68562,-0.22084,-0.0073147,11.141,-0.14113,0.93608,24.65
0.69263,-0.68641,-0.22143,-0.0084697,11.161,-0.13457,0.93709,24.66
0.69156,-0.68726,-0.22212,-0.0096044,11.18,-0.12813,0.9381,24.67
0.6906,-0.68798,-0.2228,-0.010751,11.2,-0.12183,0.93912,24.68
0.68959,-0.68875,-0.22349,-0.011902,11.22,-0.11565,0.94014,24.69
0.68855,-0.68957,-0.22413,-0.013086,11.24,-0.10961,0.94117,24.7
0.68848,-0.68956,-0.22436,-0.013078,11.24,-0.10966,0.94112,24.7
0.68748,-0.69031,-0.22505,-0.014184,11.26,-0.10374,0.94215,24.71
0.68639,-0.69115,-0.22572,-0.015298,11.28,-0.097946,0.94319,24.72
0.68531,-0.69194,-0.22649,-0.016533,11.3,-0.092283,0.94423,24.73
0.68429,-0.69268,-0.22721,-0.017679,11.32,-0.086753,0.94528,24.74
0.68333,-0.69338,-0.22786,-0.018874,11.34,-0.081357,0.94633,24.75
0.68329,-0.69343,-0.22787,-0.018844,11.341,-0.081437,0.94627,24.75
0.68221,-0.69421,-0.22859,-0.019989,11.361,-0.076167,0.94733,24.76
0.68116,-0.69499,-0.22925,-0.021185,11.382,-0.071032,0.94839,24.77
0.68011,-0.69575,-0.22996,-0.022359,11.402,-0.06603,0.94945,24.78
0.679,-0.69657,-0.23065,-0.023569,11.423,-0.061162,0.95051,24.79
0.67793,-0.69733,-0.23136,-0.024753,11.443,-0.05643,0.95158,24.8
0.67803,-0.69724,-0.23134,-0.024607,11.444,-0.056531,0.95152,24.8
0.67697,-0.69799,-0.23207,-0.025731,11.464,-0.051932,0.95259,24.81
0.67597,-0.6987,-0.23273,-0.026798,11.485,-0.047469,0.95366,24.82
0.67487,-0.69951,-0.23334,-0.027974,11.506,-0.043142,0.95474,24.83
0.67378,-0.7003,-0.23402,-0.029083,11.527,-0.038952,0.95582,24.84
0.67269,-0.70104,-0.23476,-0.030315,11.548,-0.0349,0.9569,24.85
0.67271,-0.701,-0.2348,-0.030371,11.548,-0.035004,0.95689,24.85
0.67167,-0.70172,-0.23548,-0.031574,11.57,-0.031102,0.95797,24.86
0.67064,-0.70241,-0.2362,-0.032736,11.591,-0.027339,0.95905,24.87
0.66955,-0.70315,-0.23694,-0.033901,11.612,-0.023715,0.96014,24.88
0.6685,-0.70383,-0.23771,-0.035006,11.633,-0.020228,0.96123,24.89
0.66742,-0.70459,-0.23832,-0.036124,11.654,-0.01688,0.96232,24.9
0.66734,-0.7047,-0.23825,-0.036129,11.655,-0.016913,0.96228,24.9
0.66624,-0.70544,-0.2389,-0.037334,11.676,-0.013706,0.96337,24.91
0.66506,-0.70626,-0.2396,-0.038524,11.698,-0.010638,0.96446,24.92
0.66397,-0.70698,-0.2403,-0.039796,11.719,-0.0077101,0.96556,24.93
0.66289,-0.70768,-0.241,-0.040984,11.74,-0.0049221,0.96666,24.94
0.66178,-0.70841,-0.24171,-0.042152,11.762,-0.0022755,0.96776,24.95
0.66192,-0.70832,-0.24167,-0.041877,11.762,-0.0022716,0.96766,24.95
0.66076,-0.70909,-0.24234,-0.043074,11.784,0.00025342,0.96876,24.96
0.65969,-0.70981,-0.24297,-0.044171,11.806,0.0026367,0.96986,24.97
0.65863,-0.7105,-0.24361,-0.045303,11.827,0.0048796,0.97097,24.98
0.65743,-0.71127,-0.24436,-0.046495,11.849,0.0069807,0.97207,24.99
0.65639,-0.71192,-0.24504,-0.047656,11.871,0.0089388,0.97318,25
0.65642,-0.71188,-0.24507,-0.047629,11.871,0.0088376,0.97312,25
0.65531,-0.71261,-0.2457,-0.048821,11.893,0.010651,0.97422,25.01
0.65427,-0.71328,-0.24629,-0.049997,11.914,0.012322,0.97533,25.02
0.65322,-0.71395,-0.24692,-0.051142,11.936,0.01385,0.97644,25.03
0.65212,-0.71462,-0.2476,-0.052328,11.958,0.015236,0.97755,25.04
0.65102,-0.71534,-0.2482,-0.05349,11.98,0.01648,0.97866,25.05
0.65088,-0.71539,-0.24844,-0.053376,11.98,0.016401,0.97858,25.05
0.64972,-0.71613,-0.24907,-0.05457,12.002,0.017498,0.97969,25.06
0.64855,-0.71687,-0.24977,-0.055665,12.024,0.018453,0.9808,25.07
0.64742,-0.71757,-0.25044,-0.056812,12.046,0.019265,0.98192,25.08
0.64624,-0.71829,-0.25113,-0.057971,12.068,0.019932,0.98303,25.09
0.64513,-0.71897,-0.25177,-0.059172,12.09,0.020456,0.98414,25.1
0.64527,-0.71884,-0.25179,-0.059114,12.09,0.020422,0.98402,25.1
0.64411,-0.71954,-0.25248,-0.060326,12.112,0.02081,0.98513,25.11
0.64304,-0.7202,-0.25304,-0.061486,12.134,0.021056,0.98624,25.12
0.64195,-0.72083,-0.25374,-0.062647,12.156,0.021158,0.98736,25.13
0.64085,-0.72148,-0.2544,-0.063754,12.178,0.021117,0.98847,25.14
0.63971,-0.72214,-0.25509,-0.064915,12.199,0.020935,0.98958,25.15
0.63961,-0.72222,-0.25513,-0.064853,12.2,0.020876,0.98947,25.15
0.63847,-0.72286,-0.25587,-0.065983,12.222,0.02055,0.99058,25.16
0.63734,-0.72353,-0.25652,-0.067074,12.244,0.020082,0.99168,25.17
0.63628,-0.72415,-0.25711,-0.068205,12.265,0.01947,0.99279,25.18
0.63518,-0.72478,-0.25772,-0.069356,12.287,0.018717,0.9939,25.19
0.63408,-0.7254,-0.25839,-0.070502,12.309,0.017822,0.995,25.2
0.63389,-0.72554,-0.25844,-0.070582,12.31,0.017751,0.9949,25.2
0.63271,-0.72623,-0.2591,-0.071717,12.331,0.016708,0.996,25.21
0.63162,-0.72684,-0.25968,-0.072927,12.353,0.015522,0.9971,25.22
0.63044,-0.72752,-0.26032,-0.074119,12.375,0.014192,0.9982,25.23
0.62925,-0.72823,-0.26089,-0.075219,12.397,0.012721,0.9993,25.24
0.62812,-0.72882,-0.26164,-0.076339,12.419,0.011107,1.0004,25.25
0.62812,-0.72879,-0.26173,-0.076301,12.419,0.011083,1.0003,25.25
0.62699,-0.72944,-0.26231,-0.077417,12.441,0.0093342,1.0014,25.26
0.62585,-0.73004,-0.26302,-0.078577,12.462,0.0074443,1.0025,25.27
0.62475,-0.73063,-0.26366,-0.079693,12.484,0.0054122,1.0036,25.28
0.62363,-0.73123,-0.26431,-0.08085,12.506,0.0032396,1.0046,25.29
0.62249,-0.73188,-0.26482,-0.081958,12.527,0.0009269,1.0057,25.3
0.62229,-0.73199,-0.26499,-0.082025,12.528,0.00087517,1.0056,25.3
0.62111,-0.73263,-0.26564,-0.08312,12.549,-0.0015814,1.0067,25.31
0.61994,-0.73328,-0.26624,-0.084252,12.571,-0.004178,1.0078,25.32
0.61883,-0.73383,-0.26691,-0.085387,12.592,-0.0069146,1.0089,25.33
0.61764,-0.73447,-0.2676,-0.086413,12.614,-0.0097898,1.0099,25.34
0.61636,-0.73514,-0.26828,-0.087687,12.635,-0.012804,1.011,25.35
0.61641,-0.73511,-0.26824,-0.087731,12.636,-0.012849,1.0109,25.35
0.61515,-0.73578,-0.26889,-0.088902,12.657,-0.016004,1.012,25.36
0.61389,-0.73645,-0.2696,-0.08998,12.678,-0.019297,1.013,25.37
0.61272,-0.73706,-0.27021,-0.091072,12.7,-0.022728,1.0141,25.38
0.61152,-0.73771,-0.27081,-0.09216,12.721,-0.026297,1.0152,25.39
0.61027,-0.73834,-0.27151,-0.093334,12.742,-0.030004,1.0162,25.4
0.61047,-0.73818,-0.27145,-0.093437,12.742,-0.030068,1.0162,25.4
0.60929,-0.73874,-0.27217,-0.094591,12.763,-0.033919,1.0172,25.41
0.6081,-0.73931,-0.27288,-0.095774,12.785,-0.037905,1.0183,25.42
0.60688,-0.73993,-0.2735,-0.096976,12.805,-0.042027,1.0193,25.43
0.60566,-0.74055,-0.27415,-0.098014,12.826,-0.046285,1.0204,25.44
0.60445,-0.74115,-0.2748,-0.099138,12.847,-0.050679,1.0214,25.45
0.60448,-0.74118,-0.27464,-0.099133,12.848,-0.050725,1.0213,25.45
0.60324,-0.7418,-0.27529,-0.10024,12.868,-0.055253,1.0224,25.46
0.60199,-0.74243,-0.27592,-0.10135,12.889,-0.059915,1.0234,25.47
0.60076,-0.74305,-0.27656,-0.10242,12.91,-0.06471,1.0244,25.48
0.59956,-0.74358,-0.27727,-0.10361,12.93,-0.069638,1.0255,25.49
0.59831,-0.7442,-0.27791,-0.10469,12.951,-0.074701,1.0265,25.5
0.59844,-0.74411,-0.27781,-0.10482,12.951,-0.074781,1.0264,25.5
0.59729,-0.74465,-0.27842,-0.10591,12.971,-0.079983,1.0274,25.51
0.59604,-0.74524,-0.27912,-0.10698,12.992,-0.085317,1.0284,25.52
0.59477,-0.74584,-0.27981,-0.10805,13.012,-0.090782,1.0294,25.53
0.59356,-0.74642,-0.2804,-0.10916,13.032,-0.096379,1.0304,25.54
0.59231,-0.74701,-0.28104,-0.11032,13.052,-0.10211,1.0314,25.55
0.59234,-0.74698,-0.28096,-0.1105,13.053,-0.10217,1.0314,25.55
0.5911,-0.74755,-0.2816,-0.11169,13.073,-0.10802,1.0324,25.56
0.58987,-0.7481,-0.28224,-0.11287,13.092,-0.11401,1.0334,25.57
0.58864,-0.74868,-0.2828,-0.114,13.112,-0.12012,1.0343,25.58
0.58736,-0.74924,-0.28354,-0.11512,13.132,-0.12636,1.0353,25.59
0.58613,-0.74981,-0.28413,-0.11623,13.152,-0.13273,1.0363,25.6
0.58619,-0.74979,-0.28408,-0.11616,13.152,-0.1328,1.0362,25.6
0.58498,-0.75034,-0.28466,-0.11725,13.171,-0.1393,1.0372,25.61
0.58373,-0.75085,-0.28538,-0.11849,13.191,-0.14592,1.0381,25.62
0.58244,-0.75145,-0.28596,-0.11964,13.21,-0.15267,1.0391,25.63
0.58126,-0.75196,-0.28653,-0.12081,13.229,-0.15954,1.0401,25.64
0.58003,-0.75249,-0.28719,-0.12185,13.248,-0.16654,1.041,25.65
0.58,-0.75252,-0.28717,-0.12182,13.249,-0.16661,1.0409,25.65
0.57877,-0.75307,-0.28774,-0.12293,13.268,-0.17373,1.0419,25.66
0.57753,-0.7536,-0.28837,-0.12405,13.287,-0.18098,1.0428,25.67
0.57629,-0.75411,-0.28899,-0.12529,13.305,-0.18835,1.0437,25.68
0.57505,-0.75464,-0.28961,-0.12631,13.324,-0.19583,1.0447,25.69
0.57381,-0.75516,-0.29025,-0.12739,13.342,-0.20344,1.0456,25.7
0.57375,-0.7552,-0.29024,-0.12747,13.343,-0.20358,1.0455,25.7
0.57255,-0.75569,-0.29083,-0.12856,13.361,-0.21132,1.0464,25.71
0.57125,-0.75625,-0.29143,-0.12975,13.379,-0.21917,1.0473,25.72
0.56992,-0.75682,-0.29203,-0.13088,13.398,-0.22714,1.0482,25.73
0.56863,-0.75737,-0.29265,-0.13196,13.416,-0.23522,1.0491,25.74
0.56737,-0.75789,-0.29324,-0.13306,13.434,-0.24342,1.05,25.75
0.56744,-0.75781,-0.29328,-0.13311,13.434,-0.24356,1.0499,25.75
0.56623,-0.75832,-0.29376,-0.13431,13.452,-0.25189,1.0508,25.76
0.56496,-0.75882,-0.29441,-0.13539,13.469,-0.26034,1.0517,25.77
0.56371,-0.75934,-0.29495,-0.13649,13.487,-0.26889,1.0526,25.78
0.56251,-0.75985,-0.29541,-0.13763,13.504,-0.27756,1.0534,25.79
0.56126,-0.76035,-0.29596,-0.13877,13.522,-0.28633,1.0543,25.8
0.56108,-0.76036,-0.29631,-0.13873,13.522,-0.28647,1.0542,25.8
0.55982,-0.7608,-0.29699,-0.13993,13.539,-0.29537,1.055,25.81
0.55855,-0.76128,-0.29763,-0.14105,13.556,-0.30437,1.0559,25.82
0.5573,-0.7617,-0.29832,-0.14221,13.573,-0.31349,1.0567,25.83
0.55605,-0.76218,-0.2989,-0.14334,13.59,-0.32271,1.0575,25.84
0.55477,-0.76268,-0.29947,-0.14448,13.606,-0.33204,1.0583,25.85
0.55468,-0.76284,-0.29929,-0.14435,13.606,-0.33228,1.0583,25.85
0.55343,-0.76333,-0.29981,-0.14548,13.623,-0.34174,1.0591,25.86
0.5521,-0.76381,-0.30046,-0.14666,13.639,-0.35131,1.0599,25.87
0.55086,-0.76425,-0.30107,-0.14774,13.655,-0.36098,1.0606,25.88
0.54949,-0.76479,-0.30165,-0.14886,13.671,-0.37075,1.0614,25.89
0.54818,-0.76528,-0.30222,-0.15002,13.687,-0.38063,1.0622,25.9
0.54824,-0.76524,-0.30226,-0.14995,13.687,-0.38071,1.0621,25.9
0.54699,-0.76568,-0.30283,-0.15106,13.703,-0.39068,1.0629,25.91
0.54571,-0.76614,-0.30341,-0.15225,13.719,-0.40076,1.0636,25.92
0.54443,-0.76663,-0.30391,-0.15334,13.734,-0.41092,1.0644,25.93
0.54323,-0.76702,-0.30456,-0.15437,13.749,-0.42119,1.0651,25.94
0.54195,-0.76745,-0.3052,-0.15544,13.764,-0.43156,1.0659,25.95
0.54174,-0.76758,-0.30519,-0.15554,13.764,-0.43172,1.0658,25.95
0.54046,-0.76805,-0.30568,-0.15671,13.779,-0.44219,1.0665,25.96
0.53916,-0.76852,-0.3062,-0.1579,13.794,-0.45276,1.0672,25.97
0.53781,-0.76901,-0.30675,-0.15905,13.809,-0.46342,1.0679,25.98
0.53647,-0.76947,-0.30737,-0.16014,13.823,-0.47417,1.0686,25.99
0.53516,-0.76995,-0.30787,-0.16124,13.837,-0.48501,1.0693,26
0.53519,-0.76986,-0.30811,-0.16111,13.838,-0.4852,1.0693,26
0.53383,-0.77031,-0.3087,-0.16231,13.852,-0.49614,1.0699,26.01
0.53252,-0.77078,-0.30921,-0.16345,13.866,-0.50718,1.0706,26.02
0.5312,-0.77122,-0.3098,-0.16454,13.879,-0.5183,1.0712,26.03
0.52986,-0.77166,-0.31036,-0.16571,13.893,-0.5295,1.0719,26.04
0.5286,-0.77209,-0.31088,-0.1668,13.906,-0.54079,1.0725,26.05
0.5286,-0.77207,-0.31099,-0.16667,13.907,-0.54095,1.0725,26.05
0.52724,-0.77257,-0.31148,-0.16771,13.92,-0.55234,1.0731,26.06
0.52591,-0.77299,-0.31212,-0.16878,13.933,-0.56381,1.0738,26.07
0.52463,-0.7734,-0.3127,-0.16981,13.946,-0.57536,1.0744,26.08
0.5233,-0.77382,-0.31332,-0.17088,13.958,-0.58699,1.075,26.09
0.52205,-0.77422,-0.31382,-0.17196,13.971,-0.5987,1.0756,26.1
0.52197,-0.77421,-0.31383,-0.17222,13.971,-0.59891,1.0755,26.1
0.52061,-0.77466,-0.31435,-0.17334,13.983,-0.61072,1.0761,26.11
0.5192,-0.77517,-0.31482,-0.17443,13.996,-0.62261,1.0767,26.12
0.51783,-0.77553,-0.31549,-0.17569,14.008,-0.63457,1.0773,26.13
0.51646,-0.77598,-0.31607,-0.17672,14.019,-0.64661,1.0778,26.14
0.51502,-0.77643,-0.31669,-0.17781,14.031,-0.65873,1.0784,26.15
0.51528,-0.77629,-0.31667,-0.17774,14.031,-0.65885,1.0783,26.15
0.51394,-0.77671,-0.31718,-0.17884,14.043,-0.67105,1.0789,26.16
0.51257,-0.77713,-0.31771,-0.18002,14.054,-0.68332,1.0794,26.17
0.51124,-0.77755,-0.31814,-0.18121,14.065,-0.69567,1.0799,26.18
0.50981,-0.77799,-0.31871,-0.18234,14.076,-0.70808,1.0804,26.19
0.5084,-0.77842,-0.31922,-0.18354,14.086,-0.72057,1.0809,26.2
0.50854,-0.77829,-0.31947,-0.18326,14.086,-0.72066,1.0808,26.2
0.5072,-0.77869,-0.32001,-0.18434,14.097,-0.7332,1.0813,26.21
0.50584,-0.77906,-0.32059,-0.1855,14.107,-0.74581,1.0818,26.22
0.50444,-0.7795,-0.32105,-0.18665,14.117,-0.75849,1.0823,26.23
0.50312,-0.77984,-0.32159,-0.18788,14.127,-0.77123,1.0827,26.24
0.50177,-0.78017,-0.32221,-0.18904,14.137,-0.78402,1.0832,26.25
0.50177,-0.78023,-0.32224,-0.18877,14.137,-0.78419,1.0831,26.25
0.50048,-0.78054,-0.32284,-0.18989,14.146,-0.79706,1.0836,26.26
-0.49912,0.78092,0.32336,0.191,14.156,-0.80999,1.084,26.27
-0.49775,0.78131,0.3239,0.19208,14.165,-0.82297,1.0844,26.28
-0.49643,0.78163,0.32451,0.19314,14.174,-0.83602,1.0848,26.29
-0.49504,0.78203,0.32507,0.19416,14.182,-0.84911,1.0852,26.3
-0.49496,0.78209,0.32499,0.19425,14.183,-0.84929,1.0851,26.3
-0.49368,0.7824,0.32556,0.19531,14.191,-0.86246,1.0855,26.31
-0.49229,0.78277,0.32611,0.19638,14.199,-0.87567,1.0859,26.32
-0.49097,0.78314,0.32659,0.19745,14.207,-0.88893,1.0863,26.33
-0.48963,0.78348,0.32715,0.19847,14.215,-0.90225,1.0866,26.34
-0.48834,0.78382,0.32764,0.19951,14.223,-0.91561,1.087,26.35
-0.4881,0.78389,0.3277,0.19972,14.223,-0.91578,1.0869,26.35
-0.48675,0.78421,0.32821,0.20092,14.231,-0.9292,1.0873,26.36
-0.48537,0.78452,0.3288,0.20208,14.238,-0.94267,1.0876,26.37
-0.48402,0.78482,0.3294,0.20316,14.245,-0.95618,1.0879,26.38
-0.48259,0.78519,0.32992,0.20431,14.252,-0.96974,1.0882,26.39
-0.48116,0.78553,0.33054,0.20534,14.258,-0.98334,1.0885,26.4
-0.48119,0.78562,0.33039,0.20517,14.258,-0.98347,1.0884,26.4
-0.47974,0.78599,0.3309,0.20635,14.265,-0.99711,1.0887,26.41
-0.47839,0.78627,0.33148,0.20747,14.271,-1.0108,1.0889,26.42
-0.47697,0.7866,0.33205,0.20857,14.277,-1.0245,1.0892,26.43
-0.47557,0.78696,0.33256,0.20961,14.283,-1.0383,1.0895,26.44
-0.47416,0.78728,0.33311,0.21071,14.288,-1.0521,1.0897,26.45
-0.47424,0.78729,0.33304,0.2106,14.289,-1.0522,1.0896,26.45
-0.47281,0.78763,0.33357,0.21169,14.294,-1.0661,1.0899,26.46
-0.47126,0.78801,0.33418,0.2128,14.299,-1.0799,1.0901,26.47
-0.46989,0.78833,0.33463,0.21394,14.304,-1.0938,1.0903,26.48
-0.46849,0.78865,0.33514,0.21504,14.309,-1.1078,1.0905,26.49
-0.46706,0.78896,0.33573,0.21607,14.313,-1.1217,1.0907,26.5
-0.46726,0.78888,0.33567,0.21602,14.313,-1.1218,1.0906,26.5
-0.4658,0.7892,0.3362,0.21717,14.318,-1.1358,1.0908,26.51
-0.46435,0.78954,0.33668,0.21829,14.322,-1.1498,1.0909,26.52
-0.46299,0.78982,0.33722,0.21932,14.326,-1.1639,1.0911,26.53
-0.46164,0.79011,0.33769,0.22041,14.329,-1.1779,1.0912,26.54
-0.46031,0.79037,0.3382,0.22149,14.333,-1.192,1.0914,26.55
-0.46022,0.79041,0.33827,0.22142,14.333,-1.1922,1.0913,26.55
-0.45884,0.79065,0.33882,0.22258,14.336,-1.2063,1.0914,26.56
-0.4575,0.79089,0.33936,0.22366,14.339,-1.2205,1.0915,26.57
-0.45611,0.79114,0.33992,0.22476,14.342,-1.2346,1.0916,26.58
-0.4547,0.7914,0.34048,0.22586,14.344,-1.2488,1.0917,26.59
-0.45328,0.79169,0.341,0.22691,14.347,-1.263,1.0918,26.6
-0.45315,0.79186,0.34083,0.2268,14.347,-1.2631,1.0918,26.6
-0.45179,0.79208,0.34139,0.22793,14.349,-1.2773,1.0918,26.61
-0.45044,0.79232,0.3419,0.22901,14.351,-1.2915,1.0919,26.62
-0.44907,0.79256,0.34239,0.23013,14.353,-1.3057,1.0919,26.63
-0.44757,0.79284,0.34295,0.23125,14.354,-1.3199,1.0919,26.64
-0.44617,0.79312,0.34337,0.23236,14.355,-1.3342,1.092,26.65
-0.44605,0.79324,0.34337,0.23215,14.355,-1.3343,1.092,26.65
-0.44464,0.7935,0.34388,0.23323,14.356,-1.3486,1.092,26.66
-0.44318,0.79382,0.34432,0.23427,14.357,-1.3629,1.092,26.67
-0.44171,0.79408,0.34493,0.23528,14.358,-1.3771,1.092,26.68
-0.44026,0.79434,0.34544,0.23637,14.358,-1.3914,1.092,26.69
-0.43878,0.79462,0.34595,0.23743,14.358,-1.4056,1.092,26.7
-0.4389,0.79456,0.34588,0.23749,14.358,-1.4058,1.0919,26.7
-0.43746,0.7948,0.34643,0.23855,14.358,-1.42,1.0919,26.71
-0.43608,0.79505,0.34695,0.23951,14.358,-1.4343,1.0919,26.72
-0.43462,0.79532,0.34741,0.24058,14.357,-1.4486,1.0918,26.73
-0.43313,0.79557,0.34789,0.24174,14.357,-1.4628,1.0917,26.74
-0.43162,0.79587,0.34837,0.24276,14.356,-1.4771,1.0916,26.75
-0.43171,0.79581,0.34835,0.24281,14.356,-1.4772,1.0916,26.75
-0.43024,0.79607,0.34887,0.24383,14.355,-1.4915,1.0915,26.76
-0.4288,0.79629,0.34941,0.24488,14.353,-1.5057,1.0914,26.77
-0.42737,0.79653,0.3499,0.24589,14.352,-1.52,1.0913,26.78
-0.42587,0.79673,0.35044,0.24707,14.35,-1.5342,1.0912,26.79
-0.42445,0.79694,0.35092,0.24815,14.348,-1.5484,1.091,26.8
-0.42449,0.79699,0.3508,0.24811,14.348,-1.5484,1.091,26.8
-0.42312,0.79718,0.35136,0.24905,14.346,-1.5626,1.0909,26.81
-0.42164,0.79742,0.35179,0.25016,14.343,-1.5768,1.0907,26.82
-0.42018,0.79766,0.35223,0.25123,14.34,-1.591,1.0905,26.83
-0.41871,0.79786,0.35276,0.25231,14.338,-1.6051,1.0903,26.84
-0.41724,0.79808,0.35325,0.25335,14.334,-1.6192,1.0902,26.85
-0.41724,0.79809,0.35322,0.25339,14.334,-1.6193,1.0901,26.85
-0.41577,0.79827,0.35374,0.25451,14.331,-1.6334,1.0899,26.86
-0.4143,0.79848,0.35419,0.2556,14.328,-1.6475,1.0897,26.87
-0.41284,0.79869,0.3547,0.2566,14.324,-1.6615,1.0895,26.88
-0.41127,0.79894,0.35518,0.25767,14.32,-1.6756,1.0893,26.89
-0.40988,0.79912,0.35561,0.25875,14.316,-1.6896,1.089,26.9
-0.40994,0.79913,0.35559,0.25864,14.316,-1.6897,1.089,26.9
-0.40849,0.79932,0.3561,0.25966,14.311,-1.7037,1.0888,26.91
-0.40699,0.79953,0.35656,0.26072,14.306,-1.7176,1.0885,26.92
-0.40554,0.7997,0.35702,0.26184,14.302,-1.7316,1.0882,26.93
-0.40409,0.79992,0.35744,0.26284,14.297,-1.7454,1.0879,26.94
-0.40259,0.80007,0.35798,0.26391,14.291,-1.7593,1.0876,26.95
-0.4026,0.80009,0.35796,0.26388,14.291,-1.7594,1.0876,26.95
-0.40115,0.80027,0.35842,0.26491,14.286,-1.7732,1.0873,26.96
-0.3996,0.80047,0.35894,0.26597,14.28,-1.787,1.087,26.97
-0.39816,0.80064,0.3593,0.26709,14.274,-1.8008,1.0866,26.98
-0.39671,0.80077,0.3598,0.26818,14.268,-1.8145,1.0863,26.99
-0.39525,0.80095,0.36022,0.26924,14.262,-1.8281,1.0859,27
-0.39524,0.80099,0.36027,0.26908,14.262,-1.8283,1.086,27
-0.39381,0.80116,0.36075,0.27002,14.255,-1.8419,1.0856,27.01
-0.39231,0.80134,0.36121,0.27106,14.248,-1.8555,1.0852,27.02
-0.39079,0.80152,0.36169,0.27209,14.241,-1.869,1.0848,27.03
-0.38939,0.80163,0.36216,0.27312,14.234,-1.8825,1.0845,27.04
-0.38783,0.80185,0.36259,0.27414,14.227,-1.8959,1.084,27.05
-0.38784,0.80181,0.36256,0.27427,14.227,-1.896,1.0841,27.05
-0.3864,0.80199,0.36301,0.27519,14.219,-1.9094,1.0836,27.06
-0.38486,0.80221,0.36345,0.27614,14.211,-1.9228,1.0832,27.07
-0.38334,0.80233,0.36397,0.27719,14.203,-1.9361,1.0828,27.08
-0.3818,0.80249,0.36443,0.27826,14.195,-1.9493,1.0823,27.09
-0.38025,0.80269,0.36489,0.27919,14.187,-1.9625,1.0819,27.1
-0.3804,0.80257,0.36482,0.27943,14.187,-1.9626,1.0819,27.1
-0.37896,0.80271,0.36517,0.28054,14.178,-1.9758,1.0814,27.11
-0.37749,0.80281,0.36568,0.28155,14.169,-1.9888,1.0809,27.12
-0.37601,0.80297,0.3661,0.28254,14.16,-2.0018,1.0805,27.13
-0.37452,0.80309,0.36647,0.28369,14.151,-2.0148,1.08,27.14
-0.37299,0.80327,0.36685,0.28471,14.142,-2.0277,1.0794,27.15
-0.37293,0.80326,0.36704,0.28457,14.142,-2.0279,1.0795,27.15
-0.37146,0.80339,0.36742,0.28563,14.132,-2.0407,1.079,27.16
-0.37,0.80352,0.36779,0.28668,14.122,-2.0535,1.0784,27.17
-0.36854,0.80367,0.36818,0.28764,14.112,-2.0662,1.0779,27.18
-0.36701,0.8038,0.36862,0.28866,14.102,-2.0788,1.0773,27.19
-0.36556,0.80389,0.36909,0.28964,14.092,-2.0914,1.0768,27.2
-0.36543,0.80387,0.36923,0.28969,14.091,-2.0915,1.0768,27.2
-0.36389,0.80401,0.3697,0.29065,14.081,-2.1041,1.0763,27.21
-0.36243,0.80407,0.37015,0.29172,14.07,-2.1165,1.0757,27.22
-0.36101,0.80414,0.37064,0.29268,14.059,-2.1289,1.0751,27.23
-0.35945,0.80428,0.37106,0.29366,14.048,-2.1412,1.0745,27.24
-0.35798,0.80436,0.37155,0.29464,14.037,-2.1534,1.0739,27.25
-0.35791,0.80441,0.37139,0.29478,14.037,-2.1535,1.074,27.25
-0.35638,0.80454,0.37175,0.29583,14.025,-2.1657,1.0733,27.26
-0.35486,0.80463,0.37219,0.29685,14.013,-2.1777,1.0727,27.27
-0.35341,0.8047,0.37261,0.29786,14.002,-2.1897,1.0721,27.28
-0.35192,0.8048,0.37299,0.29887,13.989,-2.2016,1.0714,27.29
-0.35037,0.8049,0.37339,0.29993,13.977,-2.2135,1.0708,27.3
-0.35034,0.80489,0.37352,0.29983,13.977,-2.2136,1.0707,27.3
-0.34885,0.80493,0.37397,0.30089,13.965,-2.2254,1.0701,27.31
-0.34739,0.80498,0.37443,0.30187,13.952,-2.2371,1.0694,27.32
-0.34585,0.80505,0.3749,0.30288,13.939,-2.2487,1.0687,27.33
-0.34436,0.8051,0.37537,0.30386,13.926,-2.2602,1.068,27.34
-0.34285,0.80518,0.37579,0.30484,13.913,-2.2716,1.0673,27.35
-0.34275,0.80529,0.37562,0.30487,13.913,-2.2717,1.0674,27.35
-0.34133,0.80539,0.3759,0.30585,13.9,-2.2831,1.0667,27.36
-0.33987,0.80544,0.37633,0.3068,13.886,-2.2943,1.066,27.37
-0.33836,0.8055,0.37676,0.30777,13.872,-2.3055,1.0653,27.38
-0.33677,0.80554,0.37726,0.30881,13.859,-2.3165,1.0646,27.39
-0.33527,0.80558,0.37771,0.30978,13.845,-2.3275,1.0638,27.4
-0.33512,0.80562,0.37768,0.30989,13.844,-2.3277,1.0639,27.4
-0.33352,0.8057,0.37813,0.31086,13.83,-2.3386,1.0631,27.41
-0.33203,0.80573,0.37858,0.31184,13.816,-2.3494,1.0623,27.42
-0.33046,0.80579,0.379,0.31283,13.801,-2.3601,1.0616,27.43
-0.32893,0.80583,0.37943,0.31381,13.787,-2.3707,1.0608,27.44
-0.32732,0.8059,0.37983,0.31481,13.772,-2.3812,1.06,27.45
-0.32747,0.80588,0.3797,0.31488,13.772,-2.3813,1.0601,27.45
-0.32584,0.80588,0.3802,0.31596,13.757,-2.3917,1.0593,27.46
-0.32436,0.80593,0.38056,0.31694,13.741,-2.4021,1.0585,27.47
-0.32279,0.80597,0.38096,0.31795,13.726,-2.4123,1.0577,27.48
-0.32113,0.80603,0.38137,0.31898,13.711,-2.4224,1.0569,27.49
-0.31962,0.80603,0.38177,0.32002,13.695,-2.4324,1.0561,27.5
-0.3198,0.80607,0.38171,0.31983,13.695,-2.4325,1.0561,27.5
-0.31825,0.8061,0.3821,0.32082,13.679,-2.4424,1.0553,27.51
-0.31676,0.80613,0.38251,0.32173,13.663,-2.4522,1.0545,27.52
-0.31527,0.80613,0.38295,0.32266,13.647,-2.4619,1.0536,27.53
-0.31364,0.80614,0.38338,0.32371,13.631,-2.4715,1.0528,27.54
-0.31202,0.80619,0.38376,0.32471,13.614,-2.481,1.0519,27.55
-0.31209,0.80619,0.38367,0.32476,13.614,-2.4811,1.052,27.55
-0.31044,0.80623,0.38404,0.32578,13.598,-2.4905,1.0511,27.56
-0.30888,0.80624,0.38443,0.32679,13.581,-2.4998,1.0502,27.57
-0.30729,0.80624,0.38485,0.32778,13.564,-2.509,1.0494,27.58
-0.30574,0.80623,0.38527,0.32876,13.547,-2.5181,1.0485,27.59
-0.3042,0.80624,0.38567,0.32969,13.53,-2.527,1.0476,27.6
-0.30435,0.80624,0.38559,0.32966,13.53,-2.5271,1.0476,27.6
-0.30269,0.8063,0.38601,0.33053,13.513,-2.5359,1.0467,27.61
-0.30112,0.80633,0.38633,0.33152,13.495,-2.5447,1.0458,27.62
-0.29961,0.80631,0.38668,0.33254,13.478,-2.5533,1.0449,27.63
-0.29803,0.80634,0.38702,0.33346,13.46,-2.5618,1.044,27.64
-0.29651,0.80632,0.38736,0.3345,13.442,-2.5702,1.0431,27.65
-0.29659,0.80621,0.38749,0.33452,13.442,-2.5703,1.0431,27.65
-0.29504,0.80627,0.38771,0.33549,13.424,-2.5785,1.0421,27.66
-0.2934,0.80628,0.38808,0.33647,13.406,-2.5867,1.0412,27.67
-0.29191,0.80627,0.38847,0.33737,13.388,-2.5947,1.0403,27.68
-0.2904,0.80624,0.38885,0.3383,13.37,-2.6027,1.0393,27.69
-0.28885,0.80622,0.38918,0.33929,13.352,-2.6105,1.0384,27.7
-0.2888,0.80612,0.38935,0.33937,13.351,-2.6105,1.0384,27.7
-0.28722,0.80606,0.3898,0.34035,13.333,-2.6182,1.0374,27.71
-0.28564,0.80602,0.39017,0.34133,13.314,-2.6258,1.0365,27.72
-0.28411,0.80598,0.39054,0.34229,13.295,-2.6332,1.0355,27.73
-0.28252,0.80593,0.39091,0.34329,13.277,-2.6405,1.0345,27.74
-0.28105,0.80589,0.39121,0.34424,13.258,-2.6477,1.0336,27.75
-0.28099,0.80595,0.39118,0.34418,13.257,-2.6477,1.0336,27.75
-0.27946,0.80589,0.39154,0.34516,13.238,-2.6548,1.0326,27.76
-0.27787,0.80585,0.39191,0.34611,13.219,-2.6618,1.0316,27.77
-0.2762,0.80581,0.39232,0.3471,13.2,-2.6686,1.0306,27.78
-0.27473,0.80573,0.39268,0.34803,13.18,-2.6753,1.0296,27.79
-0.27315,0.80562,0.39308,0.34908,13.161,-2.6818,1.0286,27.8
-0.27315,0.80572,0.39297,0.34897,13.161,-2.6819,1.0286,27.8
-0.27163,0.80562,0.39337,0.34992,13.141,-2.6883,1.0276,27.81
-0.27004,0.80552,0.39381,0.35089,13.121,-2.6946,1.0266,27.82
-0.26856,0.80544,0.39419,0.3518,13.102,-2.7008,1.0256,27.83
-0.26702,0.80538,0.39453,0.35273,13.082,-2.7068,1.0246,27.84
-0.26545,0.80526,0.39495,0.3537,13.062,-2.7128,1.0235,27.85
-0.2653,0.80541,0.39474,0.35371,13.061,-2.7127,1.0236,27.85
-0.26371,0.80537,0.39505,0.35464,13.041,-2.7185,1.0225,27.86
-0.26218,0.8053,0.39538,0.35557,13.021,-2.7242,1.0215,27.87
-0.26059,0.80522,0.39575,0.35651,13.001,-2.7297,1.0205,27.88
-0.25905,0.80514,0.39604,0.35749,12.981,-2.7351,1.0194,27.89
-0.25743,0.80504,0.39642,0.35847,12.96,-2.7404,1.0184,27.9
-0.25741,0.80504,0.39646,0.35844,12.96,-2.7404,1.0184,27.9
-0.25583,0.80498,0.39676,0.35935,12.939,-2.7456,1.0174,27.91
-0.25427,0.80488,0.39706,0.36035,12.919,-2.7506,1.0163,27.92
-0.25265,0.80479,0.3974,0.36132,12.898,-2.7555,1.0153,27.93
-0.25107,0.80471,0.39776,0.36221,12.878,-2.7602,1.0142,27.94
-0.24953,0.80465,0.39809,0.36305,12.857,-2.7648,1.0132,27.95
-0.24951,0.80459,0.39815,0.36313,12.856,-2.7648,1.0132,27.95
-0.24794,0.80452,0.39833,0.36415,12.836,-2.7693,1.0121,27.96
-0.24637,0.80446,0.39863,0.36502,12.815,-2.7736,1.0111,27.97
-0.24476,0.80438,0.39894,0.36595,12.794,-2.7778,1.01,27.98
-0.24324,0.80422,0.39932,0.36689,12.773,-2.7819,1.0089,27.99
-0.24171,0.80414,0.3996,0.36776,12.752,-2.7858,1.0079,28
-0.24159,0.80407,0.39981,0.36779,12.751,-2.7857,1.0079,28
-0.24005,0.80397,0.40014,0.36863,12.73,-2.7895,1.0068,28.01
-0.2385,0.80386,0.40047,0.36952,12.709,-2.7932,1.0057,28.02
-0.23683,0.80374,0.40081,0.37049,12.688,-2.7967,1.0047,28.03
-0.23526,0.80357,0.40117,0.37146,12.666,-2.8001,1.0036,28.04
-0.23369,0.80348,0.40138,0.37243,12.645,-2.8033,1.0025,28.05
-0.23364,0.80348,0.40143,0.37242,12.645,-2.8033,1.0025,28.05
-0.23201,0.80332,0.40175,0.37343,12.623,-2.8063,1.0015,28.06
-0.23047,0.80314,0.40214,0.37434,12.602,-2.8093,1.0004,28.07
-0.22885,0.80301,0.40251,0.37521,12.58,-2.8121,0.99927,28.08
-0.22725,0.80287,0.40285,0.37614,12.559,-2.8148,0.99818,28.09
-0.22558,0.80269,0.4032,0.37713,12.537,-2.8173,0.99708,28.1
-0.22568,0.80281,0.40302,0.37701,12.537,-2.8172,0.99715,28.1
-0.22407,0.80268,0.4033,0.37796,12.515,-2.8196,0.99605,28.11
-0.22252,0.80255,0.40355,0.37888,12.493,-2.8218,0.99495,28.12
-0.22091,0.80238,0.40392,0.37978,12.472,-2.8239,0.99385,28.13
-0.2193,0.80226,0.40417,0.3807,12.45,-2.8259,0.99276,28.14
-0.21775,0.80211,0.40448,0.38157,12.428,-2.8277,0.99165,28.15
-0.21769,0.80209,0.40456,0.38157,12.428,-2.8278,0.9917,28.15
-0.21606,0.80194,0.40484,0.38251,12.406,-2.8295,0.99059,28.16
-0.2145,0.80176,0.40519,0.38339,12.384,-2.831,0.98949,28.17
-0.21283,0.80162,0.40548,0.38431,12.362,-2.8324,0.98839,28.18
-0.21121,0.80146,0.40584,0.38516,12.341,-2.8336,0.98728,28.19
-0.20959,0.80127,0.40625,0.38601,12.319,-2.8348,0.98618,28.2
-0.20969,0.80129,0.40608,0.3861,12.318,-2.8347,0.98622,28.2
-0.20805,0.80111,0.40639,0.38703,12.296,-2.8357,0.98512,28.21
-0.2066,0.80091,0.40666,0.38793,12.274,-2.8365,0.98402,28.22
-0.20498,0.80074,0.40698,0.3888,12.253,-2.8372,0.98292,28.23
-0.2034,0.80053,0.40735,0.38967,12.231,-2.8377,0.98181,28.24
-0.20177,0.80039,0.40757,0.39059,12.209,-2.8381,0.98071,28.25
-0.20166,0.80042,0.40756,0.39059,12.208,-2.8381,0.98074,28.25
-0.19999,0.80027,0.40782,0.39149,12.186,-2.8384,0.97964,28.26
-0.19838,0.80011,0.4081,0.39233,12.164,-2.8385,0.97854,28.27
-0.19677,0.79995,0.4084,0.39316,12.143,-2.8385,0.97744,28.28
-0.19514,0.79974,0.40876,0.39403,12.121,-2.8383,0.97634,28.29
-0.19349,0.79959,0.40905,0.39483,12.099,-2.838,0.97524,28.3
-0.19362,0.79948,0.409,0.39505,12.098,-2.838,0.97525,28.3
-0.19197,0.79927,0.40934,0.39592,12.076,-2.8375,0.97415,28.31
-0.1903,0.79909,0.40967,0.39675,12.054,-2.8369,0.97306,28.32
-0.18869,0.7989,0.40991,0.39766,12.033,-2.8362,0.97196,28.33
-0.18708,0.79872,0.41019,0.39848,12.011,-2.8353,0.97086,28.34
-0.18545,0.7985,0.41057,0.39931,11.989,-2.8342,0.96977,28.35
-0.18557,0.79846,0.41041,0.39948,11.988,-2.8343,0.96977,28.35
-0.18398,0.79821,0.41075,0.40038,11.966,-2.8331,0.96868,28.36
-0.1824,0.7979,0.41107,0.40138,11.945,-2.8318,0.96758,28.37
-0.18089,0.79768,0.41133,0.40224,11.923,-2.8303,0.96648,28.38
-0.17926,0.7975,0.41155,0.40309,11.901,-2.8287,0.96539,28.39
-0.17769,0.79729,0.41182,0.40392,11.879,-2.827,0.96429,28.4
-0.17749,0.79738,0.41179,0.40387,11.879,-2.827,0.96433,28.4
-0.17592,0.7971,0.41205,0.40484,11.857,-2.8251,0.96323,28.41
-0.1744,0.79686,0.41237,0.40565,11.835,-2.8231,0.96214,28.42
-0.1728,0.79665,0.41263,0.40647,11.814,-2.8209,0.96105,28.43
-0.17121,0.79648,0.41283,0.40728,11.792,-2.8186,0.95996,28.44
-0.16955,0.79621,0.41314,0.40819,11.77,-2.8161,0.95888,28.45
-0.1694,0.79623,0.41312,0.40822,11.77,-2.8162,0.95893,28.45
-0.16775,0.796,0.41338,0.4091,11.748,-2.8136,0.95784,28.46
-0.1661,0.79577,0.41358,0.41002,11.727,-2.8109,0.95676,28.47
-0.16444,0.79558,0.41376,0.41087,11.705,-2.808,0.95568,28.48
-0.16283,0.79528,0.414,0.41185,11.684,-2.805,0.9546,28.49
-0.16119,0.79508,0.41419,0.41269,11.663,-2.8018,0.95352,28.5
-0.1613,0.79501,0.41442,0.41254,11.662,-2.8019,0.95359,28.5
-0.15971,0.79473,0.41466,0.41346,11.641,-2.7986,0.95252,28.51
-0.15807,0.79445,0.41498,0.41431,11.619,-2.7952,0.95145,28.52
-0.15638,0.79416,0.41523,0.41526,11.598,-2.7916,0.95038,28.53
-0.15476,0.79387,0.41551,0.41615,11.577,-2.7879,0.94931,28.54
-0.1531,0.79366,0.41571,0.41695,11.556,-2.784,0.94825,28.55
-0.15318,0.79372,0.41569,0.41683,11.556,-2.7841,0.94832,28.55
-0.15164,0.79346,0.41592,0.41765,11.534,-2.7801,0.94727,28.56
-0.15007,0.79316,0.41615,0.41858,11.513,-2.776,0.94621,28.57
-0.14841,0.79289,0.41639,0.41942,11.493,-2.7717,0.94516,28.58
-0.14677,0.79258,0.4167,0.42027,11.472,-2.7673,0.94411,28.59
-0.14516,0.79226,0.41703,0.42111,11.451,-2.7628,0.94307,28.6
-0.14505,0.79236,0.41692,0.42107,11.45,-2.7629,0.94314,28.6
-0.14351,0.79213,0.41711,0.42183,11.43,-2.7582,0.9421,28.61
-0.14184,0.79182,0.41748,0.42262,11.409,-2.7534,0.94107,28.62
-0.14015,0.79153,0.41772,0.4235,11.388,-2.7485,0.94004,28.63
-0.13849,0.79127,0.41798,0.42427,11.368,-2.7434,0.93902,28.64
-0.13682,0.79099,0.41817,0.42515,11.347,-2.7382,0.938,28.65
-0.13691,0.79093,0.41811,0.42528,11.347,-2.7383,0.93804,28.65
-0.13527,0.79068,0.41832,0.42608,11.327,-2.7329,0.93702,28.66
-0.1336,0.79037,0.41855,0.42695,11.306,-2.7275,0.93601,28.67
-0.13197,0.7901,0.41875,0.42776,11.286,-2.7219,0.935,28.68
-0.13042,0.78976,0.419,0.42861,11.266,-2.7162,0.93399,28.69
-0.12887,0.78946,0.41916,0.42947,11.246,-2.7104,0.93298,28.7
-0.12875,0.78944,0.41927,0.42945,11.246,-2.7103,0.93305,28.7
-0.12706,0.78917,0.4194,0.43031,11.226,-2.7044,0.93205,28.71
-0.12543,0.78885,0.41963,0.43116,11.206,-2.6983,0.93105,28.72
-0.12383,0.78849,0.41992,0.432,11.186,-2.692,0.93006,28.73
-0.12223,0.78819,0.42016,0.43276,11.167,-2.6857,0.92908,28.74
-0.1206,0.78785,0.4204,0.43361,11.147,-2.6792,0.9281,28.75
-0.12059,0.78787,0.42039,0.43358,11.147,-2.6792,0.92817,28.75
-0.119,0.78753,0.42064,0.43439,11.127,-2.6725,0.92719,28.76
-0.11738,0.78714,0.4209,0.43529,11.108,-2.6658,0.92623,28.77
-0.11585,0.78678,0.42114,0.43611,11.089,-2.6589,0.92526,28.78
-0.11424,0.78644,0.42135,0.43695,11.07,-2.6519,0.92431,28.79
-0.11266,0.78609,0.42153,0.43782,11.051,-2.6448,0.92336,28.8
-0.11241,0.78623,0.42148,0.43767,11.05,-2.6448,0.92341,28.8
-0.1108,0.78589,0.42169,0.4385,11.031,-2.6375,0.92247,28.81
-0.10916,0.78551,0.42182,0.43945,11.012,-2.6302,0.92153,28.82
-0.10759,0.78517,0.42203,0.44026,10.994,-2.6227,0.9206,28.83
-0.10601,0.78482,0.42225,0.44106,10.975,-2.6151,0.91967,28.84
-0.10435,0.7845,0.42249,0.44179,10.957,-2.6073,0.91876,28.85
-0.10423,0.78453,0.42252,0.44173,10.956,-2.6074,0.91879,28.85
-0.1026,0.78415,0.42278,0.44253,10.938,-2.5995,0.91788,28.86
-0.101,0.78383,0.42296,0.44329,10.92,-2.5915,0.91697,28.87
-0.099324,0.78353,0.42312,0.44406,10.902,-2.5834,0.91607,28.88
-0.097635,0.78315,0.42335,0.44488,10.884,-2.5752,0.91518,28.89
-0.096109,0.78277,0.42361,0.44564,10.866,-2.5669,0.9143,28.9
-0.096041,0.78275,0.42353,0.44575,10.866,-2.5669,0.91431,28.9
-0.094472,0.78241,0.4237,0.44654,10.848,-2.5584,0.91343,28.91
-0.092852,0.78209,0.4239,0.44723,10.83,-2.5499,0.91257,28.92
-0.091202,0.78172,0.42408,0.44804,10.813,-2.5412,0.9117,28.93
-0.089579,0.78135,0.42431,0.44881,10.796,-2.5324,0.91085,28.94
-0.087957,0.78097,0.42442,0.44969,10.778,-2.5236,0.91,28.95
-0.087834,0.78091,0.42451,0.44972,10.778,-2.5235,0.90999,28.95
-0.086111,0.78051,0.42471,0.45056,10.761,-2.5145,0.90915,28.96
-0.084385,0.78017,0.42483,0.45138,10.744,-2.5054,0.90832,28.97
-0.082777,0.77983,0.42497,0.45213,10.727,-2.4962,0.90749,28.98
-0.081128,0.77944,0.42514,0.45293,10.711,-2.4868,0.90667,28.99
-0.079521,0.77909,0.42534,0.45363,10.694,-2.4774,0.90585,29
-0.079628,0.779,0.42545,0.45367,10.694,-2.4774,0.90586,29
-0.077995,0.7786,0.42565,0.45444,10.678,-2.4678,0.90506,29.01
-0.076286,0.77822,0.42583,0.45522,10.661,-2.4582,0.90426,29.02
-0.074591,0.77782,0.42595,0.45607,10.645,-2.4484,0.90347,29.03
-0.072977,0.77742,0.42613,0.45685,10.63,-2.4386,0.90269,29.04
-0.071264,0.77696,0.42638,0.45767,10.614,-2.4286,0.90192,29.05
-0.071413,0.77702,0.42635,0.45756,10.613,-2.4285,0.90191,29.05
-0.069796,0.77663,0.42655,0.45828,10.598,-2.4184,0.90115,29.06
-0.068155,0.77621,0.42673,0.45909,10.583,-2.4083,0.90039,29.07
-0.066585,0.77578,0.42681,0.45996,10.567,-2.398,0.89964,29.08
-0.064928,0.77541,0.42703,0.46063,10.552,-2.3876,0.8989,29.09
-0.063249,0.775,0.42712,0.46146,10.537,-2.3772,0.89817,29.1
-0.06319,0.77498,0.42721,0.46142,10.537,-2.3771,0.8982,29.1
-0.061598,0.77458,0.42735,0.46217,10.522,-2.3665,0.89747,29.11
-0.059841,0.77416,0.42756,0.46292,10.508,-2.3559,0.89676,29.12
-0.058175,0.77373,0.42774,0.46367,10.493,-2.3451,0.89605,29.13
-0.056484,0.77331,0.42789,0.46445,10.479,-2.3343,0.89536,29.14
-0.054852,0.77288,0.42803,0.46523,10.465,-2.3234,0.89467,29.15
-0.054963,0.77286,0.42804,0.46523,10.464,-2.3233,0.89468,29.15
-0.053265,0.77247,0.42813,0.466,10.45,-2.3122,0.894,29.16
-0.051555,0.77204,0.42828,0.46677,10.437,-2.3011,0.89333,29.17
-0.049869,0.77156,0.42849,0.46755,10.423,-2.2899,0.89267,29.18
-0.04826,0.7711,0.42872,0.46826,10.41,-2.2786,0.89203,29.19
-0.04664,0.77068,0.42879,0.46906,10.396,-2.2672,0.89139,29.2
-0.046735,0.77068,0.42884,0.46901,10.396,-2.2671,0.89141,29.2
-0.045035,0.77018,0.42905,0.46981,10.383,-2.2557,0.89078,29.21
-0.043382,0.76976,0.42914,0.47056,10.37,-2.2441,0.89016,29.22
-0.041693,0.76923,0.42929,0.47144,10.357,-2.2325,0.88954,29.23
-0.039972,0.76879,0.42937,0.47224,10.345,-2.2207,0.88894,29.24
-0.03832,0.76832,0.42951,0.47301,10.332,-2.2089,0.88834,29.25
-0.038493,0.76843,0.42959,0.47274,10.332,-2.2089,0.88838,29.25
-0.036948,0.76802,0.42968,0.47345,10.32,-2.197,0.8878,29.26
-0.035337,0.76755,0.42979,0.47423,10.308,-2.185,0.88722,29.27
-0.033747,0.7671,0.42985,0.47503,10.296,-2.173,0.88666,29.28
-0.032059,0.76665,0.43002,0.47572,10.284,-2.1608,0.88611,29.29
-0.030453,0.76616,0.4302,0.47645,10.273,-2.1487,0.88556,29.3
-0.030251,0.76612,0.4303,0.47644,10.273,-2.1486,0.88558,29.3
-0.028587,0.76563,0.43044,0.47719,10.261,-2.1364,0.88505,29.31
-0.026929,0.76523,0.43052,0.47787,10.25,-2.124,0.88453,29.32
-0.025275,0.76476,0.43064,0.4786,10.239,-2.1116,0.88401,29.33
-0.023609,0.76424,0.43076,0.47941,10.229,-2.0992,0.88351,29.34
-0.021908,0.76372,0.43097,0.48011,10.218,-2.0866,0.88301,29.35
-0.022003,0.76374,0.43097,0.48009,10.218,-2.0865,0.88303,29.35
-0.020354,0.76324,0.43108,0.48085,10.208,-2.0739,0.88254,29.36
-0.018695,0.76273,0.4312,0.48162,10.198,-2.0612,0.88207,29.37
-0.017137,0.7622,0.43138,0.48235,10.188,-2.0485,0.8816,29.38
-0.015469,0.76174,0.43153,0.483,10.178,-2.0357,0.88115,29.39
-0.013922,0.76125,0.43159,0.48377,10.168,-2.0229,0.88071,29.4
-0.013762,0.76129,0.43162,0.48369,10.168,-2.0227,0.88072,29.4
-0.012082,0.76083,0.43182,0.48428,10.159,-2.0098,0.88029,29.41
-0.010405,0.76035,0.43192,0.48498,10.15,-1.9968,0.87987,29.42
-0.0087457,0.75987,0.43201,0.48569,10.141,-1.9837,0.87945,29.43
-0.0071059,0.75933,0.43216,0.48641,10.132,-1.9706,0.87905,29.44
-0.0055064,0.75883,0.43229,0.48711,10.124,-1.9575,0.87866,29.45
-0.0055187,0.75877,0.43222,0.48725,10.123,-1.9574,0.87867,29.45
-0.003903,0.7583,0.43231,0.48792,10.115,-1.9442,0.87828,29.46
-0.002167,0.75775,0.43248,0.48864,10.107,-1.9309,0.87791,29.47
-0.00048507,0.75722,0.43257,0.48939,10.099,-1.9175,0.87755,29.48
0.0011307,0.75664,0.43278,0.49009,10.091,-1.9041,0.8772,29.49
0.0028348,0.75613,0.4329,0.49078,10.084,-1.8907,0.87686,29.5
0.0027283,0.75619,0.43279,0.49077,10.083,-1.8907,0.87688,29.5
0.0043443,0.75569,0.43295,0.4914,10.076,-1.8772,0.87655,29.51
0.0059767,0.75511,0.43314,0.49211,10.069,-1.8636,0.87623,29.52
0.0075792,0.7546,0.43325,0.49276,10.062,-1.8501,0.87592,29.53
0.0092619,0.75409,0.43329,0.49347,10.055,-1.8364,0.87562,29.54
0.010896,0.75362,0.43341,0.49406,10.049,-1.8228,0.87533,29.55
0.010978,0.75355,0.43332,0.49425,10.049,-1.8228,0.87535,29.55
0.012609,0.75302,0.43339,0.49495,10.043,-1.8091,0.87507,29.56
0.014205,0.75247,0.4335,0.49565,10.037,-1.7953,0.87481,29.57
0.015883,0.75192,0.43362,0.49632,10.031,-1.7815,0.87455,29.58
0.017479,0.75139,0.43373,0.49697,10.025,-1.7677,0.87431,29.59
0.019161,0.75081,0.43385,0.49768,10.02,-1.7538,0.87407,29.6
0.019223,0.75083,0.4338,0.49769,10.019,-1.7539,0.8741,29.6
0.020839,0.75028,0.43386,0.49841,10.014,-1.74,0.87388,29.61
0.022525,0.74976,0.43389,0.49908,10.009,-1.726,0.87366,29.62
0.024229,0.74919,0.43398,0.49979,10.005,-1.7121,0.87346,29.63
0.025897,0.74874,0.43398,0.50037,10,-1.6981,0.87327,29.64
0.02751,0.74823,0.43399,0.50105,9.9957,-1.6841,0.8731,29.65
0.027468,0.74805,0.43425,0.50109,9.9954,-1.6841,0.87311,29.65
0.029083,0.74754,0.43431,0.50171,9.9913,-1.6701,0.87295,29.66
0.030775,0.74699,0.43437,0.50238,9.9874,-1.656,0.87279,29.67
0.03246,0.74636,0.43451,0.50309,9.9837,-1.6419,0.87265,29.68
0.034166,0.74584,0.43462,0.50365,9.9803,-1.6278,0.87252,29.69
0.035815,0.7452,0.43473,0.50438,9.977,-1.6137,0.8724,29.7
0.035714,0.74521,0.43467,0.50443,9.9768,-1.6137,0.87233,29.7
0.037409,0.74466,0.43473,0.50507,9.9738,-1.5995,0.87222,29.71
0.039077,0.74407,0.43488,0.50568,9.9709,-1.5853,0.87212,29.72
0.040722,0.74349,0.43493,0.50636,9.9683,-1.5711,0.87202,29.73
0.042408,0.74292,0.43497,0.50703,9.966,-1.5569,0.87194,29.74
0.044024,0.74237,0.43499,0.50768,9.9638,-1.5427,0.87187,29.75
0.043956,0.7423,0.43505,0.50773,9.9636,-1.5427,0.87191,29.75
0.045644,0.74177,0.43505,0.50835,9.9617,-1.5285,0.87185,29.76
0.047307,0.74116,0.43514,0.50903,9.9599,-1.5142,0.8718,29.77
0.048975,0.74052,0.43522,0.50973,9.9584,-1.5,0.87176,29.78
0.050646,0.73995,0.43526,0.51035,9.9571,-1.4857,0.87173,29.79
0.05231,0.73938,0.43537,0.51092,9.956,-1.4714,0.87172,29.8
0.052196,0.73933,0.43538,0.51099,9.9559,-1.4715,0.87171,29.8
0.053751,0.73874,0.43537,0.51169,9.9551,-1.4572,0.8717,29.81
0.055396,0.7382,0.43534,0.51231,9.9544,-1.4429,0.87171,29.82
0.056965,0.73758,0.43553,0.51288,9.954,-1.4286,0.87172,29.83
0.05862,0.73698,0.43558,0.51351,9.9538,-1.4143,0.87175,29.84
0.060266,0.73639,0.43561,0.51414,9.9538,-1.4,0.87179,29.85
0.060431,0.73629,0.43568,0.51421,9.9537,-1.4001,0.87185,29.85
0.062083,0.73568,0.43574,0.51483,9.9539,-1.3858,0.8719,29.86
0.06365,0.73502,0.43584,0.51549,9.9544,-1.3715,0.87197,29.87
0.065282,0.7344,0.43594,0.5161,9.9551,-1.3572,0.87204,29.88
0.066902,0.73377,0.436,0.51673,9.956,-1.3429,0.87213,29.89
0.068575,0.73313,0.436,0.51742,9.9571,-1.3287,0.87222,29.9
0.068658,0.73319,0.43594,0.51737,9.957,-1.3287,0.87221,29.9
0.070332,0.73256,0.436,0.518,9.9583,-1.3144,0.87232,29.91
0.07192,0.7319,0.43606,0.51865,9.9598,-1.3001,0.87243,29.92
0.073593,0.73127,0.4361,0.51927,9.9616,-1.2859,0.87256,29.93
0.075182,0.73062,0.43611,0.51994,9.9636,-1.2717,0.87269,29.94
0.076863,0.73005,0.43614,0.52048,9.9658,-1.2575,0.87284,29.95
0.076879,0.73002,0.43616,0.5205,9.9657,-1.2575,0.87287,29.95
0.078514,0.72944,0.43619,0.52105,9.9681,-1.2433,0.87303,29.96
0.080141,0.72883,0.43627,0.52159,9.9708,-1.2291,0.8732,29.97
0.081878,0.7281,0.43633,0.52228,9.9736,-1.2149,0.87338,29.98
0.083505,0.72744,0.43646,0.52284,9.9767,-1.2008,0.87358,29.99
0.085186,0.72681,0.43648,0.52343,9.98,-1.1867,0.87378,30
0.085097,0.7268,0.43634,0.52357,9.9799,-1.1867,0.87382,30
0.086693,0.72616,0.43638,0.52417,9.9835,-1.1725,0.87404,30.01
0.088422,0.72552,0.43642,0.52473,9.9872,-1.1585,0.87426,30.02
0.090138,0.72487,0.43651,0.52526,9.9911,-1.1444,0.8745,30.03
0.091859,0.72423,0.43652,0.52584,9.9953,-1.1304,0.87475,30.04
0.093458,0.72348,0.4366,0.52652,9.9997,-1.1164,0.87501,30.05
0.093299,0.7235,0.4365,0.5266,9.9996,-1.1164,0.875,30.05
0.094954,0.72281,0.43647,0.52728,10.004,-1.1024,0.87527,30.06
0.096606,0.72213,0.43651,0.52788,10.009,-1.0884,0.87555,30.07
0.098291,0.72144,0.43654,0.52849,10.014,-1.0745,0.87584,30.08
0.099961,0.7208,0.43652,0.52906,10.019,-1.0606,0.87614,30.09
0.10157,0.72011,0.43651,0.52969,10.025,-1.0468,0.87645,30.1
0.1015,0.72015,0.4366,0.52958,10.025,-1.0468,0.87643,30.1
0.10308,0.71949,0.43656,0.53021,10.03,-1.033,0.87676,30.11
0.10482,0.71881,0.43656,0.53079,10.036,-1.0192,0.87709,30.12
0.10649,0.71817,0.43657,0.53132,10.042,-1.0055,0.87743,30.13
0.10813,0.71753,0.43664,0.5318,10.049,-0.9918,0.87779,30.14
0.10974,0.71684,0.43663,0.5324,10.055,-0.97815,0.87815,30.15
0.10969,0.71673,0.43667,0.53252,10.055,-0.97816,0.87814,30.15
0.11131,0.71608,0.43671,0.53303,10.062,-0.96454,0.87852,30.16
0.11299,0.71533,0.43675,0.53366,10.069,-0.95097,0.8789,30.17
0.11464,0.71466,0.43672,0.53423,10.076,-0.93744,0.87929,30.18
0.11623,0.71393,0.43679,0.5348,10.083,-0.92397,0.8797,30.19
0.11787,0.71325,0.43681,0.53533,10.091,-0.91054,0.88011,30.2
0.11787,0.71325,0.43671,0.53541,10.091,-0.91057,0.88008,30.2
0.11958,0.7125,0.43669,0.53605,10.098,-0.89719,0.88051,30.21
0.12122,0.7118,0.43664,0.53665,10.106,-0.88387,0.88094,30.22
0.12294,0.71107,0.43671,0.53717,10.114,-0.8706,0.88139,30.23
0.12452,0.71034,0.43677,0.53772,10.123,-0.85739,0.88184,30.24
0.12615,0.70961,0.43679,0.53829,10.131,-0.84423,0.88231,30.25
0.12605,0.70971,0.4367,0.53826,10.131,-0.84422,0.88232,30.25
0.12775,0.70899,0.43674,0.53877,10.14,-0.83111,0.8828,30.26
0.1293,0.70827,0.43679,0.5393,10.149,-0.81806,0.88329,30.27
0.13099,0.70754,0.43679,0.53985,10.158,-0.80506,0.88379,30.28
0.13261,0.70682,0.43683,0.54037,10.168,-0.79214,0.8843,30.29
0.13424,0.70607,0.43685,0.54093,10.177,-0.77928,0.88482,30.3
0.13421,0.7061,0.43666,0.54105,10.177,-0.77926,0.88477,30.3
0.13578,0.70537,0.43666,0.54161,10.187,-0.76645,0.8853,30.31
0.13739,0.70467,0.43664,0.54214,10.197,-0.75371,0.88584,30.32
0.13906,0.70396,0.43659,0.54266,10.207,-0.74103,0.88639,30.33
0.14072,0.70319,0.43664,0.54321,10.217,-0.72843,0.88695,30.34
0.14237,0.7024,0.43657,0.54385,10.228,-0.71589,0.88753,30.35
0.14236,0.70244,0.43657,0.5438,10.228,-0.71587,0.88746,30.35
0.14396,0.70164,0.43651,0.54446,10.239,-0.70339,0.88804,30.36
0.14557,0.70091,0.43648,0.54499,10.25,-0.69099,0.88864,30.37
0.14722,0.70012,0.43649,0.54556,10.261,-0.67866,0.88924,30.38
0.14886,0.69939,0.43641,0.54612,10.272,-0.66641,0.88985,30.39
0.15048,0.69857,0.4364,0.54672,10.283,-0.65423,0.89047,30.4
0.15049,0.69871,0.43645,0.5465,10.283,-0.65421,0.89041,30.4
0.15211,0.69798,0.43641,0.54702,10.295,-0.6421,0.89104,30.41
0.15373,0.69719,0.43638,0.5476,10.307,-0.63007,0.89168,30.42
0.15528,0.69642,0.4363,0.54821,10.319,-0.61812,0.89233,30.43
0.15682,0.69568,0.43628,0.54872,10.331,-0.60625,0.89299,30.44
0.15844,0.69488,0.4363,0.54926,10.344,-0.59446,0.89365,30.45
0.15862,0.69492,0.43629,0.54915,10.344,-0.59444,0.89361,30.45
0.16025,0.69414,0.43625,0.54971,10.356,-0.58272,0.89428,30.46
0.1619,0.69331,0.43621,0.5503,10.369,-0.57109,0.89497,30.47
0.16352,0.6925,0.43616,0.55087,10.382,-0.55955,0.89566,30.48
0.16516,0.69176,0.43609,0.55137,10.395,-0.5481,0.89636,30.49
0.16675,0.69102,0.4361,0.55181,10.408,-0.53674,0.89708,30.5
0.16673,0.69108,0.43609,0.55176,10.408,-0.5367,0.89704,30.5
0.16831,0.6903,0.43606,0.55228,10.422,-0.52541,0.89776,30.51
0.17006,0.68949,0.43595,0.55284,10.435,-0.51421,0.89848,30.52
0.17167,0.68872,0.43589,0.55334,10.449,-0.50311,0.89922,30.53
0.17331,0.68792,0.43581,0.55389,10.463,-0.4921,0.89997,30.54
0.17497,0.68716,0.43569,0.5544,10.477,-0.48118,0.90072,30.55
0.17483,0.68717,0.43586,0.55432,10.477,-0.48115,0.90069,30.55
0.17633,0.6864,0.43584,0.5548,10.492,-0.47032,0.90145,30.56
0.17795,0.6856,0.43576,0.55534,10.506,-0.45959,0.90222,30.57
0.17963,0.68482,0.43571,0.5558,10.521,-0.44896,0.90299,30.58
0.18121,0.68404,0.43564,0.5563,10.536,-0.43843,0.90378,30.59
0.18282,0.68326,0.43554,0.55681,10.551,-0.428,0.90457,30.6
0.18291,0.6832,0.43558,0.55682,10.551,-0.4279,0.90458,30.6
0.18449,0.68242,0.43555,0.55728,10.566,-0.41756,0.90538,30.61
0.18607,0.68153,0.43557,0.55783,10.581,-0.40731,0.90619,30.62
0.1877,0.68072,0.43544,0.55838,10.597,-0.39717,0.90701,30.63
0.1893,0.67995,0.43541,0.55879,10.612,-0.38713,0.90783,30.64
0.19089,0.67909,0.43544,0.55928,10.628,-0.3772,0.90866,30.65
0.19097,0.67917,0.43527,0.55928,10.628,-0.37713,0.90859,30.65
0.19257,0.67834,0.4352,0.5598,10.644,-0.36727,0.90943,30.66
0.19415,0.67754,0.4351,0.56029,10.66,-0.35752,0.91027,30.67
0.19572,0.67665,0.43504,0.56087,10.676,-0.34788,0.91112,30.68
0.19734,0.67585,0.4349,0.56137,10.692,-0.33835,0.91198,30.69
0.19885,0.67502,0.43483,0.56189,10.709,-0.32892,0.91284,30.7
0.19902,0.67509,0.43492,0.56169,10.709,-0.32894,0.91282,30.7
0.20061,0.67425,0.43484,0.56219,10.726,-0.31962,0.91369,30.71
0.20219,0.67349,0.43474,0.56261,10.743,-0.31041,0.91457,30.72
0.20385,0.67263,0.43461,0.56314,10.759,-0.30132,0.91545,30.73
0.20539,0.67182,0.43456,0.56359,10.776,-0.29233,0.91634,30.74
0.20705,0.67094,0.43448,0.56409,10.794,-0.28347,0.91724,30.75
0.20705,0.67094,0.43453,0.56405,10.794,-0.28347,0.91719,30.75
0.2087,0.67011,0.43448,0.56447,10.811,-0.27471,0.91809,30.76
0.21028,0.66929,0.43437,0.56494,10.829,-0.26606,0.91899,30.77
0.21172,0.66852,0.43428,0.56539,10.846,-0.25753,0.91991,30.78
0.21337,0.66767,0.4342,0.56583,10.864,-0.24911,0.92083,30.79
0.21494,0.66685,0.43411,0.56626,10.882,-0.24081,0.92175,30.8
0.21507,0.66674,0.4341,0.56636,10.882,-0.24082,0.92172,30.8
0.21667,0.66584,0.43408,0.56682,10.9,-0.23262,0.92265,30.81
0.21823,0.66501,0.43399,0.56726,10.918,-0.22454,0.92359,30.82
0.21986,0.66413,0.43392,0.56772,10.936,-0.21658,0.92453,30.83
0.22144,0.66327,0.43381,0.56819,10.955,-0.20875,0.92548,30.84
0.22298,0.66239,0.43368,0.56872,10.973,-0.20103,0.92643,30.85
0.22306,0.66248,0.43364,0.56862,10.973,-0.20107,0.92641,30.85
0.22469,0.66157,0.43355,0.56909,10.992,-0.19347,0.92737,30.86
0.22627,0.66076,0.43349,0.56946,11.01,-0.18599,0.92834,30.87
0.22799,0.6599,0.4333,0.56992,11.029,-0.17864,0.92931,30.88
0.22958,0.659,0.43318,0.57041,11.048,-0.1714,0.93029,30.89
0.23123,0.65815,0.43305,0.57083,11.067,-0.1643,0.93127,30.9
0.23104,0.65816,0.43313,0.57083,11.067,-0.16436,0.93123,30.9
0.23269,0.65731,0.43304,0.57121,11.087,-0.15738,0.93222,30.91
0.23426,0.6564,0.43296,0.57167,11.106,-0.15052,0.93321,30.92
0.23589,0.6555,0.43283,0.57213,11.125,-0.14378,0.93421,30.93
0.23744,0.65469,0.43269,0.57252,11.145,-0.13718,0.93521,30.94
0.23905,0.65387,0.43258,0.57288,11.164,-0.1307,0.93622,30.95
0.239,0.65378,0.43258,0.57299,11.164,-0.13078,0.93618,30.95
0.24056,0.65285,0.43256,0.57342,11.184,-0.12443,0.9372,30.96
0.24218,0.65198,0.43244,0.57382,11.204,-0.11821,0.93821,30.97
0.24379,0.6511,0.43229,0.57425,11.224,-0.11211,0.93923,30.98
0.24533,0.65018,0.43219,0.57472,11.244,-0.10615,0.94026,30.99
0.247,0.64923,0.43207,0.57516,11.264,-0.10032,0.94129,31
0.24693,0.64935,0.43201,0.5751,11.264,-0.1004,0.94125,31
0.24851,0.64843,0.43184,0.57558,11.284,-0.09469,0.94229,31.01
0.25006,0.64754,0.43175,0.57598,11.304,-0.089116,0.94332,31.02
0.25161,0.64663,0.4316,0.57644,11.324,-0.083675,0.94436,31.03
0.25317,0.64576,0.43143,0.57687,11.345,-0.078366,0.94541,31.04
0.25469,0.64485,0.43124,0.57735,11.365,-0.07319,0.94646,31.05
0.25485,0.64485,0.43138,0.57717,11.365,-0.073323,0.94645,31.05
0.25638,0.64389,0.43128,0.57765,11.386,-0.068289,0.94751,31.06
0.25802,0.64298,0.43122,0.57798,11.407,-0.063389,0.94857,31.07
0.25963,0.64208,0.43109,0.57834,11.427,-0.058625,0.94963,31.08
0.26117,0.64115,0.43099,0.57876,11.448,-0.053997,0.9507,31.09
0.26279,0.6403,0.43074,0.57916,11.469,-0.049506,0.95178,31.1
0.26275,0.64031,0.43073,0.57917,11.469,-0.04955,0.9517,31.1
0.26433,0.63939,0.43062,0.57956,11.49,-0.045183,0.95277,31.11
0.2659,0.63841,0.43051,0.57999,11.511,-0.040954,0.95385,31.12
0.26754,0.63737,0.43041,0.58045,11.532,-0.036862,0.95493,31.13
0.26906,0.6364,0.43026,0.58093,11.553,-0.032909,0.95601,31.14
0.27051,0.63549,0.43022,0.58129,11.574,-0.029094,0.95709,31.15
0.27062,0.6357,0.43003,0.58114,11.574,-0.029183,0.95704,31.15
0.27217,0.63483,0.42979,0.58154,11.596,-0.025517,0.95813,31.16
0.27375,0.63391,0.42966,0.5819,11.617,-0.02199,0.95921,31.17
0.27533,0.63291,0.4295,0.58236,11.638,-0.018603,0.9603,31.18
0.27694,0.63193,0.42939,0.58275,11.659,-0.015355,0.96139,31.19
0.27849,0.63093,0.42925,0.58319,11.681,-0.012246,0.96248,31.2
0.27847,0.63104,0.42929,0.58305,11.681,-0.012276,0.96243,31.2
0.28001,0.63007,0.42921,0.58343,11.703,-0.0093024,0.96352,31.21
0.28151,0.62917,0.42906,0.58379,11.724,-0.0064688,0.96461,31.22
0.28309,0.62822,0.42887,0.58418,11.746,-0.0037752,0.9657,31.23
0.2847,0.62729,0.42879,0.58446,11.767,-0.001223,0.9668,31.24
0.28631,0.62635,0.42866,0.58478,11.789,0.0011878,0.9679,31.25
0.28629,0.62633,0.42852,0.58491,11.789,0.0011686,0.96784,31.25
0.28783,0.62542,0.42828,0.58531,11.811,0.0034404,0.96894,31.26
0.28934,0.62446,0.42807,0.58574,11.832,0.0055708,0.97004,31.27
0.29085,0.62352,0.42791,0.58611,11.854,0.0075603,0.97114,31.28
0.2924,0.62253,0.42775,0.5865,11.876,0.0094086,0.97224,31.29
0.29394,0.62164,0.42751,0.58686,11.898,0.011115,0.97335,31.3
0.29409,0.62156,0.42771,0.58671,11.898,0.01104,0.9733,31.3
0.29565,0.62064,0.42754,0.58703,11.92,0.012604,0.97441,31.31
0.29715,0.61963,0.42741,0.58744,11.941,0.014026,0.97551,31.32
0.29864,0.61875,0.42718,0.58777,11.963,0.015305,0.97662,31.33
0.3002,0.61779,0.42696,0.58815,11.985,0.016443,0.97772,31.34
0.30174,0.61678,0.42678,0.58855,12.007,0.01744,0.97883,31.35
0.30186,0.61674,0.42687,0.58847,12.007,0.017386,0.97875,31.35
0.30341,0.61581,0.4267,0.58877,12.029,0.018244,0.97985,31.36
0.30495,0.61491,0.42647,0.58908,12.051,0.01896,0.98096,31.37
0.3065,0.61389,0.42635,0.58943,12.073,0.019533,0.98207,31.38
0.30816,0.61291,0.42622,0.58967,12.095,0.019963,0.98318,31.39
0.30972,0.61193,0.42602,0.59002,12.117,0.020252,0.98429,31.4
0.30961,0.61186,0.42599,0.59017,12.117,0.020219,0.98418,31.4
0.31125,0.61085,0.42579,0.5905,12.139,0.020373,0.98529,31.41
0.31273,0.60993,0.4256,0.5908,12.161,0.020383,0.9864,31.42
0.31433,0.60892,0.4254,0.59115,12.183,0.02025,0.98751,31.43
0.31585,0.60792,0.42523,0.59148,12.205,0.019975,0.98861,31.44
0.31738,0.60689,0.42507,0.59183,12.227,0.019555,0.98972,31.45
0.31733,0.60693,0.42506,0.59183,12.227,0.019478,0.98963,31.45
0.31879,0.60602,0.42484,0.59214,12.249,0.018911,0.99073,31.46
0.32031,0.60509,0.42462,0.59243,12.271,0.018201,0.99184,31.47
0.32192,0.60403,0.42442,0.59277,12.293,0.017348,0.99295,31.48
0.32354,0.60297,0.42416,0.59315,12.315,0.016353,0.99406,31.49
0.32507,0.60198,0.424,0.59344,12.336,0.015216,0.99516,31.5
0.32502,0.60194,0.4241,0.59343,12.337,0.015148,0.99505,31.5
0.32651,0.60095,0.42395,0.59373,12.359,0.013864,0.99616,31.51
0.32805,0.59993,0.4237,0.59409,12.38,0.012437,0.99726,31.52
0.32966,0.59892,0.42349,0.59437,12.402,0.010869,0.99836,31.53
0.33117,0.59791,0.42329,0.59469,12.424,0.0091598,0.99946,31.54
0.33278,0.59688,0.42318,0.5949,12.446,0.0073093,1.0006,31.55
0.33267,0.59691,0.42311,0.59498,12.446,0.0072876,1.0004,31.55
0.33418,0.59589,0.42297,0.59526,12.468,0.0053052,1.0015,31.56
0.33573,0.59483,0.42279,0.59557,12.489,0.0031821,1.0026,31.57
0.33723,0.59379,0.42258,0.59591,12.511,0.00091796,1.0037,31.58
0.33887,0.59273,0.42234,0.59622,12.533,-0.001487,1.0048,31.59
0.34034,0.5917,0.42216,0.59652,12.554,-0.0040321,1.0059,31.6
0.34032,0.59182,0.42207,0.59648,12.555,-0.0040831,1.0058,31.6
0.34172,0.5908,0.42187,0.59683,12.576,-0.0067717,1.0069,31.61
0.34323,0.58976,0.42163,0.59716,12.598,-0.0096001,1.0079,31.62
0.34478,0.58868,0.42147,0.59745,12.619,-0.012567,1.009,31.63
0.3463,0.58769,0.42125,0.5977,12.64,-0.015674,1.0101,31.64
0.34779,0.58664,0.42103,0.59802,12.662,-0.018918,1.0112,31.65
0.34792,0.58668,0.421,0.59793,12.662,-0.019016,1.0111,31.65
0.34944,0.5856,0.4207,0.59832,12.683,-0.022413,1.0121,31.66
0.35089,0.58462,0.42054,0.59854,12.705,-0.025947,1.0132,31.67
0.35239,0.58357,0.42033,0.59883,12.726,-0.029617,1.0143,31.68
0.35389,0.58255,0.42003,0.59914,12.747,-0.033425,1.0153,31.69
0.35533,0.58152,0.41982,0.59944,12.768,-0.03737,1.0164,31.7
0.3555,0.58148,0.41989,0.59933,12.768,-0.037408,1.0163,31.7
0.35701,0.58035,0.41977,0.59961,12.789,-0.04149,1.0173,31.71
0.35847,0.57935,0.41964,0.5998,12.81,-0.045709,1.0184,31.72
0.36,0.57824,0.41945,0.60009,12.831,-0.050064,1.0194,31.73
0.36146,0.57722,0.41927,0.60031,12.852,-0.054552,1.0205,31.74
0.36302,0.57622,0.41897,0.60054,12.873,-0.059174,1.0215,31.75
0.36304,0.57624,0.41874,0.60066,12.873,-0.0592,1.0214,31.75
0.36456,0.57518,0.41851,0.60093,12.894,-0.063949,1.0225,31.76
0.36603,0.57408,0.41834,0.60121,12.914,-0.06883,1.0235,31.77
0.36758,0.57298,0.41814,0.60145,12.935,-0.073844,1.0245,31.78
0.36912,0.57193,0.41789,0.60168,12.955,-0.07899,1.0255,31.79
0.37057,0.5709,0.41764,0.60194,12.976,-0.084269,1.0266,31.8
0.37056,0.57094,0.41755,0.60196,12.976,-0.084357,1.0265,31.8
0.372,0.56985,0.41733,0.60227,12.996,-0.089799,1.0275,31.81
0.37347,0.56881,0.41698,0.60258,13.016,-0.095372,1.0285,31.82
0.3749,0.56774,0.41672,0.60288,13.036,-0.10108,1.0295,31.83
0.37643,0.56665,0.41653,0.60308,13.056,-0.10691,1.0305,31.84
0.37789,0.56557,0.41628,0.60336,13.076,-0.11287,1.0315,31.85
0.37804,0.5656,0.41633,0.6032,13.077,-0.11288,1.0315,31.85
0.37954,0.56456,0.41602,0.60345,13.096,-0.11898,1.0325,31.86
0.38112,0.56348,0.41577,0.60363,13.116,-0.12521,1.0334,31.87
0.38268,0.5624,0.41552,0.60383,13.136,-0.13156,1.0344,31.88
0.38415,0.56134,0.41525,0.60406,13.155,-0.13805,1.0354,31.89
0.38563,0.56023,0.415,0.60432,13.175,-0.14466,1.0364,31.9
0.38548,0.56021,0.41509,0.60438,13.175,-0.14461,1.0362,31.9
0.38695,0.55914,0.41492,0.60455,13.195,-0.15133,1.0372,31.91
0.38834,0.55804,0.41467,0.60484,13.214,-0.15817,1.0382,31.92
0.38991,0.5569,0.41441,0.60507,13.233,-0.16513,1.0391,31.93
0.39131,0.55585,0.41421,0.60526,13.252,-0.17221,1.04,31.94
0.39276,0.55485,0.41384,0.60548,13.271,-0.17942,1.041,31.95
0.3929,0.55476,0.41379,0.60551,13.271,-0.17954,1.0409,31.95
0.39443,0.55369,0.4135,0.6057,13.29,-0.18688,1.0419,31.96
0.39591,0.5526,0.41325,0.6059,13.309,-0.19435,1.0428,31.97
0.3974,0.55149,0.41293,0.60615,13.327,-0.20193,1.0437,31.98
0.39891,0.55036,0.41261,0.6064,13.346,-0.20963,1.0446,31.99
0.40041,0.5493,0.4123,0.60659,13.364,-0.21745,1.0455,32
0.40027,0.54927,0.41247,0.60659,13.364,-0.21753,1.0455,32
0.4017,0.54822,0.41216,0.6068,13.382,-0.22547,1.0464,32.01
0.40313,0.54716,0.41188,0.60701,13.401,-0.23352,1.0472,32.02
0.40459,0.54601,0.41158,0.60728,13.419,-0.24169,1.0481,32.03
0.40606,0.54491,0.41132,0.60746,13.436,-0.24997,1.049,32.04
0.40752,0.54379,0.41102,0.60769,13.454,-0.25836,1.0499,32.05
0.40761,0.54373,0.4111,0.60762,13.454,-0.2585,1.0498,32.05
0.409,0.54265,0.41089,0.60779,13.472,-0.26702,1.0507,32.06
0.41046,0.54152,0.41072,0.60793,13.489,-0.27565,1.0516,32.07
0.41192,0.54043,0.4105,0.60807,13.507,-0.2844,1.0524,32.08
0.4133,0.53924,0.41025,0.60836,13.524,-0.29325,1.0532,32.09
0.41477,0.53815,0.40992,0.60854,13.541,-0.30221,1.0541,32.1
0.41492,0.53815,0.4097,0.6086,13.541,-0.30235,1.054,32.1
0.4164,0.53698,0.40947,0.60877,13.558,-0.31143,1.0549,32.11
0.41785,0.53589,0.40921,0.60891,13.575,-0.32062,1.0557,32.12
0.41929,0.53481,0.40897,0.60903,13.591,-0.32991,1.0565,32.13
0.42068,0.53371,0.40869,0.60923,13.608,-0.33931,1.0573,32.14
0.42211,0.53258,0.40842,0.60941,13.624,-0.34881,1.0581,32.15
0.4222,0.53251,0.40825,0.60952,13.625,-0.349,1.0581,32.15
0.42362,0.53128,0.408,0.60977,13.641,-0.35862,1.0589,32.16
0.42513,0.53013,0.4077,0.60992,13.657,-0.36835,1.0597,32.17
0.42658,0.52904,0.40745,0.61002,13.673,-0.37817,1.0604,32.18
0.42801,0.52794,0.40724,0.61012,13.688,-0.3881,1.0612,32.19
0.42951,0.52676,0.40697,0.61027,13.704,-0.39813,1.0619,32.2
0.42943,0.52683,0.40678,0.61039,13.704,-0.39827,1.0619,32.2
0.43083,0.52562,0.40653,0.6106,13.72,-0.4084,1.0626,32.21
0.43232,0.52438,0.40627,0.61079,13.735,-0.41863,1.0634,32.22
0.43376,0.52328,0.40595,0.61093,13.75,-0.42895,1.0641,32.23
0.43515,0.52218,0.40565,0.61108,13.765,-0.43937,1.0648,32.24
0.43661,0.52103,0.40533,0.61124,13.78,-0.44989,1.0655,32.25
0.43663,0.5211,0.40527,0.6112,13.78,-0.4501,1.0656,32.25
0.43804,0.51997,0.405,0.61133,13.795,-0.46073,1.0663,32.26
0.43944,0.51886,0.40465,0.61151,13.809,-0.47145,1.067,32.27
0.44083,0.51766,0.40438,0.6117,13.823,-0.48226,1.0676,32.28
0.44226,0.51647,0.40405,0.61189,13.838,-0.49317,1.0683,32.29
0.44366,0.51533,0.4037,0.61206,13.852,-0.50417,1.069,32.3
0.44379,0.51532,0.40372,0.61197,13.852,-0.50434,1.069,32.3
0.44521,0.51421,0.4034,0.61208,13.866,-0.51543,1.0696,32.31
0.44666,0.51297,0.4031,0.61226,13.879,-0.52662,1.0703,32.32
0.44809,0.51177,0.40288,0.61237,13.893,-0.53789,1.0709,32.33
0.44949,0.5106,0.40261,0.61249,13.906,-0.54924,1.0716,32.34
0.45088,0.50944,0.40219,0.61271,13.919,-0.56067,1.0722,32.35
0.45091,0.5095,0.40214,0.61268,13.919,-0.56084,1.0722,32.35
0.4523,0.50831,0.40195,0.61276,13.932,-0.57236,1.0728,32.36
0.4537,0.50719,0.40168,0.61284,13.945,-0.58396,1.0734,32.37
0.4552,0.50601,0.40133,0.61293,13.958,-0.59565,1.074,32.38
0.45661,0.50491,0.40102,0.61299,13.97,-0.60741,1.0746,32.39
0.45797,0.50377,0.40073,0.6131,13.982,-0.61925,1.0751,32.4
0.458,0.50363,0.40052,0.61333,13.982,-0.61944,1.0752,32.4
0.45941,0.50243,0.40021,0.61347,13.994,-0.63138,1.0757,32.41
0.46077,0.50122,0.39982,0.61369,14.006,-0.64341,1.0763,32.42
0.4622,0.50005,0.39951,0.61378,14.018,-0.6555,1.0769,32.43
0.46364,0.49886,0.39911,0.61391,14.029,-0.66767,1.0774,32.44
0.46501,0.49762,0.39884,0.61405,14.041,-0.67991,1.0779,32.45
0.46504,0.49771,0.39888,0.61394,14.041,-0.68003,1.0779,32.45
0.46652,0.49649,0.39852,0.61403,14.052,-0.69236,1.0784,32.46
0.46786,0.49532,0.3982,0.61416,14.063,-0.70475,1.0789,32.47
0.46926,0.49406,0.39792,0.6143,14.074,-0.71722,1.0795,32.48
0.47065,0.49291,0.39758,0.61438,14.084,-0.72974,1.0799,32.49
0.47201,0.49172,0.39726,0.61449,14.094,-0.74234,1.0804,32.5
0.47204,0.49176,0.39718,0.61449,14.095,-0.74246,1.0804,32.5
0.4734,0.49059,0.39682,0.61461,14.105,-0.75513,1.0809,32.51
0.47477,0.48933,0.39654,0.61474,14.115,-0.76786,1.0813,32.52
0.47611,0.48812,0.39617,0.61491,14.124,-0.78064,1.0818,32.53
0.4775,0.48693,0.39591,0.61494,14.134,-0.79349,1.0822,32.54
0.4789,0.48572,0.39558,0.61501,14.143,-0.8064,1.0827,32.55
0.47899,0.48576,0.39547,0.61498,14.143,-0.80657,1.0826,32.55
0.48032,0.48451,0.39525,0.61508,14.153,-0.81955,1.083,32.56
0.4817,0.48331,0.39487,0.61519,14.162,-0.83258,1.0835,32.57
0.48319,0.48201,0.39451,0.61526,14.17,-0.84567,1.0839,32.58
0.48454,0.48078,0.39418,0.61538,14.179,-0.85881,1.0843,32.59
0.48587,0.47955,0.39387,0.61549,14.187,-0.87201,1.0846,32.6
0.48591,0.47973,0.39371,0.61542,14.187,-0.87213,1.0846,32.6
0.4873,0.47849,0.39333,0.61553,14.195,-0.88538,1.0849,32.61
0.48873,0.47718,0.39298,0.61564,14.203,-0.89868,1.0853,32.62
0.49006,0.47592,0.39272,0.61573,14.211,-0.91203,1.0857,32.63
0.49143,0.47473,0.3923,0.61581,14.219,-0.92543,1.086,32.64
0.49279,0.47355,0.39187,0.6159,14.226,-0.93888,1.0864,32.65
0.49278,0.47365,0.39192,0.61582,14.226,-0.93902,1.0862,32.65
0.49421,0.47241,0.39154,0.61586,14.233,-0.95253,1.0866,32.66
0.49556,0.47122,0.39114,0.61594,14.24,-0.96608,1.0869,32.67
0.49698,0.46997,0.3907,0.61603,14.247,-0.97966,1.0872,32.68
0.49835,0.46874,0.39026,0.61614,14.253,-0.99329,1.0875,32.69
0.49967,0.46756,0.38993,0.61618,14.26,-1.007,1.0878,32.7
0.49961,0.46752,0.3901,0.61614,14.26,-1.0071,1.0877,32.7
0.50101,0.46633,0.38967,0.61618,14.266,-1.0208,1.0879,32.71
0.50235,0.46514,0.3893,0.61623,14.272,-1.0346,1.0882,32.72
0.50368,0.46386,0.38895,0.61632,14.277,-1.0484,1.0885,32.73
0.50506,0.46261,0.38861,0.61635,14.283,-1.0622,1.0887,32.74
0.50643,0.46141,0.38811,0.61645,14.288,-1.076,1.0889,32.75
0.5064,0.46135,0.38824,0.61643,14.288,-1.0762,1.0888,32.75
0.50773,0.46014,0.38788,0.61647,14.293,-1.0901,1.0891,32.76
0.50899,0.45887,0.38755,0.61659,14.298,-1.104,1.0893,32.77
0.51035,0.45762,0.38716,0.61663,14.302,-1.118,1.0894,32.78
0.51166,0.45636,0.38679,0.61672,14.307,-1.132,1.0896,32.79
0.51297,0.45511,0.38641,0.61679,14.311,-1.146,1.0898,32.8
0.51313,0.45515,0.38635,0.61665,14.311,-1.1461,1.0897,32.8
0.51445,0.45398,0.38599,0.61664,14.315,-1.1601,1.0899,32.81
0.51574,0.45278,0.38556,0.61672,14.319,-1.1742,1.09,32.82
0.51705,0.45154,0.38519,0.61677,14.322,-1.1883,1.0902,32.83
0.51832,0.45032,0.38485,0.6168,14.325,-1.2024,1.0903,32.84
0.51964,0.44905,0.38446,0.61686,14.329,-1.2165,1.0904,32.85
0.51984,0.4489,0.38442,0.61683,14.329,-1.2167,1.0903,32.85
0.52122,0.44761,0.38405,0.61683,14.331,-1.2308,1.0904,32.86
0.52252,0.4464,0.38368,0.61684,14.334,-1.245,1.0905,32.87
0.52381,0.44518,0.38338,0.61682,14.336,-1.2592,1.0906,32.88
0.52515,0.44393,0.38297,0.61683,14.339,-1.2734,1.0907,32.89
0.52645,0.44271,0.38257,0.61684,14.341,-1.2876,1.0907,32.9
0.52649,0.44261,0.38246,0.61695,14.341,-1.2877,1.0907,32.9
0.52778,0.44134,0.38209,0.61699,14.342,-1.3019,1.0907,32.91
0.52901,0.44004,0.38179,0.61705,14.344,-1.3162,1.0908,32.92
0.53039,0.43875,0.38143,0.61701,14.345,-1.3304,1.0908,32.93
0.53164,0.43748,0.38099,0.6171,14.346,-1.3447,1.0908,32.94
0.5329,0.43626,0.38055,0.61715,14.347,-1.3589,1.0908,32.95
0.53309,0.43629,0.38047,0.61702,14.347,-1.359,1.0908,32.95
0.53435,0.435,0.38008,0.61708,14.348,-1.3733,1.0908,32.96
0.53561,0.43374,0.37973,0.61709,14.348,-1.3876,1.0908,32.97
0.53697,0.43241,0.3793,0.6171,14.349,-1.4019,1.0908,32.98
0.53821,0.43125,0.37887,0.6171,14.349,-1.4161,1.0908,32.99
0.53948,0.43006,0.3784,0.61711,14.348,-1.4304,1.0907,33
0.53965,0.42993,0.37845,0.61702,14.348,-1.4305,1.0907,33
0.541,0.42864,0.37806,0.61698,14.348,-1.4448,1.0906,33.01
0.54228,0.42735,0.37764,0.617,14.347,-1.4591,1.0906,33.02
0.54362,0.4261,0.37723,0.61694,14.347,-1.4734,1.0905,33.03
0.54485,0.42491,0.37686,0.6169,14.345,-1.4876,1.0904,33.04
0.54613,0.42362,0.37648,0.61689,14.344,-1.5019,1.0903,33.05
0.54616,0.42352,0.37639,0.61699,14.344,-1.5019,1.0903,33.05
0.54749,0.4222,0.376,0.61695,14.343,-1.5162,1.0901,33.06
0.5488,0.42102,0.3755,0.6169,14.341,-1.5304,1.09,33.07
0.55013,0.41968,0.375,0.61693,14.339,-1.5447,1.0899,33.08
0.55144,0.41842,0.37457,0.61687,14.337,-1.5589,1.0897,33.09
0.55275,0.41712,0.37421,0.6168,14.334,-1.5731,1.0896,33.1
0.55262,0.41709,0.3743,0.61689,14.334,-1.5731,1.0895,33.1
0.55396,0.41575,0.37387,0.61685,14.332,-1.5872,1.0894,33.11
0.55529,0.41448,0.37337,0.61681,14.329,-1.6014,1.0892,33.12
0.55644,0.41317,0.37298,0.61689,14.326,-1.6155,1.089,33.13
0.55779,0.41188,0.3725,0.61683,14.323,-1.6296,1.0888,33.14
0.55905,0.4106,0.37211,0.61677,14.319,-1.6437,1.0886,33.15
0.55903,0.41061,0.37217,0.61674,14.319,-1.6438,1.0886,33.15
0.56026,0.40934,0.37177,0.61671,14.315,-1.6579,1.0884,33.16
0.56145,0.40805,0.37137,0.61673,14.311,-1.672,1.0881,33.17
0.56269,0.4068,0.37092,0.6167,14.307,-1.686,1.0879,33.18
0.56394,0.4055,0.37051,0.61665,14.303,-1.7,1.0876,33.19
0.56514,0.40425,0.37014,0.61661,14.298,-1.714,1.0874,33.2
0.5654,0.4041,0.37002,0.61654,14.298,-1.7141,1.0873,33.2
0.56666,0.40284,0.3695,0.61651,14.293,-1.728,1.0871,33.21
0.56797,0.40156,0.36899,0.61645,14.288,-1.7419,1.0868,33.22
0.56918,0.4003,0.36856,0.61641,14.283,-1.7558,1.0865,33.23
0.57038,0.39898,0.3681,0.61643,14.278,-1.7696,1.0862,33.24
0.5717,0.3976,0.36764,0.61637,14.272,-1.7834,1.0859,33.25
0.57171,0.39756,0.36784,0.61628,14.272,-1.7835,1.0858,33.25
0.57295,0.3962,0.36742,0.61624,14.266,-1.7972,1.0855,33.26
0.57422,0.39496,0.36703,0.61609,14.26,-1.8109,1.0852,33.27
0.57546,0.39369,0.36655,0.61603,14.254,-1.8246,1.0848,33.28
0.57665,0.39239,0.36616,0.61598,14.248,-1.8382,1.0845,33.29
0.57781,0.3911,0.36569,0.61599,14.241,-1.8518,1.0841,33.3
0.57797,0.39097,0.36562,0.61597,14.241,-1.852,1.0841,33.3
0.57921,0.38968,0.36521,0.61586,14.234,-1.8655,1.0837,33.31
0.58046,0.38833,0.36471,0.61583,14.227,-1.879,1.0833,33.32
0.58168,0.38711,0.36428,0.6157,14.219,-1.8925,1.0829,33.33
0.58291,0.38575,0.36382,0.61566,14.212,-1.9059,1.0825,33.34
0.5841,0.38452,0.36333,0.6156,14.204,-1.9192,1.0821,33.35
0.58419,0.38435,0.36336,0.6156,14.204,-1.9194,1.082,33.35
0.58543,0.38297,0.36293,0.61554,14.196,-1.9327,1.0816,33.36
0.58662,0.38169,0.3625,0.61546,14.188,-1.9459,1.0812,33.37
0.58784,0.38034,0.36202,0.61541,14.18,-1.9591,1.0807,33.38
0.58912,0.37892,0.36153,0.61535,14.171,-1.9723,1.0802,33.39
0.59039,0.37756,0.36101,0.61527,14.162,-1.9854,1.0798,33.4
0.59035,0.3777,0.36108,0.61518,14.162,-1.9855,1.0798,33.4
0.59154,0.3763,0.36059,0.61518,14.153,-1.9986,1.0793,33.41
0.59279,0.37495,0.36015,0.61507,14.144,-2.0115,1.0788,33.42
0.59393,0.37363,0.35975,0.615,14.135,-2.0244,1.0783,33.43
0.59514,0.37242,0.35933,0.61481,14.125,-2.0373,1.0778,33.44
0.59636,0.37102,0.35885,0.61476,14.116,-2.0501,1.0773,33.45
0.59646,0.37101,0.35877,0.61471,14.115,-2.0503,1.0772,33.45
0.59768,0.36967,0.35822,0.61465,14.106,-2.063,1.0767,33.46
0.59888,0.36833,0.35775,0.61456,14.095,-2.0756,1.0762,33.47
0.60005,0.36701,0.35722,0.61452,14.085,-2.0882,1.0756,33.48
0.60133,0.36569,0.35669,0.61437,14.075,-2.1008,1.0751,33.49
0.60258,0.36431,0.35627,0.6142,14.064,-2.1132,1.0745,33.5
0.60251,0.3643,0.35642,0.61419,14.064,-2.1134,1.0745,33.5
0.60376,0.36295,0.35592,0.61405,14.053,-2.1258,1.0739,33.51
0.60498,0.36161,0.35545,0.61391,14.042,-2.1381,1.0733,33.52
0.60618,0.36023,0.35508,0.61376,14.031,-2.1503,1.0727,33.53
0.60734,0.35893,0.35459,0.61365,14.019,-2.1625,1.0721,33.54
0.60854,0.35755,0.35413,0.61354,14.007,-2.1746,1.0715,33.55
0.60852,0.35755,0.35405,0.61361,14.007,-2.1747,1.0715,33.55
0.60976,0.35617,0.35357,0.61345,13.995,-2.1868,1.0709,33.56
0.61087,0.35474,0.35321,0.61339,13.983,-2.1987,1.0702,33.57
0.61207,0.35337,0.35271,0.61327,13.971,-2.2106,1.0696,33.58
0.61332,0.35193,0.35227,0.6131,13.959,-2.2223,1.0689,33.59
0.61442,0.35063,0.35181,0.61301,13.946,-2.234,1.0682,33.6
0.61447,0.35077,0.35164,0.61297,13.946,-2.2342,1.0682,33.6
0.61563,0.34946,0.35118,0.61282,13.933,-2.2458,1.0675,33.61
0.61686,0.34807,0.35072,0.61264,13.921,-2.2574,1.0668,33.62
0.61808,0.34665,0.35022,0.6125,13.907,-2.2688,1.0661,33.63
0.61921,0.34531,0.34977,0.61237,13.894,-2.2802,1.0654,33.64
0.62043,0.34389,0.34929,0.61222,13.881,-2.2914,1.0647,33.65
0.62037,0.34396,0.3492,0.61229,13.88,-2.2916,1.0648,33.65
0.62144,0.34259,0.34871,0.61224,13.867,-2.3028,1.064,33.66
0.62267,0.3412,0.34821,0.61206,13.853,-2.3139,1.0633,33.67
0.62394,0.3398,0.34772,0.61182,13.839,-2.3249,1.0625,33.68
0.62505,0.33848,0.34726,0.61168,13.825,-2.3359,1.0618,33.69
0.62629,0.33706,0.34671,0.61151,13.811,-2.3467,1.061,33.7
0.62621,0.33711,0.34673,0.61155,13.811,-2.3468,1.0611,33.7
0.62732,0.33573,0.34624,0.61145,13.796,-2.3575,1.0603,33.71
0.6285,0.33434,0.34571,0.6113,13.781,-2.3682,1.0596,33.72
0.62962,0.33282,0.34525,0.61124,13.767,-2.3787,1.0588,33.73
0.63072,0.33143,0.34476,0.61114,13.752,-2.3892,1.058,33.74
0.63179,0.33009,0.3443,0.61102,13.737,-2.3995,1.0572,33.75
0.632,0.33025,0.34424,0.61075,13.736,-2.3996,1.0573,33.75
0.63314,0.32886,0.34365,0.61065,13.721,-2.4099,1.0565,33.76
0.63429,0.3275,0.34318,0.61046,13.706,-2.4201,1.0556,33.77
0.63538,0.32613,0.34268,0.61033,13.69,-2.4301,1.0548,33.78
0.63651,0.32474,0.34209,0.61022,13.674,-2.4401,1.054,33.79
0.63765,0.32335,0.34159,0.61005,13.659,-2.4499,1.0532,33.8
0.63773,0.32335,0.34172,0.6099,13.658,-2.45,1.0532,33.8
0.63886,0.32193,0.34115,0.60978,13.642,-2.4598,1.0524,33.81
0.64,0.3205,0.34061,0.60964,13.626,-2.4694,1.0515,33.82
0.64115,0.31923,0.3401,0.60938,13.61,-2.479,1.0507,33.83
0.64225,0.31783,0.33959,0.60924,13.593,-2.4884,1.0498,33.84
0.64343,0.3164,0.33911,0.60901,13.577,-2.4977,1.0489,33.85
0.6434,0.31642,0.33917,0.609,13.576,-2.4978,1.0489,33.85
0.64453,0.31502,0.33871,0.60878,13.56,-2.507,1.0481,33.86
0.64568,0.31365,0.33813,0.6086,13.543,-2.5161,1.0472,33.87
0.64676,0.31231,0.33763,0.60842,13.526,-2.5251,1.0463,33.88
0.64789,0.31089,0.33721,0.60817,13.509,-2.534,1.0454,33.89
0.64903,0.30951,0.3366,0.60801,13.491,-2.5427,1.0445,33.9
0.64903,0.30946,0.33657,0.60804,13.491,-2.5428,1.0445,33.9
0.65014,0.30798,0.33613,0.60786,13.474,-2.5515,1.0436,33.91
0.65119,0.3066,0.33571,0.60765,13.456,-2.56,1.0427,33.92
0.65233,0.30527,0.33519,0.60739,13.438,-2.5684,1.0418,33.93
0.65349,0.30386,0.33467,0.60713,13.42,-2.5767,1.0408,33.94
0.65463,0.30249,0.33417,0.60687,13.402,-2.5849,1.0399,33.95
0.65458,0.30248,0.33396,0.60704,13.402,-2.585,1.0399,33.95
0.65568,0.30112,0.33348,0.60679,13.384,-2.5931,1.039,33.96
0.65682,0.29975,0.33299,0.60651,13.366,-2.601,1.038,33.97
0.65793,0.29841,0.33247,0.60625,13.348,-2.6088,1.0371,33.98
0.65906,0.29692,0.33188,0.60607,13.329,-2.6166,1.0361,33.99
0.66015,0.29553,0.33128,0.6059,13.311,-2.6242,1.0352,34
0.66009,0.29546,0.33132,0.60598,13.31,-2.6242,1.0352,34
0.66113,0.29406,0.33076,0.60582,13.292,-2.6317,1.0342,34.01
0.66219,0.29269,0.3303,0.60558,13.273,-2.639,1.0332,34.02
0.66335,0.29122,0.3298,0.6053,13.254,-2.6463,1.0323,34.03
0.66441,0.2898,0.3293,0.6051,13.235,-2.6534,1.0313,34.04
0.66547,0.28841,0.32879,0.60487,13.216,-2.6604,1.0303,34.05
0.66553,0.28844,0.32865,0.60487,13.215,-2.6604,1.0303,34.05
0.66658,0.287,0.32817,0.60465,13.196,-2.6673,1.0293,34.06
0.66767,0.2856,0.32759,0.60443,13.177,-2.674,1.0283,34.07
0.66874,0.28422,0.32711,0.60416,13.157,-2.6806,1.0273,34.08
0.66987,0.28284,0.3266,0.60383,13.138,-2.6871,1.0263,34.09
0.67094,0.28133,0.32613,0.60361,13.118,-2.6934,1.0253,34.1
0.67092,0.28137,0.32595,0.6037,13.118,-2.6935,1.0253,34.1
0.67196,0.27999,0.32537,0.6035,13.098,-2.6997,1.0243,34.11
0.67292,0.27862,0.32474,0.6034,13.078,-2.7058,1.0233,34.12
0.67399,0.27716,0.32419,0.60317,13.058,-2.7117,1.0222,34.13
0.67513,0.27574,0.32353,0.6029,13.038,-2.7176,1.0212,34.14
0.67615,0.27429,0.32305,0.60269,13.018,-2.7233,1.0202,34.15
0.67625,0.27429,0.32322,0.60247,13.018,-2.7233,1.0202,34.15
0.67733,0.27285,0.32261,0.60225,12.998,-2.7289,1.0192,34.16
0.67844,0.27145,0.32194,0.60198,12.977,-2.7344,1.0181,34.17
0.67953,0.27004,0.32137,0.6017,12.957,-2.7397,1.0171,34.18
0.68059,0.26858,0.32075,0.60148,12.937,-2.7449,1.0161,34.19
0.68161,0.26717,0.32024,0.60123,12.916,-2.7499,1.015,34.2
0.68152,0.26718,0.32047,0.6012,12.916,-2.7499,1.015,34.2
0.68255,0.26577,0.31989,0.60097,12.895,-2.7548,1.014,34.21
0.68357,0.2643,0.31932,0.60076,12.874,-2.7596,1.0129,34.22
0.68463,0.26289,0.31882,0.60044,12.854,-2.7642,1.0119,34.23
0.6857,0.26158,0.31812,0.60016,12.833,-2.7687,1.0108,34.24
0.68669,0.26023,0.3176,0.59989,12.812,-2.7731,1.0097,34.25
0.68673,0.26004,0.31768,0.59988,12.812,-2.7731,1.0097,34.25
0.68778,0.25856,0.31714,0.59961,12.791,-2.7773,1.0087,34.26
0.68887,0.25714,0.31651,0.59929,12.77,-2.7814,1.0076,34.27
0.69,0.2556,0.31597,0.59894,12.749,-2.7854,1.0065,34.28
0.69106,0.25416,0.31547,0.5986,12.728,-2.7892,1.0055,34.29
0.69211,0.25273,0.31488,0.5983,12.706,-2.7929,1.0044,34.3
0.69188,0.25289,0.31488,0.5985,12.706,-2.7928,1.0044,34.3
0.69295,0.25147,0.31429,0.59818,12.685,-2.7964,1.0033,34.31
0.69396,0.24997,0.31379,0.59789,12.663,-2.7998,1.0022,34.32
0.69495,0.24855,0.31322,0.59763,12.642,-2.803,1.0012,34.33
0.69598,0.24707,0.31262,0.59735,12.621,-2.8062,1.0001,34.34
0.697,0.24571,0.31196,0.59707,12.599,-2.8091,0.99897,34.35
0.69697,0.24571,0.31204,0.59707,12.599,-2.8092,0.99902,34.35
0.698,0.24428,0.31139,0.59679,12.577,-2.812,0.99793,34.36
0.69902,0.24278,0.31092,0.59645,12.556,-2.8147,0.99684,34.37
0.70005,0.24133,0.31032,0.59614,12.534,-2.8173,0.99575,34.38
0.70104,0.23986,0.30971,0.59589,12.513,-2.8198,0.99465,34.39
0.70206,0.23849,0.30914,0.59554,12.491,-2.8221,0.99356,34.4
0.702,0.23851,0.30918,0.59558,12.491,-2.822,0.9936,34.4
0.70298,0.23706,0.30862,0.5953,12.469,-2.8242,0.99251,34.41
0.70398,0.23558,0.30809,0.59498,12.447,-2.8262,0.99141,34.42
0.70493,0.23414,0.30757,0.5947,12.426,-2.8281,0.99031,34.43
0.70591,0.23268,0.30703,0.59438,12.404,-2.8298,0.98921,34.44
0.70693,0.23117,0.30642,0.59407,12.382,-2.8314,0.98811,34.45
0.70697,0.23129,0.30628,0.59405,12.382,-2.8313,0.98815,34.45
0.70797,0.22987,0.30569,0.59371,12.36,-2.8328,0.98705,34.46
0.70893,0.22841,0.30519,0.59339,12.338,-2.8341,0.98595,34.47
0.70992,0.22697,0.30455,0.59308,12.316,-2.8352,0.98485,34.48
0.71088,0.22547,0.30397,0.5928,12.294,-2.8362,0.98374,34.49
0.71185,0.22402,0.3034,0.59248,12.272,-2.8371,0.98263,34.5
0.71187,0.22405,0.30336,0.59246,12.272,-2.8371,0.98267,34.5
0.7128,0.2226,0.30277,0.5922,12.25,-2.8379,0.98156,34.51
0.71377,0.2211,0.30221,0.59188,12.228,-2.8385,0.98045,34.52
0.71478,0.21966,0.30163,0.59149,12.206,-2.8389,0.97934,34.53
0.71575,0.21816,0.30104,0.59118,12.184,-2.8392,0.97823,34.54
0.71673,0.21667,0.30045,0.59083,12.162,-2.8394,0.97712,34.55
0.71672,0.21679,0.30042,0.59082,12.162,-2.8394,0.97719,34.55
0.71769,0.21529,0.29979,0.59051,12.14,-2.8394,0.97607,34.56
0.71865,0.21389,0.29911,0.5902,12.118,-2.8393,0.97496,34.57
0.71961,0.21248,0.29851,0.58983,12.096,-2.839,0.97385,34.58
0.72059,0.21107,0.29793,0.58944,12.074,-2.8386,0.97274,34.59
0.72157,0.20956,0.29731,0.58909,12.052,-2.838,0.97163,34.6
0.7215,0.20952,0.29746,0.58912,12.052,-2.838,0.97173,34.6
0.72238,0.2081,0.2969,0.58882,12.03,-2.8373,0.97062,34.61
0.7233,0.20667,0.29627,0.58852,12.008,-2.8364,0.96951,34.62
0.72425,0.20516,0.29567,0.58817,11.986,-2.8355,0.96841,34.63
0.72519,0.20369,0.29509,0.58781,11.964,-2.8343,0.9673,34.64
0.72613,0.20229,0.29453,0.58742,11.942,-2.833,0.9662,34.65
0.72621,0.20222,0.29446,0.58738,11.942,-2.8331,0.96625,34.65
0.72714,0.20083,0.29382,0.58702,11.92,-2.8317,0.96515,34.66
0.72813,0.19946,0.29318,0.58658,11.898,-2.8301,0.96405,34.67
0.72904,0.19805,0.29259,0.58623,11.877,-2.8284,0.96295,34.68
0.72997,0.19655,0.29199,0.58588,11.855,-2.8266,0.96185,34.69
0.73091,0.19507,0.29138,0.5855,11.833,-2.8246,0.96075,34.7
0.73086,0.19491,0.29144,0.58559,11.833,-2.8247,0.96084,34.7
0.73182,0.19342,0.29081,0.5852,11.811,-2.8225,0.95975,34.71
0.73274,0.19204,0.29027,0.58476,11.789,-2.8203,0.95865,34.72
0.73368,0.19056,0.28959,0.58441,11.768,-2.8179,0.95756,34.73
0.73452,0.1891,0.28906,0.58409,11.746,-2.8153,0.95648,34.74
0.73543,0.18771,0.28849,0.58368,11.725,-2.8126,0.95539,34.75
0.73545,0.18758,0.28839,0.58374,11.724,-2.8127,0.95548,34.75
0.7363,0.18616,0.28781,0.58342,11.703,-2.8098,0.9544,34.76
0.73723,0.1847,0.28714,0.58303,11.681,-2.8069,0.95332,34.77
0.73816,0.18319,0.28652,0.58264,11.66,-2.8038,0.95225,34.78
0.73906,0.18169,0.28585,0.58229,11.639,-2.8005,0.95117,34.79
0.73993,0.1802,0.28527,0.58194,11.617,-2.7972,0.9501,34.8
0.73998,0.18022,0.28532,0.58184,11.617,-2.7972,0.95019,34.8
0.74087,0.17881,0.28473,0.58143,11.596,-2.7937,0.94912,34.81
0.74177,0.17729,0.2842,0.58102,11.574,-2.79,0.94806,34.82
0.74268,0.17579,0.28361,0.58059,11.553,-2.7862,0.947,34.83
0.7436,0.17445,0.28299,0.58012,11.532,-2.7823,0.94595,34.84
0.74446,0.173,0.28237,0.57976,11.511,-2.7782,0.94489,34.85
0.74444,0.17287,0.28223,0.57989,11.511,-2.7782,0.94495,34.85
0.74537,0.1714,0.2816,0.57943,11.49,-2.774,0.9439,34.86
0.74622,0.16993,0.28104,0.57904,11.469,-2.7697,0.94285,34.87
0.7471,0.16849,0.28045,0.57862,11.448,-2.7652,0.94181,34.88
0.74794,0.16707,0.27978,0.57827,11.427,-2.7606,0.94077,34.89
0.74882,0.1655,0.27908,0.57792,11.407,-2.7558,0.93973,34.9
0.74884,0.16548,0.2791,0.57789,11.406,-2.7559,0.93982,34.9
0.74969,0.16402,0.27849,0.57751,11.385,-2.751,0.93879,34.91
0.75057,0.16249,0.27793,0.57706,11.365,-2.746,0.93777,34.92
0.75145,0.16103,0.2773,0.57662,11.344,-2.7408,0.93675,34.93
0.75229,0.15946,0.2766,0.5763,11.324,-2.7356,0.93574,34.94
0.75318,0.15798,0.27601,0.57583,11.304,-2.7301,0.93472,34.95
0.75317,0.15809,0.27596,0.57584,11.303,-2.7301,0.93477,34.95
0.75399,0.15666,0.2753,0.57547,11.283,-2.7246,0.93376,34.96
0.75487,0.15517,0.27465,0.57503,11.263,-2.7189,0.93276,34.97
0.75575,0.15367,0.27398,0.5746,11.243,-2.7131,0.93176,34.98
0.75655,0.1521,0.27335,0.57426,11.223,-2.7072,0.93077,34.99
0.75738,0.15061,0.2727,0.57388,11.203,-2.7011,0.92978,35
0.75743,0.15069,0.27279,0.57374,11.203,-2.7011,0.92984,35
0.75825,0.1492,0.27211,0.57337,11.183,-2.6949,0.92886,35.01
0.75909,0.14768,0.27152,0.57293,11.163,-2.6886,0.92788,35.02
0.75992,0.14631,0.2708,0.57252,11.144,-2.6822,0.92691,35.03
0.76073,0.14477,0.2702,0.57213,11.124,-2.6756,0.92595,35.04
0.76155,0.14323,0.26948,0.57176,11.105,-2.6689,0.92499,35.05
0.76162,0.14328,0.2696,0.57159,11.105,-2.6689,0.92501,35.05
0.76248,0.14184,0.26894,0.57112,11.085,-2.662,0.92406,35.06
0.76331,0.14034,0.26826,0.5707,11.066,-2.6551,0.92311,35.07
0.76419,0.13889,0.26764,0.57016,11.047,-2.648,0.92216,35.08
0.76505,0.13737,0.26695,0.5697,11.028,-2.6408,0.92122,35.09
0.76583,0.1359,0.26619,0.56937,11.009,-2.6334,0.92028,35.1
0.76575,0.13585,0.26639,0.56939,11.009,-2.6334,0.9203,35.1
0.7666,0.13437,0.26577,0.56889,10.99,-2.626,0.91937,35.11
0.76744,0.13281,0.26509,0.56844,10.972,-2.6184,0.91845,35.12
0.76822,0.13137,0.26446,0.56801,10.953,-2.6107,0.91753,35.13
0.76901,0.12992,0.26372,0.56762,10.935,-2.6029,0.91662,35.14
0.76979,0.12845,0.26304,0.56721,10.917,-2.595,0.91571,35.15
0.76982,0.12841,0.26314,0.56713,10.916,-2.595,0.91572,35.15
0.77059,0.12696,0.26254,0.56669,10.898,-2.5869,0.91482,35.16
0.77138,0.12545,0.26192,0.56624,10.88,-2.5788,0.91393,35.17
0.77218,0.12399,0.26122,0.56581,10.862,-2.5705,0.91304,35.18
0.77292,0.12248,0.2606,0.56541,10.844,-2.5621,0.91216,35.19
0.77365,0.12103,0.25997,0.565,10.827,-2.5536,0.91129,35.2
0.77382,0.12095,0.25988,0.56483,10.826,-2.5535,0.9113,35.2
0.77459,0.11961,0.25917,0.56438,10.809,-2.5449,0.91044,35.21
0.77535,0.11811,0.25852,0.56395,10.792,-2.5362,0.90958,35.22
0.77617,0.11656,0.25788,0.56345,10.774,-2.5273,0.90873,35.23
0.77694,0.11507,0.2572,0.563,10.757,-2.5184,0.90789,35.24
0.77769,0.1136,0.25663,0.56253,10.74,-2.5093,0.90705,35.25
0.77775,0.11349,0.2566,0.56248,10.74,-2.5092,0.90706,35.25
0.77854,0.11199,0.2559,0.56201,10.723,-2.5,0.90623,35.26
0.7793,0.11045,0.25528,0.56153,10.707,-2.4907,0.90541,35.27
0.78005,0.10901,0.25453,0.56111,10.69,-2.4813,0.9046,35.28
0.7808,0.10761,0.25378,0.56069,10.674,-2.4718,0.90379,35.29
0.78159,0.10626,0.25308,0.56016,10.658,-2.4622,0.90299,35.3
0.78161,0.10602,0.25329,0.56008,10.657,-2.4622,0.90298,35.3
0.78238,0.1046,0.25254,0.55961,10.641,-2.4524,0.9022,35.31
0.78317,0.10307,0.25187,0.55909,10.625,-2.4426,0.90142,35.32
0.78392,0.10163,0.25127,0.55857,10.609,-2.4327,0.90065,35.33
0.7847,0.10015,0.25059,0.55805,10.594,-2.4226,0.89988,35.34
0.78549,0.098566,0.24995,0.55751,10.578,-2.4125,0.89912,35.35
0.7854,0.098543,0.24996,0.55763,10.578,-2.4124,0.8991,35.35
0.78618,0.097052,0.24929,0.5571,10.563,-2.4022,0.89836,35.36
0.78691,0.095501,0.24862,0.55664,10.547,-2.3918,0.89762,35.37
0.78763,0.093971,0.24792,0.55618,10.533,-2.3814,0.89688,35.38
0.78841,0.092467,0.24721,0.55565,10.518,-2.3709,0.89616,35.39
0.78918,0.091018,0.24649,0.55512,10.503,-2.3602,0.89545,35.4
0.78913,0.091056,0.24662,0.55513,10.503,-2.3602,0.89545,35.4
0.78985,0.089522,0.24604,0.5546,10.488,-2.3495,0.89475,35.41
0.79063,0.088043,0.24532,0.55406,10.474,-2.3386,0.89405,35.42
0.79136,0.086485,0.24461,0.55357,10.46,-2.3277,0.89336,35.43
0.79213,0.084978,0.244,0.55297,10.446,-2.3167,0.89268,35.44
0.79286,0.083498,0.24332,0.55244,10.432,-2.3056,0.89201,35.45
0.79278,0.083562,0.24324,0.55258,10.432,-2.3056,0.89201,35.45
0.7935,0.082062,0.24259,0.55207,10.418,-2.2944,0.89135,35.46
0.79421,0.080627,0.24188,0.55156,10.404,-2.2831,0.89069,35.47
0.79493,0.079081,0.2412,0.55105,10.391,-2.2717,0.89005,35.48
0.79563,0.077707,0.24054,0.55052,10.378,-2.2603,0.88942,35.49
0.79635,0.076193,0.23984,0.54999,10.365,-2.2488,0.88879,35.5
0.79637,0.076053,0.23984,0.54998,10.365,-2.2487,0.88879,35.5
0.7971,0.074571,0.2392,0.54942,10.352,-2.2371,0.88818,35.51
0.7978,0.073039,0.23854,0.54888,10.339,-2.2254,0.88757,35.52
0.79857,0.071573,0.23779,0.54829,10.327,-2.2136,0.88698,35.53
0.79926,0.069986,0.23713,0.54777,10.315,-2.2018,0.88639,35.54
0.79994,0.068425,0.23638,0.5473,10.303,-2.1899,0.88581,35.55
0.79989,0.068537,0.23643,0.54734,10.302,-2.1897,0.88583,35.55
0.80062,0.067073,0.23563,0.54679,10.29,-2.1777,0.88526,35.56
0.80135,0.065628,0.23489,0.54623,10.279,-2.1656,0.8847,35.57
0.80205,0.064091,0.23423,0.54566,10.267,-2.1535,0.88415,35.58
0.80274,0.062602,0.23347,0.54514,10.256,-2.1412,0.88361,35.59
0.80344,0.061086,0.2328,0.54457,10.245,-2.1289,0.88308,35.6
0.80334,0.061026,0.23299,0.54465,10.244,-2.1288,0.88311,35.6
0.80404,0.059506,0.23229,0.54408,10.233,-2.1164,0.88259,35.61
0.80474,0.057965,0.23157,0.54352,10.223,-2.104,0.88208,35.62
0.80538,0.056423,0.2308,0.54306,10.212,-2.0915,0.88158,35.63
0.80607,0.054873,0.23014,0.54247,10.202,-2.0789,0.88109,35.64
0.80672,0.053358,0.22943,0.54196,10.192,-2.0663,0.8806,35.65
0.80671,0.053506,0.22954,0.54191,10.191,-2.0661,0.88062,35.65
0.80741,0.051997,0.2288,0.54132,10.181,-2.0534,0.88015,35.66
0.80809,0.050578,0.22804,0.54077,10.172,-2.0406,0.87969,35.67
0.80873,0.049146,0.22741,0.54021,10.162,-2.0278,0.87924,35.68
0.80942,0.047549,0.22666,0.53963,10.153,-2.0149,0.8788,35.69
0.81006,0.045958,0.22596,0.5391,10.143,-2.0019,0.87836,35.7
0.81002,0.045988,0.22606,0.53912,10.143,-2.0018,0.87839,35.7
0.81068,0.044486,0.2254,0.53854,10.134,-1.9887,0.87797,35.71
0.81135,0.043015,0.22474,0.53792,10.125,-1.9756,0.87756,35.72
0.81199,0.041502,0.22398,0.53739,10.117,-1.9625,0.87716,35.73
0.81263,0.039886,0.22322,0.53686,10.108,-1.9493,0.87677,35.74
0.81326,0.038366,0.22247,0.53632,10.1,-1.936,0.87639,35.75
0.81326,0.038461,0.22256,0.53628,10.1,-1.936,0.87641,35.75
0.81391,0.036933,0.22181,0.53571,10.092,-1.9227,0.87604,35.76
0.81454,0.03547,0.22103,0.53518,10.084,-1.9093,0.87568,35.77
0.81516,0.034016,0.22028,0.53464,10.077,-1.8959,0.87533,35.78
0.81578,0.032544,0.21953,0.53409,10.069,-1.8824,0.875,35.79
0.81647,0.031046,0.21874,0.53345,10.062,-1.8689,0.87467,35.8
0.81642,0.030934,0.21904,0.5334,10.062,-1.8689,0.87468,35.8
0.81711,0.029464,0.2183,0.53273,10.055,-1.8553,0.87437,35.81
0.81774,0.027986,0.21759,0.53214,10.048,-1.8417,0.87407,35.82
0.81839,0.026454,0.21689,0.5315,10.042,-1.828,0.87378,35.83
0.81898,0.024866,0.21616,0.53098,10.035,-1.8144,0.8735,35.84
0.81962,0.023358,0.21545,0.53034,10.029,-1.8006,0.87323,35.85
0.81952,0.023398,0.21551,0.53047,10.029,-1.8006,0.87322,35.85
0.82012,0.021843,0.21488,0.52986,10.023,-1.7868,0.87296,35.86
0.82073,0.020315,0.21416,0.52927,10.017,-1.773,0.87271,35.87
0.82134,0.018868,0.21348,0.52866,10.012,-1.7592,0.87248,35.88
0.82195,0.01743,0.21284,0.52801,10.007,-1.7453,0.87226,35.89
0.82261,0.015898,0.21208,0.52733,10.002,-1.7314,0.87205,35.9
0.82254,0.015865,0.21195,0.5275,10.001,-1.7314,0.87202,35.9
0.82312,0.014313,0.2112,0.52694,9.9965,-1.7174,0.87181,35.91
0.82367,0.012779,0.21045,0.52642,9.9919,-1.7034,0.87162,35.92
0.82425,0.011209,0.20969,0.52585,9.9875,-1.6894,0.87143,35.93
0.82489,0.0097189,0.209,0.52514,9.9833,-1.6754,0.87126,35.94
0.82544,0.0082178,0.20835,0.52456,9.9794,-1.6614,0.8711,35.95
0.82549,0.0083349,0.20838,0.52447,9.9792,-1.6614,0.8711,35.95
0.82605,0.0068611,0.20772,0.52387,9.9754,-1.6473,0.87095,35.96
0.82669,0.0053837,0.20695,0.52319,9.9719,-1.6332,0.87081,35.97
0.82725,0.0039001,0.20616,0.52262,9.9685,-1.619,0.87068,35.98
0.82784,0.0022848,0.20548,0.52197,9.9654,-1.6049,0.87056,35.99
0.82838,0.0008565,0.20484,0.52137,9.9625,-1.5907,0.87045,36
0.82837,0.00079422,0.20478,0.52141,9.9624,-1.5907,0.87046,36
0.82892,-0.00066255,0.2041,0.5208,9.9597,-1.5765,0.87036,36.01
0.82943,-0.0021825,0.20345,0.52023,9.9572,-1.5623,0.87027,36.02
0.82998,-0.0036632,0.20277,0.51962,9.955,-1.5481,0.8702,36.03
0.83055,-0.00524,0.2021,0.51896,9.953,-1.5339,0.87013,36.04
0.83107,-0.006752,0.20142,0.51837,9.9512,-1.5197,0.87008,36.05
0.83117,-0.0067386,0.20117,0.5183,9.951,-1.5197,0.8701,36.05
0.83171,-0.0082856,0.20033,0.51774,9.9494,-1.5054,0.87006,36.06
0.83226,-0.0098809,0.1997,0.51708,9.9481,-1.4912,0.87003,36.07
0.8328,-0.011272,0.19892,0.51648,9.9469,-1.4769,0.87002,36.08
0.83337,-0.01284,0.19817,0.51581,9.946,-1.4626,0.87001,36.09
0.83388,-0.014326,0.19744,0.51522,9.9453,-1.4483,0.87002,36.1
0.83391,-0.014276,0.19754,0.51514,9.9451,-1.4484,0.87003,36.1
0.83447,-0.015811,0.19683,0.51446,9.9446,-1.4341,0.87005,36.11
0.83501,-0.017372,0.19614,0.5138,9.9444,-1.4198,0.87008,36.12
0.83557,-0.018802,0.19539,0.51312,9.9443,-1.4055,0.87012,36.13
0.83611,-0.020351,0.19462,0.51248,9.9445,-1.3912,0.87017,36.14
0.83661,-0.021814,0.19381,0.5119,9.9449,-1.3769,0.87023,36.15
0.83657,-0.021813,0.19389,0.51193,9.9448,-1.377,0.87019,36.15
0.83709,-0.023367,0.19314,0.51131,9.9454,-1.3627,0.87026,36.16
0.83761,-0.024795,0.1924,0.51066,9.9462,-1.3484,0.87034,36.17
0.83813,-0.026253,0.19165,0.51002,9.9472,-1.3341,0.87043,36.18
0.83866,-0.027756,0.19085,0.50937,9.9485,-1.3199,0.87054,36.19
0.83917,-0.029279,0.19014,0.5087,9.95,-1.3056,0.87065,36.2
0.83916,-0.029347,0.19022,0.50869,9.9499,-1.3056,0.87066,36.2
0.83969,-0.030798,0.1895,0.508,9.9516,-1.2914,0.87078,36.21
0.84022,-0.03221,0.18869,0.50733,9.9535,-1.2771,0.87092,36.22
0.84069,-0.033761,0.18793,0.50674,9.9557,-1.2629,0.87106,36.23
0.84119,-0.035229,0.18733,0.50603,9.958,-1.2487,0.87122,36.24
0.84167,-0.036818,0.1866,0.50538,9.9606,-1.2345,0.87139,36.25
0.84168,-0.036869,0.18654,0.50539,9.9605,-1.2345,0.87138,36.25
0.84218,-0.038424,0.18577,0.50472,9.9633,-1.2203,0.87156,36.26
0.84267,-0.039864,0.185,0.50407,9.9663,-1.2062,0.87175,36.27
0.84313,-0.041321,0.18421,0.50347,9.9695,-1.1921,0.87194,36.28
0.84363,-0.042885,0.1835,0.50276,9.973,-1.1779,0.87215,36.29
0.84411,-0.044379,0.18276,0.50211,9.9766,-1.1639,0.87238,36.3
0.84412,-0.044399,0.18284,0.50206,9.9766,-1.1639,0.87237,36.3
0.84461,-0.045808,0.18204,0.5014,9.9805,-1.1498,0.87261,36.31
0.84511,-0.047224,0.18122,0.50072,9.9845,-1.1358,0.87285,36.32
0.84558,-0.04874,0.1805,0.50004,9.9889,-1.1217,0.8731,36.33
0.84602,-0.0502,0.17978,0.49942,9.9934,-1.1078,0.87336,36.34
0.84653,-0.051759,0.17902,0.49866,9.9981,-1.0938,0.87364,36.35
0.84648,-0.051916,0.17913,0.49868,9.9981,-1.0938,0.87362,36.35
0.84698,-0.053446,0.17844,0.49793,10.003,-1.0799,0.87391,36.36
0.84739,-0.054907,0.17781,0.49728,10.008,-1.066,0.8742,36.37
0.84786,-0.05643,0.177,0.49662,10.014,-1.0522,0.87451,36.38
0.84826,-0.057965,0.17632,0.49599,10.019,-1.0383,0.87483,36.39
0.84874,-0.059463,0.17559,0.49525,10.025,-1.0246,0.87516,36.4
0.84878,-0.059429,0.1754,0.49525,10.025,-1.0246,0.87513,36.4
0.84925,-0.060896,0.17459,0.49456,10.031,-1.0108,0.87547,36.41
0.8497,-0.062324,0.17385,0.49387,10.037,-0.9971,0.87582,36.42
0.8501,-0.063881,0.17314,0.49322,10.044,-0.98343,0.87618,36.43
0.85056,-0.06539,0.17238,0.4925,10.05,-0.9698,0.87655,36.44
0.85104,-0.066853,0.17164,0.49173,10.057,-0.95623,0.87693,36.45
0.851,-0.066942,0.17165,0.49178,10.057,-0.95624,0.8769,36.45
0.85142,-0.068534,0.17091,0.49109,10.064,-0.9427,0.87729,36.46
0.85186,-0.070083,0.17016,0.49038,10.071,-0.92921,0.87769,36.47
0.85232,-0.071575,0.16938,0.48963,10.079,-0.91576,0.8781,36.48
0.85273,-0.073046,0.16863,0.48896,10.087,-0.90238,0.87852,36.49
0.85312,-0.07455,0.16786,0.48831,10.094,-0.88904,0.87895,36.5
0.85315,-0.074448,0.16789,0.48828,10.094,-0.88905,0.87893,36.5
0.85353,-0.076004,0.16713,0.48762,10.103,-0.87577,0.87937,36.51
0.85397,-0.07753,0.16632,0.4869,10.111,-0.86253,0.87982,36.52
0.8544,-0.079056,0.16554,0.48615,10.119,-0.84936,0.88028,36.53
0.85485,-0.080532,0.16474,0.48539,10.128,-0.83624,0.88075,36.54
0.85533,-0.08207,0.16394,0.48457,10.137,-0.82319,0.88123,36.55
0.85522,-0.081948,0.16411,0.48472,10.137,-0.82315,0.88124,36.55
0.85566,-0.08353,0.16324,0.48396,10.146,-0.81013,0.88173,36.56
0.85605,-0.08501,0.16251,0.48326,10.155,-0.79718,0.88224,36.57
0.85644,-0.086431,0.16178,0.48256,10.165,-0.7843,0.88275,36.58
0.85683,-0.087929,0.16095,0.48188,10.174,-0.77147,0.88328,36.59
0.85726,-0.089459,0.1602,0.48108,10.184,-0.75871,0.88382,36.6
0.85722,-0.089438,0.16032,0.48112,10.184,-0.75869,0.88377,36.6
0.85759,-0.090916,0.15953,0.48045,10.194,-0.74599,0.88431,36.61
0.85798,-0.092423,0.15875,0.47972,10.205,-0.73336,0.88487,36.62
0.85835,-0.094015,0.15807,0.47896,10.215,-0.7208,0.88544,36.63
0.85876,-0.095471,0.15725,0.47821,10.226,-0.70831,0.88601,36.64
0.85915,-0.096974,0.15646,0.47746,10.237,-0.69589,0.8866,36.65
0.85914,-0.096921,0.15651,0.47749,10.237,-0.69587,0.88655,36.65
0.85951,-0.098349,0.15573,0.47678,10.248,-0.68352,0.88714,36.66
0.85983,-0.099824,0.15505,0.47611,10.259,-0.67124,0.88775,36.67
0.86018,-0.10134,0.15429,0.47541,10.271,-0.65903,0.88836,36.68
0.86055,-0.10275,0.15365,0.47464,10.282,-0.6469,0.88898,36.69
0.86086,-0.10426,0.15297,0.47397,10.294,-0.63485,0.88961,36.7
0.86098,-0.1044,0.15269,0.47381,10.294,-0.63485,0.8896,36.7
0.86135,-0.10593,0.15193,0.47304,10.306,-0.62287,0.89024,36.71
0.86174,-0.10732,0.15116,0.47227,10.318,-0.61097,0.89089,36.72
0.86206,-0.10883,0.1505,0.47155,10.33,-0.59916,0.89155,36.73
0.86243,-0.11024,0.14971,0.4708,10.343,-0.58743,0.89222,36.74
0.86279,-0.11169,0.14892,0.47004,10.356,-0.57578,0.89289,36.75
0.86275,-0.11187,0.14885,0.47009,10.356,-0.57573,0.8929,36.75
0.86307,-0.11338,0.14812,0.46937,10.369,-0.56417,0.89358,36.76
0.86339,-0.11488,0.14735,0.46866,10.382,-0.55269,0.89427,36.77
0.86376,-0.1163,0.14662,0.46786,10.395,-0.54131,0.89497,36.78
0.86414,-0.11775,0.14589,0.46702,10.408,-0.53001,0.89568,36.79
0.86447,-0.11912,0.14517,0.46629,10.422,-0.5188,0.89639,36.8
0.86445,-0.11932,0.145,0.46633,10.422,-0.51871,0.89642,36.8
0.86478,-0.12078,0.14424,0.46558,10.436,-0.50759,0.89715,36.81
0.86507,-0.12232,0.14346,0.46488,10.45,-0.49655,0.89788,36.82
0.86545,-0.12383,0.14266,0.46403,10.464,-0.48561,0.89863,36.83
0.86575,-0.12535,0.14199,0.46326,10.478,-0.47477,0.89938,36.84
0.86607,-0.12691,0.14116,0.46248,10.492,-0.46402,0.90014,36.85
0.86607,-0.12677,0.14114,0.46253,10.493,-0.4639,0.90013,36.85
0.86641,-0.12814,0.1404,0.46174,10.507,-0.45323,0.9009,36.86
0.86666,-0.12972,0.13974,0.46102,10.522,-0.44266,0.90167,36.87
0.86697,-0.13125,0.13894,0.46025,10.537,-0.43219,0.90246,36.88
0.86727,-0.13277,0.13816,0.45949,10.552,-0.42182,0.90325,36.89
0.86762,-0.13419,0.13735,0.45865,10.567,-0.41155,0.90405,36.9
0.86761,-0.1342,0.13727,0.45869,10.567,-0.41149,0.90403,36.9
0.86791,-0.13566,0.13648,0.45793,10.583,-0.4013,0.90484,36.91
0.86817,-0.13721,0.13584,0.45717,10.598,-0.39121,0.90565,36.92
0.86847,-0.13878,0.13497,0.45638,10.614,-0.38122,0.90648,36.93
0.86874,-0.14031,0.13415,0.45564,10.63,-0.37134,0.90731,36.94
0.86904,-0.1418,0.13332,0.45484,10.646,-0.36157,0.90814,36.95
0.86908,-0.14162,0.13339,0.45481,10.646,-0.36157,0.90814,36.95
0.86937,-0.14322,0.13267,0.45396,10.662,-0.35189,0.90898,36.96
0.86965,-0.14472,0.1319,0.45317,10.678,-0.34232,0.90983,36.97
0.86997,-0.14613,0.13113,0.45234,10.695,-0.33286,0.91068,36.98
0.87019,-0.14759,0.13038,0.45165,10.711,-0.32351,0.91154,36.99
0.87049,-0.1491,0.12958,0.4508,10.728,-0.31427,0.91241,37
0.87048,-0.14904,0.12949,0.45088,10.728,-0.31426,0.91243,37
0.87075,-0.15055,0.12864,0.4501,10.745,-0.30512,0.9133,37.01
0.87102,-0.15205,0.12787,0.44928,10.762,-0.29609,0.91418,37.02
0.87129,-0.15353,0.12704,0.44849,10.779,-0.28718,0.91507,37.03
0.87151,-0.15498,0.1263,0.44777,10.797,-0.27838,0.91597,37.04
0.87176,-0.15644,0.12551,0.44699,10.814,-0.26969,0.91686,37.05
0.87179,-0.15643,0.12558,0.44692,10.814,-0.26971,0.9169,37.05
0.87207,-0.15787,0.12482,0.44608,10.832,-0.26114,0.9178,37.06
0.87235,-0.15927,0.1241,0.44523,10.849,-0.25268,0.91872,37.07
0.87261,-0.16081,0.1233,0.4444,10.867,-0.24434,0.91964,37.08
0.87284,-0.16223,0.12247,0.44366,10.885,-0.23611,0.92056,37.09
0.87312,-0.16367,0.12159,0.44282,10.903,-0.22801,0.9215,37.1
0.87303,-0.16381,0.12166,0.44292,10.903,-0.22801,0.92149,37.1
0.87325,-0.16532,0.12086,0.44216,10.922,-0.22001,0.92243,37.11
0.87348,-0.1669,0.12009,0.44132,10.94,-0.21213,0.92338,37.12
0.87368,-0.16838,0.11922,0.44059,10.958,-0.20436,0.92433,37.13
0.87391,-0.16977,0.11852,0.43979,10.977,-0.19672,0.92528,37.14
0.87416,-0.17127,0.1177,0.43894,10.995,-0.1892,0.92624,37.15
0.8742,-0.17119,0.11772,0.43888,10.996,-0.18928,0.92629,37.15
0.87442,-0.17267,0.11691,0.43808,11.014,-0.18189,0.92725,37.16
0.87466,-0.17419,0.11613,0.43721,11.033,-0.17462,0.92823,37.17
0.87488,-0.17566,0.11538,0.43636,11.052,-0.16747,0.92921,37.18
0.87512,-0.17712,0.11449,0.43553,11.071,-0.16045,0.93019,37.19
0.87533,-0.17861,0.11374,0.4347,11.091,-0.15355,0.93118,37.2
0.87528,-0.17854,0.11378,0.43481,11.091,-0.15361,0.93118,37.2
0.87548,-0.18004,0.11303,0.43398,11.11,-0.14683,0.93217,37.21
0.87567,-0.18149,0.11223,0.4332,11.13,-0.14018,0.93318,37.22
0.8759,-0.18296,0.11141,0.43233,11.149,-0.13365,0.93418,37.23
0.87608,-0.18449,0.11064,0.43151,11.169,-0.12726,0.93519,37.24
0.87629,-0.18594,0.10994,0.43065,11.188,-0.12099,0.93621,37.25
0.87629,-0.18588,0.10982,0.43069,11.189,-0.12108,0.93623,37.25
0.87649,-0.18735,0.10896,0.42988,11.208,-0.11495,0.93725,37.26
0.87669,-0.18882,0.10817,0.42902,11.228,-0.10894,0.93827,37.27
0.87689,-0.19025,0.10734,0.42818,11.248,-0.10306,0.9393,37.28
0.87711,-0.19167,0.1065,0.42731,11.268,-0.09732,0.94034,37.29
0.87729,-0.19314,0.10574,0.42648,11.289,-0.09171,0.94138,37.3
0.87723,-0.19321,0.10585,0.42654,11.289,-0.091811,0.94136,37.3
0.87741,-0.19469,0.10501,0.42569,11.309,-0.086333,0.9424,37.31
0.87761,-0.19609,0.10422,0.42483,11.329,-0.080988,0.94345,37.32
0.87779,-0.1975,0.10349,0.42399,11.35,-0.075777,0.9445,37.33
0.878,-0.19899,0.10268,0.42306,11.37,-0.070699,0.94555,37.34
0.87812,-0.20047,0.10186,0.4223,11.391,-0.065756,0.94661,37.35
0.87808,-0.20051,0.10188,0.42235,11.391,-0.06582,0.94659,37.35
0.87822,-0.20199,0.10115,0.42154,11.412,-0.061005,0.94765,37.36
0.87839,-0.20351,0.10033,0.42065,11.433,-0.056325,0.94871,37.37
0.87852,-0.20495,0.099577,0.41987,11.453,-0.051782,0.94978,37.38
0.87869,-0.20639,0.098814,0.41898,11.474,-0.047375,0.95084,37.39
0.87884,-0.20786,0.097933,0.41813,11.495,-0.043104,0.95191,37.4
0.87886,-0.20781,0.097896,0.41813,11.495,-0.043186,0.95194,37.4
0.87902,-0.20928,0.097141,0.41724,11.516,-0.039065,0.95301,37.41
0.8792,-0.21076,0.09625,0.41632,11.537,-0.035082,0.95408,37.42
0.8793,-0.21226,0.095401,0.41554,11.559,-0.031238,0.95516,37.43
0.87951,-0.21367,0.094652,0.41456,11.58,-0.027534,0.95624,37.44
0.87963,-0.21505,0.093825,0.41378,11.601,-0.023969,0.95732,37.45
0.87957,-0.21508,0.093907,0.41387,11.601,-0.023963,0.9573,37.45
0.87968,-0.21659,0.093145,0.41301,11.623,-0.02053,0.95838,37.46
0.87979,-0.21803,0.09236,0.41219,11.644,-0.017238,0.95947,37.47
0.87991,-0.21953,0.091539,0.41132,11.665,-0.014086,0.96055,37.48
0.88004,-0.22099,0.090724,0.41044,11.687,-0.011075,0.96164,37.49
0.88014,-0.22246,0.089904,0.4096,11.708,-0.008204,0.96273,37.5
0.8802,-0.22233,0.089903,0.40957,11.708,-0.0082243,0.96272,37.5
0.88031,-0.22378,0.088975,0.40873,11.73,-0.005487,0.96381,37.51
0.88047,-0.22513,0.088207,0.40782,11.751,-0.0028899,0.9649,37.52
0.88058,-0.22658,0.08746,0.40692,11.773,-0.00043404,0.966,37.53
0.8807,-0.22807,0.086592,0.40603,11.795,0.0018804,0.9671,37.54
0.88079,-0.22953,0.085803,0.40517,11.816,0.0040532,0.9682,37.55
0.88074,-0.22956,0.085898,0.40523,11.817,0.0040117,0.96818,37.55
0.88081,-0.23107,0.085124,0.4044,11.838,0.006052,0.96929,37.56
0.88086,-0.23253,0.084506,0.40358,11.86,0.0079506,0.97039,37.57
0.88096,-0.2339,0.083651,0.40274,11.882,0.0097071,0.9715,37.58
0.88104,-0.23535,0.082847,0.40188,11.904,0.011321,0.97261,37.59
0.88112,-0.23682,0.082126,0.40099,11.925,0.012794,0.97371,37.6
0.88121,-0.23678,0.081878,0.40087,11.926,0.01271,0.97368,37.6
0.8813,-0.23826,0.081067,0.39997,11.948,0.014035,0.97479,37.61
0.8814,-0.23965,0.080269,0.39908,11.969,0.015218,0.9759,37.62
0.88148,-0.24109,0.079445,0.39821,11.991,0.016258,0.97701,37.63
0.88156,-0.24251,0.078638,0.39731,12.013,0.017156,0.97812,37.64
0.88164,-0.24393,0.077718,0.39645,12.035,0.017911,0.97923,37.65
0.88161,-0.24397,0.077859,0.39646,12.035,0.017871,0.97913,37.65
0.88168,-0.24538,0.077029,0.3956,12.057,0.018489,0.98024,37.66
0.88174,-0.24687,0.076177,0.39469,12.079,0.018962,0.98135,37.67
0.88178,-0.24833,0.075325,0.39385,12.101,0.019292,0.98246,37.68
0.88184,-0.24986,0.074549,0.3929,12.123,0.019479,0.98356,37.69
0.88183,-0.25149,0.073764,0.39202,12.145,0.019523,0.98467,37.7
0.88193,-0.25114,0.073828,0.39202,12.145,0.019474,0.98461,37.7
0.88196,-0.25255,0.073017,0.39119,12.167,0.019377,0.98572,37.71
0.88198,-0.25401,0.072226,0.39035,12.189,0.019138,0.98683,37.72
0.88207,-0.2554,0.071449,0.38939,12.211,0.018757,0.98794,37.73
0.88208,-0.25686,0.070582,0.38855,12.233,0.018233,0.98905,37.74
0.88212,-0.25828,0.069811,0.38766,12.255,0.017567,0.99016,37.75
0.88217,-0.25829,0.06979,0.38755,12.255,0.017498,0.99007,37.75
0.88219,-0.25972,0.068956,0.3867,12.277,0.016684,0.99118,37.76
0.88224,-0.26116,0.068171,0.38575,12.299,0.015727,0.99228,37.77
0.88222,-0.26268,0.067361,0.38491,12.321,0.014628,0.99338,37.78
0.88225,-0.264,0.06658,0.38407,12.343,0.013388,0.99448,37.79
0.88226,-0.26544,0.065807,0.38317,12.364,0.012008,0.99558,37.8
0.88233,-0.26542,0.065745,0.38304,12.365,0.011976,0.99549,37.8
0.88238,-0.26673,0.06487,0.38216,12.386,0.010457,0.99658,37.81
0.88242,-0.26806,0.064112,0.38128,12.408,0.0087955,0.99768,37.82
0.8824,-0.26955,0.063216,0.38041,12.43,0.0069927,0.99877,37.83
0.88244,-0.27096,0.062358,0.37946,12.452,0.0050495,0.99986,37.84
0.88247,-0.27226,0.061495,0.3786,12.473,0.0029659,1.001,37.85
0.88242,-0.27253,0.061699,0.3785,12.474,0.0029185,1.0009,37.85
0.88238,-0.27391,0.060865,0.37772,12.495,0.00068965,1.002,37.86
0.88238,-0.27538,0.060096,0.37679,12.517,-0.0016796,1.0031,37.87
0.8824,-0.27673,0.059259,0.37588,12.539,-0.0041894,1.0041,37.88
0.88236,-0.27818,0.058449,0.37502,12.56,-0.006839,1.0052,37.89
0.88234,-0.27961,0.057624,0.37413,12.582,-0.0096276,1.0063,37.9
0.88242,-0.27961,0.05764,0.37393,12.582,-0.0096985,1.0062,37.9
0.88242,-0.28096,0.05681,0.37306,12.603,-0.012636,1.0073,37.91
0.88234,-0.28243,0.056059,0.37225,12.625,-0.015711,1.0084,37.92
0.8823,-0.28385,0.055266,0.37137,12.646,-0.018925,1.0095,37.93
0.88228,-0.28528,0.054494,0.37044,12.667,-0.022278,1.0105,37.94
0.88227,-0.28672,0.053718,0.36946,12.689,-0.025769,1.0116,37.95
0.88235,-0.28667,0.053579,0.36933,12.689,-0.025812,1.0115,37.95
0.88235,-0.28806,0.052769,0.36836,12.71,-0.029443,1.0126,37.96
0.88238,-0.28943,0.05193,0.36733,12.731,-0.033212,1.0136,37.97
0.88234,-0.29085,0.05117,0.36641,12.752,-0.037119,1.0147,37.98
0.88233,-0.29229,0.050366,0.36541,12.773,-0.041162,1.0157,37.99
0.88232,-0.29365,0.049658,0.36443,12.794,-0.045341,1.0168,38
0.88221,-0.2937,0.04952,0.36469,12.795,-0.045335,1.0166,38
0.88216,-0.29509,0.048706,0.36379,12.816,-0.04964,1.0177,38.01
0.88209,-0.29655,0.04796,0.36286,12.836,-0.054078,1.0187,38.02
0.88207,-0.29788,0.047122,0.36194,12.857,-0.05865,1.0198,38.03
0.882,-0.2993,0.046315,0.36103,12.878,-0.063357,1.0208,38.04
0.88192,-0.30078,0.045471,0.36012,12.899,-0.068197,1.0218,38.05
0.88198,-0.30072,0.045445,0.36002,12.899,-0.068273,1.0218,38.05
0.88192,-0.30199,0.044646,0.35919,12.919,-0.073274,1.0229,38.06
0.88186,-0.30345,0.043794,0.35823,12.94,-0.078408,1.0239,38.07
0.88182,-0.30483,0.042899,0.35725,12.96,-0.083673,1.0249,38.08
0.88175,-0.30626,0.042048,0.3563,12.981,-0.089071,1.0259,38.09
0.88166,-0.30767,0.041192,0.3554,13.001,-0.094602,1.0269,38.1
0.88168,-0.3077,0.041375,0.35532,13.001,-0.094599,1.0269,38.1
0.88162,-0.30911,0.040579,0.35433,13.021,-0.10027,1.0279,38.11
0.88154,-0.31046,0.039769,0.35344,13.041,-0.10607,1.0288,38.12
0.88142,-0.31185,0.039071,0.3526,13.061,-0.112,1.0298,38.13
0.8813,-0.31328,0.038289,0.3517,13.081,-0.11806,1.0308,38.14
0.88125,-0.31461,0.037501,0.35072,13.101,-0.12424,1.0318,38.15
0.8813,-0.31466,0.037294,0.35059,13.101,-0.12423,1.0318,38.15
0.88123,-0.31601,0.036563,0.34963,13.121,-0.13055,1.0327,38.16
0.88105,-0.31753,0.035821,0.34878,13.14,-0.13699,1.0337,38.17
0.88098,-0.31881,0.034924,0.34786,13.16,-0.14356,1.0347,38.18
0.88087,-0.32021,0.034133,0.34694,13.179,-0.15025,1.0356,38.19
0.8808,-0.32157,0.033344,0.34594,13.198,-0.15707,1.0366,38.2
0.88084,-0.32158,0.033217,0.34583,13.199,-0.15707,1.0365,38.2
0.88071,-0.32298,0.032459,0.34493,13.218,-0.164,1.0374,38.21
0.8806,-0.32432,0.031633,0.34403,13.237,-0.17106,1.0384,38.22
0.88048,-0.32571,0.030854,0.34309,13.256,-0.17823,1.0393,38.23
0.88037,-0.3271,0.030039,0.34213,13.275,-0.18553,1.0402,38.24
0.88031,-0.32844,0.029281,0.34105,13.293,-0.19295,1.0412,38.25
0.88031,-0.32848,0.029138,0.34104,13.294,-0.19303,1.0411,38.25
0.88023,-0.32977,0.028276,0.34006,13.312,-0.20057,1.042,38.26
0.88016,-0.33108,0.027392,0.33905,13.331,-0.20824,1.043,38.27
0.88006,-0.33247,0.026626,0.33801,13.349,-0.21602,1.0439,38.28
0.87991,-0.33385,0.025748,0.33711,13.368,-0.22392,1.0448,38.29
0.87977,-0.33524,0.024987,0.33615,13.386,-0.23193,1.0456,38.3
0.8797,-0.33536,0.025049,0.33622,13.386,-0.23203,1.0456,38.3
0.87961,-0.33667,0.024185,0.3352,13.404,-0.24017,1.0465,38.31
0.87945,-0.33807,0.023306,0.33426,13.422,-0.24842,1.0474,38.32
0.87932,-0.3394,0.022467,0.33332,13.44,-0.25679,1.0482,38.33
0.87917,-0.34083,0.02167,0.3323,13.457,-0.26527,1.0491,38.34
0.87902,-0.34217,0.020877,0.33137,13.475,-0.27386,1.05,38.35
0.87901,-0.3422,0.020965,0.33136,13.475,-0.27398,1.0499,38.35
0.87889,-0.34353,0.020141,0.33036,13.492,-0.28269,1.0508,38.36
0.87875,-0.34486,0.019254,0.32939,13.509,-0.29152,1.0516,38.37
0.87861,-0.34617,0.018501,0.32843,13.527,-0.30046,1.0524,38.38
0.87847,-0.34749,0.017674,0.32747,13.544,-0.3095,1.0533,38.39
0.8783,-0.34886,0.016787,0.32652,13.56,-0.31865,1.0541,38.4
0.87825,-0.34901,0.016874,0.32648,13.561,-0.3188,1.0541,38.4
0.87803,-0.35042,0.016036,0.3256,13.577,-0.32807,1.0549,38.41
0.87783,-0.35177,0.015276,0.32471,13.594,-0.33745,1.0557,38.42
0.87766,-0.35312,0.014469,0.32374,13.61,-0.34693,1.0565,38.43
0.87748,-0.35444,0.01363,0.32281,13.626,-0.35652,1.0573,38.44
0.87733,-0.35574,0.012876,0.32182,13.643,-0.36621,1.0581,38.45
0.8774,-0.3558,0.01278,0.32157,13.643,-0.36636,1.058,38.45
0.87724,-0.35715,0.011976,0.32055,13.659,-0.37617,1.0588,38.46
0.87702,-0.3585,0.011208,0.31968,13.674,-0.38608,1.0596,38.47
0.87687,-0.35984,0.010402,0.3186,13.69,-0.39609,1.0603,38.48
0.8767,-0.3612,0.0096334,0.31755,13.706,-0.4062,1.0611,38.49
0.87648,-0.36257,0.0089245,0.3166,13.721,-0.41641,1.0618,38.5
0.87648,-0.36255,0.0086902,0.31664,13.721,-0.41657,1.0618,38.5
0.87637,-0.36374,0.0079335,0.31561,13.736,-0.42689,1.0625,38.51
0.87618,-0.36508,0.0070579,0.3146,13.751,-0.4373,1.0633,38.52
0.87596,-0.36648,0.0062547,0.31362,13.766,-0.44781,1.064,38.53
0.87575,-0.36783,0.0054426,0.31263,13.781,-0.45842,1.0647,38.54
0.87555,-0.36911,0.004623,0.31167,13.795,-0.46911,1.0654,38.55
0.87549,-0.36927,0.004603,0.31167,13.796,-0.46922,1.0653,38.55
0.87528,-0.37064,0.0038521,0.31064,13.81,-0.48001,1.066,38.56
0.87508,-0.37196,0.0030571,0.30963,13.824,-0.49089,1.0667,38.57
0.87488,-0.37333,0.0023379,0.30854,13.838,-0.50185,1.0674,38.58
0.87467,-0.37461,0.0014484,0.3076,13.852,-0.51291,1.068,38.59
0.87444,-0.37594,0.00058867,0.30662,13.866,-0.52405,1.0687,38.6
0.87441,-0.37596,0.00051389,0.30668,13.866,-0.52424,1.0686,38.6
0.87417,-0.37734,-0.00031274,0.30568,13.879,-0.53548,1.0693,38.61
0.87398,-0.37863,-0.001119,0.30462,13.893,-0.54681,1.0699,38.62
0.87374,-0.38,-0.0019354,0.30359,13.906,-0.55822,1.0706,38.63
0.8735,-0.38136,-0.0027513,0.30259,13.919,-0.56971,1.0712,38.64
0.87326,-0.38268,-0.0035901,0.30159,13.932,-0.58129,1.0718,38.65
0.87326,-0.38263,-0.0035818,0.30166,13.932,-0.58146,1.0718,38.65
0.87299,-0.38399,-0.0043382,0.3007,13.945,-0.59314,1.0724,38.66
0.8728,-0.38525,-0.0051928,0.29963,13.957,-0.6049,1.073,38.67
0.8726,-0.3865,-0.0061287,0.29859,13.969,-0.61674,1.0735,38.68
0.87235,-0.38781,-0.0070345,0.29757,13.981,-0.62865,1.0741,38.69
0.87212,-0.38911,-0.007788,0.29654,13.993,-0.64064,1.0747,38.7
0.87204,-0.38925,-0.0076647,0.29661,13.993,-0.64077,1.0746,38.7
0.87175,-0.3906,-0.008497,0.29565,14.005,-0.65285,1.0752,38.71
0.87145,-0.39201,-0.0092872,0.29465,14.017,-0.665,1.0757,38.72
0.87122,-0.39337,-0.010124,0.29349,14.028,-0.67723,1.0763,38.73
0.87095,-0.39466,-0.010916,0.29252,14.039,-0.68952,1.0768,38.74
0.87069,-0.39594,-0.011735,0.29154,14.05,-0.70189,1.0773,38.75
0.87073,-0.39584,-0.011765,0.29154,14.05,-0.70202,1.0772,38.75
0.87048,-0.39712,-0.012617,0.29052,14.061,-0.71446,1.0778,38.76
0.87023,-0.39839,-0.013357,0.28948,14.072,-0.72697,1.0782,38.77
0.86997,-0.39971,-0.014223,0.28841,14.082,-0.73955,1.0787,38.78
0.8697,-0.40102,-0.015028,0.28735,14.092,-0.75219,1.0792,38.79
0.86943,-0.40234,-0.015796,0.28631,14.102,-0.76489,1.0797,38.8
0.86935,-0.40239,-0.01585,0.28645,14.103,-0.76499,1.0796,38.8
0.86908,-0.40371,-0.016654,0.28538,14.112,-0.77775,1.0801,38.81
0.8688,-0.40505,-0.017462,0.28428,14.122,-0.79058,1.0805,38.82
0.86852,-0.4064,-0.018293,0.28316,14.131,-0.80347,1.081,38.83
0.86822,-0.40772,-0.019104,0.28211,14.141,-0.81641,1.0814,38.84
0.8679,-0.40912,-0.019893,0.28104,14.15,-0.82941,1.0818,38.85
0.8679,-0.40891,-0.01993,0.28132,14.15,-0.82956,1.0817,38.85
0.8676,-0.41024,-0.020804,0.28026,14.159,-0.84263,1.0821,38.86
0.86726,-0.41159,-0.021674,0.27924,14.167,-0.85575,1.0825,38.87
0.86698,-0.41284,-0.022398,0.27821,14.176,-0.86892,1.0829,38.88
0.86668,-0.41417,-0.023164,0.27712,14.184,-0.88214,1.0833,38.89
0.86637,-0.41543,-0.023901,0.27613,14.192,-0.89542,1.0837,38.9
0.86637,-0.4154,-0.024023,0.27618,14.192,-0.8956,1.0836,38.9
0.86605,-0.41671,-0.024855,0.27511,14.2,-0.90895,1.084,38.91
0.86576,-0.41796,-0.025641,0.27407,14.207,-0.92234,1.0843,38.92
0.86541,-0.41928,-0.026453,0.27309,14.215,-0.93578,1.0846,38.93
0.86507,-0.42059,-0.027296,0.27206,14.222,-0.94926,1.085,38.94
0.86473,-0.42188,-0.028041,0.27106,14.229,-0.96279,1.0853,38.95
0.86476,-0.42185,-0.028105,0.271,14.229,-0.96291,1.0852,38.95
0.86448,-0.42309,-0.028897,0.26988,14.236,-0.97649,1.0855,38.96
0.86412,-0.42439,-0.029675,0.26889,14.242,-0.99011,1.0858,38.97
0.8638,-0.42563,-0.030474,0.26788,14.249,-1.0038,1.0861,38.98
0.86343,-0.42696,-0.031341,0.26683,14.255,-1.0175,1.0864,38.99
0.86311,-0.42823,-0.032179,0.26575,14.261,-1.0312,1.0866,39
0.86308,-0.42826,-0.032188,0.2658,14.261,-1.0313,1.0865,39
0.86272,-0.42955,-0.033008,0.26479,14.267,-1.0451,1.0868,39.01
0.86236,-0.43085,-0.033762,0.26377,14.272,-1.0589,1.087,39.02
0.862,-0.43212,-0.03455,0.26273,14.277,-1.0728,1.0872,39.03
0.86163,-0.43343,-0.035377,0.26169,14.282,-1.0866,1.0874,39.04
0.86123,-0.43481,-0.03619,0.26061,14.287,-1.1005,1.0877,39.05
0.86132,-0.43464,-0.036267,0.26059,14.287,-1.1007,1.0876,39.05
0.86097,-0.43587,-0.037136,0.25957,14.292,-1.1147,1.0878,39.06
0.86057,-0.43717,-0.037913,0.25857,14.296,-1.1286,1.0879,39.07
0.86017,-0.43844,-0.03887,0.25762,14.301,-1.1427,1.0881,39.08
0.85981,-0.43968,-0.039732,0.25658,14.305,-1.1567,1.0883,39.09
0.85944,-0.44093,-0.040496,0.25555,14.308,-1.1707,1.0884,39.1
0.85948,-0.44099,-0.040343,0.25535,14.309,-1.1709,1.0883,39.1
0.85906,-0.44235,-0.041053,0.25426,14.312,-1.185,1.0885,39.11
0.85866,-0.4436,-0.041882,0.25333,14.316,-1.1991,1.0886,39.12
0.85824,-0.4449,-0.042681,0.25233,14.319,-1.2132,1.0887,39.13
0.85788,-0.44611,-0.043524,0.25126,14.322,-1.2273,1.0888,39.14
0.85751,-0.44734,-0.044307,0.25021,14.324,-1.2415,1.0889,39.15
0.85757,-0.44728,-0.044402,0.25008,14.324,-1.2416,1.0889,39.15
0.85717,-0.44856,-0.045211,0.24904,14.327,-1.2558,1.0889,39.16
0.85675,-0.44985,-0.046043,0.24799,14.329,-1.27,1.089,39.17
0.85637,-0.45106,-0.04684,0.24693,14.331,-1.2842,1.0891,39.18
0.85596,-0.45231,-0.047633,0.2459,14.333,-1.2985,1.0891,39.19
0.85556,-0.45359,-0.048371,0.24481,14.335,-1.3127,1.0891,39.2
0.85559,-0.45353,-0.048467,0.2448,14.335,-1.3128,1.0891,39.2
0.85521,-0.45473,-0.049306,0.24373,14.336,-1.327,1.0892,39.21
0.85481,-0.45596,-0.050117,0.24269,14.337,-1.3413,1.0892,39.22
0.85441,-0.45715,-0.050983,0.24166,14.338,-1.3555,1.0892,39.23
0.85396,-0.45845,-0.051715,0.24063,14.339,-1.3698,1.0892,39.24
0.85354,-0.45969,-0.052504,0.2396,14.339,-1.384,1.0891,39.25
0.85353,-0.45976,-0.052526,0.23949,14.34,-1.3842,1.0892,39.25
0.85307,-0.46103,-0.053426,0.23848,14.34,-1.3985,1.0892,39.26
0.85267,-0.46219,-0.054207,0.23746,14.34,-1.4127,1.0892,39.27
0.85228,-0.46336,-0.055023,0.2364,14.34,-1.427,1.0891,39.28
0.85184,-0.4646,-0.05591,0.23537,14.339,-1.4413,1.089,39.29
0.85145,-0.46576,-0.056727,0.23429,14.339,-1.4556,1.089,39.3
0.85139,-0.46593,-0.056583,0.23416,14.339,-1.4556,1.089,39.3
0.85096,-0.46715,-0.057377,0.2331,14.338,-1.4699,1.0889,39.31
0.85053,-0.4684,-0.05821,0.23196,14.337,-1.4842,1.0888,39.32
0.85006,-0.46973,-0.058995,0.23082,14.336,-1.4985,1.0887,39.33
0.84959,-0.47099,-0.059856,0.22973,14.334,-1.5127,1.0886,39.34
0.84914,-0.47221,-0.060595,0.2287,14.333,-1.527,1.0884,39.35
0.84919,-0.47208,-0.06063,0.22881,14.333,-1.527,1.0884,39.35
0.84874,-0.47327,-0.061467,0.22777,14.331,-1.5412,1.0883,39.36
0.84828,-0.47453,-0.062241,0.22664,14.329,-1.5554,1.0882,39.37
0.84783,-0.47574,-0.063093,0.22556,14.326,-1.5696,1.088,39.38
0.84733,-0.47701,-0.063939,0.22449,14.324,-1.5838,1.0878,39.39
0.84682,-0.47833,-0.06476,0.2234,14.321,-1.598,1.0876,39.4
0.8469,-0.47817,-0.064672,0.22343,14.321,-1.598,1.0877,39.4
0.84649,-0.47931,-0.065525,0.2223,14.318,-1.6122,1.0875,39.41
0.84605,-0.48053,-0.066307,0.22112,14.315,-1.6263,1.0873,39.42
0.84554,-0.48184,-0.067134,0.21994,14.311,-1.6404,1.0871,39.43
0.84507,-0.48304,-0.067991,0.21885,14.308,-1.6545,1.0869,39.44
0.84462,-0.4842,-0.068844,0.21778,14.304,-1.6686,1.0866,39.45
0.84455,-0.48422,-0.06871,0.21805,14.304,-1.6686,1.0866,39.45
0.8441,-0.48541,-0.069548,0.2169,14.3,-1.6826,1.0864,39.46
0.8436,-0.48664,-0.070403,0.21578,14.296,-1.6966,1.0861,39.47
0.84318,-0.48772,-0.071224,0.21472,14.291,-1.7105,1.0859,39.48
0.84269,-0.48891,-0.072032,0.21366,14.286,-1.7245,1.0856,39.49
0.84224,-0.49004,-0.072831,0.21255,14.281,-1.7383,1.0853,39.5
0.84211,-0.49024,-0.072745,0.21264,14.281,-1.7385,1.0853,39.5
0.84164,-0.49141,-0.07351,0.21156,14.276,-1.7524,1.085,39.51
0.84115,-0.4926,-0.074221,0.2105,14.271,-1.7662,1.0847,39.52
0.84064,-0.49383,-0.074992,0.20933,14.265,-1.78,1.0844,39.53
0.84019,-0.49495,-0.07583,0.2082,14.26,-1.7938,1.0841,39.54
0.83969,-0.49613,-0.076607,0.20713,14.254,-1.8075,1.0837,39.55
0.83961,-0.49621,-0.07677,0.2072,14.253,-1.8076,1.0838,39.55
0.83907,-0.49743,-0.077687,0.20612,14.247,-1.8213,1.0834,39.56
0.83861,-0.49857,-0.078468,0.20496,14.241,-1.835,1.083,39.57
0.83808,-0.4998,-0.079325,0.20381,14.234,-1.8486,1.0827,39.58
0.83761,-0.50093,-0.080048,0.20268,14.227,-1.8621,1.0823,39.59
0.83708,-0.50208,-0.080865,0.20168,14.22,-1.8757,1.0819,39.6
0.83703,-0.50214,-0.080783,0.20175,14.22,-1.8758,1.0819,39.6
0.83648,-0.50336,-0.08153,0.2007,14.213,-1.8893,1.0815,39.61
0.83594,-0.50452,-0.082401,0.19968,14.206,-1.9027,1.0811,39.62
0.83546,-0.50565,-0.08324,0.19851,14.198,-1.916,1.0807,39.63
0.83492,-0.50681,-0.084012,0.19747,14.19,-1.9294,1.0803,39.64
0.83441,-0.50794,-0.084801,0.19639,14.182,-1.9426,1.0798,39.65
0.83438,-0.50802,-0.084793,0.19629,14.182,-1.9428,1.0798,39.65
0.83388,-0.50914,-0.085625,0.19519,14.174,-1.956,1.0794,39.66
0.83331,-0.51036,-0.086399,0.1941,14.165,-1.9692,1.0789,39.67
0.83274,-0.51155,-0.087147,0.19305,14.157,-1.9823,1.0785,39.68
0.83217,-0.51274,-0.087913,0.192,14.148,-1.9953,1.078,39.69
0.83158,-0.51395,-0.088628,0.19099,14.139,-2.0083,1.0775,39.7
0.83166,-0.51386,-0.088791,0.19081,14.139,-2.0085,1.0775,39.7
0.83111,-0.515,-0.089618,0.18975,14.129,-2.0214,1.077,39.71
0.83058,-0.51606,-0.090451,0.18876,14.12,-2.0343,1.0765,39.72
0.83002,-0.51721,-0.091305,0.18768,14.11,-2.0471,1.076,39.73
0.82947,-0.51836,-0.092038,0.18659,14.1,-2.0599,1.0754,39.74
0.82887,-0.51954,-0.092858,0.18553,14.09,-2.0726,1.0749,39.75
0.82886,-0.51966,-0.092778,0.18531,14.09,-2.0727,1.0749,39.75
0.82831,-0.52077,-0.093631,0.18423,14.08,-2.0853,1.0744,39.76
0.82772,-0.52196,-0.094427,0.1831,14.069,-2.0979,1.0738,39.77
0.82712,-0.52314,-0.09525,0.18199,14.059,-2.1104,1.0732,39.78
0.82653,-0.52429,-0.096109,0.18092,14.048,-2.1228,1.0727,39.79
0.826,-0.52536,-0.096845,0.17981,14.037,-2.1351,1.0721,39.8
0.82599,-0.5254,-0.096774,0.1798,14.037,-2.1353,1.0721,39.8
0.82543,-0.52652,-0.097564,0.17866,14.026,-2.1475,1.0715,39.81
0.82484,-0.52767,-0.098375,0.17755,14.014,-2.1597,1.0709,39.82
0.82428,-0.52877,-0.099078,0.17646,14.003,-2.1718,1.0703,39.83
0.82371,-0.5299,-0.099869,0.17531,13.991,-2.1839,1.0697,39.84
0.82315,-0.531,-0.10059,0.17417,13.979,-2.1958,1.069,39.85
0.82305,-0.53111,-0.10075,0.17426,13.979,-2.196,1.069,39.85
0.82247,-0.53226,-0.10148,0.17304,13.967,-2.2079,1.0684,39.86
0.82186,-0.5334,-0.10234,0.17194,13.954,-2.2197,1.0677,39.87
0.82127,-0.53448,-0.10311,0.17094,13.942,-2.2314,1.0671,39.88
0.82062,-0.53567,-0.10392,0.16984,13.929,-2.2431,1.0664,39.89
0.82001,-0.5368,-0.10476,0.1687,13.916,-2.2547,1.0657,39.9
0.82003,-0.53676,-0.10471,0.16872,13.916,-2.2548,1.0657,39.9
0.81941,-0.53791,-0.10551,0.16758,13.903,-2.2663,1.0651,39.91
0.8188,-0.53901,-0.10638,0.16647,13.89,-2.2777,1.0644,39.92
0.81823,-0.54007,-0.10716,0.16534,13.876,-2.289,1.0637,39.93
0.8176,-0.54121,-0.10789,0.16426,13.863,-2.3002,1.0629,39.94
0.81698,-0.54233,-0.10862,0.16316,13.849,-2.3113,1.0622,39.95
0.81695,-0.54237,-0.10867,0.16315,13.849,-2.3114,1.0623,39.95
0.81631,-0.5435,-0.10948,0.16203,13.835,-2.3225,1.0615,39.96
0.81563,-0.54464,-0.11039,0.161,13.821,-2.3335,1.0608,39.97
0.815,-0.54571,-0.11132,0.15996,13.807,-2.3443,1.06,39.98
0.8144,-0.54677,-0.11206,0.15884,13.792,-2.3551,1.0593,39.99
0.81378,-0.54787,-0.11285,0.15769,13.778,-2.3658,1.0585,40
0.81379,-0.54794,-0.11262,0.15757,13.777,-2.3659,1.0585,40
0.8131,-0.54914,-0.11336,0.15643,13.763,-2.3764,1.0578,40.01
0.81243,-0.5503,-0.11413,0.15528,13.748,-2.3869,1.057,40.02
0.81181,-0.55135,-0.11496,0.15417,13.733,-2.3973,1.0562,40.03
0.81112,-0.55251,-0.11576,0.15301,13.718,-2.4076,1.0554,40.04
0.81043,-0.55366,-0.11653,0.15189,13.702,-2.4178,1.0546,40.05
0.81057,-0.55344,-0.11656,0.15198,13.702,-2.4179,1.0547,40.05
0.80988,-0.55457,-0.1174,0.15086,13.686,-2.428,1.0538,40.06
0.80925,-0.55562,-0.11823,0.14975,13.671,-2.4379,1.053,40.07
0.80857,-0.55672,-0.11903,0.14871,13.655,-2.4478,1.0522,40.08
0.80792,-0.55778,-0.11987,0.14754,13.639,-2.4576,1.0514,40.09
0.80728,-0.55885,-0.12064,0.1464,13.623,-2.4673,1.0505,40.1
0.80726,-0.55891,-0.12048,0.14638,13.623,-2.4674,1.0504,40.1
0.80656,-0.56005,-0.1213,0.14521,13.606,-2.4769,1.0496,40.11
0.80592,-0.56113,-0.12204,0.14401,13.59,-2.4864,1.0487,40.12
0.80529,-0.56215,-0.12286,0.14284,13.573,-2.4957,1.0478,40.13
0.80463,-0.56321,-0.12363,0.14172,13.557,-2.505,1.047,40.14
0.80395,-0.56428,-0.12442,0.14059,13.54,-2.5141,1.0461,40.15
0.8039,-0.56432,-0.1244,0.14076,13.54,-2.5142,1.0461,40.15
0.80322,-0.56541,-0.1252,0.13955,13.523,-2.5232,1.0452,40.16
0.80253,-0.56652,-0.12589,0.1384,13.505,-2.5321,1.0443,40.17
0.80186,-0.56755,-0.12667,0.13731,13.488,-2.5409,1.0434,40.18
0.80117,-0.56862,-0.12751,0.13618,13.471,-2.5496,1.0425,40.19
0.80043,-0.56975,-0.12829,0.13506,13.453,-2.5582,1.0416,40.2
0.80046,-0.56969,-0.12831,0.13513,13.453,-2.5583,1.0416,40.2
0.79971,-0.57082,-0.12909,0.13401,13.435,-2.5667,1.0407,40.21
0.7989,-0.57202,-0.12988,0.13296,13.417,-2.5751,1.0398,40.22
0.79819,-0.5731,-0.13063,0.13185,13.4,-2.5833,1.0389,40.23
0.79751,-0.57412,-0.13144,0.13071,13.382,-2.5914,1.0379,40.24
0.79675,-0.57524,-0.13225,0.1296,13.363,-2.5994,1.037,40.25
0.79695,-0.57501,-0.1322,0.12949,13.363,-2.5995,1.037,40.25
0.79622,-0.57606,-0.13294,0.12846,13.345,-2.6074,1.036,40.26
0.79555,-0.57709,-0.13367,0.12725,13.326,-2.6151,1.0351,40.27
0.79483,-0.57815,-0.13448,0.12608,13.308,-2.6228,1.0341,40.28
0.79412,-0.57919,-0.13528,0.12497,13.289,-2.6303,1.0332,40.29
0.79338,-0.58026,-0.1361,0.1238,13.27,-2.6377,1.0322,40.3
0.79337,-0.58027,-0.13608,0.12384,13.27,-2.6377,1.0322,40.3
0.79267,-0.58128,-0.13682,0.12273,13.251,-2.6449,1.0312,40.31
0.79194,-0.58232,-0.13764,0.1216,13.232,-2.6521,1.0302,40.32
0.79121,-0.58336,-0.13839,0.12048,13.213,-2.6591,1.0292,40.33
0.79051,-0.58437,-0.13915,0.11931,13.194,-2.666,1.0283,40.34
0.78977,-0.58542,-0.13993,0.11821,13.175,-2.6728,1.0273,40.35
0.78972,-0.58548,-0.13995,0.11817,13.174,-2.6728,1.0273,40.35
0.78898,-0.5865,-0.14075,0.11711,13.155,-2.6795,1.0263,40.36
0.78824,-0.58754,-0.14146,0.11601,13.135,-2.686,1.0252,40.37
0.78752,-0.58853,-0.14231,0.11483,13.116,-2.6924,1.0242,40.38
0.78679,-0.58955,-0.14299,0.11377,13.096,-2.6987,1.0232,40.39
0.78603,-0.59059,-0.14376,0.11268,13.076,-2.7048,1.0222,40.4
0.786,-0.59065,-0.1438,0.1125,13.076,-2.7048,1.0222,40.4
0.78522,-0.59171,-0.14456,0.11138,13.056,-2.7108,1.0212,40.41
0.78448,-0.5927,-0.14542,0.11022,13.036,-2.7167,1.0202,40.42
0.78369,-0.59374,-0.1463,0.1091,13.016,-2.7225,1.0192,40.43
0.78294,-0.59473,-0.14711,0.10801,12.996,-2.7281,1.0181,40.44
0.78218,-0.59574,-0.1479,0.10685,12.976,-2.7336,1.0171,40.45
0.78222,-0.59576,-0.14765,0.10681,12.975,-2.7335,1.0171,40.45
0.78145,-0.59678,-0.1484,0.10564,12.955,-2.7389,1.016,40.46
0.78069,-0.59777,-0.14915,0.10457,12.934,-2.7441,1.015,40.47
0.77992,-0.59879,-0.14987,0.10354,12.914,-2.7492,1.014,40.48
0.77916,-0.59979,-0.15059,0.10237,12.893,-2.7541,1.0129,40.49
0.77843,-0.60074,-0.15134,0.10129,12.873,-2.759,1.0118,40.5
0.77836,-0.60082,-0.15148,0.10111,12.872,-2.759,1.0119,40.5
0.77759,-0.60183,-0.15216,0.1,12.852,-2.7637,1.0108,40.51
0.77687,-0.60278,-0.15291,0.098776,12.831,-2.7683,1.0097,40.52
0.77609,-0.60377,-0.15362,0.09764,12.81,-2.7727,1.0087,40.53
0.7753,-0.60479,-0.15438,0.09646,12.789,-2.777,1.0076,40.54
0.77452,-0.60577,-0.15513,0.095382,12.768,-2.7811,1.0065,40.55
0.77444,-0.60582,-0.15529,0.095409,12.768,-2.7811,1.0066,40.55
0.77365,-0.60682,-0.15605,0.09427,12.747,-2.7851,1.0055,40.56
0.77286,-0.60783,-0.15672,0.093117,12.726,-2.789,1.0044,40.57
0.77208,-0.6088,-0.15745,0.09201,12.704,-2.7927,1.0033,40.58
0.77128,-0.60978,-0.15821,0.090913,12.683,-2.7963,1.0023,40.59
0.77051,-0.61074,-0.15895,0.089701,12.662,-2.7997,1.0012,40.6
0.77045,-0.61077,-0.1591,0.089697,12.662,-2.7997,1.0012,40.6
0.76967,-0.61172,-0.15987,0.088532,12.64,-2.803,1.0001,40.61
0.76886,-0.6127,-0.16069,0.087423,12.619,-2.8062,0.99901,40.62
0.768,-0.61372,-0.16142,0.086341,12.597,-2.8093,0.99791,40.63
0.76714,-0.61474,-0.16225,0.085218,12.576,-2.8122,0.99681,40.64
0.76636,-0.61568,-0.16305,0.084007,12.554,-2.8149,0.99571,40.65
0.76639,-0.61568,-0.16289,0.083971,12.554,-2.8149,0.99577,40.65
0.7656,-0.61664,-0.16354,0.082801,12.532,-2.8175,0.99467,40.66
0.76479,-0.6176,-0.16435,0.081631,12.511,-2.82,0.99357,40.67
0.76394,-0.6186,-0.16507,0.080436,12.489,-2.8223,0.99246,40.68
0.76317,-0.61952,-0.16575,0.07932,12.468,-2.8245,0.99135,40.69
0.76234,-0.62047,-0.16655,0.078141,12.446,-2.8266,0.99024,40.7
0.76228,-0.62051,-0.16666,0.07825,12.445,-2.8265,0.99034,40.7
0.76149,-0.62141,-0.16742,0.077096,12.424,-2.8284,0.98923,40.71
0.76068,-0.62237,-0.16811,0.075915,12.402,-2.8302,0.98812,40.72
0.75982,-0.62334,-0.16891,0.074838,12.38,-2.8318,0.98701,40.73
0.75896,-0.62431,-0.16968,0.073687,12.358,-2.8333,0.9859,40.74
0.75812,-0.62523,-0.17049,0.072589,12.337,-2.8347,0.98479,40.75
0.75809,-0.6253,-0.17042,0.072515,12.336,-2.8347,0.98483,40.75
0.75717,-0.62634,-0.17116,0.071359,12.314,-2.8359,0.98372,40.76
0.75637,-0.62723,-0.17195,0.070123,12.292,-2.8369,0.98261,40.77
0.75551,-0.62818,-0.17273,0.068916,12.27,-2.8379,0.9815,40.78
0.75474,-0.62904,-0.17343,0.067714,12.249,-2.8387,0.98038,40.79
0.7539,-0.62997,-0.17419,0.066546,12.227,-2.8393,0.97927,40.8
0.75383,-0.63003,-0.17417,0.066774,12.226,-2.8392,0.97934,40.8
0.75295,-0.63102,-0.17485,0.065616,12.204,-2.8397,0.97823,40.81
0.75213,-0.6319,-0.17563,0.064482,12.182,-2.8401,0.97712,40.82
0.75129,-0.63281,-0.17639,0.063248,12.161,-2.8403,0.97602,40.83
0.75041,-0.63378,-0.17707,0.06205,12.139,-2.8403,0.97491,40.84
0.74962,-0.63461,-0.17783,0.060961,12.117,-2.8402,0.9738,40.85
0.74951,-0.63471,-0.1779,0.061029,12.116,-2.8402,0.97384,40.85
0.74867,-0.63562,-0.17859,0.059906,12.094,-2.84,0.97273,40.86
0.74779,-0.63654,-0.17935,0.058761,12.072,-2.8396,0.97163,40.87
0.74693,-0.63746,-0.18007,0.057678,12.05,-2.8391,0.97052,40.88
0.74607,-0.63836,-0.18078,0.056463,12.029,-2.8385,0.96942,40.89
0.74515,-0.63933,-0.18155,0.055287,12.007,-2.8377,0.96832,40.9
0.74512,-0.63934,-0.18162,0.055277,12.006,-2.8377,0.96834,40.9
0.74414,-0.64035,-0.18243,0.054073,11.984,-2.8368,0.96724,40.91
0.74321,-0.64129,-0.18326,0.052935,11.962,-2.8357,0.96614,40.92
0.74223,-0.6423,-0.18402,0.051735,11.941,-2.8345,0.96504,40.93
0.74136,-0.6432,-0.18472,0.050591,11.919,-2.8331,0.96395,40.94
0.74045,-0.64413,-0.18543,0.049538,11.897,-2.8316,0.96285,40.95
0.74067,-0.6439,-0.18532,0.049517,11.897,-2.8316,0.96286,40.95
0.73977,-0.64483,-0.18598,0.048325,11.875,-2.8299,0.96177,40.96
0.73886,-0.64574,-0.18677,0.04711,11.853,-2.8282,0.96068,40.97
0.73795,-0.64664,-0.18751,0.046004,11.831,-2.8262,0.95959,40.98
0.737,-0.64759,-0.18824,0.044838,11.81,-2.8242,0.9585,40.99
0.73609,-0.64849,-0.18903,0.04368,11.788,-2.8219,0.95741,41
0.73616,-0.64841,-0.189,0.043759,11.788,-2.8219,0.95743,41
0.73517,-0.6494,-0.18972,0.042625,11.766,-2.8196,0.95634,41.01
0.73427,-0.65028,-0.19044,0.041499,11.744,-2.8171,0.95525,41.02
0.73335,-0.65119,-0.19112,0.040382,11.723,-2.8145,0.95417,41.03
0.7324,-0.65211,-0.19183,0.039234,11.701,-2.8117,0.95308,41.04
0.73152,-0.65297,-0.19254,0.038031,11.68,-2.8088,0.952,41.05
0.73158,-0.65286,-0.19266,0.037994,11.679,-2.8088,0.95205,41.05
0.73061,-0.6538,-0.19339,0.036769,11.658,-2.8057,0.95097,41.06
0.72968,-0.6547,-0.19406,0.035609,11.637,-2.8025,0.94989,41.07
0.72874,-0.65563,-0.19468,0.034482,11.615,-2.7992,0.94882,41.08
0.7278,-0.6565,-0.19545,0.033381,11.594,-2.7957,0.94775,41.09
0.72691,-0.65734,-0.19615,0.0322,11.573,-2.7921,0.94668,41.1
0.72694,-0.65725,-0.19631,0.032219,11.572,-2.7922,0.94674,41.1
0.72594,-0.65822,-0.19694,0.031013,11.551,-2.7884,0.94568,41.11
0.72506,-0.65904,-0.19766,0.029878,11.53,-2.7845,0.94462,41.12
0.72414,-0.65989,-0.19835,0.028863,11.509,-2.7805,0.94356,41.13
0.7232,-0.66075,-0.19905,0.027652,11.488,-2.7764,0.94251,41.14
0.72231,-0.66155,-0.19978,0.026463,11.467,-2.7721,0.94146,41.15
0.72223,-0.66159,-0.19995,0.026445,11.467,-2.7721,0.94152,41.15
0.72127,-0.66249,-0.20059,0.025328,11.446,-2.7676,0.94048,41.16
0.72031,-0.66337,-0.20131,0.024035,11.425,-2.7631,0.93943,41.17
0.71933,-0.66428,-0.2019,0.022883,11.404,-2.7584,0.93838,41.18
0.7184,-0.66511,-0.20263,0.021709,11.384,-2.7536,0.93734,41.19
0.71747,-0.66592,-0.20337,0.020546,11.363,-2.7486,0.93631,41.2
0.71746,-0.66587,-0.20356,0.020675,11.363,-2.7486,0.93641,41.2
0.71646,-0.66676,-0.20431,0.019519,11.342,-2.7435,0.93538,41.21
0.71553,-0.66759,-0.20496,0.018365,11.322,-2.7382,0.93435,41.22
0.71451,-0.66846,-0.20578,0.017204,11.302,-2.7329,0.93333,41.23
0.71353,-0.66934,-0.20641,0.015967,11.281,-2.7274,0.93231,41.24
0.71254,-0.67022,-0.20706,0.014781,11.261,-2.7217,0.9313,41.25
0.71263,-0.67009,-0.20716,0.014896,11.261,-2.7217,0.93137,41.25
0.71165,-0.67093,-0.20789,0.013836,11.241,-2.7159,0.93036,41.26
0.71068,-0.67178,-0.20852,0.012726,11.221,-2.7101,0.92936,41.27
0.70975,-0.67255,-0.20925,0.011614,11.201,-2.704,0.92836,41.28
0.70882,-0.67335,-0.20991,0.010494,11.181,-2.6979,0.92737,41.29
0.70783,-0.67415,-0.21075,0.0092979,11.161,-2.6916,0.92638,41.3
0.70774,-0.67425,-0.21074,0.0091206,11.161,-2.6916,0.92644,41.3
0.70681,-0.67499,-0.21153,0.0080144,11.141,-2.6852,0.92546,41.31
0.70585,-0.67577,-0.21228,0.0068185,11.122,-2.6786,0.92449,41.32
0.70486,-0.67656,-0.21309,0.005672,11.103,-2.672,0.92352,41.33
0.70381,-0.67745,-0.21378,0.0045455,11.083,-2.6652,0.92256,41.34
0.70279,-0.67828,-0.21447,0.0034324,11.064,-2.6583,0.9216,41.35
0.70279,-0.67835,-0.2143,0.0033474,11.064,-2.6582,0.92162,41.35
0.7018,-0.67915,-0.21499,0.0021961,11.045,-2.6512,0.92067,41.36
0.70077,-0.67999,-0.21572,0.0011469,11.026,-2.644,0.91973,41.37
0.69974,-0.68082,-0.21644,-1.2391e-05,11.007,-2.6367,0.91879,41.38
0.69872,-0.68164,-0.21718,-0.0011559,10.988,-2.6293,0.91786,41.39
0.69774,-0.68242,-0.21785,-0.0023027,10.969,-2.6218,0.91694,41.4
0.69777,-0.68239,-0.21784,-0.002428,10.969,-2.6218,0.91693,41.4
0.69678,-0.68317,-0.21853,-0.0034941,10.95,-2.6141,0.91601,41.41
0.69578,-0.68394,-0.21929,-0.0046602,10.932,-2.6063,0.91511,41.42
0.69478,-0.68473,-0.22,-0.0058387,10.914,-2.5984,0.9142,41.43
0.69379,-0.68547,-0.22074,-0.007029,10.896,-2.5904,0.91331,41.44
0.69275,-0.68628,-0.22146,-0.0082142,10.878,-2.5823,0.91242,41.45
0.69269,-0.68637,-0.22137,-0.0082118,10.877,-2.5823,0.91239,41.45
0.69173,-0.68711,-0.22202,-0.009356,10.859,-2.574,0.9115,41.46
0.69073,-0.68787,-0.22272,-0.010461,10.842,-2.5657,0.91063,41.47
0.68974,-0.68865,-0.22337,-0.011552,10.824,-2.5572,0.90976,41.48
0.68868,-0.68943,-0.22413,-0.01265,10.806,-2.5486,0.9089,41.49
0.68766,-0.6902,-0.22484,-0.013864,10.789,-2.5399,0.90805,41.5
0.68755,-0.69029,-0.22488,-0.013986,10.789,-2.5398,0.90799,41.5
0.68655,-0.69104,-0.22557,-0.015184,10.771,-2.531,0.90715,41.51
0.68557,-0.69176,-0.22626,-0.016345,10.754,-2.5221,0.90631,41.52
0.6845,-0.69254,-0.22704,-0.017461,10.737,-2.513,0.90548,41.53
0.68343,-0.6933,-0.22782,-0.018559,10.72,-2.5039,0.90465,41.54
0.68241,-0.69406,-0.22849,-0.019743,10.704,-2.4946,0.90383,41.55
0.68236,-0.69416,-0.22836,-0.019763,10.703,-2.4946,0.90379,41.55
0.68126,-0.69498,-0.22902,-0.020974,10.687,-2.4852,0.90298,41.56
0.68027,-0.69568,-0.22973,-0.022101,10.67,-2.4757,0.90218,41.57
0.67915,-0.6965,-0.23042,-0.023236,10.654,-2.4661,0.90139,41.58
0.67808,-0.69729,-0.2311,-0.024469,10.638,-2.4564,0.9006,41.59
0.67703,-0.69802,-0.23183,-0.025635,10.622,-2.4466,0.89982,41.6
0.6771,-0.69796,-0.23183,-0.025536,10.622,-2.4466,0.89977,41.6
0.67605,-0.69867,-0.23261,-0.026685,10.606,-2.4366,0.89899,41.61
0.67496,-0.69942,-0.2334,-0.027841,10.59,-2.4266,0.89823,41.62
0.67395,-0.7001,-0.23409,-0.029046,10.575,-2.4165,0.89748,41.63
0.67289,-0.70086,-0.23474,-0.030142,10.559,-2.4063,0.89673,41.64
0.67182,-0.70161,-0.23543,-0.031312,10.544,-2.396,0.89599,41.65
0.67178,-0.70169,-0.23527,-0.031302,10.544,-2.396,0.89595,41.65
0.67071,-0.70244,-0.23595,-0.032515,10.529,-2.3856,0.89522,41.66
0.66963,-0.70319,-0.23662,-0.033708,10.514,-2.3751,0.8945,41.67
0.66856,-0.70391,-0.23732,-0.034835,10.499,-2.3645,0.89379,41.68
0.66749,-0.70465,-0.23796,-0.036012,10.485,-2.3538,0.89309,41.69
0.66637,-0.70542,-0.23864,-0.037155,10.47,-2.343,0.89239,41.7
0.66641,-0.70537,-0.2387,-0.037072,10.47,-2.3429,0.89236,41.7
0.66532,-0.70611,-0.23937,-0.038193,10.456,-2.332,0.89168,41.71
0.66423,-0.70681,-0.24016,-0.0394,10.442,-2.3211,0.891,41.72
0.66319,-0.70748,-0.24085,-0.040573,10.428,-2.31,0.89033,41.73
0.66211,-0.70821,-0.24148,-0.041709,10.414,-2.2988,0.88967,41.74
0.66103,-0.70892,-0.24215,-0.042872,10.401,-2.2876,0.88902,41.75
0.66098,-0.70899,-0.24211,-0.042835,10.4,-2.2875,0.889,41.75
0.6599,-0.70969,-0.24275,-0.044033,10.387,-2.2762,0.88836,41.76
0.65883,-0.7104,-0.24338,-0.045181,10.374,-2.2648,0.88773,41.77
0.65767,-0.71117,-0.24407,-0.046321,10.361,-2.2532,0.8871,41.78
0.65653,-0.7119,-0.24477,-0.047483,10.348,-2.2417,0.88649,41.79
0.65533,-0.71266,-0.24557,-0.048612,10.335,-2.23,0.88588,41.8
0.65549,-0.71254,-0.24549,-0.048598,10.335,-2.2299,0.88586,41.8
0.65441,-0.71321,-0.24619,-0.049699,10.322,-2.2182,0.88526,41.81
0.65329,-0.71393,-0.24684,-0.050837,10.31,-2.2063,0.88467,41.82
0.65225,-0.71457,-0.24751,-0.05202,10.298,-2.1944,0.8841,41.83
0.65116,-0.71525,-0.24815,-0.05317,10.286,-2.1824,0.88353,41.84
0.64999,-0.716,-0.24882,-0.054297,10.274,-2.1704,0.88297,41.85
0.64993,-0.71603,-0.24886,-0.054351,10.274,-2.1703,0.88297,41.85
0.64879,-0.71676,-0.2495,-0.05546,10.262,-2.1582,0.88242,41.86
0.64759,-0.7175,-0.2502,-0.056653,10.251,-2.1459,0.88188,41.87
0.64642,-0.7182,-0.25095,-0.057866,10.24,-2.1337,0.88135,41.88
0.64531,-0.71892,-0.25152,-0.058854,10.229,-2.1213,0.88083,41.89
0.64418,-0.71959,-0.25223,-0.060057,10.218,-2.1089,0.88032,41.9
0.64433,-0.71946,-0.25219,-0.060105,10.218,-2.1088,0.88033,41.9
0.64321,-0.72011,-0.25291,-0.061284,10.207,-2.0963,0.87982,41.91
0.64207,-0.72079,-0.25359,-0.062463,10.197,-2.0837,0.87933,41.92
0.641,-0.72139,-0.25428,-0.063662,10.187,-2.0711,0.87885,41.93
0.63986,-0.72207,-0.25495,-0.0648,10.176,-2.0584,0.87838,41.94
0.63871,-0.72274,-0.25561,-0.065997,10.167,-2.0456,0.87791,41.95
0.63867,-0.72282,-0.25552,-0.065848,10.166,-2.0455,0.87793,41.95
0.63748,-0.72353,-0.25622,-0.066958,10.157,-2.0326,0.87748,41.96
0.63635,-0.72416,-0.2569,-0.068177,10.147,-2.0197,0.87704,41.97
0.63514,-0.72486,-0.25762,-0.069368,10.138,-2.0068,0.87661,41.98
0.63404,-0.72545,-0.25831,-0.070581,10.129,-1.9938,0.87619,41.99
0.63293,-0.72606,-0.259,-0.071736,10.12,-1.9807,0.87578,42
0.63296,-0.72612,-0.25882,-0.071582,10.12,-1.9806,0.87578,42
0.63183,-0.72675,-0.25948,-0.072749,10.111,-1.9675,0.87538,42.01
0.63064,-0.72745,-0.2601,-0.073904,10.103,-1.9543,0.875,42.02
0.62949,-0.72809,-0.26077,-0.075053,10.095,-1.941,0.87462,42.03
0.62828,-0.7288,-0.26135,-0.076228,10.086,-1.9277,0.87425,42.04
0.62707,-0.72948,-0.26202,-0.077382,10.079,-1.9144,0.87389,42.05
0.62718,-0.72936,-0.26209,-0.077321,10.078,-1.9144,0.87389,42.05
0.62606,-0.72999,-0.26268,-0.078487,10.071,-1.9009,0.87354,42.06
0.62483,-0.7307,-0.26328,-0.079644,10.063,-1.8875,0.8732,42.07
0.62366,-0.73137,-0.26383,-0.080815,10.056,-1.874,0.87287,42.08
0.62249,-0.73199,-0.26453,-0.081986,10.049,-1.8605,0.87255,42.09
0.62128,-0.73265,-0.26517,-0.083139,10.042,-1.8469,0.87224,42.1
0.62135,-0.73254,-0.26535,-0.083046,10.042,-1.8468,0.87223,42.1
0.62017,-0.73318,-0.266,-0.084143,10.036,-1.8332,0.87194,42.11
0.61901,-0.73382,-0.26659,-0.08524,10.029,-1.8195,0.87165,42.12
0.61787,-0.73441,-0.26722,-0.086374,10.023,-1.8058,0.87137,42.13
0.61674,-0.73501,-0.26782,-0.087541,10.017,-1.792,0.87111,42.14
0.61555,-0.73562,-0.2685,-0.088739,10.011,-1.7782,0.87085,42.15
0.61547,-0.73565,-0.26858,-0.088761,10.011,-1.7782,0.87087,42.15
0.61429,-0.73629,-0.26916,-0.089885,10.005,-1.7644,0.87063,42.16
0.61312,-0.73689,-0.26979,-0.09108,10,-1.7505,0.87039,42.17
0.61196,-0.73748,-0.27039,-0.092274,9.9951,-1.7366,0.87017,42.18
0.61073,-0.73812,-0.27105,-0.09341,9.9902,-1.7227,0.86996,42.19
0.60956,-0.73872,-0.27166,-0.094557,9.9855,-1.7087,0.86975,42.2
0.60953,-0.7387,-0.27178,-0.094471,9.9853,-1.7087,0.8698,42.2
0.60829,-0.73935,-0.2724,-0.095606,9.9808,-1.6947,0.86961,42.21
0.60713,-0.73995,-0.27293,-0.09677,9.9766,-1.6807,0.86943,42.22
0.6059,-0.74058,-0.27356,-0.097953,9.9725,-1.6667,0.86926,42.23
0.60466,-0.74118,-0.27423,-0.09914,9.9687,-1.6526,0.86911,42.24
0.60347,-0.74177,-0.27486,-0.10029,9.9651,-1.6385,0.86896,42.25
0.60355,-0.74168,-0.27497,-0.10017,9.9649,-1.6385,0.869,42.25
0.60236,-0.74228,-0.27554,-0.10131,9.9615,-1.6244,0.86886,42.26
0.60115,-0.74286,-0.2762,-0.10239,9.9583,-1.6102,0.86874,42.27
0.59997,-0.74341,-0.27689,-0.10348,9.9554,-1.5961,0.86862,42.28
0.59876,-0.74399,-0.27752,-0.10459,9.9526,-1.5819,0.86852,42.29
0.59754,-0.74459,-0.27815,-0.10568,9.9501,-1.5677,0.86843,42.3
0.5975,-0.7446,-0.27813,-0.10586,9.9499,-1.5677,0.86847,42.3
0.59629,-0.7452,-0.27871,-0.10693,9.9476,-1.5535,0.86839,42.31
0.59508,-0.74574,-0.2794,-0.10808,9.9455,-1.5393,0.86832,42.32
0.59386,-0.74629,-0.28005,-0.10933,9.9437,-1.525,0.86826,42.33
0.59271,-0.7468,-0.28067,-0.11047,9.942,-1.5108,0.86821,42.34
0.59158,-0.74729,-0.2813,-0.1116,9.9406,-1.4965,0.86818,42.35
0.59141,-0.74745,-0.28127,-0.11155,9.9405,-1.4965,0.86822,42.35
0.59019,-0.74798,-0.28192,-0.11274,9.9392,-1.4823,0.86819,42.36
0.58896,-0.74855,-0.28252,-0.11391,9.9382,-1.468,0.86818,42.37
0.58772,-0.74913,-0.28311,-0.11503,9.9375,-1.4537,0.86817,42.38
0.58648,-0.74967,-0.2838,-0.11613,9.9369,-1.4394,0.86818,42.39
0.58522,-0.75025,-0.28441,-0.11727,9.9366,-1.4251,0.8682,42.4
0.58526,-0.75024,-0.28438,-0.11722,9.9365,-1.4252,0.86826,42.4
0.58401,-0.7508,-0.28499,-0.11833,9.9363,-1.4109,0.86829,42.41
0.58274,-0.75137,-0.28564,-0.11949,9.9364,-1.3966,0.86834,42.42
0.58149,-0.75193,-0.28621,-0.12062,9.9368,-1.3823,0.86839,42.43
0.58032,-0.75247,-0.28675,-0.12164,9.9373,-1.368,0.86846,42.44
0.57907,-0.75303,-0.28732,-0.12273,9.9381,-1.3537,0.86854,42.45
0.57906,-0.75296,-0.28747,-0.12288,9.9379,-1.3538,0.86853,42.45
0.57785,-0.75345,-0.28812,-0.12409,9.9389,-1.3395,0.86862,42.46
0.57666,-0.75394,-0.28871,-0.12523,9.9401,-1.3252,0.86872,42.47
0.57541,-0.75446,-0.28936,-0.12638,9.9415,-1.311,0.86883,42.48
0.57417,-0.75499,-0.28993,-0.1275,9.9432,-1.2967,0.86895,42.49
0.57289,-0.75553,-0.29057,-0.1286,9.945,-1.2825,0.86908,42.5
0.57281,-0.75562,-0.29053,-0.12852,9.9449,-1.2825,0.86912,42.5
0.57164,-0.75609,-0.29112,-0.12963,9.947,-1.2683,0.86926,42.51
0.57038,-0.75658,-0.29175,-0.13087,9.9493,-1.254,0.86941,42.52
0.56905,-0.75714,-0.2924,-0.13203,9.9518,-1.2399,0.86957,42.53
0.56777,-0.7577,-0.29295,-0.13306,9.9545,-1.2257,0.86974,42.54
0.5665,-0.75824,-0.2935,-0.13417,9.9574,-1.2115,0.86993,42.55
0.56652,-0.7582,-0.29357,-0.13416,9.9574,-1.2115,0.86996,42.55
0.56516,-0.75877,-0.2942,-0.13528,9.9605,-1.1974,0.87016,42.56
0.56402,-0.7592,-0.29477,-0.13641,9.9639,-1.1833,0.87037,42.57
0.56264,-0.75975,-0.29542,-0.13763,9.9675,-1.1692,0.87059,42.58
0.56138,-0.76021,-0.29607,-0.13882,9.9713,-1.1551,0.87081,42.59
0.56012,-0.76072,-0.29662,-0.13999,9.9754,-1.1411,0.87105,42.6
0.56017,-0.76073,-0.29658,-0.13979,9.9753,-1.1411,0.87105,42.6
0.55894,-0.76123,-0.29712,-0.14082,9.9795,-1.127,0.8713,42.61
0.55771,-0.76169,-0.29775,-0.14189,9.984,-1.113,0.87156,42.62
0.55645,-0.76221,-0.29827,-0.14292,9.9887,-1.0991,0.87183,42.63
0.55519,-0.76268,-0.2989,-0.14402,9.9935,-1.0851,0.87211,42.64
0.55379,-0.76322,-0.29955,-0.14517,9.9986,-1.0712,0.8724,42.65
0.55377,-0.76318,-0.29957,-0.14541,9.9986,-1.0713,0.87241,42.65
0.55246,-0.76368,-0.30016,-0.14658,10.004,-1.0574,0.87271,42.66
0.55125,-0.76412,-0.30075,-0.14764,10.009,-1.0436,0.87303,42.67
0.54995,-0.76459,-0.30136,-0.14878,10.015,-1.0298,0.87335,42.68
0.5486,-0.76512,-0.30198,-0.14983,10.021,-1.016,0.87368,42.69
0.54732,-0.76557,-0.30256,-0.15102,10.027,-1.0023,0.87402,42.7
0.54733,-0.76557,-0.30253,-0.15101,10.027,-1.0023,0.87401,42.7
0.54602,-0.76606,-0.30308,-0.15216,10.034,-0.98861,0.87436,42.71
0.54475,-0.76654,-0.30363,-0.15325,10.04,-0.97496,0.87472,42.72
0.54348,-0.76698,-0.3042,-0.1544,10.047,-0.96136,0.87509,42.73
0.54222,-0.76741,-0.30473,-0.1556,10.054,-0.94781,0.87548,42.74
0.54096,-0.76782,-0.30537,-0.15672,10.061,-0.93431,0.87587,42.75
0.54083,-0.7679,-0.30546,-0.1566,10.061,-0.93435,0.87591,42.75
0.53948,-0.76837,-0.30607,-0.15778,10.069,-0.92089,0.87631,42.76
0.53813,-0.76887,-0.30669,-0.15875,10.076,-0.90749,0.87673,42.77
0.53685,-0.76931,-0.30724,-0.15987,10.084,-0.89413,0.87715,42.78
0.53558,-0.76974,-0.30782,-0.16091,10.092,-0.88084,0.87758,42.79
0.53426,-0.77018,-0.30838,-0.16213,10.1,-0.86759,0.87803,42.8
0.53429,-0.77016,-0.30837,-0.16217,10.1,-0.86757,0.87803,42.8
0.53302,-0.77057,-0.30895,-0.16329,10.109,-0.85437,0.87849,42.81
0.53171,-0.77098,-0.30957,-0.16443,10.117,-0.84123,0.87896,42.82
0.53041,-0.77139,-0.31017,-0.16559,10.126,-0.82814,0.87943,42.83
0.52914,-0.77175,-0.31086,-0.16664,10.135,-0.81511,0.87992,42.84
0.52785,-0.77216,-0.31149,-0.16771,10.144,-0.80214,0.88042,42.85
0.5277,-0.77235,-0.31125,-0.16773,10.144,-0.80214,0.88041,42.85
0.52642,-0.77275,-0.31179,-0.16889,10.154,-0.78922,0.88092,42.86
0.52508,-0.77318,-0.31239,-0.17,10.163,-0.77638,0.88144,42.87
0.52372,-0.77361,-0.31297,-0.17113,10.173,-0.7636,0.88196,42.88
0.52236,-0.77404,-0.31356,-0.17225,10.183,-0.75088,0.8825,42.89
0.52099,-0.77448,-0.31418,-0.17334,10.194,-0.73824,0.88305,42.9
0.52107,-0.77447,-0.31411,-0.17327,10.194,-0.73823,0.88304,42.9
0.51967,-0.77486,-0.31484,-0.17441,10.204,-0.72564,0.8836,42.91
0.5184,-0.77523,-0.31544,-0.17543,10.215,-0.71313,0.88416,42.92
0.51705,-0.77564,-0.31604,-0.17653,10.225,-0.70068,0.88474,42.93
0.51573,-0.77605,-0.31662,-0.17753,10.236,-0.68831,0.88533,42.94
0.51433,-0.77648,-0.31718,-0.17872,10.247,-0.67602,0.88593,42.95
0.51439,-0.77652,-0.31694,-0.1788,10.248,-0.67596,0.88591,42.95
0.51305,-0.77692,-0.31753,-0.17988,10.259,-0.66371,0.88652,42.96
0.51169,-0.77734,-0.31804,-0.18102,10.27,-0.65155,0.88713,42.97
0.51035,-0.77774,-0.31862,-0.18208,10.282,-0.63946,0.88775,42.98
0.50901,-0.77818,-0.31907,-0.18313,10.294,-0.62746,0.88839,42.99
0.50764,-0.77857,-0.31968,-0.18423,10.306,-0.61553,0.88903,43
0.50766,-0.77851,-0.31974,-0.18431,10.306,-0.61557,0.88904,43
0.5063,-0.77893,-0.32023,-0.18544,10.319,-0.60372,0.88969,43.01
0.50497,-0.77929,-0.32079,-0.18656,10.331,-0.59196,0.89035,43.02
0.50358,-0.77969,-0.32137,-0.18764,10.344,-0.58028,0.89102,43.03
0.50229,-0.78007,-0.32186,-0.18868,10.357,-0.56869,0.8917,43.04
0.5009,-0.78047,-0.32237,-0.18986,10.369,-0.55718,0.89238,43.05
0.50089,-0.78043,-0.3225,-0.18982,10.37,-0.55713,0.89249,43.05
-0.49952,0.78082,0.32304,0.19091,10.383,-0.5457,0.89319,43.06
-0.49816,0.78118,0.32362,0.19197,10.396,-0.53437,0.8939,43.07
-0.49676,0.78153,0.32428,0.19308,10.41,-0.52312,0.89462,43.08
-0.49538,0.78188,0.32493,0.19415,10.423,-0.51196,0.89535,43.09
-0.49401,0.78228,0.32541,0.1952,10.437,-0.5009,0.89609,43.1
-0.49407,0.78228,0.32525,0.1953,10.437,-0.50084,0.89608,43.1
-0.49268,0.78266,0.32579,0.19639,10.451,-0.48987,0.89683,43.11
-0.49122,0.78308,0.32631,0.19751,10.466,-0.47898,0.89759,43.12
-0.48986,0.78344,0.32687,0.19854,10.48,-0.4682,0.89835,43.13
-0.48848,0.7838,0.3274,0.19965,10.494,-0.45751,0.89913,43.14
-0.48711,0.78413,0.32795,0.20076,10.509,-0.44692,0.89991,43.15
-0.48721,0.78407,0.32796,0.20076,10.509,-0.44683,0.89988,43.15
-0.48583,0.78441,0.32853,0.20183,10.524,-0.43633,0.90066,43.16
-0.48444,0.78471,0.32912,0.20303,10.539,-0.42593,0.90146,43.17
-0.48308,0.78503,0.3297,0.20412,10.554,-0.41563,0.90227,43.18
-0.48176,0.78531,0.33024,0.20528,10.57,-0.40543,0.90308,43.19
-0.48039,0.78564,0.33079,0.20634,10.585,-0.39533,0.90391,43.2
-0.48032,0.78578,0.33066,0.2062,10.585,-0.39523,0.90381,43.2
-0.47902,0.78609,0.33115,0.20723,10.601,-0.3852,0.90464,43.21
-0.47763,0.78645,0.33157,0.20837,10.617,-0.37528,0.90548,43.22
-0.47628,0.78676,0.33212,0.2094,10.633,-0.36546,0.90632,43.23
-0.47491,0.78714,0.33254,0.21043,10.649,-0.35575,0.90718,43.24
-0.47354,0.78744,0.33308,0.21155,10.665,-0.34615,0.90804,43.25
-0.47337,0.78742,0.33331,0.21163,10.665,-0.34619,0.90799,43.25
-0.47195,0.78778,0.33382,0.21268,10.682,-0.33669,0.90885,43.26
-0.47057,0.78809,0.33433,0.21378,10.698,-0.32731,0.90972,43.27
-0.46919,0.7884,0.33488,0.21477,10.715,-0.31803,0.9106,43.28
-0.46776,0.78873,0.33541,0.21588,10.732,-0.30887,0.91148,43.29
-0.4664,0.78902,0.33592,0.21696,10.749,-0.29982,0.91238,43.3
-0.46639,0.789,0.33594,0.21703,10.749,-0.29981,0.91233,43.3
-0.46501,0.78929,0.33647,0.21815,10.766,-0.29086,0.91323,43.31
-0.46353,0.78961,0.33704,0.21922,10.783,-0.28202,0.91413,43.32
-0.46213,0.78992,0.33759,0.22023,10.8,-0.2733,0.91504,43.33
-0.46074,0.79023,0.33813,0.22119,10.818,-0.2647,0.91595,43.34
-0.45926,0.79056,0.33866,0.22225,10.836,-0.25621,0.91687,43.35
-0.45936,0.79051,0.33854,0.22242,10.836,-0.25621,0.91683,43.35
-0.45797,0.7908,0.33908,0.22344,10.854,-0.24783,0.91776,43.36
-0.45652,0.79111,0.33961,0.22448,10.871,-0.23956,0.9187,43.37
-0.4551,0.79143,0.34012,0.22549,10.889,-0.23141,0.91964,43.38
-0.45362,0.7917,0.34066,0.22668,10.908,-0.22338,0.92059,43.39
-0.45221,0.79196,0.34118,0.22782,10.926,-0.21547,0.92154,43.4
-0.4523,0.79195,0.34111,0.22779,10.926,-0.21551,0.92148,43.4
-0.45091,0.7922,0.34162,0.22892,10.944,-0.20771,0.92244,43.41
-0.44948,0.7925,0.34212,0.22992,10.963,-0.20004,0.92341,43.42
-0.44805,0.79277,0.34266,0.231,10.982,-0.19248,0.92438,43.43
-0.44667,0.79303,0.34317,0.232,11,-0.18505,0.92535,43.44
-0.44529,0.79327,0.34367,0.23311,11.019,-0.17775,0.92634,43.45
-0.44518,0.79332,0.34365,0.23314,11.019,-0.17782,0.92628,43.45
-0.44378,0.79358,0.34414,0.2342,11.038,-0.17064,0.92727,43.46
-0.44239,0.79381,0.34468,0.23527,11.057,-0.16358,0.92826,43.47
-0.44093,0.79407,0.34527,0.23626,11.077,-0.15665,0.92925,43.48
-0.43949,0.79433,0.34577,0.23732,11.096,-0.14984,0.93025,43.49
-0.43805,0.79458,0.34629,0.23839,11.115,-0.14316,0.93125,43.5
-0.43804,0.79463,0.34616,0.23846,11.115,-0.14321,0.93122,43.5
-0.43657,0.79486,0.3467,0.23959,11.135,-0.13665,0.93222,43.51
-0.43507,0.79517,0.34719,0.24059,11.155,-0.13022,0.93323,43.52
-0.43358,0.79542,0.34771,0.24169,11.174,-0.12391,0.93425,43.53
-0.43213,0.79568,0.34823,0.24266,11.194,-0.11774,0.93527,43.54
-0.43067,0.79595,0.34872,0.24367,11.214,-0.11169,0.93629,43.55
-0.43085,0.79586,0.34864,0.24377,11.214,-0.11178,0.93626,43.55
-0.4295,0.79609,0.34911,0.24472,11.234,-0.10586,0.93729,43.56
-0.42806,0.79632,0.34964,0.24573,11.254,-0.10007,0.93832,43.57
-0.4267,0.79652,0.35011,0.2468,11.274,-0.094421,0.93936,43.58
-0.42524,0.79675,0.35063,0.24782,11.294,-0.088901,0.9404,43.59
-0.42376,0.79694,0.3512,0.24895,11.315,-0.083514,0.94145,43.6
-0.42363,0.79702,0.35109,0.24906,11.315,-0.0836,0.94142,43.6
-0.42212,0.79728,0.35156,0.25013,11.335,-0.078345,0.94247,43.61
-0.42069,0.79747,0.35206,0.25122,11.356,-0.073224,0.94352,43.62
-0.41923,0.7977,0.35251,0.2523,11.376,-0.068238,0.94458,43.63
-0.41775,0.79791,0.35301,0.25339,11.397,-0.063386,0.94564,43.64
-0.41622,0.79815,0.35349,0.25448,11.418,-0.058671,0.9467,43.65
-0.41637,0.79812,0.35351,0.25432,11.418,-0.058743,0.94666,43.65
-0.41485,0.79837,0.35394,0.25539,11.439,-0.054154,0.94773,43.66
-0.41333,0.79859,0.35446,0.25646,11.46,-0.0497,0.9488,43.67
-0.41183,0.7988,0.35501,0.25746,11.481,-0.045382,0.94987,43.68
-0.41033,0.79901,0.35549,0.25853,11.502,-0.041201,0.95095,43.69
-0.40888,0.79919,0.35597,0.2596,11.523,-0.037158,0.95204,43.7
-0.40907,0.79914,0.3559,0.25956,11.523,-0.037253,0.95201,43.7
-0.40756,0.79937,0.35638,0.26057,11.544,-0.033359,0.95309,43.71
-0.40604,0.79959,0.35685,0.26163,11.565,-0.029604,0.95417,43.72
-0.40456,0.79978,0.35733,0.26268,11.586,-0.025989,0.95526,43.73
-0.40313,0.79995,0.3578,0.26372,11.608,-0.022512,0.95635,43.74
-0.40162,0.80017,0.35823,0.26476,11.629,-0.019175,0.95744,43.75
-0.40173,0.8001,0.35825,0.26478,11.629,-0.019224,0.95741,43.75
-0.4003,0.80024,0.35877,0.26581,11.651,-0.016025,0.9585,43.76
-0.39886,0.80041,0.35925,0.26682,11.672,-0.012966,0.95959,43.77
-0.39746,0.80057,0.35969,0.26784,11.693,-0.010048,0.96069,43.78
-0.39599,0.80076,0.36013,0.26886,11.715,-0.0072688,0.96178,43.79
-0.39449,0.80099,0.36058,0.26977,11.736,-0.0046295,0.96288,43.8
-0.39437,0.80098,0.36058,0.26998,11.737,-0.0046653,0.96282,43.8
-0.39286,0.80118,0.36099,0.27105,11.758,-0.002163,0.96392,43.81
-0.3914,0.80132,0.36149,0.27206,11.78,0.00019807,0.96502,43.82
-0.38988,0.80147,0.36201,0.27312,11.802,0.0024174,0.96612,43.83
-0.38845,0.80155,0.36256,0.27416,11.823,0.004495,0.96722,43.84
-0.38697,0.80169,0.36304,0.27524,11.845,0.0064305,0.96832,43.85
-0.38697,0.8018,0.36287,0.27514,11.845,0.0064137,0.96825,43.85
-0.38545,0.80194,0.36337,0.2762,11.867,0.0082231,0.96936,43.86
-0.38396,0.80207,0.36386,0.27725,11.889,0.0098907,0.97046,43.87
-0.38241,0.80224,0.36434,0.27827,11.911,0.011415,0.97157,43.88
-0.38086,0.80245,0.36478,0.27922,11.933,0.012797,0.97268,43.89
-0.37938,0.80255,0.36526,0.28028,11.954,0.014037,0.9738,43.9
-0.37953,0.80254,0.36513,0.28029,11.955,0.013949,0.97373,43.9
-0.37805,0.80265,0.36561,0.28134,11.977,0.015044,0.97485,43.91
-0.37659,0.80277,0.36602,0.28243,11.998,0.015997,0.97596,43.92
-0.37507,0.80289,0.36652,0.28347,12.02,0.016809,0.97708,43.93
-0.37357,0.80299,0.36699,0.28455,12.042,0.017481,0.9782,43.94
-0.37204,0.80312,0.36739,0.28568,12.064,0.01801,0.97932,43.95
-0.37206,0.80322,0.36736,0.28542,12.064,0.017943,0.97919,43.95
-0.37058,0.80333,0.3678,0.28647,12.086,0.01833,0.98031,43.96
-0.36907,0.80349,0.36824,0.28737,12.108,0.018573,0.98143,43.97
-0.36768,0.8036,0.36861,0.28839,12.13,0.018675,0.98254,43.98
-0.3662,0.80375,0.36898,0.28938,12.152,0.018634,0.98366,43.99
-0.36467,0.80385,0.36943,0.29046,12.174,0.01845,0.98478,44
-0.36455,0.80382,0.36956,0.29052,12.174,0.018338,0.98469,44
-0.36307,0.80392,0.36991,0.29164,12.196,0.017997,0.9858,44.01
-0.36144,0.80406,0.37039,0.29268,12.218,0.017513,0.98692,44.02
-0.35992,0.80422,0.37074,0.29366,12.24,0.016886,0.98803,44.03
-0.35847,0.8043,0.37117,0.29466,12.262,0.016118,0.98914,44.04
-0.35693,0.80441,0.37159,0.29572,12.284,0.015209,0.99025,44.05
-0.35701,0.80436,0.37172,0.29559,12.284,0.015164,0.99012,44.05
-0.35557,0.80442,0.37211,0.29667,12.306,0.014114,0.99123,44.06
-0.35399,0.8045,0.37264,0.29769,12.328,0.012922,0.99234,44.07
-0.35239,0.80459,0.37313,0.29872,12.35,0.011587,0.99344,44.08
-0.35085,0.80467,0.37359,0.29973,12.372,0.01011,0.99455,44.09
-0.34933,0.80476,0.37404,0.3007,12.393,0.0084915,0.99565,44.1
-0.34945,0.80482,0.37385,0.30064,12.394,0.0084594,0.99552,44.1
-0.34797,0.80489,0.37424,0.3017,12.415,0.006704,0.99662,44.11
-0.34644,0.80492,0.37475,0.30273,12.437,0.0048084,0.99772,44.12
-0.34486,0.80508,0.37508,0.3037,12.459,0.002773,0.99882,44.13
-0.34334,0.80513,0.37546,0.3048,12.48,0.0005966,0.99991,44.14
-0.34194,0.80521,0.37578,0.30579,12.502,-0.0017206,1.001,44.15
-0.34184,0.80522,0.37595,0.30566,12.502,-0.0018135,1.0009,44.15
-0.3403,0.80527,0.3764,0.30669,12.524,-0.0042847,1.002,44.16
-0.33885,0.80532,0.37678,0.3077,12.546,-0.0068962,1.0031,44.17
-0.33726,0.80546,0.37719,0.30858,12.567,-0.0096477,1.0042,44.18
-0.33576,0.80548,0.3776,0.30965,12.589,-0.012539,1.0053,44.19
-0.33429,0.80553,0.37803,0.31058,12.61,-0.01557,1.0064,44.2
-0.33421,0.80554,0.37801,0.31065,12.61,-0.015603,1.0062,44.2
-0.33265,0.80564,0.37837,0.31164,12.632,-0.018772,1.0073,44.21
-0.33107,0.80569,0.37879,0.31269,12.653,-0.022079,1.0084,44.22
-0.32953,0.80576,0.37912,0.31372,12.674,-0.025524,1.0095,44.23
-0.32793,0.80582,0.37956,0.31472,12.696,-0.029106,1.0105,44.24
-0.32642,0.80586,0.37997,0.31569,12.717,-0.032825,1.0116,44.25
-0.32656,0.8058,0.38005,0.31562,12.717,-0.032861,1.0115,44.25
-0.32504,0.80583,0.38048,0.31659,12.738,-0.036716,1.0126,44.26
-0.32359,0.80588,0.38086,0.31748,12.759,-0.040708,1.0136,44.27
-0.32201,0.80599,0.3812,0.31841,12.78,-0.044836,1.0147,44.28
-0.32043,0.80605,0.38156,0.31942,12.801,-0.049099,1.0157,44.29
-0.31891,0.80608,0.38193,0.32041,12.822,-0.053497,1.0168,44.3
-0.31887,0.80598,0.38204,0.32056,12.822,-0.053563,1.0167,44.3
-0.31735,0.80601,0.38242,0.32154,12.843,-0.058116,1.0177,44.31
-0.31581,0.80603,0.38282,0.32254,12.864,-0.062803,1.0188,44.32
-0.31428,0.80601,0.38326,0.32355,12.884,-0.067625,1.0198,44.33
-0.31277,0.80603,0.38367,0.32449,12.905,-0.07258,1.0208,44.34
-0.31131,0.80602,0.38407,0.32545,12.925,-0.077669,1.0219,44.35
-0.31115,0.8061,0.38401,0.32547,12.926,-0.077655,1.0218,44.35
-0.30966,0.80606,0.38443,0.32648,12.946,-0.082883,1.0228,44.36
-0.30823,0.80603,0.38484,0.32742,12.967,-0.088242,1.0238,44.37
-0.30671,0.80603,0.38522,0.32841,12.987,-0.093733,1.0248,44.38
-0.30518,0.80603,0.38562,0.32937,13.007,-0.099354,1.0258,44.39
-0.3036,0.80599,0.38606,0.33039,13.027,-0.10511,1.0268,44.4
-0.30341,0.80614,0.38594,0.33035,13.027,-0.10507,1.0267,44.4
-0.30182,0.80618,0.38627,0.33133,13.047,-0.11093,1.0277,44.41
-0.30025,0.80616,0.38661,0.3324,13.067,-0.11693,1.0287,44.42
-0.29865,0.80617,0.38694,0.33343,13.087,-0.12304,1.0297,44.43
-0.29713,0.80616,0.38727,0.33442,13.107,-0.12929,1.0307,44.44
-0.29558,0.80616,0.38767,0.33534,13.126,-0.13567,1.0317,44.45
-0.29563,0.80611,0.38783,0.33521,13.127,-0.13575,1.0316,44.45
-0.29409,0.80611,0.38811,0.33625,13.146,-0.14228,1.0326,44.46
-0.29257,0.80606,0.38854,0.3372,13.166,-0.14893,1.0336,44.47
-0.29096,0.8061,0.38885,0.33814,13.185,-0.15571,1.0345,44.48
-0.28934,0.80609,0.38927,0.33908,13.204,-0.16261,1.0355,44.49
-0.28769,0.80608,0.38964,0.34008,13.223,-0.16964,1.0364,44.5
-0.28784,0.80601,0.3897,0.34004,13.223,-0.16963,1.0363,44.5
-0.28632,0.80603,0.39,0.34093,13.242,-0.17677,1.0373,44.51
-0.28479,0.80602,0.39033,0.34187,13.261,-0.18403,1.0382,44.52
-0.28324,0.80599,0.39065,0.34286,13.28,-0.1914,1.0391,44.53
-0.28162,0.80592,0.391,0.34395,13.299,-0.1989,1.0401,44.54
-0.28006,0.80586,0.39136,0.34495,13.317,-0.20652,1.041,44.55
-0.28002,0.80585,0.39152,0.34483,13.318,-0.20667,1.041,44.55
-0.27851,0.8058,0.39192,0.34571,13.336,-0.21442,1.0419,44.56
-0.27699,0.80573,0.39228,0.34669,13.354,-0.22229,1.0428,44.57
-0.27542,0.80571,0.39257,0.34766,13.372,-0.23027,1.0437,44.58
-0.27376,0.8057,0.39289,0.34863,13.39,-0.23837,1.0446,44.59
-0.27211,0.80566,0.39327,0.34958,13.408,-0.24659,1.0455,44.6
-0.27218,0.80561,0.39332,0.34959,13.409,-0.24669,1.0454,44.6
-0.27057,0.80559,0.39376,0.3504,13.426,-0.25503,1.0463,44.61
-0.26905,0.80549,0.39413,0.35136,13.444,-0.26348,1.0472,44.62
-0.26752,0.80544,0.3945,0.35224,13.462,-0.27204,1.048,44.63
-0.266,0.80534,0.39482,0.35325,13.479,-0.28072,1.0489,44.64
-0.26445,0.80523,0.39521,0.35423,13.496,-0.2895,1.0497,44.65
-0.26431,0.8053,0.39508,0.35433,13.497,-0.28964,1.0497,44.65
-0.2628,0.8052,0.39544,0.35528,13.514,-0.29854,1.0505,44.66
-0.26121,0.80508,0.3958,0.35631,13.531,-0.30756,1.0514,44.67
-0.25959,0.80504,0.39613,0.35723,13.548,-0.31668,1.0522,44.68
-0.25805,0.80499,0.39638,0.35817,13.564,-0.32591,1.053,44.69
-0.25646,0.8049,0.39667,0.35918,13.581,-0.33525,1.0538,44.7
-0.25641,0.80492,0.3968,0.35904,13.581,-0.3354,1.0538,44.7
-0.25485,0.80482,0.39714,0.36,13.598,-0.34486,1.0546,44.71
-0.25334,0.80469,0.39753,0.36092,13.614,-0.35442,1.0554,44.72
-0.25181,0.80456,0.39788,0.36189,13.63,-0.36408,1.0562,44.73
-0.25023,0.80445,0.39825,0.36282,13.646,-0.37385,1.057,44.74
-0.24866,0.80439,0.39854,0.36373,13.662,-0.38372,1.0577,44.75
-0.2485,0.80447,0.39849,0.36371,13.662,-0.38383,1.0577,44.75
-0.24687,0.80433,0.39889,0.3647,13.678,-0.3938,1.0585,44.76
-0.24522,0.8042,0.39928,0.36565,13.693,-0.40387,1.0592,44.77
-0.24358,0.80413,0.39956,0.3666,13.709,-0.41404,1.06,44.78
-0.24204,0.80401,0.39986,0.36756,13.724,-0.4243,1.0607,44.79
-0.24044,0.8039,0.40013,0.36855,13.739,-0.43467,1.0614,44.8
-0.24056,0.80394,0.40015,0.36836,13.739,-0.43485,1.0614,44.8
-0.23899,0.80387,0.40044,0.36922,13.754,-0.44532,1.0621,44.81
-0.23739,0.80378,0.40072,0.37014,13.769,-0.45589,1.0629,44.82
-0.23586,0.80364,0.40104,0.37108,13.783,-0.46654,1.0636,44.83
-0.23424,0.80354,0.40126,0.37208,13.798,-0.4773,1.0643,44.84
-0.23269,0.80338,0.40156,0.37308,13.812,-0.48814,1.065,44.85
-0.2326,0.80335,0.40176,0.37297,13.812,-0.48834,1.0649,44.85
-0.23109,0.80328,0.40203,0.37378,13.826,-0.49929,1.0656,44.86
-0.22954,0.80315,0.40233,0.37469,13.84,-0.51033,1.0663,44.87
-0.22792,0.80304,0.40267,0.37554,13.854,-0.52146,1.0669,44.88
-0.22645,0.80293,0.40292,0.37641,13.868,-0.53267,1.0676,44.89
-0.22484,0.80282,0.40317,0.37734,13.881,-0.54397,1.0682,44.9
-0.22462,0.80269,0.40334,0.37756,13.881,-0.54418,1.0682,44.9
-0.22295,0.80259,0.40364,0.37845,13.894,-0.55558,1.0689,44.91
-0.22143,0.80244,0.40397,0.3793,13.907,-0.56706,1.0695,44.92
-0.21986,0.80228,0.40431,0.38017,13.92,-0.57863,1.0701,44.93
-0.21821,0.80215,0.40457,0.38113,13.933,-0.59028,1.0707,44.94
-0.21655,0.80202,0.40491,0.38199,13.945,-0.602,1.0713,44.95
-0.21662,0.80197,0.40488,0.3821,13.946,-0.60215,1.0713,44.95
-0.21499,0.80177,0.40519,0.3831,13.958,-0.61396,1.0719,44.96
-0.21339,0.80159,0.40552,0.38401,13.97,-0.62586,1.0725,44.97
-0.21175,0.8014,0.40584,0.38499,13.982,-0.63783,1.0731,44.98
-0.21008,0.80125,0.40613,0.3859,13.994,-0.64988,1.0736,44.99
-0.20851,0.80109,0.4064,0.38682,14.005,-0.662,1.0742,45
-0.2086,0.80116,0.4064,0.38661,14.006,-0.66211,1.0741,45
-0.20699,0.80101,0.40664,0.38754,14.017,-0.67432,1.0747,45.01
-0.20544,0.80081,0.4069,0.38848,14.028,-0.68659,1.0752,45.02
-0.2038,0.80062,0.40721,0.38943,14.039,-0.69894,1.0757,45.03
-0.20215,0.80049,0.40745,0.39029,14.05,-0.71136,1.0762,45.04
-0.2005,0.80032,0.4078,0.39112,14.061,-0.72385,1.0767,45.05
-0.20056,0.80029,0.40787,0.3911,14.061,-0.72395,1.0767,45.05
-0.19895,0.80007,0.40819,0.39202,14.071,-0.73651,1.0772,45.06
-0.19744,0.79987,0.40846,0.39293,14.082,-0.74914,1.0777,45.07
-0.19578,0.79966,0.40879,0.39383,14.092,-0.76183,1.0781,45.08
-0.19418,0.79949,0.4091,0.39465,14.102,-0.77458,1.0786,45.09
-0.19251,0.7993,0.40942,0.39552,14.111,-0.78739,1.079,45.1
-0.19252,0.79934,0.40932,0.39554,14.112,-0.7875,1.079,45.1
-0.19085,0.79915,0.40963,0.39641,14.121,-0.80037,1.0794,45.11
-0.18927,0.79891,0.4099,0.39738,14.13,-0.8133,1.0799,45.12
-0.18761,0.79875,0.41013,0.39823,14.139,-0.82629,1.0803,45.13
-0.18595,0.79856,0.41045,0.39907,14.148,-0.83933,1.0807,45.14
-0.18435,0.79833,0.41068,0.40002,14.157,-0.85243,1.0811,45.15
-0.18445,0.79833,0.41071,0.39995,14.157,-0.8526,1.0811,45.15
-0.18292,0.79811,0.41103,0.40076,14.166,-0.86577,1.0815,45.16
-0.18134,0.7979,0.41129,0.40164,14.174,-0.87899,1.0818,45.17
-0.17969,0.79768,0.41155,0.40254,14.182,-0.89226,1.0822,45.18
-0.1781,0.79743,0.41182,0.40348,14.19,-0.90558,1.0826,45.19
-0.17663,0.7972,0.41206,0.40433,14.197,-0.91895,1.0829,45.2
-0.17636,0.79725,0.41208,0.40433,14.198,-0.91911,1.0829,45.2
-0.17475,0.79705,0.41232,0.40518,14.205,-0.93254,1.0832,45.21
-0.17313,0.79685,0.41254,0.40604,14.212,-0.94601,1.0835,45.22
-0.1715,0.79659,0.41283,0.40695,14.219,-0.95953,1.0838,45.23
-0.16992,0.79636,0.41308,0.40781,14.226,-0.97309,1.0842,45.24
-0.16828,0.79608,0.41334,0.40876,14.233,-0.9867,1.0844,45.25
-0.16825,0.7961,0.41341,0.40867,14.233,-0.98685,1.0844,45.25
-0.16671,0.79587,0.41361,0.40954,14.239,-1.0005,1.0847,45.26
-0.16506,0.79565,0.41384,0.41041,14.245,-1.0142,1.0849,45.27
-0.16346,0.79541,0.41405,0.41129,14.251,-1.0279,1.0852,45.28
-0.16188,0.79517,0.41435,0.41209,14.257,-1.0417,1.0854,45.29
-0.16023,0.79491,0.41463,0.41294,14.263,-1.0555,1.0857,45.3
-0.16014,0.79487,0.41471,0.41297,14.263,-1.0556,1.0856,45.3
-0.15851,0.79464,0.41492,0.41383,14.268,-1.0695,1.0859,45.31
-0.15684,0.79445,0.41518,0.41458,14.273,-1.0833,1.0861,45.32
-0.15519,0.79417,0.41541,0.4155,14.278,-1.0973,1.0863,45.33
-0.1535,0.79392,0.41577,0.41625,14.283,-1.1112,1.0865,45.34
-0.1519,0.79366,0.41593,0.41717,14.288,-1.1252,1.0867,45.35
-0.152,0.79359,0.41596,0.41724,14.288,-1.1253,1.0866,45.35
-0.1504,0.79329,0.41629,0.41806,14.292,-1.1393,1.0868,45.36
-0.14876,0.79298,0.41658,0.41895,14.296,-1.1533,1.0869,45.37
-0.14712,0.79272,0.41681,0.41979,14.3,-1.1674,1.0871,45.38
-0.14554,0.79244,0.41705,0.42062,14.304,-1.1814,1.0872,45.39
-0.14382,0.79215,0.41733,0.42149,14.307,-1.1955,1.0874,45.4
-0.14386,0.79222,0.41719,0.42147,14.307,-1.1956,1.0873,45.4
-0.14216,0.79193,0.41742,0.42238,14.31,-1.2097,1.0874,45.41
-0.14052,0.7916,0.41772,0.42325,14.313,-1.2239,1.0876,45.42
-0.1389,0.79137,0.41793,0.42401,14.316,-1.238,1.0877,45.43
-0.1373,0.7911,0.41813,0.42483,14.319,-1.2522,1.0877,45.44
-0.13566,0.79082,0.41833,0.42567,14.321,-1.2664,1.0878,45.45
-0.13571,0.79079,0.41837,0.42568,14.321,-1.2665,1.0879,45.45
-0.13405,0.79046,0.41865,0.42653,14.323,-1.2807,1.0879,45.46
-0.13246,0.79018,0.41888,0.42733,14.325,-1.2949,1.088,45.47
-0.13077,0.78991,0.41915,0.42809,14.327,-1.3092,1.088,45.48
-0.12919,0.78957,0.41939,0.42895,14.328,-1.3234,1.0881,45.49
-0.12755,0.78925,0.41963,0.42981,14.329,-1.3376,1.0881,45.5
-0.12755,0.78928,0.41952,0.42984,14.329,-1.3378,1.088,45.5
-0.12595,0.78902,0.4197,0.43061,14.33,-1.352,1.0881,45.51
-0.12434,0.78875,0.41985,0.43144,14.331,-1.3663,1.0881,45.52
-0.1227,0.78849,0.42006,0.43218,14.332,-1.3806,1.0881,45.53
-0.12112,0.78819,0.42027,0.43296,14.332,-1.3948,1.088,45.54
-0.11951,0.78781,0.42052,0.43386,14.332,-1.4091,1.088,45.55
-0.11936,0.78772,0.42063,0.43397,14.332,-1.4092,1.088,45.55
-0.11779,0.78749,0.42081,0.43464,14.332,-1.4235,1.0879,45.56
-0.11612,0.78719,0.42101,0.43543,14.332,-1.4378,1.0879,45.57
-0.11447,0.78684,0.42123,0.43629,14.332,-1.4521,1.0878,45.58
-0.11283,0.78646,0.42149,0.43715,14.331,-1.4663,1.0877,45.59
-0.11123,0.78612,0.42177,0.43789,14.33,-1.4806,1.0876,45.6
-0.11118,0.78607,0.42171,0.43805,14.33,-1.4806,1.0876,45.6
-0.10958,0.78565,0.422,0.43893,14.329,-1.4949,1.0875,45.61
-0.10797,0.78533,0.42217,0.43974,14.327,-1.5092,1.0874,45.62
-0.10633,0.78501,0.42239,0.4405,14.326,-1.5234,1.0873,45.63
-0.10457,0.78465,0.4226,0.44135,14.324,-1.5376,1.0872,45.64
-0.10294,0.78434,0.42278,0.44212,14.322,-1.5519,1.087,45.65
-0.10298,0.78437,0.42275,0.4421,14.322,-1.5519,1.087,45.65
-0.10135,0.78408,0.42295,0.44279,14.32,-1.5661,1.0868,45.66
-0.099777,0.78373,0.4232,0.44354,14.317,-1.5803,1.0867,45.67
-0.098234,0.7834,0.42341,0.44426,14.314,-1.5945,1.0865,45.68
-0.096585,0.78305,0.42368,0.44497,14.312,-1.6087,1.0863,45.69
-0.094934,0.7827,0.42387,0.44576,14.308,-1.6228,1.0861,45.7
-0.094774,0.78259,0.42375,0.44611,14.308,-1.6228,1.0861,45.7
-0.093174,0.78224,0.42396,0.44685,14.305,-1.6369,1.0859,45.71
-0.09151,0.78181,0.42421,0.4477,14.301,-1.651,1.0857,45.72
-0.089877,0.78148,0.42437,0.44846,14.298,-1.6651,1.0855,45.73
-0.088189,0.78111,0.4246,0.44924,14.294,-1.6791,1.0852,45.74
-0.086541,0.78071,0.42484,0.45002,14.289,-1.6931,1.085,45.75
-0.086562,0.78074,0.42471,0.45007,14.289,-1.6932,1.085,45.75
-0.084783,0.78043,0.42482,0.45086,14.285,-1.7072,1.0847,45.76
-0.083122,0.78,0.42509,0.45165,14.28,-1.7211,1.0845,45.77
-0.081595,0.77966,0.42521,0.45241,14.275,-1.735,1.0842,45.78
-0.079913,0.77925,0.42552,0.45312,14.27,-1.7489,1.0839,45.79
-0.078372,0.77885,0.42571,0.45389,14.265,-1.7628,1.0836,45.8
-0.078341,0.77883,0.42564,0.45401,14.265,-1.7629,1.0836,45.8
-0.076629,0.77844,0.42582,0.4548,14.26,-1.7767,1.0833,45.81
-0.074932,0.77808,0.42599,0.45553,14.254,-1.7905,1.0829,45.82
-0.073349,0.77766,0.42616,0.45634,14.248,-1.8042,1.0826,45.83
-0.071701,0.77727,0.42637,0.45708,14.242,-1.8179,1.0823,45.84
-0.070043,0.77686,0.42648,0.45794,14.236,-1.8316,1.0819,45.85
-0.07011,0.77684,0.42653,0.4579,14.235,-1.8317,1.0819,45.85
-0.068428,0.77646,0.42672,0.45862,14.229,-1.8453,1.0815,45.86
-0.06678,0.77611,0.42689,0.45931,14.222,-1.8589,1.0812,45.87
-0.065054,0.77565,0.42707,0.46016,14.215,-1.8725,1.0808,45.88
-0.063435,0.77519,0.42721,0.46103,14.208,-1.8859,1.0804,45.89
-0.061792,0.77477,0.42741,0.46177,14.201,-1.8994,1.08,45.9
-0.061875,0.77479,0.42738,0.46175,14.2,-1.8995,1.0799,45.9
-0.060236,0.77441,0.42758,0.46243,14.193,-1.9129,1.0795,45.91
-0.058525,0.77402,0.42774,0.46315,14.185,-1.9262,1.0791,45.92
-0.056842,0.77356,0.42796,0.46392,14.177,-1.9395,1.0786,45.93
-0.055204,0.77314,0.42818,0.46463,14.169,-1.9527,1.0782,45.94
-0.053547,0.7727,0.42834,0.46539,14.161,-1.9659,1.0777,45.95
-0.053635,0.77267,0.42819,0.46557,14.16,-1.9661,1.0777,45.95
-0.05195,0.77221,0.42835,0.46639,14.152,-1.9792,1.0773,45.96
-0.050278,0.77183,0.42844,0.4671,14.143,-1.9923,1.0768,45.97
-0.048645,0.77141,0.42859,0.46784,14.134,-2.0053,1.0763,45.98
-0.047074,0.77097,0.42873,0.46859,14.125,-2.0182,1.0758,45.99
-0.045542,0.77056,0.42888,0.46928,14.115,-2.0311,1.0753,46
-0.045397,0.77048,0.42897,0.46934,14.115,-2.0313,1.0753,46
-0.04365,0.77008,0.42908,0.47006,14.106,-2.0441,1.0748,46.01
-0.041913,0.76968,0.42924,0.47073,14.096,-2.0569,1.0742,46.02
-0.040198,0.76919,0.4294,0.47155,14.086,-2.0696,1.0737,46.03
-0.038503,0.76876,0.42955,0.47224,14.076,-2.0822,1.0731,46.04
-0.036842,0.76829,0.42967,0.47303,14.065,-2.0948,1.0726,46.05
-0.03714,0.76823,0.4297,0.47307,14.065,-2.0949,1.0726,46.05
-0.035513,0.76779,0.42982,0.47381,14.055,-2.1074,1.072,46.06
-0.033916,0.76733,0.42994,0.47456,14.044,-2.1199,1.0714,46.07
-0.032198,0.76681,0.43019,0.47529,14.033,-2.1322,1.0708,46.08
-0.030557,0.76633,0.4303,0.47608,14.022,-2.1445,1.0703,46.09
-0.028934,0.76584,0.43041,0.47687,14.01,-2.1567,1.0696,46.1
-0.028893,0.76591,0.43041,0.47676,14.01,-2.1569,1.0697,46.1
-0.027225,0.76536,0.43058,0.47758,13.999,-2.1691,1.0691,46.11
-0.025575,0.76493,0.43069,0.47827,13.987,-2.1811,1.0684,46.12
-0.023932,0.76445,0.4308,0.47902,13.975,-2.1931,1.0678,46.13
-0.022278,0.76398,0.43093,0.47972,13.963,-2.205,1.0672,46.14
-0.020648,0.76343,0.43109,0.48053,13.951,-2.2169,1.0665,46.15
-0.020635,0.76351,0.43108,0.48041,13.951,-2.217,1.0665,46.15
-0.019065,0.76302,0.4312,0.48114,13.938,-2.2288,1.0659,46.16
-0.017517,0.76252,0.43137,0.48186,13.926,-2.2404,1.0652,46.17
-0.015876,0.76206,0.43149,0.48253,13.913,-2.252,1.0645,46.18
-0.014245,0.76163,0.43155,0.4832,13.9,-2.2635,1.0638,46.19
-0.012546,0.76112,0.43167,0.48394,13.887,-2.275,1.0631,46.2
-0.012377,0.76106,0.4317,0.48402,13.886,-2.2751,1.0632,46.2
-0.010693,0.76051,0.43183,0.48479,13.873,-2.2865,1.0625,46.21
-0.0091347,0.76,0.43198,0.4855,13.86,-2.2977,1.0618,46.22
-0.0074244,0.75952,0.43206,0.48621,13.846,-2.3089,1.061,46.23
-0.0058612,0.75904,0.43219,0.48687,13.832,-2.3199,1.0603,46.24
-0.0042575,0.75846,0.43229,0.4877,13.818,-2.3309,1.0596,46.25
-0.0041254,0.75853,0.43229,0.48759,13.818,-2.331,1.0596,46.25
-0.0024793,0.75806,0.43238,0.48825,13.804,-2.3419,1.0588,46.26
-0.00078553,0.75754,0.43249,0.48897,13.789,-2.3527,1.0581,46.27
0.00094307,0.75703,0.4326,0.48965,13.775,-2.3634,1.0573,46.28
0.0025917,0.75651,0.43272,0.49034,13.76,-2.3741,1.0565,46.29
0.0042388,0.75599,0.43279,0.49107,13.745,-2.3846,1.0557,46.3
0.0041275,0.75594,0.43284,0.49111,13.745,-2.3847,1.0558,46.3
0.0057223,0.75545,0.43288,0.49181,13.73,-2.3951,1.055,46.31
0.0073857,0.75489,0.43299,0.49255,13.715,-2.4054,1.0542,46.32
0.0090496,0.75436,0.43314,0.4932,13.7,-2.4156,1.0534,46.33
0.010708,0.75377,0.43335,0.49389,13.684,-2.4257,1.0526,46.34
0.012402,0.75318,0.43353,0.49458,13.669,-2.4358,1.0517,46.35
0.012384,0.75329,0.43335,0.49458,13.668,-2.4358,1.0518,46.35
0.01395,0.75273,0.4335,0.49526,13.652,-2.4457,1.0509,46.36
0.015647,0.75217,0.43365,0.49593,13.637,-2.4555,1.0501,46.37
0.017225,0.75161,0.43373,0.49665,13.621,-2.4652,1.0493,46.38
0.018851,0.75104,0.43385,0.49735,13.604,-2.4748,1.0484,46.39
0.020551,0.75052,0.43387,0.49805,13.588,-2.4843,1.0475,46.4
0.020641,0.75056,0.43383,0.49802,13.588,-2.4845,1.0474,46.4
0.022339,0.75003,0.43382,0.49875,13.571,-2.4939,1.0466,46.41
0.023971,0.74943,0.43399,0.49943,13.554,-2.5031,1.0457,46.42
0.025582,0.74888,0.43401,0.50016,13.538,-2.5123,1.0448,46.43
0.027275,0.74836,0.43406,0.50081,13.521,-2.5214,1.0439,46.44
0.028899,0.74781,0.43418,0.50142,13.504,-2.5303,1.043,46.45
0.028894,0.74777,0.43427,0.50142,13.503,-2.5304,1.0431,46.45
0.030479,0.74719,0.43437,0.5021,13.486,-2.5392,1.0422,46.46
0.032186,0.74651,0.43451,0.50288,13.469,-2.548,1.0413,46.47
0.033826,0.74593,0.43464,0.50352,13.451,-2.5566,1.0403,46.48
0.035568,0.74535,0.43467,0.50423,13.434,-2.5651,1.0394,46.49
0.037243,0.74478,0.43479,0.50484,13.416,-2.5735,1.0385,46.5
0.037133,0.74492,0.43467,0.50476,13.416,-2.5735,1.0385,46.5
0.03876,0.74428,0.43479,0.50547,13.398,-2.5817,1.0376,46.51
0.040435,0.74373,0.43483,0.50611,13.38,-2.5899,1.0366,46.52
0.0421,0.74312,0.43504,0.50671,13.362,-2.5979,1.0357,46.53
0.043749,0.74252,0.43524,0.50726,13.343,-2.6058,1.0347,46.54
0.045466,0.74191,0.43535,0.50791,13.325,-2.6136,1.0338,46.55
0.045374,0.74199,0.43504,0.50806,13.325,-2.6136,1.0338,46.55
0.046961,0.7414,0.43507,0.50875,13.306,-2.6213,1.0328,46.56
0.048585,0.7408,0.43514,0.50941,13.288,-2.6289,1.0319,46.57
0.050255,0.74016,0.43527,0.51008,13.269,-2.6363,1.0309,46.58
0.051887,0.73956,0.43539,0.51067,13.25,-2.6436,1.0299,46.59
0.05343,0.73898,0.43539,0.51135,13.231,-2.6507,1.0289,46.6
0.053624,0.73901,0.43536,0.51133,13.231,-2.6508,1.0289,46.6
0.055239,0.73835,0.43542,0.51205,13.212,-2.6579,1.0279,46.61
0.056853,0.73776,0.4354,0.51274,13.193,-2.6648,1.0269,46.62
0.058466,0.73715,0.43546,0.51339,13.173,-2.6717,1.0259,46.63
0.060076,0.73656,0.4355,0.51401,13.154,-2.6783,1.0249,46.64
0.061722,0.73594,0.43557,0.51465,13.135,-2.6849,1.0239,46.65
0.061861,0.73596,0.43564,0.51454,13.134,-2.685,1.0239,46.65
0.063415,0.73535,0.43565,0.51522,13.115,-2.6914,1.0229,46.66
0.065022,0.73469,0.43572,0.5159,13.095,-2.6977,1.0219,46.67
0.066695,0.73406,0.43586,0.51646,13.075,-2.7039,1.0209,46.68
0.068312,0.73341,0.43594,0.5171,13.055,-2.7099,1.0199,46.69
0.069856,0.73285,0.43599,0.51765,13.035,-2.7159,1.0189,46.7
0.070084,0.73284,0.43589,0.51771,13.035,-2.7159,1.0189,46.7
0.071634,0.73225,0.43599,0.51825,13.015,-2.7216,1.0178,46.71
0.073325,0.73156,0.43603,0.51896,12.995,-2.7273,1.0168,46.72
0.074989,0.73096,0.43603,0.51957,12.975,-2.7328,1.0158,46.73
0.076664,0.73037,0.43604,0.52015,12.954,-2.7382,1.0147,46.74
0.078269,0.72977,0.43607,0.52073,12.934,-2.7435,1.0137,46.75
0.078307,0.72967,0.4361,0.52084,12.934,-2.7435,1.0137,46.75
0.079869,0.72904,0.43611,0.52146,12.913,-2.7486,1.0127,46.76
0.081573,0.72842,0.43615,0.52203,12.893,-2.7536,1.0116,46.77
0.083173,0.72774,0.43625,0.52266,12.872,-2.7585,1.0105,46.78
0.084848,0.72707,0.4364,0.52319,12.851,-2.7632,1.0095,46.79
0.086439,0.72642,0.43649,0.52375,12.831,-2.7678,1.0084,46.8
0.086526,0.72642,0.43627,0.52392,12.83,-2.7678,1.0084,46.8
0.088062,0.72576,0.43634,0.52453,12.809,-2.7723,1.0074,46.81
0.089762,0.72512,0.43626,0.52518,12.788,-2.7766,1.0063,46.82
0.091402,0.72449,0.4363,0.52573,12.767,-2.7808,1.0052,46.83
0.09298,0.72389,0.43627,0.52632,12.746,-2.7849,1.0041,46.84
0.09462,0.72319,0.43632,0.52695,12.725,-2.7888,1.0031,46.85
0.094735,0.72311,0.43641,0.52696,12.725,-2.7887,1.0031,46.85
0.096403,0.72245,0.43645,0.52753,12.704,-2.7925,1.002,46.86
0.097978,0.7218,0.43642,0.52815,12.683,-2.7962,1.0009,46.87
0.09965,0.72109,0.43645,0.52878,12.661,-2.7997,0.99986,46.88
0.10134,0.72041,0.43645,0.52938,12.64,-2.803,0.99877,46.89
0.10304,0.71969,0.43652,0.52998,12.619,-2.8063,0.99768,46.9
0.10294,0.71974,0.43651,0.52995,12.618,-2.8062,0.99773,46.9
0.10463,0.71904,0.43656,0.53052,12.597,-2.8093,0.99663,46.91
0.10631,0.71832,0.4366,0.53113,12.575,-2.8123,0.99554,46.92
0.10798,0.71758,0.43663,0.53176,12.554,-2.8151,0.99444,46.93
0.10959,0.7169,0.43665,0.53234,12.532,-2.8177,0.99334,46.94
0.11122,0.71615,0.43669,0.53297,12.511,-2.8203,0.99224,46.95
0.11113,0.71631,0.43656,0.53289,12.51,-2.8202,0.9923,46.95
0.11274,0.71557,0.43664,0.53347,12.489,-2.8226,0.9912,46.96
0.11435,0.71488,0.43663,0.53406,12.467,-2.8248,0.9901,46.97
0.1159,0.71414,0.43665,0.5347,12.445,-2.8269,0.989,46.98
0.11747,0.71345,0.43667,0.53526,12.424,-2.8289,0.9879,46.99
0.11914,0.71274,0.43667,0.53584,12.402,-2.8307,0.98679,47
0.1193,0.71281,0.43659,0.53578,12.402,-2.8307,0.98684,47
0.12091,0.71212,0.43661,0.53631,12.38,-2.8324,0.98573,47.01
0.1226,0.71146,0.43655,0.53685,12.358,-2.8339,0.98463,47.02
0.12429,0.71079,0.4366,0.53732,12.336,-2.8353,0.98352,47.03
0.12592,0.71004,0.43665,0.53789,12.314,-2.8365,0.98241,47.04
0.12758,0.70933,0.43671,0.53838,12.293,-2.8376,0.9813,47.05
0.12747,0.70925,0.43658,0.53863,12.292,-2.8376,0.98136,47.05
0.12919,0.70851,0.43653,0.53922,12.27,-2.8386,0.98025,47.06
0.13089,0.70777,0.43658,0.53974,12.248,-2.8394,0.97914,47.07
0.13253,0.70702,0.43663,0.54029,12.226,-2.8401,0.97803,47.08
0.1342,0.70626,0.43664,0.54086,12.205,-2.8406,0.97692,47.09
0.13581,0.70552,0.43666,0.54141,12.183,-2.841,0.97581,47.1
0.13563,0.70563,0.43652,0.54143,12.182,-2.841,0.97587,47.1
0.13734,0.7049,0.43651,0.54195,12.16,-2.8412,0.97476,47.11
0.13899,0.70414,0.43653,0.5425,12.138,-2.8413,0.97365,47.12
0.14056,0.70337,0.43657,0.54307,12.116,-2.8413,0.97254,47.13
0.14214,0.70263,0.43656,0.54361,12.095,-2.8411,0.97143,47.14
0.14371,0.70193,0.43655,0.54412,12.073,-2.8408,0.97032,47.15
0.14377,0.70194,0.43643,0.54418,12.072,-2.8408,0.97037,47.15
0.14543,0.70115,0.43647,0.54474,12.05,-2.8403,0.96926,47.16
0.14705,0.70039,0.43645,0.54529,12.028,-2.8397,0.96816,47.17
0.14874,0.69963,0.43637,0.54587,12.006,-2.8389,0.96705,47.18
0.15024,0.69887,0.43637,0.54644,11.985,-2.838,0.96594,47.19
0.15187,0.69807,0.43633,0.54703,11.963,-2.837,0.96484,47.2
0.15191,0.6982,0.4363,0.54688,11.962,-2.837,0.96489,47.2
0.15355,0.69742,0.43624,0.54746,11.94,-2.8359,0.96379,47.21
0.15528,0.6967,0.43614,0.54798,11.919,-2.8345,0.96268,47.22
0.15697,0.69593,0.4361,0.54851,11.897,-2.8331,0.96158,47.23
0.15857,0.69518,0.43605,0.54903,11.875,-2.8315,0.96048,47.24
0.16027,0.69439,0.43598,0.54959,11.853,-2.8297,0.95938,47.25
0.16003,0.69439,0.43614,0.54954,11.853,-2.8297,0.95945,47.25
0.16164,0.69365,0.43609,0.55004,11.831,-2.8278,0.95835,47.26
0.16325,0.69291,0.43605,0.55053,11.809,-2.8258,0.95726,47.27
0.16489,0.69212,0.43601,0.55107,11.788,-2.8236,0.95616,47.28
0.16657,0.69136,0.43593,0.55158,11.766,-2.8213,0.95507,47.29
0.16823,0.69056,0.43586,0.55213,11.744,-2.8188,0.95398,47.3
0.16813,0.69053,0.43593,0.55215,11.744,-2.8189,0.95405,47.3
0.1697,0.68974,0.43587,0.5527,11.722,-2.8163,0.95297,47.31
0.17133,0.68897,0.43572,0.55327,11.701,-2.8136,0.95189,47.32
0.17287,0.68814,0.43574,0.55381,11.679,-2.8107,0.95081,47.33
0.17452,0.68735,0.43578,0.55425,11.658,-2.8077,0.94974,47.34
0.17618,0.68656,0.43565,0.55481,11.637,-2.8045,0.94866,47.35
0.17622,0.6866,0.43568,0.55471,11.636,-2.8045,0.94869,47.35
0.17783,0.68581,0.43566,0.5552,11.615,-2.8012,0.94762,47.36
0.17944,0.68505,0.43554,0.55571,11.594,-2.7978,0.94656,47.37
0.18103,0.68425,0.43542,0.55627,11.572,-2.7942,0.94549,47.38
0.18262,0.68344,0.43533,0.55682,11.551,-2.7905,0.94443,47.39
0.18423,0.68267,0.43517,0.55736,11.53,-2.7867,0.94337,47.4
0.1843,0.68261,0.4354,0.55722,11.53,-2.7868,0.94342,47.4
0.18587,0.68186,0.43535,0.55767,11.509,-2.7828,0.94236,47.41
0.18748,0.68103,0.43532,0.55816,11.488,-2.7787,0.94131,47.42
0.18912,0.68021,0.43529,0.55863,11.467,-2.7744,0.94026,47.43
0.19074,0.67942,0.43519,0.55913,11.446,-2.77,0.93922,47.44
0.19232,0.6786,0.4351,0.55964,11.425,-2.7655,0.93818,47.45
0.19236,0.67857,0.43508,0.55969,11.425,-2.7655,0.93824,47.45
0.19397,0.67776,0.43506,0.56013,11.404,-2.7608,0.93721,47.46
0.1956,0.67697,0.43493,0.56061,11.383,-2.7561,0.93617,47.47
0.1972,0.67614,0.4349,0.56107,11.363,-2.7511,0.93515,47.48
0.19878,0.6753,0.43485,0.56157,11.342,-2.7461,0.93412,47.49
0.20039,0.67444,0.43481,0.56206,11.322,-2.7409,0.9331,47.5
0.20039,0.67446,0.43473,0.5621,11.321,-2.7409,0.93313,47.5
0.20204,0.67363,0.43467,0.56255,11.301,-2.7355,0.93212,47.51
0.20358,0.67279,0.43465,0.56301,11.281,-2.7301,0.93111,47.52
0.20524,0.67196,0.43451,0.56352,11.261,-2.7245,0.9301,47.53
0.20693,0.67111,0.43437,0.56402,11.24,-2.7188,0.9291,47.54
0.20852,0.67029,0.43425,0.5645,11.22,-2.7129,0.9281,47.55
0.20842,0.6703,0.43433,0.56446,11.22,-2.7129,0.92813,47.55
0.21007,0.66945,0.43426,0.56491,11.2,-2.7069,0.92714,47.56
0.21169,0.66861,0.43416,0.56538,11.18,-2.7008,0.92615,47.57
0.21331,0.66772,0.4341,0.56587,11.161,-2.6946,0.92517,47.58
0.21488,0.66683,0.434,0.5664,11.141,-2.6882,0.92419,47.59
0.21643,0.66603,0.43393,0.56681,11.121,-2.6817,0.92322,47.6
0.21642,0.66608,0.4339,0.56678,11.121,-2.6817,0.92325,47.6
0.21801,0.66521,0.43382,0.56725,11.102,-2.675,0.92228,47.61
0.21963,0.66434,0.43379,0.56766,11.082,-2.6683,0.92132,47.62
0.22123,0.66354,0.43365,0.56808,11.063,-2.6614,0.92037,47.63
0.22289,0.66264,0.43356,0.56855,11.044,-2.6544,0.91942,47.64
0.22453,0.66174,0.43346,0.56903,11.025,-2.6473,0.91848,47.65
0.22441,0.6618,0.43343,0.56903,11.025,-2.6472,0.9185,47.65
0.22597,0.66089,0.43335,0.56953,11.006,-2.64,0.91756,47.66
0.22757,0.66005,0.43324,0.56996,10.987,-2.6326,0.91663,47.67
0.22913,0.65922,0.43314,0.57037,10.968,-2.6251,0.91571,47.68
0.23071,0.6583,0.43309,0.57083,10.95,-2.6175,0.91479,47.69
0.23227,0.65745,0.43294,0.57129,10.931,-2.6097,0.91388,47.7
0.23238,0.65746,0.43292,0.57125,10.931,-2.6098,0.91387,47.7
0.23398,0.65651,0.43277,0.5718,10.913,-2.6019,0.91296,47.71
0.23555,0.6556,0.43269,0.57227,10.894,-2.5939,0.91206,47.72
0.23718,0.65469,0.43255,0.57274,10.876,-2.5858,0.91117,47.73
0.2388,0.65378,0.43243,0.57319,10.858,-2.5776,0.91029,47.74
0.24039,0.65286,0.43231,0.57367,10.841,-2.5693,0.90941,47.75
0.24033,0.65306,0.43238,0.57341,10.84,-2.5692,0.90938,47.75
0.24185,0.65214,0.43227,0.57391,10.822,-2.5608,0.90851,47.76
0.24345,0.65125,0.43214,0.57433,10.805,-2.5522,0.90765,47.77
0.24513,0.65039,0.43196,0.57473,10.787,-2.5436,0.90679,47.78
0.24674,0.6495,0.43191,0.57508,10.77,-2.5348,0.90593,47.79
0.2483,0.64862,0.43176,0.57552,10.753,-2.5259,0.90509,47.8
0.24825,0.64861,0.43179,0.57553,10.753,-2.5258,0.90507,47.8
0.24977,0.64769,0.4317,0.57597,10.736,-2.5168,0.90424,47.81
0.25134,0.64673,0.43157,0.57647,10.719,-2.5077,0.90341,47.82
0.25298,0.64584,0.43146,0.57683,10.702,-2.4985,0.90259,47.83
0.25463,0.64484,0.43136,0.57729,10.685,-2.4891,0.90178,47.84
0.25621,0.64389,0.43123,0.57776,10.669,-2.4797,0.90098,47.85
0.25616,0.6441,0.43118,0.57759,10.669,-2.4796,0.90092,47.85
0.25764,0.64321,0.43104,0.57802,10.652,-2.4701,0.90012,47.86
0.25917,0.64233,0.43088,0.57843,10.636,-2.4604,0.89934,47.87
0.26066,0.64147,0.43079,0.57879,10.62,-2.4506,0.89856,47.88
0.26222,0.64049,0.4307,0.57923,10.604,-2.4408,0.89779,47.89
0.26382,0.63955,0.43064,0.57959,10.589,-2.4308,0.89702,47.9
0.26403,0.63953,0.43052,0.5796,10.588,-2.4307,0.89699,47.9
0.26561,0.63854,0.43043,0.58005,10.573,-2.4207,0.89623,47.91
0.26726,0.63764,0.43022,0.58043,10.557,-2.4105,0.89549,47.92
0.2688,0.63682,0.43004,0.58075,10.542,-2.4002,0.89475,47.93
0.2704,0.63588,0.42987,0.58116,10.527,-2.3898,0.89402,47.94
0.27199,0.63493,0.42975,0.58155,10.512,-2.3794,0.8933,47.95
0.2719,0.63491,0.42982,0.58156,10.512,-2.3793,0.89325,47.95
0.2735,0.63396,0.42968,0.58195,10.497,-2.3687,0.89254,47.96
0.27505,0.63304,0.42952,0.58235,10.482,-2.3581,0.89183,47.97
0.27666,0.63211,0.4293,0.58275,10.468,-2.3473,0.89113,47.98
0.27815,0.63118,0.42915,0.58316,10.454,-2.3365,0.89044,47.99
0.27971,0.63024,0.42901,0.58354,10.439,-2.3255,0.88975,48
0.27972,0.63024,0.42909,0.58347,10.439,-2.3254,0.88972,48
0.28129,0.6293,0.42897,0.58382,10.425,-2.3144,0.88905,48.01
0.28283,0.62835,0.42885,0.58418,10.411,-2.3033,0.88838,48.02
0.28441,0.62741,0.42866,0.58457,10.398,-2.2921,0.88772,48.03
0.28585,0.62645,0.42854,0.58499,10.384,-2.2807,0.88708,48.04
0.28742,0.62549,0.42839,0.58535,10.371,-2.2694,0.88644,48.05
0.28754,0.6255,0.42832,0.58533,10.371,-2.2693,0.88644,48.05
0.28905,0.62452,0.42819,0.58573,10.358,-2.2578,0.88581,48.06
0.29064,0.62353,0.4281,0.58606,10.345,-2.2463,0.88519,48.07
0.29232,0.62256,0.42797,0.58635,10.332,-2.2346,0.88458,48.08
0.29385,0.6216,0.4278,0.58673,10.32,-2.2229,0.88399,48.09
0.2954,0.62063,0.42753,0.58717,10.307,-2.2111,0.8834,48.1
0.29532,0.62072,0.42751,0.58714,10.307,-2.211,0.88337,48.1
0.29689,0.61971,0.42736,0.58753,10.295,-2.1991,0.88279,48.11
0.29853,0.61874,0.42718,0.58784,10.283,-2.1872,0.88223,48.12
0.3001,0.61776,0.42698,0.58822,10.271,-2.1751,0.88167,48.13
0.30164,0.61678,0.42683,0.58857,10.259,-2.163,0.88112,48.14
0.30307,0.61582,0.42664,0.58898,10.248,-2.1508,0.88059,48.15
0.30308,0.61588,0.42667,0.58889,10.248,-2.1507,0.88054,48.15
0.30462,0.61487,0.42651,0.58926,10.236,-2.1385,0.88001,48.16
0.30616,0.61388,0.42634,0.58962,10.225,-2.1261,0.87949,48.17
0.30765,0.61291,0.42624,0.58993,10.214,-2.1137,0.87899,48.18
0.30923,0.61188,0.42601,0.59033,10.204,-2.1013,0.87849,48.19
0.31081,0.61087,0.42581,0.59069,10.193,-2.0887,0.878,48.2
0.31081,0.61098,0.42578,0.59059,10.193,-2.0886,0.87796,48.2
0.31229,0.61003,0.4256,0.59093,10.183,-2.076,0.87748,48.21
0.3138,0.60913,0.42542,0.5912,10.173,-2.0633,0.87701,48.22
0.3153,0.60811,0.4253,0.59152,10.163,-2.0506,0.87654,48.23
0.31685,0.60709,0.42507,0.59192,10.153,-2.0378,0.87609,48.24
0.31832,0.60608,0.42492,0.59227,10.144,-2.0249,0.87565,48.25
0.31851,0.60604,0.42487,0.59224,10.143,-2.0248,0.87564,48.25
0.32,0.60506,0.42469,0.59257,10.134,-2.0119,0.87521,48.26
0.32149,0.60407,0.42459,0.59284,10.125,-1.9989,0.87479,48.27
0.32306,0.60303,0.42437,0.59321,10.116,-1.9858,0.87437,48.28
0.32455,0.602,0.42416,0.59359,10.107,-1.9727,0.87397,48.29
0.32607,0.60096,0.42401,0.59393,10.099,-1.9595,0.87358,48.3
0.32619,0.60104,0.42391,0.59384,10.098,-1.9595,0.87356,48.3
0.3278,0.60008,0.4237,0.59408,10.09,-1.9462,0.87318,48.31
0.32927,0.59897,0.42359,0.59446,10.082,-1.9329,0.87281,48.32
0.33083,0.5979,0.42338,0.59482,10.074,-1.9196,0.87245,48.33
0.33236,0.59686,0.42321,0.59513,10.066,-1.9062,0.87209,48.34
0.33389,0.59584,0.42298,0.59546,10.059,-1.8928,0.87176,48.35
0.33384,0.59599,0.42292,0.59539,10.059,-1.8928,0.87174,48.35
0.33539,0.59498,0.42268,0.59569,10.051,-1.8793,0.87141,48.36
0.33695,0.59391,0.42248,0.59602,10.044,-1.8657,0.87109,48.37
0.33843,0.59288,0.42219,0.59642,10.037,-1.8522,0.87078,48.38
0.33991,0.59196,0.42194,0.59667,10.031,-1.8385,0.87049,48.39
0.34135,0.59096,0.42176,0.59697,10.024,-1.8249,0.8702,48.4
0.34146,0.59088,0.42189,0.59688,10.024,-1.8249,0.87019,48.4
0.34292,0.58985,0.42161,0.59727,10.018,-1.8112,0.86991,48.41
0.34437,0.58881,0.42138,0.59762,10.012,-1.7974,0.86965,48.42
0.34582,0.58777,0.42123,0.59791,10.006,-1.7837,0.8694,48.43
0.34736,0.58676,0.42104,0.59814,10,-1.7698,0.86916,48.44
0.34885,0.58573,0.42088,0.5984,9.995,-1.756,0.86894,48.45
0.34905,0.58573,0.42082,0.59833,9.9948,-1.756,0.8689,48.45
0.35058,0.5847,0.42055,0.59862,9.9896,-1.7421,0.86869,48.46
0.35214,0.58366,0.42029,0.59891,9.9846,-1.7281,0.86848,48.47
0.35364,0.5826,0.42003,0.59924,9.9799,-1.7142,0.86829,48.48
0.35515,0.58161,0.41987,0.59942,9.9753,-1.7002,0.8681,48.49
0.35661,0.58062,0.41961,0.5997,9.971,-1.6862,0.86793,48.5
0.35661,0.58053,0.41971,0.59971,9.9708,-1.6862,0.86789,48.5
0.35814,0.57946,0.41947,0.6,9.9667,-1.6722,0.86772,48.51
0.3597,0.57843,0.41924,0.60022,9.9628,-1.6581,0.86757,48.52
0.36126,0.57738,0.41899,0.60048,9.9591,-1.644,0.86743,48.53
0.36284,0.57631,0.41877,0.6007,9.9557,-1.6299,0.86729,48.54
0.36423,0.57524,0.41864,0.60099,9.9524,-1.6158,0.86717,48.55
0.36414,0.57527,0.41858,0.60105,9.9523,-1.6158,0.86716,48.55
0.36562,0.57422,0.41834,0.60132,9.9492,-1.6016,0.86705,48.56
0.36716,0.57321,0.41805,0.60155,9.9464,-1.5874,0.86694,48.57
0.36865,0.57215,0.41778,0.60183,9.9438,-1.5732,0.86685,48.58
0.37008,0.57111,0.41756,0.6021,9.9414,-1.559,0.86677,48.59
0.37149,0.57007,0.41735,0.60236,9.9393,-1.5448,0.8667,48.6
0.37164,0.56997,0.4174,0.60233,9.9392,-1.5448,0.86672,48.6
0.37315,0.56889,0.41708,0.60263,9.9372,-1.5306,0.86666,48.61
0.37468,0.56784,0.41673,0.60292,9.9355,-1.5164,0.86661,48.62
0.37622,0.56677,0.41647,0.60314,9.934,-1.5021,0.86658,48.63
0.37771,0.5657,0.41617,0.60342,9.9327,-1.4878,0.86655,48.64
0.37923,0.56462,0.41589,0.60367,9.9316,-1.4736,0.86654,48.65
0.37911,0.56461,0.41619,0.60356,9.9315,-1.4736,0.86653,48.65
0.38065,0.56349,0.41597,0.60378,9.9307,-1.4593,0.86653,48.66
0.38214,0.56244,0.41568,0.60402,9.93,-1.445,0.86654,48.67
0.38354,0.56135,0.4155,0.60427,9.9296,-1.4307,0.86655,48.68
0.38491,0.5603,0.41531,0.60451,9.9294,-1.4164,0.86658,48.69
0.3864,0.55926,0.41506,0.60469,9.9295,-1.4021,0.86662,48.7
0.38654,0.55921,0.41493,0.60474,9.9294,-1.4022,0.86663,48.7
0.38798,0.5581,0.41469,0.60501,9.9296,-1.3879,0.86668,48.71
0.38944,0.55695,0.41441,0.60532,9.9301,-1.3736,0.86675,48.72
0.39105,0.55584,0.41413,0.60549,9.9308,-1.3593,0.86682,48.73
0.3925,0.5548,0.41388,0.60568,9.9317,-1.345,0.86691,48.74
0.39399,0.55372,0.41358,0.60591,9.9328,-1.3307,0.867,48.75
0.39394,0.55375,0.41365,0.60586,9.9327,-1.3308,0.86703,48.75
0.39539,0.55275,0.41339,0.606,9.9341,-1.3165,0.86713,48.76
0.39691,0.55163,0.41318,0.60618,9.9356,-1.3022,0.86725,48.77
0.3984,0.55057,0.41288,0.60637,9.9374,-1.288,0.86738,48.78
0.39986,0.54949,0.4126,0.60658,9.9394,-1.2738,0.86753,48.79
0.4013,0.54833,0.41244,0.60679,9.9417,-1.2596,0.86768,48.8
0.4013,0.54825,0.41232,0.60694,9.9416,-1.2596,0.86765,48.8
0.40275,0.5472,0.41205,0.60711,9.944,-1.2454,0.86781,48.81
0.40428,0.54611,0.41178,0.60725,9.9467,-1.2312,0.86798,48.82
0.40573,0.54496,0.41141,0.60758,9.9495,-1.217,0.86817,48.83
0.40725,0.54383,0.41112,0.60776,9.9526,-1.2029,0.86836,48.84
0.40877,0.54276,0.41086,0.60788,9.9559,-1.1888,0.86857,48.85
0.40863,0.5427,0.41096,0.60795,9.9559,-1.1888,0.86854,48.85
0.41015,0.54162,0.41059,0.60815,9.9594,-1.1746,0.86876,48.86
0.41169,0.54047,0.41031,0.60832,9.9631,-1.1606,0.86898,48.87
0.41322,0.53929,0.41001,0.60853,9.9671,-1.1465,0.86922,48.88
0.41471,0.53821,0.40966,0.60871,9.9713,-1.1325,0.86947,48.89
0.41616,0.5371,0.40941,0.60887,9.9757,-1.1185,0.86973,48.9
0.41592,0.53711,0.40956,0.60892,9.9756,-1.1185,0.86971,48.9
0.4174,0.53593,0.40932,0.60911,9.9802,-1.1045,0.86998,48.91
0.41886,0.53479,0.40901,0.60932,9.985,-1.0906,0.87026,48.92
0.42027,0.53368,0.40873,0.60951,9.9901,-1.0766,0.87056,48.93
0.42177,0.53248,0.40847,0.60969,9.9953,-1.0628,0.87087,48.94
0.42323,0.53135,0.40819,0.60986,10.001,-1.0489,0.87118,48.95
0.42318,0.53147,0.40813,0.60982,10.001,-1.0489,0.87114,48.95
0.42465,0.5303,0.40787,0.61,10.006,-1.0351,0.87146,48.96
0.42608,0.52915,0.40756,0.61021,10.012,-1.0213,0.8718,48.97
0.42752,0.52808,0.40722,0.61035,10.018,-1.0076,0.87215,48.98
0.42902,0.52692,0.40688,0.61053,10.025,-0.9939,0.87251,48.99
0.43046,0.52576,0.40655,0.61073,10.031,-0.98025,0.87288,49
0.4304,0.52578,0.40667,0.61068,10.031,-0.98027,0.87282,49
0.43181,0.5247,0.40629,0.61087,10.038,-0.96666,0.8732,49.01
0.43323,0.52364,0.40591,0.61102,10.045,-0.95309,0.87359,49.02
0.43466,0.5225,0.40567,0.61114,10.052,-0.93958,0.87399,49.03
0.43601,0.52141,0.40538,0.61131,10.059,-0.92611,0.8744,49.04
0.43739,0.52036,0.40502,0.61146,10.067,-0.91269,0.87483,49.05
0.43759,0.52004,0.40516,0.61149,10.067,-0.91273,0.87477,49.05
0.43897,0.51892,0.40482,0.61167,10.075,-0.89936,0.87521,49.06
0.44035,0.51781,0.40454,0.6118,10.083,-0.88604,0.87565,49.07
0.44179,0.51671,0.40419,0.61193,10.091,-0.87278,0.87611,49.08
0.44323,0.51556,0.40387,0.61208,10.099,-0.85957,0.87657,49.09
0.44458,0.51437,0.40355,0.6123,10.108,-0.84643,0.87705,49.1
0.44474,0.51426,0.40362,0.61224,10.108,-0.84638,0.877,49.1
0.44614,0.51307,0.40336,0.61239,10.116,-0.83327,0.87749,49.11
0.44753,0.51197,0.40305,0.6125,10.125,-0.82023,0.87798,49.12
0.44903,0.51079,0.40268,0.61262,10.135,-0.80724,0.87849,49.13
0.45042,0.50957,0.40239,0.61282,10.144,-0.79432,0.879,49.14
0.4519,0.50846,0.40209,0.61285,10.154,-0.78146,0.87952,49.15
0.45184,0.50844,0.40205,0.61294,10.154,-0.78145,0.87945,49.15
0.4532,0.50727,0.40172,0.61311,10.163,-0.76865,0.87999,49.16
0.45451,0.50608,0.40147,0.61329,10.173,-0.75591,0.88053,49.17
0.45594,0.50489,0.40122,0.61338,10.183,-0.74324,0.88108,49.18
0.45732,0.50372,0.40081,0.61358,10.194,-0.73064,0.88164,49.19
0.45873,0.50251,0.40045,0.61375,10.204,-0.7181,0.88221,49.2
0.45891,0.50257,0.40044,0.61358,10.204,-0.7181,0.88217,49.2
0.46035,0.50142,0.40006,0.61368,10.215,-0.70563,0.88275,49.21
0.4618,0.50028,0.39967,0.61378,10.226,-0.69324,0.88334,49.22
0.46314,0.49916,0.39929,0.61393,10.237,-0.68091,0.88393,49.23
0.46457,0.498,0.39905,0.61395,10.248,-0.66867,0.88453,49.24
0.46599,0.49686,0.39866,0.61405,10.26,-0.6565,0.88515,49.25
0.46594,0.49665,0.39879,0.61417,10.26,-0.65649,0.88514,49.25
0.46736,0.49544,0.39856,0.61422,10.272,-0.64439,0.88576,49.26
0.46872,0.49422,0.39829,0.61434,10.284,-0.63236,0.8864,49.27
0.47012,0.49307,0.39785,0.61448,10.296,-0.62042,0.88704,49.28
0.4715,0.4919,0.39756,0.61455,10.308,-0.60856,0.88769,49.29
0.47295,0.49066,0.39726,0.61462,10.32,-0.59679,0.88835,49.3
0.47293,0.4907,0.39711,0.6147,10.32,-0.59673,0.88834,49.3
0.47429,0.48959,0.3967,0.6148,10.333,-0.58502,0.88901,49.31
0.47562,0.48839,0.39639,0.61492,10.346,-0.57339,0.88968,49.32
0.47696,0.48723,0.39603,0.61504,10.359,-0.56185,0.89037,49.33
0.47823,0.48611,0.39573,0.61514,10.372,-0.55039,0.89106,49.34
0.47957,0.4849,0.39542,0.61525,10.385,-0.53902,0.89177,49.35
0.47987,0.4847,0.39539,0.61519,10.385,-0.53904,0.89179,49.35
0.48128,0.48351,0.39497,0.61529,10.399,-0.52777,0.8925,49.36
0.48265,0.4823,0.39463,0.61539,10.412,-0.51658,0.89322,49.37
0.48407,0.48111,0.39422,0.61546,10.426,-0.50549,0.89394,49.38
0.48549,0.47986,0.39386,0.61556,10.44,-0.4945,0.89468,49.39
0.48695,0.47862,0.39353,0.61558,10.454,-0.4836,0.89542,49.4
0.48678,0.47866,0.39364,0.61561,10.454,-0.48348,0.89543,49.4
0.48814,0.4775,0.39327,0.61567,10.469,-0.47266,0.89618,49.41
0.48954,0.47631,0.39292,0.61571,10.483,-0.46193,0.89694,49.42
0.49095,0.47511,0.39251,0.61577,10.498,-0.4513,0.89771,49.43
0.49234,0.47393,0.39214,0.61581,10.513,-0.44077,0.89849,49.44
0.4938,0.47271,0.39169,0.61586,10.528,-0.43034,0.89927,49.45
0.49364,0.47258,0.39185,0.61598,10.528,-0.43028,0.89926,49.45
0.49503,0.47137,0.39152,0.61601,10.543,-0.41992,0.90005,49.46
0.49645,0.47014,0.39111,0.61607,10.558,-0.40966,0.90085,49.47
0.49778,0.46891,0.39074,0.61617,10.574,-0.39951,0.90166,49.48
0.49921,0.46755,0.39031,0.61632,10.589,-0.38946,0.90247,49.49
0.50055,0.46637,0.38995,0.61635,10.605,-0.37951,0.90329,49.5
0.50046,0.46646,0.39003,0.6163,10.605,-0.37951,0.90331,49.5
0.50181,0.46522,0.38963,0.61639,10.621,-0.36966,0.90414,49.51
0.50311,0.46401,0.38923,0.6165,10.637,-0.35992,0.90497,49.52
0.50449,0.46276,0.38886,0.61654,10.653,-0.35028,0.90582,49.53
0.50581,0.46155,0.38842,0.61665,10.67,-0.34075,0.90666,49.54
0.50707,0.46034,0.3881,0.61672,10.686,-0.33132,0.90752,49.55
0.50724,0.46029,0.38818,0.61657,10.686,-0.33136,0.90756,49.55
0.50861,0.45909,0.38771,0.61663,10.703,-0.32204,0.90843,49.56
0.51006,0.45779,0.38729,0.61666,10.72,-0.31284,0.9093,49.57
0.51143,0.45653,0.38691,0.6167,10.737,-0.30374,0.91017,49.58
0.51278,0.45524,0.38652,0.61678,10.754,-0.29475,0.91106,49.59
0.51408,0.454,0.38616,0.61684,10.771,-0.28588,0.91196,49.6
0.51397,0.45409,0.38629,0.61678,10.771,-0.28588,0.91198,49.6
0.51531,0.4528,0.38589,0.61686,10.788,-0.27711,0.91288,49.61
0.51669,0.45151,0.38552,0.61688,10.806,-0.26846,0.91379,49.62
0.51802,0.45026,0.38511,0.61694,10.823,-0.25992,0.91471,49.63
0.51938,0.4489,0.38478,0.61699,10.841,-0.2515,0.91563,49.64
0.5208,0.44764,0.38436,0.61698,10.859,-0.24319,0.91656,49.65
0.52066,0.44784,0.38436,0.61694,10.859,-0.24325,0.91656,49.65
0.52193,0.4466,0.38399,0.617,10.877,-0.23507,0.91749,49.66
0.52323,0.44537,0.38356,0.61705,10.895,-0.227,0.91843,49.67
0.52455,0.4442,0.38305,0.6171,10.914,-0.21905,0.91938,49.68
0.52589,0.4429,0.38261,0.61716,10.932,-0.21122,0.92033,49.69
0.52727,0.44164,0.38222,0.61713,10.95,-0.20352,0.92129,49.7
0.52731,0.44156,0.3824,0.61705,10.951,-0.20356,0.92128,49.7
0.52863,0.44039,0.38196,0.61702,10.969,-0.19597,0.92225,49.71
0.52995,0.43902,0.38164,0.61706,10.988,-0.1885,0.92321,49.72
0.53127,0.43773,0.38125,0.61708,11.007,-0.18116,0.92419,49.73
0.5326,0.43642,0.38084,0.61711,11.026,-0.17394,0.92517,49.74
0.53401,0.43509,0.38046,0.61708,11.045,-0.16684,0.92616,49.75
0.5339,0.43524,0.38041,0.6171,11.045,-0.16688,0.92614,49.75
0.53525,0.43388,0.3801,0.61707,11.064,-0.1599,0.92713,49.76
0.53647,0.43268,0.37974,0.61708,11.083,-0.15305,0.92813,49.77
0.5378,0.43136,0.37927,0.61714,11.103,-0.14632,0.92913,49.78
0.53913,0.43005,0.37887,0.61713,11.122,-0.13972,0.93014,49.79
0.54044,0.42875,0.37844,0.61716,11.142,-0.13325,0.93116,49.8
0.54045,0.42888,0.37839,0.61709,11.142,-0.13333,0.93116,49.8
0.5418,0.42759,0.37802,0.61702,11.162,-0.12699,0.93218,49.81
0.5432,0.42629,0.37756,0.61698,11.181,-0.12077,0.93321,49.82
0.54447,0.42504,0.37715,0.61697,11.201,-0.11468,0.93424,49.83
0.54578,0.42368,0.37681,0.61695,11.221,-0.10873,0.93527,49.84
0.5471,0.42236,0.37639,0.61695,11.241,-0.1029,0.93631,49.85
0.54695,0.42248,0.37633,0.61703,11.241,-0.10298,0.93626,49.85
0.54825,0.42116,0.37595,0.61702,11.261,-0.097274,0.9373,49.86
0.54954,0.41994,0.37549,0.61698,11.282,-0.091704,0.93834,49.87
0.55081,0.41864,0.37511,0.61696,11.302,-0.086264,0.93939,49.88
0.55215,0.41729,0.37459,0.61699,11.322,-0.080957,0.94045,49.89
0.55352,0.41588,0.37421,0.61694,11.343,-0.075783,0.94151,49.9
0.55341,0.41604,0.37423,0.61692,11.343,-0.075886,0.94148,49.9
0.55473,0.41472,0.37381,0.61689,11.364,-0.070844,0.94253,49.91
0.55605,0.41342,0.37338,0.61683,11.384,-0.065936,0.9436,49.92
0.55727,0.41216,0.37301,0.6168,11.405,-0.061163,0.94466,49.93
0.55855,0.41092,0.37258,0.61672,11.426,-0.056524,0.94573,49.94
0.55983,0.40965,0.37209,0.61671,11.446,-0.052022,0.94681,49.95
0.55982,0.40957,0.37211,0.61676,11.447,-0.052149,0.94681,49.95
0.56102,0.40831,0.37162,0.61679,11.468,-0.047788,0.94788,49.96
0.56234,0.40696,0.37121,0.61674,11.489,-0.043564,0.94896,49.97
0.56361,0.40566,0.37072,0.61673,11.51,-0.039478,0.95004,49.98
0.5649,0.40429,0.37017,0.61678,11.531,-0.035532,0.95113,49.99
0.56611,0.40303,0.36979,0.61672,11.552,-0.031724,0.95222,50
0.56618,0.40306,0.36994,0.61655,11.552,-0.031854,0.9522,50
0.56749,0.40179,0.36955,0.6164,11.573,-0.028197,0.95329,50.01
0.56874,0.40054,0.36914,0.61632,11.594,-0.024679,0.95439,50.02
0.57,0.39919,0.36868,0.6163,11.616,-0.021301,0.95548,50.03
0.57127,0.3979,0.36825,0.61621,11.637,-0.018063,0.95658,50.04
0.57253,0.39659,0.36783,0.61614,11.659,-0.014966,0.95768,50.05
0.57248,0.39652,0.36775,0.61627,11.659,-0.014961,0.95761,50.05
0.57378,0.39521,0.36731,0.61617,11.68,-0.011995,0.95871,50.06
0.57506,0.39391,0.36687,0.61607,11.702,-0.0091687,0.95981,50.07
0.57627,0.39263,0.36642,0.61602,11.723,-0.0064825,0.96091,50.08
0.57751,0.39135,0.36602,0.61592,11.745,-0.0039374,0.96201,50.09
0.57876,0.38993,0.36561,0.61589,11.767,-0.0015333,0.96312,50.1
0.57874,0.38994,0.36553,0.61595,11.767,-0.0015668,0.96308,50.1
0.57995,0.38859,0.36501,0.61597,11.788,0.00069699,0.96418,50.11
0.58118,0.38732,0.36459,0.61587,11.81,0.0028188,0.96529,50.12
0.58238,0.38603,0.36418,0.61579,11.832,0.0047984,0.96639,50.13
0.58363,0.38473,0.36371,0.61569,11.854,0.0066362,0.9675,50.14
0.58488,0.38341,0.3634,0.61551,11.875,0.0083326,0.9686,50.15
0.58495,0.38334,0.36328,0.61556,11.876,0.0083112,0.96854,50.15
0.58616,0.38213,0.36287,0.6154,11.897,0.009878,0.96965,50.16
0.5874,0.38077,0.36236,0.61536,11.919,0.011303,0.97075,50.17
0.58863,0.37942,0.36197,0.61525,11.941,0.012586,0.97186,50.18
0.58981,0.37811,0.36145,0.61523,11.963,0.013726,0.97297,50.19
0.59103,0.37676,0.36101,0.61515,11.985,0.014725,0.97408,50.2
0.59111,0.37669,0.36099,0.61513,11.985,0.014646,0.97403,50.2
0.59245,0.37537,0.36052,0.61492,12.007,0.0155,0.97513,50.21
0.59372,0.37398,0.36004,0.61482,12.029,0.016212,0.97624,50.22
0.59494,0.37267,0.35954,0.61473,12.051,0.016782,0.97735,50.23
0.59618,0.37133,0.35907,0.61461,12.073,0.017209,0.97846,50.24
0.59736,0.37004,0.35862,0.61452,12.095,0.017493,0.97957,50.25
0.59722,0.37001,0.35867,0.61464,12.095,0.017428,0.97951,50.25
0.59839,0.36864,0.35823,0.61457,12.117,0.017573,0.98061,50.26
0.59954,0.3673,0.35776,0.61453,12.139,0.017577,0.98172,50.27
0.60069,0.36591,0.35733,0.61449,12.161,0.017437,0.98283,50.28
0.6019,0.3646,0.35683,0.61438,12.183,0.017155,0.98395,50.29
0.6031,0.3633,0.35632,0.61426,12.205,0.016731,0.98506,50.3
0.60327,0.3633,0.35632,0.6141,12.205,0.016637,0.98501,50.3
0.6045,0.36194,0.35585,0.61397,12.227,0.016059,0.98612,50.31
0.60564,0.3606,0.35541,0.61388,12.249,0.01534,0.98722,50.32
0.6068,0.35933,0.35499,0.61372,12.271,0.014479,0.98833,50.33
0.60797,0.35803,0.35452,0.6136,12.292,0.013475,0.98944,50.34
0.60915,0.35665,0.35403,0.61351,12.314,0.012329,0.99055,50.35
0.60927,0.35655,0.35393,0.61351,12.315,0.012268,0.99045,50.35
0.61043,0.35525,0.35347,0.61337,12.336,0.010975,0.99156,50.36
0.61167,0.35396,0.35295,0.61319,12.358,0.0095396,0.99266,50.37
0.61291,0.35254,0.35248,0.61304,12.38,0.0079631,0.99376,50.38
0.61416,0.35113,0.35192,0.61291,12.402,0.0062454,0.99487,50.39
0.61534,0.34977,0.35143,0.61279,12.424,0.0043867,0.99597,50.4
0.61521,0.34978,0.35152,0.61286,12.424,0.0043672,0.99585,50.4
0.61635,0.34842,0.35108,0.61275,12.446,0.0023729,0.99695,50.41
0.61753,0.34706,0.35061,0.6126,12.467,0.00023749,0.99804,50.42
0.61863,0.34578,0.35015,0.61247,12.489,-0.0020387,0.99913,50.43
0.6198,0.34454,0.34957,0.61232,12.511,-0.004456,1.0002,50.44
0.62103,0.34312,0.34905,0.61217,12.532,-0.0070139,1.0013,50.45
0.62111,0.34297,0.34908,0.61216,12.532,-0.0070934,1.0012,50.45
0.62227,0.34157,0.34862,0.61202,12.554,-0.0098012,1.0023,50.46
0.62337,0.3402,0.3482,0.61191,12.575,-0.012647,1.0034,50.47
0.62451,0.33877,0.34772,0.6118,12.597,-0.015633,1.0045,50.48
0.62571,0.33747,0.34721,0.6116,12.618,-0.018756,1.0055,50.49
0.6268,0.33609,0.34671,0.61152,12.64,-0.022017,1.0066,50.5
0.62695,0.33614,0.3466,0.6114,12.64,-0.022047,1.0066,50.5
0.62812,0.33475,0.34608,0.61126,12.661,-0.025446,1.0076,50.51
0.6293,0.33339,0.3456,0.61106,12.682,-0.028982,1.0087,50.52
0.63046,0.33211,0.34504,0.61088,12.704,-0.032655,1.0098,50.53
0.63162,0.33071,0.34447,0.61076,12.725,-0.036465,1.0108,50.54
0.63274,0.32933,0.34398,0.61063,12.746,-0.04041,1.0119,50.55
0.63273,0.32928,0.34409,0.61059,12.746,-0.040479,1.0118,50.55
0.6339,0.32791,0.34359,0.61041,12.767,-0.044567,1.0128,50.56
0.63511,0.3264,0.34308,0.61025,12.788,-0.048788,1.0139,50.57
0.63623,0.32501,0.34258,0.6101,12.809,-0.053145,1.0149,50.58
0.6373,0.32366,0.34205,0.60999,12.83,-0.057638,1.016,50.59
0.63847,0.32225,0.34148,0.60983,12.851,-0.062265,1.017,50.6
0.63847,0.32238,0.34155,0.60974,12.851,-0.062334,1.017,50.6
0.6396,0.32095,0.34106,0.60958,12.871,-0.067117,1.018,50.61
0.64074,0.31955,0.34063,0.60936,12.892,-0.072035,1.0191,50.62
0.64192,0.31818,0.34015,0.60909,12.913,-0.077085,1.0201,50.63
0.64299,0.31686,0.33965,0.60894,12.933,-0.082269,1.0211,50.64
0.64411,0.31539,0.33905,0.60884,12.953,-0.087583,1.0221,50.65
0.64414,0.31546,0.33898,0.60882,12.954,-0.087562,1.022,50.65
0.64525,0.31412,0.33838,0.60867,12.974,-0.093009,1.0231,50.66
0.64629,0.31273,0.33799,0.6085,12.994,-0.098589,1.0241,50.67
0.64745,0.31134,0.33742,0.60829,13.014,-0.1043,1.0251,50.68
0.6486,0.30987,0.33685,0.60814,13.034,-0.11014,1.0261,50.69
0.6497,0.30847,0.33633,0.60796,13.054,-0.11611,1.027,50.7
0.64975,0.3085,0.33638,0.60786,13.054,-0.1161,1.027,50.7
0.65091,0.30712,0.33583,0.60763,13.074,-0.12221,1.028,50.71
0.65204,0.30581,0.33526,0.60739,13.094,-0.12844,1.029,50.72
0.65316,0.30437,0.33471,0.60722,13.114,-0.1348,1.03,50.73
0.65424,0.30295,0.3342,0.60704,13.133,-0.14129,1.0309,50.74
0.65535,0.30163,0.33367,0.6068,13.153,-0.14791,1.0319,50.75
0.65532,0.30153,0.33376,0.60683,13.153,-0.14789,1.0318,50.75
0.65641,0.30007,0.33321,0.60668,13.172,-0.15462,1.0328,50.76
0.65753,0.29866,0.33278,0.6064,13.192,-0.16147,1.0337,50.77
0.65864,0.29726,0.33224,0.60617,13.211,-0.16844,1.0347,50.78
0.65971,0.29586,0.33169,0.60599,13.23,-0.17554,1.0356,50.79
0.66081,0.29448,0.33114,0.60577,13.249,-0.18276,1.0365,50.8
0.66081,0.29453,0.33111,0.60576,13.249,-0.18284,1.0365,50.8
0.66192,0.29301,0.33062,0.60555,13.268,-0.19018,1.0374,50.81
0.66304,0.2917,0.33,0.6053,13.286,-0.19764,1.0383,50.82
0.66412,0.29017,0.32942,0.60516,13.305,-0.20522,1.0393,50.83
0.66525,0.28884,0.32884,0.60488,13.323,-0.21292,1.0402,50.84
0.66635,0.2874,0.32829,0.60465,13.342,-0.22074,1.0411,50.85
0.66626,0.2875,0.32842,0.60464,13.342,-0.22084,1.041,50.85
0.66734,0.28612,0.3279,0.60438,13.36,-0.22879,1.0419,50.86
0.66841,0.2846,0.32736,0.60421,13.378,-0.23685,1.0428,50.87
0.66952,0.28318,0.32677,0.60396,13.396,-0.24502,1.0437,50.88
0.67055,0.28171,0.32625,0.60378,13.414,-0.25331,1.0446,50.89
0.67166,0.28027,0.32576,0.60349,13.432,-0.26172,1.0455,50.9
0.67165,0.28045,0.32571,0.60345,13.432,-0.26185,1.0454,50.9
0.67273,0.27903,0.32512,0.60322,13.45,-0.27038,1.0463,50.91
0.67379,0.27763,0.32445,0.60304,13.467,-0.27902,1.0471,50.92
0.67488,0.27615,0.32391,0.60279,13.484,-0.28778,1.048,50.93
0.67589,0.27471,0.32337,0.60261,13.502,-0.29664,1.0488,50.94
0.67698,0.2733,0.3228,0.60233,13.519,-0.30562,1.0497,50.95
0.67697,0.27336,0.32297,0.60223,13.519,-0.30577,1.0496,50.95
0.67799,0.27198,0.3225,0.60195,13.536,-0.31487,1.0505,50.96
0.67901,0.27054,0.32195,0.60175,13.553,-0.32408,1.0513,50.97
0.68003,0.26917,0.32138,0.60152,13.569,-0.33339,1.0521,50.98
0.68113,0.26773,0.32081,0.60122,13.586,-0.3428,1.0529,50.99
0.68218,0.26635,0.32023,0.60096,13.602,-0.35232,1.0537,51
0.68224,0.26626,0.32019,0.60094,13.602,-0.35244,1.0536,51
0.6833,0.26487,0.3196,0.60066,13.618,-0.36207,1.0544,51.01
0.68436,0.26336,0.31901,0.60044,13.634,-0.3718,1.0552,51.02
0.68545,0.26189,0.3184,0.60016,13.65,-0.38163,1.056,51.03
0.68642,0.26044,0.3179,0.59995,13.666,-0.39157,1.0568,51.04
0.68748,0.25892,0.31733,0.5997,13.682,-0.4016,1.0575,51.05
0.68745,0.25913,0.3174,0.5996,13.682,-0.40178,1.0575,51.05
0.68847,0.25766,0.31688,0.59934,13.697,-0.41193,1.0582,51.06
0.68952,0.25621,0.31633,0.59904,13.713,-0.42217,1.059,51.07
0.69057,0.25473,0.31582,0.59874,13.728,-0.43252,1.0597,51.08
0.69153,0.25333,0.31537,0.59846,13.743,-0.44296,1.0605,51.09
0.69255,0.25184,0.31471,0.59826,13.757,-0.4535,1.0612,51.1
0.6926,0.25198,0.31456,0.59822,13.758,-0.45366,1.0611,51.1
0.69355,0.25061,0.31395,0.59801,13.772,-0.4643,1.0618,51.11
0.69456,0.24917,0.31345,0.59771,13.787,-0.47503,1.0625,51.12
0.69558,0.24769,0.31285,0.59745,13.801,-0.48586,1.0632,51.13
0.69662,0.24624,0.31227,0.59715,13.815,-0.49678,1.0639,51.14
0.69761,0.24477,0.3117,0.59689,13.829,-0.50778,1.0646,51.15
0.69769,0.2448,0.31171,0.59678,13.829,-0.50794,1.0645,51.15
0.69872,0.24338,0.31109,0.59647,13.843,-0.51904,1.0652,51.16
0.69973,0.24199,0.31057,0.59612,13.857,-0.53023,1.0659,51.17
0.7007,0.24056,0.31002,0.59585,13.87,-0.54151,1.0665,51.18
0.70176,0.23906,0.30939,0.59554,13.883,-0.55287,1.0671,51.19
0.70283,0.23761,0.30867,0.59522,13.897,-0.56432,1.0678,51.2
0.70271,0.23761,0.30884,0.59528,13.897,-0.56445,1.0677,51.2
0.70366,0.23614,0.3083,0.59502,13.91,-0.57598,1.0683,51.21
0.70472,0.23473,0.30763,0.59468,13.923,-0.58759,1.069,51.22
0.70565,0.23332,0.30703,0.59443,13.935,-0.59929,1.0696,51.23
0.70668,0.23183,0.30638,0.59413,13.947,-0.61106,1.0702,51.24
0.7077,0.23035,0.30577,0.59381,13.96,-0.62291,1.0708,51.25
0.70768,0.23039,0.30592,0.59374,13.96,-0.62307,1.0707,51.25
0.70871,0.22897,0.30528,0.59338,13.972,-0.63502,1.0713,51.26
0.70971,0.22758,0.30462,0.59307,13.984,-0.64704,1.0718,51.27
0.71071,0.22607,0.30397,0.59278,13.995,-0.65914,1.0724,51.28
0.71169,0.22461,0.30342,0.59244,14.007,-0.67131,1.073,51.29
0.71267,0.22322,0.30279,0.5921,14.018,-0.68355,1.0735,51.3
0.71258,0.22315,0.30298,0.59214,14.018,-0.68368,1.0734,51.3
0.71357,0.22171,0.30228,0.59186,14.029,-0.69601,1.074,51.31
0.71452,0.22029,0.30171,0.59153,14.04,-0.70841,1.0745,51.32
0.71549,0.21883,0.30117,0.59118,14.051,-0.72087,1.075,51.33
0.71642,0.21741,0.30052,0.59089,14.062,-0.73341,1.0755,51.34
0.71743,0.21589,0.29991,0.59054,14.072,-0.74601,1.076,51.35
0.71742,0.21589,0.30002,0.59049,14.072,-0.74613,1.0759,51.35
0.71839,0.21441,0.29937,0.59019,14.082,-0.7588,1.0764,51.36
0.71937,0.21292,0.29874,0.58985,14.092,-0.77154,1.0768,51.37
0.72035,0.21146,0.29818,0.58946,14.102,-0.78433,1.0773,51.38
0.72126,0.21003,0.29761,0.58915,14.111,-0.79719,1.0777,51.39
0.72223,0.20852,0.29697,0.58882,14.121,-0.8101,1.0782,51.4
0.7222,0.20862,0.29704,0.58879,14.121,-0.81022,1.0781,51.4
0.72317,0.20717,0.29646,0.5884,14.13,-0.82319,1.0785,51.41
0.72411,0.20574,0.2958,0.58808,14.139,-0.83621,1.0789,51.42
0.72505,0.20417,0.29517,0.58778,14.148,-0.8493,1.0793,51.43
0.72604,0.2027,0.29454,0.5874,14.156,-0.86243,1.0797,51.44
0.72698,0.20126,0.29387,0.58706,14.165,-0.87562,1.0801,51.45
0.72691,0.20133,0.29401,0.58705,14.165,-0.87581,1.08,51.45
0.72787,0.19985,0.29337,0.58669,14.173,-0.88907,1.0804,51.46
0.72883,0.19836,0.29272,0.58632,14.181,-0.90238,1.0808,51.47
0.72972,0.19689,0.29216,0.586,14.189,-0.91574,1.0811,51.48
0.73061,0.19541,0.29155,0.58568,14.196,-0.92915,1.0815,51.49
0.73156,0.19394,0.29089,0.58532,14.203,-0.9426,1.0818,51.5
0.73156,0.19401,0.29098,0.58524,14.204,-0.94274,1.0817,51.5
0.73246,0.19256,0.2904,0.58488,14.211,-0.95624,1.082,51.51
0.73344,0.19106,0.28974,0.58448,14.218,-0.96979,1.0823,51.52
0.73436,0.18962,0.28916,0.58408,14.224,-0.98338,1.0826,51.53
0.73524,0.18818,0.28851,0.58376,14.231,-0.99701,1.0829,51.54
0.73616,0.18673,0.2879,0.58337,14.237,-1.0107,1.0832,51.55
0.73615,0.18668,0.28791,0.58339,14.237,-1.0108,1.0832,51.55
0.73707,0.18513,0.28729,0.58303,14.243,-1.0246,1.0834,51.56
0.73795,0.18373,0.28665,0.58267,14.249,-1.0383,1.0837,51.57
0.73889,0.18222,0.28607,0.58224,14.255,-1.0521,1.0839,51.58
0.73983,0.18067,0.28543,0.58184,14.26,-1.0659,1.0841,51.59
0.74071,0.17917,0.28489,0.58146,14.265,-1.0798,1.0844,51.6
0.74067,0.17933,0.28483,0.58148,14.265,-1.0799,1.0843,51.6
0.74158,0.17784,0.28417,0.58111,14.271,-1.0938,1.0845,51.61
0.74246,0.17637,0.28351,0.58075,14.275,-1.1077,1.0847,51.62
0.74337,0.17491,0.28282,0.58036,14.28,-1.1216,1.0849,51.63
0.74431,0.1734,0.28215,0.57993,14.284,-1.1356,1.0851,51.64
0.74521,0.17195,0.28156,0.57949,14.288,-1.1496,1.0852,51.65
0.74512,0.17196,0.28171,0.57953,14.288,-1.1498,1.0853,51.65
0.74602,0.17057,0.28106,0.57911,14.292,-1.1639,1.0854,51.66
0.74694,0.16916,0.2804,0.57865,14.296,-1.178,1.0856,51.67
0.74779,0.16774,0.27972,0.57831,14.3,-1.1921,1.0857,51.68
0.74872,0.16623,0.27902,0.57787,14.303,-1.2062,1.0858,51.69
0.74963,0.1648,0.27832,0.57743,14.306,-1.2203,1.086,51.7
0.74951,0.1646,0.27858,0.57753,14.306,-1.2204,1.0859,51.7
0.7504,0.16305,0.27792,0.57713,14.309,-1.2345,1.086,51.71
0.75123,0.16155,0.2773,0.57676,14.311,-1.2487,1.0861,51.72
0.75208,0.16,0.27666,0.5764,14.314,-1.2629,1.0862,51.73
0.75296,0.15849,0.27603,0.57597,14.316,-1.2771,1.0862,51.74
0.75381,0.15696,0.27536,0.5756,14.318,-1.2913,1.0863,51.75
0.75384,0.15719,0.27542,0.57547,14.318,-1.2914,1.0863,51.75
0.75462,0.15574,0.27483,0.57513,14.32,-1.3057,1.0864,51.76
0.75548,0.15427,0.27417,0.5747,14.321,-1.3199,1.0864,51.77
0.75631,0.15276,0.27357,0.5743,14.323,-1.3342,1.0864,51.78
0.75712,0.15136,0.27291,0.57391,14.324,-1.3484,1.0865,51.79
0.75801,0.14984,0.27222,0.57347,14.325,-1.3627,1.0865,51.8
0.7581,0.14979,0.27224,0.57336,14.325,-1.3628,1.0864,51.8
0.75895,0.14831,0.27159,0.57292,14.325,-1.3771,1.0864,51.81
0.75977,0.14683,0.27093,0.57252,14.326,-1.3913,1.0864,51.82
0.76059,0.14537,0.27029,0.57211,14.326,-1.4056,1.0864,51.83
0.76145,0.14383,0.26968,0.57165,14.326,-1.4199,1.0863,51.84
0.76229,0.14246,0.269,0.57119,14.326,-1.4341,1.0863,51.85
0.76229,0.14236,0.26902,0.57121,14.326,-1.4342,1.0863,51.85
0.76319,0.14086,0.2684,0.57066,14.325,-1.4485,1.0862,51.86
0.76403,0.13951,0.26774,0.57018,14.325,-1.4628,1.0861,51.87
0.76491,0.13792,0.26704,0.56971,14.324,-1.4771,1.086,51.88
0.76571,0.13643,0.26651,0.56926,14.323,-1.4913,1.086,51.89
0.76657,0.13501,0.26578,0.56878,14.322,-1.5056,1.0859,51.9
0.76641,0.13492,0.26578,0.569,14.322,-1.5056,1.0858,51.9
0.76726,0.13356,0.26516,0.56848,14.32,-1.5199,1.0857,51.91
0.76808,0.13203,0.26451,0.56803,14.318,-1.5341,1.0856,51.92
0.76885,0.13052,0.26385,0.56764,14.316,-1.5483,1.0854,51.93
0.76967,0.129,0.26322,0.56717,14.314,-1.5625,1.0853,51.94
0.77049,0.12759,0.26255,0.56668,14.312,-1.5767,1.0851,51.95
0.77047,0.12748,0.26253,0.56675,14.312,-1.5767,1.0851,51.95
0.7713,0.12602,0.26185,0.56626,14.309,-1.5909,1.085,51.96
0.7721,0.12445,0.26115,0.56584,14.306,-1.6051,1.0848,51.97
0.77292,0.12298,0.26056,0.56531,14.303,-1.6193,1.0846,51.98
0.77369,0.1215,0.25991,0.56487,14.3,-1.6334,1.0844,51.99
0.77445,0.12,0.25931,0.56444,14.296,-1.6475,1.0842,52
0.77446,0.12003,0.25926,0.56444,14.296,-1.6475,1.0841,52
0.77526,0.11858,0.25863,0.56394,14.293,-1.6616,1.0839,52.01
0.77609,0.11711,0.25795,0.56341,14.289,-1.6756,1.0837,52.02
0.77686,0.11555,0.2573,0.56297,14.285,-1.6896,1.0834,52.03
0.77764,0.11417,0.25669,0.56245,14.28,-1.7036,1.0832,52.04
0.77834,0.11277,0.25602,0.56207,14.276,-1.7176,1.0829,52.05
0.77838,0.11255,0.25595,0.56208,14.276,-1.7177,1.0829,52.05
0.77911,0.11114,0.2553,0.56165,14.271,-1.7317,1.0827,52.06
0.77986,0.1096,0.25464,0.56122,14.266,-1.7456,1.0824,52.07
0.78062,0.1081,0.25398,0.56075,14.261,-1.7594,1.0821,52.08
0.78136,0.10659,0.25331,0.56032,14.255,-1.7732,1.0818,52.09
0.78209,0.10512,0.25265,0.55986,14.25,-1.787,1.0814,52.1
0.78224,0.10508,0.25263,0.55968,14.25,-1.7872,1.0814,52.1
0.78303,0.10359,0.25192,0.55916,14.244,-1.8009,1.0811,52.11
0.78375,0.10213,0.25125,0.55873,14.238,-1.8146,1.0807,52.12
0.78449,0.10072,0.25066,0.55822,14.231,-1.8283,1.0804,52.13
0.78521,0.099182,0.25005,0.55775,14.225,-1.8419,1.08,52.14
0.78594,0.097657,0.24936,0.55729,14.218,-1.8555,1.0796,52.15
0.78602,0.097595,0.24929,0.55723,14.218,-1.8557,1.0797,52.15
0.78676,0.096138,0.24854,0.55678,14.211,-1.8692,1.0793,52.16
0.78749,0.094646,0.24793,0.55627,14.204,-1.8827,1.0789,52.17
0.78822,0.09314,0.24725,0.55579,14.197,-1.8962,1.0785,52.18
0.78891,0.091585,0.24666,0.55533,14.189,-1.9096,1.0781,52.19
0.78965,0.09013,0.24596,0.55483,14.182,-1.9229,1.0776,52.2
0.78974,0.090103,0.24592,0.55472,14.181,-1.9231,1.0777,52.2
0.79047,0.08861,0.24526,0.55421,14.174,-1.9364,1.0772,52.21
0.79123,0.087132,0.24457,0.55367,14.165,-1.9496,1.0768,52.22
0.79197,0.085646,0.24387,0.55315,14.157,-1.9628,1.0763,52.23
0.79266,0.084117,0.24317,0.55271,14.149,-1.976,1.0758,52.24
0.79336,0.082611,0.2425,0.55222,14.14,-1.9891,1.0754,52.25
0.79338,0.082591,0.24254,0.55217,14.14,-1.9892,1.0754,52.25
0.79411,0.081151,0.24182,0.55166,14.131,-2.0022,1.0749,52.26
0.79484,0.079622,0.24106,0.55116,14.122,-2.0152,1.0744,52.27
0.79556,0.078089,0.24035,0.55065,14.112,-2.0281,1.0739,52.28
0.79625,0.07658,0.23969,0.55016,14.103,-2.041,1.0734,52.29
0.79694,0.074966,0.23908,0.54964,14.093,-2.0537,1.0729,52.3
0.79696,0.075083,0.23913,0.54958,14.093,-2.0539,1.0729,52.3
0.79773,0.073641,0.23844,0.54896,14.083,-2.0666,1.0723,52.31
0.79842,0.072191,0.23766,0.54848,14.073,-2.0793,1.0718,52.32
0.79908,0.07068,0.23694,0.54803,14.062,-2.0919,1.0712,52.33
0.79977,0.069072,0.23624,0.54753,14.052,-2.1044,1.0707,52.34
0.80045,0.067579,0.23559,0.54701,14.041,-2.1168,1.0701,52.35
0.80047,0.067557,0.2357,0.54693,14.041,-2.117,1.0701,52.35
0.80115,0.066088,0.23497,0.54642,14.03,-2.1294,1.0695,52.36
0.80187,0.064575,0.23426,0.54585,14.019,-2.1417,1.069,52.37
0.80258,0.063086,0.23357,0.54528,14.008,-2.154,1.0684,52.38
0.80323,0.061684,0.23294,0.54475,13.996,-2.1662,1.0677,52.39
0.8039,0.060116,0.23225,0.54423,13.985,-2.1783,1.0671,52.4
0.80391,0.060036,0.23226,0.54423,13.985,-2.1784,1.0672,52.4
0.80461,0.058521,0.23161,0.54363,13.973,-2.1904,1.0665,52.41
0.80527,0.057107,0.23095,0.54309,13.961,-2.2023,1.0659,52.42
0.80595,0.05557,0.23024,0.54254,13.949,-2.2142,1.0653,52.43
0.80658,0.054055,0.22956,0.54204,13.936,-2.226,1.0646,52.44
0.80727,0.052555,0.22881,0.54148,13.924,-2.2377,1.0639,52.45
0.80727,0.052519,0.22878,0.54149,13.923,-2.2378,1.0639,52.45
0.80792,0.050975,0.22804,0.54099,13.911,-2.2494,1.0632,52.46
0.8086,0.049435,0.22727,0.54044,13.898,-2.261,1.0625,52.47
0.80923,0.047915,0.22656,0.53993,13.885,-2.2724,1.0618,52.48
0.80991,0.046396,0.22583,0.53935,13.871,-2.2838,1.0611,52.49
0.81055,0.04476,0.22513,0.53882,13.858,-2.295,1.0604,52.5
0.81057,0.044975,0.22529,0.5387,13.858,-2.2952,1.0603,52.5
0.81124,0.043372,0.22458,0.53811,13.844,-2.3064,1.0596,52.51
0.81193,0.041862,0.22385,0.53751,13.83,-2.3175,1.0589,52.52
0.81255,0.040404,0.22311,0.53698,13.816,-2.3285,1.0581,52.53
0.81319,0.038842,0.22246,0.53639,13.802,-2.3394,1.0574,52.54
0.81383,0.037335,0.22183,0.5358,13.788,-2.3502,1.0566,52.55
0.8138,0.037438,0.22179,0.53586,13.788,-2.3503,1.0567,52.55
0.81444,0.03591,0.22111,0.53526,13.773,-2.3611,1.0559,52.56
0.8151,0.034421,0.22042,0.53464,13.759,-2.3717,1.0552,52.57
0.81575,0.032927,0.21971,0.53404,13.744,-2.3823,1.0544,52.58
0.8164,0.031409,0.21902,0.53342,13.729,-2.3927,1.0536,52.59
0.81698,0.029854,0.21834,0.53289,13.714,-2.4031,1.0528,52.6
0.81695,0.0299,0.21826,0.53297,13.714,-2.4031,1.0528,52.6
0.81757,0.028411,0.21756,0.53239,13.698,-2.4134,1.052,52.61
0.81814,0.026866,0.21678,0.53191,13.683,-2.4236,1.0512,52.62
0.81876,0.025375,0.2161,0.53131,13.667,-2.4336,1.0504,52.63
0.81937,0.023838,0.21535,0.53074,13.652,-2.4436,1.0496,52.64
0.81995,0.022339,0.21458,0.53022,13.636,-2.4534,1.0488,52.65
0.82003,0.022355,0.21473,0.53004,13.636,-2.4535,1.0488,52.65
0.82065,0.020821,0.21401,0.52944,13.62,-2.4632,1.048,52.66
0.82127,0.019429,0.21328,0.52882,13.603,-2.4729,1.0471,52.67
0.82189,0.017897,0.21255,0.52821,13.587,-2.4824,1.0463,52.68
0.82248,0.016427,0.21179,0.52763,13.571,-2.4918,1.0454,52.69
0.82311,0.014895,0.21104,0.527,13.554,-2.5011,1.0445,52.7
0.82304,0.014816,0.21116,0.52707,13.554,-2.5012,1.0445,52.7
0.82365,0.013309,0.21041,0.52645,13.537,-2.5104,1.0437,52.71
0.82423,0.011847,0.20976,0.52584,13.52,-2.5195,1.0428,52.72
0.82479,0.010276,0.20911,0.52526,13.503,-2.5285,1.0419,52.73
0.82534,0.0087246,0.20838,0.5247,13.486,-2.5374,1.041,52.74
0.82591,0.0073127,0.20765,0.52412,13.469,-2.5461,1.0401,52.75
0.82598,0.0072622,0.20758,0.52404,13.468,-2.5462,1.0401,52.75
0.82657,0.0057205,0.20682,0.52342,13.451,-2.5549,1.0392,52.76
0.82715,0.004217,0.20618,0.52278,13.433,-2.5634,1.0383,52.77
0.82774,0.0026508,0.20543,0.52214,13.416,-2.5718,1.0374,52.78
0.8283,0.001163,0.20468,0.52156,13.398,-2.5801,1.0364,52.79
0.82882,-0.00035895,0.20398,0.521,13.38,-2.5883,1.0355,52.8
0.82885,-0.00028615,0.20398,0.52097,13.379,-2.5884,1.0355,52.8
0.82941,-0.0017037,0.20334,0.52031,13.361,-2.5964,1.0346,52.81
0.82996,-0.0032409,0.20251,0.51975,13.343,-2.6044,1.0336,52.82
0.83056,-0.0047369,0.20173,0.51909,13.325,-2.6122,1.0327,52.83
0.83114,-0.0062708,0.20102,0.51842,13.306,-2.6199,1.0317,52.84
0.8317,-0.007769,0.20031,0.51778,13.288,-2.6275,1.0308,52.85
0.83164,-0.0078335,0.20037,0.51786,13.287,-2.6276,1.0307,52.85
0.83219,-0.0093118,0.19964,0.51722,13.269,-2.635,1.0298,52.86
0.83272,-0.010815,0.19895,0.5166,13.25,-2.6424,1.0288,52.87
0.83326,-0.012407,0.19825,0.51597,13.231,-2.6496,1.0278,52.88
0.83381,-0.013897,0.19753,0.51531,13.212,-2.6567,1.0269,52.89
0.83435,-0.015415,0.19682,0.51468,13.193,-2.6637,1.0259,52.9
0.83436,-0.015377,0.19674,0.51469,13.193,-2.6637,1.0258,52.9
0.83489,-0.016946,0.19605,0.51403,13.173,-2.6706,1.0249,52.91
0.83548,-0.018485,0.19534,0.5133,13.154,-2.6773,1.0239,52.92
0.83595,-0.020017,0.19466,0.51273,13.135,-2.6839,1.0229,52.93
0.8365,-0.021554,0.1939,0.51207,13.115,-2.6904,1.0219,52.94
0.83704,-0.023048,0.19308,0.51142,13.095,-2.6967,1.0209,52.95
0.837,-0.022929,0.19308,0.51149,13.095,-2.6967,1.0208,52.95
0.83752,-0.02442,0.19228,0.51087,13.075,-2.703,1.0198,52.96
0.83802,-0.025889,0.19153,0.51026,13.055,-2.7091,1.0188,52.97
0.83854,-0.027447,0.19077,0.50962,13.036,-2.715,1.0178,52.98
0.83904,-0.028943,0.19001,0.50899,13.016,-2.7208,1.0168,52.99
0.83954,-0.030346,0.18934,0.50833,12.995,-2.7265,1.0157,53
0.83958,-0.030467,0.18942,0.50824,12.995,-2.7265,1.0157,53
0.84012,-0.0321,0.18865,0.50752,12.975,-2.7321,1.0147,53.01
0.84065,-0.033615,0.18791,0.50682,12.955,-2.7376,1.0137,53.02
0.84116,-0.035176,0.18721,0.50613,12.934,-2.7429,1.0126,53.03
0.84165,-0.036659,0.18659,0.50544,12.914,-2.748,1.0116,53.04
0.84217,-0.038082,0.18587,0.50473,12.893,-2.7531,1.0105,53.05
0.84208,-0.038006,0.18574,0.50494,12.893,-2.753,1.0105,53.05
0.84258,-0.039548,0.185,0.50425,12.872,-2.7579,1.0095,53.06
0.84307,-0.041058,0.1842,0.5036,12.852,-2.7627,1.0084,53.07
0.84357,-0.042549,0.18345,0.50293,12.831,-2.7673,1.0073,53.08
0.84401,-0.044027,0.18277,0.50229,12.81,-2.7718,1.0063,53.09
0.84449,-0.045517,0.182,0.50165,12.789,-2.7762,1.0052,53.1
0.84451,-0.045554,0.18203,0.50159,12.789,-2.7762,1.0052,53.1
0.845,-0.047055,0.18128,0.5009,12.768,-2.7805,1.0042,53.11
0.84552,-0.048556,0.18051,0.50016,12.747,-2.7846,1.0031,53.12
0.84599,-0.050046,0.17979,0.49948,12.726,-2.7885,1.002,53.13
0.84644,-0.051633,0.17904,0.49882,12.705,-2.7924,1.0009,53.14
0.84686,-0.05311,0.17834,0.49819,12.684,-2.7961,0.99986,53.15
0.84686,-0.053085,0.17832,0.49821,12.683,-2.796,0.99987,53.15
0.84732,-0.054528,0.17756,0.49754,12.662,-2.7995,0.99878,53.16
0.84777,-0.056079,0.17682,0.49687,12.641,-2.8029,0.9977,53.17
0.84822,-0.057621,0.176,0.49621,12.619,-2.8062,0.99661,53.18
0.84874,-0.059054,0.17517,0.49546,12.598,-2.8094,0.99552,53.19
0.84911,-0.060566,0.17454,0.49486,12.576,-2.8124,0.99443,53.2
0.84914,-0.060612,0.17459,0.49478,12.576,-2.8123,0.99445,53.2
0.8496,-0.062085,0.17379,0.49409,12.555,-2.8151,0.99336,53.21
0.85005,-0.063572,0.17294,0.49343,12.533,-2.8179,0.99227,53.22
0.85053,-0.065075,0.1722,0.49266,12.512,-2.8204,0.99117,53.23
0.85097,-0.066653,0.17138,0.49197,12.49,-2.8229,0.99008,53.24
0.85141,-0.068144,0.17068,0.49125,12.468,-2.8252,0.98898,53.25
0.85134,-0.068127,0.17085,0.49131,12.468,-2.8251,0.98901,53.25
0.85181,-0.069623,0.17008,0.49055,12.446,-2.8272,0.98791,53.26
0.85226,-0.0711,0.16926,0.48984,12.424,-2.8292,0.98681,53.27
0.85274,-0.072586,0.1685,0.48904,12.403,-2.8311,0.98571,53.28
0.85313,-0.074127,0.16786,0.48836,12.381,-2.8328,0.9846,53.29
0.85356,-0.075649,0.16699,0.48767,12.359,-2.8344,0.9835,53.3
0.85347,-0.075648,0.16709,0.48779,12.359,-2.8344,0.98351,53.3
0.85389,-0.077095,0.16629,0.48711,12.337,-2.8358,0.98241,53.31
0.85431,-0.078557,0.16554,0.48639,12.315,-2.8371,0.9813,53.32
0.85466,-0.08007,0.16491,0.48575,12.293,-2.8382,0.98019,53.33
0.85507,-0.081527,0.16413,0.48504,12.271,-2.8392,0.97908,53.34
0.85548,-0.083075,0.1633,0.48434,12.25,-2.8401,0.97798,53.35
0.85553,-0.083159,0.16332,0.48424,12.249,-2.8401,0.978,53.35
0.85591,-0.084767,0.16248,0.48357,12.227,-2.8408,0.97689,53.36
0.85631,-0.086279,0.16174,0.48284,12.205,-2.8414,0.97578,53.37
0.85672,-0.087771,0.16102,0.48209,12.183,-2.8418,0.97467,53.38
0.85708,-0.089342,0.16034,0.48138,12.161,-2.8421,0.97357,53.39
0.85744,-0.090848,0.15961,0.48069,12.14,-2.8423,0.97246,53.4
0.85751,-0.090659,0.15953,0.48063,12.139,-2.8423,0.97247,53.4
0.85791,-0.092141,0.1587,0.47992,12.117,-2.8423,0.97136,53.41
0.85828,-0.093635,0.15799,0.47919,12.095,-2.8422,0.97025,53.42
0.85865,-0.095146,0.1572,0.4785,12.073,-2.8419,0.96915,53.43
0.85905,-0.096646,0.15643,0.47772,12.051,-2.8415,0.96804,53.44
0.85942,-0.098165,0.15567,0.47699,12.03,-2.8409,0.96693,53.45
0.85942,-0.098158,0.15573,0.47699,12.029,-2.8409,0.96697,53.45
0.85975,-0.099642,0.15507,0.4763,12.007,-2.8402,0.96586,53.46
0.86014,-0.10111,0.15434,0.47552,11.985,-2.8394,0.96475,53.47
0.8605,-0.10262,0.15352,0.4748,11.963,-2.8384,0.96365,53.48
0.86087,-0.10413,0.15275,0.47405,11.942,-2.8372,0.96255,53.49
0.86125,-0.10567,0.15188,0.4733,11.92,-2.836,0.96144,53.5
0.86124,-0.10564,0.15191,0.47331,11.919,-2.836,0.96146,53.5
0.86159,-0.10709,0.15125,0.47257,11.897,-2.8346,0.96036,53.51
0.86192,-0.10863,0.15055,0.47184,11.876,-2.833,0.95926,53.52
0.86228,-0.11017,0.14988,0.47104,11.854,-2.8313,0.95816,53.53
0.86263,-0.11157,0.14915,0.47029,11.832,-2.8294,0.95707,53.54
0.86302,-0.11308,0.14835,0.46948,11.81,-2.8275,0.95597,53.55
0.863,-0.11311,0.14809,0.46958,11.81,-2.8275,0.95601,53.55
0.86333,-0.11461,0.14732,0.46885,11.788,-2.8253,0.95491,53.56
0.86367,-0.1161,0.14644,0.46813,11.767,-2.8231,0.95382,53.57
0.864,-0.11758,0.14562,0.4674,11.745,-2.8207,0.95274,53.58
0.86426,-0.11912,0.14494,0.46675,11.724,-2.8181,0.95165,53.59
0.86457,-0.12066,0.14417,0.46602,11.702,-2.8154,0.95057,53.6
0.86468,-0.12058,0.14425,0.46581,11.702,-2.8155,0.9506,53.6
0.86504,-0.12206,0.14343,0.46502,11.68,-2.8126,0.94952,53.61
0.86539,-0.12352,0.14263,0.46422,11.659,-2.8096,0.94845,53.62
0.8657,-0.12495,0.14196,0.46346,11.637,-2.8065,0.94737,53.63
0.86604,-0.12645,0.14111,0.46267,11.616,-2.8033,0.9463,53.64
0.86634,-0.12791,0.14036,0.46194,11.595,-2.7999,0.94524,53.65
0.86629,-0.12803,0.14039,0.462,11.594,-2.7999,0.94525,53.65
0.86659,-0.12953,0.13971,0.46122,11.573,-2.7964,0.94419,53.66
0.86691,-0.13098,0.13885,0.46047,11.552,-2.7927,0.94313,53.67
0.86721,-0.13254,0.13806,0.45969,11.531,-2.7889,0.94207,53.68
0.86755,-0.13404,0.13732,0.45885,11.51,-2.785,0.94101,53.69
0.86789,-0.13542,0.13651,0.45803,11.489,-2.7809,0.93996,53.7
0.86782,-0.13547,0.13653,0.45815,11.488,-2.7809,0.93999,53.7
0.86809,-0.13689,0.13582,0.45742,11.467,-2.7767,0.93894,53.71
0.86839,-0.13835,0.13503,0.45664,11.446,-2.7724,0.93789,53.72
0.86871,-0.13988,0.13426,0.45579,11.425,-2.7679,0.93685,53.73
0.86896,-0.14129,0.13353,0.4551,11.405,-2.7632,0.93582,53.74
0.86927,-0.14274,0.13272,0.45428,11.384,-2.7585,0.93478,53.75
0.86927,-0.14291,0.13265,0.45426,11.384,-2.7585,0.93479,53.75
0.86957,-0.14435,0.13187,0.45345,11.363,-2.7536,0.93376,53.76
0.86985,-0.14592,0.13109,0.45265,11.343,-2.7486,0.93273,53.77
0.87012,-0.14739,0.13038,0.45185,11.322,-2.7435,0.9317,53.78
0.87037,-0.14889,0.12959,0.4511,11.302,-2.7382,0.93068,53.79
0.87065,-0.15036,0.12875,0.45032,11.281,-2.7328,0.92967,53.8
0.87065,-0.15033,0.12876,0.45033,11.281,-2.7328,0.9297,53.8
0.8709,-0.15179,0.12805,0.44955,11.261,-2.7272,0.92869,53.81
0.87118,-0.15334,0.12727,0.44871,11.241,-2.7215,0.92768,53.82
0.87145,-0.15481,0.12647,0.44789,11.221,-2.7157,0.92668,53.83
0.87167,-0.15628,0.12568,0.44718,11.201,-2.7098,0.92568,53.84
0.87191,-0.15776,0.12483,0.44644,11.181,-2.7037,0.92469,53.85
0.87195,-0.15773,0.12486,0.44637,11.18,-2.7037,0.92472,53.85
0.87219,-0.15926,0.12405,0.44558,11.161,-2.6975,0.92373,53.86
0.87241,-0.16075,0.12331,0.44481,11.141,-2.6912,0.92275,53.87
0.87265,-0.16225,0.1225,0.44402,11.122,-2.6847,0.92177,53.88
0.87289,-0.16377,0.12171,0.44321,11.102,-2.6781,0.9208,53.89
0.87311,-0.1652,0.12098,0.44245,11.083,-2.6714,0.91984,53.9
0.87317,-0.16511,0.12095,0.44236,11.082,-2.6714,0.91984,53.9
0.87339,-0.16653,0.1202,0.44159,11.063,-2.6646,0.91889,53.91
0.87364,-0.16798,0.11936,0.44077,11.044,-2.6576,0.91793,53.92
0.87387,-0.16946,0.11857,0.43997,11.025,-2.6505,0.91699,53.93
0.87403,-0.17103,0.11786,0.43924,11.006,-2.6433,0.91605,53.94
0.87426,-0.1725,0.117,0.43843,10.987,-2.6359,0.91511,53.95
0.87432,-0.17249,0.11703,0.43831,10.987,-2.636,0.91511,53.95
0.87448,-0.17399,0.11629,0.43759,10.968,-2.6285,0.91418,53.96
0.87471,-0.17552,0.11549,0.43673,10.949,-2.6209,0.91326,53.97
0.87496,-0.17696,0.11474,0.43585,10.931,-2.6132,0.91235,53.98
0.87515,-0.17845,0.11396,0.43506,10.913,-2.6054,0.91144,53.99
0.87538,-0.17986,0.11309,0.43425,10.894,-2.5975,0.91054,54
0.87539,-0.17985,0.1131,0.43423,10.894,-2.5974,0.9105,54
0.87563,-0.18134,0.11232,0.43333,10.876,-2.5894,0.9096,54.01
0.87588,-0.18275,0.11145,0.43245,10.858,-2.5812,0.90872,54.02
0.87602,-0.18426,0.11068,0.43173,10.84,-2.5729,0.90784,54.03
0.87624,-0.18565,0.1099,0.43089,10.822,-2.5645,0.90696,54.04
0.87647,-0.18708,0.10915,0.42999,10.805,-2.556,0.90609,54.05
0.87639,-0.18719,0.10916,0.4301,10.804,-2.5559,0.90605,54.05
0.87658,-0.18871,0.10846,0.42923,10.787,-2.5473,0.90519,54.06
0.87677,-0.19018,0.10769,0.42838,10.77,-2.5385,0.90434,54.07
0.87698,-0.19161,0.1068,0.42754,10.752,-2.5297,0.90349,54.08
0.87714,-0.19308,0.10601,0.42673,10.735,-2.5207,0.90266,54.09
0.87734,-0.19453,0.10523,0.42586,10.718,-2.5116,0.90183,54.1
0.87731,-0.19452,0.10521,0.42594,10.718,-2.5116,0.90177,54.1
0.87751,-0.19602,0.1044,0.42504,10.701,-2.5024,0.90095,54.11
0.87768,-0.19736,0.10369,0.42424,10.685,-2.493,0.90013,54.12
0.87786,-0.19876,0.10288,0.42341,10.668,-2.4836,0.89932,54.13
0.87806,-0.20019,0.10203,0.42252,10.652,-2.4741,0.89852,54.14
0.87825,-0.20165,0.10117,0.42164,10.636,-2.4645,0.89773,54.15
0.87815,-0.20183,0.10125,0.42174,10.635,-2.4644,0.89769,54.15
0.87832,-0.20329,0.10042,0.42088,10.619,-2.4547,0.8969,54.16
0.87842,-0.20491,0.099571,0.42008,10.603,-2.4449,0.89612,54.17
0.87856,-0.20641,0.098836,0.41923,10.588,-2.4349,0.89535,54.18
0.87873,-0.20786,0.09797,0.41837,10.572,-2.4249,0.89459,54.19
0.87889,-0.20938,0.097138,0.41747,10.556,-2.4147,0.89384,54.2
0.87892,-0.20911,0.097277,0.4175,10.556,-2.4147,0.8938,54.2
0.87911,-0.21049,0.096485,0.4166,10.541,-2.4044,0.89305,54.21
0.87923,-0.21198,0.095705,0.41576,10.526,-2.3941,0.89232,54.22
0.87939,-0.21336,0.094901,0.41491,10.511,-2.3836,0.89159,54.23
0.87949,-0.21487,0.094101,0.41408,10.496,-2.3731,0.89087,54.24
0.87967,-0.21626,0.093334,0.41317,10.481,-2.3625,0.89015,54.25
0.87961,-0.21639,0.093302,0.41323,10.481,-2.3624,0.89012,54.25
0.87973,-0.21787,0.092552,0.41236,10.466,-2.3517,0.88942,54.26
0.87984,-0.21935,0.091714,0.41152,10.452,-2.3408,0.88872,54.27
0.87995,-0.2208,0.090903,0.4107,10.438,-2.3299,0.88804,54.28
0.88006,-0.22227,0.090062,0.40984,10.424,-2.3189,0.88737,54.29
0.88014,-0.22377,0.089274,0.40903,10.41,-2.3078,0.8867,54.3
0.88022,-0.22363,0.089307,0.40893,10.41,-2.3078,0.88668,54.3
0.8803,-0.22514,0.088497,0.4081,10.396,-2.2966,0.88602,54.31
0.88044,-0.22655,0.087743,0.40719,10.383,-2.2853,0.88537,54.32
0.88053,-0.22799,0.087005,0.40635,10.369,-2.2739,0.88474,54.33
0.88061,-0.22942,0.086206,0.40554,10.356,-2.2625,0.88411,54.34
0.88073,-0.23088,0.085389,0.40462,10.343,-2.251,0.88349,54.35
0.88076,-0.23087,0.085321,0.40458,10.343,-2.2509,0.88345,54.35
0.88089,-0.23227,0.084487,0.40367,10.33,-2.2393,0.88284,54.36
0.88099,-0.2337,0.083631,0.40279,10.318,-2.2276,0.88224,54.37
0.88109,-0.23518,0.082824,0.40187,10.305,-2.2158,0.88165,54.38
0.88115,-0.23664,0.081943,0.40108,10.293,-2.204,0.88106,54.39
0.8812,-0.23808,0.081131,0.40027,10.281,-2.192,0.88049,54.4
0.88122,-0.23808,0.08132,0.4002,10.281,-2.1919,0.88047,54.4
0.88132,-0.23954,0.080473,0.39927,10.269,-2.1799,0.87991,54.41
0.8814,-0.241,0.079721,0.39837,10.257,-2.1678,0.87936,54.42
0.88148,-0.24246,0.078933,0.39747,10.246,-2.1556,0.87882,54.43
0.88158,-0.2439,0.078109,0.39652,10.234,-2.1434,0.87828,54.44
0.88163,-0.24531,0.077422,0.39567,10.223,-2.1311,0.87776,54.45
0.8816,-0.24528,0.077303,0.39579,10.223,-2.131,0.87774,54.45
0.88168,-0.24674,0.07643,0.39487,10.212,-2.1186,0.87722,54.46
0.88174,-0.2482,0.075635,0.39397,10.201,-2.1061,0.87672,54.47
0.8818,-0.24962,0.074806,0.3931,10.191,-2.0936,0.87622,54.48
0.88186,-0.25105,0.074026,0.3922,10.18,-2.081,0.87573,54.49
0.88192,-0.25251,0.073212,0.39127,10.17,-2.0683,0.87526,54.5
0.8819,-0.25245,0.073288,0.39134,10.17,-2.0682,0.87524,54.5
0.88193,-0.25392,0.072472,0.39047,10.16,-2.0555,0.87478,54.51
0.88202,-0.25527,0.071674,0.38955,10.15,-2.0427,0.87432,54.52
0.88206,-0.25677,0.07078,0.38862,10.141,-2.0299,0.87387,54.53
0.88209,-0.25821,0.069943,0.38776,10.131,-2.017,0.87344,54.54
0.88213,-0.2596,0.069148,0.38686,10.122,-2.004,0.87301,54.55
0.88213,-0.25959,0.069268,0.38685,10.122,-2.0039,0.87301,54.55
0.88216,-0.26109,0.068432,0.38593,10.113,-1.9908,0.87259,54.56
0.88219,-0.26245,0.067742,0.38506,10.104,-1.9777,0.87218,54.57
0.88218,-0.26393,0.06706,0.38419,10.096,-1.9646,0.87178,54.58
0.88217,-0.26537,0.066226,0.38337,10.087,-1.9513,0.8714,54.59
0.88223,-0.26673,0.065353,0.38243,10.079,-1.9381,0.87102,54.6
0.88229,-0.26671,0.065232,0.38234,10.079,-1.9381,0.87103,54.6
0.88231,-0.26816,0.064448,0.38141,10.071,-1.9247,0.87067,54.61
0.88234,-0.26963,0.063553,0.38045,10.063,-1.9114,0.87031,54.62
0.88235,-0.27108,0.062674,0.37954,10.056,-1.8979,0.86996,54.63
0.88237,-0.27247,0.061881,0.37861,10.048,-1.8845,0.86963,54.64
0.88235,-0.27385,0.061157,0.37779,10.041,-1.8709,0.86931,54.65
0.88236,-0.27381,0.061202,0.37779,10.041,-1.8709,0.86932,54.65
0.88239,-0.27531,0.060334,0.37677,10.034,-1.8574,0.869,54.66
0.88242,-0.2767,0.05949,0.37581,10.027,-1.8438,0.8687,54.67
0.8824,-0.27812,0.05873,0.37492,10.021,-1.8301,0.86841,54.68
0.88235,-0.27964,0.057915,0.37404,10.014,-1.8164,0.86813,54.69
0.88234,-0.28103,0.057095,0.37315,10.008,-1.8027,0.86786,54.7
0.88236,-0.28089,0.057156,0.3732,10.008,-1.8027,0.86788,54.7
0.88232,-0.28228,0.056292,0.37236,10.002,-1.7889,0.86762,54.71
0.88234,-0.28368,0.055469,0.37137,9.9965,-1.7751,0.86737,54.72
0.88231,-0.28507,0.05464,0.37051,9.991,-1.7613,0.86713,54.73
0.88232,-0.28643,0.053881,0.36955,9.9858,-1.7474,0.8669,54.74
0.88229,-0.28784,0.053044,0.36864,9.9807,-1.7335,0.86669,54.75
0.88228,-0.28793,0.053114,0.36859,9.9806,-1.7334,0.8667,54.75
0.88226,-0.28933,0.052255,0.36766,9.9758,-1.7195,0.8665,54.76
0.88223,-0.29073,0.051436,0.36674,9.9711,-1.7055,0.8663,54.77
0.88219,-0.29211,0.050526,0.36586,9.9667,-1.6915,0.86612,54.78
0.88214,-0.2936,0.049816,0.3649,9.9626,-1.6775,0.86594,54.79
0.88207,-0.29501,0.049073,0.36401,9.9586,-1.6634,0.86578,54.8
0.88212,-0.29496,0.04906,0.36394,9.9584,-1.6634,0.86582,54.8
0.88211,-0.29636,0.048249,0.36294,9.9547,-1.6493,0.86567,54.81
0.88206,-0.29773,0.047428,0.36204,9.9511,-1.6352,0.86553,54.82
0.882,-0.29915,0.046682,0.36111,9.9478,-1.6211,0.8654,54.83
0.88195,-0.30054,0.045903,0.36019,9.9447,-1.6069,0.86529,54.84
0.88185,-0.30197,0.045206,0.35931,9.9418,-1.5928,0.86519,54.85
0.88189,-0.30196,0.045,0.35926,9.9417,-1.5928,0.86521,54.85
0.88185,-0.30328,0.044123,0.35836,9.9391,-1.5786,0.86512,54.86
0.88177,-0.30464,0.043267,0.35748,9.9366,-1.5644,0.86505,54.87
0.88175,-0.30599,0.042469,0.3565,9.9344,-1.5502,0.86498,54.88
0.88165,-0.30743,0.04165,0.35559,9.9324,-1.536,0.86492,54.89
0.88158,-0.30883,0.040947,0.35463,9.9306,-1.5217,0.86488,54.9
0.88158,-0.30893,0.040936,0.35455,9.9305,-1.5217,0.86484,54.9
0.88148,-0.31032,0.040125,0.35368,9.9289,-1.5075,0.8648,54.91
0.88143,-0.3117,0.039255,0.35269,9.9275,-1.4932,0.86478,54.92
0.88133,-0.31318,0.038301,0.35171,9.9264,-1.4789,0.86476,54.93
0.88125,-0.31462,0.037464,0.35074,9.9255,-1.4647,0.86475,54.94
0.88118,-0.31599,0.036626,0.34975,9.9248,-1.4504,0.86476,54.95
0.88119,-0.31589,0.036872,0.34981,9.9247,-1.4504,0.86479,54.95
0.88111,-0.31733,0.03608,0.34877,9.9242,-1.4361,0.8648,54.96
0.88105,-0.3187,0.035238,0.34776,9.9239,-1.4218,0.86483,54.97
0.88096,-0.32009,0.034434,0.3468,9.9239,-1.4075,0.86487,54.98
0.8808,-0.32149,0.033632,0.34598,9.9241,-1.3932,0.86493,54.99
0.88076,-0.32276,0.032821,0.34497,9.9245,-1.379,0.86499,55
0.88072,-0.3228,0.0328,0.34504,9.9244,-1.379,0.86497,55
0.88059,-0.32428,0.031965,0.34408,9.925,-1.3647,0.86504,55.01
0.88044,-0.32568,0.031151,0.34321,9.9259,-1.3504,0.86512,55.02
0.88035,-0.32703,0.030301,0.34223,9.9269,-1.3361,0.86522,55.03
0.88025,-0.32839,0.029467,0.34125,9.9282,-1.3218,0.86533,55.04
0.8801,-0.32976,0.028651,0.34039,9.9297,-1.3076,0.86544,55.05
0.88018,-0.3297,0.028731,0.34024,9.9296,-1.3077,0.86546,55.05
0.88008,-0.33105,0.027966,0.33923,9.9313,-1.2934,0.86559,55.06
0.88,-0.33238,0.027143,0.33821,9.9332,-1.2792,0.86573,55.07
0.8799,-0.33374,0.026349,0.33718,9.9354,-1.2649,0.86588,55.08
0.87978,-0.3351,0.025516,0.33621,9.9378,-1.2507,0.86605,55.09
0.8796,-0.33652,0.024691,0.33532,9.9403,-1.2366,0.86622,55.1
0.87956,-0.33656,0.02465,0.33541,9.9403,-1.2365,0.8662,55.1
0.87941,-0.33792,0.023823,0.33449,9.9431,-1.2224,0.86638,55.11
0.87927,-0.33931,0.022981,0.3335,9.9461,-1.2082,0.86657,55.12
0.87915,-0.34066,0.022134,0.33251,9.9493,-1.1941,0.86677,55.13
0.879,-0.34206,0.021337,0.33151,9.9528,-1.18,0.86699,55.14
0.87887,-0.3434,0.020505,0.33052,9.9565,-1.1659,0.86722,55.15
0.87886,-0.34339,0.020576,0.33054,9.9564,-1.1659,0.86722,55.15
0.87873,-0.34477,0.019775,0.32951,9.9603,-1.1518,0.86746,55.16
0.87861,-0.34609,0.018957,0.32848,9.9644,-1.1378,0.86771,55.17
0.87848,-0.3474,0.018146,0.32749,9.9687,-1.1237,0.86797,55.18
0.87833,-0.34878,0.017239,0.32649,9.9733,-1.1098,0.86824,55.19
0.8782,-0.35008,0.016436,0.32549,9.978,-1.0958,0.86853,55.2
0.87809,-0.35019,0.016495,0.32566,9.978,-1.0958,0.8685,55.2
0.87789,-0.35161,0.015658,0.32471,9.9829,-1.0819,0.86879,55.21
0.87775,-0.3529,0.014859,0.32371,9.9881,-1.068,0.86909,55.22
0.87757,-0.35421,0.014065,0.32282,9.9935,-1.0541,0.86941,55.23
0.87741,-0.3555,0.0133,0.32187,9.9991,-1.0403,0.86973,55.24
0.87722,-0.35682,0.012559,0.32094,10.005,-1.0265,0.87007,55.25
0.87724,-0.35696,0.012407,0.32074,10.005,-1.0266,0.87004,55.25
0.87703,-0.35835,0.011573,0.31981,10.011,-1.0128,0.87039,55.26
0.87685,-0.35972,0.010714,0.31879,10.017,-0.99912,0.87074,55.27
0.87662,-0.36107,0.0098964,0.31791,10.024,-0.98546,0.87111,55.28
0.87645,-0.36239,0.0090358,0.31689,10.03,-0.97185,0.87148,55.29
0.87629,-0.3637,0.0081755,0.31587,10.037,-0.95828,0.87187,55.3
0.87632,-0.3637,0.0083254,0.31579,10.037,-0.95826,0.87188,55.3
0.87614,-0.36497,0.0075314,0.31482,10.044,-0.94473,0.87228,55.31
0.87596,-0.36632,0.0067279,0.31379,10.051,-0.93124,0.87268,55.32
0.87576,-0.36763,0.0058995,0.31283,10.059,-0.91781,0.8731,55.33
0.87558,-0.36895,0.0050651,0.3118,10.067,-0.90443,0.87353,55.34
0.87537,-0.37028,0.0043068,0.31081,10.075,-0.8911,0.87397,55.35
0.87531,-0.37041,0.0042416,0.31082,10.075,-0.89108,0.87393,55.35
0.8751,-0.37177,0.0035466,0.30978,10.083,-0.8778,0.87438,55.36
0.87489,-0.37319,0.0027396,0.30869,10.091,-0.86456,0.87484,55.37
0.87467,-0.37449,0.0019227,0.30774,10.099,-0.85139,0.87531,55.38
0.87444,-0.37583,0.0010823,0.30676,10.108,-0.83827,0.87579,55.39
0.87422,-0.37715,0.00023835,0.30577,10.117,-0.82521,0.87628,55.4
0.87423,-0.37708,0.00015334,0.30582,10.117,-0.82519,0.87623,55.4
0.87397,-0.37845,-0.00057131,0.30487,10.126,-0.81218,0.87673,55.41
0.87372,-0.37981,-0.0013231,0.30389,10.136,-0.79923,0.87724,55.42
0.87346,-0.38114,-0.0021581,0.30299,10.145,-0.78635,0.87776,55.43
0.87319,-0.3825,-0.0029655,0.30203,10.155,-0.77352,0.87829,55.44
0.87292,-0.38387,-0.0038293,0.30105,10.165,-0.76077,0.87882,55.45
0.87308,-0.38373,-0.0039325,0.30079,10.165,-0.76081,0.87881,55.45
0.87282,-0.38515,-0.0048565,0.29972,10.175,-0.74812,0.87936,55.46
0.87258,-0.38647,-0.0057345,0.29869,10.185,-0.7355,0.87992,55.47
0.87237,-0.38771,-0.0065705,0.29767,10.195,-0.72295,0.88049,55.48
0.87211,-0.38905,-0.0074136,0.29666,10.206,-0.71047,0.88107,55.49
0.87181,-0.39045,-0.0081982,0.29568,10.217,-0.69807,0.88166,55.5
0.87185,-0.39033,-0.0080134,0.29574,10.217,-0.69797,0.88166,55.5
0.8716,-0.3917,-0.0089027,0.29463,10.228,-0.6856,0.88227,55.51
0.87131,-0.39309,-0.0097166,0.29362,10.239,-0.67332,0.88288,55.52
0.87105,-0.39439,-0.010538,0.29262,10.251,-0.66111,0.8835,55.53
0.87076,-0.39574,-0.011355,0.2916,10.262,-0.64897,0.88414,55.54
0.87052,-0.39707,-0.012208,0.2905,10.274,-0.63692,0.88478,55.55
0.87054,-0.39691,-0.0121,0.29066,10.274,-0.63694,0.88472,55.55
0.87024,-0.39828,-0.012869,0.28964,10.286,-0.62496,0.88537,55.56
0.86998,-0.39957,-0.013705,0.2886,10.298,-0.61306,0.88603,55.57
0.86968,-0.40091,-0.014504,0.28759,10.311,-0.60125,0.8867,55.58
0.86938,-0.40224,-0.015252,0.28662,10.323,-0.58952,0.88738,55.59
0.86913,-0.40352,-0.016005,0.28554,10.336,-0.57787,0.88806,55.6
0.86915,-0.40345,-0.016185,0.28555,10.336,-0.57788,0.8881,55.6
0.86888,-0.40477,-0.017043,0.28448,10.349,-0.56632,0.8888,55.61
0.86858,-0.40604,-0.017817,0.28353,10.362,-0.55484,0.8895,55.62
0.86829,-0.40732,-0.018594,0.28252,10.375,-0.54345,0.89022,55.63
0.86799,-0.40862,-0.019375,0.28152,10.389,-0.53215,0.89094,55.64
0.86772,-0.40987,-0.020192,0.28047,10.402,-0.52095,0.89167,55.65
0.86769,-0.40996,-0.020267,0.28043,10.402,-0.52088,0.89162,55.65
0.86739,-0.41128,-0.021034,0.27938,10.416,-0.50976,0.89236,55.66
0.86707,-0.41261,-0.021888,0.27833,10.43,-0.49872,0.8931,55.67
0.86677,-0.41389,-0.022734,0.2773,10.444,-0.48778,0.89385,55.68
0.86645,-0.41515,-0.023556,0.27633,10.458,-0.47693,0.89461,55.69
0.86615,-0.41644,-0.024389,0.27526,10.473,-0.46618,0.89538,55.7
0.86615,-0.41643,-0.02435,0.27527,10.473,-0.4661,0.89534,55.7
0.86585,-0.41769,-0.025203,0.27423,10.488,-0.45543,0.89612,55.71
0.86555,-0.41894,-0.026086,0.2732,10.502,-0.44487,0.8969,55.72
0.86523,-0.42019,-0.026947,0.27222,10.517,-0.4344,0.89769,55.73
0.86489,-0.42145,-0.027821,0.27124,10.532,-0.42403,0.89849,55.74
0.86453,-0.42276,-0.02857,0.27026,10.548,-0.41376,0.89929,55.75
0.86454,-0.42286,-0.028432,0.2701,10.548,-0.41371,0.89927,55.75
0.86423,-0.42405,-0.029263,0.26912,10.563,-0.40353,0.90008,55.76
0.86391,-0.42532,-0.030028,0.26807,10.579,-0.39346,0.90091,55.77
0.86354,-0.42665,-0.030815,0.26706,10.594,-0.3835,0.90174,55.78
0.86317,-0.42794,-0.031635,0.26609,10.61,-0.37364,0.90258,55.79
0.8628,-0.4292,-0.032473,0.26516,10.626,-0.36388,0.90343,55.8
0.86285,-0.42926,-0.032511,0.2649,10.626,-0.36385,0.90339,55.8
0.86251,-0.43056,-0.033215,0.26379,10.643,-0.35419,0.90424,55.81
0.86216,-0.43183,-0.033978,0.26276,10.659,-0.34464,0.9051,55.82
0.86178,-0.4332,-0.034754,0.26165,10.675,-0.3352,0.90597,55.83
0.86144,-0.43447,-0.035553,0.26057,10.692,-0.32587,0.90684,55.84
0.8611,-0.43569,-0.036385,0.25953,10.709,-0.31665,0.90773,55.85
0.86109,-0.43561,-0.036589,0.25968,10.709,-0.31658,0.90765,55.85
0.86075,-0.43686,-0.037393,0.25859,10.726,-0.30744,0.90854,55.86
0.86039,-0.43811,-0.038122,0.25755,10.743,-0.29842,0.90944,55.87
0.86,-0.43943,-0.038896,0.2565,10.76,-0.2895,0.91034,55.88
0.85968,-0.44058,-0.039778,0.25546,10.777,-0.28071,0.91125,55.89
0.8593,-0.44184,-0.040531,0.25443,10.795,-0.27202,0.91217,55.9
0.85925,-0.44193,-0.040663,0.25443,10.795,-0.27206,0.91211,55.9
0.85891,-0.44312,-0.041532,0.25336,10.812,-0.26349,0.91303,55.91
0.85853,-0.44437,-0.042325,0.25234,10.83,-0.25503,0.91396,55.92
0.85812,-0.44563,-0.043134,0.25137,10.848,-0.24669,0.91489,55.93
0.8577,-0.44696,-0.043985,0.25029,10.866,-0.23847,0.91583,55.94
0.85731,-0.44822,-0.044785,0.24921,10.884,-0.23037,0.91678,55.95
0.85733,-0.44821,-0.044734,0.24917,10.884,-0.2304,0.91673,55.95
0.85697,-0.44942,-0.045554,0.24808,10.902,-0.22241,0.91768,55.96
0.85658,-0.45063,-0.046447,0.24706,10.921,-0.21455,0.91863,55.97
0.85617,-0.45188,-0.047324,0.24605,10.939,-0.2068,0.91959,55.98
0.85578,-0.45313,-0.048189,0.24494,10.958,-0.19917,0.92056,55.99
0.85538,-0.45437,-0.049048,0.24386,10.976,-0.19167,0.92153,56
0.85534,-0.45445,-0.048799,0.24388,10.976,-0.1917,0.92148,56
0.85492,-0.45576,-0.049634,0.24277,10.995,-0.18431,0.92245,56.01
0.85455,-0.45694,-0.050487,0.24168,11.014,-0.17704,0.92344,56.02
0.85415,-0.4582,-0.051238,0.24054,11.033,-0.1699,0.92442,56.03
0.85373,-0.45942,-0.052006,0.23952,11.052,-0.16289,0.92542,56.04
0.85326,-0.4607,-0.052841,0.23858,11.071,-0.156,0.92642,56.05
0.85328,-0.46066,-0.05286,0.23856,11.072,-0.15608,0.92638,56.05
0.85279,-0.46199,-0.053704,0.23755,11.091,-0.14932,0.92738,56.06
0.85234,-0.46325,-0.054497,0.23654,11.11,-0.14269,0.92839,56.07
0.85193,-0.46446,-0.05533,0.23545,11.13,-0.13618,0.9294,56.08
0.85151,-0.46567,-0.056124,0.23436,11.15,-0.12981,0.93041,56.09
0.85108,-0.46689,-0.056961,0.23331,11.169,-0.12356,0.93143,56.1
0.85114,-0.46682,-0.056921,0.23323,11.17,-0.12362,0.93141,56.1
0.85068,-0.46809,-0.057781,0.23216,11.189,-0.1175,0.93243,56.11
0.85025,-0.46933,-0.05863,0.23102,11.209,-0.1115,0.93346,56.12
0.84985,-0.47052,-0.059373,0.22985,11.229,-0.10564,0.93449,56.13
0.84942,-0.47177,-0.060181,0.2287,11.249,-0.099909,0.93553,56.14
0.84896,-0.47297,-0.061005,0.2277,11.27,-0.09431,0.93657,56.15
0.84893,-0.47294,-0.060971,0.22788,11.27,-0.094355,0.93652,56.15
0.84846,-0.47421,-0.061742,0.22677,11.29,-0.088877,0.93757,56.16
0.84802,-0.47542,-0.062456,0.22568,11.31,-0.083532,0.93862,56.17
0.84754,-0.47667,-0.063205,0.22464,11.331,-0.078321,0.93967,56.18
0.84708,-0.47789,-0.063933,0.22357,11.351,-0.073245,0.94073,56.19
0.8466,-0.47914,-0.064781,0.22248,11.372,-0.068302,0.94179,56.2
0.84664,-0.47903,-0.065022,0.22251,11.372,-0.068437,0.94178,56.2
0.84618,-0.48018,-0.065802,0.22152,11.393,-0.063636,0.94284,56.21
0.84567,-0.48146,-0.066502,0.2205,11.413,-0.058971,0.9439,56.22
0.8452,-0.48268,-0.067229,0.21942,11.434,-0.054439,0.94497,56.23
0.84471,-0.48391,-0.067964,0.21835,11.455,-0.050044,0.94604,56.24
0.84422,-0.48513,-0.068785,0.21727,11.476,-0.045785,0.94711,56.25
0.84427,-0.48507,-0.069066,0.21713,11.476,-0.045869,0.94712,56.25
0.84385,-0.48618,-0.069939,0.21602,11.497,-0.04175,0.94819,56.26
0.84339,-0.48736,-0.070757,0.21488,11.518,-0.037769,0.94926,56.27
0.84289,-0.4886,-0.071519,0.21374,11.54,-0.033927,0.95033,56.28
0.8424,-0.48983,-0.072334,0.21261,11.561,-0.030222,0.95141,56.29
0.84186,-0.49107,-0.073127,0.21159,11.582,-0.026656,0.95249,56.3
0.84183,-0.49107,-0.073103,0.21171,11.582,-0.026703,0.95249,56.3
0.84136,-0.49225,-0.073861,0.2106,11.604,-0.023275,0.95357,56.31
0.84088,-0.49343,-0.074652,0.20947,11.625,-0.019986,0.95465,56.32
0.84032,-0.49471,-0.075548,0.20836,11.646,-0.016836,0.95574,56.33
0.8398,-0.49596,-0.076335,0.2072,11.668,-0.013825,0.95682,56.34
0.83929,-0.49715,-0.07726,0.20608,11.689,-0.010955,0.95791,56.35
0.83933,-0.49702,-0.077136,0.20628,11.689,-0.010982,0.95789,56.35
0.83884,-0.49819,-0.07801,0.20511,11.711,-0.0082346,0.95898,56.36
0.83831,-0.49939,-0.078864,0.20402,11.733,-0.0056291,0.96007,56.37
0.83776,-0.50065,-0.079622,0.20291,11.754,-0.0031658,0.96117,56.38
0.83721,-0.50186,-0.08046,0.20182,11.776,-0.00084386,0.96226,56.39
0.83668,-0.50303,-0.081365,0.20077,11.797,0.0013374,0.96336,56.4
0.83674,-0.50294,-0.081161,0.20084,11.798,0.0012407,0.96335,56.4
0.8362,-0.5041,-0.08196,0.19983,11.819,0.0032811,0.96444,56.41
0.83567,-0.5053,-0.082752,0.19869,11.841,0.00518,0.96554,56.42
0.83513,-0.5065,-0.083624,0.19756,11.863,0.0069379,0.96664,56.43
0.83462,-0.50761,-0.084333,0.19654,11.885,0.0085546,0.96774,56.44
0.83406,-0.50885,-0.08502,0.19542,11.907,0.01003,0.96884,56.45
0.83408,-0.50881,-0.085174,0.19538,11.907,0.0099156,0.96883,56.45
0.83356,-0.50996,-0.085958,0.19423,11.929,0.011238,0.96994,56.46
0.83303,-0.51115,-0.086775,0.19302,11.951,0.012419,0.97104,56.47
0.83247,-0.51235,-0.0876,0.19188,11.972,0.013457,0.97215,56.48
0.83188,-0.51358,-0.088492,0.19074,11.994,0.014353,0.97325,56.49
0.83131,-0.51473,-0.089389,0.1897,12.016,0.015106,0.97436,56.5
0.83135,-0.51463,-0.089182,0.1899,12.017,0.015079,0.97429,56.5
0.83076,-0.51583,-0.090018,0.18881,12.038,0.015701,0.9754,56.51
0.83024,-0.51693,-0.090831,0.18771,12.06,0.016181,0.9765,56.52
0.82968,-0.51811,-0.091635,0.18657,12.082,0.016517,0.97761,56.53
0.82911,-0.51926,-0.092491,0.18545,12.104,0.016711,0.97871,56.54
0.82857,-0.52037,-0.093306,0.18434,12.126,0.016761,0.97982,56.55
0.82854,-0.52041,-0.093186,0.1844,12.126,0.016682,0.97976,56.55
0.82801,-0.5215,-0.094088,0.18327,12.148,0.016585,0.98086,56.56
0.82745,-0.52264,-0.094832,0.18216,12.17,0.016343,0.98197,56.57
0.82684,-0.5238,-0.095578,0.18121,12.192,0.01596,0.98307,56.58
0.82623,-0.52498,-0.096458,0.18012,12.214,0.015435,0.98418,56.59
0.82572,-0.526,-0.097199,0.17904,12.236,0.014767,0.98528,56.6
0.82567,-0.52615,-0.097177,0.17889,12.236,0.014677,0.98523,56.6
0.82513,-0.52722,-0.097906,0.17779,12.258,0.013859,0.98633,56.61
0.82455,-0.52836,-0.098792,0.17661,12.28,0.012899,0.98744,56.62
0.82396,-0.52949,-0.099629,0.17551,12.302,0.011796,0.98853,56.63
0.82335,-0.53063,-0.10055,0.1744,12.324,0.010554,0.98963,56.64
0.82281,-0.5317,-0.10135,0.17323,12.346,0.0091695,0.99073,56.65
0.82272,-0.53183,-0.10116,0.17336,12.346,0.0091521,0.99065,56.65
0.82212,-0.53299,-0.10186,0.17222,12.368,0.0076337,0.99174,56.66
0.82152,-0.53414,-0.10267,0.17102,12.39,0.005973,0.99284,56.67
0.82094,-0.53524,-0.10343,0.16992,12.411,0.0041712,0.99393,56.68
0.82038,-0.53633,-0.10423,0.16871,12.433,0.0022292,0.99501,56.69
0.81974,-0.53748,-0.10506,0.16765,12.455,0.00014687,0.9961,56.7
0.8197,-0.53747,-0.10514,0.16782,12.455,7.9239e-05,0.99605,56.7
0.81909,-0.53859,-0.10599,0.16669,12.477,-0.0021455,0.99714,56.71
0.81848,-0.53968,-0.10686,0.16561,12.498,-0.0045106,0.99822,56.72
0.81789,-0.54072,-0.10768,0.16455,12.52,-0.0070155,0.9993,56.73
0.81727,-0.54184,-0.10844,0.16344,12.541,-0.0096595,1.0004,56.74
0.81668,-0.5429,-0.10925,0.16237,12.563,-0.012443,1.0015,56.75
0.8166,-0.54307,-0.10911,0.16226,12.563,-0.012542,1.0014,56.75
0.81594,-0.54422,-0.10993,0.16122,12.585,-0.015478,1.0025,56.76
0.8153,-0.54532,-0.11072,0.16016,12.606,-0.018552,1.0036,56.77
0.81469,-0.54643,-0.11145,0.15897,12.628,-0.021765,1.0046,56.78
0.81406,-0.54755,-0.11224,0.15782,12.649,-0.025117,1.0057,56.79
0.81339,-0.5487,-0.11295,0.15673,12.67,-0.028608,1.0068,56.8
0.81343,-0.54862,-0.11307,0.15669,12.67,-0.028677,1.0067,56.8
0.81277,-0.54975,-0.11396,0.15553,12.692,-0.032314,1.0078,56.81
0.81209,-0.5509,-0.11471,0.15445,12.713,-0.036089,1.0088,56.82
0.81146,-0.55199,-0.11547,0.15333,12.734,-0.040001,1.0099,56.83
0.81081,-0.55307,-0.11627,0.15225,12.755,-0.044048,1.0109,56.84
0.81008,-0.55425,-0.11712,0.15119,12.776,-0.04823,1.012,56.85
0.8102,-0.55412,-0.11702,0.15111,12.776,-0.048268,1.0119,56.85
0.80957,-0.55517,-0.11776,0.15004,12.797,-0.052585,1.013,56.86
0.8089,-0.55627,-0.11861,0.14893,12.818,-0.057038,1.014,56.87
0.80823,-0.55739,-0.11944,0.14771,12.839,-0.061625,1.015,56.88
0.80756,-0.55849,-0.12026,0.14652,12.859,-0.066347,1.0161,56.89
0.80685,-0.55966,-0.12103,0.14533,12.88,-0.071202,1.0171,56.9
0.80689,-0.55958,-0.12096,0.1455,12.88,-0.071241,1.0171,56.9
0.80622,-0.56067,-0.12169,0.14438,12.901,-0.076247,1.0181,56.91
0.8056,-0.56169,-0.12246,0.14323,12.921,-0.081385,1.0191,56.92
0.8049,-0.56281,-0.1232,0.14211,12.942,-0.086656,1.0201,56.93
0.80422,-0.56394,-0.12389,0.14092,12.962,-0.092058,1.0211,56.94
0.80352,-0.56502,-0.12467,0.13989,12.982,-0.097591,1.0221,56.95
0.80351,-0.56499,-0.12488,0.1399,12.983,-0.097591,1.0221,56.95
0.80284,-0.56605,-0.12567,0.1387,13.003,-0.10327,1.0231,56.96
0.80216,-0.5671,-0.12654,0.13756,13.023,-0.10907,1.0241,56.97
0.80147,-0.56817,-0.12734,0.1364,13.043,-0.11501,1.0251,56.98
0.80074,-0.56927,-0.12825,0.13526,13.062,-0.12107,1.0261,56.99
0.80007,-0.5703,-0.12899,0.13418,13.082,-0.12726,1.0271,57
0.80006,-0.57034,-0.1288,0.13427,13.083,-0.12722,1.027,57
0.79935,-0.57144,-0.12956,0.13308,13.102,-0.13351,1.028,57.01
0.79862,-0.57254,-0.13039,0.13194,13.122,-0.13994,1.0289,57.02
0.79785,-0.57366,-0.1312,0.1309,13.141,-0.14649,1.0299,57.03
0.79715,-0.57469,-0.13203,0.12978,13.161,-0.15317,1.0309,57.04
0.79644,-0.57573,-0.13293,0.12861,13.18,-0.15997,1.0318,57.05
0.79654,-0.57564,-0.13271,0.12864,13.18,-0.16006,1.0318,57.05
0.79581,-0.57673,-0.13345,0.12753,13.199,-0.167,1.0327,57.06
0.79514,-0.57773,-0.13422,0.12633,13.218,-0.17405,1.0337,57.07
0.79449,-0.57871,-0.13503,0.12509,13.237,-0.18123,1.0346,57.08
0.79376,-0.57977,-0.13578,0.12398,13.256,-0.18853,1.0355,57.09
0.79309,-0.58076,-0.13653,0.12285,13.275,-0.19595,1.0364,57.1
0.79295,-0.5809,-0.1366,0.12299,13.275,-0.19605,1.0364,57.1
0.79221,-0.58196,-0.13745,0.12182,13.294,-0.2036,1.0374,57.11
0.79146,-0.58301,-0.13823,0.12072,13.312,-0.21127,1.0383,57.12
0.79072,-0.58407,-0.13897,0.11966,13.331,-0.21906,1.0392,57.13
0.78998,-0.58507,-0.13987,0.11856,13.349,-0.22696,1.0401,57.14
0.7892,-0.58616,-0.14071,0.11744,13.367,-0.23498,1.041,57.15
0.78929,-0.5861,-0.14047,0.11733,13.367,-0.23509,1.041,57.15
0.78858,-0.58711,-0.1412,0.11623,13.385,-0.24324,1.0418,57.16
0.78786,-0.58814,-0.14188,0.11505,13.403,-0.25151,1.0427,57.17
0.7871,-0.58917,-0.14274,0.11392,13.421,-0.25988,1.0436,57.18
0.78636,-0.5902,-0.14349,0.11276,13.439,-0.26837,1.0444,57.19
0.78559,-0.5912,-0.14438,0.1117,13.456,-0.27698,1.0453,57.2
0.78556,-0.59126,-0.14435,0.11166,13.456,-0.27711,1.0453,57.2
0.78484,-0.59226,-0.14508,0.11049,13.474,-0.28583,1.0461,57.21
0.78409,-0.59326,-0.14587,0.10938,13.491,-0.29467,1.047,57.22
0.78329,-0.59431,-0.14668,0.1083,13.508,-0.30362,1.0478,57.23
0.78246,-0.5954,-0.14751,0.10724,13.525,-0.31267,1.0486,57.24
0.78166,-0.59646,-0.14827,0.10607,13.542,-0.32184,1.0494,57.25
0.78177,-0.59636,-0.14821,0.10599,13.542,-0.32196,1.0494,57.25
0.78105,-0.59731,-0.14894,0.10489,13.559,-0.33123,1.0503,57.26
0.78028,-0.59832,-0.14967,0.10377,13.575,-0.34061,1.0511,57.27
0.7795,-0.59933,-0.15049,0.10265,13.592,-0.3501,1.0519,57.28
0.77876,-0.60032,-0.15121,0.10144,13.608,-0.35969,1.0526,57.29
0.77791,-0.60142,-0.15197,0.10026,13.624,-0.36938,1.0534,57.3
0.7779,-0.60141,-0.15205,0.1003,13.624,-0.36955,1.0534,57.3
0.77711,-0.60243,-0.15278,0.09918,13.64,-0.37936,1.0542,57.31
0.77634,-0.60344,-0.15351,0.097931,13.656,-0.38927,1.055,57.32
0.77548,-0.60453,-0.15429,0.096783,13.672,-0.39928,1.0557,57.33
0.77472,-0.60551,-0.15503,0.095601,13.687,-0.40939,1.0565,57.34
0.77394,-0.60648,-0.1558,0.094456,13.702,-0.41959,1.0572,57.35
0.77396,-0.60641,-0.15587,0.094605,13.703,-0.41973,1.0572,57.35
0.77317,-0.60741,-0.1566,0.09344,13.718,-0.43004,1.0579,57.36
0.77238,-0.60839,-0.15739,0.092316,13.733,-0.44045,1.0587,57.37
0.7716,-0.60937,-0.15814,0.091121,13.748,-0.45095,1.0594,57.38
0.77081,-0.61033,-0.15887,0.089987,13.762,-0.46154,1.0601,57.39
0.77001,-0.61135,-0.15952,0.088844,13.777,-0.47224,1.0608,57.4
0.76996,-0.61135,-0.15969,0.088899,13.777,-0.47241,1.0608,57.4
0.76912,-0.6124,-0.16041,0.087708,13.791,-0.48321,1.0615,57.41
0.76837,-0.61331,-0.16119,0.086463,13.806,-0.49409,1.0622,57.42
0.76753,-0.61431,-0.162,0.085248,13.82,-0.50507,1.0628,57.43
0.76672,-0.61528,-0.16277,0.084139,13.834,-0.51613,1.0635,57.44
0.76593,-0.61621,-0.16355,0.082977,13.847,-0.52729,1.0642,57.45
0.76589,-0.61625,-0.16349,0.083181,13.847,-0.52742,1.0641,57.45
0.76509,-0.61721,-0.1642,0.082085,13.861,-0.53866,1.0648,57.46
0.76429,-0.61814,-0.16493,0.080959,13.874,-0.54999,1.0654,57.47
0.76346,-0.61913,-0.16562,0.079858,13.887,-0.5614,1.0661,57.48
0.76267,-0.62005,-0.16638,0.078703,13.9,-0.57289,1.0667,57.49
0.76179,-0.62106,-0.16716,0.077557,13.913,-0.58446,1.0673,57.5
0.76175,-0.62109,-0.16727,0.077465,13.913,-0.58468,1.0673,57.5
0.7609,-0.62206,-0.16804,0.076368,13.926,-0.59637,1.0679,57.51
0.76009,-0.62299,-0.16877,0.075207,13.938,-0.60814,1.0685,57.52
0.7592,-0.624,-0.16958,0.074043,13.951,-0.61998,1.0691,57.53
0.75842,-0.6249,-0.1703,0.072848,13.963,-0.6319,1.0697,57.54
0.75751,-0.62592,-0.17105,0.07169,13.975,-0.6439,1.0702,57.55
0.75755,-0.62588,-0.17104,0.071738,13.975,-0.644,1.0702,57.55
0.75671,-0.62681,-0.17183,0.070514,13.987,-0.65608,1.0708,57.56
0.75586,-0.62775,-0.17264,0.069353,13.998,-0.66824,1.0713,57.57
0.75498,-0.62871,-0.17341,0.068225,14.01,-0.68047,1.0718,57.58
0.75414,-0.62962,-0.17423,0.067117,14.021,-0.69277,1.0724,57.59
0.75331,-0.63052,-0.17495,0.066016,14.032,-0.70514,1.0729,57.6
0.75328,-0.63061,-0.17479,0.066008,14.032,-0.70521,1.0728,57.6
0.75237,-0.63157,-0.17557,0.064994,14.043,-0.71766,1.0734,57.61
0.75151,-0.63249,-0.17639,0.063842,14.053,-0.73017,1.0739,57.62
0.75067,-0.63338,-0.17717,0.062744,14.064,-0.74275,1.0743,57.63
0.7498,-0.63432,-0.17787,0.061615,14.074,-0.75539,1.0748,57.64
0.74891,-0.63529,-0.17855,0.060483,14.084,-0.7681,1.0753,57.65
0.74894,-0.63528,-0.17853,0.060269,14.084,-0.76825,1.0752,57.65
0.7481,-0.63618,-0.17924,0.059181,14.094,-0.78103,1.0757,57.66
0.74722,-0.63711,-0.17999,0.057987,14.103,-0.79388,1.0762,57.67
0.74631,-0.63806,-0.18073,0.056905,14.113,-0.80678,1.0766,57.68
0.74544,-0.63896,-0.18146,0.055856,14.122,-0.81974,1.077,57.69
0.74452,-0.63991,-0.1822,0.054855,14.131,-0.83276,1.0775,57.7
0.74454,-0.6399,-0.18226,0.054522,14.131,-0.83288,1.0774,57.7
0.74361,-0.64087,-0.18297,0.053301,14.14,-0.84595,1.0778,57.71
0.7427,-0.64181,-0.18372,0.052119,14.149,-0.85909,1.0782,57.72
0.74179,-0.64273,-0.18448,0.050988,14.157,-0.87228,1.0786,57.73
0.7409,-0.64363,-0.18528,0.049822,14.165,-0.88552,1.0789,57.74
0.73999,-0.64452,-0.18609,0.048676,14.173,-0.89881,1.0793,57.75
0.74008,-0.64446,-0.18597,0.048772,14.173,-0.89889,1.0794,57.75
0.73914,-0.64537,-0.1868,0.047594,14.181,-0.91223,1.0797,57.76
0.73827,-0.64625,-0.18748,0.046518,14.189,-0.92562,1.0801,57.77
0.73733,-0.64717,-0.1883,0.045354,14.196,-0.93905,1.0804,57.78
0.73643,-0.64807,-0.18899,0.044301,14.203,-0.95253,1.0808,57.79
0.73553,-0.64897,-0.18967,0.0431,14.21,-0.96605,1.0811,57.8
0.73554,-0.64897,-0.18965,0.043016,14.21,-0.96626,1.0811,57.8
0.73459,-0.64993,-0.19033,0.041829,14.217,-0.97986,1.0814,57.81
0.73367,-0.65081,-0.19112,0.040743,14.224,-0.99349,1.0817,57.82
0.7327,-0.65174,-0.19186,0.039642,14.23,-1.0072,1.082,57.83
0.7318,-0.65261,-0.19259,0.038407,14.236,-1.0209,1.0823,57.84
0.73085,-0.65353,-0.19333,0.03728,14.242,-1.0346,1.0826,57.85
0.73094,-0.65342,-0.19333,0.037256,14.242,-1.0347,1.0824,57.85
0.73001,-0.65428,-0.19418,0.036066,14.248,-1.0485,1.0827,57.86
0.72911,-0.65514,-0.19487,0.034925,14.253,-1.0623,1.0829,57.87
0.72822,-0.65597,-0.19556,0.033826,14.259,-1.0762,1.0832,57.88
0.7273,-0.65683,-0.19631,0.032705,14.264,-1.0901,1.0834,57.89
0.72636,-0.65768,-0.19714,0.031644,14.269,-1.104,1.0836,57.9
0.72629,-0.65781,-0.19697,0.031494,14.269,-1.1041,1.0836,57.9
0.72535,-0.65867,-0.19776,0.030324,14.273,-1.1181,1.0838,57.91
0.7244,-0.65953,-0.19853,0.029177,14.278,-1.132,1.084,57.92
0.72345,-0.66041,-0.19923,0.02802,14.282,-1.146,1.0842,57.93
0.72249,-0.66126,-0.20006,0.026855,14.286,-1.1601,1.0844,57.94
0.7215,-0.66216,-0.20079,0.025726,14.29,-1.1741,1.0845,57.95
0.72156,-0.66214,-0.20062,0.025726,14.29,-1.1743,1.0844,57.95
0.72063,-0.66298,-0.20136,0.024533,14.293,-1.1884,1.0846,57.96
0.71968,-0.66383,-0.20211,0.023344,14.297,-1.2025,1.0847,57.97
0.71876,-0.66464,-0.20285,0.02223,14.3,-1.2166,1.0849,57.98
0.71774,-0.66554,-0.20359,0.021118,14.303,-1.2307,1.085,57.99
0.71676,-0.66641,-0.20436,0.019901,14.305,-1.2449,1.0851,58
0.71679,-0.66641,-0.20423,0.019958,14.306,-1.245,1.085,58
0.71579,-0.6673,-0.20495,0.018842,14.308,-1.2592,1.0851,58.01
0.71486,-0.66809,-0.20569,0.017704,14.31,-1.2734,1.0852,58.02
0.71387,-0.66894,-0.20648,0.01657,14.312,-1.2876,1.0852,58.03
0.71285,-0.66979,-0.20731,0.015383,14.314,-1.3018,1.0853,58.04
0.71188,-0.67066,-0.20794,0.014181,14.316,-1.316,1.0854,58.05
0.71193,-0.67064,-0.20784,0.014187,14.316,-1.3161,1.0853,58.05
0.71092,-0.67152,-0.20853,0.013,14.317,-1.3304,1.0854,58.06
0.70997,-0.67233,-0.20925,0.011781,14.318,-1.3446,1.0854,58.07
0.70896,-0.67319,-0.20995,0.010569,14.319,-1.3589,1.0854,58.08
0.70801,-0.67397,-0.21069,0.0094119,14.32,-1.3731,1.0854,58.09
0.70704,-0.6748,-0.21133,0.0082838,14.321,-1.3874,1.0854,58.1
0.70702,-0.67479,-0.21142,0.0084178,14.321,-1.3875,1.0853,58.1
0.70602,-0.67564,-0.21211,0.0072556,14.321,-1.4018,1.0853,58.11
0.70499,-0.67648,-0.21289,0.0061774,14.321,-1.4161,1.0853,58.12
0.70395,-0.67735,-0.21362,0.0050223,14.321,-1.4304,1.0852,58.13
0.70296,-0.67815,-0.21434,0.0039174,14.32,-1.4446,1.0852,58.14
0.70186,-0.67908,-0.21503,0.002748,14.32,-1.4589,1.0851,58.15
0.70205,-0.6789,-0.21499,0.0026388,14.32,-1.459,1.0851,58.15
0.70111,-0.67965,-0.21568,0.0014938,14.319,-1.4733,1.085,58.16
0.70011,-0.68045,-0.21642,0.0003211,14.318,-1.4875,1.0849,58.17
0.69912,-0.68121,-0.2172,-0.00079013,14.317,-1.5018,1.0848,58.18
0.69807,-0.68203,-0.21802,-0.0019636,14.315,-1.516,1.0847,58.19
0.69705,-0.68283,-0.21875,-0.0030068,14.314,-1.5302,1.0846,58.2
0.69702,-0.68294,-0.21853,-0.003136,14.314,-1.5303,1.0846,58.2
0.69602,-0.68371,-0.21925,-0.0042739,14.312,-1.5445,1.0844,58.21
0.69506,-0.68443,-0.22003,-0.0053712,14.31,-1.5587,1.0843,58.22
0.69409,-0.6852,-0.2207,-0.0065315,14.307,-1.5729,1.0842,58.23
0.69312,-0.68595,-0.22137,-0.0076888,14.305,-1.5871,1.084,58.24
0.69203,-0.68678,-0.22216,-0.0087678,14.302,-1.6013,1.0838,58.25
0.69192,-0.68692,-0.22206,-0.0089002,14.302,-1.6014,1.0838,58.25
0.69082,-0.68779,-0.22276,-0.010121,14.299,-1.6155,1.0836,58.26
0.6898,-0.68855,-0.22347,-0.011336,14.296,-1.6296,1.0834,58.27
0.68876,-0.68935,-0.22417,-0.01246,14.292,-1.6437,1.0832,58.28
0.68777,-0.69009,-0.22485,-0.013661,14.289,-1.6578,1.083,58.29
0.68673,-0.69086,-0.22559,-0.014847,14.285,-1.6718,1.0827,58.3
0.68677,-0.69084,-0.22556,-0.014673,14.285,-1.6719,1.0827,58.3
0.68573,-0.69159,-0.22633,-0.015841,14.281,-1.686,1.0825,58.31
0.68464,-0.69238,-0.22711,-0.01708,14.276,-1.7,1.0822,58.32
0.68352,-0.69322,-0.22785,-0.018303,14.272,-1.7139,1.082,58.33
0.68242,-0.69404,-0.22856,-0.019381,14.267,-1.7279,1.0817,58.34
0.68134,-0.69482,-0.2293,-0.020549,14.262,-1.7418,1.0814,58.35
0.68155,-0.69469,-0.22906,-0.020442,14.262,-1.7419,1.0814,58.35
0.68054,-0.69542,-0.22976,-0.021558,14.257,-1.7557,1.0811,58.36
0.6795,-0.69616,-0.23048,-0.022624,14.252,-1.7696,1.0808,58.37
0.6784,-0.69698,-0.23115,-0.023699,14.246,-1.7833,1.0805,58.38
0.67732,-0.69776,-0.23184,-0.024873,14.24,-1.7971,1.0802,58.39
0.67629,-0.69848,-0.23255,-0.026056,14.234,-1.8108,1.0798,58.4
0.67627,-0.6985,-0.23251,-0.026214,14.234,-1.811,1.0798,58.4
0.67517,-0.69927,-0.23324,-0.027412,14.228,-1.8247,1.0794,58.41
0.67408,-0.70003,-0.234,-0.028598,14.222,-1.8384,1.0791,58.42
0.6731,-0.70074,-0.23456,-0.02976,14.215,-1.852,1.0787,58.43
0.67196,-0.70152,-0.23535,-0.030859,14.208,-1.8655,1.0783,58.44
0.67088,-0.70227,-0.23601,-0.032063,14.201,-1.8791,1.078,58.45
0.67094,-0.70224,-0.23596,-0.031982,14.201,-1.8791,1.0779,58.45
0.66984,-0.70302,-0.23659,-0.033118,14.194,-1.8926,1.0775,58.46
0.66875,-0.70378,-0.23725,-0.034363,14.186,-1.906,1.0771,58.47
0.66766,-0.70453,-0.23791,-0.035477,14.179,-1.9194,1.0767,58.48
0.66655,-0.70532,-0.23853,-0.036649,14.171,-1.9327,1.0762,58.49
0.66545,-0.70606,-0.23923,-0.037733,14.163,-1.946,1.0758,58.5
0.66555,-0.70591,-0.23939,-0.037751,14.163,-1.9461,1.0758,58.5
0.66446,-0.70666,-0.24005,-0.038854,14.154,-1.9594,1.0753,58.51
0.6634,-0.70733,-0.24077,-0.040107,14.146,-1.9725,1.0749,58.52
0.66235,-0.70801,-0.24148,-0.041282,14.137,-1.9856,1.0744,58.53
0.66131,-0.70871,-0.24209,-0.042467,14.128,-1.9987,1.0739,58.54
0.66021,-0.7094,-0.24283,-0.043655,14.119,-2.0117,1.0734,58.55
0.6601,-0.70953,-0.24279,-0.043512,14.119,-2.0118,1.0734,58.55
0.65896,-0.71027,-0.24349,-0.044646,14.11,-2.0247,1.0729,58.56
0.65787,-0.71101,-0.24405,-0.045922,14.101,-2.0376,1.0724,58.57
0.65678,-0.71171,-0.24474,-0.047106,14.091,-2.0504,1.0718,58.58
0.6556,-0.71246,-0.24549,-0.048201,14.081,-2.0631,1.0713,58.59
0.65447,-0.71318,-0.24617,-0.049337,14.071,-2.0758,1.0708,58.6
0.65459,-0.71308,-0.24618,-0.049269,14.071,-2.076,1.0707,58.6
0.65348,-0.71376,-0.24691,-0.050412,14.061,-2.0886,1.0702,58.61
0.65238,-0.71443,-0.24764,-0.051569,14.05,-2.1011,1.0696,58.62
0.6513,-0.71509,-0.24834,-0.05276,14.039,-2.1136,1.0691,58.63
0.65018,-0.71577,-0.24904,-0.054021,14.029,-2.126,1.0685,58.64
0.64905,-0.71647,-0.24972,-0.055126,14.018,-2.1384,1.0679,58.65
0.64902,-0.71657,-0.24953,-0.055018,14.017,-2.1385,1.0679,58.65
0.64784,-0.71734,-0.25012,-0.056254,14.006,-2.1508,1.0673,58.66
0.64668,-0.71805,-0.2508,-0.057485,13.995,-2.1629,1.0667,58.67
0.6455,-0.71879,-0.25147,-0.058641,13.983,-2.175,1.0661,58.68
0.64439,-0.71948,-0.25209,-0.059745,13.971,-2.1871,1.0654,58.69
0.64322,-0.72018,-0.25278,-0.060862,13.96,-2.199,1.0648,58.7
0.64339,-0.72001,-0.25287,-0.060771,13.959,-2.1992,1.0648,58.7
0.64225,-0.72072,-0.25345,-0.06194,13.947,-2.2111,1.0641,58.71
0.64115,-0.72134,-0.25418,-0.063118,13.935,-2.2229,1.0635,58.72
0.64001,-0.72201,-0.25485,-0.064355,13.922,-2.2347,1.0628,58.73
0.63882,-0.72272,-0.25552,-0.065437,13.91,-2.2463,1.0621,58.74
0.63773,-0.72337,-0.25615,-0.066583,13.897,-2.2579,1.0614,58.75
0.63772,-0.72337,-0.25619,-0.066518,13.897,-2.258,1.0614,58.75
0.63651,-0.72411,-0.25679,-0.067746,13.884,-2.2695,1.0607,58.76
0.63543,-0.7247,-0.25743,-0.06896,13.87,-2.2809,1.06,58.77
0.6343,-0.72533,-0.25817,-0.070054,13.857,-2.2922,1.0593,58.78
0.63317,-0.726,-0.25876,-0.071132,13.843,-2.3034,1.0586,58.79
0.63207,-0.7266,-0.25949,-0.072223,13.83,-2.3145,1.0579,58.8
0.63198,-0.72667,-0.25949,-0.072256,13.83,-2.3146,1.0579,58.8
0.63081,-0.72735,-0.2601,-0.073373,13.816,-2.3257,1.0572,58.81
0.62958,-0.72803,-0.26085,-0.074534,13.802,-2.3367,1.0564,58.82
0.62842,-0.7287,-0.26142,-0.075732,13.787,-2.3475,1.0557,58.83
0.62724,-0.72936,-0.26209,-0.076918,13.773,-2.3583,1.0549,58.84
0.62612,-0.72994,-0.2628,-0.078094,13.758,-2.369,1.0541,58.85
0.62619,-0.72991,-0.26275,-0.077998,13.758,-2.369,1.0542,58.85
0.62506,-0.73052,-0.26339,-0.07917,13.743,-2.3796,1.0534,58.86
0.62382,-0.7312,-0.26407,-0.080333,13.729,-2.3901,1.0526,58.87
0.62262,-0.73186,-0.26473,-0.081516,13.713,-2.4005,1.0518,58.88
0.62149,-0.73247,-0.26534,-0.082643,13.698,-2.4108,1.051,58.89
0.62031,-0.7331,-0.26601,-0.083807,13.683,-2.421,1.0502,58.9
0.62035,-0.73308,-0.266,-0.08372,13.683,-2.421,1.0502,58.9
0.61917,-0.73372,-0.26662,-0.08485,13.667,-2.4311,1.0494,58.91
0.61799,-0.73435,-0.26725,-0.085975,13.651,-2.4411,1.0486,58.92
0.61683,-0.73499,-0.26778,-0.08719,13.636,-2.4509,1.0478,58.93
0.61566,-0.73561,-0.26839,-0.088359,13.62,-2.4607,1.0469,58.94
0.61443,-0.73625,-0.26905,-0.089578,13.604,-2.4704,1.0461,58.95
0.61444,-0.73619,-0.26922,-0.089433,13.603,-2.4705,1.046,58.95
0.61328,-0.73678,-0.2699,-0.090531,13.587,-2.4801,1.0451,58.96
0.61207,-0.7374,-0.27058,-0.091637,13.571,-2.4896,1.0442,58.97
0.61088,-0.73802,-0.27119,-0.092787,13.554,-2.4989,1.0434,58.98
0.60965,-0.73864,-0.27185,-0.093974,13.537,-2.5082,1.0425,58.99
0.60846,-0.73927,-0.2724,-0.095169,13.52,-2.5173,1.0416,59
0.6085,-0.73923,-0.27242,-0.095148,13.52,-2.5173,1.0416,59
0.60735,-0.73978,-0.27312,-0.096237,13.503,-2.5264,1.0407,59.01
0.60615,-0.74039,-0.27371,-0.097434,13.486,-2.5353,1.0398,59.02
0.60488,-0.74103,-0.27438,-0.098548,13.469,-2.5441,1.0389,59.03
0.60371,-0.74161,-0.275,-0.099619,13.451,-2.5527,1.038,59.04
0.6026,-0.74215,-0.27558,-0.10075,13.434,-2.5613,1.0371,59.05
0.60249,-0.74221,-0.2756,-0.10086,13.434,-2.5614,1.0371,59.05
0.60122,-0.74285,-0.27625,-0.10195,13.416,-2.5699,1.0362,59.06
0.60012,-0.74335,-0.27687,-0.10309,13.398,-2.5782,1.0353,59.07
0.59894,-0.74393,-0.27743,-0.1042,13.38,-2.5864,1.0343,59.08
0.59771,-0.74454,-0.27802,-0.10535,13.362,-2.5945,1.0334,59.09
0.59654,-0.74509,-0.27867,-0.10639,13.344,-2.6025,1.0324,59.1
0.59643,-0.74513,-0.27875,-0.10655,13.344,-2.6026,1.0325,59.1
0.59519,-0.7457,-0.27944,-0.10773,13.325,-2.6105,1.0315,59.11
0.59395,-0.74629,-0.28003,-0.10885,13.307,-2.6182,1.0305,59.12
0.59277,-0.74683,-0.28068,-0.10995,13.288,-2.6259,1.0296,59.13
0.59153,-0.74741,-0.28131,-0.11105,13.27,-2.6334,1.0286,59.14
0.59028,-0.74798,-0.28198,-0.11215,13.251,-2.6408,1.0276,59.15
0.59032,-0.74798,-0.28188,-0.11224,13.251,-2.6408,1.0276,59.15
0.58905,-0.74858,-0.28243,-0.11351,13.232,-2.6481,1.0267,59.16
0.58776,-0.7492,-0.28302,-0.11466,13.213,-2.6552,1.0257,59.17
0.58656,-0.74971,-0.28367,-0.11584,13.194,-2.6622,1.0247,59.18
0.58531,-0.75028,-0.28429,-0.11691,13.175,-2.6691,1.0237,59.19
0.58409,-0.7508,-0.28496,-0.11801,13.155,-2.6759,1.0227,59.2
0.58416,-0.75076,-0.28498,-0.11791,13.155,-2.6759,1.0227,59.2
0.58294,-0.75128,-0.28565,-0.11903,13.136,-2.6825,1.0217,59.21
0.58169,-0.75179,-0.28638,-0.1202,13.116,-2.6891,1.0207,59.22
0.58045,-0.75234,-0.28696,-0.12128,13.097,-2.6954,1.0197,59.23
0.57917,-0.7529,-0.28756,-0.12249,13.077,-2.7017,1.0187,59.24
0.57793,-0.7534,-0.28827,-0.12362,13.057,-2.7078,1.0177,59.25
0.57795,-0.75347,-0.28806,-0.12358,13.057,-2.7078,1.0177,59.25
0.57674,-0.75398,-0.28867,-0.12474,13.037,-2.7138,1.0166,59.26
0.57552,-0.75446,-0.28934,-0.1259,13.017,-2.7197,1.0156,59.27
0.57427,-0.75497,-0.29001,-0.12698,12.997,-2.7254,1.0146,59.28
0.57308,-0.75546,-0.29061,-0.12806,12.977,-2.731,1.0135,59.29
0.57177,-0.75599,-0.29133,-0.12915,12.956,-2.7365,1.0125,59.3
0.57169,-0.75612,-0.29111,-0.12924,12.956,-2.7365,1.0125,59.3
0.57045,-0.75664,-0.29173,-0.13032,12.936,-2.7419,1.0114,59.31
0.56913,-0.75717,-0.29243,-0.13141,12.915,-2.7471,1.0104,59.32
0.56787,-0.75771,-0.29298,-0.13255,12.895,-2.7522,1.0093,59.33
0.56664,-0.75817,-0.2936,-0.13377,12.874,-2.7571,1.0083,59.34
0.56535,-0.7587,-0.29419,-0.13492,12.854,-2.7619,1.0072,59.35
0.56538,-0.75871,-0.29414,-0.13489,12.853,-2.7619,1.0072,59.35
0.56413,-0.75917,-0.29476,-0.13617,12.832,-2.7666,1.0062,59.36
0.56291,-0.75962,-0.29537,-0.13735,12.812,-2.7711,1.0051,59.37
0.5616,-0.76012,-0.29602,-0.13853,12.791,-2.7755,1.004,59.38
0.56033,-0.7606,-0.29667,-0.13967,12.77,-2.7798,1.003,59.39
0.55913,-0.76107,-0.29723,-0.14073,12.749,-2.7839,1.0019,59.4
0.55901,-0.76123,-0.29713,-0.14052,12.749,-2.7839,1.0019,59.4
0.55773,-0.76171,-0.29778,-0.14168,12.728,-2.788,1.0008,59.41
0.55645,-0.76221,-0.29837,-0.14272,12.706,-2.7918,0.99975,59.42
0.55519,-0.76266,-0.29904,-0.14383,12.685,-2.7956,0.99867,59.43
0.55392,-0.76314,-0.29963,-0.14496,12.664,-2.7992,0.99758,59.44
0.55252,-0.76371,-0.30022,-0.14609,12.643,-2.8026,0.99649,59.45
0.55261,-0.76368,-0.30011,-0.14614,12.642,-2.8025,0.99654,59.45
0.55129,-0.76422,-0.30061,-0.14725,12.621,-2.8059,0.99545,59.46
0.55001,-0.76469,-0.3012,-0.14841,12.6,-2.8091,0.99436,59.47
0.54876,-0.76513,-0.30179,-0.14955,12.578,-2.8121,0.99326,59.48
0.54742,-0.76563,-0.3024,-0.15064,12.557,-2.815,0.99216,59.49
0.54612,-0.76613,-0.30293,-0.15176,12.535,-2.8178,0.99106,59.5
0.54615,-0.76606,-0.30305,-0.15175,12.535,-2.8177,0.99112,59.5
0.54479,-0.76655,-0.30367,-0.15292,12.513,-2.8203,0.99002,59.51
0.54341,-0.76708,-0.30424,-0.15405,12.492,-2.8228,0.98891,59.52
0.54216,-0.76753,-0.30476,-0.15519,12.47,-2.8252,0.9878,59.53
0.54076,-0.76806,-0.30536,-0.15628,12.448,-2.8274,0.9867,59.54
0.5394,-0.76855,-0.30596,-0.15737,12.427,-2.8294,0.98559,59.55
0.53964,-0.76838,-0.30598,-0.15735,12.426,-2.8293,0.98567,59.55
0.53836,-0.76882,-0.30658,-0.15841,12.405,-2.8312,0.98456,59.56
0.53714,-0.76925,-0.30706,-0.15956,12.383,-2.833,0.98345,59.57
0.53584,-0.76966,-0.30767,-0.16075,12.361,-2.8347,0.98234,59.58
0.53459,-0.77008,-0.30819,-0.1619,12.339,-2.8362,0.98123,59.59
0.53331,-0.77048,-0.30877,-0.16308,12.317,-2.8375,0.98012,59.6
0.5331,-0.77063,-0.30887,-0.16293,12.317,-2.8374,0.98019,59.6
0.53172,-0.77111,-0.30947,-0.16402,12.295,-2.8386,0.97908,59.61
0.5304,-0.77152,-0.31008,-0.16517,12.273,-2.8397,0.97797,59.62
0.52912,-0.77194,-0.31068,-0.16619,12.251,-2.8406,0.97686,59.63
0.52781,-0.77239,-0.31121,-0.16728,12.23,-2.8414,0.97575,59.64
0.52648,-0.77284,-0.31173,-0.1684,12.208,-2.842,0.97463,59.65
0.52651,-0.7728,-0.31174,-0.16849,12.207,-2.842,0.97467,59.65
0.52514,-0.77328,-0.31225,-0.16961,12.185,-2.8425,0.97356,59.66
0.52385,-0.77369,-0.31281,-0.17072,12.163,-2.8428,0.97245,59.67
0.52253,-0.77412,-0.31334,-0.17178,12.142,-2.843,0.97133,59.68
0.52114,-0.77455,-0.31395,-0.17298,12.12,-2.8431,0.97022,59.69
0.51977,-0.77501,-0.31447,-0.17409,12.098,-2.843,0.96911,59.7
0.51986,-0.77492,-0.31458,-0.17404,12.097,-2.843,0.96916,59.7
0.51853,-0.77534,-0.31516,-0.17507,12.075,-2.8427,0.96805,59.71
0.51718,-0.77582,-0.3156,-0.17615,12.053,-2.8424,0.96695,59.72
0.51589,-0.77617,-0.31619,-0.17732,12.032,-2.8418,0.96584,59.73
0.51453,-0.77661,-0.3167,-0.17842,12.01,-2.8412,0.96473,59.74
0.51319,-0.77701,-0.3173,-0.17948,11.988,-2.8404,0.96363,59.75
0.51317,-0.77696,-0.31739,-0.17958,11.987,-2.8404,0.96365,59.75
0.51174,-0.77737,-0.31805,-0.1807,11.965,-2.8395,0.96254,59.76
0.5105,-0.77772,-0.3186,-0.18175,11.944,-2.8384,0.96144,59.77
0.50912,-0.77812,-0.31921,-0.18286,11.922,-2.8371,0.96033,59.78
0.50764,-0.77858,-0.3198,-0.18394,11.9,-2.8358,0.95923,59.79
0.50627,-0.77899,-0.32033,-0.18506,11.878,-2.8343,0.95813,59.8
0.50644,-0.77893,-0.32019,-0.18511,11.878,-2.8343,0.9582,59.8
0.50505,-0.77934,-0.32071,-0.18627,11.856,-2.8326,0.9571,59.81
0.5037,-0.77969,-0.32129,-0.18744,11.834,-2.8308,0.95601,59.82
0.50229,-0.78005,-0.32199,-0.18852,11.812,-2.8289,0.95491,59.83
0.50088,-0.78047,-0.32252,-0.18965,11.791,-2.8268,0.95382,59.84
-0.4995,0.78086,0.32303,0.19081,11.769,-2.8246,0.95273,59.85
-0.49967,0.78084,0.32295,0.19061,11.769,-2.8246,0.95279,59.85
-0.49831,0.78119,0.3235,0.19176,11.747,-2.8222,0.9517,59.86
-0.49695,0.78149,0.3242,0.19291,11.726,-2.8197,0.95062,59.87
-0.49557,0.78186,0.32473,0.19404,11.704,-2.817,0.94954,59.88
-0.49417,0.78227,0.3252,0.19519,11.682,-2.8143,0.94846,59.89
-0.49281,0.78265,0.32571,0.19623,11.661,-2.8113,0.94738,59.9
-0.49284,0.78268,0.32567,0.1961,11.661,-2.8114,0.94739,59.9
-0.49147,0.78305,0.3262,0.19721,11.639,-2.8083,0.94632,59.91
-0.49014,0.78339,0.3267,0.19832,11.618,-2.8051,0.94525,59.92
-0.48874,0.78377,0.32725,0.19934,11.596,-2.8017,0.94418,59.93
-0.48739,0.78409,0.32779,0.20051,11.575,-2.7983,0.94311,59.94
-0.48596,0.78445,0.32838,0.20164,11.554,-2.7946,0.94205,59.95
-0.48598,0.78445,0.32838,0.20157,11.554,-2.7947,0.94208,59.95
-0.4846,0.7848,0.32891,0.20266,11.532,-2.7909,0.94102,59.96
-0.48332,0.7851,0.32942,0.20369,11.511,-2.787,0.93996,59.97
-0.48197,0.78548,0.32988,0.20473,11.49,-2.783,0.93891,59.98
-0.4806,0.78584,0.33036,0.20577,11.469,-2.7788,0.93786,59.99
-0.47922,0.78617,0.33089,0.20686,11.448,-2.7745,0.93681,60
-0.47907,0.78615,0.33105,0.20702,11.448,-2.7745,0.93687,60
-0.47759,0.78651,0.33164,0.20813,11.427,-2.7701,0.93583,60.01
-0.47616,0.78686,0.33218,0.20924,11.406,-2.7655,0.93479,60.02
-0.47477,0.78717,0.3328,0.21026,11.386,-2.7608,0.93376,60.03
-0.47334,0.7875,0.33335,0.21134,11.365,-2.756,0.93273,60.04
-0.47196,0.78783,0.33386,0.2124,11.345,-2.751,0.9317,60.05
-0.47212,0.78779,0.3337,0.21246,11.344,-2.751,0.93172,60.05
-0.47072,0.78809,0.33429,0.21351,11.324,-2.7459,0.9307,60.06
-0.46936,0.78841,0.33475,0.21461,11.303,-2.7406,0.92968,60.07
-0.46794,0.78872,0.33531,0.21569,11.283,-2.7353,0.92867,60.08
-0.46656,0.78902,0.33585,0.21673,11.263,-2.7298,0.92766,60.09
-0.46519,0.78934,0.33635,0.21773,11.243,-2.7241,0.92665,60.1
-0.46513,0.78935,0.33631,0.21788,11.242,-2.7241,0.92667,60.1
-0.46382,0.78961,0.33686,0.21887,11.222,-2.7183,0.92567,60.11
-0.46236,0.78993,0.33742,0.21996,11.202,-2.7125,0.92468,60.12
-0.46099,0.79022,0.33797,0.22093,11.182,-2.7064,0.92369,60.13
-0.45952,0.79052,0.33852,0.22208,11.163,-2.7003,0.9227,60.14
-0.45813,0.79084,0.33895,0.22315,11.143,-2.694,0.92171,60.15
-0.45811,0.79085,0.33889,0.22327,11.142,-2.6939,0.92175,60.15
-0.45668,0.79114,0.33943,0.22434,11.123,-2.6875,0.92078,60.16
-0.45526,0.79143,0.33994,0.22541,11.103,-2.681,0.91981,60.17
-0.45389,0.79171,0.34042,0.22647,11.084,-2.6743,0.91884,60.18
-0.4525,0.79196,0.341,0.22752,11.065,-2.6675,0.91788,60.19
-0.4511,0.79226,0.34146,0.22855,11.046,-2.6606,0.91693,60.2
-0.45104,0.79227,0.34145,0.22865,11.045,-2.6606,0.91694,60.2
-0.44958,0.79259,0.34194,0.22969,11.026,-2.6535,0.916,60.21
-0.44819,0.79287,0.34239,0.23075,11.007,-2.6464,0.91506,60.22
-0.44679,0.7931,0.34292,0.23187,10.988,-2.6391,0.91412,60.23
-0.44535,0.7934,0.3434,0.23292,10.97,-2.6316,0.91319,60.24
-0.44394,0.79369,0.34386,0.23396,10.951,-2.6241,0.91226,60.25
-0.44394,0.79363,0.34398,0.23401,10.951,-2.6241,0.91224,60.25
-0.44258,0.79382,0.34455,0.23507,10.932,-2.6164,0.91132,60.26
-0.44124,0.79402,0.34505,0.23618,10.914,-2.6087,0.91041,60.27
-0.43984,0.79426,0.34555,0.23725,10.895,-2.6008,0.9095,60.28
-0.43843,0.79449,0.34603,0.23839,10.877,-2.5928,0.90859,60.29
-0.43698,0.79477,0.34647,0.23945,10.859,-2.5846,0.9077,60.3
-0.43679,0.79491,0.34648,0.23934,10.859,-2.5846,0.90772,60.3
-0.43532,0.79519,0.34699,0.24035,10.841,-2.5763,0.90684,60.31
-0.4339,0.79544,0.34747,0.24141,10.823,-2.5679,0.90596,60.32
-0.43241,0.79571,0.34797,0.24245,10.806,-2.5594,0.90509,60.33
-0.43099,0.796,0.34837,0.24345,10.788,-2.5508,0.90422,60.34
-0.42964,0.79622,0.34881,0.2445,10.771,-2.5421,0.90337,60.35
-0.4296,0.79613,0.34895,0.24465,10.77,-2.5421,0.90333,60.35
-0.42819,0.79634,0.34942,0.24576,10.753,-2.5333,0.90249,60.36
-0.42676,0.79656,0.34988,0.24688,10.736,-2.5244,0.90165,60.37
-0.42528,0.79679,0.35037,0.24798,10.719,-2.5153,0.90082,60.38
-0.42384,0.79704,0.35088,0.24895,10.702,-2.5062,0.89999,60.39
-0.42244,0.79722,0.35138,0.25004,10.685,-2.4969,0.89918,60.4
-0.42238,0.79728,0.35138,0.24995,10.685,-2.4968,0.89912,60.4
-0.42101,0.79743,0.35188,0.25106,10.669,-2.4874,0.89831,60.41
-0.41958,0.79764,0.35239,0.25208,10.652,-2.4779,0.8975,60.42
-0.41815,0.79784,0.35289,0.25313,10.636,-2.4684,0.89671,60.43
-0.41669,0.79806,0.35337,0.25417,10.62,-2.4587,0.89592,60.44
-0.41529,0.79824,0.35391,0.25514,10.604,-2.4489,0.89514,60.45
-0.41513,0.79835,0.35379,0.25522,10.603,-2.4488,0.89512,60.45
-0.41367,0.79859,0.35431,0.25611,10.588,-2.4389,0.89434,60.46
-0.4122,0.79881,0.35479,0.25713,10.572,-2.4289,0.89358,60.47
-0.41075,0.799,0.35527,0.25818,10.557,-2.4187,0.89283,60.48
-0.40935,0.79918,0.35574,0.2592,10.541,-2.4085,0.89208,60.49
-0.40799,0.79935,0.35623,0.26017,10.526,-2.3982,0.89134,60.5
-0.40783,0.79936,0.35617,0.26047,10.526,-2.3982,0.8913,60.5
-0.40645,0.79954,0.35663,0.26144,10.511,-2.3878,0.89057,60.51
-0.40497,0.79971,0.35712,0.26253,10.496,-2.3773,0.88985,60.52
-0.40356,0.79986,0.35763,0.26356,10.481,-2.3667,0.88914,60.53
-0.40207,0.80003,0.35814,0.26461,10.467,-2.356,0.88843,60.54
-0.40073,0.80014,0.35861,0.26567,10.452,-2.3452,0.88774,60.55
-0.4005,0.80029,0.35852,0.26569,10.452,-2.3451,0.88771,60.55
-0.39903,0.8005,0.35897,0.26668,10.438,-2.3342,0.88702,60.56
-0.39753,0.80069,0.35944,0.26772,10.424,-2.3232,0.88634,60.57
-0.39605,0.80088,0.35983,0.2688,10.41,-2.3122,0.88567,60.58
-0.39462,0.801,0.36036,0.26984,10.396,-2.301,0.88501,60.59
-0.39312,0.80119,0.36078,0.27091,10.382,-2.2898,0.88436,60.6
-0.39314,0.80116,0.36083,0.27089,10.382,-2.2897,0.88433,60.6
-0.39165,0.8013,0.36138,0.27189,10.369,-2.2783,0.88369,60.61
-0.39014,0.80147,0.36183,0.27296,10.356,-2.2669,0.88305,60.62
-0.38867,0.80164,0.36228,0.27397,10.343,-2.2554,0.88243,60.63
-0.38722,0.80177,0.36273,0.27505,10.33,-2.2438,0.88181,60.64
-0.38574,0.80194,0.36314,0.27609,10.317,-2.2321,0.8812,60.65
-0.38573,0.80196,0.36311,0.27608,10.317,-2.2321,0.88118,60.65
-0.38427,0.80211,0.36354,0.27713,10.304,-2.2203,0.88059,60.66
-0.38283,0.8022,0.36409,0.27813,10.292,-2.2085,0.88,60.67
-0.38135,0.80237,0.36443,0.27922,10.28,-2.1966,0.87942,60.68
-0.3799,0.80249,0.36484,0.2803,10.268,-2.1846,0.87885,60.69
-0.3784,0.80264,0.36529,0.28132,10.256,-2.1726,0.87829,60.7
-0.3783,0.80269,0.36536,0.28123,10.256,-2.1724,0.87828,60.7
-0.37672,0.80286,0.36578,0.28231,10.244,-2.1603,0.87772,60.71
-0.37522,0.803,0.36627,0.2833,10.233,-2.1481,0.87718,60.72
-0.37372,0.80312,0.36677,0.28427,10.222,-2.1358,0.87665,60.73
-0.37226,0.80323,0.36723,0.28529,10.211,-2.1235,0.87612,60.74
-0.37072,0.80339,0.36766,0.28629,10.2,-2.111,0.87561,60.75
-0.37083,0.80334,0.36758,0.28636,10.2,-2.1109,0.87562,60.75
-0.36936,0.80343,0.36803,0.28745,10.189,-2.0984,0.87512,60.76
-0.36784,0.80355,0.36853,0.28842,10.179,-2.0858,0.87462,60.77
-0.36635,0.80368,0.36896,0.2894,10.169,-2.0732,0.87414,60.78
-0.36484,0.80382,0.36939,0.29036,10.159,-2.0605,0.87367,60.79
-0.36331,0.80397,0.36981,0.29135,10.149,-2.0477,0.8732,60.8
-0.36334,0.80393,0.36978,0.29146,10.149,-2.0476,0.8732,60.8
-0.36183,0.80406,0.37024,0.29239,10.139,-2.0348,0.87274,60.81
-0.36025,0.8042,0.37067,0.29339,10.129,-2.0219,0.8723,60.82
-0.35882,0.80429,0.37107,0.2944,10.12,-2.0089,0.87187,60.83
-0.35733,0.80437,0.3715,0.29545,10.111,-1.9959,0.87144,60.84
-0.35581,0.80448,0.37197,0.2964,10.102,-1.9829,0.87103,60.85
-0.35581,0.80445,0.37193,0.29653,10.102,-1.9827,0.87103,60.85
-0.35425,0.80458,0.37229,0.29759,10.093,-1.9696,0.87062,60.86
-0.35272,0.80469,0.37269,0.2986,10.085,-1.9564,0.87023,60.87
-0.35124,0.80478,0.3731,0.29961,10.077,-1.9432,0.86985,60.88
-0.34975,0.80487,0.37348,0.30062,10.069,-1.9299,0.86948,60.89
-0.3483,0.80494,0.37385,0.30167,10.061,-1.9165,0.86912,60.9
-0.34825,0.80489,0.37406,0.30159,10.061,-1.9165,0.86912,60.9
-0.34673,0.80501,0.37441,0.30257,10.053,-1.9031,0.86877,60.91
-0.34516,0.80517,0.37478,0.3035,10.046,-1.8896,0.86843,60.92
-0.34367,0.80528,0.37512,0.30446,10.038,-1.8761,0.8681,60.93
-0.34211,0.80538,0.3755,0.30549,10.031,-1.8626,0.86778,60.94
-0.34057,0.80542,0.37598,0.30652,10.025,-1.849,0.86747,60.95
-0.34066,0.80527,0.37615,0.30661,10.024,-1.849,0.86747,60.95
-0.33913,0.80535,0.37662,0.30751,10.018,-1.8353,0.86717,60.96
-0.33754,0.80545,0.37702,0.30848,10.011,-1.8217,0.86689,60.97
-0.33596,0.80553,0.37742,0.30952,10.005,-1.808,0.86662,60.98
-0.33439,0.80564,0.3778,0.31047,9.9993,-1.7942,0.86635,60.99
-0.33286,0.80571,0.3782,0.31146,9.9936,-1.7804,0.8661,61
-0.33304,0.80557,0.37821,0.3116,9.9934,-1.7804,0.86609,61
-0.3315,0.80566,0.37859,0.31255,9.9879,-1.7665,0.86585,61.01
-0.33001,0.80573,0.37897,0.31348,9.9825,-1.7527,0.86562,61.02
-0.32849,0.80578,0.3794,0.31443,9.9774,-1.7388,0.8654,61.03
-0.32695,0.80584,0.37985,0.31534,9.9725,-1.7248,0.86519,61.04
-0.32542,0.80594,0.38016,0.31631,9.9679,-1.7109,0.86499,61.05
-0.32538,0.80581,0.38023,0.31658,9.9677,-1.7109,0.86498,61.05
-0.32381,0.80585,0.38065,0.31759,9.9632,-1.6969,0.8648,61.06
-0.32222,0.80593,0.38098,0.31861,9.959,-1.6829,0.86462,61.07
-0.32065,0.80597,0.38141,0.31957,9.955,-1.6688,0.86446,61.08
-0.31921,0.80597,0.38176,0.32058,9.9511,-1.6548,0.8643,61.09
-0.31774,0.80594,0.38225,0.32153,9.9475,-1.6407,0.86416,61.1
-0.3177,0.80598,0.38223,0.32151,9.9474,-1.6406,0.86408,61.1
-0.31618,0.80597,0.38267,0.32249,9.944,-1.6265,0.86394,61.11
-0.31467,0.80605,0.383,0.32339,9.9408,-1.6124,0.86382,61.12
-0.3131,0.80605,0.38342,0.3244,9.9379,-1.5982,0.8637,61.13
-0.31151,0.8061,0.38377,0.32539,9.9352,-1.584,0.86359,61.14
-0.31004,0.80612,0.38414,0.32632,9.9326,-1.5698,0.8635,61.15
-0.30999,0.80607,0.38419,0.32643,9.9325,-1.5699,0.86353,61.15
-0.30833,0.80614,0.38459,0.32735,9.9302,-1.5556,0.86345,61.16
-0.30692,0.80611,0.38497,0.32832,9.9281,-1.5414,0.86337,61.17
-0.30533,0.8061,0.38539,0.32933,9.9263,-1.5272,0.86331,61.18
-0.30376,0.80615,0.38575,0.33023,9.9246,-1.5129,0.86326,61.19
-0.30214,0.8062,0.38609,0.33118,9.9232,-1.4986,0.86322,61.2
-0.30225,0.8061,0.38611,0.33131,9.9231,-1.4987,0.8632,61.2
-0.30075,0.80606,0.3865,0.33232,9.9219,-1.4844,0.86317,61.21
-0.29919,0.80602,0.38692,0.33334,9.9209,-1.4701,0.86315,61.22
-0.29765,0.80601,0.3873,0.33429,9.9201,-1.4558,0.86314,61.23
-0.2961,0.80597,0.38769,0.33531,9.9196,-1.4416,0.86315,61.24
-0.29465,0.80596,0.38803,0.33623,9.9192,-1.4273,0.86316,61.25
-0.29449,0.80605,0.388,0.33616,9.9192,-1.4273,0.86321,61.25
-0.2929,0.80602,0.38845,0.33713,9.919,-1.413,0.86323,61.26
-0.29131,0.80603,0.38886,0.338,9.9192,-1.3987,0.86327,61.27
-0.28973,0.80602,0.38921,0.33899,9.9195,-1.3844,0.86332,61.28
-0.28823,0.80599,0.38954,0.33994,9.92,-1.3701,0.86338,61.29
-0.28666,0.80597,0.38994,0.34086,9.9208,-1.3558,0.86345,61.3
-0.2867,0.80594,0.38987,0.34099,9.9207,-1.3559,0.86351,61.3
-0.28513,0.80591,0.39032,0.34184,9.9217,-1.3416,0.86359,61.31
-0.2835,0.80592,0.39063,0.34283,9.9229,-1.3273,0.86368,61.32
-0.28193,0.80585,0.39105,0.34381,9.9243,-1.3131,0.86379,61.33
-0.28029,0.80581,0.3915,0.34474,9.926,-1.2988,0.86391,61.34
-0.27868,0.80579,0.39184,0.34568,9.9279,-1.2846,0.86404,61.35
-0.27888,0.80575,0.39169,0.34579,9.9278,-1.2846,0.86402,61.35
-0.27738,0.80568,0.39204,0.34676,9.9299,-1.2704,0.86416,61.36
-0.2758,0.80562,0.39244,0.34771,9.9322,-1.2562,0.86431,61.37
-0.27426,0.80557,0.39276,0.34868,9.9347,-1.242,0.86447,61.38
-0.27266,0.80552,0.39313,0.34964,9.9374,-1.2278,0.86465,61.39
-0.27111,0.80545,0.39346,0.35063,9.9404,-1.2136,0.86483,61.4
-0.27104,0.80549,0.39348,0.35055,9.9403,-1.2137,0.86482,61.4
-0.26952,0.80544,0.39384,0.35145,9.9435,-1.1995,0.86501,61.41
-0.26794,0.80538,0.39422,0.35238,9.9469,-1.1854,0.86522,61.42
-0.26633,0.80537,0.39452,0.35328,9.9505,-1.1713,0.86543,61.43
-0.26471,0.80532,0.39495,0.35412,9.9543,-1.1572,0.86566,61.44
-0.26318,0.80526,0.3952,0.35512,9.9584,-1.1432,0.8659,61.45
-0.26318,0.80517,0.39523,0.35528,9.9583,-1.1432,0.8659,61.45
-0.26163,0.8051,0.39559,0.3562,9.9626,-1.1292,0.86615,61.46
-0.26005,0.805,0.39598,0.35714,9.967,-1.1152,0.86641,61.47
-0.25849,0.80488,0.39633,0.35815,9.9717,-1.1012,0.86669,61.48
-0.25691,0.80476,0.39674,0.3591,9.9766,-1.0873,0.86697,61.49
-0.25536,0.80467,0.39706,0.36007,9.9817,-1.0734,0.86727,61.5
-0.2553,0.80477,0.39696,0.35999,9.9817,-1.0734,0.86724,61.5
-0.25372,0.80466,0.39736,0.36091,9.987,-1.0595,0.86755,61.51
-0.25209,0.80454,0.39775,0.36189,9.9926,-1.0457,0.86787,61.52
-0.25047,0.80445,0.39807,0.36285,9.9983,-1.0319,0.8682,61.53
-0.24884,0.80434,0.39846,0.36379,10.004,-1.0181,0.86854,61.54
-0.2473,0.80426,0.39876,0.3647,10.01,-1.0044,0.86889,61.55
-0.24739,0.8043,0.39865,0.36466,10.01,-1.0044,0.86884,61.55
-0.24582,0.80421,0.39896,0.36557,10.017,-0.99073,0.8692,61.56
-0.24433,0.80405,0.3993,0.36656,10.023,-0.97709,0.86957,61.57
-0.24279,0.80396,0.39954,0.36751,10.03,-0.9635,0.86995,61.58
-0.24121,0.80385,0.39983,0.36849,10.037,-0.94996,0.87035,61.59
-0.23965,0.8037,0.40018,0.36944,10.044,-0.93646,0.87075,61.6
-0.23946,0.80377,0.4003,0.36929,10.044,-0.93648,0.8707,61.6
-0.23786,0.80368,0.40065,0.37015,10.052,-0.92303,0.87111,61.61
-0.23621,0.80358,0.40094,0.3711,10.059,-0.90963,0.87153,61.62
-0.23455,0.80347,0.4013,0.37199,10.067,-0.89628,0.87197,61.63
-0.23303,0.80336,0.40162,0.37284,10.075,-0.88299,0.87241,61.64
-0.23145,0.80325,0.40194,0.37371,10.084,-0.86975,0.87286,61.65
-0.23151,0.80316,0.40192,0.3739,10.084,-0.86972,0.87283,61.65
-0.22999,0.80302,0.40223,0.37481,10.092,-0.85652,0.87329,61.66
-0.22837,0.80289,0.40254,0.37574,10.101,-0.84338,0.87376,61.67
-0.22678,0.80279,0.40278,0.37665,10.11,-0.8303,0.87424,61.68
-0.22521,0.80263,0.4031,0.37759,10.119,-0.81728,0.87473,61.69
-0.22357,0.80251,0.40339,0.37852,10.128,-0.80432,0.87523,61.7
-0.22354,0.80248,0.4035,0.37847,10.128,-0.80431,0.8752,61.7
-0.22183,0.80238,0.40375,0.37943,10.137,-0.7914,0.87572,61.71
-0.22026,0.80219,0.40407,0.38039,10.147,-0.77856,0.87624,61.72
-0.21862,0.80206,0.40441,0.38127,10.157,-0.76578,0.87677,61.73
-0.21712,0.80191,0.40472,0.38211,10.167,-0.75307,0.87731,61.74
-0.21558,0.80172,0.40503,0.38305,10.177,-0.74043,0.87787,61.75
-0.21554,0.80173,0.40505,0.38301,10.177,-0.74042,0.87784,61.75
-0.21386,0.80158,0.40539,0.38392,10.188,-0.72784,0.8784,61.76
-0.21225,0.80144,0.40563,0.38484,10.198,-0.71533,0.87898,61.77
-0.21059,0.80128,0.4059,0.38581,10.209,-0.70289,0.87956,61.78
-0.2089,0.80119,0.40612,0.38668,10.22,-0.69053,0.88015,61.79
-0.20722,0.80106,0.40643,0.38753,10.231,-0.67824,0.88075,61.8
-0.20753,0.80092,0.40656,0.38751,10.231,-0.67822,0.88073,61.8
-0.20592,0.8008,0.40676,0.38841,10.243,-0.66599,0.88134,61.81
-0.20438,0.80065,0.40702,0.38926,10.254,-0.65385,0.88196,61.82
-0.20276,0.80046,0.40731,0.39019,10.266,-0.64178,0.88259,61.83
-0.20117,0.80031,0.40758,0.39104,10.278,-0.62979,0.88323,61.84
-0.19957,0.80012,0.40789,0.39192,10.29,-0.61787,0.88388,61.85
-0.19951,0.80003,0.40804,0.39198,10.29,-0.61785,0.88386,61.85
-0.19789,0.79984,0.40832,0.3929,10.302,-0.606,0.88452,61.86
-0.19635,0.79967,0.40858,0.39374,10.315,-0.59425,0.88518,61.87
-0.19482,0.79945,0.40889,0.39462,10.327,-0.58257,0.88586,61.88
-0.19323,0.79927,0.40922,0.39543,10.34,-0.57098,0.88655,61.89
-0.19153,0.79908,0.40954,0.39632,10.353,-0.55947,0.88724,61.9
-0.19146,0.79908,0.40948,0.39642,10.353,-0.55945,0.88722,61.9
-0.18984,0.79889,0.40968,0.39737,10.367,-0.54802,0.88792,61.91
-0.18818,0.79866,0.40994,0.39835,10.38,-0.53668,0.88863,61.92
-0.18663,0.79844,0.41015,0.3993,10.393,-0.52543,0.88935,61.93
-0.18499,0.79823,0.41044,0.40017,10.407,-0.51427,0.89007,61.94
-0.18341,0.79804,0.41069,0.40102,10.421,-0.5032,0.89081,61.95
-0.18339,0.79805,0.41088,0.40082,10.421,-0.5032,0.89083,61.95
-0.1817,0.79782,0.41118,0.40174,10.435,-0.49222,0.89157,61.96
-0.18015,0.79758,0.41151,0.40258,10.449,-0.48133,0.89232,61.97
-0.17851,0.7974,0.41179,0.40338,10.464,-0.47054,0.89307,61.98
-0.17688,0.79718,0.41205,0.40426,10.478,-0.45985,0.89384,61.99
-0.17527,0.79698,0.41224,0.40517,10.493,-0.44925,0.89461,62
-0.17531,0.79696,0.41225,0.40519,10.493,-0.44922,0.89463,62
-0.1737,0.79672,0.41251,0.40609,10.508,-0.43872,0.89541,62.01
-0.17213,0.79655,0.41268,0.40692,10.523,-0.42832,0.8962,62.02
-0.17045,0.79634,0.41296,0.40775,10.538,-0.41803,0.897,62.03
-0.16884,0.79613,0.41317,0.4086,10.554,-0.40783,0.8978,62.04
-0.16725,0.79588,0.41345,0.40948,10.569,-0.39774,0.89861,62.05
-0.16721,0.79579,0.41358,0.40952,10.569,-0.39766,0.89863,62.05
-0.16566,0.79554,0.41383,0.41039,10.585,-0.38766,0.89945,62.06
-0.16398,0.7953,0.4141,0.41125,10.601,-0.37777,0.90027,62.07
-0.1624,0.79503,0.41438,0.41213,10.617,-0.36797,0.90111,62.08
-0.16084,0.79476,0.4146,0.41303,10.633,-0.35829,0.90195,62.09
-0.15925,0.7945,0.41485,0.41389,10.649,-0.34871,0.9028,62.1
-0.1591,0.79455,0.41488,0.41381,10.649,-0.34864,0.90278,62.1
-0.1575,0.79426,0.41513,0.41475,10.666,-0.33915,0.90364,62.11
-0.15581,0.79399,0.41537,0.41566,10.682,-0.32976,0.9045,62.12
-0.15417,0.79368,0.41563,0.41659,10.699,-0.32049,0.90537,62.13
-0.15257,0.79352,0.41576,0.41736,10.716,-0.31132,0.90625,62.14
-0.15098,0.79327,0.41595,0.41824,10.733,-0.30227,0.90714,62.15
-0.15098,0.79325,0.41614,0.41807,10.733,-0.3023,0.90715,62.15
-0.14933,0.79301,0.41634,0.41892,10.75,-0.29335,0.90804,62.16
-0.14774,0.7927,0.41662,0.4198,10.767,-0.28452,0.90894,62.17
-0.14609,0.79242,0.41684,0.42069,10.785,-0.2758,0.90984,62.18
-0.14441,0.79218,0.41703,0.42152,10.802,-0.2672,0.91075,62.19
-0.14281,0.79192,0.41726,0.42232,10.82,-0.25871,0.91167,62.2
-0.14284,0.79188,0.41736,0.42229,10.82,-0.25873,0.91167,62.2
-0.14116,0.79158,0.41761,0.42317,10.838,-0.25035,0.91259,62.21
-0.13949,0.79135,0.41782,0.42396,10.856,-0.24208,0.91352,62.22
-0.13784,0.79106,0.41802,0.42483,10.874,-0.23393,0.91445,62.23
-0.13622,0.79076,0.41829,0.42564,10.892,-0.2259,0.91539,62.24
-0.13467,0.79044,0.41863,0.4264,10.91,-0.21799,0.91633,62.25
-0.13469,0.79044,0.41855,0.42647,10.91,-0.21805,0.91636,62.25
-0.13306,0.79018,0.41879,0.42724,10.929,-0.21026,0.91731,62.26
-0.13142,0.78984,0.41906,0.4281,10.947,-0.2026,0.91826,62.27
-0.12978,0.78955,0.41923,0.42898,10.966,-0.19505,0.91922,62.28
-0.12819,0.78926,0.41943,0.42979,10.985,-0.18763,0.92019,62.29
-0.12647,0.78893,0.41969,0.43065,11.003,-0.18033,0.92116,62.3
-0.12652,0.78893,0.4197,0.43062,11.004,-0.18039,0.92119,62.3
-0.12486,0.78863,0.41988,0.43148,11.023,-0.17321,0.92217,62.31
-0.12323,0.78833,0.42015,0.43223,11.042,-0.16615,0.92315,62.32
-0.12164,0.78804,0.42039,0.43299,11.061,-0.15922,0.92414,62.33
-0.12002,0.78775,0.42062,0.43374,11.08,-0.15242,0.92514,62.34
-0.11841,0.78741,0.42083,0.43458,11.1,-0.14574,0.92614,62.35
-0.11834,0.78735,0.42081,0.43473,11.1,-0.14583,0.92615,62.35
-0.11664,0.78701,0.42101,0.43562,11.119,-0.13928,0.92715,62.36
-0.11505,0.78664,0.42122,0.43651,11.139,-0.13285,0.92816,62.37
-0.11336,0.78631,0.42145,0.43732,11.159,-0.12656,0.92917,62.38
-0.11175,0.78597,0.42164,0.43815,11.178,-0.12041,0.93019,62.39
-0.11014,0.78564,0.42185,0.43895,11.198,-0.11438,0.93121,62.4
-0.11016,0.7857,0.42189,0.4388,11.199,-0.11444,0.93123,62.4
-0.1085,0.78536,0.42213,0.4396,11.219,-0.10853,0.93225,62.41
-0.10693,0.78498,0.42233,0.44047,11.239,-0.10276,0.93328,62.42
-0.10526,0.78471,0.42241,0.44127,11.259,-0.097113,0.93431,62.43
-0.10359,0.78438,0.42254,0.44212,11.279,-0.091599,0.93535,62.44
-0.10196,0.78402,0.42279,0.4429,11.299,-0.086219,0.93639,62.45
-0.10196,0.78399,0.42293,0.44284,11.3,-0.086313,0.93643,62.45
-0.10042,0.78361,0.42308,0.4437,11.32,-0.081066,0.93747,62.46
-0.098729,0.78325,0.4232,0.4446,11.34,-0.075954,0.93852,62.47
-0.097081,0.78286,0.42344,0.44543,11.361,-0.070976,0.93957,62.48
-0.09549,0.78253,0.42366,0.44613,11.382,-0.066134,0.94063,62.49
-0.093835,0.7822,0.4239,0.44683,11.402,-0.061428,0.94168,62.5
-0.093758,0.7822,0.42393,0.44683,11.403,-0.061487,0.9417,62.5
-0.092168,0.78184,0.42415,0.44759,11.423,-0.05691,0.94276,62.51
-0.090506,0.78148,0.4243,0.44841,11.444,-0.052469,0.94382,62.52
-0.088808,0.78111,0.42458,0.44912,11.465,-0.048165,0.94489,62.53
-0.087095,0.78076,0.42478,0.44989,11.486,-0.043997,0.94596,62.54
-0.08541,0.7804,0.42493,0.45069,11.507,-0.039966,0.94703,62.55
-0.085541,0.78035,0.42489,0.45079,11.507,-0.040053,0.94708,62.55
-0.083961,0.77994,0.42512,0.45157,11.529,-0.036165,0.94815,62.56
-0.08218,0.77958,0.42529,0.45235,11.55,-0.032416,0.94923,62.57
-0.08049,0.77923,0.42542,0.45315,11.571,-0.028805,0.95031,62.58
-0.078895,0.77881,0.42558,0.45399,11.592,-0.025334,0.95139,62.59
-0.077262,0.77846,0.42568,0.45478,11.614,-0.022004,0.95248,62.6
-0.077322,0.77843,0.42582,0.4547,11.614,-0.022045,0.9525,62.6
-0.075668,0.77805,0.42598,0.45546,11.635,-0.018852,0.95358,62.61
-0.074059,0.77764,0.42614,0.45628,11.657,-0.0158,0.95467,62.62
-0.072478,0.77718,0.42638,0.45709,11.678,-0.012888,0.95576,62.63
-0.070815,0.7768,0.4266,0.4578,11.7,-0.010117,0.95685,62.64
-0.069163,0.77639,0.42676,0.45859,11.721,-0.0074876,0.95795,62.65
-0.069094,0.77644,0.42671,0.45858,11.721,-0.0075268,0.95794,62.65
-0.067466,0.77598,0.42687,0.45944,11.743,-0.0050335,0.95904,62.66
-0.065689,0.77558,0.42706,0.46019,11.765,-0.0026798,0.96014,62.67
-0.064131,0.77522,0.42723,0.46086,11.786,-0.00046527,0.96123,62.68
-0.062437,0.7748,0.42743,0.46162,11.808,0.0016078,0.96234,62.69
-0.06073,0.77437,0.42759,0.46242,11.83,0.0035378,0.96344,62.7
-0.060862,0.77438,0.42757,0.46241,11.83,0.0034999,0.9634,62.7
-0.059263,0.77397,0.42771,0.46316,11.852,0.0052983,0.9645,62.71
-0.057613,0.77362,0.4278,0.46388,11.874,0.0069535,0.96561,62.72
-0.055961,0.77317,0.428,0.46465,11.895,0.0084656,0.96672,62.73
-0.054249,0.77276,0.42815,0.46539,11.917,0.0098357,0.96783,62.74
-0.052689,0.77232,0.42835,0.46612,11.939,0.011065,0.96894,62.75
-0.052621,0.77225,0.42838,0.46621,11.939,0.010994,0.9689,62.75
-0.05093,0.77178,0.42856,0.46701,11.961,0.012081,0.97001,62.76
-0.049237,0.77141,0.42864,0.46773,11.983,0.013025,0.97112,62.77
-0.047593,0.77095,0.42879,0.46852,12.005,0.013826,0.97224,62.78
-0.045987,0.77053,0.42889,0.46928,12.027,0.014484,0.97335,62.79
-0.044232,0.77006,0.4291,0.47002,12.049,0.014999,0.97447,62.8
-0.044375,0.77006,0.42916,0.46996,12.049,0.014922,0.9744,62.8
-0.0427,0.76959,0.42932,0.47073,12.071,0.015292,0.97551,62.81
-0.041065,0.7691,0.42952,0.47149,12.093,0.01552,0.97663,62.82
-0.039374,0.76866,0.4297,0.4722,12.115,0.015606,0.97774,62.83
-0.03765,0.76822,0.42986,0.47291,12.137,0.015549,0.97886,62.84
-0.035979,0.76775,0.43005,0.47363,12.159,0.01535,0.97997,62.85
-0.036132,0.7678,0.4299,0.47367,12.159,0.015312,0.97985,62.85
-0.034449,0.76735,0.42998,0.47445,12.181,0.014978,0.98097,62.86
-0.032812,0.76687,0.43012,0.47523,12.203,0.014502,0.98208,62.87
-0.03128,0.76638,0.43026,0.47598,12.225,0.013881,0.98319,62.88
-0.029582,0.7659,0.43038,0.47676,12.247,0.013117,0.9843,62.89
-0.027947,0.76544,0.43053,0.47746,12.269,0.012211,0.98541,62.9
-0.027876,0.76547,0.4306,0.47735,12.269,0.012137,0.98532,62.9
-0.026288,0.76503,0.43068,0.47807,12.291,0.011081,0.98643,62.91
-0.024618,0.76455,0.43084,0.47879,12.313,0.0098838,0.98753,62.92
-0.022989,0.76412,0.43093,0.47947,12.334,0.0085438,0.98864,62.93
-0.021415,0.76364,0.4311,0.48016,12.356,0.007061,0.98975,62.94
-0.019871,0.76314,0.43121,0.48091,12.378,0.0054367,0.99086,62.95
-0.019617,0.76308,0.43126,0.48098,12.378,0.0053663,0.99076,62.95
-0.018043,0.76261,0.43131,0.48173,12.4,0.0035929,0.99186,62.96
-0.01639,0.76211,0.43146,0.48245,12.422,0.0016787,0.99297,62.97
-0.014679,0.76163,0.4316,0.48313,12.444,-0.0003765,0.99407,62.98
-0.013056,0.76111,0.43182,0.48381,12.465,-0.0025731,0.99516,62.99
-0.011433,0.76058,0.43205,0.48447,12.487,-0.0049104,0.99626,63
-0.011363,0.76062,0.43188,0.48456,12.487,-0.0049224,0.99612,63
-0.0096763,0.76013,0.43202,0.48525,12.509,-0.0073938,0.99721,63.01
-0.0079744,0.75964,0.43211,0.48597,12.53,-0.010006,0.9983,63.02
-0.0063787,0.75921,0.43211,0.48665,12.552,-0.012758,0.99939,63.03
-0.0047669,0.75871,0.4322,0.48737,12.573,-0.015649,1.0005,63.04
-0.0030893,0.75816,0.43242,0.48806,12.595,-0.018678,1.0016,63.05
-0.0031016,0.75809,0.43247,0.48811,12.595,-0.018737,1.0015,63.05
-0.0014877,0.75755,0.43264,0.48882,12.616,-0.021914,1.0025,63.06
0.00011215,0.757,0.43274,0.48959,12.638,-0.02523,1.0036,63.07
0.0017869,0.75644,0.43291,0.49029,12.659,-0.028685,1.0047,63.08
0.0034327,0.75593,0.433,0.49098,12.68,-0.032278,1.0058,63.09
0.0050866,0.7554,0.43306,0.49174,12.701,-0.036007,1.0068,63.1
0.0051584,0.7555,0.43302,0.49162,12.702,-0.03602,1.0067,63.1
0.0068132,0.75498,0.43317,0.49226,12.723,-0.039879,1.0078,63.11
0.0084338,0.75445,0.43332,0.49292,12.744,-0.043874,1.0088,63.12
0.010097,0.75388,0.43347,0.49362,12.765,-0.048005,1.0099,63.13
0.011735,0.75334,0.43358,0.49432,12.786,-0.05227,1.011,63.14
0.013348,0.75286,0.43362,0.49496,12.807,-0.05667,1.012,63.15
0.013417,0.75284,0.43353,0.49508,12.807,-0.056752,1.012,63.15
0.014957,0.75226,0.43365,0.49581,12.828,-0.061311,1.013,63.16
0.016576,0.75174,0.43374,0.49647,12.848,-0.066005,1.0141,63.17
0.018191,0.75116,0.43388,0.49716,12.869,-0.070833,1.0151,63.18
0.019803,0.75052,0.43397,0.49799,12.89,-0.075794,1.0161,63.19
0.021518,0.75,0.43411,0.49858,12.91,-0.080886,1.0171,63.2
0.021678,0.75012,0.434,0.4985,12.91,-0.080867,1.0171,63.2
0.023322,0.74958,0.43411,0.49914,12.931,-0.0861,1.0181,63.21
0.024986,0.74899,0.43423,0.49984,12.951,-0.091463,1.0191,63.22
0.026622,0.74839,0.43434,0.50055,12.971,-0.096959,1.0201,63.23
0.028233,0.7479,0.43437,0.50117,12.992,-0.10258,1.0211,63.24
0.029769,0.74736,0.43438,0.50188,13.012,-0.10834,1.0221,63.25
0.029935,0.74732,0.43443,0.50188,13.012,-0.10834,1.0221,63.25
0.031601,0.74676,0.43452,0.50254,13.032,-0.11424,1.0231,63.26
0.033326,0.74619,0.43459,0.50321,13.052,-0.12026,1.0241,63.27
0.034887,0.74557,0.4347,0.50393,13.072,-0.12641,1.025,63.28
0.036536,0.74496,0.43482,0.5046,13.091,-0.13269,1.026,63.29
0.038204,0.74439,0.43491,0.50525,13.111,-0.1391,1.027,63.3
0.038181,0.74447,0.43483,0.5052,13.111,-0.13908,1.0269,63.3
0.039792,0.74395,0.43488,0.50581,13.131,-0.1456,1.0279,63.31
0.04149,0.74329,0.43501,0.50652,13.15,-0.15225,1.0288,63.32
0.04316,0.74272,0.43508,0.50716,13.17,-0.15902,1.0298,63.33
0.044862,0.7421,0.43522,0.5078,13.189,-0.16591,1.0307,63.34
0.046472,0.74149,0.43531,0.50847,13.208,-0.17293,1.0317,63.35
0.046431,0.74155,0.4352,0.50849,13.208,-0.17299,1.0316,63.35
0.048115,0.74098,0.43527,0.50909,13.227,-0.18013,1.0326,63.36
0.049803,0.74036,0.43529,0.50981,13.246,-0.18739,1.0335,63.37
0.05138,0.73979,0.43539,0.5104,13.265,-0.19477,1.0344,63.38
0.053021,0.73922,0.4354,0.51104,13.283,-0.20227,1.0353,63.39
0.054674,0.73867,0.43545,0.51162,13.302,-0.2099,1.0362,63.4
0.054679,0.73856,0.43551,0.51173,13.302,-0.21,1.0362,63.4
0.056306,0.73796,0.43563,0.51232,13.321,-0.21776,1.0372,63.41
0.057974,0.73738,0.43574,0.51287,13.339,-0.22563,1.0381,63.42
0.059662,0.73674,0.43585,0.51351,13.357,-0.23362,1.0389,63.43
0.061291,0.73611,0.43595,0.51413,13.375,-0.24172,1.0398,63.44
0.062907,0.73546,0.43605,0.51478,13.393,-0.24994,1.0407,63.45
0.062916,0.73551,0.4358,0.51493,13.393,-0.25003,1.0407,63.45
0.064557,0.73489,0.43582,0.51559,13.411,-0.25836,1.0415,63.46
0.066278,0.73427,0.43584,0.51624,13.429,-0.26681,1.0424,63.47
0.067891,0.73366,0.43593,0.51682,13.446,-0.27537,1.0433,63.48
0.069626,0.73298,0.43603,0.51746,13.464,-0.28404,1.0441,63.49
0.071184,0.73237,0.43602,0.51813,13.481,-0.29283,1.045,63.5
0.071154,0.73239,0.43603,0.51809,13.481,-0.293,1.0449,63.5
0.072814,0.73183,0.43607,0.51862,13.498,-0.30191,1.0458,63.51
0.074381,0.73124,0.43608,0.51921,13.515,-0.31093,1.0466,63.52
0.076023,0.73061,0.43604,0.5199,13.532,-0.32005,1.0474,63.53
0.077656,0.72999,0.43604,0.52052,13.549,-0.32929,1.0482,63.54
0.079264,0.72935,0.4361,0.52114,13.565,-0.33863,1.049,63.55
0.07939,0.72921,0.43623,0.5212,13.566,-0.33879,1.049,63.55
0.080947,0.72858,0.43624,0.52184,13.582,-0.34826,1.0499,63.56
0.082578,0.72789,0.43632,0.52248,13.598,-0.35783,1.0506,63.57
0.084262,0.72724,0.43635,0.52308,13.615,-0.3675,1.0514,63.58
0.085901,0.72662,0.43643,0.52362,13.631,-0.37728,1.0522,63.59
0.087539,0.72596,0.43648,0.52422,13.646,-0.38715,1.053,63.6
0.087606,0.72597,0.4364,0.52426,13.647,-0.38726,1.0529,63.6
0.08918,0.72531,0.4365,0.52482,13.662,-0.39724,1.0537,63.61
0.090812,0.72466,0.43652,0.52543,13.678,-0.40731,1.0544,63.62
0.092444,0.72397,0.4366,0.52602,13.693,-0.41748,1.0552,63.63
0.094086,0.72334,0.43657,0.52662,13.708,-0.42776,1.0559,63.64
0.095733,0.72269,0.4366,0.52719,13.723,-0.43812,1.0566,63.65
0.09583,0.72266,0.43653,0.52728,13.724,-0.43833,1.0566,63.65
0.097443,0.72203,0.43654,0.52784,13.739,-0.44881,1.0573,63.66
0.099051,0.72136,0.43662,0.52838,13.753,-0.45939,1.0581,63.67
0.10073,0.72065,0.43671,0.52896,13.768,-0.47006,1.0588,63.68
0.10236,0.71993,0.43676,0.52959,13.782,-0.48083,1.0595,63.69
0.10393,0.71927,0.43677,0.53017,13.797,-0.49169,1.0602,63.7
0.10403,0.71929,0.43662,0.53025,13.797,-0.49181,1.0601,63.7
0.10565,0.71859,0.43664,0.53085,13.811,-0.50276,1.0608,63.71
0.10732,0.71795,0.43657,0.53145,13.825,-0.5138,1.0614,63.72
0.10905,0.7173,0.43655,0.53199,13.839,-0.52492,1.0621,63.73
0.11064,0.71656,0.4367,0.53254,13.852,-0.53614,1.0628,63.74
0.11221,0.71589,0.43671,0.5331,13.865,-0.54744,1.0634,63.75
0.11223,0.71585,0.43667,0.53318,13.866,-0.54763,1.0634,63.75
0.11388,0.71518,0.43663,0.53377,13.879,-0.55903,1.064,63.76
0.11557,0.71445,0.43669,0.53433,13.892,-0.57051,1.0646,63.77
0.11723,0.71379,0.4367,0.53484,13.905,-0.58207,1.0652,63.78
0.11883,0.71307,0.43672,0.53544,13.917,-0.59371,1.0659,63.79
0.12049,0.7124,0.43668,0.53599,13.93,-0.60543,1.0664,63.8
0.12042,0.71236,0.43668,0.53606,13.93,-0.60559,1.0664,63.8
0.12213,0.71167,0.43671,0.53655,13.943,-0.61741,1.067,63.81
0.12377,0.71092,0.43673,0.53716,13.955,-0.62931,1.0676,63.82
0.1254,0.71018,0.43676,0.53773,13.967,-0.64128,1.0682,63.83
0.127,0.70949,0.43673,0.53829,13.978,-0.65333,1.0687,63.84
0.12865,0.70879,0.43675,0.53881,13.99,-0.66545,1.0693,63.85
0.12859,0.7088,0.43665,0.53889,13.99,-0.66555,1.0692,63.85
0.13024,0.70808,0.43666,0.53943,14.002,-0.67774,1.0697,63.86
0.1319,0.70733,0.43671,0.53998,14.013,-0.69,1.0703,63.87
0.13356,0.70655,0.43673,0.54057,14.024,-0.70233,1.0708,63.88
0.13523,0.70586,0.43672,0.54106,14.035,-0.71473,1.0713,63.89
0.1368,0.70518,0.43668,0.54159,14.045,-0.7272,1.0718,63.9
0.13677,0.70517,0.43659,0.54168,14.046,-0.72739,1.0718,63.9
0.13833,0.7044,0.43664,0.54224,14.056,-0.73995,1.0723,63.91
0.13988,0.70368,0.43663,0.54279,14.066,-0.75258,1.0728,63.92
0.14155,0.70295,0.43669,0.54325,14.076,-0.76527,1.0732,63.93
0.14313,0.7022,0.43665,0.54384,14.086,-0.77803,1.0737,63.94
0.14468,0.70144,0.43666,0.54441,14.096,-0.79084,1.0741,63.95
0.14492,0.70149,0.43649,0.54441,14.096,-0.79096,1.0741,63.95
0.1466,0.70074,0.43647,0.54495,14.105,-0.80384,1.0745,63.96
0.14821,0.69999,0.43643,0.5455,14.115,-0.81677,1.0749,63.97
0.1498,0.69925,0.4364,0.54605,14.124,-0.82977,1.0754,63.98
0.15139,0.69851,0.43638,0.54657,14.133,-0.84282,1.0758,63.99
0.15302,0.69777,0.43636,0.54708,14.141,-0.85593,1.0762,64
0.15306,0.69774,0.43635,0.54711,14.142,-0.85609,1.0762,64
0.15471,0.69695,0.43639,0.54762,14.15,-0.86927,1.0766,64.01
0.15632,0.69619,0.43636,0.54815,14.158,-0.8825,1.077,64.02
0.15802,0.69542,0.43635,0.54865,14.166,-0.89578,1.0774,64.03
0.15976,0.69465,0.43625,0.5492,14.174,-0.9091,1.0778,64.04
0.16136,0.69394,0.43617,0.5497,14.182,-0.92248,1.0781,64.05
0.16118,0.69394,0.43616,0.54976,14.182,-0.92258,1.078,64.05
0.1628,0.69314,0.43615,0.5503,14.189,-0.936,1.0784,64.06
0.16446,0.69235,0.43614,0.5508,14.197,-0.94947,1.0787,64.07
0.16612,0.69152,0.43615,0.55134,14.204,-0.96298,1.079,64.08
0.16781,0.6907,0.43604,0.55194,14.21,-0.97653,1.0793,64.09
0.1695,0.68983,0.43602,0.55253,14.217,-0.99013,1.0796,64.1
0.1693,0.69006,0.43595,0.55235,14.217,-0.99028,1.0797,64.1
0.17087,0.68922,0.43596,0.55292,14.224,-1.0039,1.08,64.11
0.17247,0.68836,0.43597,0.55349,14.23,-1.0176,1.0802,64.12
0.17404,0.68757,0.43595,0.55399,14.236,-1.0313,1.0805,64.13
0.17567,0.68675,0.43591,0.55452,14.242,-1.0451,1.0808,64.14
0.17727,0.68595,0.43589,0.55502,14.247,-1.0589,1.081,64.15
0.1774,0.68613,0.4357,0.5549,14.247,-1.059,1.0809,64.15
0.17894,0.68532,0.43571,0.5554,14.253,-1.0729,1.0811,64.16
0.18053,0.68463,0.43559,0.55584,14.258,-1.0867,1.0814,64.17
0.18209,0.68386,0.43557,0.55629,14.263,-1.1006,1.0816,64.18
0.18372,0.68311,0.43548,0.55675,14.267,-1.1146,1.0818,64.19
0.18535,0.68233,0.43537,0.55724,14.272,-1.1285,1.082,64.2
0.18547,0.68215,0.4354,0.5574,14.272,-1.1287,1.0819,64.2
0.18707,0.68131,0.43532,0.55797,14.276,-1.1427,1.0821,64.21
0.18862,0.68048,0.43527,0.55849,14.28,-1.1567,1.0822,64.22
0.19034,0.67965,0.43523,0.55894,14.284,-1.1708,1.0824,64.23
0.19196,0.67888,0.43519,0.55937,14.288,-1.1849,1.0825,64.24
0.19363,0.67808,0.43509,0.55984,14.291,-1.199,1.0827,64.25
0.19354,0.6781,0.43508,0.55985,14.291,-1.199,1.0826,64.25
0.19519,0.67732,0.43507,0.56023,14.295,-1.2132,1.0827,64.26
0.19682,0.67649,0.43498,0.56072,14.298,-1.2273,1.0828,64.27
0.19837,0.67571,0.43488,0.56119,14.3,-1.2414,1.0829,64.28
0.20002,0.67494,0.43476,0.56163,14.303,-1.2556,1.083,64.29
0.20165,0.67416,0.43465,0.56207,14.305,-1.2698,1.0831,64.3
0.2016,0.67399,0.4347,0.56226,14.305,-1.2699,1.0831,64.3
0.20316,0.67319,0.43463,0.5627,14.307,-1.2842,1.0832,64.31
0.20472,0.67234,0.43462,0.56316,14.309,-1.2984,1.0833,64.32
0.20633,0.6715,0.43451,0.56366,14.311,-1.3126,1.0833,64.33
0.20787,0.67062,0.4345,0.56415,14.312,-1.3269,1.0834,64.34
0.20948,0.66981,0.43443,0.56457,14.314,-1.3411,1.0834,64.35
0.20963,0.66982,0.43428,0.56462,14.314,-1.3412,1.0833,64.35
0.21118,0.669,0.43415,0.56511,14.315,-1.3555,1.0833,64.36
0.21286,0.66819,0.43398,0.56558,14.316,-1.3698,1.0833,64.37
0.21446,0.66728,0.43394,0.56608,14.316,-1.384,1.0833,64.38
0.21608,0.66642,0.43389,0.56651,14.317,-1.3983,1.0833,64.39
0.21764,0.66561,0.43378,0.56695,14.317,-1.4126,1.0833,64.4
0.21764,0.66559,0.43384,0.56692,14.317,-1.4127,1.0832,64.4
0.21922,0.66469,0.43379,0.56741,14.317,-1.427,1.0832,64.41
0.22081,0.66384,0.43373,0.56784,14.316,-1.4413,1.0831,64.42
0.22244,0.66298,0.43363,0.56828,14.316,-1.4555,1.0831,64.43
0.2241,0.66212,0.43354,0.5687,14.315,-1.4698,1.083,64.44
0.22568,0.66125,0.43342,0.56918,14.314,-1.4841,1.0829,64.45
0.22563,0.66131,0.43336,0.56918,14.314,-1.4841,1.0829,64.45
0.22724,0.66047,0.43334,0.56952,14.313,-1.4983,1.0828,64.46
0.22885,0.65962,0.43322,0.56996,14.312,-1.5126,1.0827,64.47
0.23041,0.65874,0.43311,0.57043,14.31,-1.5268,1.0825,64.48
0.23201,0.65784,0.43304,0.57087,14.308,-1.5411,1.0824,64.49
0.23358,0.65695,0.43294,0.57133,14.306,-1.5553,1.0823,64.5
0.23361,0.65696,0.43284,0.57138,14.306,-1.5554,1.0823,64.5
0.23523,0.65602,0.43273,0.57189,14.304,-1.5696,1.0821,64.51
0.23682,0.65513,0.43261,0.57234,14.301,-1.5838,1.082,64.52
0.23846,0.65424,0.43244,0.5728,14.299,-1.5979,1.0818,64.53
0.2401,0.65341,0.43229,0.57318,14.296,-1.6121,1.0816,64.54
0.24168,0.65248,0.43228,0.57357,14.293,-1.6262,1.0814,64.55
0.24157,0.65256,0.43227,0.57354,14.293,-1.6263,1.0814,64.55
0.24311,0.65162,0.43227,0.57396,14.289,-1.6404,1.0812,64.56
0.24474,0.65064,0.43214,0.57448,14.286,-1.6545,1.081,64.57
0.24628,0.64975,0.43201,0.57493,14.282,-1.6686,1.0807,64.58
0.24786,0.64883,0.43188,0.57538,14.278,-1.6826,1.0805,64.59
0.24945,0.64788,0.43178,0.57584,14.274,-1.6966,1.0803,64.6
0.24949,0.6481,0.43168,0.57564,14.274,-1.6967,1.0803,64.6
0.25115,0.64723,0.43149,0.57606,14.269,-1.7106,1.08,64.61
0.25277,0.64631,0.4314,0.57645,14.265,-1.7246,1.0797,64.62
0.25436,0.64537,0.43134,0.57685,14.26,-1.7385,1.0794,64.63
0.25594,0.64445,0.43121,0.57727,14.255,-1.7524,1.0792,64.64
0.2575,0.64363,0.43109,0.57758,14.249,-1.7662,1.0789,64.65
0.2574,0.64359,0.43104,0.57771,14.249,-1.7664,1.0788,64.65
0.25894,0.64271,0.43093,0.57807,14.244,-1.7802,1.0785,64.66
0.26049,0.6418,0.43082,0.57847,14.238,-1.794,1.0782,64.67
0.26208,0.64085,0.43074,0.57887,14.232,-1.8077,1.0779,64.68
0.2636,0.63991,0.43059,0.57932,14.226,-1.8214,1.0775,64.69
0.26515,0.63901,0.43043,0.57973,14.22,-1.8351,1.0772,64.7
0.26529,0.63902,0.43037,0.57971,14.22,-1.8352,1.0772,64.7
0.26688,0.63811,0.43021,0.5801,14.213,-1.8488,1.0768,64.71
0.2685,0.6372,0.43002,0.58049,14.206,-1.8624,1.0764,64.72
0.27008,0.63632,0.42988,0.58082,14.199,-1.876,1.0761,64.73
0.27176,0.63538,0.42972,0.5812,14.192,-1.8894,1.0757,64.74
0.27338,0.63445,0.42964,0.58151,14.185,-1.9029,1.0753,64.75
0.27316,0.63439,0.42965,0.58167,14.185,-1.903,1.0752,64.75
0.27471,0.63348,0.42949,0.58205,14.177,-1.9164,1.0748,64.76
0.27626,0.63252,0.42932,0.58248,14.169,-1.9297,1.0744,64.77
0.27784,0.6316,0.42912,0.58287,14.161,-1.943,1.074,64.78
0.27942,0.63065,0.42894,0.58328,14.153,-1.9562,1.0735,64.79
0.28103,0.62966,0.4288,0.58368,14.145,-1.9694,1.073,64.8
0.281,0.6297,0.42891,0.58357,14.145,-1.9696,1.0731,64.8
0.28257,0.62876,0.42871,0.58398,14.136,-1.9827,1.0726,64.81
0.28409,0.62777,0.42854,0.58442,14.127,-1.9958,1.0721,64.82
0.28565,0.62687,0.4284,0.58473,14.118,-2.0088,1.0716,64.83
0.2872,0.62586,0.4283,0.58513,14.109,-2.0217,1.0711,64.84
0.28874,0.62493,0.42813,0.58549,14.1,-2.0346,1.0706,64.85
0.28881,0.62496,0.42813,0.58542,14.099,-2.0347,1.0706,64.85
0.29045,0.62399,0.42798,0.58576,14.09,-2.0476,1.0701,64.86
0.29194,0.62304,0.42783,0.58613,14.08,-2.0603,1.0696,64.87
0.29353,0.62198,0.42771,0.58654,14.07,-2.073,1.069,64.88
0.29511,0.621,0.42754,0.58693,14.06,-2.0857,1.0685,64.89
0.29664,0.62003,0.4274,0.58728,14.049,-2.0982,1.0679,64.9
0.2966,0.62016,0.42731,0.58723,14.049,-2.0984,1.0679,64.9
0.29814,0.61918,0.42714,0.5876,14.039,-2.1109,1.0674,64.91
0.29968,0.61822,0.42698,0.58795,14.028,-2.1233,1.0668,64.92
0.30118,0.61722,0.42681,0.58835,14.017,-2.1357,1.0662,64.93
0.30266,0.61632,0.42662,0.58867,14.006,-2.148,1.0656,64.94
0.30424,0.61534,0.42656,0.58893,13.995,-2.1602,1.065,64.95
0.30436,0.61531,0.42645,0.58898,13.994,-2.1603,1.065,64.95
0.30591,0.61426,0.42638,0.58933,13.983,-2.1725,1.0644,64.96
0.30746,0.61326,0.42622,0.58967,13.971,-2.1846,1.0638,64.97
0.30896,0.61228,0.42601,0.59006,13.959,-2.1965,1.0632,64.98
0.31049,0.61128,0.4259,0.59037,13.947,-2.2085,1.0625,64.99
0.31208,0.61028,0.42571,0.59071,13.935,-2.2203,1.0619,65
0.3121,0.61041,0.42555,0.59068,13.935,-2.2204,1.0619,65
0.31371,0.60943,0.42537,0.59097,13.922,-2.2322,1.0612,65.01
0.31531,0.60841,0.42522,0.59127,13.91,-2.2438,1.0606,65.02
0.31691,0.6074,0.42503,0.59159,13.897,-2.2554,1.0599,65.03
0.31843,0.60636,0.42488,0.59196,13.884,-2.2669,1.0592,65.04
0.31995,0.60536,0.42466,0.59231,13.871,-2.2783,1.0585,65.05
0.31981,0.60545,0.42462,0.59233,13.871,-2.2785,1.0585,65.05
0.32132,0.60441,0.42439,0.59274,13.857,-2.2898,1.0578,65.06
0.32275,0.60347,0.42425,0.59302,13.844,-2.3011,1.057,65.07
0.32424,0.60244,0.42407,0.59338,13.83,-2.3123,1.0563,65.08
0.32576,0.6014,0.42391,0.59372,13.816,-2.3233,1.0556,65.09
0.32718,0.60047,0.42372,0.59401,13.802,-2.3343,1.0549,65.1
0.32749,0.60044,0.42364,0.59393,13.802,-2.3344,1.0549,65.1
0.32889,0.59948,0.42349,0.59423,13.788,-2.3453,1.0541,65.11
0.33048,0.59846,0.42325,0.59456,13.773,-2.3561,1.0534,65.12
0.33201,0.5975,0.42292,0.59489,13.759,-2.3668,1.0526,65.13
0.3335,0.59653,0.42271,0.59518,13.744,-2.3774,1.0518,65.14
0.33501,0.59554,0.42254,0.59545,13.729,-2.3879,1.0511,65.15
0.33514,0.59538,0.42264,0.59546,13.729,-2.388,1.051,65.15
0.33668,0.59433,0.42241,0.59581,13.714,-2.3984,1.0502,65.16
0.33816,0.59336,0.42213,0.59614,13.699,-2.4087,1.0494,65.17
0.33973,0.59233,0.42193,0.59641,13.684,-2.4189,1.0486,65.18
0.34128,0.59133,0.42176,0.59664,13.668,-2.429,1.0478,65.19
0.34281,0.59031,0.42154,0.59692,13.653,-2.439,1.047,65.2
0.34276,0.59027,0.42159,0.59695,13.652,-2.4391,1.0469,65.2
0.34421,0.58923,0.42146,0.59724,13.637,-2.449,1.0461,65.21
0.34579,0.5882,0.42118,0.59754,13.621,-2.4588,1.0452,65.22
0.3473,0.58717,0.42096,0.59784,13.605,-2.4685,1.0444,65.23
0.34887,0.58612,0.42073,0.59811,13.588,-2.4781,1.0435,65.24
0.35038,0.5851,0.42055,0.59836,13.572,-2.4876,1.0427,65.25
0.35035,0.58511,0.42052,0.59839,13.572,-2.4877,1.0426,65.25
0.35184,0.58405,0.42035,0.59867,13.555,-2.4971,1.0417,65.26
0.35331,0.58304,0.42014,0.59894,13.539,-2.5064,1.0408,65.27
0.35487,0.58199,0.4199,0.5992,13.522,-2.5155,1.04,65.28
0.35632,0.58097,0.41964,0.59951,13.505,-2.5246,1.0391,65.29
0.35782,0.57996,0.41935,0.5998,13.488,-2.5335,1.0382,65.3
0.35791,0.57989,0.41939,0.59979,13.487,-2.5336,1.0383,65.3
0.35941,0.5789,0.41915,0.60001,13.47,-2.5425,1.0373,65.31
0.36089,0.57783,0.41891,0.60032,13.453,-2.5512,1.0364,65.32
0.36234,0.57675,0.41873,0.60062,13.435,-2.5598,1.0355,65.33
0.36394,0.57558,0.4185,0.60092,13.418,-2.5683,1.0346,65.34
0.36547,0.57455,0.4182,0.60119,13.4,-2.5766,1.0337,65.35
0.36544,0.57462,0.41824,0.60112,13.4,-2.5767,1.0337,65.35
0.36697,0.57351,0.41797,0.60144,13.382,-2.585,1.0328,65.36
0.36849,0.57246,0.41778,0.60164,13.364,-2.5931,1.0318,65.37
0.37008,0.57146,0.41746,0.60183,13.346,-2.6011,1.0309,65.38
0.37161,0.57033,0.41719,0.60214,13.327,-2.609,1.0299,65.39
0.37313,0.56924,0.41691,0.60243,13.309,-2.6168,1.0289,65.4
0.37293,0.5693,0.41705,0.6024,13.309,-2.6169,1.029,65.4
0.37452,0.5682,0.41678,0.60264,13.29,-2.6245,1.028,65.41
0.37595,0.56706,0.41656,0.60297,13.272,-2.6321,1.0271,65.42
0.37747,0.56596,0.41626,0.60327,13.253,-2.6395,1.0261,65.43
0.37896,0.56492,0.41603,0.60347,13.234,-2.6468,1.0251,65.44
0.38046,0.56381,0.41577,0.60374,13.215,-2.654,1.0241,65.45
0.3804,0.56392,0.41583,0.60364,13.215,-2.654,1.0241,65.45
0.38185,0.5629,0.41559,0.60383,13.196,-2.6611,1.0232,65.46
0.38336,0.56182,0.41525,0.60412,13.177,-2.668,1.0222,65.47
0.38487,0.5607,0.41495,0.60441,13.157,-2.6748,1.0212,65.48
0.38638,0.5596,0.41466,0.60467,13.138,-2.6815,1.0202,65.49
0.38796,0.55846,0.41438,0.6049,13.118,-2.6881,1.0192,65.5
0.38783,0.5585,0.41456,0.60482,13.118,-2.6881,1.0192,65.5
0.38937,0.55739,0.41426,0.60505,13.099,-2.6945,1.0181,65.51
0.39093,0.55622,0.41397,0.60533,13.079,-2.7008,1.0171,65.52
0.39241,0.5551,0.41373,0.60556,13.059,-2.707,1.0161,65.53
0.39396,0.554,0.41344,0.60576,13.039,-2.7131,1.0151,65.54
0.39541,0.55298,0.41317,0.60593,13.019,-2.719,1.014,65.55
0.39522,0.55303,0.41327,0.60594,13.019,-2.719,1.0141,65.55
0.39673,0.55196,0.41299,0.60612,12.999,-2.7247,1.0131,65.56
0.39823,0.55082,0.41268,0.60639,12.979,-2.7304,1.012,65.57
0.39984,0.54973,0.41244,0.60649,12.959,-2.7359,1.011,65.58
0.40135,0.54866,0.41209,0.60669,12.938,-2.7413,1.0099,65.59
0.40289,0.5475,0.41182,0.6069,12.918,-2.7465,1.0089,65.6
0.40258,0.54753,0.41193,0.607,12.918,-2.7465,1.0089,65.6
0.40408,0.54646,0.41164,0.60717,12.897,-2.7516,1.0079,65.61
0.40567,0.54523,0.41141,0.60737,12.877,-2.7566,1.0068,65.62
0.40715,0.54414,0.41116,0.60753,12.856,-2.7615,1.0058,65.63
0.40865,0.54298,0.41092,0.60772,12.835,-2.7662,1.0047,65.64
0.41013,0.54184,0.41068,0.6079,12.815,-2.7708,1.0037,65.65
0.40991,0.54196,0.41056,0.60803,12.814,-2.7708,1.0036,65.65
0.41136,0.54078,0.41038,0.60822,12.793,-2.7752,1.0026,65.66
0.41283,0.53965,0.41001,0.60848,12.772,-2.7795,1.0015,65.67
0.41433,0.53856,0.40971,0.60862,12.751,-2.7837,1.0004,65.68
0.4158,0.53746,0.40944,0.60878,12.73,-2.7877,0.99936,65.69
0.41728,0.53633,0.40916,0.60895,12.709,-2.7916,0.99828,65.7
0.4172,0.53634,0.40916,0.609,12.709,-2.7916,0.99831,65.7
0.41869,0.53513,0.40886,0.60923,12.688,-2.7954,0.99723,65.71
0.42018,0.53393,0.40862,0.60942,12.667,-2.7991,0.99614,65.72
0.4216,0.53278,0.40833,0.60964,12.645,-2.8026,0.99506,65.73
0.4231,0.53163,0.40803,0.60981,12.624,-2.8059,0.99397,65.74
0.42468,0.53046,0.40773,0.60993,12.603,-2.8091,0.99288,65.75
0.42446,0.53068,0.40772,0.6099,12.602,-2.809,0.99292,65.75
0.42592,0.52951,0.40746,0.61007,12.581,-2.8121,0.99183,65.76
0.42741,0.52831,0.40719,0.61025,12.559,-2.8151,0.99073,65.77
0.4289,0.52718,0.40692,0.61035,12.538,-2.8179,0.98963,65.78
0.43027,0.52599,0.4067,0.61057,12.516,-2.8205,0.98853,65.79
0.43168,0.52481,0.40633,0.61083,12.495,-2.8231,0.98743,65.8
0.43167,0.52497,0.40624,0.61077,12.494,-2.823,0.98748,65.8
0.43309,0.52381,0.40586,0.61101,12.473,-2.8254,0.98638,65.81
0.43457,0.52266,0.40557,0.61114,12.451,-2.8276,0.98528,65.82
0.43601,0.52147,0.40527,0.61133,12.429,-2.8297,0.98417,65.83
0.43744,0.52038,0.40493,0.61146,12.408,-2.8317,0.98307,65.84
0.43882,0.51927,0.40454,0.61167,12.386,-2.8335,0.98196,65.85
0.43884,0.51923,0.40473,0.61157,12.386,-2.8334,0.982,65.85
0.44021,0.51811,0.4044,0.61175,12.364,-2.8351,0.9809,65.86
0.44166,0.51697,0.40404,0.61191,12.342,-2.8367,0.97979,65.87
0.44312,0.51583,0.40375,0.61201,12.32,-2.8381,0.97868,65.88
0.44454,0.51472,0.4034,0.61214,12.298,-2.8393,0.97757,65.89
0.44604,0.51362,0.40298,0.61226,12.276,-2.8404,0.97646,65.9
0.44598,0.51343,0.40319,0.61232,12.276,-2.8404,0.97651,65.9
0.44749,0.51226,0.4028,0.61245,12.254,-2.8413,0.9754,65.91
0.4489,0.51112,0.40244,0.61261,12.232,-2.8421,0.97429,65.92
0.45026,0.50991,0.40217,0.61279,12.21,-2.8428,0.97318,65.93
0.45163,0.50872,0.40194,0.61293,12.188,-2.8433,0.97207,65.94
0.45307,0.50754,0.40169,0.61301,12.167,-2.8437,0.97096,65.95
0.45307,0.50759,0.40161,0.61302,12.166,-2.8437,0.97099,65.95
0.45446,0.50643,0.40128,0.61316,12.144,-2.8439,0.96988,65.96
0.45589,0.50525,0.40093,0.6133,12.122,-2.844,0.96877,65.97
0.45729,0.50405,0.40063,0.61345,12.1,-2.844,0.96766,65.98
0.45873,0.50278,0.40036,0.61358,12.078,-2.8438,0.96655,65.99
0.46014,0.50162,0.40002,0.6137,12.057,-2.8434,0.96544,66
0.46013,0.5017,0.39999,0.61366,12.056,-2.8435,0.96546,66
0.46153,0.50049,0.39968,0.6138,12.034,-2.843,0.96435,66.01
0.46285,0.49926,0.39945,0.61396,12.012,-2.8424,0.96324,66.02
0.46424,0.49808,0.39914,0.61407,11.99,-2.8416,0.96214,66.03
0.46561,0.49693,0.39881,0.61418,11.969,-2.8407,0.96103,66.04
0.46703,0.49573,0.39851,0.61426,11.947,-2.8397,0.95993,66.05
0.46715,0.49577,0.39835,0.61425,11.946,-2.8397,0.95996,66.05
0.46851,0.4946,0.39803,0.61436,11.924,-2.8385,0.95886,66.06
0.4699,0.49341,0.39774,0.61445,11.903,-2.8372,0.95776,66.07
0.47138,0.4922,0.39736,0.61453,11.881,-2.8357,0.95666,66.08
0.47281,0.49099,0.39706,0.61459,11.859,-2.8341,0.95556,66.09
0.47421,0.48979,0.39671,0.61469,11.837,-2.8323,0.95446,66.1
0.47413,0.4898,0.39665,0.61478,11.837,-2.8323,0.95447,66.1
0.47555,0.4886,0.3963,0.61488,11.815,-2.8304,0.95338,66.11
0.47698,0.4873,0.39594,0.61503,11.793,-2.8284,0.95228,66.12
0.47847,0.48606,0.39556,0.61509,11.772,-2.8262,0.95119,66.13
0.47981,0.48485,0.39529,0.61518,11.75,-2.8239,0.95011,66.14
0.48117,0.4837,0.39496,0.61524,11.729,-2.8214,0.94902,66.15
0.48107,0.48378,0.39494,0.61527,11.728,-2.8214,0.94905,66.15
0.48248,0.48253,0.39458,0.61537,11.707,-2.8188,0.94797,66.16
0.48383,0.48132,0.39419,0.61551,11.685,-2.8161,0.94689,66.17
0.48522,0.48011,0.39375,0.61565,11.664,-2.8132,0.94581,66.18
0.48657,0.47883,0.39333,0.61584,11.642,-2.8102,0.94474,66.19
0.48802,0.47758,0.39294,0.61591,11.621,-2.807,0.94367,66.2
0.48796,0.47772,0.39319,0.61569,11.62,-2.8071,0.94368,66.2
0.48934,0.47647,0.39279,0.61583,11.599,-2.8038,0.94261,66.21
0.49079,0.47523,0.39242,0.61587,11.578,-2.8004,0.94155,66.22
0.49226,0.47399,0.39206,0.61588,11.557,-2.7968,0.94049,66.23
0.49358,0.47276,0.39175,0.61595,11.535,-2.7931,0.93943,66.24
0.49501,0.4715,0.39139,0.61601,11.514,-2.7892,0.93837,66.25
0.49481,0.47162,0.3914,0.61607,11.514,-2.7892,0.93839,66.25
0.49615,0.47045,0.39095,0.61618,11.493,-2.7852,0.93733,66.26
0.49752,0.46929,0.39056,0.61621,11.472,-2.7811,0.93628,66.27
0.49893,0.46803,0.39016,0.61627,11.451,-2.7768,0.93523,66.28
0.50037,0.46679,0.38977,0.61629,11.43,-2.7724,0.93419,66.29
0.50175,0.46563,0.38937,0.6163,11.409,-2.7679,0.93314,66.3
0.50162,0.46548,0.38958,0.61639,11.409,-2.7679,0.93317,66.3
0.50297,0.46421,0.38923,0.61647,11.388,-2.7633,0.93213,66.31
0.5043,0.46291,0.38888,0.61657,11.367,-2.7585,0.9311,66.32
0.50573,0.46161,0.3885,0.61662,11.347,-2.7535,0.93007,66.33
0.5071,0.46037,0.38811,0.61667,11.326,-2.7485,0.92905,66.34
0.50844,0.45919,0.38774,0.61668,11.306,-2.7433,0.92803,66.35
0.50839,0.4593,0.38772,0.61665,11.306,-2.7432,0.92804,66.35
0.5097,0.45813,0.38733,0.61668,11.285,-2.7379,0.92702,66.36
0.5111,0.45675,0.38695,0.61678,11.265,-2.7324,0.926,66.37
0.51248,0.45559,0.38664,0.61669,11.245,-2.7268,0.92499,66.38
0.5139,0.4544,0.38628,0.61662,11.225,-2.7211,0.92399,66.39
0.5152,0.45317,0.38586,0.61669,11.205,-2.7153,0.92299,66.4
0.51511,0.45308,0.38583,0.61686,11.204,-2.7152,0.92301,66.4
0.51642,0.45177,0.38549,0.61694,11.184,-2.7092,0.92201,66.41
0.51781,0.45047,0.38507,0.61699,11.165,-2.7031,0.92103,66.42
0.51911,0.44919,0.38465,0.61709,11.145,-2.6969,0.92004,66.43
0.52041,0.44793,0.3843,0.61713,11.125,-2.6905,0.91906,66.44
0.52172,0.44665,0.38387,0.61721,11.106,-2.684,0.91809,66.45
0.52178,0.44682,0.38391,0.61702,11.105,-2.684,0.91811,66.45
0.52312,0.44547,0.38356,0.61708,11.086,-2.6773,0.91714,66.46
0.52445,0.44425,0.38312,0.61711,11.067,-2.6706,0.91618,66.47
0.52579,0.44301,0.38279,0.61705,11.047,-2.6637,0.91523,66.48
0.52709,0.4418,0.38239,0.61706,11.028,-2.6567,0.91428,66.49
0.52845,0.44049,0.38201,0.61707,11.009,-2.6496,0.91333,66.5
0.52841,0.44052,0.38195,0.61712,11.009,-2.6495,0.91333,66.5
0.52977,0.43929,0.38151,0.61711,10.99,-2.6423,0.91239,66.51
0.5311,0.43805,0.38109,0.61711,10.971,-2.6349,0.91146,66.52
0.53244,0.43674,0.38067,0.61713,10.953,-2.6274,0.91053,66.53
0.53381,0.43552,0.38024,0.61708,10.934,-2.6198,0.90961,66.54
0.53514,0.43425,0.37982,0.61708,10.916,-2.612,0.9087,66.55
0.53499,0.43418,0.37997,0.61717,10.915,-2.612,0.90866,66.55
0.53639,0.43282,0.37954,0.61717,10.897,-2.6041,0.90775,66.56
0.53765,0.43153,0.37919,0.6172,10.879,-2.5962,0.90685,66.57
0.53896,0.43025,0.37878,0.6172,10.861,-2.5881,0.90596,66.58
0.5402,0.42905,0.37838,0.61719,10.843,-2.5798,0.90507,66.59
0.54149,0.42789,0.37787,0.61718,10.825,-2.5715,0.90418,66.6
0.54152,0.4278,0.37795,0.61717,10.825,-2.5715,0.90416,66.6
0.54285,0.42656,0.37754,0.61711,10.807,-2.563,0.90329,66.61
0.54418,0.42526,0.3771,0.61711,10.789,-2.5545,0.90242,66.62
0.54547,0.424,0.37673,0.61706,10.772,-2.5458,0.90155,66.63
0.54671,0.42271,0.37636,0.61707,10.755,-2.537,0.9007,66.64
0.54795,0.42138,0.376,0.6171,10.738,-2.5281,0.89985,66.65
0.54801,0.4214,0.37589,0.6171,10.737,-2.5281,0.89983,66.65
0.54924,0.42016,0.37548,0.6171,10.72,-2.519,0.89899,66.66
0.55048,0.4188,0.37516,0.61712,10.703,-2.5099,0.89815,66.67
0.55177,0.41757,0.37468,0.61709,10.687,-2.5007,0.89733,66.68
0.55306,0.41626,0.37422,0.6171,10.67,-2.4913,0.89651,66.69
0.55433,0.41495,0.3738,0.6171,10.654,-2.4819,0.8957,66.7
0.55445,0.41495,0.3738,0.61699,10.653,-2.4818,0.89567,66.7
0.5557,0.41375,0.37332,0.61696,10.637,-2.4723,0.89487,66.71
0.55699,0.4124,0.37299,0.61691,10.621,-2.4626,0.89407,66.72
0.55822,0.41109,0.37266,0.61686,10.605,-2.4529,0.89328,66.73
0.55959,0.40977,0.37215,0.61681,10.589,-2.443,0.89249,66.74
0.56079,0.40858,0.37173,0.61675,10.573,-2.433,0.89171,66.75
0.56084,0.40846,0.37169,0.61682,10.573,-2.4329,0.89172,66.75
0.56215,0.40716,0.37131,0.61671,10.557,-2.4229,0.89095,66.76
0.56348,0.40593,0.37089,0.61657,10.542,-2.4127,0.89019,66.77
0.56472,0.40465,0.37046,0.61653,10.527,-2.4024,0.88944,66.78
0.56597,0.40338,0.37,0.61649,10.512,-2.392,0.8887,66.79
0.5673,0.40197,0.3696,0.61642,10.497,-2.3815,0.88797,66.8
0.56718,0.40195,0.36954,0.61659,10.496,-2.3815,0.88798,66.8
0.56841,0.40067,0.36906,0.61657,10.482,-2.3709,0.88726,66.81
0.56965,0.39938,0.36862,0.61653,10.467,-2.3602,0.88654,66.82
0.57088,0.39808,0.36827,0.61644,10.453,-2.3494,0.88584,66.83
0.57215,0.39682,0.36782,0.61635,10.438,-2.3386,0.88514,66.84
0.57343,0.39552,0.3673,0.61631,10.424,-2.3276,0.88444,66.85
0.57348,0.39539,0.36734,0.61632,10.424,-2.3276,0.88445,66.85
0.57472,0.39411,0.36691,0.61624,10.41,-2.3165,0.88377,66.86
0.57601,0.39274,0.36652,0.61614,10.396,-2.3054,0.8831,66.87
0.57721,0.39147,0.36603,0.61611,10.383,-2.2942,0.88243,66.88
0.57845,0.39022,0.36559,0.61601,10.369,-2.2829,0.88178,66.89
0.57974,0.38888,0.36501,0.61599,10.356,-2.2715,0.88114,66.9
0.57972,0.38881,0.36513,0.61598,10.356,-2.2714,0.88115,66.9
0.58099,0.38742,0.36459,0.61598,10.343,-2.2599,0.88052,66.91
0.58221,0.38611,0.36418,0.6159,10.33,-2.2484,0.8799,66.92
0.5835,0.3848,0.36369,0.61577,10.317,-2.2367,0.87928,66.93
0.5847,0.3835,0.36329,0.61569,10.305,-2.225,0.87868,66.94
0.58591,0.38213,0.36285,0.61565,10.292,-2.2132,0.87808,66.95
0.58591,0.38217,0.36288,0.6156,10.292,-2.2131,0.87809,66.95
0.58716,0.38082,0.36233,0.61558,10.28,-2.2012,0.8775,66.96
0.58844,0.37947,0.36183,0.61548,10.268,-2.1893,0.87692,66.97
0.58969,0.37812,0.36132,0.61542,10.256,-2.1772,0.87636,66.98
0.59092,0.37675,0.36091,0.61532,10.244,-2.1651,0.8758,66.99
0.59213,0.37547,0.36038,0.61525,10.233,-2.1529,0.87525,67
0.59206,0.37552,0.3606,0.61516,10.233,-2.1528,0.87526,67
0.59326,0.37428,0.36013,0.61504,10.222,-2.1405,0.87473,67.01
0.59446,0.37297,0.35964,0.61495,10.21,-2.1282,0.8742,67.02
0.59573,0.37162,0.35919,0.61481,10.2,-2.1158,0.87369,67.03
0.59694,0.37031,0.3587,0.61471,10.189,-2.1033,0.87318,67.04
0.59816,0.369,0.35817,0.61462,10.178,-2.0908,0.87269,67.05
0.59815,0.36883,0.35828,0.61467,10.178,-2.0907,0.87269,67.05
0.59942,0.36749,0.35782,0.6145,10.168,-2.0781,0.8722,67.06
0.60065,0.36612,0.35734,0.6144,10.158,-2.0654,0.87173,67.07
0.60179,0.36472,0.35695,0.61434,10.148,-2.0526,0.87126,67.08
0.60299,0.36332,0.35654,0.61423,10.138,-2.0398,0.8708,67.09
0.60422,0.36193,0.35595,0.61418,10.129,-2.027,0.87036,67.1
0.60419,0.36211,0.35594,0.61412,10.129,-2.0269,0.87038,67.1
0.60539,0.36078,0.35551,0.61397,10.119,-2.0139,0.86994,67.11
0.60663,0.35938,0.35499,0.61387,10.11,-2.0009,0.86952,67.12
0.60781,0.35804,0.35452,0.61375,10.101,-1.9878,0.8691,67.13
0.60903,0.35671,0.35412,0.61354,10.093,-1.9747,0.86869,67.14
0.61015,0.35534,0.35368,0.61349,10.084,-1.9616,0.86829,67.15
0.61017,0.35536,0.35357,0.61352,10.084,-1.9615,0.86832,67.15
0.61132,0.35402,0.35317,0.61338,10.075,-1.9483,0.86793,67.16
0.61252,0.35257,0.3527,0.61328,10.067,-1.935,0.86756,67.17
0.61372,0.35129,0.35221,0.6131,10.059,-1.9216,0.86719,67.18
0.61486,0.35003,0.35172,0.61296,10.052,-1.9082,0.86684,67.19
0.61605,0.34873,0.35122,0.61279,10.044,-1.8948,0.86649,67.2
0.6161,0.34857,0.35115,0.61286,10.044,-1.8948,0.86651,67.2
0.61731,0.34707,0.35068,0.61278,10.037,-1.8813,0.86618,67.21
0.61851,0.34574,0.35018,0.6126,10.03,-1.8678,0.86585,67.22
0.61974,0.34441,0.3497,0.61238,10.023,-1.8542,0.86554,67.23
0.62089,0.34306,0.34925,0.61223,10.016,-1.8406,0.86524,67.24
0.62209,0.34171,0.34864,0.61212,10.01,-1.8269,0.86495,67.25
0.62198,0.34177,0.34873,0.61215,10.01,-1.8269,0.86497,67.25
0.62316,0.34043,0.34828,0.61195,10.003,-1.8132,0.8647,67.26
0.62435,0.339,0.34775,0.61183,9.9974,-1.7994,0.86443,67.27
0.62554,0.33763,0.34729,0.61164,9.9916,-1.7856,0.86417,67.28
0.62678,0.33619,0.34682,0.61143,9.986,-1.7718,0.86393,67.29
0.62799,0.33481,0.34632,0.61123,9.9806,-1.758,0.86369,67.3
0.62781,0.33493,0.34626,0.61138,9.9804,-1.7579,0.8637,67.3
0.62889,0.33363,0.34585,0.61121,9.9753,-1.744,0.86347,67.31
0.63006,0.33225,0.34534,0.61104,9.9703,-1.7301,0.86326,67.32
0.63123,0.33083,0.34486,0.61088,9.9655,-1.7161,0.86306,67.33
0.63242,0.32943,0.34431,0.61072,9.961,-1.7021,0.86287,67.34
0.63362,0.32802,0.34375,0.61055,9.9567,-1.6881,0.86269,67.35
0.63358,0.32805,0.34376,0.61057,9.9566,-1.6881,0.86271,67.35
0.63472,0.32662,0.3432,0.61046,9.9524,-1.6741,0.86254,67.36
0.63586,0.32525,0.34269,0.6103,9.9486,-1.66,0.86238,67.37
0.63705,0.32388,0.34218,0.61007,9.9449,-1.6459,0.86223,67.38
0.63822,0.32241,0.34167,0.60991,9.9414,-1.6318,0.86209,67.39
0.63929,0.32108,0.34121,0.60974,9.9382,-1.6177,0.86197,67.4
0.63929,0.32116,0.34123,0.6097,9.9381,-1.6177,0.862,67.4
0.64036,0.31974,0.34068,0.60962,9.935,-1.6035,0.86189,67.41
0.64152,0.31832,0.34017,0.60944,9.9322,-1.5893,0.86179,67.42
0.64269,0.31683,0.33968,0.60925,9.9297,-1.5751,0.86169,67.43
0.64382,0.31546,0.33915,0.60907,9.9273,-1.5609,0.86161,67.44
0.64491,0.31402,0.3387,0.6089,9.9251,-1.5467,0.86154,67.45
0.64495,0.31423,0.33867,0.60877,9.925,-1.5468,0.86157,67.45
0.6461,0.31283,0.33812,0.60858,9.9231,-1.5325,0.86151,67.46
0.64721,0.31138,0.33763,0.60841,9.9214,-1.5183,0.86146,67.47
0.64832,0.30997,0.33707,0.60826,9.9199,-1.504,0.86143,67.48
0.64945,0.3086,0.33658,0.60803,9.9186,-1.4897,0.8614,67.49
0.65048,0.30721,0.33603,0.60793,9.9175,-1.4755,0.86139,67.5
0.65055,0.30727,0.33608,0.6078,9.9174,-1.4755,0.86137,67.5
0.65168,0.30585,0.33555,0.6076,9.9166,-1.4612,0.86136,67.51
0.65281,0.30444,0.33496,0.60742,9.916,-1.4469,0.86137,67.52
0.65389,0.30313,0.33436,0.60724,9.9156,-1.4326,0.86138,67.53
0.65497,0.30168,0.33393,0.60703,9.9154,-1.4184,0.86141,67.54
0.65612,0.30029,0.33338,0.60679,9.9155,-1.4041,0.86145,67.55
0.6561,0.30029,0.33346,0.60677,9.9154,-1.4041,0.86148,67.55
0.65719,0.29887,0.33298,0.60655,9.9156,-1.3898,0.86153,67.56
0.65832,0.29744,0.33246,0.60632,9.9161,-1.3755,0.86159,67.57
0.65944,0.29605,0.33189,0.60608,9.9168,-1.3612,0.86166,67.58
0.66054,0.29463,0.3314,0.60585,9.9177,-1.347,0.86174,67.59
0.66162,0.2933,0.33093,0.60557,9.9189,-1.3327,0.86183,67.6
0.66159,0.29328,0.33081,0.60569,9.9188,-1.3327,0.86188,67.6
0.66269,0.29197,0.33033,0.60538,9.9202,-1.3184,0.86198,67.61
0.66382,0.29057,0.32981,0.6051,9.9217,-1.3042,0.8621,67.62
0.66494,0.2892,0.32927,0.60481,9.9235,-1.2899,0.86222,67.63
0.66598,0.28786,0.32872,0.6046,9.9255,-1.2757,0.86236,67.64
0.66711,0.28638,0.32821,0.60434,9.9278,-1.2615,0.86251,67.65
0.66702,0.28625,0.32813,0.60454,9.9277,-1.2615,0.86254,67.65
0.66809,0.28491,0.32748,0.60435,9.9302,-1.2473,0.8627,67.66
0.66923,0.28353,0.327,0.60399,9.9328,-1.2331,0.86287,67.67
0.67023,0.28219,0.32642,0.60383,9.9357,-1.2189,0.86305,67.68
0.67124,0.28093,0.32585,0.6036,9.9388,-1.2048,0.86324,67.69
0.67233,0.27945,0.32533,0.60335,9.9421,-1.1907,0.86345,67.7
0.67239,0.27919,0.32543,0.60336,9.9421,-1.1907,0.86347,67.7
0.67343,0.27778,0.32491,0.60313,9.9456,-1.1766,0.86369,67.71
0.67447,0.27635,0.32431,0.60295,9.9494,-1.1625,0.86391,67.72
0.67549,0.27496,0.32378,0.60272,9.9533,-1.1484,0.86415,67.73
0.67656,0.27345,0.3231,0.60258,9.9575,-1.1344,0.8644,67.74
0.67761,0.27211,0.32256,0.60229,9.9619,-1.1204,0.86466,67.75
0.6777,0.27211,0.32269,0.60212,9.9619,-1.1204,0.86466,67.75
0.67864,0.27075,0.32213,0.60197,9.9665,-1.1064,0.86493,67.76
0.67965,0.26932,0.32162,0.60176,9.9713,-1.0925,0.86521,67.77
0.6807,0.26795,0.32107,0.60147,9.9763,-1.0786,0.8655,67.78
0.6817,0.26656,0.32049,0.60126,9.9816,-1.0647,0.86581,67.79
0.68271,0.26515,0.31996,0.60102,9.9871,-1.0509,0.86612,67.8
0.68296,0.26501,0.31993,0.60082,9.9871,-1.0509,0.86611,67.8
0.68399,0.26363,0.3193,0.60059,9.9927,-1.0371,0.86643,67.81
0.68499,0.2622,0.31874,0.60037,9.9986,-1.0233,0.86677,67.82
0.686,0.26069,0.31822,0.60015,10.005,-1.0096,0.86712,67.83
0.68709,0.25924,0.31766,0.59983,10.011,-0.9959,0.86747,67.84
0.68818,0.25771,0.31714,0.59952,10.018,-0.98226,0.86784,67.85
0.68815,0.25789,0.31714,0.59947,10.018,-0.98226,0.86782,67.85
0.68913,0.25648,0.31665,0.59921,10.024,-0.96865,0.8682,67.86
0.69014,0.255,0.31609,0.59898,10.031,-0.95509,0.86859,67.87
0.69115,0.2535,0.31552,0.59875,10.038,-0.94158,0.86899,67.88
0.69215,0.25208,0.31505,0.59844,10.046,-0.92812,0.86941,67.89
0.69315,0.25072,0.31442,0.59818,10.053,-0.91471,0.86983,67.9
0.69329,0.25073,0.31432,0.59807,10.053,-0.9147,0.86977,67.9
0.69431,0.24932,0.31368,0.59781,10.061,-0.90133,0.8702,67.91
0.69532,0.2478,0.31316,0.59754,10.069,-0.88802,0.87065,67.92
0.69628,0.24646,0.31261,0.59726,10.077,-0.87476,0.8711,67.93
0.69732,0.24499,0.31203,0.59696,10.086,-0.86156,0.87156,67.94
0.69833,0.24354,0.31146,0.59667,10.094,-0.84842,0.87203,67.95
0.69836,0.24356,0.31147,0.59662,10.094,-0.84838,0.87198,67.95
0.69933,0.24219,0.31096,0.59631,10.103,-0.83528,0.87246,67.96
0.70036,0.24068,0.3104,0.596,10.112,-0.82224,0.87295,67.97
0.70133,0.2393,0.30983,0.59572,10.121,-0.80926,0.87345,67.98
0.70232,0.23789,0.30924,0.59542,10.131,-0.79635,0.87396,67.99
0.7034,0.23637,0.30865,0.59506,10.14,-0.7835,0.87448,68
0.70338,0.23637,0.30859,0.59511,10.14,-0.78345,0.87443,68
0.70431,0.23489,0.30814,0.59483,10.15,-0.77065,0.87496,68.01
0.70529,0.23352,0.30754,0.59452,10.16,-0.75792,0.8755,68.02
0.70629,0.2321,0.30694,0.5942,10.17,-0.74525,0.87605,68.03
0.70726,0.23069,0.30638,0.59388,10.18,-0.73265,0.87661,68.04
0.70825,0.22943,0.30576,0.59351,10.191,-0.72013,0.87718,68.05
0.70833,0.22916,0.3057,0.59355,10.191,-0.72011,0.87716,68.05
0.70928,0.22772,0.30521,0.59322,10.202,-0.70764,0.87773,68.06
0.71031,0.22621,0.30466,0.59285,10.213,-0.69525,0.87832,68.07
0.71126,0.22475,0.30415,0.59252,10.224,-0.68294,0.87891,68.08
0.71227,0.22332,0.30357,0.59215,10.235,-0.6707,0.87951,68.09
0.71325,0.22179,0.30305,0.59181,10.247,-0.65853,0.88013,68.1
0.71322,0.22193,0.30277,0.59194,10.247,-0.65848,0.8801,68.1
0.71422,0.22043,0.30212,0.59162,10.258,-0.64637,0.88073,68.11
0.71517,0.21907,0.30151,0.5913,10.27,-0.63434,0.88136,68.12
0.71619,0.21748,0.30092,0.59096,10.282,-0.6224,0.882,68.13
0.71709,0.21607,0.30035,0.59067,10.295,-0.61054,0.88264,68.14
0.7181,0.21464,0.29973,0.59027,10.307,-0.59875,0.8833,68.15
0.71805,0.21468,0.29981,0.59029,10.307,-0.59874,0.88331,68.15
0.71896,0.21327,0.29928,0.58995,10.32,-0.58703,0.88398,68.16
0.71993,0.21176,0.29862,0.58965,10.332,-0.57541,0.88466,68.17
0.72089,0.21025,0.29798,0.58934,10.345,-0.56387,0.88534,68.18
0.72179,0.20879,0.29733,0.58909,10.359,-0.55242,0.88603,68.19
0.72278,0.20732,0.29669,0.58871,10.372,-0.54106,0.88673,68.2
0.72282,0.2074,0.29682,0.58857,10.372,-0.54105,0.88674,68.2
0.72377,0.2059,0.29624,0.58822,10.385,-0.52978,0.88745,68.21
0.72471,0.20435,0.29573,0.58786,10.399,-0.5186,0.88817,68.22
0.72567,0.2029,0.29507,0.58751,10.413,-0.50751,0.8889,68.23
0.72659,0.20145,0.29449,0.58716,10.427,-0.49652,0.88964,68.24
0.72751,0.19998,0.29388,0.58684,10.441,-0.48562,0.89038,68.25
0.72752,0.20011,0.29381,0.58681,10.441,-0.48552,0.89048,68.25
0.72848,0.19871,0.29324,0.58638,10.455,-0.4747,0.89124,68.26
0.7294,0.19719,0.29259,0.58607,10.47,-0.46398,0.89201,68.27
0.73036,0.19572,0.29194,0.5857,10.485,-0.45335,0.89278,68.28
0.7313,0.19423,0.29133,0.58532,10.499,-0.44282,0.89356,68.29
0.73221,0.19275,0.2907,0.58498,10.514,-0.43239,0.89435,68.3
0.73216,0.1928,0.29078,0.585,10.515,-0.43234,0.89433,68.3
0.73306,0.19123,0.29021,0.58467,10.53,-0.422,0.89513,68.31
0.73398,0.18971,0.28961,0.5843,10.545,-0.41177,0.89593,68.32
0.73487,0.18811,0.28897,0.58401,10.56,-0.40164,0.89674,68.33
0.7358,0.18665,0.28834,0.58363,10.576,-0.39161,0.89756,68.34
0.73674,0.1852,0.28768,0.58323,10.592,-0.38168,0.89839,68.35
0.73674,0.18548,0.28771,0.58313,10.592,-0.38161,0.89838,68.35
0.73768,0.18406,0.2871,0.58269,10.608,-0.37179,0.89922,68.36
0.73852,0.18266,0.28657,0.58232,10.624,-0.36206,0.90005,68.37
0.73941,0.18116,0.28593,0.58197,10.64,-0.35245,0.9009,68.38
0.74036,0.17965,0.2853,0.58155,10.657,-0.34294,0.90175,68.39
0.74119,0.17827,0.28473,0.58119,10.673,-0.33354,0.90261,68.4
0.74125,0.17814,0.28463,0.58121,10.673,-0.33347,0.90258,68.4
0.74215,0.17672,0.28399,0.5808,10.69,-0.32416,0.90345,68.41
0.74302,0.1753,0.28336,0.58043,10.707,-0.31496,0.90432,68.42
0.74387,0.1739,0.28269,0.58008,10.724,-0.30588,0.9052,68.43
0.74476,0.17246,0.28207,0.57968,10.741,-0.2969,0.90608,68.44
0.74565,0.17096,0.2814,0.5793,10.758,-0.28804,0.90697,68.45
0.74569,0.17079,0.28151,0.57924,10.758,-0.28806,0.90699,68.45
0.74655,0.16933,0.28093,0.57885,10.775,-0.27931,0.90789,68.46
0.74747,0.16788,0.28032,0.57839,10.793,-0.27067,0.90879,68.47
0.7483,0.16633,0.27967,0.57807,10.81,-0.26215,0.9097,68.48
0.74911,0.16493,0.27905,0.57772,10.828,-0.25375,0.91062,68.49
0.75003,0.16343,0.27844,0.57725,10.846,-0.24546,0.91154,68.5
0.75007,0.16342,0.27838,0.57723,10.846,-0.24547,0.91154,68.5
0.75091,0.16196,0.27777,0.57684,10.864,-0.23729,0.91247,68.51
0.75181,0.16052,0.277,0.57644,10.882,-0.22922,0.9134,68.52
0.75268,0.15908,0.27635,0.57602,10.901,-0.22128,0.91435,68.53
0.75356,0.15758,0.27567,0.57561,10.919,-0.21346,0.91529,68.54
0.75442,0.15606,0.27509,0.57518,10.937,-0.20576,0.91625,68.55
0.75439,0.15604,0.27521,0.57516,10.938,-0.20579,0.91624,68.55
0.75527,0.15461,0.27461,0.57467,10.956,-0.1982,0.9172,68.56
0.75618,0.15309,0.27394,0.57421,10.975,-0.19073,0.91817,68.57
0.75703,0.15163,0.27334,0.57375,10.994,-0.18339,0.91914,68.58
0.75785,0.15015,0.27275,0.57335,11.013,-0.17617,0.92011,68.59
0.75872,0.14859,0.2721,0.57292,11.032,-0.16908,0.92109,68.6
0.75864,0.14864,0.27203,0.57303,11.032,-0.16913,0.92109,68.6
0.75943,0.14719,0.27143,0.57265,11.051,-0.16216,0.92208,68.61
0.76026,0.1457,0.27086,0.5722,11.07,-0.15531,0.92307,68.62
0.76113,0.14416,0.2702,0.57174,11.09,-0.14859,0.92407,68.63
0.76196,0.14273,0.26957,0.57129,11.109,-0.14199,0.92507,68.64
0.76277,0.14121,0.2689,0.5709,11.129,-0.13553,0.92608,68.65
0.76283,0.14123,0.26881,0.57087,11.129,-0.13561,0.92608,68.65
0.76368,0.13974,0.26812,0.57042,11.149,-0.12928,0.92709,68.66
0.76451,0.13824,0.26748,0.56997,11.168,-0.12307,0.92811,68.67
0.76532,0.13681,0.26681,0.56954,11.188,-0.117,0.92913,68.68
0.7661,0.13528,0.26613,0.56918,11.208,-0.11105,0.93016,68.69
0.76691,0.13383,0.26551,0.56872,11.228,-0.10524,0.93119,68.7
0.76694,0.1338,0.26558,0.56865,11.228,-0.10532,0.93118,68.7
0.76774,0.13227,0.26483,0.56828,11.249,-0.099637,0.93221,68.71
0.76856,0.1308,0.26414,0.56784,11.269,-0.094087,0.93325,68.72
0.7694,0.12934,0.2635,0.56733,11.289,-0.088671,0.93429,68.73
0.77019,0.12788,0.26291,0.56687,11.31,-0.083388,0.93534,68.74
0.77097,0.1264,0.26238,0.56638,11.33,-0.07824,0.93638,68.75
0.77099,0.12637,0.26232,0.56638,11.33,-0.078291,0.93637,68.75
0.77187,0.12474,0.26166,0.56585,11.351,-0.07327,0.93742,68.76
0.77264,0.12324,0.26105,0.56542,11.371,-0.068386,0.93848,68.77
0.77347,0.12173,0.26034,0.56493,11.392,-0.063637,0.93954,68.78
0.77429,0.12018,0.25968,0.56444,11.413,-0.059023,0.94061,68.79
0.77511,0.11866,0.25898,0.56396,11.434,-0.054545,0.94168,68.8
0.77498,0.11892,0.25903,0.56407,11.434,-0.054578,0.94165,68.8
0.77583,0.11737,0.25831,0.56355,11.455,-0.050235,0.94272,68.81
0.77661,0.11586,0.25769,0.56308,11.476,-0.046028,0.94379,68.82
0.77735,0.11438,0.25697,0.56269,11.497,-0.041959,0.94487,68.83
0.77814,0.1129,0.25633,0.56218,11.518,-0.038026,0.94594,68.84
0.77893,0.11137,0.25562,0.56172,11.539,-0.034231,0.94702,68.85
0.77889,0.11146,0.25573,0.5617,11.539,-0.034271,0.94701,68.85
0.77965,0.10995,0.25504,0.56126,11.56,-0.030614,0.94809,68.86
0.78041,0.10842,0.25442,0.56078,11.582,-0.027097,0.94918,68.87
0.78116,0.10693,0.25374,0.56033,11.603,-0.023719,0.95026,68.88
0.78196,0.10548,0.25302,0.55981,11.624,-0.02048,0.95135,68.89
0.78276,0.10395,0.2524,0.55927,11.646,-0.017382,0.95244,68.9
0.78274,0.10399,0.2524,0.55928,11.646,-0.017414,0.95244,68.9
0.78353,0.10249,0.25165,0.5588,11.668,-0.014455,0.95352,68.91
0.78427,0.10102,0.25104,0.5583,11.689,-0.011635,0.95461,68.92
0.78496,0.099535,0.25037,0.55789,11.711,-0.0089549,0.95571,68.93
0.78576,0.098072,0.24962,0.55736,11.732,-0.0064146,0.9568,68.94
0.78653,0.096589,0.2489,0.55685,11.754,-0.0040155,0.9579,68.95
0.78652,0.096513,0.24905,0.55682,11.754,-0.004054,0.95787,68.95
0.78728,0.094979,0.2484,0.55629,11.776,-0.001793,0.95897,68.96
0.78801,0.093545,0.24779,0.55578,11.797,0.00032651,0.96007,68.97
0.7888,0.092058,0.24706,0.55524,11.819,0.0023039,0.96117,68.98
0.78956,0.090575,0.24643,0.55468,11.841,0.0041393,0.96227,68.99
0.79031,0.089084,0.24577,0.55414,11.863,0.0058326,0.96338,69
0.79023,0.089031,0.24568,0.5543,11.863,0.0057945,0.96332,69
0.79097,0.087534,0.24495,0.55382,11.885,0.0073555,0.96443,69.01
0.79163,0.085995,0.24428,0.55339,11.907,0.0087756,0.96553,69.02
0.79235,0.084521,0.24362,0.5529,11.928,0.010054,0.96664,69.03
0.79303,0.083102,0.24291,0.55245,11.95,0.011189,0.96775,69.04
0.79373,0.081548,0.24221,0.55198,11.972,0.012183,0.96885,69.05
0.79387,0.081536,0.24228,0.55175,11.973,0.012069,0.96883,69.05
0.79464,0.08006,0.2416,0.55115,11.994,0.012907,0.96994,69.06
0.79532,0.078576,0.2409,0.55069,12.016,0.013602,0.97105,69.07
0.79603,0.077086,0.24017,0.55019,12.038,0.014155,0.97216,69.08
0.79675,0.075629,0.23948,0.54966,12.06,0.014566,0.97326,69.09
0.79744,0.074146,0.23875,0.54916,12.082,0.014834,0.97437,69.1
0.79744,0.074037,0.23887,0.54913,12.082,0.014812,0.97428,69.1
0.79814,0.072646,0.23829,0.54855,12.104,0.014944,0.97539,69.11
0.79889,0.071229,0.23757,0.54796,12.126,0.014934,0.9765,69.12
0.79962,0.06979,0.23685,0.5474,12.148,0.014781,0.9776,69.13
0.80032,0.068262,0.23624,0.54683,12.17,0.014486,0.97871,69.14
0.80099,0.066718,0.23558,0.54633,12.192,0.014049,0.97981,69.15
0.80094,0.066533,0.23543,0.54648,12.192,0.013994,0.97975,69.15
0.80168,0.065032,0.2347,0.54589,12.214,0.013416,0.98086,69.16
0.80234,0.063506,0.23403,0.54539,12.236,0.012696,0.98196,69.17
0.803,0.062022,0.23336,0.54487,12.258,0.011834,0.98307,69.18
0.80371,0.06053,0.23255,0.54435,12.28,0.010829,0.98417,69.19
0.80435,0.059065,0.23193,0.54382,12.302,0.0096832,0.98527,69.2
0.80437,0.059013,0.23197,0.54377,12.302,0.0096059,0.9852,69.2
0.80513,0.057447,0.23132,0.5431,12.324,0.0083116,0.9863,69.21
0.80578,0.055845,0.23061,0.54261,12.346,0.0068754,0.9874,69.22
0.80649,0.054303,0.22993,0.542,12.368,0.0052987,0.9885,69.23
0.80713,0.052894,0.22927,0.54145,12.389,0.0035822,0.98959,69.24
0.80776,0.051501,0.22861,0.54093,12.411,0.0017245,0.99069,69.25
0.80773,0.0515,0.2285,0.54102,12.411,0.0016809,0.99061,69.25
0.80836,0.049956,0.22784,0.5405,12.433,-0.00032035,0.9917,69.26
0.80904,0.048405,0.22717,0.53991,12.455,-0.0024622,0.99279,69.27
0.80969,0.046908,0.22651,0.53935,12.476,-0.0047448,0.99388,69.28
0.81034,0.045419,0.22573,0.53882,12.498,-0.0071682,0.99497,69.29
0.81103,0.043857,0.22502,0.53821,12.52,-0.0097332,0.99606,69.3
0.81102,0.043975,0.22499,0.53822,12.52,-0.0098091,0.99598,69.3
0.8117,0.042399,0.22436,0.5376,12.541,-0.012522,0.99706,69.31
0.81237,0.040871,0.22365,0.537,12.563,-0.015375,0.99814,69.32
0.81299,0.039426,0.22304,0.53642,12.584,-0.018368,0.99921,69.33
0.81362,0.037907,0.22237,0.53586,12.606,-0.021499,1.0003,69.34
0.81424,0.036361,0.2217,0.53529,12.627,-0.024769,1.0014,69.35
0.81424,0.036446,0.22147,0.53538,12.627,-0.024782,1.0013,69.35
0.81491,0.034901,0.22079,0.53475,12.649,-0.028188,1.0023,69.36
0.81554,0.033467,0.2202,0.53413,12.67,-0.031732,1.0034,69.37
0.81614,0.031974,0.21945,0.53361,12.691,-0.035412,1.0045,69.38
0.81676,0.030437,0.21865,0.53308,12.712,-0.039231,1.0055,69.39
0.8174,0.028859,0.21795,0.53247,12.733,-0.043185,1.0066,69.4
0.81739,0.028917,0.21793,0.53248,12.734,-0.043236,1.0065,69.4
0.81799,0.027406,0.21718,0.53195,12.755,-0.04733,1.0076,69.41
0.81859,0.026008,0.2165,0.53137,12.776,-0.051559,1.0086,69.42
0.81915,0.024438,0.21575,0.53089,12.797,-0.055922,1.0097,69.43
0.81973,0.02295,0.21503,0.53036,12.817,-0.06042,1.0107,69.44
0.82032,0.021421,0.21433,0.5298,12.838,-0.065051,1.0118,69.45
0.82047,0.021376,0.21437,0.52955,12.838,-0.065154,1.0117,69.45
0.82108,0.019874,0.21367,0.52895,12.859,-0.069941,1.0128,69.46
0.82171,0.01831,0.21287,0.52834,12.88,-0.07486,1.0138,69.47
0.82225,0.016764,0.21217,0.52783,12.9,-0.079911,1.0148,69.48
0.8228,0.015255,0.21144,0.52731,12.921,-0.085095,1.0158,69.49
0.82337,0.013661,0.21079,0.52673,12.941,-0.090413,1.0168,69.5
0.82347,0.013839,0.21079,0.52656,12.941,-0.090401,1.0168,69.5
0.82405,0.012301,0.21009,0.52598,12.962,-0.095854,1.0178,69.51
0.82463,0.010797,0.2094,0.52538,12.982,-0.10144,1.0188,69.52
0.82521,0.0093291,0.20868,0.52478,13.002,-0.10715,1.0198,69.53
0.82577,0.0078734,0.20805,0.52418,13.022,-0.11299,1.0208,69.54
0.82635,0.0064116,0.20726,0.52359,13.042,-0.11896,1.0218,69.55
0.8264,0.0062981,0.2072,0.52353,13.042,-0.11897,1.0218,69.55
0.82698,0.0047572,0.2065,0.52291,13.062,-0.12508,1.0228,69.56
0.82761,0.0032907,0.20583,0.52219,13.082,-0.13131,1.0238,69.57
0.8282,0.0018712,0.20509,0.52156,13.101,-0.13767,1.0247,69.58
0.8288,0.00040463,0.20431,0.52092,13.121,-0.14416,1.0257,69.59
0.82934,-0.0010577,0.20359,0.52032,13.14,-0.15077,1.0267,69.6
0.82927,-0.0012324,0.20358,0.52045,13.141,-0.15078,1.0266,69.6
0.82979,-0.002718,0.20288,0.51989,13.16,-0.15751,1.0276,69.61
0.83035,-0.0041947,0.20217,0.51926,13.179,-0.16436,1.0285,69.62
0.8309,-0.0056568,0.20148,0.51862,13.198,-0.17134,1.0295,69.63
0.83147,-0.0071479,0.20069,0.51801,13.217,-0.17844,1.0304,69.64
0.83203,-0.00865,0.19994,0.51737,13.236,-0.18566,1.0314,69.65
0.83205,-0.0087747,0.19995,0.51733,13.237,-0.18578,1.0313,69.65
0.83258,-0.010258,0.19919,0.51674,13.255,-0.19314,1.0323,69.66
0.83316,-0.011723,0.1984,0.51609,13.274,-0.20062,1.0332,69.67
0.83369,-0.013239,0.19773,0.51545,13.293,-0.20822,1.0341,69.68
0.83417,-0.014753,0.1971,0.51487,13.311,-0.21594,1.035,69.69
0.83472,-0.016283,0.1964,0.5142,13.329,-0.22378,1.0359,69.7
0.83477,-0.016314,0.1963,0.51416,13.33,-0.22385,1.0359,69.7
0.83529,-0.017772,0.19563,0.51352,13.348,-0.23181,1.0368,69.71
0.83579,-0.019298,0.19486,0.51294,13.366,-0.23988,1.0377,69.72
0.83628,-0.020756,0.19408,0.51238,13.384,-0.24807,1.0386,69.73
0.83679,-0.022331,0.19327,0.5118,13.402,-0.25637,1.0394,69.74
0.83731,-0.02383,0.19256,0.51115,13.419,-0.26478,1.0403,69.75
0.83741,-0.023851,0.19263,0.51095,13.42,-0.26493,1.0403,69.75
0.83792,-0.025328,0.19188,0.51033,13.437,-0.27347,1.0411,69.76
0.83843,-0.026877,0.19106,0.50972,13.455,-0.28213,1.042,69.77
0.83894,-0.028383,0.19027,0.50908,13.472,-0.2909,1.0429,69.78
0.83943,-0.02988,0.18951,0.50848,13.489,-0.29978,1.0437,69.79
0.83993,-0.031387,0.18882,0.50782,13.506,-0.30877,1.0445,69.8
0.83997,-0.031387,0.18895,0.5077,13.507,-0.30886,1.0445,69.8
0.84044,-0.032903,0.18822,0.5071,13.523,-0.31796,1.0453,69.81
0.84096,-0.03449,0.18756,0.50637,13.54,-0.32717,1.0461,69.82
0.84148,-0.036096,0.18678,0.50569,13.557,-0.33648,1.047,69.83
0.842,-0.037569,0.18597,0.50501,13.573,-0.3459,1.0478,69.84
0.84247,-0.039107,0.18522,0.50439,13.59,-0.35542,1.0486,69.85
0.84247,-0.038926,0.18526,0.5044,13.59,-0.35555,1.0485,69.85
0.84294,-0.040462,0.18451,0.50376,13.606,-0.36519,1.0493,69.86
0.84343,-0.042001,0.1838,0.50308,13.622,-0.37492,1.0501,69.87
0.84388,-0.043566,0.18309,0.50244,13.638,-0.38476,1.0509,69.88
0.84439,-0.045147,0.18232,0.50173,13.654,-0.3947,1.0517,69.89
0.84485,-0.046585,0.18157,0.50109,13.669,-0.40474,1.0524,69.9
0.84489,-0.046458,0.18155,0.50105,13.67,-0.4049,1.0524,69.9
0.84537,-0.047936,0.1808,0.50036,13.685,-0.41505,1.0532,69.91
0.84583,-0.049327,0.18004,0.49972,13.7,-0.4253,1.0539,69.92
0.84633,-0.05076,0.17925,0.49903,13.715,-0.43565,1.0546,69.93
0.84684,-0.052272,0.17848,0.49828,13.73,-0.44608,1.0554,69.94
0.84729,-0.053782,0.1777,0.49762,13.745,-0.45662,1.0561,69.95
0.84723,-0.053981,0.17781,0.49766,13.745,-0.45678,1.0561,69.95
0.84773,-0.055505,0.177,0.49693,13.76,-0.46741,1.0568,69.96
0.84821,-0.057016,0.17625,0.49621,13.774,-0.47814,1.0575,69.97
0.84865,-0.058561,0.17543,0.49556,13.789,-0.48896,1.0582,69.98
0.84908,-0.060048,0.1747,0.49491,13.803,-0.49987,1.0588,69.99
0.84953,-0.06161,0.17393,0.49421,13.817,-0.51087,1.0595,70
0.84951,-0.061506,0.17406,0.49423,13.817,-0.51106,1.0595,70
0.84992,-0.062944,0.17343,0.49356,13.831,-0.52216,1.0601,70.01
0.85033,-0.06448,0.17271,0.4929,13.844,-0.53334,1.0608,70.02
0.85082,-0.065979,0.17196,0.49212,13.858,-0.54461,1.0614,70.03
0.85121,-0.067476,0.17127,0.49148,13.871,-0.55597,1.0621,70.04
0.85163,-0.068969,0.17053,0.49081,13.884,-0.56741,1.0627,70.05
0.8517,-0.069024,0.1703,0.49075,13.884,-0.5676,1.0627,70.05
0.85214,-0.070516,0.16955,0.49004,13.897,-0.57914,1.0634,70.06
0.85257,-0.07205,0.16873,0.48935,13.91,-0.59077,1.064,70.07
0.853,-0.073657,0.168,0.48861,13.923,-0.60247,1.0646,70.08
0.85349,-0.075171,0.16721,0.4878,13.935,-0.61425,1.0652,70.09
0.85395,-0.076637,0.16649,0.48701,13.947,-0.62611,1.0657,70.1
0.85382,-0.076543,0.16652,0.48724,13.947,-0.62622,1.0657,70.1
0.85427,-0.077951,0.16577,0.48649,13.959,-0.63817,1.0663,70.11
0.85467,-0.079465,0.16505,0.48578,13.971,-0.6502,1.0669,70.12
0.85508,-0.08095,0.16429,0.48506,13.983,-0.66231,1.0674,70.13
0.85542,-0.082564,0.16358,0.48443,13.994,-0.67449,1.0679,70.14
0.85583,-0.084097,0.16282,0.4837,14.006,-0.68673,1.0685,70.15
0.85587,-0.084049,0.16273,0.48367,14.006,-0.68686,1.0685,70.15
0.85623,-0.085538,0.16208,0.48299,14.017,-0.69919,1.069,70.16
0.85664,-0.086983,0.16135,0.48225,14.028,-0.71159,1.0695,70.17
0.85704,-0.088396,0.1606,0.48154,14.039,-0.72406,1.07,70.18
0.85745,-0.08996,0.15982,0.48077,14.049,-0.73659,1.0705,70.19
0.85778,-0.091505,0.15915,0.48012,14.059,-0.74919,1.071,70.2
0.85784,-0.091551,0.15892,0.48007,14.06,-0.74933,1.071,70.2
0.8582,-0.093054,0.15816,0.47939,14.07,-0.76201,1.0715,70.21
0.8586,-0.094496,0.15743,0.47863,14.08,-0.77474,1.0719,70.22
0.85901,-0.095923,0.15664,0.47787,14.089,-0.78754,1.0724,70.23
0.85942,-0.097487,0.15588,0.47708,14.099,-0.8004,1.0728,70.24
0.85982,-0.098942,0.1551,0.47629,14.108,-0.81332,1.0733,70.25
0.85974,-0.099034,0.15511,0.47642,14.108,-0.81343,1.0732,70.25
0.86011,-0.10051,0.15443,0.47567,14.118,-0.82641,1.0736,70.26
0.86048,-0.10206,0.15369,0.47491,14.126,-0.83944,1.0741,70.27
0.86084,-0.10361,0.15293,0.47417,14.135,-0.85253,1.0745,70.28
0.86117,-0.10515,0.15203,0.47351,14.144,-0.86567,1.0749,70.29
0.86155,-0.10669,0.15128,0.47272,14.152,-0.87886,1.0753,70.3
0.86156,-0.10652,0.15128,0.47275,14.152,-0.87905,1.0753,70.3
0.86189,-0.10801,0.15052,0.47203,14.16,-0.89232,1.0757,70.31
0.86227,-0.10958,0.14982,0.47122,14.168,-0.90563,1.0761,70.32
0.86257,-0.11107,0.14899,0.47057,14.176,-0.91899,1.0764,70.33
0.86295,-0.11258,0.14819,0.46976,14.184,-0.9324,1.0768,70.34
0.86331,-0.11405,0.14739,0.46901,14.191,-0.94585,1.0771,70.35
0.86331,-0.11399,0.14743,0.46901,14.191,-0.94598,1.077,70.35
0.86363,-0.11544,0.14659,0.46832,14.198,-0.95949,1.0773,70.36
0.86395,-0.11702,0.14576,0.46761,14.205,-0.97304,1.0777,70.37
0.86425,-0.11853,0.14506,0.46688,14.212,-0.98663,1.078,70.38
0.86456,-0.12013,0.14425,0.46616,14.218,-1.0003,1.0783,70.39
0.86489,-0.12159,0.14341,0.46541,14.224,-1.0139,1.0785,70.4
0.86497,-0.12146,0.14358,0.46524,14.225,-1.0141,1.0785,70.4
0.86529,-0.12291,0.14286,0.46449,14.231,-1.0278,1.0787,70.41
0.86566,-0.12441,0.14205,0.46366,14.236,-1.0416,1.079,70.42
0.86596,-0.12591,0.14126,0.46292,14.242,-1.0554,1.0792,70.43
0.86633,-0.12739,0.14043,0.46209,14.247,-1.0692,1.0795,70.44
0.86667,-0.12883,0.13961,0.4613,14.253,-1.0831,1.0797,70.45
0.86657,-0.12892,0.13972,0.46143,14.253,-1.0831,1.0796,70.45
0.86684,-0.13038,0.13892,0.46075,14.258,-1.097,1.0798,70.46
0.86711,-0.13188,0.1381,0.46005,14.263,-1.111,1.08,70.47
0.86742,-0.13338,0.13731,0.45927,14.267,-1.1249,1.0802,70.48
0.86773,-0.13484,0.13656,0.4585,14.272,-1.1389,1.0804,70.49
0.86802,-0.13641,0.13578,0.45771,14.276,-1.1529,1.0806,70.5
0.86809,-0.13636,0.13583,0.45758,14.276,-1.1531,1.0806,70.5
0.86844,-0.13783,0.13511,0.45668,14.28,-1.1671,1.0808,70.51
0.86871,-0.13934,0.13441,0.45592,14.283,-1.1812,1.081,70.52
0.86898,-0.14086,0.1336,0.45518,14.287,-1.1953,1.0811,70.53
0.86929,-0.14233,0.13273,0.45438,14.29,-1.2094,1.0812,70.54
0.8696,-0.14378,0.13196,0.45355,14.293,-1.2235,1.0814,70.55
0.86953,-0.14379,0.13194,0.45369,14.293,-1.2236,1.0813,70.55
0.86983,-0.14527,0.13116,0.45287,14.296,-1.2378,1.0814,70.56
0.87011,-0.14674,0.13039,0.45207,14.299,-1.252,1.0815,70.57
0.87034,-0.14824,0.12958,0.45137,14.301,-1.2661,1.0815,70.58
0.8706,-0.14971,0.12879,0.45062,14.303,-1.2803,1.0816,70.59
0.87087,-0.15122,0.12796,0.44982,14.305,-1.2945,1.0817,70.6
0.8709,-0.15121,0.12805,0.44976,14.305,-1.2947,1.0817,70.6
0.87114,-0.15264,0.12735,0.449,14.307,-1.3089,1.0818,70.61
0.87141,-0.15414,0.12652,0.4482,14.309,-1.3232,1.0818,70.62
0.87168,-0.15567,0.12567,0.44738,14.31,-1.3374,1.0818,70.63
0.87192,-0.15723,0.12482,0.4466,14.311,-1.3517,1.0819,70.64
0.87219,-0.15863,0.12397,0.44583,14.312,-1.3659,1.0819,70.65
0.87219,-0.15861,0.12413,0.44579,14.312,-1.366,1.0818,70.65
0.8724,-0.16003,0.12344,0.44504,14.313,-1.3803,1.0818,70.66
0.87266,-0.16152,0.12266,0.44423,14.313,-1.3946,1.0818,70.67
0.87289,-0.16296,0.12183,0.44347,14.313,-1.4088,1.0817,70.68
0.87314,-0.16446,0.12104,0.44263,14.313,-1.4231,1.0817,70.69
0.87339,-0.16597,0.1203,0.44179,14.313,-1.4373,1.0817,70.7
0.8734,-0.16601,0.1202,0.44177,14.313,-1.4375,1.0817,70.7
0.87368,-0.1675,0.11937,0.44089,14.313,-1.4518,1.0816,70.71
0.87386,-0.16902,0.11859,0.44016,14.312,-1.466,1.0816,70.72
0.87408,-0.17054,0.11778,0.43935,14.311,-1.4803,1.0815,70.73
0.87432,-0.17195,0.11695,0.43855,14.31,-1.4945,1.0814,70.74
0.87453,-0.17343,0.11613,0.43776,14.309,-1.5088,1.0813,70.75
0.87453,-0.17339,0.11627,0.43773,14.309,-1.5089,1.0813,70.75
0.87476,-0.17484,0.11548,0.4369,14.307,-1.5231,1.0811,70.76
0.87501,-0.17632,0.11458,0.43605,14.305,-1.5374,1.081,70.77
0.8752,-0.17773,0.1138,0.43531,14.303,-1.5516,1.0809,70.78
0.87539,-0.1791,0.11297,0.43456,14.301,-1.5658,1.0807,70.79
0.87561,-0.18051,0.11228,0.43372,14.299,-1.58,1.0806,70.8
0.8756,-0.18076,0.11232,0.43364,14.299,-1.58,1.0806,70.8
0.87579,-0.18229,0.11149,0.43281,14.296,-1.5942,1.0804,70.81
0.87604,-0.18369,0.11068,0.43194,14.293,-1.6084,1.0802,70.82
0.8762,-0.18519,0.10993,0.43115,14.29,-1.6225,1.08,70.83
0.87635,-0.18665,0.10913,0.43041,14.287,-1.6366,1.0798,70.84
0.87655,-0.1881,0.10839,0.42957,14.283,-1.6507,1.0796,70.85
0.87658,-0.1881,0.10836,0.42952,14.283,-1.6508,1.0795,70.85
0.87674,-0.18958,0.10753,0.42875,14.28,-1.6649,1.0793,70.86
0.87692,-0.19104,0.10675,0.42793,14.276,-1.679,1.0791,70.87
0.87703,-0.19253,0.10604,0.4272,14.272,-1.693,1.0788,70.88
0.8772,-0.19405,0.10526,0.42636,14.267,-1.707,1.0786,70.89
0.87737,-0.19547,0.10445,0.42556,14.263,-1.721,1.0783,70.9
0.87749,-0.19543,0.1044,0.42535,14.263,-1.721,1.0783,70.9
0.87764,-0.19695,0.10362,0.42454,14.258,-1.7349,1.078,70.91
0.87783,-0.19838,0.10282,0.42366,14.253,-1.7488,1.0777,70.92
0.87797,-0.19991,0.10196,0.42286,14.248,-1.7627,1.0774,70.93
0.87814,-0.20139,0.10122,0.42198,14.242,-1.7765,1.0771,70.94
0.87828,-0.20286,0.10049,0.42116,14.236,-1.7903,1.0768,70.95
0.87832,-0.20274,0.10043,0.42116,14.236,-1.7904,1.0768,70.95
0.87854,-0.20409,0.099639,0.42022,14.231,-1.8041,1.0764,70.96
0.87869,-0.20566,0.098914,0.41931,14.224,-1.8179,1.0761,70.97
0.87881,-0.20715,0.098077,0.41853,14.218,-1.8315,1.0757,70.98
0.87899,-0.20855,0.097213,0.41764,14.212,-1.8452,1.0754,70.99
0.87916,-0.21006,0.096405,0.41673,14.205,-1.8587,1.075,71
0.87907,-0.21004,0.096456,0.41692,14.205,-1.8588,1.075,71
0.87922,-0.21146,0.095693,0.41605,14.198,-1.8724,1.0746,71.01
0.87939,-0.21291,0.094801,0.41516,14.191,-1.8859,1.0742,71.02
0.87953,-0.21428,0.093917,0.41435,14.184,-1.8993,1.0738,71.03
0.87966,-0.21575,0.093222,0.41347,14.176,-1.9127,1.0734,71.04
0.8798,-0.21713,0.092408,0.41263,14.168,-1.9261,1.073,71.05
0.87974,-0.21732,0.092468,0.41265,14.168,-1.9262,1.0729,71.05
0.87986,-0.21886,0.091607,0.41176,14.16,-1.9396,1.0725,71.06
0.87997,-0.22027,0.090944,0.41093,14.152,-1.9528,1.072,71.07
0.88007,-0.22174,0.090245,0.41008,14.144,-1.966,1.0716,71.08
0.88018,-0.22326,0.089377,0.40921,14.135,-1.9792,1.0711,71.09
0.88032,-0.22472,0.088524,0.4083,14.127,-1.9923,1.0706,71.1
0.88034,-0.22457,0.088471,0.40834,14.126,-1.9924,1.0706,71.1
0.88045,-0.22604,0.087611,0.40747,14.117,-2.0054,1.0701,71.11
0.88057,-0.22745,0.086803,0.40659,14.108,-2.0184,1.0697,71.12
0.88066,-0.22897,0.085964,0.40574,14.099,-2.0313,1.0691,71.13
0.88074,-0.23043,0.085163,0.40491,14.089,-2.0441,1.0686,71.14
0.88083,-0.23195,0.084302,0.40402,14.08,-2.0569,1.0681,71.15
0.88086,-0.23181,0.084469,0.40399,14.08,-2.0571,1.0681,71.15
0.88096,-0.23323,0.0837,0.40312,14.07,-2.0698,1.0676,71.16
0.88106,-0.2347,0.082925,0.40221,14.06,-2.0825,1.067,71.17
0.88116,-0.2361,0.082129,0.40133,14.049,-2.095,1.0665,71.18
0.88126,-0.23746,0.081364,0.40047,14.039,-2.1076,1.0659,71.19
0.88131,-0.23886,0.080568,0.39968,14.028,-2.12,1.0653,71.2
0.88131,-0.23903,0.080456,0.39961,14.028,-2.1202,1.0653,71.2
0.88138,-0.24047,0.079718,0.39874,14.017,-2.1326,1.0647,71.21
0.88144,-0.2419,0.078927,0.3979,14.006,-2.1449,1.0642,71.22
0.88149,-0.24336,0.078157,0.39705,13.995,-2.1571,1.0636,71.23
0.88156,-0.24474,0.077325,0.3962,13.983,-2.1693,1.0629,71.24
0.88165,-0.2461,0.076463,0.39533,13.971,-2.1814,1.0623,71.25
0.88167,-0.24623,0.076441,0.3952,13.971,-2.1815,1.0623,71.25
0.88174,-0.24772,0.075635,0.39426,13.959,-2.1935,1.0617,71.26
0.88183,-0.24917,0.074965,0.39329,13.947,-2.2055,1.0611,71.27
0.88192,-0.25051,0.074265,0.39236,13.935,-2.2173,1.0604,71.28
0.88199,-0.25191,0.073451,0.39146,13.923,-2.2291,1.0598,71.29
0.88206,-0.25334,0.072676,0.39052,13.91,-2.2408,1.0591,71.3
0.88196,-0.25341,0.072416,0.39075,13.91,-2.2409,1.0591,71.3
0.88198,-0.25493,0.071603,0.38987,13.897,-2.2526,1.0584,71.31
0.88205,-0.25632,0.07082,0.38895,13.884,-2.2641,1.0577,71.32
0.88207,-0.25779,0.070014,0.38808,13.871,-2.2755,1.057,71.33
0.88213,-0.25926,0.069239,0.38709,13.858,-2.2869,1.0564,71.34
0.88219,-0.26066,0.068448,0.38614,13.845,-2.2982,1.0556,71.35
0.88217,-0.26057,0.06839,0.38626,13.844,-2.2983,1.0556,71.35
0.88223,-0.26196,0.067479,0.38534,13.831,-2.3095,1.0549,71.36
0.88225,-0.26343,0.066653,0.38443,13.817,-2.3206,1.0542,71.37
0.88231,-0.26486,0.065815,0.38347,13.803,-2.3316,1.0535,71.38
0.88232,-0.2663,0.065021,0.38258,13.789,-2.3425,1.0527,71.39
0.88233,-0.26777,0.064148,0.38168,13.775,-2.3534,1.052,71.4
0.88231,-0.2677,0.064354,0.38174,13.774,-2.3534,1.052,71.4
0.88233,-0.26921,0.063603,0.38077,13.76,-2.3642,1.0512,71.41
0.88238,-0.27051,0.06279,0.37986,13.745,-2.3748,1.0504,71.42
0.88238,-0.27193,0.062052,0.37896,13.731,-2.3853,1.0497,71.43
0.88237,-0.27335,0.061237,0.37809,13.716,-2.3958,1.0489,71.44
0.88237,-0.27473,0.060501,0.37722,13.7,-2.4061,1.0481,71.45
0.88237,-0.2748,0.060311,0.37719,13.7,-2.4062,1.0481,71.45
0.88236,-0.27616,0.0595,0.37633,13.685,-2.4165,1.0473,71.46
0.8824,-0.27753,0.058639,0.37538,13.67,-2.4266,1.0465,71.47
0.88241,-0.27894,0.057824,0.37443,13.654,-2.4367,1.0457,71.48
0.88238,-0.2804,0.057071,0.37352,13.638,-2.4466,1.0448,71.49
0.88237,-0.28182,0.056279,0.3726,13.622,-2.4565,1.044,71.5
0.88235,-0.28188,0.056269,0.3726,13.622,-2.4565,1.044,71.5
0.88235,-0.28331,0.055484,0.37164,13.606,-2.4663,1.0432,71.51
0.88236,-0.2847,0.054664,0.37066,13.59,-2.4759,1.0423,71.52
0.88235,-0.2861,0.05398,0.36971,13.574,-2.4854,1.0415,71.53
0.88236,-0.28745,0.053157,0.36876,13.557,-2.4948,1.0406,71.54
0.88232,-0.28887,0.052324,0.36786,13.541,-2.5041,1.0398,71.55
0.88226,-0.28894,0.052218,0.36798,13.54,-2.5042,1.0396,71.55
0.88224,-0.29032,0.051311,0.36706,13.523,-2.5134,1.0387,71.56
0.88222,-0.29167,0.05061,0.36613,13.507,-2.5225,1.0379,71.57
0.88219,-0.29299,0.049903,0.36526,13.49,-2.5315,1.037,71.58
0.88211,-0.29447,0.049118,0.36436,13.472,-2.5403,1.0361,71.59
0.88208,-0.29586,0.0483,0.36341,13.455,-2.5491,1.0352,71.6
0.88208,-0.29598,0.048167,0.36333,13.455,-2.5492,1.0351,71.6
0.88203,-0.29745,0.047405,0.36235,13.437,-2.5578,1.0342,71.61
0.88202,-0.29877,0.046517,0.36139,13.42,-2.5663,1.0333,71.62
0.88201,-0.30012,0.045662,0.36041,13.402,-2.5748,1.0324,71.63
0.88195,-0.3015,0.044874,0.35951,13.384,-2.583,1.0315,71.64
0.88192,-0.30285,0.04404,0.35854,13.366,-2.5912,1.0305,71.65
0.88183,-0.30298,0.044111,0.35865,13.366,-2.5913,1.0305,71.65
0.88177,-0.30443,0.043231,0.35769,13.348,-2.5994,1.0296,71.66
0.88169,-0.30582,0.042396,0.35679,13.33,-2.6073,1.0287,71.67
0.88162,-0.30723,0.041548,0.35584,13.311,-2.6151,1.0277,71.68
0.88158,-0.30861,0.040692,0.35486,13.293,-2.6228,1.0267,71.69
0.88151,-0.30999,0.039847,0.35393,13.274,-2.6304,1.0258,71.7
0.8815,-0.30997,0.040046,0.35393,13.274,-2.6304,1.0258,71.7
0.88139,-0.31152,0.039265,0.35293,13.255,-2.6379,1.0248,71.71
0.88128,-0.31298,0.038481,0.35202,13.237,-2.6452,1.0238,71.72
0.88121,-0.31434,0.037628,0.35106,13.218,-2.6525,1.0228,71.73
0.88115,-0.31578,0.036775,0.35001,13.199,-2.6596,1.0219,71.74
0.88105,-0.31722,0.035926,0.34904,13.18,-2.6665,1.0209,71.75
0.8811,-0.31692,0.035981,0.34918,13.179,-2.6665,1.0209,71.75
0.88096,-0.31838,0.035203,0.34829,13.16,-2.6734,1.0199,71.76
0.88087,-0.31974,0.034434,0.34734,13.141,-2.6801,1.0189,71.77
0.88076,-0.32114,0.033612,0.34642,13.121,-2.6867,1.0179,71.78
0.88065,-0.32255,0.032767,0.34546,13.102,-2.6931,1.0168,71.79
0.88054,-0.32395,0.031863,0.34451,13.082,-2.6994,1.0158,71.8
0.88062,-0.32384,0.031922,0.3444,13.082,-2.6995,1.0158,71.8
0.88048,-0.32519,0.031081,0.34358,13.062,-2.7057,1.0148,71.81
0.88036,-0.32667,0.030327,0.34255,13.042,-2.7118,1.0138,71.82
0.88024,-0.32808,0.029457,0.34158,13.022,-2.7178,1.0128,71.83
0.8801,-0.32945,0.028726,0.34068,13.002,-2.7236,1.0117,71.84
0.87994,-0.33089,0.0279,0.33975,12.982,-2.7293,1.0107,71.85
0.88006,-0.33075,0.027854,0.3396,12.982,-2.7293,1.0107,71.85
0.87992,-0.33219,0.027003,0.33861,12.962,-2.7349,1.0097,71.86
0.8798,-0.33358,0.02619,0.33763,12.941,-2.7403,1.0086,71.87
0.87968,-0.33498,0.025337,0.33661,12.921,-2.7456,1.0076,71.88
0.87955,-0.33638,0.024487,0.33563,12.9,-2.7507,1.0065,71.89
0.87943,-0.33773,0.023716,0.33465,12.88,-2.7558,1.0055,71.9
0.87942,-0.33761,0.023778,0.33477,12.88,-2.7558,1.0055,71.9
0.87932,-0.339,0.02294,0.33369,12.859,-2.7607,1.0044,71.91
0.87919,-0.34031,0.022179,0.33275,12.838,-2.7654,1.0034,71.92
0.87901,-0.3417,0.021301,0.33185,12.818,-2.7701,1.0023,71.93
0.87886,-0.3431,0.020456,0.33086,12.797,-2.7746,1.0012,71.94
0.8787,-0.34443,0.019698,0.32995,12.776,-2.7789,1.0002,71.95
0.87871,-0.34445,0.019707,0.3299,12.776,-2.7789,1.0002,71.95
0.87856,-0.34582,0.018849,0.32892,12.755,-2.7832,0.99911,71.96
0.87839,-0.34714,0.018046,0.32801,12.734,-2.7873,0.99803,71.97
0.87824,-0.34851,0.017325,0.327,12.713,-2.7912,0.99695,71.98
0.8781,-0.34985,0.016486,0.326,12.691,-2.795,0.99587,71.99
0.87795,-0.35113,0.015649,0.32505,12.67,-2.7987,0.99479,72
0.87792,-0.35127,0.015634,0.325,12.67,-2.7987,0.99484,72
0.87772,-0.35274,0.01475,0.324,12.649,-2.8022,0.99375,72.01
0.87754,-0.35415,0.013842,0.32298,12.627,-2.8056,0.99267,72.02
0.87734,-0.35554,0.013006,0.32201,12.606,-2.8089,0.99158,72.03
0.87715,-0.35699,0.012245,0.32097,12.585,-2.812,0.99049,72.04
0.87698,-0.35836,0.011385,0.31994,12.563,-2.815,0.9894,72.05
0.87706,-0.35804,0.011555,0.32007,12.563,-2.815,0.98942,72.05
0.87685,-0.35943,0.010744,0.31911,12.541,-2.8178,0.98833,72.06
0.87667,-0.36078,0.0099321,0.31812,12.52,-2.8205,0.98724,72.07
0.87647,-0.36214,0.0091032,0.31714,12.498,-2.8231,0.98615,72.08
0.87629,-0.36344,0.0082514,0.31615,12.477,-2.8255,0.98505,72.09
0.8761,-0.36479,0.0074975,0.31517,12.455,-2.8278,0.98396,72.1
0.87611,-0.36478,0.0074793,0.31512,12.455,-2.8278,0.98398,72.1
0.87593,-0.36612,0.0066767,0.31411,12.433,-2.8299,0.98288,72.11
0.87574,-0.36745,0.0057944,0.3131,12.411,-2.8319,0.98178,72.12
0.87553,-0.36883,0.0049363,0.31207,12.389,-2.8338,0.98068,72.13
0.87533,-0.37019,0.0041834,0.31103,12.368,-2.8355,0.97958,72.14
0.8751,-0.37157,0.0033383,0.31004,12.346,-2.8371,0.97847,72.15
0.8751,-0.37149,0.0034034,0.31014,12.346,-2.837,0.9785,72.15
0.87488,-0.3728,0.0026346,0.30917,12.324,-2.8385,0.9774,72.16
0.87466,-0.37417,0.0018478,0.30816,12.302,-2.8397,0.97629,72.17
0.87444,-0.37548,0.0011311,0.3072,12.28,-2.8409,0.97518,72.18
0.87418,-0.37688,0.00030685,0.30622,12.258,-2.8419,0.97407,72.19
0.87398,-0.37817,-0.00055578,0.3052,12.236,-2.8428,0.97296,72.2
0.874,-0.37817,-0.00066763,0.30513,12.236,-2.8427,0.97299,72.2
0.87377,-0.37952,-0.0014489,0.30414,12.214,-2.8435,0.97188,72.21
0.87354,-0.38083,-0.0022318,0.30314,12.192,-2.844,0.97077,72.22
0.87332,-0.38211,-0.0030021,0.30213,12.17,-2.8445,0.96966,72.23
0.8731,-0.38341,-0.0038381,0.30112,12.148,-2.8448,0.96855,72.24
0.87288,-0.38471,-0.0046341,0.3001,12.126,-2.8449,0.96743,72.25
0.87283,-0.38481,-0.0047441,0.3001,12.126,-2.8449,0.9675,72.25
0.87259,-0.38617,-0.0055913,0.29904,12.104,-2.8449,0.96639,72.26
0.87234,-0.38747,-0.0065103,0.29806,12.082,-2.8447,0.96528,72.27
0.87208,-0.38881,-0.0073001,0.29706,12.06,-2.8444,0.96416,72.28
0.87179,-0.39026,-0.0081837,0.29601,12.038,-2.844,0.96305,72.29
0.87154,-0.39155,-0.0089022,0.29499,12.016,-2.8434,0.96194,72.3
0.87159,-0.39142,-0.0088253,0.29504,12.016,-2.8435,0.96197,72.3
0.87137,-0.39267,-0.0096232,0.29399,11.994,-2.8427,0.96086,72.31
0.87107,-0.39405,-0.010419,0.293,11.972,-2.8419,0.95975,72.32
0.87079,-0.39535,-0.011304,0.29204,11.95,-2.8409,0.95864,72.33
0.8705,-0.39676,-0.012083,0.29097,11.928,-2.8397,0.95753,72.34
0.87023,-0.39802,-0.01288,0.29003,11.907,-2.8385,0.95642,72.35
0.87026,-0.398,-0.012899,0.28995,11.906,-2.8385,0.9565,72.35
0.86996,-0.39933,-0.013693,0.28898,11.884,-2.8371,0.9554,72.36
0.86974,-0.40057,-0.014526,0.28791,11.863,-2.8355,0.95429,72.37
0.86943,-0.40192,-0.015337,0.2869,11.841,-2.8338,0.95319,72.38
0.86912,-0.40325,-0.016203,0.28593,11.819,-2.8319,0.95209,72.39
0.86885,-0.40457,-0.017007,0.28486,11.797,-2.8299,0.95099,72.4
0.86886,-0.40455,-0.016976,0.28484,11.797,-2.83,0.95105,72.4
0.8686,-0.40581,-0.017773,0.28379,11.775,-2.8278,0.94995,72.41
0.86829,-0.40716,-0.018592,0.28274,11.754,-2.8255,0.94886,72.42
0.86798,-0.40846,-0.019437,0.28177,11.732,-2.8231,0.94776,72.43
0.86766,-0.40974,-0.0203,0.28084,11.71,-2.8206,0.94667,72.44
0.86734,-0.41103,-0.021141,0.27986,11.689,-2.8179,0.94559,72.45
0.86738,-0.41106,-0.02105,0.2797,11.689,-2.8179,0.94566,72.45
0.86704,-0.41243,-0.021855,0.27869,11.667,-2.8151,0.94458,72.46
0.86677,-0.41375,-0.022676,0.27751,11.646,-2.8121,0.94349,72.47
0.86646,-0.41509,-0.023564,0.2764,11.624,-2.809,0.94242,72.48
0.86618,-0.41638,-0.02437,0.27525,11.603,-2.8057,0.94134,72.49
0.86587,-0.41765,-0.025265,0.27424,11.582,-2.8023,0.94027,72.5
0.86584,-0.41752,-0.025122,0.27455,11.581,-2.8023,0.94036,72.5
0.86551,-0.41876,-0.025919,0.27359,11.56,-2.7988,0.93929,72.51
0.86517,-0.42008,-0.026786,0.27256,11.539,-2.7951,0.93822,72.52
0.86483,-0.42139,-0.027574,0.27155,11.518,-2.7913,0.93716,72.53
0.86447,-0.4227,-0.028401,0.27056,11.497,-2.7873,0.9361,72.54
0.86412,-0.42401,-0.029171,0.26957,11.475,-2.7832,0.93504,72.55
0.86421,-0.42396,-0.029188,0.26936,11.475,-2.7833,0.93507,72.55
0.86389,-0.42525,-0.029982,0.26825,11.454,-2.7791,0.93402,72.56
0.86355,-0.42652,-0.030845,0.26722,11.433,-2.7748,0.93297,72.57
0.86318,-0.42786,-0.03165,0.26618,11.412,-2.7703,0.93192,72.58
0.86286,-0.42911,-0.03245,0.26511,11.392,-2.7657,0.93088,72.59
0.86252,-0.43038,-0.033189,0.26409,11.371,-2.7609,0.92984,72.6
0.86251,-0.43036,-0.033255,0.26414,11.371,-2.7609,0.92991,72.6
0.86215,-0.43169,-0.034097,0.26301,11.35,-2.756,0.92888,72.61
0.86178,-0.43294,-0.034891,0.26206,11.33,-2.751,0.92785,72.62
0.86147,-0.43413,-0.035712,0.26101,11.309,-2.7458,0.92683,72.63
0.86113,-0.43536,-0.03656,0.25995,11.289,-2.7405,0.92581,72.64
0.86081,-0.43656,-0.037334,0.2589,11.268,-2.7351,0.92479,72.65
0.86073,-0.43671,-0.037317,0.25892,11.268,-2.7351,0.92483,72.65
0.86036,-0.43792,-0.038167,0.25797,11.248,-2.7295,0.92382,72.66
0.85997,-0.43921,-0.038935,0.25697,11.228,-2.7239,0.92282,72.67
0.85965,-0.44042,-0.039731,0.25583,11.208,-2.718,0.92182,72.68
0.85929,-0.44168,-0.040648,0.25474,11.188,-2.7121,0.92082,72.69
0.85887,-0.443,-0.04149,0.25371,11.168,-2.706,0.91983,72.7
0.85888,-0.44303,-0.041377,0.25366,11.168,-2.706,0.91988,72.7
0.85854,-0.44418,-0.042222,0.25263,11.148,-2.6998,0.91889,72.71
0.85814,-0.44553,-0.043019,0.25148,11.128,-2.6934,0.91792,72.72
0.8578,-0.44676,-0.043814,0.25033,11.109,-2.687,0.91695,72.73
0.85744,-0.44796,-0.044594,0.24929,11.089,-2.6804,0.91599,72.74
0.85706,-0.44917,-0.045389,0.24825,11.07,-2.6737,0.91503,72.75
0.85695,-0.44931,-0.045438,0.24838,11.069,-2.6736,0.91503,72.75
0.85662,-0.45049,-0.046195,0.24722,11.05,-2.6668,0.91408,72.76
0.85623,-0.45177,-0.046947,0.24612,11.031,-2.6598,0.91313,72.77
0.85584,-0.45299,-0.047694,0.24506,11.012,-2.6527,0.91219,72.78
0.85543,-0.45426,-0.048447,0.24402,10.993,-2.6455,0.91126,72.79
0.85506,-0.45542,-0.049265,0.24296,10.974,-2.6381,0.91033,72.8
0.85495,-0.45555,-0.049486,0.24308,10.974,-2.6381,0.9103,72.8
0.85452,-0.4568,-0.050322,0.24207,10.955,-2.6307,0.90938,72.81
0.85408,-0.45814,-0.051024,0.24092,10.937,-2.6231,0.90847,72.82
0.8537,-0.45934,-0.05177,0.23986,10.918,-2.6154,0.90756,72.83
0.85329,-0.46059,-0.052518,0.23872,10.9,-2.6076,0.90666,72.84
0.85285,-0.46185,-0.053354,0.23768,10.882,-2.5996,0.90577,72.85
0.85287,-0.46175,-0.053532,0.23776,10.881,-2.5996,0.9057,72.85
0.85245,-0.46298,-0.054317,0.23669,10.863,-2.5915,0.90481,72.86
0.852,-0.46424,-0.055149,0.23565,10.845,-2.5833,0.90393,72.87
0.85155,-0.46548,-0.055938,0.23465,10.827,-2.575,0.90305,72.88
0.85111,-0.46673,-0.056793,0.23354,10.81,-2.5666,0.90219,72.89
0.85064,-0.46803,-0.057561,0.23248,10.792,-2.5581,0.90133,72.9
0.85072,-0.46792,-0.057579,0.23242,10.792,-2.5581,0.90127,72.9
0.85031,-0.46911,-0.058383,0.2313,10.774,-2.5494,0.90042,72.91
0.84985,-0.47039,-0.059245,0.23018,10.757,-2.5407,0.89957,72.92
0.84942,-0.47163,-0.060029,0.22901,10.74,-2.5318,0.89873,72.93
0.84899,-0.47283,-0.060731,0.22795,10.723,-2.5228,0.8979,72.94
0.84858,-0.47399,-0.061503,0.22683,10.706,-2.5137,0.89708,72.95
0.84849,-0.47403,-0.061618,0.22706,10.705,-2.5137,0.89699,72.95
0.84803,-0.47529,-0.062381,0.22596,10.689,-2.5045,0.89617,72.96
0.84754,-0.47656,-0.063207,0.22488,10.672,-2.4951,0.89536,72.97
0.84706,-0.4778,-0.064063,0.22383,10.655,-2.4857,0.89455,72.98
0.84652,-0.47909,-0.064927,0.22284,10.639,-2.4762,0.89375,72.99
0.8461,-0.48024,-0.0657,0.22176,10.623,-2.4666,0.89296,73
0.84619,-0.48011,-0.065649,0.22168,10.623,-2.4665,0.8929,73
0.84571,-0.48136,-0.066489,0.22057,10.607,-2.4568,0.89212,73.01
0.84526,-0.48253,-0.06727,0.2195,10.591,-2.447,0.89134,73.02
0.84479,-0.48373,-0.068107,0.21838,10.575,-2.437,0.89057,73.03
0.84431,-0.48491,-0.068934,0.21735,10.559,-2.427,0.88981,73.04
0.84379,-0.48617,-0.069707,0.21632,10.544,-2.4169,0.88906,73.05
0.84382,-0.48614,-0.06968,0.21628,10.544,-2.4168,0.88902,73.05
0.84333,-0.48732,-0.070514,0.21528,10.528,-2.4065,0.88828,73.06
0.84284,-0.48851,-0.0714,0.2142,10.513,-2.3962,0.88754,73.07
0.84231,-0.48976,-0.072228,0.21317,10.498,-2.3857,0.88682,73.08
0.84176,-0.49097,-0.073057,0.21225,10.483,-2.3752,0.8861,73.09
0.84126,-0.49213,-0.073928,0.21124,10.469,-2.3645,0.88539,73.1
0.84138,-0.49213,-0.073701,0.21086,10.468,-2.3645,0.88536,73.1
0.84088,-0.49331,-0.074483,0.20982,10.454,-2.3537,0.88466,73.11
0.84035,-0.49452,-0.075335,0.20877,10.44,-2.3429,0.88397,73.12
0.8398,-0.49578,-0.076188,0.20769,10.425,-2.332,0.88328,73.13
0.83929,-0.49694,-0.077009,0.20666,10.411,-2.321,0.88261,73.14
0.83886,-0.49805,-0.077791,0.20547,10.398,-2.3099,0.88194,73.15
0.83886,-0.49808,-0.07772,0.20542,10.397,-2.3098,0.8819,73.15
0.83834,-0.49925,-0.078512,0.2044,10.384,-2.2986,0.88124,73.16
0.83786,-0.5004,-0.079281,0.20323,10.37,-2.2873,0.88059,73.17
0.83733,-0.5016,-0.080007,0.20217,10.357,-2.276,0.87995,73.18
0.83676,-0.50286,-0.080844,0.20106,10.344,-2.2645,0.87932,73.19
0.83626,-0.504,-0.081654,0.19998,10.331,-2.253,0.8787,73.2
0.83626,-0.50398,-0.081728,0.19997,10.331,-2.2529,0.87869,73.2
0.8357,-0.50523,-0.082484,0.19887,10.318,-2.2413,0.87807,73.21
0.83516,-0.5064,-0.083339,0.19778,10.305,-2.2296,0.87747,73.22
0.83462,-0.50758,-0.084105,0.19672,10.293,-2.2178,0.87688,73.23
0.83412,-0.50872,-0.084888,0.19554,10.281,-2.2059,0.8763,73.24
0.83358,-0.50986,-0.085683,0.19451,10.269,-2.194,0.87572,73.25
0.8336,-0.50984,-0.085726,0.1945,10.268,-2.1939,0.87569,73.25
0.83304,-0.51103,-0.086562,0.19338,10.256,-2.1819,0.87513,73.26
0.83248,-0.51222,-0.087337,0.1923,10.245,-2.1698,0.87458,73.27
0.83197,-0.51331,-0.088209,0.19121,10.233,-2.1576,0.87404,73.28
0.8314,-0.51448,-0.08903,0.19016,10.222,-2.1454,0.87351,73.29
0.83084,-0.51566,-0.089826,0.18903,10.211,-2.1331,0.87299,73.3
0.83085,-0.51566,-0.089723,0.189,10.211,-2.1329,0.87295,73.3
0.8303,-0.5168,-0.090516,0.18792,10.2,-2.1206,0.87243,73.31
0.82982,-0.51786,-0.091334,0.18677,10.189,-2.1081,0.87193,73.32
0.82927,-0.51899,-0.092083,0.18569,10.178,-2.0956,0.87144,73.33
0.82868,-0.5202,-0.09281,0.18459,10.168,-2.083,0.87096,73.34
0.82816,-0.52133,-0.093575,0.18331,10.158,-2.0703,0.8705,73.35
0.82805,-0.52143,-0.093712,0.1835,10.158,-2.0702,0.87045,73.35
0.82747,-0.52258,-0.094441,0.18242,10.148,-2.0575,0.86999,73.36
0.82688,-0.52376,-0.095197,0.18136,10.138,-2.0447,0.86954,73.37
0.82633,-0.52487,-0.095926,0.18025,10.128,-2.0318,0.8691,73.38
0.82575,-0.52601,-0.09677,0.17911,10.119,-2.0189,0.86867,73.39
0.82516,-0.52718,-0.097574,0.17796,10.11,-2.0059,0.86825,73.4
0.82516,-0.52715,-0.097691,0.17797,10.11,-2.0059,0.86821,73.4
0.82463,-0.52825,-0.098424,0.17678,10.101,-1.9928,0.8678,73.41
0.82404,-0.52941,-0.099233,0.17563,10.092,-1.9797,0.8674,73.42
0.82344,-0.53055,-0.099988,0.17456,10.083,-1.9666,0.86701,73.43
0.82283,-0.53169,-0.10074,0.17349,10.075,-1.9534,0.86663,73.44
0.82222,-0.53283,-0.10158,0.17243,10.067,-1.9401,0.86626,73.45
0.82221,-0.53283,-0.10167,0.17244,10.067,-1.94,0.86623,73.45
0.82156,-0.53399,-0.10245,0.17144,10.059,-1.9267,0.86587,73.46
0.82098,-0.53508,-0.1033,0.17032,10.051,-1.9133,0.86552,73.47
0.82038,-0.5362,-0.1041,0.16923,10.043,-1.8999,0.86518,73.48
0.81976,-0.53735,-0.10489,0.16809,10.036,-1.8864,0.86485,73.49
0.81914,-0.53845,-0.10571,0.16707,10.029,-1.8729,0.86454,73.5
0.81918,-0.53846,-0.10563,0.16688,10.029,-1.8729,0.86449,73.5
0.81857,-0.53957,-0.10646,0.16573,10.022,-1.8593,0.86418,73.51
0.81791,-0.54075,-0.10727,0.16463,10.015,-1.8457,0.86388,73.52
0.8173,-0.54186,-0.10799,0.16357,10.008,-1.832,0.8636,73.53
0.81664,-0.54302,-0.10881,0.16242,10.002,-1.8184,0.86332,73.54
0.81601,-0.54415,-0.10962,0.16126,9.9961,-1.8046,0.86305,73.55
0.81608,-0.54405,-0.10958,0.16132,9.9959,-1.8046,0.86301,73.55
0.81545,-0.54515,-0.11036,0.1602,9.99,-1.7908,0.86275,73.56
0.81485,-0.5462,-0.11118,0.15912,9.9844,-1.777,0.8625,73.57
0.81419,-0.54736,-0.11201,0.15792,9.9789,-1.7632,0.86227,73.58
0.81358,-0.54846,-0.11276,0.15673,9.9737,-1.7493,0.86204,73.59
0.81291,-0.5496,-0.11353,0.15565,9.9687,-1.7354,0.86183,73.6
0.81291,-0.54958,-0.11353,0.15574,9.9685,-1.7354,0.86181,73.6
0.81225,-0.55072,-0.11429,0.1546,9.9637,-1.7214,0.8616,73.61
0.81162,-0.55179,-0.11515,0.15344,9.9591,-1.7074,0.86141,73.62
0.81095,-0.55291,-0.11595,0.15233,9.9547,-1.6934,0.86123,73.63
0.81025,-0.55408,-0.11667,0.15123,9.9505,-1.6794,0.86106,73.64
0.80963,-0.55512,-0.11747,0.15016,9.9465,-1.6654,0.8609,73.65
0.80967,-0.55507,-0.11746,0.15014,9.9464,-1.6654,0.86088,73.65
0.80903,-0.55612,-0.1183,0.14901,9.9427,-1.6513,0.86074,73.66
0.80838,-0.5572,-0.11908,0.14788,9.9391,-1.6372,0.8606,73.67
0.80771,-0.55829,-0.11991,0.14676,9.9358,-1.623,0.86048,73.68
0.80706,-0.55936,-0.12064,0.14569,9.9327,-1.6089,0.86036,73.69
0.80639,-0.56042,-0.12149,0.14459,9.9299,-1.5947,0.86026,73.7
0.80635,-0.5605,-0.12139,0.14454,9.9298,-1.5947,0.86025,73.7
0.80567,-0.56161,-0.12218,0.14341,9.9271,-1.5805,0.86016,73.71
0.80497,-0.56271,-0.12302,0.1423,9.9247,-1.5663,0.86008,73.72
0.80433,-0.5637,-0.12389,0.14121,9.9224,-1.5521,0.86001,73.73
0.80362,-0.56485,-0.12461,0.14001,9.9204,-1.5379,0.85995,73.74
0.80297,-0.56589,-0.12534,0.13891,9.9187,-1.5236,0.8599,73.75
0.80297,-0.56589,-0.12531,0.13892,9.9185,-1.5237,0.85989,73.75
0.80223,-0.56706,-0.126,0.1378,9.917,-1.5094,0.85986,73.76
0.80157,-0.56812,-0.12669,0.13666,9.9156,-1.4951,0.85983,73.77
0.80087,-0.5692,-0.12747,0.13553,9.9145,-1.4808,0.85982,73.78
0.80012,-0.57032,-0.12827,0.1345,9.9136,-1.4666,0.85982,73.79
0.7994,-0.57139,-0.12914,0.1334,9.9129,-1.4523,0.85983,73.8
0.79951,-0.57124,-0.12921,0.13329,9.9128,-1.4523,0.85981,73.8
0.79881,-0.5723,-0.12994,0.13224,9.9124,-1.438,0.85983,73.81
0.79809,-0.5734,-0.13073,0.13104,9.9121,-1.4237,0.85986,73.82
0.79738,-0.57447,-0.13154,0.12989,9.9121,-1.4095,0.8599,73.83
0.79662,-0.57558,-0.13238,0.12876,9.9123,-1.3952,0.85996,73.84
0.79592,-0.57663,-0.13318,0.12757,9.9127,-1.3809,0.86003,73.85
0.79599,-0.57653,-0.13311,0.12764,9.9126,-1.3809,0.86,73.85
0.7953,-0.57754,-0.1339,0.12656,9.9132,-1.3666,0.86007,73.86
0.79461,-0.57856,-0.13469,0.12541,9.9141,-1.3523,0.86016,73.87
0.7939,-0.57957,-0.13543,0.12437,9.9152,-1.338,0.86025,73.88
0.79319,-0.58061,-0.13622,0.12326,9.9164,-1.3238,0.86036,73.89
0.79247,-0.58167,-0.13686,0.12216,9.9179,-1.3095,0.86047,73.9
0.7924,-0.58176,-0.13699,0.12199,9.9179,-1.3096,0.86046,73.9
0.79167,-0.58281,-0.1378,0.12083,9.9196,-1.2953,0.86058,73.91
0.79099,-0.58378,-0.13859,0.11972,9.9216,-1.2811,0.86072,73.92
0.79027,-0.58482,-0.13933,0.11856,9.9237,-1.2669,0.86086,73.93
0.78955,-0.58584,-0.14009,0.11738,9.9261,-1.2527,0.86101,73.94
0.78887,-0.58681,-0.14079,0.1163,9.9287,-1.2385,0.86118,73.95
0.78874,-0.58695,-0.14087,0.11633,9.9287,-1.2385,0.86119,73.95
0.788,-0.58801,-0.14156,0.11513,9.9315,-1.2243,0.86136,73.96
0.78725,-0.58906,-0.1423,0.11402,9.9345,-1.2101,0.86155,73.97
0.78651,-0.59009,-0.14305,0.11285,9.9377,-1.196,0.86174,73.98
0.78574,-0.59111,-0.14389,0.11177,9.9412,-1.1819,0.86195,73.99
0.785,-0.59214,-0.14462,0.11057,9.9449,-1.1678,0.86217,74
0.78501,-0.59209,-0.14472,0.11066,9.9449,-1.1678,0.86219,74
0.78428,-0.59308,-0.14547,0.10958,9.9488,-1.1537,0.86242,74.01
0.7835,-0.59412,-0.14622,0.10847,9.9529,-1.1397,0.86266,74.02
0.78274,-0.59514,-0.14697,0.10735,9.9572,-1.1257,0.86292,74.03
0.78194,-0.59622,-0.14775,0.10613,9.9617,-1.1117,0.86318,74.04
0.78119,-0.59724,-0.1484,0.10494,9.9665,-1.0977,0.86346,74.05
0.78121,-0.59718,-0.14857,0.10497,9.9665,-1.0978,0.86346,74.05
0.78047,-0.59815,-0.14936,0.10382,9.9715,-1.0839,0.86375,74.06
0.77973,-0.59911,-0.15018,0.10269,9.9767,-1.07,0.86405,74.07
0.77894,-0.60014,-0.15086,0.10162,9.982,-1.0561,0.86436,74.08
0.77816,-0.60114,-0.15165,0.1005,9.9876,-1.0423,0.86468,74.09
0.77736,-0.60217,-0.15242,0.099355,9.9935,-1.0285,0.86501,74.1
0.77734,-0.60221,-0.15241,0.099285,9.9935,-1.0285,0.865,74.1
0.77657,-0.60322,-0.15305,0.09819,9.9995,-1.0148,0.86534,74.11
0.77579,-0.60423,-0.1538,0.096986,10.006,-1.0011,0.86569,74.12
0.77498,-0.60524,-0.1546,0.095811,10.012,-0.98743,0.86606,74.13
0.77422,-0.60618,-0.15542,0.094679,10.019,-0.97381,0.86644,74.14
0.77346,-0.60713,-0.1562,0.093558,10.026,-0.96025,0.86683,74.15
0.7734,-0.60719,-0.15623,0.09358,10.026,-0.96022,0.86677,74.15
0.77257,-0.6082,-0.15706,0.092522,10.033,-0.94668,0.86717,74.16
0.77172,-0.60923,-0.15789,0.091394,10.04,-0.9332,0.86758,74.17
0.77087,-0.61026,-0.15871,0.090236,10.048,-0.91976,0.868,74.18
0.77007,-0.61125,-0.15947,0.089106,10.055,-0.90638,0.86843,74.19
0.76924,-0.61227,-0.16015,0.087998,10.063,-0.89305,0.86886,74.2
0.7694,-0.61212,-0.16004,0.087876,10.063,-0.89304,0.86881,74.2
0.76858,-0.61309,-0.16085,0.086775,10.071,-0.87976,0.86925,74.21
0.7677,-0.61413,-0.1617,0.085635,10.08,-0.86653,0.86971,74.22
0.76684,-0.61515,-0.16256,0.084448,10.088,-0.85335,0.87018,74.23
0.76601,-0.61612,-0.16336,0.083327,10.097,-0.84024,0.87065,74.24
0.76519,-0.61705,-0.16418,0.082297,10.106,-0.82719,0.87114,74.25
0.76533,-0.61699,-0.16384,0.08216,10.106,-0.82716,0.87111,74.25
0.76451,-0.61796,-0.16455,0.081093,10.115,-0.81415,0.8716,74.26
0.76366,-0.61895,-0.16531,0.079954,10.124,-0.8012,0.87211,74.27
0.76285,-0.61991,-0.16602,0.078774,10.134,-0.78832,0.87263,74.28
0.76204,-0.62083,-0.16681,0.077679,10.144,-0.77551,0.87315,74.29
0.76115,-0.62186,-0.16756,0.076544,10.153,-0.76276,0.87369,74.3
0.76119,-0.62181,-0.16762,0.076438,10.154,-0.76275,0.87366,74.3
0.76034,-0.62279,-0.16837,0.075219,10.164,-0.75006,0.87421,74.31
0.75954,-0.62371,-0.1691,0.074098,10.174,-0.73744,0.87476,74.32
0.7587,-0.62465,-0.16993,0.072823,10.184,-0.72488,0.87533,74.33
0.75785,-0.62563,-0.17064,0.071687,10.195,-0.7124,0.8759,74.34
0.75699,-0.6266,-0.17133,0.070601,10.206,-0.69999,0.87649,74.35
0.75698,-0.62658,-0.17139,0.070714,10.206,-0.69996,0.87646,74.35
0.75612,-0.62754,-0.17212,0.06961,10.217,-0.68762,0.87705,74.36
0.75527,-0.62848,-0.17283,0.068561,10.228,-0.67535,0.87766,74.37
0.75441,-0.62943,-0.17359,0.06742,10.24,-0.66315,0.87827,74.38
0.75357,-0.63037,-0.17432,0.066187,10.251,-0.65104,0.8789,74.39
0.7527,-0.63133,-0.17506,0.064975,10.263,-0.639,0.87953,74.4
0.75271,-0.63129,-0.17514,0.064977,10.263,-0.63898,0.87951,74.4
0.75185,-0.63224,-0.17586,0.063767,10.275,-0.62701,0.88015,74.41
0.75101,-0.63315,-0.1766,0.0626,10.288,-0.61512,0.88081,74.42
0.75013,-0.6341,-0.17733,0.061447,10.3,-0.60332,0.88147,74.43
0.74924,-0.63504,-0.17809,0.060365,10.312,-0.5916,0.88214,74.44
0.74837,-0.63592,-0.17896,0.059275,10.325,-0.57996,0.88282,74.45
0.74837,-0.63595,-0.17888,0.059236,10.325,-0.57991,0.8828,74.45
0.74749,-0.63688,-0.17963,0.058058,10.338,-0.56835,0.88349,74.46
0.74658,-0.63785,-0.18036,0.056842,10.351,-0.55688,0.88419,74.47
0.74568,-0.6388,-0.1811,0.055737,10.364,-0.54549,0.8849,74.48
0.74476,-0.63975,-0.18189,0.054535,10.378,-0.5342,0.88561,74.49
0.74385,-0.64068,-0.18267,0.053329,10.391,-0.52299,0.88633,74.5
0.74396,-0.64056,-0.1826,0.05349,10.392,-0.52293,0.88632,74.5
0.74309,-0.64147,-0.18326,0.052352,10.405,-0.51181,0.88705,74.51
0.74218,-0.64244,-0.18393,0.051094,10.419,-0.50078,0.88779,74.52
0.74128,-0.64338,-0.18459,0.049906,10.433,-0.48984,0.88854,74.53
0.74038,-0.64432,-0.18527,0.048724,10.448,-0.479,0.88929,74.54
0.7395,-0.6452,-0.186,0.047492,10.462,-0.46825,0.89005,74.55
0.7395,-0.6451,-0.18631,0.047746,10.462,-0.46818,0.89005,74.55
0.73863,-0.64598,-0.187,0.046582,10.477,-0.45752,0.89082,74.56
0.73767,-0.64695,-0.18775,0.045331,10.492,-0.44696,0.89159,74.57
0.73673,-0.64787,-0.1885,0.044173,10.507,-0.4365,0.89238,74.58
0.73578,-0.64881,-0.18926,0.043017,10.522,-0.42614,0.89317,74.59
0.73486,-0.64973,-0.18993,0.041878,10.537,-0.41587,0.89397,74.6
0.73496,-0.64959,-0.19,0.041991,10.537,-0.41581,0.894,74.6
0.73406,-0.65048,-0.19071,0.040844,10.553,-0.40564,0.8948,74.61
0.73312,-0.65141,-0.19139,0.039671,10.568,-0.39558,0.89562,74.62
0.73222,-0.65226,-0.19215,0.038538,10.584,-0.38562,0.89644,74.63
0.73132,-0.65311,-0.19292,0.037391,10.6,-0.37576,0.89727,74.64
0.73038,-0.65402,-0.19364,0.036238,10.616,-0.36602,0.89811,74.65
0.73037,-0.65402,-0.19367,0.036232,10.616,-0.36596,0.8981,74.65
0.72943,-0.65489,-0.19447,0.03512,10.632,-0.3563,0.89895,74.66
0.72846,-0.6558,-0.19524,0.033958,10.648,-0.34674,0.8998,74.67
0.72747,-0.65675,-0.19594,0.032797,10.665,-0.3373,0.90066,74.68
0.72652,-0.65763,-0.19671,0.031656,10.681,-0.32796,0.90153,74.69
0.72561,-0.65845,-0.19749,0.030494,10.698,-0.31874,0.9024,74.7
0.72571,-0.65839,-0.19733,0.030477,10.698,-0.3187,0.90239,74.7
0.72477,-0.65926,-0.19805,0.029352,10.715,-0.30958,0.90327,74.71
0.72377,-0.66018,-0.19882,0.028204,10.732,-0.30056,0.90416,74.72
0.72277,-0.66108,-0.19963,0.027071,10.749,-0.29165,0.90505,74.73
0.72181,-0.66196,-0.20034,0.025954,10.767,-0.28286,0.90595,74.74
0.72093,-0.66275,-0.20102,0.024725,10.784,-0.27419,0.90686,74.75
0.72098,-0.66271,-0.20097,0.024714,10.784,-0.27421,0.90686,74.75
0.72003,-0.66354,-0.20179,0.023519,10.802,-0.26565,0.90777,74.76
0.71911,-0.66439,-0.20243,0.022403,10.82,-0.2572,0.90869,74.77
0.7182,-0.6652,-0.20311,0.021222,10.837,-0.24886,0.90962,74.78
0.71723,-0.66607,-0.20377,0.020036,10.855,-0.24065,0.91055,74.79
0.71626,-0.66694,-0.20447,0.018809,10.873,-0.23255,0.91148,74.8
0.71619,-0.66697,-0.20459,0.018951,10.874,-0.23259,0.9115,74.8
0.71526,-0.66778,-0.20533,0.017779,10.892,-0.22461,0.91244,74.81
0.7143,-0.66861,-0.20605,0.016638,10.91,-0.21675,0.91339,74.82
0.71332,-0.66946,-0.20679,0.015466,10.929,-0.20901,0.91434,74.83
0.71229,-0.67038,-0.20743,0.01437,10.947,-0.20139,0.9153,74.84
0.71126,-0.67126,-0.20822,0.013163,10.966,-0.19389,0.91627,74.85
0.71134,-0.67118,-0.2082,0.013187,10.966,-0.19393,0.91627,74.85
0.71034,-0.67202,-0.20897,0.011955,10.985,-0.18655,0.91725,74.86
0.70935,-0.67287,-0.20966,0.010762,11.004,-0.1793,0.91822,74.87
0.70841,-0.67367,-0.21031,0.0096472,11.023,-0.17217,0.9192,74.88
0.70741,-0.67454,-0.21094,0.0084855,11.042,-0.16517,0.92018,74.89
0.70637,-0.67542,-0.21163,0.0072365,11.061,-0.15829,0.92117,74.9
0.70642,-0.67532,-0.21179,0.0074188,11.061,-0.15832,0.92119,74.9
0.70537,-0.67621,-0.2125,0.0062904,11.081,-0.15157,0.92218,74.91
0.70436,-0.67704,-0.21325,0.0051619,11.1,-0.14494,0.92318,74.92
0.7034,-0.67782,-0.21396,0.004065,11.12,-0.13843,0.92418,74.93
0.70242,-0.6786,-0.21469,0.0029137,11.139,-0.13206,0.92519,74.94
0.7014,-0.67945,-0.21536,0.0018404,11.159,-0.12581,0.92621,74.95
0.70144,-0.67941,-0.21535,0.0016508,11.159,-0.1259,0.92624,74.95
0.70049,-0.68019,-0.21602,0.00045936,11.179,-0.11979,0.92726,74.96
0.69944,-0.68101,-0.21681,-0.00069366,11.199,-0.1138,0.92828,74.97
0.69845,-0.6818,-0.2175,-0.0018785,11.219,-0.10796,0.9293,74.98
0.69749,-0.68255,-0.21823,-0.0031422,11.239,-0.10224,0.93034,74.99
0.69645,-0.68338,-0.21895,-0.0042992,11.259,-0.096652,0.93137,75
0.69641,-0.68343,-0.2189,-0.0041149,11.259,-0.096679,0.93138,75
0.69547,-0.68418,-0.21953,-0.005319,11.28,-0.091211,0.93242,75.01
0.69448,-0.68495,-0.22022,-0.0065228,11.3,-0.085876,0.93346,75.02
0.69347,-0.68571,-0.22101,-0.0077547,11.321,-0.080676,0.93451,75.03
0.69245,-0.68647,-0.2218,-0.008874,11.341,-0.07561,0.93556,75.04
0.69143,-0.68727,-0.22245,-0.01017,11.362,-0.070679,0.93661,75.05
0.69131,-0.6874,-0.22243,-0.0098817,11.362,-0.070754,0.93664,75.05
0.69025,-0.6882,-0.22319,-0.011018,11.383,-0.065952,0.9377,75.06
0.68919,-0.68901,-0.22391,-0.012124,11.403,-0.061285,0.93876,75.07
0.68817,-0.6898,-0.22456,-0.013306,11.424,-0.056754,0.93982,75.08
0.68715,-0.69059,-0.22519,-0.014481,11.445,-0.05236,0.94089,75.09
0.68605,-0.69141,-0.22593,-0.015641,11.466,-0.048103,0.94196,75.1
0.68615,-0.69131,-0.22595,-0.01565,11.466,-0.048199,0.942,75.1
0.68505,-0.69213,-0.22665,-0.016803,11.487,-0.044086,0.94307,75.11
0.68396,-0.69295,-0.22736,-0.017969,11.508,-0.040109,0.94415,75.12
0.68286,-0.69376,-0.22809,-0.01907,11.529,-0.036271,0.94523,75.13
0.68181,-0.69452,-0.22883,-0.020319,11.551,-0.032571,0.94631,75.14
0.68079,-0.69524,-0.22958,-0.021443,11.572,-0.02901,0.94739,75.15
0.68093,-0.69516,-0.22943,-0.021411,11.572,-0.029049,0.9474,75.15
0.67993,-0.69588,-0.23008,-0.022585,11.593,-0.025625,0.94848,75.16
0.67891,-0.69661,-0.23078,-0.023731,11.615,-0.022339,0.94957,75.17
0.67781,-0.69739,-0.23153,-0.024838,11.636,-0.019192,0.95066,75.18
0.67678,-0.6981,-0.23227,-0.025993,11.658,-0.016185,0.95175,75.19
0.67574,-0.69885,-0.23291,-0.02716,11.679,-0.013319,0.95284,75.2
0.67564,-0.69894,-0.23291,-0.027171,11.679,-0.013371,0.95284,75.2
0.67452,-0.69973,-0.23365,-0.028316,11.701,-0.010647,0.95394,75.21
0.67348,-0.70047,-0.23429,-0.029482,11.722,-0.0080631,0.95503,75.22
0.67245,-0.70116,-0.23503,-0.030692,11.744,-0.0056199,0.95613,75.23
0.67137,-0.7019,-0.23574,-0.031883,11.766,-0.0033174,0.95724,75.24
0.6703,-0.70268,-0.23633,-0.032984,11.787,-0.0011559,0.95834,75.25
0.6703,-0.70267,-0.23636,-0.032934,11.788,-0.0011898,0.9583,75.25
0.66923,-0.7034,-0.23707,-0.034182,11.809,0.00083912,0.9594,75.26
0.66811,-0.70417,-0.23774,-0.035251,11.831,0.0027269,0.96051,75.27
0.66703,-0.70489,-0.23846,-0.036542,11.853,0.0044733,0.96162,75.28
0.66595,-0.70562,-0.23916,-0.037656,11.875,0.0060775,0.96272,75.29
0.66484,-0.70638,-0.23984,-0.038775,11.896,0.0075391,0.96383,75.3
0.66491,-0.70633,-0.23979,-0.038693,11.897,0.0074775,0.96379,75.3
0.6638,-0.70708,-0.24044,-0.039918,11.919,0.0087975,0.9649,75.31
0.66271,-0.7078,-0.24113,-0.041054,11.941,0.0099748,0.96601,75.32
0.66159,-0.70856,-0.24179,-0.042187,11.962,0.011009,0.96712,75.33
0.66054,-0.70922,-0.24251,-0.043292,11.984,0.011899,0.96823,75.34
0.65943,-0.70992,-0.24329,-0.044496,12.006,0.012647,0.96934,75.35
0.65945,-0.70993,-0.2432,-0.044444,12.006,0.012593,0.96928,75.35
0.65835,-0.71066,-0.24384,-0.04567,12.028,0.0132,0.97039,75.36
0.65723,-0.7114,-0.24447,-0.046879,12.05,0.013665,0.9715,75.37
0.65612,-0.71213,-0.24511,-0.047998,12.072,0.013989,0.97261,75.38
0.65495,-0.7129,-0.24579,-0.049099,12.094,0.01417,0.97372,75.39
0.65378,-0.71366,-0.24645,-0.0502,12.116,0.014208,0.97483,75.4
0.65393,-0.71348,-0.24658,-0.050193,12.116,0.01413,0.9748,75.4
0.65285,-0.71416,-0.24724,-0.0513,12.138,0.014019,0.97591,75.41
0.65178,-0.71485,-0.24786,-0.052427,12.16,0.013764,0.97702,75.42
0.65069,-0.71553,-0.24847,-0.053622,12.182,0.013367,0.97812,75.43
0.64956,-0.71625,-0.24911,-0.054776,12.204,0.012829,0.97923,75.44
0.64843,-0.71695,-0.24976,-0.05603,12.226,0.012148,0.98033,75.45
0.64836,-0.71696,-0.24995,-0.05594,12.226,0.012082,0.98028,75.45
0.64727,-0.71759,-0.25068,-0.057088,12.248,0.011256,0.98138,75.46
0.64619,-0.71822,-0.25141,-0.058205,12.27,0.010287,0.98248,75.47
0.64499,-0.71897,-0.2521,-0.059292,12.292,0.0091761,0.98358,75.48
0.64382,-0.71969,-0.25275,-0.060472,12.314,0.0079252,0.98468,75.49
0.64267,-0.72042,-0.25332,-0.061592,12.336,0.0065337,0.98578,75.5
0.64272,-0.72038,-0.2533,-0.061683,12.336,0.0064823,0.98572,75.5
0.64158,-0.72108,-0.25392,-0.062845,12.358,0.0049438,0.98682,75.51
0.64046,-0.72175,-0.25453,-0.064041,12.38,0.0032635,0.98791,75.52
0.63938,-0.72238,-0.25519,-0.065118,12.401,0.0014417,0.98901,75.53
0.63825,-0.72301,-0.25591,-0.06636,12.423,-0.0005214,0.9901,75.54
0.63708,-0.7237,-0.25659,-0.067519,12.445,-0.0026254,0.99119,75.55
0.63704,-0.72373,-0.25662,-0.067414,12.445,-0.0026383,0.99111,75.55
0.63582,-0.72445,-0.25732,-0.068481,12.467,-0.0048777,0.9922,75.56
0.6347,-0.72509,-0.25798,-0.069653,12.488,-0.0072568,0.99329,75.57
0.63356,-0.72572,-0.25866,-0.070876,12.51,-0.0097761,0.99437,75.58
0.63242,-0.72637,-0.25928,-0.072156,12.531,-0.012435,0.99545,75.59
0.63129,-0.72704,-0.25983,-0.073292,12.553,-0.015234,0.99653,75.6
0.6313,-0.72702,-0.25991,-0.073141,12.553,-0.015279,0.99648,75.6
0.6301,-0.72769,-0.2606,-0.074329,12.575,-0.018219,0.99755,75.61
0.62894,-0.72832,-0.26132,-0.075427,12.596,-0.021299,0.99863,75.62
0.62779,-0.72896,-0.262,-0.076543,12.617,-0.024518,0.9997,75.63
0.62663,-0.7296,-0.26263,-0.077703,12.639,-0.027877,1.0008,75.64
0.62548,-0.73022,-0.26331,-0.078828,12.66,-0.031372,1.0018,75.65
0.6255,-0.73025,-0.26319,-0.078866,12.66,-0.031432,1.0018,75.65
0.62439,-0.73083,-0.26384,-0.080065,12.682,-0.035069,1.0028,75.66
0.62329,-0.73141,-0.26449,-0.0812,12.703,-0.038844,1.0039,75.67
0.62214,-0.73205,-0.26508,-0.082352,12.724,-0.042755,1.005,75.68
0.62102,-0.73264,-0.26571,-0.083493,12.745,-0.046802,1.006,75.69
0.61986,-0.73325,-0.26639,-0.08459,12.766,-0.050983,1.0071,75.7
0.61964,-0.73342,-0.26644,-0.084583,12.766,-0.051025,1.007,75.7
0.6185,-0.73401,-0.26708,-0.085757,12.787,-0.055358,1.0081,75.71
0.61728,-0.73464,-0.26781,-0.086893,12.808,-0.059826,1.0091,75.72
0.61611,-0.73524,-0.26849,-0.088034,12.829,-0.064429,1.0101,75.73
0.61493,-0.73586,-0.26907,-0.089274,12.849,-0.069166,1.0112,75.74
0.61377,-0.73645,-0.26972,-0.090448,12.87,-0.074036,1.0122,75.75
0.61373,-0.73652,-0.26967,-0.090293,12.87,-0.074047,1.0122,75.75
0.61245,-0.73718,-0.27036,-0.091509,12.891,-0.079061,1.0132,75.76
0.61122,-0.73786,-0.27092,-0.092644,12.911,-0.084207,1.0142,75.77
0.61005,-0.73848,-0.27148,-0.093768,12.932,-0.089485,1.0152,75.78
0.6088,-0.73911,-0.27212,-0.094998,12.952,-0.094894,1.0162,75.79
0.60757,-0.73974,-0.27274,-0.096139,12.972,-0.10043,1.0173,75.8
0.60777,-0.73955,-0.27288,-0.095996,12.972,-0.10043,1.0172,75.8
0.60663,-0.74008,-0.27356,-0.097151,12.993,-0.10611,1.0182,75.81
0.60538,-0.74071,-0.27422,-0.098299,13.013,-0.11191,1.0192,75.82
0.60415,-0.74131,-0.27492,-0.099379,13.033,-0.11784,1.0202,75.83
0.60299,-0.74189,-0.27552,-0.10046,13.052,-0.1239,1.0212,75.84
0.60177,-0.74252,-0.27606,-0.10163,13.072,-0.13009,1.0222,75.85
0.60175,-0.74252,-0.27606,-0.10169,13.072,-0.13009,1.0221,75.85
0.60053,-0.74311,-0.27671,-0.10284,13.092,-0.13642,1.0231,75.86
0.59934,-0.7437,-0.2773,-0.10399,13.112,-0.14287,1.0241,75.87
0.59815,-0.74429,-0.27785,-0.1051,13.131,-0.14945,1.025,75.88
0.59694,-0.74487,-0.27847,-0.10626,13.151,-0.15616,1.026,75.89
0.59577,-0.74543,-0.27902,-0.10742,13.17,-0.16299,1.027,75.9
0.59569,-0.74543,-0.27922,-0.10738,13.17,-0.16301,1.0269,75.9
0.5944,-0.74604,-0.27988,-0.1085,13.189,-0.16996,1.0279,75.91
0.59319,-0.7466,-0.28054,-0.10957,13.208,-0.17704,1.0288,75.92
0.59197,-0.74716,-0.28119,-0.1107,13.227,-0.18424,1.0297,75.93
0.5908,-0.74768,-0.28182,-0.1118,13.246,-0.19156,1.0307,75.94
0.5896,-0.74821,-0.28245,-0.113,13.265,-0.19899,1.0316,75.95
0.58957,-0.74827,-0.28235,-0.11305,13.265,-0.19902,1.0315,75.95
0.58824,-0.74886,-0.2831,-0.11415,13.284,-0.20658,1.0324,75.96
0.58706,-0.74937,-0.28374,-0.11529,13.302,-0.21425,1.0333,75.97
0.58585,-0.74991,-0.28432,-0.11648,13.321,-0.22203,1.0342,75.98
0.58461,-0.75046,-0.28497,-0.11762,13.339,-0.22994,1.0351,75.99
0.58338,-0.75102,-0.28555,-0.11876,13.357,-0.23797,1.036,76
0.5834,-0.75104,-0.28546,-0.11871,13.357,-0.23809,1.036,76
0.58216,-0.75158,-0.28606,-0.11993,13.375,-0.24624,1.0369,76.01
0.58093,-0.75214,-0.28664,-0.121,13.393,-0.25451,1.0378,76.02
0.57966,-0.7527,-0.28726,-0.12219,13.411,-0.26289,1.0386,76.03
0.57844,-0.75322,-0.28788,-0.12326,13.428,-0.27138,1.0395,76.04
0.57713,-0.75382,-0.28845,-0.12443,13.446,-0.27998,1.0404,76.05
0.57718,-0.75375,-0.28854,-0.12437,13.446,-0.28011,1.0403,76.05
0.57589,-0.75433,-0.2891,-0.12552,13.464,-0.28883,1.0412,76.06
0.5746,-0.7549,-0.28974,-0.12657,13.481,-0.29767,1.042,76.07
0.5734,-0.75541,-0.29031,-0.12765,13.498,-0.30662,1.0428,76.08
0.57209,-0.75598,-0.2909,-0.12878,13.515,-0.31568,1.0437,76.09
0.57082,-0.75649,-0.2915,-0.13004,13.532,-0.32485,1.0445,76.1
0.5709,-0.7564,-0.2916,-0.13001,13.532,-0.32498,1.0445,76.1
0.56963,-0.75692,-0.2922,-0.13119,13.549,-0.33426,1.0453,76.11
0.56832,-0.75749,-0.29277,-0.13231,13.565,-0.34365,1.0461,76.12
0.56714,-0.75797,-0.29329,-0.13349,13.581,-0.35315,1.0469,76.13
0.56588,-0.75846,-0.29395,-0.13457,13.598,-0.36275,1.0477,76.14
0.56464,-0.75896,-0.29451,-0.13572,13.614,-0.37245,1.0484,76.15
0.56457,-0.75898,-0.29463,-0.13564,13.614,-0.37259,1.0484,76.15
0.56331,-0.75945,-0.29532,-0.13679,13.63,-0.3824,1.0492,76.16
0.56202,-0.75992,-0.29603,-0.13792,13.646,-0.39232,1.05,76.17
0.56071,-0.76044,-0.29665,-0.13908,13.661,-0.40234,1.0507,76.18
0.55946,-0.76092,-0.29726,-0.14017,13.677,-0.41245,1.0515,76.19
0.55817,-0.76143,-0.29786,-0.14126,13.692,-0.42267,1.0522,76.2
0.55821,-0.76149,-0.29764,-0.14126,13.692,-0.4228,1.0522,76.2
0.557,-0.76195,-0.29818,-0.1424,13.708,-0.43311,1.0529,76.21
0.55575,-0.76242,-0.29877,-0.14351,13.723,-0.44353,1.0537,76.22
0.55446,-0.76287,-0.29942,-0.14472,13.737,-0.45403,1.0544,76.23
0.55323,-0.76333,-0.3,-0.14584,13.752,-0.46463,1.0551,76.24
0.55191,-0.76382,-0.30063,-0.14697,13.767,-0.47533,1.0558,76.25
0.55178,-0.76394,-0.30062,-0.14688,13.767,-0.47549,1.0557,76.25
0.55046,-0.76442,-0.30124,-0.14802,13.781,-0.48628,1.0564,76.26
0.54923,-0.76486,-0.30184,-0.1491,13.795,-0.49717,1.0571,76.27
0.54792,-0.76535,-0.30241,-0.15025,13.809,-0.50815,1.0578,76.28
0.54663,-0.76579,-0.30306,-0.15138,13.823,-0.51921,1.0585,76.29
0.54537,-0.76623,-0.30367,-0.15248,13.837,-0.53036,1.0591,76.3
0.5453,-0.76632,-0.30357,-0.15247,13.837,-0.53054,1.0591,76.3
0.54398,-0.76676,-0.3042,-0.15372,13.851,-0.54179,1.0598,76.31
0.5427,-0.7672,-0.30482,-0.15483,13.864,-0.55313,1.0604,76.32
0.54144,-0.76765,-0.30539,-0.1559,13.877,-0.56454,1.061,76.33
0.54014,-0.76812,-0.30594,-0.15701,13.89,-0.57605,1.0616,76.34
0.53876,-0.76865,-0.30647,-0.1581,13.903,-0.58763,1.0622,76.35
0.53878,-0.76863,-0.30649,-0.15805,13.903,-0.58782,1.0623,76.35
0.53748,-0.76906,-0.30712,-0.15917,13.916,-0.59951,1.0629,76.36
0.53614,-0.76952,-0.30774,-0.16029,13.928,-0.61128,1.0634,76.37
0.53484,-0.76997,-0.30833,-0.16133,13.94,-0.62313,1.064,76.38
0.53356,-0.77039,-0.30895,-0.16238,13.952,-0.63505,1.0646,76.39
0.53232,-0.77079,-0.3095,-0.16349,13.964,-0.64704,1.0652,76.4
0.53221,-0.77088,-0.30939,-0.16363,13.965,-0.64716,1.0651,76.4
0.53084,-0.77137,-0.30997,-0.16468,13.976,-0.65924,1.0657,76.41
0.52951,-0.7718,-0.31058,-0.16579,13.988,-0.6714,1.0662,76.42
0.52815,-0.77224,-0.3112,-0.1669,13.999,-0.68363,1.0668,76.43
0.52684,-0.77269,-0.31174,-0.16797,14.01,-0.69593,1.0673,76.44
0.52558,-0.77307,-0.31233,-0.16906,14.021,-0.70829,1.0678,76.45
0.5256,-0.77306,-0.31226,-0.16918,14.021,-0.70841,1.0678,76.45
0.52424,-0.7735,-0.31286,-0.1703,14.032,-0.72086,1.0683,76.46
0.52291,-0.77392,-0.31343,-0.17141,14.043,-0.73338,1.0688,76.47
0.5216,-0.77435,-0.31391,-0.17257,14.053,-0.74596,1.0692,76.48
0.52023,-0.77479,-0.31448,-0.1737,14.063,-0.75861,1.0697,76.49
0.51882,-0.77524,-0.31508,-0.1748,14.073,-0.77132,1.0702,76.5
0.51895,-0.77516,-0.31511,-0.17472,14.074,-0.77142,1.0701,76.5
0.51767,-0.77554,-0.31567,-0.17584,14.083,-0.78419,1.0706,76.51
0.51633,-0.77592,-0.31632,-0.1769,14.093,-0.79702,1.071,76.52
0.51495,-0.77635,-0.3169,-0.17801,14.102,-0.80991,1.0714,76.53
0.51361,-0.77675,-0.31743,-0.17917,14.112,-0.82286,1.0719,76.54
0.51237,-0.7771,-0.31798,-0.18021,14.121,-0.83587,1.0723,76.55
0.51224,-0.7772,-0.31792,-0.18024,14.121,-0.83604,1.0722,76.55
0.51088,-0.77763,-0.31843,-0.18135,14.129,-0.84911,1.0726,76.56
0.50958,-0.77799,-0.31902,-0.18245,14.138,-0.86224,1.073,76.57
0.50823,-0.77843,-0.31943,-0.18361,14.146,-0.87542,1.0734,76.58
0.50685,-0.77884,-0.32004,-0.18465,14.155,-0.88865,1.0738,76.59
0.50548,-0.77925,-0.32055,-0.18576,14.163,-0.90194,1.0741,76.6
0.50549,-0.77918,-0.3207,-0.18575,14.163,-0.90213,1.0741,76.6
0.50411,-0.7796,-0.32122,-0.18689,14.171,-0.91549,1.0745,76.61
0.50279,-0.77998,-0.32172,-0.18795,14.178,-0.92889,1.0748,76.62
0.50148,-0.78035,-0.32224,-0.18903,14.186,-0.94235,1.0751,76.63
0.50017,-0.78064,-0.32287,-0.19021,14.193,-0.95584,1.0754,76.64
-0.49875,0.78101,0.32352,0.19134,14.2,-0.96938,1.0757,76.65
-0.4987,0.78108,0.32347,0.19125,14.2,-0.96947,1.0757,76.65
-0.49733,0.78147,0.32398,0.19238,14.207,-0.98305,1.076,76.66
-0.49597,0.78181,0.32459,0.1935,14.213,-0.99668,1.0763,76.67
-0.49459,0.78218,0.32516,0.19454,14.219,-1.0103,1.0766,76.68
-0.49328,0.78253,0.32572,0.19553,14.226,-1.024,1.0768,76.69
-0.49182,0.78292,0.32631,0.19665,14.232,-1.0378,1.0771,76.7
-0.49187,0.78292,0.32619,0.19673,14.232,-1.0379,1.0772,76.7
-0.49043,0.78327,0.32679,0.19791,14.237,-1.0517,1.0774,76.71
-0.48901,0.78369,0.32729,0.19896,14.243,-1.0655,1.0776,76.72
-0.48754,0.78409,0.32787,0.20004,14.248,-1.0793,1.0779,76.73
-0.48617,0.78444,0.32845,0.20105,14.253,-1.0932,1.0781,76.74
-0.48483,0.78474,0.329,0.2022,14.258,-1.1071,1.0783,76.75
-0.48498,0.78469,0.32889,0.20219,14.258,-1.1073,1.0782,76.75
-0.48363,0.78502,0.32944,0.20326,14.263,-1.1212,1.0784,76.76
-0.48231,0.78533,0.32997,0.20435,14.267,-1.1352,1.0786,76.77
-0.48092,0.78569,0.33045,0.20547,14.271,-1.1492,1.0788,76.78
-0.47953,0.78606,0.33092,0.20652,14.275,-1.1632,1.0789,76.79
-0.47816,0.78638,0.33141,0.20769,14.279,-1.1773,1.0791,76.8
-0.47806,0.78639,0.33156,0.20764,14.279,-1.1774,1.079,76.8
-0.4766,0.78672,0.33218,0.20877,14.283,-1.1915,1.0791,76.81
-0.47518,0.78705,0.33274,0.20985,14.286,-1.2056,1.0793,76.82
-0.47374,0.78737,0.33333,0.21098,14.289,-1.2198,1.0794,76.83
-0.47235,0.78768,0.33388,0.21207,14.292,-1.2339,1.0795,76.84
-0.47088,0.78802,0.33442,0.21322,14.295,-1.2481,1.0796,76.85
-0.4711,0.78802,0.33421,0.21306,14.295,-1.2481,1.0795,76.85
-0.4697,0.78831,0.33477,0.21418,14.297,-1.2623,1.0796,76.86
-0.46831,0.7886,0.3353,0.21532,14.3,-1.2765,1.0797,76.87
-0.46696,0.7889,0.33577,0.21644,14.302,-1.2907,1.0798,76.88
-0.46555,0.78923,0.3362,0.2176,14.304,-1.3049,1.0798,76.89
-0.46409,0.78953,0.33681,0.21867,14.305,-1.3191,1.0799,76.9
-0.46409,0.78958,0.33682,0.21847,14.305,-1.3193,1.0799,76.9
-0.46269,0.78989,0.33734,0.21951,14.307,-1.3336,1.0799,76.91
-0.4613,0.79018,0.33784,0.22064,14.308,-1.3478,1.0799,76.92
-0.45984,0.79053,0.33832,0.22171,14.309,-1.3621,1.08,76.93
-0.45844,0.79084,0.33878,0.22277,14.309,-1.3763,1.08,76.94
-0.45704,0.79112,0.33928,0.22392,14.31,-1.3906,1.08,76.95
-0.45705,0.79107,0.33941,0.22386,14.31,-1.3907,1.0799,76.95
-0.45566,0.79139,0.33989,0.22484,14.31,-1.405,1.0799,76.96
-0.45418,0.79171,0.34038,0.22596,14.31,-1.4193,1.0798,76.97
-0.45273,0.79199,0.34094,0.22701,14.31,-1.4335,1.0798,76.98
-0.45125,0.79231,0.34147,0.22806,14.31,-1.4478,1.0797,76.99
-0.44982,0.79262,0.34189,0.22917,14.309,-1.4621,1.0797,77
-0.44997,0.79249,0.34196,0.22923,14.309,-1.4622,1.0797,77
-0.44846,0.79281,0.34247,0.23032,14.308,-1.4764,1.0796,77.01
-0.44704,0.7931,0.34295,0.23136,14.307,-1.4907,1.0795,77.02
-0.44564,0.7934,0.34341,0.23237,14.306,-1.5049,1.0794,77.03
-0.44414,0.79369,0.34395,0.23344,14.305,-1.5192,1.0793,77.04
-0.44264,0.79402,0.34438,0.23452,14.303,-1.5334,1.0792,77.05
-0.44284,0.79385,0.34448,0.23459,14.303,-1.5335,1.0792,77.05
-0.44142,0.79411,0.34501,0.23558,14.301,-1.5477,1.079,77.06
-0.44001,0.79436,0.34547,0.23672,14.299,-1.562,1.0789,77.07
-0.43854,0.79463,0.34603,0.23771,14.297,-1.5762,1.0787,77.08
-0.43701,0.79493,0.34652,0.23882,14.294,-1.5903,1.0786,77.09
-0.43556,0.7952,0.34696,0.2399,14.291,-1.6045,1.0784,77.1
-0.43567,0.79514,0.34697,0.23991,14.291,-1.6046,1.0784,77.1
-0.43422,0.79537,0.34754,0.24095,14.288,-1.6187,1.0782,77.11
-0.43274,0.79566,0.34802,0.24197,14.285,-1.6328,1.078,77.12
-0.43132,0.79585,0.34855,0.24309,14.282,-1.6469,1.0778,77.13
-0.42988,0.79607,0.34904,0.24423,14.278,-1.661,1.0776,77.14
-0.42845,0.79631,0.34954,0.24523,14.274,-1.6751,1.0773,77.15
-0.42848,0.79634,0.34944,0.24522,14.274,-1.6751,1.0773,77.15
-0.42705,0.79657,0.35,0.24618,14.27,-1.6891,1.0771,77.16
-0.42568,0.79683,0.35041,0.24713,14.266,-1.7031,1.0768,77.17
-0.42421,0.7971,0.35092,0.24807,14.261,-1.7171,1.0766,77.18
-0.42269,0.79734,0.35143,0.24915,14.257,-1.731,1.0763,77.19
-0.42114,0.79758,0.35199,0.25022,14.252,-1.7449,1.076,77.2
-0.42123,0.79749,0.35187,0.25052,14.252,-1.7451,1.076,77.2
-0.41981,0.79772,0.35236,0.25148,14.246,-1.759,1.0757,77.21
-0.41833,0.79797,0.35282,0.25251,14.241,-1.7728,1.0754,77.22
-0.41684,0.79819,0.35333,0.25354,14.235,-1.7866,1.0751,77.23
-0.41533,0.79843,0.35384,0.25458,14.23,-1.8004,1.0748,77.24
-0.41393,0.79864,0.35433,0.2555,14.224,-1.8141,1.0745,77.25
-0.41395,0.79857,0.35426,0.25578,14.224,-1.8142,1.0744,77.25
-0.41257,0.79875,0.35474,0.25681,14.217,-1.8279,1.0741,77.26
-0.41106,0.79899,0.35518,0.25784,14.211,-1.8416,1.0737,77.27
-0.40956,0.79925,0.35561,0.25885,14.204,-1.8552,1.0734,77.28
-0.40809,0.7994,0.35611,0.26,14.198,-1.8687,1.073,77.29
-0.40657,0.79964,0.35649,0.26114,14.19,-1.8823,1.0726,77.3
-0.40664,0.79957,0.35664,0.26102,14.19,-1.8824,1.0726,77.3
-0.40518,0.79977,0.35711,0.26205,14.183,-1.8959,1.0722,77.31
-0.4037,0.79998,0.35754,0.26312,14.176,-1.9093,1.0718,77.32
-0.40227,0.80017,0.35797,0.26413,14.168,-1.9227,1.0714,77.33
-0.40081,0.80036,0.35839,0.26521,14.16,-1.936,1.0709,77.34
-0.39925,0.80057,0.35886,0.26627,14.152,-1.9492,1.0705,77.35
-0.3993,0.80051,0.35897,0.26625,14.152,-1.9494,1.0705,77.35
-0.39781,0.80071,0.35943,0.26725,14.144,-1.9626,1.07,77.36
-0.39636,0.80086,0.35995,0.26824,14.135,-1.9757,1.0696,77.37
-0.39484,0.80106,0.36039,0.26931,14.127,-1.9888,1.0691,77.38
-0.39341,0.8012,0.36084,0.27038,14.118,-2.0019,1.0686,77.39
-0.3919,0.80136,0.36136,0.2714,14.109,-2.0149,1.0681,77.4
-0.39191,0.80137,0.36129,0.27144,14.109,-2.015,1.0681,77.4
-0.39041,0.80155,0.3618,0.27237,14.099,-2.0279,1.0676,77.41
-0.38887,0.80172,0.36233,0.2734,14.09,-2.0408,1.0671,77.42
-0.38732,0.8019,0.3628,0.27444,14.08,-2.0536,1.0665,77.43
-0.38594,0.80203,0.36318,0.2755,14.07,-2.0663,1.066,77.44
-0.38444,0.80222,0.3636,0.2765,14.06,-2.079,1.0655,77.45
-0.3845,0.80216,0.36356,0.27662,14.06,-2.0792,1.0655,77.45
-0.38304,0.80231,0.36401,0.27763,14.05,-2.0918,1.0649,77.46
-0.38159,0.80239,0.36455,0.27869,14.039,-2.1043,1.0644,77.47
-0.38007,0.80254,0.36502,0.27971,14.029,-2.1168,1.0638,77.48
-0.37859,0.80261,0.36552,0.28086,14.018,-2.1292,1.0632,77.49
-0.37711,0.8027,0.366,0.28196,14.007,-2.1415,1.0626,77.5
-0.37705,0.80289,0.3658,0.28177,14.007,-2.1416,1.0627,77.5
-0.37555,0.80303,0.36619,0.28285,13.995,-2.1539,1.0621,77.51
-0.37404,0.8032,0.36659,0.28385,13.984,-2.1661,1.0614,77.52
-0.37264,0.80333,0.367,0.28481,13.972,-2.1782,1.0608,77.53
-0.37107,0.80349,0.36744,0.28582,13.961,-2.1902,1.0602,77.54
-0.36959,0.80361,0.36785,0.28689,13.949,-2.2022,1.0596,77.55
-0.36957,0.80354,0.36801,0.2869,13.948,-2.2024,1.0595,77.55
-0.36813,0.80362,0.36852,0.28787,13.936,-2.2143,1.0589,77.56
-0.36667,0.8037,0.36897,0.28894,13.924,-2.2261,1.0582,77.57
-0.3652,0.80378,0.36947,0.28993,13.911,-2.2379,1.0576,77.58
-0.36371,0.8039,0.36984,0.29099,13.899,-2.2495,1.0569,77.59
-0.36218,0.804,0.37029,0.29204,13.886,-2.2611,1.0562,77.6
-0.36206,0.80412,0.37019,0.292,13.886,-2.2611,1.0562,77.6
-0.36054,0.80425,0.37063,0.29296,13.873,-2.2726,1.0555,77.61
-0.35901,0.80435,0.37107,0.294,13.86,-2.284,1.0548,77.62
-0.35758,0.80441,0.37152,0.29501,13.846,-2.2953,1.0541,77.63
-0.35603,0.80449,0.37197,0.29611,13.833,-2.3065,1.0534,77.64
-0.35449,0.80459,0.37239,0.29715,13.819,-2.3176,1.0527,77.65
-0.35451,0.80464,0.37233,0.29708,13.819,-2.3178,1.0527,77.65
-0.35303,0.80474,0.37268,0.2981,13.805,-2.3288,1.0519,77.66
-0.35144,0.80487,0.37312,0.29911,13.791,-2.3398,1.0512,77.67
-0.34987,0.80496,0.37355,0.30014,13.776,-2.3506,1.0504,77.68
-0.34833,0.80507,0.37401,0.30108,13.762,-2.3614,1.0496,77.69
-0.34682,0.80514,0.37443,0.30211,13.747,-2.3721,1.0489,77.7
-0.34693,0.80507,0.37445,0.30213,13.747,-2.3721,1.0489,77.7
-0.34539,0.80511,0.37491,0.30323,13.732,-2.3827,1.0481,77.71
-0.3439,0.80516,0.3753,0.30431,13.718,-2.3932,1.0474,77.72
-0.34232,0.80525,0.37568,0.30537,13.703,-2.4036,1.0466,77.73
-0.34079,0.80532,0.37607,0.30643,13.687,-2.4138,1.0458,77.74
-0.33923,0.8054,0.37644,0.30748,13.672,-2.424,1.0449,77.75
-0.33932,0.80544,0.37653,0.30716,13.672,-2.4241,1.0449,77.75
-0.33778,0.80554,0.37693,0.30811,13.656,-2.4342,1.0441,77.76
-0.33622,0.80563,0.37734,0.30909,13.641,-2.4441,1.0432,77.77
-0.33469,0.80566,0.37776,0.31015,13.625,-2.454,1.0424,77.78
-0.33319,0.80573,0.37811,0.31114,13.609,-2.4638,1.0415,77.79
-0.33171,0.80576,0.37852,0.31217,13.593,-2.4734,1.0407,77.8
-0.33169,0.80574,0.37858,0.31215,13.592,-2.4735,1.0407,77.8
-0.33019,0.80584,0.37895,0.31303,13.576,-2.4831,1.0398,77.81
-0.32869,0.80588,0.37931,0.31408,13.56,-2.4925,1.0389,77.82
-0.32709,0.80593,0.37973,0.31511,13.543,-2.5019,1.038,77.83
-0.32553,0.80597,0.38011,0.31615,13.526,-2.5111,1.0372,77.84
-0.32395,0.80602,0.38051,0.31716,13.509,-2.5202,1.0363,77.85
-0.32403,0.80597,0.38059,0.31712,13.509,-2.5203,1.0363,77.85
-0.32244,0.80605,0.38092,0.31814,13.492,-2.5293,1.0354,77.86
-0.3209,0.80612,0.38128,0.31909,13.475,-2.5382,1.0345,77.87
-0.31924,0.80617,0.38173,0.32009,13.458,-2.547,1.0336,77.88
-0.31771,0.80623,0.3821,0.32102,13.44,-2.5557,1.0327,77.89
-0.31616,0.80625,0.38251,0.32202,13.423,-2.5643,1.0318,77.9
-0.31634,0.80613,0.38257,0.32207,13.423,-2.5643,1.0318,77.9
-0.31482,0.80616,0.38303,0.32292,13.405,-2.5728,1.0309,77.91
-0.31336,0.80616,0.38345,0.32384,13.387,-2.5811,1.03,77.92
-0.31181,0.80619,0.38388,0.32476,13.369,-2.5893,1.029,77.93
-0.31029,0.80618,0.38431,0.32573,13.351,-2.5974,1.0281,77.94
-0.30878,0.80624,0.38469,0.32657,13.333,-2.6054,1.0271,77.95
-0.30862,0.80622,0.38452,0.32698,13.333,-2.6055,1.0272,77.95
-0.30713,0.80623,0.3849,0.3279,13.314,-2.6134,1.0262,77.96
-0.30561,0.80625,0.38526,0.32884,13.296,-2.6211,1.0253,77.97
-0.30405,0.80627,0.38569,0.32974,13.277,-2.6287,1.0243,77.98
-0.30249,0.80626,0.38602,0.3308,13.259,-2.6362,1.0233,77.99
-0.30094,0.8063,0.38626,0.33185,13.24,-2.6436,1.0223,78
-0.30086,0.80623,0.38644,0.33187,13.24,-2.6437,1.0224,78
-0.29931,0.80622,0.38681,0.33288,13.221,-2.6509,1.0214,78.01
-0.29775,0.80618,0.38723,0.33387,13.202,-2.6581,1.0204,78.02
-0.2962,0.80615,0.38765,0.33484,13.183,-2.6651,1.0194,78.03
-0.29462,0.80613,0.38802,0.33586,13.164,-2.672,1.0184,78.04
-0.29306,0.80615,0.38838,0.33675,13.144,-2.6787,1.0174,78.05
-0.29309,0.80618,0.38831,0.33673,13.144,-2.6787,1.0174,78.05
-0.29161,0.80614,0.38869,0.33767,13.125,-2.6854,1.0164,78.06
-0.29001,0.80607,0.38915,0.33867,13.105,-2.6919,1.0154,78.07
-0.28845,0.80604,0.38956,0.33962,13.085,-2.6983,1.0144,78.08
-0.28683,0.80604,0.3899,0.34059,13.066,-2.7045,1.0134,78.09
-0.28527,0.80602,0.39021,0.3416,13.046,-2.7106,1.0124,78.1
-0.2853,0.80605,0.39016,0.34156,13.046,-2.7106,1.0124,78.1
-0.28373,0.80604,0.39055,0.34245,13.026,-2.7166,1.0113,78.11
-0.2821,0.80601,0.39094,0.34341,13.006,-2.7225,1.0103,78.12
-0.28059,0.80593,0.39131,0.3444,12.986,-2.7282,1.0093,78.13
-0.27898,0.80597,0.39164,0.34526,12.965,-2.7338,1.0083,78.14
-0.27741,0.80595,0.39195,0.34622,12.945,-2.7393,1.0072,78.15
-0.27748,0.80585,0.39197,0.34636,12.945,-2.7393,1.0072,78.15
-0.27594,0.80577,0.39231,0.3474,12.925,-2.7447,1.0062,78.16
-0.27442,0.80569,0.39271,0.34833,12.904,-2.7499,1.0051,78.17
-0.27288,0.80558,0.39308,0.34938,12.884,-2.7549,1.0041,78.18
-0.27131,0.80556,0.39341,0.35027,12.863,-2.7599,1.0031,78.19
-0.26969,0.80554,0.39381,0.35113,12.842,-2.7647,1.002,78.2
-0.26963,0.80559,0.39375,0.35113,12.842,-2.7647,1.002,78.2
-0.26802,0.80554,0.39411,0.35206,12.821,-2.7694,1.0009,78.21
-0.26649,0.80548,0.39441,0.35303,12.801,-2.7739,0.99987,78.22
-0.26499,0.80539,0.39471,0.35401,12.78,-2.7783,0.9988,78.23
-0.26352,0.8053,0.39506,0.35493,12.759,-2.7826,0.99774,78.24
-0.26198,0.80523,0.3954,0.35587,12.738,-2.7867,0.99667,78.25
-0.26175,0.80525,0.39549,0.35587,12.737,-2.7867,0.99666,78.25
-0.26016,0.80517,0.39586,0.3568,12.716,-2.7907,0.99559,78.26
-0.25855,0.8051,0.3962,0.35775,12.695,-2.7946,0.99451,78.27
-0.25685,0.80506,0.3965,0.35874,12.674,-2.7983,0.99343,78.28
-0.2552,0.80499,0.3969,0.35964,12.653,-2.8019,0.99235,78.29
-0.25365,0.80488,0.39726,0.36058,12.632,-2.8053,0.99127,78.3
-0.25386,0.80484,0.3972,0.36058,12.631,-2.8053,0.99127,78.3
-0.25224,0.80471,0.39761,0.36155,12.61,-2.8086,0.99019,78.31
-0.2506,0.80464,0.39789,0.36253,12.589,-2.8118,0.9891,78.32
-0.24899,0.80453,0.39828,0.36346,12.567,-2.8148,0.98802,78.33
-0.24739,0.80444,0.39858,0.36443,12.546,-2.8177,0.98693,78.34
-0.24582,0.80433,0.39898,0.3653,12.524,-2.8204,0.98584,78.35
-0.24595,0.80436,0.39887,0.36526,12.524,-2.8203,0.98583,78.35
-0.24437,0.80426,0.39918,0.36619,12.502,-2.823,0.98474,78.36
-0.24282,0.80414,0.39955,0.36709,12.481,-2.8254,0.98364,78.37
-0.24126,0.80406,0.39982,0.368,12.459,-2.8278,0.98255,78.38
-0.2397,0.80397,0.40014,0.36886,12.437,-2.83,0.98145,78.39
-0.2381,0.80385,0.40042,0.36986,12.416,-2.832,0.98035,78.4
-0.23802,0.80381,0.40052,0.3699,12.415,-2.8319,0.98037,78.4
-0.23637,0.8037,0.40084,0.37084,12.393,-2.8338,0.97927,78.41
-0.23477,0.80352,0.40122,0.37184,12.372,-2.8356,0.97817,78.42
-0.23321,0.8034,0.40157,0.37269,12.35,-2.8372,0.97707,78.43
-0.23162,0.80327,0.4019,0.37361,12.328,-2.8387,0.97597,78.44
-0.23004,0.80316,0.40223,0.37448,12.306,-2.84,0.97487,78.45
-0.23006,0.80319,0.40212,0.37451,12.306,-2.84,0.97487,78.45
-0.22851,0.8031,0.40242,0.37534,12.284,-2.8412,0.97377,78.46
-0.22693,0.80298,0.40272,0.37622,12.262,-2.8422,0.97267,78.47
-0.22537,0.8028,0.40305,0.37719,12.24,-2.8431,0.97156,78.48
-0.22369,0.80272,0.40336,0.37803,12.218,-2.8439,0.97046,78.49
-0.22208,0.8026,0.40365,0.37892,12.197,-2.8445,0.96936,78.5
-0.22209,0.8025,0.40369,0.37909,12.196,-2.8445,0.96935,78.5
-0.22055,0.80229,0.40404,0.38005,12.174,-2.845,0.96824,78.51
-0.21887,0.80215,0.40438,0.38096,12.152,-2.8453,0.96714,78.52
-0.21722,0.80198,0.40471,0.38191,12.13,-2.8455,0.96604,78.53
-0.21561,0.8018,0.40501,0.38289,12.108,-2.8455,0.96493,78.54
-0.21403,0.80162,0.40536,0.38377,12.087,-2.8454,0.96383,78.55
-0.21409,0.80173,0.40523,0.38364,12.086,-2.8454,0.96382,78.55
-0.2125,0.80157,0.40557,0.38451,12.064,-2.8452,0.96272,78.56
-0.21083,0.80139,0.40588,0.38547,12.042,-2.8448,0.96162,78.57
-0.20924,0.80115,0.40622,0.38647,12.02,-2.8443,0.96051,78.58
-0.20769,0.80096,0.40654,0.38737,11.998,-2.8436,0.95941,78.59
-0.20616,0.80078,0.40682,0.38827,11.977,-2.8428,0.95831,78.6
-0.20609,0.8009,0.40673,0.38815,11.976,-2.8428,0.95832,78.6
-0.20442,0.80073,0.40703,0.38906,11.954,-2.8418,0.95722,78.61
-0.20284,0.80057,0.40727,0.38998,11.932,-2.8407,0.95612,78.62
-0.20127,0.80038,0.40758,0.39086,11.911,-2.8395,0.95502,78.63
-0.19965,0.8002,0.40783,0.39179,11.889,-2.8381,0.95393,78.64
-0.19814,0.79997,0.40816,0.39267,11.867,-2.8366,0.95283,78.65
-0.19805,0.8,0.40819,0.39263,11.867,-2.8366,0.95282,78.65
-0.19648,0.79976,0.40853,0.39354,11.845,-2.835,0.95173,78.66
-0.1949,0.79957,0.40883,0.39441,11.823,-2.8332,0.95064,78.67
-0.19331,0.79937,0.40902,0.39541,11.801,-2.8312,0.94954,78.68
-0.19167,0.79913,0.40934,0.39635,11.78,-2.8291,0.94846,78.69
-0.19001,0.79895,0.40958,0.39725,11.758,-2.8269,0.94737,78.7
-0.19001,0.79902,0.40962,0.39707,11.758,-2.8269,0.94739,78.7
-0.18831,0.79886,0.40995,0.39788,11.736,-2.8245,0.94631,78.71
-0.18666,0.79869,0.41019,0.39873,11.714,-2.822,0.94523,78.72
-0.18503,0.7985,0.41047,0.39959,11.693,-2.8194,0.94415,78.73
-0.18347,0.79823,0.41084,0.40048,11.671,-2.8166,0.94307,78.74
-0.18181,0.79803,0.41108,0.40137,11.65,-2.8136,0.94199,78.75
-0.18194,0.79798,0.41102,0.40147,11.65,-2.8137,0.94199,78.75
-0.18028,0.79773,0.41133,0.40241,11.628,-2.8106,0.94092,78.76
-0.17863,0.7975,0.41165,0.40328,11.607,-2.8074,0.93985,78.77
-0.17699,0.79726,0.4119,0.40421,11.585,-2.804,0.93879,78.78
-0.17546,0.797,0.41223,0.40506,11.564,-2.8006,0.93772,78.79
-0.17386,0.79677,0.41252,0.4059,11.543,-2.7969,0.93666,78.8
-0.17386,0.79687,0.41238,0.40585,11.543,-2.7969,0.93668,78.8
-0.17227,0.79659,0.41269,0.40675,11.521,-2.7932,0.93563,78.81
-0.17061,0.79637,0.41294,0.40763,11.5,-2.7893,0.93458,78.82
-0.16903,0.79611,0.41324,0.40849,11.479,-2.7852,0.93353,78.83
-0.16734,0.79586,0.41357,0.40934,11.458,-2.7811,0.93249,78.84
-0.16584,0.79558,0.41387,0.41019,11.437,-2.7767,0.93145,78.85
-0.16577,0.79569,0.4137,0.41019,11.437,-2.7767,0.93143,78.85
-0.16419,0.79545,0.41397,0.41101,11.416,-2.7723,0.9304,78.86
-0.16269,0.79522,0.41421,0.4118,11.395,-2.7677,0.92936,78.87
-0.16105,0.79504,0.41443,0.41258,11.375,-2.763,0.92834,78.88
-0.15939,0.7948,0.41473,0.41339,11.354,-2.7581,0.92731,78.89
-0.15773,0.79458,0.41494,0.41424,11.334,-2.7531,0.92629,78.9
-0.15766,0.79444,0.41498,0.41449,11.333,-2.7532,0.92627,78.9
-0.15593,0.79419,0.41523,0.41536,11.313,-2.748,0.92525,78.91
-0.15433,0.79392,0.41545,0.41626,11.292,-2.7428,0.92423,78.92
-0.15275,0.79362,0.41573,0.41714,11.272,-2.7374,0.92322,78.93
-0.15109,0.79332,0.41597,0.41807,11.252,-2.7319,0.92221,78.94
-0.14944,0.79299,0.41629,0.41898,11.232,-2.7263,0.92121,78.95
-0.14953,0.79311,0.41624,0.41876,11.231,-2.7262,0.92119,78.95
-0.14803,0.79281,0.41647,0.41963,11.211,-2.7205,0.92019,78.96
-0.14635,0.79254,0.41671,0.42049,11.191,-2.7146,0.91919,78.97
-0.1448,0.79221,0.41699,0.42138,11.171,-2.7085,0.9182,78.98
-0.14317,0.79192,0.4172,0.42226,11.152,-2.7024,0.91721,78.99
-0.14146,0.79166,0.41743,0.42309,11.132,-2.6961,0.91622,79
-0.1414,0.79172,0.41745,0.42298,11.132,-2.696,0.91626,79
-0.13977,0.79142,0.41765,0.42389,11.112,-2.6896,0.91529,79.01
-0.13809,0.79118,0.41791,0.42464,11.092,-2.683,0.91432,79.02
-0.13643,0.79092,0.4181,0.42548,11.073,-2.6764,0.91336,79.03
-0.13487,0.79058,0.41838,0.42632,11.054,-2.6696,0.9124,79.04
-0.13322,0.79026,0.4186,0.42722,11.035,-2.6626,0.91145,79.05
-0.13326,0.79026,0.41863,0.42717,11.034,-2.6626,0.91143,79.05
-0.13166,0.78997,0.41893,0.42792,11.015,-2.6556,0.91049,79.06
-0.13013,0.78967,0.41911,0.42876,10.996,-2.6484,0.90955,79.07
-0.1285,0.7894,0.4193,0.42956,10.977,-2.6411,0.90862,79.08
-0.12689,0.78906,0.41956,0.4304,10.959,-2.6337,0.90769,79.09
-0.12526,0.78873,0.41975,0.4313,10.94,-2.6261,0.90676,79.1
-0.1251,0.78873,0.41978,0.43132,10.94,-2.6261,0.90672,79.1
-0.12351,0.78841,0.42002,0.43213,10.921,-2.6184,0.90581,79.11
-0.12187,0.78811,0.42022,0.43295,10.903,-2.6106,0.9049,79.12
-0.1202,0.78784,0.42048,0.43366,10.885,-2.6027,0.90399,79.13
-0.11856,0.78753,0.42064,0.43452,10.866,-2.5947,0.9031,79.14
-0.11697,0.78718,0.42085,0.43537,10.848,-2.5866,0.9022,79.15
-0.11693,0.78714,0.42088,0.43544,10.848,-2.5865,0.90217,79.15
-0.11518,0.78682,0.42113,0.43623,10.83,-2.5783,0.90129,79.16
-0.11356,0.78654,0.42128,0.43701,10.812,-2.5699,0.90041,79.17
-0.11193,0.78618,0.4215,0.43787,10.795,-2.5614,0.89954,79.18
-0.11033,0.78583,0.42173,0.43868,10.777,-2.5528,0.89868,79.19
-0.10871,0.78552,0.42186,0.43951,10.76,-2.5441,0.89782,79.2
-0.10875,0.78547,0.42195,0.43952,10.76,-2.5441,0.89779,79.2
-0.1071,0.78513,0.42215,0.44032,10.742,-2.5352,0.89695,79.21
-0.10543,0.78479,0.42234,0.44116,10.725,-2.5263,0.8961,79.22
-0.10378,0.78442,0.42255,0.44201,10.708,-2.5172,0.89527,79.23
-0.10215,0.78409,0.42282,0.4427,10.691,-2.5081,0.89444,79.24
-0.10062,0.78375,0.42307,0.44342,10.675,-2.4988,0.89362,79.25
-0.10056,0.78373,0.42298,0.44355,10.674,-2.4987,0.89358,79.25
-0.099003,0.78335,0.42317,0.44439,10.658,-2.4894,0.89277,79.26
-0.097349,0.78303,0.42337,0.44513,10.641,-2.4799,0.89196,79.27
-0.095759,0.78269,0.42358,0.44587,10.625,-2.4703,0.89116,79.28
-0.094066,0.78233,0.42379,0.44667,10.609,-2.4606,0.89037,79.29
-0.092433,0.78193,0.42401,0.4475,10.593,-2.4508,0.88959,79.3
-0.092363,0.78193,0.42398,0.44755,10.593,-2.4507,0.88955,79.3
-0.090652,0.78158,0.42413,0.44837,10.577,-2.4408,0.88877,79.31
-0.089082,0.78122,0.42429,0.44916,10.561,-2.4308,0.88801,79.32
-0.08745,0.78088,0.42442,0.44993,10.546,-2.4207,0.88725,79.33
-0.085826,0.78052,0.4246,0.45071,10.531,-2.4104,0.88649,79.34
-0.084179,0.78015,0.42476,0.45151,10.515,-2.4001,0.88575,79.35
-0.084157,0.78006,0.42494,0.45151,10.515,-2.4001,0.88574,79.35
-0.082576,0.77965,0.42516,0.45229,10.5,-2.3897,0.88501,79.36
-0.081003,0.77926,0.4253,0.45311,10.485,-2.3791,0.88428,79.37
-0.079384,0.77891,0.42553,0.45379,10.471,-2.3685,0.88356,79.38
-0.077606,0.77852,0.42578,0.45453,10.456,-2.3578,0.88286,79.39
-0.075949,0.77814,0.42594,0.4553,10.442,-2.347,0.88216,79.4
-0.075945,0.77812,0.42585,0.45543,10.441,-2.347,0.88214,79.4
-0.074369,0.77775,0.42595,0.45623,10.427,-2.3361,0.88145,79.41
-0.072741,0.77735,0.42611,0.45702,10.413,-2.3251,0.88077,79.42
-0.071037,0.77693,0.42629,0.45782,10.399,-2.314,0.8801,79.43
-0.069532,0.77654,0.42644,0.45858,10.386,-2.3029,0.87944,79.44
-0.067876,0.77614,0.42663,0.45933,10.372,-2.2916,0.87879,79.45
-0.067727,0.77611,0.42674,0.4593,10.372,-2.2916,0.87877,79.45
-0.066006,0.7757,0.42695,0.46005,10.358,-2.2802,0.87812,79.46
-0.064345,0.77532,0.42711,0.46078,10.345,-2.2688,0.87749,79.47
-0.062616,0.77492,0.42725,0.46156,10.332,-2.2573,0.87687,79.48
-0.060938,0.77449,0.42744,0.46233,10.319,-2.2457,0.87625,79.49
-0.059323,0.77408,0.42764,0.46304,10.307,-2.234,0.87565,79.5
-0.0595,0.77403,0.42759,0.46315,10.307,-2.2339,0.87563,79.5
-0.057745,0.77358,0.42777,0.46395,10.294,-2.2222,0.87503,79.51
-0.056171,0.77314,0.42797,0.4647,10.282,-2.2104,0.87445,79.52
-0.054576,0.77272,0.42808,0.46548,10.27,-2.1985,0.87387,79.53
-0.05301,0.77225,0.42828,0.46625,10.258,-2.1865,0.87331,79.54
-0.051278,0.77178,0.4285,0.46702,10.246,-2.1744,0.87275,79.55
-0.051272,0.77189,0.4284,0.46694,10.246,-2.1742,0.87274,79.55
-0.04968,0.77151,0.42851,0.46764,10.234,-2.1621,0.87219,79.56
-0.048016,0.77104,0.4287,0.46841,10.223,-2.1499,0.87165,79.57
-0.04626,0.7706,0.42887,0.46916,10.212,-2.1376,0.87112,79.58
-0.044585,0.7701,0.42904,0.46998,10.201,-2.1252,0.8706,79.59
-0.042937,0.76964,0.42925,0.47069,10.19,-2.1128,0.87009,79.6
-0.043037,0.76968,0.42917,0.4707,10.19,-2.1127,0.87008,79.6
-0.041326,0.7692,0.42934,0.47149,10.179,-2.1002,0.86958,79.61
-0.039733,0.76872,0.42947,0.47228,10.169,-2.0876,0.86909,79.62
-0.038095,0.76833,0.42952,0.473,10.158,-2.075,0.86862,79.63
-0.036444,0.7679,0.42963,0.47372,10.148,-2.0623,0.86815,79.64
-0.034708,0.76742,0.42976,0.47452,10.139,-2.0495,0.86769,79.65
-0.034793,0.7674,0.42991,0.47441,10.138,-2.0494,0.86768,79.65
-0.033116,0.7669,0.43003,0.47522,10.129,-2.0366,0.86723,79.66
-0.031488,0.76641,0.43022,0.47596,10.119,-2.0237,0.86679,79.67
-0.029879,0.76586,0.43056,0.47664,10.11,-2.0107,0.86636,79.68
-0.028251,0.76534,0.43077,0.47738,10.101,-1.9977,0.86595,79.69
-0.026642,0.76489,0.43088,0.47809,10.092,-1.9846,0.86554,79.7
-0.026555,0.76505,0.43061,0.47808,10.092,-1.9845,0.86553,79.7
-0.024924,0.76456,0.43071,0.47888,10.083,-1.9714,0.86513,79.71
-0.023312,0.76409,0.43076,0.47966,10.075,-1.9581,0.86474,79.72
-0.021639,0.76357,0.43086,0.48048,10.067,-1.9449,0.86436,79.73
-0.019987,0.76307,0.43103,0.48118,10.059,-1.9316,0.86399,79.74
-0.018386,0.76256,0.43117,0.48192,10.051,-1.9182,0.86363,79.75
-0.01831,0.76264,0.43127,0.48171,10.051,-1.9182,0.86364,79.75
-0.01667,0.76216,0.43138,0.48244,10.043,-1.9048,0.86329,79.76
-0.015027,0.76169,0.43141,0.48321,10.036,-1.8913,0.86295,79.77
-0.013416,0.76111,0.43165,0.48394,10.028,-1.8778,0.86262,79.78
-0.011661,0.76065,0.43171,0.48467,10.021,-1.8643,0.8623,79.79
-0.010025,0.76014,0.43176,0.48546,10.015,-1.8507,0.86199,79.8
-0.010063,0.76016,0.4319,0.4853,10.015,-1.8507,0.86201,79.8
-0.0084412,0.75959,0.43204,0.4861,10.008,-1.8371,0.86171,79.81
-0.0068581,0.75902,0.43222,0.48685,10.002,-1.8234,0.86143,79.82
-0.0051525,0.75855,0.43232,0.48753,9.9954,-1.8097,0.86115,79.83
-0.003498,0.75801,0.43245,0.48826,9.9894,-1.7959,0.86088,79.84
-0.0018749,0.75745,0.43258,0.48902,9.9837,-1.7821,0.86063,79.85
-0.0018186,0.75762,0.43248,0.48885,9.9836,-1.7821,0.86065,79.85
-0.00020317,0.75712,0.43254,0.48957,9.978,-1.7682,0.8604,79.86
0.001376,0.75655,0.43266,0.49035,9.9727,-1.7544,0.86017,79.87
0.0029947,0.756,0.43278,0.49108,9.9676,-1.7405,0.85995,79.88
0.004667,0.75552,0.43284,0.49175,9.9627,-1.7265,0.85974,79.89
0.0062621,0.75494,0.43294,0.49253,9.9581,-1.7126,0.85954,79.9
0.006432,0.75501,0.43303,0.49235,9.9579,-1.7126,0.85957,79.9
0.0080952,0.7545,0.43315,0.493,9.9535,-1.6986,0.85938,79.91
0.009731,0.75397,0.43328,0.49367,9.9492,-1.6845,0.85921,79.92
0.01149,0.75345,0.43336,0.49436,9.9452,-1.6705,0.85904,79.93
0.013113,0.75292,0.43343,0.49505,9.9414,-1.6564,0.85889,79.94
0.014815,0.75235,0.43356,0.49575,9.9378,-1.6423,0.85874,79.95
0.014676,0.75233,0.43354,0.49581,9.9377,-1.6423,0.85877,79.95
0.016268,0.75179,0.43364,0.49649,9.9343,-1.6282,0.85863,79.96
0.017933,0.75124,0.43375,0.49718,9.9312,-1.614,0.85851,79.97
0.019647,0.75074,0.43377,0.49783,9.9282,-1.5999,0.85839,79.98
0.021244,0.75015,0.43395,0.49851,9.9255,-1.5857,0.85829,79.99
0.022913,0.74961,0.43406,0.49915,9.923,-1.5715,0.8582,80
0.022923,0.74959,0.43401,0.49922,9.9229,-1.5715,0.85826,80
0.024511,0.74896,0.43407,0.50005,9.9206,-1.5573,0.85818,80.01
0.026193,0.7484,0.43416,0.50072,9.9185,-1.543,0.85811,80.02
0.027819,0.74786,0.43427,0.50134,9.9167,-1.5288,0.85805,80.03
0.029403,0.74728,0.43436,0.50203,9.915,-1.5145,0.85801,80.04
0.031025,0.74673,0.43445,0.50268,9.9136,-1.5003,0.85797,80.05
0.031169,0.74678,0.43445,0.50259,9.9135,-1.5003,0.85802,80.05
0.032835,0.74625,0.43449,0.50325,9.9123,-1.486,0.85799,80.06
0.034539,0.74567,0.43463,0.50387,9.9114,-1.4717,0.85798,80.07
0.036249,0.74513,0.4347,0.50448,9.9106,-1.4574,0.85797,80.08
0.038004,0.74453,0.43476,0.50519,9.9101,-1.4432,0.85798,80.09
0.039639,0.74402,0.43477,0.5058,9.9097,-1.4289,0.858,80.1
0.039412,0.74391,0.43484,0.50592,9.9097,-1.4289,0.85806,80.1
0.041044,0.74334,0.43489,0.50659,9.9096,-1.4146,0.8581,80.11
0.04265,0.74277,0.43497,0.50722,9.9097,-1.4003,0.85814,80.12
0.044327,0.74219,0.43505,0.50785,9.91,-1.386,0.8582,80.13
0.046004,0.74158,0.43515,0.50851,9.9106,-1.3718,0.85826,80.14
0.047824,0.74095,0.43519,0.50923,9.9114,-1.3575,0.85834,80.15
0.047654,0.74098,0.4352,0.5092,9.9113,-1.3575,0.85834,80.15
0.049298,0.74045,0.43515,0.50985,9.9123,-1.3432,0.85843,80.16
0.050964,0.73988,0.43524,0.51044,9.9135,-1.3289,0.85852,80.17
0.052645,0.73927,0.4353,0.5111,9.915,-1.3147,0.85863,80.18
0.054342,0.73867,0.43539,0.51171,9.9166,-1.3004,0.85875,80.19
0.055984,0.73801,0.43548,0.51241,9.9185,-1.2862,0.85888,80.2
0.055888,0.73797,0.43552,0.51244,9.9184,-1.2862,0.85891,80.2
0.057544,0.73741,0.43553,0.51306,9.9205,-1.2719,0.85905,80.21
0.05916,0.73683,0.43561,0.51364,9.9228,-1.2577,0.8592,80.22
0.060839,0.73618,0.4357,0.51429,9.9254,-1.2435,0.85937,80.23
0.062473,0.73564,0.43572,0.51485,9.9281,-1.2294,0.85954,80.24
0.064175,0.73498,0.43588,0.51545,9.9311,-1.2152,0.85972,80.25
0.064122,0.73491,0.4358,0.51563,9.931,-1.2152,0.85976,80.25
0.065784,0.73426,0.43589,0.51627,9.9342,-1.2011,0.85996,80.26
0.067445,0.73362,0.436,0.51687,9.9376,-1.1869,0.86017,80.27
0.06907,0.73302,0.43604,0.51748,9.9412,-1.1729,0.8604,80.28
0.070781,0.73241,0.43613,0.51803,9.945,-1.1588,0.86063,80.29
0.072435,0.73179,0.43626,0.51856,9.9491,-1.1448,0.86087,80.3
0.072344,0.73178,0.43605,0.51878,9.9491,-1.1447,0.86088,80.3
0.073994,0.73114,0.43617,0.51935,9.9533,-1.1307,0.86113,80.31
0.075624,0.73047,0.43618,0.52003,9.9578,-1.1167,0.8614,80.32
0.077163,0.72988,0.43624,0.52059,9.9625,-1.1027,0.86167,80.33
0.078801,0.72927,0.43626,0.52118,9.9674,-1.0888,0.86196,80.34
0.080526,0.72866,0.43625,0.52178,9.9725,-1.0749,0.86226,80.35
0.080563,0.72859,0.43625,0.52187,9.9725,-1.0749,0.86224,80.35
0.082182,0.72798,0.43624,0.52248,9.9778,-1.0611,0.86255,80.36
0.083823,0.72732,0.43634,0.52306,9.9834,-1.0473,0.86287,80.37
0.085435,0.72668,0.43636,0.52368,9.9891,-1.0335,0.86319,80.38
0.087095,0.72605,0.43635,0.52428,9.9951,-1.0197,0.86353,80.39
0.088719,0.72542,0.4364,0.52484,10.001,-1.006,0.86388,80.4
0.08878,0.72533,0.43642,0.52493,10.001,-1.006,0.86389,80.4
0.090493,0.72468,0.43642,0.52553,10.008,-0.99231,0.86425,80.41
0.09219,0.72399,0.43646,0.52616,10.014,-0.97868,0.86462,80.42
0.093924,0.72333,0.43646,0.52676,10.021,-0.9651,0.865,80.43
0.095525,0.72269,0.43649,0.52733,10.028,-0.95156,0.8654,80.44
0.097124,0.72195,0.43653,0.52801,10.035,-0.93807,0.8658,80.45
0.096983,0.72201,0.43655,0.52794,10.035,-0.93804,0.86578,80.45
0.098624,0.72134,0.43655,0.52855,10.043,-0.92459,0.86619,80.46
0.1003,0.7207,0.43647,0.52918,10.05,-0.91119,0.86662,80.47
0.10196,0.72001,0.43656,0.52973,10.058,-0.89783,0.86705,80.48
0.10352,0.71936,0.43657,0.53029,10.066,-0.88454,0.8675,80.49
0.10511,0.71866,0.43651,0.53098,10.075,-0.8713,0.86795,80.5
0.10518,0.71863,0.43664,0.5309,10.075,-0.8713,0.86791,80.5
0.10685,0.71797,0.43664,0.53146,10.083,-0.85811,0.86838,80.51
0.10851,0.71731,0.43667,0.53198,10.092,-0.84497,0.86885,80.52
0.11022,0.71662,0.43668,0.53255,10.101,-0.8319,0.86933,80.53
0.1119,0.71598,0.43666,0.53309,10.11,-0.81888,0.86982,80.54
0.11349,0.71528,0.4367,0.53366,10.119,-0.80593,0.87033,80.55
0.11337,0.71518,0.43669,0.53382,10.119,-0.8059,0.87034,80.55
0.11501,0.71451,0.43676,0.53432,10.128,-0.793,0.87085,80.56
0.11657,0.71377,0.43682,0.53492,10.138,-0.78016,0.87137,80.57
0.11822,0.71302,0.43684,0.53553,10.148,-0.76739,0.87191,80.58
0.1198,0.71236,0.43683,0.53606,10.158,-0.75469,0.87245,80.59
0.12141,0.7116,0.43689,0.53666,10.168,-0.74205,0.873,80.6
0.12154,0.71167,0.43671,0.53669,10.168,-0.742,0.87297,80.6
0.12319,0.71096,0.43675,0.53722,10.179,-0.72942,0.87353,80.61
0.12482,0.71028,0.43671,0.53777,10.189,-0.71691,0.8741,80.62
0.12636,0.70956,0.43676,0.53833,10.2,-0.70447,0.87469,80.63
0.12801,0.70881,0.43672,0.53896,10.211,-0.6921,0.87528,80.64
0.12959,0.70807,0.43677,0.53951,10.222,-0.6798,0.87588,80.65
0.12972,0.7081,0.43668,0.53952,10.222,-0.67981,0.87585,80.65
0.13132,0.70739,0.43665,0.54009,10.234,-0.66758,0.87646,80.66
0.13292,0.70662,0.43662,0.54072,10.245,-0.65544,0.87708,80.67
0.13455,0.70588,0.43668,0.54125,10.257,-0.64337,0.87771,80.68
0.1363,0.70513,0.43667,0.54179,10.269,-0.63138,0.87835,80.69
0.13785,0.70441,0.43666,0.54234,10.281,-0.61947,0.87899,80.7
0.13787,0.70447,0.43662,0.54229,10.281,-0.61944,0.87904,80.7
0.13944,0.70367,0.43663,0.54291,10.293,-0.6076,0.87969,80.71
0.14094,0.70296,0.43664,0.54344,10.306,-0.59584,0.88036,80.72
0.14258,0.70225,0.4366,0.54396,10.319,-0.58417,0.88103,80.73
0.1442,0.70153,0.43661,0.54445,10.331,-0.57259,0.88172,80.74
0.14585,0.70083,0.43649,0.54502,10.344,-0.56108,0.88241,80.75
0.14602,0.70078,0.43651,0.54502,10.345,-0.56106,0.88241,80.75
0.14772,0.69999,0.43646,0.54561,10.358,-0.54965,0.88311,80.76
0.14931,0.69929,0.43638,0.54615,10.371,-0.53832,0.88382,80.77
0.15093,0.69856,0.43631,0.54669,10.385,-0.52709,0.88454,80.78
0.15259,0.69778,0.43629,0.54723,10.398,-0.51595,0.88526,80.79
0.1541,0.69699,0.43631,0.54781,10.412,-0.5049,0.886,80.8
0.15415,0.69702,0.43638,0.5477,10.412,-0.50481,0.88607,80.8
0.15579,0.69627,0.4364,0.54817,10.426,-0.49384,0.88682,80.81
0.15743,0.6955,0.43642,0.54866,10.441,-0.48297,0.88757,80.82
0.15905,0.69471,0.43639,0.54923,10.455,-0.47219,0.88834,80.83
0.16065,0.69396,0.43635,0.54973,10.47,-0.46151,0.88911,80.84
0.16228,0.69318,0.43633,0.55026,10.484,-0.45093,0.88989,80.85
0.16227,0.6932,0.4362,0.55033,10.484,-0.45083,0.88987,80.85
0.16399,0.69238,0.43615,0.5509,10.499,-0.44034,0.89066,80.86
0.16563,0.69158,0.43613,0.55143,10.514,-0.42994,0.89146,80.87
0.16718,0.69083,0.43615,0.55189,10.53,-0.41965,0.89226,80.88
0.16873,0.69009,0.43609,0.55238,10.545,-0.40946,0.89307,80.89
0.17043,0.68937,0.43597,0.55287,10.56,-0.39937,0.89389,80.9
0.17037,0.68933,0.43599,0.55292,10.561,-0.39929,0.89382,80.9
0.17199,0.68854,0.43592,0.55345,10.576,-0.38927,0.89464,80.91
0.17359,0.68778,0.43583,0.55396,10.592,-0.37936,0.89548,80.92
0.17518,0.68704,0.43578,0.55443,10.608,-0.36956,0.89631,80.93
0.17668,0.68624,0.43577,0.55495,10.624,-0.35986,0.89716,80.94
0.17831,0.68538,0.43571,0.55553,10.64,-0.35027,0.89801,80.95
0.17846,0.6854,0.43573,0.55544,10.641,-0.35029,0.898,80.95
0.18006,0.68459,0.43565,0.55599,10.657,-0.3408,0.89885,80.96
0.1815,0.68381,0.4356,0.55652,10.674,-0.33142,0.89972,80.97
0.18313,0.68299,0.43559,0.557,10.69,-0.32215,0.90059,80.98
0.18468,0.68226,0.43556,0.5574,10.707,-0.313,0.90147,80.99
0.18631,0.68149,0.43548,0.55787,10.724,-0.30396,0.90236,81
0.18654,0.6814,0.43544,0.55793,10.724,-0.30397,0.90235,81
0.18815,0.68061,0.43535,0.55842,10.741,-0.29503,0.90324,81.01
0.18977,0.67981,0.43527,0.55891,10.759,-0.28621,0.90414,81.02
0.1914,0.67897,0.43526,0.55939,10.776,-0.27751,0.90505,81.03
0.19303,0.6781,0.4352,0.55992,10.794,-0.26892,0.90596,81.04
0.19454,0.67727,0.43514,0.56045,10.811,-0.26044,0.90688,81.05
0.19459,0.67735,0.43511,0.56037,10.811,-0.26042,0.90684,81.05
0.19622,0.67658,0.43496,0.56085,10.829,-0.25205,0.90777,81.06
0.19782,0.6758,0.43479,0.56136,10.847,-0.24379,0.9087,81.07
0.19942,0.675,0.43471,0.56181,10.865,-0.23565,0.90963,81.08
0.20093,0.67413,0.43472,0.56231,10.883,-0.22764,0.91057,81.09
0.20249,0.67337,0.43459,0.56276,10.902,-0.21974,0.91152,81.1
0.20264,0.67324,0.43474,0.56276,10.902,-0.21981,0.91151,81.1
0.20425,0.67237,0.43464,0.56328,10.92,-0.21203,0.91247,81.11
0.20586,0.67156,0.43462,0.56368,10.939,-0.20438,0.91342,81.12
0.20747,0.67075,0.43456,0.5641,10.957,-0.19685,0.91439,81.13
0.2091,0.66992,0.43453,0.56451,10.976,-0.18944,0.91536,81.14
0.21074,0.6691,0.43445,0.56493,10.995,-0.18215,0.91634,81.15
0.21066,0.66907,0.43433,0.56509,10.995,-0.18216,0.91631,81.15
0.21222,0.66822,0.43427,0.56555,11.014,-0.17498,0.91729,81.16
0.21379,0.66741,0.43417,0.566,11.033,-0.16793,0.91828,81.17
0.21538,0.66658,0.43405,0.56646,11.052,-0.161,0.91928,81.18
0.21699,0.66579,0.43389,0.5669,11.072,-0.1542,0.92028,81.19
0.21853,0.66491,0.43388,0.56734,11.091,-0.14752,0.92129,81.2
0.21867,0.66483,0.43389,0.56738,11.091,-0.14762,0.92125,81.2
0.2203,0.66389,0.43386,0.56788,11.111,-0.14107,0.92227,81.21
0.22186,0.66298,0.43389,0.56832,11.13,-0.13465,0.92328,81.22
0.22353,0.66215,0.43371,0.56876,11.15,-0.12836,0.9243,81.23
0.22512,0.66127,0.43357,0.56926,11.17,-0.1222,0.92533,81.24
0.2267,0.66043,0.43348,0.56968,11.19,-0.11617,0.92636,81.25
0.22666,0.66055,0.4334,0.56962,11.19,-0.11623,0.92631,81.25
0.22821,0.65967,0.43325,0.57013,11.21,-0.11033,0.92734,81.26
0.22976,0.65881,0.43319,0.57055,11.23,-0.10455,0.92838,81.27
0.23136,0.65792,0.43307,0.57102,11.25,-0.098911,0.92942,81.28
0.23294,0.65705,0.43295,0.57147,11.27,-0.093399,0.93047,81.29
0.23459,0.6562,0.43287,0.57183,11.291,-0.088019,0.93152,81.3
0.23463,0.6562,0.43288,0.57181,11.291,-0.088107,0.93148,81.3
0.23621,0.65531,0.43278,0.57225,11.312,-0.082862,0.93254,81.31
0.23786,0.65441,0.4327,0.57266,11.332,-0.077752,0.93359,81.32
0.23942,0.65345,0.43268,0.57312,11.353,-0.072778,0.93465,81.33
0.24109,0.65254,0.4325,0.5736,11.373,-0.06794,0.93572,81.34
0.24269,0.65163,0.4324,0.57403,11.394,-0.063239,0.93679,81.35
0.24257,0.6518,0.43232,0.57395,11.394,-0.063298,0.93674,81.35
0.24416,0.65083,0.43227,0.57441,11.415,-0.058725,0.93781,81.36
0.24585,0.64994,0.43214,0.5748,11.436,-0.054287,0.93888,81.37
0.24743,0.64907,0.4319,0.57529,11.457,-0.049987,0.93996,81.38
0.24908,0.64812,0.43176,0.57575,11.478,-0.045822,0.94103,81.39
0.25062,0.64725,0.4316,0.57618,11.499,-0.041795,0.94211,81.4
0.25051,0.64734,0.43172,0.57604,11.499,-0.041887,0.94211,81.4
0.25213,0.64643,0.43152,0.5765,11.52,-0.038005,0.94319,81.41
0.25366,0.64554,0.43138,0.57692,11.541,-0.03426,0.94427,81.42
0.25533,0.64456,0.43126,0.57737,11.563,-0.030653,0.94536,81.43
0.25692,0.64367,0.43111,0.57778,11.584,-0.027185,0.94645,81.44
0.25855,0.64271,0.431,0.5782,11.605,-0.023858,0.94754,81.45
0.25842,0.64282,0.43108,0.57808,11.605,-0.023905,0.94751,81.45
0.26006,0.64192,0.43092,0.57846,11.627,-0.020715,0.9486,81.46
0.26175,0.641,0.43074,0.57885,11.648,-0.017665,0.94969,81.47
0.26332,0.64004,0.43067,0.57925,11.67,-0.014756,0.95078,81.48
0.26488,0.6391,0.43052,0.57969,11.691,-0.011987,0.95188,81.49
0.2665,0.63822,0.43037,0.58003,11.713,-0.009359,0.95298,81.5
0.2663,0.63825,0.43041,0.58007,11.713,-0.0093954,0.95292,81.5
0.26791,0.63731,0.43026,0.58047,11.735,-0.0068967,0.95402,81.51
0.26944,0.63645,0.43014,0.58079,11.756,-0.004539,0.95512,81.52
0.27106,0.63545,0.43007,0.58118,11.778,-0.0023225,0.95622,81.53
0.27254,0.63454,0.42991,0.58161,11.8,-0.00024693,0.95733,81.54
0.27415,0.63366,0.4297,0.58195,11.821,0.0016874,0.95843,81.55
0.27416,0.63362,0.42969,0.582,11.822,0.0016022,0.95839,81.55
0.27573,0.63277,0.42956,0.58229,11.843,0.0033941,0.95949,81.56
0.27729,0.6318,0.42939,0.58272,11.865,0.0050433,0.9606,81.57
0.27884,0.63091,0.42925,0.58304,11.887,0.0065505,0.9617,81.58
0.28047,0.62999,0.42906,0.58341,11.909,0.0079154,0.96281,81.59
0.28202,0.62908,0.42894,0.58373,11.931,0.0091373,0.96392,81.6
0.28199,0.62893,0.42894,0.58389,11.931,0.0090553,0.96388,81.6
0.28349,0.62801,0.4288,0.58427,11.953,0.01013,0.96498,81.61
0.28512,0.62701,0.42863,0.58467,11.975,0.011062,0.96609,81.62
0.2867,0.62599,0.4285,0.58508,11.997,0.01185,0.96719,81.63
0.28824,0.62511,0.42825,0.58545,12.019,0.012496,0.96829,81.64
0.28977,0.62406,0.42817,0.58588,12.041,0.013,0.9694,81.65
0.28981,0.6242,0.42815,0.58573,12.041,0.012959,0.96934,81.65
0.29141,0.6232,0.42797,0.58612,12.063,0.013328,0.97045,81.66
0.29298,0.62228,0.4278,0.58644,12.085,0.013554,0.97156,81.67
0.29453,0.62129,0.42764,0.58683,12.107,0.013636,0.97266,81.68
0.2961,0.62037,0.42742,0.58718,12.129,0.013577,0.97378,81.69
0.29773,0.61939,0.42723,0.58753,12.15,0.013374,0.97489,81.7
0.29759,0.6194,0.42732,0.58751,12.151,0.013294,0.97483,81.7
0.29911,0.61836,0.42717,0.58796,12.173,0.012945,0.97594,81.71
0.30064,0.6174,0.42695,0.58834,12.195,0.012455,0.97705,81.72
0.30217,0.6165,0.42673,0.58866,12.217,0.011823,0.97816,81.73
0.30373,0.61553,0.42663,0.58895,12.238,0.01105,0.97927,81.74
0.30518,0.61468,0.42644,0.58923,12.26,0.010134,0.98038,81.75
0.30536,0.61455,0.42646,0.58925,12.261,0.010062,0.98028,81.75
0.30692,0.61352,0.42627,0.58966,12.283,0.0089985,0.98139,81.76
0.30845,0.61257,0.42617,0.58991,12.304,0.0077924,0.98249,81.77
0.31004,0.61164,0.42595,0.5902,12.326,0.0064441,0.9836,81.78
0.31165,0.61065,0.42579,0.59049,12.348,0.0049537,0.9847,81.79
0.31315,0.60969,0.42559,0.59083,12.37,0.0033208,0.98581,81.8
0.31309,0.60965,0.42556,0.59093,12.37,0.0033006,0.98569,81.8
0.3146,0.60872,0.4254,0.59121,12.392,0.0015333,0.98678,81.81
0.3161,0.60774,0.42524,0.59152,12.414,-0.0003745,0.98788,81.82
0.31768,0.60673,0.42505,0.59185,12.435,-0.002422,0.98897,81.83
0.31928,0.60573,0.42488,0.59214,12.457,-0.00461,0.99006,81.84
0.32084,0.60477,0.42467,0.59243,12.479,-0.0069396,0.99115,81.85
0.3208,0.6047,0.42461,0.59256,12.479,-0.0070288,0.99108,81.85
0.32236,0.60374,0.42436,0.59287,12.501,-0.0095093,0.99217,81.86
0.32381,0.60269,0.42416,0.59329,12.522,-0.012131,0.99325,81.87
0.3253,0.6017,0.42405,0.59357,12.544,-0.014892,0.99433,81.88
0.32673,0.6007,0.42389,0.5939,12.565,-0.017792,0.99541,81.89
0.32827,0.59968,0.42369,0.59423,12.587,-0.020832,0.99649,81.9
0.32848,0.59969,0.42363,0.59414,12.587,-0.02087,0.99642,81.9
0.33005,0.59867,0.42342,0.59445,12.608,-0.024052,0.9975,81.91
0.33155,0.59771,0.42319,0.59475,12.63,-0.027372,0.99857,81.92
0.33314,0.59672,0.42294,0.59503,12.651,-0.03083,0.99964,81.93
0.33462,0.59577,0.42269,0.59534,12.672,-0.034427,1.0007,81.94
0.33619,0.59475,0.42256,0.59556,12.693,-0.038161,1.0018,81.95
0.33613,0.59463,0.42262,0.59567,12.694,-0.038191,1.0017,81.95
0.33762,0.59353,0.42252,0.59599,12.715,-0.042063,1.0027,81.96
0.33918,0.5925,0.42233,0.59627,12.736,-0.046072,1.0038,81.97
0.34073,0.59158,0.42213,0.59644,12.757,-0.050217,1.0048,81.98
0.34228,0.5906,0.42186,0.59672,12.778,-0.054497,1.0059,81.99
0.34386,0.5896,0.42165,0.59695,12.799,-0.058911,1.0069,82
0.34376,0.58952,0.42157,0.59714,12.799,-0.05892,1.0069,82
0.34519,0.58854,0.42137,0.59742,12.82,-0.063482,1.0079,82.01
0.34672,0.58753,0.42117,0.59767,12.84,-0.068175,1.009,82.02
0.3482,0.58648,0.42102,0.59795,12.861,-0.073002,1.01,82.03
0.34967,0.5855,0.42082,0.59819,12.882,-0.07796,1.011,82.04
0.35124,0.58444,0.42061,0.59845,12.902,-0.08305,1.012,82.05
0.35136,0.58435,0.42048,0.59857,12.902,-0.083087,1.012,82.05
0.35288,0.58332,0.42035,0.59877,12.923,-0.088326,1.013,82.06
0.35433,0.58229,0.42019,0.59903,12.943,-0.093697,1.0141,82.07
0.35586,0.58124,0.41998,0.59929,12.963,-0.0992,1.0151,82.08
0.35732,0.58021,0.41972,0.59959,12.983,-0.10483,1.0161,82.09
0.35885,0.57915,0.41953,0.59984,13.004,-0.11059,1.0171,82.1
0.35892,0.57913,0.41935,0.59994,13.004,-0.11056,1.017,82.1
0.36047,0.57804,0.4191,0.60024,13.024,-0.11646,1.018,82.11
0.362,0.57697,0.41886,0.60051,13.044,-0.12248,1.019,82.12
0.36353,0.57595,0.41863,0.60073,13.064,-0.12863,1.02,82.13
0.36509,0.57486,0.41838,0.601,13.083,-0.13491,1.021,82.14
0.36654,0.57386,0.41816,0.60122,13.103,-0.14132,1.0219,82.15
0.36643,0.57387,0.4182,0.60126,13.103,-0.14131,1.0219,82.15
0.36796,0.57272,0.41801,0.60155,13.123,-0.14783,1.0228,82.16
0.36947,0.57162,0.41783,0.60179,13.142,-0.15448,1.0238,82.17
0.37105,0.57054,0.41759,0.60202,13.161,-0.16124,1.0248,82.18
0.37254,0.56952,0.41737,0.60222,13.181,-0.16814,1.0257,82.19
0.37413,0.56845,0.41708,0.60245,13.2,-0.17515,1.0267,82.2
0.37394,0.56855,0.417,0.60252,13.2,-0.17524,1.0266,82.2
0.37548,0.56747,0.41666,0.60282,13.219,-0.18238,1.0275,82.21
0.37688,0.56643,0.41646,0.60306,13.238,-0.18964,1.0285,82.22
0.37837,0.56529,0.41627,0.60332,13.257,-0.19703,1.0294,82.23
0.3799,0.56415,0.41612,0.60354,13.275,-0.20454,1.0303,82.24
0.38139,0.56312,0.41586,0.60374,13.294,-0.21217,1.0312,82.25
0.3814,0.56318,0.41575,0.60375,13.294,-0.21229,1.0312,82.25
0.38292,0.56216,0.41552,0.6039,13.312,-0.22005,1.0321,82.26
0.38438,0.56101,0.4153,0.60419,13.331,-0.22793,1.033,82.27
0.38587,0.55989,0.41503,0.60447,13.349,-0.23593,1.0339,82.28
0.38737,0.55879,0.41473,0.60473,13.367,-0.24404,1.0348,82.29
0.38889,0.55769,0.4145,0.60492,13.385,-0.25227,1.0357,82.3
0.38883,0.55776,0.41448,0.60491,13.385,-0.25236,1.0357,82.3
0.39032,0.55668,0.41429,0.60508,13.403,-0.2607,1.0365,82.31
0.39181,0.5556,0.41405,0.60528,13.421,-0.26916,1.0374,82.32
0.39326,0.55457,0.41369,0.60552,13.438,-0.27773,1.0383,82.33
0.39468,0.5535,0.4134,0.60577,13.456,-0.28641,1.0391,82.34
0.39617,0.55242,0.41312,0.60599,13.473,-0.2952,1.04,82.35
0.39624,0.5523,0.41317,0.60601,13.473,-0.29536,1.04,82.35
0.39778,0.55111,0.41295,0.60623,13.49,-0.30427,1.0408,82.36
0.39928,0.55004,0.4127,0.60639,13.507,-0.3133,1.0416,82.37
0.4007,0.54889,0.41249,0.60664,13.524,-0.32243,1.0424,82.38
0.4022,0.54782,0.41218,0.60682,13.541,-0.33168,1.0433,82.39
0.40366,0.54667,0.41186,0.60711,13.557,-0.34102,1.0441,82.4
0.4036,0.54678,0.41182,0.60707,13.558,-0.34114,1.044,82.4
0.4051,0.54569,0.41151,0.60727,13.574,-0.3506,1.0448,82.41
0.40651,0.54459,0.41119,0.60753,13.59,-0.36016,1.0456,82.42
0.40802,0.54344,0.41091,0.60774,13.606,-0.36983,1.0464,82.43
0.40947,0.54232,0.41064,0.60794,13.622,-0.37959,1.0472,82.44
0.41094,0.54127,0.41031,0.60811,13.638,-0.38946,1.048,82.45
0.41093,0.54122,0.41044,0.60808,13.639,-0.38965,1.048,82.45
0.41239,0.54009,0.41019,0.60826,13.654,-0.39964,1.0487,82.46
0.41386,0.53891,0.40994,0.60847,13.67,-0.40972,1.0495,82.47
0.41532,0.53776,0.40964,0.6087,13.685,-0.41991,1.0502,82.48
0.4168,0.53664,0.40933,0.60888,13.7,-0.4302,1.051,82.49
0.41829,0.53554,0.40904,0.60903,13.715,-0.44058,1.0517,82.5
0.41822,0.5356,0.40903,0.60903,13.716,-0.44072,1.0517,82.5
0.41967,0.53443,0.4088,0.60921,13.73,-0.45121,1.0524,82.51
0.42114,0.53338,0.40843,0.60937,13.745,-0.46179,1.0531,82.52
0.42263,0.53224,0.40811,0.60955,13.76,-0.47246,1.0538,82.53
0.42404,0.53112,0.40774,0.6098,13.774,-0.48323,1.0545,82.54
0.42543,0.53005,0.40748,0.60994,13.788,-0.49409,1.0552,82.55
0.42548,0.52995,0.40757,0.60993,13.789,-0.49426,1.0552,82.55
0.42692,0.52886,0.40719,0.61011,13.803,-0.50522,1.0559,82.56
0.42841,0.52767,0.40691,0.61029,13.817,-0.51627,1.0565,82.57
0.42987,0.52652,0.40667,0.61041,13.83,-0.52741,1.0572,82.58
0.43137,0.5254,0.40631,0.61057,13.844,-0.53864,1.0578,82.59
0.43275,0.5242,0.40601,0.61082,13.857,-0.54995,1.0585,82.6
0.43269,0.52424,0.40608,0.61077,13.858,-0.55008,1.0585,82.6
0.43412,0.52316,0.40569,0.61095,13.871,-0.56149,1.0591,82.61
0.43548,0.52198,0.40552,0.6111,13.884,-0.57299,1.0598,82.62
0.43687,0.52082,0.40513,0.61136,13.897,-0.58457,1.0604,82.63
0.43833,0.51976,0.40477,0.61146,13.909,-0.59623,1.061,82.64
0.43976,0.51867,0.40448,0.61155,13.922,-0.60796,1.0616,82.65
0.43988,0.51849,0.40455,0.61157,13.922,-0.60811,1.0615,82.65
0.44133,0.51733,0.4043,0.61168,13.934,-0.61993,1.0621,82.66
0.44279,0.51611,0.40396,0.61187,13.946,-0.63184,1.0627,82.67
0.44429,0.51493,0.40358,0.61203,13.958,-0.64382,1.0633,82.68
0.44562,0.51381,0.4032,0.61225,13.97,-0.65588,1.0639,82.69
0.44703,0.51269,0.40288,0.61237,13.982,-0.66801,1.0644,82.7
0.44701,0.5127,0.40299,0.6123,13.982,-0.66812,1.0643,82.7
0.4484,0.5116,0.40258,0.61249,13.993,-0.68033,1.0649,82.71
0.44982,0.51048,0.40227,0.61258,14.005,-0.69261,1.0654,82.72
0.4512,0.50933,0.40194,0.61274,14.016,-0.70496,1.0659,82.73
0.45264,0.50817,0.4016,0.61287,14.026,-0.71738,1.0665,82.74
0.45407,0.50702,0.40129,0.61295,14.037,-0.72987,1.067,82.75
0.45411,0.50686,0.4014,0.61299,14.037,-0.73,1.0669,82.75
0.45553,0.50568,0.40112,0.61309,14.048,-0.74257,1.0674,82.76
0.45699,0.50446,0.40086,0.61318,14.058,-0.7552,1.0679,82.77
0.4584,0.50324,0.40052,0.61336,14.068,-0.76789,1.0684,82.78
0.45984,0.50198,0.40014,0.61356,14.078,-0.78065,1.0688,82.79
0.46122,0.50083,0.3998,0.61368,14.087,-0.79347,1.0693,82.8
0.46117,0.50097,0.39977,0.61362,14.088,-0.79357,1.0692,82.8
0.46257,0.49975,0.39936,0.61383,14.097,-0.80645,1.0697,82.81
0.46401,0.49862,0.39898,0.61391,14.106,-0.81938,1.0701,82.82
0.46538,0.49742,0.3986,0.6141,14.115,-0.83238,1.0705,82.83
0.46682,0.49618,0.39822,0.61425,14.124,-0.84543,1.0709,82.84
0.46823,0.49505,0.3979,0.61429,14.133,-0.85853,1.0713,82.85
0.4682,0.49504,0.3981,0.6142,14.133,-0.85873,1.0713,82.85
0.46961,0.49384,0.39782,0.61427,14.142,-0.87191,1.0717,82.86
0.471,0.49259,0.39752,0.61441,14.15,-0.88513,1.0721,82.87
0.47232,0.49137,0.39726,0.61454,14.158,-0.89841,1.0724,82.88
0.47374,0.49018,0.39693,0.61461,14.166,-0.91174,1.0728,82.89
0.47513,0.48895,0.39659,0.61473,14.173,-0.92512,1.0731,82.9
0.47518,0.48906,0.39641,0.61473,14.174,-0.92524,1.0731,82.9
0.47663,0.48791,0.39598,0.61479,14.181,-0.93867,1.0734,82.91
0.47808,0.48667,0.39565,0.61486,14.188,-0.95215,1.0737,82.92
0.47948,0.48549,0.3953,0.61493,14.195,-0.96568,1.074,82.93
0.48086,0.48425,0.39492,0.61508,14.202,-0.97924,1.0744,82.94
0.48222,0.48308,0.39453,0.61518,14.209,-0.99285,1.0746,82.95
0.48211,0.48305,0.39466,0.6152,14.209,-0.99297,1.0746,82.95
0.48351,0.48184,0.39434,0.61527,14.215,-1.0066,1.0749,82.96
0.48495,0.48064,0.39396,0.61531,14.221,-1.0203,1.0752,82.97
0.4863,0.47946,0.39351,0.61545,14.227,-1.034,1.0754,82.98
0.48764,0.47831,0.39326,0.61545,14.233,-1.0478,1.0757,82.99
0.48905,0.47711,0.39288,0.61549,14.239,-1.0616,1.0759,83
0.48901,0.47699,0.3929,0.61561,14.239,-1.0618,1.0759,83
0.49043,0.47579,0.39261,0.6156,14.244,-1.0756,1.0761,83.01
0.49185,0.47457,0.39228,0.61562,14.249,-1.0895,1.0764,83.02
0.4932,0.47333,0.39199,0.61567,14.254,-1.1034,1.0766,83.03
0.49457,0.4721,0.39163,0.61575,14.259,-1.1173,1.0768,83.04
0.49597,0.47089,0.39125,0.61579,14.263,-1.1313,1.0769,83.05
0.49586,0.47089,0.3911,0.61598,14.264,-1.1314,1.0769,83.05
0.49717,0.46972,0.39073,0.61605,14.268,-1.1454,1.0771,83.06
0.49852,0.46855,0.39029,0.61613,14.272,-1.1594,1.0773,83.07
0.50001,0.46726,0.38988,0.61616,14.276,-1.1735,1.0774,83.08
0.50132,0.46604,0.38951,0.61625,14.279,-1.1876,1.0775,83.09
0.50273,0.46479,0.38915,0.61628,14.283,-1.2016,1.0777,83.1
0.50267,0.46474,0.38926,0.61629,14.283,-1.2018,1.0776,83.1
0.50405,0.46343,0.38896,0.61634,14.286,-1.2159,1.0777,83.11
0.50539,0.46215,0.38863,0.61641,14.289,-1.2301,1.0778,83.12
0.50676,0.46098,0.3882,0.61643,14.292,-1.2442,1.0779,83.13
0.50813,0.45968,0.38787,0.61649,14.294,-1.2584,1.078,83.14
0.50953,0.45844,0.38751,0.61648,14.297,-1.2726,1.0781,83.15
0.50944,0.45856,0.38739,0.61655,14.297,-1.2727,1.0781,83.15
0.51074,0.45736,0.38707,0.61656,14.299,-1.2869,1.0781,83.16
0.5121,0.45616,0.38671,0.61655,14.301,-1.3011,1.0782,83.17
0.51344,0.45488,0.38641,0.61657,14.302,-1.3154,1.0782,83.18
0.51477,0.45355,0.38603,0.61668,14.304,-1.3296,1.0783,83.19
0.51608,0.45235,0.38569,0.61668,14.305,-1.3438,1.0783,83.2
0.51616,0.45233,0.38548,0.61675,14.305,-1.344,1.0783,83.2
0.5175,0.45102,0.3851,0.61683,14.306,-1.3582,1.0783,83.21
0.5188,0.44977,0.38471,0.61689,14.307,-1.3725,1.0783,83.22
0.52012,0.44857,0.3843,0.6169,14.307,-1.3867,1.0782,83.23
0.52147,0.44729,0.38393,0.61693,14.308,-1.401,1.0782,83.24
0.5229,0.44609,0.38344,0.61689,14.308,-1.4153,1.0782,83.25
0.52284,0.44607,0.38354,0.6169,14.308,-1.4154,1.0782,83.25
0.52417,0.44482,0.38317,0.6169,14.308,-1.4296,1.0781,83.26
0.52555,0.44362,0.38275,0.61684,14.308,-1.4439,1.0781,83.27
0.52684,0.44239,0.38231,0.6169,14.307,-1.4582,1.078,83.28
0.52822,0.4411,0.38187,0.61693,14.306,-1.4724,1.0779,83.29
0.52952,0.43982,0.38153,0.61692,14.305,-1.4867,1.0779,83.3
0.52947,0.43975,0.38156,0.617,14.305,-1.4868,1.0778,83.3
0.53079,0.43844,0.38113,0.61707,14.304,-1.5011,1.0777,83.31
0.53213,0.43718,0.38076,0.61703,14.303,-1.5153,1.0776,83.32
0.53345,0.4359,0.38033,0.61706,14.301,-1.5296,1.0775,83.33
0.53475,0.43465,0.37996,0.61705,14.299,-1.5438,1.0774,83.34
0.53603,0.43334,0.37962,0.61707,14.297,-1.558,1.0772,83.35
0.53605,0.43341,0.37956,0.61704,14.297,-1.5581,1.0772,83.35
0.53734,0.43218,0.37911,0.61706,14.295,-1.5723,1.077,83.36
0.53872,0.43088,0.37863,0.61706,14.293,-1.5865,1.0769,83.37
0.53994,0.42969,0.37824,0.61707,14.29,-1.6006,1.0767,83.38
0.5412,0.42835,0.37788,0.61711,14.287,-1.6148,1.0765,83.39
0.5425,0.42705,0.37752,0.61709,14.284,-1.6289,1.0763,83.4
0.54258,0.42703,0.37752,0.61703,14.284,-1.629,1.0763,83.4
0.54389,0.42574,0.3771,0.61704,14.28,-1.6431,1.0761,83.41
0.54517,0.42453,0.3767,0.61697,14.277,-1.6572,1.0759,83.42
0.54647,0.42332,0.37625,0.61693,14.273,-1.6713,1.0757,83.43
0.54783,0.42204,0.37586,0.61684,14.269,-1.6853,1.0754,83.44
0.54913,0.42074,0.37551,0.61679,14.265,-1.6994,1.0752,83.45
0.54907,0.42062,0.37545,0.61696,14.265,-1.6994,1.0751,83.45
0.55037,0.41927,0.37502,0.61698,14.26,-1.7134,1.0749,83.46
0.55172,0.41799,0.37452,0.61695,14.256,-1.7273,1.0746,83.47
0.55297,0.41673,0.37414,0.6169,14.251,-1.7412,1.0743,83.48
0.55424,0.41548,0.37378,0.61684,14.246,-1.7551,1.074,83.49
0.5555,0.41411,0.37344,0.61683,14.24,-1.7689,1.0737,83.5
0.55551,0.41416,0.37334,0.61684,14.24,-1.7691,1.0737,83.5
0.55685,0.4129,0.37285,0.61678,14.235,-1.7829,1.0734,83.51
0.55813,0.41156,0.37245,0.61676,14.229,-1.7967,1.0731,83.52
0.55948,0.41018,0.37206,0.61669,14.223,-1.8104,1.0727,83.53
0.56082,0.40888,0.37159,0.61662,14.217,-1.8242,1.0724,83.54
0.56207,0.40758,0.37108,0.61665,14.211,-1.8378,1.072,83.55
0.5619,0.40767,0.37121,0.61667,14.211,-1.8379,1.072,83.55
0.56316,0.40635,0.37075,0.61667,14.204,-1.8515,1.0716,83.56
0.56444,0.40506,0.37038,0.61656,14.197,-1.8651,1.0713,83.57
0.56568,0.40381,0.36992,0.61653,14.19,-1.8786,1.0709,83.58
0.56696,0.40252,0.36954,0.61642,14.183,-1.8921,1.0705,83.59
0.56814,0.4013,0.369,0.61645,14.176,-1.9055,1.0701,83.6
0.56824,0.40114,0.36904,0.61644,14.176,-1.9057,1.07,83.6
0.56946,0.39982,0.36865,0.6164,14.168,-1.9191,1.0696,83.61
0.57072,0.39855,0.36828,0.61629,14.16,-1.9324,1.0692,83.62
0.572,0.39722,0.36781,0.61623,14.152,-1.9457,1.0687,83.63
0.57327,0.39594,0.36738,0.61613,14.144,-1.9589,1.0683,83.64
0.57446,0.39465,0.36689,0.61615,14.136,-1.9721,1.0678,83.65
0.57453,0.39457,0.36684,0.61616,14.136,-1.9722,1.0678,83.65
0.57577,0.39321,0.3664,0.61613,14.127,-1.9854,1.0673,83.66
0.57701,0.39182,0.366,0.61609,14.118,-1.9984,1.0669,83.67
0.5783,0.39044,0.36548,0.61608,14.109,-2.0114,1.0664,83.68
0.57955,0.38905,0.3651,0.61601,14.1,-2.0244,1.0659,83.69
0.58083,0.38772,0.36459,0.61594,14.09,-2.0373,1.0654,83.7
0.58077,0.38798,0.36461,0.61582,14.09,-2.0374,1.0653,83.7
0.58194,0.38666,0.36417,0.61581,14.081,-2.0502,1.0648,83.71
0.58318,0.38544,0.36369,0.61568,14.071,-2.063,1.0643,83.72
0.5844,0.38411,0.36323,0.61562,14.061,-2.0757,1.0637,83.73
0.58569,0.38273,0.36282,0.6155,14.051,-2.0883,1.0632,83.74
0.58689,0.38142,0.36235,0.61545,14.04,-2.1009,1.0626,83.75
0.58696,0.38135,0.36235,0.61544,14.04,-2.101,1.0626,83.75
0.58817,0.38009,0.36191,0.61531,14.03,-2.1135,1.062,83.76
0.58937,0.37879,0.36144,0.61525,14.019,-2.126,1.0614,83.77
0.59064,0.37748,0.36093,0.61512,14.008,-2.1383,1.0608,83.78
0.59188,0.37611,0.36044,0.61506,13.997,-2.1506,1.0602,83.79
0.59315,0.37474,0.35996,0.61496,13.985,-2.1628,1.0596,83.8
0.5931,0.37469,0.36005,0.61499,13.985,-2.163,1.0596,83.8
0.59426,0.37344,0.35954,0.61492,13.974,-2.1751,1.059,83.81
0.5955,0.37208,0.35912,0.61479,13.962,-2.1872,1.0584,83.82
0.59674,0.37074,0.35861,0.6147,13.95,-2.1992,1.0578,83.83
0.59798,0.36938,0.3582,0.61455,13.938,-2.2111,1.0571,83.84
0.59918,0.36801,0.35779,0.61444,13.926,-2.2229,1.0565,83.85
0.59918,0.36799,0.35772,0.61449,13.925,-2.223,1.0565,83.85
0.60039,0.36664,0.35727,0.61438,13.913,-2.2348,1.0558,83.86
0.60155,0.36529,0.35679,0.61433,13.9,-2.2464,1.0552,83.87
0.60271,0.36395,0.35633,0.61426,13.888,-2.258,1.0545,83.88
0.60396,0.36254,0.35591,0.6141,13.875,-2.2695,1.0538,83.89
0.60512,0.36117,0.35552,0.614,13.861,-2.2809,1.0531,83.9
0.60522,0.36125,0.35536,0.61394,13.861,-2.2811,1.053,83.9
0.60644,0.35994,0.35487,0.61379,13.848,-2.2924,1.0523,83.91
0.60762,0.35866,0.35441,0.61364,13.834,-2.3037,1.0516,83.92
0.60882,0.35735,0.35398,0.61346,13.821,-2.3148,1.0509,83.93
0.61008,0.35591,0.35337,0.6134,13.807,-2.3259,1.0501,83.94
0.61122,0.3546,0.35289,0.6133,13.793,-2.3368,1.0494,83.95
0.6112,0.35449,0.35298,0.61334,13.793,-2.3369,1.0494,83.95
0.61231,0.3532,0.35251,0.61324,13.779,-2.3478,1.0487,83.96
0.61353,0.35185,0.35199,0.6131,13.764,-2.3586,1.0479,83.97
0.61471,0.35051,0.35149,0.61297,13.75,-2.3693,1.0471,83.98
0.61592,0.34919,0.35093,0.61283,13.735,-2.3799,1.0464,83.99
0.61706,0.34786,0.35046,0.61271,13.72,-2.3904,1.0456,84
0.61712,0.3477,0.35055,0.61268,13.72,-2.3906,1.0456,84
0.61824,0.34631,0.35015,0.61257,13.705,-2.401,1.0448,84.01
0.61943,0.34489,0.34966,0.61245,13.69,-2.4113,1.044,84.02
0.62066,0.34367,0.34907,0.61223,13.674,-2.4215,1.0432,84.03
0.62187,0.34232,0.34857,0.61204,13.659,-2.4316,1.0424,84.04
0.62302,0.34097,0.34803,0.61193,13.643,-2.4416,1.0416,84.05
0.62299,0.34087,0.34811,0.61197,13.643,-2.4417,1.0416,84.05
0.62421,0.33949,0.34755,0.61181,13.627,-2.4516,1.0408,84.06
0.62535,0.33814,0.34711,0.61165,13.611,-2.4614,1.0399,84.07
0.62649,0.3368,0.34656,0.61153,13.595,-2.4711,1.0391,84.08
0.62773,0.33547,0.34599,0.61132,13.579,-2.4807,1.0383,84.09
0.62887,0.33404,0.34557,0.61116,13.563,-2.4902,1.0374,84.1
0.62881,0.33401,0.34563,0.61121,13.562,-2.4902,1.0374,84.1
0.62996,0.33268,0.34509,0.61105,13.546,-2.4996,1.0365,84.11
0.63114,0.33123,0.34459,0.61091,13.529,-2.5089,1.0357,84.12
0.63231,0.32981,0.34404,0.61077,13.512,-2.5181,1.0348,84.13
0.63349,0.32834,0.34358,0.6106,13.495,-2.5271,1.0339,84.14
0.63461,0.32701,0.3431,0.61043,13.478,-2.536,1.033,84.15
0.63457,0.32713,0.34312,0.61039,13.478,-2.5361,1.033,84.15
0.63568,0.32568,0.34272,0.61022,13.461,-2.5449,1.0321,84.16
0.63678,0.32427,0.3423,0.61008,13.443,-2.5536,1.0312,84.17
0.63788,0.32287,0.34182,0.60994,13.426,-2.5622,1.0303,84.18
0.63897,0.32141,0.34138,0.60982,13.408,-2.5707,1.0294,84.19
0.64014,0.32006,0.34088,0.60957,13.391,-2.5791,1.0284,84.2
0.64028,0.32021,0.34058,0.60952,13.39,-2.5792,1.0284,84.2
0.64143,0.31884,0.33999,0.60936,13.372,-2.5874,1.0275,84.21
0.64262,0.31746,0.33945,0.60912,13.354,-2.5956,1.0266,84.22
0.64376,0.31619,0.33886,0.60891,13.336,-2.6036,1.0256,84.23
0.64487,0.3148,0.33831,0.60877,13.318,-2.6115,1.0247,84.24
0.64603,0.3134,0.33776,0.60856,13.3,-2.6193,1.0237,84.25
0.64593,0.31327,0.33801,0.60859,13.299,-2.6193,1.0237,84.25
0.64699,0.31187,0.33753,0.60845,13.281,-2.627,1.0228,84.26
0.6481,0.31045,0.3371,0.60823,13.262,-2.6345,1.0218,84.27
0.64921,0.309,0.33661,0.60806,13.244,-2.6419,1.0208,84.28
0.65036,0.30765,0.3361,0.6078,13.225,-2.6492,1.0199,84.29
0.65145,0.30629,0.33557,0.60761,13.206,-2.6564,1.0189,84.3
0.65152,0.3063,0.33542,0.60761,13.205,-2.6564,1.0189,84.3
0.65261,0.30493,0.33497,0.60738,13.186,-2.6635,1.0179,84.31
0.65374,0.30354,0.33443,0.60716,13.167,-2.6704,1.0169,84.32
0.65486,0.30213,0.33395,0.60692,13.148,-2.6772,1.0159,84.33
0.656,0.3007,0.33343,0.60669,13.129,-2.6839,1.0149,84.34
0.65706,0.29933,0.33293,0.6065,13.109,-2.6904,1.0139,84.35
0.65706,0.2993,0.33279,0.60658,13.109,-2.6904,1.0139,84.35
0.65815,0.29801,0.33224,0.60634,13.089,-2.6969,1.0129,84.36
0.65925,0.29664,0.33163,0.60614,13.07,-2.7032,1.0119,84.37
0.66036,0.29521,0.33112,0.60592,13.05,-2.7093,1.0109,84.38
0.66147,0.29385,0.33059,0.60565,13.03,-2.7153,1.0098,84.39
0.6626,0.29241,0.33005,0.60541,13.01,-2.7212,1.0088,84.4
0.66254,0.29229,0.33014,0.60549,13.01,-2.7213,1.0088,84.4
0.66364,0.29088,0.3296,0.60525,12.99,-2.7271,1.0078,84.41
0.6648,0.28954,0.32899,0.60496,12.969,-2.7327,1.0067,84.42
0.66587,0.28809,0.3284,0.60479,12.949,-2.7382,1.0057,84.43
0.66696,0.28667,0.32789,0.60455,12.929,-2.7436,1.0047,84.44
0.66803,0.28516,0.32736,0.60436,12.909,-2.7488,1.0036,84.45
0.66796,0.28524,0.32746,0.60435,12.908,-2.7488,1.0036,84.45
0.66905,0.28379,0.32687,0.60414,12.888,-2.7539,1.0025,84.46
0.6702,0.28238,0.32634,0.60382,12.867,-2.7589,1.0015,84.47
0.67122,0.28097,0.32583,0.60363,12.847,-2.7638,1.0004,84.48
0.67229,0.27957,0.32528,0.60337,12.826,-2.7685,0.99938,84.49
0.67341,0.27808,0.32476,0.60309,12.805,-2.773,0.99832,84.5
0.67332,0.27816,0.32474,0.60316,12.805,-2.7731,0.99834,84.5
0.67442,0.2768,0.32421,0.60285,12.784,-2.7775,0.99727,84.51
0.67541,0.27533,0.32361,0.60274,12.763,-2.7818,0.99621,84.52
0.67651,0.2739,0.32309,0.60243,12.742,-2.786,0.99514,84.53
0.67757,0.27245,0.32248,0.60223,12.721,-2.79,0.99407,84.54
0.67861,0.27102,0.32191,0.602,12.7,-2.7939,0.99299,84.55
0.67863,0.27107,0.322,0.60192,12.7,-2.7939,0.993,84.55
0.67972,0.26964,0.32148,0.6016,12.678,-2.7977,0.99192,84.56
0.68079,0.26822,0.32084,0.60137,12.657,-2.8013,0.99085,84.57
0.68189,0.26684,0.32026,0.60104,12.636,-2.8048,0.98977,84.58
0.68296,0.26546,0.31963,0.60078,12.615,-2.8082,0.98868,84.59
0.68388,0.26407,0.3191,0.60063,12.593,-2.8114,0.9876,84.6
0.68387,0.26395,0.31923,0.60063,12.593,-2.8113,0.98761,84.6
0.68487,0.26253,0.31877,0.60034,12.572,-2.8144,0.98652,84.61
0.68591,0.26107,0.31827,0.60006,12.55,-2.8174,0.98544,84.62
0.68695,0.25972,0.31774,0.59974,12.529,-2.8202,0.98435,84.63
0.688,0.25828,0.31713,0.59948,12.507,-2.8228,0.98326,84.64
0.68901,0.2569,0.31659,0.5992,12.485,-2.8253,0.98216,84.65
0.68905,0.2568,0.31644,0.59928,12.485,-2.8253,0.98217,84.65
0.69002,0.25534,0.31593,0.59905,12.464,-2.8277,0.98108,84.66
0.69108,0.25385,0.31536,0.59876,12.442,-2.8299,0.97998,84.67
0.69207,0.25244,0.31477,0.59852,12.42,-2.832,0.97888,84.68
0.69313,0.25105,0.31419,0.59819,12.398,-2.834,0.97778,84.69
0.69418,0.24964,0.3137,0.59782,12.377,-2.8358,0.97668,84.7
0.69417,0.24964,0.31362,0.59787,12.376,-2.8357,0.97671,84.7
0.69523,0.24822,0.31302,0.59754,12.355,-2.8373,0.97561,84.71
0.69624,0.24675,0.31254,0.59723,12.333,-2.8389,0.9745,84.72
0.69728,0.24531,0.31196,0.59691,12.311,-2.8402,0.9734,84.73
0.69836,0.24387,0.31133,0.59657,12.289,-2.8415,0.97229,84.74
0.69938,0.2425,0.31068,0.59627,12.267,-2.8426,0.97118,84.75
0.69923,0.24246,0.31077,0.59641,12.267,-2.8425,0.97122,84.75
0.70025,0.24095,0.31021,0.59612,12.245,-2.8435,0.97011,84.76
0.70125,0.23953,0.30964,0.59581,12.223,-2.8443,0.969,84.77
0.70232,0.23808,0.30907,0.59543,12.201,-2.8449,0.96789,84.78
0.70323,0.23661,0.30847,0.59526,12.179,-2.8454,0.96678,84.79
0.70427,0.23517,0.30791,0.59489,12.157,-2.8458,0.96567,84.8
0.70424,0.23525,0.30789,0.59491,12.157,-2.8458,0.9657,84.8
0.7052,0.2338,0.30731,0.59463,12.135,-2.8461,0.96459,84.81
0.70618,0.23232,0.30674,0.59434,12.113,-2.8462,0.96348,84.82
0.70724,0.23092,0.30619,0.59392,12.091,-2.8461,0.96237,84.83
0.70826,0.22952,0.30554,0.59358,12.069,-2.8459,0.96126,84.84
0.70924,0.22809,0.30495,0.59326,12.047,-2.8456,0.96015,84.85
0.70917,0.22802,0.30499,0.59335,12.047,-2.8456,0.96021,84.85
0.71022,0.22665,0.3045,0.59287,12.025,-2.8451,0.9591,84.86
0.71123,0.22517,0.30389,0.59253,12.003,-2.8445,0.95799,84.87
0.71222,0.22369,0.30339,0.59216,11.981,-2.8437,0.95689,84.88
0.71321,0.22223,0.30282,0.59182,11.959,-2.8428,0.95578,84.89
0.71421,0.22081,0.30221,0.59145,11.938,-2.8417,0.95468,84.9
0.71405,0.22078,0.30206,0.59173,11.937,-2.8417,0.95472,84.9
0.71503,0.21931,0.30145,0.59141,11.915,-2.8405,0.95362,84.91
0.71606,0.21784,0.30083,0.59101,11.893,-2.8392,0.95252,84.92
0.71707,0.21631,0.30021,0.59068,11.872,-2.8377,0.95142,84.93
0.71805,0.21483,0.29959,0.59033,11.85,-2.8361,0.95032,84.94
0.71901,0.21342,0.299,0.58998,11.828,-2.8343,0.94922,84.95
0.71887,0.2135,0.29911,0.59007,11.828,-2.8343,0.94927,84.95
0.71983,0.2121,0.29847,0.58972,11.806,-2.8324,0.94817,84.96
0.72076,0.21064,0.29789,0.5894,11.784,-2.8304,0.94707,84.97
0.7217,0.20917,0.29735,0.58905,11.763,-2.8282,0.94598,84.98
0.72265,0.20772,0.29677,0.58869,11.741,-2.8259,0.94489,84.99
0.72362,0.20623,0.2961,0.58836,11.719,-2.8234,0.9438,85
0.72362,0.20622,0.29612,0.58835,11.719,-2.8234,0.94385,85
0.72452,0.20481,0.29557,0.58801,11.697,-2.8208,0.94276,85.01
0.72545,0.20344,0.29501,0.58763,11.676,-2.8181,0.94168,85.02
0.72637,0.20199,0.29452,0.58723,11.654,-2.8152,0.9406,85.03
0.72726,0.20055,0.29393,0.58693,11.633,-2.8122,0.93952,85.04
0.72819,0.19905,0.29331,0.58659,11.612,-2.809,0.93844,85.05
0.72831,0.19892,0.29312,0.58658,11.611,-2.809,0.93852,85.05
0.72926,0.19749,0.29248,0.58621,11.59,-2.8057,0.93744,85.06
0.7302,0.19606,0.29185,0.58583,11.569,-2.8023,0.93637,85.07
0.73109,0.19463,0.29123,0.5855,11.547,-2.7987,0.93531,85.08
0.73199,0.19317,0.29062,0.58516,11.526,-2.795,0.93424,85.09
0.73286,0.19175,0.29004,0.58483,11.505,-2.7911,0.93318,85.1
0.73293,0.1916,0.29008,0.58477,11.505,-2.7912,0.93322,85.1
0.73383,0.19021,0.28954,0.58437,11.484,-2.7872,0.93216,85.11
0.73473,0.18875,0.28898,0.58398,11.463,-2.783,0.93111,85.12
0.73563,0.18731,0.28828,0.58366,11.442,-2.7788,0.93006,85.13
0.7365,0.1858,0.28768,0.58334,11.421,-2.7744,0.92901,85.14
0.7374,0.18442,0.28704,0.58296,11.4,-2.7698,0.92797,85.15
0.73749,0.18425,0.28703,0.5829,11.4,-2.7698,0.92802,85.15
0.73842,0.18276,0.28645,0.58248,11.379,-2.7652,0.92699,85.16
0.7393,0.18123,0.28586,0.58213,11.358,-2.7604,0.92595,85.17
0.74019,0.17972,0.28529,0.58175,11.338,-2.7554,0.92492,85.18
0.7411,0.17827,0.28467,0.58134,11.317,-2.7504,0.92389,85.19
0.74199,0.17681,0.28404,0.58096,11.297,-2.7451,0.92287,85.2
0.74199,0.1769,0.28394,0.58098,11.297,-2.7451,0.92292,85.2
0.74288,0.17544,0.28333,0.58058,11.276,-2.7398,0.92191,85.21
0.74374,0.17401,0.2827,0.58021,11.256,-2.7343,0.92089,85.22
0.74461,0.17251,0.28213,0.57982,11.236,-2.7287,0.91988,85.23
0.7455,0.17112,0.28156,0.57938,11.216,-2.723,0.91888,85.24
0.74638,0.16959,0.28095,0.57899,11.196,-2.7172,0.91788,85.25
0.74642,0.16954,0.28084,0.579,11.195,-2.7171,0.91793,85.25
0.74736,0.16802,0.28024,0.57852,11.175,-2.7111,0.91694,85.26
0.74821,0.16654,0.27959,0.57817,11.156,-2.705,0.91595,85.27
0.74906,0.16508,0.27891,0.57781,11.136,-2.6988,0.91497,85.28
0.74995,0.16354,0.27828,0.57741,11.116,-2.6924,0.91399,85.29
0.75087,0.16203,0.27768,0.57692,11.097,-2.6859,0.91301,85.3
0.75079,0.16216,0.27771,0.57698,11.096,-2.6858,0.91304,85.3
0.75164,0.16066,0.27714,0.57656,11.077,-2.6792,0.91208,85.31
0.75248,0.15917,0.27656,0.57615,11.058,-2.6724,0.91112,85.32
0.75335,0.15762,0.27593,0.57575,11.038,-2.6655,0.91016,85.33
0.75417,0.15618,0.27533,0.57535,11.019,-2.6585,0.90921,85.34
0.75504,0.15473,0.27466,0.57493,11,-2.6513,0.90826,85.35
0.75509,0.15476,0.27455,0.5749,11,-2.6514,0.90827,85.35
0.7559,0.15326,0.27394,0.57452,10.981,-2.6441,0.90733,85.36
0.75677,0.15182,0.27327,0.57409,10.962,-2.6367,0.9064,85.37
0.75763,0.15031,0.27261,0.57366,10.944,-2.6292,0.90548,85.38
0.7585,0.14885,0.27198,0.57319,10.925,-2.6216,0.90456,85.39
0.75938,0.14739,0.27132,0.57271,10.907,-2.6138,0.90365,85.4
0.75932,0.14734,0.27137,0.57278,10.906,-2.6138,0.90364,85.4
0.76018,0.1459,0.27075,0.57231,10.888,-2.6059,0.90274,85.41
0.761,0.14428,0.27017,0.5719,10.87,-2.5979,0.90184,85.42
0.76185,0.14286,0.26956,0.57142,10.852,-2.5898,0.90096,85.43
0.76266,0.14136,0.26894,0.57099,10.834,-2.5816,0.90007,85.44
0.76347,0.13991,0.26833,0.57055,10.816,-2.5733,0.8992,85.45
0.76349,0.13993,0.26816,0.5706,10.816,-2.5732,0.89917,85.45
0.76433,0.13839,0.26745,0.57019,10.798,-2.5648,0.8983,85.46
0.76512,0.13702,0.26677,0.56979,10.781,-2.5562,0.89744,85.47
0.76594,0.13549,0.26622,0.56931,10.763,-2.5475,0.89658,85.48
0.76672,0.13391,0.2656,0.56891,10.746,-2.5387,0.89573,85.49
0.76749,0.13245,0.26493,0.56853,10.729,-2.5298,0.89489,85.5
0.76759,0.13249,0.26494,0.56838,10.728,-2.5298,0.89484,85.5
0.76841,0.13098,0.26425,0.56794,10.711,-2.5207,0.894,85.51
0.7692,0.12944,0.26355,0.56756,10.695,-2.5116,0.89317,85.52
0.77,0.12803,0.26288,0.5671,10.678,-2.5024,0.89235,85.53
0.77082,0.12652,0.26222,0.56663,10.661,-2.493,0.89153,85.54
0.77167,0.12503,0.26154,0.56611,10.645,-2.4836,0.89072,85.55
0.77163,0.12505,0.26169,0.5661,10.644,-2.4835,0.8907,85.55
0.77242,0.12351,0.26104,0.56566,10.628,-2.4739,0.8899,85.56
0.77327,0.12202,0.26043,0.5651,10.612,-2.4643,0.88911,85.57
0.77411,0.12048,0.25985,0.56455,10.596,-2.4545,0.88833,85.58
0.77488,0.11908,0.2592,0.56408,10.58,-2.4446,0.88756,85.59
0.77568,0.11768,0.25854,0.56358,10.564,-2.4346,0.88679,85.6
0.77559,0.1176,0.25842,0.56378,10.564,-2.4346,0.88675,85.6
0.77638,0.1161,0.25776,0.56331,10.549,-2.4245,0.886,85.61
0.77713,0.11461,0.25713,0.56286,10.533,-2.4143,0.88525,85.62
0.77786,0.11314,0.25644,0.56247,10.518,-2.404,0.88451,85.63
0.77868,0.11169,0.25578,0.56192,10.503,-2.3936,0.88378,85.64
0.77942,0.11023,0.25515,0.56148,10.488,-2.3832,0.88306,85.65
0.77949,0.11013,0.25513,0.56141,10.488,-2.3831,0.88301,85.65
0.78029,0.10864,0.25447,0.56089,10.473,-2.3725,0.8823,85.66
0.78109,0.10707,0.25378,0.56039,10.458,-2.3619,0.8816,85.67
0.78179,0.10558,0.25316,0.55997,10.444,-2.3511,0.8809,85.68
0.78252,0.10415,0.2524,0.55957,10.43,-2.3403,0.88022,85.69
0.7833,0.1026,0.25172,0.55907,10.416,-2.3293,0.87954,85.7
0.78332,0.10265,0.25181,0.55898,10.415,-2.3292,0.87948,85.7
0.78402,0.10116,0.25124,0.55853,10.401,-2.3182,0.87881,85.71
0.78479,0.09972,0.25065,0.55797,10.388,-2.307,0.87815,85.72
0.78558,0.098203,0.25003,0.55741,10.374,-2.2958,0.8775,85.73
0.78635,0.096736,0.24923,0.55694,10.361,-2.2845,0.87685,85.74
0.7871,0.095175,0.2485,0.55648,10.347,-2.2731,0.87622,85.75
0.78709,0.095174,0.24847,0.55651,10.347,-2.273,0.87618,85.75
0.78783,0.093661,0.24781,0.556,10.334,-2.2616,0.87556,85.76
0.78858,0.092205,0.2471,0.5555,10.321,-2.25,0.87494,85.77
0.78931,0.090754,0.24643,0.55501,10.309,-2.2383,0.87433,85.78
0.79004,0.08935,0.24572,0.55451,10.296,-2.2266,0.87374,85.79
0.79078,0.087767,0.24509,0.55397,10.284,-2.2148,0.87315,85.8
0.79078,0.087679,0.24511,0.55399,10.283,-2.2147,0.87312,85.8
0.79148,0.086272,0.24441,0.55352,10.271,-2.2028,0.87254,85.81
0.79217,0.08482,0.24377,0.55304,10.259,-2.1908,0.87197,85.82
0.79289,0.083301,0.24312,0.55252,10.247,-2.1788,0.87141,85.83
0.79355,0.08179,0.24258,0.55203,10.236,-2.1667,0.87086,85.84
0.79432,0.080312,0.24187,0.55146,10.224,-2.1545,0.87032,85.85
0.79441,0.080186,0.24172,0.55142,10.224,-2.1544,0.8703,85.85
0.79513,0.078713,0.24105,0.55088,10.213,-2.1421,0.86976,85.86
0.79589,0.077178,0.24035,0.55031,10.202,-2.1298,0.86924,85.87
0.79665,0.075668,0.23962,0.54974,10.191,-2.1174,0.86872,85.88
0.79736,0.074171,0.23895,0.5492,10.18,-2.1049,0.86822,85.89
0.79807,0.072653,0.23827,0.54866,10.17,-2.0923,0.86772,85.9
0.79796,0.07268,0.23832,0.5488,10.17,-2.0922,0.86773,85.9
0.79865,0.071119,0.23764,0.5483,10.159,-2.0796,0.86724,85.91
0.79938,0.069641,0.23696,0.54772,10.149,-2.0669,0.86676,85.92
0.80008,0.068147,0.23621,0.54721,10.139,-2.0542,0.86629,85.93
0.80082,0.0666,0.23539,0.54666,10.13,-2.0414,0.86583,85.94
0.80154,0.065117,0.23465,0.5461,10.12,-2.0285,0.86538,85.95
0.80145,0.065166,0.23489,0.54613,10.12,-2.0283,0.86539,85.95
0.8021,0.063601,0.23425,0.54563,10.111,-2.0154,0.86495,85.96
0.8028,0.062116,0.23353,0.54509,10.102,-2.0024,0.86452,85.97
0.80345,0.060607,0.23291,0.54456,10.093,-1.9894,0.8641,85.98
0.8041,0.059071,0.23221,0.54407,10.084,-1.9763,0.8637,85.99
0.80479,0.057571,0.23153,0.5435,10.076,-1.9631,0.8633,86
0.80486,0.057656,0.23145,0.54342,10.075,-1.963,0.86332,86
0.80555,0.056113,0.23074,0.54286,10.067,-1.9498,0.86294,86.01
0.80622,0.054636,0.23005,0.54232,10.059,-1.9365,0.86256,86.02
0.8069,0.053056,0.22935,0.54174,10.051,-1.9231,0.86219,86.03
0.80757,0.051595,0.22871,0.54117,10.043,-1.9098,0.86184,86.04
0.80827,0.05003,0.22798,0.54057,10.036,-1.8963,0.86149,86.05
0.80821,0.050139,0.22798,0.54065,10.036,-1.8963,0.86151,86.05
0.80888,0.048597,0.22724,0.5401,10.028,-1.8828,0.86118,86.06
0.80955,0.047162,0.22655,0.53952,10.021,-1.8692,0.86086,86.07
0.8102,0.045654,0.22586,0.53896,10.015,-1.8557,0.86054,86.08
0.81086,0.044027,0.22522,0.53838,10.008,-1.842,0.86024,86.09
0.81156,0.042404,0.22442,0.53778,10.001,-1.8284,0.85995,86.1
0.81148,0.042616,0.22449,0.53785,10.001,-1.8283,0.85994,86.1
0.81214,0.041133,0.22382,0.53726,9.995,-1.8146,0.85966,86.11
0.81274,0.039569,0.22311,0.53675,9.989,-1.8009,0.85939,86.12
0.81342,0.038031,0.22247,0.5361,9.9832,-1.7871,0.85914,86.13
0.81405,0.036535,0.2218,0.53553,9.9776,-1.7732,0.85889,86.14
0.81468,0.034936,0.22112,0.53496,9.9723,-1.7594,0.85866,86.15
0.81469,0.035084,0.22098,0.53498,9.9721,-1.7594,0.85866,86.15
0.81538,0.033668,0.22027,0.53433,9.9669,-1.7455,0.85843,86.16
0.81602,0.032149,0.21966,0.5337,9.962,-1.7316,0.85822,86.17
0.81663,0.030691,0.21893,0.53315,9.9572,-1.7176,0.85802,86.18
0.81727,0.029092,0.21824,0.53254,9.9527,-1.7036,0.85783,86.19
0.81785,0.027558,0.21755,0.53202,9.9484,-1.6896,0.85765,86.2
0.81783,0.027554,0.21746,0.53208,9.9483,-1.6896,0.85764,86.2
0.81843,0.026058,0.21676,0.53151,9.9442,-1.6756,0.85747,86.21
0.81903,0.024489,0.21615,0.53092,9.9403,-1.6615,0.85732,86.22
0.81965,0.023056,0.21544,0.5303,9.9366,-1.6474,0.85717,86.23
0.82027,0.021531,0.21469,0.52972,9.9332,-1.6333,0.85704,86.24
0.82089,0.019979,0.21405,0.52908,9.93,-1.6192,0.85691,86.25
0.82089,0.020025,0.21392,0.52913,9.9298,-1.6191,0.85691,86.25
0.82146,0.018555,0.2133,0.52856,9.9268,-1.605,0.8568,86.26
0.82208,0.016992,0.21253,0.52794,9.924,-1.5908,0.8567,86.27
0.82265,0.015435,0.21181,0.52739,9.9215,-1.5766,0.85661,86.28
0.82322,0.013936,0.2112,0.52679,9.9191,-1.5624,0.85653,86.29
0.82383,0.0124,0.2105,0.52616,9.917,-1.5482,0.85647,86.3
0.82388,0.012488,0.21035,0.52614,9.9169,-1.5482,0.85647,86.3
0.82444,0.010958,0.2096,0.52559,9.9149,-1.534,0.85641,86.31
0.82504,0.0094741,0.20887,0.52496,9.9132,-1.5197,0.85636,86.32
0.82558,0.0079116,0.20819,0.52441,9.9117,-1.5054,0.85633,86.33
0.82619,0.0064812,0.20749,0.52376,9.9105,-1.4912,0.8563,86.34
0.82678,0.0049197,0.20679,0.52311,9.9094,-1.4769,0.85629,86.35
0.8268,0.0049526,0.20677,0.52309,9.9094,-1.4769,0.85629,86.35
0.82738,0.0034141,0.20604,0.52248,9.9085,-1.4627,0.85629,86.36
0.82795,0.001861,0.20532,0.52187,9.9079,-1.4484,0.8563,86.37
0.8285,0.00039809,0.20459,0.52128,9.9075,-1.4341,0.85632,86.38
0.82905,-0.0011982,0.20387,0.52068,9.9073,-1.4198,0.85635,86.39
0.82963,-0.0026432,0.20309,0.52006,9.9074,-1.4055,0.8564,86.4
0.82965,-0.0025835,0.20316,0.52,9.9073,-1.4055,0.85641,86.4
0.83015,-0.0041357,0.20254,0.51943,9.9076,-1.3912,0.85646,86.41
0.83068,-0.0056349,0.2018,0.51886,9.9081,-1.3769,0.85653,86.42
0.83124,-0.0070897,0.20117,0.5182,9.9088,-1.3627,0.8566,86.43
0.8318,-0.0085194,0.2004,0.51756,9.9097,-1.3484,0.85669,86.44
0.83242,-0.0099815,0.19963,0.51684,9.9109,-1.3341,0.85679,86.45
0.83242,-0.010125,0.19954,0.51688,9.9108,-1.3341,0.85676,86.45
0.83292,-0.011634,0.19885,0.5163,9.9122,-1.3199,0.85687,86.46
0.83346,-0.013193,0.19806,0.51569,9.9138,-1.3056,0.85698,86.47
0.83399,-0.014721,0.19736,0.51507,9.9156,-1.2914,0.85711,86.48
0.8345,-0.016256,0.1966,0.51448,9.9176,-1.2772,0.85725,86.49
0.83502,-0.017824,0.19593,0.51384,9.9198,-1.2629,0.85741,86.5
0.83512,-0.017657,0.19589,0.5137,9.9198,-1.2629,0.85742,86.5
0.83564,-0.019159,0.19514,0.51309,9.9222,-1.2487,0.85759,86.51
0.83607,-0.020672,0.19441,0.5126,9.9249,-1.2345,0.85776,86.52
0.8366,-0.022147,0.1936,0.51199,9.9278,-1.2204,0.85795,86.53
0.83707,-0.023745,0.19291,0.5114,9.9309,-1.2062,0.85815,86.54
0.8376,-0.025185,0.19214,0.51077,9.9342,-1.1921,0.85836,86.55
0.83775,-0.025188,0.19224,0.51048,9.9342,-1.1922,0.85835,86.55
0.83824,-0.026626,0.19154,0.50985,9.9378,-1.1781,0.85857,86.56
0.83873,-0.028109,0.1908,0.50925,9.9415,-1.164,0.8588,86.57
0.83933,-0.02953,0.18999,0.50849,9.9455,-1.1499,0.85905,86.58
0.83981,-0.03106,0.18925,0.50788,9.9497,-1.1359,0.8593,86.59
0.84032,-0.032695,0.18842,0.50723,9.9541,-1.1219,0.85957,86.6
0.8403,-0.032719,0.18857,0.50721,9.9541,-1.1219,0.85954,86.6
0.84079,-0.034181,0.18787,0.50656,9.9587,-1.1079,0.85982,86.61
0.84124,-0.035707,0.18706,0.50602,9.9635,-1.094,0.8601,86.62
0.84177,-0.037211,0.18624,0.50533,9.9686,-1.0801,0.8604,86.63
0.84226,-0.038779,0.18549,0.50467,9.9738,-1.0662,0.86071,86.64
0.84274,-0.040252,0.18474,0.50403,9.9793,-1.0523,0.86102,86.65
0.84279,-0.040245,0.18488,0.50389,9.9794,-1.0523,0.86097,86.65
0.84328,-0.0417,0.18414,0.50322,9.985,-1.0385,0.8613,86.66
0.84378,-0.043188,0.18347,0.5025,9.9909,-1.0248,0.86163,86.67
0.84421,-0.044702,0.18272,0.50192,9.997,-1.011,0.86198,86.68
0.84467,-0.046164,0.18197,0.50128,10.003,-0.99734,0.86234,86.69
0.84517,-0.047602,0.18133,0.50054,10.01,-0.98369,0.86271,86.7
0.8452,-0.047769,0.18117,0.50054,10.01,-0.98373,0.86269,86.7
0.84569,-0.049222,0.18039,0.49984,10.017,-0.97012,0.86307,86.71
0.84618,-0.050662,0.1796,0.49916,10.024,-0.95657,0.86346,86.72
0.84662,-0.052188,0.17886,0.49852,10.031,-0.94306,0.86386,86.73
0.84708,-0.053811,0.17813,0.49782,10.038,-0.9296,0.86427,86.74
0.84756,-0.055242,0.17731,0.49714,10.046,-0.91619,0.8647,86.75
0.84753,-0.055291,0.17745,0.49714,10.046,-0.91616,0.86466,86.75
0.84796,-0.056848,0.17664,0.49652,10.054,-0.90279,0.86509,86.76
0.8484,-0.058343,0.1758,0.49589,10.061,-0.88947,0.86554,86.77
0.84884,-0.059754,0.17512,0.49521,10.07,-0.87621,0.86599,86.78
0.84932,-0.061329,0.17432,0.49448,10.078,-0.863,0.86646,86.79
0.84977,-0.062788,0.17355,0.4938,10.087,-0.84985,0.86693,86.8
0.84979,-0.062801,0.1737,0.49369,10.087,-0.84984,0.86687,86.8
0.85027,-0.064282,0.17297,0.49295,10.095,-0.83673,0.86735,86.81
0.85072,-0.065783,0.17232,0.49219,10.104,-0.82369,0.86785,86.82
0.85118,-0.067348,0.17144,0.49149,10.114,-0.81071,0.86835,86.83
0.85165,-0.068852,0.17069,0.49074,10.123,-0.79779,0.86886,86.84
0.85205,-0.070297,0.16995,0.4901,10.133,-0.78493,0.86939,86.85
0.85198,-0.07031,0.16995,0.49021,10.133,-0.78493,0.86933,86.85
0.85237,-0.07187,0.16928,0.48953,10.143,-0.77213,0.86986,86.86
0.85283,-0.073398,0.16857,0.48876,10.152,-0.7594,0.87041,86.87
0.85321,-0.074914,0.16773,0.48814,10.163,-0.74674,0.87096,86.88
0.85363,-0.076415,0.16696,0.48744,10.173,-0.73414,0.87152,86.89
0.85407,-0.07796,0.16627,0.48667,10.184,-0.72162,0.8721,86.9
0.85409,-0.077815,0.16618,0.48668,10.184,-0.72159,0.87205,86.9
0.85449,-0.079246,0.16548,0.48598,10.194,-0.70913,0.87263,86.91
0.8549,-0.080764,0.16479,0.48525,10.205,-0.69674,0.87322,86.92
0.8553,-0.082269,0.16403,0.48455,10.216,-0.68442,0.87382,86.93
0.85572,-0.083818,0.16324,0.4838,10.228,-0.67218,0.87443,86.94
0.85611,-0.085221,0.16249,0.48312,10.239,-0.66002,0.87505,86.95
0.85613,-0.085311,0.16239,0.48311,10.239,-0.66001,0.87502,86.95
0.85653,-0.086778,0.16161,0.4824,10.251,-0.64791,0.87565,86.96
0.85692,-0.088236,0.16086,0.48169,10.263,-0.63589,0.87629,86.97
0.85732,-0.089778,0.16004,0.48096,10.275,-0.62396,0.87693,86.98
0.85771,-0.091308,0.15926,0.48024,10.287,-0.6121,0.87759,86.99
0.85811,-0.092726,0.15851,0.4795,10.3,-0.60033,0.87826,87
0.85809,-0.092796,0.15859,0.47949,10.3,-0.60029,0.87823,87
0.8585,-0.094262,0.15777,0.47874,10.312,-0.58859,0.8789,87.01
0.85888,-0.095809,0.1571,0.47798,10.325,-0.57697,0.87958,87.02
0.8593,-0.097309,0.1563,0.47719,10.338,-0.56543,0.88028,87.03
0.85972,-0.098791,0.15542,0.47641,10.351,-0.55399,0.88097,87.04
0.86005,-0.10036,0.15473,0.47572,10.365,-0.54263,0.88168,87.05
0.85998,-0.10028,0.15478,0.47584,10.365,-0.54261,0.88166,87.05
0.86035,-0.10175,0.15402,0.4751,10.378,-0.53133,0.88238,87.06
0.86072,-0.10324,0.1533,0.47434,10.392,-0.52013,0.8831,87.07
0.86108,-0.10465,0.15254,0.47362,10.406,-0.50904,0.88383,87.08
0.86145,-0.10606,0.15173,0.47289,10.42,-0.49803,0.88457,87.09
0.86185,-0.10754,0.15097,0.47208,10.434,-0.48712,0.88531,87.1
0.86179,-0.10775,0.15094,0.47214,10.434,-0.4871,0.88534,87.1
0.86216,-0.10925,0.15019,0.47137,10.448,-0.47628,0.88609,87.11
0.86254,-0.11076,0.14941,0.47056,10.463,-0.46557,0.88686,87.12
0.86291,-0.11233,0.14863,0.46977,10.478,-0.45495,0.88763,87.13
0.86324,-0.11391,0.14787,0.46901,10.492,-0.44443,0.88841,87.14
0.86359,-0.11542,0.14711,0.46824,10.507,-0.434,0.88919,87.15
0.86353,-0.11521,0.1471,0.4684,10.508,-0.4339,0.88921,87.15
0.86385,-0.11668,0.14632,0.46769,10.523,-0.42357,0.89,87.16
0.8642,-0.11818,0.14548,0.46694,10.538,-0.41334,0.8908,87.17
0.8645,-0.11969,0.14465,0.46626,10.553,-0.40321,0.89161,87.18
0.86482,-0.12122,0.14393,0.4655,10.569,-0.39318,0.89242,87.19
0.86514,-0.12274,0.14318,0.46473,10.585,-0.38325,0.89325,87.2
0.86519,-0.12267,0.14324,0.46462,10.585,-0.38319,0.89327,87.2
0.86548,-0.12415,0.14242,0.46394,10.601,-0.37336,0.89411,87.21
0.8658,-0.12563,0.14167,0.46318,10.617,-0.36364,0.89495,87.22
0.86614,-0.12713,0.1409,0.46237,10.633,-0.35403,0.89579,87.23
0.86649,-0.12869,0.14016,0.46151,10.65,-0.34453,0.89665,87.24
0.86678,-0.13008,0.13945,0.46078,10.666,-0.33513,0.89751,87.25
0.86678,-0.1301,0.13938,0.46081,10.666,-0.33506,0.8975,87.25
0.86709,-0.13161,0.1385,0.46006,10.683,-0.32575,0.89836,87.26
0.86739,-0.13316,0.1377,0.45928,10.7,-0.31655,0.89924,87.27
0.86767,-0.13469,0.1368,0.45857,10.717,-0.30747,0.90012,87.28
0.86799,-0.1362,0.13598,0.45778,10.734,-0.29849,0.90101,87.29
0.86832,-0.13772,0.13518,0.45692,10.751,-0.28963,0.9019,87.3
0.86829,-0.13753,0.1355,0.45695,10.751,-0.28965,0.90192,87.3
0.8686,-0.13903,0.13479,0.45611,10.768,-0.28089,0.90282,87.31
0.86887,-0.14053,0.13398,0.45537,10.786,-0.27225,0.90373,87.32
0.86914,-0.14202,0.13322,0.45461,10.804,-0.26372,0.90464,87.33
0.86948,-0.1435,0.1324,0.45374,10.821,-0.2553,0.90556,87.34
0.86976,-0.14503,0.13164,0.45295,10.839,-0.247,0.90649,87.35
0.86972,-0.14495,0.1316,0.45305,10.839,-0.24705,0.90649,87.35
0.86999,-0.14639,0.13082,0.45229,10.857,-0.23886,0.90742,87.36
0.87029,-0.14792,0.13003,0.45146,10.876,-0.2308,0.90836,87.37
0.87058,-0.14937,0.12935,0.4506,10.894,-0.22286,0.90931,87.38
0.87088,-0.15081,0.12852,0.44979,10.912,-0.21504,0.91026,87.39
0.87116,-0.15224,0.12778,0.44898,10.931,-0.20734,0.91121,87.4
0.87108,-0.15235,0.1277,0.44911,10.931,-0.20739,0.91123,87.4
0.87135,-0.1538,0.12688,0.44833,10.949,-0.1998,0.91219,87.41
0.87163,-0.15521,0.12604,0.44754,10.968,-0.19235,0.91316,87.42
0.87187,-0.15678,0.12527,0.44673,10.987,-0.18502,0.91413,87.43
0.87214,-0.15832,0.12451,0.44588,11.006,-0.17781,0.91511,87.44
0.8724,-0.15976,0.12366,0.44508,11.025,-0.17072,0.91609,87.45
0.87236,-0.15975,0.12378,0.44513,11.025,-0.17075,0.91611,87.45
0.87261,-0.16123,0.12295,0.44435,11.044,-0.16379,0.9171,87.46
0.87287,-0.16277,0.1222,0.44348,11.064,-0.15694,0.91809,87.47
0.87315,-0.1642,0.12136,0.44263,11.083,-0.15023,0.91909,87.48
0.87343,-0.16565,0.12064,0.44173,11.102,-0.14364,0.92009,87.49
0.87368,-0.1671,0.11982,0.44092,11.122,-0.13719,0.9211,87.5
0.87357,-0.16712,0.11985,0.44111,11.122,-0.13725,0.9211,87.5
0.87377,-0.16863,0.11913,0.44034,11.142,-0.13092,0.92211,87.51
0.874,-0.17004,0.11838,0.43955,11.162,-0.12471,0.92313,87.52
0.87425,-0.1714,0.11756,0.43874,11.182,-0.11863,0.92414,87.53
0.87449,-0.17285,0.11676,0.4379,11.202,-0.11269,0.92517,87.54
0.87471,-0.17433,0.11593,0.43709,11.222,-0.10687,0.92619,87.55
0.8747,-0.17449,0.11591,0.43706,11.222,-0.10697,0.92623,87.55
0.87493,-0.17587,0.11509,0.43625,11.242,-0.1013,0.92726,87.56
0.87518,-0.17728,0.11432,0.43538,11.262,-0.095751,0.9283,87.57
0.87537,-0.17878,0.11348,0.4346,11.282,-0.090341,0.92934,87.58
0.8756,-0.18022,0.11264,0.43376,11.303,-0.085064,0.93039,87.59
0.87578,-0.18175,0.11184,0.43297,11.323,-0.079919,0.93143,87.6
0.87575,-0.18183,0.11196,0.43296,11.324,-0.079972,0.93144,87.6
0.87599,-0.18325,0.11116,0.43209,11.344,-0.074953,0.93249,87.61
0.8762,-0.18474,0.1103,0.43124,11.365,-0.07007,0.93354,87.62
0.87639,-0.1863,0.10949,0.43039,11.385,-0.065322,0.9346,87.63
0.87661,-0.18767,0.10875,0.42954,11.406,-0.06071,0.93566,87.64
0.8768,-0.18913,0.10797,0.4287,11.427,-0.056234,0.93673,87.65
0.87673,-0.18917,0.108,0.42883,11.427,-0.056285,0.93673,87.65
0.87698,-0.19054,0.10732,0.42787,11.448,-0.051936,0.9378,87.66
0.87718,-0.19211,0.1065,0.42698,11.469,-0.047723,0.93887,87.67
0.87733,-0.19359,0.10571,0.4262,11.49,-0.043647,0.93994,87.68
0.87748,-0.19505,0.10491,0.42541,11.511,-0.039708,0.94102,87.69
0.87766,-0.19648,0.10414,0.42457,11.532,-0.035906,0.9421,87.7
0.87763,-0.19649,0.10403,0.42467,11.533,-0.036022,0.94215,87.7
0.87782,-0.19794,0.10314,0.4238,11.554,-0.032371,0.94323,87.71
0.87798,-0.19949,0.10234,0.42294,11.575,-0.028857,0.94431,87.72
0.87815,-0.20096,0.10157,0.42208,11.596,-0.025483,0.9454,87.73
0.87833,-0.2024,0.10068,0.42123,11.618,-0.022248,0.94649,87.74
0.87844,-0.20386,0.099954,0.42047,11.639,-0.019152,0.94757,87.75
0.87845,-0.20379,0.10005,0.42046,11.64,-0.019199,0.94758,87.75
0.87863,-0.20535,0.099165,0.41954,11.661,-0.016242,0.94867,87.76
0.87881,-0.20677,0.098355,0.41865,11.682,-0.013425,0.94977,87.77
0.87896,-0.20821,0.097593,0.41778,11.704,-0.01075,0.95086,87.78
0.8791,-0.20975,0.096809,0.4169,11.726,-0.0082151,0.95196,87.79
0.87921,-0.21117,0.096065,0.41614,11.747,-0.005821,0.95306,87.8
0.8792,-0.21107,0.096068,0.41621,11.748,-0.0058593,0.95303,87.8
0.87931,-0.2126,0.095235,0.41539,11.769,-0.0035946,0.95413,87.81
0.87942,-0.21414,0.094478,0.41453,11.791,-0.0014699,0.95523,87.82
0.87957,-0.21557,0.09376,0.41364,11.813,0.00051305,0.95633,87.83
0.87975,-0.21701,0.092956,0.41269,11.834,0.0023533,0.95744,87.84
0.87991,-0.2184,0.092142,0.41179,11.856,0.0040507,0.95854,87.85
0.87986,-0.21833,0.092074,0.41194,11.856,0.0039866,0.95852,87.85
0.87998,-0.21979,0.091227,0.4111,11.878,0.0055459,0.95962,87.86
0.88014,-0.22119,0.090319,0.41021,11.9,0.0069637,0.96073,87.87
0.88026,-0.22262,0.089514,0.40935,11.922,0.0082398,0.96184,87.88
0.88039,-0.22403,0.088645,0.40849,11.944,0.0093736,0.96295,87.89
0.8805,-0.22552,0.087874,0.4076,11.966,0.010364,0.96406,87.9
0.88045,-0.22558,0.088065,0.40763,11.966,0.010259,0.96402,87.9
0.88056,-0.22698,0.087293,0.4068,11.988,0.011101,0.96513,87.91
0.88065,-0.22841,0.0866,0.40593,12.01,0.011801,0.96624,87.92
0.88077,-0.22988,0.085768,0.40503,12.032,0.012357,0.96735,87.93
0.8809,-0.23134,0.084979,0.40408,12.054,0.012769,0.96846,87.94
0.88097,-0.23286,0.084111,0.40322,12.075,0.013039,0.96956,87.95
0.88097,-0.23281,0.084056,0.40327,12.076,0.012968,0.96951,87.95
0.88106,-0.23426,0.083273,0.4024,12.098,0.013094,0.97061,87.96
0.88116,-0.23566,0.082425,0.40152,12.12,0.013077,0.97172,87.97
0.88129,-0.23708,0.08171,0.40057,12.142,0.012919,0.97283,87.98
0.88135,-0.23852,0.08095,0.39973,12.164,0.012618,0.97394,87.99
0.88142,-0.2401,0.080116,0.3988,12.185,0.012175,0.97505,88
0.88141,-0.24001,0.08003,0.39889,12.186,0.01214,0.97497,88
0.88148,-0.24149,0.079184,0.39801,12.208,0.01156,0.97608,88.01
0.88153,-0.24299,0.078408,0.39713,12.23,0.010837,0.97718,88.02
0.8816,-0.2445,0.077624,0.39621,12.251,0.0099724,0.97829,88.03
0.88162,-0.24599,0.076845,0.39538,12.273,0.0089656,0.9794,88.04
0.88167,-0.2475,0.076044,0.39447,12.295,0.0078178,0.9805,88.05
0.88176,-0.2472,0.076004,0.39447,12.296,0.0077167,0.98043,88.05
0.88179,-0.24868,0.075215,0.39363,12.317,0.0064157,0.98153,88.06
0.88185,-0.25003,0.07435,0.39281,12.339,0.0049729,0.98263,88.07
0.88193,-0.25147,0.073527,0.39187,12.361,0.0033882,0.98374,88.08
0.88198,-0.2528,0.072778,0.39103,12.383,0.0016618,0.98484,88.09
0.88201,-0.25425,0.072056,0.39016,12.404,-0.0002057,0.98594,88.1
0.88204,-0.25437,0.071969,0.39002,12.405,-0.00026254,0.98585,88.1
0.88208,-0.25583,0.071243,0.3891,12.427,-0.0022744,0.98695,88.11
0.88208,-0.25735,0.070433,0.38826,12.448,-0.0044254,0.98804,88.12
0.88211,-0.25878,0.069559,0.3874,12.47,-0.006716,0.98914,88.13
0.88216,-0.2602,0.068748,0.38649,12.492,-0.0091467,0.99023,88.14
0.88217,-0.26163,0.067996,0.38563,12.513,-0.011718,0.99132,88.15
0.88225,-0.26151,0.067934,0.38553,12.513,-0.011762,0.99124,88.15
0.88229,-0.26288,0.067083,0.38466,12.535,-0.014477,0.99233,88.16
0.88236,-0.26421,0.066297,0.38371,12.556,-0.017331,0.99341,88.17
0.88238,-0.26561,0.065515,0.38284,12.578,-0.020326,0.9945,88.18
0.8824,-0.26702,0.064758,0.38194,12.599,-0.02346,0.99558,88.19
0.88241,-0.26845,0.063944,0.38105,12.621,-0.026733,0.99665,88.2
0.88237,-0.26863,0.063888,0.38102,12.621,-0.026763,0.99653,88.2
0.88237,-0.27007,0.063149,0.38012,12.642,-0.030175,0.9976,88.21
0.88234,-0.27156,0.062319,0.37928,12.663,-0.033725,0.99867,88.22
0.88235,-0.27301,0.061572,0.37834,12.685,-0.037413,0.99973,88.23
0.88238,-0.27441,0.060754,0.37739,12.706,-0.041239,1.0008,88.24
0.88236,-0.27588,0.059911,0.37649,12.727,-0.045203,1.0019,88.25
0.88243,-0.27572,0.059833,0.37646,12.727,-0.045257,1.0018,88.25
0.88239,-0.2772,0.059003,0.37559,12.748,-0.049363,1.0028,88.26
0.88243,-0.27857,0.058192,0.3746,12.769,-0.053604,1.0039,88.27
0.88242,-0.28007,0.057396,0.37364,12.79,-0.057981,1.0049,88.28
0.88245,-0.2815,0.05654,0.37261,12.811,-0.062492,1.006,88.29
0.88247,-0.28287,0.05577,0.37164,12.831,-0.06714,1.007,88.3
0.8824,-0.28279,0.05578,0.37187,12.832,-0.067151,1.0069,88.3
0.8824,-0.28425,0.05497,0.37087,12.852,-0.071927,1.008,88.31
0.88241,-0.28566,0.054161,0.3699,12.873,-0.076835,1.009,88.32
0.88239,-0.28709,0.053338,0.36895,12.894,-0.081876,1.01,88.33
0.88235,-0.28849,0.05248,0.36807,12.914,-0.087049,1.011,88.34
0.88235,-0.28984,0.051677,0.36713,12.934,-0.092354,1.0121,88.35
0.88229,-0.28985,0.051713,0.36725,12.935,-0.092424,1.012,88.35
0.88222,-0.29122,0.050933,0.36646,12.955,-0.097883,1.013,88.36
0.88214,-0.29264,0.050196,0.3656,12.975,-0.10347,1.014,88.37
0.88213,-0.294,0.049275,0.36467,12.995,-0.10919,1.015,88.38
0.88207,-0.29541,0.048462,0.36379,13.015,-0.11504,1.016,88.39
0.88199,-0.29688,0.047683,0.36287,13.035,-0.12102,1.017,88.4
0.88211,-0.29687,0.047648,0.3626,13.035,-0.12104,1.017,88.4
0.88205,-0.29827,0.046892,0.36169,13.055,-0.12716,1.018,88.41
0.88205,-0.29966,0.046057,0.36064,13.075,-0.1334,1.019,88.42
0.88199,-0.30108,0.045278,0.35973,13.095,-0.13977,1.0199,88.43
0.88193,-0.30252,0.044413,0.35876,13.114,-0.14626,1.0209,88.44
0.8819,-0.30391,0.043515,0.35778,13.134,-0.15288,1.0219,88.45
0.88185,-0.30386,0.043583,0.35792,13.134,-0.15288,1.0218,88.45
0.88179,-0.30528,0.042837,0.35696,13.153,-0.15961,1.0227,88.46
0.88169,-0.30669,0.04202,0.35608,13.173,-0.16647,1.0237,88.47
0.88166,-0.30805,0.041261,0.35507,13.192,-0.17345,1.0246,88.48
0.88162,-0.30947,0.040357,0.35405,13.211,-0.18055,1.0256,88.49
0.8815,-0.31086,0.039552,0.35321,13.23,-0.18777,1.0265,88.5
0.88151,-0.31083,0.039506,0.35321,13.23,-0.18788,1.0265,88.5
0.88145,-0.31225,0.038687,0.35221,13.249,-0.19524,1.0274,88.51
0.88137,-0.31357,0.037926,0.35132,13.267,-0.20272,1.0283,88.52
0.88122,-0.31501,0.037113,0.35048,13.286,-0.21031,1.0293,88.53
0.88116,-0.31634,0.036239,0.34952,13.304,-0.21803,1.0302,88.54
0.88108,-0.31767,0.035462,0.34861,13.323,-0.22586,1.0311,88.55
0.8811,-0.31779,0.035424,0.34846,13.323,-0.22597,1.031,88.55
0.88103,-0.31919,0.03458,0.34743,13.341,-0.23393,1.0319,88.56
0.8809,-0.32062,0.033764,0.34651,13.359,-0.24201,1.0328,88.57
0.8808,-0.32198,0.032975,0.34558,13.377,-0.25021,1.0337,88.58
0.88067,-0.32338,0.032251,0.34467,13.395,-0.25851,1.0346,88.59
0.8806,-0.32474,0.031444,0.34367,13.413,-0.26693,1.0354,88.6
0.88061,-0.32469,0.031355,0.34368,13.413,-0.26703,1.0354,88.6
0.88052,-0.32612,0.030597,0.34264,13.431,-0.27556,1.0362,88.61
0.8804,-0.32746,0.029802,0.34172,13.448,-0.28421,1.0371,88.62
0.88027,-0.3289,0.028943,0.34076,13.465,-0.29297,1.0379,88.63
0.88015,-0.33022,0.02811,0.33984,13.482,-0.30183,1.0388,88.64
0.88003,-0.33158,0.027306,0.33891,13.499,-0.31081,1.0396,88.65
0.88004,-0.3316,0.027265,0.33887,13.5,-0.31098,1.0396,88.65
0.87995,-0.3329,0.026549,0.33787,13.517,-0.32009,1.0404,88.66
0.87984,-0.33431,0.025704,0.33685,13.533,-0.3293,1.0412,88.67
0.87971,-0.33563,0.024865,0.33592,13.55,-0.33862,1.042,88.68
0.87957,-0.337,0.02391,0.335,13.567,-0.34805,1.0428,88.69
0.87944,-0.33841,0.023145,0.33397,13.583,-0.35758,1.0436,88.7
0.87939,-0.33845,0.023172,0.33404,13.583,-0.35771,1.0436,88.7
0.87928,-0.33977,0.022366,0.33306,13.599,-0.36735,1.0444,88.71
0.87912,-0.34115,0.021601,0.33212,13.615,-0.37709,1.0451,88.72
0.87897,-0.34254,0.020723,0.33114,13.631,-0.38693,1.0459,88.73
0.87883,-0.3439,0.019922,0.33016,13.647,-0.39687,1.0467,88.74
0.87872,-0.34526,0.019008,0.32908,13.662,-0.40691,1.0474,88.75
0.87867,-0.34528,0.019092,0.32917,13.663,-0.40708,1.0474,88.75
0.87855,-0.34655,0.018444,0.32818,13.678,-0.41723,1.0481,88.76
0.87837,-0.34794,0.017621,0.32726,13.693,-0.42748,1.0489,88.77
0.8782,-0.34936,0.016774,0.32622,13.709,-0.43783,1.0496,88.78
0.8781,-0.35061,0.015941,0.32519,13.723,-0.44827,1.0503,88.79
0.87794,-0.35197,0.015157,0.3242,13.738,-0.45881,1.0511,88.8
0.87787,-0.35208,0.015001,0.32428,13.738,-0.45897,1.051,88.8
0.87772,-0.35341,0.01421,0.32328,13.753,-0.46961,1.0517,88.81
0.87749,-0.35488,0.013359,0.32232,13.768,-0.48034,1.0524,88.82
0.87731,-0.35625,0.012455,0.32133,13.782,-0.49117,1.0531,88.83
0.87714,-0.35754,0.011613,0.32039,13.796,-0.50209,1.0538,88.84
0.87694,-0.35895,0.010768,0.31939,13.81,-0.51309,1.0545,88.85
0.87699,-0.35885,0.010915,0.31936,13.81,-0.51325,1.0544,88.85
0.87679,-0.36019,0.010105,0.31845,13.824,-0.52435,1.0551,88.86
0.87661,-0.36145,0.0093703,0.31752,13.838,-0.53554,1.0557,88.87
0.87644,-0.36272,0.0085457,0.31657,13.851,-0.54681,1.0564,88.88
0.87625,-0.3641,0.007772,0.31552,13.864,-0.55817,1.057,88.89
0.87607,-0.36548,0.0068918,0.31446,13.877,-0.56961,1.0577,88.9
0.87604,-0.3656,0.0068212,0.31441,13.878,-0.56982,1.0576,88.9
0.87582,-0.36702,0.0060562,0.31338,13.89,-0.58136,1.0582,88.91
0.87564,-0.3684,0.0051958,0.31228,13.903,-0.59299,1.0589,88.92
0.87546,-0.36974,0.0043919,0.31119,13.916,-0.60469,1.0595,88.93
0.87528,-0.37102,0.0035986,0.31019,13.928,-0.61648,1.0601,88.94
0.87504,-0.37238,0.0027559,0.30924,13.94,-0.62834,1.0606,88.95
0.875,-0.37231,0.0027314,0.30943,13.941,-0.62848,1.0606,88.95
0.87481,-0.37362,0.0018991,0.3084,13.953,-0.64044,1.0612,88.96
0.87463,-0.37491,0.0011049,0.30735,13.964,-0.65247,1.0617,88.97
0.87433,-0.37636,0.00033856,0.30642,13.976,-0.66458,1.0623,88.98
0.8741,-0.37772,-0.00050508,0.3054,13.987,-0.67676,1.0628,88.99
0.87386,-0.37906,-0.0013795,0.30444,13.999,-0.68901,1.0634,89
0.8739,-0.37898,-0.0013604,0.30443,13.999,-0.68912,1.0633,89
0.87366,-0.38031,-0.0021837,0.30345,14.01,-0.70146,1.0638,89.01
0.87341,-0.38165,-0.0030258,0.30246,14.021,-0.71386,1.0643,89.02
0.87318,-0.38299,-0.0039215,0.30143,14.032,-0.72633,1.0648,89.03
0.87288,-0.38443,-0.0045976,0.30045,14.042,-0.73886,1.0653,89.04
0.87265,-0.38573,-0.0054175,0.29943,14.052,-0.75146,1.0658,89.05
0.87271,-0.38563,-0.0054494,0.29939,14.053,-0.7516,1.0658,89.05
0.87249,-0.38692,-0.006255,0.29835,14.063,-0.76428,1.0663,89.06
0.87221,-0.38836,-0.0070216,0.29726,14.073,-0.77703,1.0667,89.07
0.87195,-0.38972,-0.0078639,0.29623,14.082,-0.78983,1.0672,89.08
0.8717,-0.39103,-0.0086998,0.29523,14.092,-0.8027,1.0676,89.09
0.87149,-0.39222,-0.009506,0.29422,14.101,-0.81562,1.0681,89.1
0.87145,-0.39223,-0.0095446,0.29433,14.101,-0.81571,1.068,89.1
0.87123,-0.39351,-0.010364,0.29326,14.111,-0.82869,1.0684,89.11
0.87098,-0.3948,-0.011191,0.29224,14.119,-0.84172,1.0688,89.12
0.87071,-0.39612,-0.012017,0.29124,14.128,-0.85481,1.0692,89.13
0.8704,-0.39752,-0.012785,0.2902,14.137,-0.86794,1.0696,89.14
0.87012,-0.39886,-0.013649,0.28917,14.145,-0.88113,1.07,89.15
0.87011,-0.39881,-0.013621,0.28925,14.145,-0.8813,1.0699,89.15
0.8699,-0.40005,-0.014437,0.28815,14.153,-0.89455,1.0703,89.16
0.86963,-0.40138,-0.015149,0.28707,14.161,-0.90786,1.0707,89.17
0.86934,-0.40269,-0.015904,0.28607,14.169,-0.92121,1.071,89.18
0.86913,-0.40392,-0.016697,0.28493,14.177,-0.93461,1.0714,89.19
0.86883,-0.40523,-0.017467,0.28392,14.184,-0.94805,1.0717,89.2
0.8687,-0.40535,-0.017714,0.28414,14.184,-0.94823,1.0716,89.2
0.86846,-0.40658,-0.018599,0.28306,14.191,-0.96173,1.0719,89.21
0.86817,-0.40787,-0.019359,0.28203,14.198,-0.97528,1.0722,89.22
0.86795,-0.40903,-0.020237,0.28098,14.205,-0.98886,1.0725,89.23
0.86764,-0.41031,-0.02111,0.28002,14.211,-1.0025,1.0728,89.24
0.86731,-0.41163,-0.021954,0.27903,14.217,-1.0162,1.0731,89.25
0.86721,-0.41186,-0.021798,0.279,14.218,-1.0163,1.073,89.25
0.86688,-0.41314,-0.022593,0.27807,14.224,-1.03,1.0733,89.26
0.86659,-0.41448,-0.023499,0.27693,14.229,-1.0438,1.0736,89.27
0.86626,-0.41574,-0.024376,0.27597,14.235,-1.0576,1.0738,89.28
0.86592,-0.41703,-0.025186,0.27503,14.24,-1.0714,1.074,89.29
0.86555,-0.41837,-0.025966,0.27406,14.246,-1.0853,1.0743,89.3
0.86565,-0.41833,-0.025883,0.27384,14.246,-1.0854,1.0742,89.3
0.86534,-0.41956,-0.026709,0.27283,14.251,-1.0993,1.0744,89.31
0.86499,-0.42092,-0.027494,0.27177,14.256,-1.1133,1.0746,89.32
0.86468,-0.42218,-0.028202,0.27074,14.26,-1.1272,1.0748,89.33
0.86436,-0.42343,-0.029009,0.26971,14.264,-1.1412,1.075,89.34
0.86402,-0.42472,-0.029732,0.26869,14.269,-1.1552,1.0751,89.35
0.864,-0.42477,-0.029963,0.26866,14.269,-1.1554,1.0751,89.35
0.86365,-0.42609,-0.030727,0.26761,14.273,-1.1694,1.0752,89.36
0.86326,-0.42747,-0.031618,0.26656,14.276,-1.1835,1.0754,89.37
0.86295,-0.42868,-0.032397,0.2655,14.28,-1.1976,1.0755,89.38
0.86259,-0.42999,-0.0332,0.26449,14.283,-1.2117,1.0756,89.39
0.86224,-0.43126,-0.033974,0.26344,14.286,-1.2258,1.0757,89.4
0.86228,-0.43116,-0.034039,0.26345,14.286,-1.2259,1.0757,89.4
0.86194,-0.43244,-0.034841,0.26237,14.289,-1.2401,1.0758,89.41
0.86156,-0.43371,-0.035675,0.26141,14.292,-1.2543,1.0759,89.42
0.86116,-0.43507,-0.036486,0.26036,14.294,-1.2684,1.076,89.43
0.8608,-0.43633,-0.037271,0.25932,14.296,-1.2826,1.0761,89.44
0.86043,-0.43761,-0.038057,0.25828,14.298,-1.2969,1.0761,89.45
0.86049,-0.43751,-0.03811,0.25823,14.298,-1.297,1.0761,89.45
0.8601,-0.43879,-0.038925,0.25724,14.3,-1.3112,1.0761,89.46
0.85974,-0.44002,-0.039751,0.25621,14.301,-1.3254,1.0762,89.47
0.8594,-0.44128,-0.040607,0.25507,14.303,-1.3397,1.0762,89.48
0.85903,-0.4425,-0.041392,0.25406,14.304,-1.3539,1.0762,89.49
0.85871,-0.44366,-0.042241,0.25298,14.305,-1.3682,1.0762,89.5
0.85863,-0.44383,-0.042177,0.25297,14.305,-1.3683,1.0762,89.5
0.85825,-0.44508,-0.042936,0.25192,14.305,-1.3825,1.0762,89.51
0.85779,-0.44644,-0.043781,0.25093,14.306,-1.3968,1.0761,89.52
0.85741,-0.44769,-0.044646,0.24985,14.306,-1.4111,1.0761,89.53
0.85707,-0.44886,-0.045484,0.24877,14.306,-1.4253,1.0761,89.54
0.8567,-0.45008,-0.046222,0.24769,14.306,-1.4396,1.076,89.55
0.85668,-0.45012,-0.046242,0.24769,14.306,-1.4397,1.0761,89.55
0.85627,-0.4514,-0.047051,0.24663,14.305,-1.454,1.076,89.56
0.85587,-0.45266,-0.047869,0.24553,14.305,-1.4683,1.0759,89.57
0.85546,-0.45396,-0.048676,0.24441,14.304,-1.4826,1.0758,89.58
0.85508,-0.4552,-0.0494,0.24331,14.303,-1.4968,1.0757,89.59
0.85464,-0.45654,-0.050235,0.24216,14.301,-1.5111,1.0756,89.6
0.85466,-0.45636,-0.050313,0.2424,14.301,-1.5111,1.0756,89.6
0.85425,-0.45762,-0.051097,0.24131,14.3,-1.5253,1.0755,89.61
0.85377,-0.45895,-0.05189,0.2403,14.298,-1.5396,1.0754,89.62
0.8533,-0.46025,-0.052727,0.23931,14.296,-1.5538,1.0752,89.63
0.85289,-0.46148,-0.053471,0.23823,14.294,-1.568,1.0751,89.64
0.85248,-0.46275,-0.054224,0.23707,14.292,-1.5822,1.0749,89.65
0.85257,-0.46257,-0.05436,0.23708,14.292,-1.5823,1.0749,89.65
0.85217,-0.46378,-0.055045,0.23596,14.289,-1.5965,1.0747,89.66
0.85175,-0.46503,-0.055889,0.23484,14.286,-1.6106,1.0745,89.67
0.85128,-0.46632,-0.056717,0.23378,14.283,-1.6248,1.0743,89.68
0.85086,-0.46751,-0.057512,0.23274,14.28,-1.6389,1.0741,89.69
0.8504,-0.46879,-0.058303,0.23166,14.276,-1.653,1.0739,89.7
0.8504,-0.46873,-0.058415,0.23174,14.276,-1.653,1.0739,89.7
0.84994,-0.46999,-0.05921,0.23066,14.272,-1.6671,1.0737,89.71
0.84946,-0.47126,-0.060135,0.2296,14.268,-1.6812,1.0735,89.72
0.84904,-0.47248,-0.061014,0.22843,14.264,-1.6952,1.0732,89.73
0.84863,-0.47363,-0.06189,0.22731,14.26,-1.7092,1.073,89.74
0.84817,-0.47482,-0.062702,0.22634,14.255,-1.7232,1.0727,89.75
0.84816,-0.47485,-0.062457,0.22638,14.255,-1.7232,1.0727,89.75
0.84764,-0.47614,-0.063293,0.22536,14.251,-1.7371,1.0724,89.76
0.84722,-0.47731,-0.064062,0.22425,14.246,-1.751,1.0721,89.77
0.84675,-0.47853,-0.064906,0.22319,14.24,-1.7649,1.0718,89.78
0.84626,-0.47977,-0.065747,0.22214,14.235,-1.7787,1.0715,89.79
0.84581,-0.48098,-0.066544,0.22101,14.229,-1.7925,1.0712,89.8
0.84584,-0.48093,-0.066495,0.221,14.229,-1.7926,1.0712,89.8
0.84536,-0.48213,-0.067277,0.21997,14.223,-1.8064,1.0709,89.81
0.84493,-0.48329,-0.067973,0.21885,14.217,-1.8201,1.0705,89.82
0.84445,-0.48449,-0.068843,0.2178,14.211,-1.8338,1.0702,89.83
0.844,-0.48568,-0.069709,0.2166,14.204,-1.8474,1.0698,89.84
0.84354,-0.48685,-0.070444,0.21553,14.198,-1.861,1.0694,89.85
0.84345,-0.48697,-0.070533,0.2156,14.198,-1.8611,1.0694,89.85
0.84298,-0.48816,-0.071233,0.21448,14.191,-1.8747,1.069,89.86
0.84253,-0.48932,-0.07195,0.2134,14.184,-1.8882,1.0686,89.87
0.84208,-0.49045,-0.072723,0.21228,14.176,-1.9016,1.0682,89.88
0.8416,-0.49163,-0.073527,0.21121,14.169,-1.915,1.0678,89.89
0.84109,-0.49285,-0.074256,0.21013,14.161,-1.9284,1.0674,89.9
0.84099,-0.49296,-0.074556,0.21018,14.161,-1.9285,1.0674,89.9
0.84051,-0.49416,-0.075351,0.20899,14.153,-1.9418,1.067,89.91
0.83999,-0.49534,-0.076059,0.20803,14.145,-1.9551,1.0665,89.92
0.83948,-0.49653,-0.076877,0.20695,14.136,-1.9683,1.066,89.93
0.83896,-0.49772,-0.077648,0.20589,14.128,-1.9814,1.0656,89.94
0.8385,-0.49883,-0.07847,0.20477,14.119,-1.9945,1.0651,89.95
0.83845,-0.49891,-0.078578,0.20475,14.119,-1.9946,1.0651,89.95
0.83796,-0.50009,-0.079335,0.20359,14.11,-2.0077,1.0646,89.96
0.83747,-0.50119,-0.080084,0.20259,14.101,-2.0206,1.0641,89.97
0.83691,-0.50241,-0.080918,0.20153,14.092,-2.0335,1.0636,89.98
0.83637,-0.50361,-0.081801,0.20044,14.082,-2.0464,1.0631,89.99
0.83585,-0.50476,-0.082595,0.19939,14.072,-2.0591,1.0626,90
0.83584,-0.50482,-0.082591,0.19929,14.072,-2.0593,1.0626,90
